,Unnamed: 0,event_date,start_time,peak_time,end_time,goes_class,goes_location,noaa_active_region,x_hpc,y_hpc,ssw_flare_id,min_ssw_dist,ssw_x_hpc,ssw_y_hpc,ssw_ar,hinode_flare_id,min_hinode_dist,hinode_x_hpc,hinode_y_hpc,hinode_ar,ssw_hinode_dist,ssw_verified,hinode_verified,primary_verified,secondary_verified,fl_location,fl_lon,fl_lat,fl_loc_src,candidate_ars
0,0,2010-01-01,2010-01-01 12:02:00,2010-01-01 12:09:00,2010-01-01 12:18:00,B1.9,"(0, 0)",0,,,gev_20100101_1202,,441.0509171169084,-434.74158375950185,,,,,,,,False,False,False,False,"(31.000159684801417, -29.000484542985816)",31.000159684801417,-29.000484542985816,SSW,"[0.0, nan, nan]"
1,1,2010-01-01,2010-01-01 12:33:00,2010-01-01 12:43:00,2010-01-01 13:00:00,B2.3,"(0, 0)",0,,,gev_20100101_1233,,500.1831573902939,-357.98040505982215,,,,,,,,False,False,False,False,"(34.00019845133726, -24.000669749913694)",34.00019845133726,-24.000669749913694,SSW,"[0.0, nan, nan]"
2,2,2010-01-01,2010-01-01 23:29:00,2010-01-01 23:33:00,2010-01-01 23:42:00,B1.1,"(0, 0)",0,,,gev_20100101_2329,,558.31533604733,-375.5384702366913,,,,,,,,False,False,False,False,"(39.00009363316087, -25.000250320848117)",39.00009363316087,-25.000250320848117,SSW,"[0.0, nan, nan]"
3,3,2010-01-02,2010-01-02 03:10:00,2010-01-02 03:13:00,2010-01-02 03:19:00,B1.1,"(0, 0)",11039,,,,,,,,,,,,,,False,False,False,False,,,,NoLocation,"[11039.0, nan, nan]"
4,4,2010-01-02,2010-01-02 07:09:00,2010-01-02 07:24:00,2010-01-02 07:40:00,C1.0,"(37, -29)",11039,515.2415327049396,-436.1751361916003,,,,,,,,,,,,False,False,False,False,"(37, -29)",37.0,-29.0,GOES,"[11039.0, nan, nan]"
5,5,2010-01-02,2010-01-02 07:58:00,2010-01-02 08:05:00,2010-01-02 08:13:00,B6.4,"(37, -29)",11039,515.2416886864967,-436.1265060381766,gev_20100102_0758,68.96177183236846,546.224886453427,-374.5167062463015,,,,,,,,True,False,True,False,"(37, -29)",37.0,-29.0,GOES,"[11039.0, nan, nan]"
6,6,2010-01-02,2010-01-02 09:01:00,2010-01-02 09:10:00,2010-01-02 09:23:00,B4.5,"(39, -29)",11039,538.7424249063477,-437.04150857805246,,,,,,,,,,,,False,False,False,False,"(39, -29)",39.0,-29.0,GOES,"[11039.0, nan, nan]"
7,7,2010-01-02,2010-01-02 11:59:00,2010-01-02 12:09:00,2010-01-02 12:24:00,B4.8,"(0, 0)",0,,,,,,,,,,,,,,False,False,False,False,,,,NoLocation,"[0.0, nan, nan]"
8,8,2010-01-02,2010-01-02 14:08:00,2010-01-02 14:16:00,2010-01-02 14:24:00,C2.6,"(0, 0)",0,,,,,,,,,,,,,,False,False,False,False,,,,NoLocation,"[0.0, nan, nan]"
9,9,2010-01-02,2010-01-02 22:39:00,2010-01-02 22:46:00,2010-01-02 22:55:00,B4.3,"(44, -27)",11039,605.7037806270382,-408.1962847553074,,,,,,,,,,,,False,False,False,False,"(44, -27)",44.0,-27.0,GOES,"[11039.0, nan, nan]"
10,10,2010-01-02,2010-01-02 22:57:00,2010-01-02 23:19:00,2010-01-02 23:35:00,C3.1,"(48, -32)",11039,616.5378332658984,-486.2633196970433,,,,,,,,,,,,False,False,False,False,"(48, -32)",48.0,-32.0,GOES,"[11039.0, nan, nan]"
11,11,2010-01-03,2010-01-03 01:17:00,2010-01-03 01:22:00,2010-01-03 01:31:00,C2.0,"(52, -30)",11039,667.5050739611244,-458.74705835997,,,,,,,,,,,,False,False,False,False,"(52, -30)",52.0,-30.0,GOES,"[11039.0, nan, nan]"
12,12,2010-01-03,2010-01-03 03:53:00,2010-01-03 04:07:00,2010-01-03 04:21:00,B6.1,"(0, 0)",11039,,,,,,,,,,,,,,False,False,False,False,,,,NoLocation,"[11039.0, nan, nan]"
13,13,2010-01-03,2010-01-03 07:43:00,2010-01-03 07:46:00,2010-01-03 07:54:00,B1.5,"(0, 0)",11039,,,,,,,,,,,,,,False,False,False,False,,,,NoLocation,"[11039.0, nan, nan]"
14,14,2010-01-03,2010-01-03 10:50:00,2010-01-03 11:03:00,2010-01-03 11:09:00,B1.5,"(0, 0)",11039,,,,,,,,,,,,,,False,False,False,False,,,,NoLocation,"[11039.0, nan, nan]"
15,15,2010-01-03,2010-01-03 12:01:00,2010-01-03 12:12:00,2010-01-03 12:28:00,B7.1,"(0, 0)",11039,,,,,,,,,,,,,,False,False,False,False,,,,NoLocation,"[11039.0, nan, nan]"
16,16,2010-01-03,2010-01-03 14:43:00,2010-01-03 14:48:00,2010-01-03 14:51:00,B1.1,"(0, 0)",11039,,,,,,,,,,,,,,False,False,False,False,,,,NoLocation,"[11039.0, nan, nan]"
17,17,2010-01-03,2010-01-03 15:29:00,2010-01-03 15:35:00,2010-01-03 15:41:00,B1.3,"(0, 0)",11039,,,,,,,,,,,,,,False,False,False,False,,,,NoLocation,"[11039.0, nan, nan]"
18,18,2010-01-03,2010-01-03 15:52:00,2010-01-03 16:03:00,2010-01-03 16:13:00,B6.7,"(58, -27)",11039,738.8605486745449,-416.4780209940931,,,,,,,,,,,,False,False,False,False,"(58, -27)",58.0,-27.0,GOES,"[11039.0, nan, nan]"
19,19,2010-01-03,2010-01-03 18:59:00,2010-01-03 19:02:00,2010-01-03 19:04:00,B1.0,"(0, 0)",11039,,,,,,,,,,,,,,False,False,False,False,,,,NoLocation,"[11039.0, nan, nan]"
20,20,2010-01-03,2010-01-03 20:43:00,2010-01-03 20:49:00,2010-01-03 20:58:00,B3.3,"(61, -27)",11039,761.8657588774249,-418.49057762029565,,,,,,,,,,,,False,False,False,False,"(61, -27)",61.0,-27.0,GOES,"[11039.0, nan, nan]"
21,21,2010-01-04,2010-01-04 03:36:00,2010-01-04 03:40:00,2010-01-04 03:42:00,C1.3,"(65, -29)",11039,774.726769126508,-451.7665683592344,,,,,,,,,,,,False,False,False,False,"(65, -29)",65.0,-29.0,GOES,"[11039.0, nan, nan]"
22,22,2010-01-04,2010-01-04 10:00:00,2010-01-04 10:04:00,2010-01-04 10:08:00,B1.4,"(0, 0)",11039,,,,,,,,,,,,,,False,False,False,False,,,,NoLocation,"[11039.0, nan, nan]"
23,23,2010-01-04,2010-01-04 14:24:00,2010-01-04 14:28:00,2010-01-04 14:35:00,B1.4,"(0, 0)",11039,,,,,,,,,,,,,,False,False,False,False,,,,NoLocation,"[11039.0, nan, nan]"
24,24,2010-01-04,2010-01-04 19:51:00,2010-01-04 19:56:00,2010-01-04 20:02:00,B1.2,"(0, 0)",11039,,,,,,,,,,,,,,False,False,False,False,,,,NoLocation,"[11039.0, nan, nan]"
25,25,2010-01-04,2010-01-04 20:14:00,2010-01-04 20:22:00,2010-01-04 20:27:00,B1.3,"(0, 0)",11039,,,,,,,,,,,,,,False,False,False,False,,,,NoLocation,"[11039.0, nan, nan]"
26,26,2010-01-05,2010-01-05 08:46:00,2010-01-05 08:52:00,2010-01-05 08:57:00,B1.2,"(0, 0)",11039,,,,,,,,,,,,,,False,False,False,False,,,,NoLocation,"[11039.0, nan, nan]"
27,27,2010-01-05,2010-01-05 09:53:00,2010-01-05 09:57:00,2010-01-05 10:02:00,B1.2,"(0, 0)",11039,,,,,,,,,,,,,,False,False,False,False,,,,NoLocation,"[11039.0, nan, nan]"
28,28,2010-01-06,2010-01-06 02:57:00,2010-01-06 03:00:00,2010-01-06 03:07:00,B1.0,"(0, 0)",11039,,,,,,,,,,,,,,False,False,False,False,,,,NoLocation,"[11039.0, nan, nan]"
29,29,2010-01-06,2010-01-06 16:28:00,2010-01-06 16:33:00,2010-01-06 16:38:00,B1.3,"(0, 0)",11040,,,,,,,,,,,,,,False,False,False,False,,,,NoLocation,"[11040.0, nan, nan]"
30,30,2010-01-06,2010-01-06 16:40:00,2010-01-06 16:45:00,2010-01-06 16:47:00,B1.7,"(0, 0)",11040,,,,,,,,,,,,,,False,False,False,False,,,,NoLocation,"[11040.0, nan, nan]"
31,31,2010-01-06,2010-01-06 19:44:00,2010-01-06 19:53:00,2010-01-06 19:57:00,B5.5,"(0, 0)",11040,,,,,,,,,,,,,,False,False,False,False,,,,NoLocation,"[11040.0, nan, nan]"
32,32,2010-01-07,2010-01-07 21:23:00,2010-01-07 21:28:00,2010-01-07 21:35:00,B1.3,"(0, 0)",11040,,,,,,,,,,,,,,False,False,False,False,,,,NoLocation,"[11040.0, nan, nan]"
33,33,2010-01-08,2010-01-08 17:42:00,2010-01-08 17:46:00,2010-01-08 17:49:00,B1.4,"(0, 0)",11040,,,,,,,,,,,,,,False,False,False,False,,,,NoLocation,"[11040.0, nan, nan]"
34,34,2010-01-09,2010-01-09 06:06:00,2010-01-09 06:10:00,2010-01-09 06:13:00,B1.1,"(0, 0)",11040,,,,,,,,,,,,,,False,False,False,False,,,,NoLocation,"[11040.0, nan, nan]"
35,35,2010-01-09,2010-01-09 07:46:00,2010-01-09 07:52:00,2010-01-09 08:00:00,B2.1,"(0, 0)",11040,,,,,,,,,,,,,,False,False,False,False,,,,NoLocation,"[11040.0, nan, nan]"
36,36,2010-01-09,2010-01-09 08:40:00,2010-01-09 08:48:00,2010-01-09 08:56:00,B1.5,"(0, 0)",11040,,,,,,,,,,,,,,False,False,False,False,,,,NoLocation,"[11040.0, nan, nan]"
37,37,2010-01-09,2010-01-09 11:07:00,2010-01-09 11:14:00,2010-01-09 11:24:00,B3.6,"(0, 0)",11040,,,,,,,,,,,,,,False,False,False,False,,,,NoLocation,"[11040.0, nan, nan]"
38,38,2010-01-09,2010-01-09 12:41:00,2010-01-09 12:45:00,2010-01-09 12:57:00,B1.2,"(0, 0)",0,,,,,,,,,,,,,,False,False,False,False,,,,NoLocation,"[0.0, nan, nan]"
39,39,2010-01-09,2010-01-09 14:50:00,2010-01-09 15:03:00,2010-01-09 15:19:00,C1.0,"(0, 0)",11040,,,,,,,,,,,,,,False,False,False,False,,,,NoLocation,"[11040.0, nan, nan]"
40,40,2010-01-09,2010-01-09 22:24:00,2010-01-09 22:58:00,2010-01-09 23:23:00,B6.1,"(0, 0)",11040,,,,,,,,,,,,,,False,False,False,False,,,,NoLocation,"[11040.0, nan, nan]"
41,41,2010-01-10,2010-01-10 00:27:00,2010-01-10 00:35:00,2010-01-10 00:45:00,B2.5,"(0, 0)",11040,,,,,,,,,,,,,,False,False,False,False,,,,NoLocation,"[11040.0, nan, nan]"
42,42,2010-01-10,2010-01-10 01:40:00,2010-01-10 02:50:00,2010-01-10 03:08:00,B4.4,"(-34, 30)",11040,-473.8809148813598,537.3903783192341,,,,,,,,,,,,False,False,False,False,"(-34, 30)",-34.0,30.0,GOES,"[11040.0, nan, nan]"
43,43,2010-01-10,2010-01-10 11:52:00,2010-01-10 11:57:00,2010-01-10 12:01:00,B3.7,"(0, 0)",11040,,,,,,,,,,,,,,False,False,False,False,,,,NoLocation,"[11040.0, nan, nan]"
44,44,2010-01-10,2010-01-10 15:39:00,2010-01-10 15:42:00,2010-01-10 15:45:00,B1.1,"(0, 0)",0,,,,,,,,,,,,,,False,False,False,False,,,,NoLocation,"[0.0, nan, nan]"
45,45,2010-01-10,2010-01-10 17:56:00,2010-01-10 18:00:00,2010-01-10 18:07:00,B1.9,"(0, 0)",0,,,,,,,,,,,,,,False,False,False,False,,,,NoLocation,"[0.0, nan, nan]"
46,46,2010-01-10,2010-01-10 22:52:00,2010-01-10 22:57:00,2010-01-10 23:04:00,B2.3,"(0, 0)",0,,,,,,,,,,,,,,False,False,False,False,,,,NoLocation,"[0.0, nan, nan]"
47,47,2010-01-11,2010-01-11 01:41:00,2010-01-11 01:50:00,2010-01-11 01:53:00,B2.7,"(0, 0)",0,,,,,,,,,,,,,,False,False,False,False,,,,NoLocation,"[0.0, nan, nan]"
48,48,2010-01-11,2010-01-11 01:55:00,2010-01-11 01:58:00,2010-01-11 02:02:00,B3.9,"(0, 0)",0,,,,,,,,,,,,,,False,False,False,False,,,,NoLocation,"[0.0, nan, nan]"
49,49,2010-01-11,2010-01-11 04:48:00,2010-01-11 04:54:00,2010-01-11 05:05:00,B2.7,"(0, 0)",0,,,,,,,,,,,,,,False,False,False,False,,,,NoLocation,"[0.0, nan, nan]"
50,50,2010-01-11,2010-01-11 06:05:00,2010-01-11 06:19:00,2010-01-11 06:34:00,B6.8,"(0, 0)",0,,,,,,,,,,,,,,False,False,False,False,,,,NoLocation,"[0.0, nan, nan]"
51,51,2010-01-11,2010-01-11 08:00:00,2010-01-11 08:05:00,2010-01-11 08:11:00,B1.9,"(0, 0)",0,,,,,,,,,,,,,,False,False,False,False,,,,NoLocation,"[0.0, nan, nan]"
52,52,2010-01-11,2010-01-11 09:08:00,2010-01-11 09:11:00,2010-01-11 09:13:00,B1.3,"(0, 0)",0,,,,,,,,,,,,,,False,False,False,False,,,,NoLocation,"[0.0, nan, nan]"
53,53,2010-01-11,2010-01-11 11:16:00,2010-01-11 12:01:00,2010-01-11 12:16:00,B6.1,"(0, 0)",11040,,,,,,,,,,,,,,False,False,False,False,,,,NoLocation,"[11040.0, nan, nan]"
54,54,2010-01-11,2010-01-11 13:50:00,2010-01-11 13:56:00,2010-01-11 14:01:00,B9.1,"(0, 0)",0,,,,,,,,,,,,,,False,False,False,False,,,,NoLocation,"[0.0, nan, nan]"
55,55,2010-01-11,2010-01-11 14:27:00,2010-01-11 14:36:00,2010-01-11 14:48:00,B5.4,"(0, 0)",0,,,,,,,,,,,,,,False,False,False,False,,,,NoLocation,"[0.0, nan, nan]"
56,56,2010-01-11,2010-01-11 16:21:00,2010-01-11 16:27:00,2010-01-11 16:45:00,B3.9,"(0, 0)",0,,,,,,,,,,,,,,False,False,False,False,,,,NoLocation,"[0.0, nan, nan]"
57,57,2010-01-12,2010-01-12 12:33:00,2010-01-12 13:20:00,2010-01-12 13:34:00,C1.1,"(0, 0)",11040,,,,,,,,,,,,,,False,False,False,False,,,,NoLocation,"[11040.0, nan, nan]"
58,58,2010-01-12,2010-01-12 17:33:00,2010-01-12 17:36:00,2010-01-12 17:39:00,B2.7,"(0, 0)",0,,,,,,,,,,,,,,False,False,False,False,,,,NoLocation,"[0.0, nan, nan]"
59,59,2010-01-12,2010-01-12 19:07:00,2010-01-13 00:46:00,2010-01-13 02:14:00,B1.7,"(0, 0)",0,,,,,,,,,,,,,,False,False,False,False,,,,NoLocation,"[0.0, nan, nan]"
60,60,2010-01-13,2010-01-13 14:59:00,2010-01-13 15:04:00,2010-01-13 15:09:00,B2.5,"(0, 0)",0,,,,,,,,,,,,,,False,False,False,False,,,,NoLocation,"[0.0, nan, nan]"
61,61,2010-01-13,2010-01-13 19:34:00,2010-01-13 19:38:00,2010-01-13 19:40:00,B2.1,"(0, 0)",0,,,,,,,,,,,,,,False,False,False,False,,,,NoLocation,"[0.0, nan, nan]"
62,62,2010-01-14,2010-01-14 01:15:00,2010-01-14 01:21:00,2010-01-14 01:26:00,B3.0,"(18, 26)",11040,271.9073483305091,492.6986767189664,,,,,,,,,,,,False,False,False,False,"(18, 26)",18.0,26.0,GOES,"[11040.0, nan, nan]"
63,63,2010-01-14,2010-01-14 03:34:00,2010-01-14 03:39:00,2010-01-14 03:48:00,B1.8,"(0, 0)",11040,,,,,,,,,,,,,,False,False,False,False,,,,NoLocation,"[11040.0, nan, nan]"
64,64,2010-01-14,2010-01-14 04:28:00,2010-01-14 04:36:00,2010-01-14 04:47:00,B2.2,"(0, 0)",11040,,,,,,,,,,,,,,False,False,False,False,,,,NoLocation,"[11040.0, nan, nan]"
65,65,2010-01-14,2010-01-14 18:57:00,2010-01-14 21:39:00,2010-01-14 22:23:00,B8.1,"(0, 0)",11040,,,,,,,,,,,,,,False,False,False,False,,,,NoLocation,"[11040.0, nan, nan]"
66,66,2010-01-15,2010-01-15 07:22:00,2010-01-15 08:41:00,2010-01-15 10:22:00,C1.3,"(0, 0)",11040,,,,,,,,,,,,,,False,False,False,False,,,,NoLocation,"[11040.0, nan, nan]"
67,67,2010-01-16,2010-01-16 12:28:00,2010-01-16 12:40:00,2010-01-16 13:00:00,B3.9,"(0, 0)",11040,,,,,,,,,,,,,,False,False,False,False,,,,NoLocation,"[11040.0, nan, nan]"
68,68,2010-01-16,2010-01-16 17:16:00,2010-01-16 17:23:00,2010-01-16 17:26:00,B1.9,"(0, 0)",11040,,,,,,,,,,,,,,False,False,False,False,,,,NoLocation,"[11040.0, nan, nan]"
69,69,2010-01-16,2010-01-16 18:27:00,2010-01-16 18:30:00,2010-01-16 18:32:00,B3.5,"(0, 0)",11040,,,,,,,,,,,,,,False,False,False,False,,,,NoLocation,"[11040.0, nan, nan]"
70,70,2010-01-16,2010-01-16 20:52:00,2010-01-16 20:57:00,2010-01-16 21:00:00,B1.5,"(0, 0)",11040,,,,,,,,,,,,,,False,False,False,False,,,,NoLocation,"[11040.0, nan, nan]"
71,71,2010-01-17,2010-01-17 19:38:00,2010-01-17 19:43:00,2010-01-17 19:50:00,B4.2,"(0, 0)",11040,,,,,,,,,,,,,,False,False,False,False,,,,NoLocation,"[11040.0, nan, nan]"
72,72,2010-01-17,2010-01-17 20:20:00,2010-01-17 20:25:00,2010-01-17 20:30:00,B6.1,"(0, 0)",0,,,,,,,,,,,,,,False,False,False,False,,,,NoLocation,"[0.0, nan, nan]"
73,73,2010-01-17,2010-01-17 22:12:00,2010-01-17 22:33:00,2010-01-17 22:41:00,C2.1,"(0, 0)",11040,,,,,,,,,,,,,,False,False,False,False,,,,NoLocation,"[11040.0, nan, nan]"
74,74,2010-01-18,2010-01-18 03:01:00,2010-01-18 03:30:00,2010-01-18 04:05:00,B7.5,"(0, 0)",11040,,,,,,,,,,,,,,False,False,False,False,,,,NoLocation,"[11040.0, nan, nan]"
75,75,2010-01-18,2010-01-18 05:32:00,2010-01-18 05:54:00,2010-01-18 06:07:00,B8.4,"(0, 0)",11040,,,,,,,,,,,,,,False,False,False,False,,,,NoLocation,"[11040.0, nan, nan]"
76,76,2010-01-18,2010-01-18 19:54:00,2010-01-18 20:39:00,2010-01-18 21:06:00,C4.9,"(0, 0)",11041,,,,,,,,,,,,,,False,False,False,False,,,,NoLocation,"[11041.0, nan, nan]"
77,77,2010-01-18,2010-01-18 22:22:00,2010-01-18 22:25:00,2010-01-18 22:28:00,B6.8,"(0, 0)",11041,,,,,,,,,,,,,,False,False,False,False,,,,NoLocation,"[11041.0, nan, nan]"
78,78,2010-01-19,2010-01-19 06:14:00,2010-01-19 06:18:00,2010-01-19 06:36:00,B5.8,"(0, 0)",11041,,,,,,,,,,,,,,False,False,False,False,,,,NoLocation,"[11041.0, nan, nan]"
79,79,2010-01-19,2010-01-19 07:03:00,2010-01-19 07:11:00,2010-01-19 07:17:00,B8.3,"(0, 0)",11040,,,,,,,,,,,,,,False,False,False,False,,,,NoLocation,"[11040.0, nan, nan]"
80,80,2010-01-19,2010-01-19 08:34:00,2010-01-19 08:45:00,2010-01-19 09:14:00,C5.2,"(0, 0)",11040,,,,,,,,,,,,,,False,False,False,False,,,,NoLocation,"[11040.0, nan, nan]"
81,81,2010-01-19,2010-01-19 10:25:00,2010-01-19 10:29:00,2010-01-19 10:36:00,C1.1,"(0, 0)",11041,,,,,,,,,,,,,,False,False,False,False,,,,NoLocation,"[11041.0, nan, nan]"
82,82,2010-01-19,2010-01-19 13:03:00,2010-01-19 13:41:00,2010-01-19 13:50:00,M2.3,"(0, 0)",11041,,,,,,,,,,,,,,False,False,False,False,,,,NoLocation,"[11041.0, nan, nan]"
83,83,2010-01-19,2010-01-19 15:32:00,2010-01-19 15:36:00,2010-01-19 15:43:00,C2.3,"(0, 0)",11041,,,,,,,,,,,,,,False,False,False,False,,,,NoLocation,"[11041.0, nan, nan]"
84,84,2010-01-19,2010-01-19 17:44:00,2010-01-19 17:55:00,2010-01-19 18:21:00,C5.1,"(0, 0)",11041,,,,,,,,,,,,,,False,False,False,False,,,,NoLocation,"[11041.0, nan, nan]"
85,85,2010-01-19,2010-01-19 20:23:00,2010-01-19 20:35:00,2010-01-19 20:46:00,M1.7,"(0, 0)",11041,,,,,,,,,,,,,,False,False,False,False,,,,NoLocation,"[11041.0, nan, nan]"
86,86,2010-01-19,2010-01-19 22:23:00,2010-01-19 22:33:00,2010-01-19 22:40:00,C4.5,"(0, 0)",11041,,,,,,,,,,,,,,False,False,False,False,,,,NoLocation,"[11041.0, nan, nan]"
87,87,2010-01-19,2010-01-19 23:17:00,2010-01-19 23:26:00,2010-01-19 23:38:00,C2.2,"(-92, -25)",11041,-882.96605185722,-413.1007441533067,,,,,,,,,,,,False,False,False,False,"(-92, -25)",-92.0,-25.0,GOES,"[11041.0, nan, nan]"
88,88,2010-01-20,2010-01-20 00:10:00,2010-01-20 00:22:00,2010-01-20 00:30:00,C4.0,"(0, 0)",11041,,,,,,,,,,,,,,False,False,False,False,,,,NoLocation,"[11041.0, nan, nan]"
89,89,2010-01-20,2010-01-20 02:47:00,2010-01-20 02:53:00,2010-01-20 03:02:00,C1.7,"(0, 0)",11041,,,,,,,,,,,,,,False,False,False,False,,,,NoLocation,"[11041.0, nan, nan]"
90,90,2010-01-20,2010-01-20 04:48:00,2010-01-20 04:57:00,2010-01-20 05:03:00,C5.0,"(0, 0)",11041,,,,,,,,,,,,,,False,False,False,False,,,,NoLocation,"[11041.0, nan, nan]"
91,91,2010-01-20,2010-01-20 06:10:00,2010-01-20 06:18:00,2010-01-20 06:28:00,C3.9,"(0, 0)",11041,,,,,,,,,,,,,,False,False,False,False,,,,NoLocation,"[11041.0, nan, nan]"
92,92,2010-01-20,2010-01-20 06:45:00,2010-01-20 07:27:00,2010-01-20 07:34:00,M1.0,"(-87, -24)",11041,-889.6451856559142,-390.9949030287084,,,,,,,,,,,,False,False,False,False,"(-87, -24)",-87.0,-24.0,GOES,"[11041.0, nan, nan]"
93,93,2010-01-20,2010-01-20 07:42:00,2010-01-20 07:49:00,2010-01-20 07:53:00,M1.6,"(-88, -24)",11041,-890.2539069561753,-392.3271728108438,,,,,,,,,,,,False,False,False,False,"(-88, -24)",-88.0,-24.0,GOES,"[11041.0, nan, nan]"
94,94,2010-01-20,2010-01-20 09:13:00,2010-01-20 09:29:00,2010-01-20 09:41:00,C3.7,"(-88, -24)",11041,-890.2495902345981,-392.3185542477776,,,,,,,,,,,,False,False,False,False,"(-88, -24)",-88.0,-24.0,GOES,"[11041.0, nan, nan]"
95,95,2010-01-20,2010-01-20 10:46:00,2010-01-20 10:59:00,2010-01-20 11:10:00,M1.8,"(0, 0)",11041,,,,,,,,,,,,,,False,False,False,False,,,,NoLocation,"[11041.0, nan, nan]"
96,96,2010-01-20,2010-01-20 12:28:00,2010-01-20 12:32:00,2010-01-20 12:36:00,C3.9,"(0, 0)",11041,,,,,,,,,,,,,,False,False,False,False,,,,NoLocation,"[11041.0, nan, nan]"
97,97,2010-01-20,2010-01-20 13:19:00,2010-01-20 13:25:00,2010-01-20 13:44:00,C1.3,"(0, 0)",11041,,,,,,,,,,,,,,False,False,False,False,,,,NoLocation,"[11041.0, nan, nan]"
98,98,2010-01-20,2010-01-20 14:29:00,2010-01-20 14:41:00,2010-01-20 14:46:00,B9.2,"(0, 0)",11041,,,,,,,,,,,,,,False,False,False,False,,,,NoLocation,"[11041.0, nan, nan]"
99,99,2010-01-20,2010-01-20 15:10:00,2010-01-20 15:20:00,2010-01-20 15:28:00,C2.2,"(0, 0)",11041,,,,,,,,,,,,,,False,False,False,False,,,,NoLocation,"[11041.0, nan, nan]"
100,100,2010-01-20,2010-01-20 15:43:00,2010-01-20 15:46:00,2010-01-20 15:48:00,B9.4,"(0, 0)",11041,,,,,,,,,,,,,,False,False,False,False,,,,NoLocation,"[11041.0, nan, nan]"
101,101,2010-01-20,2010-01-20 17:10:00,2010-01-20 17:13:00,2010-01-20 17:18:00,B6.9,"(0, 0)",11041,,,,,,,,,,,,,,False,False,False,False,,,,NoLocation,"[11041.0, nan, nan]"
102,102,2010-01-20,2010-01-20 17:28:00,2010-01-20 17:33:00,2010-01-20 17:35:00,C1.0,"(-83, -26)",11041,-870.1823745830916,-416.43550178476704,,,,,,,,,,,,False,False,False,False,"(-83, -26)",-83.0,-26.0,GOES,"[11041.0, nan, nan]"
103,103,2010-01-20,2010-01-20 17:50:00,2010-01-20 17:55:00,2010-01-20 18:00:00,M3.4,"(-81, -26)",11041,-866.0491975469049,-413.80262203036415,,,,,,,,,,,,False,False,False,False,"(-81, -26)",-81.0,-26.0,GOES,"[11041.0, nan, nan]"
104,104,2010-01-20,2010-01-20 20:47:00,2010-01-20 20:51:00,2010-01-20 20:55:00,B6.0,"(0, 0)",0,,,,,,,,,,,,,,False,False,False,False,,,,NoLocation,"[0.0, nan, nan]"
105,105,2010-01-20,2010-01-20 21:57:00,2010-01-20 22:13:00,2010-01-20 22:53:00,B6.7,"(0, 0)",0,,,,,,,,,,,,,,False,False,False,False,,,,NoLocation,"[0.0, nan, nan]"
106,106,2010-01-21,2010-01-21 00:21:00,2010-01-21 00:26:00,2010-01-21 00:29:00,B7.9,"(0, 0)",0,,,,,,,,,,,,,,False,False,False,False,,,,NoLocation,"[0.0, nan, nan]"
107,107,2010-01-21,2010-01-21 01:16:00,2010-01-21 01:20:00,2010-01-21 01:24:00,C4.9,"(-79, -24)",11041,-874.9670283130836,-380.0886298920172,,,,,,,,,,,,False,False,False,False,"(-79, -24)",-79.0,-24.0,GOES,"[11041.0, nan, nan]"
108,108,2010-01-21,2010-01-21 03:49:00,2010-01-21 03:54:00,2010-01-21 03:58:00,C2.3,"(0, 0)",11041,,,,,,,,,,,,,,False,False,False,False,,,,NoLocation,"[11041.0, nan, nan]"
109,109,2010-01-21,2010-01-21 10:42:00,2010-01-21 10:49:00,2010-01-21 10:53:00,C1.2,"(0, 0)",11041,,,,,,,,,,,,,,False,False,False,False,,,,NoLocation,"[11041.0, nan, nan]"
110,110,2010-01-21,2010-01-21 16:53:00,2010-01-21 17:33:00,2010-01-21 18:31:00,B4.6,"(0, 0)",11041,,,,,,,,,,,,,,False,False,False,False,,,,NoLocation,"[11041.0, nan, nan]"
111,111,2010-01-22,2010-01-22 02:57:00,2010-01-22 03:01:00,2010-01-22 03:09:00,B1.7,"(0, 0)",11041,,,,,,,,,,,,,,False,False,False,False,,,,NoLocation,"[11041.0, nan, nan]"
112,112,2010-01-22,2010-01-22 10:48:00,2010-01-22 10:53:00,2010-01-22 10:55:00,B5.6,"(0, 0)",0,,,,,,,,,,,,,,False,False,False,False,,,,NoLocation,"[0.0, nan, nan]"
113,113,2010-01-22,2010-01-22 11:05:00,2010-01-22 11:09:00,2010-01-22 11:18:00,B3.0,"(0, 0)",0,,,,,,,,,,,,,,False,False,False,False,,,,NoLocation,"[0.0, nan, nan]"
114,114,2010-01-22,2010-01-22 15:48:00,2010-01-22 15:55:00,2010-01-22 16:02:00,B3.0,"(0, 0)",0,,,,,,,,,,,,,,False,False,False,False,,,,NoLocation,"[0.0, nan, nan]"
115,115,2010-01-22,2010-01-22 16:37:00,2010-01-22 16:40:00,2010-01-22 16:44:00,B2.1,"(0, 0)",0,,,,,,,,,,,,,,False,False,False,False,,,,NoLocation,"[0.0, nan, nan]"
116,116,2010-01-22,2010-01-22 17:07:00,2010-01-22 17:11:00,2010-01-22 17:14:00,B9.6,"(0, 0)",11041,,,,,,,,,,,,,,False,False,False,False,,,,NoLocation,"[11041.0, nan, nan]"
117,117,2010-01-22,2010-01-22 20:18:00,2010-01-22 20:22:00,2010-01-22 20:25:00,B1.3,"(0, 0)",0,,,,,,,,,,,,,,False,False,False,False,,,,NoLocation,"[0.0, nan, nan]"
118,118,2010-01-22,2010-01-22 21:24:00,2010-01-22 21:33:00,2010-01-22 21:36:00,B2.8,"(0, 0)",0,,,,,,,,,,,,,,False,False,False,False,,,,NoLocation,"[0.0, nan, nan]"
119,119,2010-01-22,2010-01-22 22:42:00,2010-01-22 22:46:00,2010-01-22 22:51:00,B1.7,"(0, 0)",0,,,,,,,,,,,,,,False,False,False,False,,,,NoLocation,"[0.0, nan, nan]"
120,120,2010-01-23,2010-01-23 00:11:00,2010-01-23 00:21:00,2010-01-23 00:28:00,B2.3,"(0, 0)",0,,,,,,,,,,,,,,False,False,False,False,,,,NoLocation,"[0.0, nan, nan]"
121,121,2010-01-23,2010-01-23 01:14:00,2010-01-23 01:19:00,2010-01-23 01:24:00,B2.8,"(0, 0)",0,,,,,,,,,,,,,,False,False,False,False,,,,NoLocation,"[0.0, nan, nan]"
122,122,2010-01-23,2010-01-23 05:38:00,2010-01-23 05:44:00,2010-01-23 05:49:00,B2.4,"(0, 0)",0,,,,,,,,,,,,,,False,False,False,False,,,,NoLocation,"[0.0, nan, nan]"
123,123,2010-01-23,2010-01-23 06:32:00,2010-01-23 06:36:00,2010-01-23 06:44:00,B1.9,"(0, 0)",0,,,,,,,,,,,,,,False,False,False,False,,,,NoLocation,"[0.0, nan, nan]"
124,124,2010-01-23,2010-01-23 07:42:00,2010-01-23 07:48:00,2010-01-23 07:54:00,B4.4,"(0, 0)",0,,,,,,,,,,,,,,False,False,False,False,,,,NoLocation,"[0.0, nan, nan]"
125,125,2010-01-23,2010-01-23 13:22:00,2010-01-23 13:31:00,2010-01-23 13:38:00,B2.2,"(0, 0)",0,,,,,,,,,,,,,,False,False,False,False,,,,NoLocation,"[0.0, nan, nan]"
126,126,2010-01-23,2010-01-23 16:08:00,2010-01-23 16:12:00,2010-01-23 16:17:00,B3.8,"(0, 0)",0,,,,,,,,,,,,,,False,False,False,False,,,,NoLocation,"[0.0, nan, nan]"
127,127,2010-01-23,2010-01-23 16:51:00,2010-01-23 16:56:00,2010-01-23 16:59:00,B2.5,"(0, 0)",0,,,,,,,,,,,,,,False,False,False,False,,,,NoLocation,"[0.0, nan, nan]"
128,128,2010-01-23,2010-01-23 21:01:00,2010-01-23 21:06:00,2010-01-23 21:11:00,B2.5,"(0, 0)",11042,,,,,,,,,,,,,,False,False,False,False,,,,NoLocation,"[11042.0, nan, nan]"
129,129,2010-01-23,2010-01-23 21:47:00,2010-01-23 21:52:00,2010-01-23 21:58:00,B2.5,"(0, 0)",11042,,,,,,,,,,,,,,False,False,False,False,,,,NoLocation,"[11042.0, nan, nan]"
130,130,2010-01-24,2010-01-24 00:52:00,2010-01-24 01:04:00,2010-01-24 01:10:00,B2.1,"(0, 0)",11042,,,,,,,,,,,,,,False,False,False,False,,,,NoLocation,"[11042.0, nan, nan]"
131,131,2010-01-24,2010-01-24 12:31:00,2010-01-24 12:45:00,2010-01-24 12:58:00,B3.1,"(0, 0)",0,,,,,,,,,,,,,,False,False,False,False,,,,NoLocation,"[0.0, nan, nan]"
132,132,2010-01-24,2010-01-24 20:37:00,2010-01-24 20:51:00,2010-01-24 21:05:00,B2.0,"(0, 0)",11042,,,,,,,,,,,,,,False,False,False,False,,,,NoLocation,"[11042.0, nan, nan]"
133,133,2010-01-26,2010-01-26 00:48:00,2010-01-26 00:54:00,2010-01-26 01:05:00,B2.9,"(0, 0)",11042,,,,,,,,,,,,,,False,False,False,False,,,,NoLocation,"[11042.0, nan, nan]"
134,134,2010-01-26,2010-01-26 02:45:00,2010-01-26 02:52:00,2010-01-26 03:00:00,B1.5,"(0, 0)",0,,,,,,,,,,,,,,False,False,False,False,,,,NoLocation,"[0.0, nan, nan]"
135,135,2010-01-26,2010-01-26 03:03:00,2010-01-26 03:06:00,2010-01-26 03:09:00,B1.4,"(0, 0)",0,,,,,,,,,,,,,,False,False,False,False,,,,NoLocation,"[0.0, nan, nan]"
136,136,2010-01-26,2010-01-26 17:01:00,2010-01-26 17:05:00,2010-01-26 17:08:00,B3.2,"(0, 0)",11042,,,,,,,,,,,,,,False,False,False,False,,,,NoLocation,"[11042.0, nan, nan]"
137,137,2010-01-26,2010-01-26 17:40:00,2010-01-26 17:51:00,2010-01-26 17:58:00,B6.7,"(0, 0)",11042,,,,,,,,,,,,,,False,False,False,False,,,,NoLocation,"[11042.0, nan, nan]"
138,138,2010-01-26,2010-01-26 20:50:00,2010-01-26 20:56:00,2010-01-26 21:07:00,B4.6,"(0, 0)",11042,,,,,,,,,,,,,,False,False,False,False,,,,NoLocation,"[11042.0, nan, nan]"
139,139,2010-01-26,2010-01-26 21:18:00,2010-01-26 21:31:00,2010-01-26 21:36:00,B4.8,"(0, 0)",11042,,,,,,,,,,,,,,False,False,False,False,,,,NoLocation,"[11042.0, nan, nan]"
140,140,2010-01-26,2010-01-26 21:46:00,2010-01-26 21:51:00,2010-01-26 21:56:00,B6.3,"(0, 0)",11042,,,,,,,,,,,,,,False,False,False,False,,,,NoLocation,"[11042.0, nan, nan]"
141,141,2010-01-26,2010-01-26 22:52:00,2010-01-26 22:59:00,2010-01-26 23:09:00,B2.1,"(0, 0)",11042,,,,,,,,,,,,,,False,False,False,False,,,,NoLocation,"[11042.0, nan, nan]"
142,142,2010-01-27,2010-01-27 00:12:00,2010-01-27 00:19:00,2010-01-27 00:26:00,B6.2,"(0, 0)",11042,,,,,,,,,,,,,,False,False,False,False,,,,NoLocation,"[11042.0, nan, nan]"
143,143,2010-01-27,2010-01-27 02:45:00,2010-01-27 02:50:00,2010-01-27 02:53:00,B2.4,"(0, 0)",11041,,,,,,,,,,,,,,False,False,False,False,,,,NoLocation,"[11041.0, nan, nan]"
144,144,2010-01-27,2010-01-27 19:07:00,2010-01-27 19:12:00,2010-01-27 19:30:00,B1.6,"(0, 0)",11041,,,,,,,,,,,,,,False,False,False,False,,,,NoLocation,"[11041.0, nan, nan]"
145,145,2010-01-27,2010-01-27 22:16:00,2010-01-27 22:20:00,2010-01-27 22:27:00,B1.5,"(0, 0)",11041,,,,,,,,,,,,,,False,False,False,False,,,,NoLocation,"[11041.0, nan, nan]"
146,146,2010-01-28,2010-01-28 06:42:00,2010-01-28 06:49:00,2010-01-28 06:51:00,B4.0,"(0, 0)",11041,,,,,,,,,,,,,,False,False,False,False,,,,NoLocation,"[11041.0, nan, nan]"
147,147,2010-01-30,2010-01-30 17:17:00,2010-01-30 17:22:00,2010-01-30 17:27:00,B1.1,"(0, 0)",0,,,,,,,,,,,,,,False,False,False,False,,,,NoLocation,"[0.0, nan, nan]"
148,148,2010-01-31,2010-01-31 01:46:00,2010-01-31 01:50:00,2010-01-31 01:54:00,B1.5,"(-35, 25)",11043,-507.81747568561696,485.77117568549176,,,,,,,,,,,,False,False,False,False,"(-35, 25)",-35.0,25.0,GOES,"[11043.0, nan, nan]"
149,149,2010-01-31,2010-01-31 04:10:00,2010-01-31 04:21:00,2010-01-31 04:30:00,B1.5,"(0, 0)",0,,,,,,,,,,,,,,False,False,False,False,,,,NoLocation,"[0.0, nan, nan]"
150,150,2010-01-31,2010-01-31 04:54:00,2010-01-31 05:03:00,2010-01-31 05:09:00,B4.8,"(-33, 25)",11043,-482.22904029651545,487.7099142521662,,,,,,,,,,,,False,False,False,False,"(-33, 25)",-33.0,25.0,GOES,"[11043.0, nan, nan]"
151,151,2010-02-01,2010-02-01 05:35:00,2010-02-01 05:53:00,2010-02-01 06:01:00,B3.4,"(0, 0)",11043,,,,,,,,,,,,,,False,False,False,False,,,,NoLocation,"[11043.0, nan, nan]"
152,152,2010-02-03,2010-02-03 04:18:00,2010-02-03 05:21:00,2010-02-03 06:21:00,B1.5,"(0, 0)",0,,,,,,,,,,,,,,False,False,False,False,,,,NoLocation,"[0.0, nan, nan]"
153,153,2010-02-05,2010-02-05 13:28:00,2010-02-05 13:38:00,2010-02-05 13:52:00,B2.5,"(0, 0)",0,,,,,,,,,,,,,,False,False,False,False,,,,NoLocation,"[0.0, nan, nan]"
154,154,2010-02-05,2010-02-05 18:55:00,2010-02-05 19:03:00,2010-02-05 19:10:00,B3.6,"(0, 0)",11044,,,,,,,,,,,,,,False,False,False,False,,,,NoLocation,"[11044.0, nan, nan]"
155,155,2010-02-05,2010-02-05 22:35:00,2010-02-05 22:41:00,2010-02-05 22:53:00,B1.3,"(0, 0)",0,,,,,,,,,,,,,,False,False,False,False,,,,NoLocation,"[0.0, nan, nan]"
156,156,2010-02-05,2010-02-05 23:08:00,2010-02-05 23:17:00,2010-02-05 23:26:00,B2.8,"(0, 0)",0,,,,,,,,,,,,,,False,False,False,False,,,,NoLocation,"[0.0, nan, nan]"
157,157,2010-02-05,2010-02-05 23:36:00,2010-02-05 23:39:00,2010-02-05 23:41:00,B1.5,"(0, 0)",0,,,,,,,,,,,,,,False,False,False,False,,,,NoLocation,"[0.0, nan, nan]"
158,158,2010-02-06,2010-02-06 01:25:00,2010-02-06 01:29:00,2010-02-06 01:35:00,B1.1,"(0, 0)",0,,,,,,,,,,,,,,False,False,False,False,,,,NoLocation,"[0.0, nan, nan]"
159,159,2010-02-06,2010-02-06 06:59:00,2010-02-06 07:04:00,2010-02-06 07:09:00,C4.0,"(0, 0)",0,,,,,,,,,,,,,,False,False,False,False,,,,NoLocation,"[0.0, nan, nan]"
160,160,2010-02-06,2010-02-06 08:22:00,2010-02-06 08:29:00,2010-02-06 08:32:00,B2.8,"(0, 0)",0,,,,,,,,,,,,,,False,False,False,False,,,,NoLocation,"[0.0, nan, nan]"
161,161,2010-02-06,2010-02-06 09:42:00,2010-02-06 09:45:00,2010-02-06 09:48:00,B1.7,"(0, 0)",0,,,,,,,,,,,,,,False,False,False,False,,,,NoLocation,"[0.0, nan, nan]"
162,162,2010-02-06,2010-02-06 10:34:00,2010-02-06 10:48:00,2010-02-06 11:01:00,C1.0,"(0, 0)",0,,,,,,,,,,,,,,False,False,False,False,,,,NoLocation,"[0.0, nan, nan]"
163,163,2010-02-06,2010-02-06 14:01:00,2010-02-06 14:36:00,2010-02-06 15:10:00,B9.0,"(0, 0)",11045,,,,,,,,,,,,,,False,False,False,False,,,,NoLocation,"[11045.0, nan, nan]"
164,164,2010-02-06,2010-02-06 15:25:00,2010-02-06 15:39:00,2010-02-06 15:49:00,C3.4,"(-17, 21)",11045,-266.5607973556034,444.82528109421486,,,,,,,,,,,,False,False,False,False,"(-17, 21)",-17.0,21.0,GOES,"[11045.0, nan, nan]"
165,165,2010-02-06,2010-02-06 18:06:00,2010-02-06 18:13:00,2010-02-06 18:31:00,B6.2,"(0, 0)",0,,,,,,,,,,,,,,False,False,False,False,,,,NoLocation,"[0.0, nan, nan]"
166,166,2010-02-06,2010-02-06 18:47:00,2010-02-06 18:59:00,2010-02-06 19:09:00,M2.9,"(-17, 21)",11045,-266.5542597116437,444.93721257165186,,,,,,,,,,,,False,False,False,False,"(-17, 21)",-17.0,21.0,GOES,"[11045.0, nan, nan]"
167,167,2010-02-06,2010-02-06 21:31:00,2010-02-06 21:37:00,2010-02-06 21:42:00,M1.3,"(0, 0)",11045,,,,,,,,,,,,,,False,False,False,False,,,,NoLocation,"[11045.0, nan, nan]"
168,168,2010-02-06,2010-02-06 22:27:00,2010-02-06 22:31:00,2010-02-06 22:33:00,C2.2,"(-12, 22)",11045,-188.25952551467344,462.3841476867746,,,,,,,,,,,,False,False,False,False,"(-12, 22)",-12.0,22.0,GOES,"[11045.0, nan, nan]"
169,169,2010-02-06,2010-02-06 22:45:00,2010-02-06 22:59:00,2010-02-06 23:19:00,C2.7,"(-15, 22)",11045,-234.34198517911136,461.13442511494895,,,,,,,,,,,,False,False,False,False,"(-15, 22)",-15.0,22.0,GOES,"[11045.0, nan, nan]"
170,170,2010-02-07,2010-02-07 02:20:00,2010-02-07 02:34:00,2010-02-07 02:39:00,M6.4,"(-10, 21)",11045,-158.3255617073737,448.1462588347479,,,,,,,,,,,,False,False,False,False,"(-10, 21)",-10.0,21.0,GOES,"[11045.0, nan, nan]"
171,171,2010-02-07,2010-02-07 03:25:00,2010-02-07 03:29:00,2010-02-07 03:33:00,C1.1,"(0, 0)",11045,,,,,,,,,,,,,,False,False,False,False,,,,NoLocation,"[11045.0, nan, nan]"
172,172,2010-02-07,2010-02-07 04:42:00,2010-02-07 04:52:00,2010-02-07 04:54:00,C9.9,"(-7, 20)",11045,-111.84916823287494,433.84392777818994,,,,,,,,,,,,False,False,False,False,"(-7, 20)",-7.0,20.0,GOES,"[11045.0, nan, nan]"
173,173,2010-02-07,2010-02-07 06:43:00,2010-02-07 06:48:00,2010-02-07 06:51:00,B6.3,"(-8, 21)",11045,-126.89150293334389,448.8621934488731,,,,,,,,,,,,False,False,False,False,"(-8, 21)",-8.0,21.0,GOES,"[11045.0, nan, nan]"
174,174,2010-02-07,2010-02-07 07:57:00,2010-02-07 08:01:00,2010-02-07 08:05:00,B7.4,"(-7, 21)",11045,-111.11485226359218,449.14098706784966,,,,,,,,,,,,False,False,False,False,"(-7, 21)",-7.0,21.0,GOES,"[11045.0, nan, nan]"
175,175,2010-02-07,2010-02-07 08:53:00,2010-02-07 08:56:00,2010-02-07 08:58:00,B3.5,"(0, 0)",0,,,,,,,,,,,,,,False,False,False,False,,,,NoLocation,"[0.0, nan, nan]"
176,176,2010-02-07,2010-02-07 09:18:00,2010-02-07 09:24:00,2010-02-07 09:29:00,B3.5,"(0, 0)",0,,,,,,,,,,,,,,False,False,False,False,,,,NoLocation,"[0.0, nan, nan]"
177,177,2010-02-07,2010-02-07 09:44:00,2010-02-07 10:01:00,2010-02-07 10:39:00,B3.4,"(0, 0)",0,,,,,,,,,,,,,,False,False,False,False,,,,NoLocation,"[0.0, nan, nan]"
178,178,2010-02-07,2010-02-07 13:33:00,2010-02-07 13:37:00,2010-02-07 13:39:00,B7.1,"(0, 0)",0,,,,,,,,,,,,,,False,False,False,False,,,,NoLocation,"[0.0, nan, nan]"
179,179,2010-02-07,2010-02-07 18:33:00,2010-02-07 18:36:00,2010-02-07 18:40:00,B8.3,"(-4, 22)",11045,-63.15895460313186,465.0594780105278,,,,,,,,,,,,False,False,False,False,"(-4, 22)",-4.0,22.0,GOES,"[11045.0, nan, nan]"
180,180,2010-02-07,2010-02-07 21:09:00,2010-02-07 21:15:00,2010-02-07 21:19:00,C4.2,"(-2, 22)",11045,-31.598365616984665,465.3348736549653,,,,,,,,,,,,False,False,False,False,"(-2, 22)",-2.0,22.0,GOES,"[11045.0, nan, nan]"
181,181,2010-02-07,2010-02-07 21:31:00,2010-02-07 21:39:00,2010-02-07 21:45:00,C4.2,"(0, 0)",11045,,,,,,,,,,,,,,False,False,False,False,,,,NoLocation,"[11045.0, nan, nan]"
182,182,2010-02-07,2010-02-07 22:28:00,2010-02-07 22:31:00,2010-02-07 22:33:00,C1.0,"(0, 0)",11045,,,,,,,,,,,,,,False,False,False,False,,,,NoLocation,"[11045.0, nan, nan]"
183,183,2010-02-08,2010-02-08 00:10:00,2010-02-08 00:16:00,2010-02-08 00:18:00,C1.4,"(-2, 22)",11045,-31.59765239036642,465.43380108942387,,,,,,,,,,,,False,False,False,False,"(-2, 22)",-2.0,22.0,GOES,"[11045.0, nan, nan]"
184,184,2010-02-08,2010-02-08 01:10:00,2010-02-08 01:14:00,2010-02-08 01:16:00,B5.8,"(0, 0)",11045,,,,,,,,,,,,,,False,False,False,False,,,,NoLocation,"[11045.0, nan, nan]"
185,185,2010-02-08,2010-02-08 01:23:00,2010-02-08 01:29:00,2010-02-08 01:31:00,B7.0,"(-1, 21)",11045,-15.9107475890778,450.48697771367745,,,,,,,,,,,,False,False,False,False,"(-1, 21)",-1.0,21.0,GOES,"[11045.0, nan, nan]"
186,186,2010-02-08,2010-02-08 02:22:00,2010-02-08 02:37:00,2010-02-08 02:40:00,B7.4,"(1, 22)",11045,15.801003712570289,465.5532003737757,,,,,,,,,,,,False,False,False,False,"(1, 22)",1.0,22.0,GOES,"[11045.0, nan, nan]"
187,187,2010-02-08,2010-02-08 02:46:00,2010-02-08 02:52:00,2010-02-08 02:56:00,B8.3,"(0, 22)",11045,0.0,465.58209958551265,,,,,,,,,,,,False,False,False,False,"(0, 22)",0.0,22.0,GOES,"[11045.0, nan, nan]"
188,188,2010-02-08,2010-02-08 03:08:00,2010-02-08 03:17:00,2010-02-08 03:23:00,C6.2,"(0, 23)",11045,0.0,480.4836935755184,,,,,,,,,,,,False,False,False,False,"(0, 23)",0.0,23.0,GOES,"[11045.0, nan, nan]"
189,189,2010-02-08,2010-02-08 03:52:00,2010-02-08 03:58:00,2010-02-08 04:02:00,C2.4,"(0, 25)",11045,0.0,509.8367788033219,,,,,,,,,,,,False,False,False,False,"(0, 25)",0.0,25.0,GOES,"[11045.0, nan, nan]"
190,190,2010-02-08,2010-02-08 04:04:00,2010-02-08 04:15:00,2010-02-08 04:20:00,C7.7,"(1, 21)",11045,15.91042719172352,450.57560796504,,,,,,,,,,,,False,False,False,False,"(1, 21)",1.0,21.0,GOES,"[11045.0, nan, nan]"
191,191,2010-02-08,2010-02-08 05:12:00,2010-02-08 05:23:00,2010-02-08 05:30:00,C8.6,"(1, 21)",11045,15.91029166111799,450.6129174080964,,,,,,,,,,,,False,False,False,False,"(1, 21)",1.0,21.0,GOES,"[11045.0, nan, nan]"
192,192,2010-02-08,2010-02-08 05:59:00,2010-02-08 06:06:00,2010-02-08 06:13:00,C6.8,"(1, 21)",11045,15.910197913899855,450.6386616109274,,,,,,,,,,,,False,False,False,False,"(1, 21)",1.0,21.0,GOES,"[11045.0, nan, nan]"
193,193,2010-02-08,2010-02-08 06:59:00,2010-02-08 07:03:00,2010-02-08 07:08:00,C1.9,"(3, 21)",11045,47.71059449527664,450.5435997571477,,,,,,,,,,,,False,False,False,False,"(3, 21)",3.0,21.0,GOES,"[11045.0, nan, nan]"
194,194,2010-02-08,2010-02-08 07:36:00,2010-02-08 07:43:00,2010-02-08 07:46:00,M4.0,"(0, 0)",11045,,,,,,,,,,,,,,False,False,False,False,,,,NoLocation,"[11045.0, nan, nan]"
195,195,2010-02-08,2010-02-08 08:03:00,2010-02-08 08:07:00,2010-02-08 08:10:00,C1.9,"(0, 0)",11045,,,,,,,,,,,,,,False,False,False,False,,,,NoLocation,"[11045.0, nan, nan]"
196,196,2010-02-08,2010-02-08 09:54:00,2010-02-08 09:58:00,2010-02-08 10:03:00,C2.8,"(0, 0)",11045,,,,,,,,,,,,,,False,False,False,False,,,,NoLocation,"[11045.0, nan, nan]"
197,197,2010-02-08,2010-02-08 11:00:00,2010-02-08 11:14:00,2010-02-08 11:18:00,C1.8,"(0, 0)",11045,,,,,,,,,,,,,,False,False,False,False,,,,NoLocation,"[11045.0, nan, nan]"
198,198,2010-02-08,2010-02-08 11:57:00,2010-02-08 12:03:00,2010-02-08 12:06:00,M1.1,"(0, 0)",11045,,,,,,,,,,,,,,False,False,False,False,,,,NoLocation,"[11045.0, nan, nan]"
199,199,2010-02-08,2010-02-08 13:32:00,2010-02-08 13:47:00,2010-02-08 13:50:00,M2.0,"(0, 0)",11045,,,,,,,,,,,,,,False,False,False,False,,,,NoLocation,"[11045.0, nan, nan]"
200,200,2010-02-08,2010-02-08 14:56:00,2010-02-08 15:03:00,2010-02-08 15:15:00,C1.2,"(8, 22)",11045,125.98687348245927,464.9562716749893,,,,,,,,,,,,False,False,False,False,"(8, 22)",8.0,22.0,GOES,"[11045.0, nan, nan]"
201,201,2010-02-08,2010-02-08 15:28:00,2010-02-08 15:36:00,2010-02-08 15:39:00,C1.3,"(8, 22)",11045,125.98636406556732,464.9730800220868,,,,,,,,,,,,False,False,False,False,"(8, 22)",8.0,22.0,GOES,"[11045.0, nan, nan]"
202,202,2010-02-08,2010-02-08 15:46:00,2010-02-08 15:52:00,2010-02-08 15:56:00,C3.8,"(0, 0)",11045,,,,,,,,,,,,,,False,False,False,False,,,,NoLocation,"[11045.0, nan, nan]"
203,203,2010-02-08,2010-02-08 16:33:00,2010-02-08 17:07:00,2010-02-08 17:12:00,C1.3,"(9, 22)",11045,141.6094419060995,464.73718365652326,,,,,,,,,,,,False,False,False,False,"(9, 22)",9.0,22.0,GOES,"[11045.0, nan, nan]"
204,204,2010-02-08,2010-02-08 17:22:00,2010-02-08 17:26:00,2010-02-08 17:35:00,B7.0,"(8, 23)",11045,125.0720409273477,479.922704408106,,,,,,,,,,,,False,False,False,False,"(8, 23)",8.0,23.0,GOES,"[11045.0, nan, nan]"
205,205,2010-02-08,2010-02-08 17:43:00,2010-02-08 17:49:00,2010-02-08 17:56:00,B7.7,"(0, 0)",11045,,,,,,,,,,,,,,False,False,False,False,,,,NoLocation,"[11045.0, nan, nan]"
206,206,2010-02-08,2010-02-08 18:03:00,2010-02-08 18:08:00,2010-02-08 18:11:00,C1.3,"(9, 21)",11045,142.59025008440344,449.7494499920664,,,,,,,,,,,,False,False,False,False,"(9, 21)",9.0,21.0,GOES,"[11045.0, nan, nan]"
207,207,2010-02-08,2010-02-08 18:21:00,2010-02-08 18:25:00,2010-02-08 18:29:00,B7.8,"(0, 0)",11045,,,,,,,,,,,,,,False,False,False,False,,,,NoLocation,"[11045.0, nan, nan]"
208,208,2010-02-08,2010-02-08 19:02:00,2010-02-08 19:10:00,2010-02-08 19:20:00,C2.4,"(10, 22)",11045,157.18689550837468,464.5131216944084,,,,,,,,,,,,False,False,False,False,"(10, 22)",10.0,22.0,GOES,"[11045.0, nan, nan]"
209,209,2010-02-08,2010-02-08 19:34:00,2010-02-08 19:38:00,2010-02-08 19:40:00,C1.7,"(0, 0)",11045,,,,,,,,,,,,,,False,False,False,False,,,,NoLocation,"[11045.0, nan, nan]"
210,210,2010-02-08,2010-02-08 20:01:00,2010-02-08 20:06:00,2010-02-08 20:09:00,B8.6,"(0, 0)",11045,,,,,,,,,,,,,,False,False,False,False,,,,NoLocation,"[11045.0, nan, nan]"
211,211,2010-02-08,2010-02-08 21:01:00,2010-02-08 21:23:00,2010-02-08 21:28:00,M1.0,"(12, 23)",11045,186.83099810790256,478.77326734073034,,,,,,,,,,,,False,False,False,False,"(12, 23)",12.0,23.0,GOES,"[11045.0, nan, nan]"
212,212,2010-02-08,2010-02-08 21:53:00,2010-02-08 21:58:00,2010-02-08 22:01:00,C2.2,"(11, 22)",11045,172.7147746711506,464.26806009273696,,,,,,,,,,,,False,False,False,False,"(11, 22)",11.0,22.0,GOES,"[11045.0, nan, nan]"
213,213,2010-02-08,2010-02-08 22:34:00,2010-02-08 22:39:00,2010-02-08 22:44:00,B8.4,"(0, 0)",11045,,,,,,,,,,,,,,False,False,False,False,,,,NoLocation,"[11045.0, nan, nan]"
214,214,2010-02-09,2010-02-09 00:13:00,2010-02-09 00:29:00,2010-02-09 00:54:00,B6.1,"(0, 0)",11045,,,,,,,,,,,,,,False,False,False,False,,,,NoLocation,"[11045.0, nan, nan]"
215,215,2010-02-09,2010-02-09 01:13:00,2010-02-09 01:25:00,2010-02-09 01:34:00,C2.7,"(13, 22)",11045,203.60753859645,463.608785478371,,,,,,,,,,,,False,False,False,False,"(13, 22)",13.0,22.0,GOES,"[11045.0, nan, nan]"
216,216,2010-02-09,2010-02-09 04:04:00,2010-02-09 04:17:00,2010-02-09 04:22:00,C2.4,"(17, 21)",11045,266.4400832613204,446.7462870135624,,,,,,,,,,,,False,False,False,False,"(17, 21)",17.0,21.0,GOES,"[11045.0, nan, nan]"
217,217,2010-02-09,2010-02-09 07:44:00,2010-02-09 07:47:00,2010-02-09 07:50:00,B1.8,"(0, 0)",0,,,,,,,,,,,,,,False,False,False,False,,,,NoLocation,"[0.0, nan, nan]"
218,218,2010-02-09,2010-02-09 08:44:00,2010-02-09 08:49:00,2010-02-09 08:54:00,B6.5,"(18, 22)",11045,279.65263825271575,461.3826201996624,,,,,,,,,,,,False,False,False,False,"(18, 22)",18.0,22.0,GOES,"[11045.0, nan, nan]"
219,219,2010-02-09,2010-02-09 10:24:00,2010-02-09 10:31:00,2010-02-09 10:46:00,B2.5,"(0, 0)",0,,,,,,,,,,,,,,False,False,False,False,,,,NoLocation,"[0.0, nan, nan]"
220,220,2010-02-09,2010-02-09 11:24:00,2010-02-09 11:31:00,2010-02-09 11:39:00,C1.8,"(0, 0)",0,,,,,,,,,,,,,,False,False,False,False,,,,NoLocation,"[0.0, nan, nan]"
221,221,2010-02-09,2010-02-09 17:37:00,2010-02-09 17:41:00,2010-02-09 17:48:00,B2.4,"(0, 0)",0,,,,,,,,,,,,,,False,False,False,False,,,,NoLocation,"[0.0, nan, nan]"
222,222,2010-02-10,2010-02-10 00:23:00,2010-02-10 00:26:00,2010-02-10 00:28:00,C1.5,"(0, 0)",0,,,,,,,,,,,,,,False,False,False,False,,,,NoLocation,"[0.0, nan, nan]"
223,223,2010-02-10,2010-02-10 02:15:00,2010-02-10 02:20:00,2010-02-10 02:25:00,B2.8,"(0, 0)",0,,,,,,,,,,,,,,False,False,False,False,,,,NoLocation,"[0.0, nan, nan]"
224,224,2010-02-10,2010-02-10 05:56:00,2010-02-10 05:59:00,2010-02-10 06:02:00,B3.4,"(0, 0)",0,,,,,,,,,,,,,,False,False,False,False,,,,NoLocation,"[0.0, nan, nan]"
225,225,2010-02-10,2010-02-10 06:11:00,2010-02-10 06:14:00,2010-02-10 06:17:00,B8.6,"(28, 20)",11045,430.42224675563256,424.46748222633227,,,,,,,,,,,,False,False,False,False,"(28, 20)",28.0,20.0,GOES,"[11045.0, nan, nan]"
226,226,2010-02-10,2010-02-10 07:03:00,2010-02-10 07:09:00,2010-02-10 07:15:00,B4.8,"(29, 20)",11045,444.46514179434257,423.59749984644634,,,,,,,,,,,,False,False,False,False,"(29, 20)",29.0,20.0,GOES,"[11045.0, nan, nan]"
227,227,2010-02-10,2010-02-10 07:16:00,2010-02-10 07:19:00,2010-02-10 07:21:00,B7.7,"(0, 0)",0,,,,,,,,,,,,,,False,False,False,False,,,,NoLocation,"[0.0, nan, nan]"
228,228,2010-02-10,2010-02-10 08:08:00,2010-02-10 08:12:00,2010-02-10 08:17:00,B4.2,"(0, 0)",0,,,,,,,,,,,,,,False,False,False,False,,,,NoLocation,"[0.0, nan, nan]"
229,229,2010-02-10,2010-02-10 11:43:00,2010-02-10 11:50:00,2010-02-10 11:56:00,B3.4,"(0, 0)",0,,,,,,,,,,,,,,False,False,False,False,,,,NoLocation,"[0.0, nan, nan]"
230,230,2010-02-10,2010-02-10 14:58:00,2010-02-10 15:06:00,2010-02-10 15:09:00,C1.2,"(33, 22)",11045,492.52723404123,450.3034929049669,,,,,,,,,,,,False,False,False,False,"(33, 22)",33.0,22.0,GOES,"[11045.0, nan, nan]"
231,231,2010-02-10,2010-02-10 15:10:00,2010-02-10 15:14:00,2010-02-10 15:19:00,C3.7,"(32, 21)",11045,482.5574978181841,436.1949376781117,,,,,,,,,,,,False,False,False,False,"(32, 21)",32.0,21.0,GOES,"[11045.0, nan, nan]"
232,232,2010-02-10,2010-02-10 22:03:00,2010-02-10 22:10:00,2010-02-10 22:16:00,B9.5,"(0, 0)",0,,,,,,,,,,,,,,False,False,False,False,,,,NoLocation,"[0.0, nan, nan]"
233,233,2010-02-10,2010-02-10 23:12:00,2010-02-10 23:15:00,2010-02-10 23:18:00,B3.8,"(0, 0)",0,,,,,,,,,,,,,,False,False,False,False,,,,NoLocation,"[0.0, nan, nan]"
234,234,2010-02-11,2010-02-11 01:48:00,2010-02-11 01:51:00,2010-02-11 01:53:00,B3.5,"(39, 21)",11045,572.8481932445848,428.85428680329056,,,,,,,,,,,,False,False,False,False,"(39, 21)",39.0,21.0,GOES,"[11045.0, nan, nan]"
235,235,2010-02-11,2010-02-11 05:57:00,2010-02-11 06:15:00,2010-02-11 06:27:00,B6.5,"(0, 0)",0,,,,,,,,,,,,,,False,False,False,False,,,,NoLocation,"[0.0, nan, nan]"
236,236,2010-02-11,2010-02-11 14:30:00,2010-02-11 14:34:00,2010-02-11 14:42:00,B2.3,"(0, 0)",0,,,,,,,,,,,,,,False,False,False,False,,,,NoLocation,"[0.0, nan, nan]"
237,237,2010-02-11,2010-02-11 15:08:00,2010-02-11 15:12:00,2010-02-11 15:16:00,B5.2,"(-19, 23)",11046,-292.36586540495045,477.18471602607406,,,,,,,,,,,,False,False,False,False,"(-19, 23)",-19.0,23.0,GOES,"[11046.0, nan, nan]"
238,238,2010-02-11,2010-02-11 17:00:00,2010-02-11 17:04:00,2010-02-11 17:09:00,B2.5,"(0, 0)",0,,,,,,,,,,,,,,False,False,False,False,,,,NoLocation,"[0.0, nan, nan]"
239,239,2010-02-11,2010-02-11 19:20:00,2010-02-11 19:41:00,2010-02-11 20:01:00,C1.1,"(-17, 23)",11046,-262.55836752499454,478.4399751979001,,,,,,,,,,,,False,False,False,False,"(-17, 23)",-17.0,23.0,GOES,"[11046.0, nan, nan]"
240,240,2010-02-11,2010-02-11 22:02:00,2010-02-11 22:05:00,2010-02-11 22:10:00,B2.6,"(0, 0)",0,,,,,,,,,,,,,,False,False,False,False,,,,NoLocation,"[0.0, nan, nan]"
241,241,2010-02-12,2010-02-12 03:54:00,2010-02-12 03:58:00,2010-02-12 04:01:00,B3.2,"(0, 0)",0,,,,,,,,,,,,,,False,False,False,False,,,,NoLocation,"[0.0, nan, nan]"
242,242,2010-02-12,2010-02-12 07:18:00,2010-02-12 07:25:00,2010-02-12 07:28:00,C7.9,"(-13, 24)",11046,-200.473683035234,495.3893889106339,,,,,,,,,,,,False,False,False,False,"(-13, 24)",-13.0,24.0,GOES,"[11046.0, nan, nan]"
243,243,2010-02-12,2010-02-12 09:38:00,2010-02-12 09:42:00,2010-02-12 09:45:00,B9.6,"(-7, 22)",11046,-110.24544267985038,467.8272141337927,,,,,,,,,,,,False,False,False,False,"(-7, 22)",-7.0,22.0,GOES,"[11046.0, nan, nan]"
244,244,2010-02-12,2010-02-12 11:19:00,2010-02-12 11:26:00,2010-02-12 11:28:00,M8.3,"(0, 0)",11046,,,,,,,,,,,,,,False,False,False,False,,,,NoLocation,"[11046.0, nan, nan]"
245,245,2010-02-12,2010-02-12 12:42:00,2010-02-12 12:46:00,2010-02-12 12:49:00,B8.9,"(0, 0)",0,,,,,,,,,,,,,,False,False,False,False,,,,NoLocation,"[0.0, nan, nan]"
246,246,2010-02-12,2010-02-12 15:25:00,2010-02-12 15:29:00,2010-02-12 15:32:00,B6.2,"(0, 0)",0,,,,,,,,,,,,,,False,False,False,False,,,,NoLocation,"[0.0, nan, nan]"
247,247,2010-02-12,2010-02-12 15:46:00,2010-02-12 15:51:00,2010-02-12 15:54:00,B6.5,"(0, 0)",0,,,,,,,,,,,,,,False,False,False,False,,,,NoLocation,"[0.0, nan, nan]"
248,248,2010-02-12,2010-02-12 17:52:00,2010-02-12 18:08:00,2010-02-12 18:15:00,M1.1,"(53, 28)",11045,686.6541446343294,514.576365687773,,,,,,,,,,,,False,False,False,False,"(53, 28)",53.0,28.0,GOES,"[11045.0, nan, nan]"
249,249,2010-02-12,2010-02-12 20:46:00,2010-02-12 20:51:00,2010-02-12 20:55:00,C1.3,"(-1, 22)",11046,-15.786880367435517,468.906562389187,,,,,,,,,,,,False,False,False,False,"(-1, 22)",-1.0,22.0,GOES,"[11046.0, nan, nan]"
250,250,2010-02-12,2010-02-12 22:33:00,2010-02-12 22:40:00,2010-02-12 22:44:00,C3.0,"(56, 25)",11045,731.5583927630876,466.4782259888845,,,,,,,,,,,,False,False,False,False,"(56, 25)",56.0,25.0,GOES,"[11045.0, nan, nan]"
251,251,2010-02-13,2010-02-13 01:39:00,2010-02-13 01:46:00,2010-02-13 01:49:00,B7.9,"(-2, 25)",11046,-30.853030456695706,513.0465334990704,,,,,,,,,,,,False,False,False,False,"(-2, 25)",-2.0,25.0,GOES,"[11046.0, nan, nan]"
252,252,2010-02-13,2010-02-13 02:39:00,2010-02-13 03:23:00,2010-02-13 03:29:00,B5.1,"(0, 0)",0,,,,,,,,,,,,,,False,False,False,False,,,,NoLocation,"[0.0, nan, nan]"
253,253,2010-02-13,2010-02-13 07:46:00,2010-02-13 07:52:00,2010-02-13 08:06:00,C4.3,"(0, 0)",11048,,,,,,,,,,,,,,False,False,False,False,,,,NoLocation,"[11048.0, nan, nan]"
254,254,2010-02-13,2010-02-13 12:28:00,2010-02-13 12:39:00,2010-02-13 12:48:00,C9.6,"(0, 0)",11048,,,,,,,,,,,,,,False,False,False,False,,,,NoLocation,"[11048.0, nan, nan]"
255,255,2010-02-13,2010-02-13 18:12:00,2010-02-13 18:17:00,2010-02-13 18:21:00,B4.3,"(0, 0)",11046,,,,,,,,,,,,,,False,False,False,False,,,,NoLocation,"[11046.0, nan, nan]"
256,256,2010-02-13,2010-02-13 19:58:00,2010-02-13 20:04:00,2010-02-13 20:08:00,C2.7,"(13, 25)",11046,198.8178525129479,510.8220743905665,,,,,,,,,,,,False,False,False,False,"(13, 25)",13.0,25.0,GOES,"[11046.0, nan, nan]"
257,257,2010-02-13,2010-02-13 20:42:00,2010-02-13 20:52:00,2010-02-13 21:05:00,C3.0,"(0, 0)",0,,,,,,,,,,,,,,False,False,False,False,,,,NoLocation,"[0.0, nan, nan]"
258,258,2010-02-13,2010-02-13 23:24:00,2010-02-13 23:31:00,2010-02-13 23:33:00,B5.3,"(4, 25)",11046,61.65703050821865,513.3704625312104,,,,,,,,,,,,False,False,False,False,"(4, 25)",4.0,25.0,GOES,"[11046.0, nan, nan]"
259,259,2010-02-14,2010-02-14 08:52:00,2010-02-14 09:01:00,2010-02-14 09:09:00,B6.5,"(0, 0)",11048,,,,,,,,,,,,,,False,False,False,False,,,,NoLocation,"[11048.0, nan, nan]"
260,260,2010-02-14,2010-02-14 11:49:00,2010-02-14 12:04:00,2010-02-14 12:18:00,C4.3,"(0, 0)",11048,,,,,,,,,,,,,,False,False,False,False,,,,NoLocation,"[11048.0, nan, nan]"
261,261,2010-02-14,2010-02-14 20:07:00,2010-02-14 20:12:00,2010-02-14 20:23:00,B2.7,"(0, 0)",0,,,,,,,,,,,,,,False,False,False,False,,,,NoLocation,"[0.0, nan, nan]"
262,262,2010-02-14,2010-02-14 21:33:00,2010-02-14 21:38:00,2010-02-14 21:41:00,B2.5,"(0, 0)",0,,,,,,,,,,,,,,False,False,False,False,,,,NoLocation,"[0.0, nan, nan]"
263,263,2010-02-15,2010-02-15 01:05:00,2010-02-15 01:16:00,2010-02-15 01:34:00,C1.9,"(0, 0)",0,,,,,,,,,,,,,,False,False,False,False,,,,NoLocation,"[0.0, nan, nan]"
264,264,2010-02-15,2010-02-15 10:30:00,2010-02-15 10:34:00,2010-02-15 10:36:00,B2.3,"(0, 0)",0,,,,,,,,,,,,,,False,False,False,False,,,,NoLocation,"[0.0, nan, nan]"
265,265,2010-02-15,2010-02-15 10:42:00,2010-02-15 10:47:00,2010-02-15 10:55:00,B5.0,"(0, 0)",0,,,,,,,,,,,,,,False,False,False,False,,,,NoLocation,"[0.0, nan, nan]"
266,266,2010-02-15,2010-02-15 15:30:00,2010-02-15 15:34:00,2010-02-15 15:56:00,B1.7,"(0, 0)",0,,,,,,,,,,,,,,False,False,False,False,,,,NoLocation,"[0.0, nan, nan]"
267,267,2010-02-15,2010-02-15 17:35:00,2010-02-15 17:40:00,2010-02-15 17:44:00,B1.9,"(0, 0)",0,,,,,,,,,,,,,,False,False,False,False,,,,NoLocation,"[0.0, nan, nan]"
268,268,2010-02-16,2010-02-16 03:48:00,2010-02-16 04:12:00,2010-02-16 04:32:00,B2.6,"(0, 0)",11046,,,,,,,,,,,,,,False,False,False,False,,,,NoLocation,"[11046.0, nan, nan]"
269,269,2010-02-17,2010-02-17 06:47:00,2010-02-17 06:53:00,2010-02-17 07:02:00,B1.1,"(0, 0)",0,,,,,,,,,,,,,,False,False,False,False,,,,NoLocation,"[0.0, nan, nan]"
270,270,2010-02-17,2010-02-17 07:29:00,2010-02-17 07:41:00,2010-02-17 07:55:00,B2.6,"(0, 0)",11048,,,,,,,,,,,,,,False,False,False,False,,,,NoLocation,"[11048.0, nan, nan]"
271,271,2010-02-17,2010-02-17 20:28:00,2010-02-17 20:31:00,2010-02-17 20:35:00,B1.3,"(0, 0)",11049,,,,,,,,,,,,,,False,False,False,False,,,,NoLocation,"[11049.0, nan, nan]"
272,272,2010-02-17,2010-02-17 23:41:00,2010-02-17 23:44:00,2010-02-17 23:52:00,B1.1,"(0, 0)",11049,,,,,,,,,,,,,,False,False,False,False,,,,NoLocation,"[11049.0, nan, nan]"
273,273,2010-02-18,2010-02-18 00:50:00,2010-02-18 01:00:00,2010-02-18 01:05:00,B1.3,"(0, 0)",11049,,,,,,,,,,,,,,False,False,False,False,,,,NoLocation,"[11049.0, nan, nan]"
274,274,2010-02-18,2010-02-18 11:32:00,2010-02-18 11:37:00,2010-02-18 11:45:00,B1.8,"(0, 0)",11049,,,,,,,,,,,,,,False,False,False,False,,,,NoLocation,"[11049.0, nan, nan]"
275,275,2010-02-19,2010-02-19 09:05:00,2010-02-19 09:16:00,2010-02-19 09:33:00,B2.7,"(0, 0)",11049,,,,,,,,,,,,,,False,False,False,False,,,,NoLocation,"[11049.0, nan, nan]"
276,276,2010-02-20,2010-02-20 09:15:00,2010-02-20 09:19:00,2010-02-20 09:27:00,B1.2,"(0, 0)",11046,,,,,,,,,,,,,,False,False,False,False,,,,NoLocation,"[11046.0, nan, nan]"
277,277,2010-02-21,2010-02-21 01:50:00,2010-02-21 01:56:00,2010-02-21 02:01:00,B1.4,"(0, 0)",0,,,,,,,,,,,,,,False,False,False,False,,,,NoLocation,"[0.0, nan, nan]"
278,278,2010-02-21,2010-02-21 11:12:00,2010-02-21 12:16:00,2010-02-21 12:26:00,B1.2,"(0, 0)",0,,,,,,,,,,,,,,False,False,False,False,,,,NoLocation,"[0.0, nan, nan]"
279,279,2010-02-21,2010-02-21 15:40:00,2010-02-21 16:08:00,2010-02-21 16:41:00,B1.4,"(0, 0)",0,,,,,,,,,,,,,,False,False,False,False,,,,NoLocation,"[0.0, nan, nan]"
280,280,2010-02-22,2010-02-22 13:13:00,2010-02-22 13:23:00,2010-02-22 13:32:00,B2.2,"(0, 0)",0,,,,,,,,,,,,,,False,False,False,False,,,,NoLocation,"[0.0, nan, nan]"
281,281,2010-02-22,2010-02-22 18:27:00,2010-02-22 18:33:00,2010-02-22 18:39:00,B1.5,"(0, 0)",11049,,,,,,,,,,,,,,False,False,False,False,,,,NoLocation,"[11049.0, nan, nan]"
282,282,2010-02-22,2010-02-22 21:32:00,2010-02-22 21:37:00,2010-02-22 21:56:00,B1.4,"(0, 0)",11049,,,,,,,,,,,,,,False,False,False,False,,,,NoLocation,"[11049.0, nan, nan]"
283,283,2010-02-22,2010-02-22 22:56:00,2010-02-22 23:00:00,2010-02-22 23:04:00,B2.5,"(0, 0)",11049,,,,,,,,,,,,,,False,False,False,False,,,,NoLocation,"[11049.0, nan, nan]"
284,284,2010-02-23,2010-02-23 23:56:00,2010-02-24 00:01:00,2010-02-24 00:09:00,B3.0,"(0, 0)",11051,,,,,,,,,,,,,,False,False,False,False,,,,NoLocation,"[11051.0, nan, nan]"
285,285,2010-02-24,2010-02-24 01:56:00,2010-02-24 02:05:00,2010-02-24 02:09:00,B3.1,"(0, 0)",0,,,,,,,,,,,,,,False,False,False,False,,,,NoLocation,"[0.0, nan, nan]"
286,286,2010-02-24,2010-02-24 02:18:00,2010-02-24 02:23:00,2010-02-24 02:26:00,B3.5,"(0, 0)",11051,,,,,,,,,,,,,,False,False,False,False,,,,NoLocation,"[11051.0, nan, nan]"
287,287,2010-02-24,2010-02-24 18:28:00,2010-02-24 18:31:00,2010-02-24 18:35:00,B1.5,"(0, 0)",11049,,,,,,,,,,,,,,False,False,False,False,,,,NoLocation,"[11049.0, nan, nan]"
288,288,2010-02-26,2010-02-26 12:23:00,2010-02-26 12:31:00,2010-02-26 12:32:00,B1.1,"(0, 0)",11050,,,,,,,,,,,,,,False,False,False,False,,,,NoLocation,"[11050.0, nan, nan]"
289,289,2010-02-27,2010-02-27 19:24:00,2010-02-27 19:29:00,2010-02-27 19:34:00,B1.6,"(0, 0)",11051,,,,,,,,,,,,,,False,False,False,False,,,,NoLocation,"[11051.0, nan, nan]"
290,290,2010-02-27,2010-02-27 22:20:00,2010-02-27 22:24:00,2010-02-27 22:26:00,B1.1,"(0, 0)",11051,,,,,,,,,,,,,,False,False,False,False,,,,NoLocation,"[11051.0, nan, nan]"
291,291,2010-02-28,2010-02-28 23:36:00,2010-02-28 23:40:00,2010-02-28 23:46:00,B1.1,"(0, 0)",0,,,,,,,,,,,,,,False,False,False,False,,,,NoLocation,"[0.0, nan, nan]"
292,292,2010-03-01,2010-03-01 22:26:00,2010-03-01 23:06:00,2010-03-02 00:23:00,B6.6,"(0, 0)",0,,,,,,,,,,,,,,False,False,False,False,,,,NoLocation,"[0.0, nan, nan]"
293,293,2010-03-04,2010-03-04 03:28:00,2010-03-04 03:36:00,2010-03-04 03:42:00,B2.0,"(0, 0)",0,,,,,,,,,,,,,,False,False,False,False,,,,NoLocation,"[0.0, nan, nan]"
294,294,2010-03-04,2010-03-04 04:10:00,2010-03-04 04:17:00,2010-03-04 04:22:00,B1.7,"(0, 0)",0,,,,,,,,,,,,,,False,False,False,False,,,,NoLocation,"[0.0, nan, nan]"
295,295,2010-03-04,2010-03-04 05:01:00,2010-03-04 05:15:00,2010-03-04 05:23:00,B2.6,"(0, 0)",0,,,,,,,,,,,,,,False,False,False,False,,,,NoLocation,"[0.0, nan, nan]"
296,296,2010-03-04,2010-03-04 05:57:00,2010-03-04 06:02:00,2010-03-04 06:06:00,B3.9,"(0, 0)",0,,,,,,,,,,,,,,False,False,False,False,,,,NoLocation,"[0.0, nan, nan]"
297,297,2010-03-04,2010-03-04 08:00:00,2010-03-04 08:08:00,2010-03-04 08:14:00,B2.0,"(0, 0)",0,,,,,,,,,,,,,,False,False,False,False,,,,NoLocation,"[0.0, nan, nan]"
298,298,2010-03-04,2010-03-04 12:03:00,2010-03-04 12:11:00,2010-03-04 12:23:00,B4.1,"(0, 0)",0,,,,,,,,,,,,,,False,False,False,False,,,,NoLocation,"[0.0, nan, nan]"
299,299,2010-03-04,2010-03-04 13:28:00,2010-03-04 13:31:00,2010-03-04 13:33:00,B6.0,"(0, 0)",11052,,,,,,,,,,,,,,False,False,False,False,,,,NoLocation,"[11052.0, nan, nan]"
300,300,2010-03-04,2010-03-04 16:03:00,2010-03-04 16:11:00,2010-03-04 16:16:00,C2.2,"(0, 0)",11052,,,,,,,,,,,,,,False,False,False,False,,,,NoLocation,"[11052.0, nan, nan]"
301,301,2010-03-04,2010-03-04 17:44:00,2010-03-04 17:56:00,2010-03-04 18:07:00,B4.3,"(0, 0)",11053,,,,,,,,,,,,,,False,False,False,False,,,,NoLocation,"[11053.0, nan, nan]"
302,302,2010-03-04,2010-03-04 20:59:00,2010-03-04 21:06:00,2010-03-04 21:13:00,B2.0,"(0, 0)",0,,,,,,,,,,,,,,False,False,False,False,,,,NoLocation,"[0.0, nan, nan]"
303,303,2010-03-04,2010-03-04 21:31:00,2010-03-04 21:35:00,2010-03-04 21:45:00,B2.2,"(67, -16)",11052,857.5208379053885,-219.063242029837,,,,,,,,,,,,False,False,False,False,"(67, -16)",67.0,-16.0,GOES,"[11052.0, nan, nan]"
304,304,2010-03-04,2010-03-04 23:29:00,2010-03-04 23:53:00,2010-03-05 00:40:00,B2.3,"(0, 0)",11053,,,,,,,,,,,,,,False,False,False,False,,,,NoLocation,"[11053.0, nan, nan]"
305,305,2010-03-05,2010-03-05 12:50:00,2010-03-05 12:57:00,2010-03-05 13:03:00,B2.8,"(0, 0)",0,,,,,,,,,,,,,,False,False,False,False,,,,NoLocation,"[0.0, nan, nan]"
306,306,2010-03-06,2010-03-06 01:03:00,2010-03-06 01:07:00,2010-03-06 01:10:00,B1.2,"(93, -22)",11053,895.3339382136032,-365.2587945244261,,,,,,,,,,,,False,False,False,False,"(93, -22)",93.0,-22.0,GOES,"[11053.0, nan, nan]"
307,307,2010-03-06,2010-03-06 07:33:00,2010-03-06 08:01:00,2010-03-06 09:25:00,B5.2,"(0, 0)",0,,,,,,,,,,,,,,False,False,False,False,,,,NoLocation,"[0.0, nan, nan]"
308,308,2010-03-06,2010-03-06 14:34:00,2010-03-06 14:39:00,2010-03-06 14:43:00,B1.3,"(0, 0)",0,,,,,,,,,,,,,,False,False,False,False,,,,NoLocation,"[0.0, nan, nan]"
309,309,2010-03-06,2010-03-06 14:57:00,2010-03-06 15:02:00,2010-03-06 15:10:00,B2.5,"(0, 0)",0,,,,,,,,,,,,,,False,False,False,False,,,,NoLocation,"[0.0, nan, nan]"
310,310,2010-03-06,2010-03-06 21:07:00,2010-03-06 21:13:00,2010-03-06 21:20:00,B1.7,"(0, 0)",0,,,,,,,,,,,,,,False,False,False,False,,,,NoLocation,"[0.0, nan, nan]"
311,311,2010-03-07,2010-03-07 00:46:00,2010-03-07 00:54:00,2010-03-07 01:02:00,B1.1,"(0, 0)",0,,,,,,,,,,,,,,False,False,False,False,,,,NoLocation,"[0.0, nan, nan]"
312,312,2010-03-07,2010-03-07 02:22:00,2010-03-07 02:27:00,2010-03-07 02:32:00,B1.9,"(0, 0)",0,,,,,,,,,,,,,,False,False,False,False,,,,NoLocation,"[0.0, nan, nan]"
313,313,2010-03-07,2010-03-07 04:33:00,2010-03-07 04:43:00,2010-03-07 04:54:00,B2.2,"(0, 0)",0,,,,,,,,,,,,,,False,False,False,False,,,,NoLocation,"[0.0, nan, nan]"
314,314,2010-03-10,2010-03-10 06:10:00,2010-03-10 07:13:00,2010-03-10 07:47:00,B3.0,"(0, 0)",0,,,,,,,,,,,,,,False,False,False,False,,,,NoLocation,"[0.0, nan, nan]"
315,315,2010-03-10,2010-03-10 15:29:00,2010-03-10 15:34:00,2010-03-10 15:41:00,B1.7,"(0, 0)",11054,,,,,,,,,,,,,,False,False,False,False,,,,NoLocation,"[11054.0, nan, nan]"
316,316,2010-03-11,2010-03-11 04:19:00,2010-03-11 04:23:00,2010-03-11 04:27:00,B1.2,"(0, 0)",0,,,,,,,,,,,,,,False,False,False,False,,,,NoLocation,"[0.0, nan, nan]"
317,317,2010-03-11,2010-03-11 12:18:00,2010-03-11 12:25:00,2010-03-11 12:28:00,B2.5,"(0, 0)",0,,,,,,,,,,,,,,False,False,False,False,,,,NoLocation,"[0.0, nan, nan]"
318,318,2010-03-11,2010-03-11 16:50:00,2010-03-11 16:53:00,2010-03-11 16:57:00,B1.4,"(0, 0)",0,,,,,,,,,,,,,,False,False,False,False,,,,NoLocation,"[0.0, nan, nan]"
319,319,2010-03-11,2010-03-11 17:14:00,2010-03-11 17:18:00,2010-03-11 17:24:00,B1.6,"(0, 0)",0,,,,,,,,,,,,,,False,False,False,False,,,,NoLocation,"[0.0, nan, nan]"
320,320,2010-03-11,2010-03-11 17:41:00,2010-03-11 17:45:00,2010-03-11 17:50:00,B1.5,"(0, 0)",0,,,,,,,,,,,,,,False,False,False,False,,,,NoLocation,"[0.0, nan, nan]"
321,321,2010-03-11,2010-03-11 20:08:00,2010-03-11 20:24:00,2010-03-11 20:27:00,B2.8,"(0, 0)",11054,,,,,,,,,,,,,,False,False,False,False,,,,NoLocation,"[11054.0, nan, nan]"
322,322,2010-03-11,2010-03-11 20:33:00,2010-03-11 20:39:00,2010-03-11 20:46:00,B4.6,"(-47, 12)",11054,-692.7344791239593,280.9354533291219,,,,,,,,,,,,False,False,False,False,"(-47, 12)",-47.0,12.0,GOES,"[11054.0, nan, nan]"
323,323,2010-03-11,2010-03-11 20:52:00,2010-03-11 20:53:00,2010-03-11 20:56:00,B3.2,"(0, 0)",11054,,,,,,,,,,,,,,False,False,False,False,,,,NoLocation,"[11054.0, nan, nan]"
324,324,2010-03-11,2010-03-11 21:48:00,2010-03-11 21:55:00,2010-03-11 22:00:00,B1.4,"(0, 0)",0,,,,,,,,,,,,,,False,False,False,False,,,,NoLocation,"[0.0, nan, nan]"
325,325,2010-03-12,2010-03-12 00:02:00,2010-03-12 00:08:00,2010-03-12 00:11:00,B2.0,"(0, 0)",0,,,,,,,,,,,,,,False,False,False,False,,,,NoLocation,"[0.0, nan, nan]"
326,326,2010-03-12,2010-03-12 11:02:00,2010-03-12 11:10:00,2010-03-12 11:15:00,B2.5,"(0, 0)",0,,,,,,,,,,,,,,False,False,False,False,,,,NoLocation,"[0.0, nan, nan]"
327,327,2010-03-12,2010-03-12 13:17:00,2010-03-12 13:25:00,2010-03-12 13:31:00,B1.4,"(0, 0)",0,,,,,,,,,,,,,,False,False,False,False,,,,NoLocation,"[0.0, nan, nan]"
328,328,2010-03-12,2010-03-12 13:42:00,2010-03-12 13:46:00,2010-03-12 13:51:00,B1.9,"(0, 0)",0,,,,,,,,,,,,,,False,False,False,False,,,,NoLocation,"[0.0, nan, nan]"
329,329,2010-03-12,2010-03-12 14:47:00,2010-03-12 14:53:00,2010-03-12 15:03:00,B3.3,"(0, 0)",0,,,,,,,,,,,,,,False,False,False,False,,,,NoLocation,"[0.0, nan, nan]"
330,330,2010-03-12,2010-03-12 15:24:00,2010-03-12 15:31:00,2010-03-12 15:36:00,B3.2,"(0, 0)",0,,,,,,,,,,,,,,False,False,False,False,,,,NoLocation,"[0.0, nan, nan]"
331,331,2010-03-12,2010-03-12 16:24:00,2010-03-12 16:29:00,2010-03-12 16:39:00,B4.3,"(0, 0)",0,,,,,,,,,,,,,,False,False,False,False,,,,NoLocation,"[0.0, nan, nan]"
332,332,2010-03-12,2010-03-12 18:02:00,2010-03-12 18:27:00,2010-03-12 18:45:00,C2.3,"(-33, 13)",11054,-514.116334691178,315.56461767459894,,,,,,,,,,,,False,False,False,False,"(-33, 13)",-33.0,13.0,GOES,"[11054.0, nan, nan]"
333,333,2010-03-13,2010-03-13 02:31:00,2010-03-13 02:58:00,2010-03-13 03:14:00,B8.7,"(-27, 13)",11054,-428.6085608000867,321.740936957053,,,,,,,,,,,,False,False,False,False,"(-27, 13)",-27.0,13.0,GOES,"[11054.0, nan, nan]"
334,334,2010-03-13,2010-03-13 09:47:00,2010-03-13 09:50:00,2010-03-13 09:59:00,B2.4,"(0, 0)",0,,,,,,,,,,,,,,False,False,False,False,,,,NoLocation,"[0.0, nan, nan]"
335,335,2010-03-13,2010-03-13 09:59:00,2010-03-13 10:04:00,2010-03-13 10:07:00,B3.6,"(0, 0)",0,,,,,,,,,,,,,,False,False,False,False,,,,NoLocation,"[0.0, nan, nan]"
336,336,2010-03-13,2010-03-13 15:45:00,2010-03-13 15:52:00,2010-03-13 16:01:00,B5.4,"(0, 0)",0,,,,,,,,,,,,,,False,False,False,False,,,,NoLocation,"[0.0, nan, nan]"
337,337,2010-03-13,2010-03-13 19:14:00,2010-03-13 19:17:00,2010-03-13 19:20:00,B2.2,"(0, 0)",0,,,,,,,,,,,,,,False,False,False,False,,,,NoLocation,"[0.0, nan, nan]"
338,338,2010-03-13,2010-03-13 20:17:00,2010-03-13 20:22:00,2010-03-13 20:25:00,B4.0,"(0, 0)",0,,,,,,,,,,,,,,False,False,False,False,,,,NoLocation,"[0.0, nan, nan]"
339,339,2010-03-13,2010-03-13 23:35:00,2010-03-13 23:49:00,2010-03-14 00:23:00,C1.5,"(-15, 14)",11054,-243.34465900273065,346.2677335090592,,,,,,,,,,,,False,False,False,False,"(-15, 14)",-15.0,14.0,GOES,"[11054.0, nan, nan]"
340,340,2010-03-14,2010-03-14 03:28:00,2010-03-14 03:36:00,2010-03-14 03:41:00,B3.1,"(0, 0)",0,,,,,,,,,,,,,,False,False,False,False,,,,NoLocation,"[0.0, nan, nan]"
341,341,2010-03-14,2010-03-14 03:28:00,2010-03-14 03:36:00,2010-03-14 03:41:00,B3.1,"(0, 0)",0,,,,,,,,,,,,,,False,False,False,False,,,,NoLocation,"[0.0, nan, nan]"
342,342,2010-03-14,2010-03-14 03:28:00,2010-03-14 03:36:00,2010-03-14 03:41:00,B3.1,"(0, 0)",0,,,,,,,,,,,,,,False,False,False,False,,,,NoLocation,"[0.0, nan, nan]"
343,343,2010-03-14,2010-03-14 04:07:00,2010-03-14 04:20:00,2010-03-14 04:24:00,C1.3,"(-15, 13)",11054,-244.36072755302305,330.3743903334891,,,,,,,,,,,,False,False,False,False,"(-15, 13)",-15.0,13.0,GOES,"[11054.0, nan, nan]"
344,344,2010-03-14,2010-03-14 05:20:00,2010-03-14 05:24:00,2010-03-14 05:29:00,B3.3,"(-11, 13)",11054,-180.16027622413824,332.2353234833656,,,,,,,,,,,,False,False,False,False,"(-11, 13)",-11.0,13.0,GOES,"[11054.0, nan, nan]"
345,345,2010-03-14,2010-03-14 05:43:00,2010-03-14 05:49:00,2010-03-14 05:51:00,B5.2,"(0, 0)",11054,,,,,,,,,,,,,,False,False,False,False,,,,NoLocation,"[11054.0, nan, nan]"
346,346,2010-03-14,2010-03-14 07:45:00,2010-03-14 07:54:00,2010-03-14 07:59:00,B2.4,"(0, 0)",11054,,,,,,,,,,,,,,False,False,False,False,,,,NoLocation,"[11054.0, nan, nan]"
347,347,2010-03-14,2010-03-14 11:47:00,2010-03-14 12:02:00,2010-03-14 12:30:00,B7.9,"(0, 0)",11054,,,,,,,,,,,,,,False,False,False,False,,,,NoLocation,"[11054.0, nan, nan]"
348,348,2010-03-14,2010-03-14 17:04:00,2010-03-14 17:13:00,2010-03-14 17:22:00,B2.1,"(0, 0)",11054,,,,,,,,,,,,,,False,False,False,False,,,,NoLocation,"[11054.0, nan, nan]"
349,349,2010-03-15,2010-03-15 03:34:00,2010-03-15 03:38:00,2010-03-15 03:41:00,B1.4,"(0, 0)",0,,,,,,,,,,,,,,False,False,False,False,,,,NoLocation,"[0.0, nan, nan]"
350,350,2010-03-15,2010-03-15 03:49:00,2010-03-15 03:55:00,2010-03-15 03:59:00,B1.6,"(0, 0)",0,,,,,,,,,,,,,,False,False,False,False,,,,NoLocation,"[0.0, nan, nan]"
351,351,2010-03-15,2010-03-15 08:34:00,2010-03-15 08:40:00,2010-03-15 08:46:00,B1.7,"(0, 0)",0,,,,,,,,,,,,,,False,False,False,False,,,,NoLocation,"[0.0, nan, nan]"
352,352,2010-03-15,2010-03-15 18:00:00,2010-03-15 18:03:00,2010-03-15 18:06:00,B2.4,"(0, 0)",0,,,,,,,,,,,,,,False,False,False,False,,,,NoLocation,"[0.0, nan, nan]"
353,353,2010-03-15,2010-03-15 20:54:00,2010-03-15 20:58:00,2010-03-15 21:00:00,B1.8,"(0, 0)",0,,,,,,,,,,,,,,False,False,False,False,,,,NoLocation,"[0.0, nan, nan]"
354,354,2010-03-15,2010-03-15 21:49:00,2010-03-15 21:53:00,2010-03-15 21:56:00,B2.7,"(0, 0)",0,,,,,,,,,,,,,,False,False,False,False,,,,NoLocation,"[0.0, nan, nan]"
355,355,2010-03-17,2010-03-17 12:46:00,2010-03-17 12:51:00,2010-03-17 13:02:00,B1.6,"(0, 0)",0,,,,,,,,,,,,,,False,False,False,False,,,,NoLocation,"[0.0, nan, nan]"
356,356,2010-03-17,2010-03-17 15:21:00,2010-03-17 15:24:00,2010-03-17 15:28:00,B1.0,"(0, 0)",0,,,,,,,,,,,,,,False,False,False,False,,,,NoLocation,"[0.0, nan, nan]"
357,357,2010-03-18,2010-03-18 05:43:00,2010-03-18 06:10:00,2010-03-18 06:28:00,B4.0,"(0, 0)",0,,,,,,,,,,,,,,False,False,False,False,,,,NoLocation,"[0.0, nan, nan]"
358,358,2010-03-18,2010-03-18 11:09:00,2010-03-18 11:15:00,2010-03-18 11:18:00,B5.3,"(0, 0)",0,,,,,,,,,,,,,,False,False,False,False,,,,NoLocation,"[0.0, nan, nan]"
359,359,2010-03-18,2010-03-18 12:33:00,2010-03-18 12:53:00,2010-03-18 13:06:00,B7.5,"(0, 0)",11054,,,,,,,,,,,,,,False,False,False,False,,,,NoLocation,"[11054.0, nan, nan]"
360,360,2010-03-18,2010-03-18 14:08:00,2010-03-18 14:11:00,2010-03-18 14:15:00,B2.1,"(0, 0)",0,,,,,,,,,,,,,,False,False,False,False,,,,NoLocation,"[0.0, nan, nan]"
361,361,2010-03-18,2010-03-18 14:34:00,2010-03-18 14:43:00,2010-03-18 14:50:00,B5.4,"(0, 0)",0,,,,,,,,,,,,,,False,False,False,False,,,,NoLocation,"[0.0, nan, nan]"
362,362,2010-03-18,2010-03-18 18:00:00,2010-03-18 18:12:00,2010-03-18 18:20:00,B3.9,"(0, 0)",0,,,,,,,,,,,,,,False,False,False,False,,,,NoLocation,"[0.0, nan, nan]"
363,363,2010-03-18,2010-03-18 22:43:00,2010-03-18 22:48:00,2010-03-18 22:51:00,B1.2,"(0, 0)",0,,,,,,,,,,,,,,False,False,False,False,,,,NoLocation,"[0.0, nan, nan]"
364,364,2010-03-18,2010-03-18 22:56:00,2010-03-18 23:08:00,2010-03-18 23:15:00,B7.0,"(57, 19)",11054,765.7963790379355,373.3350314385364,,,,,,,,,,,,False,False,False,False,"(57, 19)",57.0,19.0,GOES,"[11054.0, nan, nan]"
365,365,2010-03-19,2010-03-19 04:55:00,2010-03-19 04:58:00,2010-03-19 05:04:00,B1.4,"(0, 0)",0,,,,,,,,,,,,,,False,False,False,False,,,,NoLocation,"[0.0, nan, nan]"
366,366,2010-03-19,2010-03-19 08:32:00,2010-03-19 08:35:00,2010-03-19 08:45:00,B1.2,"(61, 15)",11054,815.622965555757,303.6396449840277,,,,,,,,,,,,False,False,False,False,"(61, 15)",61.0,15.0,GOES,"[11054.0, nan, nan]"
367,367,2010-03-20,2010-03-20 21:45:00,2010-03-20 21:58:00,2010-03-20 22:07:00,B4.2,"(0, 0)",0,,,,,,,,,,,,,,False,False,False,False,,,,NoLocation,"[0.0, nan, nan]"
368,368,2010-03-20,2010-03-20 23:04:00,2010-03-20 23:12:00,2010-03-20 23:22:00,B8.1,"(-6, 17)",11056,-96.67945302161388,393.1512343021351,,,,,,,,,,,,False,False,False,False,"(-6, 17)",-6.0,17.0,GOES,"[11056.0, nan, nan]"
369,369,2010-03-21,2010-03-21 00:09:00,2010-03-21 00:18:00,2010-03-21 00:25:00,B5.5,"(0, 0)",0,,,,,,,,,,,,,,False,False,False,False,,,,NoLocation,"[0.0, nan, nan]"
370,370,2010-03-21,2010-03-21 00:42:00,2010-03-21 00:46:00,2010-03-21 00:48:00,B3.8,"(0, 0)",0,,,,,,,,,,,,,,False,False,False,False,,,,NoLocation,"[0.0, nan, nan]"
371,371,2010-03-21,2010-03-21 01:12:00,2010-03-21 01:24:00,2010-03-21 01:33:00,B6.5,"(-4, 18)",11056,-64.16152657591738,408.7930945402142,,,,,,,,,,,,False,False,False,False,"(-4, 18)",-4.0,18.0,GOES,"[11056.0, nan, nan]"
372,372,2010-03-21,2010-03-21 02:21:00,2010-03-21 02:29:00,2010-03-21 02:38:00,B3.0,"(0, 0)",0,,,,,,,,,,,,,,False,False,False,False,,,,NoLocation,"[0.0, nan, nan]"
373,373,2010-03-21,2010-03-21 04:47:00,2010-03-21 05:04:00,2010-03-21 05:18:00,B4.6,"(0, 0)",0,,,,,,,,,,,,,,False,False,False,False,,,,NoLocation,"[0.0, nan, nan]"
374,374,2010-03-21,2010-03-21 05:56:00,2010-03-21 06:00:00,2010-03-21 06:03:00,B3.2,"(0, 0)",0,,,,,,,,,,,,,,False,False,False,False,,,,NoLocation,"[0.0, nan, nan]"
375,375,2010-03-21,2010-03-21 08:31:00,2010-03-21 09:00:00,2010-03-21 09:16:00,B6.8,"(0, 0)",11056,,,,,,,,,,,,,,False,False,False,False,,,,NoLocation,"[11056.0, nan, nan]"
376,376,2010-03-21,2010-03-21 14:26:00,2010-03-21 14:31:00,2010-03-21 14:42:00,B1.6,"(0, 0)",0,,,,,,,,,,,,,,False,False,False,False,,,,NoLocation,"[0.0, nan, nan]"
377,377,2010-03-21,2010-03-21 17:52:00,2010-03-21 18:17:00,2010-03-21 18:31:00,B2.2,"(0, 0)",0,,,,,,,,,,,,,,False,False,False,False,,,,NoLocation,"[0.0, nan, nan]"
378,378,2010-03-21,2010-03-21 20:06:00,2010-03-21 20:14:00,2010-03-21 20:17:00,B1.3,"(0, 0)",0,,,,,,,,,,,,,,False,False,False,False,,,,NoLocation,"[0.0, nan, nan]"
379,379,2010-03-21,2010-03-21 23:40:00,2010-03-21 23:45:00,2010-03-21 23:48:00,B1.6,"(0, 0)",0,,,,,,,,,,,,,,False,False,False,False,,,,NoLocation,"[0.0, nan, nan]"
380,380,2010-03-22,2010-03-22 00:09:00,2010-03-22 00:12:00,2010-03-22 00:14:00,B1.0,"(0, 0)",0,,,,,,,,,,,,,,False,False,False,False,,,,NoLocation,"[0.0, nan, nan]"
381,381,2010-03-22,2010-03-22 01:39:00,2010-03-22 01:44:00,2010-03-22 01:48:00,B1.3,"(0, 0)",0,,,,,,,,,,,,,,False,False,False,False,,,,NoLocation,"[0.0, nan, nan]"
382,382,2010-03-22,2010-03-22 04:10:00,2010-03-22 04:13:00,2010-03-22 04:19:00,B1.0,"(0, 0)",0,,,,,,,,,,,,,,False,False,False,False,,,,NoLocation,"[0.0, nan, nan]"
383,383,2010-03-22,2010-03-22 16:07:00,2010-03-22 16:10:00,2010-03-22 16:13:00,B1.0,"(0, 0)",0,,,,,,,,,,,,,,False,False,False,False,,,,NoLocation,"[0.0, nan, nan]"
384,384,2010-03-23,2010-03-23 08:59:00,2010-03-23 09:10:00,2010-03-23 09:17:00,B2.5,"(0, 0)",0,,,,,,,,,,,,,,False,False,False,False,,,,NoLocation,"[0.0, nan, nan]"
385,385,2010-03-23,2010-03-23 14:44:00,2010-03-23 14:47:00,2010-03-23 14:49:00,B2.5,"(0, 0)",0,,,,,,,,,,,,,,False,False,False,False,,,,NoLocation,"[0.0, nan, nan]"
386,386,2010-03-23,2010-03-23 18:58:00,2010-03-23 19:21:00,2010-03-23 20:00:00,B5.9,"(0, 0)",11057,,,,,,,,,,,,,,False,False,False,False,,,,NoLocation,"[11057.0, nan, nan]"
387,387,2010-03-23,2010-03-23 22:58:00,2010-03-23 23:01:00,2010-03-23 23:03:00,B2.7,"(0, 0)",0,,,,,,,,,,,,,,False,False,False,False,,,,NoLocation,"[0.0, nan, nan]"
388,388,2010-03-24,2010-03-24 13:26:00,2010-03-24 13:30:00,2010-03-24 13:34:00,B1.3,"(0, 0)",0,,,,,,,,,,,,,,False,False,False,False,,,,NoLocation,"[0.0, nan, nan]"
389,389,2010-03-24,2010-03-24 13:55:00,2010-03-24 13:58:00,2010-03-24 14:01:00,B1.4,"(0, 0)",0,,,,,,,,,,,,,,False,False,False,False,,,,NoLocation,"[0.0, nan, nan]"
390,390,2010-03-24,2010-03-24 14:31:00,2010-03-24 14:34:00,2010-03-24 14:41:00,B1.8,"(0, 0)",0,,,,,,,,,,,,,,False,False,False,False,,,,NoLocation,"[0.0, nan, nan]"
391,391,2010-03-24,2010-03-24 16:09:00,2010-03-24 16:14:00,2010-03-24 16:19:00,B1.8,"(0, 0)",0,,,,,,,,,,,,,,False,False,False,False,,,,NoLocation,"[0.0, nan, nan]"
392,392,2010-03-25,2010-03-25 03:51:00,2010-03-25 04:33:00,2010-03-25 04:55:00,B7.3,"(0, 0)",11057,,,,,,,,,,,,,,False,False,False,False,,,,NoLocation,"[11057.0, nan, nan]"
393,393,2010-03-25,2010-03-25 07:52:00,2010-03-25 07:55:00,2010-03-25 07:58:00,B1.2,"(0, 0)",0,,,,,,,,,,,,,,False,False,False,False,,,,NoLocation,"[0.0, nan, nan]"
394,394,2010-03-25,2010-03-25 10:53:00,2010-03-25 11:06:00,2010-03-25 11:16:00,B3.2,"(0, 0)",11057,,,,,,,,,,,,,,False,False,False,False,,,,NoLocation,"[11057.0, nan, nan]"
395,395,2010-03-25,2010-03-25 14:03:00,2010-03-25 14:13:00,2010-03-25 14:25:00,B3.6,"(-49, 16)",11057,-699.7212210204452,336.5824191947261,,,,,,,,,,,,False,False,False,False,"(-49, 16)",-49.0,16.0,GOES,"[11057.0, nan, nan]"
396,396,2010-03-25,2010-03-25 14:32:00,2010-03-25 14:37:00,2010-03-25 14:43:00,B6.0,"(0, 0)",11057,,,,,,,,,,,,,,False,False,False,False,,,,NoLocation,"[11057.0, nan, nan]"
397,397,2010-03-25,2010-03-25 15:00:00,2010-03-25 15:04:00,2010-03-25 15:09:00,B4.5,"(0, 0)",11057,,,,,,,,,,,,,,False,False,False,False,,,,NoLocation,"[11057.0, nan, nan]"
398,398,2010-03-25,2010-03-25 22:39:00,2010-03-25 22:44:00,2010-03-25 22:47:00,B1.7,"(0, 0)",11057,,,,,,,,,,,,,,False,False,False,False,,,,NoLocation,"[11057.0, nan, nan]"
399,399,2010-03-26,2010-03-26 02:14:00,2010-03-26 02:23:00,2010-03-26 02:41:00,B3.0,"(0, 0)",11057,,,,,,,,,,,,,,False,False,False,False,,,,NoLocation,"[11057.0, nan, nan]"
400,400,2010-03-26,2010-03-26 19:04:00,2010-03-26 19:22:00,2010-03-26 19:34:00,B1.3,"(0, 0)",0,,,,,,,,,,,,,,False,False,False,False,,,,NoLocation,"[0.0, nan, nan]"
401,401,2010-03-26,2010-03-26 21:08:00,2010-03-26 21:16:00,2010-03-26 21:19:00,C2.5,"(0, 0)",11057,,,,,,,,,,,,,,False,False,False,False,,,,NoLocation,"[11057.0, nan, nan]"
402,402,2010-03-26,2010-03-26 22:34:00,2010-03-26 22:38:00,2010-03-26 22:42:00,B2.0,"(0, 0)",0,,,,,,,,,,,,,,False,False,False,False,,,,NoLocation,"[0.0, nan, nan]"
403,403,2010-03-26,2010-03-26 23:34:00,2010-03-26 23:38:00,2010-03-26 23:41:00,B3.1,"(0, 0)",0,,,,,,,,,,,,,,False,False,False,False,,,,NoLocation,"[0.0, nan, nan]"
404,404,2010-03-27,2010-03-27 00:08:00,2010-03-27 00:11:00,2010-03-27 00:15:00,B2.1,"(0, 0)",0,,,,,,,,,,,,,,False,False,False,False,,,,NoLocation,"[0.0, nan, nan]"
405,405,2010-03-27,2010-03-27 01:40:00,2010-03-27 01:43:00,2010-03-27 01:47:00,B1.7,"(0, 0)",0,,,,,,,,,,,,,,False,False,False,False,,,,NoLocation,"[0.0, nan, nan]"
406,406,2010-03-27,2010-03-27 01:49:00,2010-03-27 01:52:00,2010-03-27 01:54:00,B2.6,"(0, 0)",0,,,,,,,,,,,,,,False,False,False,False,,,,NoLocation,"[0.0, nan, nan]"
407,407,2010-03-27,2010-03-27 04:34:00,2010-03-27 04:37:00,2010-03-27 04:41:00,B2.1,"(0, 0)",0,,,,,,,,,,,,,,False,False,False,False,,,,NoLocation,"[0.0, nan, nan]"
408,408,2010-03-27,2010-03-27 05:12:00,2010-03-27 05:15:00,2010-03-27 05:18:00,C1.2,"(0, 0)",11057,,,,,,,,,,,,,,False,False,False,False,,,,NoLocation,"[11057.0, nan, nan]"
409,409,2010-03-27,2010-03-27 07:54:00,2010-03-27 07:57:00,2010-03-27 08:00:00,C2.0,"(-27, 15)",11057,-423.2052959636785,346.1411187629942,,,,,,,,,,,,False,False,False,False,"(-27, 15)",-27.0,15.0,GOES,"[11057.0, nan, nan]"
410,410,2010-03-27,2010-03-27 09:40:00,2010-03-27 09:43:00,2010-03-27 09:46:00,B2.4,"(0, 0)",0,,,,,,,,,,,,,,False,False,False,False,,,,NoLocation,"[0.0, nan, nan]"
411,411,2010-03-27,2010-03-27 10:05:00,2010-03-27 10:14:00,2010-03-27 10:18:00,C1.5,"(0, 0)",11057,,,,,,,,,,,,,,False,False,False,False,,,,NoLocation,"[11057.0, nan, nan]"
412,412,2010-03-27,2010-03-27 12:17:00,2010-03-27 12:21:00,2010-03-27 12:24:00,B3.1,"(0, 0)",11057,,,,,,,,,,,,,,False,False,False,False,,,,NoLocation,"[11057.0, nan, nan]"
413,413,2010-03-27,2010-03-27 13:03:00,2010-03-27 13:14:00,2010-03-27 13:22:00,B1.8,"(0, 0)",0,,,,,,,,,,,,,,False,False,False,False,,,,NoLocation,"[0.0, nan, nan]"
414,414,2010-03-27,2010-03-27 18:23:00,2010-03-27 18:29:00,2010-03-27 18:33:00,C3.8,"(-22, 14)",11057,-350.8080395839643,334.1313493469585,,,,,,,,,,,,False,False,False,False,"(-22, 14)",-22.0,14.0,GOES,"[11057.0, nan, nan]"
415,415,2010-03-28,2010-03-28 01:24:00,2010-03-28 01:28:00,2010-03-28 01:32:00,B1.4,"(0, 0)",0,,,,,,,,,,,,,,False,False,False,False,,,,NoLocation,"[0.0, nan, nan]"
416,416,2010-03-28,2010-03-28 03:27:00,2010-03-28 03:34:00,2010-03-28 03:39:00,B3.8,"(0, 0)",11057,,,,,,,,,,,,,,False,False,False,False,,,,NoLocation,"[11057.0, nan, nan]"
417,417,2010-03-28,2010-03-28 05:39:00,2010-03-28 05:44:00,2010-03-28 05:48:00,B4.0,"(0, 0)",0,,,,,,,,,,,,,,False,False,False,False,,,,NoLocation,"[0.0, nan, nan]"
418,418,2010-03-28,2010-03-28 09:32:00,2010-03-28 09:37:00,2010-03-28 09:40:00,B3.3,"(-12, 16)",11057,-192.8888854701072,370.6192140806,,,,,,,,,,,,False,False,False,False,"(-12, 16)",-12.0,16.0,GOES,"[11057.0, nan, nan]"
419,419,2010-03-28,2010-03-28 10:47:00,2010-03-28 10:53:00,2010-03-28 10:58:00,B2.8,"(0, 0)",0,,,,,,,,,,,,,,False,False,False,False,,,,NoLocation,"[0.0, nan, nan]"
420,420,2010-03-28,2010-03-28 11:39:00,2010-03-28 11:46:00,2010-03-28 11:54:00,B2.4,"(0, 0)",0,,,,,,,,,,,,,,False,False,False,False,,,,NoLocation,"[0.0, nan, nan]"
421,421,2010-03-30,2010-03-30 12:35:00,2010-03-30 12:40:00,2010-03-30 12:44:00,B1.3,"(0, 0)",0,,,,,,,,,,,,,,False,False,False,False,,,,NoLocation,"[0.0, nan, nan]"
422,422,2010-04-02,2010-04-02 23:57:00,2010-04-03 00:02:00,2010-04-03 00:04:00,B1.7,"(0, 0)",11057,,,,,,,,,,,,,,False,False,False,False,,,,NoLocation,"[11057.0, nan, nan]"
423,423,2010-04-03,2010-04-03 09:04:00,2010-04-03 09:54:00,2010-04-03 10:58:00,B7.4,"(0, 0)",11059,,,,,,,,,,,,,,False,False,False,False,,,,NoLocation,"[11059.0, nan, nan]"
424,424,2010-04-05,2010-04-05 00:43:00,2010-04-05 00:48:00,2010-04-05 00:53:00,B1.4,"(0, 0)",0,,,,,,,,,,,,,,False,False,False,False,,,,NoLocation,"[0.0, nan, nan]"
425,425,2010-04-05,2010-04-05 08:45:00,2010-04-05 08:50:00,2010-04-05 08:53:00,B1.1,"(0, 0)",0,,,,,,,,,,,,,,False,False,False,False,,,,NoLocation,"[0.0, nan, nan]"
426,426,2010-04-05,2010-04-05 11:19:00,2010-04-05 11:23:00,2010-04-05 11:28:00,B1.3,"(0, 0)",0,,,,,,,,,,,,,,False,False,False,False,,,,NoLocation,"[0.0, nan, nan]"
427,427,2010-04-05,2010-04-05 12:44:00,2010-04-05 12:49:00,2010-04-05 12:54:00,B1.8,"(0, 0)",0,,,,,,,,,,,,,,False,False,False,False,,,,NoLocation,"[0.0, nan, nan]"
428,428,2010-04-05,2010-04-05 16:52:00,2010-04-05 16:57:00,2010-04-05 17:08:00,B1.1,"(0, 0)",0,,,,,,,,,,,,,,False,False,False,False,,,,NoLocation,"[0.0, nan, nan]"
429,429,2010-04-06,2010-04-06 03:53:00,2010-04-06 04:02:00,2010-04-06 04:10:00,B1.5,"(0, 0)",11060,,,,,,,,,,,,,,False,False,False,False,,,,NoLocation,"[11060.0, nan, nan]"
430,430,2010-04-08,2010-04-08 02:30:00,2010-04-08 03:25:00,2010-04-08 03:50:00,B3.7,"(0, 0)",11060,,,,,,,,,,,,,,False,False,False,False,,,,NoLocation,"[11060.0, nan, nan]"
431,431,2010-04-09,2010-04-09 04:44:00,2010-04-09 04:55:00,2010-04-09 05:02:00,B3.7,"(-1, 24)",11060,-15.332182340323923,481.5960532150495,,,,,,,,,,,,False,False,False,False,"(-1, 24)",-1.0,24.0,GOES,"[11060.0, nan, nan]"
432,432,2010-04-09,2010-04-09 20:18:00,2010-04-09 20:21:00,2010-04-09 20:23:00,B1.0,"(0, 0)",0,,,,,,,,,,,,,,False,False,False,False,,,,NoLocation,"[0.0, nan, nan]"
433,433,2010-04-09,2010-04-09 20:32:00,2010-04-09 20:35:00,2010-04-09 20:40:00,B1.0,"(0, 0)",0,,,,,,,,,,,,,,False,False,False,False,,,,NoLocation,"[0.0, nan, nan]"
434,434,2010-04-13,2010-04-13 04:39:00,2010-04-13 04:43:00,2010-04-13 04:49:00,B3.7,"(0, 0)",11062,,,,,,,,,,,,,,False,False,False,False,,,,NoLocation,"[11062.0, nan, nan]"
435,435,2010-04-17,2010-04-17 04:37:00,2010-04-17 05:57:00,2010-04-17 07:12:00,B2.1,"(0, 0)",0,,,,,,,,,,,,,,False,False,False,False,,,,NoLocation,"[0.0, nan, nan]"
436,436,2010-04-17,2010-04-17 21:34:00,2010-04-18 02:18:00,2010-04-18 04:16:00,B1.3,"(0, 0)",0,,,,,,,,,,,,,,False,False,False,False,,,,NoLocation,"[0.0, nan, nan]"
437,437,2010-04-24,2010-04-24 22:56:00,2010-04-24 23:01:00,2010-04-24 23:07:00,B1.1,"(0, 0)",0,,,,,,,,,,,,,,False,False,False,False,,,,NoLocation,"[0.0, nan, nan]"
438,438,2010-04-30,2010-04-30 00:17:00,2010-04-30 00:21:00,2010-04-30 00:27:00,B1.8,"(0, 0)",11064,,,,,,,,,,,,,,False,False,False,False,,,,NoLocation,"[11064.0, nan, nan]"
439,439,2010-04-30,2010-04-30 19:28:00,2010-04-30 19:34:00,2010-04-30 19:38:00,C2.2,"(0, 0)",11067,,,,,,,,,,,,,,False,False,False,False,,,,NoLocation,"[11067.0, nan, nan]"
440,440,2010-05-01,2010-05-01 01:34:00,2010-05-01 01:39:00,2010-05-01 01:43:00,C5.7,"(-73, 23)",11067,-839.0795797728933,390.164110027062,,,,,,19980.0,19.053112297182516,-848.0,407.0,11067.0,,False,True,True,False,"(-73, 23)",-73.0,23.0,GOES,"[11067.0, nan, 11067.0]"
441,441,2010-05-01,2010-05-01 05:23:00,2010-05-01 05:27:00,2010-05-01 05:31:00,B1.6,"(0, 0)",11064,,,,,,,,19990.0,,-833.0,407.0,11064.0,,False,False,False,False,"(-73.28701984464556, 24.143984987003837)",-73.28701984464556,24.143984987003837,XRT,"[11064.0, nan, 11064.0]"
442,442,2010-05-01,2010-05-01 09:48:00,2010-05-01 09:52:00,2010-05-01 09:59:00,B1.0,"(0, 0)",11067,,,,,,,,20000.0,,-831.0,430.0,11067.0,,False,False,False,False,"(-75.75337312670985, 25.873488814888663)",-75.75337312670985,25.873488814888663,XRT,"[11067.0, nan, 11067.0]"
443,443,2010-05-02,2010-05-02 06:03:00,2010-05-02 06:09:00,2010-05-02 06:18:00,B2.9,"(0, 0)",11067,,,,,,,,20010.0,,-759.0,430.0,11067.0,,False,False,False,False,"(-61.34546040471025, 24.907164639677738)",-61.34546040471025,24.907164639677738,XRT,"[11067.0, nan, 11067.0]"
444,444,2010-05-02,2010-05-02 10:02:00,2010-05-02 10:09:00,2010-05-02 10:15:00,B3.8,"(0, 0)",11067,,,,,,,,20020.0,,-735.0,430.0,11067.0,,False,False,False,False,"(-58.02042543822063, 24.70339397821226)",-58.02042543822063,24.70339397821226,XRT,"[11067.0, nan, 11067.0]"
445,445,2010-05-02,2010-05-02 15:09:00,2010-05-02 15:14:00,2010-05-02 15:20:00,B1.1,"(0, 0)",0,,,,,,,,20030.0,,-917.0,-296.0,,,False,False,False,False,"(nan, nan)",,,XRT,"[0.0, nan, nan]"
446,446,2010-05-02,2010-05-02 16:22:00,2010-05-02 16:26:00,2010-05-02 16:29:00,B1.9,"(0, 0)",0,,,,,,,,20040.0,,-717.0,419.0,,,False,False,False,False,"(-55.24056181540624, 23.80782114810572)",-55.24056181540624,23.80782114810572,XRT,"[0.0, nan, nan]"
447,447,2010-05-02,2010-05-02 17:55:00,2010-05-02 17:59:00,2010-05-02 18:10:00,B1.2,"(0, 0)",0,,,,,,,,20050.0,,-695.0,451.0,,,False,False,False,False,"(-54.09518225618308, 25.908988436291732)",-54.09518225618308,25.908988436291732,XRT,"[0.0, nan, nan]"
448,448,2010-05-02,2010-05-02 20:55:00,2010-05-02 21:00:00,2010-05-02 21:03:00,B1.4,"(0, 0)",0,,,,,,,,20060.0,,-682.0,427.0,,,False,False,False,False,"(-51.56794885696428, 24.14092536648422)",-51.56794885696428,24.14092536648422,XRT,"[0.0, nan, nan]"
449,449,2010-05-02,2010-05-02 21:42:00,2010-05-02 21:53:00,2010-05-02 21:58:00,B1.5,"(0, 0)",0,,,,,,,,20070.0,,-680.0,429.0,,,False,False,False,False,"(-51.429835368148645, 24.270262894017865)",-51.429835368148645,24.270262894017865,XRT,"[0.0, nan, nan]"
450,450,2010-05-03,2010-05-03 12:52:00,2010-05-03 12:57:00,2010-05-03 13:02:00,B2.0,"(0, 0)",11063,,,,,,,,20080.0,,671.0,317.0,11063.0,,False,False,False,False,"(47.24824231347578, 16.75497701770571)",47.24824231347578,16.75497701770571,XRT,"[11063.0, nan, 11063.0]"
451,451,2010-05-03,2010-05-03 13:38:00,2010-05-03 13:41:00,2010-05-03 13:43:00,B1.5,"(0, 0)",0,,,,,,,,20090.0,,697.0,323.0,,,False,False,False,False,"(49.91053481341117, 17.282639865132897)",49.91053481341117,17.282639865132897,XRT,"[0.0, nan, nan]"
452,452,2010-05-03,2010-05-03 15:00:00,2010-05-03 15:04:00,2010-05-03 15:07:00,B1.4,"(0, 0)",0,,,,,,,,20100.0,,-151.0,-370.0,,,False,False,False,False,"(-10.183715038193554, -26.64532759024002)",-10.183715038193554,-26.64532759024002,XRT,"[0.0, nan, nan]"
453,453,2010-05-03,2010-05-03 21:50:00,2010-05-03 21:53:00,2010-05-03 21:56:00,B1.0,"(0, 0)",11066,,,,,,,,20110.0,,-64.0,-373.0,11066.0,,False,False,False,False,"(-4.3059099683030695, -26.86111532322896)",-4.3059099683030695,-26.86111532322896,XRT,"[11066.0, nan, 11066.0]"
454,454,2010-05-04,2010-05-04 04:42:00,2010-05-04 04:46:00,2010-05-04 04:49:00,B1.7,"(0, 0)",11068,,,,,,,,20120.0,,-873.0,-295.0,11068.0,,False,False,False,False,"(-75.82017244381677, -19.030066021678824)",-75.82017244381677,-19.030066021678824,XRT,"[11068.0, nan, 11068.0]"
455,455,2010-05-04,2010-05-04 11:00:00,2010-05-04 11:18:00,2010-05-04 11:32:00,B2.0,"(0, 0)",11069,,,,,,,,,,,,,,False,False,False,False,,,,NoLocation,"[11069.0, nan, nan]"
456,456,2010-05-04,2010-05-04 12:05:00,2010-05-04 12:09:00,2010-05-04 12:12:00,B1.3,"(0, 0)",11069,,,,,,,,20150.0,,285.0,677.0,11069.0,,False,False,False,False,"(23.584818999799246, 41.70639506735835)",23.584818999799246,41.70639506735835,XRT,"[11069.0, nan, 11069.0]"
457,457,2010-05-04,2010-05-04 12:39:00,2010-05-04 12:44:00,2010-05-04 12:51:00,B1.7,"(0, 0)",11069,,,,,,,,20160.0,,298.0,665.0,11069.0,,False,False,False,False,"(24.333579396157045, 40.714222745563596)",24.333579396157045,40.714222745563596,XRT,"[11069.0, nan, 11069.0]"
458,458,2010-05-04,2010-05-04 14:13:00,2010-05-04 14:20:00,2010-05-04 14:25:00,B2.4,"(0, 0)",11069,,,,,,,,20170.0,,278.0,666.0,11069.0,,False,False,False,False,"(22.62016106410141, 40.754871313374274)",22.62016106410141,40.754871313374274,XRT,"[11069.0, nan, 11069.0]"
459,459,2010-05-04,2010-05-04 16:15:00,2010-05-04 16:29:00,2010-05-04 16:34:00,C3.6,"(23, 41)",11069,281.36141552262774,668.6742104804416,,,,,,20180.0,6.6727328460792785,288.0,668.0,11069.0,,False,True,True,False,"(23, 41)",23.0,41.0,GOES,"[11069.0, nan, 11069.0]"
460,460,2010-05-04,2010-05-04 19:11:00,2010-05-05 00:23:00,2010-05-05 00:34:00,B1.6,"(0, 0)",11069,,,,,,,,,,,,,,False,False,False,False,,,,NoLocation,"[11069.0, nan, nan]"
461,461,2010-05-05,2010-05-05 00:55:00,2010-05-05 01:05:00,2010-05-05 01:11:00,B1.6,"(0, 0)",11069,,,,,,,,20190.0,,334.0,672.0,11069.0,,False,False,False,False,"(27.860900925109195, 41.4749401772333)",27.860900925109195,41.4749401772333,XRT,"[11069.0, nan, 11069.0]"
462,462,2010-05-05,2010-05-05 07:09:00,2010-05-05 07:16:00,2010-05-05 07:20:00,C2.3,"(0, 0)",11069,,,,,,,,20200.0,,370.0,671.0,11069.0,,False,False,False,False,"(31.21712068954563, 41.53736976368798)",31.21712068954563,41.53736976368798,XRT,"[11069.0, nan, 11069.0]"
463,463,2010-05-05,2010-05-05 08:35:00,2010-05-05 08:39:00,2010-05-05 08:41:00,B2.4,"(0, 0)",11069,,,,,,,,20210.0,,363.0,699.0,11069.0,,False,False,False,False,"(31.950878735579817, 44.00008113203731)",31.950878735579817,44.00008113203731,XRT,"[11069.0, nan, 11069.0]"
464,464,2010-05-05,2010-05-05 11:37:00,2010-05-05 11:52:00,2010-05-05 11:58:00,C8.8,"(0, 0)",11069,,,,,,,,20220.0,,401.0,668.0,11069.0,,False,False,False,False,"(34.10592613853224, 41.41525671545544)",34.10592613853224,41.41525671545544,XRT,"[11069.0, nan, 11069.0]"
465,465,2010-05-05,2010-05-05 13:00:00,2010-05-05 13:04:00,2010-05-05 13:07:00,B3.4,"(0, 0)",11069,,,,,,,,20230.0,,-764.0,-278.0,11069.0,,False,False,False,False,"(-57.92479681728963, -18.9599802696439)",-57.92479681728963,-18.9599802696439,XRT,"[11069.0, nan, 11069.0]"
466,466,2010-05-05,2010-05-05 16:11:00,2010-05-05 16:18:00,2010-05-05 16:29:00,B4.0,"(0, 0)",11066,,,,,,,,20240.0,,893.0,292.0,11066.0,,False,False,False,False,"(79.19264289659151, 17.208054101931634)",79.19264289659151,17.208054101931634,XRT,"[11066.0, nan, 11066.0]"
467,467,2010-05-05,2010-05-05 17:13:00,2010-05-05 17:19:00,2010-05-05 17:22:00,M1.2,"(37, 42)",11069,426.4106652635308,673.2103776490553,,,,,,20250.0,2.5366928213533146,424.0,674.0,11069.0,,False,True,True,False,"(37, 42)",37.0,42.0,GOES,"[11069.0, nan, 11069.0]"
468,468,2010-05-05,2010-05-05 18:38:00,2010-05-05 18:43:00,2010-05-05 18:48:00,B7.3,"(0, 0)",11069,,,,,,,,20260.0,,418.0,672.0,11069.0,,False,False,False,False,"(36.062322032937814, 41.86306209310393)",36.062322032937814,41.86306209310393,XRT,"[11069.0, nan, 11069.0]"
469,469,2010-05-06,2010-05-06 15:09:00,2010-05-06 15:13:00,2010-05-06 15:17:00,B1.4,"(0, 0)",0,,,,,,,,,,,,,,False,False,False,False,,,,NoLocation,"[0.0, nan, nan]"
470,470,2010-05-07,2010-05-07 00:30:00,2010-05-07 00:34:00,2010-05-07 00:36:00,B1.1,"(0, 0)",0,,,,,,,,20280.0,,571.0,650.0,,,False,False,False,False,"(52.49735243634663, 40.92157290043844)",52.49735243634663,40.92157290043844,XRT,"[0.0, nan, nan]"
471,471,2010-05-07,2010-05-07 05:55:00,2010-05-07 05:58:00,2010-05-07 06:00:00,B1.2,"(50, 41)",11069,550.7441206826767,652.3362991343038,,,,,,20290.0,1420.824015080905,-524.0,-277.0,11069.0,,False,False,False,False,"(50, 41)",50.0,41.0,GOES,"[11069.0, nan, 11069.0]"
472,472,2010-05-07,2010-05-07 07:29:00,2010-05-07 07:42:00,2010-05-07 08:02:00,C2.0,"(54, 40)",11069,590.2726051662125,637.5084694262225,,,,,,20300.0,5.557318730206043,587.0,642.0,11069.0,,False,True,True,False,"(54, 40)",54.0,40.0,GOES,"[11069.0, nan, 11069.0]"
473,473,2010-05-07,2010-05-07 22:49:00,2010-05-07 22:57:00,2010-05-07 23:03:00,B4.6,"(0, 0)",11069,,,,,,,,20310.0,,636.0,642.0,11069.0,,False,False,False,False,"(62.06126760827876, 40.86085045536926)",62.06126760827876,40.86085045536926,XRT,"[11069.0, nan, 11069.0]"
474,474,2010-05-08,2010-05-08 00:58:00,2010-05-08 01:04:00,2010-05-08 01:10:00,B2.6,"(0, 0)",0,,,,,,,,20320.0,,639.0,639.0,,,False,False,False,False,"(62.195088524234265, 40.628593260088266)",62.195088524234265,40.628593260088266,XRT,"[0.0, nan, nan]"
475,475,2010-05-08,2010-05-08 01:31:00,2010-05-08 01:39:00,2010-05-08 01:46:00,B5.8,"(0, 0)",0,,,,,,,,20330.0,,-356.0,-271.0,,,False,False,False,False,"(-23.33792161452061, -19.67509405439974)",-23.33792161452061,-19.67509405439974,XRT,"[0.0, nan, nan]"
476,476,2010-05-08,2010-05-08 03:18:00,2010-05-08 03:23:00,2010-05-08 03:27:00,B4.3,"(0, 0)",0,,,,,,,,20340.0,,633.0,637.0,,,False,False,False,False,"(60.82206463245405, 40.3928405211337)",60.82206463245405,40.3928405211337,XRT,"[0.0, nan, nan]"
477,477,2010-05-08,2010-05-08 04:51:00,2010-05-08 04:59:00,2010-05-08 05:04:00,C9.3,"(65, 38)",11069,679.7130115597877,603.9151822366958,,,,,,20350.0,36.282815450493594,661.0,635.0,11069.0,,False,True,True,False,"(65, 38)",65.0,38.0,GOES,"[11069.0, nan, 11069.0]"
478,478,2010-05-08,2010-05-08 08:37:00,2010-05-08 08:52:00,2010-05-08 08:57:00,B2.1,"(0, 0)",0,,,,,,,,20360.0,,671.0,638.0,,,False,False,False,False,"(69.07523964404962, 40.96913299251146)",69.07523964404962,40.96913299251146,XRT,"[0.0, nan, nan]"
479,479,2010-05-08,2010-05-08 09:15:00,2010-05-08 09:20:00,2010-05-08 09:23:00,B2.1,"(0, 0)",0,,,,,,,,20370.0,,690.0,636.0,,,False,False,False,False,"(74.39966763100138, 41.13057121626268)",74.39966763100138,41.13057121626268,XRT,"[0.0, nan, nan]"
480,480,2010-05-08,2010-05-08 10:11:00,2010-05-08 10:19:00,2010-05-08 10:23:00,B3.8,"(0, 0)",0,,,,,,,,20380.0,,666.0,650.0,,,False,False,False,False,"(70.51489013975416, 42.04438789520197)",70.51489013975416,42.04438789520197,XRT,"[0.0, nan, nan]"
481,481,2010-05-08,2010-05-08 11:40:00,2010-05-08 11:50:00,2010-05-08 11:55:00,C1.8,"(0, 0)",11069,,,,,,,,20390.0,,676.0,639.0,11069.0,,False,False,False,False,"(70.69470430563233, 41.153521525146026)",70.69470430563233,41.153521525146026,XRT,"[11069.0, nan, 11069.0]"
482,482,2010-05-08,2010-05-08 18:41:00,2010-05-08 18:55:00,2010-05-08 19:14:00,B7.2,"(0, 0)",11069,,,,,,,,20400.0,,699.0,633.0,11069.0,,False,False,False,False,"(77.18556434814364, 41.07130847089443)",77.18556434814364,41.07130847089443,XRT,"[11069.0, nan, 11069.0]"
483,483,2010-05-08,2010-05-08 20:04:00,2010-05-08 20:11:00,2010-05-08 20:18:00,C2.4,"(0, 0)",11069,,,,,,,,20410.0,,705.0,633.0,11069.0,,False,False,False,False,"(80.75671921821643, 41.29252038937425)",80.75671921821643,41.29252038937425,XRT,"[11069.0, nan, 11069.0]"
484,484,2010-05-09,2010-05-09 15:23:00,2010-05-09 15:41:00,2010-05-09 16:14:00,B1.3,"(0, 0)",11069,,,,,,,,,,,,,,False,False,False,False,,,,NoLocation,"[11069.0, nan, nan]"
485,485,2010-05-09,2010-05-09 20:50:00,2010-05-09 21:14:00,2010-05-09 21:44:00,B2.1,"(0, 0)",11069,,,,,,,,,,,,,,False,False,False,False,,,,NoLocation,"[11069.0, nan, nan]"
486,486,2010-05-10,2010-05-10 10:59:00,2010-05-10 11:06:00,2010-05-10 11:15:00,B1.4,"(0, 0)",11069,,,,,,,,,,,,,,False,False,False,False,,,,NoLocation,"[11069.0, nan, nan]"
487,487,2010-05-11,2010-05-11 08:39:00,2010-05-11 08:43:00,2010-05-11 08:47:00,B1.1,"(19, -20)",11068,291.77446265165867,-279.93450855330553,,,,,,,,,,,,False,False,False,False,"(19, -20)",19.0,-20.0,GOES,"[11068.0, nan, nan]"
488,488,2010-05-11,2010-05-11 19:33:00,2010-05-11 20:16:00,2010-05-11 20:42:00,B1.5,"(0, 0)",11067,,,,,,,,,,,,,,False,False,False,False,,,,NoLocation,"[11067.0, nan, nan]"
489,489,2010-05-12,2010-05-12 02:08:00,2010-05-12 02:22:00,2010-05-12 02:29:00,B1.5,"(0, 0)",11067,,,,,,,,,,,,,,False,False,False,False,,,,NoLocation,"[11067.0, nan, nan]"
490,490,2010-05-12,2010-05-12 13:52:00,2010-05-12 14:09:00,2010-05-12 14:19:00,B1.6,"(0, 0)",11067,,,,,,,,,,,,,,False,False,False,False,,,,NoLocation,"[11067.0, nan, nan]"
491,491,2010-05-13,2010-05-13 03:49:00,2010-05-13 03:55:00,2010-05-13 03:59:00,B2.8,"(0, 0)",11068,,,,,,,,,,,,,,False,False,False,False,,,,NoLocation,"[11068.0, nan, nan]"
492,492,2010-05-22,2010-05-22 21:39:00,2010-05-22 21:47:00,2010-05-22 21:52:00,B1.3,"(0, 0)",11072,,,,,,,,20430.0,,-74.0,-210.0,11072.0,,False,False,False,False,"(-4.606682383233988, -14.516456401823802)",-4.606682383233988,-14.516456401823802,XRT,"[11072.0, nan, 11072.0]"
493,493,2010-05-23,2010-05-23 05:09:00,2010-05-23 05:15:00,2010-05-23 05:21:00,B1.4,"(0, 0)",11072,,,,,,,,20440.0,,-6.0,-214.0,11072.0,,False,False,False,False,"(-0.37350093803775053, -14.733096186063491)",-0.37350093803775053,-14.733096186063491,XRT,"[11072.0, nan, 11072.0]"
494,494,2010-05-23,2010-05-23 16:52:00,2010-05-23 18:01:00,2010-05-23 20:08:00,B1.3,"(0, 0)",0,,,,,,,,20460.0,,143.0,-232.0,,,False,False,False,False,"(8.983920806814995, -15.767171924814305)",8.983920806814995,-15.767171924814305,XRT,"[0.0, nan, nan]"
495,495,2010-05-23,2010-05-23 21:34:00,2010-05-23 21:39:00,2010-05-23 21:45:00,B1.1,"(0, 0)",0,,,,,,,,20470.0,,142.0,-201.0,,,False,False,False,False,"(8.8406452640623, -13.833020587989814)",8.8406452640623,-13.833020587989814,XRT,"[0.0, nan, nan]"
496,496,2010-05-24,2010-05-24 13:05:00,2010-05-24 14:46:00,2010-05-24 15:50:00,B1.1,"(0, 0)",0,,,,,,,,20480.0,,296.0,-231.0,,,False,False,False,False,"(18.843919774459238, -15.544363196917523)",18.843919774459238,-15.544363196917523,XRT,"[0.0, nan, nan]"
497,497,2010-05-25,2010-05-25 15:46:00,2010-05-25 15:51:00,2010-05-25 15:55:00,B6.5,"(32, -16)",11072,484.2402412977666,-242.33289185111147,,,,,,20490.0,19.79985014498584,503.0,-236.0,11072.0,,False,True,True,False,"(32, -16)",32.0,-16.0,GOES,"[11072.0, nan, 11072.0]"
498,498,2010-05-27,2010-05-27 23:00:00,2010-05-27 23:15:00,2010-05-27 23:25:00,B1.4,"(0, 0)",11072,,,,,,,,20500.0,,-807.0,228.0,11072.0,,False,False,False,False,"(-60.95312069919527, 13.337958861411167)",-60.95312069919527,13.337958861411167,XRT,"[11072.0, nan, 11072.0]"
499,499,2010-06-02,2010-06-02 18:41:00,2010-06-02 18:45:00,2010-06-02 18:50:00,B1.0,"(0, 0)",11075,,,,,,,,20520.0,,714.0,-331.0,11075.0,,False,False,False,False,"(53.61468725686397, -20.714270857605012)",53.61468725686397,-20.714270857605012,XRT,"[11075.0, nan, 11075.0]"
500,500,2010-06-02,2010-06-02 22:49:00,2010-06-02 22:53:00,2010-06-02 23:00:00,B1.2,"(0, 0)",0,,,,,,,,20530.0,,737.0,-331.0,,,False,False,False,False,"(56.201049096091786, -20.689069310524186)",56.201049096091786,-20.689069310524186,XRT,"[0.0, nan, nan]"
501,501,2010-06-03,2010-06-03 11:28:00,2010-06-03 11:31:00,2010-06-03 11:45:00,B1.0,"(0, 0)",0,,,,,,,,20540.0,,384.0,-338.0,,,False,False,False,False,"(25.71405466994474, -21.21018622812738)",25.71405466994474,-21.21018622812738,XRT,"[0.0, nan, nan]"
502,502,2010-06-03,2010-06-03 12:30:00,2010-06-03 12:33:00,2010-06-03 12:36:00,B1.1,"(0, 0)",0,,,,,,,,20550.0,,407.0,-336.0,,,False,False,False,False,"(27.352779297178913, -21.072716100133658)",27.352779297178913,-21.072716100133658,XRT,"[0.0, nan, nan]"
503,503,2010-06-03,2010-06-03 13:32:00,2010-06-03 13:38:00,2010-06-03 13:43:00,B1.1,"(0, 0)",0,,,,,,,,20560.0,,442.0,-314.0,,,False,False,False,False,"(29.631820019220275, -19.648447229232314)",29.631820019220275,-19.648447229232314,XRT,"[0.0, nan, nan]"
504,504,2010-06-03,2010-06-03 13:49:00,2010-06-03 13:55:00,2010-06-03 14:02:00,B1.3,"(0, 0)",0,,,,,,,,20570.0,,452.0,-322.0,,,False,False,False,False,"(30.481765920363806, -20.15783637963401)",30.481765920363806,-20.15783637963401,XRT,"[0.0, nan, nan]"
505,505,2010-06-06,2010-06-06 02:50:00,2010-06-06 02:55:00,2010-06-06 03:01:00,B1.4,"(0, 0)",11076,,,,,,,,20580.0,,807.0,-312.0,11076.0,,False,False,False,False,"(64.50735904328145, -19.265843630064836)",64.50735904328145,-19.265843630064836,XRT,"[11076.0, nan, 11076.0]"
506,506,2010-06-07,2010-06-07 06:27:00,2010-06-07 06:30:00,2010-06-07 06:34:00,B2.0,"(65, 19)",11077,811.4323931635431,307.8476351426898,,,,,,20590.0,23.78114576653788,806.0,331.0,11077.0,,False,True,True,False,"(65, 19)",65.0,19.0,GOES,"[11077.0, nan, 11077.0]"
507,507,2010-06-07,2010-06-07 19:15:00,2010-06-07 19:24:00,2010-06-07 19:31:00,B2.0,"(0, 0)",0,,,,,,,,20600.0,,-358.0,253.0,,,False,False,False,False,"(-23.057185616955962, 15.582821889818774)",-23.057185616955962,15.582821889818774,XRT,"[0.0, nan, nan]"
508,508,2010-06-08,2010-06-08 11:28:00,2010-06-08 11:33:00,2010-06-08 11:43:00,B1.4,"(0, 0)",11078,,,,,,,,20610.0,,591.0,-321.0,11078.0,,False,False,False,False,"(41.43971464764354, -19.63135137333735)",41.43971464764354,-19.63135137333735,XRT,"[11078.0, nan, 11078.0]"
509,509,2010-06-08,2010-06-08 12:49:00,2010-06-08 12:56:00,2010-06-08 12:58:00,B1.2,"(0, 0)",11078,,,,,,,,20620.0,,655.0,-224.0,11078.0,,False,False,False,False,"(45.2849443817814, -13.51372363497866)",45.2849443817814,-13.51372363497866,XRT,"[11078.0, nan, 11078.0]"
510,510,2010-06-08,2010-06-08 13:43:00,2010-06-08 13:50:00,2010-06-08 13:56:00,B1.4,"(0, 0)",11078,,,,,,,,20630.0,,948.0,204.0,11078.0,,False,False,False,False,"(nan, nan)",,,XRT,"[11078.0, nan, 11078.0]"
511,511,2010-06-09,2010-06-09 00:07:00,2010-06-09 01:02:00,2010-06-09 01:07:00,B2.3,"(0, 0)",11078,,,,,,,,20640.0,,656.0,-322.0,11078.0,,False,False,False,False,"(47.315184331279546, -19.67284242925305)",47.315184331279546,-19.67284242925305,XRT,"[11078.0, nan, 11078.0]"
512,512,2010-06-09,2010-06-09 04:36:00,2010-06-09 05:15:00,2010-06-09 05:36:00,B5.1,"(48, -23)",11078,648.2259404890125,-373.2861236289654,,,,,,20670.0,2.4136133438196388,649.0,-371.0,11078.0,,False,True,True,False,"(48, -23)",48.0,-23.0,GOES,"[11078.0, nan, 11078.0]"
513,513,2010-06-09,2010-06-09 08:39:00,2010-06-09 08:46:00,2010-06-09 08:53:00,B2.5,"(0, 0)",11078,,,,,,,,20680.0,,687.0,-397.0,11078.0,,False,False,False,False,"(52.89475381404177, -24.585228359024477)",52.89475381404177,-24.585228359024477,XRT,"[11078.0, nan, 11078.0]"
514,514,2010-06-09,2010-06-09 13:28:00,2010-06-09 13:32:00,2010-06-09 13:34:00,B1.1,"(0, 0)",11078,,,,,,,,20690.0,,708.0,-385.0,11078.0,,False,False,False,False,"(54.772982667725614, -23.78608508238426)",54.772982667725614,-23.78608508238426,XRT,"[11078.0, nan, 11078.0]"
515,515,2010-06-09,2010-06-09 13:35:00,2010-06-09 13:43:00,2010-06-09 13:50:00,B2.1,"(0, 0)",11078,,,,,,,,20700.0,,685.0,-367.0,11078.0,,False,False,False,False,"(51.54232894430171, -22.578514891096916)",51.54232894430171,-22.578514891096916,XRT,"[11078.0, nan, 11078.0]"
516,516,2010-06-09,2010-06-09 19:41:00,2010-06-09 19:48:00,2010-06-09 19:54:00,B2.7,"(0, 0)",11078,,,,,,,,20710.0,,760.0,-352.0,11078.0,,False,False,False,False,"(59.70704179368111, -21.634879433188424)",59.70704179368111,-21.634879433188424,XRT,"[11078.0, nan, 11078.0]"
517,517,2010-06-09,2010-06-09 20:15:00,2010-06-09 20:24:00,2010-06-09 20:30:00,B3.5,"(0, 0)",11078,,,,,,,,20730.0,,779.0,-273.0,11078.0,,False,False,False,False,"(59.11652331341756, -16.561842878910493)",59.11652331341756,-16.561842878910493,XRT,"[11078.0, nan, 11078.0]"
518,518,2010-06-09,2010-06-09 20:53:00,2010-06-09 20:59:00,2010-06-09 21:02:00,B3.2,"(0, 0)",11078,,,,,,,,20740.0,,727.0,-373.0,11078.0,,False,False,False,False,"(56.49588516993713, -22.985073449763384)",56.49588516993713,-22.985073449763384,XRT,"[11078.0, nan, 11078.0]"
519,519,2010-06-09,2010-06-09 22:31:00,2010-06-09 22:50:00,2010-06-09 23:12:00,B1.2,"(0, 0)",11078,,,,,,,,20750.0,,99.0,249.0,11078.0,,False,False,False,False,"(6.217693011849106, 15.598185803234793)",6.217693011849106,15.598185803234793,XRT,"[11078.0, nan, 11078.0]"
520,520,2010-06-11,2010-06-11 10:51:00,2010-06-11 10:55:00,2010-06-11 10:58:00,B1.4,"(0, 0)",11081,,,,,,,,20760.0,,517.0,359.0,11081.0,,False,False,False,False,"(36.246067851945924, 22.714912344344107)",36.246067851945924,22.714912344344107,XRT,"[11081.0, nan, 11081.0]"
521,521,2010-06-11,2010-06-11 11:58:00,2010-06-11 12:02:00,2010-06-11 12:04:00,B3.0,"(0, 0)",11081,,,,,,,,20770.0,,-880.0,374.0,11081.0,,False,False,False,False,"(nan, nan)",,,XRT,"[11081.0, nan, 11081.0]"
522,522,2010-06-11,2010-06-11 20:34:00,2010-06-11 20:46:00,2010-06-11 20:54:00,B4.5,"(0, 0)",11081,,,,,,,,20780.0,,627.0,368.0,11081.0,,False,False,False,False,"(46.09447361059654, 23.286959539878403)",46.09447361059654,23.286959539878403,XRT,"[11081.0, nan, 11081.0]"
523,523,2010-06-11,2010-06-11 23:56:00,2010-06-12 00:02:00,2010-06-12 00:04:00,B6.3,"(0, 0)",0,,,,,,,,20790.0,,642.0,355.0,,,False,False,False,False,"(47.153540353060315, 22.440507257183608)",47.153540353060315,22.440507257183608,XRT,"[0.0, nan, nan]"
524,524,2010-06-12,2010-06-12 00:30:00,2010-06-12 00:57:00,2010-06-12 01:02:00,M2.0,"(43, 23)",11081,594.8690685371388,363.1105884339728,,,,,,20800.0,45.01733832391662,639.0,372.0,11081.0,,False,True,True,False,"(43, 23)",43.0,23.0,GOES,"[11081.0, nan, 11081.0]"
525,525,2010-06-12,2010-06-12 02:53:00,2010-06-12 02:58:00,2010-06-12 03:03:00,B3.8,"(0, 0)",11080,,,,,,,,20810.0,,799.0,-392.0,11080.0,,False,False,False,False,"(67.84110994503543, -24.23356265201746)",67.84110994503543,-24.23356265201746,XRT,"[11080.0, nan, 11080.0]"
526,526,2010-06-12,2010-06-12 03:57:00,2010-06-12 04:06:00,2010-06-12 04:17:00,C1.0,"(0, 0)",11080,,,,,,,,20820.0,,673.0,371.0,11080.0,,False,False,False,False,"(50.77588504217345, 23.47673000059344)",50.77588504217345,23.47673000059344,XRT,"[11080.0, nan, 11080.0]"
527,527,2010-06-12,2010-06-12 08:06:00,2010-06-12 08:09:00,2010-06-12 08:14:00,B2.4,"(0, 0)",0,,,,,,,,20830.0,,696.0,357.0,,,False,False,False,False,"(52.73065239490321, 22.556776094563634)",52.73065239490321,22.556776094563634,XRT,"[0.0, nan, nan]"
528,528,2010-06-12,2010-06-12 09:02:00,2010-06-12 09:17:00,2010-06-12 09:22:00,C6.1,"(52, 22)",11081,691.9729194374705,348.32995857338784,,,,,,20840.0,32.916634202097065,683.0,380.0,11081.0,,False,True,True,False,"(52, 22)",52.0,22.0,GOES,"[11081.0, nan, 11081.0]"
529,529,2010-06-12,2010-06-12 23:43:00,2010-06-12 23:54:00,2010-06-12 23:59:00,B3.0,"(0, 0)",11081,,,,,,,,20850.0,,852.0,-401.0,11081.0,,False,False,False,False,"(84.40530479733872, -25.04065168641257)",84.40530479733872,-25.04065168641257,XRT,"[11081.0, nan, 11081.0]"
530,530,2010-06-13,2010-06-13 00:06:00,2010-06-13 00:14:00,2010-06-13 00:26:00,B8.8,"(0, 0)",11081,,,,,,,,20860.0,,870.0,-441.0,11081.0,,False,False,False,False,"(nan, nan)",,,XRT,"[11081.0, nan, 11081.0]"
531,531,2010-06-13,2010-06-13 02:28:00,2010-06-13 02:31:00,2010-06-13 02:35:00,B4.6,"(0, 0)",11079,,,,,,,,20870.0,,858.0,-403.0,11079.0,,False,False,False,False,"(nan, nan)",,,XRT,"[11079.0, nan, 11079.0]"
532,532,2010-06-13,2010-06-13 05:30:00,2010-06-13 05:39:00,2010-06-13 05:44:00,M1.0,"(84, -25)",11079,851.6744808859202,-400.5155363428606,,,,,,20880.0,3.5796536485315897,851.0,-397.0,11079.0,,False,True,True,False,"(84, -25)",84.0,-25.0,GOES,"[11079.0, nan, 11079.0]"
533,533,2010-06-13,2010-06-13 06:08:00,2010-06-13 06:11:00,2010-06-13 06:13:00,C1.2,"(59, 23)",11081,746.8823863093595,363.6605010437575,,,,,,20890.0,40.18577090958596,787.0,366.0,11081.0,,False,True,True,False,"(59, 23)",59.0,23.0,GOES,"[11081.0, nan, 11081.0]"
534,534,2010-06-13,2010-06-13 06:55:00,2010-06-13 06:58:00,2010-06-13 07:00:00,B5.3,"(64, 23)",11081,782.8970153808062,364.4322606834269,,,,,,20900.0,5.901835616491877,779.0,360.0,11081.0,,False,True,True,False,"(64, 23)",64.0,23.0,GOES,"[11081.0, nan, 11081.0]"
535,535,2010-06-13,2010-06-13 07:05:00,2010-06-13 07:08:00,2010-06-13 07:10:00,C1.2,"(69, -23)",11080,812.8820573716572,-373.87179595118454,,,,,,20910.0,31.84964165004211,800.0,-403.0,11080.0,,False,True,True,False,"(69, -23)",69.0,-23.0,GOES,"[11080.0, nan, 11080.0]"
536,536,2010-06-13,2010-06-13 07:31:00,2010-06-13 07:34:00,2010-06-13 07:38:00,C1.2,"(58, 24)",11081,733.3802921074214,378.639258225687,,,,,,20920.0,784.6256196680056,886.0,-391.0,11081.0,,False,False,False,False,"(58, 24)",58.0,24.0,GOES,"[11081.0, nan, 11081.0]"
537,537,2010-06-13,2010-06-13 08:06:00,2010-06-13 08:13:00,2010-06-13 08:16:00,C1.2,"(66, 22)",11081,801.4181787000593,349.4386101828435,,,,,,20930.0,15.91311067117566,795.0,364.0,11081.0,,False,True,True,False,"(66, 22)",66.0,22.0,GOES,"[11081.0, nan, 11081.0]"
538,538,2010-06-13,2010-06-13 09:41:00,2010-06-13 09:46:00,2010-06-13 09:48:00,C1.7,"(75, -23)",11081,840.6827075121306,-372.56300838349864,,,,,,20940.0,738.8554461268504,797.0,365.0,11081.0,,False,False,False,False,"(75, -23)",75.0,-23.0,GOES,"[11081.0, nan, 11081.0]"
539,539,2010-06-13,2010-06-13 10:47:00,2010-06-13 10:53:00,2010-06-13 10:55:00,C1.5,"(0, 0)",11081,,,,,,,,20950.0,,799.0,361.0,11081.0,,False,False,False,False,"(66.31984747191974, 22.758027274218595)",66.31984747191974,22.758027274218595,XRT,"[11081.0, nan, 11081.0]"
540,540,2010-06-13,2010-06-13 12:24:00,2010-06-13 12:27:00,2010-06-13 12:29:00,B4.3,"(0, 0)",0,,,,,,,,20960.0,,810.0,345.0,,,False,False,False,False,"(67.14956336233591, 21.707012182192695)",67.14956336233591,21.707012182192695,XRT,"[0.0, nan, nan]"
541,541,2010-06-13,2010-06-13 13:20:00,2010-06-13 13:23:00,2010-06-13 13:26:00,B2.5,"(0, 0)",0,,,,,,,,20970.0,,808.0,363.0,,,False,False,False,False,"(67.97648027065411, 22.875281116554795)",67.97648027065411,22.875281116554795,XRT,"[0.0, nan, nan]"
542,542,2010-06-13,2010-06-13 14:24:00,2010-06-13 14:27:00,2010-06-13 14:30:00,B2.4,"(0, 0)",0,,,,,,,,20980.0,,813.0,364.0,,,False,False,False,False,"(68.94256256028976, 22.931649227574113)",68.94256256028976,22.931649227574113,XRT,"[0.0, nan, nan]"
543,543,2010-06-13,2010-06-13 15:45:00,2010-06-13 15:52:00,2010-06-13 15:59:00,B4.2,"(0, 0)",0,,,,,,,,20990.0,,766.0,414.0,,,False,False,False,False,"(64.57325488124665, 26.309354661094233)",64.57325488124665,26.309354661094233,XRT,"[0.0, nan, nan]"
544,544,2010-06-13,2010-06-13 18:10:00,2010-06-13 18:13:00,2010-06-13 18:17:00,B1.8,"(0, 0)",0,,,,,,,,21000.0,,815.0,374.0,,,False,False,False,False,"(70.08401601362311, 23.58309991656255)",70.08401601362311,23.58309991656255,XRT,"[0.0, nan, nan]"
545,545,2010-06-14,2010-06-14 00:33:00,2010-06-14 00:38:00,2010-06-14 00:40:00,B2.3,"(0, 0)",0,,,,,,,,21010.0,,809.0,420.0,,,False,False,False,False,"(73.14945261002566, 26.628237973467844)",73.14945261002566,26.628237973467844,XRT,"[0.0, nan, nan]"
546,546,2010-06-14,2010-06-14 00:44:00,2010-06-14 00:51:00,2010-06-14 00:54:00,C1.5,"(70, 27)",11081,791.8809704182103,424.8994281298013,,,,,,21020.0,17.806335103588285,809.0,420.0,11081.0,,False,True,True,False,"(70, 27)",70.0,27.0,GOES,"[11081.0, nan, 11081.0]"
547,547,2010-06-14,2010-06-14 04:26:00,2010-06-14 04:30:00,2010-06-14 04:35:00,B1.7,"(0, 0)",0,,,,,,,,21030.0,,866.0,-376.0,,,False,False,False,False,"(87.6798189218141, -23.424394473897078)",87.6798189218141,-23.424394473897078,XRT,"[0.0, nan, nan]"
548,548,2010-06-14,2010-06-14 12:49:00,2010-06-14 12:54:00,2010-06-14 12:58:00,B2.9,"(0, 0)",0,,,,,,,,21040.0,,868.0,-382.0,,,False,False,False,False,"(nan, nan)",,,XRT,"[0.0, nan, nan]"
549,549,2010-06-17,2010-06-17 10:23:00,2010-06-17 10:33:00,2010-06-17 10:47:00,B5.0,"(-41, 28)",11082,-548.6213963967748,430.3609643024243,,,,,,21060.0,22.375063774239425,-561.0,449.0,11082.0,,False,True,True,False,"(-41, 28)",-41.0,28.0,GOES,"[11082.0, nan, 11082.0]"
550,550,2010-06-17,2010-06-17 17:33:00,2010-06-17 17:42:00,2010-06-17 17:58:00,B1.1,"(0, 0)",11082,,,,,,,,21070.0,,-143.0,339.0,11082.0,,False,False,False,False,"(-9.37867100999091, 22.253659265372907)",-9.37867100999091,22.253659265372907,XRT,"[11082.0, nan, 11082.0]"
551,551,2010-06-17,2010-06-17 18:44:00,2010-06-17 18:49:00,2010-06-17 18:55:00,B1.2,"(0, 0)",11082,,,,,,,,21080.0,,-521.0,463.0,11082.0,,False,False,False,False,"(-39.576687692252165, 30.293412562835552)",-39.576687692252165,30.293412562835552,XRT,"[11082.0, nan, 11082.0]"
552,552,2010-06-18,2010-06-18 11:58:00,2010-06-18 12:04:00,2010-06-18 12:07:00,B1.8,"(0, 0)",11082,,,,,,,,21090.0,,-394.0,449.0,11082.0,,False,False,False,False,"(-28.550862582100308, 29.530794240019077)",-28.550862582100308,29.530794240019077,XRT,"[11082.0, nan, 11082.0]"
553,553,2010-06-18,2010-06-18 17:49:00,2010-06-18 17:54:00,2010-06-18 17:59:00,B1.1,"(0, 0)",11082,,,,,,,,21100.0,,-357.0,452.0,11082.0,,False,False,False,False,"(-25.73153903279598, 29.792288860438372)",-25.73153903279598,29.792288860438372,XRT,"[11082.0, nan, 11082.0]"
554,554,2010-06-21,2010-06-21 19:08:00,2010-06-21 19:12:00,2010-06-21 19:14:00,B1.3,"(0, 0)",11082,,,,,,,,21140.0,,359.0,362.0,11082.0,,False,False,False,False,"(24.522497631037993, 24.09975326866726)",24.522497631037993,24.09975326866726,XRT,"[11082.0, nan, 11082.0]"
555,555,2010-06-22,2010-06-22 09:01:00,2010-06-22 09:04:00,2010-06-22 09:06:00,B1.0,"(0, 0)",11082,,,,,,,,21150.0,,312.0,430.0,11082.0,,False,False,False,False,"(22.056000400695805, 28.723828260211352)",22.056000400695805,28.723828260211352,XRT,"[11082.0, nan, 11082.0]"
556,556,2010-06-22,2010-06-22 09:33:00,2010-06-22 09:38:00,2010-06-22 09:41:00,B2.1,"(0, 0)",11082,,,,,,,,21160.0,,306.0,431.0,11082.0,,False,False,False,False,"(21.62649288905638, 28.79918525652856)",21.62649288905638,28.79918525652856,XRT,"[11082.0, nan, 11082.0]"
557,557,2010-06-23,2010-06-23 11:00:00,2010-06-23 11:03:00,2010-06-23 11:05:00,B1.6,"(0, 0)",0,,,,,,,,21170.0,,602.0,387.0,,,False,False,False,False,"(44.81935193156104, 25.552055407714263)",44.81935193156104,25.552055407714263,XRT,"[0.0, nan, nan]"
558,558,2010-06-23,2010-06-23 12:17:00,2010-06-23 12:20:00,2010-06-23 12:22:00,B1.1,"(0, 0)",0,,,,,,,,21180.0,,599.0,388.0,,,False,False,False,False,"(44.57195438831607, 25.628645303933226)",44.57195438831607,25.628645303933226,XRT,"[0.0, nan, nan]"
559,559,2010-06-25,2010-06-25 10:17:00,2010-06-25 10:21:00,2010-06-25 10:25:00,B3.4,"(0, 0)",11082,,,,,,,,21210.0,,722.0,474.0,11082.0,,False,False,False,False,"(63.11780195923501, 31.112485851154368)",63.11780195923501,31.112485851154368,XRT,"[11082.0, nan, 11082.0]"
560,560,2010-06-25,2010-06-25 22:42:00,2010-06-25 22:46:00,2010-06-25 22:49:00,B1.5,"(0, 0)",0,,,,,,,,21220.0,,630.0,250.0,,,False,False,False,False,"(44.082715009026046, 16.955343457333246)",44.082715009026046,16.955343457333246,XRT,"[0.0, nan, nan]"
561,561,2010-06-25,2010-06-25 23:12:00,2010-06-25 23:17:00,2010-06-25 23:28:00,B1.8,"(0, 0)",0,,,,,,,,21230.0,,-884.0,-337.0,,,False,False,False,False,"(nan, nan)",,,XRT,"[0.0, nan, nan]"
562,562,2010-06-26,2010-06-26 02:45:00,2010-06-26 02:50:00,2010-06-26 02:52:00,B1.0,"(0, 0)",0,,,,,,,,21240.0,,-885.0,-329.0,,,False,False,False,False,"(nan, nan)",,,XRT,"[0.0, nan, nan]"
563,563,2010-06-27,2010-06-27 03:14:00,2010-06-27 03:17:00,2010-06-27 03:20:00,B1.5,"(0, 0)",0,,,,,,,,21250.0,,-827.0,-363.0,,,False,False,False,False,"(-70.5006823912359, -21.804147976011574)",-70.5006823912359,-21.804147976011574,XRT,"[0.0, nan, nan]"
564,564,2010-06-29,2010-06-29 04:57:00,2010-06-29 05:01:00,2010-06-29 05:04:00,B1.4,"(14, 15)",0,221.45597456942068,203.9857066709232,,,,,,21260.0,8.120306813805913,216.0,210.0,,,False,True,True,False,"(14, 15)",14.0,15.0,GOES,"[0.0, nan, nan]"
565,565,2010-06-29,2010-06-29 15:23:00,2010-06-29 15:53:00,2010-06-29 16:05:00,B1.3,"(0, 0)",0,,,,,,,,21270.0,,288.0,230.0,,,False,False,False,False,"(18.491878786250098, 16.608919506841428)",18.491878786250098,16.608919506841428,XRT,"[0.0, nan, nan]"
566,566,2010-07-01,2010-07-01 20:54:00,2010-07-01 20:58:00,2010-07-01 21:01:00,B1.0,"(0, 0)",11084,,,,,,,,21280.0,,665.0,-389.0,11084.0,,False,False,False,False,"(49.484682876944234, -22.38599621412897)",49.484682876944234,-22.38599621412897,XRT,"[11084.0, nan, 11084.0]"
567,567,2010-07-05,2010-07-05 18:36:00,2010-07-06 00:24:00,2010-07-06 03:12:00,B1.2,"(0, 0)",0,,,,,,,,21320.0,,729.0,269.0,,,False,False,False,False,"(54.36598131557355, 18.519508734271948)",54.36598131557355,18.519508734271948,XRT,"[0.0, nan, nan]"
568,568,2010-07-06,2010-07-06 10:02:00,2010-07-06 10:11:00,2010-07-06 10:16:00,B1.0,"(0, 0)",11086,,,,,,,,21330.0,,739.0,265.0,11086.0,,False,False,False,False,"(55.35033532278361, 18.245630798858173)",55.35033532278361,18.245630798858173,XRT,"[11086.0, nan, 11086.0]"
569,569,2010-07-07,2010-07-07 17:35:00,2010-07-07 17:46:00,2010-07-07 17:55:00,B1.6,"(0, 0)",0,,,,,,,,21340.0,,886.0,267.0,,,False,False,False,False,"(79.05575341419079, 17.13523032973768)",79.05575341419079,17.13523032973768,XRT,"[0.0, nan, nan]"
570,570,2010-07-07,2010-07-07 20:41:00,2010-07-07 20:45:00,2010-07-07 20:48:00,B2.2,"(0, 0)",11087,,,,,,,,21350.0,,-898.0,339.0,11087.0,,False,False,False,False,"(nan, nan)",,,XRT,"[11087.0, nan, 11087.0]"
571,571,2010-07-07,2010-07-07 21:39:00,2010-07-07 21:45:00,2010-07-07 21:51:00,B1.6,"(0, 0)",11087,,,,,,,,21360.0,,-905.0,309.0,11087.0,,False,False,False,False,"(nan, nan)",,,XRT,"[11087.0, nan, 11087.0]"
572,572,2010-07-07,2010-07-07 22:27:00,2010-07-07 22:32:00,2010-07-07 22:37:00,B2.9,"(0, 0)",11087,,,,,,,,21370.0,,-893.0,325.0,11087.0,,False,False,False,False,"(nan, nan)",,,XRT,"[11087.0, nan, 11087.0]"
573,573,2010-07-08,2010-07-08 01:19:00,2010-07-08 01:27:00,2010-07-08 01:35:00,B4.1,"(0, 0)",11087,,,,,,,,21380.0,,-909.0,306.0,11087.0,,False,False,False,False,"(nan, nan)",,,XRT,"[11087.0, nan, 11087.0]"
574,574,2010-07-08,2010-07-08 02:53:00,2010-07-08 02:59:00,2010-07-08 03:08:00,B6.3,"(0, 0)",11087,,,,,,,,21390.0,,-897.0,316.0,11087.0,,False,False,False,False,"(nan, nan)",,,XRT,"[11087.0, nan, 11087.0]"
575,575,2010-07-08,2010-07-08 22:03:00,2010-07-08 22:16:00,2010-07-08 22:24:00,C1.2,"(0, 0)",11087,,,,,,,,21400.0,,-878.0,398.0,11087.0,,False,False,False,False,"(nan, nan)",,,XRT,"[11087.0, nan, 11087.0]"
576,576,2010-07-08,2010-07-08 23:57:00,2010-07-09 00:02:00,2010-07-09 00:06:00,B3.3,"(0, 0)",11087,,,,,,,,21410.0,,610.0,258.0,11087.0,,False,False,False,False,"(42.82439532797882, 18.552810375516092)",42.82439532797882,18.552810375516092,XRT,"[11087.0, nan, 11087.0]"
577,577,2010-07-09,2010-07-09 01:44:00,2010-07-09 01:49:00,2010-07-09 01:58:00,B3.0,"(0, 0)",11087,,,,,,,,21420.0,,-874.0,370.0,11087.0,,False,False,False,False,"(nan, nan)",,,XRT,"[11087.0, nan, 11087.0]"
578,578,2010-07-09,2010-07-09 08:53:00,2010-07-09 09:01:00,2010-07-09 09:07:00,C1.8,"(0, 0)",11087,,,,,,,,21450.0,,-874.0,344.0,11087.0,,False,False,False,False,"(-85.36047708116854, 21.72427758432565)",-85.36047708116854,21.72427758432565,XRT,"[11087.0, nan, 11087.0]"
579,579,2010-07-09,2010-07-09 12:36:00,2010-07-09 12:42:00,2010-07-09 12:59:00,B5.3,"(0, 0)",11087,,,,,,,,21460.0,,-864.0,260.0,11087.0,,False,False,False,False,"(-73.09970707463299, 17.101203752371987)",-73.09970707463299,17.101203752371987,XRT,"[11087.0, nan, 11087.0]"
580,580,2010-07-09,2010-07-09 15:00:00,2010-07-09 15:14:00,2010-07-09 15:23:00,B7.7,"(0, 0)",11087,,,,,,,,21470.0,,-873.0,339.0,11087.0,,False,False,False,False,"(-83.6992646902064, 21.5067080374796)",-83.6992646902064,21.5067080374796,XRT,"[11087.0, nan, 11087.0]"
581,581,2010-07-09,2010-07-09 19:26:00,2010-07-09 19:51:00,2010-07-09 20:16:00,C3.4,"(0, 0)",11087,,,,,,,,,,,,,,False,False,False,False,,,,NoLocation,"[11087.0, nan, nan]"
582,582,2010-07-09,2010-07-09 22:19:00,2010-07-09 22:22:00,2010-07-09 22:26:00,B6.9,"(0, 0)",11087,,,,,,,,21490.0,,-849.0,332.0,11087.0,,False,False,False,False,"(-75.15574976999073, 21.59668434210689)",-75.15574976999073,21.59668434210689,XRT,"[11087.0, nan, 11087.0]"
583,583,2010-07-10,2010-07-10 20:06:00,2010-07-10 20:13:00,2010-07-10 20:24:00,B3.0,"(0, 0)",11087,,,,,,,,21520.0,,-820.0,320.0,11087.0,,False,False,False,False,"(-68.5884379661727, 21.25669040584779)",-68.5884379661727,21.25669040584779,XRT,"[11087.0, nan, 11087.0]"
584,584,2010-07-10,2010-07-10 22:34:00,2010-07-10 22:49:00,2010-07-10 23:02:00,B7.2,"(0, 0)",11087,,,,,,,,21530.0,,-798.0,317.0,11087.0,,False,False,False,False,"(-64.95409231045193, 21.287889390469594)",-64.95409231045193,21.287889390469594,XRT,"[11087.0, nan, 11087.0]"
585,585,2010-07-11,2010-07-11 00:42:00,2010-07-11 00:48:00,2010-07-11 00:57:00,B2.9,"(0, 0)",11087,,,,,,,,21540.0,,-744.0,328.0,11087.0,,False,False,False,False,"(-58.30176229849292, 22.388495970380216)",-58.30176229849292,22.388495970380216,XRT,"[11087.0, nan, 11087.0]"
586,586,2010-07-11,2010-07-11 15:58:00,2010-07-11 16:02:00,2010-07-11 16:08:00,B4.2,"(0, 0)",11087,,,,,,,,21550.0,,-699.0,331.0,11087.0,,False,False,False,False,"(-53.32635966323306, 22.892643975700558)",-53.32635966323306,22.892643975700558,XRT,"[11087.0, nan, 11087.0]"
587,587,2010-07-11,2010-07-11 17:19:00,2010-07-11 17:28:00,2010-07-11 17:40:00,B4.5,"(0, 0)",11087,,,,,,,,21560.0,,-731.0,293.0,11087.0,,False,False,False,False,"(-55.50136078366256, 20.334442650272646)",-55.50136078366256,20.334442650272646,XRT,"[11087.0, nan, 11087.0]"
588,588,2010-07-12,2010-07-12 05:11:00,2010-07-12 05:20:00,2010-07-12 05:33:00,B3.9,"(-45, 20)",11087,-628.9335324899293,278.67913108752003,,,,,,21580.0,33.24016442017284,-610.0,306.0,11087.0,,False,True,True,False,"(-45, 20)",-45.0,20.0,GOES,"[11087.0, nan, 11087.0]"
589,589,2010-07-12,2010-07-12 05:54:00,2010-07-12 06:06:00,2010-07-12 06:21:00,B3.4,"(0, 0)",11087,,,,,,,,21590.0,,-582.0,302.0,11087.0,,False,False,False,False,"(-41.41160645697602, 21.65488715173536)",-41.41160645697602,21.65488715173536,XRT,"[11087.0, nan, 11087.0]"
590,590,2010-07-12,2010-07-12 11:34:00,2010-07-12 11:39:00,2010-07-12 11:44:00,B2.1,"(0, 0)",11087,,,,,,,,21600.0,,-564.0,300.0,11087.0,,False,False,False,False,"(-39.84921379207486, 21.61379843907615)",-39.84921379207486,21.61379843907615,XRT,"[11087.0, nan, 11087.0]"
591,591,2010-07-12,2010-07-12 13:22:00,2010-07-12 13:36:00,2010-07-12 13:50:00,B4.0,"(0, 0)",11087,,,,,,,,21610.0,,752.0,237.0,11087.0,,False,False,False,False,"(56.14273718092919, 16.805250513860823)",56.14273718092919,16.805250513860823,XRT,"[11087.0, nan, 11087.0]"
592,592,2010-07-13,2010-07-13 02:59:00,2010-07-13 03:10:00,2010-07-13 03:15:00,B3.4,"(-31, 18)",11087,-463.97071997867897,236.3980794081317,,,,,,,,,,,,False,False,False,False,"(-31, 18)",-31.0,18.0,GOES,"[11087.0, nan, nan]"
593,593,2010-07-13,2010-07-13 08:31:00,2010-07-13 08:35:00,2010-07-13 08:37:00,B2.9,"(-27, 18)",11087,-409.04058328201063,233.91436415838027,,,,,,21630.0,19.185953438744086,-411.0,253.0,11087.0,,False,True,True,False,"(-27, 18)",-27.0,18.0,GOES,"[11087.0, nan, 11087.0]"
594,594,2010-07-13,2010-07-13 10:07:00,2010-07-13 10:13:00,2010-07-13 10:16:00,B3.3,"(-26, 19)",11087,-392.6755384199787,249.29654032315503,,,,,,21640.0,15.71798326691956,-392.0,265.0,11087.0,,False,True,True,False,"(-26, 19)",-26.0,19.0,GOES,"[11087.0, nan, 11087.0]"
595,595,2010-07-13,2010-07-13 10:43:00,2010-07-13 10:51:00,2010-07-13 10:55:00,C2.6,"(-26, 19)",11087,-392.6759641417302,249.2611940836971,,,,,,21650.0,10.420330982316155,-387.0,258.0,11087.0,,False,True,True,False,"(-26, 19)",-26.0,19.0,GOES,"[11087.0, nan, 11087.0]"
596,596,2010-07-14,2010-07-14 04:18:00,2010-07-14 04:23:00,2010-07-14 04:30:00,B2.4,"(0, 0)",0,,,,,,,,21670.0,,-267.0,255.0,,,False,False,False,False,"(-17.408466686960764, 19.650737797092134)",-17.408466686960764,19.650737797092134,XRT,"[0.0, nan, nan]"
597,597,2010-07-14,2010-07-14 10:56:00,2010-07-14 11:00:00,2010-07-14 11:02:00,B1.7,"(0, 0)",0,,,,,,,,21680.0,,-207.0,261.0,,,False,False,False,False,"(-13.452056973725519, 20.128633351105055)",-13.452056973725519,20.128633351105055,XRT,"[0.0, nan, nan]"
598,598,2010-07-14,2010-07-14 12:11:00,2010-07-14 12:30:00,2010-07-14 12:57:00,C1.4,"(0, 0)",0,,,,,,,,21690.0,,-132.0,285.0,,,False,False,False,False,"(-8.622256195834893, 21.716382251328376)",-8.622256195834893,21.716382251328376,XRT,"[0.0, nan, nan]"
599,599,2010-07-14,2010-07-14 20:31:00,2010-07-14 20:47:00,2010-07-14 21:22:00,C3.6,"(0, 0)",0,,,,,,,,21700.0,,-13.0,220.0,,,False,False,False,False,"(-0.8249520592049748, 17.716371511982313)",-0.8249520592049748,17.716371511982313,XRT,"[0.0, nan, nan]"
600,600,2010-07-15,2010-07-15 13:19:00,2010-07-15 13:22:00,2010-07-15 13:26:00,B1.2,"(0, 0)",0,,,,,,,,21710.0,,66.0,246.0,,,False,False,False,False,"(4.233313003130045, 19.393620561096522)",4.233313003130045,19.393620561096522,XRT,"[0.0, nan, nan]"
601,601,2010-07-16,2010-07-16 01:40:00,2010-07-16 01:49:00,2010-07-16 01:58:00,B3.1,"(0, 0)",11087,,,,,,,,21730.0,,184.0,283.0,11087.0,,False,False,False,False,"(12.059898037696277, 21.691487920863004)",12.059898037696277,21.691487920863004,XRT,"[11087.0, nan, 11087.0]"
602,602,2010-07-16,2010-07-16 23:29:00,2010-07-16 23:33:00,2010-07-16 23:36:00,B1.4,"(0, 0)",11087,,,,,,,,21740.0,,-910.0,-313.0,11087.0,,False,False,False,False,"(nan, nan)",,,XRT,"[11087.0, nan, 11087.0]"
603,603,2010-07-17,2010-07-17 00:17:00,2010-07-17 00:20:00,2010-07-17 00:26:00,B1.3,"(0, 0)",11087,,,,,,,,21750.0,,338.0,300.0,11087.0,,False,False,False,False,"(22.731964488122035, 22.619770265647716)",22.731964488122035,22.619770265647716,XRT,"[11087.0, nan, 11087.0]"
604,604,2010-07-17,2010-07-17 17:27:00,2010-07-17 18:01:00,2010-07-17 18:20:00,C2.4,"(0, 0)",11087,,,,,,,,21760.0,,538.0,250.0,11087.0,,False,False,False,False,"(36.91629046564547, 18.9797516958046)",36.91629046564547,18.9797516958046,XRT,"[11087.0, nan, 11087.0]"
605,605,2010-07-18,2010-07-18 19:24:00,2010-07-18 19:27:00,2010-07-18 19:30:00,B2.1,"(0, 0)",11087,,,,,,,,21780.0,,692.0,201.0,11087.0,,False,False,False,False,"(49.28315984504879, 15.332427278468677)",49.28315984504879,15.332427278468677,XRT,"[11087.0, nan, 11087.0]"
606,606,2010-07-19,2010-07-19 02:03:00,2010-07-19 02:08:00,2010-07-19 02:11:00,B2.5,"(0, 0)",0,,,,,,,,21790.0,,-860.0,-402.0,,,False,False,False,False,"(nan, nan)",,,XRT,"[0.0, nan, nan]"
607,607,2010-07-19,2010-07-19 04:45:00,2010-07-19 04:51:00,2010-07-19 04:54:00,B4.5,"(0, 0)",0,,,,,,,,21800.0,,-876.0,-368.0,,,False,False,False,False,"(nan, nan)",,,XRT,"[0.0, nan, nan]"
608,608,2010-07-19,2010-07-19 06:21:00,2010-07-19 06:24:00,2010-07-19 06:29:00,B2.5,"(0, 0)",0,,,,,,,,21810.0,,-860.0,-370.0,,,False,False,False,False,"(-79.80526935544123, -22.307761166129044)",-79.80526935544123,-22.307761166129044,XRT,"[0.0, nan, nan]"
609,609,2010-07-19,2010-07-19 07:27:00,2010-07-19 07:52:00,2010-07-19 08:36:00,B5.5,"(0, 0)",11087,,,,,,,,21820.0,,720.0,287.0,11087.0,,False,False,False,False,"(54.28758047034488, 20.45198439238086)",54.28758047034488,20.45198439238086,XRT,"[11087.0, nan, 11087.0]"
610,610,2010-07-19,2010-07-19 16:55:00,2010-07-19 16:58:00,2010-07-19 17:00:00,B2.8,"(0, 0)",11089,,,,,,,,21830.0,,-842.0,-373.0,11089.0,,False,False,False,False,"(-73.98074133037562, -22.014412017645682)",-73.98074133037562,-22.014412017645682,XRT,"[11089.0, nan, 11089.0]"
611,611,2010-07-20,2010-07-20 04:08:00,2010-07-20 04:12:00,2010-07-20 04:15:00,B2.2,"(0, 0)",11089,,,,,,,,21840.0,,-827.0,-398.0,11089.0,,False,False,False,False,"(-72.69553185336503, -23.56387383812973)",-72.69553185336503,-23.56387383812973,XRT,"[11089.0, nan, 11089.0]"
612,612,2010-07-20,2010-07-20 05:02:00,2010-07-20 05:21:00,2010-07-20 05:30:00,B4.1,"(0, 0)",11089,,,,,,,,,,,,,,False,False,False,False,,,,NoLocation,"[11089.0, nan, nan]"
613,613,2010-07-20,2010-07-20 09:16:00,2010-07-20 09:42:00,2010-07-20 10:03:00,B8.0,"(0, 0)",11089,,,,,,,,21860.0,,-815.0,-395.0,11089.0,,False,False,False,False,"(-69.61961997272215, -23.102833220045248)",-69.61961997272215,-23.102833220045248,XRT,"[11089.0, nan, 11089.0]"
614,614,2010-07-20,2010-07-20 11:23:00,2010-07-20 11:30:00,2010-07-20 11:39:00,B5.6,"(0, 0)",0,,,,,,,,21870.0,,-815.0,-385.0,,,False,False,False,False,"(-68.794048159738, -22.36488957426642)",-68.794048159738,-22.36488957426642,XRT,"[0.0, nan, nan]"
615,615,2010-07-20,2010-07-20 12:34:00,2010-07-20 12:39:00,2010-07-20 12:51:00,B5.6,"(0, 0)",0,,,,,,,,21880.0,,-797.0,-405.0,,,False,False,False,False,"(-66.86664659080895, -23.54686513426381)",-66.86664659080895,-23.54686513426381,XRT,"[0.0, nan, nan]"
616,616,2010-07-20,2010-07-20 13:38:00,2010-07-20 13:45:00,2010-07-20 13:50:00,C1.4,"(-55, -21)",11089,-723.5895447148941,-380.5423982189843,,,,,,21890.0,80.4252467290212,-804.0,-379.0,11089.0,,False,True,True,False,"(-55, -21)",-55.0,-21.0,GOES,"[11089.0, nan, 11089.0]"
617,617,2010-07-20,2010-07-20 18:52:00,2010-07-20 18:55:00,2010-07-20 18:59:00,B8.0,"(-63, -22)",11089,-781.2670675860718,-386.6523266935434,,,,,,21900.0,1787.626397630983,897.0,229.0,11089.0,,False,False,False,False,"(-63, -22)",-63.0,-22.0,GOES,"[11089.0, nan, 11089.0]"
618,618,2010-07-21,2010-07-21 02:43:00,2010-07-21 02:46:00,2010-07-21 02:49:00,B3.2,"(0, 0)",11089,,,,,,,,21910.0,,888.0,290.0,11089.0,,False,False,False,False,"(82.58942930251612, 18.57436632285239)",82.58942930251612,18.57436632285239,XRT,"[11089.0, nan, 11089.0]"
619,619,2010-07-21,2010-07-21 04:34:00,2010-07-21 04:37:00,2010-07-21 04:40:00,B4.6,"(81, 17)",11087,892.3942404322338,263.1889996067802,,,,,,21920.0,14.03281332387313,903.0,254.0,11087.0,,False,True,True,False,"(81, 17)",81.0,17.0,GOES,"[11087.0, nan, 11087.0]"
620,620,2010-07-21,2010-07-21 07:24:00,2010-07-21 07:29:00,2010-07-21 07:37:00,B5.7,"(-52, -26)",11089,-670.2162255474832,-458.0070637816887,,,,,,21930.0,1732.6285106274386,908.0,257.0,11089.0,,False,False,False,False,"(-52, -26)",-52.0,-26.0,GOES,"[11089.0, nan, 11089.0]"
621,621,2010-07-21,2010-07-21 09:07:00,2010-07-21 09:18:00,2010-07-21 09:25:00,B5.9,"(0, 0)",11087,,,,,,,,21940.0,,874.0,371.0,11087.0,,False,False,False,False,"(nan, nan)",,,XRT,"[11087.0, nan, 11087.0]"
622,622,2010-07-21,2010-07-21 12:27:00,2010-07-21 12:30:00,2010-07-21 12:33:00,B3.9,"(0, 0)",11087,,,,,,,,21950.0,,911.0,261.0,11087.0,,False,False,False,False,"(nan, nan)",,,XRT,"[11087.0, nan, 11087.0]"
623,623,2010-07-21,2010-07-21 14:24:00,2010-07-21 14:37:00,2010-07-21 14:49:00,B8.5,"(0, 0)",11087,,,,,,,,21960.0,,918.0,218.0,11087.0,,False,False,False,False,"(88.87605032549207, 13.495572351232799)",88.87605032549207,13.495572351232799,XRT,"[11087.0, nan, 11087.0]"
624,624,2010-07-21,2010-07-21 16:41:00,2010-07-21 16:45:00,2010-07-21 16:47:00,B4.6,"(0, 0)",11089,,,,,,,,21970.0,,-648.0,-468.0,11089.0,,False,False,False,False,"(-49.93076283790589, -26.528691224412842)",-49.93076283790589,-26.528691224412842,XRT,"[11089.0, nan, 11089.0]"
625,625,2010-07-21,2010-07-21 18:45:00,2010-07-21 18:51:00,2010-07-21 18:55:00,B8.5,"(0, 0)",11089,,,,,,,,21980.0,,-636.0,-456.0,11089.0,,False,False,False,False,"(-48.14618660682561, -25.565235655636663)",-48.14618660682561,-25.565235655636663,XRT,"[11089.0, nan, 11089.0]"
626,626,2010-07-22,2010-07-22 02:00:00,2010-07-22 02:04:00,2010-07-22 02:09:00,B5.7,"(0, 0)",11087,,,,,,,,21990.0,,930.0,258.0,11087.0,,False,False,False,False,"(nan, nan)",,,XRT,"[11087.0, nan, 11087.0]"
627,627,2010-07-22,2010-07-22 06:28:00,2010-07-22 06:32:00,2010-07-22 06:36:00,B6.9,"(-42, -27)",11089,-564.4961645009462,-482.6663763962811,,,,,,22000.0,5.227337592523915,-560.0,-480.0,11089.0,,False,True,True,False,"(-42, -27)",-42.0,-27.0,GOES,"[11089.0, nan, 11089.0]"
628,628,2010-07-22,2010-07-22 06:57:00,2010-07-22 07:03:00,2010-07-22 07:19:00,B3.7,"(0, 0)",0,,,,,,,,22010.0,,921.0,255.0,,,False,False,False,False,"(nan, nan)",,,XRT,"[0.0, nan, nan]"
629,629,2010-07-22,2010-07-22 07:28:00,2010-07-22 07:35:00,2010-07-22 07:41:00,B5.7,"(0, 0)",11089,,,,,,,,22020.0,,885.0,348.0,11089.0,,False,False,False,False,"(nan, nan)",,,XRT,"[11089.0, nan, 11089.0]"
630,630,2010-07-22,2010-07-22 12:07:00,2010-07-22 12:15:00,2010-07-22 12:26:00,B8.4,"(-39, -23)",11089,-548.6458858994301,-427.727657562904,,,,,,22030.0,43.82849170646014,-591.0,-439.0,11089.0,,False,True,True,False,"(-39, -23)",-39.0,-23.0,GOES,"[11089.0, nan, 11089.0]"
631,631,2010-07-22,2010-07-22 15:10:00,2010-07-22 15:16:00,2010-07-22 15:21:00,B5.9,"(-39, -25)",11089,-540.1555343384389,-456.9993194113046,,,,,,22040.0,28.899196514173838,-533.0,-429.0,11089.0,,False,True,True,False,"(-39, -25)",-39.0,-25.0,GOES,"[11089.0, nan, 11089.0]"
632,632,2010-07-22,2010-07-22 15:52:00,2010-07-22 16:01:00,2010-07-22 16:15:00,B5.3,"(0, 0)",11087,,,,,,,,22050.0,,917.0,273.0,11087.0,,False,False,False,False,"(nan, nan)",,,XRT,"[11087.0, nan, 11087.0]"
633,633,2010-07-22,2010-07-22 17:19:00,2010-07-22 17:23:00,2010-07-22 17:30:00,B3.8,"(0, 0)",1089,,,,,,,,22060.0,,-501.0,-400.0,11089.0,,False,False,False,False,"(-34.468071540248616, -20.864540999942978)",-34.468071540248616,-20.864540999942978,XRT,"[1089.0, nan, 11089.0]"
634,634,2010-07-22,2010-07-22 17:19:00,2010-07-22 17:23:00,2010-07-22 17:30:00,B3.8,"(0, 0)",11089,,,,,,,,22060.0,,-501.0,-400.0,11089.0,,False,False,False,False,"(-34.468071540248616, -20.864540999942978)",-34.468071540248616,-20.864540999942978,XRT,"[11089.0, nan, 11089.0]"
635,635,2010-07-22,2010-07-22 21:30:00,2010-07-22 21:38:00,2010-07-22 21:45:00,B9.8,"(0, 0)",11089,,,,,,,,22070.0,,-518.0,-436.0,11089.0,,False,False,False,False,"(-36.57419374204903, -23.398134258949852)",-36.57419374204903,-23.398134258949852,XRT,"[11089.0, nan, 11089.0]"
636,636,2010-07-22,2010-07-22 21:30:00,2010-07-22 21:38:00,2010-07-22 21:45:00,B9.8,"(0, 0)",0,,,,,,,,22070.0,,-518.0,-436.0,11089.0,,False,False,False,False,"(-36.57419374204903, -23.398134258949852)",-36.57419374204903,-23.398134258949852,XRT,"[0.0, nan, 11089.0]"
637,637,2010-07-23,2010-07-23 00:19:00,2010-07-23 00:24:00,2010-07-23 00:26:00,B5.2,"(-33, -27)",11089,-459.6790102708619,-490.6414097692296,,,,,,22080.0,44.58007237191988,-478.0,-450.0,11089.0,,False,True,True,False,"(-33, -27)",-33.0,-27.0,GOES,"[11089.0, nan, 11089.0]"
638,638,2010-07-23,2010-07-23 01:30:00,2010-07-23 01:38:00,2010-07-23 01:45:00,B3.6,"(0, 0)",11089,,,,,,,,22090.0,,-503.0,-458.0,11089.0,,False,False,False,False,"(-35.820805145115855, -24.85824957077095)",-35.820805145115855,-24.85824957077095,XRT,"[11089.0, nan, 11089.0]"
639,639,2010-07-23,2010-07-23 08:48:00,2010-07-23 08:56:00,2010-07-23 09:02:00,B3.6,"(-28, -21)",11089,-415.3449975820258,-407.4046705002756,,,,,,22100.0,43.400053787636146,-444.0,-440.0,11089.0,,False,True,True,False,"(-28, -21)",-28.0,-21.0,GOES,"[11089.0, nan, 11089.0]"
640,640,2010-07-23,2010-07-23 15:16:00,2010-07-23 15:23:00,2010-07-23 15:31:00,B9.3,"(-24, -26)",11089,-346.42643411597237,-482.9395174120376,,,,,,22110.0,13.5657974650274,-333.0,-481.0,11089.0,,False,True,True,False,"(-24, -26)",-24.0,-26.0,GOES,"[11089.0, nan, 11089.0]"
641,641,2010-07-24,2010-07-24 03:05:00,2010-07-24 03:09:00,2010-07-24 03:13:00,B3.0,"(0, 0)",0,,,,,,,,22120.0,,-261.0,-420.0,,,False,False,False,False,"(-17.199141643375413, -21.39414410887822)",-17.199141643375413,-21.39414410887822,XRT,"[0.0, nan, nan]"
642,642,2010-07-24,2010-07-24 04:30:00,2010-07-24 04:34:00,2010-07-24 04:39:00,B3.1,"(0, 0)",0,,,,,,,,22130.0,,-799.0,328.0,,,False,False,False,False,"(-66.03985862182486, 22.452558846849517)",-66.03985862182486,22.452558846849517,XRT,"[0.0, nan, nan]"
643,643,2010-07-24,2010-07-24 20:33:00,2010-07-24 20:37:00,2010-07-24 20:41:00,B1.9,"(0, 0)",0,,,,,,,,22140.0,,-731.0,290.0,,,False,False,False,False,"(-55.69847446109526, 20.82724888062856)",-55.69847446109526,20.82724888062856,XRT,"[0.0, nan, nan]"
644,644,2010-07-25,2010-07-25 07:51:00,2010-07-25 07:54:00,2010-07-25 07:57:00,B1.4,"(0, 0)",0,,,,,,,,22150.0,,33.0,-446.0,,,False,False,False,False,"(2.1638058363513104, -22.81744018071065)",2.1638058363513104,-22.81744018071065,XRT,"[0.0, nan, nan]"
645,645,2010-07-25,2010-07-25 21:54:00,2010-07-25 22:13:00,2010-07-25 23:59:00,B2.3,"(0, 0)",11089,,,,,,,,,,,,,,False,False,False,False,,,,NoLocation,"[11089.0, nan, nan]"
646,646,2010-07-26,2010-07-26 00:32:00,2010-07-26 00:36:00,2010-07-26 00:38:00,B2.7,"(0, 0)",11089,,,,,,,,22170.0,,198.0,-399.0,11089.0,,False,False,False,False,"(12.814899165636849, -19.717881236378595)",12.814899165636849,-19.717881236378595,XRT,"[11089.0, nan, 11089.0]"
647,647,2010-07-26,2010-07-26 04:11:00,2010-07-26 04:15:00,2010-07-26 04:18:00,B3.8,"(0, 0)",11091,,,,,,,,22180.0,,819.0,165.0,11091.0,,False,False,False,False,"(62.42837250773723, 12.538985675747421)",62.42837250773723,12.538985675747421,XRT,"[11091.0, nan, 11091.0]"
648,648,2010-07-26,2010-07-26 04:54:00,2010-07-26 04:57:00,2010-07-26 04:59:00,B2.3,"(0, 0)",11091,,,,,,,,22190.0,,815.0,161.0,11091.0,,False,False,False,False,"(61.81157732406141, 12.343269463615663)",61.81157732406141,12.343269463615663,XRT,"[11091.0, nan, 11091.0]"
649,649,2010-07-26,2010-07-26 06:10:00,2010-07-26 06:14:00,2010-07-26 06:21:00,B2.1,"(0, 0)",11089,,,,,,,,22200.0,,179.0,-471.0,11089.0,,False,False,False,False,"(11.98232359591307, -24.58609333030958)",11.98232359591307,-24.58609333030958,XRT,"[11089.0, nan, 11089.0]"
650,650,2010-07-26,2010-07-26 11:37:00,2010-07-26 11:41:00,2010-07-26 11:45:00,B3.3,"(0, 0)",11089,,,,,,,,22210.0,,217.0,-459.0,11089.0,,False,False,False,False,"(14.484441801851622, -23.791058786628717)",14.484441801851622,-23.791058786628717,XRT,"[11089.0, nan, 11089.0]"
651,651,2010-07-26,2010-07-26 15:06:00,2010-07-26 15:10:00,2010-07-26 15:15:00,B3.1,"(0, 0)",11089,,,,,,,,22220.0,,249.0,-456.0,11089.0,,False,False,False,False,"(16.657715957310952, -23.630173010460148)",16.657715957310952,-23.630173010460148,XRT,"[11089.0, nan, 11089.0]"
652,652,2010-07-26,2010-07-26 16:25:00,2010-07-26 16:32:00,2010-07-26 16:37:00,B4.7,"(0, 0)",11089,,,,,,,,22230.0,,246.0,-448.0,11089.0,,False,False,False,False,"(16.379091207603768, -23.06681800886539)",16.379091207603768,-23.06681800886539,XRT,"[11089.0, nan, 11089.0]"
653,653,2010-07-26,2010-07-26 18:24:00,2010-07-26 18:29:00,2010-07-26 18:33:00,B5.8,"(0, 0)",11089,,,,,,,,22240.0,,269.0,-459.0,11089.0,,False,False,False,False,"(18.074537753498436, -23.868683091518864)",18.074537753498436,-23.868683091518864,XRT,"[11089.0, nan, 11089.0]"
654,654,2010-07-27,2010-07-27 01:00:00,2010-07-27 01:07:00,2010-07-27 01:18:00,B5.5,"(0, 0)",11089,,,,,,,,22250.0,,314.0,-443.0,11089.0,,False,False,False,False,"(21.061954103251562, -22.845838564893032)",21.061954103251562,-22.845838564893032,XRT,"[11089.0, nan, 11089.0]"
655,655,2010-07-27,2010-07-27 03:48:00,2010-07-27 03:57:00,2010-07-27 04:09:00,B8.0,"(23, -23)",11089,340.9902675430241,-444.3122605307256,,,,,,22260.0,15.066986962578003,356.0,-443.0,11089.0,,False,True,True,False,"(23, -23)",23.0,-23.0,GOES,"[11089.0, nan, 11089.0]"
656,656,2010-07-27,2010-07-27 04:12:00,2010-07-27 04:24:00,2010-07-27 04:34:00,C2.2,"(0, 0)",11089,,,,,,,,22270.0,,360.0,-450.0,11089.0,,False,False,False,False,"(24.451425883238457, -23.44737141615105)",24.451425883238457,-23.44737141615105,XRT,"[11089.0, nan, 11089.0]"
657,657,2010-07-27,2010-07-27 09:45:00,2010-07-27 09:54:00,2010-07-27 10:29:00,B4.2,"(0, 0)",0,,,,,,,,22280.0,,-899.0,334.0,,,False,False,False,False,"(nan, nan)",,,XRT,"[0.0, nan, nan]"
658,658,2010-07-27,2010-07-27 19:14:00,2010-07-27 19:31:00,2010-07-27 19:39:00,B6.0,"(0, 0)",11089,,,,,,,,22290.0,,474.0,-435.0,11089.0,,False,False,False,False,"(32.847513631731765, -22.77910343852006)",32.847513631731765,-22.77910343852006,XRT,"[11089.0, nan, 11089.0]"
659,659,2010-07-27,2010-07-27 23:54:00,2010-07-27 23:58:00,2010-07-28 00:01:00,B3.8,"(0, 0)",0,,,,,,,,22300.0,,460.0,-480.0,,,False,False,False,False,"(32.644851345974445, -25.870922677526412)",32.644851345974445,-25.870922677526412,XRT,"[0.0, nan, nan]"
660,660,2010-07-28,2010-07-28 09:55:00,2010-07-28 10:02:00,2010-07-28 10:11:00,B5.3,"(0, 0)",0,,,,,,,,22310.0,,549.0,-453.0,,,False,False,False,False,"(39.50012447442756, -24.372988922518147)",39.50012447442756,-24.372988922518147,XRT,"[0.0, nan, nan]"
661,661,2010-07-28,2010-07-28 12:52:00,2010-07-28 13:07:00,2010-07-28 13:15:00,B8.1,"(42, -24)",11089,579.1619361804507,-445.2808190370294,,,,,,22320.0,10.242335883047817,569.0,-444.0,11089.0,,False,True,True,False,"(42, -24)",42.0,-24.0,GOES,"[11089.0, nan, 11089.0]"
662,662,2010-07-28,2010-07-28 20:33:00,2010-07-28 20:42:00,2010-07-28 20:49:00,C2.8,"(0, 0)",11089,,,,,,,,22330.0,,619.0,-436.0,11089.0,,False,False,False,False,"(45.4791966916654, -23.589795669340678)",45.4791966916654,-23.589795669340678,XRT,"[11089.0, nan, 11089.0]"
663,663,2010-07-29,2010-07-29 00:50:00,2010-07-29 01:38:00,2010-07-29 01:57:00,B6.0,"(0, 0)",11092,,,,,,,,22340.0,,641.0,-442.0,11092.0,,False,False,False,False,"(47.879403155760556, -24.16812687705386)",47.879403155760556,-24.16812687705386,XRT,"[11092.0, nan, 11092.0]"
664,664,2010-07-29,2010-07-29 18:27:00,2010-07-29 18:43:00,2010-07-29 18:51:00,B7.5,"(0, 0)",11092,,,,,,,,,,,,,,False,False,False,False,,,,NoLocation,"[11092.0, nan, nan]"
665,665,2010-07-30,2010-07-30 01:06:00,2010-07-30 01:09:00,2010-07-30 01:12:00,B2.7,"(0, 0)",0,,,,,,,,22360.0,,-818.0,260.0,,,False,False,False,False,"(-65.5489269480284, 18.339367494791645)",-65.5489269480284,18.339367494791645,XRT,"[0.0, nan, nan]"
666,666,2010-07-30,2010-07-30 02:21:00,2010-07-30 02:27:00,2010-07-30 02:56:00,B9.0,"(-64, 17)",11092,-813.7786743161269,236.5745990349859,,,,,,22370.0,6.472411548395207,-813.0,243.0,11092.0,,False,True,True,False,"(-64, 17)",-64.0,17.0,GOES,"[11092.0, nan, 11092.0]"
667,667,2010-07-30,2010-07-30 08:11:00,2010-07-30 09:18:00,2010-07-30 10:12:00,B8.1,"(0, 0)",11092,,,,,,,,22390.0,,-800.0,316.0,11092.0,,False,False,False,False,"(-65.62853910681758, 21.917899853352033)",-65.62853910681758,21.917899853352033,XRT,"[11092.0, nan, 11092.0]"
668,668,2010-07-30,2010-07-30 20:21:00,2010-07-30 20:25:00,2010-07-30 20:32:00,B4.7,"(0, 0)",11092,,,,,,,,22400.0,,-704.0,164.0,11092.0,,False,False,False,False,"(-49.8588625652954, 13.66395572558701)",-49.8588625652954,13.66395572558701,XRT,"[11092.0, nan, 11092.0]"
669,669,2010-07-30,2010-07-30 22:32:00,2010-07-30 22:37:00,2010-07-30 22:42:00,B4.1,"(0, 0)",11092,,,,,,,,22410.0,,799.0,-448.0,11092.0,,False,False,False,False,"(70.715516666252, -26.517445651212185)",70.715516666252,-26.517445651212185,XRT,"[11092.0, nan, 11092.0]"
670,670,2010-07-31,2010-07-31 03:40:00,2010-07-31 04:00:00,2010-07-31 04:19:00,B4.7,"(0, 0)",11089,,,,,,,,22420.0,,879.0,-354.0,11089.0,,False,False,False,False,"(nan, nan)",,,XRT,"[11089.0, nan, 11089.0]"
671,671,2010-07-31,2010-07-31 05:15:00,2010-07-31 05:29:00,2010-07-31 05:32:00,B4.8,"(-41, 10)",11092,-612.6606139370706,93.72821326993484,,,,,,22430.0,20.445640213781033,-610.0,114.0,11092.0,,False,True,True,False,"(-41, 10)",-41.0,10.0,GOES,"[11092.0, nan, 11092.0]"
672,672,2010-07-31,2010-07-31 08:32:00,2010-07-31 08:40:00,2010-07-31 08:56:00,B3.1,"(0, 0)",11092,,,,,,,,22440.0,,-663.0,217.0,11092.0,,False,False,False,False,"(-47.05958438507486, 17.173453452744177)",-47.05958438507486,17.173453452744177,XRT,"[11092.0, nan, 11092.0]"
673,673,2010-07-31,2010-07-31 13:01:00,2010-07-31 13:07:00,2010-07-31 13:17:00,B2.8,"(0, 0)",11089,,,,,,,,22450.0,,-591.0,194.0,11089.0,,False,False,False,False,"(-40.46603371639088, 16.19877143114394)",-40.46603371639088,16.19877143114394,XRT,"[11089.0, nan, 11089.0]"
674,674,2010-07-31,2010-07-31 18:32:00,2010-07-31 19:09:00,2010-07-31 19:26:00,B7.4,"(0, 0)",11092,,,,,,,,22460.0,,-599.0,218.0,11092.0,,False,False,False,False,"(-41.51687835595044, 17.634780615115318)",-41.51687835595044,17.634780615115318,XRT,"[11092.0, nan, 11092.0]"
675,675,2010-08-01,2010-08-01 03:38:00,2010-08-01 03:50:00,2010-08-01 03:55:00,B4.5,"(0, 0)",0,,,,,,,,22470.0,,-230.0,147.0,,,False,False,False,False,"(-14.49410346650825, 14.508082387305937)",-14.49410346650825,14.508082387305937,XRT,"[0.0, nan, nan]"
676,676,2010-08-01,2010-08-01 07:55:00,2010-08-01 08:26:00,2010-08-01 09:35:00,C3.2,"(-36, 20)",11092,-523.9071221419144,249.992043801426,,,,,,22480.0,13.515084715827191,-511.0,254.0,,,False,True,True,False,"(-36, 20)",-36.0,20.0,GOES,"[11092.0, nan, nan]"
677,677,2010-08-01,2010-08-01 16:06:00,2010-08-01 16:25:00,2010-08-01 16:38:00,B4.1,"(0, 0)",0,,,,,,,,,,,,,,False,False,False,False,,,,NoLocation,"[0.0, nan, nan]"
678,678,2010-08-02,2010-08-02 04:19:00,2010-08-02 04:26:00,2010-08-02 04:38:00,B8.9,"(0, 0)",0,,,,,,,,22500.0,,-914.0,-261.0,,,False,False,False,False,"(nan, nan)",,,XRT,"[0.0, nan, nan]"
679,679,2010-08-02,2010-08-02 17:21:00,2010-08-02 17:25:00,2010-08-02 17:30:00,B1.8,"(0, 0)",11092,,,,,,,,22510.0,,-134.0,123.0,11092.0,,False,False,False,False,"(-8.337134639275348, 13.273837137408858)",-8.337134639275348,13.273837137408858,XRT,"[11092.0, nan, 11092.0]"
680,680,2010-08-03,2010-08-03 10:07:00,2010-08-03 10:23:00,2010-08-03 10:46:00,B2.0,"(0, 0)",0,,,,,,,,22530.0,,-114.0,237.0,,,False,False,False,False,"(-7.357041364112661, 20.348099307964915)",-7.357041364112661,20.348099307964915,XRT,"[0.0, nan, nan]"
681,681,2010-08-03,2010-08-03 11:40:00,2010-08-03 11:49:00,2010-08-03 11:55:00,B5.2,"(0, 0)",0,,,,,,,,22540.0,,-941.0,153.0,,,False,False,False,False,"(nan, nan)",,,XRT,"[0.0, nan, nan]"
682,682,2010-08-03,2010-08-03 12:02:00,2010-08-03 12:06:00,2010-08-03 12:12:00,B3.4,"(0, 0)",0,,,,,,,,22550.0,,-940.0,140.0,,,False,False,False,False,"(nan, nan)",,,XRT,"[0.0, nan, nan]"
683,683,2010-08-03,2010-08-03 12:27:00,2010-08-03 12:34:00,2010-08-03 12:40:00,B2.5,"(0, 0)",0,,,,,,,,22560.0,,-945.0,152.0,,,False,False,False,False,"(nan, nan)",,,XRT,"[0.0, nan, nan]"
684,684,2010-08-03,2010-08-03 14:17:00,2010-08-03 14:25:00,2010-08-03 14:28:00,B2.4,"(0, 0)",0,,,,,,,,22570.0,,-938.0,160.0,,,False,False,False,False,"(nan, nan)",,,XRT,"[0.0, nan, nan]"
685,685,2010-08-03,2010-08-03 16:57:00,2010-08-03 17:00:00,2010-08-03 17:04:00,B3.7,"(0, 0)",0,,,,,,,,22580.0,,232.0,337.0,,,False,False,False,False,"(15.853223735349566, 26.537699141268398)",15.853223735349566,26.537699141268398,XRT,"[0.0, nan, nan]"
686,686,2010-08-03,2010-08-03 20:45:00,2010-08-03 20:48:00,2010-08-03 20:51:00,B1.5,"(0, 0)",0,,,,,,,,22590.0,,-930.0,141.0,,,False,False,False,False,"(-84.84550198838593, 9.158514717643632)",-84.84550198838593,9.158514717643632,XRT,"[0.0, nan, nan]"
687,687,2010-08-04,2010-08-04 02:36:00,2010-08-04 02:39:00,2010-08-04 02:42:00,B2.0,"(0, 0)",0,,,,,,,,22600.0,,-924.0,147.0,,,False,False,False,False,"(-82.35658914250308, 9.786928073089852)",-82.35658914250308,9.786928073089852,XRT,"[0.0, nan, nan]"
688,688,2010-08-04,2010-08-04 02:51:00,2010-08-04 02:54:00,2010-08-04 02:58:00,B6.6,"(0, 0)",11093,,,,,,,,22610.0,,-917.0,135.0,11093.0,,False,False,False,False,"(-79.16517203735157, 9.375485384308625)",-79.16517203735157,9.375485384308625,XRT,"[11093.0, nan, 11093.0]"
689,689,2010-08-04,2010-08-04 09:13:00,2010-08-04 09:20:00,2010-08-04 09:39:00,B6.5,"(0, 0)",11093,,,,,,,,22620.0,,-914.0,209.0,11093.0,,False,False,False,False,"(-83.54277862067096, 13.512226945436618)",-83.54277862067096,13.512226945436618,XRT,"[11093.0, nan, 11093.0]"
690,690,2010-08-04,2010-08-04 19:02:00,2010-08-04 19:06:00,2010-08-04 19:09:00,B4.9,"(0, 0)",11093,,,,,,,,22630.0,,-812.0,-311.0,11093.0,,False,False,False,False,"(-63.41686706808542, -16.547617619297327)",-63.41686706808542,-16.547617619297327,XRT,"[11093.0, nan, 11093.0]"
691,691,2010-08-04,2010-08-04 22:15:00,2010-08-04 22:20:00,2010-08-04 22:23:00,B2.3,"(0, 0)",0,,,,,,,,22640.0,,-798.0,-317.0,,,False,False,False,False,"(-61.60607835625905, -16.754995390772425)",-61.60607835625905,-16.754995390772425,XRT,"[0.0, nan, nan]"
692,692,2010-08-05,2010-08-05 00:16:00,2010-08-05 00:26:00,2010-08-05 00:39:00,B2.8,"(0, 0)",11092,,,,,,,,22650.0,,274.0,234.0,11092.0,,False,False,False,False,"(17.886977223289257, 20.03334253272822)",17.886977223289257,20.03334253272822,XRT,"[11092.0, nan, 11092.0]"
693,693,2010-08-05,2010-08-05 20:39:00,2010-08-05 21:35:00,2010-08-05 22:03:00,C1.3,"(0, 0)",11093,,,,,,,,22660.0,,-860.0,269.0,11093.0,,False,False,False,False,"(-73.12286733683919, 18.371115795233163)",-73.12286733683919,18.371115795233163,XRT,"[11093.0, nan, 11093.0]"
694,694,2010-08-05,2010-08-05 22:23:00,2010-08-05 22:27:00,2010-08-05 22:30:00,B5.7,"(0, 0)",1094,,,,,,,,22670.0,,731.0,321.0,11094.0,,False,False,False,False,"(57.03537382224517, 23.20887437842354)",57.03537382224517,23.20887437842354,XRT,"[1094.0, nan, 11094.0]"
695,695,2010-08-05,2010-08-05 22:23:00,2010-08-05 22:27:00,2010-08-05 22:30:00,B5.7,"(0, 0)",11094,,,,,,,,22670.0,,731.0,321.0,11094.0,,False,False,False,False,"(57.03537382224517, 23.20887437842354)",57.03537382224517,23.20887437842354,XRT,"[11094.0, nan, 11094.0]"
696,696,2010-08-06,2010-08-06 01:14:00,2010-08-06 01:36:00,2010-08-06 01:57:00,B5.6,"(0, 0)",1093,,,,,,,,22680.0,,-819.0,287.0,11093.0,,False,False,False,False,"(-67.0210564394277, 20.118867190737873)",-67.0210564394277,20.118867190737873,XRT,"[1093.0, nan, 11093.0]"
697,697,2010-08-06,2010-08-06 01:14:00,2010-08-06 01:36:00,2010-08-06 01:57:00,B5.6,"(0, 0)",11093,,,,,,,,22680.0,,-819.0,287.0,11093.0,,False,False,False,False,"(-67.0210564394277, 20.118867190737873)",-67.0210564394277,20.118867190737873,XRT,"[11093.0, nan, 11093.0]"
698,698,2010-08-06,2010-08-06 02:03:00,2010-08-06 02:07:00,2010-08-06 02:09:00,B4.5,"(0, 0)",1093,,,,,,,,22690.0,,-801.0,296.0,11093.0,,False,False,False,False,"(-64.81096900844165, 20.904515259348532)",-64.81096900844165,20.904515259348532,XRT,"[1093.0, nan, 11093.0]"
699,699,2010-08-06,2010-08-06 02:03:00,2010-08-06 02:07:00,2010-08-06 02:09:00,B4.5,"(0, 0)",11093,,,,,,,,22690.0,,-801.0,296.0,11093.0,,False,False,False,False,"(-64.81096900844165, 20.904515259348532)",-64.81096900844165,20.904515259348532,XRT,"[11093.0, nan, 11093.0]"
700,700,2010-08-06,2010-08-06 06:10:00,2010-08-06 06:33:00,2010-08-06 07:45:00,B2.8,"(0, 0)",0,,,,,,,,22700.0,,-714.0,98.0,,,False,False,False,False,"(-49.83318818787217, 9.914595685968122)",-49.83318818787217,9.914595685968122,XRT,"[0.0, nan, nan]"
701,701,2010-08-06,2010-08-06 06:10:00,2010-08-06 06:33:00,2010-08-06 07:45:00,B2.8,"(0, 0)",0,,,,,,,,22700.0,,-714.0,98.0,,,False,False,False,False,"(-49.83318818787217, 9.914595685968122)",-49.83318818787217,9.914595685968122,XRT,"[0.0, nan, nan]"
702,702,2010-08-06,2010-08-06 15:21:00,2010-08-06 15:27:00,2010-08-06 15:35:00,B3.5,"(0, 0)",0,,,,,,,,22710.0,,-792.0,215.0,,,False,False,False,False,"(-60.47253060557961, 16.211079465215953)",-60.47253060557961,16.211079465215953,XRT,"[0.0, nan, nan]"
703,703,2010-08-07,2010-08-07 02:30:00,2010-08-07 02:44:00,2010-08-07 02:56:00,B3.0,"(0, 0)",1094,,,,,,,,22720.0,,-373.0,-321.0,11094.0,,False,False,False,False,"(-23.89519118376785, -14.118994144188349)",-23.89519118376785,-14.118994144188349,XRT,"[1094.0, nan, 11094.0]"
704,704,2010-08-07,2010-08-07 02:30:00,2010-08-07 02:44:00,2010-08-07 02:56:00,B3.0,"(0, 0)",11094,,,,,,,,22720.0,,-373.0,-321.0,11094.0,,False,False,False,False,"(-23.89519118376785, -14.118994144188349)",-23.89519118376785,-14.118994144188349,XRT,"[11094.0, nan, 11094.0]"
705,705,2010-08-07,2010-08-07 05:09:00,2010-08-07 05:13:00,2010-08-07 05:15:00,B1.7,"(0, 0)",0,,,,,,,,22730.0,,704.0,150.0,,,False,False,False,False,"(49.64858591865086, 13.147765545987378)",49.64858591865086,13.147765545987378,XRT,"[0.0, nan, nan]"
706,706,2010-08-07,2010-08-07 17:55:00,2010-08-07 18:24:00,2010-08-07 18:47:00,M1.0,"(-34, 11)",11093,-521.198044787161,96.3030087265328,,,,,,22740.0,72.99501939207812,-555.0,161.0,11093.0,,False,True,True,False,"(-34, 11)",-34.0,11.0,GOES,"[11093.0, nan, 11093.0]"
707,707,2010-08-07,2010-08-07 22:40:00,2010-08-07 22:43:00,2010-08-07 22:46:00,B2.9,"(0, 0)",0,,,,,,,,22750.0,,843.0,389.0,,,False,False,False,False,"(80.43424226872116, 25.450211990741824)",80.43424226872116,25.450211990741824,XRT,"[0.0, nan, nan]"
708,708,2010-08-08,2010-08-08 07:43:00,2010-08-08 07:51:00,2010-08-08 08:28:00,B2.1,"(0, 0)",1093,,,,,,,,22760.0,,1019.0,1286.0,11093.0,,False,False,False,False,"(nan, nan)",,,XRT,"[1093.0, nan, 11093.0]"
709,709,2010-08-08,2010-08-08 07:43:00,2010-08-08 07:51:00,2010-08-08 08:28:00,B2.1,"(0, 0)",11093,,,,,,,,22760.0,,1019.0,1286.0,11093.0,,False,False,False,False,"(nan, nan)",,,XRT,"[11093.0, nan, 11093.0]"
710,710,2010-08-08,2010-08-08 14:13:00,2010-08-08 14:17:00,2010-08-08 14:23:00,B2.3,"(0, 0)",11093,,,,,,,,22770.0,,995.0,1341.0,11093.0,,False,False,False,False,"(nan, nan)",,,XRT,"[11093.0, nan, 11093.0]"
711,711,2010-08-09,2010-08-09 02:14:00,2010-08-09 02:25:00,2010-08-09 02:37:00,B1.8,"(0, 0)",1093,,,,,,,,22780.0,,-567.0,695.0,11093.0,,False,False,False,False,"(-68.1758806614198, 49.86195739769948)",-68.1758806614198,49.86195739769948,XRT,"[1093.0, nan, 11093.0]"
712,712,2010-08-09,2010-08-09 02:14:00,2010-08-09 02:25:00,2010-08-09 02:37:00,B1.8,"(0, 0)",11093,,,,,,,,22780.0,,-567.0,695.0,11093.0,,False,False,False,False,"(-68.1758806614198, 49.86195739769948)",-68.1758806614198,49.86195739769948,XRT,"[11093.0, nan, 11093.0]"
713,713,2010-08-09,2010-08-09 19:50:00,2010-08-09 19:54:00,2010-08-09 19:56:00,B1.6,"(0, 0)",11095,,,,,,,,22790.0,,981.0,1296.0,11095.0,,False,False,False,False,"(nan, nan)",,,XRT,"[11095.0, nan, 11095.0]"
714,714,2010-08-10,2010-08-10 04:45:00,2010-08-10 04:51:00,2010-08-10 04:55:00,B1.9,"(0, 0)",11096,,,,,,,,22800.0,,339.0,255.0,11096.0,,False,False,False,False,"(22.544389455422557, 21.47276346745661)",22.544389455422557,21.47276346745661,XRT,"[11096.0, nan, 11096.0]"
715,715,2010-08-10,2010-08-10 08:48:00,2010-08-10 09:12:00,2010-08-10 09:25:00,B1.9,"(0, 0)",1096,,,,,,,,22810.0,,361.0,299.0,11096.0,,False,False,False,False,"(24.613485406962617, 24.17253555959889)",24.613485406962617,24.17253555959889,XRT,"[1096.0, nan, 11096.0]"
716,716,2010-08-10,2010-08-10 08:48:00,2010-08-10 09:12:00,2010-08-10 09:25:00,B1.9,"(0, 0)",11096,,,,,,,,22810.0,,361.0,299.0,11096.0,,False,False,False,False,"(24.613485406962617, 24.17253555959889)",24.613485406962617,24.17253555959889,XRT,"[11096.0, nan, 11096.0]"
717,717,2010-08-10,2010-08-10 16:41:00,2010-08-10 17:01:00,2010-08-10 17:12:00,B8.1,"(0, 0)",11097,,,,,,,,22820.0,,414.0,256.0,11097.0,,False,False,False,False,"(27.889432061024866, 21.3182537657341)",27.889432061024866,21.3182537657341,XRT,"[11097.0, nan, 11097.0]"
718,718,2010-08-11,2010-08-11 07:57:00,2010-08-11 08:01:00,2010-08-11 08:05:00,B2.6,"(0, 0)",1098,,,,,,,,22830.0,,-556.0,140.0,11098.0,,False,False,False,False,"(-37.036443655865696, 13.64230986170366)",-37.036443655865696,13.64230986170366,XRT,"[1098.0, nan, 11098.0]"
719,719,2010-08-11,2010-08-11 07:57:00,2010-08-11 08:01:00,2010-08-11 08:05:00,B2.6,"(0, 0)",11098,,,,,,,,22830.0,,-556.0,140.0,11098.0,,False,False,False,False,"(-37.036443655865696, 13.64230986170366)",-37.036443655865696,13.64230986170366,XRT,"[11098.0, nan, 11098.0]"
720,720,2010-08-11,2010-08-11 10:56:00,2010-08-11 11:03:00,2010-08-11 11:07:00,B1.8,"(0, 0)",0,,,,,,,,22840.0,,-684.0,395.0,,,False,False,False,False,"(-55.047229427375896, 28.41583471942714)",-55.047229427375896,28.41583471942714,XRT,"[0.0, nan, nan]"
721,721,2010-08-11,2010-08-11 10:56:00,2010-08-11 11:03:00,2010-08-11 11:07:00,B1.8,"(0, 0)",0,,,,,,,,22840.0,,-684.0,395.0,,,False,False,False,False,"(-55.047229427375896, 28.41583471942714)",-55.047229427375896,28.41583471942714,XRT,"[0.0, nan, nan]"
722,722,2010-08-11,2010-08-11 11:42:00,2010-08-11 11:46:00,2010-08-11 11:49:00,B1.9,"(0, 0)",0,,,,,,,,22850.0,,303.0,45.0,,,False,False,False,False,"(18.81841970131112, 8.820369902476624)",18.81841970131112,8.820369902476624,XRT,"[0.0, nan, nan]"
723,723,2010-08-11,2010-08-11 12:02:00,2010-08-11 12:06:00,2010-08-11 12:09:00,B3.9,"(0, 0)",0,,,,,,,,22860.0,,323.0,42.0,,,False,False,False,False,"(20.10020673221225, 8.592557505743283)",20.10020673221225,8.592557505743283,XRT,"[0.0, nan, nan]"
724,724,2010-08-11,2010-08-11 13:38:00,2010-08-11 13:48:00,2010-08-11 13:54:00,B3.8,"(0, 0)",11098,,,,,,,,22870.0,,-515.0,137.0,11098.0,,False,False,False,False,"(-33.90855523549237, 13.669092280061834)",-33.90855523549237,13.669092280061834,XRT,"[11098.0, nan, 11098.0]"
725,725,2010-08-11,2010-08-11 18:43:00,2010-08-11 18:46:00,2010-08-11 18:48:00,B1.7,"(0, 0)",11098,,,,,,,,22880.0,,-707.0,423.0,11098.0,,False,False,False,False,"(-59.30764359124805, 29.925178999876845)",-59.30764359124805,29.925178999876845,XRT,"[11098.0, nan, 11098.0]"
726,726,2010-08-12,2010-08-12 00:30:00,2010-08-12 00:35:00,2010-08-12 00:44:00,B2.5,"(0, 0)",1098,,,,,,,,22890.0,,690.0,309.0,11098.0,,False,False,False,False,"(52.193281971577576, 23.058624118952427)",52.193281971577576,23.058624118952427,XRT,"[1098.0, nan, 11098.0]"
727,727,2010-08-12,2010-08-12 00:30:00,2010-08-12 00:35:00,2010-08-12 00:44:00,B2.5,"(0, 0)",11098,,,,,,,,22890.0,,690.0,309.0,11098.0,,False,False,False,False,"(52.193281971577576, 23.058624118952427)",52.193281971577576,23.058624118952427,XRT,"[11098.0, nan, 11098.0]"
728,728,2010-08-12,2010-08-12 04:16:00,2010-08-12 04:21:00,2010-08-12 04:25:00,B1.4,"(0, 0)",11098,,,,,,,,22900.0,,-398.0,138.0,11098.0,,False,False,False,False,"(-25.59225976401109, 14.21207096088962)",-25.59225976401109,14.21207096088962,XRT,"[11098.0, nan, 11098.0]"
729,729,2010-08-13,2010-08-13 15:28:00,2010-08-13 15:44:00,2010-08-13 16:31:00,B1.7,"(0, 0)",11093,,,,,,,,22910.0,,-908.0,-306.0,11093.0,,False,False,False,False,"(nan, nan)",,,XRT,"[11093.0, nan, 11093.0]"
730,730,2010-08-13,2010-08-13 21:48:00,2010-08-13 21:55:00,2010-08-13 22:01:00,B3.4,"(0, 0)",11099,,,,,,,,22920.0,,612.0,239.0,11099.0,,False,False,False,False,"(43.08812148941687, 19.429922120929916)",43.08812148941687,19.429922120929916,XRT,"[11099.0, nan, 11099.0]"
731,731,2010-08-13,2010-08-13 23:27:00,2010-08-13 23:41:00,2010-08-13 23:45:00,B1.5,"(46, 18)",11099,649.8344723956318,219.6795537483478,,,,,,22930.0,10.970620014004636,642.0,212.0,11099.0,,False,True,True,False,"(46, 18)",46.0,18.0,GOES,"[11099.0, nan, 11099.0]"
732,732,2010-08-13,2010-08-13 23:53:00,2010-08-14 00:22:00,2010-08-14 00:27:00,B2.2,"(0, 0)",11099,,,,,,,,22940.0,,644.0,237.0,11099.0,,False,False,False,False,"(45.84509826240487, 19.09405948031134)",45.84509826240487,19.09405948031134,XRT,"[11099.0, nan, 11099.0]"
733,733,2010-08-14,2010-08-14 01:02:00,2010-08-14 01:06:00,2010-08-14 01:12:00,B2.7,"(46, 17)",11099,653.4334256278199,203.54137861912548,,,,,,22950.0,228.69530651841362,852.0,317.0,11099.0,,False,True,True,False,"(46, 17)",46.0,17.0,GOES,"[11099.0, nan, 11099.0]"
734,734,2010-08-14,2010-08-14 03:52:00,2010-08-14 04:01:00,2010-08-14 04:14:00,B2.5,"(0, 0)",11099,,,,,,,,22960.0,,-887.0,-359.0,11099.0,,False,False,False,False,"(nan, nan)",,,XRT,"[11099.0, nan, 11099.0]"
735,735,2010-08-14,2010-08-14 09:38:00,2010-08-14 10:05:00,2010-08-14 10:31:00,C4.4,"(52, 17)",11099,715.6116821901857,211.52271629215537,,,,,,22970.0,82.86844493973999,770.0,149.0,11099.0,,False,True,True,False,"(52, 17)",52.0,17.0,GOES,"[11099.0, nan, 11099.0]"
736,736,2010-08-14,2010-08-14 17:09:00,2010-08-14 17:14:00,2010-08-14 17:16:00,B9.7,"(0, 0)",11099,,,,,,,,22980.0,,721.0,207.0,11099.0,,False,False,False,False,"(52.43084080595472, 16.690020700682712)",52.43084080595472,16.690020700682712,XRT,"[11099.0, nan, 11099.0]"
737,737,2010-08-14,2010-08-14 18:03:00,2010-08-14 18:08:00,2010-08-14 18:10:00,C1.6,"(54, 19)",11099,726.3513506620649,246.25146916718504,,,,,,22990.0,18.094374776180956,710.0,254.0,11099.0,,False,True,True,False,"(54, 19)",54.0,19.0,GOES,"[11099.0, nan, 11099.0]"
738,738,2010-08-15,2010-08-15 00:59:00,2010-08-15 01:04:00,2010-08-15 01:06:00,B3.9,"(0, 0)",11099,,,,,,,,23000.0,,755.0,221.0,11099.0,,False,False,False,False,"(56.351421363640746, 17.210680351049874)",56.351421363640746,17.210680351049874,XRT,"[11099.0, nan, 11099.0]"
739,739,2010-08-15,2010-08-15 08:16:00,2010-08-15 08:20:00,2010-08-15 08:23:00,B4.9,"(63, 16)",11099,812.90620843668,211.89709798034204,,,,,,23020.0,1787.8303592110324,-883.0,-354.0,11099.0,,False,False,False,False,"(63, 16)",63.0,16.0,GOES,"[11099.0, nan, 11099.0]"
740,740,2010-08-15,2010-08-15 12:43:00,2010-08-15 12:49:00,2010-08-15 12:55:00,B7.8,"(0, 0)",11099,,,,,,,,23030.0,,840.0,232.0,11099.0,,False,False,False,False,"(67.618480606828, 16.78142253834815)",67.618480606828,16.78142253834815,XRT,"[11099.0, nan, 11099.0]"
741,741,2010-08-15,2010-08-15 16:04:00,2010-08-15 16:09:00,2010-08-15 16:17:00,B5.3,"(0, 0)",11099,,,,,,,,23040.0,,849.0,229.0,11099.0,,False,False,False,False,"(68.91768652280608, 16.45799656645017)",68.91768652280608,16.45799656645017,XRT,"[11099.0, nan, 11099.0]"
742,742,2010-08-15,2010-08-15 18:23:00,2010-08-15 18:30:00,2010-08-15 18:37:00,C5.4,"(71, 15)",11099,866.403105604895,209.22260448253255,,,,,,23050.0,14.789445601461027,867.0,224.0,11099.0,,False,True,True,False,"(71, 15)",71.0,15.0,GOES,"[11099.0, nan, 11099.0]"
743,743,2010-08-15,2010-08-15 18:52:00,2010-08-15 18:57:00,2010-08-15 19:06:00,B6.4,"(0, 0)",11099,,,,,,,,23060.0,,871.0,210.0,11099.0,,False,False,False,False,"(71.8760011524743, 14.953481057609766)",71.8760011524743,14.953481057609766,XRT,"[11099.0, nan, 11099.0]"
744,744,2010-08-15,2010-08-15 22:31:00,2010-08-15 22:36:00,2010-08-15 22:38:00,B3.0,"(0, 0)",11099,,,,,,,,23070.0,,857.0,246.0,11099.0,,False,False,False,False,"(71.10852478360762, 17.293721081194885)",71.10852478360762,17.293721081194885,XRT,"[11099.0, nan, 11099.0]"
745,745,2010-08-16,2010-08-16 01:23:00,2010-08-16 01:29:00,2010-08-16 01:33:00,B2.1,"(0, 0)",11099,,,,,,,,23080.0,,892.0,195.0,11099.0,,False,False,False,False,"(75.42180185722191, 13.631706583625526)",75.42180185722191,13.631706583625526,XRT,"[11099.0, nan, 11099.0]"
746,746,2010-08-16,2010-08-16 01:46:00,2010-08-16 01:49:00,2010-08-16 01:52:00,B3.5,"(0, 0)",11099,,,,,,,,23090.0,,878.0,243.0,11099.0,,False,False,False,False,"(75.09497899254332, 16.669013278974447)",75.09497899254332,16.669013278974447,XRT,"[11099.0, nan, 11099.0]"
747,747,2010-08-16,2010-08-16 01:53:00,2010-08-16 01:55:00,2010-08-16 01:58:00,B4.5,"(0, 0)",11099,,,,,,,,23100.0,,870.0,245.0,11099.0,,False,False,False,False,"(73.5263286230007, 16.968434289290087)",73.5263286230007,16.968434289290087,XRT,"[11099.0, nan, 11099.0]"
748,748,2010-08-16,2010-08-16 02:20:00,2010-08-16 02:37:00,2010-08-16 02:49:00,B3.5,"(0, 0)",11098,,,,,,,,23110.0,,916.0,200.0,11098.0,,False,False,False,False,"(82.8453295242473, 13.10082120762618)",82.8453295242473,13.10082120762618,XRT,"[11098.0, nan, 11098.0]"
749,749,2010-08-16,2010-08-16 11:34:00,2010-08-16 11:42:00,2010-08-16 11:51:00,B5.6,"(0, 0)",11099,,,,,,,,23120.0,,900.0,245.0,11099.0,,False,False,False,False,"(81.16034067402137, 16.114038859279248)",81.16034067402137,16.114038859279248,XRT,"[11099.0, nan, 11099.0]"
750,750,2010-08-16,2010-08-16 13:58:00,2010-08-16 14:05:00,2010-08-16 14:10:00,B3.8,"(0, 0)",11099,,,,,,,,23130.0,,879.0,279.0,11099.0,,False,False,False,False,"(77.99771090176566, 18.62710660460641)",77.99771090176566,18.62710660460641,XRT,"[11099.0, nan, 11099.0]"
751,751,2010-08-16,2010-08-16 15:16:00,2010-08-16 15:21:00,2010-08-16 15:28:00,B7.6,"(80, 17)",11099,892.9747376777979,256.9249096555036,,,,,,23140.0,4.202085689884861,894.0,261.0,11099.0,,False,True,True,False,"(80, 17)",80.0,17.0,GOES,"[11099.0, nan, 11099.0]"
752,752,2010-08-16,2010-08-16 16:34:00,2010-08-16 16:39:00,2010-08-16 16:51:00,C1.4,"(0, 0)",11099,,,,,,,,23150.0,,886.0,278.0,11099.0,,False,False,False,False,"(79.88491977116523, 18.35045020498359)",79.88491977116523,18.35045020498359,XRT,"[11099.0, nan, 11099.0]"
753,753,2010-08-16,2010-08-16 18:07:00,2010-08-16 18:15:00,2010-08-16 18:21:00,B3.9,"(0, 0)",11099,,,,,,,,23160.0,,892.0,261.0,11099.0,,False,False,False,False,"(80.0758761283399, 17.24996176421925)",80.0758761283399,17.24996176421925,XRT,"[11099.0, nan, 11099.0]"
754,754,2010-08-17,2010-08-17 00:17:00,2010-08-17 00:30:00,2010-08-17 00:39:00,B5.7,"(0, 0)",11099,,,,,,,,23170.0,,906.0,266.0,11099.0,,False,False,False,False,"(86.85065148516529, 16.78691908286239)",86.85065148516529,16.78691908286239,XRT,"[11099.0, nan, 11099.0]"
755,755,2010-08-17,2010-08-17 03:40:00,2010-08-17 03:52:00,2010-08-17 04:08:00,B3.0,"(0, 0)",11099,,,,,,,,23180.0,,906.0,305.0,11099.0,,False,False,False,False,"(nan, nan)",,,XRT,"[11099.0, nan, 11099.0]"
756,756,2010-08-17,2010-08-17 04:42:00,2010-08-17 04:46:00,2010-08-17 04:49:00,B2.3,"(0, 0)",11099,,,,,,,,23190.0,,894.0,273.0,11099.0,,False,False,False,False,"(81.99779593041454, 17.793461287308656)",81.99779593041454,17.793461287308656,XRT,"[11099.0, nan, 11099.0]"
757,757,2010-08-17,2010-08-17 06:09:00,2010-08-17 06:37:00,2010-08-17 06:44:00,B2.9,"(0, 0)",1099,,,,,,,,23200.0,,674.0,149.0,11099.0,,False,False,False,False,"(46.87190807051782, 13.671270831032373)",46.87190807051782,13.671270831032373,XRT,"[1099.0, nan, 11099.0]"
758,758,2010-08-17,2010-08-17 06:09:00,2010-08-17 06:37:00,2010-08-17 06:44:00,B2.9,"(0, 0)",11099,,,,,,,,23200.0,,674.0,149.0,11099.0,,False,False,False,False,"(46.87190807051782, 13.671270831032373)",46.87190807051782,13.671270831032373,XRT,"[11099.0, nan, 11099.0]"
759,759,2010-08-17,2010-08-17 08:16:00,2010-08-17 08:23:00,2010-08-17 08:30:00,B3.1,"(0, 0)",1099,,,,,,,,23210.0,,908.0,285.0,11099.0,,False,False,False,False,"(nan, nan)",,,XRT,"[1099.0, nan, 11099.0]"
760,760,2010-08-17,2010-08-17 08:16:00,2010-08-17 08:23:00,2010-08-17 08:30:00,B3.1,"(0, 0)",11099,,,,,,,,23210.0,,908.0,285.0,11099.0,,False,False,False,False,"(nan, nan)",,,XRT,"[11099.0, nan, 11099.0]"
761,761,2010-08-17,2010-08-17 10:44:00,2010-08-17 10:50:00,2010-08-17 10:58:00,B5.1,"(0, 0)",11099,,,,,,,,23220.0,,-815.0,-531.0,11099.0,,False,False,False,False,"(nan, nan)",,,XRT,"[11099.0, nan, 11099.0]"
762,762,2010-08-17,2010-08-17 15:44:00,2010-08-17 16:03:00,2010-08-17 16:17:00,B7.6,"(0, 0)",1099,,,,,,,,,,,,,,False,False,False,False,,,,NoLocation,"[1099.0, nan, nan]"
763,763,2010-08-17,2010-08-17 15:44:00,2010-08-17 16:03:00,2010-08-17 16:17:00,B7.6,"(0, 0)",11099,,,,,,,,,,,,,,False,False,False,False,,,,NoLocation,"[11099.0, nan, nan]"
764,764,2010-08-17,2010-08-17 23:05:00,2010-08-18 00:01:00,2010-08-18 00:22:00,C1.5,"(0, 0)",1099,,,,,,,,23240.0,,911.0,295.0,11099.0,,False,False,False,False,"(nan, nan)",,,XRT,"[1099.0, nan, 11099.0]"
765,765,2010-08-17,2010-08-17 23:05:00,2010-08-18 00:01:00,2010-08-18 00:22:00,C1.5,"(0, 0)",11099,,,,,,,,23240.0,,911.0,295.0,11099.0,,False,False,False,False,"(nan, nan)",,,XRT,"[11099.0, nan, 11099.0]"
766,766,2010-08-18,2010-08-18 04:45:00,2010-08-18 05:48:00,2010-08-18 06:51:00,C4.5,"(0, 0)",1099,,,,,,,,23250.0,,908.0,304.0,11099.0,,False,False,False,False,"(nan, nan)",,,XRT,"[1099.0, nan, 11099.0]"
767,767,2010-08-18,2010-08-18 04:45:00,2010-08-18 05:48:00,2010-08-18 06:51:00,C4.5,"(0, 0)",11099,,,,,,,,23250.0,,908.0,304.0,11099.0,,False,False,False,False,"(nan, nan)",,,XRT,"[11099.0, nan, 11099.0]"
768,768,2010-08-18,2010-08-18 22:17:00,2010-08-18 22:27:00,2010-08-18 22:41:00,B3.3,"(0, 0)",11100,,,,,,,,23260.0,,-753.0,-375.0,11100.0,,False,False,False,False,"(-57.360600602238435, -19.693671465641323)",-57.360600602238435,-19.693671465641323,XRT,"[11100.0, nan, 11100.0]"
769,769,2010-08-26,2010-08-26 10:47:00,2010-08-26 10:53:00,2010-08-26 11:02:00,B2.6,"(0, 0)",11101,,,,,,,,23270.0,,847.0,-362.0,11101.0,,False,False,False,False,"(71.92314358758757, -20.3509410345455)",71.92314358758757,-20.3509410345455,XRT,"[11101.0, nan, 11101.0]"
770,770,2010-08-26,2010-08-26 17:31:00,2010-08-26 17:34:00,2010-08-26 17:36:00,B1.5,"(0, 0)",11100,,,,,,,,23280.0,,855.0,-364.0,11100.0,,False,False,False,False,"(74.21619994372108, -20.75926890384141)",74.21619994372108,-20.75926890384141,XRT,"[11100.0, nan, 11100.0]"
771,771,2010-08-26,2010-08-26 23:50:00,2010-08-26 23:54:00,2010-08-26 23:59:00,B1.7,"(0, 0)",0,,,,,,,,23290.0,,876.0,-359.0,,,False,False,False,False,"(82.28244821306998, -21.432014732008916)",82.28244821306998,-21.432014732008916,XRT,"[0.0, nan, nan]"
772,772,2010-08-27,2010-08-27 00:26:00,2010-08-27 00:33:00,2010-08-27 00:39:00,B2.2,"(0, 0)",0,,,,,,,,23300.0,,884.0,-356.0,,,False,False,False,False,"(nan, nan)",,,XRT,"[0.0, nan, nan]"
773,773,2010-08-27,2010-08-27 00:56:00,2010-08-27 01:00:00,2010-08-27 01:07:00,B1.6,"(0, 0)",11100,,,,,,,,23310.0,,882.0,-344.0,11100.0,,False,False,False,False,"(82.44530926705025, -20.46913830024859)",82.44530926705025,-20.46913830024859,XRT,"[11100.0, nan, 11100.0]"
774,774,2010-08-27,2010-08-27 03:18:00,2010-08-27 03:33:00,2010-08-27 03:43:00,B2.3,"(0, 0)",0,,,,,,,,23320.0,,893.0,-332.0,,,False,False,False,False,"(nan, nan)",,,XRT,"[0.0, nan, nan]"
775,775,2010-08-27,2010-08-27 04:36:00,2010-08-27 04:39:00,2010-08-27 04:46:00,B4.7,"(0, 0)",11100,,,,,,,,23330.0,,387.0,-584.0,11100.0,,False,False,False,False,"(28.517835815775207, -31.663281687909766)",28.517835815775207,-31.663281687909766,XRT,"[11100.0, nan, 11100.0]"
776,776,2010-08-27,2010-08-27 05:10:00,2010-08-27 05:14:00,2010-08-27 05:18:00,B2.2,"(0, 0)",0,,,,,,,,23340.0,,888.0,-346.0,,,False,False,False,False,"(nan, nan)",,,XRT,"[0.0, nan, nan]"
777,777,2010-08-27,2010-08-27 16:36:00,2010-08-27 16:40:00,2010-08-27 16:44:00,B1.9,"(0, 0)",0,,,,,,,,23360.0,,-667.0,193.0,,,False,False,False,False,"(-46.948453512340905, 16.601620260844435)",-46.948453512340905,16.601620260844435,XRT,"[0.0, nan, nan]"
778,778,2010-08-27,2010-08-27 19:55:00,2010-08-27 19:58:00,2010-08-27 20:04:00,B1.3,"(0, 0)",0,,,,,,,,23370.0,,-633.0,208.0,,,False,False,False,False,"(-44.245378171826474, 17.763018226560817)",-44.245378171826474,17.763018226560817,XRT,"[0.0, nan, nan]"
779,779,2010-08-27,2010-08-27 22:17:00,2010-08-27 22:21:00,2010-08-27 22:26:00,B1.1,"(0, 0)",0,,,,,,,,23380.0,,-629.0,185.0,,,False,False,False,False,"(-43.49196628584605, 16.408112696404192)",-43.49196628584605,16.408112696404192,XRT,"[0.0, nan, nan]"
780,780,2010-08-27,2010-08-27 22:55:00,2010-08-27 22:59:00,2010-08-27 23:01:00,B1.1,"(0, 0)",0,,,,,,,,23390.0,,904.0,-336.0,,,False,False,False,False,"(nan, nan)",,,XRT,"[0.0, nan, nan]"
781,781,2010-08-28,2010-08-28 00:44:00,2010-08-28 00:50:00,2010-08-28 00:56:00,B1.0,"(0, 0)",11101,,,,,,,,23400.0,,-610.0,185.0,11101.0,,False,False,False,False,"(-41.901103140371106, 16.539798118790237)",-41.901103140371106,16.539798118790237,XRT,"[11101.0, nan, 11101.0]"
782,782,2010-08-30,2010-08-30 15:15:00,2010-08-30 15:22:00,2010-08-30 15:30:00,B1.4,"(0, 0)",11102,,,,,,,,23420.0,,-901.0,294.0,11102.0,,False,False,False,False,"(-87.84501607672735, 18.436865913698803)",-87.84501607672735,18.436865913698803,XRT,"[11102.0, nan, 11102.0]"
783,783,2010-08-30,2010-08-30 15:15:00,2010-08-30 15:22:00,2010-08-30 15:30:00,B1.4,"(0, 0)",1102,,,,,,,,23420.0,,-901.0,294.0,11102.0,,False,False,False,False,"(-87.84501607672735, 18.436865913698803)",-87.84501607672735,18.436865913698803,XRT,"[1102.0, nan, 11102.0]"
784,784,2010-08-31,2010-08-31 21:50:00,2010-08-31 21:53:00,2010-08-31 21:56:00,B1.4,"(0, 0)",11102,,,,,,,,23430.0,,519.0,341.0,11102.0,,False,False,False,False,"(37.53776653314608, 26.72577963823733)",37.53776653314608,26.72577963823733,XRT,"[11102.0, nan, 11102.0]"
785,785,2010-08-31,2010-08-31 22:43:00,2010-08-31 22:47:00,2010-08-31 22:49:00,B1.8,"(0, 0)",11102,,,,,,,,23440.0,,519.0,342.0,11102.0,,False,False,False,False,"(37.5619628316694, 26.788921851829798)",37.5619628316694,26.788921851829798,XRT,"[11102.0, nan, 11102.0]"
786,786,2010-09-03,2010-09-03 14:38:00,2010-09-03 15:18:00,2010-09-03 15:51:00,B2.8,"(0, 0)",11105,,,,,,,,23450.0,,301.0,213.0,11105.0,,False,False,False,False,"(19.559774963153338, 19.711147105350292)",19.559774963153338,19.711147105350292,XRT,"[11105.0, nan, 11105.0]"
787,787,2010-09-03,2010-09-03 22:03:00,2010-09-03 22:06:00,2010-09-03 22:09:00,B1.2,"(0, 0)",11105,,,,,,,,23460.0,,338.0,221.0,11105.0,,False,False,False,False,"(22.13942054542011, 20.0957280972269)",22.13942054542011,20.0957280972269,XRT,"[11105.0, nan, 11105.0]"
788,788,2010-09-04,2010-09-04 01:22:00,2010-09-04 01:25:00,2010-09-04 01:31:00,B1.0,"(0, 0)",0,,,,,,,,23470.0,,348.0,224.0,,,False,False,False,False,"(22.854287484688285, 20.248893567521716)",22.854287484688285,20.248893567521716,XRT,"[0.0, nan, nan]"
789,789,2010-09-04,2010-09-04 03:17:00,2010-09-04 04:07:00,2010-09-04 04:52:00,B2.5,"(0, 0)",11105,,,,,,,,23480.0,,761.0,372.0,11105.0,,False,False,False,False,"(63.06768451232075, 26.41700042923605)",63.06768451232075,26.41700042923605,XRT,"[11105.0, nan, 11105.0]"
790,790,2010-09-04,2010-09-04 07:00:00,2010-09-04 07:03:00,2010-09-04 07:06:00,B6.0,"(0, 0)",11103,,,,,,,,23490.0,,786.0,368.0,11103.0,,False,False,False,False,"(66.35975214825434, 25.791120428775105)",66.35975214825434,25.791120428775105,XRT,"[11103.0, nan, 11103.0]"
791,791,2010-09-04,2010-09-04 07:19:00,2010-09-04 07:24:00,2010-09-04 07:30:00,B1.6,"(0, 0)",0,,,,,,,,23500.0,,453.0,193.0,,,False,False,False,False,"(29.91420930012449, 17.960944655405253)",29.91420930012449,17.960944655405253,XRT,"[0.0, nan, nan]"
792,792,2010-09-04,2010-09-04 07:51:00,2010-09-04 07:55:00,2010-09-04 07:59:00,B1.8,"(0, 0)",0,,,,,,,,23510.0,,870.0,364.0,,,False,False,False,False,"(84.67827753087846, 23.349842483786098)",84.67827753087846,23.349842483786098,XRT,"[0.0, nan, nan]"
793,793,2010-09-04,2010-09-04 14:31:00,2010-09-04 14:35:00,2010-09-04 14:38:00,B2.5,"(0, 0)",11101,,,,,,,,23520.0,,881.0,369.0,11101.0,,False,False,False,False,"(nan, nan)",,,XRT,"[11101.0, nan, 11101.0]"
794,794,2010-09-04,2010-09-04 15:55:00,2010-09-04 16:00:00,2010-09-04 16:02:00,B4.3,"(0, 0)",11101,,,,,,,,23530.0,,821.0,381.0,11101.0,,False,False,False,False,"(73.2814921537746, 25.85210022222358)",73.2814921537746,25.85210022222358,XRT,"[11101.0, nan, 11101.0]"
795,795,2010-09-04,2010-09-04 17:14:00,2010-09-04 17:27:00,2010-09-04 17:38:00,B2.5,"(34, 18)",11105,507.7999088264183,197.88792261410543,,,,,,23540.0,19.323383118293407,521.0,212.0,11105.0,,False,True,True,False,"(34, 18)",34.0,18.0,GOES,"[11105.0, nan, 11105.0]"
796,796,2010-09-04,2010-09-04 22:04:00,2010-09-04 22:08:00,2010-09-04 22:11:00,B3.1,"(38, 18)",11105,559.0053178282533,202.53245666606568,,,,,,23550.0,6.545210517020984,558.0,209.0,11105.0,,False,True,True,False,"(38, 18)",38.0,18.0,GOES,"[11105.0, nan, 11105.0]"
797,797,2010-09-04,2010-09-04 23:26:00,2010-09-04 23:29:00,2010-09-04 23:31:00,B2.1,"(0, 0)",0,,,,,,,,23560.0,,563.0,215.0,,,False,False,False,False,"(38.5137876232827, 18.73075482665974)",38.5137876232827,18.73075482665974,XRT,"[0.0, nan, nan]"
798,798,2010-09-05,2010-09-05 01:19:00,2010-09-05 01:23:00,2010-09-05 01:27:00,B3.4,"(40, 19)",11105,580.1941398751209,221.2012752153167,,,,,,23570.0,5.263333013057233,581.0,216.0,11105.0,,False,True,True,False,"(40, 19)",40.0,19.0,GOES,"[11105.0, nan, 11105.0]"
799,799,2010-09-05,2010-09-05 02:11:00,2010-09-05 02:16:00,2010-09-05 02:21:00,B3.7,"(38, 18)",11105,559.0283936086034,202.52362324744945,,,,,,23580.0,32.86198289905051,589.0,216.0,11105.0,,False,True,True,False,"(38, 18)",38.0,18.0,GOES,"[11105.0, nan, 11105.0]"
800,800,2010-09-05,2010-09-05 02:56:00,2010-09-05 03:00:00,2010-09-05 03:06:00,B3.5,"(0, 0)",11101,,,,,,,,23590.0,,882.0,156.0,11101.0,,False,False,False,False,"(71.0601629837735, 11.852428794852317)",71.0601629837735,11.852428794852317,XRT,"[11101.0, nan, 11101.0]"
801,801,2010-09-05,2010-09-05 07:00:00,2010-09-05 07:15:00,2010-09-05 07:22:00,B2.5,"(43, 17)",11105,622.5610921797906,192.7238887842561,,,,,,23600.0,23.71878823212152,618.0,216.0,11105.0,,False,True,True,False,"(43, 17)",43.0,17.0,GOES,"[11105.0, nan, 11105.0]"
802,802,2010-09-05,2010-09-05 12:16:00,2010-09-05 12:23:00,2010-09-05 12:40:00,B3.3,"(0, 0)",0,,,,,,,,23610.0,,851.0,402.0,,,False,False,False,False,"(83.84992800155355, 25.96876365288054)",83.84992800155355,25.96876365288054,XRT,"[0.0, nan, nan]"
803,803,2010-09-05,2010-09-05 14:48:00,2010-09-05 14:58:00,2010-09-05 15:08:00,B5.6,"(0, 0)",11105,,,,,,,,23620.0,,660.0,215.0,11105.0,,False,False,False,False,"(46.663421704034285, 18.058667284557266)",46.663421704034285,18.058667284557266,XRT,"[11105.0, nan, 11105.0]"
804,804,2010-09-05,2010-09-05 21:43:00,2010-09-05 21:48:00,2010-09-05 21:52:00,B2.4,"(0, 0)",0,,,,,,,,23630.0,,704.0,239.0,,,False,False,False,False,"(51.335926560510615, 19.117611146853864)",51.335926560510615,19.117611146853864,XRT,"[0.0, nan, nan]"
805,805,2010-09-05,2010-09-05 22:26:00,2010-09-05 22:32:00,2010-09-05 22:37:00,B1.8,"(0, 0)",0,,,,,,,,23640.0,,711.0,225.0,,,False,False,False,False,"(51.66561633350313, 18.214732680396892)",51.66561633350313,18.214732680396892,XRT,"[0.0, nan, nan]"
806,806,2010-09-06,2010-09-06 00:26:00,2010-09-06 00:34:00,2010-09-06 00:42:00,B2.1,"(0, 0)",0,,,,,,,,23650.0,,721.0,231.0,,,False,False,False,False,"(52.8143337849956, 18.476203658222254)",52.8143337849956,18.476203658222254,XRT,"[0.0, nan, nan]"
807,807,2010-09-06,2010-09-06 02:49:00,2010-09-06 02:52:00,2010-09-06 02:57:00,B1.5,"(0, 0)",0,,,,,,,,23660.0,,721.0,229.0,,,False,False,False,False,"(52.760040993987694, 18.35709342939561)",52.760040993987694,18.35709342939561,XRT,"[0.0, nan, nan]"
808,808,2010-09-06,2010-09-06 05:10:00,2010-09-06 05:15:00,2010-09-06 05:19:00,B2.5,"(0, 0)",0,,,,,,,,23670.0,,747.0,250.0,,,False,False,False,False,"(56.07760149567475, 19.33584240784617)",56.07760149567475,19.33584240784617,XRT,"[0.0, nan, nan]"
809,809,2010-09-06,2010-09-06 06:32:00,2010-09-06 09:22:00,2010-09-06 09:34:00,B5.0,"(0, 0)",0,,,,,,,,23680.0,,758.0,261.0,,,False,False,False,False,"(57.65367849879166, 19.86340488430444)",57.65367849879166,19.86340488430444,XRT,"[0.0, nan, nan]"
810,810,2010-09-06,2010-09-06 09:09:00,2010-09-06 09:22:00,2010-09-06 09:30:00,B5.3,"(0, 0)",0,,,,,,,,23690.0,,753.0,262.0,,,False,False,False,False,"(57.12465671061243, 19.980987005178278)",57.12465671061243,19.980987005178278,XRT,"[0.0, nan, nan]"
811,811,2010-09-06,2010-09-06 14:54:00,2010-09-06 14:59:00,2010-09-06 15:01:00,C2.5,"(59, 19)",11105,773.1488538091945,249.4883201166465,,,,,,23700.0,34.0097965619593,786.0,218.0,11105.0,,False,True,True,False,"(59, 19)",59.0,19.0,GOES,"[11105.0, nan, 11105.0]"
812,812,2010-09-06,2010-09-06 16:05:00,2010-09-06 16:27:00,2010-09-06 16:41:00,B3.5,"(0, 0)",11105,,,,,,,,23710.0,,797.0,263.0,11105.0,,False,False,False,False,"(62.422612891281005, 19.48019265446477)",62.422612891281005,19.48019265446477,XRT,"[11105.0, nan, 11105.0]"
813,813,2010-09-07,2010-09-07 04:27:00,2010-09-07 04:35:00,2010-09-07 04:42:00,B1.3,"(0, 0)",0,,,,,,,,23720.0,,843.0,456.0,,,False,False,False,False,"(nan, nan)",,,XRT,"[0.0, nan, nan]"
814,814,2010-09-07,2010-09-07 05:20:00,2010-09-07 05:28:00,2010-09-07 05:49:00,B4.4,"(0, 0)",0,,,,,,,,23730.0,,842.0,258.0,,,False,False,False,False,"(68.59771860572285, 18.46957697995564)",68.59771860572285,18.46957697995564,XRT,"[0.0, nan, nan]"
815,815,2010-09-07,2010-09-07 08:52:00,2010-09-07 08:57:00,2010-09-07 09:00:00,B2.1,"(11, 18)",0,173.5009492631584,180.43801094656197,,,,,,23740.0,30.606468005282398,204.0,183.0,,,False,True,True,False,"(11, 18)",11.0,18.0,GOES,"[0.0, nan, nan]"
816,816,2010-09-08,2010-09-08 00:36:00,2010-09-08 00:48:00,2010-09-08 00:57:00,B2.3,"(0, 0)",11105,,,,,,,,23760.0,,897.0,297.0,11105.0,,False,False,False,False,"(84.77780747881955, 18.98171681612394)",84.77780747881955,18.98171681612394,XRT,"[11105.0, nan, 11105.0]"
817,817,2010-09-08,2010-09-08 23:05:00,2010-09-08 23:33:00,2010-09-09 00:10:00,C3.3,"(0, 0)",11105,,,,,,,,23770.0,,896.0,350.0,11105.0,,False,False,False,False,"(nan, nan)",,,XRT,"[11105.0, nan, 11105.0]"
818,818,2010-09-10,2010-09-10 00:36:00,2010-09-10 00:52:00,2010-09-10 00:56:00,B2.3,"(0, 0)",11105,,,,,,,,23780.0,,-917.0,-364.0,11105.0,,False,False,False,False,"(nan, nan)",,,XRT,"[11105.0, nan, 11105.0]"
819,819,2010-09-10,2010-09-10 02:52:00,2010-09-10 03:02:00,2010-09-10 03:18:00,B3.2,"(0, 0)",0,,,,,,,,23790.0,,-975.0,-227.0,,,False,False,False,False,"(nan, nan)",,,XRT,"[0.0, nan, nan]"
820,820,2010-09-10,2010-09-10 05:32:00,2010-09-10 05:36:00,2010-09-10 05:43:00,B2.0,"(0, 0)",0,,,,,,,,23800.0,,-929.0,-265.0,,,False,False,False,False,"(nan, nan)",,,XRT,"[0.0, nan, nan]"
821,821,2010-09-10,2010-09-10 06:11:00,2010-09-10 06:17:00,2010-09-10 06:19:00,B2.1,"(0, 0)",0,,,,,,,,23810.0,,-899.0,-368.0,,,False,False,False,False,"(nan, nan)",,,XRT,"[0.0, nan, nan]"
822,822,2010-09-10,2010-09-10 07:15:00,2010-09-10 07:23:00,2010-09-10 07:27:00,B4.2,"(0, 0)",11105,,,,,,,,23820.0,,-890.0,-346.0,11105.0,,False,False,False,False,"(nan, nan)",,,XRT,"[11105.0, nan, 11105.0]"
823,823,2010-09-10,2010-09-10 15:19:00,2010-09-10 15:23:00,2010-09-10 15:35:00,B2.4,"(0, 0)",11106,,,,,,,,23830.0,,-965.0,-318.0,11106.0,,False,False,False,False,"(nan, nan)",,,XRT,"[11106.0, nan, 11106.0]"
824,824,2010-09-10,2010-09-10 16:15:00,2010-09-10 16:19:00,2010-09-10 16:22:00,B2.9,"(0, 0)",11106,,,,,,,,23840.0,,-904.0,-332.0,11106.0,,False,False,False,False,"(nan, nan)",,,XRT,"[11106.0, nan, 11106.0]"
825,825,2010-09-10,2010-09-10 21:15:00,2010-09-10 21:18:00,2010-09-10 21:21:00,B4.2,"(0, 0)",11106,,,,,,,,23850.0,,-888.0,-366.0,11106.0,,False,False,False,False,"(nan, nan)",,,XRT,"[11106.0, nan, 11106.0]"
826,826,2010-09-10,2010-09-10 23:09:00,2010-09-10 23:25:00,2010-09-10 23:46:00,B5.5,"(0, 0)",11106,,,,,,,,23860.0,,347.0,242.0,11106.0,,False,False,False,False,"(22.919985852316124, 21.350649770083578)",22.919985852316124,21.350649770083578,XRT,"[11106.0, nan, 11106.0]"
827,827,2010-09-11,2010-09-11 01:11:00,2010-09-11 01:15:00,2010-09-11 01:17:00,B3.1,"(0, 0)",11106,,,,,,,,23870.0,,-897.0,-335.0,11106.0,,False,False,False,False,"(nan, nan)",,,XRT,"[11106.0, nan, 11106.0]"
828,828,2010-09-11,2010-09-11 03:20:00,2010-09-11 03:28:00,2010-09-11 03:37:00,B4.3,"(0, 0)",11106,,,,,,,,23880.0,,-898.0,-338.0,11106.0,,False,False,False,False,"(nan, nan)",,,XRT,"[11106.0, nan, 11106.0]"
829,829,2010-09-11,2010-09-11 08:10:00,2010-09-11 08:14:00,2010-09-11 08:18:00,B5.0,"(0, 0)",11106,,,,,,,,23890.0,,-902.0,-326.0,11106.0,,False,False,False,False,"(nan, nan)",,,XRT,"[11106.0, nan, 11106.0]"
830,830,2010-09-11,2010-09-11 10:30:00,2010-09-11 10:33:00,2010-09-11 10:39:00,B2.1,"(0, 0)",11106,,,,,,,,23900.0,,-887.0,-349.0,11106.0,,False,False,False,False,"(nan, nan)",,,XRT,"[11106.0, nan, 11106.0]"
831,831,2010-09-11,2010-09-11 18:01:00,2010-09-11 18:05:00,2010-09-11 18:10:00,B3.6,"(0, 0)",11106,,,,,,,,23910.0,,-902.0,-340.0,11106.0,,False,False,False,False,"(nan, nan)",,,XRT,"[11106.0, nan, 11106.0]"
832,832,2010-09-12,2010-09-12 16:20:00,2010-09-12 16:29:00,2010-09-12 16:33:00,B1.7,"(0, 0)",0,,,,,,,,23920.0,,-804.0,-377.0,,,False,False,False,False,"(-63.81187770597711, -20.209927874676293)",-63.81187770597711,-20.209927874676293,XRT,"[0.0, nan, nan]"
833,833,2010-09-12,2010-09-12 21:10:00,2010-09-12 21:14:00,2010-09-12 21:18:00,B1.9,"(0, 0)",11106,,,,,,,,23930.0,,-779.0,-384.0,11106.0,,False,False,False,False,"(-60.40847490868612, -20.274726801865203)",-60.40847490868612,-20.274726801865203,XRT,"[11106.0, nan, 11106.0]"
834,834,2010-09-13,2010-09-13 04:29:00,2010-09-13 04:36:00,2010-09-13 04:39:00,B2.1,"(0, 0)",11106,,,,,,,,23940.0,,-725.0,439.0,11106.0,,False,False,False,False,"(-62.216762690160465, 30.927742360809418)",-62.216762690160465,30.927742360809418,XRT,"[11106.0, nan, 11106.0]"
835,835,2010-09-15,2010-09-15 04:43:00,2010-09-15 05:08:00,2010-09-15 05:25:00,B5.0,"(0, 0)",11106,,,,,,,,23950.0,,762.0,-200.0,11106.0,,False,False,False,False,"(53.54692555755453, -7.838195437708575)",53.54692555755453,-7.838195437708575,XRT,"[11106.0, nan, 11106.0]"
836,836,2010-09-15,2010-09-15 07:21:00,2010-09-15 07:24:00,2010-09-15 07:27:00,B2.8,"(-35, 30)",11107,-475.4734226341825,389.6476541873537,,,,,,23960.0,17.535490101179246,-467.0,405.0,11107.0,,False,True,True,False,"(-35, 30)",-35.0,30.0,GOES,"[11107.0, nan, 11107.0]"
837,837,2010-09-15,2010-09-15 08:32:00,2010-09-15 08:42:00,2010-09-15 08:52:00,B2.8,"(0, 0)",11106,,,,,,,,23970.0,,-425.0,-430.0,11106.0,,False,False,False,False,"(-28.271877174916483, -20.390508219124584)",-28.271877174916483,-20.390508219124584,XRT,"[11106.0, nan, 11106.0]"
838,838,2010-09-15,2010-09-15 17:08:00,2010-09-15 17:15:00,2010-09-15 17:21:00,B9.1,"(0, 0)",11108,,,,,,,,23980.0,,-840.0,-477.0,11108.0,,False,False,False,False,"(nan, nan)",,,XRT,"[11108.0, nan, 11108.0]"
839,839,2010-09-15,2010-09-15 21:56:00,2010-09-15 22:01:00,2010-09-15 22:08:00,B3.4,"(0, 0)",11106,,,,,,,,23990.0,,-849.0,-464.0,11106.0,,False,False,False,False,"(nan, nan)",,,XRT,"[11106.0, nan, 11106.0]"
840,840,2010-09-15,2010-09-15 22:20:00,2010-09-15 22:25:00,2010-09-15 22:31:00,B5.3,"(0, 0)",11106,,,,,,,,24000.0,,-835.0,-476.0,11106.0,,False,False,False,False,"(nan, nan)",,,XRT,"[11106.0, nan, 11106.0]"
841,841,2010-09-16,2010-09-16 06:21:00,2010-09-16 11:09:00,2010-09-16 11:36:00,B4.5,"(0, 0)",0,,,,,,,,,,,,,,False,False,False,False,,,,NoLocation,"[0.0, nan, nan]"
842,842,2010-09-16,2010-09-16 09:09:00,2010-09-16 09:12:00,2010-09-16 09:14:00,B3.1,"(0, 0)",0,,,,,,,,24020.0,,-684.0,-404.0,,,False,False,False,False,"(-49.74177833823779, -20.445460461721193)",-49.74177833823779,-20.445460461721193,XRT,"[0.0, nan, nan]"
843,843,2010-09-16,2010-09-16 11:04:00,2010-09-16 11:09:00,2010-09-16 11:21:00,B4.6,"(0, 0)",11106,,,,,,,,24030.0,,-192.0,-446.0,11106.0,,False,False,False,False,"(-12.375311241018665, -20.73626280344296)",-12.375311241018665,-20.73626280344296,XRT,"[11106.0, nan, 11106.0]"
844,844,2010-09-16,2010-09-16 13:52:00,2010-09-16 14:00:00,2010-09-16 14:04:00,B3.6,"(0, 0)",11108,,,,,,,,24040.0,,-870.0,-431.0,11108.0,,False,False,False,False,"(nan, nan)",,,XRT,"[11108.0, nan, 11108.0]"
845,845,2010-09-16,2010-09-16 18:58:00,2010-09-16 19:03:00,2010-09-16 19:06:00,B3.7,"(0, 0)",11108,,,,,,,,24050.0,,-822.0,-487.0,11108.0,,False,False,False,False,"(nan, nan)",,,XRT,"[11108.0, nan, 11108.0]"
846,846,2010-09-16,2010-09-16 22:29:00,2010-09-16 22:34:00,2010-09-16 22:40:00,B4.6,"(0, 0)",11106,,,,,,,,24060.0,,-819.0,-468.0,11106.0,,False,False,False,False,"(-75.88420731620647, -27.826595473559955)",-75.88420731620647,-27.826595473559955,XRT,"[11106.0, nan, 11106.0]"
847,847,2010-09-17,2010-09-17 00:14:00,2010-09-17 00:17:00,2010-09-17 00:19:00,B5.7,"(0, 0)",11108,,,,,,,,24070.0,,35.0,-461.0,11108.0,,False,False,False,False,"(2.2514133409485866, -21.587025562045703)",2.2514133409485866,-21.587025562045703,XRT,"[11108.0, nan, 11108.0]"
848,848,2010-09-17,2010-09-17 01:17:00,2010-09-17 01:22:00,2010-09-17 01:25:00,C1.3,"(-70, -31)",11108,-769.4423256935552,-523.1339731180566,,,,,,24080.0,19.254738524347975,-788.0,-518.0,11108.0,,False,True,True,False,"(-70, -31)",-70.0,-31.0,GOES,"[11108.0, nan, 11108.0]"
849,849,2010-09-17,2010-09-17 04:18:00,2010-09-17 04:21:00,2010-09-17 04:23:00,B2.5,"(0, 0)",11106,,,,,,,,24090.0,,-815.0,-467.0,11106.0,,False,False,False,False,"(-74.24763494409478, -27.54938596384359)",-74.24763494409478,-27.54938596384359,XRT,"[11106.0, nan, 11106.0]"
850,850,2010-09-17,2010-09-17 17:32:00,2010-09-17 17:36:00,2010-09-17 17:39:00,B2.7,"(0, 0)",11106,,,,,,,,24100.0,,-14.0,-434.0,11106.0,,False,False,False,False,"(-0.8893645234975907, -19.761245250322666)",-0.8893645234975907,-19.761245250322666,XRT,"[11106.0, nan, 11106.0]"
851,851,2010-09-18,2010-09-18 06:18:00,2010-09-18 08:52:00,2010-09-18 09:05:00,B4.2,"(0, 0)",11106,,,,,,,,,,,,,,False,False,False,False,,,,NoLocation,"[11106.0, nan, nan]"
852,852,2010-09-18,2010-09-18 12:44:00,2010-09-18 12:48:00,2010-09-18 12:51:00,B2.3,"(0, 0)",11108,,,,,,,,24130.0,,-752.0,-503.0,11108.0,,False,False,False,False,"(-63.84029525833614, -28.8008550955332)",-63.84029525833614,-28.8008550955332,XRT,"[11108.0, nan, 11108.0]"
853,853,2010-09-19,2010-09-19 02:47:00,2010-09-19 02:56:00,2010-09-19 03:05:00,B2.4,"(0, 0)",11106,,,,,,,,24140.0,,168.0,189.0,11106.0,,False,False,False,False,"(10.63691197581867, 18.38374612044478)",10.63691197581867,18.38374612044478,XRT,"[11106.0, nan, 11106.0]"
854,854,2010-09-19,2010-09-19 06:38:00,2010-09-19 07:16:00,2010-09-19 08:04:00,B3.6,"(0, 0)",11108,,,,,,,,24150.0,,329.0,-876.0,11108.0,,False,False,False,False,"(47.464858650406455, -62.15040501562395)",47.464858650406455,-62.15040501562395,XRT,"[11108.0, nan, 11108.0]"
855,855,2010-09-20,2010-09-20 18:11:00,2010-09-20 18:14:00,2010-09-20 18:16:00,B3.7,"(0, 0)",11109,,,,,,,,24160.0,,-907.0,361.0,11109.0,,False,False,False,False,"(nan, nan)",,,XRT,"[11109.0, nan, 11109.0]"
856,856,2010-09-20,2010-09-20 19:34:00,2010-09-20 19:45:00,2010-09-20 19:49:00,C2.1,"(0, 0)",11109,,,,,,,,24170.0,,-911.0,331.0,11109.0,,False,False,False,False,"(nan, nan)",,,XRT,"[11109.0, nan, 11109.0]"
857,857,2010-09-20,2010-09-20 20:59:00,2010-09-20 21:03:00,2010-09-20 21:05:00,C1.2,"(0, 0)",11109,,,,,,,,24180.0,,-903.0,340.0,11109.0,,False,False,False,False,"(nan, nan)",,,XRT,"[11109.0, nan, 11109.0]"
858,858,2010-09-20,2010-09-20 22:19:00,2010-09-20 22:25:00,2010-09-20 22:27:00,C1.0,"(0, 0)",11109,,,,,,,,24190.0,,-905.0,333.0,11109.0,,False,False,False,False,"(nan, nan)",,,XRT,"[11109.0, nan, 11109.0]"
859,859,2010-09-20,2010-09-20 23:38:00,2010-09-20 23:43:00,2010-09-20 23:45:00,B8.2,"(0, 0)",11109,,,,,,,,24200.0,,-897.0,328.0,11109.0,,False,False,False,False,"(-90.98311930704358, 20.11754263842233)",-90.98311930704358,20.11754263842233,XRT,"[11109.0, nan, 11109.0]"
860,860,2010-09-21,2010-09-21 05:57:00,2010-09-21 06:08:00,2010-09-21 07:00:00,B9.0,"(0, 0)",11109,,,,,,,,24220.0,,-909.0,326.0,11109.0,,False,False,False,False,"(nan, nan)",,,XRT,"[11109.0, nan, 11109.0]"
861,861,2010-09-21,2010-09-21 07:38:00,2010-09-21 07:53:00,2010-09-21 08:09:00,C1.4,"(0, 0)",11109,,,,,,,,24230.0,,-876.0,388.0,11109.0,,False,False,False,False,"(nan, nan)",,,XRT,"[11109.0, nan, 11109.0]"
862,862,2010-09-21,2010-09-21 17:55:00,2010-09-21 18:01:00,2010-09-21 18:10:00,B4.4,"(0, 0)",11109,,,,,,,,24240.0,,-941.0,404.0,11109.0,,False,False,False,False,"(nan, nan)",,,XRT,"[11109.0, nan, 11109.0]"
863,863,2010-09-22,2010-09-22 03:50:00,2010-09-22 03:53:00,2010-09-22 03:57:00,B2.7,"(0, 0)",11109,,,,,,,,24250.0,,-878.0,305.0,11109.0,,False,False,False,False,"(-77.95805696217695, 20.21239360633547)",-77.95805696217695,20.21239360633547,XRT,"[11109.0, nan, 11109.0]"
864,864,2010-09-22,2010-09-22 04:26:00,2010-09-22 05:09:00,2010-09-22 05:37:00,B8.5,"(0, 0)",11109,,,,,,,,24260.0,,-901.0,351.0,11109.0,,False,False,False,False,"(nan, nan)",,,XRT,"[11109.0, nan, 11109.0]"
865,865,2010-09-22,2010-09-22 14:34:00,2010-09-22 14:42:00,2010-09-22 14:56:00,B2.7,"(0, 0)",11106,,,,,,,,24270.0,,828.0,-414.0,11106.0,,False,False,False,False,"(70.63323756110105, -23.475480973468123)",70.63323756110105,-23.475480973468123,XRT,"[11106.0, nan, 11106.0]"
866,866,2010-09-23,2010-09-23 04:56:00,2010-09-23 05:00:00,2010-09-23 05:05:00,B2.6,"(-66, 19)",11109,-827.2956568843219,264.3939903006632,,,,,,24280.0,19.739950781626188,-825.0,284.0,11109.0,,False,True,True,False,"(-66, 19)",-66.0,19.0,GOES,"[11109.0, nan, 11109.0]"
867,867,2010-09-24,2010-09-24 01:20:00,2010-09-24 01:25:00,2010-09-24 01:31:00,B2.9,"(0, 0)",11109,,,,,,,,24290.0,,-722.0,239.0,11109.0,,False,False,False,False,"(-52.67990889748313, 18.76289234073249)",-52.67990889748313,18.76289234073249,XRT,"[11109.0, nan, 11109.0]"
868,868,2010-09-24,2010-09-24 09:52:00,2010-09-24 09:55:00,2010-09-24 09:58:00,B1.9,"(0, 0)",11109,,,,,,,,24310.0,,-687.0,257.0,11109.0,,False,False,False,False,"(-49.72794480173309, 20.144971985128073)",-49.72794480173309,20.144971985128073,XRT,"[11109.0, nan, 11109.0]"
869,869,2010-09-24,2010-09-24 09:53:00,2010-09-24 09:55:00,2010-09-24 09:58:00,B2.1,"(0, 0)",11109,,,,,,,,,,,,,,False,False,False,False,,,,NoLocation,"[11109.0, nan, nan]"
870,870,2010-09-25,2010-09-25 01:38:00,2010-09-25 02:23:00,2010-09-25 02:43:00,B4.0,"(0, 0)",11109,,,,,,,,24320.0,,376.0,-547.0,11109.0,,False,False,False,False,"(26.496058992714943, -28.567231315630895)",26.496058992714943,-28.567231315630895,XRT,"[11109.0, nan, 11109.0]"
871,871,2010-09-25,2010-09-25 09:38:00,2010-09-25 09:51:00,2010-09-25 10:04:00,B2.8,"(0, 0)",11109,,,,,,,,24340.0,,899.0,-366.0,11109.0,,False,False,False,False,"(nan, nan)",,,XRT,"[11109.0, nan, 11109.0]"
872,872,2010-09-25,2010-09-25 17:02:00,2010-09-25 17:16:00,2010-09-25 17:33:00,B2.5,"(0, 0)",0,,,,,,,,24350.0,,521.0,-588.0,,,False,False,False,False,"(40.16500537980649, -32.62782438683484)",40.16500537980649,-32.62782438683484,XRT,"[0.0, nan, nan]"
873,873,2010-09-26,2010-09-26 02:45:00,2010-09-26 02:49:00,2010-09-26 02:51:00,B2.0,"(0, 0)",11109,,,,,,,,24360.0,,-380.0,231.0,11109.0,,False,False,False,False,"(-24.93354404072261, 20.22442455139731)",-24.93354404072261,20.22442455139731,XRT,"[11109.0, nan, 11109.0]"
874,874,2010-09-26,2010-09-26 03:43:00,2010-09-26 03:47:00,2010-09-26 03:50:00,B2.2,"(0, 0)",11109,,,,,,,,24370.0,,-386.0,249.0,11109.0,,False,False,False,False,"(-25.55024114904171, 21.303150884278974)",-25.55024114904171,21.303150884278974,XRT,"[11109.0, nan, 11109.0]"
875,875,2010-09-26,2010-09-26 04:44:00,2010-09-26 04:49:00,2010-09-26 04:54:00,B3.0,"(0, 0)",11109,,,,,,,,24380.0,,-374.0,230.0,11109.0,,False,False,False,False,"(-24.505328268758774, 20.180500125110502)",-24.505328268758774,20.180500125110502,XRT,"[11109.0, nan, 11109.0]"
876,876,2010-09-26,2010-09-26 05:38:00,2010-09-26 05:42:00,2010-09-26 05:45:00,B2.5,"(0, 0)",11109,,,,,,,,24390.0,,-381.0,256.0,11109.0,,False,False,False,False,"(-25.277871661759093, 21.747097229363085)",-25.277871661759093,21.747097229363085,XRT,"[11109.0, nan, 11109.0]"
877,877,2010-09-26,2010-09-26 06:31:00,2010-09-26 06:36:00,2010-09-26 06:40:00,B1.9,"(0, 0)",11109,,,,,,,,24400.0,,88.0,-807.0,11109.0,,False,False,False,False,"(8.28490047164379, -50.44957602280492)",8.28490047164379,-50.44957602280492,XRT,"[11109.0, nan, 11109.0]"
878,878,2010-09-26,2010-09-26 07:00:00,2010-09-26 07:04:00,2010-09-26 07:12:00,B2.6,"(0, 0)",0,,,,,,,,24410.0,,-14.0,1076.0,,,False,False,False,False,"(nan, nan)",,,XRT,"[0.0, nan, nan]"
879,879,2010-09-26,2010-09-26 09:18:00,2010-09-26 09:26:00,2010-09-26 09:33:00,B5.3,"(-22, 21)",11109,-336.0059054461308,241.56268381026703,,,,,,24420.0,22.349489776214114,-321.0,225.0,11109.0,,False,True,True,False,"(-22, 21)",-22.0,21.0,GOES,"[11109.0, nan, 11109.0]"
880,880,2010-09-26,2010-09-26 12:42:00,2010-09-26 12:53:00,2010-09-26 13:00:00,B7.3,"(0, 0)",11109,,,,,,,,24430.0,,-296.0,228.0,11109.0,,False,False,False,False,"(-19.171126893677354, 20.273799349652553)",-19.171126893677354,20.273799349652553,XRT,"[11109.0, nan, 11109.0]"
881,881,2010-09-26,2010-09-26 14:11:00,2010-09-26 14:16:00,2010-09-26 14:23:00,B3.3,"(-3, 21)",11110,-46.96027389378287,234.04757219908808,,,,,,24440.0,6.271908737113715,-41.0,236.0,11110.0,,False,True,True,False,"(-3, 21)",-3.0,21.0,GOES,"[11110.0, nan, 11110.0]"
882,882,2010-09-26,2010-09-26 18:00:00,2010-09-26 18:10:00,2010-09-26 18:21:00,B2.8,"(0, 0)",11109,,,,,,,,24450.0,,-6.0,230.0,11109.0,,False,False,False,False,"(-0.38247991341927445, 20.75326380717289)",-0.38247991341927445,20.75326380717289,XRT,"[11109.0, nan, 11109.0]"
883,883,2010-09-26,2010-09-26 18:45:00,2010-09-26 18:48:00,2010-09-26 18:51:00,B2.2,"(0, 0)",11109,,,,,,,,24460.0,,-251.0,220.0,11109.0,,False,False,False,False,"(-16.1245609437687, 19.879514686063064)",-16.1245609437687,19.879514686063064,XRT,"[11109.0, nan, 11109.0]"
884,884,2010-09-26,2010-09-26 20:23:00,2010-09-26 20:26:00,2010-09-26 20:33:00,B1.9,"(0, 0)",11109,,,,,,,,24470.0,,620.0,-573.0,11109.0,,False,False,False,False,"(49.987826591148796, -32.42196684363957)",49.987826591148796,-32.42196684363957,XRT,"[11109.0, nan, 11109.0]"
885,885,2010-09-26,2010-09-26 20:41:00,2010-09-26 20:45:00,2010-09-26 20:50:00,B2.5,"(0, 0)",11109,,,,,,,,24480.0,,-255.0,225.0,11109.0,,False,False,False,False,"(-16.42005279859876, 20.173376529773975)",-16.42005279859876,20.173376529773975,XRT,"[11109.0, nan, 11109.0]"
886,886,2010-09-26,2010-09-26 21:24:00,2010-09-26 21:32:00,2010-09-26 21:42:00,B3.3,"(0, 0)",11109,,,,,,,,24490.0,,-236.0,221.0,11109.0,,False,False,False,False,"(-15.14484384828097, 19.96662686564312)",-15.14484384828097,19.96662686564312,XRT,"[11109.0, nan, 11109.0]"
887,887,2010-09-27,2010-09-27 00:14:00,2010-09-27 00:18:00,2010-09-27 00:21:00,B3.3,"(2, 21)",11110,31.318554812573502,234.25117930094152,,,,,,24500.0,17.488438969552178,48.0,229.0,11110.0,,False,True,True,False,"(2, 21)",2.0,21.0,GOES,"[11110.0, nan, 11110.0]"
888,888,2010-09-27,2010-09-27 14:41:00,2010-09-27 14:44:00,2010-09-27 14:49:00,B1.6,"(0, 0)",11109,,,,,,,,24510.0,,-124.0,249.0,11109.0,,False,False,False,False,"(-7.986695098129815, 21.82317163029565)",-7.986695098129815,21.82317163029565,XRT,"[11109.0, nan, 11109.0]"
889,889,2010-09-27,2010-09-27 21:36:00,2010-09-27 21:39:00,2010-09-27 21:42:00,B1.9,"(0, 0)",0,,,,,,,,24520.0,,-890.0,363.0,,,False,False,False,False,"(nan, nan)",,,XRT,"[0.0, nan, nan]"
890,890,2010-09-27,2010-09-27 21:46:00,2010-09-27 21:50:00,2010-09-27 21:52:00,B3.9,"(-3, 19)",11109,-47.579967165132985,202.29007261596172,,,,,,24530.0,39.07094442289788,-77.0,228.0,11109.0,,False,True,True,False,"(-3, 19)",-3.0,19.0,GOES,"[11109.0, nan, 11109.0]"
891,891,2010-09-27,2010-09-27 21:52:00,2010-09-27 21:58:00,2010-09-27 22:02:00,B6.1,"(-3, 19)",11109,-47.58002238208428,202.293046273601,,,,,,24540.0,16.946696167590993,-56.0,217.0,11109.0,,False,True,True,False,"(-3, 19)",-3.0,19.0,GOES,"[11109.0, nan, 11109.0]"
892,892,2010-09-28,2010-09-28 02:37:00,2010-09-28 02:41:00,2010-09-28 02:43:00,B2.3,"(0, 0)",11108,,,,,,,,24550.0,,674.0,-573.0,11108.0,,False,False,False,False,"(57.11465297526996, -33.17603011027577)",57.11465297526996,-33.17603011027577,XRT,"[11108.0, nan, 11108.0]"
893,893,2010-09-28,2010-09-28 02:44:00,2010-09-28 02:47:00,2010-09-28 02:49:00,B2.1,"(0, 0)",11108,,,,,,,,24560.0,,680.0,-563.0,11108.0,,False,False,False,False,"(57.156494365943935, -32.432154832747095)",57.156494365943935,-32.432154832747095,XRT,"[11108.0, nan, 11108.0]"
894,894,2010-09-28,2010-09-28 06:39:00,2010-09-28 06:42:00,2010-09-28 06:45:00,B1.4,"(0, 0)",0,,,,,,,,24570.0,,-9.0,1077.0,,,False,False,False,False,"(nan, nan)",,,XRT,"[0.0, nan, nan]"
895,895,2010-09-28,2010-09-28 09:38:00,2010-09-28 09:48:00,2010-09-28 09:57:00,C1.7,"(0, 0)",11110,,,,,,,,24580.0,,329.0,221.0,11110.0,,False,False,False,False,"(21.313001401070675, 19.682583709004813)",21.313001401070675,19.682583709004813,XRT,"[11110.0, nan, 11110.0]"
896,896,2010-09-28,2010-09-28 14:13:00,2010-09-28 14:22:00,2010-09-28 14:30:00,B2.8,"(0, 0)",11109,,,,,,,,24590.0,,114.0,251.0,11109.0,,False,False,False,False,"(7.341469678686136, 21.912613125547114)",7.341469678686136,21.912613125547114,XRT,"[11109.0, nan, 11109.0]"
897,897,2010-09-28,2010-09-28 14:43:00,2010-09-28 15:05:00,2010-09-28 15:11:00,B5.2,"(0, 0)",11110,,,,,,,,24600.0,,387.0,213.0,11110.0,,False,False,False,False,"(25.20084997071233, 19.007532788208252)",25.20084997071233,19.007532788208252,XRT,"[11110.0, nan, 11110.0]"
898,898,2010-09-28,2010-09-28 18:38:00,2010-09-28 18:46:00,2010-09-28 18:52:00,B2.4,"(0, 0)",0,,,,,,,,24610.0,,117.0,225.0,,,False,False,False,False,"(7.453412312563738, 20.30307853840224)",7.453412312563738,20.30307853840224,XRT,"[0.0, nan, nan]"
899,899,2010-09-28,2010-09-28 21:07:00,2010-09-28 21:12:00,2010-09-28 21:18:00,B6.1,"(30, 19)",11110,454.42156370517375,217.20172703082176,,,,,,24620.0,9.692582665473967,446.0,222.0,11110.0,,False,True,True,False,"(30, 19)",30.0,19.0,GOES,"[11110.0, nan, 11110.0]"
900,900,2010-09-28,2010-09-28 22:05:00,2010-09-28 22:11:00,2010-09-28 22:15:00,C2.0,"(31, 19)",11110,468.0758749716519,218.17626996422763,,,,,,24630.0,9.0775865515756,459.0,218.0,11110.0,,False,True,True,False,"(31, 19)",31.0,19.0,GOES,"[11110.0, nan, 11110.0]"
901,901,2010-09-28,2010-09-28 22:36:00,2010-09-28 22:42:00,2010-09-28 22:50:00,B2.5,"(0, 0)",0,,,,,,,,24640.0,,151.0,236.0,,,False,False,False,False,"(9.67790759781458, 20.933328759172877)",9.67790759781458,20.933328759172877,XRT,"[0.0, nan, nan]"
902,902,2010-09-29,2010-09-29 00:08:00,2010-09-29 00:12:00,2010-09-29 00:19:00,B2.2,"(0, 0)",0,,,,,,,,24650.0,,217.0,228.0,,,False,False,False,False,"(13.925315275817985, 20.340490302127183)",13.925315275817985,20.340490302127183,XRT,"[0.0, nan, nan]"
903,903,2010-09-29,2010-09-29 01:21:00,2010-09-29 01:26:00,2010-09-29 01:29:00,B6.6,"(30, 20)",11110,451.6373200810892,233.5940521957035,,,,,,24660.0,35.025592865480206,483.0,218.0,11110.0,,False,True,True,False,"(30, 20)",30.0,20.0,GOES,"[11110.0, nan, 11110.0]"
904,904,2010-09-29,2010-09-29 07:03:00,2010-09-29 07:11:00,2010-09-29 07:13:00,B2.7,"(0, 0)",0,,,,,,,,24670.0,,837.0,-497.0,,,False,False,False,False,"(nan, nan)",,,XRT,"[0.0, nan, nan]"
905,905,2010-09-29,2010-09-29 09:34:00,2010-09-29 09:37:00,2010-09-29 09:41:00,B4.5,"(0, 0)",11110,,,,,,,,24680.0,,224.0,243.0,11110.0,,False,False,False,False,"(14.469669755415074, 21.2298695902787)",14.469669755415074,21.2298695902787,XRT,"[11110.0, nan, 11110.0]"
906,906,2010-09-29,2010-09-29 13:11:00,2010-09-29 13:15:00,2010-09-29 13:18:00,B2.5,"(0, 0)",0,,,,,,,,24690.0,,932.0,243.0,,,False,False,False,False,"(nan, nan)",,,XRT,"[0.0, nan, nan]"
907,907,2010-09-30,2010-09-30 04:59:00,2010-09-30 05:03:00,2010-09-30 05:07:00,B5.7,"(25, 20)",11109,381.92979539491864,230.13620802733084,,,,,,24700.0,17.735319302380642,374.0,246.0,11109.0,,False,True,True,False,"(25, 20)",25.0,20.0,GOES,"[11109.0, nan, 11109.0]"
908,908,2010-09-30,2010-09-30 05:47:00,2010-09-30 05:58:00,2010-09-30 06:12:00,B7.0,"(0, 0)",0,,,,,,,,24710.0,,486.0,213.0,,,False,False,False,False,"(32.22030090613655, 18.554964068019494)",32.22030090613655,18.554964068019494,XRT,"[0.0, nan, nan]"
909,909,2010-09-30,2010-09-30 08:10:00,2010-09-30 08:16:00,2010-09-30 08:22:00,B3.7,"(0, 0)",0,,,,,,,,24720.0,,689.0,237.0,,,False,False,False,False,"(49.23946374308717, 18.765778522394335)",49.23946374308717,18.765778522394335,XRT,"[0.0, nan, nan]"
910,910,2010-09-30,2010-09-30 09:44:00,2010-09-30 09:59:00,2010-09-30 10:24:00,B5.8,"(29, 19)",11109,440.81968570926904,217.33438239790857,,,,,,24730.0,33.36990689976935,434.0,250.0,11109.0,,False,True,True,False,"(29, 19)",29.0,19.0,GOES,"[11109.0, nan, 11109.0]"
911,911,2010-09-30,2010-09-30 17:05:00,2010-09-30 17:10:00,2010-09-30 17:18:00,B2.4,"(0, 0)",11110,,,,,,,,,,,,,,False,False,False,False,,,,NoLocation,"[11110.0, nan, nan]"
912,912,2010-09-30,2010-09-30 23:16:00,2010-09-30 23:20:00,2010-09-30 23:23:00,B2.8,"(0, 0)",11109,,,,,,,,24740.0,,534.0,253.0,11109.0,,False,False,False,False,"(36.426457187994885, 20.719143500079888)",36.426457187994885,20.719143500079888,XRT,"[11109.0, nan, 11109.0]"
913,913,2010-10-01,2010-10-01 04:52:00,2010-10-01 04:56:00,2010-10-01 04:58:00,B2.4,"(0, 0)",11109,,,,,,,,24750.0,,565.0,260.0,11109.0,,False,False,False,False,"(39.00064367246708, 20.96600603951702)",39.00064367246708,20.96600603951702,XRT,"[11109.0, nan, 11109.0]"
914,914,2010-10-01,2010-10-01 07:43:00,2010-10-01 07:59:00,2010-10-01 08:02:00,B3.7,"(0, 0)",11109,,,,,,,,24760.0,,593.0,259.0,11109.0,,False,False,False,False,"(41.26537693891823, 20.734190816401664)",41.26537693891823,20.734190816401664,XRT,"[11109.0, nan, 11109.0]"
915,915,2010-10-01,2010-10-01 07:55:00,2010-10-01 07:59:00,2010-10-01 08:01:00,B3.6,"(41, 20)",11109,592.6889477256949,246.8355264794396,,,,,,,,,,,,False,False,False,False,"(41, 20)",41.0,20.0,GOES,"[11109.0, nan, nan]"
916,916,2010-10-01,2010-10-01 09:25:00,2010-10-01 10:01:00,2010-10-01 10:51:00,B5.3,"(61, 18)",11110,798.7740562025879,242.959789503556,,,,,,24770.0,11.108068508980548,800.0,254.0,11110.0,,False,True,True,False,"(61, 18)",61.0,18.0,GOES,"[11110.0, nan, 11110.0]"
917,917,2010-10-02,2010-10-02 08:39:00,2010-10-02 08:51:00,2010-10-02 09:00:00,B5.0,"(0, 0)",11109,,,,,,,,24780.0,,752.0,276.0,11109.0,,False,False,False,False,"(56.64990196811692, 20.45092038943531)",56.64990196811692,20.45092038943531,XRT,"[11109.0, nan, 11109.0]"
918,918,2010-10-02,2010-10-02 23:31:00,2010-10-02 23:37:00,2010-10-02 23:43:00,B1.9,"(0, 0)",11109,,,,,,,,24790.0,,813.0,296.0,11109.0,,False,False,False,False,"(64.94970294825212, 20.872253792115544)",64.94970294825212,20.872253792115544,XRT,"[11109.0, nan, 11109.0]"
919,919,2010-10-03,2010-10-03 04:09:00,2010-10-03 04:38:00,2010-10-03 05:03:00,B2.3,"(0, 0)",11110,,,,,,,,24800.0,,903.0,310.0,11110.0,,False,False,False,False,"(86.59088239674854, 19.387069591621437)",86.59088239674854,19.387069591621437,XRT,"[11110.0, nan, 11110.0]"
920,920,2010-10-03,2010-10-03 19:20:00,2010-10-03 19:23:00,2010-10-03 19:25:00,B1.2,"(0, 0)",11111,,,,,,,,24810.0,,856.0,325.0,11111.0,,False,False,False,False,"(73.74938731913247, 21.76535319699336)",73.74938731913247,21.76535319699336,XRT,"[11111.0, nan, 11111.0]"
921,921,2010-10-03,2010-10-03 21:43:00,2010-10-03 21:46:00,2010-10-03 21:49:00,B1.7,"(0, 0)",11111,,,,,,,,24820.0,,837.0,348.0,11111.0,,False,False,False,False,"(71.82550942909532, 23.445010402270803)",71.82550942909532,23.445010402270803,XRT,"[11111.0, nan, 11111.0]"
922,922,2010-10-04,2010-10-04 05:43:00,2010-10-04 05:57:00,2010-10-04 06:07:00,B1.8,"(0, 0)",11111,,,,,,,,,,,,,,False,False,False,False,,,,NoLocation,"[11111.0, nan, nan]"
923,923,2010-10-04,2010-10-04 09:35:00,2010-10-04 09:40:00,2010-10-04 09:45:00,B3.8,"(0, 0)",11109,,,,,,,,24840.0,,877.0,356.0,11109.0,,False,False,False,False,"(82.43878109721831, 22.79153685058019)",82.43878109721831,22.79153685058019,XRT,"[11109.0, nan, 11109.0]"
924,924,2010-10-04,2010-10-04 15:07:00,2010-10-04 15:10:00,2010-10-04 15:25:00,B1.2,"(0, 0)",11111,,,,,,,,24850.0,,0.0,303.0,11111.0,,False,False,False,False,"(0.0, 24.883714378141594)",0.0,24.883714378141594,XRT,"[11111.0, nan, 11111.0]"
925,925,2010-10-04,2010-10-04 16:28:00,2010-10-04 16:35:00,2010-10-04 16:41:00,C2.3,"(0, 0)",11109,,,,,,,,24860.0,,882.0,365.0,11109.0,,False,False,False,False,"(86.47711157438003, 22.919230613686523)",86.47711157438003,22.919230613686523,XRT,"[11109.0, nan, 11109.0]"
926,926,2010-10-05,2010-10-05 07:50:00,2010-10-05 07:54:00,2010-10-05 07:59:00,B1.4,"(0, 0)",11111,,,,,,,,24870.0,,875.0,385.0,11111.0,,False,False,False,False,"(87.48518905242292, 24.105596454723248)",87.48518905242292,24.105596454723248,XRT,"[11111.0, nan, 11111.0]"
927,927,2010-10-05,2010-10-05 08:40:00,2010-10-05 08:43:00,2010-10-05 08:46:00,B5.0,"(0, 0)",11109,,,,,,,,24880.0,,878.0,378.0,11109.0,,False,False,False,False,"(87.40015298983901, 23.655715884258022)",87.40015298983901,23.655715884258022,XRT,"[11109.0, nan, 11109.0]"
928,928,2010-10-05,2010-10-05 08:51:00,2010-10-05 08:54:00,2010-10-05 08:57:00,B2.2,"(0, 0)",11111,,,,,,,,24890.0,,885.0,375.0,11111.0,,False,False,False,False,"(nan, nan)",,,XRT,"[11111.0, nan, 11111.0]"
929,929,2010-10-05,2010-10-05 10:44:00,2010-10-05 10:47:00,2010-10-05 10:51:00,B1.1,"(0, 0)",11109,,,,,,,,24900.0,,867.0,403.0,11109.0,,False,False,False,False,"(87.67183837249935, 25.271025125001046)",87.67183837249935,25.271025125001046,XRT,"[11109.0, nan, 11109.0]"
930,930,2010-10-05,2010-10-05 11:16:00,2010-10-05 11:24:00,2010-10-05 11:30:00,B2.3,"(0, 0)",11109,,,,,,,,24910.0,,883.0,363.0,11109.0,,False,False,False,False,"(86.41406975297075, 22.786347916488022)",86.41406975297075,22.786347916488022,XRT,"[11109.0, nan, 11109.0]"
931,931,2010-10-05,2010-10-05 12:19:00,2010-10-05 12:27:00,2010-10-05 12:32:00,B2.5,"(0, 0)",11109,,,,,,,,24920.0,,891.0,383.0,11109.0,,False,False,False,False,"(nan, nan)",,,XRT,"[11109.0, nan, 11109.0]"
932,932,2010-10-05,2010-10-05 19:01:00,2010-10-05 19:12:00,2010-10-05 19:18:00,B1.0,"(0, 0)",0,,,,,,,,24930.0,,904.0,354.0,,,False,False,False,False,"(nan, nan)",,,XRT,"[0.0, nan, nan]"
933,933,2010-10-07,2010-10-07 18:41:00,2010-10-07 18:51:00,2010-10-07 18:59:00,B1.2,"(0, 0)",0,,,,,,,,24960.0,,356.0,254.0,,,False,False,False,False,"(23.33088234291797, 21.14776409448922)",23.33088234291797,21.14776409448922,XRT,"[0.0, nan, nan]"
934,934,2010-10-07,2010-10-07 23:40:00,2010-10-07 23:45:00,2010-10-07 23:57:00,B1.5,"(0, 0)",0,,,,,,,,24970.0,,-909.0,-345.0,,,False,False,False,False,"(nan, nan)",,,XRT,"[0.0, nan, nan]"
935,935,2010-10-08,2010-10-08 04:56:00,2010-10-08 05:01:00,2010-10-08 05:08:00,B1.6,"(0, 0)",0,,,,,,,,24980.0,,-892.0,-368.0,,,False,False,False,False,"(nan, nan)",,,XRT,"[0.0, nan, nan]"
936,936,2010-10-09,2010-10-09 17:55:00,2010-10-09 17:58:00,2010-10-09 18:03:00,B3.2,"(0, 0)",0,,,,,,,,24990.0,,-813.0,-404.0,,,False,False,False,False,"(-66.1291555653288, -22.432185874816245)",-66.1291555653288,-22.432185874816245,XRT,"[0.0, nan, nan]"
937,937,2010-10-10,2010-10-10 06:40:00,2010-10-10 06:48:00,2010-10-10 06:55:00,B2.3,"(-61, -22)",11112,-780.3760198687669,-405.1969170019727,,,,,,25000.0,23.98408938271056,-796.0,-387.0,11112.0,,False,True,True,False,"(-61, -22)",-61.0,-22.0,GOES,"[11112.0, nan, 11112.0]"
938,938,2010-10-10,2010-10-10 07:57:00,2010-10-10 08:04:00,2010-10-10 08:08:00,B1.2,"(0, 0)",0,,,,,,,,25010.0,,-785.0,-394.0,,,False,False,False,False,"(-61.08745299403296, -21.272650144785207)",-61.08745299403296,-21.272650144785207,XRT,"[0.0, nan, nan]"
939,939,2010-10-10,2010-10-10 08:39:00,2010-10-10 08:44:00,2010-10-10 08:48:00,B1.8,"(-59, -21)",11112,-770.2174452391919,-392.95538459654665,,,,,,25020.0,27.252675645885596,-793.0,-378.0,11112.0,,False,True,True,False,"(-59, -21)",-59.0,-21.0,GOES,"[11112.0, nan, 11112.0]"
940,940,2010-10-10,2010-10-10 09:35:00,2010-10-10 09:42:00,2010-10-10 09:47:00,B5.5,"(-57, -19)",11112,-763.3758862230461,-365.17285723404547,,,,,,25030.0,37.141333846311746,-791.0,-390.0,11112.0,,False,True,True,False,"(-57, -19)",-57.0,-19.0,GOES,"[11112.0, nan, 11112.0]"
941,941,2010-10-10,2010-10-10 16:35:00,2010-10-10 16:39:00,2010-10-10 16:45:00,B1.2,"(0, 0)",0,,,,,,,,25040.0,,-716.0,-386.0,,,False,False,False,False,"(-52.26404744968346, -19.92530873444366)",-52.26404744968346,-19.92530873444366,XRT,"[0.0, nan, nan]"
942,942,2010-10-10,2010-10-10 17:32:00,2010-10-10 17:35:00,2010-10-10 17:42:00,B1.1,"(0, 0)",0,,,,,,,,25050.0,,-752.0,-404.0,,,False,False,False,False,"(-57.127381177130076, -21.55578723181984)",-57.127381177130076,-21.55578723181984,XRT,"[0.0, nan, nan]"
943,943,2010-10-13,2010-10-13 11:40:00,2010-10-13 11:45:00,2010-10-13 11:50:00,B2.0,"(0, 0)",11113,,,,,,,,25070.0,,-921.0,304.0,11113.0,,False,False,False,False,"(nan, nan)",,,XRT,"[11113.0, nan, 11113.0]"
944,944,2010-10-13,2010-10-13 11:59:00,2010-10-13 12:03:00,2010-10-13 12:06:00,B1.3,"(0, 0)",11113,,,,,,,,25080.0,,-933.0,262.0,11113.0,,False,False,False,False,"(nan, nan)",,,XRT,"[11113.0, nan, 11113.0]"
945,945,2010-10-13,2010-10-13 14:48:00,2010-10-13 14:58:00,2010-10-13 15:06:00,B2.1,"(0, 0)",11113,,,,,,,,25090.0,,-389.0,417.0,11113.0,,False,False,False,False,"(-28.02600745085749, 30.92366425843624)",-28.02600745085749,30.92366425843624,XRT,"[11113.0, nan, 11113.0]"
946,946,2010-10-13,2010-10-13 16:00:00,2010-10-13 16:27:00,2010-10-13 16:43:00,B4.0,"(0, 0)",11113,,,,,,,,25100.0,,-906.0,290.0,11113.0,,False,False,False,False,"(-82.89076008126244, 18.383740858971844)",-82.89076008126244,18.383740858971844,XRT,"[11113.0, nan, 11113.0]"
947,947,2010-10-13,2010-10-13 22:07:00,2010-10-13 22:10:00,2010-10-13 22:13:00,B1.1,"(0, 0)",11113,,,,,,,,25110.0,,-906.0,270.0,11113.0,,False,False,False,False,"(-80.54181596494226, 17.366498444783318)",-80.54181596494226,17.366498444783318,XRT,"[11113.0, nan, 11113.0]"
948,948,2010-10-14,2010-10-14 12:14:00,2010-10-14 12:17:00,2010-10-14 12:21:00,B3.9,"(0, 0)",11112,,,,,,,,25120.0,,-119.0,-408.0,11112.0,,False,False,False,False,"(-7.493689278486443, -19.119526514687315)",-7.493689278486443,-19.119526514687315,XRT,"[11112.0, nan, 11112.0]"
949,949,2010-10-14,2010-10-14 13:54:00,2010-10-14 13:59:00,2010-10-14 14:04:00,B3.4,"(0, 0)",11112,,,,,,,,25130.0,,-863.0,282.0,11112.0,,False,False,False,False,"(-71.37449773719447, 19.005089952598716)",-71.37449773719447,19.005089952598716,XRT,"[11112.0, nan, 11112.0]"
950,950,2010-10-14,2010-10-14 14:19:00,2010-10-14 14:26:00,2010-10-14 14:28:00,B3.9,"(-6, -18)",11112,-96.01293386192992,-391.0481542506675,,,,,,25140.0,16.075130315103586,-98.0,-407.0,11112.0,,False,True,True,False,"(-6, -18)",-6.0,-18.0,GOES,"[11112.0, nan, 11112.0]"
951,951,2010-10-14,2010-10-14 16:58:00,2010-10-14 17:03:00,2010-10-14 17:08:00,B2.1,"(0, 0)",11113,,,,,,,,25150.0,,-853.0,205.0,11113.0,,False,False,False,False,"(-66.24746329604852, 14.726603854075725)",-66.24746329604852,14.726603854075725,XRT,"[11113.0, nan, 11113.0]"
952,952,2010-10-15,2010-10-15 07:48:00,2010-10-15 07:52:00,2010-10-15 07:55:00,B1.0,"(0, 0)",11115,,,,,,,,25160.0,,-795.0,-538.0,11115.0,,False,False,False,False,"(-81.35156434267367, -33.309420712058376)",-81.35156434267367,-33.309420712058376,XRT,"[11115.0, nan, 11115.0]"
953,953,2010-10-15,2010-10-15 08:13:00,2010-10-15 08:17:00,2010-10-15 08:21:00,B1.2,"(0, 0)",11113,,,,,,,,25170.0,,69.0,-408.0,11113.0,,False,False,False,False,"(4.336158284437629, -19.138081008985715)",4.336158284437629,-19.138081008985715,XRT,"[11113.0, nan, 11113.0]"
954,954,2010-10-15,2010-10-15 13:03:00,2010-10-15 13:07:00,2010-10-15 13:13:00,B1.0,"(0, 0)",11113,,,,,,,,25180.0,,-783.0,239.0,11113.0,,False,False,False,False,"(-58.34940785421941, 17.481618620462832)",-58.34940785421941,17.481618620462832,XRT,"[11113.0, nan, 11113.0]"
955,955,2010-10-15,2010-10-15 22:54:00,2010-10-15 22:57:00,2010-10-15 23:06:00,B1.2,"(0, 0)",11112,,,,,,,,25200.0,,191.0,-404.0,11112.0,,False,False,False,False,"(12.072074106318523, -19.03579351437133)",12.072074106318523,-19.03579351437133,XRT,"[11112.0, nan, 11112.0]"
956,956,2010-10-16,2010-10-16 01:41:00,2010-10-16 01:46:00,2010-10-16 01:55:00,B2.6,"(0, 0)",11112,,,,,,,,25220.0,,194.0,-417.0,11112.0,,False,False,False,False,"(12.33137130940825, -19.902120206173286)",12.33137130940825,-19.902120206173286,XRT,"[11112.0, nan, 11112.0]"
957,957,2010-10-16,2010-10-16 16:53:00,2010-10-16 17:03:00,2010-10-16 17:06:00,B7.2,"(0, 0)",11112,,,,,,,,25230.0,,387.0,-410.0,11112.0,,False,False,False,False,"(25.223435079833184, -19.925704139634558)",25.223435079833184,-19.925704139634558,XRT,"[11112.0, nan, 11112.0]"
958,958,2010-10-16,2010-10-16 19:07:00,2010-10-16 19:12:00,2010-10-16 19:15:00,M2.9,"(26, -20)",11112,397.9103778120231,-410.5081115192537,,,,,,25240.0,6.579742137255569,404.0,-413.0,11112.0,,False,True,True,False,"(26, -20)",26.0,-20.0,GOES,"[11112.0, nan, 11112.0]"
959,959,2010-10-17,2010-10-17 00:08:00,2010-10-17 00:11:00,2010-10-17 00:13:00,B1.5,"(0, 0)",11112,,,,,,,,25250.0,,-530.0,197.0,11112.0,,False,False,False,False,"(-34.90300836543139, 16.497289356987586)",-34.90300836543139,16.497289356987586,XRT,"[11112.0, nan, 11112.0]"
960,960,2010-10-17,2010-10-17 00:26:00,2010-10-17 00:34:00,2010-10-17 00:38:00,B4.5,"(0, 0)",11112,,,,,,,,25260.0,,428.0,-378.0,11112.0,,False,False,False,False,"(27.762377296424436, -17.98150311742451)",27.762377296424436,-17.98150311742451,XRT,"[11112.0, nan, 11112.0]"
961,961,2010-10-17,2010-10-17 08:26:00,2010-10-17 08:30:00,2010-10-17 08:33:00,B1.7,"(0, 0)",11112,,,,,,,,25280.0,,455.0,-398.0,11112.0,,False,False,False,False,"(29.960602444017596, -19.411126501434147)",29.960602444017596,-19.411126501434147,XRT,"[11112.0, nan, 11112.0]"
962,962,2010-10-17,2010-10-17 08:52:00,2010-10-17 08:59:00,2010-10-17 09:08:00,C1.7,"(0, 0)",11112,,,,,,,,25290.0,,505.0,-374.0,11112.0,,False,False,False,False,"(33.35768761172179, -18.042721555117105)",33.35768761172179,-18.042721555117105,XRT,"[11112.0, nan, 11112.0]"
963,963,2010-10-17,2010-10-17 10:26:00,2010-10-17 10:58:00,2010-10-17 11:05:00,B7.7,"(0, 0)",11112,,,,,,,,25300.0,,495.0,-390.0,11112.0,,False,False,False,False,"(32.83117984547884, -19.0532150583163)",32.83117984547884,-19.0532150583163,XRT,"[11112.0, nan, 11112.0]"
964,964,2010-10-17,2010-10-17 13:23:00,2010-10-17 13:28:00,2010-10-17 13:35:00,B2.3,"(0, 0)",11112,,,,,,,,25310.0,,524.0,-391.0,11112.0,,False,False,False,False,"(35.076849397902784, -19.255523865490897)",35.076849397902784,-19.255523865490897,XRT,"[11112.0, nan, 11112.0]"
965,965,2010-10-17,2010-10-17 17:30:00,2010-10-17 17:39:00,2010-10-17 17:44:00,C1.6,"(42, -21)",11112,603.1555421035363,-410.6383791855357,,,,,,25320.0,76.24612767311817,531.0,-386.0,11112.0,,False,True,True,False,"(42, -21)",42.0,-21.0,GOES,"[11112.0, nan, 11112.0]"
966,966,2010-10-18,2010-10-18 05:42:00,2010-10-18 05:51:00,2010-10-18 06:05:00,B4.4,"(0, 0)",11112,,,,,,,,25330.0,,698.0,-449.0,11112.0,,False,False,False,False,"(52.57436429142793, -24.38470018229663)",52.57436429142793,-24.38470018229663,XRT,"[11112.0, nan, 11112.0]"
967,967,2010-10-18,2010-10-18 11:25:00,2010-10-18 11:40:00,2010-10-18 11:52:00,C1.2,"(0, 0)",11112,,,,,,,,25340.0,,430.0,-590.0,11112.0,,False,False,False,False,"(32.044815515589924, -32.94656374112054)",32.044815515589924,-32.94656374112054,XRT,"[11112.0, nan, 11112.0]"
968,968,2010-10-18,2010-10-18 13:02:00,2010-10-18 13:11:00,2010-10-18 13:20:00,B4.5,"(0, 0)",11112,,,,,,,,25350.0,,748.0,-390.0,11112.0,,False,False,False,False,"(55.99910948238456, -20.77332491960247)",55.99910948238456,-20.77332491960247,XRT,"[11112.0, nan, 11112.0]"
969,969,2010-10-18,2010-10-18 15:26:00,2010-10-18 16:43:00,2010-10-18 17:16:00,C2.5,"(0, 0)",11112,,,,,,,,25360.0,,769.0,-419.0,11112.0,,False,False,False,False,"(60.01541352380286, -23.033004854737904)",60.01541352380286,-23.033004854737904,XRT,"[11112.0, nan, 11112.0]"
970,970,2010-10-18,2010-10-18 21:25:00,2010-10-18 21:39:00,2010-10-18 21:47:00,C1.2,"(0, 0)",0,,,,,,,,25370.0,,789.0,-401.0,,,False,False,False,False,"(61.91361642592582, -22.021206768960496)",61.91361642592582,-22.021206768960496,XRT,"[0.0, nan, nan]"
971,971,2010-10-19,2010-10-19 02:37:00,2010-10-19 02:44:00,2010-10-19 03:04:00,B7.3,"(0, 0)",11112,,,,,,,,25380.0,,807.0,-385.0,11112.0,,False,False,False,False,"(63.764197978109415, -21.148068195409266)",63.764197978109415,-21.148068195409266,XRT,"[11112.0, nan, 11112.0]"
972,972,2010-10-19,2010-10-19 06:45:00,2010-10-19 06:51:00,2010-10-19 06:57:00,C1.3,"(57, -20)",11112,760.6304872282687,-376.39744948427546,,,,,,25390.0,29.151847033848423,773.0,-350.0,11112.0,,False,True,True,False,"(57, -20)",57.0,-20.0,GOES,"[11112.0, nan, 11112.0]"
973,973,2010-10-19,2010-10-19 09:24:00,2010-10-19 10:14:00,2010-10-19 10:51:00,C1.1,"(0, 0)",11112,,,,,,,,25400.0,,852.0,-349.0,11112.0,,False,False,False,False,"(69.4538245562335, -19.35581330889904)",69.4538245562335,-19.35581330889904,XRT,"[11112.0, nan, 11112.0]"
974,974,2010-10-19,2010-10-19 12:40:00,2010-10-19 12:43:00,2010-10-19 12:45:00,B2.6,"(0, 0)",11115,,,,,,,,25410.0,,785.0,-339.0,11115.0,,False,False,False,False,"(58.64668148273183, -17.74789864800589)",58.64668148273183,-17.74789864800589,XRT,"[11115.0, nan, 11115.0]"
975,975,2010-10-19,2010-10-19 13:19:00,2010-10-19 13:24:00,2010-10-19 13:29:00,B5.1,"(0, 0)",11113,,,,,,,,25420.0,,-88.0,212.0,11113.0,,False,False,False,False,"(-5.493431086499754, 18.169466793857634)",-5.493431086499754,18.169466793857634,XRT,"[11113.0, nan, 11113.0]"
976,976,2010-10-19,2010-10-19 14:41:00,2010-10-19 14:51:00,2010-10-19 15:09:00,B5.8,"(0, 0)",11112,,,,,,,,25430.0,,860.0,-368.0,11112.0,,False,False,False,False,"(72.6834560502719, -20.886809871142585)",72.6834560502719,-20.886809871142585,XRT,"[11112.0, nan, 11112.0]"
977,977,2010-10-19,2010-10-19 15:57:00,2010-10-19 16:04:00,2010-10-19 16:08:00,B3.2,"(0, 0)",11112,,,,,,,,25440.0,,830.0,-333.0,11112.0,,False,False,False,False,"(64.69605813529994, -17.90274007571295)",64.69605813529994,-17.90274007571295,XRT,"[11112.0, nan, 11112.0]"
978,978,2010-10-19,2010-10-19 18:20:00,2010-10-19 18:26:00,2010-10-19 18:34:00,B2.2,"(0, 0)",11112,,,,,,,,25450.0,,862.0,-347.0,11112.0,,False,False,False,False,"(71.40170280861444, -19.417060458673753)",71.40170280861444,-19.417060458673753,XRT,"[11112.0, nan, 11112.0]"
979,979,2010-10-19,2010-10-19 22:58:00,2010-10-19 23:05:00,2010-10-19 23:10:00,B2.9,"(0, 0)",11112,,,,,,,,25460.0,,840.0,-339.0,11112.0,,False,False,False,False,"(66.6311603934949, -18.467573417475442)",66.6311603934949,-18.467573417475442,XRT,"[11112.0, nan, 11112.0]"
980,980,2010-10-20,2010-10-20 00:09:00,2010-10-20 00:12:00,2010-10-20 00:16:00,B1.6,"(0, 0)",11112,,,,,,,,25470.0,,865.0,-347.0,11112.0,,False,False,False,False,"(72.07371996503362, -19.484408713710064)",72.07371996503362,-19.484408713710064,XRT,"[11112.0, nan, 11112.0]"
981,981,2010-10-20,2010-10-20 00:55:00,2010-10-20 01:03:00,2010-10-20 01:07:00,B3.3,"(66, -19)",11112,833.367913294297,-348.20657283726524,,,,,,25480.0,24.374974333925177,847.0,-328.0,11112.0,,False,True,True,False,"(66, -19)",66.0,-19.0,GOES,"[11112.0, nan, 11112.0]"
982,982,2010-10-20,2010-10-20 11:42:00,2010-10-20 11:50:00,2010-10-20 11:54:00,C1.5,"(70, -18)",11112,862.1198084776698,-326.6015768011486,,,,,,25490.0,22.011252006522422,884.0,-329.0,11112.0,,False,True,True,False,"(70, -18)",70.0,-18.0,GOES,"[11112.0, nan, 11112.0]"
983,983,2010-10-20,2010-10-20 17:09:00,2010-10-20 17:38:00,2010-10-20 17:47:00,B2.1,"(0, 0)",11112,,,,,,,,,,,,,,False,False,False,False,,,,NoLocation,"[11112.0, nan, nan]"
984,984,2010-10-20,2010-10-20 21:12:00,2010-10-20 21:15:00,2010-10-20 21:17:00,B1.2,"(0, 0)",0,,,,,,,,25510.0,,904.0,-322.0,,,False,False,False,False,"(82.42320419909852, -18.88833499689096)",82.42320419909852,-18.88833499689096,XRT,"[0.0, nan, nan]"
985,985,2010-10-21,2010-10-21 05:23:00,2010-10-21 05:27:00,2010-10-21 05:31:00,B1.6,"(0, 0)",11117,,,,,,,,25520.0,,-745.0,381.0,11117.0,,False,False,False,False,"(-59.19110115637318, 26.086358778636054)",-59.19110115637318,26.086358778636054,XRT,"[11117.0, nan, 11117.0]"
986,986,2010-10-21,2010-10-21 08:34:00,2010-10-21 08:52:00,2010-10-21 08:57:00,B2.3,"(0, 0)",11117,,,,,,,,25530.0,,-738.0,396.0,11117.0,,False,False,False,False,"(-59.099350374729795, 27.06199643678279)",-59.099350374729795,27.06199643678279,XRT,"[11117.0, nan, 11117.0]"
987,987,2010-10-21,2010-10-21 08:46:00,2010-10-21 08:52:00,2010-10-21 08:57:00,B2.3,"(0, 0)",11117,,,,,,,,25530.0,,-738.0,396.0,11117.0,,False,False,False,False,"(-59.099350374729795, 27.06199643678279)",-59.099350374729795,27.06199643678279,XRT,"[11117.0, nan, 11117.0]"
988,988,2010-10-21,2010-10-21 17:28:00,2010-10-21 17:40:00,2010-10-21 17:48:00,B2.0,"(0, 0)",11112,,,,,,,,25550.0,,921.0,-327.0,11112.0,,False,False,False,False,"(nan, nan)",,,XRT,"[11112.0, nan, 11112.0]"
989,989,2010-10-21,2010-10-21 19:00:00,2010-10-21 19:11:00,2010-10-21 19:29:00,B3.1,"(0, 0)",0,,,,,,,,25560.0,,-692.0,402.0,,,False,False,False,False,"(-54.06541115114976, 27.806598780902554)",-54.06541115114976,27.806598780902554,XRT,"[0.0, nan, nan]"
990,990,2010-10-21,2010-10-21 20:35:00,2010-10-21 20:40:00,2010-10-21 20:44:00,B1.7,"(0, 0)",0,,,,,,,,25570.0,,-518.0,-178.0,,,False,False,False,False,"(-32.581054981191585, -6.1082518171981866)",-32.581054981191585,-6.1082518171981866,XRT,"[0.0, nan, nan]"
991,991,2010-10-21,2010-10-21 23:08:00,2010-10-21 23:17:00,2010-10-21 23:40:00,B2.6,"(0, 0)",0,,,,,,,,25580.0,,-900.0,321.0,,,False,False,False,False,"(-83.681171878062, 20.11895183998427)",-83.681171878062,20.11895183998427,XRT,"[0.0, nan, nan]"
992,992,2010-10-22,2010-10-22 07:54:00,2010-10-22 07:59:00,2010-10-22 08:07:00,B1.4,"(0, 0)",11117,,,,,,,,25600.0,,-681.0,290.0,11117.0,,False,False,False,False,"(-48.97996988420465, 20.98745613116179)",-48.97996988420465,20.98745613116179,XRT,"[11117.0, nan, 11117.0]"
993,993,2010-10-22,2010-10-22 13:30:00,2010-10-22 13:33:00,2010-10-22 13:35:00,B1.0,"(0, 0)",0,,,,,,,,25610.0,,-551.0,326.0,,,False,False,False,False,"(-38.52862764655754, 23.868329602164316)",-38.52862764655754,23.868329602164316,XRT,"[0.0, nan, nan]"
994,994,2010-10-22,2010-10-22 21:23:00,2010-10-22 21:31:00,2010-10-22 21:36:00,B1.6,"(0, 0)",11115,,,,,,,,25620.0,,361.0,-503.0,11115.0,,False,False,False,False,"(24.658750085487387, -26.573149623335457)",24.658750085487387,-26.573149623335457,XRT,"[11115.0, nan, 11115.0]"
995,995,2010-10-22,2010-10-22 22:41:00,2010-10-22 22:49:00,2010-10-22 22:55:00,B1.8,"(0, 0)",11115,,,,,,,,25630.0,,356.0,-514.0,11115.0,,False,False,False,False,"(24.47124594602053, -27.33678962177127)",24.47124594602053,-27.33678962177127,XRT,"[11115.0, nan, 11115.0]"
996,996,2010-10-23,2010-10-23 00:20:00,2010-10-23 00:23:00,2010-10-23 00:27:00,B1.0,"(0, 0)",0,,,,,,,,25640.0,,-593.0,274.0,,,False,False,False,False,"(-40.86434877343885, 20.456257508875023)",-40.86434877343885,20.456257508875023,XRT,"[0.0, nan, nan]"
997,997,2010-10-23,2010-10-23 13:14:00,2010-10-23 13:18:00,2010-10-23 13:21:00,B1.4,"(0, 0)",11117,,,,,,,,25650.0,,-470.0,276.0,11117.0,,False,False,False,False,"(-31.348153800677892, 21.02996218017451)",-31.348153800677892,21.02996218017451,XRT,"[11117.0, nan, 11117.0]"
998,998,2010-10-23,2010-10-23 17:29:00,2010-10-23 17:38:00,2010-10-23 17:44:00,B3.6,"(32, -30)",11115,443.92328175533055,-545.8587354254621,,,,,,25660.0,75.895198988118,502.0,-497.0,11115.0,,False,True,True,False,"(32, -30)",32.0,-30.0,GOES,"[11115.0, nan, 11115.0]"
999,999,2010-10-23,2010-10-23 19:41:00,2010-10-23 20:11:00,2010-10-23 20:35:00,B4.7,"(0, 0)",11117,,,,,,,,25670.0,,-455.0,314.0,11117.0,,False,False,False,False,"(-30.808770014531547, 23.39641340351569)",-30.808770014531547,23.39641340351569,XRT,"[11117.0, nan, 11117.0]"
1000,1000,2010-10-24,2010-10-24 09:22:00,2010-10-24 09:26:00,2010-10-24 09:35:00,B2.4,"(0, 0)",11117,,,,,,,,25680.0,,-313.0,265.0,11117.0,,False,False,False,False,"(-20.211254943689823, 20.698059438080453)",-20.211254943689823,20.698059438080453,XRT,"[11117.0, nan, 11117.0]"
1001,1001,2010-10-24,2010-10-24 10:46:00,2010-10-24 10:51:00,2010-10-24 11:05:00,B2.5,"(0, 0)",11117,,,,,,,,25690.0,,-316.0,265.0,11117.0,,False,False,False,False,"(-20.411755874708945, 20.686876601315138)",-20.411755874708945,20.686876601315138,XRT,"[11117.0, nan, 11117.0]"
1002,1002,2010-10-24,2010-10-24 11:44:00,2010-10-24 12:02:00,2010-10-24 12:10:00,B4.1,"(0, 0)",11117,,,,,,,,25700.0,,-288.0,265.0,11117.0,,False,False,False,False,"(-18.53868749955552, 20.7359152456317)",-18.53868749955552,20.7359152456317,XRT,"[11117.0, nan, 11117.0]"
1003,1003,2010-10-24,2010-10-24 12:17:00,2010-10-24 12:20:00,2010-10-24 12:23:00,B4.0,"(0, 0)",11117,,,,,,,,25710.0,,-245.0,272.0,11117.0,,False,False,False,False,"(-15.745604484320381, 21.236385232680462)",-15.745604484320381,21.236385232680462,XRT,"[11117.0, nan, 11117.0]"
1004,1004,2010-10-24,2010-10-24 12:54:00,2010-10-24 13:05:00,2010-10-24 13:25:00,B3.3,"(0, 0)",11117,,,,,,,,25720.0,,-273.0,254.0,11117.0,,False,False,False,False,"(-17.463478725861194, 20.08452590007436)",-17.463478725861194,20.08452590007436,XRT,"[11117.0, nan, 11117.0]"
1005,1005,2010-10-24,2010-10-24 13:55:00,2010-10-24 14:01:00,2010-10-24 14:04:00,B3.8,"(-18, 22)",11117,-277.5089928715024,285.3524179070587,,,,,,25730.0,19.82917590268446,-270.0,267.0,11117.0,,False,True,True,False,"(-18, 22)",-18.0,22.0,GOES,"[11117.0, nan, 11117.0]"
1006,1006,2010-10-24,2010-10-24 14:27:00,2010-10-24 14:30:00,2010-10-24 14:33:00,B1.9,"(0, 0)",11117,,,,,,,,25740.0,,-276.0,266.0,11117.0,,False,False,False,False,"(-17.748023878415495, 20.809281113931753)",-17.748023878415495,20.809281113931753,XRT,"[11117.0, nan, 11117.0]"
1007,1007,2010-10-24,2010-10-24 16:39:00,2010-10-24 16:45:00,2010-10-24 16:47:00,B1.4,"(0, 0)",0,,,,,,,,25750.0,,-260.0,249.0,,,False,False,False,False,"(-16.57377194145272, 19.78656441449846)",-16.57377194145272,19.78656441449846,XRT,"[0.0, nan, nan]"
1008,1008,2010-10-24,2010-10-24 17:25:00,2010-10-24 17:29:00,2010-10-24 17:32:00,B1.9,"(0, 0)",11117,,,,,,,,25760.0,,-248.0,265.0,11117.0,,False,False,False,False,"(-15.89270647689409, 20.78223940314273)",-15.89270647689409,20.78223940314273,XRT,"[11117.0, nan, 11117.0]"
1009,1009,2010-10-24,2010-10-24 19:37:00,2010-10-24 19:40:00,2010-10-24 19:43:00,B1.4,"(0, 0)",11117,,,,,,,,25770.0,,-178.0,270.0,11117.0,,False,False,False,False,"(-11.363845950918119, 21.17242997135708)",-11.363845950918119,21.17242997135708,XRT,"[11117.0, nan, 11117.0]"
1010,1010,2010-10-24,2010-10-24 21:40:00,2010-10-24 21:46:00,2010-10-24 21:53:00,B3.0,"(0, 0)",11117,,,,,,,,25780.0,,-196.0,276.0,11117.0,,False,False,False,False,"(-12.560457762265003, 21.513356449979074)",-12.560457762265003,21.513356449979074,XRT,"[11117.0, nan, 11117.0]"
1011,1011,2010-10-25,2010-10-25 03:44:00,2010-10-25 04:06:00,2010-10-25 04:33:00,B1.7,"(0, 0)",11117,,,,,,,,25790.0,,224.0,324.0,11117.0,,False,False,False,False,"(14.713025699344497, 24.434356875992435)",14.713025699344497,24.434356875992435,XRT,"[11117.0, nan, 11117.0]"
1012,1012,2010-10-25,2010-10-25 05:55:00,2010-10-25 05:58:00,2010-10-25 06:00:00,B2.1,"(-12, 19)",11117,-190.47365131182596,235.380222805476,,,,,,25800.0,28.356763835124013,-170.0,255.0,11117.0,,False,True,True,False,"(-12, 19)",-12.0,19.0,GOES,"[11117.0, nan, 11117.0]"
1013,1013,2010-10-25,2010-10-25 08:06:00,2010-10-25 08:17:00,2010-10-25 08:23:00,B3.1,"(-9, 19)",11117,-143.32352524553426,234.76049088450404,,,,,,25810.0,19.5050756747765,-129.0,248.0,11117.0,,False,True,True,False,"(-9, 19)",-9.0,19.0,GOES,"[11117.0, nan, 11117.0]"
1014,1014,2010-10-25,2010-10-25 11:52:00,2010-10-25 12:17:00,2010-10-25 12:35:00,B6.4,"(0, 0)",11117,,,,,,,,25820.0,,-90.0,270.0,11117.0,,False,False,False,False,"(-5.716436693992307, 21.178139702824932)",-5.716436693992307,21.178139702824932,XRT,"[11117.0, nan, 11117.0]"
1015,1015,2010-10-25,2010-10-25 13:14:00,2010-10-25 13:18:00,2010-10-25 13:22:00,B2.7,"(0, 0)",11117,,,,,,,,25830.0,,-50.0,265.0,11117.0,,False,False,False,False,"(-3.165763559612458, 20.882945925607327)",-3.165763559612458,20.882945925607327,XRT,"[11117.0, nan, 11117.0]"
1016,1016,2010-10-25,2010-10-25 13:33:00,2010-10-25 13:36:00,2010-10-25 13:39:00,B3.0,"(0, 0)",11117,,,,,,,,25840.0,,-54.0,249.0,11117.0,,False,False,False,False,"(-3.397453003825774, 19.899141321733435)",-3.397453003825774,19.899141321733435,XRT,"[11117.0, nan, 11117.0]"
1017,1017,2010-10-25,2010-10-25 21:46:00,2010-10-25 21:53:00,2010-10-25 22:00:00,B6.9,"(0, 0)",11117,,,,,,,,25850.0,,8.0,246.0,11117.0,,False,False,False,False,"(0.5023280596536536, 19.69099768078521)",0.5023280596536536,19.69099768078521,XRT,"[11117.0, nan, 11117.0]"
1018,1018,2010-10-25,2010-10-25 22:06:00,2010-10-25 22:12:00,2010-10-25 22:18:00,C2.3,"(0, 0)",11117,,,,,,,,25860.0,,21.0,285.0,11117.0,,False,False,False,False,"(1.3400028629568772, 22.087111612544646)",1.3400028629568772,22.087111612544646,XRT,"[11117.0, nan, 11117.0]"
1019,1019,2010-10-26,2010-10-26 00:04:00,2010-10-26 00:28:00,2010-10-26 00:49:00,B8.4,"(2, 19)",11117,31.98191012133191,234.86740549937832,,,,,,,,,,,,False,False,False,False,"(2, 19)",2.0,19.0,GOES,"[11117.0, nan, nan]"
1020,1020,2010-10-26,2010-10-26 01:06:00,2010-10-26 01:13:00,2010-10-26 01:19:00,C1.1,"(0, 0)",0,,,,,,,,25880.0,,32.0,249.0,,,False,False,False,False,"(2.0117494563474496, 19.85844101234395)",2.0117494563474496,19.85844101234395,XRT,"[0.0, nan, nan]"
1021,1021,2010-10-26,2010-10-26 01:06:00,2010-10-26 01:13:00,2010-10-26 01:19:00,C1.1,"(0, 0)",0,,,,,,,,25880.0,,32.0,249.0,,,False,False,False,False,"(2.0117494563474496, 19.85844101234395)",2.0117494563474496,19.85844101234395,XRT,"[0.0, nan, nan]"
1022,1022,2010-10-26,2010-10-26 02:14:00,2010-10-26 02:17:00,2010-10-26 02:19:00,B3.8,"(0, 0)",11117,,,,,,,,25890.0,,33.0,243.0,11117.0,,False,False,False,False,"(2.0698008616083117, 19.48718970736281)",2.0698008616083117,19.48718970736281,XRT,"[11117.0, nan, 11117.0]"
1023,1023,2010-10-26,2010-10-26 03:11:00,2010-10-26 03:16:00,2010-10-26 03:19:00,B6.3,"(0, 0)",11115,,,,,,,,25900.0,,527.0,319.0,11115.0,,False,False,False,False,"(36.3278267249619, 23.265457327745715)",36.3278267249619,23.265457327745715,XRT,"[11115.0, nan, 11115.0]"
1024,1024,2010-10-26,2010-10-26 04:25:00,2010-10-26 04:29:00,2010-10-26 04:32:00,B5.6,"(0, 0)",11119,,,,,,,,25910.0,,537.0,315.0,11119.0,,False,False,False,False,"(37.03834423782467, 22.97525622280954)",37.03834423782467,22.97525622280954,XRT,"[11119.0, nan, 11119.0]"
1025,1025,2010-10-26,2010-10-26 05:29:00,2010-10-26 05:33:00,2010-10-26 05:37:00,B6.0,"(37, 23)",11119,536.4319830985091,315.41726904640313,,,,,,25920.0,11.575540094970275,548.0,315.0,11119.0,,False,True,True,False,"(37, 23)",37.0,23.0,GOES,"[11119.0, nan, 11119.0]"
1026,1026,2010-10-26,2010-10-26 06:34:00,2010-10-26 06:38:00,2010-10-26 06:44:00,B2.8,"(0, 0)",11117,,,,,,,,25930.0,,90.0,248.0,11117.0,,False,False,False,False,"(5.662183439819032, 19.755353867555648)",5.662183439819032,19.755353867555648,XRT,"[11117.0, nan, 11117.0]"
1027,1027,2010-10-26,2010-10-26 07:24:00,2010-10-26 07:29:00,2010-10-26 07:38:00,B4.8,"(5, 19)",11117,79.87494285298389,235.59663626167247,,,,,,25940.0,12.544275297011525,78.0,248.0,11117.0,,False,True,True,False,"(5, 19)",5.0,19.0,GOES,"[11117.0, nan, 11117.0]"
1028,1028,2010-10-26,2010-10-26 08:09:00,2010-10-26 08:14:00,2010-10-26 08:16:00,C1.0,"(38, 23)",11119,548.7651811654702,316.36142494877913,,,,,,25950.0,17.246644843421183,566.0,317.0,11119.0,,False,True,True,False,"(38, 23)",38.0,23.0,GOES,"[11119.0, nan, 11119.0]"
1029,1029,2010-10-26,2010-10-26 08:26:00,2010-10-26 08:30:00,2010-10-26 08:35:00,B3.3,"(0, 0)",11117,,,,,,,,25960.0,,581.0,324.0,11117.0,,False,False,False,False,"(40.808304755978796, 23.33144731208631)",40.808304755978796,23.33144731208631,XRT,"[11117.0, nan, 11117.0]"
1030,1030,2010-10-26,2010-10-26 11:29:00,2010-10-26 11:32:00,2010-10-26 11:34:00,B2.1,"(0, 0)",0,,,,,,,,25970.0,,38.0,257.0,,,False,False,False,False,"(2.395740294534089, 20.305935154311424)",2.395740294534089,20.305935154311424,XRT,"[0.0, nan, nan]"
1031,1031,2010-10-26,2010-10-26 11:29:00,2010-10-26 11:32:00,2010-10-26 11:34:00,B2.1,"(0, 0)",0,,,,,,,,25970.0,,38.0,257.0,,,False,False,False,False,"(2.395740294534089, 20.305935154311424)",2.395740294534089,20.305935154311424,XRT,"[0.0, nan, nan]"
1032,1032,2010-10-26,2010-10-26 14:48:00,2010-10-26 14:53:00,2010-10-26 14:56:00,B2.1,"(0, 0)",11119,,,,,,,,25980.0,,157.0,275.0,11119.0,,False,False,False,False,"(10.014300582550613, 21.33178814800876)",10.014300582550613,21.33178814800876,XRT,"[11119.0, nan, 11119.0]"
1033,1033,2010-10-26,2010-10-26 22:34:00,2010-10-26 22:40:00,2010-10-26 22:48:00,B1.6,"(0, 0)",1119,,,,,,,,25990.0,,150.0,273.0,11119.0,,False,False,False,False,"(9.552888991591196, 21.18372485794104)",9.552888991591196,21.18372485794104,XRT,"[1119.0, nan, 11119.0]"
1034,1034,2010-10-26,2010-10-26 22:34:00,2010-10-26 22:40:00,2010-10-26 22:48:00,B1.6,"(0, 0)",11119,,,,,,,,25990.0,,150.0,273.0,11119.0,,False,False,False,False,"(9.552888991591196, 21.18372485794104)",9.552888991591196,21.18372485794104,XRT,"[11119.0, nan, 11119.0]"
1035,1035,2010-10-26,2010-10-26 23:07:00,2010-10-26 23:12:00,2010-10-26 23:15:00,B2.2,"(0, 0)",11117,,,,,,,,26000.0,,220.0,247.0,11117.0,,False,False,False,False,"(13.93332149699626, 19.51254892925634)",13.93332149699626,19.51254892925634,XRT,"[11117.0, nan, 11117.0]"
1036,1036,2010-10-27,2010-10-27 05:47:00,2010-10-27 05:50:00,2010-10-27 05:57:00,B2.5,"(0, 0)",11115,,,,,,,,26010.0,,279.0,247.0,11115.0,,False,False,False,False,"(17.76781207714949, 19.40094237559242)",17.76781207714949,19.40094237559242,XRT,"[11115.0, nan, 11115.0]"
1037,1037,2010-10-27,2010-10-27 06:02:00,2010-10-27 06:13:00,2010-10-27 06:18:00,B7.0,"(18, 20)",11117,281.4660385898747,256.8872876034286,,,,,,26020.0,8.899498464144378,281.0,248.0,11117.0,,False,True,True,False,"(18, 20)",18.0,20.0,GOES,"[11117.0, nan, 11117.0]"
1038,1038,2010-10-27,2010-10-27 09:20:00,2010-10-27 09:26:00,2010-10-27 09:32:00,B1.9,"(0, 0)",11117,,,,,,,,26030.0,,325.0,252.0,11117.0,,False,False,False,False,"(20.851602185317017, 19.61004507025191)",20.851602185317017,19.61004507025191,XRT,"[11117.0, nan, 11117.0]"
1039,1039,2010-10-27,2010-10-27 09:49:00,2010-10-27 09:54:00,2010-10-27 09:57:00,B2.9,"(0, 0)",11117,,,,,,,,26040.0,,314.0,252.0,11117.0,,False,False,False,False,"(20.116718337515554, 19.629165069388293)",20.116718337515554,19.629165069388293,XRT,"[11117.0, nan, 11117.0]"
1040,1040,2010-10-27,2010-10-27 11:00:00,2010-10-27 11:07:00,2010-10-27 11:11:00,B2.0,"(0, 0)",1117,,,,,,,,26050.0,,327.0,250.0,11117.0,,False,False,False,False,"(20.967562131321436, 19.477726276752872)",20.967562131321436,19.477726276752872,XRT,"[1117.0, nan, 11117.0]"
1041,1041,2010-10-27,2010-10-27 11:00:00,2010-10-27 11:07:00,2010-10-27 11:11:00,B2.0,"(0, 0)",11117,,,,,,,,26050.0,,327.0,250.0,11117.0,,False,False,False,False,"(20.967562131321436, 19.477726276752872)",20.967562131321436,19.477726276752872,XRT,"[11117.0, nan, 11117.0]"
1042,1042,2010-10-27,2010-10-27 13:09:00,2010-10-27 13:12:00,2010-10-27 13:17:00,B1.5,"(0, 0)",11117,,,,,,,,26060.0,,571.0,-409.0,11117.0,,False,False,False,False,"(39.25760158122172, -21.275599775476095)",39.25760158122172,-21.275599775476095,XRT,"[11117.0, nan, 11117.0]"
1043,1043,2010-10-27,2010-10-27 13:55:00,2010-10-27 14:07:00,2010-10-27 14:51:00,B2.1,"(0, 0)",0,,,,,,,,26070.0,,864.0,-456.0,,,False,False,False,False,"(nan, nan)",,,XRT,"[0.0, nan, nan]"
1044,1044,2010-10-27,2010-10-27 13:55:00,2010-10-27 14:07:00,2010-10-27 14:51:00,B2.1,"(0, 0)",0,,,,,,,,26070.0,,864.0,-456.0,,,False,False,False,False,"(nan, nan)",,,XRT,"[0.0, nan, nan]"
1045,1045,2010-10-27,2010-10-27 16:59:00,2010-10-27 17:04:00,2010-10-27 17:08:00,C1.2,"(25, 18)",11117,389.5777530698026,228.2535882339523,,,,,,26080.0,17.124328426729686,386.0,245.0,11117.0,,False,True,True,False,"(25, 18)",25.0,18.0,GOES,"[11117.0, nan, 11117.0]"
1046,1046,2010-10-27,2010-10-27 21:53:00,2010-10-27 21:59:00,2010-10-27 22:01:00,B1.8,"(0, 0)",11117,,,,,,,,26090.0,,433.0,244.0,11117.0,,False,False,False,False,"(28.16549194734907, 18.827524051711865)",28.16549194734907,18.827524051711865,XRT,"[11117.0, nan, 11117.0]"
1047,1047,2010-10-28,2010-10-28 10:12:00,2010-10-28 10:15:00,2010-10-28 10:19:00,B2.0,"(0, 0)",0,,,,,,,,26100.0,,523.0,248.0,,,False,False,False,False,"(34.746818201753406, 18.752504774477828)",34.746818201753406,18.752504774477828,XRT,"[0.0, nan, nan]"
1048,1048,2010-10-29,2010-10-29 01:29:00,2010-10-29 01:37:00,2010-10-29 01:44:00,B3.2,"(0, 0)",11117,,,,,,,,26110.0,,630.0,240.0,11117.0,,False,False,False,False,"(43.073448276866294, 17.79550450054472)",43.073448276866294,17.79550450054472,XRT,"[11117.0, nan, 11117.0]"
1049,1049,2010-10-29,2010-10-29 04:31:00,2010-10-29 04:34:00,2010-10-29 04:37:00,B1.5,"(0, 0)",11117,,,,,,,,26120.0,,666.0,259.0,11117.0,,False,False,False,False,"(46.56014634903431, 18.757038395894835)",46.56014634903431,18.757038395894835,XRT,"[11117.0, nan, 11117.0]"
1050,1050,2010-10-29,2010-10-29 04:46:00,2010-10-29 04:51:00,2010-10-29 04:56:00,B1.9,"(0, 0)",11117,,,,,,,,26130.0,,224.0,521.0,11117.0,,False,False,False,False,"(16.82020919465116, 37.002296627274525)",16.82020919465116,37.002296627274525,XRT,"[11117.0, nan, 11117.0]"
1051,1051,2010-10-29,2010-10-29 05:32:00,2010-10-29 05:38:00,2010-10-29 05:44:00,B3.9,"(0, 0)",11117,,,,,,,,26140.0,,650.0,258.0,11117.0,,False,False,False,False,"(45.125832992189956, 18.773636894231483)",45.125832992189956,18.773636894231483,XRT,"[11117.0, nan, 11117.0]"
1052,1052,2010-10-29,2010-10-29 06:34:00,2010-10-29 06:39:00,2010-10-29 06:46:00,B1.8,"(0, 0)",11117,,,,,,,,26150.0,,662.0,241.0,11117.0,,False,False,False,False,"(45.828941042384656, 17.688292798579447)",45.828941042384656,17.688292798579447,XRT,"[11117.0, nan, 11117.0]"
1053,1053,2010-10-29,2010-10-29 11:38:00,2010-10-29 11:43:00,2010-10-29 11:48:00,B1.4,"(0, 0)",11117,,,,,,,,26160.0,,675.0,242.0,11117.0,,False,False,False,False,"(46.99316481423713, 17.667754384584253)",46.99316481423713,17.667754384584253,XRT,"[11117.0, nan, 11117.0]"
1054,1054,2010-10-29,2010-10-29 16:14:00,2010-10-29 16:19:00,2010-10-29 16:22:00,B1.8,"(0, 0)",11117,,,,,,,,26170.0,,711.0,270.0,11117.0,,False,False,False,False,"(50.99011000948444, 19.13871139605155)",50.99011000948444,19.13871139605155,XRT,"[11117.0, nan, 11117.0]"
1055,1055,2010-10-29,2010-10-29 17:28:00,2010-10-29 17:32:00,2010-10-29 17:36:00,B4.0,"(0, 0)",11117,,,,,,,,26180.0,,708.0,243.0,11117.0,,False,False,False,False,"(50.04390274755462, 17.532453514892318)",50.04390274755462,17.532453514892318,XRT,"[11117.0, nan, 11117.0]"
1056,1056,2010-10-30,2010-10-30 03:41:00,2010-10-30 03:48:00,2010-10-30 03:54:00,B3.1,"(0, 0)",11117,,,,,,,,26190.0,,767.0,286.0,11117.0,,False,False,False,False,"(57.28598336649251, 19.701513023537988)",57.28598336649251,19.701513023537988,XRT,"[11117.0, nan, 11117.0]"
1057,1057,2010-10-30,2010-10-30 04:13:00,2010-10-30 04:16:00,2010-10-30 04:18:00,B3.4,"(0, 0)",11117,,,,,,,,26200.0,,771.0,278.0,11117.0,,False,False,False,False,"(57.47086431796926, 19.192133832083794)",57.47086431796926,19.192133832083794,XRT,"[11117.0, nan, 11117.0]"
1058,1058,2010-10-30,2010-10-30 04:41:00,2010-10-30 04:45:00,2010-10-30 04:50:00,B1.7,"(0, 0)",0,,,,,,,,26210.0,,-761.0,576.0,,,False,False,False,False,"(-82.03828012168736, 37.34750230747646)",-82.03828012168736,37.34750230747646,XRT,"[0.0, nan, nan]"
1059,1059,2010-10-30,2010-10-30 05:34:00,2010-10-30 05:39:00,2010-10-30 05:42:00,B6.5,"(0, 0)",11117,,,,,,,,26220.0,,756.0,315.0,11117.0,,False,False,False,False,"(57.06264681027274, 21.521482122669624)",57.06264681027274,21.521482122669624,XRT,"[11117.0, nan, 11117.0]"
1060,1060,2010-10-30,2010-10-30 07:14:00,2010-10-30 07:28:00,2010-10-30 07:33:00,B2.1,"(-70, 35)",11120,-744.6318306881003,531.4937674749981,,,,,,26230.0,73.6479649639654,-727.0,603.0,11120.0,,False,True,True,False,"(-70, 35)",-70.0,35.0,GOES,"[11120.0, nan, 11120.0]"
1061,1061,2010-10-30,2010-10-30 10:03:00,2010-10-30 10:06:00,2010-10-30 10:09:00,B1.7,"(0, 0)",0,,,,,,,,26240.0,,778.0,295.0,,,False,False,False,False,"(58.855394768139114, 20.142871192708235)",58.855394768139114,20.142871192708235,XRT,"[0.0, nan, nan]"
1062,1062,2010-10-30,2010-10-30 13:30:00,2010-10-30 13:33:00,2010-10-30 13:39:00,B1.8,"(0, 0)",11117,,,,,,,,26250.0,,-746.0,561.0,11117.0,,False,False,False,False,"(-74.4210023542629, 36.79720998535512)",-74.4210023542629,36.79720998535512,XRT,"[11117.0, nan, 11117.0]"
1063,1063,2010-10-31,2010-10-31 01:12:00,2010-10-31 01:16:00,2010-10-31 01:19:00,B5.1,"(0, 0)",11117,,,,,,,,26260.0,,843.0,279.0,11117.0,,False,False,False,False,"(66.75756851184941, 18.576242606421797)",66.75756851184941,18.576242606421797,XRT,"[11117.0, nan, 11117.0]"
1064,1064,2010-10-31,2010-10-31 03:13:00,2010-10-31 03:18:00,2010-10-31 03:21:00,C1.8,"(67, 24)",11117,813.8942763615436,365.417220641562,,,,,,26270.0,53.65246080632829,848.0,324.0,11117.0,,False,True,True,False,"(67, 24)",67.0,24.0,GOES,"[11117.0, nan, 11117.0]"
1065,1065,2010-10-31,2010-10-31 04:15:00,2010-10-31 04:18:00,2010-10-31 04:21:00,B2.8,"(0, 0)",11117,,,,,,,,26280.0,,836.0,344.0,11117.0,,False,False,False,False,"(69.21008025614883, 22.475323409759984)",69.21008025614883,22.475323409759984,XRT,"[11117.0, nan, 11117.0]"
1066,1066,2010-10-31,2010-10-31 04:26:00,2010-10-31 04:31:00,2010-10-31 04:36:00,C5.7,"(0, 0)",11117,,,,,,,,26290.0,,852.0,328.0,11117.0,,False,False,False,False,"(70.96256751176193, 21.33631921843991)",70.96256751176193,21.33631921843991,XRT,"[11117.0, nan, 11117.0]"
1067,1067,2010-10-31,2010-10-31 09:07:00,2010-10-31 09:11:00,2010-10-31 09:15:00,B1.9,"(0, 0)",11117,,,,,,,,26300.0,,-713.0,564.0,11117.0,,False,False,False,False,"(-68.08975807207759, 37.42521536417518)",-68.08975807207759,37.42521536417518,XRT,"[11117.0, nan, 11117.0]"
1068,1068,2010-10-31,2010-10-31 18:04:00,2010-10-31 18:08:00,2010-10-31 18:13:00,B1.6,"(0, 0)",0,,,,,,,,26310.0,,572.0,545.0,,,False,False,False,False,"(47.8864231978241, 37.26503770061328)",47.8864231978241,37.26503770061328,XRT,"[0.0, nan, nan]"
1069,1069,2010-10-31,2010-10-31 20:09:00,2010-10-31 20:21:00,2010-10-31 20:28:00,B1.6,"(0, 0)",0,,,,,,,,26320.0,,584.0,547.0,,,False,False,False,False,"(49.29043170239866, 37.32562007240167)",49.29043170239866,37.32562007240167,XRT,"[0.0, nan, nan]"
1070,1070,2010-10-31,2010-10-31 21:12:00,2010-10-31 21:16:00,2010-10-31 21:19:00,B1.6,"(0, 0)",11117,,,,,,,,26330.0,,-651.0,583.0,11117.0,,False,False,False,False,"(-60.335449150021134, 39.3068729391499)",-60.335449150021134,39.3068729391499,XRT,"[11117.0, nan, 11117.0]"
1071,1071,2010-10-31,2010-10-31 22:01:00,2010-10-31 22:08:00,2010-10-31 22:14:00,B4.6,"(0, 0)",11117,,,,,,,,26340.0,,921.0,288.0,11117.0,,False,False,False,False,"(87.96006161147575, 17.545899811051857)",87.96006161147575,17.545899811051857,XRT,"[11117.0, nan, 11117.0]"
1072,1072,2010-10-31,2010-10-31 22:32:00,2010-10-31 22:36:00,2010-10-31 22:39:00,B1.7,"(0, 0)",11117,,,,,,,,26350.0,,900.0,304.0,11117.0,,False,False,False,False,"(80.06439646926047, 19.136809217282924)",80.06439646926047,19.136809217282924,XRT,"[11117.0, nan, 11117.0]"
1073,1073,2010-11-01,2010-11-01 03:24:00,2010-11-01 03:28:00,2010-11-01 03:36:00,B1.5,"(0, 0)",0,,,,,,,,26360.0,,920.0,279.0,,,False,False,False,False,"(84.97416919219981, 17.208053533177065)",84.97416919219981,17.208053533177065,XRT,"[0.0, nan, nan]"
1074,1074,2010-11-01,2010-11-01 04:36:00,2010-11-01 04:43:00,2010-11-01 04:50:00,C1.1,"(0, 0)",0,,,,,,,,26370.0,,926.0,290.0,11117.0,,False,False,False,False,"(nan, nan)",,,XRT,"[0.0, nan, 11117.0]"
1075,1075,2010-11-01,2010-11-01 04:36:00,2010-11-01 04:43:00,2010-11-01 04:50:00,C1.1,"(0, 0)",11117,,,,,,,,26370.0,,926.0,290.0,11117.0,,False,False,False,False,"(nan, nan)",,,XRT,"[11117.0, nan, 11117.0]"
1076,1076,2010-11-01,2010-11-01 09:30:00,2010-11-01 09:34:00,2010-11-01 09:36:00,B1.4,"(0, 0)",0,,,,,,,,26380.0,,-615.0,566.0,,,False,False,False,False,"(-54.09659691371053, 38.392205751564575)",-54.09659691371053,38.392205751564575,XRT,"[0.0, nan, nan]"
1077,1077,2010-11-01,2010-11-01 09:30:00,2010-11-01 09:34:00,2010-11-01 09:36:00,B1.4,"(0, 0)",0,,,,,,,,26380.0,,-615.0,566.0,,,False,False,False,False,"(-54.09659691371053, 38.392205751564575)",-54.09659691371053,38.392205751564575,XRT,"[0.0, nan, nan]"
1078,1078,2010-11-01,2010-11-01 15:54:00,2010-11-01 15:57:00,2010-11-01 15:59:00,B1.4,"(0, 0)",0,,,,,,,,26390.0,,920.0,327.0,,,False,False,False,False,"(nan, nan)",,,XRT,"[0.0, nan, nan]"
1079,1079,2010-11-02,2010-11-02 07:26:00,2010-11-02 07:31:00,2010-11-02 07:36:00,B1.9,"(0, 0)",11117,,,,,,,,26400.0,,907.0,321.0,11117.0,,False,False,False,False,"(85.35371273936066, 19.78773062820744)",85.35371273936066,19.78773062820744,XRT,"[11117.0, nan, 11117.0]"
1080,1080,2010-11-02,2010-11-02 10:00:00,2010-11-02 10:05:00,2010-11-02 10:08:00,B3.3,"(0, 0)",1117,,,,,,,,26410.0,,-495.0,569.0,11117.0,,False,False,False,False,"(-41.205731779071016, 39.19240722955923)",-41.205731779071016,39.19240722955923,XRT,"[1117.0, nan, 11117.0]"
1081,1081,2010-11-02,2010-11-02 10:00:00,2010-11-02 10:05:00,2010-11-02 10:08:00,B3.3,"(0, 0)",11117,,,,,,,,26410.0,,-495.0,569.0,11117.0,,False,False,False,False,"(-41.205731779071016, 39.19240722955923)",-41.205731779071016,39.19240722955923,XRT,"[11117.0, nan, 11117.0]"
1082,1082,2010-11-03,2010-11-03 00:47:00,2010-11-03 02:09:00,2010-11-03 02:29:00,B2.9,"(0, 0)",0,,,,,,,,26420.0,,-447.0,561.0,,,False,False,False,False,"(-36.22985654246014, 38.758499288005524)",-36.22985654246014,38.758499288005524,XRT,"[0.0, nan, nan]"
1083,1083,2010-11-03,2010-11-03 00:47:00,2010-11-03 02:09:00,2010-11-03 02:29:00,B2.9,"(0, 0)",0,,,,,,,,26420.0,,-447.0,561.0,,,False,False,False,False,"(-36.22985654246014, 38.758499288005524)",-36.22985654246014,38.758499288005524,XRT,"[0.0, nan, nan]"
1084,1084,2010-11-03,2010-11-03 05:54:00,2010-11-03 06:11:00,2010-11-03 06:26:00,C3.8,"(0, 0)",0,,,,,,,,26430.0,,-923.0,-334.0,,,False,False,False,False,"(nan, nan)",,,XRT,"[0.0, nan, nan]"
1085,1085,2010-11-03,2010-11-03 12:07:00,2010-11-03 12:21:00,2010-11-03 12:33:00,C4.9,"(0, 0)",0,,,,,,,,26440.0,,-920.0,-357.0,,,False,False,False,False,"(nan, nan)",,,XRT,"[0.0, nan, nan]"
1086,1086,2010-11-03,2010-11-03 12:43:00,2010-11-03 13:08:00,2010-11-03 13:51:00,C3.4,"(0, 0)",0,,,,,,,,26450.0,,-936.0,-311.0,11121.0,,False,False,False,False,"(nan, nan)",,,XRT,"[0.0, nan, 11121.0]"
1087,1087,2010-11-03,2010-11-03 12:43:00,2010-11-03 13:08:00,2010-11-03 13:51:00,C3.4,"(0, 0)",11121,,,,,,,,26450.0,,-936.0,-311.0,11121.0,,False,False,False,False,"(nan, nan)",,,XRT,"[11121.0, nan, 11121.0]"
1088,1088,2010-11-03,2010-11-03 20:41:00,2010-11-03 21:33:00,2010-11-03 22:21:00,B6.5,"(0, 0)",11121,,,,,,,,26460.0,,1028.0,-324.0,11121.0,,False,False,False,False,"(nan, nan)",,,XRT,"[11121.0, nan, 11121.0]"
1089,1089,2010-11-04,2010-11-04 02:34:00,2010-11-04 02:53:00,2010-11-04 03:10:00,C1.0,"(0, 0)",11121,,,,,,,,26470.0,,-910.0,-345.0,11121.0,,False,False,False,False,"(nan, nan)",,,XRT,"[11121.0, nan, 11121.0]"
1090,1090,2010-11-04,2010-11-04 15:55:00,2010-11-04 16:03:00,2010-11-04 16:09:00,B6.0,"(0, 0)",0,,,,,,,,,,,,,,False,False,False,False,,,,NoLocation,"[0.0, nan, nan]"
1091,1091,2010-11-04,2010-11-04 15:55:00,2010-11-04 16:03:00,2010-11-04 16:09:00,B6.0,"(0, 0)",0,,,,,,,,,,,,,,False,False,False,False,,,,NoLocation,"[0.0, nan, nan]"
1092,1092,2010-11-04,2010-11-04 15:56:00,2010-11-04 16:03:00,2010-11-04 16:09:00,B6.5,"(0, 0)",11121,,,,,,,,26480.0,,-924.0,-324.0,11121.0,,False,False,False,False,"(nan, nan)",,,XRT,"[11121.0, nan, 11121.0]"
1093,1093,2010-11-04,2010-11-04 18:01:00,2010-11-04 18:10:00,2010-11-04 18:29:00,B2.5,"(0, 0)",11121,,,,,,,,26490.0,,-802.0,122.0,11121.0,,False,False,False,False,"(-56.968644983639365, 9.43105881893873)",-56.968644983639365,9.43105881893873,XRT,"[11121.0, nan, 11121.0]"
1094,1094,2010-11-04,2010-11-04 19:09:00,2010-11-04 19:12:00,2010-11-04 19:20:00,B2.9,"(0, 0)",11121,,,,,,,,26500.0,,-784.0,695.0,11121.0,,False,False,False,False,"(nan, nan)",,,XRT,"[11121.0, nan, 11121.0]"
1095,1095,2010-11-04,2010-11-04 20:55:00,2010-11-04 21:14:00,2010-11-04 21:29:00,B5.5,"(0, 0)",11120,,,,,,,,26510.0,,-33.0,1086.0,11120.0,,False,False,False,False,"(nan, nan)",,,XRT,"[11120.0, nan, 11120.0]"
1096,1096,2010-11-04,2010-11-04 21:58:00,2010-11-04 22:10:00,2010-11-04 22:15:00,B5.8,"(0, 0)",11121,,,,,,,,26520.0,,297.0,158.0,11121.0,,False,False,False,False,"(18.296740017839703, 13.15741192925049)",18.296740017839703,13.15741192925049,XRT,"[11121.0, nan, 11121.0]"
1097,1097,2010-11-04,2010-11-04 23:30:00,2010-11-04 23:58:00,2010-11-05 00:12:00,M1.6,"(-76, -20)",1121,-882.7903507032897,-345.6618758895528,,,,,,26530.0,22.509505923350492,-905.0,-342.0,11121.0,,False,True,True,False,"(-76, -20)",-76.0,-20.0,GOES,"[1121.0, nan, 11121.0]"
1098,1098,2010-11-04,2010-11-04 23:30:00,2010-11-04 23:58:00,2010-11-05 00:12:00,M1.6,"(-76, -20)",11121,-882.7903507032897,-345.6618758895528,,,,,,26530.0,22.509505923350492,-905.0,-342.0,11121.0,,False,True,True,False,"(-76, -20)",-76.0,-20.0,GOES,"[11121.0, nan, 11121.0]"
1099,1099,2010-11-05,2010-11-05 00:48:00,2010-11-05 00:56:00,2010-11-05 01:02:00,C9.7,"(0, 0)",11121,,,,,,,,26540.0,,-903.0,-344.0,11121.0,,False,False,False,False,"(-85.41735726284378, -20.56058920358913)",-85.41735726284378,-20.56058920358913,XRT,"[11121.0, nan, 11121.0]"
1100,1100,2010-11-05,2010-11-05 03:15:00,2010-11-05 03:21:00,2010-11-05 03:29:00,B9.4,"(0, 0)",11121,,,,,,,,26550.0,,-920.0,-306.0,11121.0,,False,False,False,False,"(nan, nan)",,,XRT,"[11121.0, nan, 11121.0]"
1101,1101,2010-11-05,2010-11-05 06:27:00,2010-11-05 06:32:00,2010-11-05 06:38:00,B4.4,"(0, 0)",0,,,,,,,,26560.0,,-876.0,-340.0,11121.0,,False,False,False,False,"(-73.63213429698851, -19.482831290238135)",-73.63213429698851,-19.482831290238135,XRT,"[0.0, nan, 11121.0]"
1102,1102,2010-11-05,2010-11-05 06:27:00,2010-11-05 06:32:00,2010-11-05 06:38:00,B4.4,"(0, 0)",11121,,,,,,,,26560.0,,-876.0,-340.0,11121.0,,False,False,False,False,"(-73.63213429698851, -19.482831290238135)",-73.63213429698851,-19.482831290238135,XRT,"[11121.0, nan, 11121.0]"
1103,1103,2010-11-05,2010-11-05 08:03:00,2010-11-05 08:06:00,2010-11-05 08:09:00,B2.9,"(0, 0)",11121,,,,,,,,26570.0,,-872.0,-347.0,11121.0,,False,False,False,False,"(-73.24737316920323, -19.902137230119788)",-73.24737316920323,-19.902137230119788,XRT,"[11121.0, nan, 11121.0]"
1104,1104,2010-11-05,2010-11-05 08:51:00,2010-11-05 08:54:00,2010-11-05 08:56:00,B2.4,"(0, 0)",11121,,,,,,,,26580.0,,-883.0,-347.0,11121.0,,False,False,False,False,"(-76.19048769909676, -20.105071867301195)",-76.19048769909676,-20.105071867301195,XRT,"[11121.0, nan, 11121.0]"
1105,1105,2010-11-05,2010-11-05 10:21:00,2010-11-05 10:25:00,2010-11-05 10:30:00,B3.1,"(0, 0)",11121,,,,,,,,26590.0,,-42.0,547.0,11121.0,,False,False,False,False,"(-3.155478688114954, 38.217987500816285)",-3.155478688114954,38.217987500816285,XRT,"[11121.0, nan, 11121.0]"
1106,1106,2010-11-05,2010-11-05 11:09:00,2010-11-05 11:12:00,2010-11-05 11:16:00,B2.3,"(0, 0)",11121,,,,,,,,26600.0,,-880.0,-347.0,11121.0,,False,False,False,False,"(-75.31813021293198, -20.046686238711978)",-75.31813021293198,-20.046686238711978,XRT,"[11121.0, nan, 11121.0]"
1107,1107,2010-11-05,2010-11-05 12:43:00,2010-11-05 13:29:00,2010-11-05 14:06:00,M1.0,"(0, 0)",11121,,,,,,,,26610.0,,-878.0,-351.0,11121.0,,False,False,False,False,"(-75.15811599303731, -20.291944981491287)",-75.15811599303731,-20.291944981491287,XRT,"[11121.0, nan, 11121.0]"
1108,1108,2010-11-05,2010-11-05 18:37:00,2010-11-05 18:42:00,2010-11-05 18:48:00,B2.5,"(0, 0)",11121,,,,,,,,26620.0,,-826.0,-357.0,11121.0,,False,False,False,False,"(-65.09947142370129, -20.011113969759144)",-65.09947142370129,-20.011113969759144,XRT,"[11121.0, nan, 11121.0]"
1109,1109,2010-11-05,2010-11-05 20:08:00,2010-11-05 20:14:00,2010-11-05 20:19:00,B6.2,"(-65, -19)",11121,-830.5410568364896,-341.1508693391238,,,,,,26630.0,24.729625507239554,-840.0,-364.0,11121.0,,False,True,True,False,"(-65, -19)",-65.0,-19.0,GOES,"[11121.0, nan, 11121.0]"
1110,1110,2010-11-05,2010-11-05 23:26:00,2010-11-05 23:29:00,2010-11-05 23:32:00,B8.4,"(-62, -19)",11121,-809.3302069040947,-344.049922410297,,,,,,26640.0,22.795374481434067,-822.0,-363.0,11121.0,,False,True,True,False,"(-62, -19)",-62.0,-19.0,GOES,"[11121.0, nan, 11121.0]"
1111,1111,2010-11-05,2010-11-05 23:26:00,2010-11-05 23:29:00,2010-11-05 23:32:00,B8.4,"(-62, -19)",1121,-809.3302069040947,-344.049922410297,,,,,,26640.0,22.795374481434067,-822.0,-363.0,11121.0,,False,True,True,False,"(-62, -19)",-62.0,-19.0,GOES,"[1121.0, nan, 11121.0]"
1112,1112,2010-11-06,2010-11-06 02:16:00,2010-11-06 02:38:00,2010-11-06 02:50:00,C2.0,"(0, 0)",11121,,,,,,,,26650.0,,-21.0,1087.0,11121.0,,False,False,False,False,"(nan, nan)",,,XRT,"[11121.0, nan, 11121.0]"
1113,1113,2010-11-06,2010-11-06 04:12:00,2010-11-06 04:21:00,2010-11-06 04:31:00,B6.0,"(0, 0)",11121,,,,,,,,26660.0,,-837.0,-320.0,11121.0,,False,False,False,False,"(-64.99993834200512, -17.67963679203458)",-64.99993834200512,-17.67963679203458,XRT,"[11121.0, nan, 11121.0]"
1114,1114,2010-11-06,2010-11-06 04:12:00,2010-11-06 04:21:00,2010-11-06 04:31:00,B6.0,"(0, 0)",1121,,,,,,,,26660.0,,-837.0,-320.0,11121.0,,False,False,False,False,"(-64.99993834200512, -17.67963679203458)",-64.99993834200512,-17.67963679203458,XRT,"[1121.0, nan, 11121.0]"
1115,1115,2010-11-06,2010-11-06 04:38:00,2010-11-06 04:47:00,2010-11-06 04:57:00,C4.5,"(0, 0)",11121,,,,,,,,26670.0,,-807.0,-411.0,11121.0,,False,False,False,False,"(-65.24532305516209, -23.522826625362413)",-65.24532305516209,-23.522826625362413,XRT,"[11121.0, nan, 11121.0]"
1116,1116,2010-11-06,2010-11-06 04:38:00,2010-11-06 04:47:00,2010-11-06 04:57:00,C4.5,"(0, 0)",1121,,,,,,,,26670.0,,-807.0,-411.0,11121.0,,False,False,False,False,"(-65.24532305516209, -23.522826625362413)",-65.24532305516209,-23.522826625362413,XRT,"[1121.0, nan, 11121.0]"
1117,1117,2010-11-06,2010-11-06 07:56:00,2010-11-06 08:01:00,2010-11-06 08:07:00,B6.8,"(0, 0)",11121,,,,,,,,26680.0,,-810.0,-379.0,11121.0,,False,False,False,False,"(-63.795033953452446, -21.358865200977956)",-63.795033953452446,-21.358865200977956,XRT,"[11121.0, nan, 11121.0]"
1118,1118,2010-11-06,2010-11-06 07:56:00,2010-11-06 08:01:00,2010-11-06 08:07:00,B6.8,"(0, 0)",1121,,,,,,,,26680.0,,-810.0,-379.0,11121.0,,False,False,False,False,"(-63.795033953452446, -21.358865200977956)",-63.795033953452446,-21.358865200977956,XRT,"[1121.0, nan, 11121.0]"
1119,1119,2010-11-06,2010-11-06 08:21:00,2010-11-06 08:32:00,2010-11-06 09:04:00,C1.6,"(0, 0)",1121,,,,,,,,26690.0,,-815.0,-305.0,11121.0,,False,False,False,False,"(-61.247083554512244, -16.51545070312928)",-61.247083554512244,-16.51545070312928,XRT,"[1121.0, nan, 11121.0]"
1120,1120,2010-11-06,2010-11-06 08:21:00,2010-11-06 08:32:00,2010-11-06 09:04:00,C1.6,"(0, 0)",11121,,,,,,,,26690.0,,-815.0,-305.0,11121.0,,False,False,False,False,"(-61.247083554512244, -16.51545070312928)",-61.247083554512244,-16.51545070312928,XRT,"[11121.0, nan, 11121.0]"
1121,1121,2010-11-06,2010-11-06 15:27:00,2010-11-06 15:36:00,2010-11-06 15:44:00,M5.4,"(-58, -19)",11121,-777.6803533874918,-347.3756644815437,,,,,,26700.0,17.63746249319872,-777.0,-365.0,11121.0,,False,True,True,False,"(-58, -19)",-58.0,-19.0,GOES,"[11121.0, nan, 11121.0]"
1122,1122,2010-11-06,2010-11-06 19:06:00,2010-11-06 19:11:00,2010-11-06 19:17:00,C1.4,"(0, 0)",11121,,,,,,,,26710.0,,-788.0,-471.0,11121.0,,False,False,False,False,"(-66.58802144172421, -27.625209105301607)",-66.58802144172421,-27.625209105301607,XRT,"[11121.0, nan, 11121.0]"
1123,1123,2010-11-06,2010-11-06 19:06:00,2010-11-06 19:11:00,2010-11-06 19:17:00,C1.4,"(0, 0)",1121,,,,,,,,26710.0,,-788.0,-471.0,11121.0,,False,False,False,False,"(-66.58802144172421, -27.625209105301607)",-66.58802144172421,-27.625209105301607,XRT,"[1121.0, nan, 11121.0]"
1124,1124,2010-11-06,2010-11-06 23:49:00,2010-11-07 00:05:00,2010-11-07 00:33:00,B8.5,"(0, 0)",11121,,,,,,,,26720.0,,-633.0,-311.0,11121.0,,False,False,False,False,"(-42.68671091974653, -15.925223407247152)",-42.68671091974653,-15.925223407247152,XRT,"[11121.0, nan, 11121.0]"
1125,1125,2010-11-06,2010-11-06 23:49:00,2010-11-07 00:05:00,2010-11-07 00:33:00,B8.5,"(0, 0)",1121,,,,,,,,26720.0,,-633.0,-311.0,11121.0,,False,False,False,False,"(-42.68671091974653, -15.925223407247152)",-42.68671091974653,-15.925223407247152,XRT,"[1121.0, nan, 11121.0]"
1126,1126,2010-11-07,2010-11-07 01:31:00,2010-11-07 01:41:00,2010-11-07 01:52:00,C5.4,"(-53, -22)",11121,-718.4238983849064,-398.2380684073845,,,,,,26730.0,21.7902196021943,-734.0,-383.0,11121.0,,False,True,True,False,"(-53, -22)",-53.0,-22.0,GOES,"[11121.0, nan, 11121.0]"
1127,1127,2010-11-07,2010-11-07 13:12:00,2010-11-07 13:58:00,2010-11-07 14:28:00,B5.2,"(0, 0)",11121,,,,,,,,26740.0,,-660.0,-375.0,11121.0,,False,False,False,False,"(-46.41872966950194, -20.190223359299605)",-46.41872966950194,-20.190223359299605,XRT,"[11121.0, nan, 11121.0]"
1128,1128,2010-11-07,2010-11-07 16:28:00,2010-11-07 16:31:00,2010-11-07 16:38:00,B2.0,"(0, 0)",11121,,,,,,,,26750.0,,-656.0,-350.0,11121.0,,False,False,False,False,"(-45.45846845525813, -18.55739737979922)",-45.45846845525813,-18.55739737979922,XRT,"[11121.0, nan, 11121.0]"
1129,1129,2010-11-07,2010-11-07 18:21:00,2010-11-07 18:29:00,2010-11-07 18:45:00,B3.3,"(0, 0)",11121,,,,,,,,26760.0,,-616.0,-375.0,11121.0,,False,False,False,False,"(-42.46767334595222, -20.016255412854346)",-42.46767334595222,-20.016255412854346,XRT,"[11121.0, nan, 11121.0]"
1130,1130,2010-11-07,2010-11-07 23:55:00,2010-11-07 23:58:00,2010-11-08 00:00:00,B1.7,"(0, 0)",1121,,,,,,,,26770.0,,-567.0,-374.0,11121.0,,False,False,False,False,"(-38.346131518951324, -19.789720426399846)",-38.346131518951324,-19.789720426399846,XRT,"[1121.0, nan, 11121.0]"
1131,1131,2010-11-07,2010-11-07 23:55:00,2010-11-07 23:58:00,2010-11-08 00:00:00,B1.7,"(0, 0)",11121,,,,,,,,26770.0,,-567.0,-374.0,11121.0,,False,False,False,False,"(-38.346131518951324, -19.789720426399846)",-38.346131518951324,-19.789720426399846,XRT,"[11121.0, nan, 11121.0]"
1132,1132,2010-11-08,2010-11-08 02:36:00,2010-11-08 02:39:00,2010-11-08 02:42:00,B1.8,"(0, 0)",1121,,,,,,,,26780.0,,-561.0,-379.0,11121.0,,False,False,False,False,"(-37.95486413584291, -20.102830887566068)",-37.95486413584291,-20.102830887566068,XRT,"[1121.0, nan, 11121.0]"
1133,1133,2010-11-08,2010-11-08 02:36:00,2010-11-08 02:39:00,2010-11-08 02:42:00,B1.8,"(0, 0)",11121,,,,,,,,26780.0,,-561.0,-379.0,11121.0,,False,False,False,False,"(-37.95486413584291, -20.102830887566068)",-37.95486413584291,-20.102830887566068,XRT,"[11121.0, nan, 11121.0]"
1134,1134,2010-11-09,2010-11-09 01:25:00,2010-11-09 01:28:00,2010-11-09 01:31:00,B1.6,"(0, 0)",11121,,,,,,,,26790.0,,-617.0,-425.0,11121.0,,False,False,False,False,"(-43.81493473099624, -23.41518084541636)",-43.81493473099624,-23.41518084541636,XRT,"[11121.0, nan, 11121.0]"
1135,1135,2010-11-09,2010-11-09 05:10:00,2010-11-09 05:15:00,2010-11-09 05:19:00,B1.5,"(0, 0)",11121,,,,,,,,26800.0,,-414.0,-386.0,11121.0,,False,False,False,False,"(-27.00114160683023, -20.260097359454797)",-27.00114160683023,-20.260097359454797,XRT,"[11121.0, nan, 11121.0]"
1136,1136,2010-11-09,2010-11-09 13:55:00,2010-11-09 14:00:00,2010-11-09 14:03:00,B3.0,"(0, 0)",11121,,,,,,,,26810.0,,-256.0,-412.0,11121.0,,False,False,False,False,"(-16.463843569835376, -21.725164859666386)",-16.463843569835376,-21.725164859666386,XRT,"[11121.0, nan, 11121.0]"
1137,1137,2010-11-10,2010-11-10 01:42:00,2010-11-10 01:49:00,2010-11-10 01:53:00,B2.1,"(0, 0)",11121,,,,,,,,26820.0,,-180.0,-402.0,11121.0,,False,False,False,False,"(-11.437892383306291, -21.04820501252505)",-11.437892383306291,-21.04820501252505,XRT,"[11121.0, nan, 11121.0]"
1138,1138,2010-11-10,2010-11-10 02:43:00,2010-11-10 02:46:00,2010-11-10 02:59:00,B1.5,"(0, 0)",11121,,,,,,,,26830.0,,-120.0,-403.0,11121.0,,False,False,False,False,"(-7.59798400354822, -21.076797511187642)",-7.59798400354822,-21.076797511187642,XRT,"[11121.0, nan, 11121.0]"
1139,1139,2010-11-10,2010-11-10 03:39:00,2010-11-10 04:06:00,2010-11-10 04:42:00,B6.5,"(0, 0)",1121,,,,,,,,26840.0,,-126.0,-396.0,11121.0,,False,False,False,False,"(-7.95643284953718, -20.633007446839407)",-7.95643284953718,-20.633007446839407,XRT,"[1121.0, nan, 11121.0]"
1140,1140,2010-11-10,2010-11-10 03:39:00,2010-11-10 04:06:00,2010-11-10 04:42:00,B6.5,"(0, 0)",11121,,,,,,,,26840.0,,-126.0,-396.0,11121.0,,False,False,False,False,"(-7.95643284953718, -20.633007446839407)",-7.95643284953718,-20.633007446839407,XRT,"[11121.0, nan, 11121.0]"
1141,1141,2010-11-10,2010-11-10 12:15:00,2010-11-10 12:31:00,2010-11-10 12:47:00,B8.9,"(-24, -22)",11123,-366.7005935620982,-412.2847290150358,,,,,,26850.0,18.097657825877842,-363.0,-430.0,11123.0,,False,True,True,False,"(-24, -22)",-24.0,-22.0,GOES,"[11123.0, nan, 11123.0]"
1142,1142,2010-11-10,2010-11-10 14:11:00,2010-11-10 14:16:00,2010-11-10 14:23:00,B6.0,"(-22, -21)",11123,-340.1012792091351,-397.5046838691938,,,,,,26860.0,2.1588683109861657,-338.0,-398.0,11123.0,,False,True,True,False,"(-22, -21)",-22.0,-21.0,GOES,"[11123.0, nan, 11123.0]"
1143,1143,2010-11-10,2010-11-10 16:34:00,2010-11-10 16:39:00,2010-11-10 16:46:00,B9.0,"(-20, -22)",11123,-308.40330814011395,-413.4524007025902,,,,,,26870.0,10.985027938828473,-314.0,-404.0,11123.0,,False,True,True,False,"(-20, -22)",-20.0,-22.0,GOES,"[11123.0, nan, 11123.0]"
1144,1144,2010-11-10,2010-11-10 17:43:00,2010-11-10 17:46:00,2010-11-10 17:49:00,B2.6,"(-17, -20)",11123,-267.2315459768288,-383.35631139833595,,,,,,26880.0,53.80289086150039,-310.0,-416.0,11123.0,,False,True,True,False,"(-17, -20)",-17.0,-20.0,GOES,"[11123.0, nan, 11123.0]"
1145,1145,2010-11-10,2010-11-10 21:59:00,2010-11-10 22:09:00,2010-11-10 22:33:00,B2.8,"(0, 0)",11123,,,,,,,,26890.0,,-266.0,-406.0,11123.0,,False,False,False,False,"(-17.090921254397415, -21.481274527320338)",-17.090921254397415,-21.481274527320338,XRT,"[11123.0, nan, 11123.0]"
1146,1146,2010-11-10,2010-11-10 22:47:00,2010-11-10 22:55:00,2010-11-10 23:01:00,B6.0,"(-17, -21)",11123,-265.4986917176284,-398.5530179302096,,,,,,26900.0,22.497131608278636,-267.0,-421.0,11123.0,,False,True,True,False,"(-17, -21)",-17.0,-21.0,GOES,"[11123.0, nan, 11123.0]"
1147,1147,2010-11-11,2010-11-11 02:06:00,2010-11-11 02:14:00,2010-11-11 02:28:00,C2.9,"(-16, -24)",11123,-244.91914234030992,-444.4449654297488,,,,,,26910.0,9.091752860104785,-254.0,-444.0,11123.0,,False,True,True,False,"(-16, -24)",-16.0,-24.0,GOES,"[11123.0, nan, 11123.0]"
1148,1148,2010-11-11,2010-11-11 04:38:00,2010-11-11 04:55:00,2010-11-11 05:01:00,B5.3,"(0, 0)",11121,,,,,,,,26920.0,,-212.0,-419.0,11121.0,,False,False,False,False,"(-13.624021934428242, -22.300006722638354)",-13.624021934428242,-22.300006722638354,XRT,"[11121.0, nan, 11121.0]"
1149,1149,2010-11-11,2010-11-11 05:10:00,2010-11-11 05:24:00,2010-11-11 05:39:00,C1.1,"(0, 0)",11121,,,,,,,,26930.0,,-41.0,-424.0,11121.0,,False,False,False,False,"(-2.615082185471124, -22.53394697904645)",-2.615082185471124,-22.53394697904645,XRT,"[11121.0, nan, 11121.0]"
1150,1150,2010-11-11,2010-11-11 07:15:00,2010-11-11 07:24:00,2010-11-11 07:28:00,C4.7,"(-14, -27)",11123,-209.65256996895187,-489.2048050690922,,,,,,26940.0,48.53751442743906,-184.0,-448.0,11123.0,,False,True,True,False,"(-14, -27)",-14.0,-27.0,GOES,"[11123.0, nan, 11123.0]"
1151,1151,2010-11-11,2010-11-11 09:51:00,2010-11-11 10:00:00,2010-11-11 10:10:00,B2.2,"(0, 0)",11123,,,,,,,,26950.0,,-185.0,-410.0,11123.0,,False,False,False,False,"(-11.81060287760647, -21.711079807269204)",-11.81060287760647,-21.711079807269204,XRT,"[11123.0, nan, 11123.0]"
1152,1152,2010-11-11,2010-11-11 10:12:00,2010-11-11 10:16:00,2010-11-11 10:22:00,B4.3,"(0, 0)",11123,,,,,,,,26960.0,,-197.0,-434.0,11123.0,,False,False,False,False,"(-12.737153025623456, -23.294747969680532)",-12.737153025623456,-23.294747969680532,XRT,"[11123.0, nan, 11123.0]"
1153,1153,2010-11-11,2010-11-11 12:42:00,2010-11-11 12:46:00,2010-11-11 12:51:00,B1.7,"(0, 0)",0,,,,,,,,26970.0,,-117.0,-440.0,,,False,False,False,False,"(-7.543701434525872, -23.645873219329278)",-7.543701434525872,-23.645873219329278,XRT,"[0.0, nan, nan]"
1154,1154,2010-11-11,2010-11-11 12:58:00,2010-11-11 13:07:00,2010-11-11 13:12:00,C2.2,"(0, 0)",11123,,,,,,,,26980.0,,-137.0,-451.0,11123.0,,False,False,False,False,"(-8.894785902693911, -24.38874354689864)",-8.894785902693911,-24.38874354689864,XRT,"[11123.0, nan, 11123.0]"
1155,1155,2010-11-11,2010-11-11 15:54:00,2010-11-11 16:16:00,2010-11-11 16:27:00,C4.3,"(-8, -26)",11123,-121.68926601414567,-474.9679358784179,,,,,,26990.0,53.96214846118752,-132.0,-422.0,11123.0,,False,True,True,False,"(-8, -26)",-8.0,-26.0,GOES,"[11123.0, nan, 11123.0]"
1156,1156,2010-11-11,2010-11-11 18:52:00,2010-11-11 19:01:00,2010-11-11 19:05:00,B9.4,"(-28, 14)",11124,-443.1731548474636,187.83052813500697,,,,,,27000.0,18.831324235021,-443.0,169.0,11124.0,,False,True,True,False,"(-28, 14)",-28.0,14.0,GOES,"[11124.0, nan, 11124.0]"
1157,1157,2010-11-11,2010-11-11 19:23:00,2010-11-11 19:30:00,2010-11-11 19:35:00,C1.1,"(-6, -26)",11123,-91.401824333705,-474.9618219777133,,,,,,27010.0,26.99635538122704,-84.0,-449.0,11123.0,,False,True,True,False,"(-6, -26)",-6.0,-26.0,GOES,"[11123.0, nan, 11123.0]"
1158,1158,2010-11-11,2010-11-11 19:23:00,2010-11-11 19:30:00,2010-11-11 19:35:00,C1.1,"(-6, -26)",1123,-91.401824333705,-474.9618219777133,,,,,,27010.0,26.99635538122704,-84.0,-449.0,11123.0,,False,True,True,False,"(-6, -26)",-6.0,-26.0,GOES,"[1123.0, nan, 11123.0]"
1159,1159,2010-11-11,2010-11-11 20:47:00,2010-11-11 20:53:00,2010-11-11 20:57:00,B9.0,"(-27, 14)",11124,-428.58330502407625,187.54589443595208,,,,,,27020.0,19.71586808002123,-426.0,168.0,11124.0,,False,True,True,False,"(-27, 14)",-27.0,14.0,GOES,"[11124.0, nan, 11124.0]"
1160,1160,2010-11-11,2010-11-11 23:57:00,2010-11-12 00:13:00,2010-11-12 00:23:00,B6.0,"(0, 0)",0,,,,,,,,27030.0,,-65.0,-421.0,,,False,False,False,False,"(-4.144041030821143, -22.426691196546876)",-4.144041030821143,-22.426691196546876,XRT,"[0.0, nan, nan]"
1161,1161,2010-11-11,2010-11-11 23:57:00,2010-11-12 00:13:00,2010-11-12 00:23:00,B6.0,"(0, 0)",0,,,,,,,,27030.0,,-65.0,-421.0,,,False,False,False,False,"(-4.144041030821143, -22.426691196546876)",-4.144041030821143,-22.426691196546876,XRT,"[0.0, nan, nan]"
1162,1162,2010-11-12,2010-11-12 01:28:00,2010-11-12 01:34:00,2010-11-12 01:38:00,C4.6,"(-3, -24)",11123,-46.522042226744816,-444.88269899083366,,,,,,27040.0,23.21909357171591,-32.0,-463.0,11123.0,,False,True,True,False,"(-3, -24)",-3.0,-24.0,GOES,"[11123.0, nan, 11123.0]"
1163,1163,2010-11-12,2010-11-12 03:44:00,2010-11-12 03:53:00,2010-11-12 04:08:00,C1.0,"(0, 0)",11123,,,,,,,,27050.0,,-33.0,-402.0,11123.0,,False,False,False,False,"(-2.084412992854027, -21.200739781469505)",-2.084412992854027,-21.200739781469505,XRT,"[11123.0, nan, 11123.0]"
1164,1164,2010-11-12,2010-11-12 05:12:00,2010-11-12 05:21:00,2010-11-12 05:36:00,C1.1,"(0, 0)",11123,,,,,,,,27060.0,,-16.0,-425.0,11123.0,,False,False,False,False,"(-1.0212270322576842, -22.703032639691664)",-1.0212270322576842,-22.703032639691664,XRT,"[11123.0, nan, 11123.0]"
1165,1165,2010-11-12,2010-11-12 07:59:00,2010-11-12 08:11:00,2010-11-12 08:20:00,C1.5,"(0, -22)",11123,0.0,-414.0639175435479,,,,,,27070.0,4.936082456452084,0.0,-419.0,11123.0,,False,True,True,False,"(0, -22)",0.0,-22.0,GOES,"[11123.0, nan, 11123.0]"
1166,1166,2010-11-12,2010-11-12 08:53:00,2010-11-12 09:01:00,2010-11-12 09:06:00,B4.0,"(0, 0)",11123,,,,,,,,27080.0,,35.0,-419.0,11123.0,,False,False,False,False,"(2.228234546558562, -22.32905739006719)",2.228234546558562,-22.32905739006719,XRT,"[11123.0, nan, 11123.0]"
1167,1167,2010-11-12,2010-11-12 08:53:00,2010-11-12 09:01:00,2010-11-12 09:06:00,B4.0,"(0, 0)",1123,,,,,,,,27080.0,,35.0,-419.0,11123.0,,False,False,False,False,"(2.228234546558562, -22.32905739006719)",2.228234546558562,-22.32905739006719,XRT,"[1123.0, nan, 11123.0]"
1168,1168,2010-11-12,2010-11-12 11:03:00,2010-11-12 11:23:00,2010-11-12 11:31:00,B2.1,"(0, 0)",1123,,,,,,,,27090.0,,25.0,-405.0,11123.0,,False,False,False,False,"(1.5812858839178785, -21.427779955314616)",1.5812858839178785,-21.427779955314616,XRT,"[1123.0, nan, 11123.0]"
1169,1169,2010-11-12,2010-11-12 11:03:00,2010-11-12 11:23:00,2010-11-12 11:31:00,B2.1,"(0, 0)",11123,,,,,,,,27090.0,,25.0,-405.0,11123.0,,False,False,False,False,"(1.5812858839178785, -21.427779955314616)",1.5812858839178785,-21.427779955314616,XRT,"[11123.0, nan, 11123.0]"
1170,1170,2010-11-12,2010-11-12 11:43:00,2010-11-12 11:57:00,2010-11-12 12:05:00,B2.2,"(0, 0)",1123,,,,,,,,27100.0,,58.0,-457.0,11123.0,,False,False,False,False,"(3.7663383000642305, -24.855440679848073)",3.7663383000642305,-24.855440679848073,XRT,"[1123.0, nan, 11123.0]"
1171,1171,2010-11-12,2010-11-12 11:43:00,2010-11-12 11:57:00,2010-11-12 12:05:00,B2.2,"(0, 0)",1123,,,,,,,,27100.0,,58.0,-457.0,11123.0,,False,False,False,False,"(3.7663383000642305, -24.855440679848073)",3.7663383000642305,-24.855440679848073,XRT,"[1123.0, nan, 11123.0]"
1172,1172,2010-11-12,2010-11-12 11:43:00,2010-11-12 11:57:00,2010-11-12 12:05:00,B2.2,"(0, 0)",11123,,,,,,,,27100.0,,58.0,-457.0,11123.0,,False,False,False,False,"(3.7663383000642305, -24.855440679848073)",3.7663383000642305,-24.855440679848073,XRT,"[11123.0, nan, 11123.0]"
1173,1173,2010-11-12,2010-11-12 13:40:00,2010-11-12 13:52:00,2010-11-12 14:04:00,C1.5,"(3, -21)",11123,47.553293837666466,-398.1766866215378,,,,,,27110.0,20.97926808730727,45.0,-419.0,11123.0,,False,True,True,False,"(3, -21)",3.0,-21.0,GOES,"[11123.0, nan, 11123.0]"
1174,1174,2010-11-13,2010-11-13 06:11:00,2010-11-13 06:15:00,2010-11-13 06:21:00,B1.5,"(0, 0)",0,,,,,,,,27120.0,,249.0,-404.0,,,False,False,False,False,"(15.968993684168732, -21.57287723699107)",15.968993684168732,-21.57287723699107,XRT,"[0.0, nan, nan]"
1175,1175,2010-11-13,2010-11-13 10:24:00,2010-11-13 10:29:00,2010-11-13 10:34:00,B4.3,"(0, 0)",0,,,,,,,,27130.0,,230.0,-428.0,,,False,False,False,False,"(14.891876339481067, -23.139613545374292)",14.891876339481067,-23.139613545374292,XRT,"[0.0, nan, nan]"
1176,1176,2010-11-13,2010-11-13 10:24:00,2010-11-13 10:29:00,2010-11-13 10:34:00,B4.3,"(0, 0)",0,,,,,,,,27130.0,,230.0,-428.0,,,False,False,False,False,"(14.891876339481067, -23.139613545374292)",14.891876339481067,-23.139613545374292,XRT,"[0.0, nan, nan]"
1177,1177,2010-11-13,2010-11-13 11:28:00,2010-11-13 11:39:00,2010-11-13 11:49:00,C1.3,"(16, -23)",11123,246.93766619299973,-425.5506738292894,,,,,,27140.0,28.094258307661136,225.0,-408.0,11123.0,,False,True,True,False,"(16, -23)",16.0,-23.0,GOES,"[11123.0, nan, 11123.0]"
1178,1178,2010-11-13,2010-11-13 16:01:00,2010-11-13 16:06:00,2010-11-13 16:13:00,B2.0,"(0, 0)",11124,,,,,,,,27150.0,,-41.0,157.0,11124.0,,False,False,False,False,"(-2.4696376936751676, 12.301719804379008)",-2.4696376936751676,12.301719804379008,XRT,"[11124.0, nan, 11124.0]"
1179,1179,2010-11-13,2010-11-13 17:04:00,2010-11-13 17:27:00,2010-11-13 17:36:00,B5.7,"(-13, 18)",11125,-208.30667870678008,252.88531107868496,,,,,,27160.0,15.975307354434946,-210.0,237.0,11125.0,,False,True,True,False,"(-13, 18)",-13.0,18.0,GOES,"[11125.0, nan, 11125.0]"
1180,1180,2010-11-13,2010-11-13 17:04:00,2010-11-13 17:27:00,2010-11-13 17:36:00,B5.7,"(-13, 18)",1125,-208.30667870678008,252.88531107868496,,,,,,27160.0,15.975307354434946,-210.0,237.0,11125.0,,False,True,True,False,"(-13, 18)",-13.0,18.0,GOES,"[1125.0, nan, 11125.0]"
1181,1181,2010-11-13,2010-11-13 17:46:00,2010-11-13 17:50:00,2010-11-13 17:54:00,B2.8,"(-12, 18)",11125,-192.5326563778799,252.7610611190611,,,,,,27170.0,29.493377387047488,-222.0,254.0,11125.0,,False,True,True,False,"(-12, 18)",-12.0,18.0,GOES,"[11125.0, nan, 11125.0]"
1182,1182,2010-11-13,2010-11-13 23:00:00,2010-11-13 23:06:00,2010-11-13 23:15:00,B1.6,"(0, 0)",0,,,,,,,,27180.0,,-170.0,256.0,,,False,False,False,False,"(-10.588880866677698, 18.185411203503755)",-10.588880866677698,18.185411203503755,XRT,"[0.0, nan, nan]"
1183,1183,2010-11-13,2010-11-13 23:50:00,2010-11-14 00:01:00,2010-11-14 00:10:00,C1.1,"(26, -23)",1123,392.6692498896908,-421.6956111214934,,,,,,27190.0,9.7568347211407,383.0,-423.0,11123.0,,False,True,True,False,"(26, -23)",26.0,-23.0,GOES,"[1123.0, nan, 11123.0]"
1184,1184,2010-11-13,2010-11-13 23:50:00,2010-11-14 00:01:00,2010-11-14 00:10:00,C1.1,"(26, -23)",11123,392.6692498896908,-421.6956111214934,,,,,,27190.0,9.7568347211407,383.0,-423.0,11123.0,,False,True,True,False,"(26, -23)",26.0,-23.0,GOES,"[11123.0, nan, 11123.0]"
1185,1185,2010-11-14,2010-11-14 03:08:00,2010-11-14 03:38:00,2010-11-14 03:42:00,B2.0,"(0, 0)",11123,,,,,,,,27200.0,,389.0,-407.0,11123.0,,False,False,False,False,"(25.547177134016845, -22.047181837167784)",25.547177134016845,-22.047181837167784,XRT,"[11123.0, nan, 11123.0]"
1186,1186,2010-11-14,2010-11-14 03:08:00,2010-11-14 03:38:00,2010-11-14 03:42:00,B2.0,"(0, 0)",1123,,,,,,,,27200.0,,389.0,-407.0,11123.0,,False,False,False,False,"(25.547177134016845, -22.047181837167784)",25.547177134016845,-22.047181837167784,XRT,"[1123.0, nan, 11123.0]"
1187,1187,2010-11-14,2010-11-14 05:39:00,2010-11-14 05:42:00,2010-11-14 05:45:00,B1.8,"(0, 0)",11124,,,,,,,,27210.0,,96.0,173.0,11124.0,,False,False,False,False,"(5.810167043347815, 13.177933815759626)",5.810167043347815,13.177933815759626,XRT,"[11124.0, nan, 11124.0]"
1188,1188,2010-11-14,2010-11-14 08:52:00,2010-11-14 08:55:00,2010-11-14 09:05:00,B2.2,"(0, 0)",11124,,,,,,,,27220.0,,125.0,177.0,11124.0,,False,False,False,False,"(7.581011558385107, 13.391032022569224)",7.581011558385107,13.391032022569224,XRT,"[11124.0, nan, 11124.0]"
1189,1189,2010-11-14,2010-11-14 09:08:00,2010-11-14 09:22:00,2010-11-14 09:27:00,B2.6,"(0, 0)",11124,,,,,,,,27230.0,,138.0,158.0,11124.0,,False,False,False,False,"(8.336548083936089, 12.24876922850192)",8.336548083936089,12.24876922850192,XRT,"[11124.0, nan, 11124.0]"
1190,1190,2010-11-14,2010-11-14 10:26:00,2010-11-14 10:30:00,2010-11-14 10:41:00,B3.7,"(0, 0)",11124,,,,,,,,27240.0,,158.0,165.0,11124.0,,False,False,False,False,"(9.570400278470746, 12.651267130153682)",9.570400278470746,12.651267130153682,XRT,"[11124.0, nan, 11124.0]"
1191,1191,2010-11-14,2010-11-14 12:44:00,2010-11-14 12:48:00,2010-11-14 12:51:00,B2.4,"(0, 0)",11124,,,,,,,,27250.0,,152.0,175.0,11124.0,,False,False,False,False,"(9.225542611296266, 13.240389362597755)",9.225542611296266,13.240389362597755,XRT,"[11124.0, nan, 11124.0]"
1192,1192,2010-11-15,2010-11-15 03:03:00,2010-11-15 03:34:00,2010-11-15 04:01:00,B9.2,"(19, 12)",11124,310.15795834535476,157.3338751760934,,,,,,,,,,,,False,False,False,False,"(19, 12)",19.0,12.0,GOES,"[11124.0, nan, nan]"
1193,1193,2010-11-15,2010-11-15 07:28:00,2010-11-15 07:49:00,2010-11-15 08:01:00,C2.3,"(22, 12)",11124,356.8600297167573,158.5333016473871,,,,,,27270.0,11.817992261401688,354.0,170.0,11124.0,,False,True,True,False,"(22, 12)",22.0,12.0,GOES,"[11124.0, nan, 11124.0]"
1194,1194,2010-11-15,2010-11-15 10:32:00,2010-11-15 10:36:00,2010-11-15 10:39:00,B3.1,"(0, 0)",11124,,,,,,,,27280.0,,360.0,179.0,11124.0,,False,False,False,False,"(22.31376879194492, 13.202780852275104)",22.31376879194492,13.202780852275104,XRT,"[11124.0, nan, 11124.0]"
1195,1195,2010-11-15,2010-11-15 11:17:00,2010-11-15 11:54:00,2010-11-15 12:18:00,B9.5,"(0, 0)",11124,,,,,,,,27290.0,,353.0,174.0,11124.0,,False,False,False,False,"(21.829009122564813, 12.906276395750751)",21.829009122564813,12.906276395750751,XRT,"[11124.0, nan, 11124.0]"
1196,1196,2010-11-15,2010-11-15 14:36:00,2010-11-15 14:42:00,2010-11-15 14:48:00,B7.6,"(0, 0)",0,,,,,,,,27300.0,,614.0,-402.0,11123.0,,False,False,False,False,"(43.04507434093415, -22.37586420988724)",43.04507434093415,-22.37586420988724,XRT,"[0.0, nan, 11123.0]"
1197,1197,2010-11-15,2010-11-15 14:36:00,2010-11-15 14:42:00,2010-11-15 14:48:00,B7.6,"(0, 0)",11123,,,,,,,,27300.0,,614.0,-402.0,11123.0,,False,False,False,False,"(43.04507434093415, -22.37586420988724)",43.04507434093415,-22.37586420988724,XRT,"[11123.0, nan, 11123.0]"
1198,1198,2010-11-15,2010-11-15 20:55:00,2010-11-15 20:59:00,2010-11-15 21:02:00,B4.5,"(0, 0)",11126,,,,,,,,27310.0,,-501.0,-567.0,11126.0,,False,False,False,False,"(-38.142257210800324, -33.49435805159145)",-38.142257210800324,-33.49435805159145,XRT,"[11126.0, nan, 11126.0]"
1199,1199,2010-11-15,2010-11-15 22:25:00,2010-11-15 22:30:00,2010-11-15 22:34:00,B8.3,"(0, 0)",0,,,,,,,,27320.0,,-494.0,-566.0,11126.0,,False,False,False,False,"(-37.46907230541393, -33.40526256628681)",-37.46907230541393,-33.40526256628681,XRT,"[0.0, nan, 11126.0]"
1200,1200,2010-11-15,2010-11-15 22:25:00,2010-11-15 22:30:00,2010-11-15 22:34:00,B8.3,"(0, 0)",11126,,,,,,,,27320.0,,-494.0,-566.0,11126.0,,False,False,False,False,"(-37.46907230541393, -33.40526256628681)",-37.46907230541393,-33.40526256628681,XRT,"[11126.0, nan, 11126.0]"
1201,1201,2010-11-16,2010-11-16 00:33:00,2010-11-16 00:38:00,2010-11-16 00:44:00,B4.5,"(0, 0)",11126,,,,,,,,27330.0,,-478.0,-566.0,11126.0,,False,False,False,False,"(-36.03853965965709, -33.367889687563704)",-36.03853965965709,-33.367889687563704,XRT,"[11126.0, nan, 11126.0]"
1202,1202,2010-11-16,2010-11-16 02:58:00,2010-11-16 03:02:00,2010-11-16 03:04:00,B3.8,"(0, 0)",11123,,,,,,,,27340.0,,692.0,-392.0,11123.0,,False,False,False,False,"(50.13860665598262, -22.03038893156179)",50.13860665598262,-22.03038893156179,XRT,"[11123.0, nan, 11123.0]"
1203,1203,2010-11-16,2010-11-16 07:10:00,2010-11-16 07:15:00,2010-11-16 07:20:00,B3.6,"(0, 0)",11126,,,,,,,,27350.0,,-438.0,-572.0,11126.0,,False,False,False,False,"(-32.77082592925859, -33.73232748594778)",-32.77082592925859,-33.73232748594778,XRT,"[11126.0, nan, 11126.0]"
1204,1204,2010-11-16,2010-11-16 22:41:00,2010-11-16 22:55:00,2010-11-16 23:00:00,B3.0,"(0, 0)",0,,,,,,,,27360.0,,625.0,195.0,,,False,False,False,False,"(41.33114913232566, 13.545859231609159)",41.33114913232566,13.545859231609159,XRT,"[0.0, nan, nan]"
1205,1205,2010-11-16,2010-11-16 22:41:00,2010-11-16 22:55:00,2010-11-16 23:00:00,B3.0,"(0, 0)",0,,,,,,,,27360.0,,625.0,195.0,,,False,False,False,False,"(41.33114913232566, 13.545859231609159)",41.33114913232566,13.545859231609159,XRT,"[0.0, nan, nan]"
1206,1206,2010-11-16,2010-11-16 23:32:00,2010-11-16 23:45:00,2010-11-16 23:53:00,B3.0,"(0, 0)",1127,,,,,,,,27370.0,,-837.0,425.0,11127.0,,False,False,False,False,"(-74.67098418063352, 26.675209892504885)",-74.67098418063352,26.675209892504885,XRT,"[1127.0, nan, 11127.0]"
1207,1207,2010-11-16,2010-11-16 23:32:00,2010-11-16 23:45:00,2010-11-16 23:53:00,B3.0,"(0, 0)",11127,,,,,,,,27370.0,,-837.0,425.0,11127.0,,False,False,False,False,"(-74.67098418063352, 26.675209892504885)",-74.67098418063352,26.675209892504885,XRT,"[11127.0, nan, 11127.0]"
1208,1208,2010-11-17,2010-11-17 00:28:00,2010-11-17 00:40:00,2010-11-17 00:47:00,B2.5,"(0, 0)",11124,,,,,,,,27380.0,,-302.0,-574.0,11124.0,,False,False,False,False,"(-21.891265053160225, -33.692190148795596)",-21.891265053160225,-33.692190148795596,XRT,"[11124.0, nan, 11124.0]"
1209,1209,2010-11-17,2010-11-17 04:35:00,2010-11-17 04:38:00,2010-11-17 04:40:00,B7.8,"(0, 0)",11126,,,,,,,,27390.0,,-286.0,-579.0,11126.0,,False,False,False,False,"(-20.767494382480834, -34.05428127768094)",-20.767494382480834,-34.05428127768094,XRT,"[11126.0, nan, 11126.0]"
1210,1210,2010-11-17,2010-11-17 08:07:00,2010-11-17 08:12:00,2010-11-17 08:16:00,B3.4,"(0, 0)",11123,,,,,,,,27400.0,,845.0,-401.0,11123.0,,False,False,False,False,"(71.65887508063405, -23.588128145291257)",71.65887508063405,-23.588128145291257,XRT,"[11123.0, nan, 11123.0]"
1211,1211,2010-11-18,2010-11-18 02:55:00,2010-11-18 02:58:00,2010-11-18 03:01:00,B1.8,"(0, 0)",0,,,,,,,,27420.0,,809.0,208.0,,,False,False,False,False,"(58.861147953776175, 13.65180342774086)",58.861147953776175,13.65180342774086,XRT,"[0.0, nan, nan]"
1212,1212,2010-11-18,2010-11-18 06:48:00,2010-11-18 06:53:00,2010-11-18 06:57:00,B4.0,"(0, 0)",11124,,,,,,,,27430.0,,773.0,258.0,11124.0,,False,False,False,False,"(56.086968201103204, 16.77549785418783)",56.086968201103204,16.77549785418783,XRT,"[11124.0, nan, 11124.0]"
1213,1213,2010-11-18,2010-11-18 06:48:00,2010-11-18 06:53:00,2010-11-18 06:57:00,B4.0,"(0, 0)",1124,,,,,,,,27430.0,,773.0,258.0,11124.0,,False,False,False,False,"(56.086968201103204, 16.77549785418783)",56.086968201103204,16.77549785418783,XRT,"[1124.0, nan, 11124.0]"
1214,1214,2010-11-18,2010-11-18 10:07:00,2010-11-18 10:10:00,2010-11-18 10:13:00,B2.0,"(0, 0)",11124,,,,,,,,27440.0,,849.0,207.0,11124.0,,False,False,False,False,"(63.83146384248062, 13.389192124604488)",63.83146384248062,13.389192124604488,XRT,"[11124.0, nan, 11124.0]"
1215,1215,2010-11-18,2010-11-18 11:37:00,2010-11-18 11:40:00,2010-11-18 11:42:00,B3.3,"(0, 0)",11124,,,,,,,,27450.0,,-74.0,-558.0,11124.0,,False,False,False,False,"(-5.1674442585674, -32.49676197357168)",-5.1674442585674,-32.49676197357168,XRT,"[11124.0, nan, 11124.0]"
1216,1216,2010-11-18,2010-11-18 13:03:00,2010-11-18 13:07:00,2010-11-18 13:15:00,B2.4,"(0, 0)",11126,,,,,,,,27460.0,,866.0,210.0,11126.0,,False,False,False,False,"(66.33646422295014, 13.468782381762486)",66.33646422295014,13.468782381762486,XRT,"[11126.0, nan, 11126.0]"
1217,1217,2010-11-18,2010-11-18 20:47:00,2010-11-18 20:51:00,2010-11-18 20:55:00,B2.5,"(0, 0)",0,,,,,,,,27470.0,,888.0,221.0,,,False,False,False,False,"(70.28726931040595, 13.967137852228635)",70.28726931040595,13.967137852228635,XRT,"[0.0, nan, nan]"
1218,1218,2010-11-19,2010-11-19 06:52:00,2010-11-19 06:57:00,2010-11-19 07:01:00,B2.0,"(0, 0)",0,,,,,,,,27480.0,,-57.0,-630.0,,,False,False,False,False,"(-4.255409441208826, -37.94257098181203)",-4.255409441208826,-37.94257098181203,XRT,"[0.0, nan, nan]"
1219,1219,2010-11-19,2010-11-19 11:52:00,2010-11-19 11:55:00,2010-11-19 11:57:00,B2.0,"(0, 0)",0,,,,,,,,27490.0,,936.0,203.0,,,False,False,False,False,"(80.68045568660426, 12.451710052671032)",80.68045568660426,12.451710052671032,XRT,"[0.0, nan, nan]"
1220,1220,2010-11-20,2010-11-20 04:21:00,2010-11-20 04:28:00,2010-11-20 04:39:00,B2.8,"(0, 0)",11124,,,,,,,,27500.0,,947.0,248.0,11124.0,,False,False,False,False,"(nan, nan)",,,XRT,"[11124.0, nan, 11124.0]"
1221,1221,2010-11-20,2010-11-20 11:30:00,2010-11-20 11:34:00,2010-11-20 11:40:00,B1.8,"(0, 0)",11124,,,,,,,,27510.0,,945.0,233.0,11124.0,,False,False,False,False,"(nan, nan)",,,XRT,"[11124.0, nan, 11124.0]"
1222,1222,2010-11-21,2010-11-21 20:47:00,2010-11-21 20:52:00,2010-11-21 20:55:00,B2.2,"(0, 0)",11124,,,,,,,,27520.0,,944.0,-250.0,11124.0,,False,False,False,False,"(nan, nan)",,,XRT,"[11124.0, nan, 11124.0]"
1223,1223,2010-11-21,2010-11-21 21:50:00,2010-11-21 21:53:00,2010-11-21 21:57:00,B1.5,"(0, 0)",0,,,,,,,,27530.0,,-254.0,-549.0,,,False,False,False,False,"(-17.964600473520363, -32.33784733706129)",-17.964600473520363,-32.33784733706129,XRT,"[0.0, nan, nan]"
1224,1224,2010-11-23,2010-11-23 03:05:00,2010-11-23 03:09:00,2010-11-23 03:18:00,B1.1,"(0, 0)",0,,,,,,,,27540.0,,-965.0,-246.0,,,False,False,False,False,"(nan, nan)",,,XRT,"[0.0, nan, nan]"
1225,1225,2010-11-23,2010-11-23 07:36:00,2010-11-23 07:45:00,2010-11-23 07:54:00,B1.1,"(0, 0)",0,,,,,,,,27550.0,,651.0,92.0,,,False,False,False,False,"(42.26787522758735, 6.802772479693886)",42.26787522758735,6.802772479693886,XRT,"[0.0, nan, nan]"
1226,1226,2010-11-23,2010-11-23 08:59:00,2010-11-23 09:20:00,2010-11-23 09:35:00,B1.3,"(0, 0)",11127,,,,,,,,27560.0,,156.0,340.0,11127.0,,False,False,False,False,"(9.94712791279736, 22.231734114949514)",9.94712791279736,22.231734114949514,XRT,"[11127.0, nan, 11127.0]"
1227,1227,2010-11-23,2010-11-23 08:59:00,2010-11-23 09:20:00,2010-11-23 09:35:00,B1.3,"(0, 0)",1127,,,,,,,,27560.0,,156.0,340.0,11127.0,,False,False,False,False,"(9.94712791279736, 22.231734114949514)",9.94712791279736,22.231734114949514,XRT,"[1127.0, nan, 11127.0]"
1228,1228,2010-11-25,2010-11-25 00:27:00,2010-11-25 00:31:00,2010-11-25 00:35:00,B1.1,"(0, 0)",11128,,,,,,,,27570.0,,414.0,373.0,11128.0,,False,False,False,False,"(27.673153963320722, 23.955908318848678)",27.673153963320722,23.955908318848678,XRT,"[11128.0, nan, 11128.0]"
1229,1229,2010-11-25,2010-11-25 00:46:00,2010-11-25 00:50:00,2010-11-25 00:54:00,B1.4,"(0, 0)",11128,,,,,,,,27580.0,,-915.0,-269.0,11128.0,,False,False,False,False,"(-77.77425657765724, -15.711555817753059)",-77.77425657765724,-15.711555817753059,XRT,"[11128.0, nan, 11128.0]"
1230,1230,2010-11-25,2010-11-25 18:14:00,2010-11-25 19:02:00,2010-11-25 19:23:00,B2.0,"(0, 0)",11127,,,,,,,,27590.0,,531.0,372.0,11127.0,,False,False,False,False,"(36.48143641994226, 23.685533160802652)",36.48143641994226,23.685533160802652,XRT,"[11127.0, nan, 11127.0]"
1231,1231,2010-11-25,2010-11-25 20:59:00,2010-11-25 21:03:00,2010-11-25 21:05:00,B1.2,"(0, 0)",11127,,,,,,,,27600.0,,629.0,383.0,11127.0,,False,False,False,False,"(45.04122866891924, 24.238120230274625)",45.04122866891924,24.238120230274625,XRT,"[11127.0, nan, 11127.0]"
1232,1232,2010-11-25,2010-11-25 21:15:00,2010-11-25 21:30:00,2010-11-25 21:49:00,B2.9,"(0, 0)",11126,,,,,,,,27610.0,,-869.0,-258.0,11126.0,,False,False,False,False,"(-67.39651920000983, -14.776224963005692)",-67.39651920000983,-14.776224963005692,XRT,"[11126.0, nan, 11126.0]"
1233,1233,2010-11-25,2010-11-25 22:32:00,2010-11-25 22:57:00,2010-11-25 23:16:00,B1.9,"(0, 0)",11126,,,,,,,,27620.0,,524.0,413.0,11126.0,,False,False,False,False,"(36.823974171608356, 26.297127171191207)",36.823974171608356,26.297127171191207,XRT,"[11126.0, nan, 11126.0]"
1234,1234,2010-11-25,2010-11-25 22:32:00,2010-11-25 22:57:00,2010-11-25 23:16:00,B1.9,"(0, 0)",1126,,,,,,,,27620.0,,524.0,413.0,11126.0,,False,False,False,False,"(36.823974171608356, 26.297127171191207)",36.823974171608356,26.297127171191207,XRT,"[1126.0, nan, 11126.0]"
1235,1235,2010-11-28,2010-11-28 04:05:00,2010-11-28 04:08:00,2010-11-28 04:10:00,B1.3,"(0, 0)",11129,,,,,,,,27640.0,,-199.0,205.0,11129.0,,False,False,False,False,"(-12.08889157927024, 13.357022246032349)",-12.08889157927024,13.357022246032349,XRT,"[11129.0, nan, 11129.0]"
1236,1236,2010-11-28,2010-11-28 17:19:00,2010-11-28 17:54:00,2010-11-28 18:01:00,B2.5,"(0, 0)",1130,,,,,,,,27660.0,,880.0,393.0,11130.0,,False,False,False,False,"(81.91481587239788, 23.997952478342714)",81.91481587239788,23.997952478342714,XRT,"[1130.0, nan, 11130.0]"
1237,1237,2010-11-28,2010-11-28 17:19:00,2010-11-28 17:54:00,2010-11-28 18:01:00,B2.5,"(0, 0)",11130,,,,,,,,27660.0,,880.0,393.0,11130.0,,False,False,False,False,"(81.91481587239788, 23.997952478342714)",81.91481587239788,23.997952478342714,XRT,"[11130.0, nan, 11130.0]"
1238,1238,2010-11-29,2010-11-29 04:29:00,2010-11-29 04:33:00,2010-11-29 04:43:00,B1.2,"(0, 0)",11130,,,,,,,,27670.0,,21.0,191.0,11130.0,,False,False,False,False,"(1.261252081247772, 12.414458121594357)",1.261252081247772,12.414458121594357,XRT,"[11130.0, nan, 11130.0]"
1239,1239,2010-11-29,2010-11-29 05:25:00,2010-11-29 05:30:00,2010-11-29 05:38:00,B2.4,"(0, 0)",11130,,,,,,,,27680.0,,41.0,202.0,11130.0,,False,False,False,False,"(2.469381521110308, 13.067399716891718)",2.469381521110308,13.067399716891718,XRT,"[11130.0, nan, 11130.0]"
1240,1240,2010-11-29,2010-11-29 09:20:00,2010-11-29 09:23:00,2010-11-29 09:28:00,B1.6,"(0, 0)",11130,,,,,,,,27690.0,,87.0,206.0,11130.0,,False,False,False,False,"(5.250208885990984, 13.283156616647103)",5.250208885990984,13.283156616647103,XRT,"[11130.0, nan, 11130.0]"
1241,1241,2010-11-29,2010-11-29 10:59:00,2010-11-29 11:03:00,2010-11-29 11:06:00,B1.6,"(0, 0)",11130,,,,,,,,27700.0,,51.0,197.0,11130.0,,False,False,False,False,"(3.0680126081280017, 12.737606582899335)",3.0680126081280017,12.737606582899335,XRT,"[11130.0, nan, 11130.0]"
1242,1242,2010-11-29,2010-11-29 13:27:00,2010-11-29 13:39:00,2010-11-29 14:04:00,B1.9,"(0, 0)",11130,,,,,,,,27710.0,,890.0,-434.0,11130.0,,False,False,False,False,"(nan, nan)",,,XRT,"[11130.0, nan, 11130.0]"
1243,1243,2010-11-29,2010-11-29 14:36:00,2010-11-29 14:47:00,2010-11-29 14:52:00,B2.6,"(0, 0)",11130,,,,,,,,27720.0,,139.0,195.0,11130.0,,False,False,False,False,"(8.382957069728327, 12.58841250295102)",8.382957069728327,12.58841250295102,XRT,"[11130.0, nan, 11130.0]"
1244,1244,2010-11-29,2010-11-29 15:26:00,2010-11-29 15:30:00,2010-11-29 15:34:00,B1.9,"(0, 0)",11130,,,,,,,,27730.0,,89.0,213.0,11130.0,,False,False,False,False,"(5.379813220380564, 13.670757853777621)",5.379813220380564,13.670757853777621,XRT,"[11130.0, nan, 11130.0]"
1245,1245,2010-11-30,2010-11-30 01:29:00,2010-11-30 01:34:00,2010-11-30 01:37:00,B3.3,"(0, 0)",0,,,,,,,,27740.0,,-725.0,224.0,,,False,False,False,False,"(-49.980871904124115, 13.939413940807249)",-49.980871904124115,13.939413940807249,XRT,"[0.0, nan, nan]"
1246,1246,2010-11-30,2010-11-30 04:51:00,2010-11-30 04:54:00,2010-11-30 04:58:00,B1.8,"(0, 0)",11130,,,,,,,,27750.0,,225.0,217.0,11130.0,,False,False,False,False,"(13.720226740075946, 13.816910309929687)",13.720226740075946,13.816910309929687,XRT,"[11130.0, nan, 11130.0]"
1247,1247,2010-11-30,2010-11-30 05:29:00,2010-11-30 05:33:00,2010-11-30 05:35:00,B1.8,"(0, 0)",11130,,,,,,,,27760.0,,215.0,220.0,11130.0,,False,False,False,False,"(13.109498356407851, 13.99641894134466)",13.109498356407851,13.99641894134466,XRT,"[11130.0, nan, 11130.0]"
1248,1248,2010-11-30,2010-11-30 08:16:00,2010-11-30 08:38:00,2010-11-30 08:43:00,B2.1,"(0, 0)",11130,,,,,,,,27770.0,,287.0,222.0,11130.0,,False,False,False,False,"(17.63212986569491, 14.081359447264783)",17.63212986569491,14.081359447264783,XRT,"[11130.0, nan, 11130.0]"
1249,1249,2010-11-30,2010-11-30 20:16:00,2010-11-30 20:23:00,2010-11-30 20:29:00,B2.7,"(0, 0)",11130,,,,,,,,27780.0,,356.0,228.0,11130.0,,False,False,False,False,"(22.099111928360475, 14.35997329416425)",22.099111928360475,14.35997329416425,XRT,"[11130.0, nan, 11130.0]"
1250,1250,2010-11-30,2010-11-30 20:36:00,2010-11-30 20:45:00,2010-11-30 20:55:00,B8.1,"(0, 0)",11130,,,,,,,,27790.0,,353.0,218.0,11130.0,,False,False,False,False,"(21.842107429994932, 13.756964021172628)",21.842107429994932,13.756964021172628,XRT,"[11130.0, nan, 11130.0]"
1251,1251,2010-12-01,2010-12-01 00:12:00,2010-12-01 00:16:00,2010-12-01 00:19:00,B2.7,"(0, 0)",11130,,,,,,,,27800.0,,404.0,211.0,11130.0,,False,False,False,False,"(25.151697600225493, 13.29891710644443)",25.151697600225493,13.29891710644443,XRT,"[11130.0, nan, 11130.0]"
1252,1252,2010-12-01,2010-12-01 00:37:00,2010-12-01 00:40:00,2010-12-01 00:43:00,B2.3,"(0, 0)",0,,,,,,,,27810.0,,428.0,210.0,,,False,False,False,False,"(26.75359907870377, 13.226531889150271)",26.75359907870377,13.226531889150271,XRT,"[0.0, nan, nan]"
1253,1253,2010-12-01,2010-12-01 02:41:00,2010-12-01 02:44:00,2010-12-01 02:49:00,B2.4,"(0, 0)",11130,,,,,,,,27820.0,,-843.0,480.0,11130.0,,False,False,False,False,"(-85.364160806695, 29.634186171340605)",-85.364160806695,29.634186171340605,XRT,"[11130.0, nan, 11130.0]"
1254,1254,2010-12-01,2010-12-01 04:53:00,2010-12-01 05:00:00,2010-12-01 05:17:00,B2.6,"(0, 0)",11130,,,,,,,,27830.0,,-821.0,536.0,11130.0,,False,False,False,False,"(nan, nan)",,,XRT,"[11130.0, nan, 11130.0]"
1255,1255,2010-12-01,2010-12-01 06:15:00,2010-12-01 06:22:00,2010-12-01 06:35:00,C1.0,"(0, 0)",11130,,,,,,,,27840.0,,429.0,223.0,11130.0,,False,False,False,False,"(26.91295622424737, 13.980325354615028)",26.91295622424737,13.980325354615028,XRT,"[11130.0, nan, 11130.0]"
1256,1256,2010-12-01,2010-12-01 09:15:00,2010-12-01 09:18:00,2010-12-01 09:21:00,B1.9,"(0, 0)",11130,,,,,,,,27850.0,,427.0,224.0,11130.0,,False,False,False,False,"(26.782694675584615, 14.027300339864647)",26.782694675584615,14.027300339864647,XRT,"[11130.0, nan, 11130.0]"
1257,1257,2010-12-01,2010-12-01 09:51:00,2010-12-01 09:56:00,2010-12-01 10:01:00,B3.7,"(0, 0)",11130,,,,,,,,27860.0,,488.0,222.0,11130.0,,False,False,False,False,"(30.97890418198415, 13.875641666835607)",30.97890418198415,13.875641666835607,XRT,"[11130.0, nan, 11130.0]"
1258,1258,2010-12-01,2010-12-01 11:34:00,2010-12-01 11:48:00,2010-12-01 11:59:00,B3.9,"(0, 0)",11130,,,,,,,,27870.0,,475.0,225.0,11130.0,,False,False,False,False,"(30.09106154069405, 14.054009954438209)",30.09106154069405,14.054009954438209,XRT,"[11130.0, nan, 11130.0]"
1259,1259,2010-12-01,2010-12-01 15:51:00,2010-12-01 15:57:00,2010-12-01 16:02:00,B2.8,"(0, 0)",0,,,,,,,,27880.0,,521.0,222.0,,,False,False,False,False,"(33.329818152946245, 13.831119837743225)",33.329818152946245,13.831119837743225,XRT,"[0.0, nan, nan]"
1260,1260,2010-12-01,2010-12-01 17:45:00,2010-12-01 17:54:00,2010-12-01 18:00:00,B3.6,"(0, 0)",11130,,,,,,,,27890.0,,-831.0,513.0,11130.0,,False,False,False,False,"(nan, nan)",,,XRT,"[11130.0, nan, 11130.0]"
1261,1261,2010-12-01,2010-12-01 18:36:00,2010-12-01 18:45:00,2010-12-01 18:51:00,B6.1,"(0, 0)",11130,,,,,,,,27900.0,,513.0,237.0,11130.0,,False,False,False,False,"(32.899442669004614, 14.727204360177824)",32.899442669004614,14.727204360177824,XRT,"[11130.0, nan, 11130.0]"
1262,1262,2010-12-02,2010-12-02 02:14:00,2010-12-02 02:16:00,2010-12-02 02:17:00,B2.3,"(0, 0)",11131,,,,,,,,27910.0,,-812.0,528.0,11131.0,,False,False,False,False,"(-83.77696798463256, 32.94065961840493)",-83.77696798463256,32.94065961840493,XRT,"[11131.0, nan, 11131.0]"
1263,1263,2010-12-02,2010-12-02 02:56:00,2010-12-02 03:06:00,2010-12-02 03:13:00,B1.7,"(0, 0)",11130,,,,,,,,27920.0,,-871.0,440.0,11130.0,,False,False,False,False,"(nan, nan)",,,XRT,"[11130.0, nan, 11130.0]"
1264,1264,2010-12-02,2010-12-02 12:20:00,2010-12-02 12:24:00,2010-12-02 12:29:00,B2.1,"(0, 0)",11130,,,,,,,,27930.0,,669.0,221.0,11130.0,,False,False,False,False,"(44.841720547851864, 13.595574243852006)",44.841720547851864,13.595574243852006,XRT,"[11130.0, nan, 11130.0]"
1265,1265,2010-12-02,2010-12-02 12:55:00,2010-12-02 12:58:00,2010-12-02 13:03:00,B1.7,"(0, 0)",0,,,,,,,,27940.0,,-780.0,539.0,,,False,False,False,False,"(-74.51468400426171, 33.79543622589993)",-74.51468400426171,33.79543622589993,XRT,"[0.0, nan, nan]"
1266,1266,2010-12-02,2010-12-02 13:05:00,2010-12-02 13:08:00,2010-12-02 13:10:00,B2.7,"(0, 0)",0,,,,,,,,27950.0,,-830.0,459.0,,,False,False,False,False,"(-75.43938523324846, 28.299212490290742)",-75.43938523324846,28.299212490290742,XRT,"[0.0, nan, nan]"
1267,1267,2010-12-02,2010-12-02 22:24:00,2010-12-02 22:28:00,2010-12-02 22:30:00,B2.6,"(0, 0)",0,,,,,,,,27960.0,,767.0,185.0,,,False,False,False,False,"(53.29732111050706, 11.327786518627299)",53.29732111050706,11.327786518627299,XRT,"[0.0, nan, nan]"
1268,1268,2010-12-02,2010-12-02 22:24:00,2010-12-02 22:28:00,2010-12-02 22:30:00,B2.6,"(0, 0)",0,,,,,,,,27960.0,,767.0,185.0,,,False,False,False,False,"(53.29732111050706, 11.327786518627299)",53.29732111050706,11.327786518627299,XRT,"[0.0, nan, nan]"
1269,1269,2010-12-03,2010-12-03 06:51:00,2010-12-03 06:58:00,2010-12-03 07:04:00,B5.3,"(0, 0)",11131,,,,,,,,27970.0,,808.0,180.0,11131.0,,False,False,False,False,"(57.53805035054998, 10.966577543007794)",57.53805035054998,10.966577543007794,XRT,"[11131.0, nan, 11131.0]"
1270,1270,2010-12-03,2010-12-03 06:51:00,2010-12-03 06:58:00,2010-12-03 07:04:00,B5.3,"(0, 0)",1131,,,,,,,,27970.0,,808.0,180.0,11131.0,,False,False,False,False,"(57.53805035054998, 10.966577543007794)",57.53805035054998,10.966577543007794,XRT,"[1131.0, nan, 11131.0]"
1271,1271,2010-12-03,2010-12-03 09:00:00,2010-12-03 09:03:00,2010-12-03 09:05:00,B1.9,"(0, 0)",0,,,,,,,,27980.0,,-708.0,531.0,,,False,False,False,False,"(-60.32807400309241, 33.30285188430779)",-60.32807400309241,33.30285188430779,XRT,"[0.0, nan, nan]"
1272,1272,2010-12-04,2010-12-04 05:01:00,2010-12-04 05:10:00,2010-12-04 05:22:00,B3.1,"(0, 0)",0,,,,,,,,27990.0,,-716.0,410.0,,,False,False,False,False,"(-54.16739403265046, 25.1445730868112)",-54.16739403265046,25.1445730868112,XRT,"[0.0, nan, nan]"
1273,1273,2010-12-04,2010-12-04 13:56:00,2010-12-04 14:01:00,2010-12-04 14:06:00,B1.9,"(0, 0)",11132,,,,,,,,28000.0,,-66.0,183.0,11132.0,,False,False,False,False,"(-3.94643359235954, 11.240365653723092)",-3.94643359235954,11.240365653723092,XRT,"[11132.0, nan, 11132.0]"
1274,1274,2010-12-04,2010-12-04 21:11:00,2010-12-04 21:18:00,2010-12-04 21:21:00,B5.6,"(0, 0)",11132,,,,,,,,28010.0,,0.0,185.0,11132.0,,False,False,False,False,"(0.0, 11.32135871890651)",0.0,11.32135871890651,XRT,"[11132.0, nan, 11132.0]"
1275,1275,2010-12-05,2010-12-05 02:05:00,2010-12-05 02:08:00,2010-12-05 02:11:00,B2.5,"(0, 0)",11132,,,,,,,,28020.0,,49.0,167.0,11132.0,,False,False,False,False,"(2.9187595855491186, 10.222397197402746)",2.9187595855491186,10.222397197402746,XRT,"[11132.0, nan, 11132.0]"
1276,1276,2010-12-05,2010-12-05 04:38:00,2010-12-05 04:41:00,2010-12-05 04:45:00,B1.9,"(0, 0)",0,,,,,,,,28030.0,,938.0,206.0,,,False,False,False,False,"(80.23503161650375, 12.273552150611806)",80.23503161650375,12.273552150611806,XRT,"[0.0, nan, nan]"
1277,1277,2010-12-05,2010-12-05 05:03:00,2010-12-05 05:06:00,2010-12-05 05:10:00,B2.3,"(0, 0)",11131,,,,,,,,28040.0,,-545.0,489.0,11131.0,,False,False,False,False,"(-40.30074744573972, 30.341464757080608)",-40.30074744573972,30.341464757080608,XRT,"[11131.0, nan, 11131.0]"
1278,1278,2010-12-05,2010-12-05 05:24:00,2010-12-05 05:30:00,2010-12-05 05:41:00,B4.2,"(0, 0)",11130,,,,,,,,28050.0,,950.0,167.0,11130.0,,False,False,False,False,"(81.99477683123915, 9.925311407989874)",81.99477683123915,9.925311407989874,XRT,"[11130.0, nan, 11130.0]"
1279,1279,2010-12-05,2010-12-05 06:37:00,2010-12-05 06:41:00,2010-12-05 06:45:00,B2.7,"(0, 0)",1130,,,,,,,,28060.0,,965.0,156.0,11130.0,,False,False,False,False,"(nan, nan)",,,XRT,"[1130.0, nan, 11130.0]"
1280,1280,2010-12-05,2010-12-05 06:37:00,2010-12-05 06:41:00,2010-12-05 06:45:00,B2.7,"(0, 0)",11130,,,,,,,,28060.0,,965.0,156.0,11130.0,,False,False,False,False,"(nan, nan)",,,XRT,"[11130.0, nan, 11130.0]"
1281,1281,2010-12-05,2010-12-05 08:28:00,2010-12-05 08:32:00,2010-12-05 08:35:00,B2.0,"(0, 0)",0,,,,,,,,28070.0,,-528.0,491.0,,,False,False,False,False,"(-38.85660656552875, 30.466123544412525)",-38.85660656552875,30.466123544412525,XRT,"[0.0, nan, nan]"
1282,1282,2010-12-05,2010-12-05 10:57:00,2010-12-05 11:03:00,2010-12-05 11:21:00,B3.0,"(0, 0)",11130,,,,,,,,28080.0,,975.0,171.0,11130.0,,False,False,False,False,"(nan, nan)",,,XRT,"[11130.0, nan, 11130.0]"
1283,1283,2010-12-05,2010-12-05 13:02:00,2010-12-05 13:06:00,2010-12-05 13:08:00,B2.2,"(0, 0)",11131,,,,,,,,28090.0,,957.0,212.0,11131.0,,False,False,False,False,"(nan, nan)",,,XRT,"[11131.0, nan, 11131.0]"
1284,1284,2010-12-05,2010-12-05 13:02:00,2010-12-05 13:06:00,2010-12-05 13:08:00,B2.2,"(0, 0)",1131,,,,,,,,28090.0,,957.0,212.0,11131.0,,False,False,False,False,"(nan, nan)",,,XRT,"[1131.0, nan, 11131.0]"
1285,1285,2010-12-07,2010-12-07 07:19:00,2010-12-07 07:39:00,2010-12-07 07:42:00,B1.9,"(0, 0)",11133,,,,,,,,28110.0,,-681.0,242.0,11133.0,,False,False,False,False,"(-46.048836090282805, 14.417921562922398)",-46.048836090282805,14.417921562922398,XRT,"[11133.0, nan, 11133.0]"
1286,1286,2010-12-07,2010-12-07 07:19:00,2010-12-07 07:39:00,2010-12-07 07:42:00,B1.9,"(0, 0)",1133,,,,,,,,28110.0,,-681.0,242.0,11133.0,,False,False,False,False,"(-46.048836090282805, 14.417921562922398)",-46.048836090282805,14.417921562922398,XRT,"[1133.0, nan, 11133.0]"
1287,1287,2010-12-07,2010-12-07 20:17:00,2010-12-07 20:20:00,2010-12-07 20:23:00,B1.3,"(0, 0)",0,,,,,,,,28120.0,,-140.0,493.0,,,False,False,False,False,"(-9.549675635949654, 30.320419047582472)",-9.549675635949654,30.320419047582472,XRT,"[0.0, nan, nan]"
1288,1288,2010-12-07,2010-12-07 20:17:00,2010-12-07 20:20:00,2010-12-07 20:23:00,B1.3,"(0, 0)",0,,,,,,,,28120.0,,-140.0,493.0,,,False,False,False,False,"(-9.549675635949654, 30.320419047582472)",-9.549675635949654,30.320419047582472,XRT,"[0.0, nan, nan]"
1289,1289,2010-12-08,2010-12-08 05:05:00,2010-12-08 05:08:00,2010-12-08 05:12:00,B1.4,"(0, 0)",1131,,,,,,,,28130.0,,-16.0,540.0,11131.0,,False,False,False,False,"(-1.1249353518128942, 33.52064228496806)",-1.1249353518128942,33.52064228496806,XRT,"[1131.0, nan, 11131.0]"
1290,1290,2010-12-08,2010-12-08 05:05:00,2010-12-08 05:08:00,2010-12-08 05:12:00,B1.4,"(0, 0)",11131,,,,,,,,28130.0,,-16.0,540.0,11131.0,,False,False,False,False,"(-1.1249353518128942, 33.52064228496806)",-1.1249353518128942,33.52064228496806,XRT,"[11131.0, nan, 11131.0]"
1291,1291,2010-12-09,2010-12-09 03:17:00,2010-12-09 03:20:00,2010-12-09 03:24:00,B1.3,"(0, 0)",11131,,,,,,,,28140.0,,128.0,486.0,11131.0,,False,False,False,False,"(8.66574661669613, 29.67601654919066)",8.66574661669613,29.67601654919066,XRT,"[11131.0, nan, 11131.0]"
1292,1292,2010-12-10,2010-12-10 19:09:00,2010-12-10 19:12:00,2010-12-10 19:16:00,B2.4,"(0, 0)",11132,,,,,,,,28150.0,,938.0,164.0,11132.0,,False,False,False,False,"(77.3479969449885, 9.608355048803931)",77.3479969449885,9.608355048803931,XRT,"[11132.0, nan, 11132.0]"
1293,1293,2010-12-11,2010-12-11 11:14:00,2010-12-11 11:17:00,2010-12-11 11:20:00,B4.0,"(0, 0)",11131,,,,,,,,28160.0,,513.0,555.0,11131.0,,False,False,False,False,"(39.45382723044539, 34.28320729132131)",39.45382723044539,34.28320729132131,XRT,"[11131.0, nan, 11131.0]"
1294,1294,2010-12-11,2010-12-11 11:14:00,2010-12-11 11:17:00,2010-12-11 11:20:00,B4.0,"(0, 0)",0,,,,,,,,28160.0,,513.0,555.0,11131.0,,False,False,False,False,"(39.45382723044539, 34.28320729132131)",39.45382723044539,34.28320729132131,XRT,"[0.0, nan, 11131.0]"
1295,1295,2010-12-12,2010-12-12 03:37:00,2010-12-12 06:28:00,2010-12-12 09:06:00,B4.1,"(0, 0)",0,,,,,,,,28190.0,,786.0,-396.0,,,False,False,False,False,"(61.95925456285801, -24.18268535028761)",61.95925456285801,-24.18268535028761,XRT,"[0.0, nan, nan]"
1296,1296,2010-12-12,2010-12-12 03:37:00,2010-12-12 06:28:00,2010-12-12 09:06:00,B4.1,"(0, 0)",0,,,,,,,,28190.0,,786.0,-396.0,,,False,False,False,False,"(61.95925456285801, -24.18268535028761)",61.95925456285801,-24.18268535028761,XRT,"[0.0, nan, nan]"
1297,1297,2010-12-12,2010-12-12 18:43:00,2010-12-12 18:49:00,2010-12-12 18:54:00,B5.9,"(-77, 21)",1133,-887.1101654858794,351.5988303450236,,,,,,28200.0,22.435261738422284,-896.0,331.0,11135.0,,False,True,True,False,"(-77, 21)",-77.0,21.0,GOES,"[1133.0, nan, 11135.0]"
1298,1298,2010-12-12,2010-12-12 18:43:00,2010-12-12 18:49:00,2010-12-12 18:54:00,B5.9,"(-77, 21)",11135,-887.1101654858794,351.5988303450236,,,,,,28200.0,22.435261738422284,-896.0,331.0,11135.0,,False,True,True,False,"(-77, 21)",-77.0,21.0,GOES,"[11135.0, nan, 11135.0]"
1299,1299,2010-12-12,2010-12-12 21:26:00,2010-12-12 21:30:00,2010-12-12 21:35:00,B2.4,"(0, 0)",0,,,,,,,,28210.0,,701.0,492.0,,,False,False,False,False,"(55.91444886421632, 29.913215371921684)",55.91444886421632,29.913215371921684,XRT,"[0.0, nan, nan]"
1300,1300,2010-12-12,2010-12-12 21:26:00,2010-12-12 21:30:00,2010-12-12 21:35:00,B2.4,"(0, 0)",0,,,,,,,,28210.0,,701.0,492.0,,,False,False,False,False,"(55.91444886421632, 29.913215371921684)",55.91444886421632,29.913215371921684,XRT,"[0.0, nan, nan]"
1301,1301,2010-12-13,2010-12-13 13:24:00,2010-12-13 13:30:00,2010-12-13 13:39:00,B2.7,"(0, 0)",0,,,,,,,,28220.0,,-840.0,339.0,11135.0,,False,False,False,False,"(-66.35980866626556, 20.044893930455654)",-66.35980866626556,20.044893930455654,XRT,"[0.0, nan, 11135.0]"
1302,1302,2010-12-13,2010-12-13 13:24:00,2010-12-13 13:30:00,2010-12-13 13:39:00,B2.7,"(0, 0)",11135,,,,,,,,28220.0,,-840.0,339.0,11135.0,,False,False,False,False,"(-66.35980866626556, 20.044893930455654)",-66.35980866626556,20.044893930455654,XRT,"[11135.0, nan, 11135.0]"
1303,1303,2010-12-13,2010-12-13 22:40:00,2010-12-13 22:45:00,2010-12-13 22:47:00,B1.8,"(0, 0)",0,,,,,,,,28230.0,,806.0,510.0,,,False,False,False,False,"(75.3582553886909, 31.34016251024948)",75.3582553886909,31.34016251024948,XRT,"[0.0, nan, nan]"
1304,1304,2010-12-13,2010-12-13 22:40:00,2010-12-13 22:45:00,2010-12-13 22:47:00,B1.8,"(0, 0)",0,,,,,,,,28230.0,,806.0,510.0,,,False,False,False,False,"(75.3582553886909, 31.34016251024948)",75.3582553886909,31.34016251024948,XRT,"[0.0, nan, nan]"
1305,1305,2010-12-14,2010-12-14 15:03:00,2010-12-14 15:50:00,2010-12-14 16:55:00,C2.3,"(55, 16)",11133,769.3095004405008,277.0950090087638,,,,,,28240.0,63.31959184644771,756.0,339.0,11133.0,,False,True,True,False,"(55, 16)",55.0,16.0,GOES,"[11133.0, nan, 11133.0]"
1306,1306,2010-12-14,2010-12-14 15:03:00,2010-12-14 15:50:00,2010-12-14 16:55:00,C2.3,"(55, 16)",1133,769.3095004405008,277.0950090087638,,,,,,28240.0,63.31959184644771,756.0,339.0,11133.0,,False,True,True,False,"(55, 16)",55.0,16.0,GOES,"[1133.0, nan, 11133.0]"
1307,1307,2010-12-15,2010-12-15 04:27:00,2010-12-15 04:35:00,2010-12-15 04:41:00,B5.0,"(0, 0)",11135,,,,,,,,28260.0,,-639.0,352.0,11135.0,,False,False,False,False,"(-44.237418487534796, 20.457440950901155)",-44.237418487534796,20.457440950901155,XRT,"[11135.0, nan, 11135.0]"
1308,1308,2010-12-15,2010-12-15 06:27:00,2010-12-15 06:39:00,2010-12-15 06:50:00,C5.3,"(0, 0)",11135,,,,,,,,28270.0,,-620.0,345.0,11135.0,,False,False,False,False,"(-42.436498217093856, 19.988152281218813)",-42.436498217093856,19.988152281218813,XRT,"[11135.0, nan, 11135.0]"
1309,1309,2010-12-15,2010-12-15 12:05:00,2010-12-15 12:10:00,2010-12-15 12:16:00,B5.8,"(0, 0)",11135,,,,,,,,28280.0,,-593.0,339.0,11135.0,,False,False,False,False,"(-40.05809596167518, 19.562025678345396)",-40.05809596167518,19.562025678345396,XRT,"[11135.0, nan, 11135.0]"
1310,1310,2010-12-15,2010-12-15 14:37:00,2010-12-15 14:40:00,2010-12-15 14:42:00,B2.2,"(0, 0)",1134,,,,,,,,28290.0,,779.0,340.0,11134.0,,False,False,False,False,"(57.984299499254625, 19.862886127962444)",57.984299499254625,19.862886127962444,XRT,"[1134.0, nan, 11134.0]"
1311,1311,2010-12-15,2010-12-15 14:37:00,2010-12-15 14:40:00,2010-12-15 14:42:00,B2.2,"(0, 0)",11134,,,,,,,,28290.0,,779.0,340.0,11134.0,,False,False,False,False,"(57.984299499254625, 19.862886127962444)",57.984299499254625,19.862886127962444,XRT,"[11134.0, nan, 11134.0]"
1312,1312,2010-12-15,2010-12-15 22:20:00,2010-12-15 22:25:00,2010-12-15 22:30:00,B1.6,"(0, 0)",11135,,,,,,,,28300.0,,-521.0,356.0,11135.0,,False,False,False,False,"(-34.6622533477522, 20.52276176247151)",-34.6622533477522,20.52276176247151,XRT,"[11135.0, nan, 11135.0]"
1313,1313,2010-12-15,2010-12-15 23:23:00,2010-12-15 23:29:00,2010-12-15 23:35:00,B3.6,"(0, 0)",11135,,,,,,,,28310.0,,-513.0,377.0,11135.0,,False,False,False,False,"(-34.40493487154458, 21.842873618964735)",-34.40493487154458,21.842873618964735,XRT,"[11135.0, nan, 11135.0]"
1314,1314,2010-12-16,2010-12-16 04:00:00,2010-12-16 04:27:00,2010-12-16 05:30:00,B7.4,"(0, 0)",11135,,,,,,,,,,,,,,False,False,False,False,,,,NoLocation,"[11135.0, nan, nan]"
1315,1315,2010-12-16,2010-12-16 22:25:00,2010-12-16 22:30:00,2010-12-16 22:37:00,B4.9,"(0, 0)",0,,,,,,,,28330.0,,-969.0,105.0,,,False,False,False,False,"(-89.06409154063618, 6.166593907915355)",-89.06409154063618,6.166593907915355,XRT,"[0.0, nan, nan]"
1316,1316,2010-12-16,2010-12-16 23:54:00,2010-12-17 00:02:00,2010-12-17 00:09:00,B4.0,"(0, 0)",0,,,,,,,,28340.0,,-962.0,102.0,,,False,False,False,False,"(-82.5433915885609, 5.857114828745719)",-82.5433915885609,5.857114828745719,XRT,"[0.0, nan, nan]"
1317,1317,2010-12-16,2010-12-16 23:54:00,2010-12-17 00:02:00,2010-12-17 00:09:00,B4.0,"(0, 0)",0,,,,,,,,28340.0,,-962.0,102.0,,,False,False,False,False,"(-82.5433915885609, 5.857114828745719)",-82.5433915885609,5.857114828745719,XRT,"[0.0, nan, nan]"
1318,1318,2010-12-17,2010-12-17 00:21:00,2010-12-17 00:25:00,2010-12-17 00:28:00,B1.8,"(0, 0)",0,,,,,,,,28350.0,,-278.0,349.0,,,False,False,False,False,"(-17.56972607558373, 19.80514814159802)",-17.56972607558373,19.80514814159802,XRT,"[0.0, nan, nan]"
1319,1319,2010-12-17,2010-12-17 04:06:00,2010-12-17 04:12:00,2010-12-17 04:19:00,B3.3,"(0, 0)",0,,,,,,,,28360.0,,-953.0,99.0,,,False,False,False,False,"(-78.97103436363801, 5.6040955372247945)",-78.97103436363801,5.6040955372247945,XRT,"[0.0, nan, nan]"
1320,1320,2010-12-17,2010-12-17 04:06:00,2010-12-17 04:12:00,2010-12-17 04:19:00,B3.3,"(0, 0)",0,,,,,,,,28360.0,,-953.0,99.0,,,False,False,False,False,"(-78.97103436363801, 5.6040955372247945)",-78.97103436363801,5.6040955372247945,XRT,"[0.0, nan, nan]"
1321,1321,2010-12-17,2010-12-17 07:17:00,2010-12-17 07:44:00,2010-12-17 07:59:00,B4.9,"(0, 0)",1135,,,,,,,,28370.0,,-261.0,352.0,11135.0,,False,False,False,False,"(-16.478153897827383, 19.948724102249265)",-16.478153897827383,19.948724102249265,XRT,"[1135.0, nan, 11135.0]"
1322,1322,2010-12-17,2010-12-17 07:17:00,2010-12-17 07:44:00,2010-12-17 07:59:00,B4.9,"(0, 0)",11135,,,,,,,,28370.0,,-261.0,352.0,11135.0,,False,False,False,False,"(-16.478153897827383, 19.948724102249265)",-16.478153897827383,19.948724102249265,XRT,"[11135.0, nan, 11135.0]"
1323,1323,2010-12-17,2010-12-17 09:02:00,2010-12-17 09:06:00,2010-12-17 09:13:00,B2.1,"(0, 0)",11135,,,,,,,,28380.0,,-168.0,344.0,11135.0,,False,False,False,False,"(-10.482862269627276, 19.408979829384148)",-10.482862269627276,19.408979829384148,XRT,"[11135.0, nan, 11135.0]"
1324,1324,2010-12-17,2010-12-17 11:31:00,2010-12-17 11:37:00,2010-12-17 11:41:00,B1.3,"(0, 0)",0,,,,,,,,28390.0,,-953.0,81.0,,,False,False,False,False,"(-78.47031257042153, 4.524187145343688)",-78.47031257042153,4.524187145343688,XRT,"[0.0, nan, nan]"
1325,1325,2010-12-17,2010-12-17 21:53:00,2010-12-17 22:53:00,2010-12-17 23:21:00,B2.4,"(0, 0)",0,,,,,,,,28400.0,,-71.0,338.0,11135.0,,False,False,False,False,"(-4.396893394404003, 18.942846243463134)",-4.396893394404003,18.942846243463134,XRT,"[0.0, nan, 11135.0]"
1326,1326,2010-12-17,2010-12-17 21:53:00,2010-12-17 22:53:00,2010-12-17 23:21:00,B2.4,"(0, 0)",11135,,,,,,,,28400.0,,-71.0,338.0,11135.0,,False,False,False,False,"(-4.396893394404003, 18.942846243463134)",-4.396893394404003,18.942846243463134,XRT,"[11135.0, nan, 11135.0]"
1327,1327,2010-12-19,2010-12-19 04:44:00,2010-12-19 04:55:00,2010-12-19 05:06:00,B1.1,"(0, 0)",11135,,,,,,,,,,,,,,False,False,False,False,,,,NoLocation,"[11135.0, nan, nan]"
1328,1328,2010-12-27,2010-12-27 12:37:00,2010-12-27 12:41:00,2010-12-27 12:44:00,B1.0,"(0, 0)",11138,,,,,,,,28410.0,,-101.0,406.0,11138.0,,False,False,False,False,"(-6.387411924795288, 22.05817159201627)",-6.387411924795288,22.05817159201627,XRT,"[11138.0, nan, 11138.0]"
1329,1329,2010-12-27,2010-12-27 12:37:00,2010-12-27 12:41:00,2010-12-27 12:44:00,B1.0,"(0, 0)",1138,,,,,,,,28410.0,,-101.0,406.0,11138.0,,False,False,False,False,"(-6.387411924795288, 22.05817159201627)",-6.387411924795288,22.05817159201627,XRT,"[1138.0, nan, 11138.0]"
1330,1330,2010-12-27,2010-12-27 14:21:00,2010-12-27 14:24:00,2010-12-27 14:27:00,B1.2,"(0, 0)",11138,,,,,,,,,,,,,,False,False,False,False,,,,NoLocation,"[11138.0, nan, nan]"
1331,1331,2010-12-27,2010-12-27 17:14:00,2010-12-27 17:17:00,2010-12-27 17:19:00,B1.5,"(0, 0)",11138,,,,,,,,28420.0,,-690.0,369.0,11138.0,,False,False,False,False,"(-48.882706216354734, 20.552752905625024)",-48.882706216354734,20.552752905625024,XRT,"[11138.0, nan, 11138.0]"
1332,1332,2010-12-27,2010-12-27 17:14:00,2010-12-27 17:17:00,2010-12-27 17:19:00,B1.5,"(0, 0)",1138,,,,,,,,28420.0,,-690.0,369.0,11138.0,,False,False,False,False,"(-48.882706216354734, 20.552752905625024)",-48.882706216354734,20.552752905625024,XRT,"[1138.0, nan, 11138.0]"
1333,1333,2010-12-27,2010-12-27 18:35:00,2010-12-27 18:39:00,2010-12-27 18:45:00,B1.2,"(0, 0)",1138,,,,,,,,28430.0,,-835.0,-472.0,11138.0,,False,False,False,False,"(-79.07441171390514, -29.41129151956572)",-79.07441171390514,-29.41129151956572,XRT,"[1138.0, nan, 11138.0]"
1334,1334,2010-12-27,2010-12-27 18:35:00,2010-12-27 18:39:00,2010-12-27 18:45:00,B1.2,"(0, 0)",11138,,,,,,,,28430.0,,-835.0,-472.0,11138.0,,False,False,False,False,"(-79.07441171390514, -29.41129151956572)",-79.07441171390514,-29.41129151956572,XRT,"[11138.0, nan, 11138.0]"
1335,1335,2010-12-29,2010-12-29 14:03:00,2010-12-29 14:30:00,2010-12-29 14:47:00,B1.2,"(0, 0)",0,,,,,,,,28440.0,,-844.0,-455.0,,,False,False,False,False,"(-79.12093803534816, -28.319185207338318)",-79.12093803534816,-28.319185207338318,XRT,"[0.0, nan, nan]"
1336,1336,2010-12-29,2010-12-29 14:03:00,2010-12-29 14:30:00,2010-12-29 14:47:00,B1.2,"(0, 0)",0,,,,,,,,28440.0,,-844.0,-455.0,,,False,False,False,False,"(-79.12093803534816, -28.319185207338318)",-79.12093803534816,-28.319185207338318,XRT,"[0.0, nan, nan]"
1337,1337,2010-12-29,2010-12-29 17:37:00,2010-12-29 18:04:00,2010-12-29 18:12:00,B2.1,"(0, 0)",0,,,,,,,,28450.0,,-793.0,553.0,,,False,False,False,False,"(-78.57301998396866, 34.01608614936926)",-78.57301998396866,34.01608614936926,XRT,"[0.0, nan, nan]"
1338,1338,2010-12-29,2010-12-29 17:37:00,2010-12-29 18:04:00,2010-12-29 18:12:00,B2.1,"(0, 0)",0,,,,,,,,28450.0,,-793.0,553.0,,,False,False,False,False,"(-78.57301998396866, 34.01608614936926)",-78.57301998396866,34.01608614936926,XRT,"[0.0, nan, nan]"
1339,1339,2010-12-29,2010-12-29 21:04:00,2010-12-29 21:10:00,2010-12-29 21:15:00,B4.3,"(0, 0)",0,,,,,,,,,,,,,,False,False,False,False,,,,NoLocation,"[0.0, nan, nan]"
1340,1340,2010-12-29,2010-12-29 21:04:00,2010-12-29 21:10:00,2010-12-29 21:15:00,B4.3,"(0, 0)",0,,,,,,,,,,,,,,False,False,False,False,,,,NoLocation,"[0.0, nan, nan]"
1341,1341,2010-12-31,2010-12-31 04:18:00,2010-12-31 04:25:00,2010-12-31 04:32:00,C1.3,"(0, 0)",11138,,,,,,,,28460.0,,804.0,242.0,11138.0,,False,False,False,False,"(57.47602838485896, 12.792302872295656)",57.47602838485896,12.792302872295656,XRT,"[11138.0, nan, 11138.0]"
1342,1342,2010-12-31,2010-12-31 07:33:00,2010-12-31 07:36:00,2010-12-31 07:38:00,B1.5,"(0, 0)",0,,,,,,,,28470.0,,-824.0,484.0,,,False,False,False,False,"(-74.75977194985865, 28.992957009203913)",-74.75977194985865,28.992957009203913,XRT,"[0.0, nan, nan]"
1343,1343,2010-12-31,2010-12-31 07:33:00,2010-12-31 07:36:00,2010-12-31 07:38:00,B1.5,"(0, 0)",0,,,,,,,,28470.0,,-824.0,484.0,,,False,False,False,False,"(-74.75977194985865, 28.992957009203913)",-74.75977194985865,28.992957009203913,XRT,"[0.0, nan, nan]"
1344,1344,2010-12-31,2010-12-31 09:41:00,2010-12-31 09:44:00,2010-12-31 09:49:00,B1.5,"(0, 0)",0,,,,,,,,28480.0,,41.0,591.0,,,False,False,False,False,"(2.9028380218805006, 34.224169688661085)",2.9028380218805006,34.224169688661085,XRT,"[0.0, nan, nan]"
1345,1345,2010-12-31,2010-12-31 19:28:00,2010-12-31 19:34:00,2010-12-31 19:39:00,B9.2,"(0, 0)",11140,,,,,,,,,,,,,,False,False,False,False,,,,NoLocation,"[11140.0, nan, nan]"
1346,1346,2010-12-31,2010-12-31 23:30:00,2010-12-31 23:42:00,2010-12-31 23:57:00,B2.4,"(0, 0)",0,,,,,,,,,,,,,,False,False,False,False,,,,NoLocation,"[0.0, nan, nan]"
