gev_20100121_0021,2010-01-21 00:21:00,2010-01-21 00:26:00,2010-01-21 00:29:00,B7.9,POINT(-80.0 -24.0),0
gev_20100121_0349,2010-01-21 03:49:00,2010-01-21 03:54:00,2010-01-21 03:58:00,C2.3,POINT(-81.0 -25.0),0
gev_20100121_1042,2010-01-21 10:42:00,2010-01-21 10:49:00,2010-01-21 10:53:00,C1.2,POINT(-72.0 -25.0),0
gev_20100122_0257,2010-01-22 02:57:00,2010-01-22 03:01:00,2010-01-22 03:09:00,B1.7,POINT(-39.0 -9.0),0
gev_20100122_1048,2010-01-22 10:48:00,2010-01-22 10:53:00,2010-01-22 10:55:00,B5.6,POINT(-53.0 -23.0),0
gev_20100122_1105,2010-01-22 11:05:00,2010-01-22 11:09:00,2010-01-22 11:18:00,B3.0,POINT(-59.0 -24.0),0
gev_20100122_1548,2010-01-22 15:48:00,2010-01-22 15:55:00,2010-01-22 16:02:00,B3.0,POINT(-53.0 -25.0),0
gev_20100122_1637,2010-01-22 16:37:00,2010-01-22 16:40:00,2010-01-22 16:44:00,B2.1,POINT(-51.0 -25.0),0
gev_20100122_1707,2010-01-22 17:07:00,2010-01-22 17:11:00,2010-01-22 17:14:00,B9.6,POINT(-55.0 -24.0),0
gev_20100122_2018,2010-01-22 20:18:00,2010-01-22 20:22:00,2010-01-22 20:25:00,B1.3,POINT(-54.0 -24.0),0
gev_20100123_0011,2010-01-23 00:11:00,2010-01-23 00:21:00,2010-01-23 00:28:00,B2.3,POINT(-49.0 -25.0),0
gev_20100123_0538,2010-01-23 05:38:00,2010-01-23 05:44:00,2010-01-23 05:49:00,B2.4,POINT(32.0 20.0),0
gev_20100123_0632,2010-01-23 06:32:00,2010-01-23 06:36:00,2010-01-23 06:44:00,B1.9,POINT(31.0 23.0),0
gev_20100123_0742,2010-01-23 07:42:00,2010-01-23 07:48:00,2010-01-23 07:54:00,B4.4,POINT(-47.0 -25.0),0
gev_20100123_1322,2010-01-23 13:22:00,2010-01-23 13:31:00,2010-01-23 13:38:00,B2.2,POINT(-44.0 -25.0),0
gev_20100123_1608,2010-01-23 16:08:00,2010-01-23 16:12:00,2010-01-23 16:17:00,B3.8,POINT(-43.0 -26.0),0
gev_20100123_2101,2010-01-23 21:01:00,2010-01-23 21:06:00,2010-01-23 21:11:00,B2.5,POINT(-46.0 -27.0),0
gev_20100123_2147,2010-01-23 21:47:00,2010-01-23 21:52:00,2010-01-23 21:58:00,B2.5,POINT(41.0 20.0),0
gev_20100124_0052,2010-01-24 00:52:00,2010-01-24 01:04:00,2010-01-24 01:10:00,B2.1,POINT(43.0 20.0),0
gev_20100124_1231,2010-01-24 12:31:00,2010-01-24 12:45:00,2010-01-24 12:58:00,B3.1,POINT(-29.0 -26.0),0
gev_20100124_2037,2010-01-24 20:37:00,2010-01-24 20:51:00,2010-01-24 21:05:00,B2.0,POINT(-73.0 -22.0),0
gev_20100126_0048,2010-01-26 00:48:00,2010-01-26 00:54:00,2010-01-26 01:05:00,B2.9,POINT(-9.0 -22.0),0
gev_20100126_0245,2010-01-26 02:45:00,2010-01-26 02:52:00,2010-01-26 03:00:00,B1.5,POINT(87.0 23.0),0
gev_20100126_0303,2010-01-26 03:03:00,2010-01-26 03:06:00,2010-01-26 03:09:00,B1.4,POINT(-16.0 -26.0),0
gev_20100126_1701,2010-01-26 17:01:00,2010-01-26 17:05:00,2010-01-26 17:08:00,B3.2,POINT(72.0 19.0),0
gev_20100126_1740,2010-01-26 17:40:00,2010-01-26 17:51:00,2010-01-26 17:58:00,B6.7,POINT(-7.0 -27.0),0
gev_20100126_2050,2010-01-26 20:50:00,2010-01-26 20:56:00,2010-01-26 21:07:00,B4.6,POINT(-5.0 -27.0),0
gev_20100126_2118,2010-01-26 21:18:00,2010-01-26 21:31:00,2010-01-26 21:36:00,B4.8,POINT(87.0 24.0),0
gev_20100126_2146,2010-01-26 21:46:00,2010-01-26 21:51:00,2010-01-26 21:56:00,B6.3,POINT(83.0 24.0),0
gev_20100126_2252,2010-01-26 22:52:00,2010-01-26 22:59:00,2010-01-26 23:09:00,B2.1,POINT(87.0 24.0),0
gev_20100127_0012,2010-01-27 00:12:00,2010-01-27 00:19:00,2010-01-27 00:26:00,B6.2,POINT(0.0 -27.0),0
gev_20100127_0245,2010-01-27 02:45:00,2010-01-27 02:50:00,2010-01-27 02:53:00,B2.4,POINT(2.0 -28.0),0
gev_20100127_1907,2010-01-27 19:07:00,2010-01-27 19:12:00,2010-01-27 19:30:00,B1.6,POINT(4.0 -20.0),0
gev_20100127_2216,2010-01-27 22:16:00,2010-01-27 22:20:00,2010-01-27 22:27:00,B1.5,POINT(8.0 -18.0),0
gev_20100119_0614,2010-01-19 06:14:00,2010-01-19 06:18:00,2010-01-19 06:36:00,B5.8,POINT(-87.0 -26.0),0
gev_20100119_0703,2010-01-19 07:03:00,2010-01-19 07:11:00,2010-01-19 07:17:00,B8.3,POINT(86.0 27.0),0
gev_20100119_0834,2010-01-19 08:34:00,2010-01-19 08:45:00,2010-01-19 09:14:00,C5.2,POINT(86.0 28.0),0
gev_20100119_1025,2010-01-19 10:25:00,2010-01-19 10:29:00,2010-01-19 10:36:00,C1.1,POINT(-87.0 -25.0),0
gev_20100119_1303,2010-01-19 13:03:00,2010-01-19 13:41:00,2010-01-19 13:50:00,M2.3,POINT(-88.0 -25.0),0
gev_20100119_1532,2010-01-19 15:32:00,2010-01-19 15:36:00,2010-01-19 15:43:00,C2.3,POINT(-88.0 -23.0),0
gev_20100119_1744,2010-01-19 17:44:00,2010-01-19 17:55:00,2010-01-19 18:21:00,C5.1,POINT(-87.0 -25.0),0
gev_20100119_2023,2010-01-19 20:23:00,2010-01-19 20:35:00,2010-01-19 20:46:00,M1.7,POINT(-88.0 -25.0),0
gev_20100119_2223,2010-01-19 22:23:00,2010-01-19 22:33:00,2010-01-19 22:40:00,C4.5,POINT(-88.0 -23.0),0
gev_20100119_2317,2010-01-19 23:17:00,2010-01-19 23:26:00,2010-01-19 23:38:00,C2.2,POINT(-88.0 -24.0),0
gev_20100120_0010,2010-01-20 00:10:00,2010-01-20 00:22:00,2010-01-20 00:30:00,C4.0,POINT(-88.0 -25.0),0
gev_20100120_0247,2010-01-20 02:47:00,2010-01-20 02:53:00,2010-01-20 03:02:00,C1.7,POINT(-87.0 -25.0),0
gev_20100120_0448,2010-01-20 04:48:00,2010-01-20 04:57:00,2010-01-20 05:03:00,C5.0,POINT(-88.0 -25.0),0
gev_20100120_0610,2010-01-20 06:10:00,2010-01-20 06:18:00,2010-01-20 06:28:00,C3.9,POINT(-88.0 -23.0),0
gev_20100120_0645,2010-01-20 06:45:00,2010-01-20 07:27:00,2010-01-20 07:34:00,M1.0,POINT(-88.0 -24.0),0
gev_20100120_0659,2010-01-20 06:59:00,2010-01-20 07:14:00,2010-01-20 07:22:00,C9.7,POINT(-88.0 -24.0),0
gev_20100120_0742,2010-01-20 07:42:00,2010-01-20 07:49:00,2010-01-20 07:53:00,M1.6,POINT(-88.0 -23.0),0
gev_20100120_0913,2010-01-20 09:13:00,2010-01-20 09:29:00,2010-01-20 09:41:00,C3.7,POINT(-88.0 -24.0),0
gev_20100120_1046,2010-01-20 10:46:00,2010-01-20 10:59:00,2010-01-20 11:10:00,M1.8,POINT(-87.0 -25.0),0
gev_20100120_1228,2010-01-20 12:28:00,2010-01-20 12:32:00,2010-01-20 12:36:00,C3.9,POINT(-88.0 -23.0),0
gev_20100120_1319,2010-01-20 13:19:00,2010-01-20 13:25:00,2010-01-20 13:44:00,C1.3,POINT(-88.0 -24.0),0
gev_20100120_1429,2010-01-20 14:29:00,2010-01-20 14:32:00,2010-01-20 14:32:00,B7.9,POINT(-88.0 -24.0),0
gev_20100120_1510,2010-01-20 15:10:00,2010-01-20 15:20:00,2010-01-20 15:28:00,C2.2,POINT(-88.0 -24.0),0
gev_20100120_1543,2010-01-20 15:43:00,2010-01-20 15:46:00,2010-01-20 15:48:00,B9.4,POINT(-82.0 -25.0),0
gev_20100120_1710,2010-01-20 17:10:00,2010-01-20 17:13:00,2010-01-20 17:18:00,B6.9,POINT(-88.0 -23.0),0
gev_20100120_1728,2010-01-20 17:28:00,2010-01-20 17:33:00,2010-01-20 17:35:00,C1.0,POINT(-84.0 -25.0),0
gev_20100120_1750,2010-01-20 17:50:00,2010-01-20 17:55:00,2010-01-20 18:00:00,M3.4,POINT(-88.0 -24.0),0
gev_20100120_2157,2010-01-20 21:57:00,2010-01-20 22:13:00,2010-01-20 22:53:00,B6.7,POINT(-71.0 61.0),0
gev_20100121_0021,2010-01-21 00:21:00,2010-01-21 00:26:00,2010-01-21 00:29:00,B7.9,POINT(-80.0 -24.0),0
gev_20100121_0349,2010-01-21 03:49:00,2010-01-21 03:54:00,2010-01-21 03:58:00,C2.3,POINT(-81.0 -25.0),0
gev_20100121_1042,2010-01-21 10:42:00,2010-01-21 10:49:00,2010-01-21 10:53:00,C1.2,POINT(-72.0 -25.0),0
gev_20100122_0257,2010-01-22 02:57:00,2010-01-22 03:01:00,2010-01-22 03:09:00,B1.7,POINT(-39.0 -9.0),0
gev_20100122_1048,2010-01-22 10:48:00,2010-01-22 10:53:00,2010-01-22 10:55:00,B5.6,POINT(-53.0 -23.0),0
gev_20100122_1105,2010-01-22 11:05:00,2010-01-22 11:09:00,2010-01-22 11:18:00,B3.0,POINT(-59.0 -24.0),0
gev_20100122_1548,2010-01-22 15:48:00,2010-01-22 15:55:00,2010-01-22 16:02:00,B3.0,POINT(-53.0 -25.0),0
gev_20100122_1637,2010-01-22 16:37:00,2010-01-22 16:40:00,2010-01-22 16:44:00,B2.1,POINT(-51.0 -25.0),0
gev_20100122_1707,2010-01-22 17:07:00,2010-01-22 17:11:00,2010-01-22 17:14:00,B9.6,POINT(-55.0 -24.0),0
gev_20100122_2018,2010-01-22 20:18:00,2010-01-22 20:22:00,2010-01-22 20:25:00,B1.3,POINT(-54.0 -24.0),0
gev_20100123_0011,2010-01-23 00:11:00,2010-01-23 00:21:00,2010-01-23 00:28:00,B2.3,POINT(-49.0 -25.0),0
gev_20100123_0538,2010-01-23 05:38:00,2010-01-23 05:44:00,2010-01-23 05:49:00,B2.4,POINT(32.0 20.0),0
gev_20100123_0632,2010-01-23 06:32:00,2010-01-23 06:36:00,2010-01-23 06:44:00,B1.9,POINT(31.0 23.0),0
gev_20100123_0742,2010-01-23 07:42:00,2010-01-23 07:48:00,2010-01-23 07:54:00,B4.4,POINT(-47.0 -25.0),0
gev_20100123_1322,2010-01-23 13:22:00,2010-01-23 13:31:00,2010-01-23 13:38:00,B2.2,POINT(-44.0 -25.0),0
gev_20100123_1608,2010-01-23 16:08:00,2010-01-23 16:12:00,2010-01-23 16:17:00,B3.8,POINT(-43.0 -26.0),0
gev_20100123_2101,2010-01-23 21:01:00,2010-01-23 21:06:00,2010-01-23 21:11:00,B2.5,POINT(-46.0 -27.0),0
gev_20100123_2147,2010-01-23 21:47:00,2010-01-23 21:52:00,2010-01-23 21:58:00,B2.5,POINT(41.0 20.0),0
gev_20100124_0052,2010-01-24 00:52:00,2010-01-24 01:04:00,2010-01-24 01:10:00,B2.1,POINT(43.0 20.0),0
gev_20100124_1231,2010-01-24 12:31:00,2010-01-24 12:36:00,2010-01-24 12:36:00,B3.0,POINT(-30.0 -27.0),0
gev_20100124_2037,2010-01-24 20:37:00,2010-01-24 20:51:00,2010-01-24 21:05:00,B2.0,POINT(-73.0 -22.0),0
gev_20100126_0048,2010-01-26 00:48:00,2010-01-26 00:54:00,2010-01-26 01:05:00,B2.9,POINT(-9.0 -22.0),0
gev_20100126_0245,2010-01-26 02:45:00,2010-01-26 02:52:00,2010-01-26 03:00:00,B1.5,POINT(87.0 23.0),0
gev_20100126_0303,2010-01-26 03:03:00,2010-01-26 03:06:00,2010-01-26 03:09:00,B1.4,POINT(-16.0 -26.0),0
gev_20100126_2118,2010-01-26 21:18:00,2010-01-26 21:26:00,2010-01-26 21:26:00,B4.4,POINT(81.0 21.0),0
gev_20100118_0301,2010-01-18 03:01:00,2010-01-18 03:30:00,2010-01-18 04:05:00,B7.5,POINT(-88.0 -24.0),0
gev_20100118_0532,2010-01-18 05:32:00,2010-01-18 05:54:00,2010-01-18 06:07:00,B8.4,POINT(-88.0 -25.0),0
gev_20100118_1954,2010-01-18 19:54:00,2010-01-18 20:39:00,2010-01-18 21:06:00,C4.9,POINT(-87.0 -29.0),0
gev_20100118_2222,2010-01-18 22:22:00,2010-01-18 22:25:00,2010-01-18 22:28:00,B6.8,POINT(-87.0 -30.0),0
gev_20100119_0614,2010-01-19 06:14:00,2010-01-19 06:18:00,2010-01-19 06:36:00,B5.8,POINT(-87.0 -26.0),0
gev_20100119_0703,2010-01-19 07:03:00,2010-01-19 07:11:00,2010-01-19 07:17:00,B8.3,POINT(86.0 27.0),1040
gev_20100119_0834,2010-01-19 08:34:00,2010-01-19 08:45:00,2010-01-19 09:14:00,C5.2,POINT(86.0 28.0),1040
gev_20100119_1025,2010-01-19 10:25:00,2010-01-19 10:29:00,2010-01-19 10:36:00,C1.1,POINT(-87.0 -25.0),0
gev_20100119_1303,2010-01-19 13:03:00,2010-01-19 13:41:00,2010-01-19 13:50:00,M2.3,POINT(-88.0 -25.0),0
gev_20100119_1532,2010-01-19 15:32:00,2010-01-19 15:36:00,2010-01-19 15:43:00,C2.3,POINT(-88.0 -23.0),0
gev_20100119_1744,2010-01-19 17:44:00,2010-01-19 17:51:00,2010-01-19 17:51:00,C5.1,POINT(-87.0 -25.0),1041
gev_20100119_2023,2010-01-19 20:23:00,2010-01-19 20:35:00,2010-01-19 20:46:00,M1.7,POINT(-88.0 -25.0),1041
gev_20100119_2223,2010-01-19 22:23:00,2010-01-19 22:33:00,2010-01-19 22:40:00,C4.5,POINT(-88.0 -23.0),1041
gev_20100119_2317,2010-01-19 23:17:00,2010-01-19 23:26:00,2010-01-19 23:38:00,C2.2,POINT(-88.0 -24.0),1041
gev_20100120_0010,2010-01-20 00:10:00,2010-01-20 00:22:00,2010-01-20 00:30:00,C4.0,POINT(-88.0 -25.0),1041
gev_20100120_0247,2010-01-20 02:47:00,2010-01-20 02:53:00,2010-01-20 03:02:00,C1.7,POINT(-87.0 -25.0),1041
gev_20100120_0448,2010-01-20 04:48:00,2010-01-20 04:57:00,2010-01-20 05:03:00,C5.0,POINT(-88.0 -25.0),1041
gev_20100120_0610,2010-01-20 06:10:00,2010-01-20 06:18:00,2010-01-20 06:28:00,C3.9,POINT(-88.0 -23.0),1041
gev_20100120_0645,2010-01-20 06:45:00,2010-01-20 07:27:00,2010-01-20 07:34:00,M1.0,POINT(-88.0 -24.0),1041
gev_20100120_0659,2010-01-20 06:59:00,2010-01-20 07:14:00,2010-01-20 07:22:00,C9.7,POINT(-88.0 -24.0),1041
gev_20100120_0742,2010-01-20 07:42:00,2010-01-20 07:49:00,2010-01-20 07:53:00,M1.6,POINT(-88.0 -23.0),1041
gev_20100120_0913,2010-01-20 09:13:00,2010-01-20 09:29:00,2010-01-20 09:41:00,C3.7,POINT(-88.0 -24.0),1041
gev_20100120_1046,2010-01-20 10:46:00,2010-01-20 10:59:00,2010-01-20 11:10:00,M1.8,POINT(-87.0 -25.0),0
gev_20100120_1228,2010-01-20 12:28:00,2010-01-20 12:32:00,2010-01-20 12:36:00,C3.9,POINT(-88.0 -23.0),1041
gev_20100120_1319,2010-01-20 13:19:00,2010-01-20 13:25:00,2010-01-20 13:44:00,C1.3,POINT(-88.0 -24.0),0
gev_20100120_1429,2010-01-20 14:29:00,2010-01-20 14:32:00,2010-01-20 14:32:00,B7.9,POINT(-88.0 -24.0),1041
gev_20100120_1510,2010-01-20 15:10:00,2010-01-20 15:20:00,2010-01-20 15:28:00,C2.2,POINT(-88.0 -24.0),1041
gev_20100120_1543,2010-01-20 15:43:00,2010-01-20 15:46:00,2010-01-20 15:48:00,B9.4,POINT(-82.0 -25.0),1041
gev_20100120_1710,2010-01-20 17:10:00,2010-01-20 17:13:00,2010-01-20 17:18:00,B6.9,POINT(-88.0 -23.0),1041
gev_20100120_1728,2010-01-20 17:28:00,2010-01-20 17:33:00,2010-01-20 17:35:00,C1.0,POINT(-84.0 -25.0),0
gev_20100120_1750,2010-01-20 17:50:00,2010-01-20 17:55:00,2010-01-20 18:00:00,M3.4,POINT(-88.0 -24.0),0
gev_20100120_2157,2010-01-20 21:57:00,2010-01-20 22:13:00,2010-01-20 22:53:00,B6.7,POINT(-71.0 61.0),0
gev_20100121_0021,2010-01-21 00:21:00,2010-01-21 00:26:00,2010-01-21 00:29:00,B7.9,POINT(-80.0 -24.0),1041
gev_20100121_0349,2010-01-21 03:49:00,2010-01-21 03:54:00,2010-01-21 03:58:00,C2.3,POINT(-81.0 -25.0),0
gev_20100121_1042,2010-01-21 10:42:00,2010-01-21 10:49:00,2010-01-21 10:53:00,C1.2,POINT(-72.0 -25.0),0
gev_20100122_0257,2010-01-22 02:57:00,2010-01-22 03:01:00,2010-01-22 03:09:00,B1.7,POINT(-39.0 -9.0),0
gev_20100122_1048,2010-01-22 10:48:00,2010-01-22 10:53:00,2010-01-22 10:55:00,B5.6,POINT(-53.0 -23.0),1041
gev_20100122_1105,2010-01-22 11:05:00,2010-01-22 11:09:00,2010-01-22 11:18:00,B3.0,POINT(-59.0 -24.0),1041
gev_20100122_1548,2010-01-22 15:48:00,2010-01-22 15:55:00,2010-01-22 16:02:00,B3.0,POINT(-53.0 -25.0),1041
gev_20100122_1637,2010-01-22 16:37:00,2010-01-22 16:40:00,2010-01-22 16:44:00,B2.1,POINT(-51.0 -25.0),1041
gev_20100122_1707,2010-01-22 17:07:00,2010-01-22 17:11:00,2010-01-22 17:14:00,B9.6,POINT(-55.0 -24.0),1041
gev_20100122_2018,2010-01-22 20:18:00,2010-01-22 20:22:00,2010-01-22 20:25:00,B1.3,POINT(-54.0 -24.0),0
gev_20100123_0011,2010-01-23 00:11:00,2010-01-23 00:21:00,2010-01-23 00:28:00,B2.3,POINT(-49.0 -25.0),1041
gev_20100123_0538,2010-01-23 05:38:00,2010-01-23 05:44:00,2010-01-23 05:49:00,B2.4,POINT(32.0 20.0),1042
gev_20100123_0632,2010-01-23 06:32:00,2010-01-23 06:36:00,2010-01-23 06:44:00,B1.9,POINT(31.0 23.0),1042
gev_20100123_0742,2010-01-23 07:42:00,2010-01-23 07:48:00,2010-01-23 07:54:00,B4.4,POINT(-47.0 -25.0),1041
gev_20100123_1322,2010-01-23 13:22:00,2010-01-23 13:31:00,2010-01-23 13:38:00,B2.2,POINT(-44.0 -25.0),1041
gev_20100123_1608,2010-01-23 16:08:00,2010-01-23 16:12:00,2010-01-23 16:17:00,B3.8,POINT(-43.0 -26.0),0
gev_20100123_2101,2010-01-23 21:01:00,2010-01-23 21:06:00,2010-01-23 21:11:00,B2.5,POINT(-46.0 -27.0),0
gev_20100123_2147,2010-01-23 21:47:00,2010-01-23 21:52:00,2010-01-23 21:58:00,B2.5,POINT(41.0 20.0),1042
gev_20100124_0052,2010-01-24 00:52:00,2010-01-24 01:04:00,2010-01-24 01:10:00,B2.1,POINT(43.0 20.0),1042
gev_20100124_1231,2010-01-24 12:31:00,2010-01-24 12:36:00,2010-01-24 12:36:00,B3.0,POINT(-30.0 -27.0),1041
gev_20100124_2037,2010-01-24 20:37:00,2010-01-24 20:51:00,2010-01-24 21:05:00,B2.0,POINT(-73.0 -22.0),0
gev_20100117_1938,2010-01-17 19:38:00,2010-01-17 19:43:00,2010-01-17 19:50:00,B4.2,POINT(60.0 20.0),0
gev_20100117_2212,2010-01-17 22:12:00,2010-01-17 22:33:00,2010-01-17 22:41:00,C2.1,POINT(76.0 29.0),1040
gev_20100118_0301,2010-01-18 03:01:00,2010-01-18 03:30:00,2010-01-18 04:05:00,B7.5,POINT(-88.0 -24.0),0
gev_20100118_0532,2010-01-18 05:32:00,2010-01-18 05:54:00,2010-01-18 06:07:00,B8.4,POINT(-88.0 -25.0),0
gev_20100118_1954,2010-01-18 19:54:00,2010-01-18 20:39:00,2010-01-18 21:06:00,C4.9,POINT(-87.0 -29.0),0
gev_20100118_2222,2010-01-18 22:22:00,2010-01-18 22:25:00,2010-01-18 22:28:00,B6.8,POINT(-87.0 -30.0),0
gev_20100119_0614,2010-01-19 06:14:00,2010-01-19 06:18:00,2010-01-19 06:36:00,B5.8,POINT(-87.0 -26.0),0
gev_20100119_0703,2010-01-19 07:03:00,2010-01-19 07:11:00,2010-01-19 07:17:00,B8.3,POINT(86.0 27.0),0
gev_20100119_0834,2010-01-19 08:34:00,2010-01-19 08:45:00,2010-01-19 09:14:00,C5.2,POINT(86.0 28.0),0
gev_20100119_1025,2010-01-19 10:25:00,2010-01-19 10:29:00,2010-01-19 10:36:00,C1.1,POINT(-87.0 -25.0),0
gev_20100119_1303,2010-01-19 13:03:00,2010-01-19 13:41:00,2010-01-19 13:50:00,M2.3,POINT(-88.0 -25.0),0
gev_20100119_1532,2010-01-19 15:32:00,2010-01-19 15:36:00,2010-01-19 15:43:00,C2.3,POINT(-88.0 -23.0),1041
gev_20100119_1744,2010-01-19 17:44:00,2010-01-19 17:51:00,2010-01-19 17:51:00,C5.1,POINT(-87.0 -25.0),1041
gev_20100119_2023,2010-01-19 20:23:00,2010-01-19 20:35:00,2010-01-19 20:46:00,M1.7,POINT(-88.0 -25.0),1041
gev_20100119_2223,2010-01-19 22:23:00,2010-01-19 22:33:00,2010-01-19 22:40:00,C4.5,POINT(-88.0 -23.0),1041
gev_20100119_2317,2010-01-19 23:17:00,2010-01-19 23:26:00,2010-01-19 23:38:00,C2.2,POINT(-88.0 -24.0),1041
gev_20100120_0010,2010-01-20 00:10:00,2010-01-20 00:22:00,2010-01-20 00:30:00,C4.0,POINT(-88.0 -25.0),1041
gev_20100120_0247,2010-01-20 02:47:00,2010-01-20 02:53:00,2010-01-20 03:02:00,C1.7,POINT(-87.0 -25.0),1041
gev_20100120_0448,2010-01-20 04:48:00,2010-01-20 04:57:00,2010-01-20 05:03:00,C5.0,POINT(-88.0 -25.0),1041
gev_20100120_0610,2010-01-20 06:10:00,2010-01-20 06:18:00,2010-01-20 06:28:00,C3.9,POINT(-88.0 -23.0),1041
gev_20100120_0645,2010-01-20 06:45:00,2010-01-20 07:27:00,2010-01-20 07:34:00,M1.0,POINT(-88.0 -24.0),1041
gev_20100120_0659,2010-01-20 06:59:00,2010-01-20 07:14:00,2010-01-20 07:22:00,C9.7,POINT(-88.0 -24.0),1041
gev_20100120_0742,2010-01-20 07:42:00,2010-01-20 07:49:00,2010-01-20 07:53:00,M1.6,POINT(-88.0 -23.0),1041
gev_20100120_0913,2010-01-20 09:13:00,2010-01-20 09:29:00,2010-01-20 09:41:00,C3.7,POINT(-88.0 -24.0),1041
gev_20100120_1046,2010-01-20 10:46:00,2010-01-20 10:59:00,2010-01-20 11:10:00,M1.8,POINT(-87.0 -25.0),1041
gev_20100120_1228,2010-01-20 12:28:00,2010-01-20 12:32:00,2010-01-20 12:36:00,C3.9,POINT(-88.0 -23.0),1041
gev_20100120_1319,2010-01-20 13:19:00,2010-01-20 13:25:00,2010-01-20 13:44:00,C1.3,POINT(-88.0 -24.0),0
gev_20100120_1429,2010-01-20 14:29:00,2010-01-20 14:32:00,2010-01-20 14:32:00,B7.9,POINT(-88.0 -24.0),1041
gev_20100120_1510,2010-01-20 15:10:00,2010-01-20 15:20:00,2010-01-20 15:28:00,C2.2,POINT(-88.0 -24.0),1041
gev_20100120_1543,2010-01-20 15:43:00,2010-01-20 15:46:00,2010-01-20 15:48:00,B9.4,POINT(-82.0 -25.0),1041
gev_20100120_1710,2010-01-20 17:10:00,2010-01-20 17:13:00,2010-01-20 17:18:00,B6.9,POINT(-88.0 -23.0),1041
gev_20100120_1728,2010-01-20 17:28:00,2010-01-20 17:33:00,2010-01-20 17:35:00,C1.0,POINT(-84.0 -25.0),0
gev_20100120_1750,2010-01-20 17:50:00,2010-01-20 17:55:00,2010-01-20 18:00:00,M3.4,POINT(-88.0 -24.0),1041
gev_20100120_2157,2010-01-20 21:57:00,2010-01-20 22:13:00,2010-01-20 22:53:00,B6.7,POINT(-71.0 61.0),0
gev_20100121_0021,2010-01-21 00:21:00,2010-01-21 00:26:00,2010-01-21 00:29:00,B7.9,POINT(-80.0 -24.0),1041
gev_20100121_0349,2010-01-21 03:49:00,2010-01-21 03:54:00,2010-01-21 03:58:00,C2.3,POINT(-81.0 -25.0),1041
gev_20100121_1042,2010-01-21 10:42:00,2010-01-21 10:49:00,2010-01-21 10:53:00,C1.2,POINT(-72.0 -25.0),0
gev_20100122_0257,2010-01-22 02:57:00,2010-01-22 03:01:00,2010-01-22 03:09:00,B1.7,POINT(-39.0 -9.0),0
gev_20100122_1048,2010-01-22 10:48:00,2010-01-22 10:53:00,2010-01-22 10:55:00,B5.6,POINT(-53.0 -23.0),1041
gev_20100122_1105,2010-01-22 11:05:00,2010-01-22 11:09:00,2010-01-22 11:18:00,B3.0,POINT(-59.0 -24.0),1041
gev_20100122_1548,2010-01-22 15:48:00,2010-01-22 15:55:00,2010-01-22 16:02:00,B3.0,POINT(-53.0 -25.0),1041
gev_20100122_1637,2010-01-22 16:37:00,2010-01-22 16:40:00,2010-01-22 16:44:00,B2.1,POINT(-51.0 -25.0),1041
gev_20100122_1707,2010-01-22 17:07:00,2010-01-22 17:11:00,2010-01-22 17:14:00,B9.6,POINT(-55.0 -24.0),1041
gev_20100122_2018,2010-01-22 20:18:00,2010-01-22 20:22:00,2010-01-22 20:25:00,B1.3,POINT(-54.0 -24.0),1041
gev_20100123_0011,2010-01-23 00:11:00,2010-01-23 00:21:00,2010-01-23 00:28:00,B2.3,POINT(-49.0 -25.0),1041
gev_20100123_0538,2010-01-23 05:38:00,2010-01-23 05:44:00,2010-01-23 05:49:00,B2.4,POINT(32.0 20.0),1042
gev_20100123_0632,2010-01-23 06:32:00,2010-01-23 06:36:00,2010-01-23 06:44:00,B1.9,POINT(31.0 23.0),1042
gev_20100123_0742,2010-01-23 07:42:00,2010-01-23 07:48:00,2010-01-23 07:54:00,B4.4,POINT(-47.0 -25.0),1041
gev_20100123_1322,2010-01-23 13:22:00,2010-01-23 13:31:00,2010-01-23 13:38:00,B2.2,POINT(-44.0 -25.0),1041
gev_20100123_1608,2010-01-23 16:08:00,2010-01-23 16:12:00,2010-01-23 16:17:00,B3.8,POINT(-43.0 -26.0),0
gev_20100123_2101,2010-01-23 21:01:00,2010-01-23 21:06:00,2010-01-23 21:11:00,B2.5,POINT(-46.0 -27.0),0
gev_20100123_2147,2010-01-23 21:47:00,2010-01-23 21:52:00,2010-01-23 21:58:00,B2.5,POINT(41.0 20.0),1042
gev_20100124_0052,2010-01-24 00:52:00,2010-01-24 01:04:00,2010-01-24 01:10:00,B2.1,POINT(43.0 20.0),1042
gev_20100115_0722,2010-01-15 07:22:00,2010-01-15 08:41:00,2010-01-15 10:22:00,C1.3,POINT(31.0 31.0),0
gev_20100116_1228,2010-01-16 12:28:00,2010-01-16 12:40:00,2010-01-16 13:00:00,B3.9,POINT(50.0 30.0),0
gev_20100116_1716,2010-01-16 17:16:00,2010-01-16 17:23:00,2010-01-16 17:26:00,B1.9,POINT(49.0 28.0),0
gev_20100116_1827,2010-01-16 18:27:00,2010-01-16 18:30:00,2010-01-16 18:32:00,B3.5,POINT(57.0 25.0),1040
gev_20100116_2052,2010-01-16 20:52:00,2010-01-16 20:57:00,2010-01-16 21:00:00,B1.5,POINT(49.0 28.0),0
gev_20100117_1938,2010-01-17 19:38:00,2010-01-17 19:43:00,2010-01-17 19:50:00,B4.2,POINT(60.0 20.0),1040
gev_20100117_2212,2010-01-17 22:12:00,2010-01-17 22:33:00,2010-01-17 22:41:00,C2.1,POINT(76.0 29.0),1040
gev_20100118_0301,2010-01-18 03:01:00,2010-01-18 03:30:00,2010-01-18 04:05:00,B7.5,POINT(-88.0 -24.0),0
gev_20100118_0532,2010-01-18 05:32:00,2010-01-18 05:54:00,2010-01-18 06:07:00,B8.4,POINT(-88.0 -25.0),0
gev_20100118_1954,2010-01-18 19:54:00,2010-01-18 20:39:00,2010-01-18 21:06:00,C4.9,POINT(-87.0 -29.0),0
gev_20100118_2222,2010-01-18 22:22:00,2010-01-18 22:25:00,2010-01-18 22:28:00,B6.8,POINT(-87.0 -30.0),0
gev_20100119_0614,2010-01-19 06:14:00,2010-01-19 06:18:00,2010-01-19 06:36:00,B5.8,POINT(-87.0 -26.0),0
gev_20100119_0703,2010-01-19 07:03:00,2010-01-19 07:11:00,2010-01-19 07:17:00,B8.3,POINT(86.0 27.0),1040
gev_20100119_0834,2010-01-19 08:34:00,2010-01-19 08:45:00,2010-01-19 09:14:00,C5.2,POINT(86.0 28.0),0
gev_20100119_1025,2010-01-19 10:25:00,2010-01-19 10:29:00,2010-01-19 10:36:00,C1.1,POINT(-87.0 -25.0),0
gev_20100119_1303,2010-01-19 13:03:00,2010-01-19 13:41:00,2010-01-19 13:50:00,M2.3,POINT(-88.0 -25.0),0
gev_20100119_1532,2010-01-19 15:32:00,2010-01-19 15:36:00,2010-01-19 15:43:00,C2.3,POINT(-88.0 -23.0),0
gev_20100119_1744,2010-01-19 17:44:00,2010-01-19 17:55:00,2010-01-19 18:21:00,C5.1,POINT(-87.0 -25.0),1041
gev_20100119_2023,2010-01-19 20:23:00,2010-01-19 20:35:00,2010-01-19 20:46:00,M1.7,POINT(-88.0 -25.0),1041
gev_20100119_2223,2010-01-19 22:23:00,2010-01-19 22:33:00,2010-01-19 22:40:00,C4.5,POINT(-88.0 -23.0),1041
gev_20100119_2317,2010-01-19 23:17:00,2010-01-19 23:26:00,2010-01-19 23:38:00,C2.2,POINT(-88.0 -24.0),1041
gev_20100120_0010,2010-01-20 00:10:00,2010-01-20 00:22:00,2010-01-20 00:30:00,C4.0,POINT(-88.0 -25.0),1041
gev_20100120_0247,2010-01-20 02:47:00,2010-01-20 02:53:00,2010-01-20 03:02:00,C1.7,POINT(-87.0 -25.0),1041
gev_20100120_0448,2010-01-20 04:48:00,2010-01-20 04:57:00,2010-01-20 05:03:00,C5.0,POINT(-88.0 -25.0),1041
gev_20100120_0610,2010-01-20 06:10:00,2010-01-20 06:18:00,2010-01-20 06:28:00,C3.9,POINT(-88.0 -23.0),1041
gev_20100120_0645,2010-01-20 06:45:00,2010-01-20 06:51:00,2010-01-20 06:51:00,C3.1,POINT(-88.0 -23.0),1041
gev_20100120_0659,2010-01-20 06:59:00,2010-01-20 07:14:00,2010-01-20 07:22:00,C9.7,POINT(-88.0 -24.0),1041
gev_20100120_0742,2010-01-20 07:42:00,2010-01-20 07:49:00,2010-01-20 07:53:00,M1.6,POINT(-88.0 -23.0),1041
gev_20100120_0913,2010-01-20 09:13:00,2010-01-20 09:29:00,2010-01-20 09:41:00,C3.7,POINT(-88.0 -24.0),1041
gev_20100120_1046,2010-01-20 10:46:00,2010-01-20 10:59:00,2010-01-20 11:10:00,M1.8,POINT(-87.0 -25.0),1041
gev_20100120_1228,2010-01-20 12:28:00,2010-01-20 12:32:00,2010-01-20 12:36:00,C3.9,POINT(-88.0 -23.0),1041
gev_20100120_1319,2010-01-20 13:19:00,2010-01-20 13:25:00,2010-01-20 13:44:00,C1.3,POINT(-88.0 -24.0),1041
gev_20100120_1429,2010-01-20 14:29:00,2010-01-20 14:41:00,2010-01-20 14:46:00,B9.2,POINT(-88.0 -23.0),1041
gev_20100120_1510,2010-01-20 15:10:00,2010-01-20 15:20:00,2010-01-20 15:28:00,C2.2,POINT(-88.0 -24.0),1041
gev_20100120_1543,2010-01-20 15:43:00,2010-01-20 15:46:00,2010-01-20 15:48:00,B9.4,POINT(-82.0 -25.0),1041
gev_20100120_1710,2010-01-20 17:10:00,2010-01-20 17:13:00,2010-01-20 17:18:00,B6.9,POINT(-88.0 -23.0),1041
gev_20100120_1728,2010-01-20 17:28:00,2010-01-20 17:33:00,2010-01-20 17:35:00,C1.0,POINT(-84.0 -25.0),1041
gev_20100120_1750,2010-01-20 17:50:00,2010-01-20 17:55:00,2010-01-20 18:00:00,M3.4,POINT(-88.0 -24.0),1041
gev_20100120_2157,2010-01-20 21:57:00,2010-01-20 22:03:00,2010-01-20 22:03:00,B6.6,POINT(-79.0 -26.0),0
gev_20100121_0349,2010-01-21 03:49:00,2010-01-21 03:54:00,2010-01-21 03:58:00,C2.3,POINT(-81.0 -25.0),1041
gev_20100121_1042,2010-01-21 10:42:00,2010-01-21 10:49:00,2010-01-21 10:53:00,C1.2,POINT(-72.0 -25.0),1041
gev_20100121_1653,2010-01-21 16:53:00,2010-01-21 17:33:00,2010-01-21 18:31:00,B4.6,POINT(-67.0 -28.0),0
gev_20100122_1637,2010-01-22 16:37:00,2010-01-22 16:40:00,2010-01-22 16:44:00,B2.1,POINT(-51.0 -25.0),1041
gev_20100122_1707,2010-01-22 17:07:00,2010-01-22 17:11:00,2010-01-22 17:14:00,B9.6,POINT(-55.0 -24.0),1041
gev_20100122_2018,2010-01-22 20:18:00,2010-01-22 20:22:00,2010-01-22 20:25:00,B1.3,POINT(-54.0 -24.0),1041
gev_20100123_0011,2010-01-23 00:11:00,2010-01-23 00:21:00,2010-01-23 00:28:00,B2.3,POINT(-49.0 -25.0),1041
gev_20100123_0538,2010-01-23 05:38:00,2010-01-23 05:44:00,2010-01-23 05:49:00,B2.4,POINT(32.0 20.0),1042
gev_20100123_0632,2010-01-23 06:32:00,2010-01-23 06:36:00,2010-01-23 06:44:00,B1.9,POINT(31.0 23.0),1042
gev_20100123_0742,2010-01-23 07:42:00,2010-01-23 07:48:00,2010-01-23 07:54:00,B4.4,POINT(-47.0 -25.0),1041
gev_20100123_1322,2010-01-23 13:22:00,2010-01-23 13:31:00,2010-01-23 13:38:00,B2.2,POINT(-44.0 -25.0),1041
gev_20100115_0722,2010-01-15 07:22:00,2010-01-15 08:41:00,2010-01-15 10:22:00,C1.3,POINT(31.0 31.0),0
gev_20100116_1228,2010-01-16 12:28:00,2010-01-16 12:40:00,2010-01-16 13:00:00,B3.9,POINT(50.0 30.0),0
gev_20100116_1716,2010-01-16 17:16:00,2010-01-16 17:23:00,2010-01-16 17:26:00,B1.9,POINT(49.0 28.0),0
gev_20100116_1827,2010-01-16 18:27:00,2010-01-16 18:30:00,2010-01-16 18:32:00,B3.5,POINT(57.0 25.0),0
gev_20100116_2052,2010-01-16 20:52:00,2010-01-16 20:57:00,2010-01-16 21:00:00,B1.5,POINT(49.0 28.0),0
gev_20100117_1938,2010-01-17 19:38:00,2010-01-17 19:43:00,2010-01-17 19:50:00,B4.2,POINT(60.0 20.0),0
gev_20100117_2212,2010-01-17 22:12:00,2010-01-17 22:33:00,2010-01-17 22:41:00,C2.1,POINT(76.0 29.0),0
gev_20100118_0301,2010-01-18 03:01:00,2010-01-18 03:30:00,2010-01-18 04:05:00,B7.5,POINT(-88.0 -24.0),0
gev_20100118_0532,2010-01-18 05:32:00,2010-01-18 05:54:00,2010-01-18 06:07:00,B8.4,POINT(-88.0 -25.0),0
gev_20100118_1954,2010-01-18 19:54:00,2010-01-18 20:39:00,2010-01-18 21:06:00,C4.9,POINT(-87.0 -29.0),0
gev_20100118_2222,2010-01-18 22:22:00,2010-01-18 22:25:00,2010-01-18 22:28:00,B6.8,POINT(-87.0 -30.0),0
gev_20100119_0614,2010-01-19 06:14:00,2010-01-19 06:18:00,2010-01-19 06:36:00,B5.8,POINT(-87.0 -26.0),0
gev_20100119_0703,2010-01-19 07:03:00,2010-01-19 07:11:00,2010-01-19 07:17:00,B8.3,POINT(86.0 27.0),0
gev_20100119_0834,2010-01-19 08:34:00,2010-01-19 08:45:00,2010-01-19 09:14:00,C5.2,POINT(86.0 28.0),0
gev_20100119_1025,2010-01-19 10:25:00,2010-01-19 10:29:00,2010-01-19 10:36:00,C1.1,POINT(-87.0 -25.0),0
gev_20100119_1303,2010-01-19 13:03:00,2010-01-19 13:41:00,2010-01-19 13:50:00,M2.3,POINT(-88.0 -25.0),0
gev_20100119_1532,2010-01-19 15:32:00,2010-01-19 15:36:00,2010-01-19 15:43:00,C2.3,POINT(-88.0 -23.0),0
gev_20100119_1744,2010-01-19 17:44:00,2010-01-19 17:55:00,2010-01-19 18:21:00,C5.1,POINT(-87.0 -25.0),0
gev_20100119_2023,2010-01-19 20:23:00,2010-01-19 20:35:00,2010-01-19 20:46:00,M1.7,POINT(-88.0 -25.0),0
gev_20100119_2223,2010-01-19 22:23:00,2010-01-19 22:33:00,2010-01-19 22:40:00,C4.5,POINT(-88.0 -23.0),0
gev_20100119_2317,2010-01-19 23:17:00,2010-01-19 23:26:00,2010-01-19 23:38:00,C2.2,POINT(-88.0 -24.0),0
gev_20100120_0010,2010-01-20 00:10:00,2010-01-20 00:22:00,2010-01-20 00:30:00,C4.0,POINT(-88.0 -25.0),0
gev_20100120_0247,2010-01-20 02:47:00,2010-01-20 02:53:00,2010-01-20 03:02:00,C1.7,POINT(-87.0 -25.0),0
gev_20100120_0448,2010-01-20 04:48:00,2010-01-20 04:57:00,2010-01-20 05:03:00,C5.0,POINT(-88.0 -25.0),0
gev_20100120_0610,2010-01-20 06:10:00,2010-01-20 06:18:00,2010-01-20 06:28:00,C3.9,POINT(-88.0 -23.0),0
gev_20100120_0645,2010-01-20 06:45:00,2010-01-20 06:51:00,2010-01-20 06:51:00,C3.1,POINT(-88.0 -23.0),0
gev_20100120_0659,2010-01-20 06:59:00,2010-01-20 07:14:00,2010-01-20 07:22:00,C9.7,POINT(-88.0 -24.0),0
gev_20100120_0742,2010-01-20 07:42:00,2010-01-20 07:49:00,2010-01-20 07:53:00,M1.6,POINT(-88.0 -23.0),0
gev_20100120_0913,2010-01-20 09:13:00,2010-01-20 09:29:00,2010-01-20 09:41:00,C3.7,POINT(-88.0 -24.0),0
gev_20100120_1046,2010-01-20 10:46:00,2010-01-20 10:59:00,2010-01-20 11:10:00,M1.8,POINT(-87.0 -25.0),0
gev_20100120_1228,2010-01-20 12:28:00,2010-01-20 12:32:00,2010-01-20 12:36:00,C3.9,POINT(-88.0 -23.0),0
gev_20100120_1319,2010-01-20 13:19:00,2010-01-20 13:25:00,2010-01-20 13:44:00,C1.3,POINT(-88.0 -24.0),0
gev_20100120_1429,2010-01-20 14:29:00,2010-01-20 14:32:00,2010-01-20 14:32:00,B7.9,POINT(-88.0 -24.0),0
gev_20100120_1510,2010-01-20 15:10:00,2010-01-20 15:20:00,2010-01-20 15:28:00,C2.2,POINT(-88.0 -24.0),0
gev_20100120_1543,2010-01-20 15:43:00,2010-01-20 15:46:00,2010-01-20 15:48:00,B9.4,POINT(-82.0 -25.0),0
gev_20100120_1710,2010-01-20 17:10:00,2010-01-20 17:13:00,2010-01-20 17:18:00,B6.9,POINT(-88.0 -23.0),0
gev_20100120_1728,2010-01-20 17:28:00,2010-01-20 17:33:00,2010-01-20 17:35:00,C1.0,POINT(-84.0 -25.0),0
gev_20100120_1750,2010-01-20 17:50:00,2010-01-20 17:55:00,2010-01-20 18:00:00,M3.4,POINT(-88.0 -24.0),0
gev_20100120_2157,2010-01-20 21:57:00,2010-01-20 22:03:00,2010-01-20 22:03:00,B6.6,POINT(-79.0 -26.0),0
gev_20100121_0349,2010-01-21 03:49:00,2010-01-21 03:54:00,2010-01-21 03:58:00,C2.3,POINT(-81.0 -25.0),0
gev_20100121_1042,2010-01-21 10:42:00,2010-01-21 10:49:00,2010-01-21 10:53:00,C1.2,POINT(-72.0 -25.0),0
gev_20100121_1653,2010-01-21 16:53:00,2010-01-21 16:57:00,2010-01-21 16:57:00,B2.6,POINT(-65.0 -23.0),0
gev_20100114_0428,2010-01-14 04:28:00,2010-01-14 04:36:00,2010-01-14 04:47:00,B2.2,POINT(19.0 26.0),1040
gev_20100115_0722,2010-01-15 07:22:00,2010-01-15 08:41:00,2010-01-15 10:22:00,C1.3,POINT(31.0 31.0),0
gev_20100116_1228,2010-01-16 12:28:00,2010-01-16 12:40:00,2010-01-16 13:00:00,B3.9,POINT(50.0 30.0),0
gev_20100116_1716,2010-01-16 17:16:00,2010-01-16 17:23:00,2010-01-16 17:26:00,B1.9,POINT(49.0 28.0),0
gev_20100116_1827,2010-01-16 18:27:00,2010-01-16 18:30:00,2010-01-16 18:32:00,B3.5,POINT(57.0 25.0),1040
gev_20100116_2052,2010-01-16 20:52:00,2010-01-16 20:57:00,2010-01-16 21:00:00,B1.5,POINT(49.0 28.0),0
gev_20100117_1938,2010-01-17 19:38:00,2010-01-17 19:43:00,2010-01-17 19:50:00,B4.2,POINT(60.0 20.0),1040
gev_20100117_2212,2010-01-17 22:12:00,2010-01-17 22:33:00,2010-01-17 22:41:00,C2.1,POINT(76.0 29.0),1040
gev_20100118_0301,2010-01-18 03:01:00,2010-01-18 03:30:00,2010-01-18 04:05:00,B7.5,POINT(-88.0 -24.0),1041
gev_20100118_0532,2010-01-18 05:32:00,2010-01-18 05:54:00,2010-01-18 06:07:00,B8.4,POINT(-88.0 -25.0),1041
gev_20100118_1954,2010-01-18 19:54:00,2010-01-18 20:39:00,2010-01-18 21:06:00,C4.9,POINT(-87.0 -29.0),1041
gev_20100118_2222,2010-01-18 22:22:00,2010-01-18 22:25:00,2010-01-18 22:28:00,B6.8,POINT(-87.0 -30.0),1041
gev_20100119_0614,2010-01-19 06:14:00,2010-01-19 06:18:00,2010-01-19 06:36:00,B5.8,POINT(-87.0 -26.0),1041
gev_20100119_0703,2010-01-19 07:03:00,2010-01-19 07:11:00,2010-01-19 07:17:00,B8.3,POINT(86.0 27.0),1040
gev_20100119_0834,2010-01-19 08:34:00,2010-01-19 08:45:00,2010-01-19 09:14:00,C5.2,POINT(86.0 28.0),1040
gev_20100119_1025,2010-01-19 10:25:00,2010-01-19 10:29:00,2010-01-19 10:36:00,C1.1,POINT(-87.0 -25.0),1041
gev_20100119_1303,2010-01-19 13:03:00,2010-01-19 13:41:00,2010-01-19 13:50:00,M2.3,POINT(-88.0 -25.0),1041
gev_20100119_1532,2010-01-19 15:32:00,2010-01-19 15:36:00,2010-01-19 15:43:00,C2.3,POINT(-88.0 -23.0),1041
gev_20100119_1744,2010-01-19 17:44:00,2010-01-19 17:51:00,2010-01-19 17:51:00,C5.1,POINT(-87.0 -25.0),1041
gev_20100119_2023,2010-01-19 20:23:00,2010-01-19 20:35:00,2010-01-19 20:46:00,M1.7,POINT(-88.0 -25.0),1041
gev_20100119_2223,2010-01-19 22:23:00,2010-01-19 22:33:00,2010-01-19 22:40:00,C4.5,POINT(-88.0 -23.0),1041
gev_20100119_2317,2010-01-19 23:17:00,2010-01-19 23:26:00,2010-01-19 23:38:00,C2.2,POINT(-88.0 -24.0),1041
gev_20100120_0010,2010-01-20 00:10:00,2010-01-20 00:22:00,2010-01-20 00:30:00,C4.0,POINT(-88.0 -25.0),1041
gev_20100120_0247,2010-01-20 02:47:00,2010-01-20 02:53:00,2010-01-20 03:02:00,C1.7,POINT(-87.0 -25.0),1041
gev_20100120_0448,2010-01-20 04:48:00,2010-01-20 04:57:00,2010-01-20 05:03:00,C5.0,POINT(-88.0 -25.0),1041
gev_20100120_0610,2010-01-20 06:10:00,2010-01-20 06:18:00,2010-01-20 06:28:00,C3.9,POINT(-88.0 -23.0),1041
gev_20100120_0645,2010-01-20 06:45:00,2010-01-20 07:27:00,2010-01-20 07:34:00,M1.0,POINT(-88.0 -24.0),1041
gev_20100120_0659,2010-01-20 06:59:00,2010-01-20 07:14:00,2010-01-20 07:22:00,C9.7,POINT(-88.0 -24.0),1041
gev_20100120_0742,2010-01-20 07:42:00,2010-01-20 07:49:00,2010-01-20 07:53:00,M1.6,POINT(-88.0 -23.0),1041
gev_20100120_0913,2010-01-20 09:13:00,2010-01-20 09:29:00,2010-01-20 09:41:00,C3.7,POINT(-88.0 -24.0),1041
gev_20100120_1046,2010-01-20 10:46:00,2010-01-20 10:59:00,2010-01-20 11:10:00,M1.8,POINT(-87.0 -25.0),1041
gev_20100120_1228,2010-01-20 12:28:00,2010-01-20 12:32:00,2010-01-20 12:36:00,C3.9,POINT(-88.0 -23.0),1041
gev_20100120_1319,2010-01-20 13:19:00,2010-01-20 13:25:00,2010-01-20 13:44:00,C1.3,POINT(-88.0 -24.0),0
gev_20100120_1429,2010-01-20 14:29:00,2010-01-20 14:32:00,2010-01-20 14:32:00,B7.9,POINT(-88.0 -24.0),1041
gev_20100120_1510,2010-01-20 15:10:00,2010-01-20 15:20:00,2010-01-20 15:28:00,C2.2,POINT(-88.0 -24.0),1041
gev_20100120_1543,2010-01-20 15:43:00,2010-01-20 15:46:00,2010-01-20 15:48:00,B9.4,POINT(-82.0 -25.0),1041
gev_20100120_1710,2010-01-20 17:10:00,2010-01-20 17:13:00,2010-01-20 17:18:00,B6.9,POINT(-88.0 -23.0),1041
gev_20100120_1728,2010-01-20 17:28:00,2010-01-20 17:33:00,2010-01-20 17:35:00,C1.0,POINT(-84.0 -25.0),1041
gev_20100120_1750,2010-01-20 17:50:00,2010-01-20 17:55:00,2010-01-20 18:00:00,M3.4,POINT(-88.0 -24.0),1041
gev_20100120_2157,2010-01-20 21:57:00,2010-01-20 22:13:00,2010-01-20 22:53:00,B6.7,POINT(-71.0 61.0),0
gev_20100121_0349,2010-01-21 03:49:00,2010-01-21 03:54:00,2010-01-21 03:58:00,C2.3,POINT(-74.0 -25.0),1041
gev_20100113_1459,2010-01-13 14:59:00,2010-01-13 15:04:00,2010-01-13 15:09:00,B2.5,POINT(9.0 30.0),0
gev_20100114_0428,2010-01-14 04:28:00,2010-01-14 04:36:00,2010-01-14 04:47:00,B2.2,POINT(19.0 26.0),0
gev_20100115_0722,2010-01-15 07:22:00,2010-01-15 08:41:00,2010-01-15 10:22:00,C1.3,POINT(31.0 31.0),0
gev_20100116_1228,2010-01-16 12:28:00,2010-01-16 12:40:00,2010-01-16 13:00:00,B3.9,POINT(50.0 30.0),0
gev_20100116_1716,2010-01-16 17:16:00,2010-01-16 17:23:00,2010-01-16 17:26:00,B1.9,POINT(49.0 28.0),0
gev_20100116_1827,2010-01-16 18:27:00,2010-01-16 18:30:00,2010-01-16 18:32:00,B3.5,POINT(57.0 25.0),0
gev_20100116_2052,2010-01-16 20:52:00,2010-01-16 20:57:00,2010-01-16 21:00:00,B1.5,POINT(49.0 28.0),0
gev_20100117_1938,2010-01-17 19:38:00,2010-01-17 19:43:00,2010-01-17 19:50:00,B4.2,POINT(60.0 20.0),0
gev_20100117_2212,2010-01-17 22:12:00,2010-01-17 22:33:00,2010-01-17 22:41:00,C2.1,POINT(76.0 29.0),0
gev_20100118_0301,2010-01-18 03:01:00,2010-01-18 03:30:00,2010-01-18 04:05:00,B7.5,POINT(-88.0 -24.0),0
gev_20100118_0532,2010-01-18 05:32:00,2010-01-18 05:54:00,2010-01-18 06:07:00,B8.4,POINT(-88.0 -25.0),0
gev_20100118_1954,2010-01-18 19:54:00,2010-01-18 20:39:00,2010-01-18 21:06:00,C4.9,POINT(-87.0 -29.0),0
gev_20100118_2222,2010-01-18 22:22:00,2010-01-18 22:25:00,2010-01-18 22:28:00,B6.8,POINT(-87.0 -30.0),0
gev_20100119_0614,2010-01-19 06:14:00,2010-01-19 06:18:00,2010-01-19 06:36:00,B5.8,POINT(-87.0 -26.0),0
gev_20100119_0703,2010-01-19 07:03:00,2010-01-19 07:11:00,2010-01-19 07:17:00,B8.3,POINT(86.0 27.0),0
gev_20100119_0834,2010-01-19 08:34:00,2010-01-19 08:45:00,2010-01-19 09:14:00,C5.2,POINT(86.0 28.0),0
gev_20100119_1025,2010-01-19 10:25:00,2010-01-19 10:29:00,2010-01-19 10:36:00,C1.1,POINT(-87.0 -25.0),0
gev_20100119_1303,2010-01-19 13:03:00,2010-01-19 13:41:00,2010-01-19 13:50:00,M2.3,POINT(-88.0 -25.0),0
gev_20100119_1532,2010-01-19 15:32:00,2010-01-19 15:36:00,2010-01-19 15:43:00,C2.3,POINT(-88.0 -23.0),0
gev_20100119_1744,2010-01-19 17:44:00,2010-01-19 17:51:00,2010-01-19 17:51:00,C5.1,POINT(-87.0 -28.0),0
gev_20100119_2023,2010-01-19 20:23:00,2010-01-19 20:35:00,2010-01-19 20:46:00,M1.7,POINT(-88.0 -28.0),0
gev_20100119_2223,2010-01-19 22:23:00,2010-01-19 22:33:00,2010-01-19 22:40:00,C4.5,POINT(-88.0 -23.0),0
gev_20100119_2317,2010-01-19 23:17:00,2010-01-19 23:26:00,2010-01-19 23:38:00,C2.2,POINT(-88.0 -24.0),0
gev_20100120_0010,2010-01-20 00:10:00,2010-01-20 00:22:00,2010-01-20 00:22:00,C4.0,POINT(-88.0 -25.0),0
gev_20100120_0247,2010-01-20 02:47:00,2010-01-20 02:53:00,2010-01-20 02:53:00,C1.7,POINT(-84.0 -27.0),0
gev_20100120_0448,2010-01-20 04:48:00,2010-01-20 04:57:00,2010-01-20 05:03:00,C5.0,POINT(-86.0 -27.0),0
gev_20100120_0610,2010-01-20 06:10:00,2010-01-20 06:18:00,2010-01-20 06:18:00,C3.9,POINT(-88.0 -23.0),0
gev_20100120_0645,2010-01-20 06:45:00,2010-01-20 06:51:00,2010-01-20 06:51:00,C3.1,POINT(-88.0 -23.0),0
gev_20100120_0659,2010-01-20 06:59:00,2010-01-20 07:14:00,2010-01-20 07:22:00,C9.7,POINT(-88.0 -24.0),0
gev_20100120_0722,2010-01-20 07:22:00,2010-01-20 07:27:00,2010-01-20 07:32:00,M1.0,POINT(-88.0 -24.0),0
gev_20100120_0742,2010-01-20 07:42:00,2010-01-20 07:49:00,2010-01-20 07:53:00,M1.6,POINT(-88.0 -23.0),0
gev_20100112_1233,2010-01-12 12:33:00,2010-01-12 13:20:00,2010-01-12 13:34:00,C1.1,POINT(-1.0 35.0),0
gev_20100112_1733,2010-01-12 17:33:00,2010-01-12 17:36:00,2010-01-12 17:39:00,B2.7,POINT(4.0 25.0),1040
gev_20100112_1907,2010-01-12 19:07:00,2010-01-13 00:46:00,2010-01-13 02:14:00,B1.7,POINT(-3.0 31.0),0
gev_20100113_1459,2010-01-13 14:59:00,2010-01-13 15:04:00,2010-01-13 15:09:00,B2.5,POINT(9.0 30.0),0
gev_20100114_0428,2010-01-14 04:28:00,2010-01-14 04:36:00,2010-01-14 04:47:00,B2.2,POINT(19.0 26.0),1040
gev_20100115_0722,2010-01-15 07:22:00,2010-01-15 08:41:00,2010-01-15 10:22:00,C1.3,POINT(31.0 31.0),0
gev_20100116_1228,2010-01-16 12:28:00,2010-01-16 12:40:00,2010-01-16 13:00:00,B3.9,POINT(50.0 30.0),0
gev_20100116_1716,2010-01-16 17:16:00,2010-01-16 17:23:00,2010-01-16 17:26:00,B1.9,POINT(49.0 28.0),0
gev_20100116_1827,2010-01-16 18:27:00,2010-01-16 18:30:00,2010-01-16 18:32:00,B3.5,POINT(57.0 25.0),0
gev_20100116_2052,2010-01-16 20:52:00,2010-01-16 20:57:00,2010-01-16 21:00:00,B1.5,POINT(49.0 28.0),0
gev_20100117_1938,2010-01-17 19:38:00,2010-01-17 19:43:00,2010-01-17 19:50:00,B4.2,POINT(60.0 20.0),0
gev_20100117_2212,2010-01-17 22:12:00,2010-01-17 22:33:00,2010-01-17 22:41:00,C2.1,POINT(76.0 29.0),0
gev_20100118_0301,2010-01-18 03:01:00,2010-01-18 03:30:00,2010-01-18 04:05:00,B7.5,POINT(-88.0 -24.0),0
gev_20100118_0532,2010-01-18 05:32:00,2010-01-18 05:54:00,2010-01-18 06:07:00,B8.4,POINT(-88.0 -25.0),0
gev_20100118_1954,2010-01-18 19:54:00,2010-01-18 20:39:00,2010-01-18 21:06:00,C4.9,POINT(-87.0 -29.0),0
gev_20100118_2222,2010-01-18 22:22:00,2010-01-18 22:25:00,2010-01-18 22:28:00,B6.8,POINT(-87.0 -30.0),0
gev_20100111_0141,2010-01-11 01:41:00,2010-01-11 01:50:00,2010-01-11 01:53:00,B2.7,POINT(-20.0 27.0),1040
gev_20100111_0155,2010-01-11 01:55:00,2010-01-11 01:58:00,2010-01-11 02:02:00,B3.9,POINT(-20.0 27.0),1040
gev_20100111_0448,2010-01-11 04:48:00,2010-01-11 04:54:00,2010-01-11 05:05:00,B2.7,POINT(-18.0 25.0),1040
gev_20100111_0605,2010-01-11 06:05:00,2010-01-11 06:19:00,2010-01-11 06:34:00,B6.8,POINT(-16.0 26.0),1040
gev_20100111_1116,2010-01-11 11:16:00,2010-01-11 12:01:00,2010-01-11 12:16:00,B6.1,POINT(-19.0 29.0),1040
gev_20100111_1350,2010-01-11 13:50:00,2010-01-11 13:56:00,2010-01-11 14:01:00,B9.1,POINT(-14.0 26.0),1040
gev_20100111_1427,2010-01-11 14:27:00,2010-01-11 14:36:00,2010-01-11 14:48:00,B5.4,POINT(-13.0 25.0),1040
gev_20100111_1621,2010-01-11 16:21:00,2010-01-11 16:27:00,2010-01-11 16:45:00,B3.9,POINT(8.0 69.0),0
gev_20100112_1233,2010-01-12 12:33:00,2010-01-12 13:20:00,2010-01-12 13:34:00,C1.1,POINT(-1.0 35.0),0
gev_20100112_1733,2010-01-12 17:33:00,2010-01-12 17:36:00,2010-01-12 17:39:00,B2.7,POINT(4.0 25.0),1040
gev_20100112_1907,2010-01-12 19:07:00,2010-01-13 00:46:00,2010-01-13 02:14:00,B1.7,POINT(-3.0 31.0),0
gev_20100113_1459,2010-01-13 14:59:00,2010-01-13 15:04:00,2010-01-13 15:09:00,B2.5,POINT(9.0 30.0),0
gev_20100114_0428,2010-01-14 04:28:00,2010-01-14 04:36:00,2010-01-14 04:47:00,B2.2,POINT(19.0 26.0),1040
gev_20100115_0722,2010-01-15 07:22:00,2010-01-15 08:41:00,2010-01-15 10:22:00,C1.3,POINT(31.0 31.0),0
gev_20100116_1228,2010-01-16 12:28:00,2010-01-16 12:40:00,2010-01-16 13:00:00,B3.9,POINT(50.0 30.0),1040
gev_20100116_1716,2010-01-16 17:16:00,2010-01-16 17:23:00,2010-01-16 17:26:00,B1.9,POINT(49.0 28.0),1040
gev_20100116_1827,2010-01-16 18:27:00,2010-01-16 18:30:00,2010-01-16 18:32:00,B3.5,POINT(57.0 25.0),1040
gev_20100116_2052,2010-01-16 20:52:00,2010-01-16 20:57:00,2010-01-16 21:00:00,B1.5,POINT(49.0 28.0),1040
gev_20100117_1938,2010-01-17 19:38:00,2010-01-17 19:43:00,2010-01-17 19:50:00,B4.2,POINT(60.0 20.0),1040
gev_20100117_2212,2010-01-17 22:12:00,2010-01-17 22:33:00,2010-01-17 22:41:00,C2.1,POINT(76.0 29.0),1040
gev_20100118_0302,2010-01-18 03:02:00,2010-01-18 03:30:00,2010-01-18 03:58:00,B7.5,POINT(-88.0 -24.0),0
gev_20100118_0532,2010-01-18 05:32:00,2010-01-18 05:54:00,2010-01-18 08:20:00,B8.5,POINT(67.0 32.0),0
gev_20100107_2123,2010-01-07 21:23:00,2010-01-07 21:28:00,2010-01-07 21:35:00,B1.3,POINT(41.0 -20.0),0
gev_20100108_1742,2010-01-08 17:42:00,2010-01-08 17:46:00,2010-01-08 17:49:00,B1.4,POINT(-52.0 28.0),1040
gev_20100109_0606,2010-01-09 06:06:00,2010-01-09 06:10:00,2010-01-09 06:13:00,B1.1,POINT(-45.0 29.0),1040
gev_20100109_0746,2010-01-09 07:46:00,2010-01-09 07:52:00,2010-01-09 08:00:00,B2.1,POINT(-44.0 27.0),1040
gev_20100109_0840,2010-01-09 08:40:00,2010-01-09 08:48:00,2010-01-09 08:56:00,B1.5,POINT(-47.0 30.0),0
gev_20100109_1107,2010-01-09 11:07:00,2010-01-09 11:14:00,2010-01-09 11:24:00,B3.6,POINT(-42.0 27.0),1040
gev_20100109_1241,2010-01-09 12:41:00,2010-01-09 12:45:00,2010-01-09 12:57:00,B1.2,POINT(-42.0 29.0),1040
gev_20100109_1450,2010-01-09 14:50:00,2010-01-09 15:03:00,2010-01-09 15:19:00,C1.0,POINT(-39.0 31.0),0
gev_20100109_2224,2010-01-09 22:24:00,2010-01-09 22:58:00,2010-01-09 23:23:00,B6.1,POINT(-42.0 35.0),0
gev_20100110_0027,2010-01-10 00:27:00,2010-01-10 00:35:00,2010-01-10 00:45:00,B2.5,POINT(-40.0 32.0),0
gev_20100110_0140,2010-01-10 01:40:00,2010-01-10 02:50:00,2010-01-10 03:08:00,B4.4,POINT(-33.0 32.0),0
gev_20100110_1152,2010-01-10 11:52:00,2010-01-10 11:57:00,2010-01-10 12:01:00,B3.7,POINT(-29.0 29.0),0
gev_20100110_1539,2010-01-10 15:39:00,2010-01-10 15:42:00,2010-01-10 15:45:00,B1.1,POINT(-28.0 28.0),1040
gev_20100110_1756,2010-01-10 17:56:00,2010-01-10 18:00:00,2010-01-10 18:07:00,B1.9,POINT(-22.0 26.0),1040
gev_20100110_2252,2010-01-10 22:52:00,2010-01-10 22:57:00,2010-01-10 23:04:00,B2.3,POINT(-24.0 28.0),1040
gev_20100111_0141,2010-01-11 01:41:00,2010-01-11 01:50:00,2010-01-11 01:53:00,B2.7,POINT(-20.0 27.0),1040
gev_20100111_0155,2010-01-11 01:55:00,2010-01-11 01:58:00,2010-01-11 02:02:00,B3.9,POINT(-20.0 27.0),1040
gev_20100111_0448,2010-01-11 04:48:00,2010-01-11 04:54:00,2010-01-11 05:05:00,B2.7,POINT(-18.0 25.0),1040
gev_20100111_0605,2010-01-11 06:05:00,2010-01-11 06:19:00,2010-01-11 06:34:00,B6.8,POINT(-16.0 26.0),1040
gev_20100111_1116,2010-01-11 11:16:00,2010-01-11 12:01:00,2010-01-11 12:16:00,B6.1,POINT(-19.0 29.0),0
gev_20100111_1350,2010-01-11 13:50:00,2010-01-11 13:56:00,2010-01-11 14:01:00,B9.1,POINT(-14.0 26.0),1040
gev_20100111_1427,2010-01-11 14:27:00,2010-01-11 14:36:00,2010-01-11 14:48:00,B5.4,POINT(-13.0 25.0),1040
gev_20100111_1621,2010-01-11 16:21:00,2010-01-11 16:27:00,2010-01-11 16:45:00,B3.9,POINT(8.0 69.0),0
gev_20100112_1233,2010-01-12 12:33:00,2010-01-12 13:20:00,2010-01-12 13:34:00,C1.1,POINT(-1.0 35.0),0
gev_20100112_1733,2010-01-12 17:33:00,2010-01-12 17:36:00,2010-01-12 17:39:00,B2.7,POINT(4.0 25.0),1040
gev_20100112_1907,2010-01-12 19:07:00,2010-01-13 00:46:00,2010-01-13 02:14:00,B1.7,POINT(-3.0 31.0),0
gev_20100113_1459,2010-01-13 14:59:00,2010-01-13 15:04:00,2010-01-13 15:09:00,B2.5,POINT(9.0 30.0),0
gev_20100114_0428,2010-01-14 04:28:00,2010-01-14 04:36:00,2010-01-14 04:47:00,B2.2,POINT(19.0 26.0),1040
gev_20100115_0722,2010-01-15 07:22:00,2010-01-15 08:41:00,2010-01-15 10:22:00,C1.3,POINT(31.0 31.0),0
gev_20100116_1228,2010-01-16 12:28:00,2010-01-16 12:40:00,2010-01-16 13:00:00,B3.9,POINT(50.0 30.0),0
gev_20100116_1716,2010-01-16 17:16:00,2010-01-16 17:23:00,2010-01-16 17:26:00,B1.9,POINT(49.0 28.0),0
gev_20100116_1827,2010-01-16 18:27:00,2010-01-16 18:30:00,2010-01-16 18:32:00,B3.5,POINT(57.0 25.0),0
gev_20100116_2052,2010-01-16 20:52:00,2010-01-16 20:57:00,2010-01-16 21:00:00,B1.5,POINT(49.0 28.0),0
gev_20100105_0846,2010-01-05 08:46:00,2010-01-05 08:52:00,2010-01-05 08:57:00,B1.2,POINT(81.0 -28.0),0
gev_20100105_0953,2010-01-05 09:53:00,2010-01-05 09:57:00,2010-01-05 10:02:00,B1.2,POINT(-30.0 -21.0),0
gev_20100106_0257,2010-01-06 02:57:00,2010-01-06 03:00:00,2010-01-06 03:07:00,B1.0,POINT(88.0 -27.0),0
gev_20100106_1640,2010-01-06 16:40:00,2010-01-06 16:45:00,2010-01-06 16:47:00,B1.7,POINT(-87.0 30.0),0
gev_20100106_1944,2010-01-06 19:44:00,2010-01-06 19:53:00,2010-01-06 19:57:00,B5.5,POINT(-82.0 29.0),0
gev_20100107_2123,2010-01-07 21:23:00,2010-01-07 21:28:00,2010-01-07 21:35:00,B1.3,POINT(41.0 -20.0),0
gev_20100108_1742,2010-01-08 17:42:00,2010-01-08 17:46:00,2010-01-08 17:49:00,B1.4,POINT(-52.0 28.0),0
gev_20100109_0606,2010-01-09 06:06:00,2010-01-09 06:10:00,2010-01-09 06:13:00,B1.1,POINT(-45.0 29.0),0
gev_20100109_0746,2010-01-09 07:46:00,2010-01-09 07:52:00,2010-01-09 08:00:00,B2.1,POINT(-44.0 27.0),0
gev_20100109_0840,2010-01-09 08:40:00,2010-01-09 08:48:00,2010-01-09 08:56:00,B1.5,POINT(-47.0 30.0),0
gev_20100109_1107,2010-01-09 11:07:00,2010-01-09 11:14:00,2010-01-09 11:24:00,B3.6,POINT(-42.0 27.0),0
gev_20100109_1241,2010-01-09 12:41:00,2010-01-09 12:45:00,2010-01-09 12:57:00,B1.2,POINT(-42.0 29.0),0
gev_20100109_1450,2010-01-09 14:50:00,2010-01-09 15:03:00,2010-01-09 15:19:00,C1.0,POINT(-39.0 31.0),0
gev_20100109_2224,2010-01-09 22:24:00,2010-01-09 22:58:00,2010-01-09 23:23:00,B6.1,POINT(-42.0 35.0),0
gev_20100110_0027,2010-01-10 00:27:00,2010-01-10 00:35:00,2010-01-10 00:45:00,B2.5,POINT(-40.0 32.0),0
gev_20100110_0140,2010-01-10 01:40:00,2010-01-10 02:50:00,2010-01-10 03:08:00,B4.4,POINT(-33.0 32.0),0
gev_20100110_1152,2010-01-10 11:52:00,2010-01-10 11:57:00,2010-01-10 12:01:00,B3.7,POINT(-29.0 29.0),0
gev_20100110_1539,2010-01-10 15:39:00,2010-01-10 15:42:00,2010-01-10 15:45:00,B1.1,POINT(-28.0 28.0),0
gev_20100110_1756,2010-01-10 17:56:00,2010-01-10 18:00:00,2010-01-10 18:07:00,B1.9,POINT(-22.0 26.0),0
gev_20100110_2252,2010-01-10 22:52:00,2010-01-10 22:57:00,2010-01-10 23:04:00,B2.3,POINT(-24.0 28.0),0
gev_20100111_0141,2010-01-11 01:41:00,2010-01-11 01:50:00,2010-01-11 01:53:00,B2.7,POINT(-20.0 27.0),0
gev_20100111_0155,2010-01-11 01:55:00,2010-01-11 01:58:00,2010-01-11 02:02:00,B3.9,POINT(-20.0 27.0),0
gev_20100111_0448,2010-01-11 04:48:00,2010-01-11 04:54:00,2010-01-11 05:05:00,B2.7,POINT(-18.0 25.0),0
gev_20100111_0605,2010-01-11 06:05:00,2010-01-11 06:19:00,2010-01-11 06:34:00,B6.8,POINT(-16.0 26.0),0
gev_20100111_1116,2010-01-11 11:16:00,2010-01-11 12:01:00,2010-01-11 12:16:00,B6.1,POINT(-19.0 29.0),0
gev_20100111_1350,2010-01-11 13:50:00,2010-01-11 13:56:00,2010-01-11 14:01:00,B9.1,POINT(-14.0 26.0),0
gev_20100111_1427,2010-01-11 14:27:00,2010-01-11 14:36:00,2010-01-11 14:48:00,B5.4,POINT(-13.0 25.0),0
gev_20100111_1621,2010-01-11 16:21:00,2010-01-11 16:27:00,2010-01-11 16:45:00,B3.9,POINT(8.0 69.0),0
gev_20100112_1233,2010-01-12 12:33:00,2010-01-12 13:20:00,2010-01-12 13:34:00,C1.1,POINT(-1.0 35.0),0
gev_20100112_1733,2010-01-12 17:33:00,2010-01-12 17:36:00,2010-01-12 17:39:00,B2.7,POINT(4.0 25.0),0
gev_20100112_1907,2010-01-12 19:07:00,2010-01-13 00:46:00,2010-01-13 02:14:00,B1.7,POINT(-3.0 31.0),0
gev_20100113_1459,2010-01-13 14:59:00,2010-01-13 15:04:00,2010-01-13 15:09:00,B2.5,POINT(9.0 30.0),0
gev_20100114_0428,2010-01-14 04:28:00,2010-01-14 04:36:00,2010-01-14 04:47:00,B2.2,POINT(19.0 26.0),0
gev_20100115_0722,2010-01-15 07:22:00,2010-01-15 08:41:00,2010-01-15 10:22:00,C1.3,POINT(31.0 31.0),0
gev_20100105_0846,2010-01-05 08:46:00,2010-01-05 08:52:00,2010-01-05 08:57:00,B1.2,POINT(81.0 -28.0),0
gev_20100105_0953,2010-01-05 09:53:00,2010-01-05 09:57:00,2010-01-05 10:02:00,B1.2,POINT(-30.0 -21.0),0
gev_20100106_0257,2010-01-06 02:57:00,2010-01-06 03:00:00,2010-01-06 03:07:00,B1.0,POINT(88.0 -27.0),0
gev_20100106_1640,2010-01-06 16:40:00,2010-01-06 16:45:00,2010-01-06 16:47:00,B1.7,POINT(-87.0 30.0),0
gev_20100106_1944,2010-01-06 19:44:00,2010-01-06 19:53:00,2010-01-06 19:57:00,B5.5,POINT(-82.0 29.0),0
gev_20100108_1742,2010-01-08 17:42:00,2010-01-08 17:46:00,2010-01-08 17:49:00,B1.4,POINT(-52.0 28.0),0
gev_20100109_0606,2010-01-09 06:06:00,2010-01-09 06:10:00,2010-01-09 06:13:00,B1.1,POINT(-45.0 29.0),0
gev_20100109_0746,2010-01-09 07:46:00,2010-01-09 07:52:00,2010-01-09 08:00:00,B2.1,POINT(-44.0 27.0),0
gev_20100109_0840,2010-01-09 08:40:00,2010-01-09 08:48:00,2010-01-09 08:56:00,B1.5,POINT(-47.0 30.0),0
gev_20100109_1107,2010-01-09 11:07:00,2010-01-09 11:14:00,2010-01-09 11:24:00,B3.6,POINT(-42.0 27.0),0
gev_20100109_1241,2010-01-09 12:41:00,2010-01-09 12:45:00,2010-01-09 12:57:00,B1.2,POINT(-42.0 29.0),0
gev_20100109_1450,2010-01-09 14:50:00,2010-01-09 15:03:00,2010-01-09 15:19:00,C1.0,POINT(-39.0 31.0),0
gev_20100109_2224,2010-01-09 22:24:00,2010-01-09 22:58:00,2010-01-09 23:23:00,B6.1,POINT(-42.0 35.0),0
gev_20100110_0027,2010-01-10 00:27:00,2010-01-10 00:35:00,2010-01-10 00:45:00,B2.5,POINT(-40.0 32.0),0
gev_20100110_0140,2010-01-10 01:40:00,2010-01-10 02:50:00,2010-01-10 03:08:00,B4.4,POINT(-33.0 32.0),0
gev_20100110_1152,2010-01-10 11:52:00,2010-01-10 11:57:00,2010-01-10 12:01:00,B3.7,POINT(-29.0 29.0),0
gev_20100110_1539,2010-01-10 15:39:00,2010-01-10 15:42:00,2010-01-10 15:45:00,B1.1,POINT(-28.0 28.0),0
gev_20100110_1756,2010-01-10 17:56:00,2010-01-10 18:00:00,2010-01-10 18:07:00,B1.9,POINT(-22.0 26.0),0
gev_20100110_2252,2010-01-10 22:52:00,2010-01-10 22:57:00,2010-01-10 23:04:00,B2.3,POINT(-24.0 28.0),0
gev_20100111_0141,2010-01-11 01:41:00,2010-01-11 01:50:00,2010-01-11 01:53:00,B2.7,POINT(-20.0 27.0),0
gev_20100111_0155,2010-01-11 01:55:00,2010-01-11 01:58:00,2010-01-11 02:02:00,B3.9,POINT(-20.0 27.0),0
gev_20100111_0448,2010-01-11 04:48:00,2010-01-11 04:54:00,2010-01-11 05:05:00,B2.7,POINT(-18.0 25.0),0
gev_20100111_0605,2010-01-11 06:05:00,2010-01-11 06:19:00,2010-01-11 06:34:00,B6.8,POINT(-16.0 26.0),0
gev_20100111_0800,2010-01-11 08:00:00,2010-01-11 08:05:00,2010-01-11 08:11:00,B1.9,POINT(-32.0 27.0),0
gev_20100111_0908,2010-01-11 09:08:00,2010-01-11 09:11:00,2010-01-11 09:13:00,B1.3,POINT(-17.0 33.0),0
gev_20100111_1116,2010-01-11 11:16:00,2010-01-11 12:01:00,2010-01-11 12:16:00,B6.1,POINT(-16.0 41.0),0
gev_20100111_1350,2010-01-11 13:50:00,2010-01-11 13:56:00,2010-01-11 14:01:00,B9.1,POINT(-14.0 26.0),0
gev_20100111_1427,2010-01-11 14:27:00,2010-01-11 14:36:00,2010-01-11 14:48:00,B5.4,POINT(-13.0 25.0),0
gev_20100111_1621,2010-01-11 16:21:00,2010-01-11 16:27:00,2010-01-11 16:45:00,B3.9,POINT(8.0 69.0),0
gev_20100112_1233,2010-01-12 12:33:00,2010-01-12 13:20:00,2010-01-12 13:34:00,C1.1,POINT(-1.0 35.0),0
gev_20100112_1733,2010-01-12 17:33:00,2010-01-12 17:36:00,2010-01-12 17:39:00,B2.7,POINT(4.0 25.0),0
gev_20100112_1907,2010-01-12 19:07:00,2010-01-13 00:46:00,2010-01-13 02:14:00,B1.7,POINT(-3.0 31.0),0
gev_20100113_1459,2010-01-13 14:59:00,2010-01-13 15:04:00,2010-01-13 15:09:00,B2.5,POINT(9.0 30.0),0
gev_20100114_0115,2010-01-14 01:15:00,2010-01-14 01:21:00,2010-01-14 01:26:00,B3.0,POINT(nan nan),0
gev_20100114_0428,2010-01-14 04:28:00,2010-01-14 04:36:00,2010-01-14 04:47:00,B2.2,POINT(19.0 26.0),0
gev_20100115_0713,2010-01-15 07:13:00,2010-01-15 08:41:00,2010-01-15 09:45:00,C1.3,POINT(29.0 30.0),0
gev_20100104_0336,2010-01-04 03:36:00,2010-01-04 03:40:00,2010-01-04 03:42:00,C1.3,POINT(63.0 -28.0),0
gev_20100104_1000,2010-01-04 10:00:00,2010-01-04 10:04:00,2010-01-04 10:08:00,B1.4,POINT(65.0 -25.0),0
gev_20100104_1424,2010-01-04 14:24:00,2010-01-04 14:28:00,2010-01-04 14:35:00,B1.4,POINT(67.0 -26.0),0
gev_20100104_1951,2010-01-04 19:51:00,2010-01-04 19:56:00,2010-01-04 20:02:00,B1.2,POINT(69.0 -25.0),0
gev_20100104_2014,2010-01-04 20:14:00,2010-01-04 20:22:00,2010-01-04 20:27:00,B1.3,POINT(71.0 -27.0),0
gev_20100105_0846,2010-01-05 08:46:00,2010-01-05 08:52:00,2010-01-05 08:57:00,B1.2,POINT(81.0 -28.0),0
gev_20100105_0953,2010-01-05 09:53:00,2010-01-05 09:57:00,2010-01-05 10:02:00,B1.2,POINT(-30.0 -21.0),0
gev_20100106_0257,2010-01-06 02:57:00,2010-01-06 03:00:00,2010-01-06 03:07:00,B1.0,POINT(88.0 -27.0),0
gev_20100106_1640,2010-01-06 16:40:00,2010-01-06 16:45:00,2010-01-06 16:47:00,B1.7,POINT(-87.0 30.0),0
gev_20100106_1944,2010-01-06 19:44:00,2010-01-06 19:53:00,2010-01-06 19:57:00,B5.5,POINT(-82.0 29.0),0
gev_20100108_1742,2010-01-08 17:42:00,2010-01-08 17:46:00,2010-01-08 17:49:00,B1.4,POINT(-52.0 28.0),0
gev_20100109_0606,2010-01-09 06:06:00,2010-01-09 06:10:00,2010-01-09 06:13:00,B1.1,POINT(-45.0 29.0),0
gev_20100109_0746,2010-01-09 07:46:00,2010-01-09 07:52:00,2010-01-09 08:00:00,B2.1,POINT(-44.0 27.0),0
gev_20100109_0840,2010-01-09 08:40:00,2010-01-09 08:48:00,2010-01-09 08:56:00,B1.5,POINT(-47.0 30.0),0
gev_20100109_1107,2010-01-09 11:07:00,2010-01-09 11:14:00,2010-01-09 11:24:00,B3.6,POINT(-42.0 27.0),0
gev_20100109_1241,2010-01-09 12:41:00,2010-01-09 12:45:00,2010-01-09 12:57:00,B1.2,POINT(-42.0 29.0),0
gev_20100109_1450,2010-01-09 14:50:00,2010-01-09 15:03:00,2010-01-09 15:19:00,C1.0,POINT(-39.0 31.0),0
gev_20100109_2224,2010-01-09 22:24:00,2010-01-09 22:58:00,2010-01-09 23:23:00,B6.1,POINT(-42.0 35.0),0
gev_20100110_0027,2010-01-10 00:27:00,2010-01-10 00:35:00,2010-01-10 00:45:00,B2.5,POINT(-40.0 32.0),0
gev_20100110_0140,2010-01-10 01:40:00,2010-01-10 02:50:00,2010-01-10 03:08:00,B4.4,POINT(-33.0 32.0),0
gev_20100110_1152,2010-01-10 11:52:00,2010-01-10 11:57:00,2010-01-10 12:01:00,B3.7,POINT(-29.0 29.0),0
gev_20100110_1539,2010-01-10 15:39:00,2010-01-10 15:42:00,2010-01-10 15:45:00,B1.1,POINT(-28.0 28.0),0
gev_20100110_1756,2010-01-10 17:56:00,2010-01-10 18:00:00,2010-01-10 18:07:00,B1.9,POINT(-22.0 26.0),0
gev_20100110_2252,2010-01-10 22:52:00,2010-01-10 22:57:00,2010-01-10 23:04:00,B2.3,POINT(-24.0 28.0),0
gev_20100111_0141,2010-01-11 01:41:00,2010-01-11 01:50:00,2010-01-11 01:53:00,B2.7,POINT(-20.0 27.0),0
gev_20100111_0155,2010-01-11 01:55:00,2010-01-11 01:58:00,2010-01-11 02:02:00,B3.9,POINT(-20.0 27.0),0
gev_20100111_0448,2010-01-11 04:48:00,2010-01-11 04:54:00,2010-01-11 05:05:00,B2.7,POINT(-18.0 25.0),0
gev_20100111_0605,2010-01-11 06:05:00,2010-01-11 06:19:00,2010-01-11 06:34:00,B6.8,POINT(-16.0 26.0),0
gev_20100111_0800,2010-01-11 08:00:00,2010-01-11 08:05:00,2010-01-11 08:11:00,B1.9,POINT(-32.0 27.0),0
gev_20100111_0908,2010-01-11 09:08:00,2010-01-11 09:11:00,2010-01-11 09:13:00,B1.3,POINT(-17.0 33.0),0
gev_20100111_1116,2010-01-11 11:16:00,2010-01-11 12:01:00,2010-01-11 12:16:00,B6.1,POINT(-16.0 41.0),0
gev_20100111_1350,2010-01-11 13:50:00,2010-01-11 13:56:00,2010-01-11 14:01:00,B9.1,POINT(-14.0 26.0),0
gev_20100111_1427,2010-01-11 14:27:00,2010-01-11 14:36:00,2010-01-11 14:48:00,B5.4,POINT(-13.0 25.0),0
gev_20100111_1621,2010-01-11 16:21:00,2010-01-11 16:27:00,2010-01-11 16:45:00,B3.9,POINT(8.0 69.0),0
gev_20100112_1233,2010-01-12 12:33:00,2010-01-12 13:20:00,2010-01-12 13:34:00,C1.1,POINT(-1.0 35.0),0
gev_20100112_1733,2010-01-12 17:33:00,2010-01-12 17:36:00,2010-01-12 17:39:00,B2.7,POINT(4.0 25.0),0
gev_20100112_1907,2010-01-12 19:07:00,2010-01-13 00:46:00,2010-01-13 02:14:00,B1.7,POINT(-3.0 31.0),0
gev_20100113_1459,2010-01-13 14:59:00,2010-01-13 15:04:00,2010-01-13 15:09:00,B2.5,POINT(9.0 30.0),0
gev_20100114_0115,2010-01-14 01:15:00,2010-01-14 01:21:00,2010-01-14 01:26:00,B3.0,POINT(nan nan),0
gev_20100114_0428,2010-01-14 04:28:00,2010-01-14 04:36:00,2010-01-14 04:47:00,B2.2,POINT(19.0 26.0),0
gev_20100103_0117,2010-01-03 01:17:00,2010-01-03 01:22:00,2010-01-03 01:31:00,C2.0,POINT(49.0 -28.0),0
gev_20100103_0353,2010-01-03 03:53:00,2010-01-03 04:07:00,2010-01-03 04:21:00,B6.1,POINT(51.0 -30.0),0
gev_20100103_0743,2010-01-03 07:43:00,2010-01-03 07:46:00,2010-01-03 07:54:00,B1.5,POINT(49.0 -27.0),0
gev_20100103_1050,2010-01-03 10:50:00,2010-01-03 11:03:00,2010-01-03 11:09:00,B1.5,POINT(56.0 -28.0),0
gev_20100103_1201,2010-01-03 12:01:00,2010-01-03 12:12:00,2010-01-03 12:28:00,B7.1,POINT(55.0 -27.0),0
gev_20100103_1443,2010-01-03 14:43:00,2010-01-03 14:48:00,2010-01-03 14:51:00,B1.1,POINT(53.0 -27.0),0
gev_20100103_1529,2010-01-03 15:29:00,2010-01-03 15:35:00,2010-01-03 15:41:00,B1.3,POINT(56.0 -28.0),0
gev_20100103_1552,2010-01-03 15:52:00,2010-01-03 16:03:00,2010-01-03 16:13:00,B6.7,POINT(57.0 -28.0),0
gev_20100103_1859,2010-01-03 18:59:00,2010-01-03 19:02:00,2010-01-03 19:04:00,B1.0,POINT(61.0 -25.0),0
gev_20100103_2043,2010-01-03 20:43:00,2010-01-03 20:49:00,2010-01-03 20:58:00,B3.3,POINT(61.0 -27.0),0
gev_20100104_0336,2010-01-04 03:36:00,2010-01-04 03:40:00,2010-01-04 03:42:00,C1.3,POINT(63.0 -28.0),0
gev_20100104_1000,2010-01-04 10:00:00,2010-01-04 10:04:00,2010-01-04 10:08:00,B1.4,POINT(65.0 -25.0),0
gev_20100104_1424,2010-01-04 14:24:00,2010-01-04 14:28:00,2010-01-04 14:35:00,B1.4,POINT(67.0 -26.0),0
gev_20100104_1951,2010-01-04 19:51:00,2010-01-04 19:56:00,2010-01-04 20:02:00,B1.2,POINT(69.0 -25.0),0
gev_20100104_2014,2010-01-04 20:14:00,2010-01-04 20:22:00,2010-01-04 20:27:00,B1.3,POINT(71.0 -27.0),0
gev_20100105_0846,2010-01-05 08:46:00,2010-01-05 08:52:00,2010-01-05 08:57:00,B1.2,POINT(81.0 -28.0),0
gev_20100105_0953,2010-01-05 09:53:00,2010-01-05 09:57:00,2010-01-05 10:02:00,B1.2,POINT(-30.0 -21.0),0
gev_20100106_0257,2010-01-06 02:57:00,2010-01-06 03:00:00,2010-01-06 03:07:00,B1.0,POINT(88.0 -27.0),0
gev_20100106_1640,2010-01-06 16:40:00,2010-01-06 16:45:00,2010-01-06 16:47:00,B1.7,POINT(-87.0 30.0),0
gev_20100106_1944,2010-01-06 19:44:00,2010-01-06 19:53:00,2010-01-06 19:57:00,B5.5,POINT(-82.0 29.0),0
gev_20100108_1742,2010-01-08 17:42:00,2010-01-08 17:46:00,2010-01-08 17:49:00,B1.4,POINT(-52.0 28.0),0
gev_20100109_0606,2010-01-09 06:06:00,2010-01-09 06:10:00,2010-01-09 06:13:00,B1.1,POINT(-45.0 29.0),0
gev_20100109_0746,2010-01-09 07:46:00,2010-01-09 07:52:00,2010-01-09 08:00:00,B2.1,POINT(-44.0 27.0),0
gev_20100109_0840,2010-01-09 08:40:00,2010-01-09 08:48:00,2010-01-09 08:56:00,B1.5,POINT(-47.0 30.0),0
gev_20100109_1107,2010-01-09 11:07:00,2010-01-09 11:14:00,2010-01-09 11:24:00,B3.6,POINT(-42.0 27.0),0
gev_20100109_1241,2010-01-09 12:41:00,2010-01-09 12:45:00,2010-01-09 12:57:00,B1.2,POINT(-42.0 29.0),0
gev_20100109_1450,2010-01-09 14:50:00,2010-01-09 15:03:00,2010-01-09 15:19:00,C1.0,POINT(-39.0 31.0),0
gev_20100109_2224,2010-01-09 22:24:00,2010-01-09 22:58:00,2010-01-09 23:23:00,B6.1,POINT(-42.0 35.0),0
gev_20100110_0027,2010-01-10 00:27:00,2010-01-10 00:35:00,2010-01-10 00:45:00,B2.5,POINT(-40.0 32.0),0
gev_20100110_0140,2010-01-10 01:40:00,2010-01-10 02:50:00,2010-01-10 03:08:00,B4.4,POINT(-33.0 32.0),0
gev_20100110_1152,2010-01-10 11:52:00,2010-01-10 11:57:00,2010-01-10 12:01:00,B3.7,POINT(-29.0 29.0),0
gev_20100110_1539,2010-01-10 15:39:00,2010-01-10 15:42:00,2010-01-10 15:45:00,B1.1,POINT(-28.0 28.0),0
gev_20100110_1756,2010-01-10 17:56:00,2010-01-10 18:00:00,2010-01-10 18:07:00,B1.9,POINT(-22.0 26.0),0
gev_20100110_2252,2010-01-10 22:52:00,2010-01-10 22:57:00,2010-01-10 23:04:00,B2.3,POINT(-24.0 28.0),0
gev_20100111_0141,2010-01-11 01:41:00,2010-01-11 01:50:00,2010-01-11 01:53:00,B2.7,POINT(-20.0 27.0),0
gev_20100111_0155,2010-01-11 01:55:00,2010-01-11 01:58:00,2010-01-11 02:02:00,B3.9,POINT(-20.0 27.0),0
gev_20100111_0448,2010-01-11 04:48:00,2010-01-11 04:54:00,2010-01-11 05:05:00,B2.7,POINT(-18.0 25.0),0
gev_20100111_0605,2010-01-11 06:05:00,2010-01-11 06:19:00,2010-01-11 06:34:00,B6.8,POINT(-16.0 26.0),0
gev_20100111_0800,2010-01-11 08:00:00,2010-01-11 08:05:00,2010-01-11 08:11:00,B1.9,POINT(-32.0 27.0),0
gev_20100111_0908,2010-01-11 09:08:00,2010-01-11 09:11:00,2010-01-11 09:13:00,B1.3,POINT(-17.0 33.0),0
gev_20100111_1116,2010-01-11 11:16:00,2010-01-11 12:01:00,2010-01-11 12:16:00,B6.1,POINT(-16.0 41.0),0
gev_20100111_1350,2010-01-11 13:50:00,2010-01-11 13:56:00,2010-01-11 14:01:00,B9.1,POINT(-14.0 26.0),0
gev_20100111_1427,2010-01-11 14:27:00,2010-01-11 14:36:00,2010-01-11 14:48:00,B5.4,POINT(-13.0 25.0),0
gev_20100111_1621,2010-01-11 16:21:00,2010-01-11 16:27:00,2010-01-11 16:45:00,B3.9,POINT(8.0 69.0),0
gev_20100112_1233,2010-01-12 12:33:00,2010-01-12 13:20:00,2010-01-12 13:34:00,C1.1,POINT(-1.0 35.0),0
gev_20100112_1733,2010-01-12 17:33:00,2010-01-12 17:36:00,2010-01-12 17:39:00,B2.7,POINT(4.0 25.0),0
gev_20100102_0310,2010-01-02 03:10:00,2010-01-02 03:13:00,2010-01-02 03:19:00,B1.1,POINT(39.0 -26.0),1039
gev_20100102_0709,2010-01-02 07:09:00,2010-01-02 07:24:00,2010-01-02 07:40:00,C1.0,POINT(41.0 -26.0),1039
gev_20100102_0758,2010-01-02 07:58:00,2010-01-02 08:05:00,2010-01-02 08:13:00,B6.4,POINT(38.0 -25.0),1039
gev_20100102_0901,2010-01-02 09:01:00,2010-01-02 09:10:00,2010-01-02 09:23:00,B4.5,POINT(44.0 -30.0),1039
gev_20100102_1159,2010-01-02 11:59:00,2010-01-02 12:09:00,2010-01-02 12:24:00,B4.8,POINT(48.0 -27.0),1039
gev_20100102_1408,2010-01-02 14:08:00,2010-01-02 14:16:00,2010-01-02 14:24:00,C2.6,POINT(40.0 -28.0),1039
gev_20100102_2239,2010-01-02 22:39:00,2010-01-02 22:46:00,2010-01-02 22:55:00,B4.3,POINT(48.0 -27.0),1039
gev_20100102_2257,2010-01-02 22:57:00,2010-01-02 23:19:00,2010-01-02 23:35:00,C3.1,POINT(45.0 -27.0),1039
gev_20100103_0117,2010-01-03 01:17:00,2010-01-03 01:22:00,2010-01-03 01:31:00,C2.0,POINT(49.0 -28.0),1039
gev_20100103_0353,2010-01-03 03:53:00,2010-01-03 04:07:00,2010-01-03 04:21:00,B6.1,POINT(51.0 -30.0),1039
gev_20100103_0743,2010-01-03 07:43:00,2010-01-03 07:46:00,2010-01-03 07:54:00,B1.5,POINT(49.0 -27.0),1039
gev_20100103_1050,2010-01-03 10:50:00,2010-01-03 11:03:00,2010-01-03 11:09:00,B1.5,POINT(56.0 -28.0),1039
gev_20100103_1201,2010-01-03 12:01:00,2010-01-03 12:12:00,2010-01-03 12:28:00,B7.1,POINT(55.0 -27.0),1039
gev_20100103_1443,2010-01-03 14:43:00,2010-01-03 14:48:00,2010-01-03 14:51:00,B1.1,POINT(53.0 -27.0),1039
gev_20100103_1529,2010-01-03 15:29:00,2010-01-03 15:35:00,2010-01-03 15:41:00,B1.3,POINT(56.0 -28.0),1039
gev_20100103_1552,2010-01-03 15:52:00,2010-01-03 16:03:00,2010-01-03 16:13:00,B6.7,POINT(57.0 -28.0),1039
gev_20100103_1859,2010-01-03 18:59:00,2010-01-03 19:02:00,2010-01-03 19:04:00,B1.0,POINT(61.0 -25.0),1039
gev_20100103_2043,2010-01-03 20:43:00,2010-01-03 20:49:00,2010-01-03 20:58:00,B3.3,POINT(61.0 -27.0),1039
gev_20100104_0336,2010-01-04 03:36:00,2010-01-04 03:40:00,2010-01-04 03:42:00,C1.3,POINT(63.0 -28.0),1039
gev_20100104_1000,2010-01-04 10:00:00,2010-01-04 10:04:00,2010-01-04 10:08:00,B1.4,POINT(65.0 -25.0),1039
gev_20100104_1424,2010-01-04 14:24:00,2010-01-04 14:28:00,2010-01-04 14:35:00,B1.4,POINT(67.0 -26.0),1039
gev_20100104_1951,2010-01-04 19:51:00,2010-01-04 19:56:00,2010-01-04 20:02:00,B1.2,POINT(69.0 -25.0),1039
gev_20100104_2014,2010-01-04 20:14:00,2010-01-04 20:22:00,2010-01-04 20:27:00,B1.3,POINT(71.0 -27.0),1039
gev_20100105_0846,2010-01-05 08:46:00,2010-01-05 08:52:00,2010-01-05 08:57:00,B1.2,POINT(81.0 -28.0),1039
gev_20100105_0953,2010-01-05 09:53:00,2010-01-05 09:57:00,2010-01-05 10:02:00,B1.2,POINT(-30.0 -21.0),0
gev_20100106_0257,2010-01-06 02:57:00,2010-01-06 03:00:00,2010-01-06 03:07:00,B1.0,POINT(88.0 -27.0),1039
gev_20100106_1640,2010-01-06 16:40:00,2010-01-06 16:45:00,2010-01-06 16:47:00,B1.7,POINT(-87.0 30.0),0
gev_20100106_1944,2010-01-06 19:44:00,2010-01-06 19:53:00,2010-01-06 19:57:00,B5.5,POINT(-82.0 29.0),0
gev_20100108_1742,2010-01-08 17:42:00,2010-01-08 17:46:00,2010-01-08 17:49:00,B1.4,POINT(-52.0 28.0),1040
gev_20100109_0606,2010-01-09 06:06:00,2010-01-09 06:10:00,2010-01-09 06:13:00,B1.1,POINT(-45.0 29.0),1040
gev_20100109_0746,2010-01-09 07:46:00,2010-01-09 07:52:00,2010-01-09 08:00:00,B2.1,POINT(-44.0 27.0),1040
gev_20100109_0840,2010-01-09 08:40:00,2010-01-09 08:48:00,2010-01-09 08:56:00,B1.5,POINT(-47.0 30.0),0
gev_20100109_1107,2010-01-09 11:07:00,2010-01-09 11:14:00,2010-01-09 11:24:00,B3.6,POINT(-42.0 27.0),1040
gev_20100109_1241,2010-01-09 12:41:00,2010-01-09 12:45:00,2010-01-09 12:57:00,B1.2,POINT(-42.0 29.0),1040
gev_20100109_1450,2010-01-09 14:50:00,2010-01-09 15:03:00,2010-01-09 15:19:00,C1.0,POINT(-39.0 31.0),0
gev_20100109_2224,2010-01-09 22:24:00,2010-01-09 22:58:00,2010-01-09 23:23:00,B6.1,POINT(-42.0 35.0),0
gev_20100110_0027,2010-01-10 00:27:00,2010-01-10 00:35:00,2010-01-10 00:45:00,B2.5,POINT(-40.0 32.0),0
gev_20100110_0140,2010-01-10 01:40:00,2010-01-10 02:50:00,2010-01-10 03:08:00,B4.4,POINT(-33.0 32.0),0
gev_20100110_1152,2010-01-10 11:52:00,2010-01-10 11:57:00,2010-01-10 12:01:00,B3.7,POINT(-29.0 29.0),0
gev_20100110_1539,2010-01-10 15:39:00,2010-01-10 15:42:00,2010-01-10 15:45:00,B1.1,POINT(-28.0 28.0),1040
gev_20100110_1756,2010-01-10 17:56:00,2010-01-10 18:00:00,2010-01-10 18:07:00,B1.9,POINT(-22.0 26.0),1040
gev_20100110_2252,2010-01-10 22:52:00,2010-01-10 22:57:00,2010-01-10 23:04:00,B2.3,POINT(-24.0 28.0),1040
gev_20100111_0141,2010-01-11 01:41:00,2010-01-11 01:50:00,2010-01-11 01:53:00,B2.7,POINT(-20.0 27.0),1040
gev_20100111_0155,2010-01-11 01:55:00,2010-01-11 01:58:00,2010-01-11 02:02:00,B3.9,POINT(-20.0 27.0),1040
gev_20100111_0448,2010-01-11 04:48:00,2010-01-11 04:54:00,2010-01-11 05:05:00,B2.7,POINT(-18.0 25.0),1040
gev_20100111_0605,2010-01-11 06:05:00,2010-01-11 06:19:00,2010-01-11 06:34:00,B6.8,POINT(-16.0 26.0),1040
gev_20100111_0800,2010-01-11 08:00:00,2010-01-11 08:05:00,2010-01-11 08:11:00,B1.9,POINT(-32.0 27.0),0
gev_20100111_0908,2010-01-11 09:08:00,2010-01-11 09:11:00,2010-01-11 09:13:00,B1.3,POINT(-17.0 33.0),0
gev_20100111_1116,2010-01-11 11:16:00,2010-01-11 12:01:00,2010-01-11 12:16:00,B6.1,POINT(-16.0 41.0),0
gev_20100111_1350,2010-01-11 13:50:00,2010-01-11 13:56:00,2010-01-11 14:01:00,B9.1,POINT(-14.0 26.0),1040
gev_20100111_1427,2010-01-11 14:27:00,2010-01-11 14:36:00,2010-01-11 14:48:00,B5.4,POINT(-13.0 25.0),1040
gev_20100111_1621,2010-01-11 16:21:00,2010-01-11 16:27:00,2010-01-11 16:45:00,B3.9,POINT(8.0 69.0),0
gev_20100101_1202,2010-01-01 12:02:00,2010-01-01 12:09:00,2010-01-01 12:18:00,B1.9,POINT(31.0 -29.0),0
gev_20100101_1233,2010-01-01 12:33:00,2010-01-01 12:43:00,2010-01-01 13:00:00,B2.3,POINT(34.0 -24.0),0
gev_20100101_2329,2010-01-01 23:29:00,2010-01-01 23:33:00,2010-01-01 23:42:00,B1.1,POINT(39.0 -25.0),0
gev_20100102_0310,2010-01-02 03:10:00,2010-01-02 03:13:00,2010-01-02 03:19:00,B1.1,POINT(39.0 -26.0),0
gev_20100102_0709,2010-01-02 07:09:00,2010-01-02 07:24:00,2010-01-02 07:40:00,C1.0,POINT(41.0 -26.0),0
gev_20100102_0758,2010-01-02 07:58:00,2010-01-02 08:05:00,2010-01-02 08:13:00,B6.4,POINT(38.0 -25.0),0
gev_20100102_0901,2010-01-02 09:01:00,2010-01-02 09:10:00,2010-01-02 09:23:00,B4.5,POINT(44.0 -30.0),0
gev_20100102_1159,2010-01-02 11:59:00,2010-01-02 12:09:00,2010-01-02 12:24:00,B4.8,POINT(48.0 -27.0),0
gev_20100102_1408,2010-01-02 14:08:00,2010-01-02 14:16:00,2010-01-02 14:24:00,C2.6,POINT(40.0 -28.0),0
gev_20100102_2239,2010-01-02 22:39:00,2010-01-02 22:46:00,2010-01-02 22:55:00,B4.3,POINT(48.0 -27.0),0
gev_20100102_2257,2010-01-02 22:57:00,2010-01-02 23:19:00,2010-01-02 23:35:00,C3.1,POINT(45.0 -27.0),0
gev_20100103_0117,2010-01-03 01:17:00,2010-01-03 01:22:00,2010-01-03 01:31:00,C2.0,POINT(49.0 -28.0),0
gev_20100103_0353,2010-01-03 03:53:00,2010-01-03 04:07:00,2010-01-03 04:21:00,B6.1,POINT(51.0 -30.0),0
gev_20100103_0743,2010-01-03 07:43:00,2010-01-03 07:46:00,2010-01-03 07:54:00,B1.5,POINT(49.0 -27.0),0
gev_20100103_1050,2010-01-03 10:50:00,2010-01-03 10:54:00,2010-01-03 11:09:00,B1.5,POINT(55.0 -28.0),0
gev_20100103_1201,2010-01-03 12:01:00,2010-01-03 12:12:00,2010-01-03 12:28:00,B7.1,POINT(55.0 -27.0),0
gev_20100103_1443,2010-01-03 14:43:00,2010-01-03 14:48:00,2010-01-03 14:51:00,B1.1,POINT(53.0 -27.0),0
gev_20100103_1529,2010-01-03 15:29:00,2010-01-03 15:35:00,2010-01-03 15:41:00,B1.3,POINT(56.0 -28.0),0
gev_20100103_1552,2010-01-03 15:52:00,2010-01-03 16:03:00,2010-01-03 16:13:00,B6.7,POINT(57.0 -28.0),0
gev_20100103_1859,2010-01-03 18:59:00,2010-01-03 19:02:00,2010-01-03 19:04:00,B1.0,POINT(61.0 -25.0),0
gev_20100103_2043,2010-01-03 20:43:00,2010-01-03 20:49:00,2010-01-03 20:58:00,B3.3,POINT(61.0 -27.0),0
gev_20100104_0336,2010-01-04 03:36:00,2010-01-04 03:40:00,2010-01-04 03:42:00,C1.3,POINT(63.0 -28.0),0
gev_20100104_1000,2010-01-04 10:00:00,2010-01-04 10:04:00,2010-01-04 10:08:00,B1.4,POINT(65.0 -25.0),0
gev_20100104_1424,2010-01-04 14:24:00,2010-01-04 14:28:00,2010-01-04 14:35:00,B1.4,POINT(67.0 -26.0),0
gev_20100104_1951,2010-01-04 19:51:00,2010-01-04 19:56:00,2010-01-04 20:02:00,B1.2,POINT(69.0 -25.0),0
gev_20100104_2014,2010-01-04 20:14:00,2010-01-04 20:22:00,2010-01-04 20:27:00,B1.3,POINT(71.0 -27.0),0
gev_20100105_0846,2010-01-05 08:46:00,2010-01-05 08:52:00,2010-01-05 08:57:00,B1.2,POINT(81.0 -28.0),0
gev_20100105_0953,2010-01-05 09:53:00,2010-01-05 09:57:00,2010-01-05 10:02:00,B1.2,POINT(-30.0 -21.0),0
gev_20100106_0257,2010-01-06 02:57:00,2010-01-06 03:00:00,2010-01-06 03:07:00,B1.0,POINT(88.0 -27.0),0
gev_20100106_1640,2010-01-06 16:40:00,2010-01-06 16:45:00,2010-01-06 16:47:00,B1.7,POINT(-87.0 30.0),0
gev_20100106_1944,2010-01-06 19:44:00,2010-01-06 19:53:00,2010-01-06 19:57:00,B5.5,POINT(-82.0 29.0),0
gev_20100108_1742,2010-01-08 17:42:00,2010-01-08 17:46:00,2010-01-08 17:49:00,B1.4,POINT(-52.0 28.0),0
gev_20100109_0606,2010-01-09 06:06:00,2010-01-09 06:10:00,2010-01-09 06:13:00,B1.1,POINT(-45.0 29.0),0
gev_20100109_0746,2010-01-09 07:46:00,2010-01-09 07:52:00,2010-01-09 08:00:00,B2.1,POINT(-44.0 27.0),0
gev_20100109_0840,2010-01-09 08:40:00,2010-01-09 08:48:00,2010-01-09 08:56:00,B1.5,POINT(-47.0 30.0),0
gev_20100109_1107,2010-01-09 11:07:00,2010-01-09 11:14:00,2010-01-09 11:24:00,B3.6,POINT(-42.0 27.0),0
gev_20100109_1241,2010-01-09 12:41:00,2010-01-09 12:45:00,2010-01-09 12:57:00,B1.2,POINT(-42.0 29.0),0
gev_20100109_1450,2010-01-09 14:50:00,2010-01-09 15:03:00,2010-01-09 15:19:00,C1.0,POINT(-39.0 31.0),0
gev_20100109_2224,2010-01-09 22:24:00,2010-01-09 22:58:00,2010-01-09 23:23:00,B6.1,POINT(-42.0 35.0),0
gev_20100110_0027,2010-01-10 00:27:00,2010-01-10 00:35:00,2010-01-10 00:45:00,B2.5,POINT(-40.0 32.0),0
gev_20100110_0140,2010-01-10 01:40:00,2010-01-10 02:50:00,2010-01-10 03:08:00,B4.4,POINT(-27.0 27.0),0
gev_20100110_1152,2010-01-10 11:52:00,2010-01-10 11:57:00,2010-01-10 12:01:00,B3.7,POINT(-29.0 29.0),0
gev_20100110_1539,2010-01-10 15:39:00,2010-01-10 15:42:00,2010-01-10 15:45:00,B1.1,POINT(-28.0 28.0),0
gev_20100110_1756,2010-01-10 17:56:00,2010-01-10 18:00:00,2010-01-10 18:07:00,B1.9,POINT(-22.0 26.0),0
gev_20100110_2252,2010-01-10 22:52:00,2010-01-10 22:57:00,2010-01-10 23:04:00,B2.3,POINT(-24.0 28.0),0
gev_20100111_0141,2010-01-11 01:41:00,2010-01-11 01:50:00,2010-01-11 01:53:00,B2.7,POINT(-20.0 27.0),0
gev_20100111_0155,2010-01-11 01:55:00,2010-01-11 01:58:00,2010-01-11 02:02:00,B3.9,POINT(-20.0 27.0),0
gev_20100111_0448,2010-01-11 04:48:00,2010-01-11 04:54:00,2010-01-11 05:05:00,B2.7,POINT(-18.0 25.0),0
gev_20091231_0042,2009-12-31 00:42:00,2009-12-31 00:48:00,2009-12-31 01:00:00,B2.6,POINT(10.0 -27.0),0
gev_20091231_0107,2009-12-31 01:07:00,2009-12-31 01:12:00,2009-12-31 01:16:00,B3.1,POINT(10.0 -27.0),0
gev_20091231_0330,2009-12-31 03:30:00,2009-12-31 04:17:00,2009-12-31 04:39:00,B2.6,POINT(17.0 -26.0),0
gev_20091231_0742,2009-12-31 07:42:00,2009-12-31 07:47:00,2009-12-31 07:50:00,B2.9,POINT(13.0 -29.0),0
gev_20091231_1024,2009-12-31 10:24:00,2009-12-31 10:27:00,2009-12-31 10:29:00,B1.9,POINT(16.0 -28.0),0
gev_20091231_1054,2009-12-31 10:54:00,2009-12-31 10:59:00,2009-12-31 11:06:00,B1.6,POINT(16.0 -27.0),0
gev_20091231_1115,2009-12-31 11:15:00,2009-12-31 11:20:00,2009-12-31 11:31:00,B1.9,POINT(18.0 -29.0),0
gev_20091231_1429,2009-12-31 14:29:00,2009-12-31 14:32:00,2009-12-31 14:51:00,B1.3,POINT(17.0 -28.0),0
gev_20091231_1537,2009-12-31 15:37:00,2009-12-31 15:42:00,2009-12-31 15:46:00,B1.5,POINT(17.0 -28.0),0
gev_20091231_1902,2009-12-31 19:02:00,2009-12-31 19:06:00,2009-12-31 19:10:00,B1.8,POINT(23.0 -31.0),0
gev_20100101_1202,2010-01-01 12:02:00,2010-01-01 12:09:00,2010-01-01 12:18:00,B1.9,POINT(31.0 -29.0),0
gev_20100101_1233,2010-01-01 12:33:00,2010-01-01 12:43:00,2010-01-01 13:00:00,B2.3,POINT(34.0 -24.0),0
gev_20100101_2329,2010-01-01 23:29:00,2010-01-01 23:33:00,2010-01-01 23:42:00,B1.1,POINT(39.0 -25.0),0
gev_20100102_0310,2010-01-02 03:10:00,2010-01-02 03:13:00,2010-01-02 03:19:00,B1.1,POINT(39.0 -26.0),0
gev_20100102_0709,2010-01-02 07:09:00,2010-01-02 07:24:00,2010-01-02 07:40:00,C1.0,POINT(41.0 -26.0),0
gev_20100102_0758,2010-01-02 07:58:00,2010-01-02 08:05:00,2010-01-02 08:13:00,B6.4,POINT(38.0 -25.0),0
gev_20100102_0901,2010-01-02 09:01:00,2010-01-02 09:10:00,2010-01-02 09:23:00,B4.5,POINT(44.0 -30.0),0
gev_20100102_1159,2010-01-02 11:59:00,2010-01-02 12:09:00,2010-01-02 12:24:00,B4.8,POINT(48.0 -27.0),0
gev_20100102_1408,2010-01-02 14:08:00,2010-01-02 14:16:00,2010-01-02 14:24:00,C2.6,POINT(40.0 -28.0),0
gev_20100102_2239,2010-01-02 22:39:00,2010-01-02 22:46:00,2010-01-02 22:55:00,B4.3,POINT(48.0 -27.0),0
gev_20100102_2257,2010-01-02 22:57:00,2010-01-02 23:19:00,2010-01-02 23:35:00,C3.1,POINT(45.0 -27.0),0
gev_20100103_0117,2010-01-03 01:17:00,2010-01-03 01:22:00,2010-01-03 01:31:00,C2.0,POINT(49.0 -28.0),0
gev_20100103_0353,2010-01-03 03:53:00,2010-01-03 04:07:00,2010-01-03 04:21:00,B6.1,POINT(51.0 -30.0),0
gev_20100103_0743,2010-01-03 07:43:00,2010-01-03 07:46:00,2010-01-03 07:54:00,B1.5,POINT(49.0 -27.0),0
gev_20100103_1050,2010-01-03 10:50:00,2010-01-03 10:54:00,2010-01-03 11:09:00,B1.5,POINT(55.0 -28.0),0
gev_20100103_1201,2010-01-03 12:01:00,2010-01-03 12:12:00,2010-01-03 12:28:00,B7.1,POINT(55.0 -27.0),0
gev_20100103_1443,2010-01-03 14:43:00,2010-01-03 14:48:00,2010-01-03 14:51:00,B1.1,POINT(53.0 -27.0),0
gev_20100103_1529,2010-01-03 15:29:00,2010-01-03 15:35:00,2010-01-03 15:41:00,B1.3,POINT(56.0 -28.0),0
gev_20100103_1552,2010-01-03 15:52:00,2010-01-03 16:03:00,2010-01-03 16:13:00,B6.7,POINT(57.0 -28.0),0
gev_20100103_1859,2010-01-03 18:59:00,2010-01-03 19:02:00,2010-01-03 19:04:00,B1.0,POINT(61.0 -25.0),0
gev_20100103_2043,2010-01-03 20:43:00,2010-01-03 20:49:00,2010-01-03 20:58:00,B3.3,POINT(61.0 -27.0),0
gev_20100104_0336,2010-01-04 03:36:00,2010-01-04 03:40:00,2010-01-04 03:42:00,C1.3,POINT(63.0 -28.0),0
gev_20100104_1000,2010-01-04 10:00:00,2010-01-04 10:04:00,2010-01-04 10:08:00,B1.4,POINT(65.0 -25.0),0
gev_20100104_1424,2010-01-04 14:24:00,2010-01-04 14:28:00,2010-01-04 14:35:00,B1.4,POINT(67.0 -26.0),0
gev_20100104_1951,2010-01-04 19:51:00,2010-01-04 19:56:00,2010-01-04 20:02:00,B1.2,POINT(69.0 -25.0),0
gev_20100104_2014,2010-01-04 20:14:00,2010-01-04 20:22:00,2010-01-04 20:27:00,B1.3,POINT(71.0 -27.0),0
gev_20100105_0846,2010-01-05 08:46:00,2010-01-05 08:52:00,2010-01-05 08:57:00,B1.2,POINT(81.0 -28.0),0
gev_20100105_0953,2010-01-05 09:53:00,2010-01-05 09:57:00,2010-01-05 10:02:00,B1.2,POINT(-30.0 -21.0),0
gev_20100106_0257,2010-01-06 02:57:00,2010-01-06 03:00:00,2010-01-06 03:07:00,B1.0,POINT(88.0 -27.0),0
gev_20100106_1640,2010-01-06 16:40:00,2010-01-06 16:45:00,2010-01-06 16:47:00,B1.7,POINT(-87.0 30.0),0
gev_20100106_1944,2010-01-06 19:44:00,2010-01-06 19:53:00,2010-01-06 19:57:00,B5.5,POINT(-82.0 29.0),0
gev_20100108_1742,2010-01-08 17:42:00,2010-01-08 17:46:00,2010-01-08 17:49:00,B1.4,POINT(-52.0 28.0),0
gev_20100109_0606,2010-01-09 06:06:00,2010-01-09 06:10:00,2010-01-09 06:13:00,B1.1,POINT(-45.0 29.0),0
gev_20100109_0746,2010-01-09 07:46:00,2010-01-09 07:52:00,2010-01-09 08:00:00,B2.1,POINT(-44.0 27.0),0
gev_20100109_0840,2010-01-09 08:40:00,2010-01-09 08:48:00,2010-01-09 08:56:00,B1.5,POINT(-47.0 30.0),0
gev_20100109_1107,2010-01-09 11:07:00,2010-01-09 11:14:00,2010-01-09 11:24:00,B3.6,POINT(-42.0 27.0),0
gev_20100109_1241,2010-01-09 12:41:00,2010-01-09 12:45:00,2010-01-09 12:57:00,B1.2,POINT(-42.0 29.0),0
gev_20100109_1450,2010-01-09 14:50:00,2010-01-09 15:03:00,2010-01-09 15:19:00,C1.0,POINT(-39.0 31.0),0
gev_20100109_2224,2010-01-09 22:24:00,2010-01-09 22:58:00,2010-01-09 23:23:00,B6.1,POINT(-42.0 35.0),0
gev_20091230_2300,2009-12-30 23:00:00,2009-12-30 23:03:00,2009-12-30 23:08:00,B4.8,POINT(9.0 -28.0),1039
gev_20091230_2348,2009-12-30 23:48:00,2009-12-30 23:51:00,2009-12-30 23:53:00,B2.3,POINT(11.0 -27.0),1039
gev_20091230_2354,2009-12-30 23:54:00,2009-12-31 00:02:00,2009-12-31 00:08:00,B1.6,POINT(12.0 -26.0),1039
gev_20091231_0042,2009-12-31 00:42:00,2009-12-31 00:48:00,2009-12-31 01:00:00,B2.6,POINT(10.0 -27.0),1039
gev_20091231_0107,2009-12-31 01:07:00,2009-12-31 01:12:00,2009-12-31 01:16:00,B3.1,POINT(10.0 -27.0),1039
gev_20091231_0330,2009-12-31 03:30:00,2009-12-31 04:17:00,2009-12-31 04:39:00,B2.6,POINT(17.0 -26.0),1039
gev_20091231_0742,2009-12-31 07:42:00,2009-12-31 07:47:00,2009-12-31 07:50:00,B2.9,POINT(13.0 -29.0),1039
gev_20091231_1024,2009-12-31 10:24:00,2009-12-31 10:27:00,2009-12-31 10:29:00,B1.9,POINT(16.0 -28.0),1039
gev_20091231_1054,2009-12-31 10:54:00,2009-12-31 10:59:00,2009-12-31 11:06:00,B1.6,POINT(16.0 -27.0),1039
gev_20091231_1115,2009-12-31 11:15:00,2009-12-31 11:20:00,2009-12-31 11:31:00,B1.9,POINT(18.0 -29.0),0
gev_20091231_1429,2009-12-31 14:29:00,2009-12-31 14:32:00,2009-12-31 14:51:00,B1.3,POINT(17.0 -28.0),0
gev_20091231_1537,2009-12-31 15:37:00,2009-12-31 15:42:00,2009-12-31 15:46:00,B1.5,POINT(17.0 -28.0),0
gev_20091231_1902,2009-12-31 19:02:00,2009-12-31 19:06:00,2009-12-31 19:10:00,B1.8,POINT(23.0 -31.0),1039
gev_20100101_1202,2010-01-01 12:02:00,2010-01-01 12:09:00,2010-01-01 12:18:00,B1.9,POINT(31.0 -29.0),1039
gev_20100101_1233,2010-01-01 12:33:00,2010-01-01 12:43:00,2010-01-01 13:00:00,B2.3,POINT(34.0 -24.0),1039
gev_20100101_2329,2010-01-01 23:29:00,2010-01-01 23:33:00,2010-01-01 23:42:00,B1.1,POINT(39.0 -25.0),1039
gev_20100102_0310,2010-01-02 03:10:00,2010-01-02 03:13:00,2010-01-02 03:19:00,B1.1,POINT(39.0 -26.0),1039
gev_20100102_0709,2010-01-02 07:09:00,2010-01-02 07:24:00,2010-01-02 07:40:00,C1.0,POINT(41.0 -26.0),1039
gev_20100102_0758,2010-01-02 07:58:00,2010-01-02 08:05:00,2010-01-02 08:13:00,B6.4,POINT(38.0 -25.0),1039
gev_20100102_0901,2010-01-02 09:01:00,2010-01-02 09:10:00,2010-01-02 09:23:00,B4.5,POINT(44.0 -30.0),1039
gev_20100102_1159,2010-01-02 11:59:00,2010-01-02 12:09:00,2010-01-02 12:24:00,B4.8,POINT(48.0 -27.0),1039
gev_20100102_1408,2010-01-02 14:08:00,2010-01-02 14:16:00,2010-01-02 14:24:00,C2.6,POINT(40.0 -28.0),1039
gev_20100102_2239,2010-01-02 22:39:00,2010-01-02 22:46:00,2010-01-02 22:55:00,B4.3,POINT(48.0 -27.0),1039
gev_20100102_2257,2010-01-02 22:57:00,2010-01-02 23:19:00,2010-01-02 23:35:00,C3.1,POINT(45.0 -27.0),1039
gev_20100103_0117,2010-01-03 01:17:00,2010-01-03 01:22:00,2010-01-03 01:31:00,C2.0,POINT(49.0 -28.0),1039
gev_20100103_0353,2010-01-03 03:53:00,2010-01-03 04:07:00,2010-01-03 04:21:00,B6.1,POINT(51.0 -30.0),1039
gev_20100103_0743,2010-01-03 07:43:00,2010-01-03 07:46:00,2010-01-03 07:54:00,B1.5,POINT(49.0 -27.0),1039
gev_20100103_1050,2010-01-03 10:50:00,2010-01-03 11:03:00,2010-01-03 11:09:00,B1.5,POINT(56.0 -28.0),1039
gev_20100103_1201,2010-01-03 12:01:00,2010-01-03 12:12:00,2010-01-03 12:28:00,B7.1,POINT(55.0 -27.0),1039
gev_20100103_1443,2010-01-03 14:43:00,2010-01-03 14:48:00,2010-01-03 14:51:00,B1.1,POINT(53.0 -27.0),1039
gev_20100103_1529,2010-01-03 15:29:00,2010-01-03 15:35:00,2010-01-03 15:41:00,B1.3,POINT(56.0 -28.0),1039
gev_20100103_1552,2010-01-03 15:52:00,2010-01-03 16:03:00,2010-01-03 16:13:00,B6.7,POINT(57.0 -28.0),1039
gev_20100103_1859,2010-01-03 18:59:00,2010-01-03 19:02:00,2010-01-03 19:04:00,B1.0,POINT(61.0 -25.0),1039
gev_20100103_2043,2010-01-03 20:43:00,2010-01-03 20:49:00,2010-01-03 20:58:00,B3.3,POINT(61.0 -27.0),1039
gev_20100104_0336,2010-01-04 03:36:00,2010-01-04 03:40:00,2010-01-04 03:42:00,C1.3,POINT(63.0 -28.0),1039
gev_20100104_1000,2010-01-04 10:00:00,2010-01-04 10:04:00,2010-01-04 10:08:00,B1.4,POINT(65.0 -25.0),1039
gev_20100104_1424,2010-01-04 14:24:00,2010-01-04 14:28:00,2010-01-04 14:35:00,B1.4,POINT(67.0 -26.0),1039
gev_20100104_1951,2010-01-04 19:51:00,2010-01-04 19:56:00,2010-01-04 20:02:00,B1.2,POINT(69.0 -25.0),1039
gev_20100104_2014,2010-01-04 20:14:00,2010-01-04 20:22:00,2010-01-04 20:27:00,B1.3,POINT(71.0 -27.0),1039
gev_20100105_0846,2010-01-05 08:46:00,2010-01-05 08:52:00,2010-01-05 08:57:00,B1.2,POINT(81.0 -28.0),1039
gev_20100105_0953,2010-01-05 09:53:00,2010-01-05 09:57:00,2010-01-05 10:02:00,B1.2,POINT(-30.0 -21.0),0
gev_20100106_0257,2010-01-06 02:57:00,2010-01-06 03:00:00,2010-01-06 03:07:00,B1.0,POINT(88.0 -27.0),1039
gev_20100106_1640,2010-01-06 16:40:00,2010-01-06 16:45:00,2010-01-06 16:47:00,B1.7,POINT(-87.0 30.0),0
gev_20100106_1944,2010-01-06 19:44:00,2010-01-06 19:53:00,2010-01-06 19:57:00,B5.5,POINT(-82.0 29.0),0
gev_20100108_1742,2010-01-08 17:42:00,2010-01-08 17:46:00,2010-01-08 17:49:00,B1.4,POINT(-52.0 28.0),1040
gev_20091230_2300,2009-12-30 23:00:00,2009-12-30 23:03:00,2009-12-30 23:08:00,B4.8,POINT(9.0 -28.0),1039
gev_20091230_2348,2009-12-30 23:48:00,2009-12-30 23:51:00,2009-12-30 23:53:00,B2.3,POINT(11.0 -27.0),1039
gev_20091230_2354,2009-12-30 23:54:00,2009-12-31 00:02:00,2009-12-31 00:08:00,B1.6,POINT(12.0 -26.0),1039
gev_20091231_0042,2009-12-31 00:42:00,2009-12-31 00:48:00,2009-12-31 01:00:00,B2.6,POINT(10.0 -27.0),1039
gev_20091231_0107,2009-12-31 01:07:00,2009-12-31 01:12:00,2009-12-31 01:16:00,B3.1,POINT(10.0 -27.0),1039
gev_20091231_0330,2009-12-31 03:30:00,2009-12-31 04:17:00,2009-12-31 04:39:00,B2.6,POINT(17.0 -26.0),1039
gev_20091231_0742,2009-12-31 07:42:00,2009-12-31 07:47:00,2009-12-31 07:50:00,B2.9,POINT(13.0 -29.0),1039
gev_20091231_1024,2009-12-31 10:24:00,2009-12-31 10:27:00,2009-12-31 10:29:00,B1.9,POINT(16.0 -28.0),1039
gev_20091231_1054,2009-12-31 10:54:00,2009-12-31 10:59:00,2009-12-31 11:06:00,B1.6,POINT(16.0 -27.0),1039
gev_20091231_1115,2009-12-31 11:15:00,2009-12-31 11:20:00,2009-12-31 11:31:00,B1.9,POINT(18.0 -29.0),1039
gev_20091231_1429,2009-12-31 14:29:00,2009-12-31 14:32:00,2009-12-31 14:51:00,B1.3,POINT(17.0 -28.0),1039
gev_20091231_1537,2009-12-31 15:37:00,2009-12-31 15:42:00,2009-12-31 15:46:00,B1.5,POINT(17.0 -28.0),1039
gev_20091231_1902,2009-12-31 19:02:00,2009-12-31 19:06:00,2009-12-31 19:10:00,B1.8,POINT(23.0 -31.0),1039
gev_20100101_1202,2010-01-01 12:02:00,2010-01-01 12:09:00,2010-01-01 12:18:00,B1.9,POINT(31.0 -29.0),1039
gev_20100101_1233,2010-01-01 12:33:00,2010-01-01 12:43:00,2010-01-01 13:00:00,B2.3,POINT(34.0 -24.0),0
gev_20100101_2329,2010-01-01 23:29:00,2010-01-01 23:33:00,2010-01-01 23:42:00,B1.1,POINT(39.0 -25.0),0
gev_20100102_0310,2010-01-02 03:10:00,2010-01-02 03:13:00,2010-01-02 03:19:00,B1.1,POINT(39.0 -26.0),0
gev_20100102_0709,2010-01-02 07:09:00,2010-01-02 07:24:00,2010-01-02 07:40:00,C1.0,POINT(41.0 -26.0),0
gev_20100102_0758,2010-01-02 07:58:00,2010-01-02 08:05:00,2010-01-02 08:13:00,B6.4,POINT(38.0 -25.0),1039
gev_20100102_0901,2010-01-02 09:01:00,2010-01-02 09:10:00,2010-01-02 09:23:00,B4.5,POINT(44.0 -30.0),0
gev_20100102_1159,2010-01-02 11:59:00,2010-01-02 12:09:00,2010-01-02 12:24:00,B4.8,POINT(48.0 -27.0),0
gev_20100102_1408,2010-01-02 14:08:00,2010-01-02 14:16:00,2010-01-02 14:24:00,C2.6,POINT(40.0 -28.0),1039
gev_20100102_2239,2010-01-02 22:39:00,2010-01-02 22:46:00,2010-01-02 22:55:00,B4.3,POINT(48.0 -27.0),0
gev_20100102_2257,2010-01-02 22:57:00,2010-01-02 23:19:00,2010-01-02 23:35:00,C3.1,POINT(45.0 -27.0),0
gev_20100103_0117,2010-01-03 01:17:00,2010-01-03 01:22:00,2010-01-03 01:31:00,C2.0,POINT(49.0 -28.0),0
gev_20100103_0353,2010-01-03 03:53:00,2010-01-03 04:07:00,2010-01-03 04:21:00,B6.1,POINT(51.0 -30.0),0
gev_20100103_0743,2010-01-03 07:43:00,2010-01-03 07:46:00,2010-01-03 07:54:00,B1.5,POINT(49.0 -27.0),0
gev_20100103_1050,2010-01-03 10:50:00,2010-01-03 11:03:00,2010-01-03 11:09:00,B1.5,POINT(56.0 -28.0),0
gev_20100103_1201,2010-01-03 12:01:00,2010-01-03 12:12:00,2010-01-03 12:28:00,B7.1,POINT(55.0 -27.0),0
gev_20100103_1443,2010-01-03 14:43:00,2010-01-03 14:48:00,2010-01-03 14:51:00,B1.1,POINT(53.0 -27.0),0
gev_20100103_1529,2010-01-03 15:29:00,2010-01-03 15:35:00,2010-01-03 15:41:00,B1.3,POINT(56.0 -28.0),0
gev_20100103_1552,2010-01-03 15:52:00,2010-01-03 16:03:00,2010-01-03 16:13:00,B6.7,POINT(57.0 -28.0),0
gev_20100103_1859,2010-01-03 18:59:00,2010-01-03 19:02:00,2010-01-03 19:04:00,B1.0,POINT(61.0 -25.0),0
gev_20100103_2043,2010-01-03 20:43:00,2010-01-03 20:49:00,2010-01-03 20:58:00,B3.3,POINT(61.0 -27.0),0
gev_20100104_0336,2010-01-04 03:36:00,2010-01-04 03:40:00,2010-01-04 03:42:00,C1.3,POINT(63.0 -28.0),0
gev_20100104_1000,2010-01-04 10:00:00,2010-01-04 10:04:00,2010-01-04 10:08:00,B1.4,POINT(65.0 -25.0),0
gev_20100104_1424,2010-01-04 14:24:00,2010-01-04 14:28:00,2010-01-04 14:35:00,B1.4,POINT(67.0 -26.0),0
gev_20100104_1951,2010-01-04 19:51:00,2010-01-04 19:56:00,2010-01-04 20:02:00,B1.2,POINT(69.0 -25.0),0
gev_20100104_2014,2010-01-04 20:14:00,2010-01-04 20:22:00,2010-01-04 20:27:00,B1.3,POINT(71.0 -27.0),0
gev_20100105_0846,2010-01-05 08:46:00,2010-01-05 08:52:00,2010-01-05 08:57:00,B1.2,POINT(81.0 -28.0),0
gev_20100105_0953,2010-01-05 09:53:00,2010-01-05 09:57:00,2010-01-05 10:02:00,B1.2,POINT(-30.0 -21.0),0
gev_20100106_0257,2010-01-06 02:57:00,2010-01-06 03:00:00,2010-01-06 03:07:00,B1.0,POINT(88.0 -27.0),0
gev_20100106_1640,2010-01-06 16:40:00,2010-01-06 16:45:00,2010-01-06 16:47:00,B1.7,POINT(-87.0 30.0),0
gev_20100106_1944,2010-01-06 19:44:00,2010-01-06 19:53:00,2010-01-06 19:57:00,B5.5,POINT(-82.0 29.0),0
gev_20091226_0725,2009-12-26 07:25:00,2009-12-26 07:30:00,2009-12-26 07:39:00,B1.4,POINT(-50.0 -27.0),1039
gev_20091226_0854,2009-12-26 08:54:00,2009-12-26 09:00:00,2009-12-26 09:20:00,B1.9,POINT(-54.0 -29.0),1039
gev_20091226_1217,2009-12-26 12:17:00,2009-12-26 12:20:00,2009-12-26 12:23:00,B1.0,POINT(-48.0 -26.0),1039
gev_20091226_1651,2009-12-26 16:51:00,2009-12-26 16:57:00,2009-12-26 17:05:00,B4.8,POINT(-43.0 -27.0),1039
gev_20091226_1809,2009-12-26 18:09:00,2009-12-26 18:12:00,2009-12-26 18:15:00,B1.7,POINT(-46.0 -28.0),1039
gev_20091226_1838,2009-12-26 18:38:00,2009-12-26 18:43:00,2009-12-26 18:48:00,B4.6,POINT(-43.0 -27.0),1039
gev_20091227_0721,2009-12-27 07:21:00,2009-12-27 07:30:00,2009-12-27 07:33:00,B2.9,POINT(-36.0 -27.0),1039
gev_20091227_1128,2009-12-27 11:28:00,2009-12-27 11:39:00,2009-12-27 11:57:00,B7.6,POINT(-34.0 -26.0),1039
gev_20091230_2300,2009-12-30 23:00:00,2009-12-30 23:03:00,2009-12-30 23:08:00,B4.8,POINT(9.0 -28.0),1039
gev_20091230_2348,2009-12-30 23:48:00,2009-12-30 23:51:00,2009-12-30 23:53:00,B2.3,POINT(11.0 -27.0),1039
gev_20091230_2354,2009-12-30 23:54:00,2009-12-31 00:02:00,2009-12-31 00:08:00,B1.6,POINT(12.0 -26.0),1039
gev_20091231_0042,2009-12-31 00:42:00,2009-12-31 00:48:00,2009-12-31 01:00:00,B2.6,POINT(10.0 -27.0),1039
gev_20091231_0107,2009-12-31 01:07:00,2009-12-31 01:12:00,2009-12-31 01:16:00,B3.1,POINT(10.0 -27.0),1039
gev_20091231_0330,2009-12-31 03:30:00,2009-12-31 04:17:00,2009-12-31 04:39:00,B2.6,POINT(17.0 -26.0),1039
gev_20091231_0742,2009-12-31 07:42:00,2009-12-31 07:47:00,2009-12-31 07:50:00,B2.9,POINT(13.0 -29.0),1039
gev_20091231_1024,2009-12-31 10:24:00,2009-12-31 10:27:00,2009-12-31 10:29:00,B1.9,POINT(16.0 -28.0),1039
gev_20091231_1054,2009-12-31 10:54:00,2009-12-31 10:59:00,2009-12-31 11:06:00,B1.6,POINT(16.0 -27.0),1039
gev_20091231_1115,2009-12-31 11:15:00,2009-12-31 11:20:00,2009-12-31 11:31:00,B1.9,POINT(18.0 -29.0),1039
gev_20091231_1429,2009-12-31 14:29:00,2009-12-31 14:32:00,2009-12-31 14:51:00,B1.3,POINT(17.0 -28.0),1039
gev_20091231_1537,2009-12-31 15:37:00,2009-12-31 15:42:00,2009-12-31 15:46:00,B1.5,POINT(17.0 -28.0),1039
gev_20091231_1902,2009-12-31 19:02:00,2009-12-31 19:06:00,2009-12-31 19:10:00,B1.8,POINT(23.0 -31.0),1039
gev_20100101_1202,2010-01-01 12:02:00,2010-01-01 12:09:00,2010-01-01 12:18:00,B1.9,POINT(31.0 -29.0),1039
gev_20100101_1233,2010-01-01 12:33:00,2010-01-01 12:43:00,2010-01-01 13:00:00,B2.3,POINT(34.0 -24.0),0
gev_20100101_2329,2010-01-01 23:29:00,2010-01-01 23:33:00,2010-01-01 23:42:00,B1.1,POINT(39.0 -25.0),0
gev_20100102_0310,2010-01-02 03:10:00,2010-01-02 03:13:00,2010-01-02 03:19:00,B1.1,POINT(39.0 -26.0),0
gev_20100102_0709,2010-01-02 07:09:00,2010-01-02 07:24:00,2010-01-02 07:40:00,C1.0,POINT(41.0 -26.0),0
gev_20100102_0758,2010-01-02 07:58:00,2010-01-02 08:05:00,2010-01-02 08:13:00,B6.4,POINT(38.0 -25.0),1039
gev_20100102_0901,2010-01-02 09:01:00,2010-01-02 09:10:00,2010-01-02 09:23:00,B4.5,POINT(44.0 -30.0),0
gev_20100102_1159,2010-01-02 11:59:00,2010-01-02 12:09:00,2010-01-02 12:24:00,B4.8,POINT(48.0 -27.0),0
gev_20100102_1408,2010-01-02 14:08:00,2010-01-02 14:16:00,2010-01-02 14:24:00,C2.6,POINT(40.0 -28.0),1039
gev_20100102_2239,2010-01-02 22:39:00,2010-01-02 22:46:00,2010-01-02 22:55:00,B4.3,POINT(48.0 -27.0),0
gev_20100102_2257,2010-01-02 22:57:00,2010-01-02 23:19:00,2010-01-02 23:35:00,C3.1,POINT(45.0 -27.0),0
gev_20100103_0117,2010-01-03 01:17:00,2010-01-03 01:22:00,2010-01-03 01:31:00,C2.0,POINT(49.0 -28.0),0
gev_20100103_0353,2010-01-03 03:53:00,2010-01-03 04:07:00,2010-01-03 04:21:00,B6.1,POINT(51.0 -30.0),0
gev_20100103_0743,2010-01-03 07:43:00,2010-01-03 07:46:00,2010-01-03 07:54:00,B1.5,POINT(49.0 -27.0),0
gev_20100103_1050,2010-01-03 10:50:00,2010-01-03 11:03:00,2010-01-03 11:09:00,B1.5,POINT(56.0 -28.0),0
gev_20100103_1201,2010-01-03 12:01:00,2010-01-03 12:12:00,2010-01-03 12:28:00,B7.1,POINT(55.0 -27.0),0
gev_20100103_1443,2010-01-03 14:43:00,2010-01-03 14:48:00,2010-01-03 14:51:00,B1.1,POINT(53.0 -27.0),0
gev_20100103_1529,2010-01-03 15:29:00,2010-01-03 15:35:00,2010-01-03 15:41:00,B1.3,POINT(56.0 -28.0),0
gev_20100103_1552,2010-01-03 15:52:00,2010-01-03 16:03:00,2010-01-03 16:13:00,B6.7,POINT(57.0 -28.0),0
gev_20100103_1859,2010-01-03 18:59:00,2010-01-03 19:02:00,2010-01-03 19:04:00,B1.0,POINT(61.0 -25.0),0
gev_20100103_2043,2010-01-03 20:43:00,2010-01-03 20:49:00,2010-01-03 20:58:00,B3.3,POINT(61.0 -27.0),0
gev_20100104_0336,2010-01-04 03:36:00,2010-01-04 03:40:00,2010-01-04 03:42:00,C1.3,POINT(63.0 -28.0),0
gev_20100104_1000,2010-01-04 10:00:00,2010-01-04 10:04:00,2010-01-04 10:08:00,B1.4,POINT(65.0 -25.0),0
gev_20100104_1424,2010-01-04 14:24:00,2010-01-04 14:28:00,2010-01-04 14:35:00,B1.4,POINT(67.0 -26.0),0
gev_20100104_1951,2010-01-04 19:51:00,2010-01-04 19:56:00,2010-01-04 20:02:00,B1.2,POINT(69.0 -25.0),0
gev_20100104_2014,2010-01-04 20:14:00,2010-01-04 20:22:00,2010-01-04 20:27:00,B1.3,POINT(71.0 -27.0),0
gev_20100105_0846,2010-01-05 08:46:00,2010-01-05 08:52:00,2010-01-05 08:57:00,B1.2,POINT(81.0 -28.0),0
gev_20091226_0725,2009-12-26 07:25:00,2009-12-26 07:30:00,2009-12-26 07:39:00,B1.4,POINT(-50.0 -27.0),1039
gev_20091226_0854,2009-12-26 08:54:00,2009-12-26 09:00:00,2009-12-26 09:20:00,B1.9,POINT(-54.0 -29.0),1039
gev_20091226_1217,2009-12-26 12:17:00,2009-12-26 12:20:00,2009-12-26 12:23:00,B1.0,POINT(-48.0 -26.0),1039
gev_20091226_1651,2009-12-26 16:51:00,2009-12-26 16:57:00,2009-12-26 17:05:00,B4.8,POINT(-43.0 -27.0),0
gev_20091226_1809,2009-12-26 18:09:00,2009-12-26 18:12:00,2009-12-26 18:15:00,B1.7,POINT(-46.0 -28.0),0
gev_20091226_1838,2009-12-26 18:38:00,2009-12-26 18:43:00,2009-12-26 18:48:00,B4.6,POINT(-43.0 -27.0),0
gev_20091227_0721,2009-12-27 07:21:00,2009-12-27 07:30:00,2009-12-27 07:33:00,B2.9,POINT(-36.0 -27.0),0
gev_20091227_1128,2009-12-27 11:28:00,2009-12-27 11:39:00,2009-12-27 11:57:00,B7.6,POINT(-34.0 -26.0),0
gev_20091230_2300,2009-12-30 23:00:00,2009-12-30 23:03:00,2009-12-30 23:08:00,B4.8,POINT(9.0 -28.0),0
gev_20091230_2348,2009-12-30 23:48:00,2009-12-30 23:51:00,2009-12-30 23:53:00,B2.3,POINT(11.0 -27.0),0
gev_20091230_2354,2009-12-30 23:54:00,2009-12-31 00:02:00,2009-12-31 00:08:00,B1.6,POINT(12.0 -26.0),0
gev_20091231_0042,2009-12-31 00:42:00,2009-12-31 00:48:00,2009-12-31 01:00:00,B2.6,POINT(10.0 -27.0),0
gev_20091231_0107,2009-12-31 01:07:00,2009-12-31 01:12:00,2009-12-31 01:16:00,B3.1,POINT(10.0 -27.0),0
gev_20091231_0330,2009-12-31 03:30:00,2009-12-31 04:17:00,2009-12-31 04:39:00,B2.6,POINT(17.0 -26.0),0
gev_20091231_0742,2009-12-31 07:42:00,2009-12-31 07:47:00,2009-12-31 07:50:00,B2.9,POINT(13.0 -29.0),0
gev_20091231_1024,2009-12-31 10:24:00,2009-12-31 10:27:00,2009-12-31 10:29:00,B1.9,POINT(16.0 -28.0),0
gev_20091231_1054,2009-12-31 10:54:00,2009-12-31 10:59:00,2009-12-31 11:06:00,B1.6,POINT(16.0 -27.0),0
gev_20091231_1115,2009-12-31 11:15:00,2009-12-31 11:20:00,2009-12-31 11:31:00,B1.9,POINT(18.0 -29.0),0
gev_20091231_1429,2009-12-31 14:29:00,2009-12-31 14:32:00,2009-12-31 14:51:00,B1.3,POINT(17.0 -28.0),0
gev_20091231_1537,2009-12-31 15:37:00,2009-12-31 15:42:00,2009-12-31 15:46:00,B1.5,POINT(17.0 -28.0),0
gev_20091231_1902,2009-12-31 19:02:00,2009-12-31 19:06:00,2009-12-31 19:10:00,B1.8,POINT(23.0 -31.0),0
gev_20100101_1202,2010-01-01 12:02:00,2010-01-01 12:09:00,2010-01-01 12:18:00,B1.9,POINT(31.0 -29.0),0
gev_20100101_1233,2010-01-01 12:33:00,2010-01-01 12:43:00,2010-01-01 13:00:00,B2.3,POINT(34.0 -24.0),0
gev_20100101_2329,2010-01-01 23:29:00,2010-01-01 23:33:00,2010-01-01 23:42:00,B1.1,POINT(39.0 -25.0),0
gev_20100102_0310,2010-01-02 03:10:00,2010-01-02 03:13:00,2010-01-02 03:19:00,B1.1,POINT(39.0 -26.0),0
gev_20100102_0709,2010-01-02 07:09:00,2010-01-02 07:24:00,2010-01-02 07:40:00,C1.0,POINT(41.0 -26.0),0
gev_20100102_0758,2010-01-02 07:58:00,2010-01-02 08:05:00,2010-01-02 08:13:00,B6.4,POINT(38.0 -25.0),0
gev_20100102_0901,2010-01-02 09:01:00,2010-01-02 09:10:00,2010-01-02 09:23:00,B4.5,POINT(44.0 -30.0),0
gev_20100102_1159,2010-01-02 11:59:00,2010-01-02 12:09:00,2010-01-02 12:24:00,B4.8,POINT(48.0 -27.0),0
gev_20100102_1408,2010-01-02 14:08:00,2010-01-02 14:16:00,2010-01-02 14:24:00,C2.6,POINT(40.0 -28.0),0
gev_20100102_2239,2010-01-02 22:39:00,2010-01-02 22:46:00,2010-01-02 22:55:00,B4.3,POINT(48.0 -27.0),0
gev_20100102_2257,2010-01-02 22:57:00,2010-01-02 23:19:00,2010-01-02 23:35:00,C3.1,POINT(45.0 -27.0),0
gev_20100103_0117,2010-01-03 01:17:00,2010-01-03 01:22:00,2010-01-03 01:31:00,C2.0,POINT(49.0 -28.0),0
gev_20100103_0353,2010-01-03 03:53:00,2010-01-03 04:07:00,2010-01-03 04:21:00,B6.1,POINT(51.0 -30.0),0
gev_20100103_0743,2010-01-03 07:43:00,2010-01-03 07:46:00,2010-01-03 07:54:00,B1.5,POINT(49.0 -27.0),0
gev_20100103_1050,2010-01-03 10:50:00,2010-01-03 10:54:00,2010-01-03 11:09:00,B1.5,POINT(55.0 -28.0),0
gev_20100103_1201,2010-01-03 12:01:00,2010-01-03 12:12:00,2010-01-03 12:28:00,B7.1,POINT(55.0 -27.0),0
gev_20100103_1443,2010-01-03 14:43:00,2010-01-03 14:48:00,2010-01-03 14:51:00,B1.1,POINT(53.0 -27.0),0
gev_20100103_1529,2010-01-03 15:29:00,2010-01-03 15:35:00,2010-01-03 15:41:00,B1.3,POINT(56.0 -28.0),0
gev_20100103_1552,2010-01-03 15:52:00,2010-01-03 16:03:00,2010-01-03 16:13:00,B6.7,POINT(57.0 -28.0),0
gev_20100103_1859,2010-01-03 18:59:00,2010-01-03 19:02:00,2010-01-03 19:04:00,B1.0,POINT(61.0 -25.0),0
gev_20100103_2043,2010-01-03 20:43:00,2010-01-03 20:49:00,2010-01-03 20:58:00,B3.3,POINT(61.0 -27.0),0
gev_20100104_0336,2010-01-04 03:36:00,2010-01-04 03:40:00,2010-01-04 03:42:00,C1.3,POINT(63.0 -28.0),0
gev_20100104_1000,2010-01-04 10:00:00,2010-01-04 10:04:00,2010-01-04 10:08:00,B1.4,POINT(65.0 -25.0),0
gev_20100104_1424,2010-01-04 14:24:00,2010-01-04 14:28:00,2010-01-04 14:35:00,B1.4,POINT(67.0 -26.0),0
gev_20100104_1951,2010-01-04 19:51:00,2010-01-04 19:56:00,2010-01-04 20:02:00,B1.2,POINT(69.0 -25.0),0
gev_20100104_2014,2010-01-04 20:14:00,2010-01-04 20:22:00,2010-01-04 20:27:00,B1.3,POINT(71.0 -27.0),0
gev_20091225_2313,2009-12-25 23:13:00,2009-12-25 23:26:00,2009-12-25 23:40:00,B1.0,POINT(-56.0 -28.0),0
gev_20091226_0725,2009-12-26 07:25:00,2009-12-26 07:30:00,2009-12-26 07:39:00,B1.4,POINT(-50.0 -27.0),0
gev_20091226_0854,2009-12-26 08:54:00,2009-12-26 09:10:00,2009-12-26 09:20:00,B1.9,POINT(-54.0 -29.0),0
gev_20091226_1217,2009-12-26 12:17:00,2009-12-26 12:20:00,2009-12-26 12:23:00,B1.0,POINT(-48.0 -26.0),0
gev_20091226_1651,2009-12-26 16:51:00,2009-12-26 16:57:00,2009-12-26 17:05:00,B4.8,POINT(-43.0 -27.0),0
gev_20091226_1809,2009-12-26 18:09:00,2009-12-26 18:12:00,2009-12-26 18:15:00,B1.7,POINT(-46.0 -28.0),0
gev_20091226_1838,2009-12-26 18:38:00,2009-12-26 18:43:00,2009-12-26 18:48:00,B4.6,POINT(-43.0 -27.0),0
gev_20091227_0721,2009-12-27 07:21:00,2009-12-27 07:30:00,2009-12-27 07:33:00,B2.9,POINT(-36.0 -27.0),0
gev_20091227_1128,2009-12-27 11:28:00,2009-12-27 11:39:00,2009-12-27 11:57:00,B7.6,POINT(-34.0 -26.0),0
gev_20091230_2300,2009-12-30 23:00:00,2009-12-30 23:03:00,2009-12-30 23:08:00,B4.8,POINT(9.0 -28.0),0
gev_20091230_2348,2009-12-30 23:48:00,2009-12-30 23:51:00,2009-12-30 23:53:00,B2.3,POINT(11.0 -27.0),0
gev_20091230_2354,2009-12-30 23:54:00,2009-12-31 00:02:00,2009-12-31 00:08:00,B1.6,POINT(12.0 -26.0),0
gev_20091231_0042,2009-12-31 00:42:00,2009-12-31 00:48:00,2009-12-31 01:00:00,B2.6,POINT(10.0 -27.0),0
gev_20091231_0107,2009-12-31 01:07:00,2009-12-31 01:12:00,2009-12-31 01:16:00,B3.1,POINT(10.0 -27.0),0
gev_20091231_0330,2009-12-31 03:30:00,2009-12-31 04:17:00,2009-12-31 04:39:00,B2.6,POINT(17.0 -26.0),0
gev_20091231_0742,2009-12-31 07:42:00,2009-12-31 07:47:00,2009-12-31 07:50:00,B2.9,POINT(13.0 -29.0),0
gev_20091231_1024,2009-12-31 10:24:00,2009-12-31 10:27:00,2009-12-31 10:29:00,B1.9,POINT(16.0 -28.0),0
gev_20091231_1054,2009-12-31 10:54:00,2009-12-31 10:59:00,2009-12-31 11:06:00,B1.6,POINT(16.0 -27.0),0
gev_20091231_1115,2009-12-31 11:15:00,2009-12-31 11:20:00,2009-12-31 11:31:00,B1.9,POINT(18.0 -29.0),0
gev_20091231_1429,2009-12-31 14:29:00,2009-12-31 14:32:00,2009-12-31 14:51:00,B1.3,POINT(17.0 -28.0),0
gev_20091231_1537,2009-12-31 15:37:00,2009-12-31 15:42:00,2009-12-31 15:46:00,B1.5,POINT(17.0 -28.0),0
gev_20091231_1902,2009-12-31 19:02:00,2009-12-31 19:06:00,2009-12-31 19:10:00,B1.8,POINT(23.0 -31.0),0
gev_20100101_1202,2010-01-01 12:02:00,2010-01-01 12:09:00,2010-01-01 12:18:00,B1.9,POINT(31.0 -29.0),0
gev_20100101_1233,2010-01-01 12:33:00,2010-01-01 12:43:00,2010-01-01 13:00:00,B2.3,POINT(34.0 -24.0),0
gev_20100101_2329,2010-01-01 23:29:00,2010-01-01 23:33:00,2010-01-01 23:42:00,B1.1,POINT(39.0 -25.0),0
gev_20100102_0310,2010-01-02 03:10:00,2010-01-02 03:13:00,2010-01-02 03:19:00,B1.1,POINT(39.0 -26.0),0
gev_20100102_0709,2010-01-02 07:09:00,2010-01-02 07:24:00,2010-01-02 07:40:00,C1.0,POINT(41.0 -26.0),0
gev_20100102_0758,2010-01-02 07:58:00,2010-01-02 08:05:00,2010-01-02 08:13:00,B6.4,POINT(38.0 -25.0),0
gev_20100102_0901,2010-01-02 09:01:00,2010-01-02 09:10:00,2010-01-02 09:23:00,B4.5,POINT(44.0 -30.0),0
gev_20100102_1159,2010-01-02 11:59:00,2010-01-02 12:09:00,2010-01-02 12:24:00,B4.8,POINT(48.0 -27.0),0
gev_20100102_1408,2010-01-02 14:08:00,2010-01-02 14:16:00,2010-01-02 14:24:00,C2.6,POINT(40.0 -28.0),0
gev_20100102_2239,2010-01-02 22:39:00,2010-01-02 22:46:00,2010-01-02 22:55:00,B4.3,POINT(48.0 -27.0),0
gev_20100102_2257,2010-01-02 22:57:00,2010-01-02 23:19:00,2010-01-02 23:35:00,C3.1,POINT(45.0 -27.0),0
gev_20100103_0117,2010-01-03 01:17:00,2010-01-03 01:22:00,2010-01-03 01:31:00,C2.0,POINT(49.0 -28.0),0
gev_20100103_0353,2010-01-03 03:53:00,2010-01-03 04:07:00,2010-01-03 04:21:00,B6.1,POINT(51.0 -30.0),0
gev_20100103_0743,2010-01-03 07:43:00,2010-01-03 07:46:00,2010-01-03 07:54:00,B1.5,POINT(49.0 -27.0),0
gev_20100103_1050,2010-01-03 10:50:00,2010-01-03 11:03:00,2010-01-03 11:09:00,B1.5,POINT(56.0 -28.0),0
gev_20100103_1201,2010-01-03 12:01:00,2010-01-03 12:12:00,2010-01-03 12:28:00,B7.1,POINT(55.0 -27.0),0
gev_20100103_1443,2010-01-03 14:43:00,2010-01-03 14:48:00,2010-01-03 14:51:00,B1.1,POINT(53.0 -27.0),0
gev_20100103_1529,2010-01-03 15:29:00,2010-01-03 15:35:00,2010-01-03 15:41:00,B1.3,POINT(56.0 -28.0),0
gev_20100103_1552,2010-01-03 15:52:00,2010-01-03 16:03:00,2010-01-03 16:13:00,B6.7,POINT(57.0 -28.0),0
gev_20100103_1859,2010-01-03 18:59:00,2010-01-03 19:02:00,2010-01-03 19:04:00,B1.0,POINT(61.0 -25.0),0
gev_20100103_2043,2010-01-03 20:43:00,2010-01-03 20:49:00,2010-01-03 20:58:00,B3.3,POINT(61.0 -27.0),0
gev_20100104_0336,2010-01-04 03:36:00,2010-01-04 03:40:00,2010-01-04 03:42:00,C1.3,POINT(63.0 -28.0),0
gev_20091225_2313,2009-12-25 23:13:00,2009-12-25 23:26:00,2009-12-25 23:40:00,B1.0,POINT(-56.0 -28.0),0
gev_20091226_0725,2009-12-26 07:25:00,2009-12-26 07:30:00,2009-12-26 07:39:00,B1.4,POINT(-50.0 -27.0),0
gev_20091226_0854,2009-12-26 08:54:00,2009-12-26 09:10:00,2009-12-26 09:20:00,B1.9,POINT(-54.0 -29.0),0
gev_20091226_1217,2009-12-26 12:17:00,2009-12-26 12:20:00,2009-12-26 12:23:00,B1.0,POINT(-48.0 -26.0),0
gev_20091226_1651,2009-12-26 16:51:00,2009-12-26 16:57:00,2009-12-26 17:05:00,B4.8,POINT(-43.0 -27.0),0
gev_20091226_1809,2009-12-26 18:09:00,2009-12-26 18:12:00,2009-12-26 18:15:00,B1.7,POINT(-46.0 -28.0),0
gev_20091226_1838,2009-12-26 18:38:00,2009-12-26 18:43:00,2009-12-26 18:48:00,B4.6,POINT(-43.0 -27.0),0
gev_20091227_0721,2009-12-27 07:21:00,2009-12-27 07:30:00,2009-12-27 07:33:00,B2.9,POINT(-36.0 -27.0),0
gev_20091227_1128,2009-12-27 11:28:00,2009-12-27 11:39:00,2009-12-27 11:57:00,B7.6,POINT(-34.0 -26.0),0
gev_20091230_2300,2009-12-30 23:00:00,2009-12-30 23:03:00,2009-12-30 23:08:00,B4.8,POINT(9.0 -28.0),0
gev_20091230_2348,2009-12-30 23:48:00,2009-12-30 23:51:00,2009-12-30 23:53:00,B2.3,POINT(11.0 -27.0),0
gev_20091230_2354,2009-12-30 23:54:00,2009-12-31 00:02:00,2009-12-31 00:08:00,B1.6,POINT(12.0 -26.0),0
gev_20091231_0042,2009-12-31 00:42:00,2009-12-31 00:48:00,2009-12-31 01:00:00,B2.6,POINT(10.0 -27.0),0
gev_20091231_0107,2009-12-31 01:07:00,2009-12-31 01:12:00,2009-12-31 01:16:00,B3.1,POINT(10.0 -27.0),0
gev_20091231_0330,2009-12-31 03:30:00,2009-12-31 04:17:00,2009-12-31 04:39:00,B2.6,POINT(17.0 -26.0),0
gev_20091231_0742,2009-12-31 07:42:00,2009-12-31 07:47:00,2009-12-31 07:50:00,B2.9,POINT(13.0 -29.0),0
gev_20091231_1024,2009-12-31 10:24:00,2009-12-31 10:27:00,2009-12-31 10:29:00,B1.9,POINT(16.0 -28.0),0
gev_20091231_1054,2009-12-31 10:54:00,2009-12-31 10:59:00,2009-12-31 11:06:00,B1.6,POINT(16.0 -27.0),0
gev_20091231_1115,2009-12-31 11:15:00,2009-12-31 11:20:00,2009-12-31 11:31:00,B1.9,POINT(18.0 -29.0),0
gev_20091231_1429,2009-12-31 14:29:00,2009-12-31 14:32:00,2009-12-31 14:51:00,B1.3,POINT(17.0 -28.0),0
gev_20091231_1537,2009-12-31 15:37:00,2009-12-31 15:42:00,2009-12-31 15:46:00,B1.5,POINT(17.0 -28.0),0
gev_20091231_1902,2009-12-31 19:02:00,2009-12-31 19:06:00,2009-12-31 19:10:00,B1.8,POINT(23.0 -31.0),0
gev_20100101_1202,2010-01-01 12:02:00,2010-01-01 12:09:00,2010-01-01 12:18:00,B1.9,POINT(31.0 -29.0),0
gev_20100101_1233,2010-01-01 12:33:00,2010-01-01 12:43:00,2010-01-01 13:00:00,B2.3,POINT(34.0 -24.0),0
gev_20100101_2329,2010-01-01 23:29:00,2010-01-01 23:33:00,2010-01-01 23:42:00,B1.1,POINT(39.0 -25.0),0
gev_20100102_0310,2010-01-02 03:10:00,2010-01-02 03:13:00,2010-01-02 03:19:00,B1.1,POINT(39.0 -26.0),0
gev_20100102_0709,2010-01-02 07:09:00,2010-01-02 07:24:00,2010-01-02 07:40:00,C1.0,POINT(41.0 -26.0),0
gev_20100102_0758,2010-01-02 07:58:00,2010-01-02 08:05:00,2010-01-02 08:13:00,B6.4,POINT(38.0 -25.0),0
gev_20100102_0901,2010-01-02 09:01:00,2010-01-02 09:10:00,2010-01-02 09:23:00,B4.5,POINT(44.0 -30.0),0
gev_20100102_1159,2010-01-02 11:59:00,2010-01-02 12:09:00,2010-01-02 12:24:00,B4.8,POINT(48.0 -27.0),0
gev_20100102_1408,2010-01-02 14:08:00,2010-01-02 14:16:00,2010-01-02 14:24:00,C2.6,POINT(40.0 -28.0),0
gev_20091223_0336,2009-12-23 03:36:00,2009-12-23 03:56:00,2009-12-23 04:05:00,B8.6,POINT(54.0 16.0),0
gev_20091223_0945,2009-12-23 09:45:00,2009-12-23 09:51:00,2009-12-23 09:54:00,B1.6,POINT(66.0 -29.0),0
gev_20091223_1009,2009-12-23 10:09:00,2009-12-23 10:17:00,2009-12-23 10:20:00,C6.4,POINT(61.0 -27.0),0
gev_20091223_1126,2009-12-23 11:26:00,2009-12-23 11:33:00,2009-12-23 11:46:00,B3.2,POINT(69.0 -27.0),0
gev_20091223_1241,2009-12-23 12:41:00,2009-12-23 12:48:00,2009-12-23 12:50:00,B3.5,POINT(66.0 -24.0),0
gev_20091225_2313,2009-12-25 23:13:00,2009-12-25 23:26:00,2009-12-25 23:40:00,B1.0,POINT(-56.0 -28.0),0
gev_20091226_0725,2009-12-26 07:25:00,2009-12-26 07:30:00,2009-12-26 07:39:00,B1.4,POINT(-50.0 -27.0),0
gev_20091226_0854,2009-12-26 08:54:00,2009-12-26 09:00:00,2009-12-26 09:20:00,B1.9,POINT(-54.0 -29.0),0
gev_20091226_1217,2009-12-26 12:17:00,2009-12-26 12:20:00,2009-12-26 12:23:00,B1.0,POINT(-48.0 -26.0),0
gev_20091226_1651,2009-12-26 16:51:00,2009-12-26 16:57:00,2009-12-26 17:05:00,B4.8,POINT(-43.0 -27.0),0
gev_20091226_1809,2009-12-26 18:09:00,2009-12-26 18:12:00,2009-12-26 18:15:00,B1.7,POINT(-46.0 -28.0),0
gev_20091226_1838,2009-12-26 18:38:00,2009-12-26 18:43:00,2009-12-26 18:48:00,B4.6,POINT(-43.0 -27.0),0
gev_20091227_0721,2009-12-27 07:21:00,2009-12-27 07:30:00,2009-12-27 07:33:00,B2.9,POINT(-36.0 -27.0),0
gev_20091227_1128,2009-12-27 11:28:00,2009-12-27 11:39:00,2009-12-27 11:57:00,B7.6,POINT(-34.0 -26.0),0
gev_20091230_2300,2009-12-30 23:00:00,2009-12-30 23:03:00,2009-12-30 23:08:00,B4.8,POINT(9.0 -28.0),0
gev_20091230_2348,2009-12-30 23:48:00,2009-12-30 23:51:00,2009-12-30 23:53:00,B2.3,POINT(11.0 -27.0),0
gev_20091230_2354,2009-12-30 23:54:00,2009-12-31 00:02:00,2009-12-31 00:08:00,B1.6,POINT(12.0 -26.0),0
gev_20091231_0042,2009-12-31 00:42:00,2009-12-31 00:48:00,2009-12-31 01:00:00,B2.6,POINT(10.0 -27.0),0
gev_20091231_0107,2009-12-31 01:07:00,2009-12-31 01:12:00,2009-12-31 01:16:00,B3.1,POINT(10.0 -27.0),0
gev_20091231_0330,2009-12-31 03:30:00,2009-12-31 04:17:00,2009-12-31 04:39:00,B2.6,POINT(17.0 -26.0),0
gev_20091231_0742,2009-12-31 07:42:00,2009-12-31 07:47:00,2009-12-31 07:50:00,B2.9,POINT(13.0 -29.0),0
gev_20091231_1024,2009-12-31 10:24:00,2009-12-31 10:27:00,2009-12-31 10:29:00,B1.9,POINT(16.0 -28.0),0
gev_20091231_1054,2009-12-31 10:54:00,2009-12-31 10:59:00,2009-12-31 11:06:00,B1.6,POINT(16.0 -27.0),0
gev_20091231_1115,2009-12-31 11:15:00,2009-12-31 11:20:00,2009-12-31 11:31:00,B1.9,POINT(18.0 -29.0),0
gev_20091231_1429,2009-12-31 14:29:00,2009-12-31 14:32:00,2009-12-31 14:51:00,B1.3,POINT(17.0 -28.0),0
gev_20091231_1537,2009-12-31 15:37:00,2009-12-31 15:42:00,2009-12-31 15:46:00,B1.5,POINT(17.0 -28.0),0
gev_20091231_1902,2009-12-31 19:02:00,2009-12-31 19:06:00,2009-12-31 19:10:00,B1.8,POINT(23.0 -31.0),0
gev_20100101_1202,2010-01-01 12:02:00,2010-01-01 12:09:00,2010-01-01 12:18:00,B1.9,POINT(31.0 -29.0),0
gev_20100101_1233,2010-01-01 12:33:00,2010-01-01 12:43:00,2010-01-01 13:00:00,B2.3,POINT(34.0 -24.0),0
gev_20100101_2329,2010-01-01 23:29:00,2010-01-01 23:33:00,2010-01-01 23:42:00,B1.1,POINT(39.0 -25.0),0
gev_20100102_0758,2010-01-02 07:58:00,2010-01-02 08:05:00,2010-01-02 08:13:00,B6.4,POINT(38.0 -25.0),0
gev_20091213_0917,2009-12-13 09:17:00,2009-12-13 09:25:00,2009-12-13 09:28:00,B1.4,POINT(-26.0 22.0),1034
gev_20091213_1658,2009-12-13 16:58:00,2009-12-13 17:02:00,2009-12-13 17:05:00,B1.8,POINT(-21.0 19.0),1034
gev_20091213_1749,2009-12-13 17:49:00,2009-12-13 17:52:00,2009-12-13 17:54:00,B1.0,POINT(-65.0 -23.0),0
gev_20091213_1838,2009-12-13 18:38:00,2009-12-13 18:43:00,2009-12-13 18:45:00,B1.5,POINT(-20.0 20.0),1034
gev_20091213_1959,2009-12-13 19:59:00,2009-12-13 20:02:00,2009-12-13 20:05:00,B1.0,POINT(-19.0 20.0),1034
gev_20091214_0844,2009-12-14 08:44:00,2009-12-14 08:48:00,2009-12-14 08:50:00,B1.4,POINT(-16.0 30.0),1035
gev_20091214_0855,2009-12-14 08:55:00,2009-12-14 08:58:00,2009-12-14 09:00:00,B1.7,POINT(-17.0 30.0),0
gev_20091214_1811,2009-12-14 18:11:00,2009-12-14 18:15:00,2009-12-14 18:21:00,B1.4,POINT(-10.0 28.0),1035
gev_20091214_1948,2009-12-14 19:48:00,2009-12-14 20:17:00,2009-12-14 20:25:00,B2.7,POINT(-7.0 20.0),1034
gev_20091214_2335,2009-12-14 23:35:00,2009-12-14 23:39:00,2009-12-14 23:42:00,B4.1,POINT(-7.0 29.0),1035
gev_20091215_0039,2009-12-15 00:39:00,2009-12-15 00:46:00,2009-12-15 00:57:00,B1.2,POINT(89.0 -19.0),0
gev_20091215_0401,2009-12-15 04:01:00,2009-12-15 04:06:00,2009-12-15 04:15:00,B1.0,POINT(89.0 -20.0),0
gev_20091215_1114,2009-12-15 11:14:00,2009-12-15 11:17:00,2009-12-15 11:20:00,B1.0,POINT(0.0 28.0),1035
gev_20091215_1328,2009-12-15 13:28:00,2009-12-15 13:34:00,2009-12-15 13:39:00,B1.3,POINT(-43.0 -30.0),0
gev_20091215_1514,2009-12-15 15:14:00,2009-12-15 15:20:00,2009-12-15 15:32:00,B2.0,POINT(6.0 18.0),1034
gev_20091215_2317,2009-12-15 23:17:00,2009-12-15 23:23:00,2009-12-15 23:37:00,B2.7,POINT(8.0 20.0),1034
gev_20091216_0102,2009-12-16 01:02:00,2009-12-16 01:24:00,2009-12-16 01:35:00,C5.3,POINT(6.0 29.0),1035
gev_20091216_0317,2009-12-16 03:17:00,2009-12-16 03:20:00,2009-12-16 03:26:00,B6.4,POINT(9.0 29.0),1035
gev_20091216_0725,2009-12-16 07:25:00,2009-12-16 07:28:00,2009-12-16 07:34:00,B3.0,POINT(-89.0 13.0),0
gev_20091216_0745,2009-12-16 07:45:00,2009-12-16 08:01:00,2009-12-16 08:16:00,B6.9,POINT(11.0 27.0),1035
gev_20091216_0834,2009-12-16 08:34:00,2009-12-16 08:37:00,2009-12-16 08:39:00,B8.6,POINT(11.0 28.0),1035
gev_20091216_1236,2009-12-16 12:36:00,2009-12-16 13:02:00,2009-12-16 13:20:00,C3.7,POINT(15.0 28.0),1035
gev_20091216_2135,2009-12-16 21:35:00,2009-12-16 21:49:00,2009-12-16 22:25:00,C1.4,POINT(17.0 29.0),1035
gev_20091217_0306,2009-12-17 03:06:00,2009-12-17 03:10:00,2009-12-17 03:16:00,B5.1,POINT(22.0 29.0),1035
gev_20091217_0712,2009-12-17 07:12:00,2009-12-17 07:15:00,2009-12-17 07:18:00,B4.6,POINT(30.0 20.0),1034
gev_20091217_0933,2009-12-17 09:33:00,2009-12-17 09:37:00,2009-12-17 09:41:00,B7.0,POINT(25.0 33.0),1035
gev_20091217_1501,2009-12-17 15:01:00,2009-12-17 15:13:00,2009-12-17 15:17:00,B9.7,POINT(34.0 23.0),1034
gev_20091217_1656,2009-12-17 16:56:00,2009-12-17 17:00:00,2009-12-17 17:03:00,B2.5,POINT(-89.0 15.0),1037
gev_20091217_2112,2009-12-17 21:12:00,2009-12-17 21:21:00,2009-12-17 21:28:00,B2.4,POINT(32.0 20.0),1034
gev_20091218_0109,2009-12-18 01:09:00,2009-12-18 01:32:00,2009-12-18 01:58:00,B2.0,POINT(-83.0 15.0),1037
gev_20091218_0204,2009-12-18 02:04:00,2009-12-18 02:13:00,2009-12-18 02:17:00,B5.6,POINT(32.0 29.0),1035
gev_20091218_0429,2009-12-18 04:29:00,2009-12-18 04:33:00,2009-12-18 04:39:00,B3.1,POINT(34.0 26.0),1035
gev_20091218_0745,2009-12-18 07:45:00,2009-12-18 07:48:00,2009-12-18 07:52:00,B2.5,POINT(-35.0 -18.0),0
gev_20091218_1030,2009-12-18 10:30:00,2009-12-18 10:38:00,2009-12-18 10:44:00,B2.2,POINT(-79.0 16.0),1037
gev_20091218_1116,2009-12-18 11:16:00,2009-12-18 11:22:00,2009-12-18 11:25:00,B1.8,POINT(-33.0 -17.0),0
gev_20091218_1404,2009-12-18 14:04:00,2009-12-18 14:10:00,2009-12-18 14:16:00,B3.1,POINT(41.0 27.0),1035
gev_20091218_1610,2009-12-18 16:10:00,2009-12-18 16:23:00,2009-12-18 16:31:00,B5.1,POINT(42.0 27.0),1035
gev_20091218_1659,2009-12-18 16:59:00,2009-12-18 17:03:00,2009-12-18 17:06:00,B2.5,POINT(-73.0 16.0),1037
gev_20091218_1820,2009-12-18 18:20:00,2009-12-18 18:27:00,2009-12-18 18:30:00,B5.4,POINT(41.0 26.0),1035
gev_20091218_1848,2009-12-18 18:48:00,2009-12-18 18:55:00,2009-12-18 18:58:00,C7.6,POINT(41.0 27.0),1035
gev_20091218_1917,2009-12-18 19:17:00,2009-12-18 19:20:00,2009-12-18 19:23:00,B2.8,POINT(43.0 19.0),1034
gev_20091218_2032,2009-12-18 20:32:00,2009-12-18 20:38:00,2009-12-18 20:42:00,B2.7,POINT(66.0 16.0),0
gev_20091218_2116,2009-12-18 21:16:00,2009-12-18 21:24:00,2009-12-18 21:27:00,B3.6,POINT(44.0 27.0),1035
gev_20091218_2158,2009-12-18 21:58:00,2009-12-18 22:02:00,2009-12-18 22:05:00,B1.9,POINT(44.0 27.0),1035
gev_20091218_2337,2009-12-18 23:37:00,2009-12-18 23:43:00,2009-12-18 23:45:00,B2.0,POINT(-65.0 15.0),1037
gev_20091218_2353,2009-12-18 23:53:00,2009-12-18 23:58:00,2009-12-19 00:01:00,B3.1,POINT(51.0 20.0),1034
gev_20091219_0010,2009-12-19 00:10:00,2009-12-19 00:14:00,2009-12-19 00:17:00,C2.9,POINT(44.0 29.0),1035
gev_20091219_0104,2009-12-19 01:04:00,2009-12-19 01:09:00,2009-12-19 01:12:00,B7.4,POINT(46.0 28.0),1035
gev_20091219_0136,2009-12-19 01:36:00,2009-12-19 01:53:00,2009-12-19 01:55:00,B9.1,POINT(45.0 28.0),1035
gev_20091219_0648,2009-12-19 06:48:00,2009-12-19 06:53:00,2009-12-19 06:56:00,B1.4,POINT(46.0 28.0),1035
gev_20091219_0716,2009-12-19 07:16:00,2009-12-19 07:19:00,2009-12-19 07:22:00,B1.2,POINT(49.0 27.0),1035
gev_20091219_1030,2009-12-19 10:30:00,2009-12-19 10:35:00,2009-12-19 10:39:00,B1.5,POINT(74.0 16.0),0
gev_20091219_1108,2009-12-19 11:08:00,2009-12-19 11:13:00,2009-12-19 11:19:00,B6.6,POINT(75.0 16.0),0
gev_20091220_1140,2009-12-20 11:40:00,2009-12-20 11:45:00,2009-12-20 11:49:00,B1.5,POINT(58.0 30.0),0
gev_20091220_1416,2009-12-20 14:16:00,2009-12-20 14:20:00,2009-12-20 14:25:00,B2.3,POINT(67.0 24.0),0
gev_20091220_1540,2009-12-20 15:40:00,2009-12-20 15:43:00,2009-12-20 15:46:00,B1.9,POINT(25.0 -30.0),1036
gev_20091220_1737,2009-12-20 17:37:00,2009-12-20 17:41:00,2009-12-20 17:43:00,B1.6,POINT(29.0 -29.0),1036
gev_20091220_2027,2009-12-20 20:27:00,2009-12-20 20:31:00,2009-12-20 20:37:00,B2.6,POINT(71.0 30.0),1035
gev_20091220_2320,2009-12-20 23:20:00,2009-12-20 23:24:00,2009-12-20 23:30:00,B2.7,POINT(-15.0 -23.0),0
gev_20091221_0108,2009-12-21 01:08:00,2009-12-21 01:13:00,2009-12-21 01:16:00,B1.6,POINT(73.0 30.0),1035
gev_20091221_1904,2009-12-21 19:04:00,2009-12-21 19:07:00,2009-12-21 19:09:00,B1.6,POINT(35.0 16.0),1038
gev_20091221_2334,2009-12-21 23:34:00,2009-12-21 23:38:00,2009-12-21 23:40:00,B4.1,POINT(41.0 -27.0),1036
gev_20091222_0356,2009-12-22 03:56:00,2009-12-22 04:01:00,2009-12-22 04:04:00,B5.2,POINT(78.0 27.0),0
gev_20091222_0450,2009-12-22 04:50:00,2009-12-22 04:56:00,2009-12-22 05:00:00,C7.2,POINT(44.0 -28.0),1036
gev_20091222_1125,2009-12-22 11:25:00,2009-12-22 11:29:00,2009-12-22 11:34:00,B4.5,POINT(45.0 16.0),1038
gev_20091222_1317,2009-12-22 13:17:00,2009-12-22 13:21:00,2009-12-22 13:25:00,B2.7,POINT(49.0 -27.0),1036
gev_20091222_1400,2009-12-22 14:00:00,2009-12-22 14:10:00,2009-12-22 14:20:00,C1.0,POINT(46.0 15.0),1038
gev_20091222_1510,2009-12-22 15:10:00,2009-12-22 15:26:00,2009-12-22 15:35:00,C1.1,POINT(51.0 -27.0),1036
gev_20091222_1735,2009-12-22 17:35:00,2009-12-22 18:00:00,2009-12-22 18:20:00,B4.5,POINT(48.0 14.0),1038
gev_20091222_2023,2009-12-22 20:23:00,2009-12-22 20:27:00,2009-12-22 20:32:00,C1.3,POINT(49.0 16.0),1038
gev_20091222_2145,2009-12-22 21:45:00,2009-12-22 22:26:00,2009-12-22 22:35:00,C1.0,POINT(-89.0 -25.0),0
gev_20091223_0336,2009-12-23 03:36:00,2009-12-23 03:56:00,2009-12-23 04:05:00,B8.6,POINT(54.0 16.0),1038
gev_20091223_0945,2009-12-23 09:45:00,2009-12-23 09:51:00,2009-12-23 09:54:00,B1.6,POINT(66.0 -29.0),1036
gev_20091223_1009,2009-12-23 10:09:00,2009-12-23 10:17:00,2009-12-23 10:20:00,C6.4,POINT(61.0 -27.0),1036
gev_20091223_1126,2009-12-23 11:26:00,2009-12-23 11:33:00,2009-12-23 11:46:00,B3.2,POINT(69.0 -27.0),1036
gev_20091223_1241,2009-12-23 12:41:00,2009-12-23 12:48:00,2009-12-23 12:50:00,B3.5,POINT(66.0 -24.0),1036
gev_20091225_2313,2009-12-25 23:13:00,2009-12-25 23:26:00,2009-12-25 23:40:00,B1.0,POINT(-56.0 -28.0),1039
gev_20091226_0725,2009-12-26 07:25:00,2009-12-26 07:30:00,2009-12-26 07:39:00,B1.4,POINT(-50.0 -27.0),1039
gev_20091226_0854,2009-12-26 08:54:00,2009-12-26 09:10:00,2009-12-26 09:20:00,B1.9,POINT(-54.0 -29.0),1039
gev_20091226_1217,2009-12-26 12:17:00,2009-12-26 12:20:00,2009-12-26 12:23:00,B1.0,POINT(-48.0 -26.0),1039
gev_20091226_1651,2009-12-26 16:51:00,2009-12-26 16:57:00,2009-12-26 17:05:00,B4.8,POINT(-43.0 -27.0),1039
gev_20091226_1809,2009-12-26 18:09:00,2009-12-26 18:12:00,2009-12-26 18:15:00,B1.7,POINT(-46.0 -28.0),1039
gev_20091226_1838,2009-12-26 18:38:00,2009-12-26 18:43:00,2009-12-26 18:48:00,B4.6,POINT(-43.0 -27.0),1039
gev_20091227_0721,2009-12-27 07:21:00,2009-12-27 07:30:00,2009-12-27 07:33:00,B2.9,POINT(-36.0 -27.0),1039
gev_20091227_1128,2009-12-27 11:28:00,2009-12-27 11:39:00,2009-12-27 11:57:00,B7.6,POINT(-34.0 -26.0),1039
gev_20091230_2300,2009-12-30 23:00:00,2009-12-30 23:03:00,2009-12-30 23:08:00,B4.8,POINT(9.0 -28.0),1039
gev_20091230_2348,2009-12-30 23:48:00,2009-12-30 23:51:00,2009-12-30 23:53:00,B2.3,POINT(11.0 -27.0),1039
gev_20091230_2354,2009-12-30 23:54:00,2009-12-31 00:02:00,2009-12-31 00:08:00,B1.6,POINT(12.0 -26.0),1039
gev_20091231_0042,2009-12-31 00:42:00,2009-12-31 00:48:00,2009-12-31 01:00:00,B2.6,POINT(10.0 -27.0),1039
gev_20091231_0107,2009-12-31 01:07:00,2009-12-31 01:12:00,2009-12-31 01:16:00,B3.1,POINT(10.0 -27.0),1039
gev_20091231_0330,2009-12-31 03:30:00,2009-12-31 04:17:00,2009-12-31 04:39:00,B2.6,POINT(17.0 -26.0),1039
gev_20091231_0742,2009-12-31 07:42:00,2009-12-31 07:47:00,2009-12-31 07:50:00,B2.9,POINT(13.0 -29.0),1039
gev_20091231_1024,2009-12-31 10:24:00,2009-12-31 10:27:00,2009-12-31 10:29:00,B1.9,POINT(16.0 -28.0),1039
gev_20091231_1054,2009-12-31 10:54:00,2009-12-31 10:59:00,2009-12-31 11:06:00,B1.6,POINT(16.0 -27.0),1039
gev_20091231_1115,2009-12-31 11:15:00,2009-12-31 11:20:00,2009-12-31 11:31:00,B1.9,POINT(18.0 -29.0),1039
gev_20091231_1429,2009-12-31 14:29:00,2009-12-31 14:32:00,2009-12-31 14:51:00,B1.3,POINT(17.0 -28.0),1039
gev_20091231_1537,2009-12-31 15:37:00,2009-12-31 15:42:00,2009-12-31 15:46:00,B1.5,POINT(17.0 -28.0),1039
gev_20091231_1902,2009-12-31 19:02:00,2009-12-31 19:06:00,2009-12-31 19:10:00,B1.8,POINT(23.0 -31.0),1039
