flare_id, event_date, start_time         , peak_time          , end_time           , goes_class, goes_location, noaa_active_region, fl_location                   , x_hpc              , y_hpc              , y                   , x                    , centroids                     , fl_lat, fl_lon
       0, 2010-01-01, 2010-01-01 12:02:00, 2010-01-01 12:09:00, 2010-01-01 12:18:00, B1.9      , "(0, 0)"     ,                  0,                               ,                    ,                    ,                     ,                      ,                               ,       , 
       1, 2010-01-01, 2010-01-01 12:33:00, 2010-01-01 12:43:00, 2010-01-01 13:00:00, B2.3      , "(0, 0)"     ,                  0,                               ,                    ,                    ,                     ,                      ,                               ,       , 
       2, 2010-01-01, 2010-01-01 23:29:00, 2010-01-01 23:33:00, 2010-01-01 23:42:00, B1.1      , "(0, 0)"     ,                  0,                               ,                    ,                    ,                     ,                      ,                               ,       , 
       3, 2010-01-02, 2010-01-02 03:10:00, 2010-01-02 03:13:00, 2010-01-02 03:19:00, B1.1      , "(0, 0)"     ,              11039,                               ,                    ,                    ,                     ,                      ,                               ,       , 
       4, 2010-01-02, 2010-01-02 07:09:00, 2010-01-02 07:24:00, 2010-01-02 07:40:00, C1.0      , "(37, -29)"  ,              11039, "(37, -29)"                   , 515.2415327049395  , -436.1751361916002 , -0.48480962024633706, 0.5263592793013331   ,                               , -29.0 , 37.0
       5, 2010-01-02, 2010-01-02 07:58:00, 2010-01-02 08:05:00, 2010-01-02 08:13:00, B6.4      , "(37, -29)"  ,              11039, "(37, -29)"                   , 515.2416886864969  , -436.1265060381767 , -0.48480962024633706, 0.5263592793013331   ,                               , -29.0 , 37.0
       6, 2010-01-02, 2010-01-02 09:01:00, 2010-01-02 09:10:00, 2010-01-02 09:23:00, B4.5      , "(39, -29)"  ,              11039, "(39, -29)"                   , 538.7424249063477  , -437.0415085780524 , -0.48480962024633706, 0.5504160161168588   ,                               , -29.0 , 39.0
       7, 2010-01-02, 2010-01-02 11:59:00, 2010-01-02 12:09:00, 2010-01-02 12:24:00, B4.8      , "(0, 0)"     ,                  0,                               ,                    ,                    ,                     ,                      ,                               ,       , 
       8, 2010-01-02, 2010-01-02 14:08:00, 2010-01-02 14:16:00, 2010-01-02 14:24:00, C2.6      , "(0, 0)"     ,                  0,                               ,                    ,                    ,                     ,                      ,                               ,       , 
       9, 2010-01-02, 2010-01-02 22:39:00, 2010-01-02 22:46:00, 2010-01-02 22:55:00, B4.3      , "(44, -27)"  ,              11039, "(44, -27)"                   , 605.7037806270382  , -408.1962847553074 , -0.4539904997395468 , 0.6189451401610268   ,                               , -27.0 , 44.0
      10, 2010-01-02, 2010-01-02 22:57:00, 2010-01-02 23:19:00, 2010-01-02 23:35:00, C3.1      , "(48, -32)"  ,              11039, "(48, -32)"                   , 616.5378332658984  , -486.2633196970432 , -0.5299192642332049 , 0.6302225544146036   ,                               , -32.0 , 48.0
      11, 2010-01-03, 2010-01-03 01:17:00, 2010-01-03 01:22:00, 2010-01-03 01:31:00, C2.0      , "(52, -30)"  ,              11039, "(52, -30)"                   , 667.5050739611244  , -458.74705835997   , -0.49999999999999994, 0.6824373310787413   ,                               , -30.0 , 52.0
      12, 2010-01-03, 2010-01-03 03:53:00, 2010-01-03 04:07:00, 2010-01-03 04:21:00, B6.1      , "(0, 0)"     ,              11039,                               ,                    ,                    ,                     ,                      ,                               ,       , 
      13, 2010-01-03, 2010-01-03 07:43:00, 2010-01-03 07:46:00, 2010-01-03 07:54:00, B1.5      , "(0, 0)"     ,              11039,                               ,                    ,                    ,                     ,                      ,                               ,       , 
      14, 2010-01-03, 2010-01-03 10:50:00, 2010-01-03 11:03:00, 2010-01-03 11:09:00, B1.5      , "(0, 0)"     ,              11039,                               ,                    ,                    ,                     ,                      ,                               ,       , 
      15, 2010-01-03, 2010-01-03 12:01:00, 2010-01-03 12:12:00, 2010-01-03 12:28:00, B7.1      , "(0, 0)"     ,              11039,                               ,                    ,                    ,                     ,                      ,                               ,       , 
      16, 2010-01-03, 2010-01-03 14:43:00, 2010-01-03 14:48:00, 2010-01-03 14:51:00, B1.1      , "(0, 0)"     ,              11039,                               ,                    ,                    ,                     ,                      ,                               ,       , 
      17, 2010-01-03, 2010-01-03 15:29:00, 2010-01-03 15:35:00, 2010-01-03 15:41:00, B1.3      , "(0, 0)"     ,              11039,                               ,                    ,                    ,                     ,                      ,                               ,       , 
      18, 2010-01-03, 2010-01-03 15:52:00, 2010-01-03 16:03:00, 2010-01-03 16:13:00, B6.7      , "(58, -27)"  ,              11039, "(58, -27)"                   , 738.8605486745448  , -416.4780209940931 , -0.4539904997395468 , 0.7556163865008999   ,                               , -27.0 , 58.0
      19, 2010-01-03, 2010-01-03 18:59:00, 2010-01-03 19:02:00, 2010-01-03 19:04:00, B1.0      , "(0, 0)"     ,              11039,                               ,                    ,                    ,                     ,                      ,                               ,       , 
      20, 2010-01-03, 2010-01-03 20:43:00, 2010-01-03 20:49:00, 2010-01-03 20:58:00, B3.3      , "(61, -27)"  ,              11039, "(61, -27)"                   , 761.8657588774247  , -418.49057762029565, -0.4539904997395468 , 0.7792918652449212   ,                               , -27.0 , 61.0
      21, 2010-01-04, 2010-01-04 03:36:00, 2010-01-04 03:40:00, 2010-01-04 03:42:00, C1.3      , "(65, -29)"  ,              11039, "(65, -29)"                   , 774.7267691265077  , -451.76656835923427, -0.48480962024633706, 0.7926746512761486   ,                               , -29.0 , 65.0
      22, 2010-01-04, 2010-01-04 10:00:00, 2010-01-04 10:04:00, 2010-01-04 10:08:00, B1.4      , "(0, 0)"     ,              11039,                               ,                    ,                    ,                     ,                      ,                               ,       , 
      23, 2010-01-04, 2010-01-04 14:24:00, 2010-01-04 14:28:00, 2010-01-04 14:35:00, B1.4      , "(0, 0)"     ,              11039,                               ,                    ,                    ,                     ,                      ,                               ,       , 
      24, 2010-01-04, 2010-01-04 19:51:00, 2010-01-04 19:56:00, 2010-01-04 20:02:00, B1.2      , "(0, 0)"     ,              11039,                               ,                    ,                    ,                     ,                      ,                               ,       , 
      25, 2010-01-04, 2010-01-04 20:14:00, 2010-01-04 20:22:00, 2010-01-04 20:27:00, B1.3      , "(0, 0)"     ,              11039,                               ,                    ,                    ,                     ,                      ,                               ,       , 
      26, 2010-01-05, 2010-01-05 08:46:00, 2010-01-05 08:52:00, 2010-01-05 08:57:00, B1.2      , "(0, 0)"     ,              11039,                               ,                    ,                    ,                     ,                      ,                               ,       , 
      27, 2010-01-05, 2010-01-05 09:53:00, 2010-01-05 09:57:00, 2010-01-05 10:02:00, B1.2      , "(0, 0)"     ,              11039,                               ,                    ,                    ,                     ,                      ,                               ,       , 
      28, 2010-01-06, 2010-01-06 02:57:00, 2010-01-06 03:00:00, 2010-01-06 03:07:00, B1.0      , "(0, 0)"     ,              11039,                               ,                    ,                    ,                     ,                      ,                               ,       , 
      29, 2010-01-06, 2010-01-06 16:28:00, 2010-01-06 16:33:00, 2010-01-06 16:38:00, B1.3      , "(0, 0)"     ,              11040,                               ,                    ,                    ,                     ,                      ,                               ,       , 
      30, 2010-01-06, 2010-01-06 16:40:00, 2010-01-06 16:45:00, 2010-01-06 16:47:00, B1.7      , "(0, 0)"     ,              11040,                               ,                    ,                    ,                     ,                      ,                               ,       , 
      31, 2010-01-06, 2010-01-06 19:44:00, 2010-01-06 19:53:00, 2010-01-06 19:57:00, B5.5      , "(0, 0)"     ,              11040,                               ,                    ,                    ,                     ,                      ,                               ,       , 
      32, 2010-01-07, 2010-01-07 21:23:00, 2010-01-07 21:28:00, 2010-01-07 21:35:00, B1.3      , "(0, 0)"     ,              11040,                               ,                    ,                    ,                     ,                      ,                               ,       , 
      33, 2010-01-08, 2010-01-08 17:42:00, 2010-01-08 17:46:00, 2010-01-08 17:49:00, B1.4      , "(0, 0)"     ,              11040,                               ,                    ,                    ,                     ,                      ,                               ,       , 
      34, 2010-01-09, 2010-01-09 06:06:00, 2010-01-09 06:10:00, 2010-01-09 06:13:00, B1.1      , "(0, 0)"     ,              11040,                               ,                    ,                    ,                     ,                      ,                               ,       , 
      35, 2010-01-09, 2010-01-09 07:46:00, 2010-01-09 07:52:00, 2010-01-09 08:00:00, B2.1      , "(0, 0)"     ,              11040,                               ,                    ,                    ,                     ,                      ,                               ,       , 
      36, 2010-01-09, 2010-01-09 08:40:00, 2010-01-09 08:48:00, 2010-01-09 08:56:00, B1.5      , "(0, 0)"     ,              11040,                               ,                    ,                    ,                     ,                      ,                               ,       , 
      37, 2010-01-09, 2010-01-09 11:07:00, 2010-01-09 11:14:00, 2010-01-09 11:24:00, B3.6      , "(0, 0)"     ,              11040,                               ,                    ,                    ,                     ,                      ,                               ,       , 
      38, 2010-01-09, 2010-01-09 12:41:00, 2010-01-09 12:45:00, 2010-01-09 12:57:00, B1.2      , "(0, 0)"     ,                  0,                               ,                    ,                    ,                     ,                      ,                               ,       , 
      39, 2010-01-09, 2010-01-09 14:50:00, 2010-01-09 15:03:00, 2010-01-09 15:19:00, C1.0      , "(0, 0)"     ,              11040,                               ,                    ,                    ,                     ,                      ,                               ,       , 
      40, 2010-01-09, 2010-01-09 22:24:00, 2010-01-09 22:58:00, 2010-01-09 23:23:00, B6.1      , "(0, 0)"     ,              11040,                               ,                    ,                    ,                     ,                      ,                               ,       , 
      41, 2010-01-10, 2010-01-10 00:27:00, 2010-01-10 00:35:00, 2010-01-10 00:45:00, B2.5      , "(0, 0)"     ,              11040,                               ,                    ,                    ,                     ,                      ,                               ,       , 
      42, 2010-01-10, 2010-01-10 01:40:00, 2010-01-10 02:50:00, 2010-01-10 03:08:00, B4.4      , "(-34, 30)"  ,              11040, "(-34, 30)"                   , -473.8809148813598 , 537.390378319234   , 0.49999999999999994 , -0.4842752600216462  ,                               , 30.0  , -34.0
      43, 2010-01-10, 2010-01-10 11:52:00, 2010-01-10 11:57:00, 2010-01-10 12:01:00, B3.7      , "(0, 0)"     ,              11040,                               ,                    ,                    ,                     ,                      ,                               ,       , 
      44, 2010-01-10, 2010-01-10 15:39:00, 2010-01-10 15:42:00, 2010-01-10 15:45:00, B1.1      , "(0, 0)"     ,                  0,                               ,                    ,                    ,                     ,                      ,                               ,       , 
      45, 2010-01-10, 2010-01-10 17:56:00, 2010-01-10 18:00:00, 2010-01-10 18:07:00, B1.9      , "(0, 0)"     ,                  0,                               ,                    ,                    ,                     ,                      ,                               ,       , 
      46, 2010-01-10, 2010-01-10 22:52:00, 2010-01-10 22:57:00, 2010-01-10 23:04:00, B2.3      , "(0, 0)"     ,                  0,                               ,                    ,                    ,                     ,                      ,                               ,       , 
      47, 2010-01-11, 2010-01-11 01:41:00, 2010-01-11 01:50:00, 2010-01-11 01:53:00, B2.7      , "(0, 0)"     ,                  0,                               ,                    ,                    ,                     ,                      ,                               ,       , 
      48, 2010-01-11, 2010-01-11 01:55:00, 2010-01-11 01:58:00, 2010-01-11 02:02:00, B3.9      , "(0, 0)"     ,                  0,                               ,                    ,                    ,                     ,                      ,                               ,       , 
      49, 2010-01-11, 2010-01-11 04:48:00, 2010-01-11 04:54:00, 2010-01-11 05:05:00, B2.7      , "(0, 0)"     ,                  0,                               ,                    ,                    ,                     ,                      ,                               ,       , 
      50, 2010-01-11, 2010-01-11 06:05:00, 2010-01-11 06:19:00, 2010-01-11 06:34:00, B6.8      , "(0, 0)"     ,                  0,                               ,                    ,                    ,                     ,                      ,                               ,       , 
      51, 2010-01-11, 2010-01-11 08:00:00, 2010-01-11 08:05:00, 2010-01-11 08:11:00, B1.9      , "(0, 0)"     ,                  0,                               ,                    ,                    ,                     ,                      ,                               ,       , 
      52, 2010-01-11, 2010-01-11 09:08:00, 2010-01-11 09:11:00, 2010-01-11 09:13:00, B1.3      , "(0, 0)"     ,                  0,                               ,                    ,                    ,                     ,                      ,                               ,       , 
      53, 2010-01-11, 2010-01-11 11:16:00, 2010-01-11 12:01:00, 2010-01-11 12:16:00, B6.1      , "(0, 0)"     ,              11040,                               ,                    ,                    ,                     ,                      ,                               ,       , 
      54, 2010-01-11, 2010-01-11 13:50:00, 2010-01-11 13:56:00, 2010-01-11 14:01:00, B9.1      , "(0, 0)"     ,                  0,                               ,                    ,                    ,                     ,                      ,                               ,       , 
      55, 2010-01-11, 2010-01-11 14:27:00, 2010-01-11 14:36:00, 2010-01-11 14:48:00, B5.4      , "(0, 0)"     ,                  0,                               ,                    ,                    ,                     ,                      ,                               ,       , 
      56, 2010-01-11, 2010-01-11 16:21:00, 2010-01-11 16:27:00, 2010-01-11 16:45:00, B3.9      , "(0, 0)"     ,                  0,                               ,                    ,                    ,                     ,                      ,                               ,       , 
      57, 2010-01-12, 2010-01-12 12:33:00, 2010-01-12 13:20:00, 2010-01-12 13:34:00, C1.1      , "(0, 0)"     ,              11040,                               ,                    ,                    ,                     ,                      ,                               ,       , 
      58, 2010-01-12, 2010-01-12 17:33:00, 2010-01-12 17:36:00, 2010-01-12 17:39:00, B2.7      , "(0, 0)"     ,                  0,                               ,                    ,                    ,                     ,                      ,                               ,       , 
      59, 2010-01-12, 2010-01-12 19:07:00, 2010-01-13 00:46:00, 2010-01-13 02:14:00, B1.7      , "(0, 0)"     ,                  0,                               ,                    ,                    ,                     ,                      ,                               ,       , 
      60, 2010-01-13, 2010-01-13 14:59:00, 2010-01-13 15:04:00, 2010-01-13 15:09:00, B2.5      , "(0, 0)"     ,                  0,                               ,                    ,                    ,                     ,                      ,                               ,       , 
      61, 2010-01-13, 2010-01-13 19:34:00, 2010-01-13 19:38:00, 2010-01-13 19:40:00, B2.1      , "(0, 0)"     ,                  0,                               ,                    ,                    ,                     ,                      ,                               ,       , 
      62, 2010-01-14, 2010-01-14 01:15:00, 2010-01-14 01:21:00, 2010-01-14 01:26:00, B3.0      , "(18, 26)"   ,              11040, "(18, 26)"                    , 271.907348330509   , 492.6986767189664  , 0.43837114678907746 , 0.2777426347494659   ,                               , 26.0  , 18.0
      63, 2010-01-14, 2010-01-14 03:34:00, 2010-01-14 03:39:00, 2010-01-14 03:48:00, B1.8      , "(0, 0)"     ,              11040,                               ,                    ,                    ,                     ,                      ,                               ,       , 
      64, 2010-01-14, 2010-01-14 04:28:00, 2010-01-14 04:36:00, 2010-01-14 04:47:00, B2.2      , "(0, 0)"     ,              11040,                               ,                    ,                    ,                     ,                      ,                               ,       , 
      65, 2010-01-14, 2010-01-14 18:57:00, 2010-01-14 21:39:00, 2010-01-14 22:23:00, B8.1      , "(0, 0)"     ,              11040,                               ,                    ,                    ,                     ,                      ,                               ,       , 
      66, 2010-01-15, 2010-01-15 07:22:00, 2010-01-15 08:41:00, 2010-01-15 10:22:00, C1.3      , "(0, 0)"     ,              11040,                               ,                    ,                    ,                     ,                      ,                               ,       , 
      67, 2010-01-16, 2010-01-16 12:28:00, 2010-01-16 12:40:00, 2010-01-16 13:00:00, B3.9      , "(0, 0)"     ,              11040,                               ,                    ,                    ,                     ,                      ,                               ,       , 
      68, 2010-01-16, 2010-01-16 17:16:00, 2010-01-16 17:23:00, 2010-01-16 17:26:00, B1.9      , "(0, 0)"     ,              11040,                               ,                    ,                    ,                     ,                      ,                               ,       , 
      69, 2010-01-16, 2010-01-16 18:27:00, 2010-01-16 18:30:00, 2010-01-16 18:32:00, B3.5      , "(0, 0)"     ,              11040,                               ,                    ,                    ,                     ,                      ,                               ,       , 
      70, 2010-01-16, 2010-01-16 20:52:00, 2010-01-16 20:57:00, 2010-01-16 21:00:00, B1.5      , "(0, 0)"     ,              11040,                               ,                    ,                    ,                     ,                      ,                               ,       , 
      71, 2010-01-17, 2010-01-17 19:38:00, 2010-01-17 19:43:00, 2010-01-17 19:50:00, B4.2      , "(0, 0)"     ,              11040,                               ,                    ,                    ,                     ,                      ,                               ,       , 
      72, 2010-01-17, 2010-01-17 20:20:00, 2010-01-17 20:25:00, 2010-01-17 20:30:00, B6.1      , "(0, 0)"     ,                  0,                               ,                    ,                    ,                     ,                      ,                               ,       , 
      73, 2010-01-17, 2010-01-17 22:12:00, 2010-01-17 22:33:00, 2010-01-17 22:41:00, C2.1      , "(0, 0)"     ,              11040,                               ,                    ,                    ,                     ,                      ,                               ,       , 
      74, 2010-01-18, 2010-01-18 03:01:00, 2010-01-18 03:30:00, 2010-01-18 04:05:00, B7.5      , "(0, 0)"     ,              11040,                               ,                    ,                    ,                     ,                      ,                               ,       , 
      75, 2010-01-18, 2010-01-18 05:32:00, 2010-01-18 05:54:00, 2010-01-18 06:07:00, B8.4      , "(0, 0)"     ,              11040,                               ,                    ,                    ,                     ,                      ,                               ,       , 
      76, 2010-01-18, 2010-01-18 19:54:00, 2010-01-18 20:39:00, 2010-01-18 21:06:00, C4.9      , "(0, 0)"     ,              11041,                               ,                    ,                    ,                     ,                      ,                               ,       , 
      77, 2010-01-18, 2010-01-18 22:22:00, 2010-01-18 22:25:00, 2010-01-18 22:28:00, B6.8      , "(0, 0)"     ,              11041,                               ,                    ,                    ,                     ,                      ,                               ,       , 
      78, 2010-01-19, 2010-01-19 06:14:00, 2010-01-19 06:18:00, 2010-01-19 06:36:00, B5.8      , "(0, 0)"     ,              11041,                               ,                    ,                    ,                     ,                      ,                               ,       , 
      79, 2010-01-19, 2010-01-19 07:03:00, 2010-01-19 07:11:00, 2010-01-19 07:17:00, B8.3      , "(0, 0)"     ,              11040,                               ,                    ,                    ,                     ,                      ,                               ,       , 
      80, 2010-01-19, 2010-01-19 08:34:00, 2010-01-19 08:45:00, 2010-01-19 09:14:00, C5.2      , "(0, 0)"     ,              11040,                               ,                    ,                    ,                     ,                      ,                               ,       , 
      81, 2010-01-19, 2010-01-19 10:25:00, 2010-01-19 10:29:00, 2010-01-19 10:36:00, C1.1      , "(0, 0)"     ,              11041,                               ,                    ,                    ,                     ,                      ,                               ,       , 
      82, 2010-01-19, 2010-01-19 13:03:00, 2010-01-19 13:41:00, 2010-01-19 13:50:00, M2.3      , "(0, 0)"     ,              11041,                               ,                    ,                    ,                     ,                      ,                               ,       , 
      83, 2010-01-19, 2010-01-19 15:32:00, 2010-01-19 15:36:00, 2010-01-19 15:43:00, C2.3      , "(0, 0)"     ,              11041,                               ,                    ,                    ,                     ,                      ,                               ,       , 
      84, 2010-01-19, 2010-01-19 17:44:00, 2010-01-19 17:55:00, 2010-01-19 18:21:00, C5.1      , "(0, 0)"     ,              11041,                               ,                    ,                    ,                     ,                      ,                               ,       , 
      85, 2010-01-19, 2010-01-19 20:23:00, 2010-01-19 20:35:00, 2010-01-19 20:46:00, M1.7      , "(0, 0)"     ,              11041,                               ,                    ,                    ,                     ,                      ,                               ,       , 
      86, 2010-01-19, 2010-01-19 22:23:00, 2010-01-19 22:33:00, 2010-01-19 22:40:00, C4.5      , "(0, 0)"     ,              11041,                               ,                    ,                    ,                     ,                      ,                               ,       , 
      87, 2010-01-19, 2010-01-19 23:17:00, 2010-01-19 23:26:00, 2010-01-19 23:38:00, C2.2      , "(-92, -25)" ,              11041, "(-92, -25)"                  , -882.96605185722   , -413.10074415330666, -0.42261826174069944, -0.9057556888204041  ,                               , -25.0 , -92.0
      88, 2010-01-20, 2010-01-20 00:10:00, 2010-01-20 00:22:00, 2010-01-20 00:30:00, C4.0      , "(0, 0)"     ,              11041,                               ,                    ,                    ,                     ,                      ,                               ,       , 
      89, 2010-01-20, 2010-01-20 02:47:00, 2010-01-20 02:53:00, 2010-01-20 03:02:00, C1.7      , "(0, 0)"     ,              11041,                               ,                    ,                    ,                     ,                      ,                               ,       , 
      90, 2010-01-20, 2010-01-20 04:48:00, 2010-01-20 04:57:00, 2010-01-20 05:03:00, C5.0      , "(0, 0)"     ,              11041,                               ,                    ,                    ,                     ,                      ,                               ,       , 
      91, 2010-01-20, 2010-01-20 06:10:00, 2010-01-20 06:18:00, 2010-01-20 06:28:00, C3.9      , "(0, 0)"     ,              11041,                               ,                    ,                    ,                     ,                      ,                               ,       , 
      92, 2010-01-20, 2010-01-20 06:45:00, 2010-01-20 07:27:00, 2010-01-20 07:34:00, M1.0      , "(-87, -24)" ,              11041, "(-87, -24)"                  , -889.6451856559142 , -390.9949030287083 , -0.4067366430758002 , -0.9122934753427847  ,                               , -24.0 , -87.0
      93, 2010-01-20, 2010-01-20 07:42:00, 2010-01-20 07:49:00, 2010-01-20 07:53:00, M1.6      , "(-88, -24)" ,              11041, "(-88, -24)"                  , -890.2539069561753 , -392.32717281084376, -0.4067366430758002 , -0.9129889504329772  ,                               , -24.0 , -88.0
      94, 2010-01-20, 2010-01-20 09:13:00, 2010-01-20 09:29:00, 2010-01-20 09:41:00, C3.7      , "(-88, -24)" ,              11041, "(-88, -24)"                  , -890.2495902345981 , -392.3185542477777 , -0.4067366430758002 , -0.9129889504329772  ,                               , -24.0 , -88.0
      95, 2010-01-20, 2010-01-20 10:46:00, 2010-01-20 10:59:00, 2010-01-20 11:10:00, M1.8      , "(0, 0)"     ,              11041,                               ,                    ,                    ,                     ,                      ,                               ,       , 
      96, 2010-01-20, 2010-01-20 12:28:00, 2010-01-20 12:32:00, 2010-01-20 12:36:00, C3.9      , "(0, 0)"     ,              11041,                               ,                    ,                    ,                     ,                      ,                               ,       , 
      97, 2010-01-20, 2010-01-20 13:19:00, 2010-01-20 13:25:00, 2010-01-20 13:44:00, C1.3      , "(0, 0)"     ,              11041,                               ,                    ,                    ,                     ,                      ,                               ,       , 
      98, 2010-01-20, 2010-01-20 14:29:00, 2010-01-20 14:41:00, 2010-01-20 14:46:00, B9.2      , "(0, 0)"     ,              11041,                               ,                    ,                    ,                     ,                      ,                               ,       , 
      99, 2010-01-20, 2010-01-20 15:10:00, 2010-01-20 15:20:00, 2010-01-20 15:28:00, C2.2      , "(0, 0)"     ,              11041,                               ,                    ,                    ,                     ,                      ,                               ,       , 
     100, 2010-01-20, 2010-01-20 15:43:00, 2010-01-20 15:46:00, 2010-01-20 15:48:00, B9.4      , "(0, 0)"     ,              11041,                               ,                    ,                    ,                     ,                      ,                               ,       , 
     101, 2010-01-20, 2010-01-20 17:10:00, 2010-01-20 17:13:00, 2010-01-20 17:18:00, B6.9      , "(0, 0)"     ,              11041,                               ,                    ,                    ,                     ,                      ,                               ,       , 
     102, 2010-01-20, 2010-01-20 17:28:00, 2010-01-20 17:33:00, 2010-01-20 17:35:00, C1.0      , "(-83, -26)" ,              11041, "(-83, -26)"                  , -870.1823745830916 , -416.4355017847669 , -0.43837114678907746, -0.8920945717723704  ,                               , -26.0 , -83.0
     103, 2010-01-20, 2010-01-20 17:50:00, 2010-01-20 17:55:00, 2010-01-20 18:00:00, M3.4      , "(-81, -26)" ,              11041, "(-81, -26)"                  , -866.0491975469049 , -413.80262203036415, -0.43837114678907746, -0.8877284001260137  ,                               , -26.0 , -81.0
     104, 2010-01-20, 2010-01-20 20:47:00, 2010-01-20 20:51:00, 2010-01-20 20:55:00, B6.0      , "(0, 0)"     ,                  0,                               ,                    ,                    ,                     ,                      ,                               ,       , 
     105, 2010-01-20, 2010-01-20 21:57:00, 2010-01-20 22:13:00, 2010-01-20 22:53:00, B6.7      , "(0, 0)"     ,                  0,                               ,                    ,                    ,                     ,                      ,                               ,       , 
     106, 2010-01-21, 2010-01-21 00:21:00, 2010-01-21 00:26:00, 2010-01-21 00:29:00, B7.9      , "(0, 0)"     ,                  0,                               ,                    ,                    ,                     ,                      ,                               ,       , 
     107, 2010-01-21, 2010-01-21 01:16:00, 2010-01-21 01:20:00, 2010-01-21 01:24:00, C4.9      , "(-79, -24)" ,              11041, "(-79, -24)"                  , -874.9670283130836 , -380.08862989201714, -0.4067366430758002 , -0.8967610545371135  ,                               , -24.0 , -79.0
     108, 2010-01-21, 2010-01-21 03:49:00, 2010-01-21 03:54:00, 2010-01-21 03:58:00, C2.3      , "(0, 0)"     ,              11041,                               ,                    ,                    ,                     ,                      ,                               ,       , 
     109, 2010-01-21, 2010-01-21 10:42:00, 2010-01-21 10:49:00, 2010-01-21 10:53:00, C1.2      , "(0, 0)"     ,              11041,                               ,                    ,                    ,                     ,                      ,                               ,       , 
     110, 2010-01-21, 2010-01-21 16:53:00, 2010-01-21 17:33:00, 2010-01-21 18:31:00, B4.6      , "(0, 0)"     ,              11041,                               ,                    ,                    ,                     ,                      ,                               ,       , 
     111, 2010-01-22, 2010-01-22 02:57:00, 2010-01-22 03:01:00, 2010-01-22 03:09:00, B1.7      , "(0, 0)"     ,              11041,                               ,                    ,                    ,                     ,                      ,                               ,       , 
     112, 2010-01-22, 2010-01-22 10:48:00, 2010-01-22 10:53:00, 2010-01-22 10:55:00, B5.6      , "(0, 0)"     ,                  0,                               ,                    ,                    ,                     ,                      ,                               ,       , 
     113, 2010-01-22, 2010-01-22 11:05:00, 2010-01-22 11:09:00, 2010-01-22 11:18:00, B3.0      , "(0, 0)"     ,                  0,                               ,                    ,                    ,                     ,                      ,                               ,       , 
     114, 2010-01-22, 2010-01-22 15:48:00, 2010-01-22 15:55:00, 2010-01-22 16:02:00, B3.0      , "(0, 0)"     ,                  0,                               ,                    ,                    ,                     ,                      ,                               ,       , 
     115, 2010-01-22, 2010-01-22 16:37:00, 2010-01-22 16:40:00, 2010-01-22 16:44:00, B2.1      , "(0, 0)"     ,                  0,                               ,                    ,                    ,                     ,                      ,                               ,       , 
     116, 2010-01-22, 2010-01-22 17:07:00, 2010-01-22 17:11:00, 2010-01-22 17:14:00, B9.6      , "(0, 0)"     ,              11041,                               ,                    ,                    ,                     ,                      ,                               ,       , 
     117, 2010-01-22, 2010-01-22 20:18:00, 2010-01-22 20:22:00, 2010-01-22 20:25:00, B1.3      , "(0, 0)"     ,                  0,                               ,                    ,                    ,                     ,                      ,                               ,       , 
     118, 2010-01-22, 2010-01-22 21:24:00, 2010-01-22 21:33:00, 2010-01-22 21:36:00, B2.8      , "(0, 0)"     ,                  0,                               ,                    ,                    ,                     ,                      ,                               ,       , 
     119, 2010-01-22, 2010-01-22 22:42:00, 2010-01-22 22:46:00, 2010-01-22 22:51:00, B1.7      , "(0, 0)"     ,                  0,                               ,                    ,                    ,                     ,                      ,                               ,       , 
     120, 2010-01-23, 2010-01-23 00:11:00, 2010-01-23 00:21:00, 2010-01-23 00:28:00, B2.3      , "(0, 0)"     ,                  0,                               ,                    ,                    ,                     ,                      ,                               ,       , 
     121, 2010-01-23, 2010-01-23 01:14:00, 2010-01-23 01:19:00, 2010-01-23 01:24:00, B2.8      , "(0, 0)"     ,                  0,                               ,                    ,                    ,                     ,                      ,                               ,       , 
     122, 2010-01-23, 2010-01-23 05:38:00, 2010-01-23 05:44:00, 2010-01-23 05:49:00, B2.4      , "(0, 0)"     ,                  0,                               ,                    ,                    ,                     ,                      ,                               ,       , 
     123, 2010-01-23, 2010-01-23 06:32:00, 2010-01-23 06:36:00, 2010-01-23 06:44:00, B1.9      , "(0, 0)"     ,                  0,                               ,                    ,                    ,                     ,                      ,                               ,       , 
     124, 2010-01-23, 2010-01-23 07:42:00, 2010-01-23 07:48:00, 2010-01-23 07:54:00, B4.4      , "(0, 0)"     ,                  0,                               ,                    ,                    ,                     ,                      ,                               ,       , 
     125, 2010-01-23, 2010-01-23 13:22:00, 2010-01-23 13:31:00, 2010-01-23 13:38:00, B2.2      , "(0, 0)"     ,                  0,                               ,                    ,                    ,                     ,                      ,                               ,       , 
     126, 2010-01-23, 2010-01-23 16:08:00, 2010-01-23 16:12:00, 2010-01-23 16:17:00, B3.8      , "(0, 0)"     ,                  0,                               ,                    ,                    ,                     ,                      ,                               ,       , 
     127, 2010-01-23, 2010-01-23 16:51:00, 2010-01-23 16:56:00, 2010-01-23 16:59:00, B2.5      , "(0, 0)"     ,                  0,                               ,                    ,                    ,                     ,                      ,                               ,       , 
     128, 2010-01-23, 2010-01-23 21:01:00, 2010-01-23 21:06:00, 2010-01-23 21:11:00, B2.5      , "(0, 0)"     ,              11042,                               ,                    ,                    ,                     ,                      ,                               ,       , 
     129, 2010-01-23, 2010-01-23 21:47:00, 2010-01-23 21:52:00, 2010-01-23 21:58:00, B2.5      , "(0, 0)"     ,              11042,                               ,                    ,                    ,                     ,                      ,                               ,       , 
     130, 2010-01-24, 2010-01-24 00:52:00, 2010-01-24 01:04:00, 2010-01-24 01:10:00, B2.1      , "(0, 0)"     ,              11042,                               ,                    ,                    ,                     ,                      ,                               ,       , 
     131, 2010-01-24, 2010-01-24 12:31:00, 2010-01-24 12:45:00, 2010-01-24 12:58:00, B3.1      , "(0, 0)"     ,                  0,                               ,                    ,                    ,                     ,                      ,                               ,       , 
     132, 2010-01-24, 2010-01-24 20:37:00, 2010-01-24 20:51:00, 2010-01-24 21:05:00, B2.0      , "(0, 0)"     ,              11042,                               ,                    ,                    ,                     ,                      ,                               ,       , 
     133, 2010-01-26, 2010-01-26 00:48:00, 2010-01-26 00:54:00, 2010-01-26 01:05:00, B2.9      , "(0, 0)"     ,              11042,                               ,                    ,                    ,                     ,                      ,                               ,       , 
     134, 2010-01-26, 2010-01-26 02:45:00, 2010-01-26 02:52:00, 2010-01-26 03:00:00, B1.5      , "(0, 0)"     ,                  0,                               ,                    ,                    ,                     ,                      ,                               ,       , 
     135, 2010-01-26, 2010-01-26 03:03:00, 2010-01-26 03:06:00, 2010-01-26 03:09:00, B1.4      , "(0, 0)"     ,                  0,                               ,                    ,                    ,                     ,                      ,                               ,       , 
     136, 2010-01-26, 2010-01-26 17:01:00, 2010-01-26 17:05:00, 2010-01-26 17:08:00, B3.2      , "(0, 0)"     ,              11042,                               ,                    ,                    ,                     ,                      ,                               ,       , 
     137, 2010-01-26, 2010-01-26 17:40:00, 2010-01-26 17:51:00, 2010-01-26 17:58:00, B6.7      , "(0, 0)"     ,              11042,                               ,                    ,                    ,                     ,                      ,                               ,       , 
     138, 2010-01-26, 2010-01-26 20:50:00, 2010-01-26 20:56:00, 2010-01-26 21:07:00, B4.6      , "(0, 0)"     ,              11042,                               ,                    ,                    ,                     ,                      ,                               ,       , 
     139, 2010-01-26, 2010-01-26 21:18:00, 2010-01-26 21:31:00, 2010-01-26 21:36:00, B4.8      , "(0, 0)"     ,              11042,                               ,                    ,                    ,                     ,                      ,                               ,       , 
     140, 2010-01-26, 2010-01-26 21:46:00, 2010-01-26 21:51:00, 2010-01-26 21:56:00, B6.3      , "(0, 0)"     ,              11042,                               ,                    ,                    ,                     ,                      ,                               ,       , 
     141, 2010-01-26, 2010-01-26 22:52:00, 2010-01-26 22:59:00, 2010-01-26 23:09:00, B2.1      , "(0, 0)"     ,              11042,                               ,                    ,                    ,                     ,                      ,                               ,       , 
     142, 2010-01-27, 2010-01-27 00:12:00, 2010-01-27 00:19:00, 2010-01-27 00:26:00, B6.2      , "(0, 0)"     ,              11042,                               ,                    ,                    ,                     ,                      ,                               ,       , 
     143, 2010-01-27, 2010-01-27 02:45:00, 2010-01-27 02:50:00, 2010-01-27 02:53:00, B2.4      , "(0, 0)"     ,              11041,                               ,                    ,                    ,                     ,                      ,                               ,       , 
     144, 2010-01-27, 2010-01-27 19:07:00, 2010-01-27 19:12:00, 2010-01-27 19:30:00, B1.6      , "(0, 0)"     ,              11041,                               ,                    ,                    ,                     ,                      ,                               ,       , 
     145, 2010-01-27, 2010-01-27 22:16:00, 2010-01-27 22:20:00, 2010-01-27 22:27:00, B1.5      , "(0, 0)"     ,              11041,                               ,                    ,                    ,                     ,                      ,                               ,       , 
     146, 2010-01-28, 2010-01-28 06:42:00, 2010-01-28 06:49:00, 2010-01-28 06:51:00, B4.0      , "(0, 0)"     ,              11041,                               ,                    ,                    ,                     ,                      ,                               ,       , 
     147, 2010-01-30, 2010-01-30 17:17:00, 2010-01-30 17:22:00, 2010-01-30 17:27:00, B1.1      , "(0, 0)"     ,                  0,                               ,                    ,                    ,                     ,                      ,                               ,       , 
     148, 2010-01-31, 2010-01-31 01:46:00, 2010-01-31 01:50:00, 2010-01-31 01:54:00, B1.5      , "(-35, 25)"  ,              11043, "(-35, 25)"                   , -507.81747568561696, 485.77117568549176 , 0.42261826174069944 , -0.5198367907256845  ,                               , 25.0  , -35.0
     149, 2010-01-31, 2010-01-31 04:10:00, 2010-01-31 04:21:00, 2010-01-31 04:30:00, B1.5      , "(0, 0)"     ,                  0,                               ,                    ,                    ,                     ,                      ,                               ,       , 
     150, 2010-01-31, 2010-01-31 04:54:00, 2010-01-31 05:03:00, 2010-01-31 05:09:00, B4.8      , "(-33, 25)"  ,              11043, "(-33, 25)"                   , -482.22904029651545, 487.7099142521663  , 0.42261826174069944 , -0.4936105985582457  ,                               , 25.0  , -33.0
     151, 2010-02-01, 2010-02-01 05:35:00, 2010-02-01 05:53:00, 2010-02-01 06:01:00, B3.4      , "(0, 0)"     ,              11043,                               ,                    ,                    ,                     ,                      ,                               ,       , 
     152, 2010-02-03, 2010-02-03 04:18:00, 2010-02-03 05:21:00, 2010-02-03 06:21:00, B1.5      , "(0, 0)"     ,                  0,                               ,                    ,                    ,                     ,                      ,                               ,       , 
     153, 2010-02-05, 2010-02-05 13:28:00, 2010-02-05 13:38:00, 2010-02-05 13:52:00, B2.5      , "(0, 0)"     ,                  0,                               ,                    ,                    ,                     ,                      ,                               ,       , 
     154, 2010-02-05, 2010-02-05 18:55:00, 2010-02-05 19:03:00, 2010-02-05 19:10:00, B3.6      , "(0, 0)"     ,              11044,                               ,                    ,                    ,                     ,                      ,                               ,       , 
     155, 2010-02-05, 2010-02-05 22:35:00, 2010-02-05 22:41:00, 2010-02-05 22:53:00, B1.3      , "(0, 0)"     ,                  0,                               ,                    ,                    ,                     ,                      ,                               ,       , 
     156, 2010-02-05, 2010-02-05 23:08:00, 2010-02-05 23:17:00, 2010-02-05 23:26:00, B2.8      , "(0, 0)"     ,                  0,                               ,                    ,                    ,                     ,                      ,                               ,       , 
     157, 2010-02-05, 2010-02-05 23:36:00, 2010-02-05 23:39:00, 2010-02-05 23:41:00, B1.5      , "(0, 0)"     ,                  0,                               ,                    ,                    ,                     ,                      ,                               ,       , 
     158, 2010-02-06, 2010-02-06 01:25:00, 2010-02-06 01:29:00, 2010-02-06 01:35:00, B1.1      , "(0, 0)"     ,                  0,                               ,                    ,                    ,                     ,                      ,                               ,       , 
     159, 2010-02-06, 2010-02-06 06:59:00, 2010-02-06 07:04:00, 2010-02-06 07:09:00, C4.0      , "(0, 0)"     ,                  0,                               ,                    ,                    ,                     ,                      ,                               ,       , 
     160, 2010-02-06, 2010-02-06 08:22:00, 2010-02-06 08:29:00, 2010-02-06 08:32:00, B2.8      , "(0, 0)"     ,                  0,                               ,                    ,                    ,                     ,                      ,                               ,       , 
     161, 2010-02-06, 2010-02-06 09:42:00, 2010-02-06 09:45:00, 2010-02-06 09:48:00, B1.7      , "(0, 0)"     ,                  0,                               ,                    ,                    ,                     ,                      ,                               ,       , 
     162, 2010-02-06, 2010-02-06 10:34:00, 2010-02-06 10:48:00, 2010-02-06 11:01:00, C1.0      , "(0, 0)"     ,                  0,                               ,                    ,                    ,                     ,                      ,                               ,       , 
     163, 2010-02-06, 2010-02-06 14:01:00, 2010-02-06 14:36:00, 2010-02-06 15:10:00, B9.0      , "(0, 0)"     ,              11045,                               ,                    ,                    ,                     ,                      ,                               ,       , 
     164, 2010-02-06, 2010-02-06 15:25:00, 2010-02-06 15:39:00, 2010-02-06 15:49:00, C3.4      , "(-17, 21)"  ,              11045, "(-17, 21)"                   , -266.5607973556034 , 444.8252810942147  , 0.35836794954530027 , -0.27295250079076655 ,                               , 21.0  , -17.0
     165, 2010-02-06, 2010-02-06 18:06:00, 2010-02-06 18:13:00, 2010-02-06 18:31:00, B6.2      , "(0, 0)"     ,                  0,                               ,                    ,                    ,                     ,                      ,                               ,       , 
     166, 2010-02-06, 2010-02-06 18:47:00, 2010-02-06 18:59:00, 2010-02-06 19:09:00, M2.9      , "(-17, 21)"  ,              11045, "(-17, 21)"                   , -266.5542597116437 , 444.93721257165186 , 0.35836794954530027 , -0.27295250079076655 ,                               , 21.0  , -17.0
     167, 2010-02-06, 2010-02-06 21:31:00, 2010-02-06 21:37:00, 2010-02-06 21:42:00, M1.3      , "(0, 0)"     ,              11045,                               ,                    ,                    ,                     ,                      ,                               ,       , 
     168, 2010-02-06, 2010-02-06 22:27:00, 2010-02-06 22:31:00, 2010-02-06 22:33:00, C2.2      , "(-12, 22)"  ,              11045, "(-12, 22)"                   , -188.25952551467344, 462.38414768677444 , 0.374606593415912   , -0.19277236290190825 ,                               , 22.0  , -12.0
     169, 2010-02-06, 2010-02-06 22:45:00, 2010-02-06 22:59:00, 2010-02-06 23:19:00, C2.7      , "(-15, 22)"  ,              11045, "(-15, 22)"                   , -234.34198517911136, 461.1344251149489  , 0.374606593415912   , -0.2399728398734504  ,                               , 22.0  , -15.0
     170, 2010-02-07, 2010-02-07 02:20:00, 2010-02-07 02:34:00, 2010-02-07 02:39:00, M6.4      , "(-10, 21)"  ,              11045, "(-10, 21)"                   , -158.3255617073737 , 448.1462588347478  , 0.35836794954530027 , -0.1621145397667547  ,                               , 21.0  , -10.0
     171, 2010-02-07, 2010-02-07 03:25:00, 2010-02-07 03:29:00, 2010-02-07 03:33:00, C1.1      , "(0, 0)"     ,              11045,                               ,                    ,                    ,                     ,                      ,                               ,       , 
     172, 2010-02-07, 2010-02-07 04:42:00, 2010-02-07 04:52:00, 2010-02-07 04:54:00, C9.9      , "(-7, 20)"   ,              11045, "(-7, 20)"                    , -111.84916823287494, 433.84392777819    , 0.3420201433256687  , -0.1145197226978409  ,                               , 20.0  , -7.0
     173, 2010-02-07, 2010-02-07 06:43:00, 2010-02-07 06:48:00, 2010-02-07 06:51:00, B6.3      , "(-8, 21)"   ,              11045, "(-8, 21)"                    , -126.89150293334387, 448.8621934488731  , 0.35836794954530027 , -0.129929282951236   ,                               , 21.0  , -8.0
     174, 2010-02-07, 2010-02-07 07:57:00, 2010-02-07 08:01:00, 2010-02-07 08:05:00, B7.4      , "(-7, 21)"   ,              11045, "(-7, 21)"                    , -111.11485226359218, 449.14098706784966 , 0.35836794954530027 , -0.11377483359311152 ,                               , 21.0  , -7.0
     175, 2010-02-07, 2010-02-07 08:53:00, 2010-02-07 08:56:00, 2010-02-07 08:58:00, B3.5      , "(0, 0)"     ,                  0,                               ,                    ,                    ,                     ,                      ,                               ,       , 
     176, 2010-02-07, 2010-02-07 09:18:00, 2010-02-07 09:24:00, 2010-02-07 09:29:00, B3.5      , "(0, 0)"     ,                  0,                               ,                    ,                    ,                     ,                      ,                               ,       , 
     177, 2010-02-07, 2010-02-07 09:44:00, 2010-02-07 10:01:00, 2010-02-07 10:39:00, B3.4      , "(0, 0)"     ,                  0,                               ,                    ,                    ,                     ,                      ,                               ,       , 
     178, 2010-02-07, 2010-02-07 13:33:00, 2010-02-07 13:37:00, 2010-02-07 13:39:00, B7.1      , "(0, 0)"     ,                  0,                               ,                    ,                    ,                     ,                      ,                               ,       , 
     179, 2010-02-07, 2010-02-07 18:33:00, 2010-02-07 18:36:00, 2010-02-07 18:40:00, B8.3      , "(-4, 22)"   ,              11045, "(-4, 22)"                    , -63.15895460313186 , 465.0594780105277  , 0.374606593415912   , -0.064677076207065   ,                               , 22.0  , -4.0
     180, 2010-02-07, 2010-02-07 21:09:00, 2010-02-07 21:15:00, 2010-02-07 21:19:00, C4.2      , "(-2, 22)"   ,              11045, "(-2, 22)"                    , -31.598365616984665, 465.3348736549652  , 0.374606593415912   , -0.032358249875065734,                               , 22.0  , -2.0
     181, 2010-02-07, 2010-02-07 21:31:00, 2010-02-07 21:39:00, 2010-02-07 21:45:00, C4.2      , "(0, 0)"     ,              11045,                               ,                    ,                    ,                     ,                      ,                               ,       , 
     182, 2010-02-07, 2010-02-07 22:28:00, 2010-02-07 22:31:00, 2010-02-07 22:33:00, C1.0      , "(0, 0)"     ,              11045,                               ,                    ,                    ,                     ,                      ,                               ,       , 
     183, 2010-02-08, 2010-02-08 00:10:00, 2010-02-08 00:16:00, 2010-02-08 00:18:00, C1.4      , "(-2, 22)"   ,              11045, "(-2, 22)"                    , -31.59765239036642 , 465.4338010894238  , 0.374606593415912   , -0.032358249875065734,                               , 22.0  , -2.0
     184, 2010-02-08, 2010-02-08 01:10:00, 2010-02-08 01:14:00, 2010-02-08 01:16:00, B5.8      , "(0, 0)"     ,              11045,                               ,                    ,                    ,                     ,                      ,                               ,       , 
     185, 2010-02-08, 2010-02-08 01:23:00, 2010-02-08 01:29:00, 2010-02-08 01:31:00, B7.0      , "(-1, 21)"   ,              11045, "(-1, 21)"                    , -15.9107475890778  , 450.48697771367745 , 0.35836794954530027 , -0.01629322504512165 ,                               , 21.0  , -1.0
     186, 2010-02-08, 2010-02-08 02:22:00, 2010-02-08 02:37:00, 2010-02-08 02:40:00, B7.4      , "(1, 22)"    ,              11045, "(1, 22)"                     , 15.80100371257029  , 465.55320037377595 , 0.374606593415912   , 0.01618158947198674  ,                               , 22.0  , 1.0
     187, 2010-02-08, 2010-02-08 02:46:00, 2010-02-08 02:52:00, 2010-02-08 02:56:00, B8.3      , "(0, 22)"    ,              11045, "(0, 22)"                     , 0.0                , 465.5820995855128  , 0.374606593415912   , 0.0                  ,                               , 22.0  , 0.0
     188, 2010-02-08, 2010-02-08 03:08:00, 2010-02-08 03:17:00, 2010-02-08 03:23:00, C6.2      , "(0, 23)"    ,              11045, "(0, 23)"                     , 0.0                , 480.4836935755183  , 0.39073112848927377 , 0.0                  ,                               , 23.0  , 0.0
     189, 2010-02-08, 2010-02-08 03:52:00, 2010-02-08 03:58:00, 2010-02-08 04:02:00, C2.4      , "(0, 25)"    ,              11045, "(0, 25)"                     , 0.0                , 509.8367788033219  , 0.42261826174069944 , 0.0                  ,                               , 25.0  , 0.0
     190, 2010-02-08, 2010-02-08 04:04:00, 2010-02-08 04:15:00, 2010-02-08 04:20:00, C7.7      , "(1, 21)"    ,              11045, "(1, 21)"                     , 15.910427191723524 , 450.5756079650401  , 0.35836794954530027 , 0.01629322504512165  ,                               , 21.0  , 1.0
     191, 2010-02-08, 2010-02-08 05:12:00, 2010-02-08 05:23:00, 2010-02-08 05:30:00, C8.6      , "(1, 21)"    ,              11045, "(1, 21)"                     , 15.91029166111799  , 450.6129174080964  , 0.35836794954530027 , 0.01629322504512165  ,                               , 21.0  , 1.0
     192, 2010-02-08, 2010-02-08 05:59:00, 2010-02-08 06:06:00, 2010-02-08 06:13:00, C6.8      , "(1, 21)"    ,              11045, "(1, 21)"                     , 15.910197913899855 , 450.6386616109273  , 0.35836794954530027 , 0.01629322504512165  ,                               , 21.0  , 1.0
     193, 2010-02-08, 2010-02-08 06:59:00, 2010-02-08 07:03:00, 2010-02-08 07:08:00, C1.9      , "(3, 21)"    ,              11045, "(3, 21)"                     , 47.71059449527663  , 450.54359975714766 , 0.35836794954530027 , 0.04885982435042639  ,                               , 21.0  , 3.0
     194, 2010-02-08, 2010-02-08 07:36:00, 2010-02-08 07:43:00, 2010-02-08 07:46:00, M4.0      , "(0, 0)"     ,              11045,                               ,                    ,                    ,                     ,                      ,                               ,       , 
     195, 2010-02-08, 2010-02-08 08:03:00, 2010-02-08 08:07:00, 2010-02-08 08:10:00, C1.9      , "(0, 0)"     ,              11045,                               ,                    ,                    ,                     ,                      ,                               ,       , 
     196, 2010-02-08, 2010-02-08 09:54:00, 2010-02-08 09:58:00, 2010-02-08 10:03:00, C2.8      , "(0, 0)"     ,              11045,                               ,                    ,                    ,                     ,                      ,                               ,       , 
     197, 2010-02-08, 2010-02-08 11:00:00, 2010-02-08 11:14:00, 2010-02-08 11:18:00, C1.8      , "(0, 0)"     ,              11045,                               ,                    ,                    ,                     ,                      ,                               ,       , 
     198, 2010-02-08, 2010-02-08 11:57:00, 2010-02-08 12:03:00, 2010-02-08 12:06:00, M1.1      , "(0, 0)"     ,              11045,                               ,                    ,                    ,                     ,                      ,                               ,       , 
     199, 2010-02-08, 2010-02-08 13:32:00, 2010-02-08 13:47:00, 2010-02-08 13:50:00, M2.0      , "(0, 0)"     ,              11045,                               ,                    ,                    ,                     ,                      ,                               ,       , 
     200, 2010-02-08, 2010-02-08 14:56:00, 2010-02-08 15:03:00, 2010-02-08 15:15:00, C1.2      , "(8, 22)"    ,              11045, "(8, 22)"                     , 125.98687348245929 , 464.95627167498924 , 0.374606593415912   , 0.12903905220016615  ,                               , 22.0  , 8.0
     201, 2010-02-08, 2010-02-08 15:28:00, 2010-02-08 15:36:00, 2010-02-08 15:39:00, C1.3      , "(8, 22)"    ,              11045, "(8, 22)"                     , 125.98636406556729 , 464.97308002208666 , 0.374606593415912   , 0.12903905220016615  ,                               , 22.0  , 8.0
     202, 2010-02-08, 2010-02-08 15:46:00, 2010-02-08 15:52:00, 2010-02-08 15:56:00, C3.8      , "(0, 0)"     ,              11045,                               ,                    ,                    ,                     ,                      ,                               ,       , 
     203, 2010-02-08, 2010-02-08 16:33:00, 2010-02-08 17:07:00, 2010-02-08 17:12:00, C1.3      , "(9, 22)"    ,              11045, "(9, 22)"                     , 141.60944190609948 , 464.737183656523   , 0.374606593415912   , 0.14504351028309462  ,                               , 22.0  , 9.0
     204, 2010-02-08, 2010-02-08 17:22:00, 2010-02-08 17:26:00, 2010-02-08 17:35:00, B7.0      , "(8, 23)"    ,              11045, "(8, 23)"                     , 125.07204092734769 , 479.9227044081058  , 0.39073112848927377 , 0.12810951490376674  ,                               , 23.0  , 8.0
     205, 2010-02-08, 2010-02-08 17:43:00, 2010-02-08 17:49:00, 2010-02-08 17:56:00, B7.7      , "(0, 0)"     ,              11045,                               ,                    ,                    ,                     ,                      ,                               ,       , 
     206, 2010-02-08, 2010-02-08 18:03:00, 2010-02-08 18:08:00, 2010-02-08 18:11:00, C1.3      , "(9, 21)"    ,              11045, "(9, 21)"                     , 142.59025008440392 , 449.74944999206804 , 0.35836794954530027 , 0.14604415459112033  ,                               , 21.0  , 9.0
     207, 2010-02-08, 2010-02-08 18:21:00, 2010-02-08 18:25:00, 2010-02-08 18:29:00, B7.8      , "(0, 0)"     ,              11045,                               ,                    ,                    ,                     ,                      ,                               ,       , 
     208, 2010-02-08, 2010-02-08 19:02:00, 2010-02-08 19:10:00, 2010-02-08 19:20:00, C2.4      , "(10, 22)"   ,              11045, "(10, 22)"                    , 157.18689550837468 , 464.51312169440854 , 0.374606593415912   , 0.1610037867077228   ,                               , 22.0  , 10.0
     209, 2010-02-08, 2010-02-08 19:34:00, 2010-02-08 19:38:00, 2010-02-08 19:40:00, C1.7      , "(0, 0)"     ,              11045,                               ,                    ,                    ,                     ,                      ,                               ,       , 
     210, 2010-02-08, 2010-02-08 20:01:00, 2010-02-08 20:06:00, 2010-02-08 20:09:00, B8.6      , "(0, 0)"     ,              11045,                               ,                    ,                    ,                     ,                      ,                               ,       , 
     211, 2010-02-08, 2010-02-08 21:01:00, 2010-02-08 21:23:00, 2010-02-08 21:28:00, M1.0      , "(12, 23)"   ,              11045, "(12, 23)"                    , 186.83099810790256 , 478.7732673407304  , 0.39073112848927377 , 0.19138372048725066  ,                               , 23.0  , 12.0
     212, 2010-02-08, 2010-02-08 21:53:00, 2010-02-08 21:58:00, 2010-02-08 22:01:00, C2.2      , "(11, 22)"   ,              11045, "(11, 22)"                    , 172.7147746711506  , 464.26806009273685 , 0.374606593415912   , 0.17691501981924113  ,                               , 22.0  , 11.0
     213, 2010-02-08, 2010-02-08 22:34:00, 2010-02-08 22:39:00, 2010-02-08 22:44:00, B8.4      , "(0, 0)"     ,              11045,                               ,                    ,                    ,                     ,                      ,                               ,       , 
     214, 2010-02-09, 2010-02-09 00:13:00, 2010-02-09 00:29:00, 2010-02-09 00:54:00, B6.1      , "(0, 0)"     ,              11045,                               ,                    ,                    ,                     ,                      ,                               ,       , 
     215, 2010-02-09, 2010-02-09 01:13:00, 2010-02-09 01:25:00, 2010-02-09 01:34:00, C2.7      , "(13, 22)"   ,              11045, "(13, 22)"                    , 203.60753859645004 , 463.60878547837103 , 0.374606593415912   , 0.20857098565540763  ,                               , 22.0  , 13.0
     216, 2010-02-09, 2010-02-09 04:04:00, 2010-02-09 04:17:00, 2010-02-09 04:22:00, C2.4      , "(17, 21)"   ,              11045, "(17, 21)"                    , 266.4400832613204  , 446.7462870135625  , 0.35836794954530027 , 0.27295250079076655  ,                               , 21.0  , 17.0
     217, 2010-02-09, 2010-02-09 07:44:00, 2010-02-09 07:47:00, 2010-02-09 07:50:00, B1.8      , "(0, 0)"     ,                  0,                               ,                    ,                    ,                     ,                      ,                               ,       , 
     218, 2010-02-09, 2010-02-09 08:44:00, 2010-02-09 08:49:00, 2010-02-09 08:54:00, B6.5      , "(18, 22)"   ,              11045, "(18, 22)"                    , 279.65263825271575 , 461.3826201996624  , 0.374606593415912   , 0.286515567971207    ,                               , 22.0  , 18.0
     219, 2010-02-09, 2010-02-09 10:24:00, 2010-02-09 10:31:00, 2010-02-09 10:46:00, B2.5      , "(0, 0)"     ,                  0,                               ,                    ,                    ,                     ,                      ,                               ,       , 
     220, 2010-02-09, 2010-02-09 11:24:00, 2010-02-09 11:31:00, 2010-02-09 11:39:00, C1.8      , "(0, 0)"     ,                  0,                               ,                    ,                    ,                     ,                      ,                               ,       , 
     221, 2010-02-09, 2010-02-09 17:37:00, 2010-02-09 17:41:00, 2010-02-09 17:48:00, B2.4      , "(0, 0)"     ,                  0,                               ,                    ,                    ,                     ,                      ,                               ,       , 
     222, 2010-02-10, 2010-02-10 00:23:00, 2010-02-10 00:26:00, 2010-02-10 00:28:00, C1.5      , "(0, 0)"     ,                  0,                               ,                    ,                    ,                     ,                      ,                               ,       , 
     223, 2010-02-10, 2010-02-10 02:15:00, 2010-02-10 02:20:00, 2010-02-10 02:25:00, B2.8      , "(0, 0)"     ,                  0,                               ,                    ,                    ,                     ,                      ,                               ,       , 
     224, 2010-02-10, 2010-02-10 05:56:00, 2010-02-10 05:59:00, 2010-02-10 06:02:00, B3.4      , "(0, 0)"     ,                  0,                               ,                    ,                    ,                     ,                      ,                               ,       , 
     225, 2010-02-10, 2010-02-10 06:11:00, 2010-02-10 06:14:00, 2010-02-10 06:17:00, B8.6      , "(28, 20)"   ,              11045, "(28, 20)"                    , 430.42224675563256 , 424.46748222633227 , 0.3420201433256687  , 0.4411589632187299   ,                               , 20.0  , 28.0
     226, 2010-02-10, 2010-02-10 07:03:00, 2010-02-10 07:09:00, 2010-02-10 07:15:00, B4.8      , "(29, 20)"   ,              11045, "(29, 20)"                    , 444.4651417943425  , 423.59749984644634 , 0.3420201433256687  , 0.4555720226315015   ,                               , 20.0  , 29.0
     227, 2010-02-10, 2010-02-10 07:16:00, 2010-02-10 07:19:00, 2010-02-10 07:21:00, B7.7      , "(0, 0)"     ,                  0,                               ,                    ,                    ,                     ,                      ,                               ,       , 
     228, 2010-02-10, 2010-02-10 08:08:00, 2010-02-10 08:12:00, 2010-02-10 08:17:00, B4.2      , "(0, 0)"     ,                  0,                               ,                    ,                    ,                     ,                      ,                               ,       , 
     229, 2010-02-10, 2010-02-10 11:43:00, 2010-02-10 11:50:00, 2010-02-10 11:56:00, B3.4      , "(0, 0)"     ,                  0,                               ,                    ,                    ,                     ,                      ,                               ,       , 
     230, 2010-02-10, 2010-02-10 14:58:00, 2010-02-10 15:06:00, 2010-02-10 15:09:00, C1.2      , "(33, 22)"   ,              11045, "(33, 22)"                    , 492.52723404123003 , 450.30349290496684 , 0.374606593415912   , 0.5049805198327684   ,                               , 22.0  , 33.0
     231, 2010-02-10, 2010-02-10 15:10:00, 2010-02-10 15:14:00, 2010-02-10 15:19:00, C3.7      , "(32, 21)"   ,              11045, "(32, 21)"                    , 482.5574978181841  , 436.1949376781118  , 0.35836794954530027 , 0.4947222527119188   ,                               , 21.0  , 32.0
     232, 2010-02-10, 2010-02-10 22:03:00, 2010-02-10 22:10:00, 2010-02-10 22:16:00, B9.5      , "(0, 0)"     ,                  0,                               ,                    ,                    ,                     ,                      ,                               ,       , 
     233, 2010-02-10, 2010-02-10 23:12:00, 2010-02-10 23:15:00, 2010-02-10 23:18:00, B3.8      , "(0, 0)"     ,                  0,                               ,                    ,                    ,                     ,                      ,                               ,       , 
     234, 2010-02-11, 2010-02-11 01:48:00, 2010-02-11 01:51:00, 2010-02-11 01:53:00, B3.5      , "(39, 21)"   ,              11045, "(39, 21)"                    , 572.8481932445848  , 428.85428680329056 , 0.35836794954530027 , 0.587521199079693    ,                               , 21.0  , 39.0
     235, 2010-02-11, 2010-02-11 05:57:00, 2010-02-11 06:15:00, 2010-02-11 06:27:00, B6.5      , "(0, 0)"     ,                  0,                               ,                    ,                    ,                     ,                      ,                               ,       , 
     236, 2010-02-11, 2010-02-11 14:30:00, 2010-02-11 14:34:00, 2010-02-11 14:42:00, B2.3      , "(0, 0)"     ,                  0,                               ,                    ,                    ,                     ,                      ,                               ,       , 
     237, 2010-02-11, 2010-02-11 15:08:00, 2010-02-11 15:12:00, 2010-02-11 15:16:00, B5.2      , "(-19, 23)"  ,              11046, "(-19, 23)"                   , -292.36586540495045, 477.1847160260741  , 0.39073112848927377 , -0.2996870663073665  ,                               , 23.0  , -19.0
     238, 2010-02-11, 2010-02-11 17:00:00, 2010-02-11 17:04:00, 2010-02-11 17:09:00, B2.5      , "(0, 0)"     ,                  0,                               ,                    ,                    ,                     ,                      ,                               ,       , 
     239, 2010-02-11, 2010-02-11 19:20:00, 2010-02-11 19:41:00, 2010-02-11 20:01:00, C1.1      , "(-17, 23)"  ,              11046, "(-17, 23)"                   , -262.55836752499454, 478.4399751979     , 0.39073112848927377 , -0.269129573209443   ,                               , 23.0  , -17.0
     240, 2010-02-11, 2010-02-11 22:02:00, 2010-02-11 22:05:00, 2010-02-11 22:10:00, B2.6      , "(0, 0)"     ,                  0,                               ,                    ,                    ,                     ,                      ,                               ,       , 
     241, 2010-02-12, 2010-02-12 03:54:00, 2010-02-12 03:58:00, 2010-02-12 04:01:00, B3.2      , "(0, 0)"     ,                  0,                               ,                    ,                    ,                     ,                      ,                               ,       , 
     242, 2010-02-12, 2010-02-12 07:18:00, 2010-02-12 07:25:00, 2010-02-12 07:28:00, C7.9      , "(-13, 24)"  ,              11046, "(-13, 24)"                   , -200.473683035234  , 495.3893889106339  , 0.4067366430758002  , -0.20550301388775175 ,                               , 24.0  , -13.0
     243, 2010-02-12, 2010-02-12 09:38:00, 2010-02-12 09:42:00, 2010-02-12 09:45:00, B9.6      , "(-7, 22)"   ,              11046, "(-7, 22)"                    , -110.24544267985038, 467.82721413379124 , 0.374606593415912   , -0.11299528757190813 ,                               , 22.0  , -7.0
     244, 2010-02-12, 2010-02-12 11:19:00, 2010-02-12 11:26:00, 2010-02-12 11:28:00, M8.3      , "(0, 0)"     ,              11046,                               ,                    ,                    ,                     ,                      ,                               ,       , 
     245, 2010-02-12, 2010-02-12 12:42:00, 2010-02-12 12:46:00, 2010-02-12 12:49:00, B8.9      , "(0, 0)"     ,                  0,                               ,                    ,                    ,                     ,                      ,                               ,       , 
     246, 2010-02-12, 2010-02-12 15:25:00, 2010-02-12 15:29:00, 2010-02-12 15:32:00, B6.2      , "(0, 0)"     ,                  0,                               ,                    ,                    ,                     ,                      ,                               ,       , 
     247, 2010-02-12, 2010-02-12 15:46:00, 2010-02-12 15:51:00, 2010-02-12 15:54:00, B6.5      , "(0, 0)"     ,                  0,                               ,                    ,                    ,                     ,                      ,                               ,       , 
     248, 2010-02-12, 2010-02-12 17:52:00, 2010-02-12 18:08:00, 2010-02-12 18:15:00, M1.1      , "(53, 28)"   ,              11045, "(53, 28)"                    , 686.6541446343294  , 514.576365687773   , 0.4694715627858908  , 0.7051533011679186   ,                               , 28.0  , 53.0
     249, 2010-02-12, 2010-02-12 20:46:00, 2010-02-12 20:51:00, 2010-02-12 20:55:00, C1.3      , "(-1, 22)"   ,              11046, "(-1, 22)"                    , -15.786880367435515, 468.906562389187   , 0.374606593415912   , -0.01618158947198674 ,                               , 22.0  , -1.0
     250, 2010-02-12, 2010-02-12 22:33:00, 2010-02-12 22:40:00, 2010-02-12 22:44:00, C3.0      , "(56, 25)"   ,              11045, "(56, 25)"                    , 731.5583927630876  , 466.4782259888846  , 0.42261826174069944 , 0.751363207752596    ,                               , 25.0  , 56.0
     251, 2010-02-13, 2010-02-13 01:39:00, 2010-02-13 01:46:00, 2010-02-13 01:49:00, B7.9      , "(-2, 25)"   ,              11046, "(-2, 25)"                    , -30.853030456695706, 513.0465334990704  , 0.42261826174069944 , -0.03162968562513652 ,                               , 25.0  , -2.0
     252, 2010-02-13, 2010-02-13 02:39:00, 2010-02-13 03:23:00, 2010-02-13 03:29:00, B5.1      , "(0, 0)"     ,                  0,                               ,                    ,                    ,                     ,                      ,                               ,       , 
     253, 2010-02-13, 2010-02-13 07:46:00, 2010-02-13 07:52:00, 2010-02-13 08:06:00, C4.3      , "(0, 0)"     ,              11048,                               ,                    ,                    ,                     ,                      ,                               ,       , 
     254, 2010-02-13, 2010-02-13 12:28:00, 2010-02-13 12:39:00, 2010-02-13 12:48:00, C9.6      , "(0, 0)"     ,              11048,                               ,                    ,                    ,                     ,                      ,                               ,       , 
     255, 2010-02-13, 2010-02-13 18:12:00, 2010-02-13 18:17:00, 2010-02-13 18:21:00, B4.3      , "(0, 0)"     ,              11046,                               ,                    ,                    ,                     ,                      ,                               ,       , 
     256, 2010-02-13, 2010-02-13 19:58:00, 2010-02-13 20:04:00, 2010-02-13 20:08:00, C2.7      , "(13, 25)"   ,              11046, "(13, 25)"                    , 198.8178525129479  , 510.82207439056646 , 0.42261826174069944 , 0.20387489225394947  ,                               , 25.0  , 13.0
     257, 2010-02-13, 2010-02-13 20:42:00, 2010-02-13 20:52:00, 2010-02-13 21:05:00, C3.0      , "(0, 0)"     ,                  0,                               ,                    ,                    ,                     ,                      ,                               ,       , 
     258, 2010-02-13, 2010-02-13 23:24:00, 2010-02-13 23:31:00, 2010-02-13 23:33:00, B5.3      , "(4, 25)"    ,              11046, "(4, 25)"                     , 61.65703050821865  , 513.3704625312105  , 0.42261826174069944 , 0.06322083535051838  ,                               , 25.0  , 4.0
     259, 2010-02-14, 2010-02-14 08:52:00, 2010-02-14 09:01:00, 2010-02-14 09:09:00, B6.5      , "(0, 0)"     ,              11048,                               ,                    ,                    ,                     ,                      ,                               ,       , 
     260, 2010-02-14, 2010-02-14 11:49:00, 2010-02-14 12:04:00, 2010-02-14 12:18:00, C4.3      , "(0, 0)"     ,              11048,                               ,                    ,                    ,                     ,                      ,                               ,       , 
     261, 2010-02-14, 2010-02-14 20:07:00, 2010-02-14 20:12:00, 2010-02-14 20:23:00, B2.7      , "(0, 0)"     ,                  0,                               ,                    ,                    ,                     ,                      ,                               ,       , 
     262, 2010-02-14, 2010-02-14 21:33:00, 2010-02-14 21:38:00, 2010-02-14 21:41:00, B2.5      , "(0, 0)"     ,                  0,                               ,                    ,                    ,                     ,                      ,                               ,       , 
     263, 2010-02-15, 2010-02-15 01:05:00, 2010-02-15 01:16:00, 2010-02-15 01:34:00, C1.9      , "(0, 0)"     ,                  0,                               ,                    ,                    ,                     ,                      ,                               ,       , 
     264, 2010-02-15, 2010-02-15 10:30:00, 2010-02-15 10:34:00, 2010-02-15 10:36:00, B2.3      , "(0, 0)"     ,                  0,                               ,                    ,                    ,                     ,                      ,                               ,       , 
     265, 2010-02-15, 2010-02-15 10:42:00, 2010-02-15 10:47:00, 2010-02-15 10:55:00, B5.0      , "(0, 0)"     ,                  0,                               ,                    ,                    ,                     ,                      ,                               ,       , 
     266, 2010-02-15, 2010-02-15 15:30:00, 2010-02-15 15:34:00, 2010-02-15 15:56:00, B1.7      , "(0, 0)"     ,                  0,                               ,                    ,                    ,                     ,                      ,                               ,       , 
     267, 2010-02-15, 2010-02-15 17:35:00, 2010-02-15 17:40:00, 2010-02-15 17:44:00, B1.9      , "(0, 0)"     ,                  0,                               ,                    ,                    ,                     ,                      ,                               ,       , 
     268, 2010-02-16, 2010-02-16 03:48:00, 2010-02-16 04:12:00, 2010-02-16 04:32:00, B2.6      , "(0, 0)"     ,              11046,                               ,                    ,                    ,                     ,                      ,                               ,       , 
     269, 2010-02-17, 2010-02-17 06:47:00, 2010-02-17 06:53:00, 2010-02-17 07:02:00, B1.1      , "(0, 0)"     ,                  0,                               ,                    ,                    ,                     ,                      ,                               ,       , 
     270, 2010-02-17, 2010-02-17 07:29:00, 2010-02-17 07:41:00, 2010-02-17 07:55:00, B2.6      , "(0, 0)"     ,              11048,                               ,                    ,                    ,                     ,                      ,                               ,       , 
     271, 2010-02-17, 2010-02-17 20:28:00, 2010-02-17 20:31:00, 2010-02-17 20:35:00, B1.3      , "(0, 0)"     ,              11049,                               ,                    ,                    ,                     ,                      ,                               ,       , 
     272, 2010-02-17, 2010-02-17 23:41:00, 2010-02-17 23:44:00, 2010-02-17 23:52:00, B1.1      , "(0, 0)"     ,              11049,                               ,                    ,                    ,                     ,                      ,                               ,       , 
     273, 2010-02-18, 2010-02-18 00:50:00, 2010-02-18 01:00:00, 2010-02-18 01:05:00, B1.3      , "(0, 0)"     ,              11049,                               ,                    ,                    ,                     ,                      ,                               ,       , 
     274, 2010-02-18, 2010-02-18 11:32:00, 2010-02-18 11:37:00, 2010-02-18 11:45:00, B1.8      , "(0, 0)"     ,              11049,                               ,                    ,                    ,                     ,                      ,                               ,       , 
     275, 2010-02-19, 2010-02-19 09:05:00, 2010-02-19 09:16:00, 2010-02-19 09:33:00, B2.7      , "(0, 0)"     ,              11049,                               ,                    ,                    ,                     ,                      ,                               ,       , 
     276, 2010-02-20, 2010-02-20 09:15:00, 2010-02-20 09:19:00, 2010-02-20 09:27:00, B1.2      , "(0, 0)"     ,              11046,                               ,                    ,                    ,                     ,                      ,                               ,       , 
     277, 2010-02-21, 2010-02-21 01:50:00, 2010-02-21 01:56:00, 2010-02-21 02:01:00, B1.4      , "(0, 0)"     ,                  0,                               ,                    ,                    ,                     ,                      ,                               ,       , 
     278, 2010-02-21, 2010-02-21 11:12:00, 2010-02-21 12:16:00, 2010-02-21 12:26:00, B1.2      , "(0, 0)"     ,                  0,                               ,                    ,                    ,                     ,                      ,                               ,       , 
     279, 2010-02-21, 2010-02-21 15:40:00, 2010-02-21 16:08:00, 2010-02-21 16:41:00, B1.4      , "(0, 0)"     ,                  0,                               ,                    ,                    ,                     ,                      ,                               ,       , 
     280, 2010-02-22, 2010-02-22 13:13:00, 2010-02-22 13:23:00, 2010-02-22 13:32:00, B2.2      , "(0, 0)"     ,                  0,                               ,                    ,                    ,                     ,                      ,                               ,       , 
     281, 2010-02-22, 2010-02-22 18:27:00, 2010-02-22 18:33:00, 2010-02-22 18:39:00, B1.5      , "(0, 0)"     ,              11049,                               ,                    ,                    ,                     ,                      ,                               ,       , 
     282, 2010-02-22, 2010-02-22 21:32:00, 2010-02-22 21:37:00, 2010-02-22 21:56:00, B1.4      , "(0, 0)"     ,              11049,                               ,                    ,                    ,                     ,                      ,                               ,       , 
     283, 2010-02-22, 2010-02-22 22:56:00, 2010-02-22 23:00:00, 2010-02-22 23:04:00, B2.5      , "(0, 0)"     ,              11049,                               ,                    ,                    ,                     ,                      ,                               ,       , 
     284, 2010-02-23, 2010-02-23 23:56:00, 2010-02-24 00:01:00, 2010-02-24 00:09:00, B3.0      , "(0, 0)"     ,              11051,                               ,                    ,                    ,                     ,                      ,                               ,       , 
     285, 2010-02-24, 2010-02-24 01:56:00, 2010-02-24 02:05:00, 2010-02-24 02:09:00, B3.1      , "(0, 0)"     ,                  0,                               ,                    ,                    ,                     ,                      ,                               ,       , 
     286, 2010-02-24, 2010-02-24 02:18:00, 2010-02-24 02:23:00, 2010-02-24 02:26:00, B3.5      , "(0, 0)"     ,              11051,                               ,                    ,                    ,                     ,                      ,                               ,       , 
     287, 2010-02-24, 2010-02-24 18:28:00, 2010-02-24 18:31:00, 2010-02-24 18:35:00, B1.5      , "(0, 0)"     ,              11049,                               ,                    ,                    ,                     ,                      ,                               ,       , 
     288, 2010-02-26, 2010-02-26 12:23:00, 2010-02-26 12:31:00, 2010-02-26 12:32:00, B1.1      , "(0, 0)"     ,              11050,                               ,                    ,                    ,                     ,                      ,                               ,       , 
     289, 2010-02-27, 2010-02-27 19:24:00, 2010-02-27 19:29:00, 2010-02-27 19:34:00, B1.6      , "(0, 0)"     ,              11051,                               ,                    ,                    ,                     ,                      ,                               ,       , 
     290, 2010-02-27, 2010-02-27 22:20:00, 2010-02-27 22:24:00, 2010-02-27 22:26:00, B1.1      , "(0, 0)"     ,              11051,                               ,                    ,                    ,                     ,                      ,                               ,       , 
     291, 2010-02-28, 2010-02-28 23:36:00, 2010-02-28 23:40:00, 2010-02-28 23:46:00, B1.1      , "(0, 0)"     ,                  0,                               ,                    ,                    ,                     ,                      ,                               ,       , 
     292, 2010-03-01, 2010-03-01 22:26:00, 2010-03-01 23:06:00, 2010-03-02 00:23:00, B6.6      , "(0, 0)"     ,                  0,                               ,                    ,                    ,                     ,                      ,                               ,       , 
     293, 2010-03-04, 2010-03-04 03:28:00, 2010-03-04 03:36:00, 2010-03-04 03:42:00, B2.0      , "(0, 0)"     ,                  0,                               ,                    ,                    ,                     ,                      ,                               ,       , 
     294, 2010-03-04, 2010-03-04 04:10:00, 2010-03-04 04:17:00, 2010-03-04 04:22:00, B1.7      , "(0, 0)"     ,                  0,                               ,                    ,                    ,                     ,                      ,                               ,       , 
     295, 2010-03-04, 2010-03-04 05:01:00, 2010-03-04 05:15:00, 2010-03-04 05:23:00, B2.6      , "(0, 0)"     ,                  0,                               ,                    ,                    ,                     ,                      ,                               ,       , 
     296, 2010-03-04, 2010-03-04 05:57:00, 2010-03-04 06:02:00, 2010-03-04 06:06:00, B3.9      , "(0, 0)"     ,                  0,                               ,                    ,                    ,                     ,                      ,                               ,       , 
     297, 2010-03-04, 2010-03-04 08:00:00, 2010-03-04 08:08:00, 2010-03-04 08:14:00, B2.0      , "(0, 0)"     ,                  0,                               ,                    ,                    ,                     ,                      ,                               ,       , 
     298, 2010-03-04, 2010-03-04 12:03:00, 2010-03-04 12:11:00, 2010-03-04 12:23:00, B4.1      , "(0, 0)"     ,                  0,                               ,                    ,                    ,                     ,                      ,                               ,       , 
     299, 2010-03-04, 2010-03-04 13:28:00, 2010-03-04 13:31:00, 2010-03-04 13:33:00, B6.0      , "(0, 0)"     ,              11052,                               ,                    ,                    ,                     ,                      ,                               ,       , 
     300, 2010-03-04, 2010-03-04 16:03:00, 2010-03-04 16:11:00, 2010-03-04 16:16:00, C2.2      , "(0, 0)"     ,              11052,                               ,                    ,                    ,                     ,                      ,                               ,       , 
     301, 2010-03-04, 2010-03-04 17:44:00, 2010-03-04 17:56:00, 2010-03-04 18:07:00, B4.3      , "(0, 0)"     ,              11053,                               ,                    ,                    ,                     ,                      ,                               ,       , 
     302, 2010-03-04, 2010-03-04 20:59:00, 2010-03-04 21:06:00, 2010-03-04 21:13:00, B2.0      , "(0, 0)"     ,                  0,                               ,                    ,                    ,                     ,                      ,                               ,       , 
     303, 2010-03-04, 2010-03-04 21:31:00, 2010-03-04 21:35:00, 2010-03-04 21:45:00, B2.2      , "(67, -16)"  ,              11052, "(67, -16)"                   , 857.5208379053885  , -219.063242029837  , -0.27563735581699916, 0.8848460565491465   ,                               , -16.0 , 67.0
     304, 2010-03-04, 2010-03-04 23:29:00, 2010-03-04 23:53:00, 2010-03-05 00:40:00, B2.3      , "(0, 0)"     ,              11053,                               ,                    ,                    ,                     ,                      ,                               ,       , 
     305, 2010-03-05, 2010-03-05 12:50:00, 2010-03-05 12:57:00, 2010-03-05 13:03:00, B2.8      , "(0, 0)"     ,                  0,                               ,                    ,                    ,                     ,                      ,                               ,       , 
     306, 2010-03-06, 2010-03-06 01:03:00, 2010-03-06 01:07:00, 2010-03-06 01:10:00, B1.2      , "(93, -22)"  ,              11053, "(93, -22)"                   , 895.3339382136032  , -365.2587945244261 , -0.374606593415912  , 0.9259131813179834   ,                               , -22.0 , 93.0
     307, 2010-03-06, 2010-03-06 07:33:00, 2010-03-06 08:01:00, 2010-03-06 09:25:00, B5.2      , "(0, 0)"     ,                  0,                               ,                    ,                    ,                     ,                      ,                               ,       , 
     308, 2010-03-06, 2010-03-06 14:34:00, 2010-03-06 14:39:00, 2010-03-06 14:43:00, B1.3      , "(0, 0)"     ,                  0,                               ,                    ,                    ,                     ,                      ,                               ,       , 
     309, 2010-03-06, 2010-03-06 14:57:00, 2010-03-06 15:02:00, 2010-03-06 15:10:00, B2.5      , "(0, 0)"     ,                  0,                               ,                    ,                    ,                     ,                      ,                               ,       , 
     310, 2010-03-06, 2010-03-06 21:07:00, 2010-03-06 21:13:00, 2010-03-06 21:20:00, B1.7      , "(0, 0)"     ,                  0,                               ,                    ,                    ,                     ,                      ,                               ,       , 
     311, 2010-03-07, 2010-03-07 00:46:00, 2010-03-07 00:54:00, 2010-03-07 01:02:00, B1.1      , "(0, 0)"     ,                  0,                               ,                    ,                    ,                     ,                      ,                               ,       , 
     312, 2010-03-07, 2010-03-07 02:22:00, 2010-03-07 02:27:00, 2010-03-07 02:32:00, B1.9      , "(0, 0)"     ,                  0,                               ,                    ,                    ,                     ,                      ,                               ,       , 
     313, 2010-03-07, 2010-03-07 04:33:00, 2010-03-07 04:43:00, 2010-03-07 04:54:00, B2.2      , "(0, 0)"     ,                  0,                               ,                    ,                    ,                     ,                      ,                               ,       , 
     314, 2010-03-10, 2010-03-10 06:10:00, 2010-03-10 07:13:00, 2010-03-10 07:47:00, B3.0      , "(0, 0)"     ,                  0,                               ,                    ,                    ,                     ,                      ,                               ,       , 
     315, 2010-03-10, 2010-03-10 15:29:00, 2010-03-10 15:34:00, 2010-03-10 15:41:00, B1.7      , "(0, 0)"     ,              11054,                               ,                    ,                    ,                     ,                      ,                               ,       , 
     316, 2010-03-11, 2010-03-11 04:19:00, 2010-03-11 04:23:00, 2010-03-11 04:27:00, B1.2      , "(0, 0)"     ,                  0,                               ,                    ,                    ,                     ,                      ,                               ,       , 
     317, 2010-03-11, 2010-03-11 12:18:00, 2010-03-11 12:25:00, 2010-03-11 12:28:00, B2.5      , "(0, 0)"     ,                  0,                               ,                    ,                    ,                     ,                      ,                               ,       , 
     318, 2010-03-11, 2010-03-11 16:50:00, 2010-03-11 16:53:00, 2010-03-11 16:57:00, B1.4      , "(0, 0)"     ,                  0,                               ,                    ,                    ,                     ,                      ,                               ,       , 
     319, 2010-03-11, 2010-03-11 17:14:00, 2010-03-11 17:18:00, 2010-03-11 17:24:00, B1.6      , "(0, 0)"     ,                  0,                               ,                    ,                    ,                     ,                      ,                               ,       , 
     320, 2010-03-11, 2010-03-11 17:41:00, 2010-03-11 17:45:00, 2010-03-11 17:50:00, B1.5      , "(0, 0)"     ,                  0,                               ,                    ,                    ,                     ,                      ,                               ,       , 
     321, 2010-03-11, 2010-03-11 20:08:00, 2010-03-11 20:24:00, 2010-03-11 20:27:00, B2.8      , "(0, 0)"     ,              11054,                               ,                    ,                    ,                     ,                      ,                               ,       , 
     322, 2010-03-11, 2010-03-11 20:33:00, 2010-03-11 20:39:00, 2010-03-11 20:46:00, B4.6      , "(-47, 12)"  ,              11054, "(-47, 12)"                   , -692.7344791239593 , 280.935453329122   , 0.20791169081775934 , -0.7153718685265792  ,                               , 12.0  , -47.0
     323, 2010-03-11, 2010-03-11 20:52:00, 2010-03-11 20:53:00, 2010-03-11 20:56:00, B3.2      , "(0, 0)"     ,              11054,                               ,                    ,                    ,                     ,                      ,                               ,       , 
     324, 2010-03-11, 2010-03-11 21:48:00, 2010-03-11 21:55:00, 2010-03-11 22:00:00, B1.4      , "(0, 0)"     ,                  0,                               ,                    ,                    ,                     ,                      ,                               ,       , 
     325, 2010-03-12, 2010-03-12 00:02:00, 2010-03-12 00:08:00, 2010-03-12 00:11:00, B2.0      , "(0, 0)"     ,                  0,                               ,                    ,                    ,                     ,                      ,                               ,       , 
     326, 2010-03-12, 2010-03-12 11:02:00, 2010-03-12 11:10:00, 2010-03-12 11:15:00, B2.5      , "(0, 0)"     ,                  0,                               ,                    ,                    ,                     ,                      ,                               ,       , 
     327, 2010-03-12, 2010-03-12 13:17:00, 2010-03-12 13:25:00, 2010-03-12 13:31:00, B1.4      , "(0, 0)"     ,                  0,                               ,                    ,                    ,                     ,                      ,                               ,       , 
     328, 2010-03-12, 2010-03-12 13:42:00, 2010-03-12 13:46:00, 2010-03-12 13:51:00, B1.9      , "(0, 0)"     ,                  0,                               ,                    ,                    ,                     ,                      ,                               ,       , 
     329, 2010-03-12, 2010-03-12 14:47:00, 2010-03-12 14:53:00, 2010-03-12 15:03:00, B3.3      , "(0, 0)"     ,                  0,                               ,                    ,                    ,                     ,                      ,                               ,       , 
     330, 2010-03-12, 2010-03-12 15:24:00, 2010-03-12 15:31:00, 2010-03-12 15:36:00, B3.2      , "(0, 0)"     ,                  0,                               ,                    ,                    ,                     ,                      ,                               ,       , 
     331, 2010-03-12, 2010-03-12 16:24:00, 2010-03-12 16:29:00, 2010-03-12 16:39:00, B4.3      , "(0, 0)"     ,                  0,                               ,                    ,                    ,                     ,                      ,                               ,       , 
     332, 2010-03-12, 2010-03-12 18:02:00, 2010-03-12 18:27:00, 2010-03-12 18:45:00, C2.3      , "(-33, 13)"  ,              11054, "(-33, 13)"                   , -514.116334691178  , 315.564617674599   , 0.224951054343865   , -0.53067997183216    ,                               , 13.0  , -33.0
     333, 2010-03-13, 2010-03-13 02:31:00, 2010-03-13 02:58:00, 2010-03-13 03:14:00, B8.7      , "(-27, 13)"  ,              11054, "(-27, 13)"                   , -428.6085608000867 , 321.74093695705255 , 0.224951054343865   , -0.44235475264310353 ,                               , 13.0  , -27.0
     334, 2010-03-13, 2010-03-13 09:47:00, 2010-03-13 09:50:00, 2010-03-13 09:59:00, B2.4      , "(0, 0)"     ,                  0,                               ,                    ,                    ,                     ,                      ,                               ,       , 
     335, 2010-03-13, 2010-03-13 09:59:00, 2010-03-13 10:04:00, 2010-03-13 10:07:00, B3.6      , "(0, 0)"     ,                  0,                               ,                    ,                    ,                     ,                      ,                               ,       , 
     336, 2010-03-13, 2010-03-13 15:45:00, 2010-03-13 15:52:00, 2010-03-13 16:01:00, B5.4      , "(0, 0)"     ,                  0,                               ,                    ,                    ,                     ,                      ,                               ,       , 
     337, 2010-03-13, 2010-03-13 19:14:00, 2010-03-13 19:17:00, 2010-03-13 19:20:00, B2.2      , "(0, 0)"     ,                  0,                               ,                    ,                    ,                     ,                      ,                               ,       , 
     338, 2010-03-13, 2010-03-13 20:17:00, 2010-03-13 20:22:00, 2010-03-13 20:25:00, B4.0      , "(0, 0)"     ,                  0,                               ,                    ,                    ,                     ,                      ,                               ,       , 
     339, 2010-03-13, 2010-03-13 23:35:00, 2010-03-13 23:49:00, 2010-03-14 00:23:00, C1.5      , "(-15, 14)"  ,              11054, "(-15, 14)"                   , -243.34465900273062, 346.26773350905887 , 0.24192189559966773 , -0.25113101334181026 ,                               , 14.0  , -15.0
     340, 2010-03-14, 2010-03-14 03:28:00, 2010-03-14 03:36:00, 2010-03-14 03:41:00, B3.1      , "(0, 0)"     ,                  0,                               ,                    ,                    ,                     ,                      ,                               ,       , 
     341, 2010-03-14, 2010-03-14 03:28:00, 2010-03-14 03:36:00, 2010-03-14 03:41:00, B3.1      , "(0, 0)"     ,                  0,                               ,                    ,                    ,                     ,                      ,                               ,       , 
     342, 2010-03-14, 2010-03-14 03:28:00, 2010-03-14 03:36:00, 2010-03-14 03:41:00, B3.1      , "(0, 0)"     ,                  0,                               ,                    ,                    ,                     ,                      ,                               ,       , 
     343, 2010-03-14, 2010-03-14 04:07:00, 2010-03-14 04:20:00, 2010-03-14 04:24:00, C1.3      , "(-15, 13)"  ,              11054, "(-15, 13)"                   , -244.36072755302303, 330.3743903334887  , 0.224951054343865   , -0.25218552974419584 ,                               , 13.0  , -15.0
     344, 2010-03-14, 2010-03-14 05:20:00, 2010-03-14 05:24:00, 2010-03-14 05:29:00, B3.3      , "(-11, 13)"  ,              11054, "(-11, 13)"                   , -180.16027622413822, 332.2353234833654  , 0.224951054343865   , -0.18591857318664962 ,                               , 13.0  , -11.0
     345, 2010-03-14, 2010-03-14 05:43:00, 2010-03-14 05:49:00, 2010-03-14 05:51:00, B5.2      , "(0, 0)"     ,              11054,                               ,                    ,                    ,                     ,                      ,                               ,       , 
     346, 2010-03-14, 2010-03-14 07:45:00, 2010-03-14 07:54:00, 2010-03-14 07:59:00, B2.4      , "(0, 0)"     ,              11054,                               ,                    ,                    ,                     ,                      ,                               ,       , 
     347, 2010-03-14, 2010-03-14 11:47:00, 2010-03-14 12:02:00, 2010-03-14 12:30:00, B7.9      , "(0, 0)"     ,              11054,                               ,                    ,                    ,                     ,                      ,                               ,       , 
     348, 2010-03-14, 2010-03-14 17:04:00, 2010-03-14 17:13:00, 2010-03-14 17:22:00, B2.1      , "(0, 0)"     ,              11054,                               ,                    ,                    ,                     ,                      ,                               ,       , 
     349, 2010-03-15, 2010-03-15 03:34:00, 2010-03-15 03:38:00, 2010-03-15 03:41:00, B1.4      , "(0, 0)"     ,                  0,                               ,                    ,                    ,                     ,                      ,                               ,       , 
     350, 2010-03-15, 2010-03-15 03:49:00, 2010-03-15 03:55:00, 2010-03-15 03:59:00, B1.6      , "(0, 0)"     ,                  0,                               ,                    ,                    ,                     ,                      ,                               ,       , 
     351, 2010-03-15, 2010-03-15 08:34:00, 2010-03-15 08:40:00, 2010-03-15 08:46:00, B1.7      , "(0, 0)"     ,                  0,                               ,                    ,                    ,                     ,                      ,                               ,       , 
     352, 2010-03-15, 2010-03-15 18:00:00, 2010-03-15 18:03:00, 2010-03-15 18:06:00, B2.4      , "(0, 0)"     ,                  0,                               ,                    ,                    ,                     ,                      ,                               ,       , 
     353, 2010-03-15, 2010-03-15 20:54:00, 2010-03-15 20:58:00, 2010-03-15 21:00:00, B1.8      , "(0, 0)"     ,                  0,                               ,                    ,                    ,                     ,                      ,                               ,       , 
     354, 2010-03-15, 2010-03-15 21:49:00, 2010-03-15 21:53:00, 2010-03-15 21:56:00, B2.7      , "(0, 0)"     ,                  0,                               ,                    ,                    ,                     ,                      ,                               ,       , 
     355, 2010-03-17, 2010-03-17 12:46:00, 2010-03-17 12:51:00, 2010-03-17 13:02:00, B1.6      , "(0, 0)"     ,                  0,                               ,                    ,                    ,                     ,                      ,                               ,       , 
     356, 2010-03-17, 2010-03-17 15:21:00, 2010-03-17 15:24:00, 2010-03-17 15:28:00, B1.0      , "(0, 0)"     ,                  0,                               ,                    ,                    ,                     ,                      ,                               ,       , 
     357, 2010-03-18, 2010-03-18 05:43:00, 2010-03-18 06:10:00, 2010-03-18 06:28:00, B4.0      , "(0, 0)"     ,                  0,                               ,                    ,                    ,                     ,                      ,                               ,       , 
     358, 2010-03-18, 2010-03-18 11:09:00, 2010-03-18 11:15:00, 2010-03-18 11:18:00, B5.3      , "(0, 0)"     ,                  0,                               ,                    ,                    ,                     ,                      ,                               ,       , 
     359, 2010-03-18, 2010-03-18 12:33:00, 2010-03-18 12:53:00, 2010-03-18 13:06:00, B7.5      , "(0, 0)"     ,              11054,                               ,                    ,                    ,                     ,                      ,                               ,       , 
     360, 2010-03-18, 2010-03-18 14:08:00, 2010-03-18 14:11:00, 2010-03-18 14:15:00, B2.1      , "(0, 0)"     ,                  0,                               ,                    ,                    ,                     ,                      ,                               ,       , 
     361, 2010-03-18, 2010-03-18 14:34:00, 2010-03-18 14:43:00, 2010-03-18 14:50:00, B5.4      , "(0, 0)"     ,                  0,                               ,                    ,                    ,                     ,                      ,                               ,       , 
     362, 2010-03-18, 2010-03-18 18:00:00, 2010-03-18 18:12:00, 2010-03-18 18:20:00, B3.9      , "(0, 0)"     ,                  0,                               ,                    ,                    ,                     ,                      ,                               ,       , 
     363, 2010-03-18, 2010-03-18 22:43:00, 2010-03-18 22:48:00, 2010-03-18 22:51:00, B1.2      , "(0, 0)"     ,                  0,                               ,                    ,                    ,                     ,                      ,                               ,       , 
     364, 2010-03-18, 2010-03-18 22:56:00, 2010-03-18 23:08:00, 2010-03-18 23:15:00, B7.0      , "(57, 19)"   ,              11054, "(57, 19)"                    , 765.796379037935   , 373.33503143853636 , 0.3255681544571567  , 0.7929786008008274   ,                               , 19.0  , 57.0
     365, 2010-03-19, 2010-03-19 04:55:00, 2010-03-19 04:58:00, 2010-03-19 05:04:00, B1.4      , "(0, 0)"     ,                  0,                               ,                    ,                    ,                     ,                      ,                               ,       , 
     366, 2010-03-19, 2010-03-19 08:32:00, 2010-03-19 08:35:00, 2010-03-19 08:45:00, B1.2      , "(61, 15)"   ,              11054, "(61, 15)"                    , 815.6229655557567  , 303.6396449840278  , 0.25881904510252074 , 0.8448177633073237   ,                               , 15.0  , 61.0
     367, 2010-03-20, 2010-03-20 21:45:00, 2010-03-20 21:58:00, 2010-03-20 22:07:00, B4.2      , "(0, 0)"     ,                  0,                               ,                    ,                    ,                     ,                      ,                               ,       , 
     368, 2010-03-20, 2010-03-20 23:04:00, 2010-03-20 23:12:00, 2010-03-20 23:22:00, B8.1      , "(-6, 17)"   ,              11056, "(-6, 17)"                    , -96.67945302161388 , 393.15123430213487 , 0.29237170472273677 , -0.09996106655636447 ,                               , 17.0  , -6.0
     369, 2010-03-21, 2010-03-21 00:09:00, 2010-03-21 00:18:00, 2010-03-21 00:25:00, B5.5      , "(0, 0)"     ,                  0,                               ,                    ,                    ,                     ,                      ,                               ,       , 
     370, 2010-03-21, 2010-03-21 00:42:00, 2010-03-21 00:46:00, 2010-03-21 00:48:00, B3.8      , "(0, 0)"     ,                  0,                               ,                    ,                    ,                     ,                      ,                               ,       , 
     371, 2010-03-21, 2010-03-21 01:12:00, 2010-03-21 01:24:00, 2010-03-21 01:33:00, B6.5      , "(-4, 18)"   ,              11056, "(-4, 18)"                    , -64.16152657591738 , 408.79309454021455 , 0.3090169943749474  , -0.06634234890812216 ,                               , 18.0  , -4.0
     372, 2010-03-21, 2010-03-21 02:21:00, 2010-03-21 02:29:00, 2010-03-21 02:38:00, B3.0      , "(0, 0)"     ,                  0,                               ,                    ,                    ,                     ,                      ,                               ,       , 
     373, 2010-03-21, 2010-03-21 04:47:00, 2010-03-21 05:04:00, 2010-03-21 05:18:00, B4.6      , "(0, 0)"     ,                  0,                               ,                    ,                    ,                     ,                      ,                               ,       , 
     374, 2010-03-21, 2010-03-21 05:56:00, 2010-03-21 06:00:00, 2010-03-21 06:03:00, B3.2      , "(0, 0)"     ,                  0,                               ,                    ,                    ,                     ,                      ,                               ,       , 
     375, 2010-03-21, 2010-03-21 08:31:00, 2010-03-21 09:00:00, 2010-03-21 09:16:00, B6.8      , "(0, 0)"     ,              11056,                               ,                    ,                    ,                     ,                      ,                               ,       , 
     376, 2010-03-21, 2010-03-21 14:26:00, 2010-03-21 14:31:00, 2010-03-21 14:42:00, B1.6      , "(0, 0)"     ,                  0,                               ,                    ,                    ,                     ,                      ,                               ,       , 
     377, 2010-03-21, 2010-03-21 17:52:00, 2010-03-21 18:17:00, 2010-03-21 18:31:00, B2.2      , "(0, 0)"     ,                  0,                               ,                    ,                    ,                     ,                      ,                               ,       , 
     378, 2010-03-21, 2010-03-21 20:06:00, 2010-03-21 20:14:00, 2010-03-21 20:17:00, B1.3      , "(0, 0)"     ,                  0,                               ,                    ,                    ,                     ,                      ,                               ,       , 
     379, 2010-03-21, 2010-03-21 23:40:00, 2010-03-21 23:45:00, 2010-03-21 23:48:00, B1.6      , "(0, 0)"     ,                  0,                               ,                    ,                    ,                     ,                      ,                               ,       , 
     380, 2010-03-22, 2010-03-22 00:09:00, 2010-03-22 00:12:00, 2010-03-22 00:14:00, B1.0      , "(0, 0)"     ,                  0,                               ,                    ,                    ,                     ,                      ,                               ,       , 
     381, 2010-03-22, 2010-03-22 01:39:00, 2010-03-22 01:44:00, 2010-03-22 01:48:00, B1.3      , "(0, 0)"     ,                  0,                               ,                    ,                    ,                     ,                      ,                               ,       , 
     382, 2010-03-22, 2010-03-22 04:10:00, 2010-03-22 04:13:00, 2010-03-22 04:19:00, B1.0      , "(0, 0)"     ,                  0,                               ,                    ,                    ,                     ,                      ,                               ,       , 
     383, 2010-03-22, 2010-03-22 16:07:00, 2010-03-22 16:10:00, 2010-03-22 16:13:00, B1.0      , "(0, 0)"     ,                  0,                               ,                    ,                    ,                     ,                      ,                               ,       , 
     384, 2010-03-23, 2010-03-23 08:59:00, 2010-03-23 09:10:00, 2010-03-23 09:17:00, B2.5      , "(0, 0)"     ,                  0,                               ,                    ,                    ,                     ,                      ,                               ,       , 
     385, 2010-03-23, 2010-03-23 14:44:00, 2010-03-23 14:47:00, 2010-03-23 14:49:00, B2.5      , "(0, 0)"     ,                  0,                               ,                    ,                    ,                     ,                      ,                               ,       , 
     386, 2010-03-23, 2010-03-23 18:58:00, 2010-03-23 19:21:00, 2010-03-23 20:00:00, B5.9      , "(0, 0)"     ,              11057,                               ,                    ,                    ,                     ,                      ,                               ,       , 
     387, 2010-03-23, 2010-03-23 22:58:00, 2010-03-23 23:01:00, 2010-03-23 23:03:00, B2.7      , "(0, 0)"     ,                  0,                               ,                    ,                    ,                     ,                      ,                               ,       , 
     388, 2010-03-24, 2010-03-24 13:26:00, 2010-03-24 13:30:00, 2010-03-24 13:34:00, B1.3      , "(0, 0)"     ,                  0,                               ,                    ,                    ,                     ,                      ,                               ,       , 
     389, 2010-03-24, 2010-03-24 13:55:00, 2010-03-24 13:58:00, 2010-03-24 14:01:00, B1.4      , "(0, 0)"     ,                  0,                               ,                    ,                    ,                     ,                      ,                               ,       , 
     390, 2010-03-24, 2010-03-24 14:31:00, 2010-03-24 14:34:00, 2010-03-24 14:41:00, B1.8      , "(0, 0)"     ,                  0,                               ,                    ,                    ,                     ,                      ,                               ,       , 
     391, 2010-03-24, 2010-03-24 16:09:00, 2010-03-24 16:14:00, 2010-03-24 16:19:00, B1.8      , "(0, 0)"     ,                  0,                               ,                    ,                    ,                     ,                      ,                               ,       , 
     392, 2010-03-25, 2010-03-25 03:51:00, 2010-03-25 04:33:00, 2010-03-25 04:55:00, B7.3      , "(0, 0)"     ,              11057,                               ,                    ,                    ,                     ,                      ,                               ,       , 
     393, 2010-03-25, 2010-03-25 07:52:00, 2010-03-25 07:55:00, 2010-03-25 07:58:00, B1.2      , "(0, 0)"     ,                  0,                               ,                    ,                    ,                     ,                      ,                               ,       , 
     394, 2010-03-25, 2010-03-25 10:53:00, 2010-03-25 11:06:00, 2010-03-25 11:16:00, B3.2      , "(0, 0)"     ,              11057,                               ,                    ,                    ,                     ,                      ,                               ,       , 
     395, 2010-03-25, 2010-03-25 14:03:00, 2010-03-25 14:13:00, 2010-03-25 14:25:00, B3.6      , "(-49, 16)"  ,              11057, "(-49, 16)"                   , -699.7212210204452 , 336.5824191947268  , 0.27563735581699916 , -0.7254734110258385  ,                               , 16.0  , -49.0
     396, 2010-03-25, 2010-03-25 14:32:00, 2010-03-25 14:37:00, 2010-03-25 14:43:00, B6.0      , "(0, 0)"     ,              11057,                               ,                    ,                    ,                     ,                      ,                               ,       , 
     397, 2010-03-25, 2010-03-25 15:00:00, 2010-03-25 15:04:00, 2010-03-25 15:09:00, B4.5      , "(0, 0)"     ,              11057,                               ,                    ,                    ,                     ,                      ,                               ,       , 
     398, 2010-03-25, 2010-03-25 22:39:00, 2010-03-25 22:44:00, 2010-03-25 22:47:00, B1.7      , "(0, 0)"     ,              11057,                               ,                    ,                    ,                     ,                      ,                               ,       , 
     399, 2010-03-26, 2010-03-26 02:14:00, 2010-03-26 02:23:00, 2010-03-26 02:41:00, B3.0      , "(0, 0)"     ,              11057,                               ,                    ,                    ,                     ,                      ,                               ,       , 
     400, 2010-03-26, 2010-03-26 19:04:00, 2010-03-26 19:22:00, 2010-03-26 19:34:00, B1.3      , "(0, 0)"     ,                  0,                               ,                    ,                    ,                     ,                      ,                               ,       , 
     401, 2010-03-26, 2010-03-26 21:08:00, 2010-03-26 21:16:00, 2010-03-26 21:19:00, C2.5      , "(0, 0)"     ,              11057,                               ,                    ,                    ,                     ,                      ,                               ,       , 
     402, 2010-03-26, 2010-03-26 22:34:00, 2010-03-26 22:38:00, 2010-03-26 22:42:00, B2.0      , "(0, 0)"     ,                  0,                               ,                    ,                    ,                     ,                      ,                               ,       , 
     403, 2010-03-26, 2010-03-26 23:34:00, 2010-03-26 23:38:00, 2010-03-26 23:41:00, B3.1      , "(0, 0)"     ,                  0,                               ,                    ,                    ,                     ,                      ,                               ,       , 
     404, 2010-03-27, 2010-03-27 00:08:00, 2010-03-27 00:11:00, 2010-03-27 00:15:00, B2.1      , "(0, 0)"     ,                  0,                               ,                    ,                    ,                     ,                      ,                               ,       , 
     405, 2010-03-27, 2010-03-27 01:40:00, 2010-03-27 01:43:00, 2010-03-27 01:47:00, B1.7      , "(0, 0)"     ,                  0,                               ,                    ,                    ,                     ,                      ,                               ,       , 
     406, 2010-03-27, 2010-03-27 01:49:00, 2010-03-27 01:52:00, 2010-03-27 01:54:00, B2.6      , "(0, 0)"     ,                  0,                               ,                    ,                    ,                     ,                      ,                               ,       , 
     407, 2010-03-27, 2010-03-27 04:34:00, 2010-03-27 04:37:00, 2010-03-27 04:41:00, B2.1      , "(0, 0)"     ,                  0,                               ,                    ,                    ,                     ,                      ,                               ,       , 
     408, 2010-03-27, 2010-03-27 05:12:00, 2010-03-27 05:15:00, 2010-03-27 05:18:00, C1.2      , "(0, 0)"     ,              11057,                               ,                    ,                    ,                     ,                      ,                               ,       , 
     409, 2010-03-27, 2010-03-27 07:54:00, 2010-03-27 07:57:00, 2010-03-27 08:00:00, C2.0      , "(-27, 15)"  ,              11057, "(-27, 15)"                   , -423.2052959636785 , 346.1411187629947  , 0.25881904510252074 , -0.4385211485883088  ,                               , 15.0  , -27.0
     410, 2010-03-27, 2010-03-27 09:40:00, 2010-03-27 09:43:00, 2010-03-27 09:46:00, B2.4      , "(0, 0)"     ,                  0,                               ,                    ,                    ,                     ,                      ,                               ,       , 
     411, 2010-03-27, 2010-03-27 10:05:00, 2010-03-27 10:14:00, 2010-03-27 10:18:00, C1.5      , "(0, 0)"     ,              11057,                               ,                    ,                    ,                     ,                      ,                               ,       , 
     412, 2010-03-27, 2010-03-27 12:17:00, 2010-03-27 12:21:00, 2010-03-27 12:24:00, B3.1      , "(0, 0)"     ,              11057,                               ,                    ,                    ,                     ,                      ,                               ,       , 
     413, 2010-03-27, 2010-03-27 13:03:00, 2010-03-27 13:14:00, 2010-03-27 13:22:00, B1.8      , "(0, 0)"     ,                  0,                               ,                    ,                    ,                     ,                      ,                               ,       , 
     414, 2010-03-27, 2010-03-27 18:23:00, 2010-03-27 18:29:00, 2010-03-27 18:33:00, C3.8      , "(-22, 14)"  ,              11057, "(-22, 14)"                   , -350.8080395839643 , 334.13134934695887 , 0.24192189559966773 , -0.3634791766262693  ,                               , 14.0  , -22.0
     415, 2010-03-28, 2010-03-28 01:24:00, 2010-03-28 01:28:00, 2010-03-28 01:32:00, B1.4      , "(0, 0)"     ,                  0,                               ,                    ,                    ,                     ,                      ,                               ,       , 
     416, 2010-03-28, 2010-03-28 03:27:00, 2010-03-28 03:34:00, 2010-03-28 03:39:00, B3.8      , "(0, 0)"     ,              11057,                               ,                    ,                    ,                     ,                      ,                               ,       , 
     417, 2010-03-28, 2010-03-28 05:39:00, 2010-03-28 05:44:00, 2010-03-28 05:48:00, B4.0      , "(0, 0)"     ,                  0,                               ,                    ,                    ,                     ,                      ,                               ,       , 
     418, 2010-03-28, 2010-03-28 09:32:00, 2010-03-28 09:37:00, 2010-03-28 09:40:00, B3.3      , "(-12, 16)"  ,              11057, "(-12, 16)"                   , -192.8888854701072 , 370.6192140806006  , 0.27563735581699916 , -0.19985754452088275 ,                               , 16.0  , -12.0
     419, 2010-03-28, 2010-03-28 10:47:00, 2010-03-28 10:53:00, 2010-03-28 10:58:00, B2.8      , "(0, 0)"     ,                  0,                               ,                    ,                    ,                     ,                      ,                               ,       , 
     420, 2010-03-28, 2010-03-28 11:39:00, 2010-03-28 11:46:00, 2010-03-28 11:54:00, B2.4      , "(0, 0)"     ,                  0,                               ,                    ,                    ,                     ,                      ,                               ,       , 
     421, 2010-03-30, 2010-03-30 12:35:00, 2010-03-30 12:40:00, 2010-03-30 12:44:00, B1.3      , "(0, 0)"     ,                  0,                               ,                    ,                    ,                     ,                      ,                               ,       , 
     422, 2010-04-02, 2010-04-02 23:57:00, 2010-04-03 00:02:00, 2010-04-03 00:04:00, B1.7      , "(0, 0)"     ,              11057,                               ,                    ,                    ,                     ,                      ,                               ,       , 
     423, 2010-04-03, 2010-04-03 09:04:00, 2010-04-03 09:54:00, 2010-04-03 10:58:00, B7.4      , "(0, 0)"     ,              11059,                               ,                    ,                    ,                     ,                      ,                               ,       , 
     424, 2010-04-05, 2010-04-05 00:43:00, 2010-04-05 00:48:00, 2010-04-05 00:53:00, B1.4      , "(0, 0)"     ,                  0,                               ,                    ,                    ,                     ,                      ,                               ,       , 
     425, 2010-04-05, 2010-04-05 08:45:00, 2010-04-05 08:50:00, 2010-04-05 08:53:00, B1.1      , "(0, 0)"     ,                  0,                               ,                    ,                    ,                     ,                      ,                               ,       , 
     426, 2010-04-05, 2010-04-05 11:19:00, 2010-04-05 11:23:00, 2010-04-05 11:28:00, B1.3      , "(0, 0)"     ,                  0,                               ,                    ,                    ,                     ,                      ,                               ,       , 
     427, 2010-04-05, 2010-04-05 12:44:00, 2010-04-05 12:49:00, 2010-04-05 12:54:00, B1.8      , "(0, 0)"     ,                  0,                               ,                    ,                    ,                     ,                      ,                               ,       , 
     428, 2010-04-05, 2010-04-05 16:52:00, 2010-04-05 16:57:00, 2010-04-05 17:08:00, B1.1      , "(0, 0)"     ,                  0,                               ,                    ,                    ,                     ,                      ,                               ,       , 
     429, 2010-04-06, 2010-04-06 03:53:00, 2010-04-06 04:02:00, 2010-04-06 04:10:00, B1.5      , "(0, 0)"     ,              11060,                               ,                    ,                    ,                     ,                      ,                               ,       , 
     430, 2010-04-08, 2010-04-08 02:30:00, 2010-04-08 03:25:00, 2010-04-08 03:50:00, B3.7      , "(0, 0)"     ,              11060,                               ,                    ,                    ,                     ,                      ,                               ,       , 
     431, 2010-04-09, 2010-04-09 04:44:00, 2010-04-09 04:55:00, 2010-04-09 05:02:00, B3.7      , "(-1, 24)"   ,              11060, "(-1, 24)"                    , -15.332182340323925, 481.5960532150522  , 0.4067366430758002  , -0.01594356662571284 ,                               , 24.0  , -1.0
     432, 2010-04-09, 2010-04-09 20:18:00, 2010-04-09 20:21:00, 2010-04-09 20:23:00, B1.0      , "(0, 0)"     ,                  0,                               ,                    ,                    ,                     ,                      ,                               ,       , 
     433, 2010-04-09, 2010-04-09 20:32:00, 2010-04-09 20:35:00, 2010-04-09 20:40:00, B1.0      , "(0, 0)"     ,                  0,                               ,                    ,                    ,                     ,                      ,                               ,       , 
     434, 2010-04-13, 2010-04-13 04:39:00, 2010-04-13 04:43:00, 2010-04-13 04:49:00, B3.7      , "(0, 0)"     ,              11062,                               ,                    ,                    ,                     ,                      ,                               ,       , 
     435, 2010-04-17, 2010-04-17 04:37:00, 2010-04-17 05:57:00, 2010-04-17 07:12:00, B2.1      , "(0, 0)"     ,                  0,                               ,                    ,                    ,                     ,                      ,                               ,       , 
     436, 2010-04-17, 2010-04-17 21:34:00, 2010-04-18 02:18:00, 2010-04-18 04:16:00, B1.3      , "(0, 0)"     ,                  0,                               ,                    ,                    ,                     ,                      ,                               ,       , 
     437, 2010-04-24, 2010-04-24 22:56:00, 2010-04-24 23:01:00, 2010-04-24 23:07:00, B1.1      , "(0, 0)"     ,                  0,                               ,                    ,                    ,                     ,                      ,                               ,       , 
     438, 2010-04-30, 2010-04-30 00:17:00, 2010-04-30 00:21:00, 2010-04-30 00:27:00, B1.8      , "(0, 0)"     ,              11064,                               ,                    ,                    ,                     ,                      ,                               ,       , 
     439, 2010-04-30, 2010-04-30 19:28:00, 2010-04-30 19:34:00, 2010-04-30 19:38:00, C2.2      , "(0, 0)"     ,              11067,                               ,                    ,                    ,                     ,                      ,                               ,       , 
     440, 2010-05-01, 2010-05-01 01:34:00, 2010-05-01 01:39:00, 2010-05-01 01:43:00, C5.7      , "(-73, 23)"  ,              11067, "(-73, 23)"                   , -839.0795797728933 , 390.1641100270651  , 0.39073112848927377 , -0.8802831692436257  ,                               , 23.0  , -73.0
     441, 2010-05-01, 2010-05-01 05:23:00, 2010-05-01 05:27:00, 2010-05-01 05:31:00, B1.6      , "(0, 0)"     ,              11064,                               ,                    ,                    ,                     ,                      ,                               ,       , 
     442, 2010-05-01, 2010-05-01 09:48:00, 2010-05-01 09:52:00, 2010-05-01 09:59:00, B1.0      , "(0, 0)"     ,              11067,                               ,                    ,                    ,                     ,                      ,                               ,       , 
     443, 2010-05-02, 2010-05-02 06:03:00, 2010-05-02 06:09:00, 2010-05-02 06:18:00, B2.9      , "(0, 0)"     ,              11067,                               ,                    ,                    ,                     ,                      ,                               ,       , 
     444, 2010-05-02, 2010-05-02 10:02:00, 2010-05-02 10:09:00, 2010-05-02 10:15:00, B3.8      , "(0, 0)"     ,              11067,                               ,                    ,                    ,                     ,                      ,                               ,       , 
     445, 2010-05-02, 2010-05-02 15:09:00, 2010-05-02 15:14:00, 2010-05-02 15:20:00, B1.1      , "(0, 0)"     ,                  0,                               ,                    ,                    ,                     ,                      ,                               ,       , 
     446, 2010-05-02, 2010-05-02 16:22:00, 2010-05-02 16:26:00, 2010-05-02 16:29:00, B1.9      , "(0, 0)"     ,                  0,                               ,                    ,                    ,                     ,                      ,                               ,       , 
     447, 2010-05-02, 2010-05-02 17:55:00, 2010-05-02 17:59:00, 2010-05-02 18:10:00, B1.2      , "(0, 0)"     ,                  0,                               ,                    ,                    ,                     ,                      ,                               ,       , 
     448, 2010-05-02, 2010-05-02 20:55:00, 2010-05-02 21:00:00, 2010-05-02 21:03:00, B1.4      , "(0, 0)"     ,                  0,                               ,                    ,                    ,                     ,                      ,                               ,       , 
     449, 2010-05-02, 2010-05-02 21:42:00, 2010-05-02 21:53:00, 2010-05-02 21:58:00, B1.5      , "(0, 0)"     ,                  0,                               ,                    ,                    ,                     ,                      ,                               ,       , 
     450, 2010-05-03, 2010-05-03 12:52:00, 2010-05-03 12:57:00, 2010-05-03 13:02:00, B2.0      , "(0, 0)"     ,              11063,                               ,                    ,                    ,                     ,                      ,                               ,       , 
     451, 2010-05-03, 2010-05-03 13:38:00, 2010-05-03 13:41:00, 2010-05-03 13:43:00, B1.5      , "(0, 0)"     ,                  0,                               ,                    ,                    ,                     ,                      ,                               ,       , 
     452, 2010-05-03, 2010-05-03 15:00:00, 2010-05-03 15:04:00, 2010-05-03 15:07:00, B1.4      , "(0, 0)"     ,                  0,                               ,                    ,                    ,                     ,                      ,                               ,       , 
     453, 2010-05-03, 2010-05-03 21:50:00, 2010-05-03 21:53:00, 2010-05-03 21:56:00, B1.0      , "(0, 0)"     ,              11066,                               ,                    ,                    ,                     ,                      ,                               ,       , 
     454, 2010-05-04, 2010-05-04 04:42:00, 2010-05-04 04:46:00, 2010-05-04 04:49:00, B1.7      , "(0, 0)"     ,              11068,                               ,                    ,                    ,                     ,                      ,                               ,       , 
     455, 2010-05-04, 2010-05-04 11:00:00, 2010-05-04 11:18:00, 2010-05-04 11:32:00, B2.0      , "(0, 0)"     ,              11069,                               ,                    ,                    ,                     ,                      ,                               ,       , 
     456, 2010-05-04, 2010-05-04 12:05:00, 2010-05-04 12:09:00, 2010-05-04 12:12:00, B1.3      , "(0, 0)"     ,              11069,                               ,                    ,                    ,                     ,                      ,                               ,       , 
     457, 2010-05-04, 2010-05-04 12:39:00, 2010-05-04 12:44:00, 2010-05-04 12:51:00, B1.7      , "(0, 0)"     ,              11069,                               ,                    ,                    ,                     ,                      ,                               ,       , 
     458, 2010-05-04, 2010-05-04 14:13:00, 2010-05-04 14:20:00, 2010-05-04 14:25:00, B2.4      , "(0, 0)"     ,              11069,                               ,                    ,                    ,                     ,                      ,                               ,       , 
     459, 2010-05-04, 2010-05-04 16:15:00, 2010-05-04 16:29:00, 2010-05-04 16:34:00, C3.6      , "(23, 41)"   ,              11069, "(23, 41)"                    , 281.3614155226297  , 668.674210480447   , 0.6560590289905073  , 0.2948885259621098   ,                               , 41.0  , 23.0
     460, 2010-05-04, 2010-05-04 19:11:00, 2010-05-05 00:23:00, 2010-05-05 00:34:00, B1.6      , "(0, 0)"     ,              11069,                               ,                    ,                    ,                     ,                      ,                               ,       , 
     461, 2010-05-05, 2010-05-05 00:55:00, 2010-05-05 01:05:00, 2010-05-05 01:11:00, B1.6      , "(0, 0)"     ,              11069,                               ,                    ,                    ,                     ,                      ,                               ,       , 
     462, 2010-05-05, 2010-05-05 07:09:00, 2010-05-05 07:16:00, 2010-05-05 07:20:00, C2.3      , "(0, 0)"     ,              11069,                               ,                    ,                    ,                     ,                      ,                               ,       , 
     463, 2010-05-05, 2010-05-05 08:35:00, 2010-05-05 08:39:00, 2010-05-05 08:41:00, B2.4      , "(0, 0)"     ,              11069,                               ,                    ,                    ,                     ,                      ,                               ,       , 
     464, 2010-05-05, 2010-05-05 11:37:00, 2010-05-05 11:52:00, 2010-05-05 11:58:00, C8.8      , "(0, 0)"     ,              11069,                               ,                    ,                    ,                     ,                      ,                               ,       , 
     465, 2010-05-05, 2010-05-05 13:00:00, 2010-05-05 13:04:00, 2010-05-05 13:07:00, B3.4      , "(0, 0)"     ,              11069,                               ,                    ,                    ,                     ,                      ,                               ,       , 
     466, 2010-05-05, 2010-05-05 16:11:00, 2010-05-05 16:18:00, 2010-05-05 16:29:00, B4.0      , "(0, 0)"     ,              11066,                               ,                    ,                    ,                     ,                      ,                               ,       , 
     467, 2010-05-05, 2010-05-05 17:13:00, 2010-05-05 17:19:00, 2010-05-05 17:22:00, M1.2      , "(37, 42)"   ,              11069, "(37, 42)"                    , 426.4106652635308  , 673.2103776490553  , 0.6691306063588582  , 0.44723572035000286  ,                               , 42.0  , 37.0
     468, 2010-05-05, 2010-05-05 18:38:00, 2010-05-05 18:43:00, 2010-05-05 18:48:00, B7.3      , "(0, 0)"     ,              11069,                               ,                    ,                    ,                     ,                      ,                               ,       , 
     469, 2010-05-06, 2010-05-06 15:09:00, 2010-05-06 15:13:00, 2010-05-06 15:17:00, B1.4      , "(0, 0)"     ,                  0,                               ,                    ,                    ,                     ,                      ,                               ,       , 
     470, 2010-05-07, 2010-05-07 00:30:00, 2010-05-07 00:34:00, 2010-05-07 00:36:00, B1.1      , "(0, 0)"     ,                  0,                               ,                    ,                    ,                     ,                      ,                               ,       , 
     471, 2010-05-07, 2010-05-07 05:55:00, 2010-05-07 05:58:00, 2010-05-07 06:00:00, B1.2      , "(50, 41)"   ,              11069, "(50, 41)"                    , 550.7441206826768  , 652.336299134304   , 0.6560590289905073  , 0.578141080098311    ,                               , 41.0  , 50.0
     472, 2010-05-07, 2010-05-07 07:29:00, 2010-05-07 07:42:00, 2010-05-07 08:02:00, C2.0      , "(54, 40)"   ,              11069, "(54, 40)"                    , 590.2726051662125  , 637.5084694262224  , 0.6427876096865393  , 0.619742972929746    ,                               , 40.0  , 54.0
     473, 2010-05-07, 2010-05-07 22:49:00, 2010-05-07 22:57:00, 2010-05-07 23:03:00, B4.6      , "(0, 0)"     ,              11069,                               ,                    ,                    ,                     ,                      ,                               ,       , 
     474, 2010-05-08, 2010-05-08 00:58:00, 2010-05-08 01:04:00, 2010-05-08 01:10:00, B2.6      , "(0, 0)"     ,                  0,                               ,                    ,                    ,                     ,                      ,                               ,       , 
     475, 2010-05-08, 2010-05-08 01:31:00, 2010-05-08 01:39:00, 2010-05-08 01:46:00, B5.8      , "(0, 0)"     ,                  0,                               ,                    ,                    ,                     ,                      ,                               ,       , 
     476, 2010-05-08, 2010-05-08 03:18:00, 2010-05-08 03:23:00, 2010-05-08 03:27:00, B4.3      , "(0, 0)"     ,                  0,                               ,                    ,                    ,                     ,                      ,                               ,       , 
     477, 2010-05-08, 2010-05-08 04:51:00, 2010-05-08 04:59:00, 2010-05-08 05:04:00, C9.3      , "(65, 38)"   ,              11069, "(65, 38)"                    , 679.7130115597877  , 603.9151822366958  , 0.6156614753256583  , 0.7141802822623909   ,                               , 38.0  , 65.0
     478, 2010-05-08, 2010-05-08 08:37:00, 2010-05-08 08:52:00, 2010-05-08 08:57:00, B2.1      , "(0, 0)"     ,                  0,                               ,                    ,                    ,                     ,                      ,                               ,       , 
     479, 2010-05-08, 2010-05-08 09:15:00, 2010-05-08 09:20:00, 2010-05-08 09:23:00, B2.1      , "(0, 0)"     ,                  0,                               ,                    ,                    ,                     ,                      ,                               ,       , 
     480, 2010-05-08, 2010-05-08 10:11:00, 2010-05-08 10:19:00, 2010-05-08 10:23:00, B3.8      , "(0, 0)"     ,                  0,                               ,                    ,                    ,                     ,                      ,                               ,       , 
     481, 2010-05-08, 2010-05-08 11:40:00, 2010-05-08 11:50:00, 2010-05-08 11:55:00, C1.8      , "(0, 0)"     ,              11069,                               ,                    ,                    ,                     ,                      ,                               ,       , 
     482, 2010-05-08, 2010-05-08 18:41:00, 2010-05-08 18:55:00, 2010-05-08 19:14:00, B7.2      , "(0, 0)"     ,              11069,                               ,                    ,                    ,                     ,                      ,                               ,       , 
     483, 2010-05-08, 2010-05-08 20:04:00, 2010-05-08 20:11:00, 2010-05-08 20:18:00, C2.4      , "(0, 0)"     ,              11069,                               ,                    ,                    ,                     ,                      ,                               ,       , 
     484, 2010-05-09, 2010-05-09 15:23:00, 2010-05-09 15:41:00, 2010-05-09 16:14:00, B1.3      , "(0, 0)"     ,              11069,                               ,                    ,                    ,                     ,                      ,                               ,       , 
     485, 2010-05-09, 2010-05-09 20:50:00, 2010-05-09 21:14:00, 2010-05-09 21:44:00, B2.1      , "(0, 0)"     ,              11069,                               ,                    ,                    ,                     ,                      ,                               ,       , 
     486, 2010-05-10, 2010-05-10 10:59:00, 2010-05-10 11:06:00, 2010-05-10 11:15:00, B1.4      , "(0, 0)"     ,              11069,                               ,                    ,                    ,                     ,                      ,                               ,       , 
     487, 2010-05-11, 2010-05-11 08:39:00, 2010-05-11 08:43:00, 2010-05-11 08:47:00, B1.1      , "(19, -20)"  ,              11068, "(19, -20)"                   , 291.77446265166077 , -279.93450855330696, -0.3420201433256687 , 0.305933992306277    ,                               , -20.0 , 19.0
     488, 2010-05-11, 2010-05-11 19:33:00, 2010-05-11 20:16:00, 2010-05-11 20:42:00, B1.5      , "(0, 0)"     ,              11067,                               ,                    ,                    ,                     ,                      ,                               ,       , 
     489, 2010-05-12, 2010-05-12 02:08:00, 2010-05-12 02:22:00, 2010-05-12 02:29:00, B1.5      , "(0, 0)"     ,              11067,                               ,                    ,                    ,                     ,                      ,                               ,       , 
     490, 2010-05-12, 2010-05-12 13:52:00, 2010-05-12 14:09:00, 2010-05-12 14:19:00, B1.6      , "(0, 0)"     ,              11067,                               ,                    ,                    ,                     ,                      ,                               ,       , 
     491, 2010-05-13, 2010-05-13 03:49:00, 2010-05-13 03:55:00, 2010-05-13 03:59:00, B2.8      , "(0, 0)"     ,              11068,                               ,                    ,                    ,                     ,                      ,                               ,       , 
     492, 2010-05-22, 2010-05-22 21:39:00, 2010-05-22 21:47:00, 2010-05-22 21:52:00, B1.3      , "(0, 0)"     ,              11072,                               ,                    ,                    ,                     ,                      ,                               ,       , 
     493, 2010-05-23, 2010-05-23 05:09:00, 2010-05-23 05:15:00, 2010-05-23 05:21:00, B1.4      , "(0, 0)"     ,              11072,                               ,                    ,                    ,                     ,                      ,                               ,       , 
     494, 2010-05-23, 2010-05-23 16:52:00, 2010-05-23 18:01:00, 2010-05-23 20:08:00, B1.3      , "(0, 0)"     ,                  0,                               ,                    ,                    ,                     ,                      ,                               ,       , 
     495, 2010-05-23, 2010-05-23 21:34:00, 2010-05-23 21:39:00, 2010-05-23 21:45:00, B1.1      , "(0, 0)"     ,                  0,                               ,                    ,                    ,                     ,                      ,                               ,       , 
     496, 2010-05-24, 2010-05-24 13:05:00, 2010-05-24 14:46:00, 2010-05-24 15:50:00, B1.1      , "(0, 0)"     ,                  0,                               ,                    ,                    ,                     ,                      ,                               ,       , 
     497, 2010-05-25, 2010-05-25 15:46:00, 2010-05-25 15:51:00, 2010-05-25 15:55:00, B6.5      , "(32, -16)"  ,              11072, "(32, -16)"                   , 484.2402412977693  , -242.332891851114  , -0.27563735581699916, 0.5093910906471967   ,                               , -16.0 , 32.0
     498, 2010-05-27, 2010-05-27 23:00:00, 2010-05-27 23:15:00, 2010-05-27 23:25:00, B1.4      , "(0, 0)"     ,              11072,                               ,                    ,                    ,                     ,                      ,                               ,       , 
     499, 2010-06-02, 2010-06-02 18:41:00, 2010-06-02 18:45:00, 2010-06-02 18:50:00, B1.0      , "(0, 0)"     ,              11075,                               ,                    ,                    ,                     ,                      ,                               ,       , 
     500, 2010-06-02, 2010-06-02 22:49:00, 2010-06-02 22:53:00, 2010-06-02 23:00:00, B1.2      , "(0, 0)"     ,                  0,                               ,                    ,                    ,                     ,                      ,                               ,       , 
     501, 2010-06-03, 2010-06-03 11:28:00, 2010-06-03 11:31:00, 2010-06-03 11:45:00, B1.0      , "(0, 0)"     ,                  0,                               ,                    ,                    ,                     ,                      ,                               ,       , 
     502, 2010-06-03, 2010-06-03 12:30:00, 2010-06-03 12:33:00, 2010-06-03 12:36:00, B1.1      , "(0, 0)"     ,                  0,                               ,                    ,                    ,                     ,                      ,                               ,       , 
     503, 2010-06-03, 2010-06-03 13:32:00, 2010-06-03 13:38:00, 2010-06-03 13:43:00, B1.1      , "(0, 0)"     ,                  0,                               ,                    ,                    ,                     ,                      ,                               ,       , 
     504, 2010-06-03, 2010-06-03 13:49:00, 2010-06-03 13:55:00, 2010-06-03 14:02:00, B1.3      , "(0, 0)"     ,                  0,                               ,                    ,                    ,                     ,                      ,                               ,       , 
     505, 2010-06-06, 2010-06-06 02:50:00, 2010-06-06 02:55:00, 2010-06-06 03:01:00, B1.4      , "(0, 0)"     ,              11076,                               ,                    ,                    ,                     ,                      ,                               ,       , 
     506, 2010-06-07, 2010-06-07 06:27:00, 2010-06-07 06:30:00, 2010-06-07 06:34:00, B2.0      , "(65, 19)"   ,              11077, "(65, 19)"                    , 811.4323931635431  , 307.8476351426898  , 0.3255681544571567  , 0.8569308478534623   ,                               , 19.0  , 65.0
     507, 2010-06-07, 2010-06-07 19:15:00, 2010-06-07 19:24:00, 2010-06-07 19:31:00, B2.0      , "(0, 0)"     ,                  0,                               ,                    ,                    ,                     ,                      ,                               ,       , 
     508, 2010-06-08, 2010-06-08 11:28:00, 2010-06-08 11:33:00, 2010-06-08 11:43:00, B1.4      , "(0, 0)"     ,              11078,                               ,                    ,                    ,                     ,                      ,                               ,       , 
     509, 2010-06-08, 2010-06-08 12:49:00, 2010-06-08 12:56:00, 2010-06-08 12:58:00, B1.2      , "(0, 0)"     ,              11078,                               ,                    ,                    ,                     ,                      ,                               ,       , 
     510, 2010-06-08, 2010-06-08 13:43:00, 2010-06-08 13:50:00, 2010-06-08 13:56:00, B1.4      , "(0, 0)"     ,              11078,                               ,                    ,                    ,                     ,                      ,                               ,       , 
     511, 2010-06-09, 2010-06-09 00:07:00, 2010-06-09 01:02:00, 2010-06-09 01:07:00, B2.3      , "(0, 0)"     ,              11078,                               ,                    ,                    ,                     ,                      ,                               ,       , 
     512, 2010-06-09, 2010-06-09 04:36:00, 2010-06-09 05:15:00, 2010-06-09 05:36:00, B5.1      , "(48, -23)"  ,              11078, "(48, -23)"                   , 648.2259404890144  , -373.2861236289666 , -0.39073112848927377, 0.6840684186700081   ,                               , -23.0 , 48.0
     513, 2010-06-09, 2010-06-09 08:39:00, 2010-06-09 08:46:00, 2010-06-09 08:53:00, B2.5      , "(0, 0)"     ,              11078,                               ,                    ,                    ,                     ,                      ,                               ,       , 
     514, 2010-06-09, 2010-06-09 13:28:00, 2010-06-09 13:32:00, 2010-06-09 13:34:00, B1.1      , "(0, 0)"     ,              11078,                               ,                    ,                    ,                     ,                      ,                               ,       , 
     515, 2010-06-09, 2010-06-09 13:35:00, 2010-06-09 13:43:00, 2010-06-09 13:50:00, B2.1      , "(0, 0)"     ,              11078,                               ,                    ,                    ,                     ,                      ,                               ,       , 
     516, 2010-06-09, 2010-06-09 19:41:00, 2010-06-09 19:48:00, 2010-06-09 19:54:00, B2.7      , "(0, 0)"     ,              11078,                               ,                    ,                    ,                     ,                      ,                               ,       , 
     517, 2010-06-09, 2010-06-09 20:15:00, 2010-06-09 20:24:00, 2010-06-09 20:30:00, B3.5      , "(0, 0)"     ,              11078,                               ,                    ,                    ,                     ,                      ,                               ,       , 
     518, 2010-06-09, 2010-06-09 20:53:00, 2010-06-09 20:59:00, 2010-06-09 21:02:00, B3.2      , "(0, 0)"     ,              11078,                               ,                    ,                    ,                     ,                      ,                               ,       , 
     519, 2010-06-09, 2010-06-09 22:31:00, 2010-06-09 22:50:00, 2010-06-09 23:12:00, B1.2      , "(0, 0)"     ,              11078,                               ,                    ,                    ,                     ,                      ,                               ,       , 
     520, 2010-06-11, 2010-06-11 10:51:00, 2010-06-11 10:55:00, 2010-06-11 10:58:00, B1.4      , "(0, 0)"     ,              11081,                               ,                    ,                    ,                     ,                      ,                               ,       , 
     521, 2010-06-11, 2010-06-11 11:58:00, 2010-06-11 12:02:00, 2010-06-11 12:04:00, B3.0      , "(0, 0)"     ,              11081,                               ,                    ,                    ,                     ,                      ,                               ,       , 
     522, 2010-06-11, 2010-06-11 20:34:00, 2010-06-11 20:46:00, 2010-06-11 20:54:00, B4.5      , "(0, 0)"     ,              11081,                               ,                    ,                    ,                     ,                      ,                               ,       , 
     523, 2010-06-11, 2010-06-11 23:56:00, 2010-06-12 00:02:00, 2010-06-12 00:04:00, B6.3      , "(0, 0)"     ,                  0,                               ,                    ,                    ,                     ,                      ,                               ,       , 
     524, 2010-06-12, 2010-06-12 00:30:00, 2010-06-12 00:57:00, 2010-06-12 01:02:00, M2.0      , "(43, 23)"   ,              11081, "(43, 23)"                    , 594.8690685371403  , 363.11058843397376 , 0.39073112848927377 , 0.6277828004841348   ,                               , 23.0  , 43.0
     525, 2010-06-12, 2010-06-12 02:53:00, 2010-06-12 02:58:00, 2010-06-12 03:03:00, B3.8      , "(0, 0)"     ,              11080,                               ,                    ,                    ,                     ,                      ,                               ,       , 
     526, 2010-06-12, 2010-06-12 03:57:00, 2010-06-12 04:06:00, 2010-06-12 04:17:00, C1.0      , "(0, 0)"     ,              11080,                               ,                    ,                    ,                     ,                      ,                               ,       , 
     527, 2010-06-12, 2010-06-12 08:06:00, 2010-06-12 08:09:00, 2010-06-12 08:14:00, B2.4      , "(0, 0)"     ,                  0,                               ,                    ,                    ,                     ,                      ,                               ,       , 
     528, 2010-06-12, 2010-06-12 09:02:00, 2010-06-12 09:17:00, 2010-06-12 09:22:00, C6.1      , "(52, 22)"   ,              11081, "(52, 22)"                    , 691.9729194374722  , 348.32995857338864 , 0.374606593415912   , 0.7306308479691596   ,                               , 22.0  , 52.0
     529, 2010-06-12, 2010-06-12 23:43:00, 2010-06-12 23:54:00, 2010-06-12 23:59:00, B3.0      , "(0, 0)"     ,              11081,                               ,                    ,                    ,                     ,                      ,                               ,       , 
     530, 2010-06-13, 2010-06-13 00:06:00, 2010-06-13 00:14:00, 2010-06-13 00:26:00, B8.8      , "(0, 0)"     ,              11081,                               ,                    ,                    ,                     ,                      ,                               ,       , 
     531, 2010-06-13, 2010-06-13 02:28:00, 2010-06-13 02:31:00, 2010-06-13 02:35:00, B4.6      , "(0, 0)"     ,              11079,                               ,                    ,                    ,                     ,                      ,                               ,       , 
     532, 2010-06-13, 2010-06-13 05:30:00, 2010-06-13 05:39:00, 2010-06-13 05:44:00, M1.0      , "(84, -25)"  ,              11079, "(84, -25)"                   , 851.6744808859214  , -400.51553634286125, -0.42261826174069944, 0.9013429381507145   ,                               , -25.0 , 84.0
     533, 2010-06-13, 2010-06-13 06:08:00, 2010-06-13 06:11:00, 2010-06-13 06:13:00, C1.2      , "(59, 23)"   ,              11081, "(59, 23)"                    , 746.8823863093608  , 363.6605010437581  , 0.39073112848927377 , 0.7890266605170219   ,                               , 23.0  , 59.0
     534, 2010-06-13, 2010-06-13 06:55:00, 2010-06-13 06:58:00, 2010-06-13 07:00:00, B5.3      , "(64, 23)"   ,              11081, "(64, 23)"                    , 782.8970153808062  , 364.4322606834269  , 0.39073112848927377 , 0.8273442818725406   ,                               , 23.0  , 64.0
     535, 2010-06-13, 2010-06-13 07:05:00, 2010-06-13 07:08:00, 2010-06-13 07:10:00, C1.2      , "(69, -23)"  ,              11080, "(69, -23)"                   , 812.882057371659   , -373.8717959511854 , -0.39073112848927377, 0.8593653136788735   ,                               , -23.0 , 69.0
     536, 2010-06-13, 2010-06-13 07:31:00, 2010-06-13 07:34:00, 2010-06-13 07:38:00, C1.2      , "(58, 24)"   ,              11081, "(58, 24)"                    , 733.3802921074227  , 378.6392582256869  , 0.4067366430758002  , 0.7747304861061586   ,                               , 24.0  , 58.0
     537, 2010-06-13, 2010-06-13 08:06:00, 2010-06-13 08:13:00, 2010-06-13 08:16:00, C1.2      , "(66, 22)"   ,              11081, "(66, 22)"                    , 801.418178700061   , 349.43861018284423 , 0.374606593415912   , 0.8470245987390465   ,                               , 22.0  , 66.0
     538, 2010-06-13, 2010-06-13 09:41:00, 2010-06-13 09:46:00, 2010-06-13 09:48:00, C1.7      , "(75, -23)"  ,              11081, "(75, -23)"                   , 840.6827075121322  , -372.56300838349927, -0.39073112848927377, 0.8891394111741462   ,                               , -23.0 , 75.0
     539, 2010-06-13, 2010-06-13 10:47:00, 2010-06-13 10:53:00, 2010-06-13 10:55:00, C1.5      , "(0, 0)"     ,              11081,                               ,                    ,                    ,                     ,                      ,                               ,       , 
     540, 2010-06-13, 2010-06-13 12:24:00, 2010-06-13 12:27:00, 2010-06-13 12:29:00, B4.3      , "(0, 0)"     ,                  0,                               ,                    ,                    ,                     ,                      ,                               ,       , 
     541, 2010-06-13, 2010-06-13 13:20:00, 2010-06-13 13:23:00, 2010-06-13 13:26:00, B2.5      , "(0, 0)"     ,                  0,                               ,                    ,                    ,                     ,                      ,                               ,       , 
     542, 2010-06-13, 2010-06-13 14:24:00, 2010-06-13 14:27:00, 2010-06-13 14:30:00, B2.4      , "(0, 0)"     ,                  0,                               ,                    ,                    ,                     ,                      ,                               ,       , 
     543, 2010-06-13, 2010-06-13 15:45:00, 2010-06-13 15:52:00, 2010-06-13 15:59:00, B4.2      , "(0, 0)"     ,                  0,                               ,                    ,                    ,                     ,                      ,                               ,       , 
     544, 2010-06-13, 2010-06-13 18:10:00, 2010-06-13 18:13:00, 2010-06-13 18:17:00, B1.8      , "(0, 0)"     ,                  0,                               ,                    ,                    ,                     ,                      ,                               ,       , 
     545, 2010-06-14, 2010-06-14 00:33:00, 2010-06-14 00:38:00, 2010-06-14 00:40:00, B2.3      , "(0, 0)"     ,                  0,                               ,                    ,                    ,                     ,                      ,                               ,       , 
     546, 2010-06-14, 2010-06-14 00:44:00, 2010-06-14 00:51:00, 2010-06-14 00:54:00, C1.5      , "(70, 27)"   ,              11081, "(70, 27)"                    , 791.8809704182115  , 424.89942812980144 , 0.4539904997395468  , 0.8372722558519102   ,                               , 27.0  , 70.0
     547, 2010-06-14, 2010-06-14 04:26:00, 2010-06-14 04:30:00, 2010-06-14 04:35:00, B1.7      , "(0, 0)"     ,                  0,                               ,                    ,                    ,                     ,                      ,                               ,       , 
     548, 2010-06-14, 2010-06-14 12:49:00, 2010-06-14 12:54:00, 2010-06-14 12:58:00, B2.9      , "(0, 0)"     ,                  0,                               ,                    ,                    ,                     ,                      ,                               ,       , 
     549, 2010-06-17, 2010-06-17 10:23:00, 2010-06-17 10:33:00, 2010-06-17 10:47:00, B5.0      , "(-41, 28)"  ,              11082, "(-41, 28)"                   , -548.6213963967748 , 430.36096430242475 , 0.4694715627858908  , -0.5792657404205334  ,                               , 28.0  , -41.0
     550, 2010-06-17, 2010-06-17 17:33:00, 2010-06-17 17:42:00, 2010-06-17 17:58:00, B1.1      , "(0, 0)"     ,              11082,                               ,                    ,                    ,                     ,                      ,                               ,       , 
     551, 2010-06-17, 2010-06-17 18:44:00, 2010-06-17 18:49:00, 2010-06-17 18:55:00, B1.2      , "(0, 0)"     ,              11082,                               ,                    ,                    ,                     ,                      ,                               ,       , 
     552, 2010-06-18, 2010-06-18 11:58:00, 2010-06-18 12:04:00, 2010-06-18 12:07:00, B1.8      , "(0, 0)"     ,              11082,                               ,                    ,                    ,                     ,                      ,                               ,       , 
     553, 2010-06-18, 2010-06-18 17:49:00, 2010-06-18 17:54:00, 2010-06-18 17:59:00, B1.1      , "(0, 0)"     ,              11082,                               ,                    ,                    ,                     ,                      ,                               ,       , 
     554, 2010-06-21, 2010-06-21 19:08:00, 2010-06-21 19:12:00, 2010-06-21 19:14:00, B1.3      , "(0, 0)"     ,              11082,                               ,                    ,                    ,                     ,                      ,                               ,       , 
     555, 2010-06-22, 2010-06-22 09:01:00, 2010-06-22 09:04:00, 2010-06-22 09:06:00, B1.0      , "(0, 0)"     ,              11082,                               ,                    ,                    ,                     ,                      ,                               ,       , 
     556, 2010-06-22, 2010-06-22 09:33:00, 2010-06-22 09:38:00, 2010-06-22 09:41:00, B2.1      , "(0, 0)"     ,              11082,                               ,                    ,                    ,                     ,                      ,                               ,       , 
     557, 2010-06-23, 2010-06-23 11:00:00, 2010-06-23 11:03:00, 2010-06-23 11:05:00, B1.6      , "(0, 0)"     ,                  0,                               ,                    ,                    ,                     ,                      ,                               ,       , 
     558, 2010-06-23, 2010-06-23 12:17:00, 2010-06-23 12:20:00, 2010-06-23 12:22:00, B1.1      , "(0, 0)"     ,                  0,                               ,                    ,                    ,                     ,                      ,                               ,       , 
     559, 2010-06-25, 2010-06-25 10:17:00, 2010-06-25 10:21:00, 2010-06-25 10:25:00, B3.4      , "(0, 0)"     ,              11082,                               ,                    ,                    ,                     ,                      ,                               ,       , 
     560, 2010-06-25, 2010-06-25 22:42:00, 2010-06-25 22:46:00, 2010-06-25 22:49:00, B1.5      , "(0, 0)"     ,                  0,                               ,                    ,                    ,                     ,                      ,                               ,       , 
     561, 2010-06-25, 2010-06-25 23:12:00, 2010-06-25 23:17:00, 2010-06-25 23:28:00, B1.8      , "(0, 0)"     ,                  0,                               ,                    ,                    ,                     ,                      ,                               ,       , 
     562, 2010-06-26, 2010-06-26 02:45:00, 2010-06-26 02:50:00, 2010-06-26 02:52:00, B1.0      , "(0, 0)"     ,                  0,                               ,                    ,                    ,                     ,                      ,                               ,       , 
     563, 2010-06-27, 2010-06-27 03:14:00, 2010-06-27 03:17:00, 2010-06-27 03:20:00, B1.5      , "(0, 0)"     ,                  0,                               ,                    ,                    ,                     ,                      ,                               ,       , 
     564, 2010-06-29, 2010-06-29 04:57:00, 2010-06-29 05:01:00, 2010-06-29 05:04:00, B1.4      , "(14, 15)"   ,                  0, "(14, 15)"                    , 221.45597456942028 , 203.98570667092284 , 0.25881904510252074 , 0.23367860690452677  ,                               , 15.0  , 14.0
     565, 2010-06-29, 2010-06-29 15:23:00, 2010-06-29 15:53:00, 2010-06-29 16:05:00, B1.3      , "(0, 0)"     ,                  0,                               ,                    ,                    ,                     ,                      ,                               ,       , 
     566, 2010-07-01, 2010-07-01 20:54:00, 2010-07-01 20:58:00, 2010-07-01 21:01:00, B1.0      , "(0, 0)"     ,              11084,                               ,                    ,                    ,                     ,                      ,                               ,       , 
     567, 2010-07-05, 2010-07-05 18:36:00, 2010-07-06 00:24:00, 2010-07-06 03:12:00, B1.2      , "(0, 0)"     ,                  0,                               ,                    ,                    ,                     ,                      ,                               ,       , 
     568, 2010-07-06, 2010-07-06 10:02:00, 2010-07-06 10:11:00, 2010-07-06 10:16:00, B1.0      , "(0, 0)"     ,              11086,                               ,                    ,                    ,                     ,                      ,                               ,       , 
     569, 2010-07-07, 2010-07-07 17:35:00, 2010-07-07 17:46:00, 2010-07-07 17:55:00, B1.6      , "(0, 0)"     ,                  0,                               ,                    ,                    ,                     ,                      ,                               ,       , 
     570, 2010-07-07, 2010-07-07 20:41:00, 2010-07-07 20:45:00, 2010-07-07 20:48:00, B2.2      , "(0, 0)"     ,              11087,                               ,                    ,                    ,                     ,                      ,                               ,       , 
     571, 2010-07-07, 2010-07-07 21:39:00, 2010-07-07 21:45:00, 2010-07-07 21:51:00, B1.6      , "(0, 0)"     ,              11087,                               ,                    ,                    ,                     ,                      ,                               ,       , 
     572, 2010-07-07, 2010-07-07 22:27:00, 2010-07-07 22:32:00, 2010-07-07 22:37:00, B2.9      , "(0, 0)"     ,              11087,                               ,                    ,                    ,                     ,                      ,                               ,       , 
     573, 2010-07-08, 2010-07-08 01:19:00, 2010-07-08 01:27:00, 2010-07-08 01:35:00, B4.1      , "(0, 0)"     ,              11087,                               ,                    ,                    ,                     ,                      ,                               ,       , 
     574, 2010-07-08, 2010-07-08 02:53:00, 2010-07-08 02:59:00, 2010-07-08 03:08:00, B6.3      , "(0, 0)"     ,              11087,                               ,                    ,                    ,                     ,                      ,                               ,       , 
     575, 2010-07-08, 2010-07-08 22:03:00, 2010-07-08 22:16:00, 2010-07-08 22:24:00, C1.2      , "(0, 0)"     ,              11087,                               ,                    ,                    ,                     ,                      ,                               ,       , 
     576, 2010-07-08, 2010-07-08 23:57:00, 2010-07-09 00:02:00, 2010-07-09 00:06:00, B3.3      , "(0, 0)"     ,              11087,                               ,                    ,                    ,                     ,                      ,                               ,       , 
     577, 2010-07-09, 2010-07-09 01:44:00, 2010-07-09 01:49:00, 2010-07-09 01:58:00, B3.0      , "(0, 0)"     ,              11087,                               ,                    ,                    ,                     ,                      ,                               ,       , 
     578, 2010-07-09, 2010-07-09 08:53:00, 2010-07-09 09:01:00, 2010-07-09 09:07:00, C1.8      , "(0, 0)"     ,              11087,                               ,                    ,                    ,                     ,                      ,                               ,       , 
     579, 2010-07-09, 2010-07-09 12:36:00, 2010-07-09 12:42:00, 2010-07-09 12:59:00, B5.3      , "(0, 0)"     ,              11087,                               ,                    ,                    ,                     ,                      ,                               ,       , 
     580, 2010-07-09, 2010-07-09 15:00:00, 2010-07-09 15:14:00, 2010-07-09 15:23:00, B7.7      , "(0, 0)"     ,              11087,                               ,                    ,                    ,                     ,                      ,                               ,       , 
     581, 2010-07-09, 2010-07-09 19:26:00, 2010-07-09 19:51:00, 2010-07-09 20:16:00, C3.4      , "(0, 0)"     ,              11087,                               ,                    ,                    ,                     ,                      ,                               ,       , 
     582, 2010-07-09, 2010-07-09 22:19:00, 2010-07-09 22:22:00, 2010-07-09 22:26:00, B6.9      , "(0, 0)"     ,              11087,                               ,                    ,                    ,                     ,                      ,                               ,       , 
     583, 2010-07-10, 2010-07-10 20:06:00, 2010-07-10 20:13:00, 2010-07-10 20:24:00, B3.0      , "(0, 0)"     ,              11087,                               ,                    ,                    ,                     ,                      ,                               ,       , 
     584, 2010-07-10, 2010-07-10 22:34:00, 2010-07-10 22:49:00, 2010-07-10 23:02:00, B7.2      , "(0, 0)"     ,              11087,                               ,                    ,                    ,                     ,                      ,                               ,       , 
     585, 2010-07-11, 2010-07-11 00:42:00, 2010-07-11 00:48:00, 2010-07-11 00:57:00, B2.9      , "(0, 0)"     ,              11087,                               ,                    ,                    ,                     ,                      ,                               ,       , 
     586, 2010-07-11, 2010-07-11 15:58:00, 2010-07-11 16:02:00, 2010-07-11 16:08:00, B4.2      , "(0, 0)"     ,              11087,                               ,                    ,                    ,                     ,                      ,                               ,       , 
     587, 2010-07-11, 2010-07-11 17:19:00, 2010-07-11 17:28:00, 2010-07-11 17:40:00, B4.5      , "(0, 0)"     ,              11087,                               ,                    ,                    ,                     ,                      ,                               ,       , 
     588, 2010-07-12, 2010-07-12 05:11:00, 2010-07-12 05:20:00, 2010-07-12 05:33:00, B3.9      , "(-45, 20)"  ,              11087, "(-45, 20)"                   , -628.9335324899293 , 278.6791310875178  , 0.3420201433256687  , -0.6644630243886747  ,                               , 20.0  , -45.0
     589, 2010-07-12, 2010-07-12 05:54:00, 2010-07-12 06:06:00, 2010-07-12 06:21:00, B3.4      , "(0, 0)"     ,              11087,                               ,                    ,                    ,                     ,                      ,                               ,       , 
     590, 2010-07-12, 2010-07-12 11:34:00, 2010-07-12 11:39:00, 2010-07-12 11:44:00, B2.1      , "(0, 0)"     ,              11087,                               ,                    ,                    ,                     ,                      ,                               ,       , 
     591, 2010-07-12, 2010-07-12 13:22:00, 2010-07-12 13:36:00, 2010-07-12 13:50:00, B4.0      , "(0, 0)"     ,              11087,                               ,                    ,                    ,                     ,                      ,                               ,       , 
     592, 2010-07-13, 2010-07-13 02:59:00, 2010-07-13 03:10:00, 2010-07-13 03:15:00, B3.4      , "(-31, 18)"  ,              11087, "(-31, 18)"                   , -463.97071997867897, 236.3980794081317  , 0.3090169943749474  , -0.48983031728331844 ,                               , 18.0  , -31.0
     593, 2010-07-13, 2010-07-13 08:31:00, 2010-07-13 08:35:00, 2010-07-13 08:37:00, B2.9      , "(-27, 18)"  ,              11087, "(-27, 18)"                   , -409.04058328201063, 233.91436415837933 , 0.3090169943749474  , -0.4317706231133892  ,                               , 18.0  , -27.0
     594, 2010-07-13, 2010-07-13 10:07:00, 2010-07-13 10:13:00, 2010-07-13 10:16:00, B3.3      , "(-26, 19)"  ,              11087, "(-26, 19)"                   , -392.6755384199787 , 249.29654032315403 , 0.3255681544571567  , -0.41448806229584756 ,                               , 19.0  , -26.0
     595, 2010-07-13, 2010-07-13 10:43:00, 2010-07-13 10:51:00, 2010-07-13 10:55:00, C2.6      , "(-26, 19)"  ,              11087, "(-26, 19)"                   , -392.6759641417302 , 249.2611940836971  , 0.3255681544571567  , -0.41448806229584756 ,                               , 19.0  , -26.0
     596, 2010-07-14, 2010-07-14 04:18:00, 2010-07-14 04:23:00, 2010-07-14 04:30:00, B2.4      , "(0, 0)"     ,                  0,                               ,                    ,                    ,                     ,                      ,                               ,       , 
     597, 2010-07-14, 2010-07-14 10:56:00, 2010-07-14 11:00:00, 2010-07-14 11:02:00, B1.7      , "(0, 0)"     ,                  0,                               ,                    ,                    ,                     ,                      ,                               ,       , 
     598, 2010-07-14, 2010-07-14 12:11:00, 2010-07-14 12:30:00, 2010-07-14 12:57:00, C1.4      , "(0, 0)"     ,                  0,                               ,                    ,                    ,                     ,                      ,                               ,       , 
     599, 2010-07-14, 2010-07-14 20:31:00, 2010-07-14 20:47:00, 2010-07-14 21:22:00, C3.6      , "(0, 0)"     ,                  0,                               ,                    ,                    ,                     ,                      ,                               ,       , 
     600, 2010-07-15, 2010-07-15 13:19:00, 2010-07-15 13:22:00, 2010-07-15 13:26:00, B1.2      , "(0, 0)"     ,                  0,                               ,                    ,                    ,                     ,                      ,                               ,       , 
     601, 2010-07-16, 2010-07-16 01:40:00, 2010-07-16 01:49:00, 2010-07-16 01:58:00, B3.1      , "(0, 0)"     ,              11087,                               ,                    ,                    ,                     ,                      ,                               ,       , 
     602, 2010-07-16, 2010-07-16 23:29:00, 2010-07-16 23:33:00, 2010-07-16 23:36:00, B1.4      , "(0, 0)"     ,              11087,                               ,                    ,                    ,                     ,                      ,                               ,       , 
     603, 2010-07-17, 2010-07-17 00:17:00, 2010-07-17 00:20:00, 2010-07-17 00:26:00, B1.3      , "(0, 0)"     ,              11087,                               ,                    ,                    ,                     ,                      ,                               ,       , 
     604, 2010-07-17, 2010-07-17 17:27:00, 2010-07-17 18:01:00, 2010-07-17 18:20:00, C2.4      , "(0, 0)"     ,              11087,                               ,                    ,                    ,                     ,                      ,                               ,       , 
     605, 2010-07-18, 2010-07-18 19:24:00, 2010-07-18 19:27:00, 2010-07-18 19:30:00, B2.1      , "(0, 0)"     ,              11087,                               ,                    ,                    ,                     ,                      ,                               ,       , 
     606, 2010-07-19, 2010-07-19 02:03:00, 2010-07-19 02:08:00, 2010-07-19 02:11:00, B2.5      , "(0, 0)"     ,                  0,                               ,                    ,                    ,                     ,                      ,                               ,       , 
     607, 2010-07-19, 2010-07-19 04:45:00, 2010-07-19 04:51:00, 2010-07-19 04:54:00, B4.5      , "(0, 0)"     ,                  0,                               ,                    ,                    ,                     ,                      ,                               ,       , 
     608, 2010-07-19, 2010-07-19 06:21:00, 2010-07-19 06:24:00, 2010-07-19 06:29:00, B2.5      , "(0, 0)"     ,                  0,                               ,                    ,                    ,                     ,                      ,                               ,       , 
     609, 2010-07-19, 2010-07-19 07:27:00, 2010-07-19 07:52:00, 2010-07-19 08:36:00, B5.5      , "(0, 0)"     ,              11087,                               ,                    ,                    ,                     ,                      ,                               ,       , 
     610, 2010-07-19, 2010-07-19 16:55:00, 2010-07-19 16:58:00, 2010-07-19 17:00:00, B2.8      , "(0, 0)"     ,              11089,                               ,                    ,                    ,                     ,                      ,                               ,       , 
     611, 2010-07-20, 2010-07-20 04:08:00, 2010-07-20 04:12:00, 2010-07-20 04:15:00, B2.2      , "(0, 0)"     ,              11089,                               ,                    ,                    ,                     ,                      ,                               ,       , 
     612, 2010-07-20, 2010-07-20 05:02:00, 2010-07-20 05:21:00, 2010-07-20 05:30:00, B4.1      , "(0, 0)"     ,              11089,                               ,                    ,                    ,                     ,                      ,                               ,       , 
     613, 2010-07-20, 2010-07-20 09:16:00, 2010-07-20 09:42:00, 2010-07-20 10:03:00, B8.0      , "(0, 0)"     ,              11089,                               ,                    ,                    ,                     ,                      ,                               ,       , 
     614, 2010-07-20, 2010-07-20 11:23:00, 2010-07-20 11:30:00, 2010-07-20 11:39:00, B5.6      , "(0, 0)"     ,                  0,                               ,                    ,                    ,                     ,                      ,                               ,       , 
     615, 2010-07-20, 2010-07-20 12:34:00, 2010-07-20 12:39:00, 2010-07-20 12:51:00, B5.6      , "(0, 0)"     ,                  0,                               ,                    ,                    ,                     ,                      ,                               ,       , 
     616, 2010-07-20, 2010-07-20 13:38:00, 2010-07-20 13:45:00, 2010-07-20 13:50:00, C1.4      , "(-55, -21)" ,              11089, "(-55, -21)"                  , -723.5895447148941 , -380.54239821898193, -0.35836794954530027, -0.7647443148733717  ,                               , -21.0 , -55.0
     617, 2010-07-20, 2010-07-20 18:52:00, 2010-07-20 18:55:00, 2010-07-20 18:59:00, B8.0      , "(-63, -22)" ,              11089, "(-63, -22)"                  , -781.2670675860718 , -386.652326693541  , -0.374606593415912  , -0.8261268635411264  ,                               , -22.0 , -63.0
     618, 2010-07-21, 2010-07-21 02:43:00, 2010-07-21 02:46:00, 2010-07-21 02:49:00, B3.2      , "(0, 0)"     ,              11089,                               ,                    ,                    ,                     ,                      ,                               ,       , 
     619, 2010-07-21, 2010-07-21 04:34:00, 2010-07-21 04:37:00, 2010-07-21 04:40:00, B4.6      , "(81, 17)"   ,              11087, "(81, 17)"                    , 892.394240432234   , 263.18899960678027 , 0.29237170472273677 , 0.9445310575203687   ,                               , 17.0  , 81.0
     620, 2010-07-21, 2010-07-21 07:24:00, 2010-07-21 07:29:00, 2010-07-21 07:37:00, B5.7      , "(-52, -26)" ,              11089, "(-52, -26)"                  , -670.2162255474832 , -458.00706378168627, -0.43837114678907746, -0.7082593737614417  ,                               , -26.0 , -52.0
     621, 2010-07-21, 2010-07-21 09:07:00, 2010-07-21 09:18:00, 2010-07-21 09:25:00, B5.9      , "(0, 0)"     ,              11087,                               ,                    ,                    ,                     ,                      ,                               ,       , 
     622, 2010-07-21, 2010-07-21 12:27:00, 2010-07-21 12:30:00, 2010-07-21 12:33:00, B3.9      , "(0, 0)"     ,              11087,                               ,                    ,                    ,                     ,                      ,                               ,       , 
     623, 2010-07-21, 2010-07-21 14:24:00, 2010-07-21 14:37:00, 2010-07-21 14:49:00, B8.5      , "(0, 0)"     ,              11087,                               ,                    ,                    ,                     ,                      ,                               ,       , 
     624, 2010-07-21, 2010-07-21 16:41:00, 2010-07-21 16:45:00, 2010-07-21 16:47:00, B4.6      , "(0, 0)"     ,              11089,                               ,                    ,                    ,                     ,                      ,                               ,       , 
     625, 2010-07-21, 2010-07-21 18:45:00, 2010-07-21 18:51:00, 2010-07-21 18:55:00, B8.5      , "(0, 0)"     ,              11089,                               ,                    ,                    ,                     ,                      ,                               ,       , 
     626, 2010-07-22, 2010-07-22 02:00:00, 2010-07-22 02:04:00, 2010-07-22 02:09:00, B5.7      , "(0, 0)"     ,              11087,                               ,                    ,                    ,                     ,                      ,                               ,       , 
     627, 2010-07-22, 2010-07-22 06:28:00, 2010-07-22 06:32:00, 2010-07-22 06:36:00, B6.9      , "(-42, -27)" ,              11089, "(-42, -27)"                  , -564.4961645009462 , -482.666376396278  , -0.4539904997395468 , -0.5961997357998613  ,                               , -27.0 , -42.0
     628, 2010-07-22, 2010-07-22 06:57:00, 2010-07-22 07:03:00, 2010-07-22 07:19:00, B3.7      , "(0, 0)"     ,                  0,                               ,                    ,                    ,                     ,                      ,                               ,       , 
     629, 2010-07-22, 2010-07-22 07:28:00, 2010-07-22 07:35:00, 2010-07-22 07:41:00, B5.7      , "(0, 0)"     ,              11089,                               ,                    ,                    ,                     ,                      ,                               ,       , 
     630, 2010-07-22, 2010-07-22 12:07:00, 2010-07-22 12:15:00, 2010-07-22 12:26:00, B8.4      , "(-39, -23)" ,              11089, "(-39, -23)"                  , -548.6458858994301 , -427.72765756290124, -0.39073112848927377, -0.579292474337963   ,                               , -23.0 , -39.0
     631, 2010-07-22, 2010-07-22 15:10:00, 2010-07-22 15:16:00, 2010-07-22 15:21:00, B5.9      , "(-39, -25)" ,              11089, "(-39, -25)"                  , -540.1555343384389 , -456.99931941130455, -0.42261826174069944, -0.5703579709494173  ,                               , -25.0 , -39.0
     632, 2010-07-22, 2010-07-22 15:52:00, 2010-07-22 16:01:00, 2010-07-22 16:15:00, B5.3      , "(0, 0)"     ,              11087,                               ,                    ,                    ,                     ,                      ,                               ,       , 
     633, 2010-07-22, 2010-07-22 17:19:00, 2010-07-22 17:23:00, 2010-07-22 17:30:00, B3.8      , "(0, 0)"     ,               1089, "(29.19660630822755, -23.0)"  , 425.45393911088513 , -435.4341772107583 , -0.39073112848927377, 0.44902958934989196  , "(29.19660630822755, -23.0)"  , -23.0 , 29.19660630822755
     634, 2010-07-22, 2010-07-22 17:19:00, 2010-07-22 17:23:00, 2010-07-22 17:30:00, B3.8      , "(0, 0)"     ,              11089,                               ,                    ,                    ,                     ,                      ,                               ,       , 
     635, 2010-07-22, 2010-07-22 21:30:00, 2010-07-22 21:38:00, 2010-07-22 21:45:00, B9.8      , "(0, 0)"     ,              11089,                               ,                    ,                    ,                     ,                      ,                               ,       , 
     636, 2010-07-22, 2010-07-22 21:30:00, 2010-07-22 21:38:00, 2010-07-22 21:45:00, B9.8      , "(0, 0)"     ,                  0,                               ,                    ,                    ,                     ,                      ,                               ,       , 
     637, 2010-07-23, 2010-07-23 00:19:00, 2010-07-23 00:24:00, 2010-07-23 00:26:00, B5.2      , "(-33, -27)" ,              11089, "(-33, -27)"                  , -459.6790102708619 , -490.6414097692296 , -0.4539904997395468 , -0.48527693352604606 ,                               , -27.0 , -33.0
     638, 2010-07-23, 2010-07-23 01:30:00, 2010-07-23 01:38:00, 2010-07-23 01:45:00, B3.6      , "(0, 0)"     ,              11089,                               ,                    ,                    ,                     ,                      ,                               ,       , 
     639, 2010-07-23, 2010-07-23 08:48:00, 2010-07-23 08:56:00, 2010-07-23 09:02:00, B3.6      , "(-28, -21)" ,              11089, "(-28, -21)"                  , -415.3449975820258 , -407.4046705002729 , -0.35836794954530027, -0.4382894618139598  ,                               , -21.0 , -28.0
     640, 2010-07-23, 2010-07-23 15:16:00, 2010-07-23 15:23:00, 2010-07-23 15:31:00, B9.3      , "(-24, -26)" ,              11089, "(-24, -26)"                  , -346.42643411597237, -482.93951741203426, -0.43837114678907746, -0.36557247320823855 ,                               , -26.0 , -24.0
     641, 2010-07-24, 2010-07-24 03:05:00, 2010-07-24 03:09:00, 2010-07-24 03:13:00, B3.0      , "(0, 0)"     ,                  0,                               ,                    ,                    ,                     ,                      ,                               ,       , 
     642, 2010-07-24, 2010-07-24 04:30:00, 2010-07-24 04:34:00, 2010-07-24 04:39:00, B3.1      , "(0, 0)"     ,                  0,                               ,                    ,                    ,                     ,                      ,                               ,       , 
     643, 2010-07-24, 2010-07-24 20:33:00, 2010-07-24 20:37:00, 2010-07-24 20:41:00, B1.9      , "(0, 0)"     ,                  0,                               ,                    ,                    ,                     ,                      ,                               ,       , 
     644, 2010-07-25, 2010-07-25 07:51:00, 2010-07-25 07:54:00, 2010-07-25 07:57:00, B1.4      , "(0, 0)"     ,                  0,                               ,                    ,                    ,                     ,                      ,                               ,       , 
     645, 2010-07-25, 2010-07-25 21:54:00, 2010-07-25 22:13:00, 2010-07-25 23:59:00, B2.3      , "(0, 0)"     ,              11089,                               ,                    ,                    ,                     ,                      ,                               ,       , 
     646, 2010-07-26, 2010-07-26 00:32:00, 2010-07-26 00:36:00, 2010-07-26 00:38:00, B2.7      , "(0, 0)"     ,              11089,                               ,                    ,                    ,                     ,                      ,                               ,       , 
     647, 2010-07-26, 2010-07-26 04:11:00, 2010-07-26 04:15:00, 2010-07-26 04:18:00, B3.8      , "(0, 0)"     ,              11091,                               ,                    ,                    ,                     ,                      ,                               ,       , 
     648, 2010-07-26, 2010-07-26 04:54:00, 2010-07-26 04:57:00, 2010-07-26 04:59:00, B2.3      , "(0, 0)"     ,              11091,                               ,                    ,                    ,                     ,                      ,                               ,       , 
     649, 2010-07-26, 2010-07-26 06:10:00, 2010-07-26 06:14:00, 2010-07-26 06:21:00, B2.1      , "(0, 0)"     ,              11089,                               ,                    ,                    ,                     ,                      ,                               ,       , 
     650, 2010-07-26, 2010-07-26 11:37:00, 2010-07-26 11:41:00, 2010-07-26 11:45:00, B3.3      , "(0, 0)"     ,              11089,                               ,                    ,                    ,                     ,                      ,                               ,       , 
     651, 2010-07-26, 2010-07-26 15:06:00, 2010-07-26 15:10:00, 2010-07-26 15:15:00, B3.1      , "(0, 0)"     ,              11089,                               ,                    ,                    ,                     ,                      ,                               ,       , 
     652, 2010-07-26, 2010-07-26 16:25:00, 2010-07-26 16:32:00, 2010-07-26 16:37:00, B4.7      , "(0, 0)"     ,              11089,                               ,                    ,                    ,                     ,                      ,                               ,       , 
     653, 2010-07-26, 2010-07-26 18:24:00, 2010-07-26 18:29:00, 2010-07-26 18:33:00, B5.8      , "(0, 0)"     ,              11089,                               ,                    ,                    ,                     ,                      ,                               ,       , 
     654, 2010-07-27, 2010-07-27 01:00:00, 2010-07-27 01:07:00, 2010-07-27 01:18:00, B5.5      , "(0, 0)"     ,              11089,                               ,                    ,                    ,                     ,                      ,                               ,       , 
     655, 2010-07-27, 2010-07-27 03:48:00, 2010-07-27 03:57:00, 2010-07-27 04:09:00, B8.0      , "(23, -23)"  ,              11089, "(23, -23)"                   , 340.99026754302184 , -444.3122605307223 , -0.39073112848927377, 0.3596699001693256   ,                               , -23.0 , 23.0
     656, 2010-07-27, 2010-07-27 04:12:00, 2010-07-27 04:24:00, 2010-07-27 04:34:00, C2.2      , "(0, 0)"     ,              11089,                               ,                    ,                    ,                     ,                      ,                               ,       , 
     657, 2010-07-27, 2010-07-27 09:45:00, 2010-07-27 09:54:00, 2010-07-27 10:29:00, B4.2      , "(0, 0)"     ,                  0,                               ,                    ,                    ,                     ,                      ,                               ,       , 
     658, 2010-07-27, 2010-07-27 19:14:00, 2010-07-27 19:31:00, 2010-07-27 19:39:00, B6.0      , "(0, 0)"     ,              11089,                               ,                    ,                    ,                     ,                      ,                               ,       , 
     659, 2010-07-27, 2010-07-27 23:54:00, 2010-07-27 23:58:00, 2010-07-28 00:01:00, B3.8      , "(0, 0)"     ,                  0,                               ,                    ,                    ,                     ,                      ,                               ,       , 
     660, 2010-07-28, 2010-07-28 09:55:00, 2010-07-28 10:02:00, 2010-07-28 10:11:00, B5.3      , "(0, 0)"     ,                  0,                               ,                    ,                    ,                     ,                      ,                               ,       , 
     661, 2010-07-28, 2010-07-28 12:52:00, 2010-07-28 13:07:00, 2010-07-28 13:15:00, B8.1      , "(42, -24)"  ,              11089, "(42, -24)"                   , 579.1619361804468  , -445.28081903702605, -0.4067366430758002 , 0.6112812260087742   ,                               , -24.0 , 42.0
     662, 2010-07-28, 2010-07-28 20:33:00, 2010-07-28 20:42:00, 2010-07-28 20:49:00, C2.8      , "(0, 0)"     ,              11089,                               ,                    ,                    ,                     ,                      ,                               ,       , 
     663, 2010-07-29, 2010-07-29 00:50:00, 2010-07-29 01:38:00, 2010-07-29 01:57:00, B6.0      , "(0, 0)"     ,              11092,                               ,                    ,                    ,                     ,                      ,                               ,       , 
     664, 2010-07-29, 2010-07-29 18:27:00, 2010-07-29 18:43:00, 2010-07-29 18:51:00, B7.5      , "(0, 0)"     ,              11092,                               ,                    ,                    ,                     ,                      ,                               ,       , 
     665, 2010-07-30, 2010-07-30 01:06:00, 2010-07-30 01:09:00, 2010-07-30 01:12:00, B2.7      , "(0, 0)"     ,                  0,                               ,                    ,                    ,                     ,                      ,                               ,       , 
     666, 2010-07-30, 2010-07-30 02:21:00, 2010-07-30 02:27:00, 2010-07-30 02:56:00, B9.0      , "(-64, 17)"  ,              11092, "(-64, 17)"                   , -813.7786743161269 , 236.574599034986   , 0.29237170472273677 , -0.859521021107154   ,                               , 17.0  , -64.0
     667, 2010-07-30, 2010-07-30 08:11:00, 2010-07-30 09:18:00, 2010-07-30 10:12:00, B8.1      , "(0, 0)"     ,              11092,                               ,                    ,                    ,                     ,                      ,                               ,       , 
     668, 2010-07-30, 2010-07-30 20:21:00, 2010-07-30 20:25:00, 2010-07-30 20:32:00, B4.7      , "(0, 0)"     ,              11092,                               ,                    ,                    ,                     ,                      ,                               ,       , 
     669, 2010-07-30, 2010-07-30 22:32:00, 2010-07-30 22:37:00, 2010-07-30 22:42:00, B4.1      , "(0, 0)"     ,              11092,                               ,                    ,                    ,                     ,                      ,                               ,       , 
     670, 2010-07-31, 2010-07-31 03:40:00, 2010-07-31 04:00:00, 2010-07-31 04:19:00, B4.7      , "(0, 0)"     ,              11089,                               ,                    ,                    ,                     ,                      ,                               ,       , 
     671, 2010-07-31, 2010-07-31 05:15:00, 2010-07-31 05:29:00, 2010-07-31 05:32:00, B4.8      , "(-41, 10)"  ,              11092, "(-41, 10)"                   , -612.6606139370706 , 93.72821326993488  , 0.17364817766693033 , -0.6460920181835125  ,                               , 10.0  , -41.0
     672, 2010-07-31, 2010-07-31 08:32:00, 2010-07-31 08:40:00, 2010-07-31 08:56:00, B3.1      , "(0, 0)"     ,              11092,                               ,                    ,                    ,                     ,                      ,                               ,       , 
     673, 2010-07-31, 2010-07-31 13:01:00, 2010-07-31 13:07:00, 2010-07-31 13:17:00, B2.8      , "(0, 0)"     ,              11089,                               ,                    ,                    ,                     ,                      ,                               ,       , 
     674, 2010-07-31, 2010-07-31 18:32:00, 2010-07-31 19:09:00, 2010-07-31 19:26:00, B7.4      , "(0, 0)"     ,              11092,                               ,                    ,                    ,                     ,                      ,                               ,       , 
     675, 2010-08-01, 2010-08-01 03:38:00, 2010-08-01 03:50:00, 2010-08-01 03:55:00, B4.5      , "(0, 0)"     ,                  0,                               ,                    ,                    ,                     ,                      ,                               ,       , 
     676, 2010-08-01, 2010-08-01 07:55:00, 2010-08-01 08:26:00, 2010-08-01 09:35:00, C3.2      , "(-36, 20)"  ,              11092, "(-36, 20)"                   , -523.9071221419144 , 249.99204380142606 , 0.3420201433256687  , -0.5523374641860205  ,                               , 20.0  , -36.0
     677, 2010-08-01, 2010-08-01 16:06:00, 2010-08-01 16:25:00, 2010-08-01 16:38:00, B4.1      , "(0, 0)"     ,                  0,                               ,                    ,                    ,                     ,                      ,                               ,       , 
     678, 2010-08-02, 2010-08-02 04:19:00, 2010-08-02 04:26:00, 2010-08-02 04:38:00, B8.9      , "(0, 0)"     ,                  0,                               ,                    ,                    ,                     ,                      ,                               ,       , 
     679, 2010-08-02, 2010-08-02 17:21:00, 2010-08-02 17:25:00, 2010-08-02 17:30:00, B1.8      , "(0, 0)"     ,              11092,                               ,                    ,                    ,                     ,                      ,                               ,       , 
     680, 2010-08-03, 2010-08-03 10:07:00, 2010-08-03 10:23:00, 2010-08-03 10:46:00, B2.0      , "(0, 0)"     ,                  0,                               ,                    ,                    ,                     ,                      ,                               ,       , 
     681, 2010-08-03, 2010-08-03 11:40:00, 2010-08-03 11:49:00, 2010-08-03 11:55:00, B5.2      , "(0, 0)"     ,                  0,                               ,                    ,                    ,                     ,                      ,                               ,       , 
     682, 2010-08-03, 2010-08-03 12:02:00, 2010-08-03 12:06:00, 2010-08-03 12:12:00, B3.4      , "(0, 0)"     ,                  0,                               ,                    ,                    ,                     ,                      ,                               ,       , 
     683, 2010-08-03, 2010-08-03 12:27:00, 2010-08-03 12:34:00, 2010-08-03 12:40:00, B2.5      , "(0, 0)"     ,                  0,                               ,                    ,                    ,                     ,                      ,                               ,       , 
     684, 2010-08-03, 2010-08-03 14:17:00, 2010-08-03 14:25:00, 2010-08-03 14:28:00, B2.4      , "(0, 0)"     ,                  0,                               ,                    ,                    ,                     ,                      ,                               ,       , 
     685, 2010-08-03, 2010-08-03 16:57:00, 2010-08-03 17:00:00, 2010-08-03 17:04:00, B3.7      , "(0, 0)"     ,                  0,                               ,                    ,                    ,                     ,                      ,                               ,       , 
     686, 2010-08-03, 2010-08-03 20:45:00, 2010-08-03 20:48:00, 2010-08-03 20:51:00, B1.5      , "(0, 0)"     ,                  0,                               ,                    ,                    ,                     ,                      ,                               ,       , 
     687, 2010-08-04, 2010-08-04 02:36:00, 2010-08-04 02:39:00, 2010-08-04 02:42:00, B2.0      , "(0, 0)"     ,                  0,                               ,                    ,                    ,                     ,                      ,                               ,       , 
     688, 2010-08-04, 2010-08-04 02:51:00, 2010-08-04 02:54:00, 2010-08-04 02:58:00, B6.6      , "(0, 0)"     ,              11093,                               ,                    ,                    ,                     ,                      ,                               ,       , 
     689, 2010-08-04, 2010-08-04 09:13:00, 2010-08-04 09:20:00, 2010-08-04 09:39:00, B6.5      , "(0, 0)"     ,              11093,                               ,                    ,                    ,                     ,                      ,                               ,       , 
     690, 2010-08-04, 2010-08-04 19:02:00, 2010-08-04 19:06:00, 2010-08-04 19:09:00, B4.9      , "(0, 0)"     ,              11093,                               ,                    ,                    ,                     ,                      ,                               ,       , 
     691, 2010-08-04, 2010-08-04 22:15:00, 2010-08-04 22:20:00, 2010-08-04 22:23:00, B2.3      , "(0, 0)"     ,                  0,                               ,                    ,                    ,                     ,                      ,                               ,       , 
     692, 2010-08-05, 2010-08-05 00:16:00, 2010-08-05 00:26:00, 2010-08-05 00:39:00, B2.8      , "(0, 0)"     ,              11092,                               ,                    ,                    ,                     ,                      ,                               ,       , 
     693, 2010-08-05, 2010-08-05 20:39:00, 2010-08-05 21:35:00, 2010-08-05 22:03:00, C1.3      , "(0, 0)"     ,              11093,                               ,                    ,                    ,                     ,                      ,                               ,       , 
     694, 2010-08-05, 2010-08-05 22:23:00, 2010-08-05 22:27:00, 2010-08-05 22:30:00, B5.7      , "(0, 0)"     ,               1094, "(-58.88681984565823, 25.0)"  , -735.4765662059654 , 351.0572053771879  , 0.42261826174069944 , -0.7759338168806252  , "(-58.88681984565823, 25.0)"  , 25.0  , -58.88681984565823
     695, 2010-08-05, 2010-08-05 22:23:00, 2010-08-05 22:27:00, 2010-08-05 22:30:00, B5.7      , "(0, 0)"     ,              11094,                               ,                    ,                    ,                     ,                      ,                               ,       , 
     696, 2010-08-06, 2010-08-06 01:14:00, 2010-08-06 01:36:00, 2010-08-06 01:57:00, B5.6      , "(0, 0)"     ,               1093, "(58.93633274927655, 11.0)"   , 797.0753507464767  , 128.6727694607152  , 0.1908089953765448  , 0.840856406817494    , "(58.93633274927655, 11.0)"   , 11.0  , 58.93633274927655
     697, 2010-08-06, 2010-08-06 01:14:00, 2010-08-06 01:36:00, 2010-08-06 01:57:00, B5.6      , "(0, 0)"     ,              11093,                               ,                    ,                    ,                     ,                      ,                               ,       , 
     698, 2010-08-06, 2010-08-06 02:03:00, 2010-08-06 02:07:00, 2010-08-06 02:09:00, B4.5      , "(0, 0)"     ,               1093, "(59.23869019956377, 11.0)"   , 799.5855104217318  , 129.100680699232   , 0.1908089953765448  , 0.8435176072089273   , "(59.23869019956377, 11.0)"   , 11.0  , 59.23869019956377
     699, 2010-08-06, 2010-08-06 02:03:00, 2010-08-06 02:07:00, 2010-08-06 02:09:00, B4.5      , "(0, 0)"     ,              11093,                               ,                    ,                    ,                     ,                      ,                               ,       , 
     700, 2010-08-06, 2010-08-06 06:10:00, 2010-08-06 06:33:00, 2010-08-06 07:45:00, B2.8      , "(0, 0)"     ,                  0,                               ,                    ,                    ,                     ,                      ,                               ,       , 
     701, 2010-08-06, 2010-08-06 06:10:00, 2010-08-06 06:33:00, 2010-08-06 07:45:00, B2.8      , "(0, 0)"     ,                  0,                               ,                    ,                    ,                     ,                      ,                               ,       , 
     702, 2010-08-06, 2010-08-06 15:21:00, 2010-08-06 15:27:00, 2010-08-06 15:35:00, B3.5      , "(0, 0)"     ,                  0,                               ,                    ,                    ,                     ,                      ,                               ,       , 
     703, 2010-08-07, 2010-08-07 02:30:00, 2010-08-07 02:44:00, 2010-08-07 02:56:00, B3.0      , "(0, 0)"     ,               1094, "(-69.44011752550266, 26.0)"  , -797.2503401287831 , 380.65716873436423 , 0.43837114678907746 , -0.8415459525200588  , "(-69.44011752550266, 26.0)"  , 26.0  , -69.44011752550266
     704, 2010-08-07, 2010-08-07 02:30:00, 2010-08-07 02:44:00, 2010-08-07 02:56:00, B3.0      , "(0, 0)"     ,              11094,                               ,                    ,                    ,                     ,                      ,                               ,       , 
     705, 2010-08-07, 2010-08-07 05:09:00, 2010-08-07 05:13:00, 2010-08-07 05:15:00, B1.7      , "(0, 0)"     ,                  0,                               ,                    ,                    ,                     ,                      ,                               ,       , 
     706, 2010-08-07, 2010-08-07 17:55:00, 2010-08-07 18:24:00, 2010-08-07 18:47:00, M1.0      , "(-34, 11)"  ,              11093, "(-34, 11)"                   , -521.198044787161  , 96.3030087265328   , 0.1908089953765448  , -0.5489189548379108  ,                               , 11.0  , -34.0
     707, 2010-08-07, 2010-08-07 22:40:00, 2010-08-07 22:43:00, 2010-08-07 22:46:00, B2.9      , "(0, 0)"     ,                  0,                               ,                    ,                    ,                     ,                      ,                               ,       , 
     708, 2010-08-08, 2010-08-08 07:43:00, 2010-08-08 07:51:00, 2010-08-08 08:28:00, B2.1      , "(0, 0)"     ,               1093, "(34.597680238129726, 10.0)"  , 530.9780841527048  , 79.94860911370661  , 0.17364817766693033 , 0.5591841017578827   , "(34.597680238129726, 10.0)"  , 10.0  , 34.597680238129726
     709, 2010-08-08, 2010-08-08 07:43:00, 2010-08-08 07:51:00, 2010-08-08 08:28:00, B2.1      , "(0, 0)"     ,              11093,                               ,                    ,                    ,                     ,                      ,                               ,       , 
     710, 2010-08-08, 2010-08-08 14:13:00, 2010-08-08 14:17:00, 2010-08-08 14:23:00, B2.3      , "(0, 0)"     ,              11093,                               ,                    ,                    ,                     ,                      ,                               ,       , 
     711, 2010-08-09, 2010-08-09 02:14:00, 2010-08-09 02:25:00, 2010-08-09 02:37:00, B1.8      , "(0, 0)"     ,               1093, "(16.414252590053124, 11.0)"  , 263.58820643374895 , 81.90029444953323  , 0.1908089953765448  , 0.2773882898854219   , "(16.414252590053124, 11.0)"  , 11.0  , 16.414252590053124
     712, 2010-08-09, 2010-08-09 02:14:00, 2010-08-09 02:25:00, 2010-08-09 02:37:00, B1.8      , "(0, 0)"     ,              11093,                               ,                    ,                    ,                     ,                      ,                               ,       , 
     713, 2010-08-09, 2010-08-09 19:50:00, 2010-08-09 19:54:00, 2010-08-09 19:56:00, B1.6      , "(0, 0)"     ,              11095,                               ,                    ,                    ,                     ,                      ,                               ,       , 
     714, 2010-08-10, 2010-08-10 04:45:00, 2010-08-10 04:51:00, 2010-08-10 04:55:00, B1.9      , "(0, 0)"     ,              11096,                               ,                    ,                    ,                     ,                      ,                               ,       , 
     715, 2010-08-10, 2010-08-10 08:48:00, 2010-08-10 09:12:00, 2010-08-10 09:25:00, B1.9      , "(0, 0)"     ,               1096, "(-14.700354808730394, 22.0)" , -223.60073641710915, 259.0362375342174  , 0.374606593415912   , -0.23528582290582958 , "(-14.700354808730394, 22.0)" , 22.0  , -14.700354808730394
     716, 2010-08-10, 2010-08-10 08:48:00, 2010-08-10 09:12:00, 2010-08-10 09:25:00, B1.9      , "(0, 0)"     ,              11096,                               ,                    ,                    ,                     ,                      ,                               ,       , 
     717, 2010-08-10, 2010-08-10 16:41:00, 2010-08-10 17:01:00, 2010-08-10 17:12:00, B8.1      , "(0, 0)"     ,              11097,                               ,                    ,                    ,                     ,                      ,                               ,       , 
     718, 2010-08-11, 2010-08-11 07:57:00, 2010-08-11 08:01:00, 2010-08-11 08:05:00, B2.6      , "(0, 0)"     ,               1098, "(18.685994577420637, 15.0)"  , 294.1494452436976  , 146.93388491407924 , 0.25881904510252074 , 0.30946471124645875  , "(18.685994577420637, 15.0)"  , 15.0  , 18.685994577420637
     719, 2010-08-11, 2010-08-11 07:57:00, 2010-08-11 08:01:00, 2010-08-11 08:05:00, B2.6      , "(0, 0)"     ,              11098,                               ,                    ,                    ,                     ,                      ,                               ,       , 
     720, 2010-08-11, 2010-08-11 10:56:00, 2010-08-11 11:03:00, 2010-08-11 11:07:00, B1.8      , "(0, 0)"     ,                  0,                               ,                    ,                    ,                     ,                      ,                               ,       , 
     721, 2010-08-11, 2010-08-11 10:56:00, 2010-08-11 11:03:00, 2010-08-11 11:07:00, B1.8      , "(0, 0)"     ,                  0,                               ,                    ,                    ,                     ,                      ,                               ,       , 
     722, 2010-08-11, 2010-08-11 11:42:00, 2010-08-11 11:46:00, 2010-08-11 11:49:00, B1.9      , "(0, 0)"     ,                  0,                               ,                    ,                    ,                     ,                      ,                               ,       , 
     723, 2010-08-11, 2010-08-11 12:02:00, 2010-08-11 12:06:00, 2010-08-11 12:09:00, B3.9      , "(0, 0)"     ,                  0,                               ,                    ,                    ,                     ,                      ,                               ,       , 
     724, 2010-08-11, 2010-08-11 13:38:00, 2010-08-11 13:48:00, 2010-08-11 13:54:00, B3.8      , "(0, 0)"     ,              11098,                               ,                    ,                    ,                     ,                      ,                               ,       , 
     725, 2010-08-11, 2010-08-11 18:43:00, 2010-08-11 18:46:00, 2010-08-11 18:48:00, B1.7      , "(0, 0)"     ,              11098,                               ,                    ,                    ,                     ,                      ,                               ,       , 
     726, 2010-08-12, 2010-08-12 00:30:00, 2010-08-12 00:35:00, 2010-08-12 00:44:00, B2.5      , "(0, 0)"     ,               1098, "(28.339927205203626, 15.0)"  , 435.75553860104355 , 153.2646506002831  , 0.25881904510252074 , 0.4585265974101308   , "(28.339927205203626, 15.0)"  , 15.0  , 28.339927205203626
     727, 2010-08-12, 2010-08-12 00:30:00, 2010-08-12 00:35:00, 2010-08-12 00:44:00, B2.5      , "(0, 0)"     ,              11098,                               ,                    ,                    ,                     ,                      ,                               ,       , 
     728, 2010-08-12, 2010-08-12 04:16:00, 2010-08-12 04:21:00, 2010-08-12 04:25:00, B1.4      , "(0, 0)"     ,              11098,                               ,                    ,                    ,                     ,                      ,                               ,       , 
     729, 2010-08-13, 2010-08-13 15:28:00, 2010-08-13 15:44:00, 2010-08-13 16:31:00, B1.7      , "(0, 0)"     ,              11093,                               ,                    ,                    ,                     ,                      ,                               ,       , 
     730, 2010-08-13, 2010-08-13 21:48:00, 2010-08-13 21:55:00, 2010-08-13 22:01:00, B3.4      , "(0, 0)"     ,              11099,                               ,                    ,                    ,                     ,                      ,                               ,       , 
     731, 2010-08-13, 2010-08-13 23:27:00, 2010-08-13 23:41:00, 2010-08-13 23:45:00, B1.5      , "(46, 18)"   ,              11099, "(46, 18)"                    , 649.8344723956275  , 219.67955374834614 , 0.3090169943749474  , 0.6841328045425288   ,                               , 18.0  , 46.0
     732, 2010-08-13, 2010-08-13 23:53:00, 2010-08-14 00:22:00, 2010-08-14 00:27:00, B2.2      , "(0, 0)"     ,              11099,                               ,                    ,                    ,                     ,                      ,                               ,       , 
     733, 2010-08-14, 2010-08-14 01:02:00, 2010-08-14 01:06:00, 2010-08-14 01:12:00, B2.7      , "(46, 17)"   ,              11099, "(46, 17)"                    , 653.4334256278197  , 203.54137861912545 , 0.29237170472273677 , 0.6879080722173524   ,                               , 17.0  , 46.0
     734, 2010-08-14, 2010-08-14 03:52:00, 2010-08-14 04:01:00, 2010-08-14 04:14:00, B2.5      , "(0, 0)"     ,              11099,                               ,                    ,                    ,                     ,                      ,                               ,       , 
     735, 2010-08-14, 2010-08-14 09:38:00, 2010-08-14 10:05:00, 2010-08-14 10:31:00, C4.4      , "(52, 17)"   ,              11099, "(52, 17)"                    , 715.6116821901857  , 211.52271629215525 , 0.29237170472273677 , 0.753578431424124    ,                               , 17.0  , 52.0
     736, 2010-08-14, 2010-08-14 17:09:00, 2010-08-14 17:14:00, 2010-08-14 17:16:00, B9.7      , "(0, 0)"     ,              11099,                               ,                    ,                    ,                     ,                      ,                               ,       , 
     737, 2010-08-14, 2010-08-14 18:03:00, 2010-08-14 18:08:00, 2010-08-14 18:10:00, C1.6      , "(54, 19)"   ,              11099, "(54, 19)"                    , 726.3513506620651  , 246.2514691671851  , 0.3255681544571567  , 0.7649405961570408   ,                               , 19.0  , 54.0
     738, 2010-08-15, 2010-08-15 00:59:00, 2010-08-15 01:04:00, 2010-08-15 01:06:00, B3.9      , "(0, 0)"     ,              11099,                               ,                    ,                    ,                     ,                      ,                               ,       , 
     739, 2010-08-15, 2010-08-15 08:16:00, 2010-08-15 08:20:00, 2010-08-15 08:23:00, B4.9      , "(63, 16)"   ,              11099, "(63, 16)"                    , 812.9062084366748  , 211.89709798034056 , 0.27563735581699916 , 0.8564904425334173   ,                               , 16.0  , 63.0
     740, 2010-08-15, 2010-08-15 12:43:00, 2010-08-15 12:49:00, 2010-08-15 12:55:00, B7.8      , "(0, 0)"     ,              11099,                               ,                    ,                    ,                     ,                      ,                               ,       , 
     741, 2010-08-15, 2010-08-15 16:04:00, 2010-08-15 16:09:00, 2010-08-15 16:17:00, B5.3      , "(0, 0)"     ,              11099,                               ,                    ,                    ,                     ,                      ,                               ,       , 
     742, 2010-08-15, 2010-08-15 18:23:00, 2010-08-15 18:30:00, 2010-08-15 18:37:00, C5.4      , "(71, 15)"   ,              11099, "(71, 15)"                    , 866.4031056048894  , 209.22260448253112 , 0.25881904510252074 , 0.9133008114074329   ,                               , 15.0  , 71.0
     743, 2010-08-15, 2010-08-15 18:52:00, 2010-08-15 18:57:00, 2010-08-15 19:06:00, B6.4      , "(0, 0)"     ,              11099,                               ,                    ,                    ,                     ,                      ,                               ,       , 
     744, 2010-08-15, 2010-08-15 22:31:00, 2010-08-15 22:36:00, 2010-08-15 22:38:00, B3.0      , "(0, 0)"     ,              11099,                               ,                    ,                    ,                     ,                      ,                               ,       , 
     745, 2010-08-16, 2010-08-16 01:23:00, 2010-08-16 01:29:00, 2010-08-16 01:33:00, B2.1      , "(0, 0)"     ,              11099,                               ,                    ,                    ,                     ,                      ,                               ,       , 
     746, 2010-08-16, 2010-08-16 01:46:00, 2010-08-16 01:49:00, 2010-08-16 01:52:00, B3.5      , "(0, 0)"     ,              11099,                               ,                    ,                    ,                     ,                      ,                               ,       , 
     747, 2010-08-16, 2010-08-16 01:53:00, 2010-08-16 01:55:00, 2010-08-16 01:58:00, B4.5      , "(0, 0)"     ,              11099,                               ,                    ,                    ,                     ,                      ,                               ,       , 
     748, 2010-08-16, 2010-08-16 02:20:00, 2010-08-16 02:37:00, 2010-08-16 02:49:00, B3.5      , "(0, 0)"     ,              11098,                               ,                    ,                    ,                     ,                      ,                               ,       , 
     749, 2010-08-16, 2010-08-16 11:34:00, 2010-08-16 11:42:00, 2010-08-16 11:51:00, B5.6      , "(0, 0)"     ,              11099,                               ,                    ,                    ,                     ,                      ,                               ,       , 
     750, 2010-08-16, 2010-08-16 13:58:00, 2010-08-16 14:05:00, 2010-08-16 14:10:00, B3.8      , "(0, 0)"     ,              11099,                               ,                    ,                    ,                     ,                      ,                               ,       , 
     751, 2010-08-16, 2010-08-16 15:16:00, 2010-08-16 15:21:00, 2010-08-16 15:28:00, B7.6      , "(80, 17)"   ,              11099, "(80, 17)"                    , 892.9747376777921  , 256.92490965550184 , 0.29237170472273677 , 0.9417763379148448   ,                               , 17.0  , 80.0
     752, 2010-08-16, 2010-08-16 16:34:00, 2010-08-16 16:39:00, 2010-08-16 16:51:00, C1.4      , "(0, 0)"     ,              11099,                               ,                    ,                    ,                     ,                      ,                               ,       , 
     753, 2010-08-16, 2010-08-16 18:07:00, 2010-08-16 18:15:00, 2010-08-16 18:21:00, B3.9      , "(0, 0)"     ,              11099,                               ,                    ,                    ,                     ,                      ,                               ,       , 
     754, 2010-08-17, 2010-08-17 00:17:00, 2010-08-17 00:30:00, 2010-08-17 00:39:00, B5.7      , "(0, 0)"     ,              11099,                               ,                    ,                    ,                     ,                      ,                               ,       , 
     755, 2010-08-17, 2010-08-17 03:40:00, 2010-08-17 03:52:00, 2010-08-17 04:08:00, B3.0      , "(0, 0)"     ,              11099,                               ,                    ,                    ,                     ,                      ,                               ,       , 
     756, 2010-08-17, 2010-08-17 04:42:00, 2010-08-17 04:46:00, 2010-08-17 04:49:00, B2.3      , "(0, 0)"     ,              11099,                               ,                    ,                    ,                     ,                      ,                               ,       , 
     757, 2010-08-17, 2010-08-17 06:09:00, 2010-08-17 06:37:00, 2010-08-17 06:44:00, B2.9      , "(0, 0)"     ,               1099, "(-80.15474886954834, 17.0)"  , -893.4933832688257 , 257.14247874521163 , 0.29237170472273677 , -0.9422214116096606  , "(-80.15474886954834, 17.0)"  , 17.0  , -80.15474886954834
     758, 2010-08-17, 2010-08-17 06:09:00, 2010-08-17 06:37:00, 2010-08-17 06:44:00, B2.9      , "(0, 0)"     ,              11099,                               ,                    ,                    ,                     ,                      ,                               ,       , 
     759, 2010-08-17, 2010-08-17 08:16:00, 2010-08-17 08:23:00, 2010-08-17 08:30:00, B3.1      , "(0, 0)"     ,               1099, "(-79.12805713194663, 17.0)"  , -890.6553956393618 , 255.27702412234208 , 0.29237170472273677 , -0.9391402264450232  , "(-79.12805713194663, 17.0)"  , 17.0  , -79.12805713194663
     760, 2010-08-17, 2010-08-17 08:16:00, 2010-08-17 08:23:00, 2010-08-17 08:30:00, B3.1      , "(0, 0)"     ,              11099,                               ,                    ,                    ,                     ,                      ,                               ,       , 
     761, 2010-08-17, 2010-08-17 10:44:00, 2010-08-17 10:50:00, 2010-08-17 10:58:00, B5.1      , "(0, 0)"     ,              11099,                               ,                    ,                    ,                     ,                      ,                               ,       , 
     762, 2010-08-17, 2010-08-17 15:44:00, 2010-08-17 16:03:00, 2010-08-17 16:17:00, B7.6      , "(0, 0)"     ,               1099, "(-74.67260242159963, 17.0)"  , -875.0177581221797 , 247.24633512768128 , 0.29237170472273677 , -0.9222900763350311  , "(-74.67260242159963, 17.0)"  , 17.0  , -74.67260242159963
     763, 2010-08-17, 2010-08-17 15:44:00, 2010-08-17 16:03:00, 2010-08-17 16:17:00, B7.6      , "(0, 0)"     ,              11099,                               ,                    ,                    ,                     ,                      ,                               ,       , 
     764, 2010-08-17, 2010-08-17 23:05:00, 2010-08-18 00:01:00, 2010-08-18 00:22:00, C1.5      , "(0, 0)"     ,               1099, "(-70.04280383128251, 17.0)"  , -853.1427410896868 , 239.0445819470679  , 0.29237170472273677 , -0.8988766191729028  , "(-70.04280383128251, 17.0)"  , 17.0  , -70.04280383128251
     765, 2010-08-17, 2010-08-17 23:05:00, 2010-08-18 00:01:00, 2010-08-18 00:22:00, C1.5      , "(0, 0)"     ,              11099,                               ,                    ,                    ,                     ,                      ,                               ,       , 
     766, 2010-08-18, 2010-08-18 04:45:00, 2010-08-18 05:48:00, 2010-08-18 06:51:00, C4.5      , "(0, 0)"     ,               1099, "(-66.68184125630336, 17.0)"  , -833.7507306551561 , 233.2085647014062  , 0.29237170472273677 , -0.8781947159273331  , "(-66.68184125630336, 17.0)"  , 17.0  , -66.68184125630336
     767, 2010-08-18, 2010-08-18 04:45:00, 2010-08-18 05:48:00, 2010-08-18 06:51:00, C4.5      , "(0, 0)"     ,              11099,                               ,                    ,                    ,                     ,                      ,                               ,       , 
     768, 2010-08-18, 2010-08-18 22:17:00, 2010-08-18 22:27:00, 2010-08-18 22:41:00, B3.3      , "(0, 0)"     ,              11100,                               ,                    ,                    ,                     ,                      ,                               ,       , 
     769, 2010-08-26, 2010-08-26 10:47:00, 2010-08-26 10:53:00, 2010-08-26 11:02:00, B2.6      , "(0, 0)"     ,              11101,                               ,                    ,                    ,                     ,                      ,                               ,       , 
     770, 2010-08-26, 2010-08-26 17:31:00, 2010-08-26 17:34:00, 2010-08-26 17:36:00, B1.5      , "(0, 0)"     ,              11100,                               ,                    ,                    ,                     ,                      ,                               ,       , 
     771, 2010-08-26, 2010-08-26 23:50:00, 2010-08-26 23:54:00, 2010-08-26 23:59:00, B1.7      , "(0, 0)"     ,                  0,                               ,                    ,                    ,                     ,                      ,                               ,       , 
     772, 2010-08-27, 2010-08-27 00:26:00, 2010-08-27 00:33:00, 2010-08-27 00:39:00, B2.2      , "(0, 0)"     ,                  0,                               ,                    ,                    ,                     ,                      ,                               ,       , 
     773, 2010-08-27, 2010-08-27 00:56:00, 2010-08-27 01:00:00, 2010-08-27 01:07:00, B1.6      , "(0, 0)"     ,              11100,                               ,                    ,                    ,                     ,                      ,                               ,       , 
     774, 2010-08-27, 2010-08-27 03:18:00, 2010-08-27 03:33:00, 2010-08-27 03:43:00, B2.3      , "(0, 0)"     ,                  0,                               ,                    ,                    ,                     ,                      ,                               ,       , 
     775, 2010-08-27, 2010-08-27 04:36:00, 2010-08-27 04:39:00, 2010-08-27 04:46:00, B4.7      , "(0, 0)"     ,              11100,                               ,                    ,                    ,                     ,                      ,                               ,       , 
     776, 2010-08-27, 2010-08-27 05:10:00, 2010-08-27 05:14:00, 2010-08-27 05:18:00, B2.2      , "(0, 0)"     ,                  0,                               ,                    ,                    ,                     ,                      ,                               ,       , 
     777, 2010-08-27, 2010-08-27 16:36:00, 2010-08-27 16:40:00, 2010-08-27 16:44:00, B1.9      , "(0, 0)"     ,                  0,                               ,                    ,                    ,                     ,                      ,                               ,       , 
     778, 2010-08-27, 2010-08-27 19:55:00, 2010-08-27 19:58:00, 2010-08-27 20:04:00, B1.3      , "(0, 0)"     ,                  0,                               ,                    ,                    ,                     ,                      ,                               ,       , 
     779, 2010-08-27, 2010-08-27 22:17:00, 2010-08-27 22:21:00, 2010-08-27 22:26:00, B1.1      , "(0, 0)"     ,                  0,                               ,                    ,                    ,                     ,                      ,                               ,       , 
     780, 2010-08-27, 2010-08-27 22:55:00, 2010-08-27 22:59:00, 2010-08-27 23:01:00, B1.1      , "(0, 0)"     ,                  0,                               ,                    ,                    ,                     ,                      ,                               ,       , 
     781, 2010-08-28, 2010-08-28 00:44:00, 2010-08-28 00:50:00, 2010-08-28 00:56:00, B1.0      , "(0, 0)"     ,              11101,                               ,                    ,                    ,                     ,                      ,                               ,       , 
     782, 2010-08-30, 2010-08-30 15:15:00, 2010-08-30 15:22:00, 2010-08-30 15:30:00, B1.4      , "(0, 0)"     ,              11102,                               ,                    ,                    ,                     ,                      ,                               ,       , 
     783, 2010-08-30, 2010-08-30 15:15:00, 2010-08-30 15:22:00, 2010-08-30 15:30:00, B1.4      , "(0, 0)"     ,               1102, "(-30.89983261935159, 28.0)"  , -432.4138782788068 , 354.07597911748866 , 0.4694715627858908  , -0.4534277990498548  , "(-30.89983261935159, 28.0)"  , 28.0  , -30.89983261935159
     784, 2010-08-31, 2010-08-31 21:50:00, 2010-08-31 21:53:00, 2010-08-31 21:56:00, B1.4      , "(0, 0)"     ,              11102,                               ,                    ,                    ,                     ,                      ,                               ,       , 
     785, 2010-08-31, 2010-08-31 22:43:00, 2010-08-31 22:47:00, 2010-08-31 22:49:00, B1.8      , "(0, 0)"     ,              11102,                               ,                    ,                    ,                     ,                      ,                               ,       , 
     786, 2010-09-03, 2010-09-03 14:38:00, 2010-09-03 15:18:00, 2010-09-03 15:51:00, B2.8      , "(0, 0)"     ,              11105,                               ,                    ,                    ,                     ,                      ,                               ,       , 
     787, 2010-09-03, 2010-09-03 22:03:00, 2010-09-03 22:06:00, 2010-09-03 22:09:00, B1.2      , "(0, 0)"     ,              11105,                               ,                    ,                    ,                     ,                      ,                               ,       , 
     788, 2010-09-04, 2010-09-04 01:22:00, 2010-09-04 01:25:00, 2010-09-04 01:31:00, B1.0      , "(0, 0)"     ,                  0,                               ,                    ,                    ,                     ,                      ,                               ,       , 
     789, 2010-09-04, 2010-09-04 03:17:00, 2010-09-04 04:07:00, 2010-09-04 04:52:00, B2.5      , "(0, 0)"     ,              11105,                               ,                    ,                    ,                     ,                      ,                               ,       , 
     790, 2010-09-04, 2010-09-04 07:00:00, 2010-09-04 07:03:00, 2010-09-04 07:06:00, B6.0      , "(0, 0)"     ,              11103,                               ,                    ,                    ,                     ,                      ,                               ,       , 
     791, 2010-09-04, 2010-09-04 07:19:00, 2010-09-04 07:24:00, 2010-09-04 07:30:00, B1.6      , "(0, 0)"     ,                  0,                               ,                    ,                    ,                     ,                      ,                               ,       , 
     792, 2010-09-04, 2010-09-04 07:51:00, 2010-09-04 07:55:00, 2010-09-04 07:59:00, B1.8      , "(0, 0)"     ,                  0,                               ,                    ,                    ,                     ,                      ,                               ,       , 
     793, 2010-09-04, 2010-09-04 14:31:00, 2010-09-04 14:35:00, 2010-09-04 14:38:00, B2.5      , "(0, 0)"     ,              11101,                               ,                    ,                    ,                     ,                      ,                               ,       , 
     794, 2010-09-04, 2010-09-04 15:55:00, 2010-09-04 16:00:00, 2010-09-04 16:02:00, B4.3      , "(0, 0)"     ,              11101,                               ,                    ,                    ,                     ,                      ,                               ,       , 
     795, 2010-09-04, 2010-09-04 17:14:00, 2010-09-04 17:27:00, 2010-09-04 17:38:00, B2.5      , "(34, 18)"   ,              11105, "(34, 18)"                    , 507.7999088264183  , 197.8879226141055  , 0.3090169943749474  , 0.5318240547118607   ,                               , 18.0  , 34.0
     796, 2010-09-04, 2010-09-04 22:04:00, 2010-09-04 22:08:00, 2010-09-04 22:11:00, B3.1      , "(38, 18)"   ,              11105, "(38, 18)"                    , 559.005317828251   , 202.53245666606497 , 0.3090169943749474  , 0.5855288579403553   ,                               , 18.0  , 38.0
     797, 2010-09-04, 2010-09-04 23:26:00, 2010-09-04 23:29:00, 2010-09-04 23:31:00, B2.1      , "(0, 0)"     ,                  0,                               ,                    ,                    ,                     ,                      ,                               ,       , 
     798, 2010-09-05, 2010-09-05 01:19:00, 2010-09-05 01:23:00, 2010-09-05 01:27:00, B3.4      , "(40, 19)"   ,              11105, "(40, 19)"                    , 580.1941398751187  , 221.20127521531583 , 0.3255681544571567  , 0.6077676251237062   ,                               , 19.0  , 40.0
     799, 2010-09-05, 2010-09-05 02:11:00, 2010-09-05 02:16:00, 2010-09-05 02:21:00, B3.7      , "(38, 18)"   ,              11105, "(38, 18)"                    , 559.0283936086013  , 202.52362324744868 , 0.3090169943749474  , 0.5855288579403553   ,                               , 18.0  , 38.0
     800, 2010-09-05, 2010-09-05 02:56:00, 2010-09-05 03:00:00, 2010-09-05 03:06:00, B3.5      , "(0, 0)"     ,              11101,                               ,                    ,                    ,                     ,                      ,                               ,       , 
     801, 2010-09-05, 2010-09-05 07:00:00, 2010-09-05 07:15:00, 2010-09-05 07:22:00, B2.5      , "(43, 17)"   ,              11105, "(43, 17)"                    , 622.5610921797906  , 192.72388878425613 , 0.29237170472273677 , 0.652198275286758    ,                               , 17.0  , 43.0
     802, 2010-09-05, 2010-09-05 12:16:00, 2010-09-05 12:23:00, 2010-09-05 12:40:00, B3.3      , "(0, 0)"     ,                  0,                               ,                    ,                    ,                     ,                      ,                               ,       , 
     803, 2010-09-05, 2010-09-05 14:48:00, 2010-09-05 14:58:00, 2010-09-05 15:08:00, B5.6      , "(0, 0)"     ,              11105,                               ,                    ,                    ,                     ,                      ,                               ,       , 
     804, 2010-09-05, 2010-09-05 21:43:00, 2010-09-05 21:48:00, 2010-09-05 21:52:00, B2.4      , "(0, 0)"     ,                  0,                               ,                    ,                    ,                     ,                      ,                               ,       , 
     805, 2010-09-05, 2010-09-05 22:26:00, 2010-09-05 22:32:00, 2010-09-05 22:37:00, B1.8      , "(0, 0)"     ,                  0,                               ,                    ,                    ,                     ,                      ,                               ,       , 
     806, 2010-09-06, 2010-09-06 00:26:00, 2010-09-06 00:34:00, 2010-09-06 00:42:00, B2.1      , "(0, 0)"     ,                  0,                               ,                    ,                    ,                     ,                      ,                               ,       , 
     807, 2010-09-06, 2010-09-06 02:49:00, 2010-09-06 02:52:00, 2010-09-06 02:57:00, B1.5      , "(0, 0)"     ,                  0,                               ,                    ,                    ,                     ,                      ,                               ,       , 
     808, 2010-09-06, 2010-09-06 05:10:00, 2010-09-06 05:15:00, 2010-09-06 05:19:00, B2.5      , "(0, 0)"     ,                  0,                               ,                    ,                    ,                     ,                      ,                               ,       , 
     809, 2010-09-06, 2010-09-06 06:32:00, 2010-09-06 09:22:00, 2010-09-06 09:34:00, B5.0      , "(0, 0)"     ,                  0,                               ,                    ,                    ,                     ,                      ,                               ,       , 
     810, 2010-09-06, 2010-09-06 09:09:00, 2010-09-06 09:22:00, 2010-09-06 09:30:00, B5.3      , "(0, 0)"     ,                  0,                               ,                    ,                    ,                     ,                      ,                               ,       , 
     811, 2010-09-06, 2010-09-06 14:54:00, 2010-09-06 14:59:00, 2010-09-06 15:01:00, C2.5      , "(59, 19)"   ,              11105, "(59, 19)"                    , 773.1488538091945  , 249.4883201166465  , 0.3255681544571567  , 0.8104676052101726   ,                               , 19.0  , 59.0
     812, 2010-09-06, 2010-09-06 16:05:00, 2010-09-06 16:27:00, 2010-09-06 16:41:00, B3.5      , "(0, 0)"     ,              11105,                               ,                    ,                    ,                     ,                      ,                               ,       , 
     813, 2010-09-07, 2010-09-07 04:27:00, 2010-09-07 04:35:00, 2010-09-07 04:42:00, B1.3      , "(0, 0)"     ,                  0,                               ,                    ,                    ,                     ,                      ,                               ,       , 
     814, 2010-09-07, 2010-09-07 05:20:00, 2010-09-07 05:28:00, 2010-09-07 05:49:00, B4.4      , "(0, 0)"     ,                  0,                               ,                    ,                    ,                     ,                      ,                               ,       , 
     815, 2010-09-07, 2010-09-07 08:52:00, 2010-09-07 08:57:00, 2010-09-07 09:00:00, B2.1      , "(11, 18)"   ,                  0, "(11, 18)"                    , 173.50094926315782 , 180.43801094656132 , 0.3090169943749474  , 0.18147013842059476  ,                               , 18.0  , 11.0
     816, 2010-09-08, 2010-09-08 00:36:00, 2010-09-08 00:48:00, 2010-09-08 00:57:00, B2.3      , "(0, 0)"     ,              11105,                               ,                    ,                    ,                     ,                      ,                               ,       , 
     817, 2010-09-08, 2010-09-08 23:05:00, 2010-09-08 23:33:00, 2010-09-09 00:10:00, C3.3      , "(0, 0)"     ,              11105,                               ,                    ,                    ,                     ,                      ,                               ,       , 
     818, 2010-09-10, 2010-09-10 00:36:00, 2010-09-10 00:52:00, 2010-09-10 00:56:00, B2.3      , "(0, 0)"     ,              11105,                               ,                    ,                    ,                     ,                      ,                               ,       , 
     819, 2010-09-10, 2010-09-10 02:52:00, 2010-09-10 03:02:00, 2010-09-10 03:18:00, B3.2      , "(0, 0)"     ,                  0,                               ,                    ,                    ,                     ,                      ,                               ,       , 
     820, 2010-09-10, 2010-09-10 05:32:00, 2010-09-10 05:36:00, 2010-09-10 05:43:00, B2.0      , "(0, 0)"     ,                  0,                               ,                    ,                    ,                     ,                      ,                               ,       , 
     821, 2010-09-10, 2010-09-10 06:11:00, 2010-09-10 06:17:00, 2010-09-10 06:19:00, B2.1      , "(0, 0)"     ,                  0,                               ,                    ,                    ,                     ,                      ,                               ,       , 
     822, 2010-09-10, 2010-09-10 07:15:00, 2010-09-10 07:23:00, 2010-09-10 07:27:00, B4.2      , "(0, 0)"     ,              11105,                               ,                    ,                    ,                     ,                      ,                               ,       , 
     823, 2010-09-10, 2010-09-10 15:19:00, 2010-09-10 15:23:00, 2010-09-10 15:35:00, B2.4      , "(0, 0)"     ,              11106,                               ,                    ,                    ,                     ,                      ,                               ,       , 
     824, 2010-09-10, 2010-09-10 16:15:00, 2010-09-10 16:19:00, 2010-09-10 16:22:00, B2.9      , "(0, 0)"     ,              11106,                               ,                    ,                    ,                     ,                      ,                               ,       , 
     825, 2010-09-10, 2010-09-10 21:15:00, 2010-09-10 21:18:00, 2010-09-10 21:21:00, B4.2      , "(0, 0)"     ,              11106,                               ,                    ,                    ,                     ,                      ,                               ,       , 
     826, 2010-09-10, 2010-09-10 23:09:00, 2010-09-10 23:25:00, 2010-09-10 23:46:00, B5.5      , "(0, 0)"     ,              11106,                               ,                    ,                    ,                     ,                      ,                               ,       , 
     827, 2010-09-11, 2010-09-11 01:11:00, 2010-09-11 01:15:00, 2010-09-11 01:17:00, B3.1      , "(0, 0)"     ,              11106,                               ,                    ,                    ,                     ,                      ,                               ,       , 
     828, 2010-09-11, 2010-09-11 03:20:00, 2010-09-11 03:28:00, 2010-09-11 03:37:00, B4.3      , "(0, 0)"     ,              11106,                               ,                    ,                    ,                     ,                      ,                               ,       , 
     829, 2010-09-11, 2010-09-11 08:10:00, 2010-09-11 08:14:00, 2010-09-11 08:18:00, B5.0      , "(0, 0)"     ,              11106,                               ,                    ,                    ,                     ,                      ,                               ,       , 
     830, 2010-09-11, 2010-09-11 10:30:00, 2010-09-11 10:33:00, 2010-09-11 10:39:00, B2.1      , "(0, 0)"     ,              11106,                               ,                    ,                    ,                     ,                      ,                               ,       , 
     831, 2010-09-11, 2010-09-11 18:01:00, 2010-09-11 18:05:00, 2010-09-11 18:10:00, B3.6      , "(0, 0)"     ,              11106,                               ,                    ,                    ,                     ,                      ,                               ,       , 
     832, 2010-09-12, 2010-09-12 16:20:00, 2010-09-12 16:29:00, 2010-09-12 16:33:00, B1.7      , "(0, 0)"     ,                  0,                               ,                    ,                    ,                     ,                      ,                               ,       , 
     833, 2010-09-12, 2010-09-12 21:10:00, 2010-09-12 21:14:00, 2010-09-12 21:18:00, B1.9      , "(0, 0)"     ,              11106,                               ,                    ,                    ,                     ,                      ,                               ,       , 
     834, 2010-09-13, 2010-09-13 04:29:00, 2010-09-13 04:36:00, 2010-09-13 04:39:00, B2.1      , "(0, 0)"     ,              11106,                               ,                    ,                    ,                     ,                      ,                               ,       , 
     835, 2010-09-15, 2010-09-15 04:43:00, 2010-09-15 05:08:00, 2010-09-15 05:25:00, B5.0      , "(0, 0)"     ,              11106,                               ,                    ,                    ,                     ,                      ,                               ,       , 
     836, 2010-09-15, 2010-09-15 07:21:00, 2010-09-15 07:24:00, 2010-09-15 07:27:00, B2.8      , "(-35, 30)"  ,              11107, "(-35, 30)"                   , -475.4734226341825 , 389.6476541873528  , 0.49999999999999994 , -0.49673176489215404 ,                               , 30.0  , -35.0
     837, 2010-09-15, 2010-09-15 08:32:00, 2010-09-15 08:42:00, 2010-09-15 08:52:00, B2.8      , "(0, 0)"     ,              11106,                               ,                    ,                    ,                     ,                      ,                               ,       , 
     838, 2010-09-15, 2010-09-15 17:08:00, 2010-09-15 17:15:00, 2010-09-15 17:21:00, B9.1      , "(0, 0)"     ,              11108,                               ,                    ,                    ,                     ,                      ,                               ,       , 
     839, 2010-09-15, 2010-09-15 21:56:00, 2010-09-15 22:01:00, 2010-09-15 22:08:00, B3.4      , "(0, 0)"     ,              11106,                               ,                    ,                    ,                     ,                      ,                               ,       , 
     840, 2010-09-15, 2010-09-15 22:20:00, 2010-09-15 22:25:00, 2010-09-15 22:31:00, B5.3      , "(0, 0)"     ,              11106,                               ,                    ,                    ,                     ,                      ,                               ,       , 
     841, 2010-09-16, 2010-09-16 06:21:00, 2010-09-16 11:09:00, 2010-09-16 11:36:00, B4.5      , "(0, 0)"     ,                  0,                               ,                    ,                    ,                     ,                      ,                               ,       , 
     842, 2010-09-16, 2010-09-16 09:09:00, 2010-09-16 09:12:00, 2010-09-16 09:14:00, B3.1      , "(0, 0)"     ,                  0,                               ,                    ,                    ,                     ,                      ,                               ,       , 
     843, 2010-09-16, 2010-09-16 11:04:00, 2010-09-16 11:09:00, 2010-09-16 11:21:00, B4.6      , "(0, 0)"     ,              11106,                               ,                    ,                    ,                     ,                      ,                               ,       , 
     844, 2010-09-16, 2010-09-16 13:52:00, 2010-09-16 14:00:00, 2010-09-16 14:04:00, B3.6      , "(0, 0)"     ,              11108,                               ,                    ,                    ,                     ,                      ,                               ,       , 
     845, 2010-09-16, 2010-09-16 18:58:00, 2010-09-16 19:03:00, 2010-09-16 19:06:00, B3.7      , "(0, 0)"     ,              11108,                               ,                    ,                    ,                     ,                      ,                               ,       , 
     846, 2010-09-16, 2010-09-16 22:29:00, 2010-09-16 22:34:00, 2010-09-16 22:40:00, B4.6      , "(0, 0)"     ,              11106,                               ,                    ,                    ,                     ,                      ,                               ,       , 
     847, 2010-09-17, 2010-09-17 00:14:00, 2010-09-17 00:17:00, 2010-09-17 00:19:00, B5.7      , "(0, 0)"     ,              11108,                               ,                    ,                    ,                     ,                      ,                               ,       , 
     848, 2010-09-17, 2010-09-17 01:17:00, 2010-09-17 01:22:00, 2010-09-17 01:25:00, C1.3      , "(-70, -31)" ,              11108, "(-70, -31)"                  , -769.4423256935552 , -523.1339731180558 , -0.5150380749100542 , -0.8054737872487507  ,                               , -31.0 , -70.0
     849, 2010-09-17, 2010-09-17 04:18:00, 2010-09-17 04:21:00, 2010-09-17 04:23:00, B2.5      , "(0, 0)"     ,              11106,                               ,                    ,                    ,                     ,                      ,                               ,       , 
     850, 2010-09-17, 2010-09-17 17:32:00, 2010-09-17 17:36:00, 2010-09-17 17:39:00, B2.7      , "(0, 0)"     ,              11106,                               ,                    ,                    ,                     ,                      ,                               ,       , 
     851, 2010-09-18, 2010-09-18 06:18:00, 2010-09-18 08:52:00, 2010-09-18 09:05:00, B4.2      , "(0, 0)"     ,              11106,                               ,                    ,                    ,                     ,                      ,                               ,       , 
     852, 2010-09-18, 2010-09-18 12:44:00, 2010-09-18 12:48:00, 2010-09-18 12:51:00, B2.3      , "(0, 0)"     ,              11108,                               ,                    ,                    ,                     ,                      ,                               ,       , 
     853, 2010-09-19, 2010-09-19 02:47:00, 2010-09-19 02:56:00, 2010-09-19 03:05:00, B2.4      , "(0, 0)"     ,              11106,                               ,                    ,                    ,                     ,                      ,                               ,       , 
     854, 2010-09-19, 2010-09-19 06:38:00, 2010-09-19 07:16:00, 2010-09-19 08:04:00, B3.6      , "(0, 0)"     ,              11108,                               ,                    ,                    ,                     ,                      ,                               ,       , 
     855, 2010-09-20, 2010-09-20 18:11:00, 2010-09-20 18:14:00, 2010-09-20 18:16:00, B3.7      , "(0, 0)"     ,              11109,                               ,                    ,                    ,                     ,                      ,                               ,       , 
     856, 2010-09-20, 2010-09-20 19:34:00, 2010-09-20 19:45:00, 2010-09-20 19:49:00, C2.1      , "(0, 0)"     ,              11109,                               ,                    ,                    ,                     ,                      ,                               ,       , 
     857, 2010-09-20, 2010-09-20 20:59:00, 2010-09-20 21:03:00, 2010-09-20 21:05:00, C1.2      , "(0, 0)"     ,              11109,                               ,                    ,                    ,                     ,                      ,                               ,       , 
     858, 2010-09-20, 2010-09-20 22:19:00, 2010-09-20 22:25:00, 2010-09-20 22:27:00, C1.0      , "(0, 0)"     ,              11109,                               ,                    ,                    ,                     ,                      ,                               ,       , 
     859, 2010-09-20, 2010-09-20 23:38:00, 2010-09-20 23:43:00, 2010-09-20 23:45:00, B8.2      , "(0, 0)"     ,              11109,                               ,                    ,                    ,                     ,                      ,                               ,       , 
     860, 2010-09-21, 2010-09-21 05:57:00, 2010-09-21 06:08:00, 2010-09-21 07:00:00, B9.0      , "(0, 0)"     ,              11109,                               ,                    ,                    ,                     ,                      ,                               ,       , 
     861, 2010-09-21, 2010-09-21 07:38:00, 2010-09-21 07:53:00, 2010-09-21 08:09:00, C1.4      , "(0, 0)"     ,              11109,                               ,                    ,                    ,                     ,                      ,                               ,       , 
     862, 2010-09-21, 2010-09-21 17:55:00, 2010-09-21 18:01:00, 2010-09-21 18:10:00, B4.4      , "(0, 0)"     ,              11109,                               ,                    ,                    ,                     ,                      ,                               ,       , 
     863, 2010-09-22, 2010-09-22 03:50:00, 2010-09-22 03:53:00, 2010-09-22 03:57:00, B2.7      , "(0, 0)"     ,              11109,                               ,                    ,                    ,                     ,                      ,                               ,       , 
     864, 2010-09-22, 2010-09-22 04:26:00, 2010-09-22 05:09:00, 2010-09-22 05:37:00, B8.5      , "(0, 0)"     ,              11109,                               ,                    ,                    ,                     ,                      ,                               ,       , 
     865, 2010-09-22, 2010-09-22 14:34:00, 2010-09-22 14:42:00, 2010-09-22 14:56:00, B2.7      , "(0, 0)"     ,              11106,                               ,                    ,                    ,                     ,                      ,                               ,       , 
     866, 2010-09-23, 2010-09-23 04:56:00, 2010-09-23 05:00:00, 2010-09-23 05:05:00, B2.6      , "(-66, 19)"  ,              11109, "(-66, 19)"                   , -827.2956568843219 , 264.3939903006632  , 0.3255681544571567  , -0.863774199855458   ,                               , 19.0  , -66.0
     867, 2010-09-24, 2010-09-24 01:20:00, 2010-09-24 01:25:00, 2010-09-24 01:31:00, B2.9      , "(0, 0)"     ,              11109,                               ,                    ,                    ,                     ,                      ,                               ,       , 
     868, 2010-09-24, 2010-09-24 09:52:00, 2010-09-24 09:55:00, 2010-09-24 09:58:00, B1.9      , "(0, 0)"     ,              11109,                               ,                    ,                    ,                     ,                      ,                               ,       , 
     869, 2010-09-24, 2010-09-24 09:53:00, 2010-09-24 09:55:00, 2010-09-24 09:58:00, B2.1      , "(0, 0)"     ,              11109,                               ,                    ,                    ,                     ,                      ,                               ,       , 
     870, 2010-09-25, 2010-09-25 01:38:00, 2010-09-25 02:23:00, 2010-09-25 02:43:00, B4.0      , "(0, 0)"     ,              11109,                               ,                    ,                    ,                     ,                      ,                               ,       , 
     871, 2010-09-25, 2010-09-25 09:38:00, 2010-09-25 09:51:00, 2010-09-25 10:04:00, B2.8      , "(0, 0)"     ,              11109,                               ,                    ,                    ,                     ,                      ,                               ,       , 
     872, 2010-09-25, 2010-09-25 17:02:00, 2010-09-25 17:16:00, 2010-09-25 17:33:00, B2.5      , "(0, 0)"     ,                  0,                               ,                    ,                    ,                     ,                      ,                               ,       , 
     873, 2010-09-26, 2010-09-26 02:45:00, 2010-09-26 02:49:00, 2010-09-26 02:51:00, B2.0      , "(0, 0)"     ,              11109,                               ,                    ,                    ,                     ,                      ,                               ,       , 
     874, 2010-09-26, 2010-09-26 03:43:00, 2010-09-26 03:47:00, 2010-09-26 03:50:00, B2.2      , "(0, 0)"     ,              11109,                               ,                    ,                    ,                     ,                      ,                               ,       , 
     875, 2010-09-26, 2010-09-26 04:44:00, 2010-09-26 04:49:00, 2010-09-26 04:54:00, B3.0      , "(0, 0)"     ,              11109,                               ,                    ,                    ,                     ,                      ,                               ,       , 
     876, 2010-09-26, 2010-09-26 05:38:00, 2010-09-26 05:42:00, 2010-09-26 05:45:00, B2.5      , "(0, 0)"     ,              11109,                               ,                    ,                    ,                     ,                      ,                               ,       , 
     877, 2010-09-26, 2010-09-26 06:31:00, 2010-09-26 06:36:00, 2010-09-26 06:40:00, B1.9      , "(0, 0)"     ,              11109,                               ,                    ,                    ,                     ,                      ,                               ,       , 
     878, 2010-09-26, 2010-09-26 07:00:00, 2010-09-26 07:04:00, 2010-09-26 07:12:00, B2.6      , "(0, 0)"     ,                  0,                               ,                    ,                    ,                     ,                      ,                               ,       , 
     879, 2010-09-26, 2010-09-26 09:18:00, 2010-09-26 09:26:00, 2010-09-26 09:33:00, B5.3      , "(-22, 21)"  ,              11109, "(-22, 21)"                   , -336.0059054461308 , 241.56268381026666 , 0.35836794954530027 , -0.349725383249891   ,                               , 21.0  , -22.0
     880, 2010-09-26, 2010-09-26 12:42:00, 2010-09-26 12:53:00, 2010-09-26 13:00:00, B7.3      , "(0, 0)"     ,              11109,                               ,                    ,                    ,                     ,                      ,                               ,       , 
     881, 2010-09-26, 2010-09-26 14:11:00, 2010-09-26 14:16:00, 2010-09-26 14:23:00, B3.3      , "(-3, 21)"   ,              11110, "(-3, 21)"                    , -46.96027389378287 , 234.04757219908834 , 0.35836794954530027 , -0.04885982435042639 ,                               , 21.0  , -3.0
     882, 2010-09-26, 2010-09-26 18:00:00, 2010-09-26 18:10:00, 2010-09-26 18:21:00, B2.8      , "(0, 0)"     ,              11109,                               ,                    ,                    ,                     ,                      ,                               ,       , 
     883, 2010-09-26, 2010-09-26 18:45:00, 2010-09-26 18:48:00, 2010-09-26 18:51:00, B2.2      , "(0, 0)"     ,              11109,                               ,                    ,                    ,                     ,                      ,                               ,       , 
     884, 2010-09-26, 2010-09-26 20:23:00, 2010-09-26 20:26:00, 2010-09-26 20:33:00, B1.9      , "(0, 0)"     ,              11109,                               ,                    ,                    ,                     ,                      ,                               ,       , 
     885, 2010-09-26, 2010-09-26 20:41:00, 2010-09-26 20:45:00, 2010-09-26 20:50:00, B2.5      , "(0, 0)"     ,              11109,                               ,                    ,                    ,                     ,                      ,                               ,       , 
     886, 2010-09-26, 2010-09-26 21:24:00, 2010-09-26 21:32:00, 2010-09-26 21:42:00, B3.3      , "(0, 0)"     ,              11109,                               ,                    ,                    ,                     ,                      ,                               ,       , 
     887, 2010-09-27, 2010-09-27 00:14:00, 2010-09-27 00:18:00, 2010-09-27 00:21:00, B3.3      , "(2, 21)"    ,              11110, "(2, 21)"                     , 31.31855481257354  , 234.25117930094177 , 0.35836794954530027 , 0.03258148701605854  ,                               , 21.0  , 2.0
     888, 2010-09-27, 2010-09-27 14:41:00, 2010-09-27 14:44:00, 2010-09-27 14:49:00, B1.6      , "(0, 0)"     ,              11109,                               ,                    ,                    ,                     ,                      ,                               ,       , 
     889, 2010-09-27, 2010-09-27 21:36:00, 2010-09-27 21:39:00, 2010-09-27 21:42:00, B1.9      , "(0, 0)"     ,                  0,                               ,                    ,                    ,                     ,                      ,                               ,       , 
     890, 2010-09-27, 2010-09-27 21:46:00, 2010-09-27 21:50:00, 2010-09-27 21:52:00, B3.9      , "(-3, 19)"   ,              11109, "(-3, 19)"                    , -47.579967165132985, 202.29007261596172 , 0.3255681544571567  , -0.049484618799456426,                               , 19.0  , -3.0
     891, 2010-09-27, 2010-09-27 21:52:00, 2010-09-27 21:58:00, 2010-09-27 22:02:00, B6.1      , "(-3, 19)"   ,              11109, "(-3, 19)"                    , -47.58002238208428 , 202.29304627360077 , 0.3255681544571567  , -0.049484618799456426,                               , 19.0  , -3.0
     892, 2010-09-28, 2010-09-28 02:37:00, 2010-09-28 02:41:00, 2010-09-28 02:43:00, B2.3      , "(0, 0)"     ,              11108,                               ,                    ,                    ,                     ,                      ,                               ,       , 
     893, 2010-09-28, 2010-09-28 02:44:00, 2010-09-28 02:47:00, 2010-09-28 02:49:00, B2.1      , "(0, 0)"     ,              11108,                               ,                    ,                    ,                     ,                      ,                               ,       , 
     894, 2010-09-28, 2010-09-28 06:39:00, 2010-09-28 06:42:00, 2010-09-28 06:45:00, B1.4      , "(0, 0)"     ,                  0,                               ,                    ,                    ,                     ,                      ,                               ,       , 
     895, 2010-09-28, 2010-09-28 09:38:00, 2010-09-28 09:48:00, 2010-09-28 09:57:00, C1.7      , "(0, 0)"     ,              11110,                               ,                    ,                    ,                     ,                      ,                               ,       , 
     896, 2010-09-28, 2010-09-28 14:13:00, 2010-09-28 14:22:00, 2010-09-28 14:30:00, B2.8      , "(0, 0)"     ,              11109,                               ,                    ,                    ,                     ,                      ,                               ,       , 
     897, 2010-09-28, 2010-09-28 14:43:00, 2010-09-28 15:05:00, 2010-09-28 15:11:00, B5.2      , "(0, 0)"     ,              11110,                               ,                    ,                    ,                     ,                      ,                               ,       , 
     898, 2010-09-28, 2010-09-28 18:38:00, 2010-09-28 18:46:00, 2010-09-28 18:52:00, B2.4      , "(0, 0)"     ,                  0,                               ,                    ,                    ,                     ,                      ,                               ,       , 
     899, 2010-09-28, 2010-09-28 21:07:00, 2010-09-28 21:12:00, 2010-09-28 21:18:00, B6.1      , "(30, 19)"   ,              11110, "(30, 19)"                    , 454.42156370517455 , 217.20172703082216 , 0.3255681544571567  , 0.47275928779965837  ,                               , 19.0  , 30.0
     900, 2010-09-28, 2010-09-28 22:05:00, 2010-09-28 22:11:00, 2010-09-28 22:15:00, C2.0      , "(31, 19)"   ,              11110, "(31, 19)"                    , 468.0758749716529  , 218.17626996422803 , 0.3255681544571567  , 0.48697806696836865  ,                               , 19.0  , 31.0
     901, 2010-09-28, 2010-09-28 22:36:00, 2010-09-28 22:42:00, 2010-09-28 22:50:00, B2.5      , "(0, 0)"     ,                  0,                               ,                    ,                    ,                     ,                      ,                               ,       , 
     902, 2010-09-29, 2010-09-29 00:08:00, 2010-09-29 00:12:00, 2010-09-29 00:19:00, B2.2      , "(0, 0)"     ,                  0,                               ,                    ,                    ,                     ,                      ,                               ,       , 
     903, 2010-09-29, 2010-09-29 01:21:00, 2010-09-29 01:26:00, 2010-09-29 01:29:00, B6.6      , "(30, 20)"   ,              11110, "(30, 20)"                    , 451.63732008108985 , 233.5940521957034  , 0.3420201433256687  , 0.46984631039295416  ,                               , 20.0  , 30.0
     904, 2010-09-29, 2010-09-29 07:03:00, 2010-09-29 07:11:00, 2010-09-29 07:13:00, B2.7      , "(0, 0)"     ,                  0,                               ,                    ,                    ,                     ,                      ,                               ,       , 
     905, 2010-09-29, 2010-09-29 09:34:00, 2010-09-29 09:37:00, 2010-09-29 09:41:00, B4.5      , "(0, 0)"     ,              11110,                               ,                    ,                    ,                     ,                      ,                               ,       , 
     906, 2010-09-29, 2010-09-29 13:11:00, 2010-09-29 13:15:00, 2010-09-29 13:18:00, B2.5      , "(0, 0)"     ,                  0,                               ,                    ,                    ,                     ,                      ,                               ,       , 
     907, 2010-09-30, 2010-09-30 04:59:00, 2010-09-30 05:03:00, 2010-09-30 05:07:00, B5.7      , "(25, 20)"   ,              11109, "(25, 20)"                    , 381.92979539491944 , 230.13620802733075 , 0.3420201433256687  , 0.39713126196710286  ,                               , 20.0  , 25.0
     908, 2010-09-30, 2010-09-30 05:47:00, 2010-09-30 05:58:00, 2010-09-30 06:12:00, B7.0      , "(0, 0)"     ,                  0,                               ,                    ,                    ,                     ,                      ,                               ,       , 
     909, 2010-09-30, 2010-09-30 08:10:00, 2010-09-30 08:16:00, 2010-09-30 08:22:00, B3.7      , "(0, 0)"     ,                  0,                               ,                    ,                    ,                     ,                      ,                               ,       , 
     910, 2010-09-30, 2010-09-30 09:44:00, 2010-09-30 09:59:00, 2010-09-30 10:24:00, B5.8      , "(29, 19)"   ,              11109, "(29, 19)"                    , 440.81968570926995 , 217.3343823979084  , 0.3255681544571567  , 0.45839650157216233  ,                               , 19.0  , 29.0
     911, 2010-09-30, 2010-09-30 17:05:00, 2010-09-30 17:10:00, 2010-09-30 17:18:00, B2.4      , "(0, 0)"     ,              11110,                               ,                    ,                    ,                     ,                      ,                               ,       , 
     912, 2010-09-30, 2010-09-30 23:16:00, 2010-09-30 23:20:00, 2010-09-30 23:23:00, B2.8      , "(0, 0)"     ,              11109,                               ,                    ,                    ,                     ,                      ,                               ,       , 
     913, 2010-10-01, 2010-10-01 04:52:00, 2010-10-01 04:56:00, 2010-10-01 04:58:00, B2.4      , "(0, 0)"     ,              11109,                               ,                    ,                    ,                     ,                      ,                               ,       , 
     914, 2010-10-01, 2010-10-01 07:43:00, 2010-10-01 07:59:00, 2010-10-01 08:02:00, B3.7      , "(0, 0)"     ,              11109,                               ,                    ,                    ,                     ,                      ,                               ,       , 
     915, 2010-10-01, 2010-10-01 07:55:00, 2010-10-01 07:59:00, 2010-10-01 08:01:00, B3.6      , "(41, 20)"   ,              11109, "(41, 20)"                    , 592.6889477256962  , 246.8355264794396  , 0.3420201433256687  , 0.616493828342348    ,                               , 20.0  , 41.0
     916, 2010-10-01, 2010-10-01 09:25:00, 2010-10-01 10:01:00, 2010-10-01 10:51:00, B5.3      , "(61, 18)"   ,              11110, "(61, 18)"                    , 798.7740562025896  , 242.95978950355655 , 0.3090169943749474  , 0.8318127717550812   ,                               , 18.0  , 61.0
     917, 2010-10-02, 2010-10-02 08:39:00, 2010-10-02 08:51:00, 2010-10-02 09:00:00, B5.0      , "(0, 0)"     ,              11109,                               ,                    ,                    ,                     ,                      ,                               ,       , 
     918, 2010-10-02, 2010-10-02 23:31:00, 2010-10-02 23:37:00, 2010-10-02 23:43:00, B1.9      , "(0, 0)"     ,              11109,                               ,                    ,                    ,                     ,                      ,                               ,       , 
     919, 2010-10-03, 2010-10-03 04:09:00, 2010-10-03 04:38:00, 2010-10-03 05:03:00, B2.3      , "(0, 0)"     ,              11110,                               ,                    ,                    ,                     ,                      ,                               ,       , 
     920, 2010-10-03, 2010-10-03 19:20:00, 2010-10-03 19:23:00, 2010-10-03 19:25:00, B1.2      , "(0, 0)"     ,              11111,                               ,                    ,                    ,                     ,                      ,                               ,       , 
     921, 2010-10-03, 2010-10-03 21:43:00, 2010-10-03 21:46:00, 2010-10-03 21:49:00, B1.7      , "(0, 0)"     ,              11111,                               ,                    ,                    ,                     ,                      ,                               ,       , 
     922, 2010-10-04, 2010-10-04 05:43:00, 2010-10-04 05:57:00, 2010-10-04 06:07:00, B1.8      , "(0, 0)"     ,              11111,                               ,                    ,                    ,                     ,                      ,                               ,       , 
     923, 2010-10-04, 2010-10-04 09:35:00, 2010-10-04 09:40:00, 2010-10-04 09:45:00, B3.8      , "(0, 0)"     ,              11109,                               ,                    ,                    ,                     ,                      ,                               ,       , 
     924, 2010-10-04, 2010-10-04 15:07:00, 2010-10-04 15:10:00, 2010-10-04 15:25:00, B1.2      , "(0, 0)"     ,              11111,                               ,                    ,                    ,                     ,                      ,                               ,       , 
     925, 2010-10-04, 2010-10-04 16:28:00, 2010-10-04 16:35:00, 2010-10-04 16:41:00, C2.3      , "(0, 0)"     ,              11109,                               ,                    ,                    ,                     ,                      ,                               ,       , 
     926, 2010-10-05, 2010-10-05 07:50:00, 2010-10-05 07:54:00, 2010-10-05 07:59:00, B1.4      , "(0, 0)"     ,              11111,                               ,                    ,                    ,                     ,                      ,                               ,       , 
     927, 2010-10-05, 2010-10-05 08:40:00, 2010-10-05 08:43:00, 2010-10-05 08:46:00, B5.0      , "(0, 0)"     ,              11109,                               ,                    ,                    ,                     ,                      ,                               ,       , 
     928, 2010-10-05, 2010-10-05 08:51:00, 2010-10-05 08:54:00, 2010-10-05 08:57:00, B2.2      , "(0, 0)"     ,              11111,                               ,                    ,                    ,                     ,                      ,                               ,       , 
     929, 2010-10-05, 2010-10-05 10:44:00, 2010-10-05 10:47:00, 2010-10-05 10:51:00, B1.1      , "(0, 0)"     ,              11109,                               ,                    ,                    ,                     ,                      ,                               ,       , 
     930, 2010-10-05, 2010-10-05 11:16:00, 2010-10-05 11:24:00, 2010-10-05 11:30:00, B2.3      , "(0, 0)"     ,              11109,                               ,                    ,                    ,                     ,                      ,                               ,       , 
     931, 2010-10-05, 2010-10-05 12:19:00, 2010-10-05 12:27:00, 2010-10-05 12:32:00, B2.5      , "(0, 0)"     ,              11109,                               ,                    ,                    ,                     ,                      ,                               ,       , 
     932, 2010-10-05, 2010-10-05 19:01:00, 2010-10-05 19:12:00, 2010-10-05 19:18:00, B1.0      , "(0, 0)"     ,                  0,                               ,                    ,                    ,                     ,                      ,                               ,       , 
     933, 2010-10-07, 2010-10-07 18:41:00, 2010-10-07 18:51:00, 2010-10-07 18:59:00, B1.2      , "(0, 0)"     ,                  0,                               ,                    ,                    ,                     ,                      ,                               ,       , 
     934, 2010-10-07, 2010-10-07 23:40:00, 2010-10-07 23:45:00, 2010-10-07 23:57:00, B1.5      , "(0, 0)"     ,                  0,                               ,                    ,                    ,                     ,                      ,                               ,       , 
     935, 2010-10-08, 2010-10-08 04:56:00, 2010-10-08 05:01:00, 2010-10-08 05:08:00, B1.6      , "(0, 0)"     ,                  0,                               ,                    ,                    ,                     ,                      ,                               ,       , 
     936, 2010-10-09, 2010-10-09 17:55:00, 2010-10-09 17:58:00, 2010-10-09 18:03:00, B3.2      , "(0, 0)"     ,                  0,                               ,                    ,                    ,                     ,                      ,                               ,       , 
     937, 2010-10-10, 2010-10-10 06:40:00, 2010-10-10 06:48:00, 2010-10-10 06:55:00, B2.3      , "(-61, -22)" ,              11112, "(-61, -22)"                  , -780.3760198687669 , -405.1969170019746 , -0.374606593415912  , -0.8109332713455797  ,                               , -22.0 , -61.0
     938, 2010-10-10, 2010-10-10 07:57:00, 2010-10-10 08:04:00, 2010-10-10 08:08:00, B1.2      , "(0, 0)"     ,                  0,                               ,                    ,                    ,                     ,                      ,                               ,       , 
     939, 2010-10-10, 2010-10-10 08:39:00, 2010-10-10 08:44:00, 2010-10-10 08:48:00, B1.8      , "(-59, -21)" ,              11112, "(-59, -21)"                  , -770.2174452391919 , -392.9553845965484 , -0.35836794954530027, -0.8002346141689332  ,                               , -21.0 , -59.0
     940, 2010-10-10, 2010-10-10 09:35:00, 2010-10-10 09:42:00, 2010-10-10 09:47:00, B5.5      , "(-57, -19)" ,              11112, "(-57, -19)"                  , -763.3758862230461 , -365.17285723404734, -0.3255681544571567 , -0.7929786008008274  ,                               , -19.0 , -57.0
     941, 2010-10-10, 2010-10-10 16:35:00, 2010-10-10 16:39:00, 2010-10-10 16:45:00, B1.2      , "(0, 0)"     ,                  0,                               ,                    ,                    ,                     ,                      ,                               ,       , 
     942, 2010-10-10, 2010-10-10 17:32:00, 2010-10-10 17:35:00, 2010-10-10 17:42:00, B1.1      , "(0, 0)"     ,                  0,                               ,                    ,                    ,                     ,                      ,                               ,       , 
     943, 2010-10-13, 2010-10-13 11:40:00, 2010-10-13 11:45:00, 2010-10-13 11:50:00, B2.0      , "(0, 0)"     ,              11113,                               ,                    ,                    ,                     ,                      ,                               ,       , 
     944, 2010-10-13, 2010-10-13 11:59:00, 2010-10-13 12:03:00, 2010-10-13 12:06:00, B1.3      , "(0, 0)"     ,              11113,                               ,                    ,                    ,                     ,                      ,                               ,       , 
     945, 2010-10-13, 2010-10-13 14:48:00, 2010-10-13 14:58:00, 2010-10-13 15:06:00, B2.1      , "(0, 0)"     ,              11113,                               ,                    ,                    ,                     ,                      ,                               ,       , 
     946, 2010-10-13, 2010-10-13 16:00:00, 2010-10-13 16:27:00, 2010-10-13 16:43:00, B4.0      , "(0, 0)"     ,              11113,                               ,                    ,                    ,                     ,                      ,                               ,       , 
     947, 2010-10-13, 2010-10-13 22:07:00, 2010-10-13 22:10:00, 2010-10-13 22:13:00, B1.1      , "(0, 0)"     ,              11113,                               ,                    ,                    ,                     ,                      ,                               ,       , 
     948, 2010-10-14, 2010-10-14 12:14:00, 2010-10-14 12:17:00, 2010-10-14 12:21:00, B3.9      , "(0, 0)"     ,              11112,                               ,                    ,                    ,                     ,                      ,                               ,       , 
     949, 2010-10-14, 2010-10-14 13:54:00, 2010-10-14 13:59:00, 2010-10-14 14:04:00, B3.4      , "(0, 0)"     ,              11112,                               ,                    ,                    ,                     ,                      ,                               ,       , 
     950, 2010-10-14, 2010-10-14 14:19:00, 2010-10-14 14:26:00, 2010-10-14 14:28:00, B3.9      , "(-6, -18)"  ,              11112, "(-6, -18)"                   , -96.01293386192992 , -391.04815425066954, -0.3090169943749474 , -0.09941247612902043 ,                               , -18.0 , -6.0
     951, 2010-10-14, 2010-10-14 16:58:00, 2010-10-14 17:03:00, 2010-10-14 17:08:00, B2.1      , "(0, 0)"     ,              11113,                               ,                    ,                    ,                     ,                      ,                               ,       , 
     952, 2010-10-15, 2010-10-15 07:48:00, 2010-10-15 07:52:00, 2010-10-15 07:55:00, B1.0      , "(0, 0)"     ,              11115,                               ,                    ,                    ,                     ,                      ,                               ,       , 
     953, 2010-10-15, 2010-10-15 08:13:00, 2010-10-15 08:17:00, 2010-10-15 08:21:00, B1.2      , "(0, 0)"     ,              11113,                               ,                    ,                    ,                     ,                      ,                               ,       , 
     954, 2010-10-15, 2010-10-15 13:03:00, 2010-10-15 13:07:00, 2010-10-15 13:13:00, B1.0      , "(0, 0)"     ,              11113,                               ,                    ,                    ,                     ,                      ,                               ,       , 
     955, 2010-10-15, 2010-10-15 22:54:00, 2010-10-15 22:57:00, 2010-10-15 23:06:00, B1.2      , "(0, 0)"     ,              11112,                               ,                    ,                    ,                     ,                      ,                               ,       , 
     956, 2010-10-16, 2010-10-16 01:41:00, 2010-10-16 01:46:00, 2010-10-16 01:55:00, B2.6      , "(0, 0)"     ,              11112,                               ,                    ,                    ,                     ,                      ,                               ,       , 
     957, 2010-10-16, 2010-10-16 16:53:00, 2010-10-16 17:03:00, 2010-10-16 17:06:00, B7.2      , "(0, 0)"     ,              11112,                               ,                    ,                    ,                     ,                      ,                               ,       , 
     958, 2010-10-16, 2010-10-16 19:07:00, 2010-10-16 19:12:00, 2010-10-16 19:15:00, M2.9      , "(26, -20)"  ,              11112, "(26, -20)"                   , 397.9103778120253  , -410.5081115192557 , -0.3420201433256687 , 0.41193413180315236  ,                               , -20.0 , 26.0
     959, 2010-10-17, 2010-10-17 00:08:00, 2010-10-17 00:11:00, 2010-10-17 00:13:00, B1.5      , "(0, 0)"     ,              11112,                               ,                    ,                    ,                     ,                      ,                               ,       , 
     960, 2010-10-17, 2010-10-17 00:26:00, 2010-10-17 00:34:00, 2010-10-17 00:38:00, B4.5      , "(0, 0)"     ,              11112,                               ,                    ,                    ,                     ,                      ,                               ,       , 
     961, 2010-10-17, 2010-10-17 08:26:00, 2010-10-17 08:30:00, 2010-10-17 08:33:00, B1.7      , "(0, 0)"     ,              11112,                               ,                    ,                    ,                     ,                      ,                               ,       , 
     962, 2010-10-17, 2010-10-17 08:52:00, 2010-10-17 08:59:00, 2010-10-17 09:08:00, C1.7      , "(0, 0)"     ,              11112,                               ,                    ,                    ,                     ,                      ,                               ,       , 
     963, 2010-10-17, 2010-10-17 10:26:00, 2010-10-17 10:58:00, 2010-10-17 11:05:00, B7.7      , "(0, 0)"     ,              11112,                               ,                    ,                    ,                     ,                      ,                               ,       , 
     964, 2010-10-17, 2010-10-17 13:23:00, 2010-10-17 13:28:00, 2010-10-17 13:35:00, B2.3      , "(0, 0)"     ,              11112,                               ,                    ,                    ,                     ,                      ,                               ,       , 
     965, 2010-10-17, 2010-10-17 17:30:00, 2010-10-17 17:39:00, 2010-10-17 17:44:00, C1.6      , "(42, -21)"  ,              11112, "(42, -21)"                   , 603.1555421035363  , -410.6383791855357 , -0.35836794954530027, 0.6246872368668341   ,                               , -21.0 , 42.0
     966, 2010-10-18, 2010-10-18 05:42:00, 2010-10-18 05:51:00, 2010-10-18 06:05:00, B4.4      , "(0, 0)"     ,              11112,                               ,                    ,                    ,                     ,                      ,                               ,       , 
     967, 2010-10-18, 2010-10-18 11:25:00, 2010-10-18 11:40:00, 2010-10-18 11:52:00, C1.2      , "(0, 0)"     ,              11112,                               ,                    ,                    ,                     ,                      ,                               ,       , 
     968, 2010-10-18, 2010-10-18 13:02:00, 2010-10-18 13:11:00, 2010-10-18 13:20:00, B4.5      , "(0, 0)"     ,              11112,                               ,                    ,                    ,                     ,                      ,                               ,       , 
     969, 2010-10-18, 2010-10-18 15:26:00, 2010-10-18 16:43:00, 2010-10-18 17:16:00, C2.5      , "(0, 0)"     ,              11112,                               ,                    ,                    ,                     ,                      ,                               ,       , 
     970, 2010-10-18, 2010-10-18 21:25:00, 2010-10-18 21:39:00, 2010-10-18 21:47:00, C1.2      , "(0, 0)"     ,                  0,                               ,                    ,                    ,                     ,                      ,                               ,       , 
     971, 2010-10-19, 2010-10-19 02:37:00, 2010-10-19 02:44:00, 2010-10-19 03:04:00, B7.3      , "(0, 0)"     ,              11112,                               ,                    ,                    ,                     ,                      ,                               ,       , 
     972, 2010-10-19, 2010-10-19 06:45:00, 2010-10-19 06:51:00, 2010-10-19 06:57:00, C1.3      , "(57, -20)"  ,              11112, "(57, -20)"                   , 760.6304872282687  , -376.3974494842755 , -0.3420201433256687 , 0.7880925439686418   ,                               , -20.0 , 57.0
     973, 2010-10-19, 2010-10-19 09:24:00, 2010-10-19 10:14:00, 2010-10-19 10:51:00, C1.1      , "(0, 0)"     ,              11112,                               ,                    ,                    ,                     ,                      ,                               ,       , 
     974, 2010-10-19, 2010-10-19 12:40:00, 2010-10-19 12:43:00, 2010-10-19 12:45:00, B2.6      , "(0, 0)"     ,              11115,                               ,                    ,                    ,                     ,                      ,                               ,       , 
     975, 2010-10-19, 2010-10-19 13:19:00, 2010-10-19 13:24:00, 2010-10-19 13:29:00, B5.1      , "(0, 0)"     ,              11113,                               ,                    ,                    ,                     ,                      ,                               ,       , 
     976, 2010-10-19, 2010-10-19 14:41:00, 2010-10-19 14:51:00, 2010-10-19 15:09:00, B5.8      , "(0, 0)"     ,              11112,                               ,                    ,                    ,                     ,                      ,                               ,       , 
     977, 2010-10-19, 2010-10-19 15:57:00, 2010-10-19 16:04:00, 2010-10-19 16:08:00, B3.2      , "(0, 0)"     ,              11112,                               ,                    ,                    ,                     ,                      ,                               ,       , 
     978, 2010-10-19, 2010-10-19 18:20:00, 2010-10-19 18:26:00, 2010-10-19 18:34:00, B2.2      , "(0, 0)"     ,              11112,                               ,                    ,                    ,                     ,                      ,                               ,       , 
     979, 2010-10-19, 2010-10-19 22:58:00, 2010-10-19 23:05:00, 2010-10-19 23:10:00, B2.9      , "(0, 0)"     ,              11112,                               ,                    ,                    ,                     ,                      ,                               ,       , 
     980, 2010-10-20, 2010-10-20 00:09:00, 2010-10-20 00:12:00, 2010-10-20 00:16:00, B1.6      , "(0, 0)"     ,              11112,                               ,                    ,                    ,                     ,                      ,                               ,       , 
     981, 2010-10-20, 2010-10-20 00:55:00, 2010-10-20 01:03:00, 2010-10-20 01:07:00, B3.3      , "(66, -19)"  ,              11112, "(66, -19)"                   , 833.3679132943017  , -348.20657283726763, -0.3255681544571567 , 0.863774199855458    ,                               , -19.0 , 66.0
     982, 2010-10-20, 2010-10-20 11:42:00, 2010-10-20 11:50:00, 2010-10-20 11:54:00, C1.5      , "(70, -18)"  ,              11112, "(70, -18)"                   , 862.1198084776751  , -326.60157680115054, -0.3090169943749474 , 0.8937007903129087   ,                               , -18.0 , 70.0
     983, 2010-10-20, 2010-10-20 17:09:00, 2010-10-20 17:38:00, 2010-10-20 17:47:00, B2.1      , "(0, 0)"     ,              11112,                               ,                    ,                    ,                     ,                      ,                               ,       , 
     984, 2010-10-20, 2010-10-20 21:12:00, 2010-10-20 21:15:00, 2010-10-20 21:17:00, B1.2      , "(0, 0)"     ,                  0,                               ,                    ,                    ,                     ,                      ,                               ,       , 
     985, 2010-10-21, 2010-10-21 05:23:00, 2010-10-21 05:27:00, 2010-10-21 05:31:00, B1.6      , "(0, 0)"     ,              11117,                               ,                    ,                    ,                     ,                      ,                               ,       , 
     986, 2010-10-21, 2010-10-21 08:34:00, 2010-10-21 08:52:00, 2010-10-21 08:57:00, B2.3      , "(0, 0)"     ,              11117,                               ,                    ,                    ,                     ,                      ,                               ,       , 
     987, 2010-10-21, 2010-10-21 08:46:00, 2010-10-21 08:52:00, 2010-10-21 08:57:00, B2.3      , "(0, 0)"     ,              11117,                               ,                    ,                    ,                     ,                      ,                               ,       , 
     988, 2010-10-21, 2010-10-21 17:28:00, 2010-10-21 17:40:00, 2010-10-21 17:48:00, B2.0      , "(0, 0)"     ,              11112,                               ,                    ,                    ,                     ,                      ,                               ,       , 
     989, 2010-10-21, 2010-10-21 19:00:00, 2010-10-21 19:11:00, 2010-10-21 19:29:00, B3.1      , "(0, 0)"     ,                  0,                               ,                    ,                    ,                     ,                      ,                               ,       , 
     990, 2010-10-21, 2010-10-21 20:35:00, 2010-10-21 20:40:00, 2010-10-21 20:44:00, B1.7      , "(0, 0)"     ,                  0,                               ,                    ,                    ,                     ,                      ,                               ,       , 
     991, 2010-10-21, 2010-10-21 23:08:00, 2010-10-21 23:17:00, 2010-10-21 23:40:00, B2.6      , "(0, 0)"     ,                  0,                               ,                    ,                    ,                     ,                      ,                               ,       , 
     992, 2010-10-22, 2010-10-22 07:54:00, 2010-10-22 07:59:00, 2010-10-22 08:07:00, B1.4      , "(0, 0)"     ,              11117,                               ,                    ,                    ,                     ,                      ,                               ,       , 
     993, 2010-10-22, 2010-10-22 13:30:00, 2010-10-22 13:33:00, 2010-10-22 13:35:00, B1.0      , "(0, 0)"     ,                  0,                               ,                    ,                    ,                     ,                      ,                               ,       , 
     994, 2010-10-22, 2010-10-22 21:23:00, 2010-10-22 21:31:00, 2010-10-22 21:36:00, B1.6      , "(0, 0)"     ,              11115,                               ,                    ,                    ,                     ,                      ,                               ,       , 
     995, 2010-10-22, 2010-10-22 22:41:00, 2010-10-22 22:49:00, 2010-10-22 22:55:00, B1.8      , "(0, 0)"     ,              11115,                               ,                    ,                    ,                     ,                      ,                               ,       , 
     996, 2010-10-23, 2010-10-23 00:20:00, 2010-10-23 00:23:00, 2010-10-23 00:27:00, B1.0      , "(0, 0)"     ,                  0,                               ,                    ,                    ,                     ,                      ,                               ,       , 
     997, 2010-10-23, 2010-10-23 13:14:00, 2010-10-23 13:18:00, 2010-10-23 13:21:00, B1.4      , "(0, 0)"     ,              11117,                               ,                    ,                    ,                     ,                      ,                               ,       , 
     998, 2010-10-23, 2010-10-23 17:29:00, 2010-10-23 17:38:00, 2010-10-23 17:44:00, B3.6      , "(32, -30)"  ,              11115, "(32, -30)"                   , 443.9232817553332  , -545.8587354254661 , -0.49999999999999994, 0.45892354478071395  ,                               , -30.0 , 32.0
     999, 2010-10-23, 2010-10-23 19:41:00, 2010-10-23 20:11:00, 2010-10-23 20:35:00, B4.7      , "(0, 0)"     ,              11117,                               ,                    ,                    ,                     ,                      ,                               ,       , 
    1000, 2010-10-24, 2010-10-24 09:22:00, 2010-10-24 09:26:00, 2010-10-24 09:35:00, B2.4      , "(0, 0)"     ,              11117,                               ,                    ,                    ,                     ,                      ,                               ,       , 
    1001, 2010-10-24, 2010-10-24 10:46:00, 2010-10-24 10:51:00, 2010-10-24 11:05:00, B2.5      , "(0, 0)"     ,              11117,                               ,                    ,                    ,                     ,                      ,                               ,       , 
    1002, 2010-10-24, 2010-10-24 11:44:00, 2010-10-24 12:02:00, 2010-10-24 12:10:00, B4.1      , "(0, 0)"     ,              11117,                               ,                    ,                    ,                     ,                      ,                               ,       , 
    1003, 2010-10-24, 2010-10-24 12:17:00, 2010-10-24 12:20:00, 2010-10-24 12:23:00, B4.0      , "(0, 0)"     ,              11117,                               ,                    ,                    ,                     ,                      ,                               ,       , 
    1004, 2010-10-24, 2010-10-24 12:54:00, 2010-10-24 13:05:00, 2010-10-24 13:25:00, B3.3      , "(0, 0)"     ,              11117,                               ,                    ,                    ,                     ,                      ,                               ,       , 
    1005, 2010-10-24, 2010-10-24 13:55:00, 2010-10-24 14:01:00, 2010-10-24 14:04:00, B3.8      , "(-18, 22)"  ,              11117, "(-18, 22)"                   , -277.5089928715024 , 285.35241790705953 , 0.374606593415912   , -0.286515567971207   ,                               , 22.0  , -18.0
    1006, 2010-10-24, 2010-10-24 14:27:00, 2010-10-24 14:30:00, 2010-10-24 14:33:00, B1.9      , "(0, 0)"     ,              11117,                               ,                    ,                    ,                     ,                      ,                               ,       , 
    1007, 2010-10-24, 2010-10-24 16:39:00, 2010-10-24 16:45:00, 2010-10-24 16:47:00, B1.4      , "(0, 0)"     ,                  0,                               ,                    ,                    ,                     ,                      ,                               ,       , 
    1008, 2010-10-24, 2010-10-24 17:25:00, 2010-10-24 17:29:00, 2010-10-24 17:32:00, B1.9      , "(0, 0)"     ,              11117,                               ,                    ,                    ,                     ,                      ,                               ,       , 
    1009, 2010-10-24, 2010-10-24 19:37:00, 2010-10-24 19:40:00, 2010-10-24 19:43:00, B1.4      , "(0, 0)"     ,              11117,                               ,                    ,                    ,                     ,                      ,                               ,       , 
    1010, 2010-10-24, 2010-10-24 21:40:00, 2010-10-24 21:46:00, 2010-10-24 21:53:00, B3.0      , "(0, 0)"     ,              11117,                               ,                    ,                    ,                     ,                      ,                               ,       , 
    1011, 2010-10-25, 2010-10-25 03:44:00, 2010-10-25 04:06:00, 2010-10-25 04:33:00, B1.7      , "(0, 0)"     ,              11117,                               ,                    ,                    ,                     ,                      ,                               ,       , 
    1012, 2010-10-25, 2010-10-25 05:55:00, 2010-10-25 05:58:00, 2010-10-25 06:00:00, B2.1      , "(-12, 19)"  ,              11117, "(-12, 19)"                   , -190.47365131182596, 235.38022280547594 , 0.3255681544571567  , -0.1965843657524534  ,                               , 19.0  , -12.0
    1013, 2010-10-25, 2010-10-25 08:06:00, 2010-10-25 08:17:00, 2010-10-25 08:23:00, B3.1      , "(-9, 19)"   ,              11117, "(-9, 19)"                    , -143.32352524553426, 234.76049088450466 , 0.3255681544571567  , -0.14791169255948022 ,                               , 19.0  , -9.0
    1014, 2010-10-25, 2010-10-25 11:52:00, 2010-10-25 12:17:00, 2010-10-25 12:35:00, B6.4      , "(0, 0)"     ,              11117,                               ,                    ,                    ,                     ,                      ,                               ,       , 
    1015, 2010-10-25, 2010-10-25 13:14:00, 2010-10-25 13:18:00, 2010-10-25 13:22:00, B2.7      , "(0, 0)"     ,              11117,                               ,                    ,                    ,                     ,                      ,                               ,       , 
    1016, 2010-10-25, 2010-10-25 13:33:00, 2010-10-25 13:36:00, 2010-10-25 13:39:00, B3.0      , "(0, 0)"     ,              11117,                               ,                    ,                    ,                     ,                      ,                               ,       , 
    1017, 2010-10-25, 2010-10-25 21:46:00, 2010-10-25 21:53:00, 2010-10-25 22:00:00, B6.9      , "(0, 0)"     ,              11117,                               ,                    ,                    ,                     ,                      ,                               ,       , 
    1018, 2010-10-25, 2010-10-25 22:06:00, 2010-10-25 22:12:00, 2010-10-25 22:18:00, C2.3      , "(0, 0)"     ,              11117,                               ,                    ,                    ,                     ,                      ,                               ,       , 
    1019, 2010-10-26, 2010-10-26 00:04:00, 2010-10-26 00:28:00, 2010-10-26 00:49:00, B8.4      , "(2, 19)"    ,              11117, "(2, 19)"                     , 31.98191012133212  , 234.8674054993802  , 0.3255681544571567  , 0.03299812241128177  ,                               , 19.0  , 2.0
    1020, 2010-10-26, 2010-10-26 01:06:00, 2010-10-26 01:13:00, 2010-10-26 01:19:00, C1.1      , "(0, 0)"     ,                  0,                               ,                    ,                    ,                     ,                      ,                               ,       , 
    1021, 2010-10-26, 2010-10-26 01:06:00, 2010-10-26 01:13:00, 2010-10-26 01:19:00, C1.1      , "(0, 0)"     ,                  0,                               ,                    ,                    ,                     ,                      ,                               ,       , 
    1022, 2010-10-26, 2010-10-26 02:14:00, 2010-10-26 02:17:00, 2010-10-26 02:19:00, B3.8      , "(0, 0)"     ,              11117,                               ,                    ,                    ,                     ,                      ,                               ,       , 
    1023, 2010-10-26, 2010-10-26 03:11:00, 2010-10-26 03:16:00, 2010-10-26 03:19:00, B6.3      , "(0, 0)"     ,              11115,                               ,                    ,                    ,                     ,                      ,                               ,       , 
    1024, 2010-10-26, 2010-10-26 04:25:00, 2010-10-26 04:29:00, 2010-10-26 04:32:00, B5.6      , "(0, 0)"     ,              11119,                               ,                    ,                    ,                     ,                      ,                               ,       , 
    1025, 2010-10-26, 2010-10-26 05:29:00, 2010-10-26 05:33:00, 2010-10-26 05:37:00, B6.0      , "(37, 23)"   ,              11119, "(37, 23)"                    , 536.4319830985127  , 315.41726904640456 , 0.39073112848927377 , 0.5539736496920532   ,                               , 23.0  , 37.0
    1026, 2010-10-26, 2010-10-26 06:34:00, 2010-10-26 06:38:00, 2010-10-26 06:44:00, B2.8      , "(0, 0)"     ,              11117,                               ,                    ,                    ,                     ,                      ,                               ,       , 
    1027, 2010-10-26, 2010-10-26 07:24:00, 2010-10-26 07:29:00, 2010-10-26 07:38:00, B4.8      , "(5, 19)"    ,              11117, "(5, 19)"                     , 79.87494285298442  , 235.5966362616731  , 0.3255681544571567  , 0.08240737373806624  ,                               , 19.0  , 5.0
    1028, 2010-10-26, 2010-10-26 08:09:00, 2010-10-26 08:14:00, 2010-10-26 08:16:00, C1.0      , "(38, 23)"   ,              11119, "(38, 23)"                    , 548.7651811654702  , 316.3614249487792  , 0.39073112848927377 , 0.5667193761209584   ,                               , 23.0  , 38.0
    1029, 2010-10-26, 2010-10-26 08:26:00, 2010-10-26 08:30:00, 2010-10-26 08:35:00, B3.3      , "(0, 0)"     ,              11117,                               ,                    ,                    ,                     ,                      ,                               ,       , 
    1030, 2010-10-26, 2010-10-26 11:29:00, 2010-10-26 11:32:00, 2010-10-26 11:34:00, B2.1      , "(0, 0)"     ,                  0,                               ,                    ,                    ,                     ,                      ,                               ,       , 
    1031, 2010-10-26, 2010-10-26 11:29:00, 2010-10-26 11:32:00, 2010-10-26 11:34:00, B2.1      , "(0, 0)"     ,                  0,                               ,                    ,                    ,                     ,                      ,                               ,       , 
    1032, 2010-10-26, 2010-10-26 14:48:00, 2010-10-26 14:53:00, 2010-10-26 14:56:00, B2.1      , "(0, 0)"     ,              11119,                               ,                    ,                    ,                     ,                      ,                               ,       , 
    1033, 2010-10-26, 2010-10-26 22:34:00, 2010-10-26 22:40:00, 2010-10-26 22:48:00, B1.6      , "(0, 0)"     ,               1119, "(-49.76806452047386, 22.0)"  , -685.1188103754539 , 311.82598045730526 , 0.374606593415912   , -0.7078456678928093  , "(-49.76806452047386, 22.0)"  , 22.0  , -49.76806452047386
    1034, 2010-10-26, 2010-10-26 22:34:00, 2010-10-26 22:40:00, 2010-10-26 22:48:00, B1.6      , "(0, 0)"     ,              11119,                               ,                    ,                    ,                     ,                      ,                               ,       , 
    1035, 2010-10-26, 2010-10-26 23:07:00, 2010-10-26 23:12:00, 2010-10-26 23:15:00, B2.2      , "(0, 0)"     ,              11117,                               ,                    ,                    ,                     ,                      ,                               ,       , 
    1036, 2010-10-27, 2010-10-27 05:47:00, 2010-10-27 05:50:00, 2010-10-27 05:57:00, B2.5      , "(0, 0)"     ,              11115,                               ,                    ,                    ,                     ,                      ,                               ,       , 
    1037, 2010-10-27, 2010-10-27 06:02:00, 2010-10-27 06:13:00, 2010-10-27 06:18:00, B7.0      , "(18, 20)"   ,              11117, "(18, 20)"                    , 281.4660385898765  , 256.8872876034294  , 0.3420201433256687  , 0.29038098931157863  ,                               , 20.0  , 18.0
    1038, 2010-10-27, 2010-10-27 09:20:00, 2010-10-27 09:26:00, 2010-10-27 09:32:00, B1.9      , "(0, 0)"     ,              11117,                               ,                    ,                    ,                     ,                      ,                               ,       , 
    1039, 2010-10-27, 2010-10-27 09:49:00, 2010-10-27 09:54:00, 2010-10-27 09:57:00, B2.9      , "(0, 0)"     ,              11117,                               ,                    ,                    ,                     ,                      ,                               ,       , 
    1040, 2010-10-27, 2010-10-27 11:00:00, 2010-10-27 11:07:00, 2010-10-27 11:11:00, B2.0      , "(0, 0)"     ,               1117, "(-8.583407642581202, 21.0)"  , -135.0851402077824 , 270.62413568952627 , 0.35836794954530027 , -0.13933594690755496 , "(-8.583407642581202, 21.0)"  , 21.0  , -8.583407642581202
    1041, 2010-10-27, 2010-10-27 11:00:00, 2010-10-27 11:07:00, 2010-10-27 11:11:00, B2.0      , "(0, 0)"     ,              11117,                               ,                    ,                    ,                     ,                      ,                               ,       , 
    1042, 2010-10-27, 2010-10-27 13:09:00, 2010-10-27 13:12:00, 2010-10-27 13:17:00, B1.5      , "(0, 0)"     ,              11117,                               ,                    ,                    ,                     ,                      ,                               ,       , 
    1043, 2010-10-27, 2010-10-27 13:55:00, 2010-10-27 14:07:00, 2010-10-27 14:51:00, B2.1      , "(0, 0)"     ,                  0,                               ,                    ,                    ,                     ,                      ,                               ,       , 
    1044, 2010-10-27, 2010-10-27 13:55:00, 2010-10-27 14:07:00, 2010-10-27 14:51:00, B2.1      , "(0, 0)"     ,                  0,                               ,                    ,                    ,                     ,                      ,                               ,       , 
    1045, 2010-10-27, 2010-10-27 16:59:00, 2010-10-27 17:04:00, 2010-10-27 17:08:00, C1.2      , "(25, 18)"   ,              11117, "(25, 18)"                    , 389.5777530698051  , 228.25358823395308 , 0.3090169943749474  , 0.40193385173382296  ,                               , 18.0  , 25.0
    1046, 2010-10-27, 2010-10-27 21:53:00, 2010-10-27 21:59:00, 2010-10-27 22:01:00, B1.8      , "(0, 0)"     ,              11117,                               ,                    ,                    ,                     ,                      ,                               ,       , 
    1047, 2010-10-28, 2010-10-28 10:12:00, 2010-10-28 10:15:00, 2010-10-28 10:19:00, B2.0      , "(0, 0)"     ,                  0,                               ,                    ,                    ,                     ,                      ,                               ,       , 
    1048, 2010-10-29, 2010-10-29 01:29:00, 2010-10-29 01:37:00, 2010-10-29 01:44:00, B3.2      , "(0, 0)"     ,              11117,                               ,                    ,                    ,                     ,                      ,                               ,       , 
    1049, 2010-10-29, 2010-10-29 04:31:00, 2010-10-29 04:34:00, 2010-10-29 04:37:00, B1.5      , "(0, 0)"     ,              11117,                               ,                    ,                    ,                     ,                      ,                               ,       , 
    1050, 2010-10-29, 2010-10-29 04:46:00, 2010-10-29 04:51:00, 2010-10-29 04:56:00, B1.9      , "(0, 0)"     ,              11117,                               ,                    ,                    ,                     ,                      ,                               ,       , 
    1051, 2010-10-29, 2010-10-29 05:32:00, 2010-10-29 05:38:00, 2010-10-29 05:44:00, B3.9      , "(0, 0)"     ,              11117,                               ,                    ,                    ,                     ,                      ,                               ,       , 
    1052, 2010-10-29, 2010-10-29 06:34:00, 2010-10-29 06:39:00, 2010-10-29 06:46:00, B1.8      , "(0, 0)"     ,              11117,                               ,                    ,                    ,                     ,                      ,                               ,       , 
    1053, 2010-10-29, 2010-10-29 11:38:00, 2010-10-29 11:43:00, 2010-10-29 11:48:00, B1.4      , "(0, 0)"     ,              11117,                               ,                    ,                    ,                     ,                      ,                               ,       , 
    1054, 2010-10-29, 2010-10-29 16:14:00, 2010-10-29 16:19:00, 2010-10-29 16:22:00, B1.8      , "(0, 0)"     ,              11117,                               ,                    ,                    ,                     ,                      ,                               ,       , 
    1055, 2010-10-29, 2010-10-29 17:28:00, 2010-10-29 17:32:00, 2010-10-29 17:36:00, B4.0      , "(0, 0)"     ,              11117,                               ,                    ,                    ,                     ,                      ,                               ,       , 
    1056, 2010-10-30, 2010-10-30 03:41:00, 2010-10-30 03:48:00, 2010-10-30 03:54:00, B3.1      , "(0, 0)"     ,              11117,                               ,                    ,                    ,                     ,                      ,                               ,       , 
    1057, 2010-10-30, 2010-10-30 04:13:00, 2010-10-30 04:16:00, 2010-10-30 04:18:00, B3.4      , "(0, 0)"     ,              11117,                               ,                    ,                    ,                     ,                      ,                               ,       , 
    1058, 2010-10-30, 2010-10-30 04:41:00, 2010-10-30 04:45:00, 2010-10-30 04:50:00, B1.7      , "(0, 0)"     ,                  0,                               ,                    ,                    ,                     ,                      ,                               ,       , 
    1059, 2010-10-30, 2010-10-30 05:34:00, 2010-10-30 05:39:00, 2010-10-30 05:42:00, B6.5      , "(0, 0)"     ,              11117,                               ,                    ,                    ,                     ,                      ,                               ,       , 
    1060, 2010-10-30, 2010-10-30 07:14:00, 2010-10-30 07:28:00, 2010-10-30 07:33:00, B2.1      , "(-70, 35)"  ,              11120, "(-70, 35)"                   , -744.6318306881003 , 531.4937674749979  , 0.573576436351046   , -0.7697511313200571  ,                               , 35.0  , -70.0
    1061, 2010-10-30, 2010-10-30 10:03:00, 2010-10-30 10:06:00, 2010-10-30 10:09:00, B1.7      , "(0, 0)"     ,                  0,                               ,                    ,                    ,                     ,                      ,                               ,       , 
    1062, 2010-10-30, 2010-10-30 13:30:00, 2010-10-30 13:33:00, 2010-10-30 13:39:00, B1.8      , "(0, 0)"     ,              11117,                               ,                    ,                    ,                     ,                      ,                               ,       , 
    1063, 2010-10-31, 2010-10-31 01:12:00, 2010-10-31 01:16:00, 2010-10-31 01:19:00, B5.1      , "(0, 0)"     ,              11117,                               ,                    ,                    ,                     ,                      ,                               ,       , 
    1064, 2010-10-31, 2010-10-31 03:13:00, 2010-10-31 03:18:00, 2010-10-31 03:21:00, C1.8      , "(67, 24)"   ,              11117, "(67, 24)"                    , 813.8942763615435  , 365.4172206415618  , 0.4067366430758002  , 0.8409230276094449   ,                               , 24.0  , 67.0
    1065, 2010-10-31, 2010-10-31 04:15:00, 2010-10-31 04:18:00, 2010-10-31 04:21:00, B2.8      , "(0, 0)"     ,              11117,                               ,                    ,                    ,                     ,                      ,                               ,       , 
    1066, 2010-10-31, 2010-10-31 04:26:00, 2010-10-31 04:31:00, 2010-10-31 04:36:00, C5.7      , "(0, 0)"     ,              11117,                               ,                    ,                    ,                     ,                      ,                               ,       , 
    1067, 2010-10-31, 2010-10-31 09:07:00, 2010-10-31 09:11:00, 2010-10-31 09:15:00, B1.9      , "(0, 0)"     ,              11117,                               ,                    ,                    ,                     ,                      ,                               ,       , 
    1068, 2010-10-31, 2010-10-31 18:04:00, 2010-10-31 18:08:00, 2010-10-31 18:13:00, B1.6      , "(0, 0)"     ,                  0,                               ,                    ,                    ,                     ,                      ,                               ,       , 
    1069, 2010-10-31, 2010-10-31 20:09:00, 2010-10-31 20:21:00, 2010-10-31 20:28:00, B1.6      , "(0, 0)"     ,                  0,                               ,                    ,                    ,                     ,                      ,                               ,       , 
    1070, 2010-10-31, 2010-10-31 21:12:00, 2010-10-31 21:16:00, 2010-10-31 21:19:00, B1.6      , "(0, 0)"     ,              11117,                               ,                    ,                    ,                     ,                      ,                               ,       , 
    1071, 2010-10-31, 2010-10-31 22:01:00, 2010-10-31 22:08:00, 2010-10-31 22:14:00, B4.6      , "(0, 0)"     ,              11117,                               ,                    ,                    ,                     ,                      ,                               ,       , 
    1072, 2010-10-31, 2010-10-31 22:32:00, 2010-10-31 22:36:00, 2010-10-31 22:39:00, B1.7      , "(0, 0)"     ,              11117,                               ,                    ,                    ,                     ,                      ,                               ,       , 
    1073, 2010-11-01, 2010-11-01 03:24:00, 2010-11-01 03:28:00, 2010-11-01 03:36:00, B1.5      , "(0, 0)"     ,                  0,                               ,                    ,                    ,                     ,                      ,                               ,       , 
    1074, 2010-11-01, 2010-11-01 04:36:00, 2010-11-01 04:43:00, 2010-11-01 04:50:00, C1.1      , "(0, 0)"     ,                  0,                               ,                    ,                    ,                     ,                      ,                               ,       , 
    1075, 2010-11-01, 2010-11-01 04:36:00, 2010-11-01 04:43:00, 2010-11-01 04:50:00, C1.1      , "(0, 0)"     ,              11117,                               ,                    ,                    ,                     ,                      ,                               ,       , 
    1076, 2010-11-01, 2010-11-01 09:30:00, 2010-11-01 09:34:00, 2010-11-01 09:36:00, B1.4      , "(0, 0)"     ,                  0,                               ,                    ,                    ,                     ,                      ,                               ,       , 
    1077, 2010-11-01, 2010-11-01 09:30:00, 2010-11-01 09:34:00, 2010-11-01 09:36:00, B1.4      , "(0, 0)"     ,                  0,                               ,                    ,                    ,                     ,                      ,                               ,       , 
    1078, 2010-11-01, 2010-11-01 15:54:00, 2010-11-01 15:57:00, 2010-11-01 15:59:00, B1.4      , "(0, 0)"     ,                  0,                               ,                    ,                    ,                     ,                      ,                               ,       , 
    1079, 2010-11-02, 2010-11-02 07:26:00, 2010-11-02 07:31:00, 2010-11-02 07:36:00, B1.9      , "(0, 0)"     ,              11117,                               ,                    ,                    ,                     ,                      ,                               ,       , 
    1080, 2010-11-02, 2010-11-02 10:00:00, 2010-11-02 10:05:00, 2010-11-02 10:08:00, B3.3      , "(0, 0)"     ,               1117, "(-90, 22.0)"                 , -896.3892453683075 , 361.16347551467265 , 0.374606593415912   , -0.9271838545667874  , "(-90, 22.0)"                 , 22.0  , -90.0
    1081, 2010-11-02, 2010-11-02 10:00:00, 2010-11-02 10:05:00, 2010-11-02 10:08:00, B3.3      , "(0, 0)"     ,              11117,                               ,                    ,                    ,                     ,                      ,                               ,       , 
    1082, 2010-11-03, 2010-11-03 00:47:00, 2010-11-03 02:09:00, 2010-11-03 02:29:00, B2.9      , "(0, 0)"     ,                  0,                               ,                    ,                    ,                     ,                      ,                               ,       , 
    1083, 2010-11-03, 2010-11-03 00:47:00, 2010-11-03 02:09:00, 2010-11-03 02:29:00, B2.9      , "(0, 0)"     ,                  0,                               ,                    ,                    ,                     ,                      ,                               ,       , 
    1084, 2010-11-03, 2010-11-03 05:54:00, 2010-11-03 06:11:00, 2010-11-03 06:26:00, C3.8      , "(0, 0)"     ,                  0,                               ,                    ,                    ,                     ,                      ,                               ,       , 
    1085, 2010-11-03, 2010-11-03 12:07:00, 2010-11-03 12:21:00, 2010-11-03 12:33:00, C4.9      , "(0, 0)"     ,                  0,                               ,                    ,                    ,                     ,                      ,                               ,       , 
    1086, 2010-11-03, 2010-11-03 12:43:00, 2010-11-03 13:08:00, 2010-11-03 13:51:00, C3.4      , "(0, 0)"     ,                  0,                               ,                    ,                    ,                     ,                      ,                               ,       , 
    1087, 2010-11-03, 2010-11-03 12:43:00, 2010-11-03 13:08:00, 2010-11-03 13:51:00, C3.4      , "(0, 0)"     ,              11121,                               ,                    ,                    ,                     ,                      ,                               ,       , 
    1088, 2010-11-03, 2010-11-03 20:41:00, 2010-11-03 21:33:00, 2010-11-03 22:21:00, B6.5      , "(0, 0)"     ,              11121,                               ,                    ,                    ,                     ,                      ,                               ,       , 
    1089, 2010-11-04, 2010-11-04 02:34:00, 2010-11-04 02:53:00, 2010-11-04 03:10:00, C1.0      , "(0, 0)"     ,              11121,                               ,                    ,                    ,                     ,                      ,                               ,       , 
    1090, 2010-11-04, 2010-11-04 15:55:00, 2010-11-04 16:03:00, 2010-11-04 16:09:00, B6.0      , "(0, 0)"     ,                  0,                               ,                    ,                    ,                     ,                      ,                               ,       , 
    1091, 2010-11-04, 2010-11-04 15:55:00, 2010-11-04 16:03:00, 2010-11-04 16:09:00, B6.0      , "(0, 0)"     ,                  0,                               ,                    ,                    ,                     ,                      ,                               ,       , 
    1092, 2010-11-04, 2010-11-04 15:56:00, 2010-11-04 16:03:00, 2010-11-04 16:09:00, B6.5      , "(0, 0)"     ,              11121,                               ,                    ,                    ,                     ,                      ,                               ,       , 
    1093, 2010-11-04, 2010-11-04 18:01:00, 2010-11-04 18:10:00, 2010-11-04 18:29:00, B2.5      , "(0, 0)"     ,              11121,                               ,                    ,                    ,                     ,                      ,                               ,       , 
    1094, 2010-11-04, 2010-11-04 19:09:00, 2010-11-04 19:12:00, 2010-11-04 19:20:00, B2.9      , "(0, 0)"     ,              11121,                               ,                    ,                    ,                     ,                      ,                               ,       , 
    1095, 2010-11-04, 2010-11-04 20:55:00, 2010-11-04 21:14:00, 2010-11-04 21:29:00, B5.5      , "(0, 0)"     ,              11120,                               ,                    ,                    ,                     ,                      ,                               ,       , 
    1096, 2010-11-04, 2010-11-04 21:58:00, 2010-11-04 22:10:00, 2010-11-04 22:15:00, B5.8      , "(0, 0)"     ,              11121,                               ,                    ,                    ,                     ,                      ,                               ,       , 
    1097, 2010-11-04, 2010-11-04 23:30:00, 2010-11-04 23:58:00, 2010-11-05 00:12:00, M1.6      , "(-76, -20)" ,               1121, "(-76, -20)"                  , -882.7903507032897 , -345.66187588955535, -0.3420201433256687 , -0.9117797339616576  , "(69.9807236377151, -20.0)"   , -20.0 , -76.0
    1098, 2010-11-04, 2010-11-04 23:30:00, 2010-11-04 23:58:00, 2010-11-05 00:12:00, M1.6      , "(-76, -20)" ,              11121, "(-76, -20)"                  , -882.7903507032897 , -345.66187588955535, -0.3420201433256687 , -0.9117797339616576  ,                               , -20.0 , -76.0
    1099, 2010-11-05, 2010-11-05 00:48:00, 2010-11-05 00:56:00, 2010-11-05 01:02:00, C9.7      , "(0, 0)"     ,              11121,                               ,                    ,                    ,                     ,                      ,                               ,       , 
    1100, 2010-11-05, 2010-11-05 03:15:00, 2010-11-05 03:21:00, 2010-11-05 03:29:00, B9.4      , "(0, 0)"     ,              11121,                               ,                    ,                    ,                     ,                      ,                               ,       , 
    1101, 2010-11-05, 2010-11-05 06:27:00, 2010-11-05 06:32:00, 2010-11-05 06:38:00, B4.4      , "(0, 0)"     ,                  0,                               ,                    ,                    ,                     ,                      ,                               ,       , 
    1102, 2010-11-05, 2010-11-05 06:27:00, 2010-11-05 06:32:00, 2010-11-05 06:38:00, B4.4      , "(0, 0)"     ,              11121,                               ,                    ,                    ,                     ,                      ,                               ,       , 
    1103, 2010-11-05, 2010-11-05 08:03:00, 2010-11-05 08:06:00, 2010-11-05 08:09:00, B2.9      , "(0, 0)"     ,              11121,                               ,                    ,                    ,                     ,                      ,                               ,       , 
    1104, 2010-11-05, 2010-11-05 08:51:00, 2010-11-05 08:54:00, 2010-11-05 08:56:00, B2.4      , "(0, 0)"     ,              11121,                               ,                    ,                    ,                     ,                      ,                               ,       , 
    1105, 2010-11-05, 2010-11-05 10:21:00, 2010-11-05 10:25:00, 2010-11-05 10:30:00, B3.1      , "(0, 0)"     ,              11121,                               ,                    ,                    ,                     ,                      ,                               ,       , 
    1106, 2010-11-05, 2010-11-05 11:09:00, 2010-11-05 11:12:00, 2010-11-05 11:16:00, B2.3      , "(0, 0)"     ,              11121,                               ,                    ,                    ,                     ,                      ,                               ,       , 
    1107, 2010-11-05, 2010-11-05 12:43:00, 2010-11-05 13:29:00, 2010-11-05 14:06:00, M1.0      , "(0, 0)"     ,              11121,                               ,                    ,                    ,                     ,                      ,                               ,       , 
    1108, 2010-11-05, 2010-11-05 18:37:00, 2010-11-05 18:42:00, 2010-11-05 18:48:00, B2.5      , "(0, 0)"     ,              11121,                               ,                    ,                    ,                     ,                      ,                               ,       , 
    1109, 2010-11-05, 2010-11-05 20:08:00, 2010-11-05 20:14:00, 2010-11-05 20:19:00, B6.2      , "(-65, -19)" ,              11121, "(-65, -19)"                  , -830.5410568364896 , -341.1508693391238 , -0.3255681544571567 , -0.8569308478534623  ,                               , -19.0 , -65.0
    1110, 2010-11-05, 2010-11-05 23:26:00, 2010-11-05 23:29:00, 2010-11-05 23:32:00, B8.4      , "(-62, -19)" ,              11121, "(-62, -19)"                  , -809.3302069040947 , -344.04992241029976, -0.3255681544571567 , -0.8348433503288181  ,                               , -19.0 , -62.0
    1111, 2010-11-05, 2010-11-05 23:26:00, 2010-11-05 23:29:00, 2010-11-05 23:32:00, B8.4      , "(-62, -19)" ,               1121, "(-62, -19)"                  , -809.3302069040947 , -344.04992241029976, -0.3255681544571567 , -0.8348433503288181  , "(57.70019909318274, -18.0)"  , -19.0 , -62.0
    1112, 2010-11-06, 2010-11-06 02:16:00, 2010-11-06 02:38:00, 2010-11-06 02:50:00, C2.0      , "(0, 0)"     ,              11121,                               ,                    ,                    ,                     ,                      ,                               ,       , 
    1113, 2010-11-06, 2010-11-06 04:12:00, 2010-11-06 04:21:00, 2010-11-06 04:31:00, B6.0      , "(0, 0)"     ,              11121,                               ,                    ,                    ,                     ,                      ,                               ,       , 
    1114, 2010-11-06, 2010-11-06 04:12:00, 2010-11-06 04:21:00, 2010-11-06 04:31:00, B6.0      , "(0, 0)"     ,               1121, "(60.52413021546148, -18.0)"  , 802.7872290719127  , -329.5180514592158 , -0.3090169943749474 , 0.8279546175816186   , "(60.52413021546148, -18.0)"  , -18.0 , 60.52413021546148
    1115, 2010-11-06, 2010-11-06 04:38:00, 2010-11-06 04:47:00, 2010-11-06 04:57:00, C4.5      , "(0, 0)"     ,              11121,                               ,                    ,                    ,                     ,                      ,                               ,       , 
    1116, 2010-11-06, 2010-11-06 04:38:00, 2010-11-06 04:47:00, 2010-11-06 04:57:00, C4.5      , "(0, 0)"     ,               1121, "(60.77557613730822, -18.0)"  , 804.7607153588331  , -329.2617090117513 , -0.3090169943749474 , 0.8300003695653965   , "(60.77557613730822, -18.0)"  , -18.0 , 60.77557613730822
    1117, 2010-11-06, 2010-11-06 07:56:00, 2010-11-06 08:01:00, 2010-11-06 08:07:00, B6.8      , "(0, 0)"     ,              11121,                               ,                    ,                    ,                     ,                      ,                               ,       , 
    1118, 2010-11-06, 2010-11-06 07:56:00, 2010-11-06 08:01:00, 2010-11-06 08:07:00, B6.8      , "(0, 0)"     ,               1121, "(62.651749554164645, -18.0)" , 818.9921164720126  , -327.3362681244017 , -0.3090169943749474 , 0.8447575718578971   , "(62.651749554164645, -18.0)" , -18.0 , 62.651749554164645
    1119, 2010-11-06, 2010-11-06 08:21:00, 2010-11-06 08:32:00, 2010-11-06 09:04:00, C1.6      , "(0, 0)"     ,               1121, "(62.95155046098191, -18.0)"  , 821.1838498016953  , -327.0300054418796 , -0.3090169943749474 , 0.8470321510141874   , "(62.95155046098191, -18.0)"  , -18.0 , 62.95155046098191
    1120, 2010-11-06, 2010-11-06 08:21:00, 2010-11-06 08:32:00, 2010-11-06 09:04:00, C1.6      , "(0, 0)"     ,              11121,                               ,                    ,                    ,                     ,                      ,                               ,       , 
    1121, 2010-11-06, 2010-11-06 15:27:00, 2010-11-06 15:36:00, 2010-11-06 15:44:00, M5.4      , "(-58, -19)" ,              11121, "(-58, -19)"                  , -777.6803533874918 , -347.3756644815465 , -0.3255681544571567 , -0.8018452279175363  ,                               , -19.0 , -58.0
    1122, 2010-11-06, 2010-11-06 19:06:00, 2010-11-06 19:11:00, 2010-11-06 19:17:00, C1.4      , "(0, 0)"     ,              11121,                               ,                    ,                    ,                     ,                      ,                               ,       , 
    1123, 2010-11-06, 2010-11-06 19:06:00, 2010-11-06 19:11:00, 2010-11-06 19:17:00, C1.4      , "(0, 0)"     ,               1121, "(45.20508186870357, -18.0)"  , 655.1110618281642  , -342.369332777274  , -0.3090169943749474 , 0.6749013090137789   , "(45.20508186870357, -18.0)"  , -18.0 , 45.20508186870357
    1124, 2010-11-06, 2010-11-06 23:49:00, 2010-11-07 00:05:00, 2010-11-07 00:33:00, B8.5      , "(0, 0)"     ,              11121,                               ,                    ,                    ,                     ,                      ,                               ,       , 
    1125, 2010-11-06, 2010-11-06 23:49:00, 2010-11-07 00:05:00, 2010-11-07 00:33:00, B8.5      , "(0, 0)"     ,               1121, "(48.04835498497053, -18.0)"  , 686.4922234260662  , -339.9050602026908 , -0.3090169943749474 , 0.7073095531730844   , "(48.04835498497053, -18.0)"  , -18.0 , 48.04835498497053
    1126, 2010-11-07, 2010-11-07 01:31:00, 2010-11-07 01:41:00, 2010-11-07 01:52:00, C5.4      , "(-53, -22)" ,              11121, "(-53, -22)"                  , -718.4238983849064 , -398.2380684073876 , -0.374606593415912  , -0.7404819505995612  ,                               , -22.0 , -53.0
    1127, 2010-11-07, 2010-11-07 13:12:00, 2010-11-07 13:58:00, 2010-11-07 14:28:00, B5.2      , "(0, 0)"     ,              11121,                               ,                    ,                    ,                     ,                      ,                               ,       , 
    1128, 2010-11-07, 2010-11-07 16:28:00, 2010-11-07 16:31:00, 2010-11-07 16:38:00, B2.0      , "(0, 0)"     ,              11121,                               ,                    ,                    ,                     ,                      ,                               ,       , 
    1129, 2010-11-07, 2010-11-07 18:21:00, 2010-11-07 18:29:00, 2010-11-07 18:45:00, B3.3      , "(0, 0)"     ,              11121,                               ,                    ,                    ,                     ,                      ,                               ,       , 
    1130, 2010-11-07, 2010-11-07 23:55:00, 2010-11-07 23:58:00, 2010-11-08 00:00:00, B1.7      , "(0, 0)"     ,               1121, "(35.98065800601179, -18.0)"  , 542.7909850128952  , -347.37893583629614, -0.3090169943749474 , 0.5587572202866523   , "(35.98065800601179, -18.0)"  , -18.0 , 35.98065800601179
    1131, 2010-11-07, 2010-11-07 23:55:00, 2010-11-07 23:58:00, 2010-11-08 00:00:00, B1.7      , "(0, 0)"     ,              11121,                               ,                    ,                    ,                     ,                      ,                               ,       , 
    1132, 2010-11-08, 2010-11-08 02:36:00, 2010-11-08 02:39:00, 2010-11-08 02:42:00, B1.8      , "(0, 0)"     ,               1121, "(37.537688522062744, -18.0)" , 562.879618069847   , -346.25036899641646, -0.3090169943749474 , 0.5794627159839534   , "(37.537688522062744, -18.0)" , -18.0 , 37.537688522062744
    1133, 2010-11-08, 2010-11-08 02:36:00, 2010-11-08 02:39:00, 2010-11-08 02:42:00, B1.8      , "(0, 0)"     ,              11121,                               ,                    ,                    ,                     ,                      ,                               ,       , 
    1134, 2010-11-09, 2010-11-09 01:25:00, 2010-11-09 01:28:00, 2010-11-09 01:31:00, B1.6      , "(0, 0)"     ,              11121,                               ,                    ,                    ,                     ,                      ,                               ,       , 
    1135, 2010-11-09, 2010-11-09 05:10:00, 2010-11-09 05:15:00, 2010-11-09 05:19:00, B1.5      , "(0, 0)"     ,              11121,                               ,                    ,                    ,                     ,                      ,                               ,       , 
    1136, 2010-11-09, 2010-11-09 13:55:00, 2010-11-09 14:00:00, 2010-11-09 14:03:00, B3.0      , "(0, 0)"     ,              11121,                               ,                    ,                    ,                     ,                      ,                               ,       , 
    1137, 2010-11-10, 2010-11-10 01:42:00, 2010-11-10 01:49:00, 2010-11-10 01:53:00, B2.1      , "(0, 0)"     ,              11121,                               ,                    ,                    ,                     ,                      ,                               ,       , 
    1138, 2010-11-10, 2010-11-10 02:43:00, 2010-11-10 02:46:00, 2010-11-10 02:59:00, B1.5      , "(0, 0)"     ,              11121,                               ,                    ,                    ,                     ,                      ,                               ,       , 
    1139, 2010-11-10, 2010-11-10 03:39:00, 2010-11-10 04:06:00, 2010-11-10 04:42:00, B6.5      , "(0, 0)"     ,               1121, "(9.37516539995029, -19.0)"   , 149.81744741491082 , -370.36217155644454, -0.3255681544571567 , 0.15402338901615684  , "(9.37516539995029, -19.0)"   , -19.0 , 9.37516539995029
    1140, 2010-11-10, 2010-11-10 03:39:00, 2010-11-10 04:06:00, 2010-11-10 04:42:00, B6.5      , "(0, 0)"     ,              11121,                               ,                    ,                    ,                     ,                      ,                               ,       , 
    1141, 2010-11-10, 2010-11-10 12:15:00, 2010-11-10 12:31:00, 2010-11-10 12:47:00, B8.9      , "(-24, -22)" ,              11123, "(-24, -22)"                  , -366.7005935620982 , -412.2847290150381 , -0.374606593415912  , -0.37711964852057606 ,                               , -22.0 , -24.0
    1142, 2010-11-10, 2010-11-10 14:11:00, 2010-11-10 14:16:00, 2010-11-10 14:23:00, B6.0      , "(-22, -21)" ,              11123, "(-22, -21)"                  , -340.10127920936793, -397.5046838691974 , -0.35836794954530027, -0.349725383249891   ,                               , -21.0 , -22.0
    1143, 2010-11-10, 2010-11-10 16:34:00, 2010-11-10 16:39:00, 2010-11-10 16:46:00, B9.0      , "(-20, -22)" ,              11123, "(-20, -22)"                  , -308.40330814011395, -413.45240070259376, -0.374606593415912  , -0.3171155548281786  ,                               , -22.0 , -20.0
    1144, 2010-11-10, 2010-11-10 17:43:00, 2010-11-10 17:46:00, 2010-11-10 17:49:00, B2.6      , "(-17, -20)" ,              11123, "(-17, -20)"                  , -267.2315459768288 , -383.35631139833913, -0.3420201433256687 , -0.27473953345455226 ,                               , -20.0 , -17.0
    1145, 2010-11-10, 2010-11-10 21:59:00, 2010-11-10 22:09:00, 2010-11-10 22:33:00, B2.8      , "(0, 0)"     ,              11123,                               ,                    ,                    ,                     ,                      ,                               ,       , 
    1146, 2010-11-10, 2010-11-10 22:47:00, 2010-11-10 22:55:00, 2010-11-10 23:01:00, B6.0      , "(-17, -21)" ,              11123, "(-17, -21)"                  , -265.4986917176284 , -398.5530179302128 , -0.35836794954530027, -0.27295250079076655 ,                               , -21.0 , -17.0
    1147, 2010-11-11, 2010-11-11 02:06:00, 2010-11-11 02:14:00, 2010-11-11 02:28:00, C2.9      , "(-16, -24)" ,              11123, "(-16, -24)"                  , -244.91914234030992, -444.4449654297488 , -0.4067366430758002 , -0.2518072543632369  ,                               , -24.0 , -16.0
    1148, 2010-11-11, 2010-11-11 04:38:00, 2010-11-11 04:55:00, 2010-11-11 05:01:00, B5.3      , "(0, 0)"     ,              11121,                               ,                    ,                    ,                     ,                      ,                               ,       , 
    1149, 2010-11-11, 2010-11-11 05:10:00, 2010-11-11 05:24:00, 2010-11-11 05:39:00, C1.1      , "(0, 0)"     ,              11121,                               ,                    ,                    ,                     ,                      ,                               ,       , 
    1150, 2010-11-11, 2010-11-11 07:15:00, 2010-11-11 07:24:00, 2010-11-11 07:28:00, C4.7      , "(-14, -27)" ,              11123, "(-14, -27)"                  , -209.65256996895187, -489.20480506909513, -0.4539904997395468 , -0.21555398732332115 ,                               , -27.0 , -14.0
    1151, 2010-11-11, 2010-11-11 09:51:00, 2010-11-11 10:00:00, 2010-11-11 10:10:00, B2.2      , "(0, 0)"     ,              11123,                               ,                    ,                    ,                     ,                      ,                               ,       , 
    1152, 2010-11-11, 2010-11-11 10:12:00, 2010-11-11 10:16:00, 2010-11-11 10:22:00, B4.3      , "(0, 0)"     ,              11123,                               ,                    ,                    ,                     ,                      ,                               ,       , 
    1153, 2010-11-11, 2010-11-11 12:42:00, 2010-11-11 12:46:00, 2010-11-11 12:51:00, B1.7      , "(0, 0)"     ,                  0,                               ,                    ,                    ,                     ,                      ,                               ,       , 
    1154, 2010-11-11, 2010-11-11 12:58:00, 2010-11-11 13:07:00, 2010-11-11 13:12:00, C2.2      , "(0, 0)"     ,              11123,                               ,                    ,                    ,                     ,                      ,                               ,       , 
    1155, 2010-11-11, 2010-11-11 15:54:00, 2010-11-11 16:16:00, 2010-11-11 16:27:00, C4.3      , "(-8, -26)"  ,              11123, "(-8, -26)"                   , -121.68926601414569, -474.9679358784206 , -0.43837114678907746, -0.1250879545478997  ,                               , -26.0 , -8.0
    1156, 2010-11-11, 2010-11-11 18:52:00, 2010-11-11 19:01:00, 2010-11-11 19:05:00, B9.4      , "(-28, 14)"  ,              11124, "(-28, 14)"                   , -443.1731548474636 , 187.83052813500908 , 0.24192189559966773 , -0.45552625097926297 ,                               , 14.0  , -28.0
    1157, 2010-11-11, 2010-11-11 19:23:00, 2010-11-11 19:30:00, 2010-11-11 19:35:00, C1.1      , "(-6, -26)"  ,              11123, "(-6, -26)"                   , -91.40182433370501 , -474.96182197771725, -0.43837114678907746, -0.09394956045376811 ,                               , -26.0 , -6.0
    1158, 2010-11-11, 2010-11-11 19:23:00, 2010-11-11 19:30:00, 2010-11-11 19:35:00, C1.1      , "(-6, -26)"  ,               1123, "(-6, -26)"                   , -91.40182433370501 , -474.96182197771725, -0.43837114678907746, -0.09394956045376811 , "(0.4077822434007361, -22.0)" , -26.0 , -6.0
    1159, 2010-11-11, 2010-11-11 20:47:00, 2010-11-11 20:53:00, 2010-11-11 20:57:00, B9.0      , "(-27, 14)"  ,              11124, "(-27, 14)"                   , -428.58330502407625, 187.54589443595282 , 0.24192189559966773 , -0.4405050416671862  ,                               , 14.0  , -27.0
    1160, 2010-11-11, 2010-11-11 23:57:00, 2010-11-12 00:13:00, 2010-11-12 00:23:00, B6.0      , "(0, 0)"     ,                  0,                               ,                    ,                    ,                     ,                      ,                               ,       , 
    1161, 2010-11-11, 2010-11-11 23:57:00, 2010-11-12 00:13:00, 2010-11-12 00:23:00, B6.0      , "(0, 0)"     ,                  0,                               ,                    ,                    ,                     ,                      ,                               ,       , 
    1162, 2010-11-12, 2010-11-12 01:28:00, 2010-11-12 01:34:00, 2010-11-12 01:38:00, C4.6      , "(-3, -24)"  ,              11123, "(-3, -24)"                   , -46.522042226744816, -444.8826989908371 , -0.4067366430758002 , -0.04781127509712326 ,                               , -24.0 , -3.0
    1163, 2010-11-12, 2010-11-12 03:44:00, 2010-11-12 03:53:00, 2010-11-12 04:08:00, C1.0      , "(0, 0)"     ,              11123,                               ,                    ,                    ,                     ,                      ,                               ,       , 
    1164, 2010-11-12, 2010-11-12 05:12:00, 2010-11-12 05:21:00, 2010-11-12 05:36:00, C1.1      , "(0, 0)"     ,              11123,                               ,                    ,                    ,                     ,                      ,                               ,       , 
    1165, 2010-11-12, 2010-11-12 07:59:00, 2010-11-12 08:11:00, 2010-11-12 08:20:00, C1.5      , "(0, -22)"   ,              11123, "(0, -22)"                    , 0.0                , -414.0639175435502 , -0.374606593415912  , 0.0                  ,                               , -22.0 , 0.0
    1166, 2010-11-12, 2010-11-12 08:53:00, 2010-11-12 09:01:00, 2010-11-12 09:06:00, B4.0      , "(0, 0)"     ,              11123,                               ,                    ,                    ,                     ,                      ,                               ,       , 
    1167, 2010-11-12, 2010-11-12 08:53:00, 2010-11-12 09:01:00, 2010-11-12 09:06:00, B4.0      , "(0, 0)"     ,               1123, "(8.194036319704452, -22.0)"  , 128.59841412097938 , -413.4728578515722 , -0.374606593415912  , 0.13214772374631228  , "(8.194036319704452, -22.0)"  , -22.0 , 8.194036319704452
    1168, 2010-11-12, 2010-11-12 11:03:00, 2010-11-12 11:23:00, 2010-11-12 11:31:00, B2.1      , "(0, 0)"     ,               1123, "(9.557350843545546, -22.0)"  , 149.81088087858544 , -413.13531664461465, -0.374606593415912  , 0.1539447455082719   , "(9.557350843545546, -22.0)"  , -22.0 , 9.557350843545546
    1169, 2010-11-12, 2010-11-12 11:03:00, 2010-11-12 11:23:00, 2010-11-12 11:31:00, B2.1      , "(0, 0)"     ,              11123,                               ,                    ,                    ,                     ,                      ,                               ,       , 
    1170, 2010-11-12, 2010-11-12 11:43:00, 2010-11-12 11:57:00, 2010-11-12 12:05:00, B2.2      , "(0, 0)"     ,               1123, "(9.883778264746933, -22.0)"  , 154.87800047102837 , -413.0403179236959 , -0.374606593415912  , 0.15915128163910555  , "(9.883778264746933, -22.0)"  , -22.0 , 9.883778264746933
    1171, 2010-11-12, 2010-11-12 11:43:00, 2010-11-12 11:57:00, 2010-11-12 12:05:00, B2.2      , "(0, 0)"     ,               1123, "(9.883778264746933, -22.0)"  , 154.87800047102837 , -413.0403179236959 , -0.374606593415912  , 0.15915128163910555  , "(9.883778264746933, -22.0)"  , -22.0 , 9.883778264746933
    1172, 2010-11-12, 2010-11-12 11:43:00, 2010-11-12 11:57:00, 2010-11-12 12:05:00, B2.2      , "(0, 0)"     ,              11123,                               ,                    ,                    ,                     ,                      ,                               ,       , 
    1173, 2010-11-12, 2010-11-12 13:40:00, 2010-11-12 13:52:00, 2010-11-12 14:04:00, C1.5      , "(3, -21)"   ,              11123, "(3, -21)"                    , 47.553293837666814 , -398.17668662153994, -0.35836794954530027, 0.04885982435042639  ,                               , -21.0 , 3.0
    1174, 2010-11-13, 2010-11-13 06:11:00, 2010-11-13 06:15:00, 2010-11-13 06:21:00, B1.5      , "(0, 0)"     ,                  0,                               ,                    ,                    ,                     ,                      ,                               ,       , 
    1175, 2010-11-13, 2010-11-13 10:24:00, 2010-11-13 10:29:00, 2010-11-13 10:34:00, B4.3      , "(0, 0)"     ,                  0,                               ,                    ,                    ,                     ,                      ,                               ,       , 
    1176, 2010-11-13, 2010-11-13 10:24:00, 2010-11-13 10:29:00, 2010-11-13 10:34:00, B4.3      , "(0, 0)"     ,                  0,                               ,                    ,                    ,                     ,                      ,                               ,       , 
    1177, 2010-11-13, 2010-11-13 11:28:00, 2010-11-13 11:39:00, 2010-11-13 11:49:00, C1.3      , "(16, -23)"  ,              11123, "(16, -23)"                   , 246.93766619299973 , -425.55067382928945, -0.39073112848927377, 0.253725523822345    ,                               , -23.0 , 16.0
    1178, 2010-11-13, 2010-11-13 16:01:00, 2010-11-13 16:06:00, 2010-11-13 16:13:00, B2.0      , "(0, 0)"     ,              11124,                               ,                    ,                    ,                     ,                      ,                               ,       , 
    1179, 2010-11-13, 2010-11-13 17:04:00, 2010-11-13 17:27:00, 2010-11-13 17:36:00, B5.7      , "(-13, 18)"  ,              11125, "(-13, 18)"                   , -208.30667870678008, 252.88531107868607 , 0.3090169943749474  , -0.213941166081198   ,                               , 18.0  , -13.0
    1180, 2010-11-13, 2010-11-13 17:04:00, 2010-11-13 17:27:00, 2010-11-13 17:36:00, B5.7      , "(-13, 18)"  ,               1125, "(-13, 18)"                   , -208.30667870678008, 252.88531107868607 , 0.3090169943749474  , -0.213941166081198   , "(4.205528446420879, 19.0)"   , 18.0  , -13.0
    1181, 2010-11-13, 2010-11-13 17:46:00, 2010-11-13 17:50:00, 2010-11-13 17:54:00, B2.8      , "(-12, 18)"  ,              11125, "(-12, 18)"                   , -192.5326563778799 , 252.76106111906233 , 0.3090169943749474  , -0.19773576836617326 ,                               , 18.0  , -12.0
    1182, 2010-11-13, 2010-11-13 23:00:00, 2010-11-13 23:06:00, 2010-11-13 23:15:00, B1.6      , "(0, 0)"     ,                  0,                               ,                    ,                    ,                     ,                      ,                               ,       , 
    1183, 2010-11-13, 2010-11-13 23:50:00, 2010-11-14 00:01:00, 2010-11-14 00:10:00, C1.1      , "(26, -23)"  ,               1123, "(26, -23)"                   , 392.6692498896937  , -421.69561112149574, -0.39073112848927377, 0.403522768232858    , "(-23.990419663244907, -23.0)", -23.0 , 26.0
    1184, 2010-11-13, 2010-11-13 23:50:00, 2010-11-14 00:01:00, 2010-11-14 00:10:00, C1.1      , "(26, -23)"  ,              11123, "(26, -23)"                   , 392.6692498896937  , -421.69561112149574, -0.39073112848927377, 0.403522768232858    ,                               , -23.0 , 26.0
    1185, 2010-11-14, 2010-11-14 03:08:00, 2010-11-14 03:38:00, 2010-11-14 03:42:00, B2.0      , "(0, 0)"     ,              11123,                               ,                    ,                    ,                     ,                      ,                               ,       , 
    1186, 2010-11-14, 2010-11-14 03:08:00, 2010-11-14 03:38:00, 2010-11-14 03:42:00, B2.0      , "(0, 0)"     ,               1123, "(-21.911486587389437, -23.0)", -334.3220494973939 , -422.8907798599406 , -0.39073112848927377, -0.34350828170029135 , "(-21.911486587389437, -23.0)", -23.0 , -21.911486587389437
    1187, 2010-11-14, 2010-11-14 05:39:00, 2010-11-14 05:42:00, 2010-11-14 05:45:00, B1.8      , "(0, 0)"     ,              11124,                               ,                    ,                    ,                     ,                      ,                               ,       , 
    1188, 2010-11-14, 2010-11-14 08:52:00, 2010-11-14 08:55:00, 2010-11-14 09:05:00, B2.2      , "(0, 0)"     ,              11124,                               ,                    ,                    ,                     ,                      ,                               ,       , 
    1189, 2010-11-14, 2010-11-14 09:08:00, 2010-11-14 09:22:00, 2010-11-14 09:27:00, B2.6      , "(0, 0)"     ,              11124,                               ,                    ,                    ,                     ,                      ,                               ,       , 
    1190, 2010-11-14, 2010-11-14 10:26:00, 2010-11-14 10:30:00, 2010-11-14 10:41:00, B3.7      , "(0, 0)"     ,              11124,                               ,                    ,                    ,                     ,                      ,                               ,       , 
    1191, 2010-11-14, 2010-11-14 12:44:00, 2010-11-14 12:48:00, 2010-11-14 12:51:00, B2.4      , "(0, 0)"     ,              11124,                               ,                    ,                    ,                     ,                      ,                               ,       , 
    1192, 2010-11-15, 2010-11-15 03:03:00, 2010-11-15 03:34:00, 2010-11-15 04:01:00, B9.2      , "(19, 12)"   ,              11124, "(19, 12)"                    , 310.157958345357   , 157.3338751760954  , 0.20791169081775934 , 0.3184537091576009   ,                               , 12.0  , 19.0
    1193, 2010-11-15, 2010-11-15 07:28:00, 2010-11-15 07:49:00, 2010-11-15 08:01:00, C2.3      , "(22, 12)"   ,              11124, "(22, 12)"                    , 356.8600297167598  , 158.53330164738765 , 0.20791169081775934 , 0.3664205405688386   ,                               , 12.0  , 22.0
    1194, 2010-11-15, 2010-11-15 10:32:00, 2010-11-15 10:36:00, 2010-11-15 10:39:00, B3.1      , "(0, 0)"     ,              11124,                               ,                    ,                    ,                     ,                      ,                               ,       , 
    1195, 2010-11-15, 2010-11-15 11:17:00, 2010-11-15 11:54:00, 2010-11-15 12:18:00, B9.5      , "(0, 0)"     ,              11124,                               ,                    ,                    ,                     ,                      ,                               ,       , 
    1196, 2010-11-15, 2010-11-15 14:36:00, 2010-11-15 14:42:00, 2010-11-15 14:48:00, B7.6      , "(0, 0)"     ,                  0,                               ,                    ,                    ,                     ,                      ,                               ,       , 
    1197, 2010-11-15, 2010-11-15 14:36:00, 2010-11-15 14:42:00, 2010-11-15 14:48:00, B7.6      , "(0, 0)"     ,              11123,                               ,                    ,                    ,                     ,                      ,                               ,       , 
    1198, 2010-11-15, 2010-11-15 20:55:00, 2010-11-15 20:59:00, 2010-11-15 21:02:00, B4.5      , "(0, 0)"     ,              11126,                               ,                    ,                    ,                     ,                      ,                               ,       , 
    1199, 2010-11-15, 2010-11-15 22:25:00, 2010-11-15 22:30:00, 2010-11-15 22:34:00, B8.3      , "(0, 0)"     ,                  0,                               ,                    ,                    ,                     ,                      ,                               ,       , 
    1200, 2010-11-15, 2010-11-15 22:25:00, 2010-11-15 22:30:00, 2010-11-15 22:34:00, B8.3      , "(0, 0)"     ,              11126,                               ,                    ,                    ,                     ,                      ,                               ,       , 
    1201, 2010-11-16, 2010-11-16 00:33:00, 2010-11-16 00:38:00, 2010-11-16 00:44:00, B4.5      , "(0, 0)"     ,              11126,                               ,                    ,                    ,                     ,                      ,                               ,       , 
    1202, 2010-11-16, 2010-11-16 02:58:00, 2010-11-16 03:02:00, 2010-11-16 03:04:00, B3.8      , "(0, 0)"     ,              11123,                               ,                    ,                    ,                     ,                      ,                               ,       , 
    1203, 2010-11-16, 2010-11-16 07:10:00, 2010-11-16 07:15:00, 2010-11-16 07:20:00, B3.6      , "(0, 0)"     ,              11126,                               ,                    ,                    ,                     ,                      ,                               ,       , 
    1204, 2010-11-16, 2010-11-16 22:41:00, 2010-11-16 22:55:00, 2010-11-16 23:00:00, B3.0      , "(0, 0)"     ,                  0,                               ,                    ,                    ,                     ,                      ,                               ,       , 
    1205, 2010-11-16, 2010-11-16 22:41:00, 2010-11-16 22:55:00, 2010-11-16 23:00:00, B3.0      , "(0, 0)"     ,                  0,                               ,                    ,                    ,                     ,                      ,                               ,       , 
    1206, 2010-11-16, 2010-11-16 23:32:00, 2010-11-16 23:45:00, 2010-11-16 23:53:00, B3.0      , "(0, 0)"     ,               1127, "(70.85696454102286, 25.0)"   , 831.8084530096448  , 396.8483388941309  , 0.42261826174069944 , 0.8561915664668723   , "(70.85696454102286, 25.0)"   , 25.0  , 70.85696454102286
    1207, 2010-11-16, 2010-11-16 23:32:00, 2010-11-16 23:45:00, 2010-11-16 23:53:00, B3.0      , "(0, 0)"     ,              11127,                               ,                    ,                    ,                     ,                      ,                               ,       , 
    1208, 2010-11-17, 2010-11-17 00:28:00, 2010-11-17 00:40:00, 2010-11-17 00:47:00, B2.5      , "(0, 0)"     ,              11124,                               ,                    ,                    ,                     ,                      ,                               ,       , 
    1209, 2010-11-17, 2010-11-17 04:35:00, 2010-11-17 04:38:00, 2010-11-17 04:40:00, B7.8      , "(0, 0)"     ,              11126,                               ,                    ,                    ,                     ,                      ,                               ,       , 
    1210, 2010-11-17, 2010-11-17 08:07:00, 2010-11-17 08:12:00, 2010-11-17 08:16:00, B3.4      , "(0, 0)"     ,              11123,                               ,                    ,                    ,                     ,                      ,                               ,       , 
    1211, 2010-11-18, 2010-11-18 02:55:00, 2010-11-18 02:58:00, 2010-11-18 03:01:00, B1.8      , "(0, 0)"     ,                  0,                               ,                    ,                    ,                     ,                      ,                               ,       , 
    1212, 2010-11-18, 2010-11-18 06:48:00, 2010-11-18 06:53:00, 2010-11-18 06:57:00, B4.0      , "(0, 0)"     ,              11124,                               ,                    ,                    ,                     ,                      ,                               ,       , 
    1213, 2010-11-18, 2010-11-18 06:48:00, 2010-11-18 06:53:00, 2010-11-18 06:57:00, B4.0      , "(0, 0)"     ,               1124, "(-53.98401783920848, 14.0)"  , -763.6460954688955 , 211.1071214116926  , 0.24192189559966773 , -0.7848266142324251  , "(-53.98401783920848, 14.0)"  , 14.0  , -53.98401783920848
    1214, 2010-11-18, 2010-11-18 10:07:00, 2010-11-18 10:10:00, 2010-11-18 10:13:00, B2.0      , "(0, 0)"     ,              11124,                               ,                    ,                    ,                     ,                      ,                               ,       , 
    1215, 2010-11-18, 2010-11-18 11:37:00, 2010-11-18 11:40:00, 2010-11-18 11:42:00, B3.3      , "(0, 0)"     ,              11124,                               ,                    ,                    ,                     ,                      ,                               ,       , 
    1216, 2010-11-18, 2010-11-18 13:03:00, 2010-11-18 13:07:00, 2010-11-18 13:15:00, B2.4      , "(0, 0)"     ,              11126,                               ,                    ,                    ,                     ,                      ,                               ,       , 
    1217, 2010-11-18, 2010-11-18 20:47:00, 2010-11-18 20:51:00, 2010-11-18 20:55:00, B2.5      , "(0, 0)"     ,                  0,                               ,                    ,                    ,                     ,                      ,                               ,       , 
    1218, 2010-11-19, 2010-11-19 06:52:00, 2010-11-19 06:57:00, 2010-11-19 07:01:00, B2.0      , "(0, 0)"     ,                  0,                               ,                    ,                    ,                     ,                      ,                               ,       , 
    1219, 2010-11-19, 2010-11-19 11:52:00, 2010-11-19 11:55:00, 2010-11-19 11:57:00, B2.0      , "(0, 0)"     ,                  0,                               ,                    ,                    ,                     ,                      ,                               ,       , 
    1220, 2010-11-20, 2010-11-20 04:21:00, 2010-11-20 04:28:00, 2010-11-20 04:39:00, B2.8      , "(0, 0)"     ,              11124,                               ,                    ,                    ,                     ,                      ,                               ,       , 
    1221, 2010-11-20, 2010-11-20 11:30:00, 2010-11-20 11:34:00, 2010-11-20 11:40:00, B1.8      , "(0, 0)"     ,              11124,                               ,                    ,                    ,                     ,                      ,                               ,       , 
    1222, 2010-11-21, 2010-11-21 20:47:00, 2010-11-21 20:52:00, 2010-11-21 20:55:00, B2.2      , "(0, 0)"     ,              11124,                               ,                    ,                    ,                     ,                      ,                               ,       , 
    1223, 2010-11-21, 2010-11-21 21:50:00, 2010-11-21 21:53:00, 2010-11-21 21:57:00, B1.5      , "(0, 0)"     ,                  0,                               ,                    ,                    ,                     ,                      ,                               ,       , 
    1224, 2010-11-23, 2010-11-23 03:05:00, 2010-11-23 03:09:00, 2010-11-23 03:18:00, B1.1      , "(0, 0)"     ,                  0,                               ,                    ,                    ,                     ,                      ,                               ,       , 
    1225, 2010-11-23, 2010-11-23 07:36:00, 2010-11-23 07:45:00, 2010-11-23 07:54:00, B1.1      , "(0, 0)"     ,                  0,                               ,                    ,                    ,                     ,                      ,                               ,       , 
    1226, 2010-11-23, 2010-11-23 08:59:00, 2010-11-23 09:20:00, 2010-11-23 09:35:00, B1.3      , "(0, 0)"     ,              11127,                               ,                    ,                    ,                     ,                      ,                               ,       , 
    1227, 2010-11-23, 2010-11-23 08:59:00, 2010-11-23 09:20:00, 2010-11-23 09:35:00, B1.3      , "(0, 0)"     ,               1127, "(-2.6600095315203154, 25.0)" , -41.034602587111294, 383.3281189011179  , 0.42261826174069944 , -0.04206106355673799 , "(-2.6600095315203154, 25.0)" , 25.0  , -2.6600095315203154
    1228, 2010-11-25, 2010-11-25 00:27:00, 2010-11-25 00:31:00, 2010-11-25 00:35:00, B1.1      , "(0, 0)"     ,              11128,                               ,                    ,                    ,                     ,                      ,                               ,       , 
    1229, 2010-11-25, 2010-11-25 00:46:00, 2010-11-25 00:50:00, 2010-11-25 00:54:00, B1.4      , "(0, 0)"     ,              11128,                               ,                    ,                    ,                     ,                      ,                               ,       , 
    1230, 2010-11-25, 2010-11-25 18:14:00, 2010-11-25 19:02:00, 2010-11-25 19:23:00, B2.0      , "(0, 0)"     ,              11127,                               ,                    ,                    ,                     ,                      ,                               ,       , 
    1231, 2010-11-25, 2010-11-25 20:59:00, 2010-11-25 21:03:00, 2010-11-25 21:05:00, B1.2      , "(0, 0)"     ,              11127,                               ,                    ,                    ,                     ,                      ,                               ,       , 
    1232, 2010-11-25, 2010-11-25 21:15:00, 2010-11-25 21:30:00, 2010-11-25 21:49:00, B2.9      , "(0, 0)"     ,              11126,                               ,                    ,                    ,                     ,                      ,                               ,       , 
    1233, 2010-11-25, 2010-11-25 22:32:00, 2010-11-25 22:57:00, 2010-11-25 23:16:00, B1.9      , "(0, 0)"     ,              11126,                               ,                    ,                    ,                     ,                      ,                               ,       , 
    1234, 2010-11-25, 2010-11-25 22:32:00, 2010-11-25 22:57:00, 2010-11-25 23:16:00, B1.9      , "(0, 0)"     ,               1126, "(-16.24641307634046, -32.0)" , -231.44811659259722, -538.2080405405726 , -0.5299192642332049 , -0.23725749223456502 , "(-16.24641307634046, -32.0)" , -32.0 , -16.24641307634046
    1235, 2010-11-28, 2010-11-28 04:05:00, 2010-11-28 04:08:00, 2010-11-28 04:10:00, B1.3      , "(0, 0)"     ,              11129,                               ,                    ,                    ,                     ,                      ,                               ,       , 
    1236, 2010-11-28, 2010-11-28 17:19:00, 2010-11-28 17:54:00, 2010-11-28 18:01:00, B2.5      , "(0, 0)"     ,               1130, "(-3.5628975021171367, 13.0)" , -59.14715644228272 , 199.8103022313821  , 0.224951054343865   , -0.06055147105219414 , "(-3.5628975021171367, 13.0)" , 13.0  , -3.5628975021171367
    1237, 2010-11-28, 2010-11-28 17:19:00, 2010-11-28 17:54:00, 2010-11-28 18:01:00, B2.5      , "(0, 0)"     ,              11130,                               ,                    ,                    ,                     ,                      ,                               ,       , 
    1238, 2010-11-29, 2010-11-29 04:29:00, 2010-11-29 04:33:00, 2010-11-29 04:43:00, B1.2      , "(0, 0)"     ,              11130,                               ,                    ,                    ,                     ,                      ,                               ,       , 
    1239, 2010-11-29, 2010-11-29 05:25:00, 2010-11-29 05:30:00, 2010-11-29 05:38:00, B2.4      , "(0, 0)"     ,              11130,                               ,                    ,                    ,                     ,                      ,                               ,       , 
    1240, 2010-11-29, 2010-11-29 09:20:00, 2010-11-29 09:23:00, 2010-11-29 09:28:00, B1.6      , "(0, 0)"     ,              11130,                               ,                    ,                    ,                     ,                      ,                               ,       , 
    1241, 2010-11-29, 2010-11-29 10:59:00, 2010-11-29 11:03:00, 2010-11-29 11:06:00, B1.6      , "(0, 0)"     ,              11130,                               ,                    ,                    ,                     ,                      ,                               ,       , 
    1242, 2010-11-29, 2010-11-29 13:27:00, 2010-11-29 13:39:00, 2010-11-29 14:04:00, B1.9      , "(0, 0)"     ,              11130,                               ,                    ,                    ,                     ,                      ,                               ,       , 
    1243, 2010-11-29, 2010-11-29 14:36:00, 2010-11-29 14:47:00, 2010-11-29 14:52:00, B2.6      , "(0, 0)"     ,              11130,                               ,                    ,                    ,                     ,                      ,                               ,       , 
    1244, 2010-11-29, 2010-11-29 15:26:00, 2010-11-29 15:30:00, 2010-11-29 15:34:00, B1.9      , "(0, 0)"     ,              11130,                               ,                    ,                    ,                     ,                      ,                               ,       , 
    1245, 2010-11-30, 2010-11-30 01:29:00, 2010-11-30 01:34:00, 2010-11-30 01:37:00, B3.3      , "(0, 0)"     ,                  0,                               ,                    ,                    ,                     ,                      ,                               ,       , 
    1246, 2010-11-30, 2010-11-30 04:51:00, 2010-11-30 04:54:00, 2010-11-30 04:58:00, B1.8      , "(0, 0)"     ,              11130,                               ,                    ,                    ,                     ,                      ,                               ,       , 
    1247, 2010-11-30, 2010-11-30 05:29:00, 2010-11-30 05:33:00, 2010-11-30 05:35:00, B1.8      , "(0, 0)"     ,              11130,                               ,                    ,                    ,                     ,                      ,                               ,       , 
    1248, 2010-11-30, 2010-11-30 08:16:00, 2010-11-30 08:38:00, 2010-11-30 08:43:00, B2.1      , "(0, 0)"     ,              11130,                               ,                    ,                    ,                     ,                      ,                               ,       , 
    1249, 2010-11-30, 2010-11-30 20:16:00, 2010-11-30 20:23:00, 2010-11-30 20:29:00, B2.7      , "(0, 0)"     ,              11130,                               ,                    ,                    ,                     ,                      ,                               ,       , 
    1250, 2010-11-30, 2010-11-30 20:36:00, 2010-11-30 20:45:00, 2010-11-30 20:55:00, B8.1      , "(0, 0)"     ,              11130,                               ,                    ,                    ,                     ,                      ,                               ,       , 
    1251, 2010-12-01, 2010-12-01 00:12:00, 2010-12-01 00:16:00, 2010-12-01 00:19:00, B2.7      , "(0, 0)"     ,              11130,                               ,                    ,                    ,                     ,                      ,                               ,       , 
    1252, 2010-12-01, 2010-12-01 00:37:00, 2010-12-01 00:40:00, 2010-12-01 00:43:00, B2.3      , "(0, 0)"     ,                  0,                               ,                    ,                    ,                     ,                      ,                               ,       , 
    1253, 2010-12-01, 2010-12-01 02:41:00, 2010-12-01 02:44:00, 2010-12-01 02:49:00, B2.4      , "(0, 0)"     ,              11130,                               ,                    ,                    ,                     ,                      ,                               ,       , 
    1254, 2010-12-01, 2010-12-01 04:53:00, 2010-12-01 05:00:00, 2010-12-01 05:17:00, B2.6      , "(0, 0)"     ,              11130,                               ,                    ,                    ,                     ,                      ,                               ,       , 
    1255, 2010-12-01, 2010-12-01 06:15:00, 2010-12-01 06:22:00, 2010-12-01 06:35:00, C1.0      , "(0, 0)"     ,              11130,                               ,                    ,                    ,                     ,                      ,                               ,       , 
    1256, 2010-12-01, 2010-12-01 09:15:00, 2010-12-01 09:18:00, 2010-12-01 09:21:00, B1.9      , "(0, 0)"     ,              11130,                               ,                    ,                    ,                     ,                      ,                               ,       , 
    1257, 2010-12-01, 2010-12-01 09:51:00, 2010-12-01 09:56:00, 2010-12-01 10:01:00, B3.7      , "(0, 0)"     ,              11130,                               ,                    ,                    ,                     ,                      ,                               ,       , 
    1258, 2010-12-01, 2010-12-01 11:34:00, 2010-12-01 11:48:00, 2010-12-01 11:59:00, B3.9      , "(0, 0)"     ,              11130,                               ,                    ,                    ,                     ,                      ,                               ,       , 
    1259, 2010-12-01, 2010-12-01 15:51:00, 2010-12-01 15:57:00, 2010-12-01 16:02:00, B2.8      , "(0, 0)"     ,                  0,                               ,                    ,                    ,                     ,                      ,                               ,       , 
    1260, 2010-12-01, 2010-12-01 17:45:00, 2010-12-01 17:54:00, 2010-12-01 18:00:00, B3.6      , "(0, 0)"     ,              11130,                               ,                    ,                    ,                     ,                      ,                               ,       , 
    1261, 2010-12-01, 2010-12-01 18:36:00, 2010-12-01 18:45:00, 2010-12-01 18:51:00, B6.1      , "(0, 0)"     ,              11130,                               ,                    ,                    ,                     ,                      ,                               ,       , 
    1262, 2010-12-02, 2010-12-02 02:14:00, 2010-12-02 02:16:00, 2010-12-02 02:17:00, B2.3      , "(0, 0)"     ,              11131,                               ,                    ,                    ,                     ,                      ,                               ,       , 
    1263, 2010-12-02, 2010-12-02 02:56:00, 2010-12-02 03:06:00, 2010-12-02 03:13:00, B1.7      , "(0, 0)"     ,              11130,                               ,                    ,                    ,                     ,                      ,                               ,       , 
    1264, 2010-12-02, 2010-12-02 12:20:00, 2010-12-02 12:24:00, 2010-12-02 12:29:00, B2.1      , "(0, 0)"     ,              11130,                               ,                    ,                    ,                     ,                      ,                               ,       , 
    1265, 2010-12-02, 2010-12-02 12:55:00, 2010-12-02 12:58:00, 2010-12-02 13:03:00, B1.7      , "(0, 0)"     ,                  0,                               ,                    ,                    ,                     ,                      ,                               ,       , 
    1266, 2010-12-02, 2010-12-02 13:05:00, 2010-12-02 13:08:00, 2010-12-02 13:10:00, B2.7      , "(0, 0)"     ,                  0,                               ,                    ,                    ,                     ,                      ,                               ,       , 
    1267, 2010-12-02, 2010-12-02 22:24:00, 2010-12-02 22:28:00, 2010-12-02 22:30:00, B2.6      , "(0, 0)"     ,                  0,                               ,                    ,                    ,                     ,                      ,                               ,       , 
    1268, 2010-12-02, 2010-12-02 22:24:00, 2010-12-02 22:28:00, 2010-12-02 22:30:00, B2.6      , "(0, 0)"     ,                  0,                               ,                    ,                    ,                     ,                      ,                               ,       , 
    1269, 2010-12-03, 2010-12-03 06:51:00, 2010-12-03 06:58:00, 2010-12-03 07:04:00, B5.3      , "(0, 0)"     ,              11131,                               ,                    ,                    ,                     ,                      ,                               ,       , 
    1270, 2010-12-03, 2010-12-03 06:51:00, 2010-12-03 06:58:00, 2010-12-03 07:04:00, B5.3      , "(0, 0)"     ,               1131, "(71.92981684027778, 30.0)"   , 802.1267114794324  , 484.27363201309447 , 0.49999999999999994 , 0.8233106748981678   , "(71.92981684027778, 30.0)"   , 30.0  , 71.92981684027778
    1271, 2010-12-03, 2010-12-03 09:00:00, 2010-12-03 09:03:00, 2010-12-03 09:05:00, B1.9      , "(0, 0)"     ,                  0,                               ,                    ,                    ,                     ,                      ,                               ,       , 
    1272, 2010-12-04, 2010-12-04 05:01:00, 2010-12-04 05:10:00, 2010-12-04 05:22:00, B3.1      , "(0, 0)"     ,                  0,                               ,                    ,                    ,                     ,                      ,                               ,       , 
    1273, 2010-12-04, 2010-12-04 13:56:00, 2010-12-04 14:01:00, 2010-12-04 14:06:00, B1.9      , "(0, 0)"     ,              11132,                               ,                    ,                    ,                     ,                      ,                               ,       , 
    1274, 2010-12-04, 2010-12-04 21:11:00, 2010-12-04 21:18:00, 2010-12-04 21:21:00, B5.6      , "(0, 0)"     ,              11132,                               ,                    ,                    ,                     ,                      ,                               ,       , 
    1275, 2010-12-05, 2010-12-05 02:05:00, 2010-12-05 02:08:00, 2010-12-05 02:11:00, B2.5      , "(0, 0)"     ,              11132,                               ,                    ,                    ,                     ,                      ,                               ,       , 
    1276, 2010-12-05, 2010-12-05 04:38:00, 2010-12-05 04:41:00, 2010-12-05 04:45:00, B1.9      , "(0, 0)"     ,                  0,                               ,                    ,                    ,                     ,                      ,                               ,       , 
    1277, 2010-12-05, 2010-12-05 05:03:00, 2010-12-05 05:06:00, 2010-12-05 05:10:00, B2.3      , "(0, 0)"     ,              11131,                               ,                    ,                    ,                     ,                      ,                               ,       , 
    1278, 2010-12-05, 2010-12-05 05:24:00, 2010-12-05 05:30:00, 2010-12-05 05:41:00, B4.2      , "(0, 0)"     ,              11130,                               ,                    ,                    ,                     ,                      ,                               ,       , 
    1279, 2010-12-05, 2010-12-05 06:37:00, 2010-12-05 06:41:00, 2010-12-05 06:45:00, B2.7      , "(0, 0)"     ,               1130, "(-79.0924436827226, 12.0)"   , -935.6508216205984 , 201.38334110093322 , 0.20791169081775934 , -0.9604761570529985  , "(-79.0924436827226, 12.0)"   , 12.0  , -79.0924436827226
    1280, 2010-12-05, 2010-12-05 06:37:00, 2010-12-05 06:41:00, 2010-12-05 06:45:00, B2.7      , "(0, 0)"     ,              11130,                               ,                    ,                    ,                     ,                      ,                               ,       , 
    1281, 2010-12-05, 2010-12-05 08:28:00, 2010-12-05 08:32:00, 2010-12-05 08:35:00, B2.0      , "(0, 0)"     ,                  0,                               ,                    ,                    ,                     ,                      ,                               ,       , 
    1282, 2010-12-05, 2010-12-05 10:57:00, 2010-12-05 11:03:00, 2010-12-05 11:21:00, B3.0      , "(0, 0)"     ,              11130,                               ,                    ,                    ,                     ,                      ,                               ,       , 
    1283, 2010-12-05, 2010-12-05 13:02:00, 2010-12-05 13:06:00, 2010-12-05 13:08:00, B2.2      , "(0, 0)"     ,              11131,                               ,                    ,                    ,                     ,                      ,                               ,       , 
    1284, 2010-12-05, 2010-12-05 13:02:00, 2010-12-05 13:06:00, 2010-12-05 13:08:00, B2.2      , "(0, 0)"     ,               1131, "(21.871614506358668, 31.0)"  , 311.98126326622    , 498.7025184112013  , 0.5150380749100542  , 0.31931887838384065  , "(21.871614506358668, 31.0)"  , 31.0  , 21.871614506358668
    1285, 2010-12-07, 2010-12-07 07:19:00, 2010-12-07 07:39:00, 2010-12-07 07:42:00, B1.9      , "(0, 0)"     ,              11133,                               ,                    ,                    ,                     ,                      ,                               ,       , 
    1286, 2010-12-07, 2010-12-07 07:19:00, 2010-12-07 07:39:00, 2010-12-07 07:42:00, B1.9      , "(0, 0)"     ,               1133, "(47.45206918367326, 16.0)"   , 691.5869653561662  , 268.01387915659376 , 0.27563735581699916 , 0.7081729434190649   , "(47.45206918367326, 16.0)"   , 16.0  , 47.45206918367326
    1287, 2010-12-07, 2010-12-07 20:17:00, 2010-12-07 20:20:00, 2010-12-07 20:23:00, B1.3      , "(0, 0)"     ,                  0,                               ,                    ,                    ,                     ,                      ,                               ,       , 
    1288, 2010-12-07, 2010-12-07 20:17:00, 2010-12-07 20:20:00, 2010-12-07 20:23:00, B1.3      , "(0, 0)"     ,                  0,                               ,                    ,                    ,                     ,                      ,                               ,       , 
    1289, 2010-12-08, 2010-12-08 05:05:00, 2010-12-08 05:08:00, 2010-12-08 05:12:00, B1.4      , "(0, 0)"     ,               1131, "(5.886150966424358, 31.0)"   , 85.9388153736541   , 503.68124667920955 , 0.5150380749100542  , 0.08790430925951384  , "(5.886150966424358, 31.0)"   , 31.0  , 5.886150966424358
    1290, 2010-12-08, 2010-12-08 05:05:00, 2010-12-08 05:08:00, 2010-12-08 05:12:00, B1.4      , "(0, 0)"     ,              11131,                               ,                    ,                    ,                     ,                      ,                               ,       , 
    1291, 2010-12-09, 2010-12-09 03:17:00, 2010-12-09 03:20:00, 2010-12-09 03:24:00, B1.3      , "(0, 0)"     ,              11131,                               ,                    ,                    ,                     ,                      ,                               ,       , 
    1292, 2010-12-10, 2010-12-10 19:09:00, 2010-12-10 19:12:00, 2010-12-10 19:16:00, B2.4      , "(0, 0)"     ,              11132,                               ,                    ,                    ,                     ,                      ,                               ,       , 
    1293, 2010-12-11, 2010-12-11 11:14:00, 2010-12-11 11:17:00, 2010-12-11 11:20:00, B4.0      , "(0, 0)"     ,              11131,                               ,                    ,                    ,                     ,                      ,                               ,       , 
    1294, 2010-12-11, 2010-12-11 11:14:00, 2010-12-11 11:17:00, 2010-12-11 11:20:00, B4.0      , "(0, 0)"     ,                  0,                               ,                    ,                    ,                     ,                      ,                               ,       , 
    1295, 2010-12-12, 2010-12-12 03:37:00, 2010-12-12 06:28:00, 2010-12-12 09:06:00, B4.1      , "(0, 0)"     ,                  0,                               ,                    ,                    ,                     ,                      ,                               ,       , 
    1296, 2010-12-12, 2010-12-12 03:37:00, 2010-12-12 06:28:00, 2010-12-12 09:06:00, B4.1      , "(0, 0)"     ,                  0,                               ,                    ,                    ,                     ,                      ,                               ,       , 
    1297, 2010-12-12, 2010-12-12 18:43:00, 2010-12-12 18:49:00, 2010-12-12 18:54:00, B5.9      , "(-77, 21)"  ,               1133, "(-77, 21)"                   , -887.1101654858794 , 351.59883034502366 , 0.35836794954530027 , -0.909652820648306   , "(-36.02414153028127, 14.0)"  , 21.0  , -77.0
    1298, 2010-12-12, 2010-12-12 18:43:00, 2010-12-12 18:49:00, 2010-12-12 18:54:00, B5.9      , "(-77, 21)"  ,              11135, "(-77, 21)"                   , -887.1101654858794 , 351.59883034502366 , 0.35836794954530027 , -0.909652820648306   ,                               , 21.0  , -77.0
    1299, 2010-12-12, 2010-12-12 21:26:00, 2010-12-12 21:30:00, 2010-12-12 21:35:00, B2.4      , "(0, 0)"     ,                  0,                               ,                    ,                    ,                     ,                      ,                               ,       , 
    1300, 2010-12-12, 2010-12-12 21:26:00, 2010-12-12 21:30:00, 2010-12-12 21:35:00, B2.4      , "(0, 0)"     ,                  0,                               ,                    ,                    ,                     ,                      ,                               ,       , 
    1301, 2010-12-13, 2010-12-13 13:24:00, 2010-12-13 13:30:00, 2010-12-13 13:39:00, B2.7      , "(0, 0)"     ,                  0,                               ,                    ,                    ,                     ,                      ,                               ,       , 
    1302, 2010-12-13, 2010-12-13 13:24:00, 2010-12-13 13:30:00, 2010-12-13 13:39:00, B2.7      , "(0, 0)"     ,              11135,                               ,                    ,                    ,                     ,                      ,                               ,       , 
    1303, 2010-12-13, 2010-12-13 22:40:00, 2010-12-13 22:45:00, 2010-12-13 22:47:00, B1.8      , "(0, 0)"     ,                  0,                               ,                    ,                    ,                     ,                      ,                               ,       , 
    1304, 2010-12-13, 2010-12-13 22:40:00, 2010-12-13 22:45:00, 2010-12-13 22:47:00, B1.8      , "(0, 0)"     ,                  0,                               ,                    ,                    ,                     ,                      ,                               ,       , 
    1305, 2010-12-14, 2010-12-14 15:03:00, 2010-12-14 15:50:00, 2010-12-14 16:55:00, C2.3      , "(55, 16)"   ,              11133, "(55, 16)"                    , 769.3095004405021  , 277.09500900876424 , 0.27563735581699916 , 0.7874194833245771   ,                               , 16.0  , 55.0
    1306, 2010-12-14, 2010-12-14 15:03:00, 2010-12-14 15:50:00, 2010-12-14 16:55:00, C2.3      , "(55, 16)"   ,               1133, "(55, 16)"                    , 769.3095004405021  , 277.09500900876424 , 0.27563735581699916 , 0.7874194833245771   , "(-65.75898087285077, 15.0)"  , 16.0  , 55.0
    1307, 2010-12-15, 2010-12-15 04:27:00, 2010-12-15 04:35:00, 2010-12-15 04:41:00, B5.0      , "(0, 0)"     ,              11135,                               ,                    ,                    ,                     ,                      ,                               ,       , 
    1308, 2010-12-15, 2010-12-15 06:27:00, 2010-12-15 06:39:00, 2010-12-15 06:50:00, C5.3      , "(0, 0)"     ,              11135,                               ,                    ,                    ,                     ,                      ,                               ,       , 
    1309, 2010-12-15, 2010-12-15 12:05:00, 2010-12-15 12:10:00, 2010-12-15 12:16:00, B5.8      , "(0, 0)"     ,              11135,                               ,                    ,                    ,                     ,                      ,                               ,       , 
    1310, 2010-12-15, 2010-12-15 14:37:00, 2010-12-15 14:40:00, 2010-12-15 14:42:00, B2.2      , "(0, 0)"     ,               1134, "(-37.489522645187336, 18.0)" , -566.1185340352822 , 314.5231606063698  , 0.3090169943749474  , -0.5788285387413411  , "(-37.489522645187336, 18.0)" , 18.0  , -37.489522645187336
    1311, 2010-12-15, 2010-12-15 14:37:00, 2010-12-15 14:40:00, 2010-12-15 14:42:00, B2.2      , "(0, 0)"     ,              11134,                               ,                    ,                    ,                     ,                      ,                               ,       , 
    1312, 2010-12-15, 2010-12-15 22:20:00, 2010-12-15 22:25:00, 2010-12-15 22:30:00, B1.6      , "(0, 0)"     ,              11135,                               ,                    ,                    ,                     ,                      ,                               ,       , 
    1313, 2010-12-15, 2010-12-15 23:23:00, 2010-12-15 23:29:00, 2010-12-15 23:35:00, B3.6      , "(0, 0)"     ,              11135,                               ,                    ,                    ,                     ,                      ,                               ,       , 
    1314, 2010-12-16, 2010-12-16 04:00:00, 2010-12-16 04:27:00, 2010-12-16 05:30:00, B7.4      , "(0, 0)"     ,              11135,                               ,                    ,                    ,                     ,                      ,                               ,       , 
    1315, 2010-12-16, 2010-12-16 22:25:00, 2010-12-16 22:30:00, 2010-12-16 22:37:00, B4.9      , "(0, 0)"     ,                  0,                               ,                    ,                    ,                     ,                      ,                               ,       , 
    1316, 2010-12-16, 2010-12-16 23:54:00, 2010-12-17 00:02:00, 2010-12-17 00:09:00, B4.0      , "(0, 0)"     ,                  0,                               ,                    ,                    ,                     ,                      ,                               ,       , 
    1317, 2010-12-16, 2010-12-16 23:54:00, 2010-12-17 00:02:00, 2010-12-17 00:09:00, B4.0      , "(0, 0)"     ,                  0,                               ,                    ,                    ,                     ,                      ,                               ,       , 
    1318, 2010-12-17, 2010-12-17 00:21:00, 2010-12-17 00:25:00, 2010-12-17 00:28:00, B1.8      , "(0, 0)"     ,                  0,                               ,                    ,                    ,                     ,                      ,                               ,       , 
    1319, 2010-12-17, 2010-12-17 04:06:00, 2010-12-17 04:12:00, 2010-12-17 04:19:00, B3.3      , "(0, 0)"     ,                  0,                               ,                    ,                    ,                     ,                      ,                               ,       , 
    1320, 2010-12-17, 2010-12-17 04:06:00, 2010-12-17 04:12:00, 2010-12-17 04:19:00, B3.3      , "(0, 0)"     ,                  0,                               ,                    ,                    ,                     ,                      ,                               ,       , 
    1321, 2010-12-17, 2010-12-17 07:17:00, 2010-12-17 07:44:00, 2010-12-17 07:59:00, B4.9      , "(0, 0)"     ,               1135, "(21.479986770637943, 19.0)"  , 338.8805140513603  , 336.21947903112004 , 0.3255681544571567  , 0.3462264109025831   , "(21.479986770637943, 19.0)"  , 19.0  , 21.479986770637943
    1322, 2010-12-17, 2010-12-17 07:17:00, 2010-12-17 07:44:00, 2010-12-17 07:59:00, B4.9      , "(0, 0)"     ,              11135,                               ,                    ,                    ,                     ,                      ,                               ,       , 
    1323, 2010-12-17, 2010-12-17 09:02:00, 2010-12-17 09:06:00, 2010-12-17 09:13:00, B2.1      , "(0, 0)"     ,              11135,                               ,                    ,                    ,                     ,                      ,                               ,       , 
    1324, 2010-12-17, 2010-12-17 11:31:00, 2010-12-17 11:37:00, 2010-12-17 11:41:00, B1.3      , "(0, 0)"     ,                  0,                               ,                    ,                    ,                     ,                      ,                               ,       , 
    1325, 2010-12-17, 2010-12-17 21:53:00, 2010-12-17 22:53:00, 2010-12-17 23:21:00, B2.4      , "(0, 0)"     ,                  0,                               ,                    ,                    ,                     ,                      ,                               ,       , 
    1326, 2010-12-17, 2010-12-17 21:53:00, 2010-12-17 22:53:00, 2010-12-17 23:21:00, B2.4      , "(0, 0)"     ,              11135,                               ,                    ,                    ,                     ,                      ,                               ,       , 
    1327, 2010-12-19, 2010-12-19 04:44:00, 2010-12-19 04:55:00, 2010-12-19 05:06:00, B1.1      , "(0, 0)"     ,              11135,                               ,                    ,                    ,                     ,                      ,                               ,       , 
    1328, 2010-12-27, 2010-12-27 12:37:00, 2010-12-27 12:41:00, 2010-12-27 12:44:00, B1.0      , "(0, 0)"     ,              11138,                               ,                    ,                    ,                     ,                      ,                               ,       , 
    1329, 2010-12-27, 2010-12-27 12:37:00, 2010-12-27 12:41:00, 2010-12-27 12:44:00, B1.0      , "(0, 0)"     ,               1138, "(-18.6098562949113, 13.0)"   , -304.6004510766361 , 258.72022967356673 , 0.224951054343865   , -0.3109432592387344  , "(-18.6098562949113, 13.0)"   , 13.0  , -18.6098562949113
    1330, 2010-12-27, 2010-12-27 14:21:00, 2010-12-27 14:24:00, 2010-12-27 14:27:00, B1.2      , "(0, 0)"     ,              11138,                               ,                    ,                    ,                     ,                      ,                               ,       , 
    1331, 2010-12-27, 2010-12-27 17:14:00, 2010-12-27 17:17:00, 2010-12-27 17:19:00, B1.5      , "(0, 0)"     ,              11138,                               ,                    ,                    ,                     ,                      ,                               ,       , 
    1332, 2010-12-27, 2010-12-27 17:14:00, 2010-12-27 17:17:00, 2010-12-27 17:19:00, B1.5      , "(0, 0)"     ,               1138, "(-15.923081129380344, 13.0)" , -261.88062731712125, 259.6736552319679  , 0.224951054343865   , -0.26731513970973475 , "(-15.923081129380344, 13.0)" , 13.0  , -15.923081129380344
    1333, 2010-12-27, 2010-12-27 18:35:00, 2010-12-27 18:39:00, 2010-12-27 18:45:00, B1.2      , "(0, 0)"     ,               1138, "(-15.124836333824046, 13.0)" , -249.07164792134427, 259.9399643237026  , 0.224951054343865   , -0.2542355537642752  , "(-15.124836333824046, 13.0)" , 13.0  , -15.124836333824046
    1334, 2010-12-27, 2010-12-27 18:35:00, 2010-12-27 18:39:00, 2010-12-27 18:45:00, B1.2      , "(0, 0)"     ,              11138,                               ,                    ,                    ,                     ,                      ,                               ,       , 
    1335, 2010-12-29, 2010-12-29 14:03:00, 2010-12-29 14:30:00, 2010-12-29 14:47:00, B1.2      , "(0, 0)"     ,                  0,                               ,                    ,                    ,                     ,                      ,                               ,       , 
    1336, 2010-12-29, 2010-12-29 14:03:00, 2010-12-29 14:30:00, 2010-12-29 14:47:00, B1.2      , "(0, 0)"     ,                  0,                               ,                    ,                    ,                     ,                      ,                               ,       , 
    1337, 2010-12-29, 2010-12-29 17:37:00, 2010-12-29 18:04:00, 2010-12-29 18:12:00, B2.1      , "(0, 0)"     ,                  0,                               ,                    ,                    ,                     ,                      ,                               ,       , 
    1338, 2010-12-29, 2010-12-29 17:37:00, 2010-12-29 18:04:00, 2010-12-29 18:12:00, B2.1      , "(0, 0)"     ,                  0,                               ,                    ,                    ,                     ,                      ,                               ,       , 
    1339, 2010-12-29, 2010-12-29 21:04:00, 2010-12-29 21:10:00, 2010-12-29 21:15:00, B4.3      , "(0, 0)"     ,                  0,                               ,                    ,                    ,                     ,                      ,                               ,       , 
    1340, 2010-12-29, 2010-12-29 21:04:00, 2010-12-29 21:10:00, 2010-12-29 21:15:00, B4.3      , "(0, 0)"     ,                  0,                               ,                    ,                    ,                     ,                      ,                               ,       , 
    1341, 2010-12-31, 2010-12-31 04:18:00, 2010-12-31 04:25:00, 2010-12-31 04:32:00, C1.3      , "(0, 0)"     ,              11138,                               ,                    ,                    ,                     ,                      ,                               ,       , 
    1342, 2010-12-31, 2010-12-31 07:33:00, 2010-12-31 07:36:00, 2010-12-31 07:38:00, B1.5      , "(0, 0)"     ,                  0,                               ,                    ,                    ,                     ,                      ,                               ,       , 
    1343, 2010-12-31, 2010-12-31 07:33:00, 2010-12-31 07:36:00, 2010-12-31 07:38:00, B1.5      , "(0, 0)"     ,                  0,                               ,                    ,                    ,                     ,                      ,                               ,       , 
    1344, 2010-12-31, 2010-12-31 09:41:00, 2010-12-31 09:44:00, 2010-12-31 09:49:00, B1.5      , "(0, 0)"     ,                  0,                               ,                    ,                    ,                     ,                      ,                               ,       , 
    1345, 2010-12-31, 2010-12-31 19:28:00, 2010-12-31 19:34:00, 2010-12-31 19:39:00, B9.2      , "(0, 0)"     ,              11140,                               ,                    ,                    ,                     ,                      ,                               ,       , 
    1346, 2010-12-31, 2010-12-31 23:30:00, 2010-12-31 23:42:00, 2010-12-31 23:57:00, B2.4      , "(0, 0)"     ,                  0,                               ,                    ,                    ,                     ,                      ,                               ,       , 
