,Unnamed: 0,end_time,event_date,goes_class,goes_location,noaa_active_region,peak_time,start_time,fl_location,fl_lat,fl_lon,y,x,centroids,x_hpc,y_hpc,ssw_dist,fd_dist
1,1,2010-05-01 05:31:00,2010-05-01,B1.6,"(0, 0)",11064,2010-05-01 05:27:00,2010-05-01 05:23:00,"(-24.824108682811833, 15.0)",15.0,-24.824108682811836,0.25881904510252074,-0.4055285189848005,"(-24.824108682811833, 15.0)",-387.5502929825416,307.9035711821366,470.27194223711416,
4,4,2010-05-02 10:15:00,2010-05-02,B3.8,"(0, 0)",11067,2010-05-02 10:09:00,2010-05-02 10:02:00,"(-62.96125984348338, 23.0)",23.0,-62.96125984348338,0.39073112848927377,-0.8198930819266037,"(-62.96125984348338, 23.0)",-781.6540406255854,400.0095837939418,1341.2486550236506,
5,10,2010-05-03 13:02:00,2010-05-03,B2.0,"(0, 0)",11063,2010-05-03 12:57:00,2010-05-03 12:52:00,"(45.58812899290819, 18.0)",18.0,45.58812899290819,0.3090169943749474,0.6793660160797873,"(45.58812899290819, 18.0)",648.2746334201732,338.3286352742817,1675.5353252278578,
8,15,2010-05-04 11:32:00,2010-05-04,B2.0,"(0, 0)",11069,2010-05-04 11:18:00,2010-05-04 11:00:00,"(20.18552343137194, 42.0)",42.0,20.18552343137194,0.6691306063588582,0.2564303447636069,"(20.18552343137194, 42.0)",244.6425800894365,681.9881303682733,,
13,20,2010-05-05 00:34:00,2010-05-04,B1.6,"(0, 0)",11069,2010-05-05 00:23:00,2010-05-04 19:11:00,"(27.20568630062788, 42.0)",42.0,27.20568630062788,0.6691306063588582,0.33975555482666003,"(27.20568630062788, 42.0)",324.08263461676034,679.5092831963011,,
17,24,2010-05-05 11:58:00,2010-05-05,C8.8,"(0, 0)",11069,2010-05-05 11:52:00,2010-05-05 11:37:00,"(33.36733243682832, 42.0)",42.0,33.36733243682832,0.6691306063588582,0.4087331145930077,"(33.36733243682832, 42.0)",389.7099940063358,675.6194540789515,,
18,25,2010-05-05 13:07:00,2010-05-05,B3.4,"(0, 0)",11069,2010-05-05 13:04:00,2010-05-05 13:00:00,"(34.103768974914814, 41.0)",41.0,34.10376897491481,0.6560590289905073,0.4231607288529041,"(34.103768974914814, 41.0)",403.4756449663814,663.467693132454,1486.5610747026476,
19,26,2010-05-05 16:29:00,2010-05-05,B4.0,"(0, 0)",11066,2010-05-05 16:18:00,2010-05-05 16:11:00,"(17.605696931598963, -26.0)",-26.0,17.605696931598963,-0.4383711467890774,0.27185344030426256,"(17.605696931598963, -26.0)",259.5713406502457,-363.7131466331591,909.8315847175516,
20,27,2010-05-05 17:22:00,2010-05-05,M1.2,"(37, 42)",11069,2010-05-05 17:19:00,2010-05-05 17:13:00,"(37, 42)",42.0,37.0,0.6691306063588582,0.4472357203500029,"(36.395749022775675, 41.0)",426.367142829481,673.8281978504789,443.3238693007765,
22,31,2010-05-07 06:00:00,2010-05-07,B1.2,"(50, 41)",11069,2010-05-07 05:58:00,2010-05-07 05:55:00,"(50, 41)",41.0,50.0,0.6560590289905073,0.578141080098311,"(54.20155198368615, 42.0)",550.6242200716447,652.3880244598948,1407.2214779022336,
26,41,2010-05-08 11:55:00,2010-05-08,C1.8,"(0, 0)",11069,2010-05-08 11:50:00,2010-05-08 11:40:00,"(73.34944667155632, 42.0)",42.0,73.34944667155631,0.6691306063588582,0.7119848612888356,"(73.34944667155632, 42.0)",677.0840933374176,647.3971832602981,,
27,42,2010-05-08 19:14:00,2010-05-08,B7.2,"(0, 0)",11069,2010-05-08 18:55:00,2010-05-08 18:41:00,"(75.25861209961741, 41.0)",41.0,75.25861209961741,0.6560590289905073,0.7298677084179879,"(75.25861209961741, 41.0)",694.0260030148788,633.7300974214692,,
28,43,2010-05-08 20:18:00,2010-05-08,C2.4,"(0, 0)",11069,2010-05-08 20:11:00,2010-05-08 20:04:00,"(75.94171203545045, 41.0)",41.0,75.94171203545045,0.6560590289905073,0.7321053588607644,"(75.94171203545045, 41.0)",696.1258353459344,633.2040976937031,,
31,46,2010-05-10 11:15:00,2010-05-10,B1.4,"(0, 0)",11069,2010-05-10 11:06:00,2010-05-10 10:59:00,"(96.92905874821554, 41.0)",41.0,96.92905874821554,0.6560590289905073,0.74919739605186,"(96.92905874821554, 41.0)",711.1490594039384,616.8442476565831,,
32,47,2010-05-11 08:47:00,2010-05-11,B1.1,"(19, -20)",11068,2010-05-11 08:43:00,2010-05-11 08:39:00,"(19, -20)",-20.0,19.0,-0.3420201433256687,0.305933992306277,,291.7181510888345,-279.28136263326445,,
36,58,2010-05-27 23:25:00,2010-05-27,B1.4,"(0, 0)",11072,2010-05-27 23:15:00,2010-05-27 23:00:00,"(64.56295073616677, -15.0)",-15.0,64.56295073616677,-0.25881904510252074,0.8722867946595043,"(64.56295073616677, -15.0)",827.2632617029797,-236.53705466583784,1691.5916354957023,
37,59,2010-06-02 18:50:00,2010-06-02,B1.0,"(0, 0)",11075,2010-06-02 18:45:00,2010-06-02 18:41:00,"(56.76544410923778, -19.0)",-19.0,56.765444109237784,-0.3255681544571567,0.7908638069286253,"(56.76544410923778, -19.0)",749.6550597243892,-303.6968272861869,,
38,65,2010-06-06 03:01:00,2010-06-06,B1.4,"(0, 0)",11076,2010-06-06 02:55:00,2010-06-06 02:50:00,"(62.68965018289147, -19.0)",-19.0,62.68965018289146,-0.3255681544571567,0.8401257504207589,"(62.68965018289147, -19.0)",795.5624950243326,-307.66900497044065,,
40,68,2010-06-08 11:43:00,2010-06-08,B1.4,"(0, 0)",11078,2010-06-08 11:33:00,2010-06-08 11:28:00,"(37.82819754007537, -22.0)",-22.0,37.82819754007537,-0.374606593415912,0.5686380067015627,"(37.82819754007537, -22.0)",539.0670864404701,-356.98923944515707,,
41,69,2010-06-08 12:58:00,2010-06-08,B1.2,"(0, 0)",11078,2010-06-08 12:56:00,2010-06-08 12:49:00,"(38.625064480066996, -22.0)",-22.0,38.625064480067,-0.374606593415912,0.5787680215135191,"(38.625064480066996, -22.0)",548.6501443262994,-356.95578125090844,,
42,70,2010-06-08 13:56:00,2010-06-08,B1.4,"(0, 0)",11078,2010-06-08 13:50:00,2010-06-08 13:43:00,"(39.14350803138685, -22.0)",-22.0,39.14350803138685,-0.374606593415912,0.5852986444671546,"(39.14350803138685, -22.0)",554.8274684042353,-356.93369901110236,,
51,79,2010-06-09 23:12:00,2010-06-09,B1.2,"(0, 0)",11078,2010-06-09 22:50:00,2010-06-09 22:31:00,"(59.32659450521842, -21.0)",-21.0,59.32659450521842,-0.3583679495453003,0.8029623986758824,"(59.32659450521842, -21.0)",760.2102974861854,-341.4440629127921,,
57,86,2010-06-12 04:17:00,2010-06-12,C1.0,"(0, 0)",11080,2010-06-12 04:06:00,2010-06-12 03:57:00,"(56.3567628417532, -23.0)",-23.0,56.35676284175321,-0.39073112848927377,0.7663234177281416,"(56.3567628417532, -23.0)",725.373085191108,-375.18756061810166,741.1912374572134,725.2966331697801
59,89,2010-06-12 23:59:00,2010-06-12,B3.0,"(0, 0)",11081,2010-06-12 23:54:00,2010-06-12 23:43:00,"(57.94264814702516, 24.0)",24.0,57.94264814702515,0.4067366430758002,0.7742455189488474,"(57.94264814702516, 24.0)",732.8171696824195,379.8520949147772,789.0765916923496,
60,90,2010-06-13 00:26:00,2010-06-13,B8.8,"(0, 0)",11081,2010-06-13 00:14:00,2010-06-13 00:06:00,"(58.13382099027463, 24.0)",24.0,58.13382099027463,0.4067366430758002,0.7758590565609388,"(58.13382099027463, 24.0)",734.2616525148675,378.86945171364255,801.1900190810934,
68,98,2010-06-13 09:48:00,2010-06-13,C1.7,"(75, -23)",11081,2010-06-13 09:46:00,2010-06-13 09:41:00,"(75, -23)",-23.0,75.0,-0.39073112848927377,0.8891394111741462,"(63.60136430720936, 24.0)",840.4857633691328,-372.28967725821707,738.5545327476411,718.7759107816266
70,106,2010-06-14 00:54:00,2010-06-14,C1.5,"(70, 27)",11081,2010-06-14 00:51:00,2010-06-14 00:44:00,"(70, 27)",27.0,70.0,0.4539904997395468,0.8372722558519102,"(76.48749075028614, 24.0)",791.6643242702822,424.80201105685757,,
72,110,2010-06-17 17:58:00,2010-06-17,B1.1,"(0, 0)",11082,2010-06-17 17:42:00,2010-06-17 17:33:00,"(-36.57555353304035, 28.0)",28.0,-36.57555353304035,0.4694715627858908,-0.5261328260759934,"(-36.57555353304035, 28.0)",-498.275065896928,430.0435009487134,372.7562298276174,
80,124,2010-06-29 05:04:00,2010-06-29,B1.4,"(14, 15)",0,2010-06-29 05:01:00,2010-06-29 04:57:00,"(14, 15)",15.0,14.0,0.25881904510252074,0.2336786069045268,,221.39596037234654,204.29305270732286,,
81,126,2010-07-01 21:01:00,2010-07-01,B1.0,"(0, 0)",11084,2010-07-01 20:58:00,2010-07-01 20:54:00,"(-8.757236190207125, -19.0)",-19.0,-8.757236190207125,-0.3255681544571567,-0.14395351106684803,"(-8.757236190207125, -19.0)",-136.35986229660375,-351.99141950350565,788.7081628721551,791.7388200708747
89,136,2010-07-09 00:06:00,2010-07-08,B3.3,"(0, 0)",11087,2010-07-09 00:02:00,2010-07-08 23:57:00,"(-85.90689367752341, 18.0)",18.0,-85.9068936775234,0.3090169943749474,-0.9486307307125604,"(-85.90689367752341, 18.0)",-895.114244153001,286.9821282216254,1497.813647503351,
100,147,2010-07-11 17:40:00,2010-07-11,B4.5,"(0, 0)",11087,2010-07-11 17:28:00,2010-07-11 17:19:00,"(-47.784816409676885, 19.0)",19.0,-47.78481640967689,0.3255681544571567,-0.7002761718332646,"(-47.784816409676885, 19.0)",-662.530190007783,266.2964576072053,,
104,151,2010-07-12 13:50:00,2010-07-12,B4.0,"(0, 0)",11087,2010-07-12 13:36:00,2010-07-12 13:22:00,"(-36.00292898205297, 21.0)",21.0,-36.00292898205297,0.3583679495453003,-0.5487834161322223,"(-36.00292898205297, 21.0)",-519.5107453984747,288.38674791761133,,
105,152,2010-07-13 03:15:00,2010-07-13,B3.4,"(-31, 18)",11087,2010-07-13 03:10:00,2010-07-13 02:59:00,"(-31, 18)",18.0,-31.0,0.3090169943749474,-0.4898303172833184,"(-28.172185085592847, 21.0)",-463.83982048114376,236.50183179668355,,
110,162,2010-07-16 23:36:00,2010-07-16,B1.4,"(0, 0)",11087,2010-07-16 23:33:00,2010-07-16 23:29:00,"(18.739769109153883, 20.0)",20.0,18.739769109153887,0.3420201433256687,0.3018953994898978,"(18.739769109153883, 20.0)",286.0206705273806,258.31297769066896,1305.007340082021,
113,165,2010-07-18 19:30:00,2010-07-18,B2.1,"(0, 0)",11087,2010-07-18 19:27:00,2010-07-18 19:24:00,"(45.390490689644786, 24.0)",24.0,45.390490689644786,0.4067366430758002,0.6503616906195211,"(45.390490689644786, 24.0)",615.5550424155772,335.08467719782374,1640.9727411877525,
117,172,2010-07-20 05:30:00,2010-07-20,B4.1,"(0, 0)",11089,2010-07-20 05:21:00,2010-07-20 05:02:00,"(-66.92471190161473, -23.0)",-23.0,-66.92471190161473,-0.39073112848927377,-0.8468558385258759,"(-66.92471190161473, -23.0)",-800.3775481580078,-396.4102922163889,,
121,178,2010-07-21 02:49:00,2010-07-21,B3.2,"(0, 0)",11089,2010-07-21 02:46:00,2010-07-21 02:43:00,"(-56.413265401029435, -24.0)",-24.0,-56.413265401029435,-0.4067366430758002,-0.7610284426702166,"(-56.413265401029435, -24.0)",-719.7853732930753,-423.8770311099036,,
122,179,2010-07-21 04:40:00,2010-07-21,B4.6,"(81, 17)",11087,2010-07-21 04:37:00,2010-07-21 04:34:00,"(81, 17)",17.0,81.0,0.2923717047227368,0.9445310575203688,"(80.68676070561546, 16.0)",892.1339417455025,263.16096492592027,,
123,180,2010-07-21 07:37:00,2010-07-21,B5.7,"(-52, -26)",11089,2010-07-21 07:29:00,2010-07-21 07:24:00,"(-52, -26)",-26.0,-52.0,-0.4383711467890774,-0.7082593737614417,"(-53.70816966904948, -24.0)",-670.0150561546934,-457.6360342886087,,1719.4552487112564
124,181,2010-07-21 09:25:00,2010-07-21,B5.9,"(0, 0)",11087,2010-07-21 09:18:00,2010-07-21 09:07:00,"(83.41231939975964, 16.0)",16.0,83.41231939975964,0.2756373558169992,0.9549149230496946,"(83.41231939975964, 16.0)",901.7740012006446,250.51785433161956,,
125,182,2010-07-21 12:33:00,2010-07-21,B3.9,"(0, 0)",11087,2010-07-21 12:30:00,2010-07-21 12:27:00,"(78.32701207406734, 18.0)",18.0,78.32701207406734,0.3090169943749474,0.9313870562489818,"(78.32701207406734, 18.0)",879.8968617276201,275.4483443279192,,
126,183,2010-07-21 14:49:00,2010-07-21,B8.5,"(0, 0)",11087,2010-07-21 14:37:00,2010-07-21 14:24:00,"(79.55522869231872, 18.0)",18.0,79.55522869231872,0.3090169943749474,0.9352976160248364,"(79.55522869231872, 18.0)",883.5105151307063,277.02749872046,,
127,184,2010-07-21 16:47:00,2010-07-21,B4.6,"(0, 0)",11089,2010-07-21 16:45:00,2010-07-21 16:41:00,"(-50.15800934067589, -24.0)",-24.0,-50.15800934067589,-0.4067366430758002,-0.7014331717526394,"(-50.15800934067589, -24.0)",-663.6625098876266,-430.45007982147706,,
129,186,2010-07-22 02:09:00,2010-07-22,B5.7,"(0, 0)",11087,2010-07-22 02:04:00,2010-07-22 02:00:00,"(86.19920362726906, 18.0)",18.0,86.19920362726906,0.3090169943749474,0.948964712218703,"(86.19920362726906, 18.0)",896.0479697003894,285.5476753935455,,
131,189,2010-07-22 07:41:00,2010-07-22,B5.7,"(0, 0)",11089,2010-07-22 07:35:00,2010-07-22 07:28:00,"(-41.65081781607465, -24.0)",-24.0,-41.65081781607465,-0.4067366430758002,-0.6071324467974379,"(-41.65081781607465, -24.0)",-574.7405399245054,-439.442782788386,,
133,191,2010-07-22 15:21:00,2010-07-22,B5.9,"(-39, -25)",11089,2010-07-22 15:16:00,2010-07-22 15:10:00,"(-39, -25)",-25.0,-39.0,-0.42261826174069933,-0.5703579709494173,"(-38.020096459669425, -23.0)",-539.9784646953321,-456.2407581113286,,
134,192,2010-07-22 16:15:00,2010-07-22,B5.3,"(0, 0)",11087,2010-07-22 16:01:00,2010-07-22 15:52:00,"(94.29382811133519, 18.0)",18.0,94.2938281113352,0.3090169943749474,0.9483870950798086,"(94.29382811133519, 18.0)",894.9546182730961,296.3220647434289,,
142,205,2010-07-25 23:59:00,2010-07-25,B2.3,"(0, 0)",11089,2010-07-25 22:13:00,2010-07-25 21:54:00,"(6.977225288615356, -24.0)",-24.0,6.977225288615356,-0.4067366430758002,0.11097275444906694,"(6.977225288615356, -24.0)",105.18693618602258,-462.0740209005398,,
154,218,2010-07-27 19:39:00,2010-07-27,B6.0,"(0, 0)",11089,2010-07-27 19:31:00,2010-07-27 19:14:00,"(32.42872525829468, -24.0)",-24.0,32.428725258294676,-0.4067366430758002,0.4898887806289775,"(32.42872525829468, -24.0)",464.1449411304527,-452.17614732587896,,
157,223,2010-07-29 01:57:00,2010-07-29,B6.0,"(0, 0)",11092,2010-07-29 01:38:00,2010-07-29 00:50:00,"(-75.0494492810458, 16.0)",16.0,-75.0494492810458,0.2756373558169992,-0.9287218734425288,"(-75.0494492810458, 16.0)",-878.2540076523674,236.79913635963266,1655.7582025790487,
162,229,2010-07-30 22:42:00,2010-07-30,B4.1,"(0, 0)",11092,2010-07-30 22:37:00,2010-07-30 22:32:00,"(-49.80611308662574, 15.0)",15.0,-49.806113086625736,0.25881904510252074,-0.7378368254520808,"(-49.80611308662574, 15.0)",-699.0117086058262,186.21111893325815,1632.2789771723649,
166,233,2010-07-31 13:17:00,2010-07-31,B2.8,"(0, 0)",11089,2010-07-31 13:07:00,2010-07-31 13:01:00,"(80.53972502625923, -23.0)",-23.0,80.53972502625923,-0.39073112848927377,0.907985800895248,"(80.53972502625923, -23.0)",858.1965451273876,-381.66843157992145,1553.2700303061695,
167,234,2010-07-31 19:26:00,2010-07-31,B7.4,"(0, 0)",11092,2010-07-31 19:09:00,2010-07-31 18:32:00,"(-37.83279555496198, 13.0)",13.0,-37.832795554961976,0.224951054343865,-0.5976388730414114,"(-37.83279555496198, 13.0)",-566.625242242344,139.84368766767778,,
172,250,2010-08-04 19:09:00,2010-08-04,B4.9,"(0, 0)",11093,2010-08-04 19:06:00,2010-08-04 19:02:00,"(-67.86988957539307, 10.0)",10.0,-67.86988957539306,0.17364817766693033,-0.9122577411744548,"(-67.86988957539307, 10.0)",-863.7393260385124,126.91904306771313,432.7771453203314,475.4619996065374
174,253,2010-08-05 22:03:00,2010-08-05,C1.3,"(0, 0)",11093,2010-08-05 21:35:00,2010-08-05 20:39:00,"(-59.414252590053124, 11.0)",11.0,-59.41425259005312,0.1908089953765448,-0.8450520454219776,"(-59.414252590053124, 11.0)",-800.6902756020509,129.91860024490487,,
177,256,2010-08-06 01:57:00,2010-08-06,B5.6,"(0, 0)",1093,2010-08-06 01:36:00,2010-08-06 01:14:00,"(-57.06366725072345, 11.0)",11.0,-57.063667250723455,0.1908089953765448,-0.8238554043584607,"(-57.06366725072345, 11.0)",-780.8351299442393,125.9346430383926,163.69120363367864,
178,257,2010-08-06 01:57:00,2010-08-06,B5.6,"(0, 0)",11093,2010-08-06 01:36:00,2010-08-06 01:14:00,"(-57.06366725072345, 11.0)",11.0,-57.063667250723455,0.1908089953765448,-0.8238554043584607,"(-57.06366725072345, 11.0)",-780.8351299442393,125.9346430383926,163.69120363367864,
181,262,2010-08-07 02:56:00,2010-08-07,B3.0,"(0, 0)",1094,2010-08-07 02:44:00,2010-08-07 02:30:00,"(72.55988247449734, 26.0)",26.0,72.55988247449734,0.4383711467890774,0.8574771233666854,"(72.55988247449734, 26.0)",811.9344661471184,385.22069868903594,1367.4497049179693,
182,263,2010-08-07 02:56:00,2010-08-07,B3.0,"(0, 0)",11094,2010-08-07 02:44:00,2010-08-07 02:30:00,"(72.55988247449734, 26.0)",26.0,72.55988247449734,0.4383711467890774,0.8574771233666854,"(72.55988247449734, 26.0)",811.9344661471184,385.22069868903594,1367.4497049179693,
187,270,2010-08-09 02:37:00,2010-08-09,B1.8,"(0, 0)",1093,2010-08-09 02:25:00,2010-08-09 02:14:00,"(-13.585747409946876, 11.0)",11.0,-13.585747409946876,0.1908089953765448,-0.2305845454389297,"(-13.585747409946876, 11.0)",-219.0616711244047,80.66183725519417,708.8330919620928,
188,271,2010-08-09 02:37:00,2010-08-09,B1.8,"(0, 0)",11093,2010-08-09 02:25:00,2010-08-09 02:14:00,"(-13.585747409946876, 11.0)",11.0,-13.585747409946876,0.1908089953765448,-0.2305845454389297,"(-13.585747409946876, 11.0)",-219.0616711244047,80.66183725519417,708.8330919620928,
193,276,2010-08-10 17:12:00,2010-08-10,B8.1,"(0, 0)",11097,2010-08-10 17:01:00,2010-08-10 16:41:00,"(-74.89872191297059, 33.0)",33.0,-74.89872191297059,0.5446390350150271,-0.8097086059348365,"(-74.89872191297059, 33.0)",-766.9187658369765,489.7457311325431,1193.6261973155774,
194,277,2010-08-11 08:05:00,2010-08-11,B2.6,"(0, 0)",1098,2010-08-11 08:01:00,2010-08-11 07:57:00,"(-37.31400542257936, 15.0)",15.0,-37.31400542257936,0.25881904510252074,-0.5855276492920065,"(-37.31400542257936, 15.0)",-555.9905739836267,162.66007949636582,,
195,278,2010-08-11 08:05:00,2010-08-11,B2.6,"(0, 0)",11098,2010-08-11 08:01:00,2010-08-11 07:57:00,"(-37.31400542257936, 15.0)",15.0,-37.31400542257936,0.25881904510252074,-0.5855276492920065,"(-37.31400542257936, 15.0)",-555.9905739836267,162.66007949636582,,
196,282,2010-08-11 13:54:00,2010-08-11,B3.8,"(0, 0)",11098,2010-08-11 13:48:00,2010-08-11 13:38:00,"(-33.94386998813198, 15.0)",15.0,-33.94386998813198,0.25881904510252074,-0.5393541127081916,"(-33.94386998813198, 15.0)",-512.2240040374663,159.1709014130425,,
197,283,2010-08-11 18:48:00,2010-08-11,B1.7,"(0, 0)",11098,2010-08-11 18:46:00,2010-08-11 18:43:00,"(-31.049632640969676, 15.0)",15.0,-31.049632640969683,0.25881904510252074,-0.4982056141956315,"(-31.049632640969676, 15.0)",-473.20221279674115,156.40649974255092,,368.99135888864885
198,284,2010-08-12 00:44:00,2010-08-12,B2.5,"(0, 0)",1098,2010-08-12 00:35:00,2010-08-12 00:30:00,"(-27.660072794796374, 15.0)",15.0,-27.66007279479637,0.25881904510252074,-0.44840685532439983,"(-27.660072794796374, 15.0)",-426.0292756520812,152.66543280203086,1125.0740654395831,
199,285,2010-08-12 00:44:00,2010-08-12,B2.5,"(0, 0)",11098,2010-08-12 00:35:00,2010-08-12 00:30:00,"(-27.660072794796374, 15.0)",15.0,-27.66007279479637,0.25881904510252074,-0.44840685532439983,"(-27.660072794796374, 15.0)",-426.0292756520812,152.66543280203086,1125.0740654395831,
201,287,2010-08-13 16:31:00,2010-08-13,B1.7,"(0, 0)",11093,2010-08-13 15:44:00,2010-08-13 15:28:00,"(46.162280795404484, 11.0)",11.0,46.16228079540447,0.1908089953765448,0.7080520233179142,"(46.162280795404484, 11.0)",672.2681127182516,106.58710276832834,1621.9362628653091,
205,291,2010-08-14 01:12:00,2010-08-14,B2.7,"(46, 17)",11099,2010-08-14 01:06:00,2010-08-14 01:02:00,"(46, 17)",17.0,46.0,0.2923717047227368,0.6879080722173524,"(41.6392608932237, 17.0)",653.2474119379087,203.5087279812242,224.0487426311567,
206,292,2010-08-14 04:14:00,2010-08-14,B2.5,"(0, 0)",11099,2010-08-14 04:01:00,2010-08-14 03:52:00,"(43.33427083737745, 17.0)",17.0,43.33427083737745,0.2923717047227368,0.6562675235740201,"(43.33427083737745, 17.0)",623.2904319325067,200.1335405366023,1600.547849799865,
211,297,2010-08-15 08:23:00,2010-08-15,B4.9,"(63, 16)",11099,2010-08-15 08:20:00,2010-08-15 08:16:00,"(63, 16)",16.0,63.0,0.2756373558169992,0.8564904425334172,"(62.83549849705265, 18.0)",812.6292131778009,211.9548841507961,1783.6496662773998,
217,303,2010-08-16 01:33:00,2010-08-16,B2.1,"(0, 0)",11099,2010-08-16 01:29:00,2010-08-16 01:23:00,"(73.86071873247538, 18.0)",18.0,73.86071873247538,0.3090169943749474,0.9135742424071066,"(73.86071873247538, 18.0)",866.2863163812301,261.8716655871152,,
220,306,2010-08-16 02:49:00,2010-08-16,B3.5,"(0, 0)",11098,2010-08-16 02:37:00,2010-08-16 02:20:00,"(28.539239877821352, 15.0)",15.0,28.539239877821352,0.25881904510252074,0.4614812245172365,"(28.539239877821352, 15.0)",438.75476088309074,150.55762710093686,,
229,315,2010-08-17 06:44:00,2010-08-17,B2.9,"(0, 0)",1099,2010-08-17 06:37:00,2010-08-17 06:09:00,"(87.84525113045166, 17.0)",17.0,87.84525113045166,0.2923717047227368,0.9556285746076136,"(87.84525113045166, 17.0)",905.3845792720139,271.1020605028302,274.43581744044184,
230,316,2010-08-17 06:44:00,2010-08-17,B2.9,"(0, 0)",11099,2010-08-17 06:37:00,2010-08-17 06:09:00,"(87.84525113045166, 17.0)",17.0,87.84525113045166,0.2923717047227368,0.9556285746076136,"(87.84525113045166, 17.0)",905.3845792720139,271.1020605028302,274.43581744044184,
233,319,2010-08-17 10:58:00,2010-08-17,B5.1,"(0, 0)",11099,2010-08-17 10:50:00,2010-08-17 10:44:00,"(90.29575122114251, 17.0)",17.0,90.29575122114252,0.2923717047227368,0.9562920158528578,"(90.29575122114251, 17.0)",905.8441613572677,275.58839222375053,1876.8243963283676,
234,320,2010-08-17 16:17:00,2010-08-17,B7.6,"(0, 0)",1099,2010-08-17 16:03:00,2010-08-17 15:44:00,"(93.32739757840037, 17.0)",17.0,93.32739757840037,0.2923717047227368,0.9546925950557916,"(93.32739757840037, 17.0)",904.1206159272851,281.1341072725885,221.2958865942746,
235,321,2010-08-17 16:17:00,2010-08-17,B7.6,"(0, 0)",11099,2010-08-17 16:03:00,2010-08-17 15:44:00,"(93.32739757840037, 17.0)",17.0,93.32739757840037,0.2923717047227368,0.9546925950557916,"(93.32739757840037, 17.0)",904.1206159272851,281.1341072725885,221.2958865942746,
240,326,2010-08-18 22:41:00,2010-08-18,B3.3,"(0, 0)",11100,2010-08-18 22:27:00,2010-08-18 22:17:00,"(-36.89287500505086, -22.0)",-22.0,-36.89287500505086,-0.374606593415912,-0.5566077312545723,"(-36.89287500505086, -22.0)",-528.9596461150268,-436.5983442170772,235.17068427093926,
241,327,2010-08-26 11:02:00,2010-08-26,B2.6,"(0, 0)",11101,2010-08-26 10:53:00,2010-08-26 10:47:00,"(-54.63682225640365, 12.0)",12.0,-54.63682225640365,0.20791169081775931,-0.7976792840582138,"(-54.63682225640365, 12.0)",-758.9415239383243,130.13115526271457,,
242,328,2010-08-26 17:36:00,2010-08-26,B1.5,"(0, 0)",11100,2010-08-26 17:34:00,2010-08-26 17:31:00,"(74.27966207901477, -20.0)",-20.0,74.27966207901477,-0.3420201433256687,0.9045440126121704,"(74.27966207901477, -20.0)",859.1225738719028,-352.0966440629735,,
243,331,2010-08-27 01:07:00,2010-08-27,B1.6,"(0, 0)",11100,2010-08-27 01:00:00,2010-08-27 00:56:00,"(78.57829086854693, -20.0)",-20.0,78.57829086854693,-0.3420201433256687,0.921083148013652,"(78.57829086854693, -20.0)",874.7451769196126,-344.1304046126116,,
246,340,2010-08-30 15:30:00,2010-08-30,B1.4,"(0, 0)",1102,2010-08-30 15:22:00,2010-08-30 15:15:00,"(21.10016738064841, 28.0)",28.0,21.10016738064841,0.4694715627858908,0.3178607216190872,"(21.10016738064841, 28.0)",303.0944509095048,346.34876709286624,1207.4961559478925,
247,341,2010-08-30 15:30:00,2010-08-30,B1.4,"(0, 0)",11102,2010-08-30 15:22:00,2010-08-30 15:15:00,"(21.10016738064841, 28.0)",28.0,21.10016738064841,0.4694715627858908,0.3178607216190872,"(21.10016738064841, 28.0)",303.0944509095048,346.34876709286624,1207.4961559478925,
252,347,2010-09-04 04:52:00,2010-09-04,B2.5,"(0, 0)",11105,2010-09-04 04:07:00,2010-09-04 03:17:00,"(24.388736257544007, 18.0)",18.0,24.38873625754401,0.3090169943749474,0.3927153839454339,"(24.388736257544007, 18.0)",374.94126105775143,188.62058729909853,426.4754979340061,
254,351,2010-09-04 14:38:00,2010-09-04,B2.5,"(0, 0)",11101,2010-09-04 14:35:00,2010-09-04 14:31:00,"(64.49434084972138, 12.0)",12.0,64.49434084972138,0.20791169081775931,0.8828200333165199,"(64.49434084972138, 12.0)",841.0920318458782,146.01337034779857,205.52888659633388,203.5409302082608
255,352,2010-09-04 16:02:00,2010-09-04,B4.3,"(0, 0)",11101,2010-09-04 16:00:00,2010-09-04 15:55:00,"(65.32262585463054, 12.0)",12.0,65.32262585463053,0.20791169081775931,0.8888164327451801,"(65.32262585463054, 12.0)",846.7552499547425,147.53997165383421,220.9642037297278,
266,374,2010-09-08 00:57:00,2010-09-08,B2.3,"(0, 0)",11105,2010-09-08 00:48:00,2010-09-08 00:36:00,"(77.46344690730737, 19.0)",19.0,77.46344690730737,0.3255681544571567,0.9229752627185857,"(77.46344690730737, 19.0)",879.3967317887059,283.0314174862486,,
268,376,2010-09-10 00:56:00,2010-09-10,B2.3,"(0, 0)",11105,2010-09-10 00:52:00,2010-09-10 00:36:00,"(104.40547470213752, 19.0)",19.0,104.40547470213751,0.3255681544571567,0.9157908985943568,"(104.40547470213752, 19.0)",871.2377515981602,335.49354043333113,1885.6959863395637,
269,380,2010-09-10 07:27:00,2010-09-10,B4.2,"(0, 0)",11105,2010-09-10 07:23:00,2010-09-10 07:15:00,"(108.18063596791217, 19.0)",19.0,108.18063596791215,0.3255681544571567,0.8983159773527103,"(108.18063596791217, 19.0)",854.3794642654112,342.5779750596073,1872.4025349816109,
280,392,2010-09-13 04:39:00,2010-09-13,B2.1,"(0, 0)",11106,2010-09-13 04:36:00,2010-09-13 04:29:00,"(-54.3351802829826, -19.0)",-19.0,-54.3351802829826,-0.3255681544571567,-0.7681786952650037,"(-54.3351802829826, -19.0)",-733.7506488067447,-374.7926745269131,799.6217352506116,
281,393,2010-09-15 05:25:00,2010-09-15,B5.0,"(0, 0)",11106,2010-09-15 05:08:00,2010-09-15 04:43:00,"(-27.02621567811102, -19.0)",-19.0,-27.02621567811102,-0.3255681544571567,-0.4296418746638505,"(-27.02621567811102, -19.0)",-411.16037598030744,-410.25946413814137,1190.058679992004,
286,398,2010-09-15 22:31:00,2010-09-15,B5.3,"(0, 0)",11106,2010-09-15 22:25:00,2010-09-15 22:20:00,"(-18.915627208532637, -20.0)",-20.0,-18.91562720853264,-0.3420201433256687,-0.3046252757361831,"(-18.915627208532637, -20.0)",-291.58154652891426,-431.5746334828124,540.4323870466152,
290,404,2010-09-16 22:40:00,2010-09-16,B4.6,"(0, 0)",11106,2010-09-16 22:34:00,2010-09-16 22:29:00,"(-5.828883578250597, -20.0)",-20.0,-5.828883578250598,-0.3420201433256687,-0.09543313136574254,"(-5.828883578250597, -20.0)",-91.39128902418179,-437.08748517174166,733.9758978739619,
291,405,2010-09-17 00:19:00,2010-09-17,B5.7,"(0, 0)",11108,2010-09-17 00:17:00,2010-09-17 00:14:00,"(-68.83919468237649, -28.0)",-28.0,-68.83919468237649,-0.4694715627858908,-0.8234112859207585,"(-68.83919468237649, -28.0)",-786.4614014970812,-482.93140204955574,818.2455321894046,827.0723213701726
295,409,2010-09-18 09:05:00,2010-09-18,B4.2,"(0, 0)",11106,2010-09-18 08:52:00,2010-09-18 06:18:00,"(13.12751236778276, -20.0)",-20.0,13.12751236778276,-0.3420201433256687,0.21342201679968248,"(13.12751236778276, -20.0)",204.47785410413886,-434.4189502873244,673.1537665550586,
297,411,2010-09-19 03:05:00,2010-09-19,B2.4,"(0, 0)",11106,2010-09-19 02:56:00,2010-09-19 02:47:00,"(22.696319881070988, -20.0)",-20.0,22.69631988107099,-0.3420201433256687,0.3625773782437148,"(22.696319881070988, -20.0)",347.4018836745825,-428.4028294369156,639.3694424436586,
298,412,2010-09-19 08:04:00,2010-09-19,B3.6,"(0, 0)",11108,2010-09-19 07:16:00,2010-09-19 06:38:00,"(-44.87581655977357, -28.0)",-28.0,-44.87581655977357,-0.4694715627858908,-0.6229835680701482,"(-44.87581655977357, -28.0)",-596.2010154112704,-520.226223066093,759.8680360380407,
310,424,2010-09-23 05:05:00,2010-09-23,B2.6,"(-66, 19)",11109,2010-09-23 05:00:00,2010-09-23 04:56:00,"(-66, 19)",19.0,-66.0,0.3255681544571567,-0.863774199855458,"(-64.11975804822303, 22.0)",-827.0195543927912,264.2619514493599,,
313,427,2010-09-24 09:58:00,2010-09-24,B2.1,"(0, 0)",11109,2010-09-24 09:55:00,2010-09-24 09:53:00,"(-48.2875201289757, 22.0)",22.0,-48.28752012897571,0.374606593415912,-0.692136505198523,"(-48.2875201289757, 22.0)",-663.6000928061776,284.341499943746,,
315,429,2010-09-25 10:04:00,2010-09-25,B2.8,"(0, 0)",11109,2010-09-25 09:51:00,2010-09-25 09:38:00,"(-35.32592335499939, 22.0)",22.0,-35.32592335499939,0.374606593415912,-0.5361225763817944,"(-35.32592335499939, 22.0)",-514.4937149558018,268.7168631666612,,
316,431,2010-09-26 02:51:00,2010-09-26,B2.0,"(0, 0)",11109,2010-09-26 02:49:00,2010-09-26 02:45:00,"(-25.37746370049898, 22.0)",22.0,-25.377463700498982,0.374606593415912,-0.3973722607429884,"(-25.37746370049898, 22.0)",-381.5908252583995,259.93980865109927,,
320,435,2010-09-26 06:40:00,2010-09-26,B1.9,"(0, 0)",11109,2010-09-26 06:36:00,2010-09-26 06:31:00,"(-23.198080623654413, 22.0)",22.0,-23.19808062365441,0.374606593415912,-0.3652280295354816,"(-23.198080623654413, 22.0)",-350.74676082310816,258.274892938917,,
324,440,2010-09-26 18:21:00,2010-09-26,B2.8,"(0, 0)",11109,2010-09-26 18:10:00,2010-09-26 18:00:00,"(-17.367027473907914, 21.0)",21.0,-17.367027473907914,0.3583679495453003,-0.2786659127713444,"(-17.367027473907914, 21.0)",-267.66249054433047,238.334674848374,,
341,463,2010-09-29 09:41:00,2010-09-29,B4.5,"(0, 0)",11110,2010-09-29 09:37:00,2010-09-29 09:34:00,"(36.56123051919296, 20.0)",20.0,36.56123051919296,0.3420201433256687,0.5597575173895529,"(36.56123051919296, 20.0)",537.7593266175771,240.15958913191415,320.63100007374186,
344,469,2010-09-30 17:18:00,2010-09-30,B2.4,"(0, 0)",11110,2010-09-30 17:10:00,2010-09-30 17:05:00,"(56.041391000082854, 19.0)",19.0,56.041391000082854,0.3255681544571567,0.7842521776127211,"(56.041391000082854, 19.0)",752.843319762209,250.52874655489313,,
352,477,2010-10-03 05:03:00,2010-10-03,B2.3,"(0, 0)",11110,2010-10-03 04:38:00,2010-10-03 04:09:00,"(86.67438182213257, 21.0)",21.0,86.67438182213257,0.3583679495453003,0.9320082571781186,"(86.67438182213257, 21.0)",893.4845247039468,335.25640799125244,,
353,478,2010-10-03 19:25:00,2010-10-03,B1.2,"(0, 0)",11111,2010-10-03 19:23:00,2010-10-03 19:20:00,"(-8.647743879005105, 24.0)",24.0,-8.647743879005105,0.4067366430758002,-0.1373599734444041,"(-8.647743879005105, 24.0)",-132.20474351714984,288.43645683458374,,1016.1607478244042
354,479,2010-10-03 21:49:00,2010-10-03,B1.7,"(0, 0)",11111,2010-10-03 21:46:00,2010-10-03 21:43:00,"(-7.280858049771423, 24.0)",24.0,-7.280858049771424,0.4067366430758002,-0.1157765569570206,"(-7.280858049771423, 24.0)",-111.43293397262823,288.1047806079192,953.0731283073021,
355,480,2010-10-04 06:07:00,2010-10-04,B1.8,"(0, 0)",11111,2010-10-04 05:57:00,2010-10-04 05:43:00,"(-2.58756474799703, 24.0)",24.0,-2.5875647479970296,0.4067366430758002,-0.04124308254876067,"(-2.58756474799703, 24.0)",-39.70807566511212,288.30195126296366,,
359,484,2010-10-05 07:59:00,2010-10-05,B1.4,"(0, 0)",11111,2010-10-05 07:54:00,2010-10-05 07:50:00,"(9.530796385012348, 24.0)",24.0,9.530796385012348,0.4067366430758002,0.15126276380108178,"(9.530796385012348, 24.0)",145.6660921502102,290.50132480732424,735.1707286953339,
361,486,2010-10-05 08:57:00,2010-10-05,B2.2,"(0, 0)",11111,2010-10-05 08:54:00,2010-10-05 08:51:00,"(10.104314914760746, 24.0)",24.0,10.104314914760746,0.4067366430758002,0.1602732080525256,"(10.104314914760746, 24.0)",154.3420335680171,290.6699363913821,736.3137176641956,
370,503,2010-10-13 15:06:00,2010-10-13,B2.1,"(0, 0)",11113,2010-10-13 14:58:00,2010-10-13 14:48:00,"(-81.24968794132191, 17.0)",17.0,-81.24968794132191,0.2923717047227368,-0.9451740207274172,"(-81.24968794132191, 17.0)",-909.0474624245871,264.93614108129117,534.7480032225853,
374,507,2010-10-14 14:04:00,2010-10-14,B3.4,"(0, 0)",11112,2010-10-14 13:59:00,2010-10-14 13:54:00,"(-5.812269193457284, -18.0)",-18.0,-5.812269193457284,-0.3090169943749474,-0.0963128623343976,"(-5.812269193457284, -18.0)",-92.97731872729855,-391.56160788397483,1020.6774760387085,
378,511,2010-10-15 08:21:00,2010-10-15,B1.2,"(0, 0)",11113,2010-10-15 08:17:00,2010-10-15 08:13:00,"(-58.18617175860334, 17.0)",17.0,-58.186171758603344,0.2923717047227368,-0.8126347779410972,"(-58.18617175860334, 17.0)",-783.3326045723425,230.48434365617257,1059.6075519006822,
384,517,2010-10-17 00:13:00,2010-10-17,B1.5,"(0, 0)",11112,2010-10-17 00:11:00,2010-10-17 00:08:00,"(28.10638096693516, -18.0)",-18.0,28.10638096693516,-0.3090169943749474,0.4480523493107799,"(28.10638096693516, -18.0)",432.69999802487155,-377.9406198730235,1107.3482097321719,1091.984121449458
392,525,2010-10-18 11:52:00,2010-10-18,C1.2,"(0, 0)",11112,2010-10-18 11:40:00,2010-10-18 11:25:00,"(50.74672679971416, -20.0)",-20.0,50.74672679971415,-0.3420201433256687,0.7276570866065792,"(50.74672679971416, -20.0)",702.1173591732081,-384.9976906323536,330.233825018448,
398,532,2010-10-19 12:45:00,2010-10-19,B2.6,"(0, 0)",11115,2010-10-19 12:43:00,2010-10-19 12:40:00,"(-19.38477197174786, -29.0)",-29.0,-19.38477197174786,-0.484809620246337,-0.2902954040991669,"(-19.38477197174786, -29.0)",-280.4713521629765,-543.7098735239678,1084.5308906195341,
407,541,2010-10-20 17:47:00,2010-10-20,B2.1,"(0, 0)",11112,2010-10-20 17:38:00,2010-10-20 17:09:00,"(80.31821480358455, -20.0)",-20.0,80.31821480358455,-0.3420201433256687,0.9263085632351676,"(80.31821480358455, -20.0)",892.4957264684979,-342.61174257006155,,
428,569,2010-10-25 04:33:00,2010-10-25,B1.7,"(0, 0)",11117,2010-10-25 04:06:00,2010-10-25 03:44:00,"(-9.638201599542892, 22.0)",22.0,-9.638201599542894,0.374606593415912,-0.15523479180751082,"(-9.638201599542892, 22.0)",-150.35320245249295,283.16626865965475,365.90629831710896,
436,577,2010-10-26 00:49:00,2010-10-26,B8.4,"(2, 19)",11117,2010-10-26 00:28:00,2010-10-26 00:04:00,"(2, 19)",19.0,2.0,0.3255681544571567,0.03299812241128177,"(2.2688225821658494, 22.0)",31.97301973387207,234.79794148620618,,
438,580,2010-10-26 03:19:00,2010-10-26,B6.3,"(0, 0)",11115,2010-10-26 03:16:00,2010-10-26 03:11:00,"(65.84268923611111, -30.0)",-30.0,65.84268923611111,-0.5,0.7901834744758419,"(65.84268923611111, -30.0)",763.2663191136309,-510.8556721344483,859.160614842767,895.9463566395319
445,588,2010-10-26 14:56:00,2010-10-26,B2.1,"(0, 0)",11119,2010-10-26 14:53:00,2010-10-26 14:48:00,"(43.74835884126001, 22.0)",22.0,43.74835884126001,0.374606593415912,0.6411405558067451,"(43.74835884126001, 22.0)",620.4348192326901,304.88550333214175,464.79337007355383,
446,589,2010-10-26 22:48:00,2010-10-26,B1.6,"(0, 0)",1119,2010-10-26 22:40:00,2010-10-26 22:34:00,"(48.23193547952614, 22.0)",22.0,48.231935479526136,0.374606593415912,0.6915376628404573,"(48.23193547952614, 22.0)",669.0408794203167,309.1915636947889,529.125049044565,
447,590,2010-10-26 22:48:00,2010-10-26,B1.6,"(0, 0)",11119,2010-10-26 22:40:00,2010-10-26 22:34:00,"(48.23193547952614, 22.0)",22.0,48.231935479526136,0.374606593415912,0.6915376628404573,"(48.23193547952614, 22.0)",669.0408794203167,309.1915636947889,529.125049044565,
448,591,2010-10-26 23:15:00,2010-10-26,B2.2,"(0, 0)",11117,2010-10-26 23:12:00,2010-10-26 23:07:00,"(14.538236232149771, 21.0)",21.0,14.538236232149773,0.3583679495453003,0.2343529972835923,"(14.538236232149771, 21.0)",227.03182187336284,269.87954411555125,953.2378503215879,
455,598,2010-10-27 13:17:00,2010-10-27,B1.5,"(0, 0)",11117,2010-10-27 13:12:00,2010-10-27 13:09:00,"(21.778677384161767, 22.0)",22.0,21.778677384161767,0.374606593415912,0.3440058621181825,"(21.778677384161767, 22.0)",333.28325297511856,290.55219490637165,734.7180543681773,
460,605,2010-10-29 04:56:00,2010-10-29,B1.9,"(0, 0)",11117,2010-10-29 04:51:00,2010-10-29 04:46:00,"(43.79383469322365, 22.0)",22.0,43.79383469322365,0.374606593415912,0.6416719624684983,"(43.79383469322365, 22.0)",621.4374853513774,308.4957139968459,459.80560085887765,
470,617,2010-10-30 13:39:00,2010-10-30,B1.8,"(0, 0)",11117,2010-10-30 13:33:00,2010-10-30 13:30:00,"(65.9568604236846, 20.0)",20.0,65.9568604236846,0.3420201433256687,0.8581639074641457,"(65.9568604236846, 20.0)",830.1916291896181,300.09930740247404,1601.5086480228435,
481,634,2010-11-02 10:08:00,2010-11-02,B3.3,"(0, 0)",1117,2010-11-02 10:05:00,2010-11-02 10:00:00,"(101.80848793608354, 22.0)",22.0,101.80848793608355,0.374606593415912,0.9075619400522976,"(101.80848793608354, 22.0)",876.3088888517466,374.42580436201064,1383.7072631062092,
482,635,2010-11-02 10:08:00,2010-11-02,B3.3,"(0, 0)",11117,2010-11-02 10:05:00,2010-11-02 10:00:00,"(101.80848793608354, 22.0)",22.0,101.80848793608355,0.374606593415912,0.9075619400522976,"(101.80848793608354, 22.0)",876.3088888517466,374.42580436201064,1383.7072631062092,
484,641,2010-11-03 22:21:00,2010-11-03,B6.5,"(0, 0)",11121,2010-11-03 21:33:00,2010-11-03 20:41:00,"(-85.29579347306624, -20.0)",-20.0,-85.29579347306624,-0.3420201433256687,-0.9365271425212398,"(-85.29579347306624, -20.0)",-905.4073768195394,-335.22096289924406,,
487,645,2010-11-04 18:29:00,2010-11-04,B2.5,"(0, 0)",11121,2010-11-04 18:10:00,2010-11-04 18:01:00,"(-73.37336339985708, -20.0)",-20.0,-73.37336339985708,-0.3420201433256687,-0.9004037485146985,"(-73.37336339985708, -20.0)",-871.4880997697719,-348.7714887609805,467.83996529528383,
488,646,2010-11-04 19:20:00,2010-11-04,B2.9,"(0, 0)",11121,2010-11-04 19:12:00,2010-11-04 19:09:00,"(-72.77579616902526, -20.0)",-20.0,-72.77579616902527,-0.3420201433256687,-0.8975505631748928,"(-72.77579616902526, -20.0)",-868.7646992179907,-349.43478199113275,988.7798131691897,
489,647,2010-11-04 21:29:00,2010-11-04,B5.5,"(0, 0)",11120,2010-11-04 21:14:00,2010-11-04 20:55:00,"(-5.513367553612925, 38.0)",38.0,-5.513367553612925,0.6156614753256583,-0.07571048428536699,"(-5.513367553612925, 38.0)",-73.48040971444334,541.6469374730872,1508.4921197272101,
490,648,2010-11-04 22:15:00,2010-11-04,B5.8,"(0, 0)",11121,2010-11-04 22:10:00,2010-11-04 21:58:00,"(-71.06019992566937, -20.0)",-20.0,-71.06019992566938,-0.3420201433256687,-0.8888177786644328,"(-71.06019992566937, -20.0)",-860.4198038852928,-351.32725253882813,,
496,655,2010-11-05 08:09:00,2010-11-05,B2.9,"(0, 0)",11121,2010-11-05 08:06:00,2010-11-05 08:03:00,"(-65.31584396476988, -20.0)",-20.0,-65.31584396476988,-0.3420201433256687,-0.8538269815448096,"(-65.31584396476988, -20.0)",-827.0960336039025,-356.95416517008005,,
498,657,2010-11-05 10:30:00,2010-11-05,B3.1,"(0, 0)",11121,2010-11-05 10:25:00,2010-11-05 10:21:00,"(-63.9761367859695, -20.0)",-20.0,-63.976136785969494,-0.3420201433256687,-0.8444184925367757,"(-63.9761367859695, -20.0)",-818.0582912103546,-358.32559576689414,,
501,660,2010-11-05 18:48:00,2010-11-05,B2.5,"(0, 0)",11121,2010-11-05 18:42:00,2010-11-05 18:37:00,"(-61.07537704412548, -18.0)",-18.0,-61.07537704412548,-0.3090169943749474,-0.8324186400466034,"(-61.07537704412548, -18.0)",-806.6221329426071,-329.72247742101365,,
520,679,2010-11-07 14:28:00,2010-11-07,B5.2,"(0, 0)",11121,2010-11-07 13:58:00,2010-11-07 13:12:00,"(-41.821940190451386, -18.0)",-18.0,-41.821940190451386,-0.3090169943749474,-0.6341814951172221,"(-41.821940190451386, -18.0)",-615.5585371740699,-344.582359900607,,
527,686,2010-11-09 01:31:00,2010-11-09,B1.6,"(0, 0)",11121,2010-11-09 01:28:00,2010-11-09 01:25:00,"(-19.150347336603147, -19.0)",-19.0,-19.150347336603147,-0.3255681544571567,-0.3101755953743328,"(-19.150347336603147, -19.0)",-301.4789030069778,-369.6738548647952,312.0117181263114,
541,700,2010-11-11 05:01:00,2010-11-11,B5.3,"(0, 0)",11121,2010-11-11 04:55:00,2010-11-11 04:38:00,"(3.8432634370223955, -20.0)",-20.0,3.843263437022396,-0.3420201433256687,0.06298506932054115,"(3.8432634370223955, -20.0)",61.26207814395703,-385.107815529794,,
577,741,2010-11-15 04:01:00,2010-11-15,B9.2,"(19, 12)",11124,2010-11-15 03:34:00,2010-11-15 03:03:00,"(19, 12)",12.0,19.0,0.20791169081775931,0.3184537091576009,"(19.080920538521518, 14.0)",310.0629308148986,157.04990273044103,,
589,756,2010-11-17 00:47:00,2010-11-17,B2.5,"(0, 0)",11124,2010-11-17 00:40:00,2010-11-17 00:28:00,"(44.38938770514942, 13.0)",13.0,44.389387705149424,0.224951054343865,0.6816020601866374,"(44.38938770514942, 13.0)",663.2287351280726,187.48088452673684,1216.1690857936755,1443.1693236043573
591,758,2010-11-17 08:16:00,2010-11-17,B3.4,"(0, 0)",11123,2010-11-17 08:12:00,2010-11-17 08:07:00,"(69.9601589926451, -25.0)",-25.0,69.9601589926451,-0.42261826174069933,0.851434990189632,"(69.9601589926451, -25.0)",826.8628440023973,-423.8627438573491,,
595,763,2010-11-18 11:42:00,2010-11-18,B3.3,"(0, 0)",11124,2010-11-18 11:40:00,2010-11-18 11:37:00,"(64.8067494250704, 14.0)",14.0,64.80674942507041,0.2419218955996677,0.8779984827362026,"(64.8067494250704, 14.0)",853.3804003873269,217.27222378703684,1203.1483850699815,1193.7205917486551
596,764,2010-11-18 13:15:00,2010-11-18,B2.4,"(0, 0)",11126,2010-11-18 13:07:00,2010-11-18 13:03:00,"(0.8809851263795272, -31.0)",-31.0,0.8809851263795272,-0.5150380749100542,0.01317936318326983,"(0.8809851263795272, -31.0)",12.834719848507072,-537.756857569088,1128.2047002977401,
599,770,2010-11-21 20:55:00,2010-11-21,B2.2,"(0, 0)",11124,2010-11-21 20:52:00,2010-11-21 20:47:00,"(110.99164738482187, 19.0)",19.0,110.99164738482187,0.3255681544571567,0.8827670225177998,"(110.99164738482187, 19.0)",855.5385869345939,327.6544444042558,569.4898399026224,
602,776,2010-11-25 00:35:00,2010-11-25,B1.1,"(0, 0)",11128,2010-11-25 00:31:00,2010-11-25 00:27:00,"(-72.66659145924972, -16.0)",-16.0,-72.66659145924972,-0.2756373558169992,-0.917608150376368,"(-72.66659145924972, -16.0)",-892.5335460695578,-276.08351425262134,1446.314687516694,
604,778,2010-11-25 19:23:00,2010-11-25,B2.0,"(0, 0)",11127,2010-11-25 19:02:00,2010-11-25 18:14:00,"(43.15152463558296, 24.0)",24.0,43.15152463558296,0.4067366430758002,0.6248012486749576,"(43.15152463558296, 24.0)",608.8777131021463,377.3344324276376,,
606,780,2010-11-25 21:49:00,2010-11-25,B2.9,"(0, 0)",11126,2010-11-25 21:30:00,2010-11-25 21:15:00,"(94.94114575326763, -32.0)",-32.0,94.94114575326763,-0.5299192642332049,0.8448964941056544,"(94.94114575326763, -32.0)",820.391069436499,-512.2694571755409,1710.3788587519623,
607,781,2010-11-25 23:16:00,2010-11-25,B1.9,"(0, 0)",1126,2010-11-25 22:57:00,2010-11-25 22:32:00,"(95.75358692365954, -32.0)",-32.0,95.75358692365955,-0.5299192642332049,0.8437758369116884,"(95.75358692365954, -32.0)",819.2567723079628,-511.9029074163494,967.5428906281106,
608,782,2010-11-25 23:16:00,2010-11-25,B1.9,"(0, 0)",11126,2010-11-25 22:57:00,2010-11-25 22:32:00,"(95.75358692365954, -32.0)",-32.0,95.75358692365955,-0.5299192642332049,0.8437758369116884,"(95.75358692365954, -32.0)",819.2567723079628,-511.9029074163494,967.5428906281106,
609,783,2010-11-28 04:10:00,2010-11-28,B1.3,"(0, 0)",11129,2010-11-28 04:08:00,2010-11-28 04:05:00,"(64.63344885995039, -25.0)",-25.0,64.63344885995039,-0.42261826174069933,0.8189266185240359,"(64.63344885995039, -25.0)",797.3519291200131,-419.88744908359,1171.6919163271568,
610,784,2010-11-28 18:01:00,2010-11-28,B2.5,"(0, 0)",1130,2010-11-28 17:54:00,2010-11-28 17:19:00,"(-3.5628975021171367, 13.0)",13.0,-3.5628975021171367,0.224951054343865,-0.06055147105219414,"(-3.5628975021171367, 13.0)",-59.123604973046895,198.21809003098977,1098.89148090048,
611,785,2010-11-28 18:01:00,2010-11-28,B2.5,"(0, 0)",11130,2010-11-28 17:54:00,2010-11-28 17:19:00,"(-3.5628975021171367, 13.0)",13.0,-3.5628975021171367,0.224951054343865,-0.06055147105219414,"(-3.5628975021171367, 13.0)",-59.123604973046895,198.21809003098977,1098.89148090048,
616,790,2010-11-29 14:04:00,2010-11-29,B1.9,"(0, 0)",11130,2010-11-29 13:39:00,2010-11-29 13:27:00,"(7.954755877555349, 13.0)",13.0,7.954755877555349,0.224951054343865,0.13484412914389213,"(7.954755877555349, 13.0)",131.68167964885546,200.49036067564487,967.1194142221573,
631,808,2010-12-01 18:00:00,2010-12-01,B3.6,"(0, 0)",11130,2010-12-01 17:54:00,2010-12-01 17:45:00,"(36.441042443463196, 14.0)",14.0,36.4410424434632,0.2419218955996677,0.5763511014803152,"(36.441042443463196, 14.0)",562.5236250399794,223.9797744233024,1423.1330489984537,
634,811,2010-12-02 03:13:00,2010-12-02,B1.7,"(0, 0)",11130,2010-12-02 03:06:00,2010-12-02 02:56:00,"(41.808650561518704, 14.0)",14.0,41.808650561518704,0.2419218955996677,0.6468428091922825,"(41.808650561518704, 14.0)",631.2504974965349,226.4161541439688,1518.5185374302052,
636,816,2010-12-03 07:04:00,2010-12-03,B5.3,"(0, 0)",1131,2010-12-03 06:58:00,2010-12-03 06:51:00,"(-64.07018315972222, 30.0)",30.0,-64.07018315972222,0.5,-0.7788429248328569,"(-64.07018315972222, 30.0)",-758.9564517822964,482.9736647833876,1596.702822615781,
637,817,2010-12-03 07:04:00,2010-12-03,B5.3,"(0, 0)",11131,2010-12-03 06:58:00,2010-12-03 06:51:00,"(-64.07018315972222, 30.0)",30.0,-64.07018315972222,0.5,-0.7788429248328569,"(-64.07018315972222, 30.0)",-758.9564517822964,482.9736647833876,1596.702822615781,
641,824,2010-12-05 05:10:00,2010-12-05,B2.3,"(0, 0)",11131,2010-12-05 05:06:00,2010-12-05 05:03:00,"(-37.1231484375, 30.0)",30.0,-37.1231484375,0.5,-0.5226724639631526,"(-37.1231484375, 30.0)",-510.2270657951294,483.36823600906007,,
646,830,2010-12-05 13:08:00,2010-12-05,B2.2,"(0, 0)",1131,2010-12-05 13:06:00,2010-12-05 13:02:00,"(-34.12838549364133, 31.0)",31.0,-34.12838549364133,0.5150380749100542,-0.4809129971787249,"(-34.12838549364133, 31.0)",-469.50460449074853,497.9632212493627,1451.620475419053,1456.3675017816304
647,831,2010-12-05 13:08:00,2010-12-05,B2.2,"(0, 0)",11131,2010-12-05 13:06:00,2010-12-05 13:02:00,"(-34.12838549364133, 31.0)",31.0,-34.12838549364133,0.5150380749100542,-0.4809129971787249,"(-34.12838549364133, 31.0)",-469.50460449074853,497.9632212493627,1451.620475419053,1456.3675017816304
667,857,2010-12-16 05:30:00,2010-12-16,B7.4,"(0, 0)",11135,2010-12-16 04:27:00,2010-12-16 04:00:00,"(-28.32548379732394, 19.0)",19.0,-28.325483797323944,0.3255681544571567,-0.44862944335842,"(-28.32548379732394, 19.0)",-438.8354280010162,332.723436356171,,
672,868,2010-12-19 05:06:00,2010-12-19,B1.1,"(0, 0)",11135,2010-12-19 04:55:00,2010-12-19 04:44:00,"(14.75167467038111, 19.0)",19.0,14.75167467038111,0.3255681544571567,0.2407575966885732,"(14.75167467038111, 19.0)",235.6574015583544,340.2444507180581,,
673,869,2010-12-27 12:44:00,2010-12-27,B1.0,"(0, 0)",1138,2010-12-27 12:41:00,2010-12-27 12:37:00,"(5.3901437050886996, 13.0)",13.0,5.3901437050887,0.224951054343865,0.0915294500601494,"(5.3901437050886996, 13.0)",89.6559777518877,259.60238491349935,,
674,870,2010-12-27 12:44:00,2010-12-27,B1.0,"(0, 0)",11138,2010-12-27 12:41:00,2010-12-27 12:37:00,"(5.3901437050886996, 13.0)",13.0,5.3901437050887,0.224951054343865,0.0915294500601494,"(5.3901437050886996, 13.0)",89.6559777518877,259.60238491349935,,
675,871,2010-12-27 14:27:00,2010-12-27,B1.2,"(0, 0)",11138,2010-12-27 14:24:00,2010-12-27 14:21:00,"(6.39281704584844, 13.0)",13.0,6.39281704584844,0.224951054343865,0.1084905980376667,"(6.39281704584844, 13.0)",106.26907093104961,259.5290504540804,,
678,874,2010-12-27 18:45:00,2010-12-27,B1.2,"(0, 0)",1138,2010-12-27 18:39:00,2010-12-27 18:35:00,"(8.875163666175954, 13.0)",13.0,8.875163666175952,0.224951054343865,0.1503278744707665,"(8.875163666175954, 13.0)",147.24572921959927,259.2941011328986,,
679,875,2010-12-27 18:45:00,2010-12-27,B1.2,"(0, 0)",11138,2010-12-27 18:39:00,2010-12-27 18:35:00,"(8.875163666175954, 13.0)",13.0,8.875163666175952,0.224951054343865,0.1503278744707665,"(8.875163666175954, 13.0)",147.24572921959927,259.2941011328986,,
684,888,2011-01-01 19:51:00,2011-01-01,B3.1,"(0, 0)",11140,2011-01-01 19:44:00,2011-01-01 19:37:00,"(-54.390631489888854, 32.0)",32.0,-54.39063148988885,0.5299192642332049,-0.6894678228066676,"(-54.390631489888854, 32.0)",-673.8459804611011,542.2762253862991,,
686,890,2011-01-02 09:22:00,2011-01-02,B4.6,"(0, 0)",11140,2011-01-02 09:10:00,2011-01-02 09:03:00,"(-46.86387765844192, 32.0)",32.0,-46.86387765844192,0.5299192642332049,-0.6188472897030501,"(-46.86387765844192, 32.0)",-605.0744370868642,547.9699288392493,,
687,891,2011-01-02 16:10:00,2011-01-02,B3.0,"(0, 0)",1140,2011-01-02 16:07:00,2011-01-02 16:01:00,"(-44.417065213739946, 32.0)",32.0,-44.417065213739946,0.5299192642332049,-0.5935286034760194,"(-44.417065213739946, 32.0)",-580.3904957009536,549.4038762176579,,
688,892,2011-01-02 16:10:00,2011-01-02,B3.0,"(0, 0)",11140,2011-01-02 16:07:00,2011-01-02 16:01:00,"(-44.417065213739946, 32.0)",32.0,-44.417065213739946,0.5299192642332049,-0.5935286034760194,"(-44.417065213739946, 32.0)",-580.3904957009536,549.4038762176579,,
689,893,2011-01-02 19:24:00,2011-01-02,B1.5,"(0, 0)",1140,2011-01-02 19:15:00,2011-01-02 19:06:00,"(-42.66144521335282, 32.0)",32.0,-42.66144521335282,0.5299192642332049,-0.5746925016165768,"(-42.66144521335282, 32.0)",-562.0190566910651,550.395418375017,,
690,894,2011-01-02 19:24:00,2011-01-02,B1.5,"(0, 0)",11140,2011-01-02 19:15:00,2011-01-02 19:06:00,"(-42.66144521335282, 32.0)",32.0,-42.66144521335282,0.5299192642332049,-0.5746925016165768,"(-42.66144521335282, 32.0)",-562.0190566910651,550.395418375017,,
691,895,2011-01-02 20:16:00,2011-01-02,B2.3,"(0, 0)",1140,2011-01-02 20:12:00,2011-01-02 20:09:00,"(-42.12915617068226, 32.0)",32.0,-42.12915617068226,0.5299192642332049,-0.5688741418134647,"(-42.12915617068226, 32.0)",-556.3430256884658,550.6897132852113,,
692,896,2011-01-02 20:16:00,2011-01-02,B2.3,"(0, 0)",11140,2011-01-02 20:12:00,2011-01-02 20:09:00,"(-42.12915617068226, 32.0)",32.0,-42.12915617068226,0.5299192642332049,-0.5688741418134647,"(-42.12915617068226, 32.0)",-556.3430256884658,550.6897132852113,,
693,898,2011-01-03 13:33:00,2011-01-03,B2.6,"(0, 0)",11141,2011-01-03 13:25:00,2011-01-03 13:19:00,"(44.13667178518789, 35.0)",35.0,44.13667178518789,0.573576436351046,0.5704347816726751,"(44.13667178518789, 35.0)",557.7541355741369,592.1335967357282,,
694,899,2011-01-03 14:11:00,2011-01-03,B4.2,"(0, 0)",11141,2011-01-03 13:53:00,2011-01-03 13:44:00,"(44.39521224190402, 35.0)",35.0,44.39521224190402,0.573576436351046,0.5730817479683638,"(44.39521224190402, 35.0)",560.3354054589956,591.9850809058883,,
695,900,2011-01-03 15:45:00,2011-01-03,B3.3,"(0, 0)",11141,2011-01-03 15:41:00,2011-01-03 15:33:00,"(45.39243971780907, 35.0)",35.0,45.39243971780907,0.573576436351046,0.5831816913424093,"(45.39243971780907, 35.0)",570.1835036776623,591.4058705035485,,
696,901,2011-01-03 22:31:00,2011-01-03,B3.6,"(0, 0)",11142,2011-01-03 22:22:00,2011-01-03 22:01:00,"(-7.953999877616064, -13.0)",-13.0,-7.953999877616063,-0.224951054343865,-0.13483139633278082,"(-7.953999877616064, -13.0)",-132.09819946628159,-167.1006511938017,,
705,911,2011-01-05 23:29:00,2011-01-05,B4.0,"(0, 0)",1141,2011-01-05 23:27:00,2011-01-05 23:23:00,"(75.69409379458712, 34.0)",34.0,75.69409379458713,0.5591929034707469,0.8033293370635396,"(75.69409379458712, 34.0)",784.0414040380513,556.7754501741658,1667.4785093097476,
706,912,2011-01-05 23:29:00,2011-01-05,B4.0,"(0, 0)",11141,2011-01-05 23:27:00,2011-01-05 23:23:00,"(75.69409379458712, 34.0)",34.0,75.69409379458713,0.5591929034707469,0.8033293370635396,"(75.69409379458712, 34.0)",784.0414040380513,556.7754501741658,1667.4785093097476,
716,925,2011-01-10 08:52:00,2011-01-10,B2.0,"(0, 0)",11145,2011-01-10 08:49:00,2011-01-10 08:45:00,"(-33.862243098493764, 15.0)",15.0,-33.862243098493764,0.25881904510252074,-0.5382119622762659,"(-33.862243098493764, 15.0)",-526.7752784103777,307.36171599198383,1200.475840868873,1564.2429616009235
717,927,2011-01-10 10:39:00,2011-01-10,B4.6,"(0, 0)",11140,2011-01-10 10:28:00,2011-01-10 10:00:00,"(54.86451787363359, 32.0)",32.0,54.864517873633595,0.5299192642332049,0.6935281964290648,"(54.86451787363359, 32.0)",677.7220578682205,549.7893372916736,,790.5213856005403
722,933,2011-01-11 06:22:00,2011-01-11,B1.4,"(0, 0)",1146,2011-01-11 06:15:00,2011-01-11 06:06:00,"(-42.40737371683963, 23.0)",23.0,-42.407373716839636,0.39073112848927377,-0.6207860964062011,"(-42.40737371683963, 23.0)",-607.1966886271412,428.7220989676344,1328.0198684426978,
723,934,2011-01-11 06:22:00,2011-01-11,B1.4,"(0, 0)",11146,2011-01-11 06:15:00,2011-01-11 06:06:00,"(-42.40737371683963, 23.0)",23.0,-42.407373716839636,0.39073112848927377,-0.6207860964062011,"(-42.40737371683963, 23.0)",-607.1966886271412,428.7220989676344,1328.0198684426978,
729,941,2011-01-12 03:31:00,2011-01-12,B1.0,"(0, 0)",11145,2011-01-12 03:27:00,2011-01-12 03:23:00,"(-11.02492822329008, 16.0)",16.0,-11.02492822329008,0.2756373558169992,-0.18382790247412306,"(-11.02492822329008, 16.0)",-180.0295242530865,336.9688119084316,989.6748323845734,
730,942,2011-01-12 22:05:00,2011-01-12,B1.6,"(0, 0)",1140,2011-01-12 21:41:00,2011-01-12 21:19:00,"(85.70196180822441, 32.0)",32.0,85.70196180822441,0.5299192642332049,0.8456631306763607,"(85.70196180822441, 32.0)",824.6759991724467,519.9191142835406,868.0252384250764,
731,943,2011-01-12 22:05:00,2011-01-12,B1.6,"(0, 0)",11140,2011-01-12 21:41:00,2011-01-12 21:19:00,"(85.70196180822441, 32.0)",32.0,85.70196180822441,0.5299192642332049,0.8456631306763607,"(85.70196180822441, 32.0)",824.6759991724467,519.9191142835406,868.0252384250764,
732,944,2011-01-13 00:14:00,2011-01-12,B2.2,"(0, 0)",11140,2011-01-12 23:55:00,2011-01-12 23:40:00,"(86.95330797871311, 32.0)",32.0,86.95330797871311,0.5299192642332049,0.8468494251566884,"(86.95330797871311, 32.0)",825.7608764507438,518.5522926299017,,
734,948,2011-01-13 13:15:00,2011-01-13,B2.2,"(0, 0)",1140,2011-01-13 13:07:00,2011-01-13 12:53:00,"(94.34932415055674, 32.0)",32.0,94.34932415055674,0.5299192642332049,0.8456059018184947,"(94.34932415055674, 32.0)",824.0885760035044,510.26300686826215,1046.6346142306525,
735,949,2011-01-13 13:15:00,2011-01-13,B2.2,"(0, 0)",11140,2011-01-13 13:07:00,2011-01-13 12:53:00,"(94.34932415055674, 32.0)",32.0,94.34932415055674,0.5299192642332049,0.8456059018184947,"(94.34932415055674, 32.0)",824.0885760035044,510.26300686826215,1046.6346142306525,
751,984,2011-01-17 17:28:00,2011-01-17,B2.2,"(0, 0)",11147,2011-01-17 17:20:00,2011-01-17 17:09:00,"(-55.81427890605692, 25.0)",25.0,-55.81427890605692,0.42261826174069933,-0.7497164963853251,"(-55.81427890605692, 25.0)",-732.4855735522078,452.38156996075463,1401.5563255607017,
752,985,2011-01-17 19:09:00,2011-01-17,B1.7,"(0, 0)",11147,2011-01-17 18:56:00,2011-01-17 18:35:00,"(-54.89885196860326, 25.0)",25.0,-54.89885196860326,0.42261826174069933,-0.7414850178362936,"(-54.89885196860326, 25.0)",-724.4840903749264,453.36331381195725,,
754,987,2011-01-17 21:59:00,2011-01-17,B5.8,"(0, 0)",11147,2011-01-17 21:51:00,2011-01-17 21:45:00,"(-53.23010494720336, 25.0)",25.0,-53.23010494720336,0.42261826174069933,-0.7259942326872824,"(-53.23010494720336, 25.0)",-709.4201788384225,455.12484931320165,,
755,989,2011-01-18 01:54:00,2011-01-18,B2.0,"(0, 0)",11147,2011-01-18 01:44:00,2011-01-18 01:27:00,"(-51.0082874844252, 25.0)",25.0,-51.0082874844252,0.42261826174069933,-0.7044159279598377,"(-51.0082874844252, 25.0)",-688.3765042795858,458.2626440590275,,
757,991,2011-01-18 04:22:00,2011-01-18,B1.8,"(0, 0)",11147,2011-01-18 03:56:00,2011-01-18 03:13:00,"(-49.749575445426416, 25.0)",25.0,-49.74957544542642,0.42261826174069933,-0.6917191915361247,"(-49.749575445426416, 25.0)",-676.0179056909237,459.5525509898056,,
758,992,2011-01-19 01:27:00,2011-01-19,B1.1,"(0, 0)",11147,2011-01-19 01:21:00,2011-01-19 01:09:00,"(-36.229570241254365, 26.0)",26.0,-36.229570241254365,0.4383711467890774,-0.5312071084048615,"(-36.229570241254365, 26.0)",-519.4488671025283,487.7167523844732,,
773,1007,2011-01-21 11:55:00,2011-01-21,B3.9,"(0, 0)",11149,2011-01-21 11:53:00,2011-01-21 11:50:00,"(-2.0308148147145504, 18.0)",18.0,-2.0308148147145504,0.3090169943749474,-0.03370257453108204,"(-2.0308148147145504, 18.0)",-32.98784517912736,383.8314704858167,,
774,1008,2011-01-21 12:20:00,2011-01-21,C1.0,"(0, 0)",11149,2011-01-21 12:15:00,2011-01-21 12:05:00,"(-1.8180528808442338, 18.0)",18.0,-1.8180528808442336,0.3090169943749474,-0.03017291873977965,"(-1.8180528808442338, 18.0)",-29.53305928319878,383.8419885839916,,
801,1039,2011-01-23 18:33:00,2011-01-23,B2.8,"(0, 0)",1149,2011-01-23 18:20:00,2011-01-23 18:09:00,"(28.70683782278699, 17.0)",17.0,28.70683782278699,0.2923717047227368,0.4593401180395987,"(28.70683782278699, 17.0)",449.2757254078592,360.1301827453743,294.88630734961873,
802,1040,2011-01-23 18:33:00,2011-01-23,B2.8,"(0, 0)",11149,2011-01-23 18:20:00,2011-01-23 18:09:00,"(28.70683782278699, 17.0)",17.0,28.70683782278699,0.2923717047227368,0.4593401180395987,"(28.70683782278699, 17.0)",449.2757254078592,360.1301827453743,294.88630734961873,
821,1063,2011-01-26 17:06:00,2011-01-26,A9.5,"(0, 0)",11149,2011-01-26 17:03:00,2011-01-26 17:01:00,"(72.96103344735934, 17.0)",17.0,72.96103344735934,0.2923717047227368,0.9143284227479124,"(72.96103344735934, 17.0)",891.63772543747,310.11811207816953,,
822,1064,2011-01-26 19:25:00,2011-01-26,B1.3,"(0, 0)",1149,2011-01-26 19:18:00,2011-01-26 19:14:00,"(74.26861254713509, 17.0)",17.0,74.26861254713509,0.2923717047227368,0.9204847960122392,"(74.26861254713509, 17.0)",897.5528077890383,308.1203869886559,1919.3592850272294,
823,1065,2011-01-26 19:25:00,2011-01-26,B1.3,"(0, 0)",11149,2011-01-26 19:18:00,2011-01-26 19:14:00,"(74.26861254713509, 17.0)",17.0,74.26861254713509,0.2923717047227368,0.9204847960122392,"(74.26861254713509, 17.0)",897.5528077890383,308.1203869886559,1919.3592850272294,
874,1122,2011-02-08 09:17:00,2011-02-08,B2.4,"(0, 0)",11150,2011-02-08 09:15:00,2011-02-08 09:10:00,"(68.31708689907735, -23.0)",-23.0,68.31708689907735,-0.39073112848927377,0.8553725047408633,"(68.31708689907735, -23.0)",833.1124219131636,-340.90555075973725,653.873910749373,687.9814697166092
884,1132,2011-02-09 10:23:00,2011-02-09,B5.4,"(0, 0)",11153,2011-02-09 10:19:00,2011-02-09 10:15:00,"(77.01185542917271, 15.0)",15.0,77.01185542917271,0.25881904510252074,0.9412141498071166,"(77.01185542917271, 15.0)",915.7212080454667,274.1402335085137,1394.201295259999,1422.2854768713016
895,1143,2011-02-10 09:33:00,2011-02-10,B4.4,"(0, 0)",11153,2011-02-10 09:28:00,2011-02-10 09:24:00,"(93.5165329301617, 15.0)",15.0,93.5165329301617,0.25881904510252074,0.9641071242152492,"(93.5165329301617, 15.0)",936.6207778652307,243.20475890435972,1290.4815642047365,1281.4536967462138
898,1146,2011-02-10 14:47:00,2011-02-10,B6.7,"(0, 0)",11156,2011-02-10 14:42:00,2011-02-10 14:38:00,"(-14.425951684556107, -14.0)",-14.0,-14.425951684556107,-0.2419218955996677,-0.2417283906114888,"(-14.425951684556107, -14.0)",-236.00509932716704,-129.69573026438064,1236.057706208767,1238.6057599269986
902,1168,2011-02-13 00:47:00,2011-02-13,B8.5,"(0, 0)",11158,2011-02-13 00:42:00,2011-02-13 00:36:00,"(-10.594483956106048, -19.0)",-19.0,-10.594483956106046,-0.3255681544571567,-0.17383994353606344,"(-10.594483956106048, -19.0)",-169.63331263757482,-209.34750333145382,616.5034898246731,
903,1173,2011-02-13 12:46:00,2011-02-13,C1.1,"(0, 0)",11158,2011-02-13 12:36:00,2011-02-13 12:29:00,"(-3.592515901434978, -20.0)",-20.0,-3.5925159014349783,-0.3420201433256687,-0.05888128488130617,"(-3.592515901434978, -20.0)",-57.459272911387416,-224.33732701751254,978.7285450085349,
909,1184,2011-02-14 09:04:00,2011-02-14,C1.8,"(0, 0)",11158,2011-02-14 08:49:00,2011-02-14 08:39:00,"(8.098597824355416, -20.0)",-20.0,8.098597824355416,-0.3420201433256687,0.1323810805903134,"(8.098597824355416, -20.0)",129.15545641003177,-224.37542747336622,,
912,1189,2011-02-14 17:32:00,2011-02-14,M2.2,"(18, 56)",11158,2011-02-14 17:26:00,2011-02-14 17:20:00,"(18, 56)",56.0,18.0,0.8290375725550417,0.17280011030633027,"(10.209689072229375, -21.0)",168.1650549864825,862.1753618252222,1090.733432891953,1062.5241079439584
918,1198,2011-02-15 18:57:00,2011-02-15,C1.7,"(0, 0)",11158,2011-02-15 18:44:00,2011-02-15 18:07:00,"(23.960055194985998, -21.0)",-21.0,23.960055194986,-0.3583679495453003,0.3791266837817357,"(23.960055194985998, -21.0)",369.6874995330696,-248.27517057061263,,
922,1206,2011-02-16 07:55:00,2011-02-16,M1.1,"(0, 0)",11161,2011-02-16 07:44:00,2011-02-16 07:35:00,"(-33.47439171183, 11.0)",11.0,-33.47439171183,0.1908089953765448,-0.5414304374705752,"(-33.47439171183, 11.0)",-527.5983877255612,279.8623053143162,1094.6354956041528,1096.799784774633
933,1217,2011-02-17 03:21:00,2011-02-17,C2.3,"(0, 0)",11158,2011-02-17 03:08:00,2011-02-17 02:46:00,"(40.808574757413396, -21.0)",-21.0,40.808574757413396,-0.3583679495453003,0.6101264448144537,"(40.808574757413396, -21.0)",594.2916815191379,-263.8834496686612,1167.1487367670852,1184.9853154977382
945,1230,2011-02-18 05:01:00,2011-02-18,C4.0,"(0, 0)",11161,2011-02-18 04:51:00,2011-02-18 04:44:00,"(-10.16434192436977, 12.0)",12.0,-10.164341924369769,0.20791169081775931,-0.17261585033692625,"(-10.16434192436977, 12.0)",-168.24957205305964,314.49267959744554,,168.6172186573799
960,1245,2011-02-18 18:25:00,2011-02-18,C3.2,"(0, 0)",11158,2011-02-18 18:21:00,2011-02-18 18:13:00,"(60.726906217141675, -19.0)",-19.0,60.726906217141675,-0.3255681544571567,0.8247748997347327,"(60.726906217141675, -19.0)",802.2693260795722,-260.0597157042437,,1035.8499128452531
963,1248,2011-02-19 01:41:00,2011-02-19,C1.3,"(0, 0)",11158,2011-02-19 01:37:00,2011-02-19 01:33:00,"(64.93654895851698, -19.0)",-19.0,64.93654895851698,-0.3255681544571567,0.8564878009009625,"(64.93654895851698, -19.0)",832.7009152421921,-266.9153540065206,,1064.622416739665
964,1249,2011-02-19 02:30:00,2011-02-19,C1.8,"(0, 0)",11158,2011-02-19 02:25:00,2011-02-19 02:21:00,"(65.39999586582435, -19.0)",-19.0,65.39999586582435,-0.3255681544571567,0.85969960230936,"(65.39999586582435, -19.0)",835.7963411047659,-267.7257594754954,,1067.6216116954517
971,1256,2011-02-19 15:41:00,2011-02-19,C1.5,"(0, 0)",11158,2011-02-19 15:29:00,2011-02-19 15:24:00,"(73.06622146595691, -19.0)",-19.0,73.0662214659569,-0.3255681544571567,0.904522814565632,"(73.06622146595691, -19.0)",878.8867312686447,-281.5189762335484,,929.8388511028672
972,1257,2011-02-19 16:32:00,2011-02-19,C1.9,"(0, 0)",11158,2011-02-19 16:30:00,2011-02-19 16:26:00,"(73.65518524399337, -19.0)",-19.0,73.65518524399337,-0.3255681544571567,0.9073058874338576,"(73.65518524399337, -19.0)",881.5525075878703,-282.6049856888988,,
975,1260,2011-02-20 01:45:00,2011-02-20,C1.2,"(0, 0)",11161,2011-02-20 01:23:00,2011-02-20 00:46:00,"(15.809537689478685, 11.0)",11.0,15.809537689478686,0.1908089953765448,0.26743492018323106,"(15.809537689478685, 11.0)",260.5384950506459,296.73459971788463,,893.9744540692278
976,1261,2011-02-20 03:31:00,2011-02-20,C1.4,"(0, 0)",11162,2011-02-20 03:19:00,2011-02-20 02:45:00,"(20.924528401826954, 18.0)",18.0,20.924528401826954,0.3090169943749474,0.3396583278049967,"(20.924528401826954, 18.0)",330.7897360510377,404.22659936639724,,
978,1264,2011-02-20 19:09:00,2011-02-20,B6.2,"(0, 0)",11161,2011-02-20 18:37:00,2011-02-20 17:46:00,"(24.84963043732994, 11.0)",11.0,24.849630437329942,0.1908089953765448,0.4125172946681016,"(24.84963043732994, 11.0)",401.7780498748244,290.27370659282064,,
979,1265,2011-02-20 20:02:00,2011-02-20,B6.8,"(0, 0)",11161,2011-02-20 19:52:00,2011-02-20 19:40:00,"(25.581140397702242, 11.0)",11.0,25.581140397702235,0.1908089953765448,0.4238556984482213,"(25.581140397702242, 11.0)",412.81091718252566,289.63213715530213,,
980,1266,2011-02-20 23:06:00,2011-02-20,B3.2,"(0, 0)",11161,2011-02-20 23:03:00,2011-02-20 23:00:00,"(27.444052430117047, 11.0)",11.0,27.44405243011705,0.1908089953765448,0.4524145492737824,"(27.444052430117047, 11.0)",440.5960852119355,287.9203650470437,,
981,1267,2011-02-20 23:49:00,2011-02-20,B5.2,"(0, 0)",11161,2011-02-20 23:36:00,2011-02-20 23:31:00,"(27.765916812680864, 11.0)",11.0,27.765916812680864,0.1908089953765448,0.4573011858205842,"(27.765916812680864, 11.0)",445.3497202673108,287.6133762626442,,
982,1268,2011-02-21 01:50:00,2011-02-21,B8.8,"(0, 0)",11161,2011-02-21 01:46:00,2011-02-21 01:41:00,"(29.033867410659525, 11.0)",11.0,29.03386741065952,0.1908089953765448,0.4764097061831834,"(29.033867410659525, 11.0)",463.83344136492383,286.75781821620717,,758.2261790081458
984,1270,2011-02-21 03:18:00,2011-02-21,C1.8,"(0, 0)",11158,2011-02-21 03:15:00,2011-02-21 03:10:00,"(89.87591530689156, -21.0)",-21.0,89.87591530689156,-0.3583679495453003,0.9335782371596344,"(89.87591530689156, -21.0)",905.584501627594,-344.7610858672395,,
985,1271,2011-02-21 04:13:00,2011-02-21,C1.5,"(0, 0)",11158,2011-02-21 04:10:00,2011-02-21 04:04:00,"(90.40501962421993, -21.0)",-21.0,90.40501962421992,-0.3583679495453003,0.9335571012206536,"(90.40501962421993, -21.0)",905.5275633779956,-345.7718310701183,,
991,1278,2011-02-21 18:47:00,2011-02-21,C1.4,"(0, 0)",11161,2011-02-21 18:35:00,2011-02-21 18:25:00,"(38.83012350505334, 11.0)",11.0,38.83012350505334,0.1908089953765448,0.6154934616955459,"(38.83012350505334, 11.0)",598.9824235453484,275.47394543743553,686.4951681528346,
992,1279,2011-02-22 11:12:00,2011-02-22,B6.5,"(0, 0)",11161,2011-02-22 10:48:00,2011-02-22 10:33:00,"(48.32024605761672, 11.0)",11.0,48.32024605761672,0.1908089953765448,0.733151037385283,"(48.32024605761672, 11.0)",712.947924877447,262.24323955637703,746.9775690476681,
1119,1423,2011-03-09 15:53:00,2011-03-09,C2.6,"(75, -27)",11170,2011-03-09 15:48:00,2011-03-09 15:42:00,"(75, -27)",-27.0,75.0,-0.4539904997395468,0.8606462131056001,"(75.30843694554999, -25.0)",832.5143254713076,-407.50173227195694,815.8194461852737,1102.5944033184544
1120,1424,2011-03-09 16:53:00,2011-03-09,C2.7,"(0, 0)",11169,2011-03-09 16:48:00,2011-03-09 16:42:00,"(-22.16369425353788, 20.0)",20.0,-22.16369425353788,0.3420201433256687,-0.3545028268844289,"(-22.16369425353788, 20.0)",-343.7778848959397,435.4806665252152,1216.107599573623,347.96823686044655
1133,1441,2011-03-11 07:08:00,2011-03-11,C3.0,"(28, 12)",11166,2011-03-11 07:03:00,2011-03-11 06:59:00,"(28, 12)",12.0,28.0,0.20791169081775931,0.4592124827517693,"(30.132178519123762, 9.0)",445.1101723049961,305.319271566369,,
1161,1470,2011-03-14 07:18:00,2011-03-14,B9.9,"(-46, 12)",11172,2011-03-14 07:11:00,2011-03-14 07:05:00,"(-46, 12)",12.0,-46.0,0.20791169081775931,-0.7036204998135864,"(-39.800107798637015, 12.0)",-680.8891235181363,281.9653193463487,292.5608278508151,
1162,1471,2011-03-14 08:25:00,2011-03-14,C1.4,"(0, 0)",11172,2011-03-14 08:15:00,2011-03-14 08:07:00,"(-39.17645791258776, 12.0)",12.0,-39.17645791258776,0.20791169081775931,-0.6179064373716628,"(-39.17645791258776, 12.0)",-598.1640164376131,291.621726752277,1195.66712179048,1251.7037998310366
1173,1482,2011-03-15 04:30:00,2011-03-15,B7.5,"(0, 0)",11169,2011-03-15 04:20:00,2011-03-15 04:15:00,"(49.51445921846738, 18.0)",18.0,49.51445921846738,0.3090169943749474,0.7233448993137033,"(49.51445921846738, 18.0)",699.5465197187208,371.1267999820734,324.9181743216421,
1175,1484,2011-03-15 07:07:00,2011-03-15,C1.4,"(0, 0)",11169,2011-03-15 06:57:00,2011-03-15 06:52:00,"(51.03280574654191, 18.0)",18.0,51.03280574654191,0.3090169943749474,0.7394523027335276,"(51.03280574654191, 18.0)",715.0593828877278,368.7510667053259,1498.129252357857,
1176,1485,2011-03-15 08:14:00,2011-03-15,B6.9,"(0, 0)",11172,2011-03-15 08:11:00,2011-03-15 08:07:00,"(-25.22555147470063, 14.0)",14.0,-25.225551474700627,0.2419218955996677,-0.4135233140348581,"(-25.22555147470063, 14.0)",-400.419816818453,338.62716342888,1338.8897734787915,1331.529876076295
1192,1503,2011-03-19 16:52:00,2011-03-19,B2.7,"(0, 0)",11172,2011-03-19 16:34:00,2011-03-19 16:21:00,"(35.78492781976415, 11.0)",11.0,35.78492781976415,0.1908089953765448,0.5740008972762621,"(35.78492781976415, 11.0)",555.0125794673946,278.1095153036871,258.71599119528673,
1193,1504,2011-03-19 20:19:00,2011-03-19,B3.4,"(0, 0)",11172,2011-03-19 20:16:00,2011-03-19 20:13:00,"(37.95019730246618, 11.0)",11.0,37.95019730246618,0.1908089953765448,0.6036774407879538,"(37.95019730246618, 11.0)",583.6468291312505,275.42516798066606,863.5971006178983,878.5786819190387
1195,1507,2011-03-20 07:47:00,2011-03-20,B7.1,"(0, 0)",11175,2011-03-20 07:33:00,2011-03-20 07:25:00,"(26.40493927079555, 14.0)",14.0,26.404939270795552,0.2419218955996677,0.4315025350704,"(26.40493927079555, 14.0)",417.2410630566253,335.4574806350109,932.5021179638522,
1203,1520,2011-03-24 11:25:00,2011-03-24,B5.8,"(0, 0)",11176,2011-03-24 11:20:00,2011-03-24 11:08:00,"(-51.39570001318668, -15.0)",-15.0,-51.39570001318668,-0.25881904510252074,-0.7548455798661192,"(-51.39570001318668, -15.0)",-728.3669192715024,-177.75015338871412,1486.6754266430908,1711.4673859159816
1229,1549,2011-03-30 07:14:00,2011-03-30,B9.6,"(0, 0)",11183,2011-03-30 07:01:00,2011-03-30 06:53:00,"(-34.91116133169352, 15.0)",15.0,-34.91116133169352,0.25881904510252074,-0.5528047883580165,"(-34.91116133169352, 15.0)",-532.7953163624443,336.4476974996414,1308.2440364224278,
1241,1561,2011-04-02 14:42:00,2011-04-02,B4.1,"(0, 0)",11183,2011-04-02 14:38:00,2011-04-02 14:33:00,"(6.541740305016055, 15.0)",15.0,6.541740305016055,0.25881904510252074,0.1100450378683583,"(6.541740305016055, 15.0)",106.05210178553854,352.74670926087043,322.0864109710303,348.45686960045015
1265,1593,2011-04-12 06:11:00,2011-04-12,C3.1,"(0, 0)",11190,2011-04-12 06:07:00,2011-04-12 05:46:00,"(-21.423757684686276, 12.0)",12.0,-21.423757684686283,0.20791169081775931,-0.35728094621360984,"(-21.423757684686276, 12.0)",-343.2769339192646,288.23663237181734,616.4797404226239,603.4485794426398
1272,1600,2011-04-13 10:45:00,2011-04-13,C1.4,"(0, 0)",11185,2011-04-13 10:41:00,2011-04-13 10:37:00,"(40.217377661731064, 16.0)",16.0,40.21737766173105,0.2756373558169992,0.6206764063636601,"(40.217377661731064, 16.0)",595.6763728816034,334.3630018874078,,1479.7956296730283
1275,1604,2011-04-13 20:11:00,2011-04-13,B9.1,"(0, 0)",11193,2011-04-13 20:09:00,2011-04-13 20:06:00,"(-73.23741312628296, 17.0)",17.0,-73.23741312628295,0.2923717047227368,-0.9156694791885088,"(-73.23741312628296, 17.0)",-876.9177260658125,305.2537473386061,,
1276,1605,2011-04-13 23:15:00,2011-04-13,B9.4,"(-71, 15)",11193,2011-04-13 22:59:00,2011-04-13 22:52:00,"(-71, 15)",15.0,-71.0,0.25881904510252074,-0.9133008114074328,"(-71.59083203767645, 17.0)",-874.8193632819039,277.0816425954674,,
1277,1606,2011-04-14 00:57:00,2011-04-14,C1.5,"(-1, 11)",11190,2011-04-14 00:48:00,2011-04-14 00:41:00,"(-1, 11)",11.0,-1.0,0.1908089953765448,-0.017131756575414492,"(0.467737414536945, 12.0)",-16.456730256663832,276.409471089867,,
1278,1607,2011-04-14 01:38:00,2011-04-14,C1.4,"(-70, 16)",11193,2011-04-14 01:35:00,2011-04-14 01:31:00,"(-70, 16)",16.0,-70.0,0.2756373558169992,-0.9032905223173858,"(-70.07985174460225, 17.0)",-865.0434696971388,294.0513767929406,,
1279,1608,2011-04-14 03:23:00,2011-04-14,C2.0,"(-70, 15)",11193,2011-04-14 02:58:00,2011-04-14 02:49:00,"(-70, 15)",15.0,-70.0,0.25881904510252074,-0.9076733711903686,"(-69.2759327425179, 17.0)",-869.2538663780169,278.18213068779994,,833.605724060717
1281,1610,2011-04-14 06:20:00,2011-04-14,B8.5,"(0, 0)",11193,2011-04-14 06:18:00,2011-04-14 06:15:00,"(-67.3387785206279, 17.0)",17.0,-67.3387785206279,0.2923717047227368,-0.8824771340016591,"(-67.3387785206279, 17.0)",-845.2599629761835,313.8419656913391,,961.433044295296
1288,1617,2011-04-14 19:01:00,2011-04-14,B8.2,"(42, 22)",11186,2011-04-14 18:59:00,2011-04-14 18:56:00,"(42, 22)",22.0,42.0,0.374606593415912,0.6204070948124178,"(46.10435637243919, 21.0)",595.1028661482212,423.4540608439417,,431.54938653052074
1311,1643,2011-04-16 20:28:00,2011-04-16,C1.0,"(0, 0)",11185,2011-04-16 20:17:00,2011-04-16 19:59:00,"(90.83402007187237, 14.0)",14.0,90.83402007187237,0.2419218955996677,0.9701929307543252,"(90.83402007187237, 14.0)",927.1477459550587,228.78688540972027,,1507.4449492066747
1315,1647,2011-04-17 08:11:00,2011-04-17,B8.0,"(0, 0)",11185,2011-04-17 08:06:00,2011-04-17 08:02:00,"(97.72828484669367, 14.0)",14.0,97.72828484669368,0.2419218955996677,0.9614824669773684,"(97.72828484669367, 14.0)",918.0787251559374,218.0250723594429,,
1353,1692,2011-04-23 02:50:00,2011-04-23,B8.6,"(0, 0)",11195,2011-04-23 02:47:00,2011-04-23 02:43:00,"(-26.384943501984417, -18.0)",-18.0,-26.384943501984417,-0.3090169943749474,-0.4226493102274576,"(-26.384943501984417, -18.0)",-404.8266521903088,-224.0886191685266,265.8071882519557,1201.0901706842712
1374,1716,2011-04-28 10:52:00,2011-04-28,B8.0,"(0, 0)",11196,2011-04-28 10:47:00,2011-04-28 10:41:00,"(24.402792953210202, -23.0)",-23.0,24.402792953210202,-0.39073112848927377,0.3803054955990857,"(24.402792953210202, -23.0)",363.7566970921417,-309.5176663326382,724.6061884257454,762.1832999278787
1392,1737,2011-05-01 12:06:00,2011-05-01,B6.6,"(0, 0)",11195,2011-05-01 12:01:00,2011-05-01 11:58:00,"(86.02606156195846, -16.0)",-16.0,86.02606156195844,-0.2756373558169992,0.9589505118493059,"(86.02606156195846, -16.0)",913.1955835626358,-257.11079412616,1822.5275429400742,1821.7453454953277
1393,1738,2011-05-01 13:06:00,2011-05-01,B5.8,"(0, 0)",11203,2011-05-01 12:50:00,2011-05-01 12:37:00,"(-44.46894641449876, 19.0)",19.0,-44.46894641449876,0.3255681544571567,-0.6623571202231494,"(-44.46894641449876, 19.0)",-632.3975662201974,357.3603100822114,1667.0925335137695,
1397,1743,2011-05-02 14:07:00,2011-05-02,C1.2,"(0, 0)",11199,2011-05-02 14:05:00,2011-05-02 14:01:00,"(94.17199246001897, 18.0)",18.0,94.17199246001896,0.3090169943749474,0.9485363674049432,"(94.17199246001897, 18.0)",902.3070863763259,288.47388507664556,1121.4138651117312,
1401,1748,2011-05-03 10:56:00,2011-05-03,C1.3,"(0, 0)",11204,2011-05-03 10:52:00,2011-05-03 10:47:00,"(-31.684877236638584, 17.0)",17.0,-31.684877236638584,0.2923717047227368,-0.5022962691598173,"(-31.684877236638584, 17.0)",-479.64930286402705,332.89503327893925,184.10706318087273,184.13610994972802
1407,1759,2011-05-07 15:49:00,2011-05-07,B3.3,"(0, 0)",11203,2011-05-07 15:38:00,2011-05-07 15:30:00,"(36.137742903056086, 17.0)",17.0,36.13774290305609,0.2923717047227368,0.5639601530769826,"(36.137742903056086, 17.0)",537.912334419011,324.5251778080056,194.1206934687521,193.74840644239353
1414,1767,2011-05-11 20:54:00,2011-05-11,B3.2,"(0, 0)",11210,2011-05-11 20:36:00,2011-05-11 20:28:00,"(19.030350643943663, 19.0)",19.0,19.030350643943667,0.3255681544571567,0.30830426578816017,"(19.030350643943663, 19.0)",293.9618065542907,356.98410378673685,605.2424558583199,
1419,1775,2011-05-15 13:12:00,2011-05-15,B3.0,"(0, 0)",11214,2011-05-15 13:08:00,2011-05-15 13:04:00,"(-7.217274616872776, -25.0)",-25.0,-7.217274616872777,-0.42261826174069933,-0.1138615765608688,"(-7.217274616872776, -25.0)",-108.49224576502365,-361.61135341043683,969.8551737079453,941.3273740752994
1432,1790,2011-05-18 05:44:00,2011-05-18,B2.7,"(0, 0)",11218,2011-05-18 05:33:00,2011-05-18 05:25:00,"(-76.73734332532962, -16.0)",-16.0,-76.73734332532963,-0.2756373558169992,-0.935623504776214,"(-76.73734332532962, -16.0)",-888.1202428868392,-252.7383092151469,,
1440,1806,2011-05-24 23:30:00,2011-05-24,B2.0,"(0, 0)",11220,2011-05-24 22:37:00,2011-05-24 22:11:00,"(93.19120405402987, 12.0)",12.0,93.19120405402988,0.20791169081775931,0.9766308088022164,"(93.19120405402987, 12.0)",924.6890504959333,195.26045533693338,166.50410000393046,
1445,1811,2011-05-25 22:39:00,2011-05-25,B3.0,"(0, 0)",11223,2011-05-25 22:31:00,2011-05-25 22:25:00,"(-28.849962764466994, -15.0)",-15.0,-28.849962764466998,-0.25881904510252074,-0.4660762531920302,"(-28.849962764466994, -15.0)",-443.063778971009,-224.07509236435467,,
1470,1844,2011-05-29 01:45:00,2011-05-29,C4.6,"(0, 0)",11216,2011-05-29 01:42:00,2011-05-29 01:33:00,"(90.98934870748295, -16.0)",-16.0,90.98934870748295,-0.2756373558169992,0.9611183932403036,"(90.98934870748295, -16.0)",909.3802664806478,-261.048471379702,1742.2423705919043,1717.2752886360718
1471,1845,2011-05-29 02:03:00,2011-05-29,C5.9,"(0, 0)",11224,2011-05-29 01:59:00,2011-05-29 01:54:00,"(29.146943555951406, 20.0)",20.0,29.14694355595141,0.3420201433256687,0.4576783394901723,"(29.146943555951406, 20.0)",434.689173614394,339.4966046268339,1421.5464447966492,1416.9786225258129
1472,1846,2011-05-29 05:35:00,2011-05-29,C1.0,"(0, 0)",11216,2011-05-29 05:31:00,2011-05-29 05:26:00,"(93.21053355075348, -16.0)",-16.0,93.21053355075348,-0.2756373558169992,0.9597529810918349,"(93.21053355075348, -16.0)",907.9333119716559,-261.66890137110954,1734.6099866301784,
1479,1857,2011-05-30 02:55:00,2011-05-30,C3.2,"(0, 0)",11224,2011-05-30 02:52:00,2011-05-30 02:47:00,"(42.657767156501194, 20.0)",20.0,42.6577671565012,0.3420201433256687,0.6367524262115419,"(42.657767156501194, 20.0)",604.3067613291303,335.5538537189425,1492.798606112576,1496.9698962824905
1522,1903,2011-06-11 08:58:00,2011-06-11,B2.9,"(0, 0)",11234,2011-06-11 08:49:00,2011-06-11 08:39:00,"(-37.868966017073745, -16.0)",-16.0,-37.86896601707375,-0.2756373558169992,-0.590077899935886,"(-37.868966017073745, -16.0)",-559.2845183553663,-267.34573958927916,1562.5746686925334,1563.4400681155432
1525,1907,2011-06-12 17:22:00,2011-06-12,B8.6,"(0, 0)",11232,2011-06-12 17:14:00,2011-06-12 17:03:00,"(70.10748700932926, 8.0)",8.0,70.10748700932926,0.13917310096006544,0.931181345189237,"(70.10748700932926, 8.0)",880.7992814526862,128.2620501136567,1793.4425677887116,1769.0249443157056
1527,1909,2011-06-13 06:18:00,2011-06-13,B9.7,"(0, 0)",11234,2011-06-13 06:16:00,2011-06-13 06:12:00,"(-14.348210595526755, -15.0)",-15.0,-14.348210595526755,-0.25881904510252074,-0.2393702205243706,"(-14.348210595526755, -15.0)",-227.0155885676786,-256.69360930034475,860.5998140537256,840.1334786363573
1528,1910,2011-06-13 14:49:00,2011-06-13,B5.4,"(0, 0)",11234,2011-06-13 14:45:00,2011-06-13 14:42:00,"(-12.383220908363088, -16.0)",-16.0,-12.383220908363088,-0.2756373558169992,-0.20614189694669888,"(-12.383220908363088, -16.0)",-195.50489753257807,-272.68352691056134,895.273911133878,874.874900060736
1529,1911,2011-06-13 15:55:00,2011-06-13,B4.7,"(0, 0)",11234,2011-06-13 15:47:00,2011-06-13 15:44:00,"(-11.781852086167572, -16.0)",-16.0,-11.781852086167572,-0.2756373558169992,-0.19627617516905524,"(-11.781852086167572, -16.0)",-186.1500633585365,-272.7115818939344,896.9459879587932,882.2731555661595
1530,1912,2011-06-13 19:41:00,2011-06-13,B5.3,"(0, 0)",11235,2011-06-13 19:37:00,2011-06-13 19:33:00,"(-1.559848958421238, 14.0)",14.0,-1.559848958421238,0.2419218955996677,-0.026412553157728304,"(-1.559848958421238, 14.0)",-25.053994052359485,217.79421092947345,885.55159143236,859.102819602361
1533,1917,2011-06-14 02:20:00,2011-06-14,B5.7,"(0, 0)",11234,2011-06-14 02:12:00,2011-06-14 02:04:00,"(-5.719666378551482, -16.0)",-16.0,-5.719666378551482,-0.2756373558169992,-0.09580058045504447,"(-5.719666378551482, -16.0)",-90.85537002338242,-274.77888987573886,976.2722562140723,
1566,1955,2011-06-22 05:04:00,2011-06-22,B2.8,"(0, 0)",11239,2011-06-22 04:58:00,2011-06-22 04:53:00,"(2.8819571042433783, 18.0)",18.0,2.8819571042433783,0.3090169943749474,0.04781763125803317,"(2.8819571042433783, 18.0)",45.320085773981276,264.56200624514116,297.3848971334697,
1576,1966,2011-06-27 12:20:00,2011-06-27,B3.2,"(35, 20)",11241,2011-06-27 12:16:00,2011-06-27 12:13:00,"(35, 20)",20.0,35.0,0.3420201433256687,0.5389855446957562,"(39.19161811614987, 18.0)",510.27248266874005,293.38561861301525,1422.3189348224535,1393.0710321512818
1584,1974,2011-06-29 20:02:00,2011-06-29,B2.5,"(0, 0)",11240,2011-06-29 19:52:00,2011-06-29 19:48:00,"(78.60159274546189, -18.0)",-18.0,78.60159274546189,-0.3090169943749474,0.932298513682538,"(78.60159274546189, -18.0)",880.0972826357914,-299.45215553576566,1730.566760260341,
1609,2006,2011-07-07 03:52:00,2011-07-07,B1.5,"(0, 0)",11243,2011-07-07 03:50:00,2011-07-07 03:47:00,"(48.23380734848097, 15.0)",15.0,48.233807348480966,0.25881904510252074,0.7204542818436623,"(48.23380734848097, 15.0)",681.5724081222877,207.5471690564658,234.3803673233703,210.0721153823858
1613,2010,2011-07-07 09:11:00,2011-07-07,B1.7,"(0, 0)",11243,2011-07-07 09:08:00,2011-07-07 09:04:00,"(51.32228881290249, 15.0)",15.0,51.322288812902485,0.25881904510252074,0.7540727688720839,"(51.32228881290249, 15.0)",713.2465072678882,209.78584860890982,196.97837986751298,179.2793564255631
1615,2013,2011-07-07 16:01:00,2011-07-07,B3.1,"(-63, 16)",11245,2011-07-07 15:58:00,2011-07-07 15:49:00,"(-63, 16)",16.0,-63.0,0.2756373558169992,-0.8564904425334172,"(-62.681283225947084, 15.0)",-809.5023558458706,235.06300383809167,1720.5607079976378,1692.3926209814465
1622,2023,2011-07-09 02:09:00,2011-07-08,B4.7,"(-32, -25)",11247,2011-07-09 00:28:00,2011-07-08 23:57:00,"(-32, -25)",-25.0,-32.0,-0.42261826174069933,-0.4802699556752857,"(-10.729212084165052, -18.0)",-454.53123372674327,-444.5665620569887,184.98835151799895,
1625,2026,2011-07-11 01:20:00,2011-07-11,B3.6,"(0, 0)",11245,2011-07-11 01:17:00,2011-07-11 01:12:00,"(-17.252160148552022, 15.0)",15.0,-17.252160148552026,0.25881904510252074,-0.2864719446429549,"(-17.252160148552022, 15.0)",-271.3853073260907,185.39321865591052,716.2220731389465,704.4434128610659
1637,2046,2011-07-17 11:36:00,2011-07-17,B4.1,"(48, 20)",11257,2011-07-17 11:32:00,2011-07-17 11:28:00,"(48, 20)",20.0,48.0,0.3420201433256687,0.6983277086763391,"(48.77795236112676, 19.0)",660.8512635797531,276.2336487653831,930.9449380833122,933.2121452269866
1640,2049,2011-07-18 15:24:00,2011-07-18,B4.3,"(0, 0)",11254,2011-07-18 15:17:00,2011-07-18 15:12:00,"(-16.021221802597832, -22.0)",-22.0,-16.021221802597832,-0.374606593415912,-0.2558966049177424,"(-16.021221802597832, -22.0)",-242.40521602055196,-421.00232067359076,973.5776675149791,992.2499837057369
1660,2077,2011-07-26 16:00:00,2011-07-26,B6.9,"(0, 0)",11261,2011-07-26 15:56:00,2011-07-26 15:53:00,"(-78.6945566119779, 16.0)",16.0,-78.69455661197792,0.2756373558169992,-0.9426094107578228,"(-78.6945566119779, 16.0)",-890.775133565262,242.99187247506916,171.7311188092099,163.83505743391305
1769,2204,2011-08-07 01:06:00,2011-08-07,B9.2,"(0, 0)",11263,2011-08-07 01:03:00,2011-08-07 01:00:00,"(42.60927281062863, 18.0)",18.0,42.60927281062863,0.3090169943749474,0.6438605933303445,"(42.60927281062863, 18.0)",610.7972401747146,220.16356064663464,297.54753874906083,
1801,2244,2011-08-11 23:24:00,2011-08-11,B6.8,"(0, 0)",11266,2011-08-11 23:09:00,2011-08-11 22:54:00,"(48.50758766098591, 19.0)",19.0,48.507587660985905,0.3255681544571567,0.7082345098745694,"(48.50758766098591, 19.0)",672.0784042455573,240.70359624154844,228.98694360316514,230.42130589488764
1810,2256,2011-08-16 15:48:00,2011-08-16,B4.2,"(0, 0)",11271,2011-08-16 15:42:00,2011-08-16 15:39:00,"(-67.83667851975446, 15.0)",15.0,-67.83667851975446,0.25881904510252074,-0.8945557634911872,"(-67.83667851975446, 15.0)",-848.5773761195787,203.7214951174133,562.5985023830315,549.7726843226486
1812,2258,2011-08-17 00:20:00,2011-08-17,B3.8,"(0, 0)",11271,2011-08-17 00:11:00,2011-08-17 00:06:00,"(-62.89316573550743, 15.0)",15.0,-62.89316573550743,0.25881904510252074,-0.8598270466718424,"(-62.89316573550743, 15.0)",-816.0640823399717,195.12018173213437,542.961092177735,544.2346586876091
1836,2290,2011-08-21 20:27:00,2011-08-21,B3.5,"(0, 0)",11274,2011-08-21 20:20:00,2011-08-21 20:17:00,"(-59.12761933870316, 18.0)",18.0,-59.127619338703155,0.3090169943749474,-0.816303560861603,"(-59.12761933870316, 18.0)",-775.5305633485477,235.8983847058452,930.7751384380101,
1863,2327,2011-08-26 13:36:00,2011-08-26,B9.0,"(0, 0)",11279,2011-08-26 13:33:00,2011-08-26 13:30:00,"(-67.10365227821707, 13.0)",13.0,-67.10365227821707,0.224951054343865,-0.8975996501669276,"(-67.10365227821707, 13.0)",-853.1655766146741,167.9644922806108,1645.3140309860373,1661.9469604785959
1865,2329,2011-08-27 04:52:00,2011-08-27,B8.7,"(0, 0)",11275,2011-08-27 04:46:00,2011-08-27 04:42:00,"(-2.2027148366474427, 7.0)",7.0,-2.2027148366474427,0.12186934340514748,-0.0381486671258458,"(-2.2027148366474427, 7.0)",-36.36796841983596,-1.227322657745266,942.2273992430818,957.6993951045912
1872,2342,2011-08-30 08:47:00,2011-08-30,B5.0,"(0, 0)",11274,2011-08-30 08:39:00,2011-08-30 08:33:00,"(50.09301176842902, 18.0)",18.0,50.09301176842902,0.3090169943749474,0.729543004325204,"(50.09301176842902, 18.0)",694.8118234099177,219.69188081639004,1615.8877380977212,
1879,2355,2011-09-02 00:15:00,2011-09-02,B6.3,"(0, 0)",11281,2011-09-02 00:09:00,2011-09-02 00:04:00,"(-11.913419293528083, -21.0)",-21.0,-11.913419293528085,-0.3583679495453003,-0.1927221416256041,"(-11.913419293528083, -21.0)",-183.86304227803976,-448.4535663845477,1089.608903215912,784.1034559213573
1918,2402,2011-09-10 17:21:00,2011-09-10,B8.1,"(0, 0)",11291,2011-09-10 17:19:00,2011-09-10 17:16:00,"(-0.8417150387928243, 23.0)",23.0,-0.8417150387928243,0.39073112848927377,-0.013522373132835169,"(-0.8417150387928243, 23.0)",-12.933024124868098,259.6117409133732,450.8632717838531,409.1829689061577
1925,2409,2011-09-12 02:30:00,2011-09-12,C1.7,"(0, 0)",11292,2011-09-12 02:26:00,2011-09-12 02:22:00,"(-64.57283065438871, 8.0)",8.0,-64.57283065438871,0.13917310096006544,-0.8943425760889444,"(-64.57283065438871, 8.0)",-853.7354264496798,80.62911987010769,240.28611005165575,266.27216988720414
1926,2410,2011-09-12 03:33:00,2011-09-12,C2.0,"(0, 0)",11292,2011-09-12 03:29:00,2011-09-12 03:24:00,"(-63.956997306624935, 8.0)",8.0,-63.956997306624935,0.13917310096006544,-0.8897209812555028,"(-63.956997306624935, 8.0)",-849.3611105571063,79.47885963566034,270.901428074401,267.91676272481175
1956,2451,2011-09-17 08:10:00,2011-09-17,C1.4,"(0, 0)",11290,2011-09-17 08:08:00,2011-09-17 08:05:00,"(73.75053000282286, -13.0)",-13.0,73.75053000282286,-0.224951054343865,0.9354463609326794,"(73.75053000282286, -13.0)",893.3354798041089,-245.69661710165047,,
1967,2465,2011-09-20 07:00:00,2011-09-20,C2.0,"(-58, 21)",11301,2011-09-20 06:56:00,2011-09-20 06:44:00,"(-58, 21)",21.0,-58.0,0.3583679495453003,-0.7917211032998561,"(-58.9905166447413, 20.0)",-757.7161025431451,281.6144460428225,954.7210464212358,
1975,2475,2011-09-21 07:47:00,2011-09-21,C1.9,"(40, 24)",11295,2011-09-21 07:41:00,2011-09-21 07:37:00,"(40, 24)",24.0,40.0,0.4067366430758002,0.5872157010580831,"(39.41653524409848, 23.0)",562.6939155137412,303.887683125422,165.60278755906288,220.2414716272093
1977,2477,2011-09-21 12:45:00,2011-09-21,M1.8,"(0, 0)",11301,2011-09-21 12:23:00,2011-09-21 12:04:00,"(-47.71781225628681, 20.0)",20.0,-47.71781225628681,0.3420201433256687,-0.6952224583095886,"(-47.71781225628681, 20.0)",-665.9574034914158,250.2679986458194,256.309334368633,253.85952997550146
1999,2503,2011-09-24 07:08:00,2011-09-24,C5.9,"(76, 24)",11295,2011-09-24 07:04:00,2011-09-24 07:01:00,"(76, 24)",24.0,76.0,0.4067366430758002,0.8864092533094649,"(78.05286427688868, 24.0)",848.2112581357679,360.4715683060945,1572.0256759989675,
2021,2527,2011-09-26 01:57:00,2011-09-26,C9.5,"(78, -28)",11303,2011-09-26 01:47:00,2011-09-26 01:39:00,"(78, -28)",-28.0,78.0,-0.4694715627858908,0.8636530695286484,"(79.01212758739501, -28.0)",826.3445709156717,-467.1346562193234,1497.205384855048,1479.9659063144381
2052,2568,2011-10-02 06:46:00,2011-10-02,C2.4,"(48, 15)",11302,2011-10-02 06:34:00,2011-10-02 06:26:00,"(48, 15)",15.0,48.0,0.25881904510252074,0.7178227796016975,"(44.82160187008118, 16.0)",689.7506713115533,174.5937629756368,1145.2227378340776,
2074,2601,2011-10-08 09:24:00,2011-10-08,B7.0,"(0, 0)",11313,2011-10-08 09:17:00,2011-10-08 09:13:00,"(-33.59738009737254, -16.0)",-16.0,-33.59738009737254,-0.2756373558169992,-0.53191748788245,"(-33.59738009737254, -16.0)",-512.2425960592636,-349.37545779478813,828.2361437478107,833.239720784857
2078,2606,2011-10-10 04:50:00,2011-10-10,B8.8,"(0, 0)",11314,2011-10-10 04:45:00,2011-10-10 04:39:00,"(-69.28922862663572, 26.0)",26.0,-69.28922862663572,0.4383711467890774,-0.8407117841878501,"(-69.28922862663572, 26.0)",-808.569795734843,385.83071213555235,944.2532750734781,956.6786027245124
2086,2617,2011-10-12 06:23:00,2011-10-12,C4.4,"(0, 0)",11314,2011-10-12 06:18:00,2011-10-12 06:12:00,"(-41.41430541952765, 27.0)",27.0,-41.41430541952765,0.4539904997395468,-0.5894000405253484,"(-41.41430541952765, 27.0)",-568.1209544389503,366.46375381121237,337.46601068625716,298.60911155506767
2089,2620,2011-10-12 10:48:00,2011-10-12,C1.7,"(0, 0)",11314,2011-10-12 10:40:00,2011-10-12 10:33:00,"(-38.92898272089338, 27.0)",27.0,-38.92898272089338,0.4539904997395468,-0.5598698718564323,"(-38.92898272089338, 27.0)",-539.7195646653927,363.94507274404407,337.40603004911605,312.9028400448597
2093,2624,2011-10-12 16:35:00,2011-10-12,C1.3,"(0, 0)",11319,2011-10-12 16:31:00,2011-10-12 16:27:00,"(-46.38903449437992, 8.0)",8.0,-46.38903449437992,0.13917310096006544,-0.7169935597034865,"(-46.38903449437992, 8.0)",-691.0464282434987,63.21121263687125,328.8974646616095,284.2264598350428
2097,2628,2011-10-12 20:04:00,2011-10-12,C1.4,"(0, 0)",11314,2011-10-12 19:50:00,2011-10-12 19:43:00,"(-35.38392431628557, 25.0)",25.0,-35.38392431628557,0.42261826174069933,-0.5247997410902359,"(-35.38392431628557, 25.0)",-506.0114973455484,329.2372420851755,301.6193893973571,
2144,2691,2011-10-23 05:34:00,2011-10-23,C2.1,"(0, 0)",11330,2011-10-23 05:31:00,2011-10-23 05:28:00,"(-62.75857395590101, 4.0)",4.0,-62.758573955901014,0.0697564737441253,-0.8869198815490229,"(-62.75857395590101, 4.0)",-856.5192641683097,26.57790200800526,,325.83707754125214
2149,2699,2011-10-27 01:10:00,2011-10-27,B6.9,"(0, 0)",11330,2011-10-27 01:02:00,2011-10-27 00:53:00,"(-17.394337900270276, 9.0)",9.0,-17.394337900270276,0.15643446504023087,-0.29526596321598325,"(-17.394337900270276, 9.0)",-286.1166915031163,72.84659765515174,845.1466013258831,862.7316606990398
2159,2711,2011-10-30 09:54:00,2011-10-30,C2.4,"(26, 6)",11330,2011-10-30 09:39:00,2011-10-30 09:24:00,"(26, 6)",6.0,26.0,0.10452846326765347,0.4359697037794368,"(27.663035348185772, 7.0)",422.7006391348422,31.131446236470207,,
2160,2712,2011-10-30 10:13:00,2011-10-30,C2.1,"(-34, 12)",11334,2011-10-30 10:10:00,2011-10-30 10:06:00,"(-34, 12)",12.0,-34.0,0.20791169081775931,-0.5469731968772817,"(-33.07979488185033, 13.0)",-530.1399729990408,137.47863442350456,,
2164,2716,2011-10-30 21:31:00,2011-10-30,C1.5,"(0, 0)",11334,2011-10-30 21:16:00,2011-10-30 21:07:00,"(-26.596489591112597, 13.0)",13.0,-26.5964895911126,0.224951054343865,-0.4362296714825421,"(-26.596489591112597, 13.0)",-422.92720302159523,149.26700694975509,,
2166,2718,2011-10-30 23:07:00,2011-10-30,C1.2,"(0, 0)",11334,2011-10-30 22:50:00,2011-10-30 22:33:00,"(-25.681428484011473, 13.0)",13.0,-25.68142848401148,0.224951054343865,-0.4222598240918679,"(-25.681428484011473, 13.0)",-409.3965399422359,148.73584931931134,,1220.8363344345257
2168,2720,2011-10-31 05:25:00,2011-10-31,C2.7,"(0, 0)",11334,2011-10-31 05:21:00,2011-10-31 05:14:00,"(-21.875163666175954, 13.0)",13.0,-21.87516366617595,0.224951054343865,-0.36303620939919695,"(-21.875163666175954, 13.0)",-352.11539342169544,148.28044149929468,1297.7411690244837,684.0382138297315
2169,2721,2011-10-31 08:10:00,2011-10-31,C1.3,"(0, 0)",11324,2011-10-31 07:59:00,2011-10-31 07:54:00,"(87.66291776916424, 13.0)",13.0,87.66291776916424,0.224951054343865,0.9735595957194948,"(87.66291776916424, 13.0)",940.456385262022,213.5939199662337,1930.0844619908999,1929.9932465105092
2231,2798,2011-11-12 16:48:00,2011-11-12,C1.8,"(0, 0)",11344,2011-11-12 16:43:00,2011-11-12 16:38:00,"(54.78070211472245, -19.0)",-19.0,54.78070211472245,-0.3255681544571567,0.7724420649196874,"(54.78070211472245, -19.0)",750.113609178564,-345.6545280420039,664.4005536688443,616.0851215269372
2245,2813,2011-11-15 00:07:00,2011-11-14,C4.2,"(0, 0)",11347,2011-11-14 23:58:00,2011-11-14 23:42:00,"(-28.019550265008373, 8.0)",8.0,-28.019550265008373,0.13917310096006544,-0.4652010150212584,"(-28.019550265008373, 8.0)",-452.71796235069814,90.43861576460517,1336.562212730116,454.01440760338465
2251,2823,2011-11-16 00:12:00,2011-11-16,C1.7,"(0, 0)",11346,2011-11-16 00:07:00,2011-11-16 00:03:00,"(-26.932303021041264, -18.0)",-18.0,-26.932303021041264,-0.3090169943749474,-0.43076909193835,"(-26.932303021041264, -18.0)",-419.29989505249523,-340.55460418753603,1486.4707583478328,1471.502184502634
2260,2833,2011-11-16 23:57:00,2011-11-16,C5.0,"(-20, -12)",11346,2011-11-16 23:48:00,2011-11-16 23:40:00,"(-20, -12)",-12.0,-20.0,-0.20791169081775931,-0.3345461825966352,"(-10.116051963929264, -18.0)",-325.7560493123492,-245.71771315727787,165.89128412260493,167.96029272421063
2261,2834,2011-11-17 01:35:00,2011-11-17,C2.6,"(0, 0)",11346,2011-11-17 01:33:00,2011-11-17 01:30:00,"(-9.100597279548207, -18.0)",-18.0,-9.100597279548207,-0.3090169943749474,-0.15042704995934744,"(-9.100597279548207, -18.0)",-146.51712952625076,-343.2428196521189,943.4221779521969,933.1109833304304
2263,2841,2011-11-17 14:28:00,2011-11-17,C3.1,"(-60, -23)",11352,2011-11-17 14:00:00,2011-11-17 13:53:00,"(-60, -23)",-23.0,-60.0,-0.39073112848927377,-0.7971805873966852,"(-58.73518529748398, -24.0)",-774.6929599035639,-400.11933580058997,179.4926646261656,169.7696104155737
2302,2898,2011-11-26 08:44:00,2011-11-26,C1.5,"(0, 0)",11353,2011-11-26 08:24:00,2011-11-26 08:00:00,"(39.9266667821102, 8.0)",8.0,39.9266667821102,0.13917310096006544,0.6355606006093658,"(39.9266667821102, 8.0)",619.679953238477,115.33123717302463,734.5137798740976,304.13907158832797
2329,2936,2011-12-04 20:03:00,2011-12-04,C1.3,"(0, 0)",11367,2011-12-04 19:49:00,2011-12-04 19:37:00,"(-38.42742024552043, -18.0)",-18.0,-38.42742024552043,-0.3090169943749474,-0.5911032748278201,"(-38.42742024552043, -18.0)",-577.0860932763071,-308.79190117446865,306.31189390766053,307.92729881589185
2331,2938,2011-12-05 04:57:00,2011-12-05,C1.2,"(0, 0)",11367,2011-12-05 04:52:00,2011-12-05 04:47:00,"(-33.17606887772126, -18.0)",-18.0,-33.176068877721264,-0.3090169943749474,-0.5204311348714742,"(-33.17606887772126, -18.0)",-508.2943646564672,-307.6762407033724,362.23270288834266,376.26228455008555
2336,2944,2011-12-05 18:12:00,2011-12-05,B9.6,"(0, 0)",11361,2011-12-05 18:09:00,2011-12-05 18:06:00,"(67.60548005506904, 18.0)",18.0,67.60548005506904,0.3090169943749474,0.879330189471086,"(67.60548005506904, 18.0)",857.0794020516805,298.5191983775501,1053.9810737165337,983.3510729313628
2353,2969,2011-12-13 22:04:00,2011-12-13,C1.0,"(0, 0)",11376,2011-12-13 22:02:00,2011-12-13 21:59:00,"(-53.13516926263181, 21.0)",21.0,-53.13516926263182,0.3583679495453003,-0.7469138745601732,"(-53.13516926263181, 21.0)",-729.4468250949421,355.6120105498633,1780.0042270532138,1778.3551732237079
2418,3048,2011-12-27 08:32:00,2011-12-27,C3.8,"(45, -23)",11387,2011-12-27 08:22:00,2011-12-27 08:11:00,"(45, -23)",-23.0,45.0,-0.39073112848927377,0.6508952239913497,"(46.819604865973446, -22.0)",636.6608399503776,-355.7737116773144,1553.070038627434,1554.3823944206242
2462,3121,2012-01-04 02:26:00,2012-01-04,B6.4,"(0, 0)",11390,2012-01-04 02:22:00,2012-01-04 02:19:00,"(43.38613714185652, 10.0)",10.0,43.38613714185653,0.17364817766693033,0.6764759620074078,"(43.38613714185652, 10.0)",661.9443518299911,209.90475110845253,1544.7329883376017,670.8823900692861
2463,3122,2012-01-04 09:05:00,2012-01-04,C1.5,"(0, 0)",11392,2012-01-04 09:02:00,2012-01-04 08:57:00,"(-3.7761058207927514, 20.0)",20.0,-3.776105820792752,0.3420201433256687,-0.061886069331127176,"(-3.7761058207927514, 20.0)",-60.61781731934843,387.26586875632324,260.27241617609985,287.8866078051822
2475,3139,2012-01-08 15:02:00,2012-01-08,C1.3,"(0, 0)",11389,2012-01-08 15:00:00,2012-01-08 14:56:00,"(69.79538218307765, -20.0)",-20.0,69.79538218307765,-0.3420201433256687,0.8818688139262509,"(69.79538218307765, -20.0)",861.4375711270847,-312.66705254417457,700.8323644124342,716.6743125988475
2486,3151,2012-01-11 01:55:00,2012-01-11,C1.6,"(0, 0)",11395,2012-01-11 01:47:00,2012-01-11 01:40:00,"(-33.97271370386622, 22.0)",22.0,-33.97271370386622,0.374606593415912,-0.5181085046832102,"(-33.97271370386622, 22.0)",-507.00987301013356,419.0813073109835,1432.01548161372,1391.5284586467603
2518,3188,2012-01-18 12:33:00,2012-01-18,B9.6,"(0, 0)",11399,2012-01-18 12:30:00,2012-01-18 12:10:00,"(-23.610432361015086, -23.0)",-23.0,-23.61043236101509,-0.39073112848927377,-0.36867680808654907,"(-23.610432361015086, -23.0)",-360.8564224707379,-312.25147420860606,828.9570390228108,764.5969782071528
2533,3210,2012-01-24 17:10:00,2012-01-24,C1.3,"(0, 0)",11401,2012-01-24 17:08:00,2012-01-24 16:57:00,"(48.00380718153947, 16.0)",16.0,48.00380718153947,0.2756373558169992,0.7143993935875294,"(48.00380718153947, 16.0)",698.0110894771702,326.6004596846444,298.0480612632807,276.9728503953495
2541,3224,2012-01-28 15:40:00,2012-01-28,C1.0,"(0, 0)",11410,2012-01-28 15:34:00,2012-01-28 15:30:00,"(-42.907945548885984, 16.0)",16.0,-42.907945548885984,0.2756373558169992,-0.6544485415010973,"(-42.907945548885984, 16.0)",-639.338008979098,335.93817349731506,203.25868694251756,220.48916213892863
2542,3225,2012-01-30 03:30:00,2012-01-30,B5.1,"(0, 0)",11410,2012-01-30 03:23:00,2012-01-30 03:15:00,"(-35.0400057878459, 19.0)",19.0,-35.0400057878459,0.3255681544571567,-0.5428678404822477,"(-35.0400057878459, 19.0)",-530.3674653897133,393.23949854043957,1505.047140754812,1498.7589139179172
2543,3226,2012-01-30 04:43:00,2012-01-30,C1.3,"(0, 0)",11410,2012-01-30 04:40:00,2012-01-30 04:35:00,"(-34.29655970737365, 19.0)",19.0,-34.296559707373646,0.3255681544571567,-0.532777445960456,"(-34.29655970737365, 19.0)",-520.5265768245681,393.94494740252577,1495.4189804322023,1489.1048186532407
2574,3272,2012-02-11 10:49:00,2012-02-11,C1.5,"(0, 0)",11416,2012-02-11 10:44:00,2012-02-11 10:41:00,"(-3.7623634055141846, -17.0)",-17.0,-3.762363405514185,-0.2923717047227368,-0.06275123374131902,"(-3.7623634055141846, -17.0)",-61.26413427330135,-176.3391718860943,1008.8933126200315,1009.7912468421933
2575,3273,2012-02-11 12:18:00,2012-02-11,B7.2,"(0, 0)",11416,2012-02-11 12:14:00,2012-02-11 12:10:00,"(-4.816531594979287, -19.0)",-19.0,-4.8165315949792875,-0.3255681544571567,-0.07939080634847573,"(-4.816531594979287, -19.0)",-77.50638046379663,-209.88084674172484,1027.0700556620977,1031.5092061323646
2596,3301,2012-02-20 01:58:00,2012-02-20,B7.2,"(-1, 15)",11422,2012-02-20 01:49:00,2012-02-20 01:41:00,"(-1, 15)",15.0,-1.0,0.25881904510252074,-0.01685773010866573,"(-0.9413695609372776, 15.0)",-16.423674517091058,364.91053619747396,1171.6808473931064,1179.7881465617215
2605,3312,2012-02-25 15:58:00,2012-02-25,B4.6,"(0, 0)",11424,2012-02-25 15:56:00,2012-02-25 15:53:00,"(-56.731164132026464, 8.0)",8.0,-56.731164132026464,0.13917310096006544,-0.8279689356466329,"(-56.731164132026464, 8.0)",-804.208491714553,199.6981309581943,1700.8729564313642,1688.3046666285397
2629,3349,2012-03-05 01:19:00,2012-03-05,C4.7,"(-38, 20)",11430,2012-03-05 01:06:00,2012-03-05 00:58:00,"(-38, 20)",20.0,-38.0,0.3420201433256687,-0.5785325452656868,"(-39.36276050245236, 19.0)",-561.1751278172733,419.7567135035747,,183.6417236494827
2667,3410,2012-03-10 07:06:00,2012-03-10,C1.9,"(32, -19)",11428,2012-03-10 07:02:00,2012-03-10 06:53:00,"(32, -19)",-19.0,32.0,-0.3255681544571567,0.5010485079004179,"(36.08739540818791, -17.0)",485.7152969567728,-215.19779814560434,877.3002301204962,
2709,3469,2012-03-21 06:31:00,2012-03-21,B3.7,"(0, 0)",11434,2012-03-21 06:28:00,2012-03-21 06:25:00,"(69.73961428327013, -20.0)",-20.0,69.73961428327013,-0.3420201433256687,0.8815525054947684,"(69.73961428327013, -20.0)",850.0576675003481,-289.0490032596842,1084.1060586767433,
2710,3470,2012-03-21 06:52:00,2012-03-21,B9.5,"(0, 0)",11434,2012-03-21 06:44:00,2012-03-21 06:32:00,"(69.89382518154932, -20.0)",-20.0,69.89382518154932,-0.3420201433256687,0.8824251308476874,"(69.89382518154932, -20.0)",850.8897351490665,-289.32511645334523,1098.0107795194765,
2714,3476,2012-03-22 17:56:00,2012-03-22,C1.1,"(0, 0)",11440,2012-03-22 17:50:00,2012-03-22 17:39:00,"(34.47179201189735, -25.0)",-25.0,34.47179201189735,-0.42261826174069933,0.5129705995532532,"(34.47179201189735, -25.0)",495.49695673082635,-317.556468268705,379.6657736156643,383.01998822422564
2722,3489,2012-03-25 15:25:00,2012-03-25,B5.8,"(-12, -15)",11438,2012-03-25 14:58:00,2012-03-25 14:37:00,"(-12, -15)",-15.0,-12.0,-0.25881904510252074,-0.20082727174830148,"(-7.249687941321913, -17.0)",-193.98126855453484,-139.16265387824805,533.1782493487112,573.4898876155946
2724,3491,2012-03-26 07:14:00,2012-03-26,C1.4,"(-11, 12)",11442,2012-03-26 06:42:00,2012-03-26 06:23:00,"(-11, 12)",12.0,-11.0,0.20791169081775931,-0.18663936102599515,"(-9.114821589361435, 12.0)",-180.1919758821441,309.40135882879207,509.04089024714364,
2725,3492,2012-03-26 11:41:00,2012-03-26,B4.0,"(0, 0)",11446,2012-03-26 11:37:00,2012-03-26 11:17:00,"(33.67749471830074, 23.0)",23.0,33.677494718300736,0.39073112848927377,0.5104361424400579,"(33.67749471830074, 23.0)",492.30824273870525,461.9288123185726,1593.832244567356,618.4520075059858
2733,3500,2012-03-27 06:35:00,2012-03-27,B3.8,"(0, 0)",11444,2012-03-27 06:31:00,2012-03-27 06:27:00,"(7.761450692279984, 21.0)",21.0,7.7614506922799835,0.3583679495453003,0.12607906043745154,"(7.761450692279984, 21.0)",121.65947019899197,448.7191199189926,403.87961279408916,
2752,3525,2012-04-03 21:38:00,2012-04-03,B4.3,"(0, 0)",11451,2012-04-03 21:23:00,2012-04-03 21:15:00,"(-12.678134871359553, 17.0)",17.0,-12.678134871359553,0.2923717047227368,-0.20988394044046466,"(-12.678134871359553, 17.0)",-202.14395196626356,380.23750279887116,287.09343478680506,319.10251521965284
2759,3533,2012-04-06 00:05:00,2012-04-05,C1.1,"(0, 0)",11450,2012-04-05 00:00:00,2012-04-05 23:50:00,"(19.0, 17.0)",17.0,19.0,0.2923717047227368,0.3113423744974871,"(19.0, 17.0)",299.6513921686785,375.12771149966,244.0770630689722,295.6182034893773
2765,3541,2012-04-08 03:01:00,2012-04-08,B3.7,"(0, 0)",11452,2012-04-08 02:54:00,2012-04-08 02:49:00,"(24.685324173044304, 17.0)",17.0,24.685324173044304,0.2923717047227368,0.3993857184555868,"(24.685324173044304, 17.0)",383.9970901357481,368.31855685066427,497.3503488368737,508.45624240205734
2810,3609,2012-04-22 09:22:00,2012-04-22,B9.9,"(0, 0)",11461,2012-04-22 09:15:00,2012-04-22 09:11:00,"(-2.591786144416573, 12.0)",12.0,-2.5917861444165733,0.20791169081775931,-0.0442316158082915,"(-2.591786144416573, 12.0)",-42.38236439971388,280.0497784678825,591.7860578666016,560.3859079910033
2811,3610,2012-04-22 09:30:00,2012-04-22,C1.0,"(0, 0)",11461,2012-04-22 09:28:00,2012-04-22 09:26:00,"(-2.4651072613128173, 12.0)",12.0,-2.4651072613128173,0.20791169081775931,-0.04207107296901751,"(-2.4651072613128173, 12.0)",-40.31216817038512,280.0578687577583,585.1977492428018,539.3125639077806
2820,3620,2012-04-23 12:15:00,2012-04-23,C1.0,"(0, 0)",11461,2012-04-23 12:13:00,2012-04-23 12:09:00,"(13.174862537266282, 12.0)",12.0,13.174862537266282,0.20791169081775931,0.22294302854556194,"(13.174862537266282, 12.0)",213.54059826587795,276.47420972523037,628.4643614423044,618.8994859547737
2846,3650,2012-04-28 14:34:00,2012-04-28,C1.1,"(46, 13)",11466,2012-04-28 14:14:00,2012-04-28 13:45:00,"(46, 13)",13.0,46.0,0.224951054343865,0.7009031678585697,"(45.28970573086146, 12.0)",669.6172932997141,264.30482629124623,1626.1011993344173,549.6986342285493
2878,3688,2012-05-04 14:57:00,2012-05-04,C1.5,"(5, -18)",11471,2012-05-04 14:50:00,2012-05-04 14:46:00,"(5, -18)",-18.0,5.0,-0.3090169943749474,0.08289003707270437,"(4.689670853769678, -19.0)",79.18604350186939,-234.02726192057875,1094.9232847114852,1095.7001696019265
2879,3689,2012-05-04 19:32:00,2012-05-04,C1.8,"(0, 0)",11470,2012-05-04 19:28:00,2012-05-04 19:22:00,"(17.358280005274676, -15.0)",-15.0,17.358280005274676,-0.25881904510252074,0.2881799923321711,"(17.358280005274676, -15.0)",275.26561903840206,-187.78362518531094,1264.0519542275633,1264.526828260002
2880,3691,2012-05-04 21:04:00,2012-05-04,C1.6,"(-47, 14)",11474,2012-05-04 21:02:00,2012-05-04 20:58:00,"(-47, 14)",14.0,-47.0,0.2419218955996677,-0.7096293710772115,"(-41.7308591395179, 14.0)",-676.9075575747593,272.45699191850696,,
2896,3713,2012-05-06 02:55:00,2012-05-06,C1.5,"(0, 0)",11469,2012-05-06 02:50:00,2012-05-06 02:46:00,"(78.61695134551553, -26.0)",-26.0,78.61695134551553,-0.4383711467890774,0.8811144168655817,"(78.61695134551553, -26.0)",838.3756435856574,-405.60291559224373,1829.968738412695,438.2860273065736
2909,3728,2012-05-06 23:21:00,2012-05-06,C1.1,"(0, 0)",11476,2012-05-06 23:14:00,2012-05-06 23:11:00,"(-63.44903034172817, 10.0)",10.0,-63.449030341728175,0.17364817766693033,-0.8809470469790305,"(-63.44903034172817, 10.0)",-839.0818655649127,191.5675366731887,454.99803254875724,
2920,3743,2012-05-08 08:07:00,2012-05-08,B7.3,"(0, 0)",11474,2012-05-08 08:04:00,2012-05-08 08:00:00,"(1.7115912323079083, 13.0)",13.0,1.7115912323079083,0.224951054343865,0.02910293291764497,"(1.7115912323079083, 13.0)",27.774794598755943,269.5966049775841,641.6073077925041,684.5305304395225
2940,3773,2012-05-10 00:53:00,2012-05-10,B8.5,"(0, 0)",11474,2012-05-10 00:51:00,2012-05-10 00:48:00,"(23.494674353741473, 16.0)",16.0,23.49467435374148,0.2756373558169992,0.3832202658861077,"(23.494674353741473, 16.0)",365.3993804213099,309.2289105820652,690.0743327359816,711.9073596021606
2984,3828,2012-05-14 00:52:00,2012-05-14,C1.0,"(68, -23)",11476,2012-05-14 00:45:00,2012-05-14 00:38:00,"(68, -23)",-23.0,68.0,-0.39073112848927377,0.8534772381714695,"(33.43959345948125, 9.0)",811.1577185983884,-355.2165747384826,590.1459942845963,595.6688865638004
3015,3869,2012-05-23 11:15:00,2012-05-23,B7.1,"(0, 0)",11484,2012-05-23 11:08:00,2012-05-23 11:02:00,"(49.52070148422644, 10.0)",10.0,49.520701484226436,0.17364817766693033,0.7490847280560895,"(49.52070148422644, 10.0)",711.5193094650415,182.95526230679667,588.9117109376107,612.149836901434
3016,3874,2012-05-24 20:14:00,2012-05-24,C3.9,"(-30, 11)",11488,2012-05-24 20:09:00,2012-05-24 19:57:00,"(-30, 11)",11.0,-30.0,0.1908089953765448,-0.4908135917238319,"(-29.2530506779467, 11.0)",-466.5689888695397,203.71894139326278,625.569889905386,
3033,3902,2012-05-30 09:07:00,2012-05-30,C1.0,"(0, 0)",11494,2012-05-30 08:50:00,2012-05-30 08:36:00,"(-91.7938182606365, -16.0)",-16.0,-91.7938182606365,-0.2756373558169992,-0.9607906234043396,"(-91.7938182606365, -16.0)",-908.7763364217608,-261.1172787807828,474.3227605541929,447.0384604225439
3058,3931,2012-06-06 02:26:00,2012-06-06,C1.8,"(0, 0)",11494,2012-06-06 02:19:00,2012-06-06 02:12:00,"(-4.6536778157864465, -17.0)",-17.0,-4.653677815786447,-0.2923717047227368,-0.07758761163786969,"(-4.6536778157864465, -17.0)",-73.64499265295308,-277.06592958304003,957.5372889260179,
3066,3939,2012-06-07 00:05:00,2012-06-06,C1.0,"(6, -19)",11494,2012-06-06 00:00:00,2012-06-06 23:56:00,"(6, -19)",-19.0,6.0,-0.3255681544571567,0.09883360369841722,"(-6.0, -17.0)",93.80584190529403,-308.56328051806383,,645.6861593242049
3068,3941,2012-06-07 00:44:00,2012-06-07,C1.2,"(0, 0)",11494,2012-06-07 00:41:00,2012-06-07 00:37:00,"(6.396510876758317, -18.0)",-18.0,6.396510876758318,-0.3090169943749474,0.10595569888865723,"(6.396510876758317, -18.0)",100.5542601596983,-294.7081702893425,824.1667494419343,414.53988657627326
3071,3944,2012-06-07 03:36:00,2012-06-07,C1.0,"(0, 0)",11493,2012-06-07 03:29:00,2012-06-07 03:11:00,"(20.032300899771016, 14.0)",14.0,20.032300899771016,0.2419218955996677,0.3323746528608789,"(20.032300899771016, 14.0)",315.38315961071993,228.1605733719208,794.8256668779815,355.58648771494774
3082,3956,2012-06-09 10:37:00,2012-06-09,C1.5,"(0, 0)",11499,2012-06-09 10:32:00,2012-06-09 10:27:00,"(29.138114105391196, 15.0)",15.0,29.138114105391196,0.25881904510252074,0.4703252424844802,"(29.138114105391196, 15.0)",446.0304623635633,240.78712060872496,1432.9298563868738,1397.2281143619894
3087,3966,2012-06-10 18:21:00,2012-06-10,C1.3,"(-59, -17)",11504,2012-06-10 18:15:00,2012-06-10 18:10:00,"(-59, -17)",-17.0,-59.0,-0.2923717047227368,-0.8197131663174273,"(-54.33649396296633, -18.0)",-776.0070105900922,-280.4684044850406,,
3101,3980,2012-06-12 04:22:00,2012-06-12,C1.0,"(-49, 11)",11506,2012-06-12 04:20:00,2012-06-12 04:12:00,"(-49, 11)",11.0,-49.0,0.1908089953765448,-0.7408434395550485,"(-49.46409880404268, 11.0)",-701.6833747401279,173.31468030529652,,459.3306771310143
3102,3981,2012-06-12 05:24:00,2012-06-12,B8.5,"(-49, 12)",11506,2012-06-12 05:16:00,2012-06-12 05:12:00,"(-49, 12)",12.0,-49.0,0.20791169081775931,-0.7382173651457221,"(-48.91790470029802, 11.0)",-699.1894675328922,189.53652797071396,,
3104,3983,2012-06-12 05:59:00,2012-06-12,C1.0,"(0, 0)",11499,2012-06-12 05:55:00,2012-06-12 05:47:00,"(63.44332148192594, 16.0)",16.0,63.443321481925935,0.2756373558169992,0.8598414092577553,"(63.44332148192594, 16.0)",813.5936859587933,255.8619809032003,,1484.7762093557549
3116,3995,2012-06-13 02:35:00,2012-06-13,C1.2,"(0, 0)",11507,2012-06-13 02:27:00,2012-06-13 02:10:00,"(-0.6055632187051978, -27.0)",-27.0,-0.6055632187051978,-0.4539904997395468,-0.009416936779951071,"(-0.6055632187051978, -27.0)",-8.927992689336861,-442.38372614923315,,378.7255969536995
3123,4002,2012-06-13 15:30:00,2012-06-13,C6.2,"(0, 0)",11507,2012-06-13 15:27:00,2012-06-13 15:25:00,"(8.108187302982003, -25.0)",-25.0,8.108187302982003,-0.42261826174069933,0.12782809760387473,"(8.108187302982003, -25.0)",121.19477442711273,-412.7410329521244,,415.8937936240741
3171,4068,2012-06-27 19:28:00,2012-06-27,B8.5,"(0, 0)",11513,2012-06-27 19:23:00,2012-06-27 19:19:00,"(-60.69028102404013, 15.0)",15.0,-60.69028102404014,0.25881904510252074,-0.8422740360069272,"(-60.69028102404013, 15.0)",-796.3079548851283,225.32162524708173,778.7215389129677,501.1014233783356
3201,4103,2012-07-01 07:20:00,2012-07-01,C5.4,"(-30, 17)",11513,2012-07-01 07:16:00,2012-07-01 07:11:00,"(-30, 17)",17.0,-30.0,0.2923717047227368,-0.4781523779815177,"(-12.77700379627979, 17.0)",-452.7647647656977,236.7867760280576,295.3960176482775,264.66166604853254
3216,4120,2012-07-02 12:42:00,2012-07-02,C1.8,"(-1, -21)",11514,2012-07-02 12:28:00,2012-07-02 12:19:00,"(-1, -21)",-21.0,-1.0,-0.3583679495453003,-0.01629322504512165,"(6.2710419969304185, -14.0)",-15.433033466274537,-385.4389696993854,738.7500366748525,180.99180299123083
3264,4171,2012-07-05 04:49:00,2012-07-05,C9.1,"(0, 0)",11519,2012-07-05 04:45:00,2012-07-05 04:42:00,"(-73.22868059122135, -14.0)",-14.0,-73.22868059122135,-0.2419218955996677,-0.9290232839774876,"(-73.22868059122135, -14.0)",-877.3464599470799,-243.4667246070305,1317.2649148763976,1303.4072663834918
3266,4173,2012-07-05 07:48:00,2012-07-05,M1.3,"(0, 0)",11519,2012-07-05 07:45:00,2012-07-05 07:40:00,"(-71.47837359620324, -14.0)",-14.0,-71.47837359620323,-0.2419218955996677,-0.9200381145662904,"(-71.47837359620324, -14.0)",-868.9733750951063,-245.05097314625988,1322.39437750863,1294.9225396399988
3302,4213,2012-07-07 13:09:00,2012-07-07,C3.2,"(0, 0)",11515,2012-07-07 13:06:00,2012-07-07 13:02:00,"(56.665505694419686, -17.0)",-17.0,56.665505694419686,-0.2923717047227368,0.7989703193836286,"(56.665505694419686, -17.0)",755.3666723776981,-306.63775213700893,,1561.6509350961778
3303,4214,2012-07-07 13:16:00,2012-07-07,C3.9,"(0, 0)",11515,2012-07-07 13:14:00,2012-07-07 13:10:00,"(56.74299186329529, -17.0)",-17.0,56.74299186329529,-0.2923717047227368,0.7996802880822462,"(56.74299186329529, -17.0)",756.0341498583215,-306.5729725769348,,
3304,4215,2012-07-07 13:52:00,2012-07-07,C3.7,"(59, -20)",11515,2012-07-07 13:49:00,2012-07-07 13:45:00,"(59, -20)",-20.0,59.0,-0.3420201433256687,0.8054737872487507,"(57.08199385212603, -17.0)",761.3597612187887,-350.98400877612727,,
3323,4235,2012-07-09 07:22:00,2012-07-09,C4.5,"(63, 16)",11516,2012-07-09 07:13:00,2012-07-09 07:06:00,"(63, 16)",16.0,63.0,0.2756373558169992,0.8564904425334172,"(83.93129412493286, 20.0)",809.5675235422541,232.94773387031012,,506.73427819902327
3338,4250,2012-07-10 15:50:00,2012-07-10,C5.6,"(0, 0)",11520,2012-07-10 15:45:00,2012-07-10 15:27:00,"(-23.801251080431943, -16.0)",-16.0,-23.801251080431943,-0.2756373558169992,-0.387931840507856,"(-23.801251080431943, -16.0)",-367.3690261955244,-316.4961525630954,,
3356,4268,2012-07-13 22:42:00,2012-07-13,C2.1,"(0, 0)",11519,2012-07-13 22:35:00,2012-07-13 22:28:00,"(44.17554274376421, -16.0)",-16.0,44.17554274376421,-0.2756373558169992,0.669863882568223,"(44.17554274376421, -16.0)",633.8475490591942,-307.46228395900044,334.85122517280803,367.456143621729
3370,4284,2012-07-16 13:19:00,2012-07-16,C2.2,"(0, 0)",11520,2012-07-16 13:10:00,2012-07-16 13:01:00,"(51.69532686407927, -16.0)",-16.0,51.69532686407928,-0.2756373558169992,0.7543268704153041,"(51.69532686407927, -16.0)",713.5455274354981,-303.69950954654837,173.20396031004353,172.63521508619695
3376,4290,2012-07-17 19:04:00,2012-07-17,M1.7,"(65, -28)",11520,2012-07-17 17:15:00,2012-07-17 12:03:00,"(65, -28)",-28.0,65.0,-0.4694715627858908,0.8002222789533111,"(71.07726270067275, -17.0)",756.1737582834525,-470.18404731277514,272.3990392844374,175.98090804382227
3392,4308,2012-07-24 09:32:00,2012-07-24,B4.4,"(0, 0)",11530,2012-07-24 09:13:00,2012-07-24 08:54:00,"(-76.56411264128417, -19.0)",-19.0,-76.56411264128417,-0.3255681544571567,-0.9196402347335424,"(-76.56411264128417, -19.0)",-868.8964961228749,-325.06682854550263,,
3428,4358,2012-07-31 03:35:00,2012-07-31,C1.0,"(-23, -23)",11536,2012-07-31 03:34:00,2012-07-31 03:28:00,"(-23, -23)",-23.0,-23.0,-0.39073112848927377,-0.3596699001693256,"(-23.949807934409815, -23.0)",-341.0499679107488,-448.8710840589773,,854.8954629157704
3435,4365,2012-07-31 19:35:00,2012-07-31,C1.2,"(0, 0)",11535,2012-07-31 19:30:00,2012-07-31 19:25:00,"(-53.61116918840843, 18.0)",18.0,-53.61116918840843,0.3090169943749474,-0.7656094950971538,"(-53.61116918840843, 18.0)",-725.2656862474169,237.9045792399009,640.0411594311752,
3442,4373,2012-08-01 10:03:00,2012-08-01,C1.5,"(0, 0)",11528,2012-08-01 09:50:00,2012-08-01 09:45:00,"(47.71460495457551, 17.0)",17.0,47.71460495457551,0.2923717047227368,0.7074767686616567,"(47.71460495457551, 17.0)",670.5189588878893,214.01502293177717,907.8514825617942,896.5000851678063
3459,4393,2012-08-05 08:03:00,2012-08-05,C1.1,"(0, 0)",11539,2012-08-05 06:25:00,2012-08-05 05:46:00,"(-27.30368949521957, -22.0)",-22.0,-27.30368949521957,-0.374606593415912,-0.4253055157684293,"(-27.30368949521957, -22.0)",-403.505891533473,-436.2094755229096,914.8822534538768,1132.6405299205442
3515,4452,2012-08-14 04:47:00,2012-08-14,C1.1,"(17, -14)",11542,2012-08-14 03:03:00,2012-08-14 02:18:00,"(17, -14)",-14.0,17.0,-0.2419218955996677,0.28368701557649906,"(19.783248892922103, -12.0)",269.6623784618757,-329.904004880005,590.9722411178718,544.2040081420304
3517,4455,2012-08-14 21:43:00,2012-08-14,C1.2,"(0, 0)",11540,2012-08-14 20:26:00,2012-08-14 19:12:00,"(87.69076484706446, -25.0)",-25.0,87.69076484706446,-0.42261826174069933,0.9055717867532764,"(87.69076484706446, -25.0)",857.2184585726517,-401.37141593073153,897.1491819225291,843.6169837740705
3518,4456,2012-08-14 22:46:00,2012-08-14,C1.6,"(-4, -15)",11542,2012-08-14 22:32:00,2012-08-14 22:23:00,"(-4, -15)",-15.0,-4.0,-0.25881904510252074,-0.06737957954030592,"(32.142481406682265, -12.0)",-64.05845691379,-349.81452485688783,460.1171228388071,415.57290780188754
3524,4464,2012-08-17 07:05:00,2012-08-17,B4.2,"(0, 0)",11543,2012-08-17 06:58:00,2012-08-17 06:53:00,"(52.0131371194759, 22.0)",22.0,52.0131371194759,0.374606593415912,0.7307617124001433,"(52.0131371194759, 22.0)",694.102513943789,289.6530124279068,1588.8386881926012,
3526,4470,2012-08-17 15:42:00,2012-08-17,C1.3,"(0, 0)",11543,2012-08-17 15:32:00,2012-08-17 15:21:00,"(54.14420978146356, 24.0)",24.0,54.144209781463566,0.4067366430758002,0.7404229731372478,"(54.14420978146356, 24.0)",703.1769267299703,323.88132013818534,1592.38537612476,
3527,4471,2012-08-17 16:15:00,2012-08-17,C1.5,"(0, 0)",11543,2012-08-17 16:11:00,2012-08-17 16:05:00,"(54.51699682580002, 24.0)",24.0,54.51699682580003,0.4067366430758002,0.743888873761548,"(54.51699682580002, 24.0)",706.4528563468097,324.4130249949796,1606.8606843193327,1588.862557706971
3540,4491,2012-08-18 17:34:00,2012-08-18,B6.4,"(-80, 20)",11548,2012-08-18 17:31:00,2012-08-18 17:22:00,"(-80, 20)",20.0,-80.0,0.3420201433256687,-0.9254165783983234,"(-79.74925246441258, 20.0)",-877.5074489811004,303.7368273427002,,1838.9977917299027
3573,4547,2012-08-29 09:52:00,2012-08-29,B8.2,"(0, 0)",11554,2012-08-29 09:44:00,2012-08-29 09:19:00,"(45.65649032791882, 17.0)",17.0,45.65649032791882,0.2923717047227368,0.6839129747815154,"(45.65649032791882, 17.0)",651.5364559573462,197.17436014875878,1625.988473255417,1625.724992140296
3576,4552,2012-08-29 23:47:00,2012-08-29,C1.1,"(0, 0)",11553,2012-08-29 23:44:00,2012-08-29 23:40:00,"(19.846078744049922, -21.0)",-21.0,19.846078744049922,-0.3583679495453003,0.3169454118949106,"(19.846078744049922, -21.0)",302.1194007822936,-443.05334735534774,1153.7770466838206,
3620,4600,2012-09-05 00:22:00,2012-09-04,C1.3,"(0, 0)",11553,2012-09-05 00:04:00,2012-09-04 23:10:00,"(95.89139334949436, -21.0)",-21.0,95.89139334949436,-0.3583679495453003,0.9286494851040376,"(95.89139334949436, -21.0)",882.5115907538658,-326.384839692536,,
3621,4601,2012-09-05 03:13:00,2012-09-05,C1.5,"(0, 0)",11560,2012-09-05 02:34:00,2012-09-05 01:55:00,"(48.5080955008799, 4.0)",4.0,48.5080955008799,0.0697564737441253,0.7472246904454249,"(48.5080955008799, 4.0)",712.916273897404,-13.458626897165283,,372.72205481764865
3645,4631,2012-09-08 22:48:00,2012-09-08,C1.8,"(0, 0)",11564,2012-09-08 22:22:00,2012-09-08 21:04:00,"(38.04600012238394, -13.0)",-13.0,38.04600012238394,-0.224951054343865,0.6004983604977638,"(38.04600012238394, -13.0)",573.5304599221537,-305.6430899008706,306.58520290775937,303.913235659672
3646,4632,2012-09-09 07:08:00,2012-09-09,C3.7,"(47, -15)",11564,2012-09-09 07:00:00,2012-09-09 06:52:00,"(47, -15)",-15.0,47.0,-0.25881904510252074,0.706433428546066,"(43.088570904068845, -13.0)",674.5257605369452,-324.54681534016134,926.360511556111,
3651,4637,2012-09-10 07:24:00,2012-09-10,B8.7,"(56, -18)",11564,2012-09-10 07:21:00,2012-09-10 07:18:00,"(56, -18)",-18.0,56.0,-0.3090169943749474,0.7884615856319885,"(57.29299944927229, -13.0)",752.5767768244411,-356.6440101087331,975.997935248874,
3659,4645,2012-09-11 09:41:00,2012-09-11,C1.1,"(0, 0)",11567,2012-09-11 09:32:00,2012-09-11 08:25:00,"(-8.451887640389756, 16.0)",16.0,-8.451887640389756,0.2756373558169992,-0.14128515170852926,"(-8.451887640389756, 16.0)",-135.19598636787578,146.92797388350277,868.5724349015878,751.2884976945758
3660,4646,2012-09-11 09:39:00,2012-09-11,C1.1,"(-10, 17)",11567,2012-09-11 09:32:00,2012-09-11 09:26:00,"(-10, 17)",17.0,-10.0,0.2923717047227368,-0.16606057816719966,"(-8.451887640389756, 16.0)",-158.89856322328342,163.89948619495806,854.0067471320262,850.831987438859
3665,4656,2012-09-12 22:45:00,2012-09-12,B7.4,"(0, 0)",11569,2012-09-12 22:41:00,2012-09-12 22:38:00,"(-39.76981782809206, -12.0)",-12.0,-39.769817828092066,-0.20791169081775931,-0.625725808828883,"(-39.76981782809206, -12.0)",-598.193217534731,-287.7213336070269,563.9250038791753,557.3572476851684
3669,4660,2012-09-13 07:20:00,2012-09-13,C1.8,"(-36, -13)",11569,2012-09-13 07:16:00,2012-09-13 07:10:00,"(-36, -13)",-13.0,-36.0,-0.224951054343865,-0.5727203543560229,"(-34.75138515128942, -12.0)",-547.7489572868762,-308.2867718917397,829.598651792816,
3684,4686,2012-09-17 12:01:00,2012-09-17,C1.5,"(0, 0)",11575,2012-09-17 11:46:00,2012-09-17 11:35:00,"(-96.2632795284212, 7.0)",7.0,-96.26327952842121,0.12186934340514748,-0.9866217223561324,"(-96.2632795284212, 7.0)",-940.914275367868,128.2042314587897,444.1036307820475,477.1258686751728
3686,4688,2012-09-17 22:22:00,2012-09-17,B9.4,"(0, 0)",11575,2012-09-17 22:12:00,2012-09-17 22:06:00,"(-90.14055046457958, 7.0)",7.0,-90.14055046457958,0.12186934340514748,-0.9925431652975324,"(-90.14055046457958, 7.0)",-947.0211574355517,115.66005962723939,448.27671087697723,465.47779970632274
3688,4690,2012-09-18 08:34:00,2012-09-18,B6.8,"(0, 0)",11575,2012-09-18 08:28:00,2012-09-18 08:21:00,"(-84.11562857428176, 7.0)",7.0,-84.11562857428177,0.12186934340514748,-0.9873162461591328,"(-84.11562857428176, 7.0)",-942.7432486953194,103.3667180477831,453.68975326850085,
3702,4712,2012-09-25 07:24:00,2012-09-25,C1.0,"(42, 19)",11573,2012-09-25 06:58:00,2012-09-25 06:34:00,"(42, 19)",19.0,42.0,0.3255681544571567,0.6326754178143348,"(48.0597020507176, 15.0)",607.0635469300055,228.4465161017995,1345.6469469832903,
3708,4720,2012-09-28 21:20:00,2012-09-28,B8.5,"(0, 0)",11576,2012-09-28 21:18:00,2012-09-28 21:15:00,"(45.44154728350548, -21.0)",-21.0,45.44154728350548,-0.3583679495453003,0.6652087439720377,"(45.44154728350548, -21.0)",638.448664104986,-416.3808883956806,,454.47718901285907
3709,4721,2012-09-29 07:59:00,2012-09-29,C1.2,"(45, 6)",11575,2012-09-29 07:53:00,2012-09-29 06:17:00,"(45, 6)",6.0,45.0,0.10452846326765347,0.7032331762534041,"(64.6236376744804, 8.0)",675.4612794509086,19.739623858307702,,227.89322834821573
3712,4724,2012-09-29 10:36:00,2012-09-29,C1.2,"(-25, 21)",11580,2012-09-29 10:30:00,2012-09-29 10:24:00,"(-25, 21)",21.0,-25.0,0.3583679495453003,-0.39454813704138825,"(-21.91725934159072, 19.0)",-379.2713126728131,245.79287037531688,,
3713,4725,2012-09-29 13:49:00,2012-09-29,C1.1,"(0, 0)",11577,2012-09-29 13:39:00,2012-09-29 13:23:00,"(47.93361025915873, 9.0)",9.0,47.933610259158726,0.15643446504023087,0.7332291978569537,"(47.93361025915873, 9.0)",704.1575415702785,73.95037156250875,,182.95571396519568
3718,4730,2012-09-29 18:57:00,2012-09-29,C1.2,"(0, 0)",11575,2012-09-29 18:47:00,2012-09-29 18:37:00,"(69.9386354680792, 7.0)",7.0,69.9386354680792,0.12186934340514748,0.9323241819692994,"(69.9386354680792, 7.0)",894.0116061975064,77.3939241362603,,
3719,4731,2012-09-29 21:04:00,2012-09-29,C1.3,"(0, 0)",11577,2012-09-29 20:58:00,2012-09-29 20:55:00,"(52.22208867498694, 9.0)",9.0,52.222088674986935,0.15643446504023087,0.7806602138796934,"(52.22208867498694, 9.0)",749.5111754786723,80.37274248051473,,173.24805722890696
3721,4733,2012-09-30 00:48:00,2012-09-30,C1.0,"(0, 0)",11577,2012-09-30 00:45:00,2012-09-30 00:42:00,"(54.43959345948125, 9.0)",9.0,54.43959345948125,0.15643446504023087,0.8034872651087536,"(54.43959345948125, 9.0)",771.5392587464897,84.30689120002856,,181.47505089878916
3725,4737,2012-09-30 12:36:00,2012-09-30,C1.0,"(0, 0)",11584,2012-09-30 12:33:00,2012-09-30 12:29:00,"(-34.5816913507498, -23.0)",-23.0,-34.5816913507498,-0.39073112848927377,-0.5224607761508201,"(-34.5816913507498, -23.0)",-501.96359229787504,-458.42610327146843,,1577.7463400189617
3731,4746,2012-10-01 01:37:00,2012-10-01,C1.7,"(0, 0)",11575,2012-10-01 01:35:00,2012-10-01 01:29:00,"(87.92916814866607, 7.0)",7.0,87.92916814866605,0.12186934340514748,0.9918979384802524,"(87.92916814866607, 7.0)",950.3439101583034,111.9506666848789,,
3733,4748,2012-10-01 03:54:00,2012-10-01,C1.6,"(0, 0)",11575,2012-10-01 03:51:00,2012-10-01 03:48:00,"(89.25934570886169, 7.0)",7.0,89.25934570886169,0.12186934340514748,0.9924632237755824,"(89.25934570886169, 7.0)",950.7844686242378,114.51628556228599,,
3740,4763,2012-10-05 10:46:00,2012-10-05,B7.8,"(0, 0)",11584,2012-10-05 07:30:00,2012-10-05 03:17:00,"(30.32036292766544, -22.0)",-22.0,30.320362927665442,-0.374606593415912,0.4680743446294625,"(30.32036292766544, -22.0)",450.4496965282943,-445.4005068606921,,1030.8496689219357
3742,4765,2012-10-06 02:15:00,2012-10-06,B3.2,"(0, 0)",11579,2012-10-06 02:10:00,2012-10-06 02:05:00,"(74.26899879184047, -10.0)",-10.0,74.26899879184047,-0.17364817766693033,0.9479219666010972,"(74.26899879184047, -10.0)",910.329488659501,-194.49252437255356,,
3750,4783,2012-10-09 04:33:00,2012-10-09,C1.0,"(64, -8)",0,2012-10-09 04:23:00,2012-10-09 04:17:00,"(64, -8)",-8.0,64.0,-0.13917310096006544,0.8900470444250977,,856.1536651380176,-178.6441964552363,,1738.2994039586126
3754,4806,2012-10-10 18:56:00,2012-10-10,C1.4,"(41, -16)",11585,2012-10-10 18:53:00,2012-10-10 18:48:00,"(41, -16)",-16.0,41.0,-0.2756373558169992,0.6306444148430618,"(38.03587082201326, -19.0)",607.581712995188,-339.5042008283546,,
3755,4807,2012-10-10 19:13:00,2012-10-10,B9.3,"(0, 0)",11585,2012-10-10 19:10:00,2012-10-10 19:07:00,"(38.20000826835128, -19.0)",-19.0,38.20000826835128,-0.3255681544571567,0.5847167323455261,"(38.20000826835128, -19.0)",563.3656040716986,-389.17791742773846,,
3756,4808,2012-10-10 21:47:00,2012-10-10,C1.5,"(-65, 15)",11589,2012-10-10 21:45:00,2012-10-10 21:40:00,"(-65, 15)",15.0,-65.0,0.25881904510252074,-0.8754260980655929,"(-62.314183504879274, 13.0)",-842.3956274702505,205.16265294935943,,
3769,4825,2012-10-14 06:37:00,2012-10-14,C1.1,"(0, 0)",11591,2012-10-14 06:32:00,2012-10-14 06:27:00,"(-55.165958797083206, 7.0)",7.0,-55.165958797083206,0.12186934340514748,-0.8146917923966525,"(-55.165958797083206, 7.0)",-785.363984404944,60.421907670845556,,239.8376860684398
3770,4826,2012-10-14 08:06:00,2012-10-14,C1.0,"(0, 0)",11591,2012-10-14 07:59:00,2012-10-14 07:53:00,"(-54.315036387252185, 7.0)",7.0,-54.31503638725218,0.12186934340514748,-0.8061823515031078,"(-54.315036387252185, 7.0)",-777.2044363122404,59.22716474334301,,245.70727666485578
3788,4849,2012-10-17 12:26:00,2012-10-17,C1.3,"(0, 0)",11594,2012-10-17 12:21:00,2012-10-17 12:16:00,"(-39.630689184524265, -27.0)",-27.0,-39.630689184524265,-0.4539904997395468,-0.5683165775177499,"(-39.630689184524265, -27.0)",-548.4857940037273,-501.773761943527,,
3789,4850,2012-10-17 14:40:00,2012-10-17,C2.0,"(0, 0)",11596,2012-10-17 14:34:00,2012-10-17 14:27:00,"(-92.56545307342459, 11.0)",11.0,-92.56545307342459,0.1908089953765448,-0.9806433379402972,"(-92.56545307342459, 11.0)",-943.4958365223338,186.8718099317165,,
3790,4852,2012-10-18 20:22:00,2012-10-18,B7.3,"(0, 0)",11596,2012-10-18 20:12:00,2012-10-18 19:59:00,"(-75.22379027953181, 11.0)",11.0,-75.22379027953181,0.1908089953765448,-0.9491641551610089,"(-75.22379027953181, 11.0)",-914.7196767580681,159.35973819364636,,
3793,4855,2012-10-19 04:51:00,2012-10-19,B8.6,"(0, 0)",11597,2012-10-19 04:41:00,2012-10-19 04:37:00,"(32.703242057623214, -21.0)",-21.0,32.70324205762321,-0.3583679495453003,0.5044022418593821,"(32.703242057623214, -21.0)",487.331597731731,-417.92690231340674,,655.7768208082009
3800,4862,2012-10-20 20:22:00,2012-10-20,C2.7,"(0, 0)",11596,2012-10-20 20:10:00,2012-10-20 20:02:00,"(-48.250668979208186, 6.0)",6.0,-48.250668979208186,0.10452846326765347,-0.7419781268192697,"(-48.250668979208186, 6.0)",-716.8092876465835,39.645809208376384,,
3804,4866,2012-10-21 13:32:00,2012-10-21,C1.8,"(0, 0)",11596,2012-10-21 13:16:00,2012-10-21 12:58:00,"(-39.29878197622045, 7.0)",7.0,-39.298781976220454,0.12186934340514748,-0.6286434194269879,"(-39.29878197622045, 7.0)",-607.7986259398585,47.7237449647888,,
3805,4867,2012-10-21 18:31:00,2012-10-21,C1.1,"(0, 0)",11598,2012-10-21 18:18:00,2012-10-21 17:52:00,"(-73.33262907857574, -12.0)",-12.0,-73.33262907857574,-0.20791169081775931,-0.9370516947037808,"(-73.33262907857574, -12.0)",-903.7901668278892,-225.00379855151988,,
3809,4871,2012-10-21 23:08:00,2012-10-21,C1.2,"(0, 0)",11598,2012-10-21 23:00:00,2012-10-21 22:38:00,"(-70.58467176817118, -12.0)",-12.0,-70.58467176817119,-0.20791169081775931,-0.9225240262304284,"(-70.58467176817118, -12.0)",-889.963140709051,-229.08244673289218,,412.1442176608659
3810,4872,2012-10-21 23:53:00,2012-10-21,C1.2,"(0, 0)",11598,2012-10-21 23:48:00,2012-10-21 23:39:00,"(-70.11693435363424, -12.0)",-12.0,-70.11693435363425,-0.20791169081775931,-0.9198389395078348,"(-70.11693435363424, -12.0)",-887.4039314910533,-229.77029874365854,,410.6287620454484
3812,4874,2012-10-22 01:42:00,2012-10-22,C1.6,"(0, 0)",11598,2012-10-22 01:40:00,2012-10-22 01:37:00,"(-69.02554705304803, -12.0)",-12.0,-69.02554705304803,-0.20791169081775931,-0.9133356608835496,"(-69.02554705304803, -12.0)",-881.4549677064406,-230.96062872382063,,
3813,4876,2012-10-22 16:10:00,2012-10-22,C6.3,"(0, 0)",11593,2012-10-22 16:03:00,2012-10-22 15:52:00,"(13.361686463202037, 14.0)",14.0,13.361686463202036,0.2419218955996677,0.2242327798517113,"(13.361686463202037, 14.0)",217.0496998082476,148.9038700533483,,1136.0378401078867
3815,4878,2012-10-22 22:44:00,2012-10-22,C1.3,"(0, 0)",11593,2012-10-22 22:39:00,2012-10-22 22:35:00,"(17.212361852241855, 14.0)",14.0,17.212361852241855,0.2419218955996677,0.28712423437647866,"(17.212361852241855, 14.0)",277.90409914451664,150.4262109095599,,
3834,4900,2012-10-25 15:11:00,2012-10-25,B9.0,"(0, 0)",11596,2012-10-25 14:51:00,2012-10-25 14:32:00,"(15.630386172445615, 7.0)",7.0,15.630386172445615,0.12186934340514748,0.2674222904856297,"(15.630386172445615, 7.0)",259.0765374105303,36.49099835955941,,677.3686923780896
3852,4928,2012-11-04 22:43:00,2012-11-04,B2.6,"(0, 0)",11603,2012-11-04 22:41:00,2012-11-04 22:38:00,"(59.45633695025667, 8.0)",8.0,59.45633695025667,0.13917310096006544,0.8528605843415589,"(59.45633695025667, 8.0)",826.6825595433726,100.16976594919383,,328.2340377359719
3855,4939,2012-11-08 22:57:00,2012-11-08,B6.6,"(-65, 15)",11611,2012-11-08 22:38:00,2012-11-08 22:19:00,"(-65, 15)",15.0,-65.0,0.25881904510252074,-0.8754260980655929,"(-66.79905141650062, 12.0)",-849.0295611044075,225.56769728024557,,
3856,4940,2012-11-08 23:40:00,2012-11-08,B6.2,"(0, 0)",11610,2012-11-08 23:38:00,2012-11-08 23:34:00,"(-36.21029012757441, -24.0)",-24.0,-36.2102901275744,-0.4067366430758002,-0.5396775139173761,"(-36.21029012757441, -24.0)",-524.1120786529109,-439.32693099320136,,725.1521851733986
3860,4947,2012-11-10 11:31:00,2012-11-10,C1.3,"(0, 0)",11611,2012-11-10 11:03:00,2012-11-10 10:53:00,"(-45.54589878714847, 13.0)",13.0,-45.54589878714847,0.224951054343865,-0.6955167602691116,"(-45.54589878714847, 13.0)",-675.7248725186173,178.95937330055537,,277.8516058379547
3863,4953,2012-11-11 01:04:00,2012-11-11,C1.3,"(0, 0)",11614,2012-11-11 00:54:00,2012-11-11 00:45:00,"(-85.4611173260636, 15.0)",15.0,-85.4611173260636,0.25881904510252074,-0.9628965471153248,"(-85.4611173260636, 15.0)",-933.0582038660168,246.15274902433404,,
3865,4956,2012-11-11 19:09:00,2012-11-11,C1.2,"(0, 0)",11610,2012-11-11 19:06:00,2012-11-11 19:02:00,"(-4.8034949959518345, -25.0)",-25.0,-4.8034949959518345,-0.42261826174069933,-0.07589297102239352,"(-4.8034949959518345, -25.0)",-73.8143846977664,-460.59010920241695,,1088.4825161268718
3867,4958,2012-11-12 10:25:00,2012-11-12,C2.9,"(0, 0)",11610,2012-11-12 10:22:00,2012-11-12 10:17:00,"(3.931203698918507, -25.0)",-25.0,3.931203698918507,-0.42261826174069933,0.062135217226930925,"(3.931203698918507, -25.0)",60.44796715440481,-459.0588492397383,,713.6495609264509
3893,4986,2012-11-15 03:44:00,2012-11-15,B8.2,"(0, 0)",11610,2012-11-15 03:34:00,2012-11-15 03:30:00,"(38.05019206559019, -23.0)",-23.0,38.05019206559019,-0.39073112848927377,0.5673545929018162,"(38.05019206559019, -23.0)",551.8696501827934,-414.2442516696713,,668.8026273992408
3900,4993,2012-11-16 10:21:00,2012-11-16,C1.4,"(0, 0)",11613,2012-11-16 07:51:00,2012-11-16 06:41:00,"(-3.497879541475073, -24.0)",-24.0,-3.497879541475073,-0.4067366430758002,-0.055736869622690505,"(-3.497879541475073, -24.0)",-54.27577942791686,-437.4311798217816,,664.2407549180331
3901,4994,2012-11-16 15:03:00,2012-11-16,B6.8,"(0, 0)",11614,2012-11-16 14:47:00,2012-11-16 14:44:00,"(-10.370849842217298, 15.0)",15.0,-10.370849842217297,0.25881904510252074,-0.17388472502850708,"(-10.370849842217298, 15.0)",-169.38211149149538,208.2711400941947,,
3907,5000,2012-11-17 05:44:00,2012-11-17,B9.1,"(0, 0)",11610,2012-11-17 05:22:00,2012-11-17 04:55:00,"(66.09145969490727, -22.0)",-22.0,66.09145969490727,-0.374606593415912,0.8476255051781634,"(66.09145969490727, -22.0)",823.5120871384274,-380.0088294224711,,
3909,5002,2012-11-17 18:14:00,2012-11-17,C2.8,"(0, 0)",11613,2012-11-17 18:10:00,2012-11-17 18:02:00,"(1.6468821357169863, -23.0)",-23.0,1.6468821357169865,-0.39073112848927377,0.026454902525025324,"(1.6468821357169863, -23.0)",25.768361146303175,-420.53800385410165,,242.80978640269078
3910,5003,2012-11-18 04:15:00,2012-11-18,C5.7,"(7, 8)",11615,2012-11-18 04:07:00,2012-11-18 03:55:00,"(7, 8)",8.0,7.0,0.13917310096006544,0.12068331933261862,"(8.415837186531753, 7.0)",117.62531738847795,94.40637968934526,,228.62812672861972
3911,5004,2012-11-18 08:18:00,2012-11-18,C1.0,"(0, 0)",11613,2012-11-18 08:15:00,2012-11-18 08:11:00,"(9.74226669377169, -23.0)",-23.0,9.74226669377169,-0.39073112848927377,0.1557645912840797,"(9.74226669377169, -23.0)",151.74714474600606,-418.23490221620494,,270.3542479295618
3962,5063,2012-11-27 05:01:00,2012-11-27,C1.7,"(0, 0)",11620,2012-11-27 04:58:00,2012-11-27 04:54:00,"(30.900938403363135, -13.0)",-13.0,30.900938403363128,-0.224951054343865,0.5003929163612816,"(30.900938403363135, -13.0)",488.23915179181125,-238.69368770861493,,529.6512999951814
3977,5078,2012-11-28 01:55:00,2012-11-28,B7.9,"(0, 0)",11620,2012-11-28 01:48:00,2012-11-28 01:38:00,"(44.052409182708125, -12.0)",-12.0,44.05240918270813,-0.20791169081775931,0.6801217447198498,"(44.052409182708125, -12.0)",663.3057877061459,-217.41440445089296,,
3987,5090,2012-11-29 01:06:00,2012-11-29,B7.0,"(0, 0)",11620,2012-11-29 01:03:00,2012-11-29 00:59:00,"(57.61390535657974, -12.0)",-12.0,57.61390535657974,-0.20791169081775931,0.8260045105925756,"(57.61390535657974, -12.0)",805.0403982068422,-212.41385245322707,,
3988,5091,2012-11-29 01:19:00,2012-11-29,C1.0,"(0, 0)",11623,2012-11-29 01:16:00,2012-11-29 01:12:00,"(-59.257575490653885, 9.0)",9.0,-59.257575490653885,0.15643446504023087,-0.8488924545312393,"(-59.257575490653885, 9.0)",-827.300208715792,142.96693305642623,,
3992,5095,2012-11-29 08:51:00,2012-11-29,C1.1,"(0, 0)",11620,2012-11-29 08:49:00,2012-11-29 08:45:00,"(62.15485608937591, -12.0)",-12.0,62.154856089375905,-0.20791169081775931,0.8648910494983658,"(62.15485608937591, -12.0)",842.6726935173396,-211.09065242941875,,
4011,5116,2012-12-01 16:07:00,2012-12-01,B7.1,"(0, 0)",11625,2012-12-01 16:01:00,2012-12-01 15:55:00,"(-25.657761392298163, 14.0)",14.0,-25.657761392298163,0.2419218955996677,-0.4201328975239407,"(-25.657761392298163, 14.0)",-410.3017011385873,223.58927640023546,,1431.785533389019
4014,5123,2012-12-03 10:42:00,2012-12-03,B3.3,"(0, 0)",11623,2012-12-03 10:31:00,2012-12-03 10:04:00,"(-1.831891389858062, 8.0)",8.0,-1.8318913898580618,0.13917310096006544,-0.031655987770927166,"(-1.831891389858062, 8.0)",-30.941412874949492,126.00024718720272,,
4016,5125,2012-12-03 19:03:00,2012-12-03,B2.7,"(0, 0)",11623,2012-12-03 18:56:00,2012-12-03 18:51:00,"(2.0283597187271805, 8.0)",8.0,2.0283597187271805,0.13917310096006544,0.03504970780606168,"(2.0283597187271805, 8.0)",34.25850738493015,126.00133685888017,,990.3505312519524
4019,5128,2012-12-04 03:20:00,2012-12-04,B2.1,"(0, 0)",11623,2012-12-04 03:15:00,2012-12-04 03:10:00,"(6.906150838316447, 8.0)",8.0,6.906150838316448,0.13917310096006544,0.1190732123763244,"(6.906150838316447, 8.0)",116.398608398909,128.2263006789363,,1072.3361469818467
4020,5129,2012-12-04 04:31:00,2012-12-04,B2.3,"(0, 0)",11623,2012-12-04 04:27:00,2012-12-04 04:13:00,"(7.609960378617904, 8.0)",8.0,7.609960378617903,0.13917310096006544,0.13113991552671364,"(7.609960378617904, 8.0)",128.1933346058752,128.23758101327465,,1084.1103986905368
4021,5130,2012-12-04 05:16:00,2012-12-04,B3.2,"(0, 0)",11623,2012-12-04 04:49:00,2012-12-04 04:41:00,"(7.8250132937100165, 8.0)",8.0,7.825013293710016,0.13917310096006544,0.13482310085597446,"(7.8250132937100165, 8.0)",131.79344978428028,128.24124466623388,,1077.1430049936303
4025,5134,2012-12-04 20:51:00,2012-12-04,B2.6,"(0, 0)",11628,2012-12-04 20:46:00,2012-12-04 20:42:00,"(-80.95033866051797, 10.0)",10.0,-80.95033866051797,0.17364817766693033,-0.9725492397637135,"(-80.95033866051797, 10.0)",-946.9819323414413,167.85018054490135,,
4031,5141,2012-12-06 22:31:00,2012-12-06,B2.5,"(0, 0)",11628,2012-12-06 22:23:00,2012-12-06 21:54:00,"(-51.9475681237707, 9.0)",9.0,-51.9475681237707,0.15643446504023087,-0.7777522468676569,"(-51.9475681237707, 9.0)",-759.142209973129,150.51072417408363,,
4032,5142,2012-12-07 05:29:00,2012-12-07,B2.0,"(0, 0)",11621,2012-12-07 05:19:00,2012-12-07 05:13:00,"(86.09413958516726, 16.0)",16.0,86.09413958516727,0.2756373558169992,0.9590289895198768,"(86.09413958516726, 16.0)",933.8007541383705,268.2938755241384,,
4033,5143,2012-12-07 10:48:00,2012-12-07,B4.8,"(0, 0)",11621,2012-12-07 10:07:00,2012-12-07 09:02:00,"(88.88759475923675, 16.0)",16.0,88.88759475923676,0.2756373558169992,0.9610805290659532,"(88.88759475923675, 16.0)",935.5915314201644,268.2997881700807,,
4034,5144,2012-12-07 14:36:00,2012-12-07,B2.6,"(0, 0)",11621,2012-12-07 14:32:00,2012-12-07 14:26:00,"(91.45796149926596, 16.0)",16.0,91.45796149926596,0.2756373558169992,0.9609504991878204,"(91.45796149926596, 16.0)",935.2746193902543,268.3052431807382,,
4047,5161,2012-12-09 19:24:00,2012-12-09,B3.8,"(0, 0)",11630,2012-12-09 19:18:00,2012-12-09 19:14:00,"(-4.727221152337694, 18.0)",18.0,-4.727221152337694,0.3090169943749474,-0.07837847012108562,"(-4.727221152337694, 18.0)",-76.65512530466003,305.0442842413576,,
4050,5164,2012-12-09 21:03:00,2012-12-09,B7.9,"(0, 0)",11629,2012-12-09 21:00:00,2012-12-09 20:56:00,"(-20.755623904893532, 11.0)",11.0,-20.755623904893525,0.1908089953765448,-0.3478718144670456,"(-20.755623904893532, 11.0)",-340.1750495953138,189.3202545477845,,338.9423394757553
4055,5170,2012-12-11 00:49:00,2012-12-11,B5.7,"(0, 0)",11630,2012-12-11 00:46:00,2012-12-11 00:40:00,"(11.444136619502899, 19.0)",19.0,11.444136619502899,0.3255681544571567,0.18760262240176775,"(11.444136619502899, 19.0)",183.50116400161113,325.2593828518996,,258.90256734613365
4056,5171,2012-12-11 03:15:00,2012-12-11,B5.6,"(12, 18)",11630,2012-12-11 03:10:00,2012-12-11 03:02:00,"(12, 18)",18.0,12.0,0.3090169943749474,0.19773576836617326,"(12.834477341425021, 19.0)",193.41614180831948,309.10209073385835,,259.86055855832694
4057,5172,2012-12-11 23:49:00,2012-12-11,B5.7,"(0, 0)",11630,2012-12-11 23:46:00,2012-12-11 23:41:00,"(24.864827985368684, 19.0)",19.0,24.864827985368684,0.3255681544571567,0.3975706382703115,"(24.864827985368684, 19.0)",388.75147967180243,324.6463915684794,,238.65675256299667
4068,5187,2012-12-14 14:21:00,2012-12-14,B6.7,"(0, 0)",11633,2012-12-14 14:12:00,2012-12-14 14:06:00,"(-88.83529479468177, -7.0)",-7.0,-88.83529479468176,-0.12186934340514748,-0.9923410861763742,"(-88.83529479468177, -7.0)",-966.8188652917252,-118.44297495686575,,1610.3311695091081
4072,5191,2012-12-15 10:52:00,2012-12-15,B4.7,"(0, 0)",11633,2012-12-15 10:47:00,2012-12-15 10:37:00,"(-76.756108862023, -7.0)",-7.0,-76.756108862023,-0.12186934340514748,-0.9661480867188872,"(-76.756108862023, -7.0)",-942.3196909040598,-115.19953069369001,,
4077,5196,2012-12-15 13:08:00,2012-12-15,B5.5,"(0, 0)",11629,2012-12-15 13:05:00,2012-12-15 12:57:00,"(55.6114796794152, 11.0)",11.0,55.611479679415204,0.1908089953765448,0.8100649391299796,"(55.6114796794152, 11.0)",791.2919514564352,195.26859880397288,,262.3185934695158
4079,5198,2012-12-15 14:57:00,2012-12-15,B4.5,"(0, 0)",11633,2012-12-15 14:52:00,2012-12-15 14:46:00,"(-74.3598331102, -7.0)",-7.0,-74.3598331102,-0.12186934340514748,-0.9557959446598068,"(-74.3598331102, -7.0)",-932.4002028386303,-114.57652759161608,,
4098,5219,2012-12-18 13:12:00,2012-12-18,C1.4,"(0, 0)",11631,2012-12-18 13:08:00,2012-12-18 13:00:00,"(82.7536204356785, 23.0)",23.0,82.7536204356785,0.39073112848927377,0.9131527094122248,"(82.7536204356785, 23.0)",890.371457642402,383.4942407910585,,203.14503934209714
4100,5221,2012-12-18 20:07:00,2012-12-18,B9.5,"(0, 0)",11634,2012-12-18 20:03:00,2012-12-18 19:59:00,"(-30.307122153010276, -13.0)",-13.0,-30.307122153010283,-0.224951054343865,-0.4917011833879199,"(-30.307122153010276, -13.0)",-481.1173898519655,-201.04338667530317,,
4101,5222,2012-12-19 04:53:00,2012-12-19,B5.8,"(0, 0)",11633,2012-12-19 04:47:00,2012-12-19 04:43:00,"(-24.192934119293064, -7.0)",-7.0,-24.192934119293064,-0.12186934340514748,-0.4067558797809112,"(-24.192934119293064, -7.0)",-398.15258232481483,-96.83822964599175,,599.8264729463207
4105,5226,2012-12-20 16:40:00,2012-12-20,B4.4,"(0, 0)",11634,2012-12-20 16:34:00,2012-12-20 16:21:00,"(-4.341672912415965, -13.0)",-13.0,-4.341672912415965,-0.224951054343865,-0.07376370078846235,"(-4.341672912415965, -13.0)",-72.23330943324981,-194.04960813506364,,828.511460803141
4119,5240,2012-12-22 14:25:00,2012-12-22,B8.0,"(0, 0)",11635,2012-12-22 14:07:00,2012-12-22 13:56:00,"(-27.78858679662617, 10.0)",10.0,-27.788586796626173,0.17364817766693033,-0.4591276404321987,"(-27.78858679662617, 10.0)",-449.42950377578654,197.05355283102918,,926.104105237826
4134,5256,2012-12-24 09:48:00,2012-12-24,B3.9,"(0, 0)",11635,2012-12-24 09:44:00,2012-12-24 09:40:00,"(-3.309194789800502, 12.0)",12.0,-3.309194789800502,0.20791169081775931,-0.05646282634125945,"(-3.309194789800502, 12.0)",-55.30437506663475,238.10542955135745,,
4142,5264,2012-12-25 06:47:00,2012-12-25,C1.8,"(-25, 11)",11635,2012-12-25 06:43:00,2012-12-25 06:38:00,"(-25, 11)",11.0,-25.0,0.1908089953765448,-0.4148535739460704,"(8.930646853733855, 11.0)",-406.1966712958565,220.06156168959475,,599.9826116047749
4145,5268,2012-12-25 16:02:00,2012-12-25,B6.6,"(0, 0)",11636,2012-12-25 15:56:00,2012-12-25 15:47:00,"(-63.71159123230791, 13.0)",13.0,-63.71159123230791,0.224951054343865,-0.8735968616133191,"(-63.71159123230791, 13.0)",-853.5033890722843,235.76691270365654,,969.672019544332
4147,5270,2012-12-26 04:37:00,2012-12-26,B9.4,"(0, 0)",11635,2012-12-26 04:30:00,2012-12-26 04:24:00,"(19.6334358573403, 11.0)",11.0,19.6334358573403,0.1908089953765448,0.3298279755049423,"(19.6334358573403, 11.0)",323.01400300189533,223.33200516383232,,
4165,5290,2012-12-30 06:02:00,2012-12-30,B3.7,"(0, 0)",11637,2012-12-30 05:55:00,2012-12-30 05:50:00,"(-3.5261413581786654, 6.0)",6.0,-3.5261413581786654,0.10452846326765347,-0.061167009941871735,"(-3.5261413581786654, 6.0)",-59.93129102957937,149.7900410564458,168.53096084955592,177.26006095292283
4178,5307,2013-01-04 10:34:00,2013-01-04,C1.3,"(0, 0)",11639,2013-01-04 09:18:00,2013-01-04 08:22:00,"(29.34687114045459, -16.0)",-16.0,29.34687114045459,-0.2756373558169992,0.4711102133524569,"(29.34687114045459, -16.0)",461.30920915864294,-221.04250935812775,714.4247788576507,728.449233973029
4187,5316,2013-01-05 16:24:00,2013-01-05,C1.3,"(26, -13)",11645,2013-01-05 16:22:00,2013-01-05 16:19:00,"(26, -13)",-13.0,26.0,-0.224951054343865,0.4271357226968512,"(27.546441090453946, -14.0)",418.31392464843645,-167.61579876499832,1268.3175749021898,1250.4129372533027
4207,5340,2013-01-08 16:07:00,2013-01-08,C1.4,"(0, 0)",11646,2013-01-08 16:04:00,2013-01-08 16:01:00,"(4.366286308721975, 13.0)",13.0,4.366286308721975,0.224951054343865,0.07418106737564796,"(4.366286308721975, 13.0)",72.66692399698383,283.4105818869597,789.0212350009168,813.5671790925063
4209,5342,2013-01-09 04:01:00,2013-01-09,C1.0,"(0, 0)",11650,2013-01-09 03:52:00,2013-01-09 03:45:00,"(-27.81885763888889, -30.0)",-30.0,-27.81885763888889,-0.5,-0.4041547915071481,"(-27.81885763888889, -30.0)",-395.59924292946107,-436.781229864767,805.0388857667035,841.8353823094752
4210,5343,2013-01-09 08:21:00,2013-01-09,C1.4,"(0, 0)",11641,2013-01-09 08:15:00,2013-01-09 08:10:00,"(66.95752550415882, 2.0)",2.0,66.95752550415882,0.03489949670250097,0.9196543737422956,"(66.95752550415882, 2.0)",898.431009765154,60.2528916745711,171.32391101174397,206.6950828818658
4253,5386,2013-01-13 16:09:00,2013-01-13,C2.0,"(0, 0)",11654,2013-01-13 16:06:00,2013-01-13 16:04:00,"(-8.633412806984595, 8.0)",8.0,-8.633412806984595,0.13917310096006544,-0.1486510456787854,"(-8.633412806984595, 8.0)",-145.59560128102476,208.81784548242555,573.4184332038482,583.6806925527171
4260,5393,2013-01-14 04:56:00,2013-01-14,C1.8,"(0, 0)",11657,2013-01-14 04:54:00,2013-01-14 04:50:00,"(7.742637501394377, -17.0)",-17.0,7.742637501394378,-0.2923717047227368,0.12883682233683685,"(7.742637501394377, -17.0)",126.18334088247971,-213.27528753872943,488.6608208211794,471.3018429073516
4261,5394,2013-01-14 06:36:00,2013-01-14,C1.3,"(0, 0)",11652,2013-01-14 06:32:00,2013-01-14 06:27:00,"(31.784816409676885, 19.0)",19.0,31.784816409676885,0.3255681544571567,0.4980335215692992,"(31.784816409676885, 19.0)",487.3321929481868,378.7945401839064,542.4812193986332,520.8672197267512
4273,5410,2013-01-16 20:05:00,2013-01-16,C2.2,"(0, 0)",11650,2013-01-16 19:23:00,2013-01-16 18:21:00,"(75.8980310842582, -31.0)",-31.0,75.8980310842582,-0.5150380749100542,0.8313354010142547,"(75.8980310842582, -31.0)",811.3535873410766,-484.4243148856861,1911.3555202522136,693.797286759673
4277,5417,2013-01-18 13:17:00,2013-01-18,C1.0,"(0, 0)",11654,2013-01-18 13:14:00,2013-01-18 13:09:00,"(52.6816565890708, 7.0)",7.0,52.6816565890708,0.12186934340514748,0.7893515388546933,"(52.6816565890708, 7.0)",771.5173798144565,168.48390115404476,205.08344443585798,
4278,5418,2013-01-18 14:25:00,2013-01-18,B4.6,"(0, 0)",11659,2013-01-18 14:17:00,2013-01-18 14:13:00,"(-45.709218681902456, 4.0)",4.0,-45.709218681902456,0.0697564737441253,-0.7140614316711491,"(-45.709218681902456, 4.0)",-698.256314935702,125.64197946672283,233.74604863123093,187.84353352138717
4297,5437,2013-01-23 01:33:00,2013-01-23,B6.5,"(0, 0)",11661,2013-01-23 01:27:00,2013-01-23 01:20:00,"(-59.15308174130003, 13.0)",13.0,-59.15308174130003,0.224951054343865,-0.8365359758188703,"(-59.15308174130003, 13.0)",-816.8623993363781,263.9080842446827,1309.6706328440193,1315.7145269799082
4298,5438,2013-01-24 16:25:00,2013-01-24,B6.6,"(0, 0)",11661,2013-01-24 16:21:00,2013-01-24 16:16:00,"(-37.44576893923756, 17.0)",17.0,-37.44576893923756,0.2923717047227368,-0.5814430833365598,"(-37.44576893923756, 17.0)",-568.3913886016171,354.41069216208547,,1300.3900844086143
4323,5468,2013-02-03 08:53:00,2013-02-03,C1.5,"(-53, 23)",11667,2013-02-03 08:18:00,2013-02-03 07:43:00,"(-53, 23)",23.0,-53.0,0.39073112848927377,-0.7351478631379983,"(-44.228992295963025, 23.0)",-716.9561301812337,436.9285289248846,,402.92101538063764
4340,5488,2013-02-10 00:03:00,2013-02-09,B4.2,"(0, 0)",11667,2013-02-09 23:53:00,2013-02-09 23:48:00,"(36.93293764271434, 23.0)",23.0,36.93293764271434,0.39073112848927377,0.5531128100360434,"(36.93293764271434, 23.0)",539.3294073314008,460.2354279347903,524.705292696869,502.45447252933184
4341,5489,2013-02-10 06:12:00,2013-02-10,B2.7,"(0, 0)",11667,2013-02-10 06:09:00,2013-02-10 06:05:00,"(40.53514426262981, 23.0)",23.0,40.535144262629814,0.39073112848927377,0.5982493100907171,"(40.53514426262981, 23.0)",583.1350914451036,456.65543330772266,506.169262615296,
4393,5546,2013-02-25 15:40:00,2013-02-25,B8.9,"(0, 0)",11678,2013-02-25 11:51:00,2013-02-25 05:15:00,"(114.02631001650603, 8.0)",8.0,114.02631001650605,0.13917310096006544,0.904469846319784,"(114.02631001650603, 8.0)",874.5152250586037,84.9648488982426,1530.4337232877947,
4402,5556,2013-02-28 15:29:00,2013-02-28,B5.7,"(0, 0)",11683,2013-02-28 15:22:00,2013-02-28 15:17:00,"(-73.02433951447222, -16.0)",-16.0,-73.02433951447222,-0.2756373558169992,-0.9193784381365137,"(-73.02433951447222, -16.0)",-891.3444447346819,-230.98516230181514,1279.9911202774128,1237.3632652621286
4409,5565,2013-03-04 07:05:00,2013-03-04,B4.4,"(0, 0)",11687,2013-03-04 07:01:00,2013-03-04 06:57:00,"(-60.88029721631892, 6.0)",6.0,-60.88029721631892,0.10452846326765347,-0.8688192319011036,"(-60.88029721631892, 6.0)",-842.0850379114427,159.6665674354788,,
4418,5574,2013-03-06 07:46:00,2013-03-06,B7.6,"(0, 0)",11689,2013-03-06 07:42:00,2013-03-06 07:38:00,"(-49.53932351716653, -19.0)",-19.0,-49.53932351716653,-0.3255681544571567,-0.7193992443046083,"(-49.53932351716653, -19.0)",-697.4979350527519,-238.03494499487317,,
4420,5576,2013-03-07 01:46:00,2013-03-07,B7.3,"(0, 0)",11689,2013-03-07 01:30:00,2013-03-07 01:18:00,"(-40.132563697179606, -20.0)",-20.0,-40.132563697179606,-0.3420201433256687,-0.6056866443392122,"(-40.132563697179606, -20.0)",-587.3850776079053,-241.0829920161563,1456.2126361265018,1441.1870159122304
4432,5592,2013-03-13 04:39:00,2013-03-13,C1.1,"(0, 0)",11689,2013-03-13 04:34:00,2013-03-13 04:14:00,"(38.64550942921292, -19.0)",-19.0,38.64550942921292,-0.3255681544571567,0.5904764953667816,"(38.64550942921292, -19.0)",571.759436720911,-223.09689779005308,974.5031529349259,1006.6661308715678
4439,5599,2013-03-15 04:35:00,2013-03-15,B5.0,"(0, 0)",11691,2013-03-15 04:32:00,2013-03-15 04:29:00,"(41.647836395016014, 13.0)",13.0,41.647836395016014,0.224951054343865,0.6475179381051948,"(41.647836395016014, 13.0)",626.4206380833515,303.8291532429034,619.8783832462999,627.1317511862394
4446,5607,2013-03-16 07:23:00,2013-03-16,C2.0,"(50, -19)",11698,2013-03-16 07:18:00,2013-03-16 07:14:00,"(50, -19)",-19.0,50.0,-0.3255681544571567,0.724309250703628,"(46.228953029179785, -19.0)",700.3527533458372,-239.21260197614822,1006.8634811556958,
4458,5622,2013-03-18 06:41:00,2013-03-18,C2.1,"(0, 0)",11698,2013-03-18 06:32:00,2013-03-18 06:27:00,"(75.78481640967688, -19.0)",-19.0,75.78481640967688,-0.3255681544571567,0.9165670885110124,"(75.78481640967688, -19.0)",884.2227571820283,-283.9720878285397,1122.51982291033,
4459,5623,2013-03-18 07:03:00,2013-03-18,C1.5,"(0, 0)",11698,2013-03-18 07:00:00,2013-03-18 06:57:00,"(76.05516043893952, -19.0)",-19.0,76.05516043893951,-0.3255681544571567,0.9176524245596231,"(76.05516043893952, -19.0)",885.2520014376807,-284.4825422594083,1123.0662035194505,
4467,5631,2013-03-19 14:42:00,2013-03-19,C1.5,"(0, 0)",11695,2013-03-19 14:23:00,2013-03-19 13:50:00,"(31.36759767006189, 10.0)",10.0,31.36759767006189,0.17364817766693033,0.5126188698860363,"(31.36759767006189, 10.0)",495.6535915446194,266.7783280997026,,169.69973159505696
4479,5643,2013-03-21 07:28:00,2013-03-21,B6.7,"(0, 0)",11692,2013-03-21 07:25:00,2013-03-21 07:20:00,"(75.34709087709237, 9.0)",9.0,75.34709087709237,0.15643446504023087,0.9555647525499108,"(75.34709087709237, 9.0)",920.9069795751323,179.04445677023222,1468.1502206265882,
4488,5654,2013-03-22 03:58:00,2013-03-22,C1.1,"(-10, 8)",11692,2013-03-22 03:56:00,2013-03-22 03:51:00,"(-10, 8)",8.0,-10.0,0.13917310096006544,-0.1719582455387242,"(87.30542347639056, 9.0)",-166.23751491379153,248.17337000277945,1132.1410582659678,1129.7433131392033
4497,5665,2013-03-23 02:02:00,2013-03-23,B5.4,"(0, 0)",11704,2013-03-23 01:58:00,2013-03-23 01:49:00,"(-86.83953615083412, 15.0)",15.0,-86.83953615083412,0.25881904510252074,-0.9644566968865544,"(-86.83953615083412, 15.0)",-928.0632688639571,253.421859988683,1890.3986745459551,
4498,5666,2013-03-23 02:14:00,2013-03-23,B6.8,"(0, 0)",11704,2013-03-23 02:09:00,2013-03-23 02:04:00,"(-86.73270188634154, 15.0)",15.0,-86.73270188634156,0.25881904510252074,-0.964355722543495,"(-86.73270188634154, 15.0)",-927.9738337385652,253.6333134055505,1892.4970444527296,1834.3503697019792
4501,5669,2013-03-24 22:37:00,2013-03-24,B2.5,"(0, 0)",11703,2013-03-24 22:26:00,2013-03-24 22:15:00,"(83.10592102071494, -26.0)",-26.0,83.10592102071494,-0.4383711467890774,0.892295542197478,"(83.10592102071494, -26.0)",858.9404979995383,-406.4185445496528,,
4502,5670,2013-03-25 02:30:00,2013-03-24,B4.1,"(0, 0)",11704,2013-03-25 00:09:00,2013-03-24 22:48:00,"(-59.91270452581033, 16.0)",16.0,-59.91270452581033,0.2756373558169992,-0.8317437964108668,"(-59.91270452581033, 16.0)",-801.7205849098218,319.6534592722338,,529.8064794752383
4525,5697,2013-04-04 13:08:00,2013-04-04,B6.2,"(0, 0)",11704,2013-04-04 13:06:00,2013-04-04 13:03:00,"(82.64821736562367, 15.0)",15.0,82.64821736562368,0.25881904510252074,0.9579851426567816,"(82.64821736562367, 15.0)",918.9654135706738,259.9023242829678,935.5793637782615,957.388729532635
4526,5698,2013-04-05 03:54:00,2013-04-05,B6.0,"(0, 0)",11711,2013-04-05 03:52:00,2013-04-05 03:48:00,"(-7.760006614681028, -19.0)",-19.0,-7.760006614681027,-0.3255681544571567,-0.12766768250194316,"(-7.760006614681028, -19.0)",-122.93140279348336,-212.40693852524277,531.042174953396,536.8626916567752
4529,5701,2013-04-06 06:04:00,2013-04-06,C1.2,"(0, 0)",11717,2013-04-06 06:00:00,2013-04-06 05:55:00,"(-62.485849499518686, -10.0)",-10.0,-62.48584949951869,-0.17364817766693033,-0.8734228120350097,"(-62.485849499518686, -10.0)",-838.8276113904112,-118.21293418896714,557.3705552375541,571.7549224977121
4533,5705,2013-04-06 11:54:00,2013-04-06,C1.7,"(-40, 22)",11718,2013-04-06 11:42:00,2013-04-06 11:15:00,"(-40, 22)",22.0,-40.0,0.374606593415912,-0.5959822936169371,"(-38.274603597923786, 23.0)",-572.8956436744511,432.2807961305279,962.0682056041525,981.8193273101448
4535,5707,2013-04-06 20:12:00,2013-04-06,C1.2,"(0, 0)",11715,2013-04-06 19:57:00,2013-04-06 19:35:00,"(36.649947730432416, 18.0)",18.0,36.649947730432416,0.3090169943749474,0.5677089414969834,"(36.649947730432416, 18.0)",545.8692502824629,375.23310540939747,1077.3956278672008,1045.9112084001958
4545,5718,2013-04-08 17:18:00,2013-04-08,B8.1,"(0, 0)",11713,2013-04-08 17:16:00,2013-04-08 17:13:00,"(57.053427608212765, 9.0)",9.0,57.05342760821278,0.15643446504023087,0.8288463978253989,"(57.053427608212765, 9.0)",795.7254248451935,204.30248866738577,962.0940434139136,936.7331577570199
4546,5719,2013-04-08 18:12:00,2013-04-08,B9.9,"(0, 0)",11714,2013-04-08 18:00:00,2013-04-08 17:56:00,"(8.499386009963802, 14.0)",14.0,8.499386009963803,0.2419218955996677,0.14340855629308785,"(8.499386009963802, 14.0)",137.9424183697235,329.77720858525896,692.1728065646033,682.0383741743399
4549,5722,2013-04-09 07:28:00,2013-04-09,C2.2,"(-64, -18)",11718,2013-04-09 07:24:00,2013-04-09 07:17:00,"(-64, -18)",-18.0,-64.0,-0.3090169943749474,-0.8548039345401107,"(-2.7372419113700994, 22.0)",-820.1405797555935,-252.66040910671066,1028.0321122685075,1032.9264578508657
4558,5734,2013-04-10 16:54:00,2013-04-10,C1.1,"(0, 0)",11719,2013-04-10 16:51:00,2013-04-10 16:47:00,"(-17.18769601307357, 10.0)",10.0,-17.18769601307357,0.17364817766693033,-0.2910135488249022,"(-17.18769601307357, 10.0)",-279.74588234228577,260.27392694237864,1229.3905348396881,1238.779920756186
4562,5738,2013-04-11 00:35:00,2013-04-11,C1.4,"(0, 0)",11711,2013-04-11 00:28:00,2013-04-11 00:19:00,"(67.2712015910646, -17.0)",-17.0,67.27120159106461,-0.2923717047227368,0.882041959681326,"(67.2712015910646, -17.0)",845.5959643522227,-242.32025292038978,422.1266969784601,880.0019721249917
4569,5748,2013-04-12 18:24:00,2013-04-12,C1.1,"(0, 0)",11719,2013-04-12 18:15:00,2013-04-12 18:00:00,"(10.635054182287394, 11.0)",11.0,10.635054182287394,0.1908089953765448,0.18116193404862474,"(10.635054182287394, 11.0)",174.06718056291055,276.6773807436935,433.82247197991285,427.32657903505986
4586,5771,2013-04-17 04:47:00,2013-04-17,C1.3,"(14, 9)",11719,2013-04-17 04:43:00,2013-04-17 04:39:00,"(14, 9)",9.0,14.0,0.15643446504023087,0.238943435618466,"(66.76455442295988, 9.0)",229.2667589823316,236.74197451611133,649.2813803139529,654.8503218364602
4594,5783,2013-04-20 02:08:00,2013-04-20,B8.1,"(0, 0)",11723,2013-04-20 01:46:00,2013-04-20 01:03:00,"(33.02512568137516, -18.0)",-18.0,33.02512568137516,-0.3090169943749474,0.5183322318283516,"(33.02512568137516, -18.0)",496.6669970325139,-225.67123819598044,734.4669152547427,404.03638052889227
4622,5811,2013-04-22 04:51:00,2013-04-22,B6.3,"(0, 0)",11727,2013-04-22 04:46:00,2013-04-22 04:43:00,"(-28.272790582169304, 25.0)",25.0,-28.272790582169304,0.42261826174069933,-0.4292908296547188,"(-28.272790582169304, 25.0)",-411.00585341616807,469.9585288441805,776.6333499755433,708.5268583192696
4665,5866,2013-04-27 13:37:00,2013-04-27,C1.1,"(0, 0)",11731,2013-04-27 13:27:00,2013-04-27 13:24:00,"(-43.1836146633696, 9.0)",9.0,-43.183614663369596,0.15643446504023087,-0.6759132650253663,"(-43.1836146633696, 9.0)",-646.1087498095594,203.796876247521,1594.043456014218,
4666,5867,2013-04-27 15:37:00,2013-04-27,C1.9,"(0, 0)",11732,2013-04-27 15:13:00,2013-04-27 15:08:00,"(-71.11833248978031, -15.0)",-15.0,-71.11833248978031,-0.25881904510252074,-0.9139483450562416,"(-71.11833248978031, -15.0)",-872.136500120655,-222.48029146080015,1852.0494743241784,1852.2280776917967
4728,5934,2013-05-04 18:26:00,2013-05-04,C1.6,"(0, 0)",11731,2013-05-04 18:21:00,2013-05-04 18:16:00,"(52.69084161204676, 10.0)",10.0,52.69084161204675,0.17364817766693033,0.7832930492058192,"(52.69084161204676, 10.0)",746.9744747877813,203.55591642273583,1595.399658341287,1554.3298499845546
4742,5952,2013-05-05 16:17:00,2013-05-05,C3.2,"(-15, -16)",11734,2013-05-05 16:11:00,2013-05-05 16:07:00,"(-15, -16)",-16.0,-15.0,-0.2756373558169992,-0.2487928342363853,"(4.464302409764616, -18.0)",-237.59487440820521,-204.5583071289043,618.9180254217586,353.000677164688
4748,5961,2013-05-06 01:51:00,2013-05-06,C1.0,"(0, 0)",11740,2013-05-06 01:46:00,2013-05-06 01:41:00,"(-48.98027167933075, -21.0)",-21.0,-48.98027167933075,-0.3583679495453003,-0.7043711570345205,"(-48.98027167933075, -21.0)",-671.5351008643665,-303.75811199694937,533.4737156276623,572.7693944462522
4757,5971,2013-05-07 22:32:00,2013-05-07,C1.3,"(0, 0)",11739,2013-05-07 22:18:00,2013-05-07 22:11:00,"(-16.993942005891007, 12.0)",12.0,-16.993942005891007,0.20791169081775931,-0.28588377747736704,"(-16.993942005891007, 12.0)",-272.85224908637247,253.2691429232694,183.427668133624,183.43160771750996
4760,5975,2013-05-08 19:11:00,2013-05-08,C1.1,"(0, 0)",11736,2013-05-08 19:05:00,2013-05-08 18:57:00,"(64.11468838045802, -7.0)",-7.0,64.11468838045802,-0.12186934340514748,0.8929637264364111,"(64.11468838045802, -7.0)",850.1592174733862,-91.07544793291359,201.19967620672813,214.1803695607668
4761,5976,2013-05-09 01:36:00,2013-05-09,B9.5,"(0, 0)",11736,2013-05-09 01:21:00,2013-05-09 01:14:00,"(67.79223810570474, -7.0)",-7.0,67.79223810570474,-0.12186934340514748,0.9189184726512136,"(67.79223810570474, -7.0)",874.4285402947374,-95.03509421366871,210.80658595805704,174.62058181463883
4762,5977,2013-05-09 05:31:00,2013-05-09,C3.4,"(0, 0)",11736,2013-05-09 05:23:00,2013-05-09 05:16:00,"(70.1591717054646, -7.0)",-7.0,70.1591717054646,-0.12186934340514748,0.9336277678793548,"(70.1591717054646, -7.0)",888.268940511934,-97.13348339938688,199.1209129838636,185.1009667127401
4790,6006,2013-05-12 04:45:00,2013-05-12,C2.2,"(0, 0)",11746,2013-05-12 04:36:00,2013-05-12 04:11:00,"(-60.38187379838527, -27.0)",-27.0,-60.38187379838528,-0.4539904997395468,-0.7745863835827684,"(-60.38187379838527, -27.0)",-736.8619781550933,-409.3591575699235,1650.0131160477229,889.2906460065532
4792,6008,2013-05-12 06:03:00,2013-05-12,C1.0,"(0, 0)",11734,2013-05-12 06:01:00,2013-05-12 05:58:00,"(91.48550694870754, -19.0)",-19.0,91.48550694870754,-0.3255681544571567,0.9452008005081524,"(91.48550694870754, -19.0)",897.216397875292,-309.83328416269126,1444.5344370267603,
4796,6012,2013-05-12 09:14:00,2013-05-12,C1.6,"(0, 0)",11743,2013-05-12 09:03:00,2013-05-12 08:57:00,"(-23.809657305776994, 24.0)",24.0,-23.809657305776998,0.4067366430758002,-0.3687978524276778,"(-23.809657305776994, 24.0)",-351.4045707232526,428.7079151130379,1443.1512665257242,1438.4967945363223
4819,6038,2013-05-15 22:41:00,2013-05-15,C1.1,"(0, 0)",11748,2013-05-15 22:31:00,2013-05-15 22:26:00,"(-51.86805848630847, 11.0)",11.0,-51.86805848630847,0.1908089953765448,-0.7721390211843119,"(-51.86805848630847, 11.0)",-734.5114282288478,208.1096639188743,761.0650691048698,722.2847323728403
4821,6040,2013-05-16 16:00:00,2013-05-16,C1.1,"(0, 0)",11752,2013-05-16 15:49:00,2013-05-16 15:37:00,"(23.2515404758943, 18.0)",18.0,23.2515404758943,0.3090169943749474,0.3754472106631229,"(23.2515404758943, 18.0)",357.5112091532753,330.9816703031394,1029.168090274335,445.1348941446424
4853,6078,2013-05-22 03:08:00,2013-05-22,C1.9,"(0, 0)",11745,2013-05-22 02:56:00,2013-05-22 02:25:00,"(67.71330590265742, 13.0)",13.0,67.71330590265742,0.224951054343865,0.9015824921685712,"(67.71330590265742, 13.0)",855.5427878805363,224.7036878437902,1713.095023933032,1513.7240138064792
4866,6091,2013-05-24 22:54:00,2013-05-24,B9.8,"(0, 0)",11757,2013-05-24 22:48:00,2013-05-24 22:44:00,"(-84.77034023857004, -9.0)",-9.0,-84.77034023857006,-0.15643446504023087,-0.9835769380225952,"(-84.77034023857004, -9.0)",-931.8602057210683,-145.73846611545866,1814.4014861087167,1770.4741269206818
4877,6102,2013-05-27 21:46:00,2013-05-27,B6.8,"(0, 0)",11756,2013-05-27 21:42:00,2013-05-27 21:38:00,"(24.669931002342064, -20.0)",-20.0,24.669931002342068,-0.3420201433256687,0.3922185176635101,"(24.669931002342064, -20.0)",372.7119030212866,-307.03796764174945,235.83809491162822,206.32531454689087
4881,6109,2013-05-29 03:36:00,2013-05-29,B5.4,"(0, 0)",11757,2013-05-29 03:25:00,2013-05-29 03:12:00,"(-24.996097836641685, -8.0)",-8.0,-24.996097836641685,-0.13917310096006544,-0.4184442449639256,"(-24.996097836641685, -8.0)",-397.5669242474396,-116.96387401683654,978.6902045375429,
4883,6111,2013-05-29 07:58:00,2013-05-29,C1.2,"(0, 0)",11755,2013-05-29 07:36:00,2013-05-29 06:48:00,"(33.44758055906362, 11.0)",11.0,33.44758055906362,0.1908089953765448,0.541047223260184,"(33.44758055906362, 11.0)",513.8528467834432,195.09554472170387,511.0057951943074,543.5580879278369
4884,6112,2013-05-29 09:09:00,2013-05-29,B8.6,"(0, 0)",11755,2013-05-29 09:01:00,2013-05-29 08:56:00,"(34.2766251808189, 11.0)",11.0,34.2766251808189,0.1908089953765448,0.5528416129205413,"(34.2766251808189, 11.0)",525.035243815488,194.95404541350447,1424.0208318649513,1407.6487212592947
4896,6126,2013-05-30 17:42:00,2013-05-30,B5.0,"(0, 0)",11760,2013-05-30 17:34:00,2013-05-30 17:25:00,"(-54.7613883752346, 12.0)",12.0,-54.7613883752346,0.20791169081775931,-0.7989081712983063,"(-54.7613883752346, 12.0)",-757.7360158913507,205.6202498032406,1730.9537079537497,1731.1570811367465
4924,6157,2013-06-08 07:51:00,2013-06-08,B4.4,"(0, 0)",11765,2013-06-08 07:43:00,2013-06-08 07:39:00,"(14.525886349438538, 8.0)",8.0,14.525886349438537,0.13917310096006544,0.2483764519599073,"(14.525886349438538, 8.0)",235.69741934110402,129.18084622972847,837.3755235558305,
4952,6190,2013-06-15 23:13:00,2013-06-15,B9.8,"(0, 0)",11775,2013-06-15 23:06:00,2013-06-15 23:00:00,"(-74.51492765231768, -25.0)",-25.0,-74.51492765231768,-0.42261826174069933,-0.8734088559689899,"(-74.51492765231768, -25.0)",-825.4609765605437,-403.4370392694397,1635.7719151169536,1645.111921546031
4960,6200,2013-06-16 21:33:00,2013-06-16,B7.6,"(0, 0)",11769,2013-06-16 21:25:00,2013-06-16 20:58:00,"(-25.484952197039622, -23.0)",-23.0,-25.484952197039622,-0.39073112848927377,-0.3960693353637946,"(-25.484952197039622, -23.0)",-375.3085065800178,-385.8777461627019,401.25099152900856,355.5831791609948
4971,6212,2013-06-18 16:33:00,2013-06-18,C1.1,"(0, 0)",11769,2013-06-18 15:57:00,2013-06-18 15:33:00,"(-1.0359327980389033, -23.0)",-23.0,-1.0359327980389033,-0.39073112848927377,-0.016642224309725544,"(-1.0359327980389033, -23.0)",-15.773828429723835,-391.2436240492358,,
4972,6213,2013-06-18 16:59:00,2013-06-18,B9.4,"(0, 0)",11769,2013-06-18 16:54:00,2013-06-18 16:35:00,"(-0.4898536029985294, -23.0)",-23.0,-0.4898536029985294,-0.39073112848927377,-0.007869813966306552,"(-0.4898536029985294, -23.0)",-7.459168904892977,-391.2465013206107,944.0854881134447,
4999,6244,2013-06-23 12:59:00,2013-06-23,B8.0,"(0, 0)",11772,2013-06-23 12:32:00,2013-06-23 12:02:00,"(59.39464512392484, -22.0)",-22.0,59.394645123924846,-0.374606593415912,0.7980219960147658,"(59.39464512392484, -22.0)",754.5717070265267,-369.31118611444475,,
5012,6257,2013-06-26 12:13:00,2013-06-26,B6.7,"(0, 0)",11778,2013-06-26 12:06:00,2013-06-26 12:00:00,"(-28.915640572147318, -17.0)",-17.0,-28.91564057214732,-0.2923717047227368,-0.4623937657516622,"(-28.915640572147318, -17.0)",-437.88651027484775,-308.6133810825499,,1449.5756995106774
5017,6263,2013-06-27 21:32:00,2013-06-27,B4.3,"(23, -16)",11777,2013-06-27 20:29:00,2013-06-27 19:47:00,"(23, -16)",-16.0,23.0,-0.2756373558169992,0.3755948672274925,"(20.953406105108808, -16.0)",355.7505408590671,-296.29653379379323,,
5021,6267,2013-06-29 02:32:00,2013-06-29,B4.0,"(0, 0)",11781,2013-06-29 02:25:00,2013-06-29 02:20:00,"(5.3921169433588645, 22.0)",22.0,5.3921169433588645,0.374606593415912,0.08712870714746199,"(5.3921169433588645, 22.0)",82.54444991561327,314.07905438488393,,
5040,6286,2013-07-01 22:59:00,2013-07-01,B7.6,"(0, 0)",11785,2013-07-01 21:50:00,2013-07-01 21:01:00,"(-77.26993666072362, -9.0)",-9.0,-77.26993666072363,-0.15643446504023087,-0.9634100282355802,"(-77.26993666072362, -9.0)",-909.6110077632375,-157.812715428042,,
5042,6288,2013-07-02 01:08:00,2013-07-02,B6.6,"(0, 0)",11785,2013-07-02 01:02:00,2013-07-02 00:46:00,"(-75.39433790027027, -9.0)",-9.0,-75.39433790027026,-0.15643446504023087,-0.9557704567198728,"(-75.39433790027027, -9.0)",-902.5061605580049,-159.75595424616895,,
5047,6296,2013-07-02 20:20:00,2013-07-02,B9.5,"(71, -12)",11780,2013-07-02 20:14:00,2013-07-02 19:59:00,"(71, -12)",-12.0,71.0,-0.20791169081775931,0.9248567261717172,"(75.79571665274479, -11.0)",873.5820079840921,-211.77339186928666,,
5064,6318,2013-07-04 05:11:00,2013-07-04,C1.0,"(-52, -6)",11785,2013-07-04 05:03:00,2013-07-04 04:59:00,"(-52, -6)",-6.0,-52.0,-0.10452846326765347,-0.7836939482475386,"(-46.04469976009589, -11.0)",-741.2375285544613,-131.05240250168967,,
5071,6327,2013-07-04 23:26:00,2013-07-04,C1.1,"(0, 0)",11785,2013-07-04 23:22:00,2013-07-04 23:17:00,"(-36.37029211984175, -12.0)",-12.0,-36.37029211984175,-0.20791169081775931,-0.5800429642911824,"(-36.37029211984175, -12.0)",-549.0465142609992,-238.1277888486905,,182.42929624060486
5074,6330,2013-07-05 03:54:00,2013-07-05,C1.5,"(0, 0)",11787,2013-07-05 03:49:00,2013-07-05 03:42:00,"(-53.77322054522698, -14.0)",-14.0,-53.77322054522698,-0.2419218955996677,-0.7827222133093696,"(-53.77322054522698, -14.0)",-740.1542605609848,-259.6827821447611,,178.07130827061843
5075,6331,2013-07-05 04:31:00,2013-07-05,C1.8,"(0, 0)",11785,2013-07-05 04:26:00,2013-07-05 04:21:00,"(-33.407955161107765, -12.0)",-12.0,-33.407955161107765,-0.20791169081775931,-0.538564790399014,"(-33.407955161107765, -12.0)",-509.8482305359539,-241.11653802033564,,220.91423060811573
5100,6359,2013-07-08 16:44:00,2013-07-08,B9.5,"(0, 0)",11785,2013-07-08 16:28:00,2013-07-08 15:27:00,"(11.58452791809943, -9.0)",-9.0,11.584527918099429,-0.15643446504023087,0.1983410444529536,"(11.58452791809943, -9.0)",187.900224656356,-205.88567043640148,,
5129,6394,2013-07-17 00:05:00,2013-07-16,B6.4,"(0, 0)",11791,2013-07-16 23:43:00,2013-07-16 23:24:00,"(7.834693228248291, -14.0)",-14.0,7.834693228248291,-0.2419218955996677,0.13226630466759112,"(7.834693228248291, -14.0)",125.33159870529474,-298.8719551955295,,
5144,6410,2013-07-22 10:45:00,2013-07-22,B4.6,"(0, 0)",11801,2013-07-22 10:38:00,2013-07-22 10:33:00,"(-87.6088021213702, 20.0)",20.0,-87.6088021213702,0.3420201433256687,-0.9388743848438788,"(-87.6088021213702, 20.0)",-886.4715559687284,318.4988650878723,,
5147,6415,2013-07-24 01:42:00,2013-07-24,B4.9,"(0, 0)",11793,2013-07-24 01:24:00,2013-07-24 01:15:00,"(40.8096072159657, 20.0)",20.0,40.809607215965706,0.3420201433256687,0.6141337874028058,"(40.8096072159657, 20.0)",581.7401639615745,262.183302031531,,651.0493459673755
5149,6417,2013-07-24 18:23:00,2013-07-24,C1.0,"(13, -6)",11800,2013-07-24 18:19:00,2013-07-24 18:13:00,"(13, -6)",-6.0,13.0,-0.10452846326765347,0.22371874893115207,"(14.668858451486518, -9.0)",212.12984475060628,-181.20719479468428,,
5155,6424,2013-07-26 04:42:00,2013-07-26,B7.1,"(0, 0)",11800,2013-07-26 04:37:00,2013-07-26 04:31:00,"(34.7059419616957, -9.0)",-9.0,34.7059419616957,-0.15643446504023087,0.5623549570166738,"(34.7059419616957, -9.0)",532.9225299701147,-218.92922089300757,,
5158,6428,2013-07-26 22:00:00,2013-07-26,C1.8,"(0, 0)",11800,2013-07-26 21:49:00,2013-07-26 21:27:00,"(44.719457641951514, -8.0)",-8.0,44.71945764195152,-0.13917310096006544,0.6967883120209027,"(44.719457641951514, -8.0)",659.9969656369491,-193.03278652287642,,237.9509177080951
5169,6441,2013-07-28 21:16:00,2013-07-28,C1.0,"(0, 0)",11800,2013-07-28 21:11:00,2013-07-28 21:07:00,"(72.3480026067924, -8.0)",-8.0,72.3480026067924,-0.13917310096006544,0.9436421551430652,"(72.3480026067924, -8.0)",892.3383256500377,-158.12112166247314,,242.3234660584608
5185,6458,2013-08-03 03:56:00,2013-08-03,B3.7,"(0, 0)",11810,2013-08-03 03:52:00,2013-08-03 03:48:00,"(-42.79333698729645, -26.0)",-26.0,-42.79333698729645,-0.4383711467890774,-0.6106011039523799,"(-42.79333698729645, -26.0)",-578.6610679790783,-477.7686705769871,,1400.1810814980809
5189,6464,2013-08-07 15:11:00,2013-08-07,B4.8,"(11, -25)",11810,2013-08-07 14:58:00,2013-08-07 14:42:00,"(11, -25)",-25.0,11.0,-0.42261826174069933,0.1729316783464027,"(13.831652082292877, -25.0)",164.1488312558614,-489.92693139063437,,
5191,6467,2013-08-08 19:32:00,2013-08-08,B4.1,"(0, 0)",11810,2013-08-08 19:24:00,2013-08-08 17:56:00,"(30.368147554820727, -25.0)",-25.0,30.368147554820727,-0.42261826174069933,0.4581876979765183,"(30.368147554820727, -25.0)",434.76726149568304,-479.48633411903586,,
5192,6468,2013-08-09 09:54:00,2013-08-09,B4.5,"(0, 0)",11818,2013-08-09 09:44:00,2013-08-09 09:40:00,"(-80.45652704565549, -7.0)",-7.0,-80.45652704565549,-0.12186934340514748,-0.978809400650734,"(-80.45652704565549, -7.0)",-926.4408887697527,-131.78579885702567,,
5194,6470,2013-08-10 10:04:00,2013-08-10,B4.3,"(0, 0)",11810,2013-08-10 09:27:00,2013-08-10 08:44:00,"(52.13814441114059, -25.0)",-25.0,52.138144411140594,-0.42261826174069933,0.7155235337018969,"(52.13814441114059, -25.0)",678.460541808322,-456.8189174053124,,
5197,6474,2013-08-11 01:32:00,2013-08-11,C1.3,"(0, 0)",11819,2013-08-11 01:30:00,2013-08-11 01:26:00,"(-48.132563697179606, -20.0)",-20.0,-48.13256369717961,-0.3420201433256687,-0.6997806228498643,"(-48.132563697179606, -20.0)",-663.884993609031,-389.0932832134228,,242.9946344293269
5198,6476,2013-08-11 05:32:00,2013-08-11,C1.1,"(0, 0)",11817,2013-08-11 05:30:00,2013-08-11 05:26:00,"(-30.831733853045343, -22.0)",-22.0,-30.831733853045343,-0.374606593415912,-0.4751989062066844,"(-30.831733853045343, -22.0)",-451.1650487814677,-438.10770123418587,,431.78405729220344
5216,6497,2013-08-14 00:35:00,2013-08-14,C4.9,"(0, 0)",11809,2013-08-14 00:31:00,2013-08-14 00:22:00,"(109.30389772039791, 14.0)",14.0,109.30389772039793,0.2419218955996677,0.915744211284749,"(109.30389772039791, 14.0)",865.7385434370358,262.0154270164794,,168.41153179249673
5217,6498,2013-08-14 02:17:00,2013-08-14,C1.5,"(0, 0)",11809,2013-08-14 02:09:00,2013-08-14 02:03:00,"(110.25684263990776, 14.0)",14.0,110.25684263990776,0.2419218955996677,0.9102829294445356,"(110.25684263990776, 14.0)",860.5160467225193,263.6455759022456,,1217.5243060074256
5221,6502,2013-08-14 20:13:00,2013-08-14,C1.0,"(0, 0)",11817,2013-08-14 19:50:00,2013-08-14 19:00:00,"(14.594980375780061, -21.0)",-21.0,14.594980375780061,-0.3583679495453003,0.23524786912061246,"(14.594980375780061, -21.0)",223.57859784558462,-436.92471833933945,,185.81620554153744
5238,6523,2013-08-19 04:51:00,2013-08-19,B7.2,"(0, 0)",11817,2013-08-19 04:46:00,2013-08-19 04:42:00,"(72.75134245010761, -21.0)",-21.0,72.75134245010761,-0.3583679495453003,0.8915944133511897,"(72.75134245010761, -21.0)",845.7385254518534,-368.7244961411131,,1728.3121375328765
5239,6524,2013-08-19 09:23:00,2013-08-19,C2.2,"(-85, 27)",11817,2013-08-19 09:20:00,2013-08-19 09:10:00,"(-85, 27)",27.0,-85.0,0.4539904997395468,-0.8876159753616067,"(75.38724395825267, -21.0)",-841.5729096877612,418.642974265192,,1885.663088012817
5243,6529,2013-08-20 06:23:00,2013-08-20,C1.3,"(0, 0)",11817,2013-08-20 06:08:00,2013-08-20 04:54:00,"(91.55309295602319, -19.0)",-19.0,91.55309295602319,-0.3255681544571567,0.9451712289509572,"(91.55309295602319, -19.0)",895.5149761963362,-303.35046375705605,,
5245,6532,2013-08-21 02:09:00,2013-08-21,B7.7,"(0, 0)",11825,2013-08-21 02:07:00,2013-08-21 02:04:00,"(41.23183613578759, 16.0)",16.0,41.23183613578759,0.2756373558169992,0.6335747300917709,"(41.23183613578759, 16.0)",602.6678398779269,177.6549327119802,,
5246,6533,2013-08-21 04:08:00,2013-08-21,C1.3,"(-11, -16)",11823,2013-08-21 04:06:00,2013-08-21 03:36:00,"(-11, -16)",-16.0,-11.0,-0.2756373558169992,-0.1834173784959443,"(-0.5953174039700206, -8.0)",-174.59347058477306,-368.413743551778,,680.7819658147046
5271,6560,2013-08-31 22:49:00,2013-08-31,B5.4,"(0, 0)",11834,2013-08-31 22:26:00,2013-08-31 22:01:00,"(19.084938892898876, 13.0)",13.0,19.08493889289888,0.224951054343865,0.3185892859048502,"(19.084938892898876, 13.0)",303.9624897550739,103.16476190652931,,
5286,6577,2013-09-04 07:27:00,2013-09-04,C1.1,"(38, -16)",11837,2013-09-04 07:23:00,2013-09-04 07:19:00,"(38, -16)",-16.0,38.0,-0.2756373558169992,0.5918117938954298,"(36.296877229558284, -16.0)",564.5819472085345,-351.8285769221463,,
5287,6578,2013-09-04 07:37:00,2013-09-04,C1.2,"(38, -16)",11837,2013-09-04 07:33:00,2013-09-04 07:28:00,"(38, -16)",-16.0,38.0,-0.2756373558169992,0.5918117938954298,"(36.39387220088014, -16.0)",564.5819472085345,-351.8285769221463,,
5291,6582,2013-09-04 11:53:00,2013-09-04,B9.4,"(0, 0)",11837,2013-09-04 11:49:00,2013-09-04 11:44:00,"(38.876943466719695, -16.0)",-16.0,38.876943466719695,-0.2756373558169992,0.6033357420640141,"(38.876943466719695, -16.0)",575.551456995579,-350.7154265046276,,472.1295411156656
5298,6590,2013-09-07 13:30:00,2013-09-07,B5.1,"(0, 0)",11836,2013-09-07 13:05:00,2013-09-07 12:56:00,"(71.6061983949576, 10.0)",10.0,71.60619839495759,0.17364817766693033,0.9344940763371804,"(71.6061983949576, 10.0)",890.5622891056266,126.78809000219418,,
5302,6594,2013-09-10 06:04:00,2013-09-10,B4.1,"(-44, -21)",0,2013-09-10 05:25:00,2013-09-10 04:12:00,"(-44, -21)",-21.0,-44.0,-0.3583679495453003,-0.6485194577629618,,-619.3447945885964,-420.44167076448196,,
5303,6595,2013-09-10 11:03:00,2013-09-10,B2.9,"(0, 0)",11838,2013-09-10 10:54:00,2013-09-10 10:22:00,"(-8.595490535224343, -4.0)",-4.0,-8.595490535224343,-0.0697564737441253,-0.1490934518878428,"(-8.595490535224343, -4.0)",-142.61691060860358,-185.25556640951453,,
5304,6596,2013-09-12 11:16:00,2013-09-12,B2.6,"(0, 0)",11841,2013-09-12 11:06:00,2013-09-12 10:58:00,"(-62.48016016597159, -5.0)",-5.0,-62.4801601659716,-0.08715574274765818,-0.8834761547298059,"(-62.48016016597159, -5.0)",-843.493269921396,-137.92208956444745,,
5305,6597,2013-09-16 22:43:00,2013-09-16,B6.0,"(0, 0)",11846,2013-09-16 22:22:00,2013-09-16 21:45:00,"(-91.91782658930167, -16.0)",-16.0,-91.91782658930168,-0.2756373558169992,-0.960723247032783,"(-91.91782658930167, -16.0)",-916.0673399481993,-256.9162688974212,,
5312,6605,2013-09-19 08:52:00,2013-09-19,C1.8,"(0, 0)",11850,2013-09-19 08:17:00,2013-09-19 07:58:00,"(-84.21192516201822, 9.0)",9.0,-84.21192516201822,0.15643446504023087,-0.9826528293408712,"(-84.21192516201822, 9.0)",-938.5497975660655,136.4393868712535,,
5327,6622,2013-09-23 07:28:00,2013-09-23,B6.0,"(-34, 11)",11850,2013-09-23 07:14:00,2013-09-23 07:08:00,"(-34, 11)",11.0,-34.0,0.1908089953765448,-0.5489189548379108,"(-33.75516866819927, 7.0)",-526.6010277268379,86.12834378201983,,
5328,6623,2013-09-23 19:45:00,2013-09-23,B3.2,"(-76, 11)",11850,2013-09-23 19:38:00,2013-09-23 19:32:00,"(-76, 11)",11.0,-76.0,0.1908089953765448,-0.9524686608956121,"(-26.56108471609697, 8.0)",-911.3148263916173,153.38431353589257,,
5329,6624,2013-09-23 22:07:00,2013-09-23,B4.8,"(0, 0)",11846,2013-09-23 21:54:00,2013-09-23 21:44:00,"(2.781454378742733, -18.0)",-18.0,2.781454378742733,-0.3090169943749474,0.04615141695336072,"(2.781454378742733, -18.0)",44.290320467678214,-405.8937788108196,,
5340,6639,2013-09-27 11:37:00,2013-09-27,B6.7,"(0, 0)",11850,2013-09-27 11:33:00,2013-09-27 11:28:00,"(24.764739713426536, 10.0)",10.0,24.764739713426536,0.17364817766693033,0.4125294182166532,"(24.764739713426536, 10.0)",396.33809679227903,62.54387487684047,,458.2292302527744
5342,6641,2013-09-27 15:09:00,2013-09-27,B5.1,"(0, 0)",11850,2013-09-27 15:06:00,2013-09-27 15:02:00,"(24.78349094748915, 9.0)",9.0,24.78349094748915,0.15643446504023087,0.414029569797932,"(24.78349094748915, 9.0)",397.7801009591613,45.839443699405315,,533.313728010637
5345,6644,2013-09-29 02:03:00,2013-09-29,C1.6,"(0, 0)",11853,2013-09-29 01:27:00,2013-09-29 00:39:00,"(91.83999751949462, 19.0)",19.0,91.83999751949463,0.3255681544571567,0.9450310561399098,"(91.83999751949462, 19.0)",904.6459057460293,312.90136003824927,,
5349,6652,2013-10-03 00:41:00,2013-10-02,C1.5,"(-47, -13)",0,2013-10-03 00:06:00,2013-10-02 23:29:00,"(-47, -13)",-13.0,-47.0,-0.224951054343865,-0.7126091536275927,,-684.721364299844,-288.86810246789776,,
5361,6671,2013-10-07 15:55:00,2013-10-07,C2.3,"(-64, 7)",11856,2013-10-07 15:40:00,2013-10-07 15:34:00,"(-64, 7)",7.0,-64.0,0.12186934340514748,-0.8920945717723704,"(-6.890358677189786, 7.0)",-857.6609207215142,69.78793337691934,,666.6065922621483
5367,6677,2013-10-09 20:32:00,2013-10-09,B7.2,"(19, -8)",11857,2013-10-09 20:27:00,2013-10-09 20:20:00,"(19, -8)",-8.0,19.0,-0.13917310096006544,0.32239974755804585,"(21.916707203517152, -7.0)",310.8187634851148,-232.12700301461223,,
5368,6678,2013-10-09 21:57:00,2013-10-09,B7.6,"(0, 0)",11856,2013-10-09 21:41:00,2013-10-09 21:29:00,"(20.64048028774124, 7.0)",7.0,20.64048028774124,0.12186934340514748,0.3498753968247983,"(20.64048028774124, 7.0)",337.34071428935624,18.818560467160978,,
5371,6681,2013-10-10 15:47:00,2013-10-10,B8.7,"(-39, -9)",11861,2013-10-10 15:45:00,2013-10-10 15:41:00,"(-39, -9)",-9.0,-39.0,-0.15643446504023087,-0.6215724127386971,"(-26.83195693816181, -10.0)",-598.9455703756221,-229.95763996674415,,180.85827075536386
5377,6687,2013-10-10 20:28:00,2013-10-10,C1.0,"(0, 0)",11865,2013-10-10 20:24:00,2013-10-10 20:17:00,"(-47.07377420527941, -22.0)",-22.0,-47.073774205279406,-0.374606593415912,-0.6789129817768785,"(-47.07377420527941, -22.0)",-653.7130457669718,-424.42996808801377,,278.8301647716263
5400,6714,2013-10-13 18:07:00,2013-10-13,C4.5,"(14, -12)",11861,2013-10-13 17:58:00,2013-10-13 17:50:00,"(14, -12)",-12.0,14.0,-0.20791169081775931,0.2366353217457892,"(15.463714837061934, -9.0)",228.41094746489816,-295.5883990663731,,
5401,6715,2013-10-13 21:40:00,2013-10-13,C1.2,"(0, 0)",11865,2013-10-13 21:35:00,2013-10-13 21:32:00,"(-7.3921169433588645, -22.0)",-22.0,-7.392116943358864,-0.374606593415912,-0.11929069217706395,"(-7.3921169433588645, -22.0)",-115.11944475280416,-452.5082539456165,,425.05699934039825
5407,6721,2013-10-14 21:34:00,2013-10-14,C3.4,"(0, 0)",11861,2013-10-14 21:27:00,2013-10-14 21:20:00,"(30.504404726859402, -8.0)",-8.0,30.5044047268594,-0.13917310096006544,0.5026646278314909,"(30.504404726859402, -8.0)",485.1363293115713,-218.88148049441645,,1484.134476415592
5417,6732,2013-10-15 14:29:00,2013-10-15,C2.2,"(-52, -20)",11865,2013-10-15 14:21:00,2013-10-15 14:14:00,"(-52, -20)",-20.0,-52.0,-0.3420201433256687,-0.7404878902641794,"(15.429974550306621, -21.0)",-713.8922588530932,-385.06621451844927,,983.1726078379734
5420,6735,2013-10-15 17:19:00,2013-10-15,C1.8,"(14, -12)",11861,2013-10-15 17:11:00,2013-10-15 17:04:00,"(14, -12)",-12.0,14.0,-0.20791169081775931,0.2366353217457892,"(41.0075345702865, -10.0)",228.5454809971317,-293.52828554072687,,350.85818729272506
5437,6757,2013-10-18 03:30:00,2013-10-18,C1.5,"(0, 0)",11861,2013-10-18 03:27:00,2013-10-18 03:24:00,"(71.0234524283667, -8.0)",-8.0,71.0234524283667,-0.13917310096006544,0.9364487407162472,"(71.0234524283667, -8.0)",902.6057881892667,-164.01299469225881,,
5444,6764,2013-10-19 01:39:00,2013-10-19,C1.6,"(0, 0)",11861,2013-10-19 01:16:00,2013-10-19 01:02:00,"(79.74333451893284, -7.0)",-7.0,79.74333451893285,-0.12186934340514748,0.9766852542105541,"(79.74333451893284, -7.0)",941.0266146793165,-133.37427586662923,,
5446,6766,2013-10-19 10:41:00,2013-10-19,C1.9,"(0, 0)",11861,2013-10-19 10:38:00,2013-10-19 10:32:00,"(85.24009767209417, -7.0)",-7.0,85.24009767209418,-0.12186934340514748,0.9891230346710554,"(85.24009767209417, -7.0)",952.5921933672313,-124.50491129706029,,
5447,6768,2013-10-19 14:44:00,2013-10-19,C1.2,"(0, 0)",11861,2013-10-19 14:32:00,2013-10-19 14:25:00,"(85.4445525427124, -7.0)",-7.0,85.4445525427124,-0.12186934340514748,0.9894106376718852,"(85.4445525427124, -7.0)",952.8535392961767,-124.17328109877295,,
5497,6823,2013-10-24 14:21:00,2013-10-24,C2.4,"(-2, -9)",11877,2013-10-24 14:11:00,2013-10-24 14:01:00,"(-2, -9)",-9.0,-2.0,-0.15643446504023087,-0.034469825985698664,"(-2.7395278575470963, -12.0)",-33.38310765168444,-236.52762215595857,,
5498,6824,2013-10-24 17:15:00,2013-10-24,C2.3,"(0, 0)",11882,2013-10-24 17:07:00,2013-10-24 17:03:00,"(-77.03712972422919, -8.0)",-8.0,-77.03712972422919,-0.13917310096006544,-0.9650317173637856,"(-77.03712972422919, -8.0)",-931.2765282714508,-152.9672281910709,,
5499,6825,2013-10-24 18:22:00,2013-10-24,C2.2,"(0, 0)",11877,2013-10-24 18:11:00,2013-10-24 17:59:00,"(-0.4008407848623712, -12.0)",-12.0,-0.4008407848623712,-0.20791169081775931,-0.006843056451921417,"(-0.4008407848623712, -12.0)",-6.626896578291053,-285.3857199859531,,
5502,6828,2013-10-24 22:15:00,2013-10-24,C5.7,"(0, 0)",11877,2013-10-24 22:10:00,2013-10-24 22:05:00,"(1.9281017583528341, -12.0)",-12.0,1.928101758352834,-0.20791169081775931,0.032910140815331494,"(1.9281017583528341, -12.0)",31.87048931639947,-285.33904531860065,,224.2198615927202
5541,6868,2013-10-27 14:06:00,2013-10-27,C4.0,"(38, -12)",11877,2013-10-27 13:47:00,2013-10-27 13:39:00,"(38, -12)",-12.0,38.0,-0.20791169081775931,0.6022077949540278,"(37.026603435184434, -12.0)",583.0906972226417,-263.8867856187171,,579.1946452641943
5564,6892,2013-10-30 10:45:00,2013-10-30,C1.3,"(0, 0)",11875,2013-10-30 10:40:00,2013-10-30 10:36:00,"(98.2627310725793, 6.0)",6.0,98.26273107257929,0.10452846326765347,0.9841982394042978,"(98.2627310725793, 6.0)",949.7556191126665,111.55655746465547,,461.93840832582265
5565,6894,2013-10-31 05:20:00,2013-10-31,C1.0,"(0, 0)",11875,2013-10-31 04:58:00,2013-10-31 04:45:00,"(109.00722906897317, 6.0)",6.0,109.00722906897316,0.10452846326765347,0.9402980661743204,"(109.00722906897317, 6.0)",906.8608698070719,124.89907388603456,,386.0258664808704
5581,6911,2013-11-02 15:35:00,2013-11-02,C1.1,"(8, -12)",11884,2013-11-02 15:27:00,2013-11-02 15:22:00,"(8, -12)",-12.0,8.0,-0.20791169081775931,0.1361318347907717,"(8.001056382136401, -12.0)",132.14147643812026,-271.3810778343757,,
5593,6925,2013-11-04 15:04:00,2013-11-04,B9.3,"(0, 0)",11884,2013-11-04 15:01:00,2013-11-04 14:58:00,"(32.74769861592889, -12.0)",-12.0,32.74769861592889,-0.20791169081775931,0.5291198372266342,"(32.74769861592889, -12.0)",513.523709705274,-257.94368723668305,,
5625,6966,2013-11-07 16:49:00,2013-11-07,C1.3,"(0, 0)",11890,2013-11-07 16:47:00,2013-11-07 16:43:00,"(-14.223250837882777, -11.0)",-11.0,-14.223250837882777,-0.1908089953765448,-0.24118655497858044,"(-14.223250837882777, -11.0)",-234.40153162453043,-245.52108089079437,,1001.9449831341967
5630,6971,2013-11-08 08:18:00,2013-11-08,C1.4,"(27, -20)",11891,2013-11-08 07:57:00,2013-11-08 07:38:00,"(27, -20)",-20.0,27.0,-0.3420201433256687,0.42661152251215895,"(28.613065566188226, -18.0)",414.47378364707316,-383.2679994327268,,421.1648379702937
5633,6974,2013-11-08 22:41:00,2013-11-08,B9.5,"(0, 0)",11887,2013-11-08 22:39:00,2013-11-08 22:36:00,"(58.21793334391881, 19.0)",19.0,58.21793334391881,0.3255681544571567,0.8037452382284632,"(58.21793334391881, 19.0)",779.7868640550163,284.54761766887134,,926.0022040466797
5636,6978,2013-11-09 14:26:00,2013-11-09,C1.2,"(0, 0)",11895,2013-11-09 14:08:00,2013-11-09 13:54:00,"(-86.73520231353626, -15.0)",-15.0,-86.73520231353626,-0.25881904510252074,-0.9643581241400596,"(-86.73520231353626, -15.0)",-933.7410087722901,-253.4049825807375,,1048.9669931380013
5639,6981,2013-11-09 15:58:00,2013-11-09,C1.4,"(0, 0)",11893,2013-11-09 15:52:00,2013-11-09 15:44:00,"(-58.75533038112561, -12.0)",-12.0,-58.75533038112561,-0.20791169081775931,-0.8362771997364646,"(-58.75533038112561, -12.0)",-811.4595952068157,-231.67064235052305,,
5640,6982,2013-11-09 16:48:00,2013-11-09,C1.6,"(0, 0)",11894,2013-11-09 16:27:00,2013-11-09 16:14:00,"(43.65356802877264, -7.0)",-7.0,43.65356802877264,-0.12186934340514748,0.6851509344411925,"(43.65356802877264, -7.0)",665.4945210872601,-161.09709372152136,,411.5289170721873
5641,6983,2013-11-09 17:20:00,2013-11-09,C1.7,"(0, 0)",11887,2013-11-09 17:07:00,2013-11-09 17:00:00,"(67.01242556837614, 19.0)",19.0,67.01242556837614,0.3255681544571567,0.8704345375426241,"(67.01242556837614, 19.0)",844.185948300668,293.0998292388587,,
5642,6984,2013-11-09 17:40:00,2013-11-09,C1.8,"(0, 0)",11895,2013-11-09 17:34:00,2013-11-09 17:28:00,"(-84.73448790576634, -15.0)",-15.0,-84.73448790576634,-0.25881904510252074,-0.9618497334696008,"(-84.73448790576634, -15.0)",-931.4590732981742,-255.45043927427764,,
5643,6985,2013-11-09 18:09:00,2013-11-09,C1.3,"(0, 0)",11895,2013-11-09 18:04:00,2013-11-09 18:01:00,"(-84.44312172987752, -15.0)",-15.0,-84.44312172987752,-0.25881904510252074,-0.961386516383124,"(-84.44312172987752, -15.0)",-931.0318329245092,-255.7478864188938,,
5644,6986,2013-11-09 19:50:00,2013-11-09,C1.0,"(0, 0)",11895,2013-11-09 19:40:00,2013-11-09 19:28:00,"(-83.51074996703329, -15.0)",-15.0,-83.5107499670333,-0.25881904510252074,-0.959737214512629,"(-83.51074996703329, -15.0)",-929.5027147532892,-256.69878308819773,,
5645,6987,2013-11-09 20:46:00,2013-11-09,C1.4,"(0, 0)",11895,2013-11-09 20:43:00,2013-11-09 20:39:00,"(-82.89888099766677, -15.0)",-15.0,-82.89888099766677,-0.25881904510252074,-0.9585167151554924,"(-82.89888099766677, -15.0)",-928.365244238762,-257.3219453607333,,
5669,7012,2013-11-12 16:53:00,2013-11-12,C1.2,"(0, 0)",11897,2013-11-12 16:48:00,2013-11-12 16:44:00,"(-55.163694253537884, -20.0)",-20.0,-55.16369425353789,-0.3420201433256687,-0.7712878713825264,"(-55.163694253537884, -20.0)",-749.0309455181659,-360.6656200747356,,520.0028915765444
5671,7014,2013-11-12 19:54:00,2013-11-12,C4.5,"(-59, -18)",11897,2013-11-12 19:42:00,2013-11-12 19:31:00,"(-59, -18)",-18.0,-59.0,-0.3090169943749474,-0.8152145468878713,"(-53.48665073475179, -20.0)",-791.5217691540192,-326.05587351611223,,
5716,7066,2013-11-16 17:52:00,2013-11-16,C2.5,"(16, -12)",11893,2013-11-16 17:47:00,2013-11-16 17:40:00,"(16, -12)",-12.0,16.0,-0.20791169081775931,0.26961401826500797,"(35.36895964948172, -13.0)",262.5881263248372,-245.85700405096716,,237.378222611407
5727,7077,2013-11-17 15:16:00,2013-11-17,C3.0,"(-56, -18)",11897,2013-11-17 15:12:00,2013-11-17 15:03:00,"(-56, -18)",-18.0,-56.0,-0.3090169943749474,-0.7884615856319885,"(9.911040356787034, -20.0)",-766.5899338132476,-323.6802500485442,,662.9970418717063
5731,7081,2013-11-18 00:51:00,2013-11-18,C1.6,"(54, -11)",11893,2013-11-18 00:46:00,2013-11-18 00:38:00,"(54, -11)",-11.0,54.0,-0.1908089953765448,0.7941530735495743,"(52.44779586092183, -13.0)",772.4760544570596,-209.818235162771,,216.67596260618444
5742,7094,2013-11-19 00:56:00,2013-11-19,C1.8,"(33, -16)",11897,2013-11-19 00:36:00,2013-11-19 00:14:00,"(33, -16)",-16.0,33.0,-0.2756373558169992,0.5235406424727543,"(29.34758518048053, -19.0)",509.9027259071059,-300.7113561483431,,737.0159948751133
5745,7099,2013-11-19 18:05:00,2013-11-19,C2.1,"(0, 0)",11893,2013-11-19 18:01:00,2013-11-19 17:55:00,"(73.50524534628401, -13.0)",-13.0,73.50524534628401,-0.224951054343865,0.934270578053537,"(73.50524534628401, -13.0)",907.6707928813063,-229.4782075356137,,
5760,7116,2013-11-22 19:32:00,2013-11-22,C1.2,"(0, 0)",11905,2013-11-22 19:23:00,2013-11-22 19:16:00,"(-87.57788208014085, 19.0)",19.0,-87.57788208014084,0.3255681544571567,-0.9446738402025336,"(-87.57788208014085, 19.0)",-917.4008675331834,314.6149284117271,,1651.0285482979189
5765,7121,2013-11-23 08:48:00,2013-11-23,C1.9,"(0, 0)",11905,2013-11-23 08:46:00,2013-11-23 08:43:00,"(-79.82480152664458, 19.0)",19.0,-79.82480152664458,0.3255681544571567,-0.9306476203037868,"(-79.82480152664458, 19.0)",-904.4917824194727,310.909244883914,,1860.6490803926445
5769,7125,2013-11-23 16:04:00,2013-11-23,C2.2,"(0, 0)",11905,2013-11-23 15:56:00,2013-11-23 15:48:00,"(-75.67308964868269, 19.0)",19.0,-75.67308964868269,0.3255681544571567,-0.9161125843082041,"(-75.67308964868269, 19.0)",-890.6461915511272,308.8680967123181,,1776.9980675092456
5771,7127,2013-11-23 17:57:00,2013-11-23,C3.3,"(0, 0)",11905,2013-11-23 17:53:00,2013-11-23 17:48:00,"(-74.54343781212096, 19.0)",19.0,-74.54343781212096,0.3255681544571567,-0.9113217957939757,"(-74.54343781212096, 19.0)",-886.0638344241124,308.3185343109772,,1772.3805886392627
5786,7152,2013-11-28 12:06:00,2013-11-28,B8.5,"(0, 0)",11908,2013-11-28 12:02:00,2013-11-28 11:58:00,"(-34.82924156517736, -26.0)",-26.0,-34.82924156517736,-0.4383711467890774,-0.5133305592765467,"(-34.82924156517736, -26.0)",-500.6544074643216,-443.2714750724613,386.9643783735266,394.14463975523
5787,7153,2013-11-28 12:35:00,2013-11-28,B9.0,"(0, 0)",11908,2013-11-28 12:32:00,2013-11-28 12:28:00,"(-34.54389721008639, -26.0)",-26.0,-34.54389721008639,-0.4383711467890774,-0.5096499071023969,"(-34.54389721008639, -26.0)",-497.07064469753277,-443.33148802789475,332.4955058074149,309.38778596496786
5789,7155,2013-11-28 17:12:00,2013-11-28,C1.2,"(-35, -24)",11908,2013-11-28 17:07:00,2013-11-28 16:57:00,"(-35, -24)",-24.0,-35.0,-0.4067366430758002,-0.5239881480393285,"(-31.92824062175244, -26.0)",-511.07594800698735,-412.6740437185122,316.4348308436226,
5790,7156,2013-11-28 19:54:00,2013-11-28,C1.0,"(-34, -25)",11908,2013-11-28 19:50:00,2013-11-28 19:42:00,"(-34, -25)",-25.0,-34.0,-0.42261826174069933,-0.5068008828711716,"(-30.377869625758137, -26.0)",-494.31854493207084,-428.2310164017817,585.0682602207671,
5791,7157,2013-11-29 06:50:00,2013-11-29,B7.3,"(0, 0)",11908,2013-11-29 06:42:00,2013-11-29 06:26:00,"(-24.176385641780918, -26.0)",-26.0,-24.17638564178092,-0.4383711467890774,-0.3680984684463728,"(-24.176385641780918, -26.0)",-359.2110369728971,-443.5441404810978,608.9867845060306,578.0117865728112
5825,7207,2013-12-12 07:37:00,2013-12-12,C3.4,"(0, 0)",11917,2013-12-12 06:59:00,2013-12-12 06:38:00,"(-12.930585743419442, -15.0)",-15.0,-12.930585743419442,-0.25881904510252074,-0.2161456404678053,"(-12.930585743419442, -15.0)",-211.46341302346627,-244.74141903540476,1147.8898174410597,367.8623804529194
5848,7238,2013-12-19 10:31:00,2013-12-19,C1.6,"(0, 0)",11921,2013-12-19 10:26:00,2013-12-19 10:14:00,"(49.125733830366634, 6.0)",6.0,49.12573383036664,0.10452846326765347,0.7520052083333629,"(49.125733830366634, 6.0)",735.1950761392218,117.88482445035858,678.2119347238471,486.29559533609574
5894,7300,2013-12-24 20:37:00,2013-12-24,B7.2,"(0, 0)",11936,2013-12-24 20:28:00,2013-12-24 20:25:00,"(-57.05629339202338, -16.0)",-16.0,-57.056293392023385,-0.2756373558169992,-0.8066958846026332,"(-57.05629339202338, -16.0)",-788.4792908634154,-251.05186634145187,1721.1347729133902,1707.6946519999476
5936,7346,2013-12-31 07:47:00,2013-12-31,C2.2,"(0, 0)",11936,2013-12-31 07:40:00,2013-12-31 07:33:00,"(26.46176868080544, -16.0)",-16.0,26.46176868080544,-0.2756373558169992,0.428338747877084,"(26.46176868080544, -16.0)",419.43798596971067,-227.122751603485,1413.8806107466303,1437.8930939655174
5938,7349,2013-12-31 18:31:00,2013-12-31,C1.8,"(16, -16)",11936,2013-12-31 18:25:00,2013-12-31 18:20:00,"(16, -16)",-16.0,16.0,-0.2756373558169992,0.26495963211660245,"(32.750668460717776, -16.0)",259.5321688910359,-224.05991530249327,213.68889946528165,241.29789259371168
6005,7420,2014-01-11 20:55:00,2014-01-11,C1.7,"(0, 0)",11950,2014-01-11 20:46:00,2014-01-11 20:43:00,"(-19.881702443644034, 16.0)",16.0,-19.881702443644034,0.2756373558169992,-0.3269051560314655,"(-19.881702443644034, 16.0)",-320.10532900892485,332.8592624543298,1133.0423776211774,1141.2310430825428
6009,7429,2014-01-13 21:53:00,2014-01-13,M1.3,"(11, -7)",11944,2014-01-13 21:51:00,2014-01-13 21:48:00,"(11, -7)",-7.0,11.0,-0.12186934340514748,0.18938673405953635,"(81.74076273732753, -10.0)",185.5201996585836,-46.929618060408075,751.5353727407165,776.8542607242973
6053,7484,2014-01-27 05:25:00,2014-01-27,C2.3,"(0, 0)",11960,2014-01-27 05:22:00,2014-01-27 05:19:00,"(34.12733028787336, -15.0)",-15.0,34.127330287873356,-0.25881904510252074,0.5419171512566651,"(34.12733028787336, -15.0)",529.804040942395,-175.11123793463065,1475.4795134643093,1470.157083285131
6106,7543,2014-02-02 14:09:00,2014-02-02,M1.3,"(0, 0)",11967,2014-02-02 14:06:00,2014-02-02 14:01:00,"(-6.782407421468796, -13.0)",-13.0,-6.782407421468796,-0.224951054343865,-0.1150722026184366,"(-6.782407421468796, -13.0)",-112.49805062204814,-118.41463570021395,435.30779905116685,416.7986495975881
6108,7548,2014-02-02 20:10:00,2014-02-02,C4.5,"(-71, 9)",11968,2014-02-02 20:07:00,2014-02-02 20:03:00,"(-71, 9)",9.0,-71.0,0.15643446504023087,-0.9338776729355674,"(-5.274436296144852, 10.0)",-910.0360849696699,184.79615008527128,845.5359435804219,875.5959685890131
6110,7550,2014-02-02 22:34:00,2014-02-02,C8.4,"(-71, 9)",11968,2014-02-02 22:31:00,2014-02-02 22:27:00,"(-71, 9)",9.0,-71.0,0.15643446504023087,-0.9338776729355674,"(-3.8687760959523256, 10.0)",-910.0360849696699,184.79615008527128,782.0217096807742,778.6593268426286
6147,7592,2014-02-06 08:03:00,2014-02-06,C1.9,"(0, 0)",11968,2014-02-06 08:01:00,2014-02-06 07:57:00,"(40.69876564467737, 9.0)",9.0,40.698765644677366,0.15643446504023087,0.6440538584038272,"(40.69876564467737, 9.0)",628.4971285226517,232.52442765487598,353.3750466146104,348.6676211136595
6170,7617,2014-02-09 23:45:00,2014-02-09,C5.2,"(17, -15)",11967,2014-02-09 23:31:00,2014-02-09 23:14:00,"(17, -15)",-15.0,17.0,-0.25881904510252074,0.282409380467853,"(88.71769391376668, -13.0)",275.74098212074585,-148.5661650103174,684.3267438366966,678.6497740064475
6227,7684,2014-02-17 15:33:00,2014-02-17,C2.4,"(0, 0)",11977,2014-02-17 15:31:00,2014-02-17 15:27:00,"(11.03138165348614, -10.0)",-10.0,11.03138165348614,-0.17364817766693033,0.1884396318097821,"(11.03138165348614, -10.0)",183.74037562097152,-54.75352452164666,1123.1700284150504,1066.5538321267654
6244,7703,2014-02-21 11:36:00,2014-02-21,C1.9,"(0, 0)",11976,2014-02-21 11:17:00,2014-02-21 11:01:00,"(88.58309908681807, -14.0)",-14.0,88.58309908681807,-0.2419218955996677,0.9699990480417848,"(88.58309908681807, -14.0)",940.8579652118095,-230.0269147016076,,1376.3844988625065
6250,7716,2014-02-23 19:33:00,2014-02-23,C1.6,"(0, 0)",11982,2014-02-23 19:27:00,2014-02-23 19:15:00,"(6.335102537135002, -10.0)",-10.0,6.335102537135002,-0.17364817766693033,0.108666883619245,"(6.335102537135002, -10.0)",105.82183617156703,-49.96494721993464,237.37344366283537,216.1962192601874
6256,7723,2014-02-24 14:57:00,2014-02-24,C5.0,"(-63, -11)",11982,2014-02-24 14:49:00,2014-02-24 14:44:00,"(-63, -11)",-11.0,-63.0,-0.1908089953765448,-0.8746362247725203,"(16.621397428429987, -10.0)",-849.419549886693,-130.18294984224607,,1194.916081541844
6269,7737,2014-02-27 07:24:00,2014-02-27,C2.0,"(-61, -22)",11991,2014-02-27 07:21:00,2014-02-27 07:18:00,"(-61, -22)",-22.0,-61.0,-0.374606593415912,-0.8109332713455797,"(-60.794757506072244, -25.0)",-787.0882375396604,-306.14635782100316,982.9071178739199,
6275,7745,2014-02-27 22:37:00,2014-02-27,C4.2,"(-63, -11)",11982,2014-02-27 22:12:00,2014-02-27 21:33:00,"(-63, -11)",-11.0,-63.0,-0.1908089953765448,-0.8746362247725203,"(61.945754849855604, -10.0)",-848.8102305342409,-129.60768456259802,1704.9788258869753,183.4898130290816
6278,7748,2014-02-28 04:04:00,2014-02-28,C2.2,"(0, 0)",11987,2014-02-28 04:02:00,2014-02-28 03:57:00,"(6.370478393929207, -3.0)",-3.0,6.370478393929207,-0.052335956242943835,0.1108048167341214,"(6.370478393929207, -3.0)",107.77372325763108,70.53958410114198,847.3876148908986,808.2904717988926
6282,7752,2014-02-28 22:38:00,2014-02-28,C2.2,"(-32, 16)",11993,2014-02-28 22:33:00,2014-02-28 22:28:00,"(-32, 16)",16.0,-32.0,0.2756373558169992,-0.5093910906471967,"(-31.84385625050016, 16.0)",-494.9492153278243,365.02870882278773,1556.6146518104094,1555.9422553985112
6284,7754,2014-03-01 04:38:00,2014-03-01,C1.9,"(0, 0)",11991,2014-03-01 04:36:00,2014-03-01 04:33:00,"(-35.36814755482072, -25.0)",-25.0,-35.368147554820716,-0.42261826174069933,-0.524596259243442,"(-35.36814755482072, -25.0)",-509.62763196125707,-317.11057905805814,692.6519258427045,668.2326756097883
6291,7761,2014-03-02 13:13:00,2014-03-02,C2.5,"(-33, -11)",11990,2014-03-02 12:53:00,2014-03-02 12:45:00,"(-33, -11)",-11.0,-33.0,-0.1908089953765448,-0.5346324819374547,"(-2.4930399833664767, -13.0)",-519.3830288511208,-83.2611088356756,1467.5683553497856,482.06351978014925
6292,7762,2014-03-02 17:00:00,2014-03-02,C2.5,"(22, -2)",11987,2014-03-02 16:45:00,2014-03-02 15:47:00,"(22, -2)",-2.0,22.0,-0.03489949670250097,0.3743783932007345,"(39.73823070061546, -2.0)",363.8423912412687,79.66260882201574,260.75218509638745,291.5491040084905
6297,7767,2014-03-03 06:59:00,2014-03-03,C2.3,"(0, 0)",11986,2014-03-03 06:54:00,2014-03-03 06:49:00,"(73.03061800883123, 14.0)",14.0,73.03061800883124,0.2419218955996677,0.9280498833364824,"(73.03061800883123, 14.0)",898.8543601341354,266.9983269855494,1513.4348324085058,
6298,7768,2014-03-03 07:13:00,2014-03-03,C3.3,"(31, 7)",11989,2014-03-03 07:09:00,2014-03-03 07:04:00,"(31, 7)",7.0,31.0,0.12186934340514748,0.5111990592007292,"(30.19353184429618, 8.0)",496.4673207399117,221.50891482760846,774.5209072739307,
6299,7769,2014-03-03 10:00:00,2014-03-03,C2.9,"(0, 0)",11995,2014-03-03 09:57:00,2014-03-03 09:54:00,"(13.782405352341666, -17.0)",-17.0,13.782405352341664,-0.2923717047227368,0.2278254796809466,"(13.782405352341666, -17.0)",221.3954003187809,-168.14903993368276,476.96738160268507,454.55267552389773
6305,7779,2014-03-04 07:23:00,2014-03-04,C5.6,"(0, 0)",11994,2014-03-04 07:04:00,2014-03-04 06:22:00,"(65.14905933558379, -6.0)",-6.0,65.14905933558379,-0.10452846326765347,0.9024333372593428,"(65.14905933558379, -6.0)",874.5560479568645,-49.413235740735274,413.31341585953555,
6325,7806,2014-03-09 07:22:00,2014-03-09,C4.8,"(-62, -16)",12002,2014-03-09 07:04:00,2014-03-09 06:36:00,"(-62, -16)",-16.0,-62.0,-0.2756373558169992,-0.8487437005362284,"(-59.90621898545153, -19.0)",-821.7008281508697,-209.61984790430998,1070.9215354172381,
6341,7822,2014-03-10 06:30:00,2014-03-10,C2.2,"(40, 13)",11996,2014-03-10 06:24:00,2014-03-10 06:14:00,"(40, 13)",13.0,40.0,0.224951054343865,0.6263130048934198,"(40.733988256038614, 14.0)",606.856457800423,307.35884254848213,,
6344,7825,2014-03-10 11:49:00,2014-03-10,C6.0,"(0, 0)",11996,2014-03-10 11:42:00,2014-03-10 11:29:00,"(43.82619728057059, 14.0)",14.0,43.82619728057059,0.2419218955996677,0.6719037002356953,"(43.82619728057059, 14.0)",650.8833168302964,317.9343137503088,1396.1378846489122,233.4206921378344
6372,7855,2014-03-15 14:44:00,2014-03-15,C1.2,"(-71, -11)",11998,2014-03-15 14:37:00,2014-03-15 14:31:00,"(-71, -11)",-11.0,-71.0,-0.1908089953765448,-0.9281467362630044,"(60.500197384712344, -9.0)",-896.556267913229,-144.31800524030805,1677.0429341504173,1703.1760290665582
6375,7858,2014-03-16 06:52:00,2014-03-16,C7.3,"(0, 0)",12003,2014-03-16 06:45:00,2014-03-16 06:37:00,"(81.9647674666389, 5.0)",5.0,81.9647674666389,0.08715574274765818,0.9864143580833444,"(81.9647674666389, 5.0)",951.6280903365945,100.15867780630076,1426.3157753352857,
6390,7874,2014-03-19 07:16:00,2014-03-19,C1.7,"(-50, -13)",12010,2014-03-19 06:52:00,2014-03-19 06:27:00,"(-50, -13)",-13.0,-50.0,-0.224951054343865,-0.746410773670208,"(-48.99857118446017, -15.0)",-721.2491045521801,-141.0819598765124,762.3209458874388,
6407,7893,2014-03-21 12:20:00,2014-03-21,C1.3,"(0, 0)",12014,2014-03-21 12:19:00,2014-03-21 12:18:00,"(-53.80825630993549, -15.0)",-15.0,-53.808256309935494,-0.25881904510252074,-0.7795460044292545,"(-53.80825630993549, -15.0)",-752.6561624555598,-180.66528933907927,1438.4967553082645,1559.985694848026
6432,7918,2014-03-24 02:49:00,2014-03-24,C3.5,"(0, 0)",12015,2014-03-24 02:47:00,2014-03-24 02:42:00,"(43.62389593426679, -14.0)",-14.0,43.623895934266784,-0.2419218955996677,0.6694278914975541,"(43.62389593426679, -14.0)",646.1650131568754,-150.10932985342558,390.30109461010755,379.1735308692896
6443,7932,2014-03-26 22:12:00,2014-03-26,C1.1,"(0, 0)",12010,2014-03-26 22:06:00,2014-03-26 22:03:00,"(52.89147223648854, -14.0)",-14.0,52.89147223648854,-0.2419218955996677,0.7738051557639722,"(52.89147223648854, -14.0)",746.0722156978704,-164.3446311038724,186.812310624011,197.85798652716738
6452,7941,2014-03-28 21:08:00,2014-03-28,C1.0,"(0, 0)",12010,2014-03-28 21:00:00,2014-03-28 20:57:00,"(78.2496930049819, -14.0)",-14.0,78.2496930049819,-0.2419218955996677,0.9499625790516282,"(78.2496930049819, -14.0)",913.7349091173884,-208.72369892364077,,802.7309405486919
6456,7945,2014-03-29 04:20:00,2014-03-29,C1.0,"(0, 0)",12010,2014-03-29 04:14:00,2014-03-29 04:06:00,"(82.46987764852554, -14.0)",-14.0,82.46987764852554,-0.2419218955996677,0.9619279951708294,"(82.46987764852554, -14.0)",924.6730759411288,-216.68097867790723,,816.2567950583175
6471,7960,2014-03-30 05:06:00,2014-03-30,C2.1,"(0, 0)",12026,2014-03-30 05:04:00,2014-03-30 05:02:00,"(-87.07993753310585, -11.0)",-11.0,-87.07993753310585,-0.1908089953765448,-0.980352619602018,"(-87.07993753310585, -11.0)",-941.7485080394954,-176.48687859671915,,1581.3516033975973
6474,7963,2014-03-30 07:35:00,2014-03-30,C1.0,"(0, 0)",12014,2014-03-30 07:31:00,2014-03-30 07:26:00,"(64.38549141529535, -14.0)",-14.0,64.38549141529535,-0.2419218955996677,0.8749380543284221,"(64.38549141529535, -14.0)",841.948314039978,-184.41579644822713,715.3928643493778,
6475,7964,2014-03-30 08:31:00,2014-03-30,C1.2,"(0, 0)",12023,2014-03-30 08:26:00,2014-03-30 08:07:00,"(83.90794554888599, -16.0)",-16.0,83.90794554888599,-0.2756373558169992,0.9558331347394412,"(83.90794554888599, -16.0)",918.4579032032564,-251.70288869361576,642.4832670572988,623.305224543397
6490,7979,2014-04-01 04:50:00,2014-04-01,B9.4,"(0, 0)",12014,2014-04-01 04:48:00,2014-04-01 04:45:00,"(93.80359147707578, -13.0)",-13.0,93.80359147707578,-0.224951054343865,0.9722238316122293,"(93.80359147707578, -13.0)",932.9249514626903,-221.52758088174056,1088.1007134760562,1053.456305347721
6504,7995,2014-04-02 18:20:00,2014-04-02,C5.3,"(-60, 9)",12030,2014-04-02 18:18:00,2014-04-02 18:15:00,"(-60, 9)",9.0,-60.0,0.15643446504023087,-0.8553631939770863,"(-60.33844297545725, 10.0)",-822.5121006760219,203.23235375654176,867.3099353450344,
6505,7996,2014-04-02 23:53:00,2014-04-02,C1.8,"(0, 0)",12027,2014-04-02 23:51:00,2014-04-02 23:48:00,"(-42.08770076522568, 12.0)",12.0,-42.08770076522568,0.20791169081775931,-0.655620380092985,"(-42.08770076522568, 12.0)",-631.1032028651653,277.9745575698073,164.97535265041017,175.17263442222713
6517,8009,2014-04-04 20:31:00,2014-04-04,C1.5,"(-56, 10)",12030,2014-04-04 20:21:00,2014-04-04 20:15:00,"(-56, 10)",10.0,-56.0,0.17364817766693033,-0.816442628990626,"(-32.13600908428713, 11.0)",-784.8424608470623,224.78374437173662,260.42143945243004,289.33557349763686
6523,8015,2014-04-05 12:47:00,2014-04-05,B6.1,"(0, 0)",12021,2014-04-05 12:44:00,2014-04-05 12:40:00,"(49.4193477829749, -13.0)",-13.0,49.4193477829749,-0.224951054343865,0.7400253134998612,"(49.4193477829749, -13.0)",711.6031487137467,-147.8225505851834,835.9083195237797,750.7080227358085
6525,8017,2014-04-05 14:53:00,2014-04-05,B5.2,"(0, 0)",12030,2014-04-05 14:48:00,2014-04-05 14:42:00,"(-23.38391330834017, 11.0)",11.0,-23.383913308340173,0.1908089953765448,-0.3895982100793203,"(-23.38391330834017, 11.0)",-375.0201041613991,278.13082390876355,1180.0281452445854,517.3890396260947
6531,8025,2014-04-07 03:00:00,2014-04-07,C1.1,"(0, 0)",12021,2014-04-07 02:53:00,2014-04-07 02:47:00,"(69.68410182477122, -13.0)",-13.0,69.68410182477122,-0.224951054343865,0.9137570679511337,"(69.68410182477122, -13.0)",876.9644686339852,-179.55602760824868,575.1647593290178,542.0299711352523
6549,8043,2014-04-11 09:36:00,2014-04-11,C1.9,"(-23, -11)",12028,2014-04-11 09:29:00,2014-04-11 09:22:00,"(-23, -11)",-11.0,-23.0,-0.1908089953765448,-0.3835522971442531,,-368.6545587217779,-92.7044056764576,1222.251786061957,1251.519081338054
6552,8046,2014-04-11 19:39:00,2014-04-11,C1.5,"(0, 0)",12035,2014-04-11 19:25:00,2014-04-11 19:10:00,"(-76.67085661231421, -15.0)",-15.0,-76.67085661231421,-0.25881904510252074,-0.9399054580295596,"(-76.67085661231421, -15.0)",-900.580679141558,-224.62242421259566,1856.7096838342356,1854.2880650378152
6555,8050,2014-04-12 16:34:00,2014-04-12,B8.1,"(0, 0)",12032,2014-04-12 16:20:00,2014-04-12 15:39:00,"(-16.47795860921826, 13.0)",13.0,-16.47795860921826,0.224951054343865,-0.2763766300242376,"(-16.47795860921826, 13.0)",-265.5526794175785,306.6191504048456,843.313814826852,
6556,8051,2014-04-12 17:40:00,2014-04-12,B8.3,"(0, 0)",12027,2014-04-12 17:28:00,2014-04-12 17:01:00,"(87.18400048953575, 13.0)",13.0,87.18400048953575,0.224951054343865,0.973193471411896,"(87.18400048953575, 13.0)",931.2482193854569,218.80518097282496,1817.6502271924044,1587.0613374895986
6558,8053,2014-04-12 19:45:00,2014-04-12,B9.0,"(0, 0)",12035,2014-04-12 19:32:00,2014-04-12 19:13:00,"(-64.59946523142578, -16.0)",-16.0,-64.59946523142578,-0.2756373558169992,-0.8683377672137086,"(-64.59946523142578, -16.0)",-832.5105326182438,-222.54708567243148,1785.4377083874947,
6559,8054,2014-04-13 02:52:00,2014-04-13,B8.3,"(0, 0)",12035,2014-04-13 02:45:00,2014-04-13 02:42:00,"(-60.399582973189354, -16.0)",-16.0,-60.39958297318936,-0.2756373558169992,-0.8358087146424958,"(-60.399582973189354, -16.0)",-801.3301596743077,-217.0559682454701,1753.7198696874402,1754.2255025503382
6611,8114,2014-04-19 00:31:00,2014-04-19,C1.1,"(0, 0)",12035,2014-04-19 00:24:00,2014-04-19 00:19:00,"(18.233092940711057, -15.0)",-15.0,18.233092940711053,-0.25881904510252074,0.3022223034762965,"(18.233092940711057, -15.0)",289.8569719421754,-165.820488796991,,286.9752901783852
6623,8126,2014-04-20 00:40:00,2014-04-20,C1.6,"(0, 0)",12035,2014-04-20 00:25:00,2014-04-20 00:17:00,"(31.242487428304642, -16.0)",-16.0,31.24248742830464,-0.2756373558169992,0.4985691047568959,"(31.242487428304642, -16.0)",477.82680009556924,-191.41880650697973,,222.70305640117317
6626,8129,2014-04-20 05:23:00,2014-04-20,C1.9,"(0, 0)",12034,2014-04-20 05:17:00,2014-04-20 05:12:00,"(55.10328712820872, 5.0)",5.0,55.10328712820872,0.08715574274765818,0.8170636488240822,"(55.10328712820872, 5.0)",782.0368573083533,132.69734935875755,,1563.4966952152743
6627,8130,2014-04-20 06:13:00,2014-04-20,C1.7,"(0, 0)",12034,2014-04-20 06:10:00,2014-04-20 06:07:00,"(55.622133241126896, 5.0)",5.0,55.6221332411269,0.08715574274765818,0.8221910460680213,"(55.622133241126896, 5.0)",786.9174100513692,132.046541742912,,
6630,8133,2014-04-20 11:44:00,2014-04-20,C1.8,"(0, 0)",12033,2014-04-20 11:41:00,2014-04-20 11:23:00,"(77.83091515813331, 12.0)",12.0,77.83091515813332,0.20791169081775931,0.9561684058171732,"(77.83091515813331, 12.0)",913.5945491252784,215.7521676297108,,472.57363799547244
6634,8137,2014-04-20 22:31:00,2014-04-20,C1.0,"(0, 0)",12036,2014-04-20 22:24:00,2014-04-20 22:13:00,"(67.07016597349279, -17.0)",-17.0,67.07016597349279,-0.2923717047227368,0.8807401008612544,"(67.07016597349279, -17.0)",842.3496974944848,-246.05048596706135,,363.9439393798246
6635,8138,2014-04-21 01:53:00,2014-04-21,C1.7,"(0, 0)",12034,2014-04-21 01:08:00,2014-04-21 00:56:00,"(66.66591229908983, 4.0)",4.0,66.66591229908983,0.0697564737441253,0.915974176352432,"(66.66591229908983, 4.0)",875.760645271562,100.22531736909714,,375.377288263337
6657,8160,2014-04-23 15:28:00,2014-04-23,C1.5,"(0, 0)",12035,2014-04-23 15:18:00,2014-04-23 15:04:00,"(79.91849044780015, -13.0)",-13.0,79.91849044780015,-0.224951054343865,0.9593255210017606,"(79.91849044780015, -13.0)",915.8588988024568,-199.88885624895568,,
6663,8166,2014-04-25 10:49:00,2014-04-25,C1.0,"(0, 0)",12038,2014-04-25 10:42:00,2014-04-25 10:35:00,"(65.26690172585835, -10.0)",-10.0,65.26690172585836,-0.17364817766693033,0.8944680240159405,"(65.26690172585835, -10.0)",854.4050974393672,-132.54826244160105,,
6664,8167,2014-04-25 12:38:00,2014-04-25,C3.3,"(0, 0)",12035,2014-04-25 12:08:00,2014-04-25 11:55:00,"(106.10481361909822, -13.0)",-13.0,106.10481361909822,-0.224951054343865,0.9361317423325368,"(106.10481361909822, -13.0)",891.4129231282393,-234.87573092517954,,
6690,8197,2014-05-02 14:29:00,2014-05-02,C1.4,"(-3, -17)",12047,2014-05-02 14:13:00,2014-05-02 14:03:00,"(-3, -17)",-17.0,-3.0,-0.2923717047227368,-0.050049123863000505,"(22.32312476446019, -18.0)",-47.84203856236218,-213.6249567305989,,321.1769508405321
6699,8207,2014-05-03 10:29:00,2014-05-03,C1.1,"(0, 0)",12051,2014-05-03 10:23:00,2014-05-03 10:10:00,"(43.08143267166628, -10.0)",-10.0,43.08143267166628,-0.17364817766693033,0.6726602520417302,"(43.08143267166628, -10.0)",642.1110439340325,-117.58248290389517,,685.1660278316199
6703,8211,2014-05-04 00:30:00,2014-05-03,C1.1,"(0, 0)",12047,2014-05-03 23:54:00,2014-05-03 23:27:00,"(40.9418853733433, -17.0)",-17.0,40.9418853733433,-0.2923717047227368,0.6266599999591825,"(40.9418853733433, -17.0)",598.2315527032971,-230.44675025382887,,175.2328948984053
6712,8220,2014-05-05 12:39:00,2014-05-05,C1.9,"(0, 0)",12051,2014-05-05 12:23:00,2014-05-05 11:57:00,"(71.19118574981262, -9.0)",-9.0,71.19118574981262,-0.15643446504023087,0.934945459546891,"(71.19118574981262, -9.0)",890.396925348649,-128.64633796919242,,1167.3627810144444
6720,8230,2014-05-06 23:00:00,2014-05-06,C6.2,"(0, 0)",12051,2014-05-06 22:53:00,2014-05-06 22:45:00,"(91.34549418255014, -9.0)",-9.0,91.34549418255014,-0.15643446504023087,0.9874160150654584,"(91.34549418255014, -9.0)",938.6661278066306,-149.81857302085572,,1897.9190004824877
6721,8231,2014-05-07 04:50:00,2014-05-07,C1.5,"(0, 0)",12051,2014-05-07 04:45:00,2014-05-07 04:39:00,"(94.78409191004792, -9.0)",-9.0,94.7840919100479,-0.15643446504023087,0.9842472876249312,"(94.78409191004792, -9.0)",935.1800081190563,-153.22280555677656,,1837.5035700299122
6723,8233,2014-05-07 17:03:00,2014-05-07,M1.2,"(-50, 15)",12055,2014-05-07 16:29:00,2014-05-07 16:07:00,"(-50, 15)",15.0,-50.0,0.25881904510252074,-0.739942111693848,"(-43.398813228372134, 11.0)",-705.2523673098449,283.0746586311154,,301.90031834475144
6727,8237,2014-05-08 15:18:00,2014-05-08,C1.3,"(0, 0)",12058,2014-05-08 14:58:00,2014-05-08 14:34:00,"(-74.28153497247968, -12.0)",-12.0,-74.28153497247969,-0.20791169081775931,-0.9415692709145616,"(-74.28153497247968, -12.0)",-895.8661998922253,-182.21894437557341,,
6743,8254,2014-05-11 05:28:00,2014-05-11,C2.3,"(-31, 3)",12056,2014-05-11 05:25:00,2014-05-11 05:21:00,"(-31, 3)",3.0,-31.0,0.052335956242943835,-0.5143322331283188,"(-12.81839647738854, 5.0)",-490.3367910157158,94.50357956235896,,222.7083366852333
6745,8256,2014-05-11 09:22:00,2014-05-11,C1.3,"(0, 10)",12055,2014-05-11 09:20:00,2014-05-11 09:16:00,"(0, 10)",10.0,0.0,0.17364817766693033,0.0,"(1.4569365029310255, 12.0)",0.0,216.829678170443,,216.84995571948008
6752,8263,2014-05-12 06:55:00,2014-05-12,C2.3,"(-4, -4)",12059,2014-05-12 06:42:00,2014-05-12 06:25:00,"(-4, -4)",-4.0,-4.0,-0.0697564737441253,-0.06958655048003272,"(-4.060958333333334, 0.0)",-66.37012674023026,-16.29452640279139,,168.4249603701949
6794,8308,2014-05-23 12:28:00,2014-05-23,C1.1,"(0, 0)",12068,2014-05-23 11:49:00,2014-05-23 10:34:00,"(50.857106842166154, -15.0)",-15.0,50.857106842166154,-0.25881904510252074,0.7491470039501226,"(50.857106842166154, -15.0)",711.6194560555571,-227.86824298782275,1433.7522320740823,
6796,8310,2014-05-23 20:17:00,2014-05-23,B7.3,"(0, 0)",12068,2014-05-23 19:54:00,2014-05-23 19:31:00,"(55.56752668570212, -15.0)",-15.0,55.56752668570211,-0.25881904510252074,0.7966890160785004,"(55.56752668570212, -15.0)",756.5581060284547,-229.6639712649458,,
6802,8318,2014-05-24 14:36:00,2014-05-24,C1.3,"(40, -16)",12065,2014-05-24 14:28:00,2014-05-24 14:04:00,"(40, -16)",-16.0,40.0,-0.2756373558169992,0.6178871078154209,"(53.46818971937177, -18.0)",587.1649831797856,-241.67699004667054,,175.4832697052772
6812,8328,2014-05-26 04:54:00,2014-05-26,B8.5,"(0, 0)",12065,2014-05-26 04:48:00,2014-05-26 04:43:00,"(75.78068144384424, -19.0)",-19.0,75.78068144384423,-0.3255681544571567,0.9165503295759684,"(75.78068144384424, -19.0)",868.6370948059526,-303.028134122286,,
6825,8342,2014-05-30 18:09:00,2014-05-30,B4.4,"(0, 0)",12075,2014-05-30 18:06:00,2014-05-30 17:58:00,"(10.541864785414155, -9.0)",-9.0,10.541864785414155,-0.15643446504023087,0.1807014535029636,"(10.541864785414155, -9.0)",171.71779833596557,-133.59614165276273,,484.087502670813
6855,8374,2014-06-07 06:15:00,2014-06-07,B7.5,"(0, 0)",12083,2014-06-07 06:12:00,2014-06-07 06:08:00,"(79.62496496266132, -12.0)",-12.0,79.62496496266131,-0.20791169081775931,0.9621549201219292,"(79.62496496266132, -12.0)",909.9476121776116,-196.71964162399593,1211.1114291880142,
6861,8382,2014-06-09 00:26:00,2014-06-09,C1.6,"(0, 0)",12085,2014-06-09 00:23:00,2014-06-09 00:18:00,"(3.2216781662763223, -20.0)",-20.0,3.2216781662763223,-0.3420201433256687,0.052810035949121585,"(3.2216781662763223, -20.0)",50.107693918725374,-328.7463006756309,203.34879371012005,197.0513182630876
6916,8439,2014-06-14 17:54:00,2014-06-14,C3.3,"(0, 0)",12089,2014-06-14 17:47:00,2014-06-14 17:39:00,"(21.392718121198726, 18.0)",18.0,21.392718121198726,0.3090169943749474,0.3469059016373409,"(21.392718121198726, 18.0)",328.907265727718,280.15327625390233,747.3646575117629,756.9394681926022
6919,8443,2014-06-15 06:09:00,2014-06-15,C7.5,"(0, 0)",12082,2014-06-15 06:05:00,2014-06-15 06:00:00,"(83.54495513998067, 15.0)",15.0,83.54495513998067,0.25881904510252074,0.9598022147145184,"(83.54495513998067, 15.0)",906.671559025839,242.67679825629986,423.56906238879986,428.2675108420552
6920,8444,2014-06-15 08:55:00,2014-06-15,C7.0,"(-86, 18)",12085,2014-06-15 08:09:00,2014-06-15 07:50:00,"(-86, 18)",18.0,-86.0,0.3090169943749474,-0.948739790421392,"(88.72136536819387, -19.0)",-896.0518496182431,290.72519747556237,1883.6127005645017,1885.808762058707
6923,8447,2014-06-15 15:35:00,2014-06-15,C2.6,"(0, 0)",12087,2014-06-15 15:24:00,2014-06-15 15:12:00,"(-7.990234448958333, -18.0)",-18.0,-7.990234448958333,-0.3090169943749474,-0.13220096113430674,"(-7.990234448958333, -18.0)",-125.35629717469874,-308.44816545548315,1039.2150980426147,850.7693566940171
6924,8448,2014-06-15 16:10:00,2014-06-15,C3.5,"(0, 0)",12087,2014-06-15 15:59:00,2014-06-15 15:41:00,"(-7.651749554164647, -18.0)",-18.0,-7.651749554164648,-0.3090169943749474,-0.1266346989004484,"(-7.651749554164647, -18.0)",-120.07864965551107,-308.46181628456424,1028.689571966405,846.9390499774686
6933,8458,2014-06-16 20:33:00,2014-06-16,C3.2,"(2, -20)",12087,2014-06-16 20:22:00,2014-06-16 20:10:00,"(2, -20)",-20.0,2.0,-0.3420201433256687,0.0327947995204823,"(5.8917226552850455, -18.0)",31.093320209196044,-341.4954605984081,,871.5222520030753
6958,8489,2014-06-22 01:04:00,2014-06-22,B5.1,"(0, 0)",12093,2014-06-22 00:38:00,2014-06-22 00:30:00,"(6.371212254673057, -9.0)",-9.0,6.371212254673058,-0.15643446504023087,0.10960338844594626,"(6.371212254673057, -9.0)",103.88667543860711,-177.7511622275735,1078.1452682359175,1080.4727589570898
6965,8496,2014-06-23 04:55:00,2014-06-23,B4.2,"(0, 0)",12092,2014-06-23 04:48:00,2014-06-23 04:44:00,"(76.78068144384424, -19.0)",-19.0,76.78068144384423,-0.3255681544571567,0.9204640862619868,"(76.78068144384424, -19.0)",869.3123422413091,-314.1996605572444,225.8600277671158,212.77926210513934
6966,8497,2014-06-23 07:39:00,2014-06-23,B4.6,"(0, 0)",12087,2014-06-23 07:33:00,2014-06-23 07:23:00,"(94.3809616383297, -18.0)",-18.0,94.3809616383297,-0.3090169943749474,0.9482777094205292,"(94.3809616383297, -18.0)",894.3999846673453,-288.9766662974072,194.85383882087478,181.58757213706417
6968,8500,2014-06-23 16:47:00,2014-06-23,B4.5,"(0, 0)",12096,2014-06-23 16:45:00,2014-06-23 16:42:00,"(-60.252182639321305, 8.0)",8.0,-60.2521826393213,0.13917310096006544,-0.8597682817132836,"(-60.252182639321305, 8.0)",-813.0722738362238,115.83633086611438,1754.5839502245344,1738.642050355742
6970,8505,2014-06-24 16:03:00,2014-06-24,B6.3,"(0, 0)",12096,2014-06-24 15:54:00,2014-06-24 15:47:00,"(-46.74760936239751, 9.0)",9.0,-46.74760936239751,0.15643446504023087,-0.7193752770157171,"(-46.74760936239751, 9.0)",-680.8458240875098,125.02047320850507,251.17694870702718,251.5711017543517
6981,8518,2014-06-28 02:14:00,2014-06-28,C1.5,"(0, 0)",12100,2014-06-28 02:03:00,2014-06-28 01:49:00,"(-50.79933191233555, 10.0)",10.0,-50.799331912335546,0.17364817766693033,-0.7631640828700385,"(-50.79933191233555, 10.0)",-721.9840270860686,138.33237976168982,208.6034365026371,208.27811877935576
6991,8532,2014-06-29 08:14:00,2014-06-29,C1.8,"(0, 0)",12096,2014-06-29 08:06:00,2014-06-29 07:59:00,"(14.747609362397515, 9.0)",9.0,14.747609362397515,0.15643446504023087,0.2514275227801465,"(14.747609362397515, 9.0)",238.21675140589062,106.64952785727955,1203.944191875346,1204.061295620116
6995,8536,2014-06-29 15:42:00,2014-06-29,C1.8,"(0, 0)",12100,2014-06-29 15:29:00,2014-06-29 15:19:00,"(-29.984021196669975, 11.0)",11.0,-29.98402119666997,0.1908089953765448,-0.4905764905065493,"(-29.984021196669975, 11.0)",-464.5792567701619,143.66326846888217,555.1068356443948,436.3341896778561
6997,8538,2014-06-29 18:08:00,2014-06-29,C1.2,"(0, 0)",12096,2014-06-29 18:06:00,2014-06-29 18:03:00,"(20.541864785414155, 9.0)",9.0,20.541864785414155,0.15643446504023087,0.3465716347763679,"(20.541864785414155, 9.0)",328.31597745087134,107.94652261060324,1286.4033400031228,1247.3586935005296
7000,8542,2014-06-30 01:15:00,2014-06-30,C2.0,"(0, 0)",12106,2014-06-30 00:58:00,2014-06-30 00:40:00,"(-72.43669205994827, 15.0)",15.0,-72.43669205994826,0.25881904510252074,-0.9208983334228459,"(-72.43669205994827, 15.0)",-869.8567936481368,231.0587014657425,,
7018,8561,2014-07-05 08:43:00,2014-07-05,C1.6,"(-3, -19)",12107,2014-07-05 08:37:00,2014-07-05 08:28:00,"(-3, -19)",-19.0,-3.0,-0.3255681544571567,-0.049484618799456426,"(-5.017060349353971, -20.0)",-46.87347712108476,-359.09500663188595,,386.09078409489393
7030,8573,2014-07-08 03:57:00,2014-07-08,C1.2,"(-61, 10)",12113,2014-07-08 03:53:00,2014-07-08 03:42:00,"(-61, 10)",10.0,-61.0,0.17364817766693033,-0.8613322685281437,"(-59.72109285642956, 7.0)",-814.2744670541333,135.4917416388845,1301.8922722106195,1131.2129224124217
7039,8582,2014-07-09 18:44:00,2014-07-09,C5.0,"(65, -15)",12104,2014-07-09 18:39:00,2014-07-09 18:35:00,"(65, -15)",-15.0,65.0,-0.25881904510252074,0.8754260980655929,"(63.87200604028418, -12.0)",827.247966587627,-268.98736104816663,1276.7045910210027,
7041,8584,2014-07-10 17:47:00,2014-07-10,C1.4,"(0, 0)",12108,2014-07-10 17:42:00,2014-07-10 17:38:00,"(48.302888840044524, -7.0)",-7.0,48.302888840044524,-0.12186934340514748,0.7411061443078162,"(48.302888840044524, -7.0)",701.1733054616551,-156.52911136062423,1366.9849322333514,1366.4870347029707
7045,8588,2014-07-11 23:31:00,2014-07-11,C2.5,"(-42, 10)",12113,2014-07-11 23:13:00,2014-07-11 23:05:00,"(-42, 10)",10.0,-42.0,0.17364817766693033,-0.6589650089199635,"(-12.45969371565584, 7.0)",-623.7369567871838,116.75018443790896,414.3759337057285,431.8833311480197
7052,8596,2014-07-13 09:52:00,2014-07-13,C1.8,"(0, 0)",12113,2014-07-13 09:51:00,2014-07-13 09:50:00,"(9.780403956438327, 7.0)",7.0,9.780403956438327,0.12186934340514748,0.16860626087119485,"(9.780403956438327, 7.0)",159.78105241551052,48.75260566211869,795.1584867432585,
7074,8624,2014-07-26 12:15:00,2014-07-26,C1.1,"(-25, -9)",12123,2014-07-26 12:10:00,2014-07-26 12:06:00,"(-25, -9)",-9.0,-25.0,-0.15643446504023087,-0.41741512964387295,"(-19.895666162702135, -15.0)",-395.6879817468689,-226.00926064870552,517.2874292270054,488.03706796632224
7076,8626,2014-07-26 15:14:00,2014-07-26,B8.9,"(-23, -8)",12123,2014-07-26 15:11:00,2014-07-26 15:07:00,"(-23, -8)",-8.0,-23.0,-0.13917310096006544,-0.3869285600062875,"(-18.13775690150624, -15.0)",-366.8185628400124,-211.1689535934459,478.6979293687642,
7083,8633,2014-07-28 23:10:00,2014-07-28,B7.6,"(0, 0)",12121,2014-07-28 23:07:00,2014-07-28 23:04:00,"(10.481917977278094, 8.0)",8.0,10.481917977278094,0.13917310096006544,0.18015472654820092,"(10.481917977278094, 8.0)",170.89480272786548,43.52681579800309,279.134736128697,311.67234594745076
7117,8668,2014-08-03 19:55:00,2014-08-03,C1.1,"(0, 0)",12133,2014-08-03 19:39:00,2014-08-03 19:23:00,"(-48.52413021546148, 18.0)",18.0,-48.524130215461476,0.3090169943749474,-0.7125645607179077,"(-48.52413021546148, 18.0)",-675.423627510645,229.87328930691478,760.1842509393396,730.0833151053741
7121,8672,2014-08-04 22:14:00,2014-08-04,C1.0,"(0, 0)",12132,2014-08-04 22:02:00,2014-08-04 21:45:00,"(-5.1373053748089585, -20.0)",-20.0,-5.137305374808959,-0.3420201433256687,-0.08414271021659207,"(-5.1373053748089585, -20.0)",-79.85523451002337,-415.3574620321207,213.15268932794348,188.80441832716275
7164,8723,2014-08-15 07:47:00,2014-08-15,B6.0,"(0, 0)",12141,2014-08-15 07:37:00,2014-08-15 07:21:00,"(-55.56152192062694, 15.0)",15.0,-55.56152192062694,0.25881904510252074,-0.7966317717177434,"(-55.56152192062694, 15.0)",-756.2305328502589,184.1761180595534,344.3436013460992,334.2535401610749
7223,8797,2014-08-25 05:00:00,2014-08-25,C1.0,"(-34, 9)",12149,2014-08-25 04:50:00,2014-08-25 04:12:00,"(-34, 9)",9.0,-34.0,0.15643446504023087,-0.552308310901599,"(-32.17149481989375, 11.0)",-525.9319741277295,52.42788929843255,,799.6912115657839
7258,8833,2014-08-30 07:26:00,2014-08-30,C1.7,"(-36, -16)",12152,2014-08-30 07:22:00,2014-08-30 07:18:00,"(-36, -16)",-16.0,-36.0,-0.2756373558169992,-0.5650154484661953,"(-36.72541932860546, -18.0)",-538.3983685975409,-352.89890808899145,1539.6194139460451,
7271,8847,2014-08-31 16:20:00,2014-08-31,C1.2,"(-22, -15)",12152,2014-08-31 16:11:00,2014-08-31 15:58:00,"(-22, -15)",-15.0,-22.0,-0.25881904510252074,-0.36184218327859785,"(-19.549064154995115, -16.0)",-345.06764896011646,-351.53859669759885,1201.671947658885,1241.7992400529486
7278,8854,2014-09-01 20:00:00,2014-09-01,C1.6,"(0, 0)",12152,2014-09-01 18:26:00,2014-09-01 18:03:00,"(-4.239632042150038, -16.0)",-16.0,-4.2396320421500375,-0.2756373558169992,-0.07106418500880297,"(-4.239632042150038, -16.0)",-67.80492472387323,-375.41243260702635,756.0275171797034,
7286,8867,2014-09-04 06:49:00,2014-09-04,C1.6,"(0, 0)",12152,2014-09-04 06:43:00,2014-09-04 06:38:00,"(29.914018962773184, -15.0)",-15.0,29.914018962773184,-0.25881904510252074,0.4817070497835054,"(29.914018962773184, -15.0)",459.6993062125059,-345.5706861340642,778.016635401902,
7288,8869,2014-09-04 11:26:00,2014-09-04,C2.2,"(0, 0)",12152,2014-09-04 11:22:00,2014-09-04 11:10:00,"(32.62372439853924, -15.0)",-15.0,32.62372439853924,-0.25881904510252074,0.5207495181685821,"(32.62372439853924, -15.0)",496.9038292447157,-342.68614183458124,345.83322995191634,343.70253552870463
7294,8875,2014-09-05 01:52:00,2014-09-05,C3.8,"(0, 0)",12155,2014-09-05 01:50:00,2014-09-05 01:44:00,"(-57.939800074330634, -20.0)",-20.0,-57.93980007433064,-0.3420201433256687,-0.7963808969183939,"(-57.939800074330634, -20.0)",-758.9680695558172,-383.2431771451825,187.35713571540472,168.56438375986042
7314,8895,2014-09-08 03:50:00,2014-09-08,C4.6,"(-51, -12)",12157,2014-09-08 03:30:00,2014-09-08 03:22:00,"(-51, -12)",-12.0,-51.0,-0.20791169081775931,-0.7601634576191028,"(-28.957975172478886, -14.0)",-725.4459406696469,-270.9791373249896,262.79089822579624,226.63373798821115
7321,8904,2014-09-11 12:01:00,2014-09-11,C2.0,"(0, 0)",12163,2014-09-11 11:58:00,2014-09-11 11:54:00,"(-16.04561634341488, -17.0)",-17.0,-16.04561634341488,-0.2923717047227368,-0.2643251037785612,"(-16.04561634341488, -17.0)",-252.78698252075174,-388.24163153355374,692.113483802129,581.4204353307018
7328,8911,2014-09-12 12:37:00,2014-09-12,C1.5,"(0, 0)",12161,2014-09-12 12:34:00,2014-09-12 12:30:00,"(86.34737522001785, -12.0)",-12.0,86.34737522001785,-0.20791169081775931,0.9761606268179652,"(86.34737522001785, -12.0)",930.1636080365993,-204.01809079420983,766.14204216936,770.930955090139
7330,8913,2014-09-12 16:38:00,2014-09-12,C1.4,"(0, 0)",12161,2014-09-12 16:35:00,2014-09-12 16:32:00,"(88.69580682217209, -12.0)",-12.0,88.69580682217209,-0.20791169081775931,0.9778942079575026,"(88.69580682217209, -12.0)",931.6444759317179,-199.1714235001019,1902.7752941876593,530.1839262500985
7332,8915,2014-09-12 20:14:00,2014-09-12,C3.3,"(0, 0)",12157,2014-09-12 20:12:00,2014-09-12 20:05:00,"(35.78294447297707, -14.0)",-14.0,35.78294447297707,-0.2419218955996677,0.5673476450507547,"(35.78294447297707, -14.0)",542.4074741018214,-324.2892881187929,390.9410596647963,364.84650952312484
7356,8943,2014-09-17 08:19:00,2014-09-17,C1.4,"(0, 0)",12158,2014-09-17 08:12:00,2014-09-17 08:06:00,"(85.77215258903539, 16.0)",16.0,85.77215258903539,0.2756373558169992,0.9586458755661802,"(85.77215258903539, 16.0)",914.9519637168515,252.55692130688925,638.8075151068012,
7359,8946,2014-09-18 01:20:00,2014-09-18,C1.4,"(0, 0)",12168,2014-09-18 01:12:00,2014-09-18 01:06:00,"(-43.30874193157353, -22.0)",-22.0,-43.308741931573536,-0.374606593415912,-0.6359826513568848,"(-43.30874193157353, -22.0)",-608.6170705820678,-436.17860975085944,1670.6320304616504,1674.949651986965
7380,8969,2014-09-25 21:47:00,2014-09-25,C3.2,"(1, -13)",12171,2014-09-25 20:32:00,2014-09-25 19:12:00,"(1, -13)",-13.0,1.0,-0.224951054343865,0.01700510239095419,"(12.973137870339905, -12.0)",16.328737097142024,-327.97464468410703,289.1566223856548,216.32497289616086
7404,8997,2014-10-02 22:56:00,2014-10-02,C3.6,"(-89, 18)",12173,2014-10-02 22:54:00,2014-10-02 22:51:00,"(-89, 18)",18.0,-89.0,0.3090169943749474,-0.950911665781176,"(84.35751028650347, -13.0)",-911.1640197860652,292.2356340619346,,1659.7006581993596
7407,9000,2014-10-03 04:37:00,2014-10-03,C5.7,"(0, 0)",12172,2014-10-03 04:20:00,2014-10-03 03:58:00,"(84.5415344510886, -8.0)",-8.0,84.5415344510886,-0.13917310096006544,0.9857776156411936,"(84.5415344510886, -8.0)",944.958569047339,-142.94867076265686,,228.50305603784605
7410,9003,2014-10-03 10:53:00,2014-10-03,C2.2,"(0, 0)",12181,2014-10-03 10:46:00,2014-10-03 10:41:00,"(11.300739125340126, -11.0)",-11.0,11.300739125340126,-0.1908089953765448,0.19235847934285896,"(11.300739125340126, -11.0)",185.1315652574895,-289.4430609875137,,
7411,9004,2014-10-03 11:58:00,2014-10-03,C2.5,"(0, 0)",12172,2014-10-03 11:48:00,2014-10-03 11:41:00,"(88.92079381296433, -8.0)",-8.0,88.92079381296432,-0.13917310096006544,0.9900924084789234,"(88.92079381296433, -8.0)",948.7637620637395,-134.53505361081204,,
7412,9005,2014-10-03 22:20:00,2014-10-03,C1.9,"(0, 0)",12172,2014-10-03 22:15:00,2014-10-03 22:07:00,"(89.97361108706038, -8.0)",-8.0,89.97361108706038,-0.13917310096006544,0.9902679637098428,"(89.97361108706038, -8.0)",948.8523174356792,-132.50954913906352,,1914.9938203169986
7414,9007,2014-10-04 02:40:00,2014-10-04,C1.4,"(0, 0)",12178,2014-10-04 02:24:00,2014-10-04 02:10:00,"(9.410948198494985, -1.0)",-1.0,9.410948198494983,-0.017452406437283508,0.16348957150333387,"(9.410948198494985, -1.0)",157.42569240787387,-125.581757749573,,
7415,9008,2014-10-04 07:08:00,2014-10-04,C1.0,"(-26, 11)",12177,2014-10-04 06:58:00,2014-10-04 06:48:00,"(-26, 11)",11.0,-26.0,0.1908089953765448,-0.4303170341272845,"(31.069101518811376, 13.0)",-414.20214844590646,85.0938977482431,,
7423,9017,2014-10-06 21:41:00,2014-10-06,C1.5,"(0, 0)",12181,2014-10-06 21:26:00,2014-10-06 21:08:00,"(57.4979662147022, -11.0)",-11.0,57.4979662147022,-0.1908089953765448,0.8278772472630991,"(57.4979662147022, -11.0)",795.8676623042222,-239.43679841649598,,1584.4246999981776
7431,9026,2014-10-08 19:58:00,2014-10-08,C2.0,"(41, -17)",12182,2014-10-08 19:53:00,2014-10-08 19:48:00,"(41, -17)",-17.0,41.0,-0.2923717047227368,0.6273923696161129,"(39.60422420835012, -16.0)",603.9993949781202,-356.68345500465773,,
7541,9161,2014-10-27 17:47:00,2014-10-27,M1.4,"(0, 0)",12192,2014-10-27 17:40:00,2014-10-27 17:33:00,"(55.297078801582515, -12.0)",-12.0,55.29707880158253,-0.20791169081775931,0.8041498299512578,"(55.297078801582515, -12.0)",777.7483364110449,-246.25252509517904,165.96008531036912,182.95249738034994
7599,9229,2014-11-06 14:33:00,2014-11-06,C3.8,"(0, 0)",12205,2014-11-06 14:24:00,2014-11-06 14:17:00,"(-51.594230577065396, 15.0)",15.0,-51.5942305770654,0.25881904510252074,-0.7569293309751879,"(-51.594230577065396, 15.0)",-734.311087227843,211.0644498583312,,454.4373102522696
7611,9242,2014-11-07 23:52:00,2014-11-07,C1.4,"(0, 0)",12205,2014-11-07 23:48:00,2014-11-07 23:45:00,"(-32.11654647035553, 15.0)",15.0,-32.11654647035553,0.25881904510252074,-0.5135278953414715,"(-32.11654647035553, 15.0)",-498.8184501213027,198.50298801394956,,
7612,9244,2014-11-08 06:53:00,2014-11-08,C1.1,"(-33, 14)",12205,2014-11-08 06:50:00,2014-11-08 06:36:00,"(-33, 14)",14.0,-33.0,0.2419218955996677,-0.5284609280381636,"(-28.01799559618609, 15.0)",-513.4362993057721,183.97065514162696,,
7646,9281,2014-11-12 19:52:00,2014-11-12,C2.6,"(0, 0)",12210,2014-11-12 19:27:00,2014-11-12 18:31:00,"(-48.769497951487494, 5.0)",5.0,-48.769497951487494,0.08715574274765818,-0.7492023104837361,"(-48.769497951487494, 5.0)",-728.0164756044314,48.694460315683635,,
7647,9282,2014-11-12 20:50:00,2014-11-12,C3.7,"(0, 0)",12208,2014-11-12 20:43:00,2014-11-12 20:36:00,"(-30.92143282924459, -11.0)",-11.0,-30.92143282924459,-0.1908089953765448,-0.5044210995606787,"(-30.92143282924459, -11.0)",-490.55023833643645,-231.30158758586302,923.0067308279238,
7676,9311,2014-11-18 17:33:00,2014-11-18,C1.9,"(0, 0)",12216,2014-11-18 15:22:00,2014-11-18 14:21:00,"(-101.07848555244271, -13.0)",-13.0,-101.07848555244273,-0.224951054343865,-0.9562125679523442,"(-101.07848555244271, -13.0)",-926.6461201860238,-209.8005221123252,586.0377699934666,584.4197270753318
7679,9314,2014-11-18 19:54:00,2014-11-18,C1.1,"(0, 0)",12209,2014-11-18 19:50:00,2014-11-18 19:49:00,"(-9.433673157183836, -13.0)",-13.0,-9.433673157183836,-0.224951054343865,-0.1597048560741167,"(-9.433673157183836, -13.0)",-155.60650943707515,-260.171776496716,790.4851734598312,
7680,9315,2014-11-18 22:05:00,2014-11-18,C1.4,"(0, 0)",12216,2014-11-18 21:15:00,2014-11-18 20:25:00,"(-97.64213905449913, -13.0)",-13.0,-97.64213905449913,-0.224951054343865,-0.9657157120164817,"(-97.64213905449913, -13.0)",-936.1086054808766,-212.31607794045365,1672.5071391376855,976.1974593097607
7776,9412,2014-12-04 12:07:00,2014-12-04,C1.4,"(22, -23)",12222,2014-12-04 11:50:00,2014-12-04 11:42:00,"(22, -23)",-23.0,22.0,-0.39073112848927377,0.34482718737463197,"(28.843108611138646, -20.0)",336.8329955999566,-389.38718263626737,1277.7089071430405,1280.027902808202
7802,9438,2014-12-07 11:17:00,2014-12-07,C1.1,"(0, 0)",12231,2014-12-07 11:14:00,2014-12-07 11:07:00,"(-20.49879476406271, -5.0)",-5.0,-20.49879476406271,-0.08715574274765818,-0.3488551081291361,"(-20.49879476406271, -5.0)",-341.0531057433218,-87.55887002826783,1241.5555450932798,1250.465693854254
7805,9441,2014-12-08 03:45:00,2014-12-08,C1.0,"(0, 0)",12231,2014-12-08 03:41:00,2014-12-08 03:33:00,"(-10.836509604624206, -5.0)",-5.0,-10.836509604624206,-0.08715574274765818,-0.18729177835325367,"(-10.836509604624206, -5.0)",-183.167671728188,-85.56509714106164,775.1252879679638,1096.9306508885832
7820,9458,2014-12-10 15:15:00,2014-12-10,C1.6,"(-23, 4)",0,2014-12-10 15:10:00,2014-12-10 15:06:00,"(-23, 4)",4.0,-23.0,0.0697564737441253,-0.3897793270983517,,-381.1842112842669,71.92642133581782,641.9402252430226,649.2524726898093
7823,9462,2014-12-11 06:06:00,2014-12-11,C1.5,"(0, 0)",12232,2014-12-11 06:02:00,2014-12-11 05:59:00,"(-33.46632644118267, 10.0)",10.0,-33.46632644118267,0.17364817766693033,-0.5430690872170102,"(-33.46632644118267, 10.0)",-530.9108059987238,174.86987189486337,574.2309263681715,560.0294879111849
7825,9464,2014-12-11 11:59:00,2014-12-11,C1.4,"(0, 0)",12235,2014-12-11 11:55:00,2014-12-11 11:51:00,"(-56.006787091618605, -7.0)",-7.0,-56.006787091618605,-0.12186934340514748,-0.8229237930536599,"(-56.006787091618605, -7.0)",-803.4896831400602,-115.5391905537023,778.9111252285345,769.0184226163867
7827,9466,2014-12-11 14:29:00,2014-12-11,C1.4,"(0, 0)",12234,2014-12-11 14:27:00,2014-12-11 14:24:00,"(-8.611290402624544, 4.0)",4.0,-8.611290402624544,0.0697564737441253,-0.1493654444387281,"(-8.611290402624544, 4.0)",-146.13632346595296,74.39042936182219,672.3906779774214,288.17776664209754
7833,9474,2014-12-13 03:25:00,2014-12-13,C2.7,"(-27, -5)",12227,2014-12-13 03:18:00,2014-12-13 03:13:00,"(-27, -5)",-5.0,-27.0,-0.08715574274765818,-0.4522629288245585,"(61.938979929702725, -4.0)",-442.37872122014323,-75.83924727341548,525.1222065945301,525.5308995762931
7835,9476,2014-12-13 06:05:00,2014-12-13,C5.4,"(-27, -5)",12227,2014-12-13 05:59:00,2014-12-13 05:55:00,"(-27, -5)",-5.0,-27.0,-0.08715574274765818,-0.4522629288245585,"(63.515625226077155, -4.0)",-442.37872122014323,-75.83924727341548,1318.7780091383331,525.5309180995611
7849,9490,2014-12-14 16:40:00,2014-12-14,C1.5,"(0, 0)",12242,2014-12-14 16:36:00,2014-12-14 16:26:00,"(-42.27935242724727, -20.0)",-20.0,-42.27935242724727,-0.3420201433256687,-0.632174386406755,"(-42.27935242724727, -20.0)",-617.8676391770523,-325.372749514617,311.5451285912676,296.1664126568576
7870,9511,2014-12-16 17:16:00,2014-12-16,C2.9,"(-55, -8)",12241,2014-12-16 17:07:00,2014-12-16 17:00:00,"(-55, -8)",-8.0,-55.0,-0.13917310096006544,-0.8111801129037692,"(-34.03151154638551, -10.0)",-792.4866577355715,-126.22564904460687,169.62559998761722,217.1647064863929
7896,9537,2014-12-19 17:29:00,2014-12-19,C2.8,"(23, -18)",12242,2014-12-19 17:25:00,2014-12-19 17:22:00,"(23, -18)",-18.0,23.0,-0.3090169943749474,0.3716073858690827,"(25.179956187328408, -18.0)",363.6752126242411,-281.64067638793904,1220.087812376212,1269.59200898577
7919,9560,2014-12-23 04:14:00,2014-12-23,C1.4,"(0, 0)",12244,2014-12-23 03:58:00,2014-12-23 03:39:00,"(-11.669306953185616, -4.0)",-4.0,-11.669306953185616,-0.0697564737441253,-0.20177000001526715,"(-11.669306953185616, -4.0)",-197.60938338638425,-36.80793586089861,1159.2879291718416,
7923,9564,2014-12-23 19:59:00,2014-12-23,C2.3,"(0, 0)",12241,2014-12-23 19:51:00,2014-12-23 19:45:00,"(58.56599200645746, -8.0)",-8.0,58.56599200645746,-0.13917310096006544,0.8449377142512782,"(58.56599200645746, -8.0)",825.7148912170481,-119.33150058296309,207.68479766553654,
7937,9578,2014-12-26 09:43:00,2014-12-26,C2.1,"(40, -13)",12249,2014-12-26 09:30:00,2014-12-26 08:54:00,"(40, -13)",-13.0,40.0,-0.224951054343865,0.6263130048934198,"(38.55438179762622, -12.0)",612.8516693079662,-191.20840905548738,1240.3798498335245,1274.5856275564395
7965,9608,2014-12-31 12:18:00,2014-12-31,C1.0,"(0, 0)",12251,2014-12-31 12:16:00,2014-12-31 12:12:00,"(-11.853223610629684, -13.0)",-13.0,-11.853223610629685,-0.224951054343865,-0.2001407365592473,"(-11.853223610629684, -13.0)",-196.0735319498781,-173.54466882369732,664.982078533345,612.4806252874954
7975,9618,2015-01-02 19:49:00,2015-01-02,C1.2,"(0, 0)",12256,2015-01-02 19:48:00,2015-01-02 19:47:00,"(44.5366666089449, -8.0)",-8.0,44.536666608944905,-0.13917310096006544,0.6945399260546767,"(44.5366666089449, -8.0)",679.6407018745751,-98.7375862291425,218.36195507595158,249.13041564283168
8020,9672,2015-01-11 12:23:00,2015-01-11,C1.5,"(0, 0)",12259,2015-01-11 12:10:00,2015-01-11 11:49:00,"(-32.88664296385188, -16.0)",-16.0,-32.886642963851884,-0.2756373558169992,-0.5219446254759974,"(-32.88664296385188, -16.0)",-510.9560089027582,-212.6985301275881,1316.542935782535,1473.5182154690258
8036,9688,2015-01-13 23:09:00,2015-01-13,C1.4,"(0, 0)",12259,2015-01-13 23:06:00,2015-01-13 23:02:00,"(0.47554088340011924, -15.0)",-15.0,0.4755408834001192,-0.25881904510252074,0.008016854836600326,"(0.47554088340011924, -15.0)",7.8532200988866965,-181.77438707902465,,
8037,9689,2015-01-14 00:33:00,2015-01-14,C1.7,"(0, 0)",12257,2015-01-14 00:27:00,2015-01-14 00:19:00,"(81.26407936856825, 7.0)",7.0,81.26407936856825,0.12186934340514748,0.9810314868740171,"(81.26407936856825, 7.0)",957.1211741351057,129.85380329982948,,
8048,9701,2015-01-14 19:48:00,2015-01-14,C1.7,"(0, 0)",12260,2015-01-14 19:44:00,2015-01-14 19:40:00,"(56.501048532991064, 10.0)",10.0,56.501048532991064,0.17364817766693033,0.8212271697514186,"(56.501048532991064, 10.0)",802.6851890094805,210.06834801230428,188.01635271943658,692.3571011014461
8051,9704,2015-01-15 02:49:00,2015-01-15,C2.1,"(72, -3)",12262,2015-01-15 02:39:00,2015-01-15 02:30:00,"(72, -3)",-3.0,72.0,-0.052335956242943835,0.9497531263931348,"(69.55792196917155, -1.0)",927.298640635849,-27.243515052640614,302.9599284604819,299.85510166885945
8056,9709,2015-01-16 03:53:00,2015-01-16,C1.8,"(74, 8)",12260,2015-01-16 03:30:00,2015-01-16 03:18:00,"(74, 8)",8.0,74.0,0.13917310096006544,0.9519067631920856,"(76.05143614424584, 9.0)",929.1169346314451,156.819027821736,502.96101330894504,483.74287210100994
8058,9712,2015-01-19 09:12:00,2015-01-19,C1.0,"(0, 0)",12266,2015-01-19 09:06:00,2015-01-19 09:02:00,"(-5.657107553705779, -6.0)",-6.0,-5.657107553705778,-0.10452846326765347,-0.09803480592418733,"(-5.657107553705779, -6.0)",-96.00065075073871,-19.155289511696747,882.8769397954806,873.7110237681009
8061,9716,2015-01-20 05:19:00,2015-01-20,C1.0,"(0, 0)",12266,2015-01-20 05:11:00,2015-01-20 04:59:00,"(6.043295880581507, -6.0)",-6.0,6.043295880581508,-0.10452846326765347,0.10470321488156016,"(6.043295880581507, -6.0)",102.52203265986964,-17.61051152236729,1054.2646595252265,1078.560135197639
8086,9749,2015-01-24 18:28:00,2015-01-24,B7.0,"(0, 0)",12267,2015-01-24 18:25:00,2015-01-24 18:22:00,"(3.7602160069747255, 18.0)",18.0,3.7602160069747255,0.3090169943749474,0.06237128436531308,"(3.7602160069747255, 18.0)",61.027317628318606,387.7371134051189,909.9625750067586,915.6514459480574
8099,9767,2015-01-27 09:40:00,2015-01-27,C1.9,"(0, 0)",12268,2015-01-27 09:24:00,2015-01-27 09:11:00,"(-16.499045098000263, -11.0)",-11.0,-16.499045098000266,-0.1908089953765448,-0.2787814965680013,"(-16.499045098000263, -11.0)",-272.7407062159955,-95.76366360551106,723.5481701657426,
8104,9774,2015-01-28 19:06:00,2015-01-28,C2.2,"(-2, -13)",12268,2015-01-28 18:35:00,2015-01-28 18:24:00,"(-2, -13)",-13.0,-2.0,-0.224951054343865,-0.034005024862987974,"(1.8275030203988116, -10.0)",-33.270142090555055,-124.53361156095887,1045.0263809368723,
8106,9776,2015-01-28 23:40:00,2015-01-28,C1.7,"(0, 0)",12276,2015-01-28 23:36:00,2015-01-28 23:32:00,"(-25.23473721650511, -7.0)",-7.0,-25.234737216505106,-0.12186934340514748,-0.4231500080359865,"(-25.23473721650511, -7.0)",-413.8363408278792,-31.532109557284656,,585.0325882564209
8125,9795,2015-01-30 05:09:00,2015-01-30,C2.3,"(0, 0)",12277,2015-01-30 05:01:00,2015-01-30 04:51:00,"(-58.056004076331746, 7.0)",7.0,-58.056004076331746,0.12186934340514748,-0.8422405836887927,"(-58.056004076331746, 7.0)",-821.9611728673044,170.52159776843584,1198.347544156774,1201.8099333382413
8134,9804,2015-01-31 16:50:00,2015-01-31,C1.6,"(0, 0)",12275,2015-01-31 16:41:00,2015-01-31 16:35:00,"(75.74794648295143, -17.0)",-17.0,75.74794648295143,-0.2923717047227368,0.9268716911857332,"(75.74794648295143, -17.0)",903.3883107297371,-259.7686784233404,1543.3031191382584,1546.2632559159906
8157,9827,2015-02-05 07:31:00,2015-02-05,C1.3,"(0, 0)",12277,2015-02-05 07:26:00,2015-02-05 07:23:00,"(22.359709096867363, 8.0)",8.0,22.359709096867363,0.13917310096006544,0.3767179105821877,"(22.359709096867363, 8.0)",368.0067903276944,232.832802162029,198.95578606419835,179.6790720921111
8174,9847,2015-02-09 03:51:00,2015-02-09,C1.5,"(-75, 8)",12280,2015-02-09 03:31:00,2015-02-09 03:11:00,"(-75, 8)",8.0,-75.0,0.13917310096006544,-0.9565255025468812,"(27.06373136177409, -7.0)",-930.8768579700654,162.85227402018847,,1367.8790830361627
8179,9852,2015-02-09 09:08:00,2015-02-09,C1.5,"(-73, 9)",12281,2015-02-09 09:05:00,2015-02-09 09:02:00,"(-73, 9)",9.0,-73.0,0.15643446504023087,-0.9445310575203688,"(-3.7004593761952, 14.0)",-919.3356406795374,183.1521710057684,,961.4904630375185
8193,9867,2015-02-12 08:09:00,2015-02-12,B7.4,"(0, 0)",12282,2015-02-12 07:56:00,2015-02-12 07:53:00,"(-26.357350118170434, 11.0)",11.0,-26.357350118170434,0.1908089953765448,-0.4358113571366045,"(-26.357350118170434, 11.0)",-425.11882377716574,284.5493819946815,,
8226,9905,2015-02-27 10:03:00,2015-02-27,B9.6,"(6, -14)",12294,2015-02-27 09:54:00,2015-02-27 09:02:00,"(6, -14)",-14.0,6.0,-0.2419218955996677,0.10142352118280164,"(5.773557123414934, -14.0)",98.68266294797657,-116.14115801650625,914.22067400808,741.3163452366622
8229,9908,2015-02-28 07:55:00,2015-02-28,C1.1,"(18, -14)",12294,2015-02-28 07:47:00,2015-02-28 07:33:00,"(18, -14)",-14.0,18.0,-0.2419218955996677,0.2998378689886651,"(18.541074259296956, -14.0)",291.6092758410454,-120.95569396710015,,
8230,9909,2015-02-28 08:11:00,2015-02-28,C1.0,"(-73, 21)",12290,2015-02-28 08:08:00,2015-02-28 08:04:00,"(-73, 21)",21.0,-73.0,0.3583679495453003,-0.8927874019332731,"(54.71171022429163, 19.0)",-865.3441398735367,377.76708894000205,1643.3884148112322,1671.5458669981467
8240,9919,2015-03-02 01:57:00,2015-03-02,C1.1,"(82, 20)",12290,2015-03-02 01:47:00,2015-03-02 01:40:00,"(82, 20)",20.0,82.0,0.3420201433256687,0.9305475967963664,"(84.03128538224202, 20.0)",900.9251976373396,344.4265980411651,,
8244,9924,2015-03-02 06:44:00,2015-03-02,M1.0,"(0, 0)",12290,2015-03-02 06:39:00,2015-03-02 06:31:00,"(86.84563427583707, 20.0)",20.0,86.84563427583706,0.3420201433256687,0.9382688995943579,"(86.84563427583707, 20.0)",908.0662600259523,334.67478730450546,,
8245,9925,2015-03-02 07:20:00,2015-03-02,C3.2,"(0, 0)",12290,2015-03-02 07:10:00,2015-03-02 07:04:00,"(87.14441789125298, 20.0)",20.0,87.14441789125297,0.3420201433256687,0.9385257844058064,"(87.14441789125298, 20.0)",908.2941831515514,334.0715160395918,,
8246,9926,2015-03-02 07:54:00,2015-03-02,C5.2,"(0, 0)",12290,2015-03-02 07:48:00,2015-03-02 07:43:00,"(87.51066877466604, 20.0)",20.0,87.51066877466604,0.3420201433256687,0.9388058576871308,"(87.51066877466604, 20.0)",908.5398564774506,333.331847564345,,
8258,9940,2015-03-03 06:45:00,2015-03-03,C1.9,"(46, -10)",12292,2015-03-03 06:34:00,2015-03-03 06:08:00,"(46, -10)",-10.0,46.0,-0.17364817766693033,0.7084114124237573,"(47.85140220664964, -8.0)",687.6761883524176,-83.58713568480924,,
8259,9941,2015-03-03 07:55:00,2015-03-03,C1.3,"(0, 0)",12292,2015-03-03 07:50:00,2015-03-03 07:44:00,"(48.59431227696785, -8.0)",-8.0,48.59431227696785,-0.13917310096006544,0.7427460273933351,"(48.59431227696785, -8.0)",720.892705860365,-53.94360005642618,,
8260,9942,2015-03-03 09:07:00,2015-03-03,C1.1,"(0, 0)",12290,2015-03-03 08:55:00,2015-03-03 08:49:00,"(99.13643148066892, 22.0)",22.0,99.13643148066893,0.374606593415912,0.9154207123677122,"(99.13643148066892, 22.0)",884.9020438963731,341.30954227918187,,
8268,9951,2015-03-05 20:04:00,2015-03-05,C4.0,"(0, 0)",12293,2015-03-05 19:55:00,2015-03-05 19:35:00,"(50.601560421415975, 5.0)",5.0,50.601560421415975,0.08715574274765818,0.769810309452193,"(50.601560421415975, 5.0)",746.6088562772725,161.22211292154537,,1724.8559414260048
8279,9962,2015-03-07 06:40:00,2015-03-07,C1.7,"(-80, -18)",12297,2015-03-07 06:36:00,2015-03-07 06:32:00,"(-80, -18)",-18.0,-80.0,-0.3090169943749474,-0.9366078308002486,"(-77.16443464065779, -17.0)",-906.1508826694762,-276.4062583130606,,
8302,9989,2015-03-10 06:42:00,2015-03-10,C1.4,"(-40, -16)",12297,2015-03-10 06:37:00,2015-03-10 06:28:00,"(-40, -16)",-16.0,-40.0,-0.2756373558169992,-0.6178871078154209,"(-35.14929963852226, -16.0)",-598.9009934813566,-175.07139513056885,,
8303,9990,2015-03-10 06:53:00,2015-03-10,C1.4,"(-39, -16)",12297,2015-03-10 06:50:00,2015-03-10 06:47:00,"(-39, -16)",-16.0,-39.0,-0.2756373558169992,-0.6049415863891328,"(-35.02320617580384, -16.0)",-586.3824943474356,-173.7762975611601,,
8304,9991,2015-03-10 07:29:00,2015-03-10,C2.7,"(-37, -15)",12297,2015-03-10 07:27:00,2015-03-10 07:18:00,"(-37, -15)",-15.0,-37.0,-0.25881904510252074,-0.581308673511317,"(-34.664324781912974, -16.0)",-563.5331763025533,-154.64110678857324,,
8323,10011,2015-03-11 06:51:00,2015-03-11,C1.0,"(-25, -20)",12297,2015-03-11 06:48:00,2015-03-11 06:45:00,"(-25, -20)",-20.0,-25.0,-0.3420201433256687,-0.3971312619671029,"(-22.042605170068217, -16.0)",-385.0465707508647,-225.0063278052176,,
8324,10012,2015-03-11 07:43:00,2015-03-11,M1.8,"(-26, -16)",12297,2015-03-11 07:18:00,2015-03-11 07:10:00,"(-26, -16)",-16.0,-26.0,-0.2756373558169992,-0.4213893920128943,"(-21.751620256102644, -16.0)",-408.573898135478,-159.65407155706495,868.0236920326336,
8401,10091,2015-03-18 07:07:00,2015-03-18,C3.9,"(59, 10)",12302,2015-03-18 06:59:00,2015-03-18 06:41:00,"(59, 10)",10.0,59.0,0.17364817766693033,0.8441450033599869,"(58.090080721393534, 10.0)",815.302702943855,227.10494958716325,,
8405,10095,2015-03-18 11:25:00,2015-03-18,C1.1,"(0, 0)",12302,2015-03-18 11:20:00,2015-03-18 11:15:00,"(60.637839834242484, 10.0)",10.0,60.63783983424248,0.17364817766693033,0.8582972105658235,"(60.637839834242484, 10.0)",828.8775000389653,224.16822379699937,,493.245284713566
8418,10108,2015-03-19 01:13:00,2015-03-19,B9.5,"(63, 10)",12302,2015-03-19 01:07:00,2015-03-19 00:59:00,"(63, 10)",10.0,63.0,0.17364817766693033,0.8774701330051641,"(79.65402245425625, 10.0)",847.0139026003286,219.60751004051258,,
8429,10132,2015-03-25 08:32:00,2015-03-25,C3.2,"(0, 0)",12305,2015-03-25 08:29:00,2015-03-25 08:23:00,"(-27.024457555368862, -8.0)",-8.0,-27.024457555368862,-0.13917310096006544,-0.44994889237933305,"(-27.024457555368862, -8.0)",-434.55820574090467,-31.196531921760936,389.7559263607343,420.4423156021377
8450,10154,2015-03-28 07:04:00,2015-03-28,C1.5,"(0, 0)",12310,2015-03-28 06:55:00,2015-03-28 06:45:00,"(3.0640235900334822, 4.0)",4.0,3.0640235900334822,0.0697564737441253,0.05332160845954878,"(3.0640235900334822, 4.0)",51.47580464209511,180.1735718639367,,259.5683477077319
8452,10156,2015-03-28 10:49:00,2015-03-28,C1.0,"(0, 0)",12312,2015-03-28 10:43:00,2015-03-28 10:27:00,"(-5.714589799807818, 8.0)",8.0,-5.714589799807818,0.13917310096006544,-0.0986040886826874,"(-5.714589799807818, 8.0)",-95.18234493543787,245.47130260914432,950.3379325189456,982.9614713061561
8461,10165,2015-03-29 11:36:00,2015-03-29,C1.5,"(0, 0)",12315,2015-03-29 11:32:00,2015-03-29 11:28:00,"(22.68135958034797, -19.0)",-19.0,22.681359580347966,-0.3255681544571567,0.3645975284629194,"(22.68135958034797, -19.0)",351.75114589573707,-213.44905835512873,,717.2281874419816
8469,10173,2015-03-30 16:03:00,2015-03-30,C1.5,"(0, 0)",12305,2015-03-30 15:47:00,2015-03-30 15:34:00,"(46.187566120174196, -10.0)",-10.0,46.18756612017421,-0.17364817766693033,0.7106471301667896,"(46.187566120174196, -10.0)",684.7492064721694,-89.8605682435948,415.94455408405656,385.5004556515435
8477,10187,2015-04-04 17:09:00,2015-04-04,B8.6,"(0, 0)",12320,2015-04-04 16:49:00,2015-04-04 16:29:00,"(-44.199892201362985, -12.0)",-12.0,-44.199892201362985,-0.20791169081775931,-0.6819290533212726,"(-44.199892201362985, -12.0)",-656.2113445107116,-123.57400033376425,1500.0488407933829,
8481,10193,2015-04-06 05:52:00,2015-04-06,C1.2,"(0, 0)",12318,2015-04-06 05:50:00,2015-04-06 05:46:00,"(-37.58346479119872, 10.0)",10.0,-37.58346479119872,0.17364817766693033,-0.6006504866520116,"(-37.58346479119872, 10.0)",-577.7633075569156,248.16472401782616,,1518.8619996624552
8488,10202,2015-04-09 00:51:00,2015-04-09,B5.7,"(10, -14)",12320,2015-04-09 00:39:00,2015-04-09 00:33:00,"(10, -14)",-14.0,10.0,-0.2419218955996677,0.16849008466583745,"(13.380036649311268, -12.0)",162.09427215141363,-133.95416692783664,,
8493,10207,2015-04-09 08:41:00,2015-04-09,B4.8,"(12, -15)",12320,2015-04-09 08:39:00,2015-04-09 08:35:00,"(12, -15)",-15.0,12.0,-0.25881904510252074,0.20082727174830148,"(18.057410794680717, -12.0)",193.19593076267125,-151.20718759904614,960.1404741724,944.2181102822454
8523,10238,2015-04-12 23:35:00,2015-04-12,C6.4,"(30, -14)",12320,2015-04-12 23:29:00,2015-04-12 23:24:00,"(30, -14)",-14.0,30.0,-0.2419218955996677,0.4851478631379982,"(63.69855823974688, -14.0)",466.0719857660111,-148.5484497452767,1306.8075949982272,342.66414300642833
8569,10289,2015-04-22 03:12:00,2015-04-22,C2.8,"(0, 0)",12333,2015-04-22 03:05:00,2015-04-22 03:00:00,"(-74.11720559730738, 19.0)",19.0,-74.11720559730738,0.3255681544571567,-0.9094220183965388,"(-74.11720559730738, 19.0)",-868.6544022407816,331.58642464053963,1280.8293486711334,
8574,10296,2015-04-23 01:20:00,2015-04-23,C1.7,"(0, 0)",12321,2015-04-23 01:18:00,2015-04-23 01:14:00,"(73.7628959536416, 7.0)",7.0,73.76289595364159,0.12186934340514748,0.9529562777848146,"(73.7628959536416, 7.0)",910.1498275212663,138.9554445513977,209.9142275417031,231.28923959824021
8584,10306,2015-04-23 20:05:00,2015-04-23,C3.0,"(0, 0)",12333,2015-04-23 19:59:00,2015-04-23 19:56:00,"(-53.32280165533016, 20.0)",20.0,-53.32280165533015,0.3420201433256687,-0.7536460869231609,"(-53.32280165533016, 20.0)",-720.6738948993689,372.3947439263396,1126.3928294891616,1603.664083504969
8635,10369,2015-05-05 16:44:00,2015-05-05,C1.5,"(-39, -17)",12335,2015-05-05 16:38:00,2015-05-05 16:31:00,"(-39, -17)",-17.0,-39.0,-0.2923717047227368,-0.6018220829854768,"(-15.287177732426098, -16.0)",-574.3528242394632,-231.2784091715212,322.4285402277078,308.36931803861177
8639,10374,2015-05-05 21:21:00,2015-05-05,C1.7,"(-14, -16)",12335,2015-05-05 21:16:00,2015-05-05 21:12:00,"(-14, -16)",-16.0,-14.0,-0.2756373558169992,-0.23255025164874954,"(-12.59071752967846, -16.0)",-222.12954290082507,-203.50200963579613,795.4781734331518,770.1725724876111
8648,10384,2015-05-06 17:23:00,2015-05-06,C2.0,"(0, 0)",12335,2015-05-06 17:18:00,2015-05-06 17:14:00,"(-0.9133464367516098, -13.0)",-13.0,-0.9133464367516098,-0.224951054343865,-0.015531680415298569,"(-0.9133464367516098, -13.0)",-14.834646179110678,-154.26912888595666,922.8895913883496,897.3496793379268
8683,10421,2015-05-11 17:49:00,2015-05-11,C1.1,"(-16, 14)",12345,2015-05-11 17:47:00,2015-05-11 17:44:00,"(-16, 14)",14.0,-16.0,0.2419218955996677,-0.2674497483512505,"(-5.634709492130844, 12.0)",-255.05781993310848,279.50845852004323,427.4709847914646,293.59300234966514
8691,10429,2015-05-13 04:48:00,2015-05-13,C3.1,"(-20, 16)",12342,2015-05-13 04:15:00,2015-05-13 04:09:00,"(-20, 16)",16.0,-20.0,0.2756373558169992,-0.3287708630182992,"(-19.53389576650315, 18.0)",-313.3483847204843,306.6070917644173,,
8692,10430,2015-05-13 06:17:00,2015-05-13,C3.5,"(-23, 16)",12342,2015-05-13 05:59:00,2015-05-13 05:47:00,"(-23, 16)",16.0,-23.0,0.2756373558169992,-0.3755948672274925,"(-18.528112079116198, 18.0)",-357.94534796025346,305.67747505514,,
8693,10431,2015-05-13 10:04:00,2015-05-13,C2.3,"(19, 10)",12339,2015-05-13 09:45:00,2015-05-13 09:40:00,"(19, 10)",10.0,19.0,0.17364817766693033,0.320622042643284,"(24.688497733808823, 14.0)",305.6285329494047,210.9279557970927,,
8712,10451,2015-05-17 16:05:00,2015-05-17,B9.1,"(0, 0)",12347,2015-05-17 16:02:00,2015-05-17 15:59:00,"(10.420700466535447, 4.0)",4.0,10.420700466535449,0.0697564737441253,0.18043388810908131,"(10.420700466535447, 4.0)",171.88871957765926,107.06097203999812,748.6467946763961,715.8939897353118
8715,10454,2015-05-18 08:23:00,2015-05-18,C1.1,"(0, 0)",12349,2015-05-18 08:21:00,2015-05-18 08:16:00,"(-43.05025209275942, -20.0)",-20.0,-43.05025209275942,-0.3420201433256687,-0.6414713402923614,"(-43.05025209275942, -20.0)",-610.1820254822769,-297.9392501690509,1602.1393085537313,1614.1724400456883
8766,10519,2015-06-08 23:01:00,2015-06-08,B6.6,"(0, 0)",12366,2015-06-08 22:58:00,2015-06-08 22:55:00,"(-33.6005178087859, 17.0)",17.0,-33.600517808785895,0.2923717047227368,-0.5292181690128683,"(-33.6005178087859, 17.0)",-501.87806061987885,275.68102191206475,328.20784652796095,310.037404176541
8798,10551,2015-06-12 00:11:00,2015-06-12,C1.2,"(-76, -19)",12367,2015-06-12 00:08:00,2015-06-12 00:03:00,"(-76, -19)",-19.0,-76.0,-0.3255681544571567,-0.9174326330185848,"(-69.92275884878211, -19.0)",-867.3237180920296,-310.04209326677733,1741.7870289180084,906.7012469780029
8829,10584,2015-06-15 14:15:00,2015-06-15,C1.8,"(0, 0)",12360,2015-06-15 13:49:00,2015-06-15 13:45:00,"(99.05141866039446, 15.0)",15.0,99.05141866039446,0.25881904510252074,0.953897687771982,"(99.05141866039446, 15.0)",899.9725144804554,246.56060223475646,471.019577358489,1826.7853944881613
8830,10586,2015-06-15 16:50:00,2015-06-15,C1.8,"(0, 0)",12360,2015-06-15 16:27:00,2015-06-15 16:04:00,"(100.58594718674226, 15.0)",15.0,100.58594718674227,0.25881904510252074,0.9494861907757304,"(100.58594718674226, 15.0)",895.706039293396,246.9358134283723,1421.065679223724,1822.5338265904454
8831,10587,2015-06-16 03:31:00,2015-06-16,C2.2,"(0, 0)",12360,2015-06-16 03:27:00,2015-06-16 02:32:00,"(106.99600305629636, 15.0)",15.0,106.99600305629637,0.25881904510252074,0.9237391601698421,"(106.99600305629636, 15.0)",870.9199142627778,249.00192339982428,1341.0849709930192,1754.4228464414698
8832,10588,2015-06-16 03:50:00,2015-06-16,C2.4,"(0, 0)",12360,2015-06-16 03:42:00,2015-06-16 03:32:00,"(107.14168614424078, 15.0)",15.0,107.14168614424078,0.25881904510252074,0.9230182706897324,"(107.14168614424078, 15.0)",870.2309158118579,249.04105200793822,1288.1118229860306,
8919,10681,2015-07-01 23:01:00,2015-07-01,C1.4,"(0, 0)",12376,2015-07-01 22:51:00,2015-07-01 22:42:00,"(-46.67169379138274, 13.0)",13.0,-46.671693791382744,0.224951054343865,-0.7087897670944264,"(-46.67169379138274, 13.0)",-670.6703208923955,181.50410726435422,513.9332902282183,
8977,10745,2015-07-20 05:05:00,2015-07-20,B6.4,"(0, 0)",12388,2015-07-20 04:52:00,2015-07-20 04:32:00,"(97.84184286317415, 14.0)",14.0,97.84184286317415,0.2419218955996677,0.9612219706460776,"(97.84184286317415, 14.0)",906.5896920611835,237.73389299938592,841.7689047329146,
8978,10746,2015-07-21 06:20:00,2015-07-21,B5.3,"(0, 0)",12384,2015-07-21 05:47:00,2015-07-21 05:23:00,"(97.3084729725872, -17.0)",-17.0,97.30847297258721,-0.2923717047227368,0.9485353930691608,"(97.3084729725872, -17.0)",894.5516368514307,-265.0575313215461,1014.9205152666323,
9006,10775,2015-08-02 10:05:00,2015-08-02,B3.9,"(0, 0)",12390,2015-08-02 10:03:00,2015-08-02 10:00:00,"(84.86352843331063, -14.0)",-14.0,84.86352843331062,-0.2419218955996677,0.966399288430534,"(84.86352843331063, -14.0)",913.3900135634996,-235.7983596379197,1877.9974644642716,1886.980216888862
9046,10817,2015-08-11 15:18:00,2015-08-11,C1.0,"(0, 0)",12396,2015-08-11 15:15:00,2015-08-11 15:11:00,"(45.92272657809472, -18.0)",-18.0,45.92272657809472,-0.3090169943749474,0.6832411674231481,"(45.92272657809472, -18.0)",648.238770558837,-361.3648163339108,608.0282934062615,610.9861998466591
9067,10843,2015-08-18 00:36:00,2015-08-18,B2.9,"(0, 0)",12403,2015-08-18 00:22:00,2015-08-18 00:01:00,"(-77.81774278777891, -12.0)",-12.0,-77.8177427877789,-0.20791169081775931,-0.956120976994642,"(-77.81774278777891, -12.0)",-906.4041821746741,-218.75895873441286,288.39259950375697,
9071,10847,2015-08-19 11:54:00,2015-08-19,B3.0,"(-58, -10)",12403,2015-08-19 11:50:00,2015-08-19 11:46:00,"(-58, -10)",-10.0,-58.0,-0.17364817766693033,-0.8351643400220907,"(-57.08138407664102, -12.0)",-793.0484173056584,-222.4218280064144,,
9074,10850,2015-08-19 13:32:00,2015-08-19,B6.1,"(0, 0)",12401,2015-08-19 13:27:00,2015-08-19 13:10:00,"(23.820952036653686, -10.0)",-10.0,23.82095203665369,-0.17364817766693033,0.3977440111766897,"(23.820952036653686, -10.0)",378.3434553707473,-265.512350584704,,1186.7438362943442
9075,10851,2015-08-19 14:43:00,2015-08-19,B6.4,"(0, 0)",12403,2015-08-19 14:21:00,2015-08-19 13:54:00,"(-55.6420825628519, -12.0)",-12.0,-55.6420825628519,-0.20791169081775931,-0.8074884597043533,"(-55.6420825628519, -12.0)",-766.8598288732255,-258.1511254774731,165.34211863473138,
9176,10957,2015-08-28 09:49:00,2015-08-28,C1.0,"(0, 0)",12405,2015-08-28 09:47:00,2015-08-28 09:44:00,"(-39.353013922331584, -21.0)",-21.0,-39.353013922331584,-0.3583679495453003,-0.5919801841569866,"(-39.353013922331584, -21.0)",-563.661673439401,-423.6079102258213,,1378.15498390975
9189,10970,2015-08-28 21:44:00,2015-08-28,C1.7,"(0, 0)",12405,2015-08-28 21:39:00,2015-08-28 21:27:00,"(-36.3508274824683, -23.0)",-23.0,-36.3508274824683,-0.39073112848927377,-0.5456088998128416,"(-36.3508274824683, -23.0)",-519.5456115182196,-456.51284793510314,1413.500933348033,1414.4795564236745
9193,10974,2015-08-29 07:40:00,2015-08-29,C2.3,"(0, 0)",12403,2015-08-29 07:32:00,2015-08-29 07:20:00,"(73.38991705005826, -15.0)",-15.0,73.38991705005827,-0.25881904510252074,0.9256199477272754,"(73.38991705005826, -15.0)",879.7896671522574,-276.665328219994,1604.1766241602327,
9203,10986,2015-09-03 07:08:00,2015-09-03,B3.1,"(0, 0)",12407,2015-09-03 07:03:00,2015-09-03 07:00:00,"(91.09708117929736, 17.0)",17.0,91.09708117929735,0.2923717047227368,0.9561294545908458,"(91.09708117929736, 17.0)",908.8959504043164,277.9125355616944,1846.191671250904,
9204,10987,2015-09-03 09:51:00,2015-09-03,B3.0,"(0, 0)",12407,2015-09-03 09:43:00,2015-09-03 09:38:00,"(92.64680455680937, 17.0)",17.0,92.64680455680937,0.2923717047227368,0.9552845506795108,"(92.64680455680937, 17.0)",907.9854762597354,280.9657222191743,1568.7155869049693,1572.6410622134663
9210,10994,2015-09-11 12:32:00,2015-09-11,B3.6,"(0, 0)",12415,2015-09-11 12:29:00,2015-09-11 12:25:00,"(-74.64747424134391, -21.0)",-21.0,-74.64747424134391,-0.3583679495453003,-0.9002657100205899,"(-74.64747424134391, -21.0)",-858.1797216823361,-368.60901037138115,1087.7412700357027,1131.1745092207027
9244,11031,2015-09-17 00:04:00,2015-09-16,C6.0,"(0, 0)",12415,2015-09-16 23:57:00,2015-09-16 23:48:00,"(1.9710854565726537, -20.0)",-20.0,1.9710854565726537,-0.3420201433256687,0.03232086462106139,"(1.9710854565726537, -20.0)",30.949406437669044,-437.63029216522466,,
9249,11037,2015-09-17 07:09:00,2015-09-17,C1.0,"(-1, -21)",12415,2015-09-17 06:48:00,2015-09-17 06:34:00,"(-1, -21)",-21.0,-1.0,-0.3583679495453003,-0.01629322504512165,"(5.932377906119109, -20.0)",-15.60558255205251,-452.3507698567963,698.504843239807,
9273,11061,2015-09-20 09:36:00,2015-09-20,C2.6,"(0, 0)",12415,2015-09-20 09:34:00,2015-09-20 09:32:00,"(46.54205259988401, -19.0)",-19.0,46.542052599884,-0.3255681544571567,0.6863324542518309,"(46.54205259988401, -19.0)",657.0699438381012,-386.4908795946219,1683.5874567445169,1680.4837579552066
9277,11065,2015-09-20 18:29:00,2015-09-20,M2.1,"(24, -20)",12415,2015-09-20 18:03:00,2015-09-20 17:32:00,"(24, -20)",-20.0,24.0,-0.3420201433256687,0.3822074221015613,"(52.55311362690141, -19.0)",366.2600293541522,-427.2330002107172,313.53244000161607,285.97373227165866
9284,11072,2015-09-21 14:54:00,2015-09-21,B5.3,"(0, 0)",12415,2015-09-21 14:50:00,2015-09-21 14:47:00,"(63.68095165324209, -18.0)",-18.0,63.68095165324209,-0.3090169943749474,0.8524691218969498,"(63.68095165324209, -18.0)",815.5013633680062,-343.2025374198971,1775.16507013094,
9289,11079,2015-09-23 10:06:00,2015-09-23,C1.8,"(0, 0)",12415,2015-09-23 10:02:00,2015-09-23 09:54:00,"(86.82194019045139, -18.0)",-18.0,86.8219401904514,-0.3090169943749474,0.9495938547393872,"(86.82194019045139, -18.0)",907.3890409844624,-299.2314055176604,1561.5717020254986,
9321,11111,2015-09-27 13:38:00,2015-09-27,C1.4,"(59, -9)",12423,2015-09-27 13:34:00,2015-09-27 13:30:00,"(59, -9)",-9.0,59.0,-0.15643446504023087,0.8466141488428828,"(58.884766541438594, -9.0)",811.6861926853354,-207.5693340361527,530.730817298686,557.7536257098882
9334,11124,2015-09-28 07:08:00,2015-09-28,C4.5,"(68, -12)",12423,2015-09-28 06:54:00,2015-09-28 06:21:00,"(68, -12)",-12.0,68.0,-0.20791169081775931,0.906922662783625,"(69.0442598272275, -9.0)",869.1584728019484,-239.83685504792393,556.2477089315801,554.6787532234734
9374,11167,2015-10-01 06:16:00,2015-10-01,C1.6,"(0, 0)",12423,2015-10-01 05:53:00,2015-10-01 05:39:00,"(107.52681258000712, -8.0)",-8.0,107.52681258000713,-0.13917310096006544,0.9442959883873024,"(107.52681258000712, -8.0)",903.0081692019176,-98.68070421249513,256.39733345989305,265.1979718691526
9396,11190,2015-10-03 00:24:00,2015-10-03,C2.5,"(0, 0)",12427,2015-10-03 00:19:00,2015-10-03 00:11:00,"(17.183748942888002, 18.0)",18.0,17.183748942888002,0.3090169943749474,0.28097736797996803,"(17.183748942888002, 18.0)",270.41335051347716,194.17171752575015,809.034230710732,
9397,11191,2015-10-03 03:27:00,2015-10-03,C1.3,"(0, 0)",12427,2015-10-03 03:21:00,2015-10-03 03:14:00,"(18.943870395815164, 18.0)",18.0,18.943870395815164,0.3090169943749474,0.3087526275572539,"(18.943870395815164, 18.0)",297.13182268269986,195.17274390844514,798.3743203603741,772.6955181222378
9403,11198,2015-10-03 16:52:00,2015-10-03,C1.1,"(0, 0)",12420,2015-10-03 16:44:00,2015-10-03 16:23:00,"(86.76036750095616, 14.0)",14.0,86.76036750095615,0.2419218955996677,0.9687451089055052,"(86.76036750095616, 14.0)",928.6090852135848,224.25426407709833,1787.748371590037,
9404,11199,2015-10-03 18:15:00,2015-10-03,C2.7,"(0, 0)",12420,2015-10-03 18:09:00,2015-10-03 18:04:00,"(87.5869013597147, 14.0)",14.0,87.5869013597147,0.2419218955996677,0.9694352977287429,"(87.5869013597147, 14.0)",929.2107060458023,225.79099989475392,521.3468065912358,484.1973138947067
9406,11201,2015-10-03 23:18:00,2015-10-03,B8.5,"(0, 0)",12427,2015-10-03 23:12:00,2015-10-03 23:07:00,"(29.535792144282947, 18.0)",18.0,29.53579214428295,0.3090169943749474,0.4688396366389993,"(29.535792144282947, 18.0)",451.0424177722793,203.13467147296743,681.3831719593956,
9416,11211,2015-10-10 11:09:00,2015-10-10,B1.5,"(0, 0)",12432,2015-10-10 11:04:00,2015-10-10 10:58:00,"(-64.23002624928903, -23.0)",-23.0,-64.23002624928904,-0.39073112848927377,-0.8289576390652579,"(-64.23002624928903, -23.0)",-797.195622872141,-415.4257695713993,1793.3630298962573,1785.9868928954875
9447,11248,2015-10-15 23:26:00,2015-10-15,C4.9,"(0, 0)",12434,2015-10-15 23:05:00,2015-10-15 22:45:00,"(-48.5368841042402, -10.0)",-10.0,-48.53688410424021,-0.17364817766693033,-0.7379973282490917,"(-48.5368841042402, -10.0)",-711.6534926950862,-231.29602877032474,,476.7429766208504
9490,11293,2015-10-20 14:01:00,2015-10-20,C1.1,"(0, 0)",12437,2015-10-20 13:59:00,2015-10-20 13:56:00,"(-51.79254686661173, -20.0)",-20.0,-51.79254686661173,-0.3420201433256687,-0.7383883249812612,"(-51.79254686661173, -20.0)",-712.7762758143263,-382.623087385344,469.6493149206804,500.8108814706309
9500,11304,2015-10-23 06:45:00,2015-10-23,B5.9,"(0, 0)",12436,2015-10-23 06:41:00,2015-10-23 06:36:00,"(-2.08017186582105, 8.0)",8.0,-2.08017186582105,0.13917310096006544,-0.035944624311406013,"(-2.08017186582105, 8.0)",-34.80159585535603,46.15293408247441,999.3558525626293,1010.2540251616855
9507,11313,2015-10-25 00:41:00,2015-10-24,B9.7,"(0, 0)",12434,2015-10-25 00:03:00,2015-10-24 23:29:00,"(75.02926039841489, -11.0)",-11.0,75.02926039841489,-0.1908089953765448,0.9483086725507928,"(75.02926039841489, -11.0)",915.129129967608,-205.48908050043434,685.31900160604,721.0721214682098
9510,11316,2015-10-26 01:20:00,2015-10-26,B7.2,"(0, 0)",12436,2015-10-26 01:12:00,2015-10-26 01:00:00,"(34.703349535170005, 9.0)",9.0,34.703349535170005,0.15643446504023087,0.5623182180210856,"(34.703349535170005, 9.0)",544.4454266121605,82.3017918470787,349.9652421789486,484.50705730651066
9516,11328,2015-10-28 09:42:00,2015-10-28,C1.9,"(61, 12)",12436,2015-10-28 09:37:00,2015-10-28 09:31:00,"(61, 12)",12.0,61.0,0.20791169081775931,0.8555071680929037,"(66.64025145491584, 8.0)",827.4739415965973,161.85429679217734,1102.459410387899,1774.0449759379412
9521,11335,2015-10-29 04:46:00,2015-10-29,C1.0,"(0, 0)",12443,2015-10-29 04:39:00,2015-10-29 04:32:00,"(-78.36566673769818, 5.0)",5.0,-78.36566673769818,0.08715574274765818,-0.97572746173073,"(-78.36566673769818, 5.0)",-942.756657078894,67.93820471808444,1863.4326119254213,1829.4669841608718
9583,11400,2015-11-03 14:04:00,2015-11-03,C1.4,"(-12, 7)",12443,2015-11-03 14:00:00,2015-11-03 13:55:00,"(-12, 7)",7.0,-12.0,0.12186934340514748,-0.20636194860240745,"(-8.8713103805431, 6.0)",-200.3714460364563,48.52561900237302,1040.342496781571,1016.1509962550815
9591,11409,2015-11-04 02:49:00,2015-11-04,C1.1,"(0, 0)",12443,2015-11-04 02:18:00,2015-11-04 02:01:00,"(-1.6495986124750868, 6.0)",6.0,-1.6495986124750868,0.10452846326765347,-0.028629251815692813,"(-1.6495986124750868, 6.0)",-27.808032192888277,31.834207056724935,903.4026037766222,924.2956580577834
9597,11415,2015-11-04 10:35:00,2015-11-04,C1.1,"(0, 0)",12443,2015-11-04 10:32:00,2015-11-04 10:28:00,"(3.1844469341720663, 6.0)",6.0,3.1844469341720663,0.10452846326765347,0.055246162681518836,"(3.1844469341720663, 6.0)",53.661162647837514,31.91250820015265,877.3835765770302,844.0392744233029
9603,11422,2015-11-06 14:54:00,2015-11-06,C1.8,"(-88, -14)",12449,2015-11-06 14:46:00,2015-11-06 14:35:00,"(-88, -14)",-14.0,-88.0,-0.2419218955996677,-0.9697046483360624,"(-77.39846932611391, -12.0)",-938.011578826422,-235.70385276700785,176.8141817799528,193.04623045361478
9626,11454,2015-11-18 20:15:00,2015-11-18,C1.1,"(0, 0)",12457,2015-11-18 20:09:00,2015-11-18 19:43:00,"(-86.2831087435674, 12.0)",12.0,-86.28310874356741,0.20791169081775931,-0.976090116421136,"(-86.2831087435674, 12.0)",-947.0968399299863,198.79637682766182,,
9630,11458,2015-11-20 13:02:00,2015-11-20,B7.3,"(0, 0)",12455,2015-11-20 12:58:00,2015-11-20 12:26:00,"(39.527249046710445, 15.0)",15.0,39.52724904671045,0.25881904510252074,0.6147587802171448,"(39.527249046710445, 15.0)",598.6844001719021,222.583838936393,,1481.473292587633
9653,11488,2015-11-28 12:15:00,2015-11-28,B6.0,"(0, 0)",12457,2015-11-28 11:34:00,2015-11-28 10:32:00,"(33.75587668434233, 13.0)",13.0,33.755876684342326,0.224951054343865,0.5414140970785833,"(33.75587668434233, 13.0)",528.2411052295826,201.14945632297304,,
9662,11497,2015-12-01 14:46:00,2015-12-01,B3.4,"(0, 0)",12458,2015-12-01 14:34:00,2015-12-01 14:23:00,"(45.47089115408026, 9.0)",9.0,45.470891154080256,0.15643446504023087,0.7041173521674144,"(45.47089115408026, 9.0)",686.9418623152468,141.44409365049117,,
9666,11501,2015-12-03 17:51:00,2015-12-03,B3.3,"(0, 0)",12459,2015-12-03 17:38:00,2015-12-03 17:12:00,"(45.26039216726899, 5.0)",5.0,45.26039216726899,0.08715574274765818,0.7076101007673603,"(45.26039216726899, 5.0)",690.5881781723571,76.79455714200067,,
9668,11503,2015-12-04 02:50:00,2015-12-04,B5.0,"(0, 0)",12458,2015-12-04 02:48:00,2015-12-04 02:37:00,"(80.64114891539667, 9.0)",9.0,80.64114891539667,0.15643446504023087,0.9745414238341998,"(80.64114891539667, 9.0)",948.8124719240884,150.7575838443796,,
9689,11524,2015-12-07 14:49:00,2015-12-07,B3.4,"(0, 0)",12465,2015-12-07 14:41:00,2015-12-07 14:34:00,"(-63.472358058891714, -5.0)",-5.0,-63.47235805889171,-0.08715574274765818,-0.8913143166125799,"(-63.472358058891714, -5.0)",-869.3102704487046,-86.36661906948666,,
9690,11525,2015-12-07 18:32:00,2015-12-07,B4.2,"(0, 0)",12462,2015-12-07 18:26:00,2015-12-07 18:19:00,"(-19.26276034370529, 9.0)",9.0,-19.26276034370529,0.15643446504023087,-0.3258392677026195,"(-19.26276034370529, 9.0)",-318.5321932441411,150.06220665208988,,
9693,11529,2015-12-08 17:35:00,2015-12-08,C1.0,"(0, 0)",12463,2015-12-08 17:24:00,2015-12-08 17:05:00,"(-9.868422443435012, -9.0)",-9.0,-9.868422443435012,-0.15643446504023087,-0.16927610070722082,"(-9.868422443435012, -9.0)",-165.53367907986285,-153.83581417284046,,184.05311486791268
9694,11530,2015-12-08 19:28:00,2015-12-08,C6.7,"(0, 0)",12463,2015-12-08 19:14:00,2015-12-08 18:59:00,"(-8.793860653591953, -9.0)",-9.0,-8.793860653591953,-0.15643446504023087,-0.1509977391354381,"(-8.793860653591953, -9.0)",-147.66153163159288,-153.84066912474202,216.44983775075127,201.56930928506847
9698,11534,2015-12-09 09:30:00,2015-12-09,B4.7,"(0, 0)",12466,2015-12-09 09:24:00,2015-12-09 09:19:00,"(-12.509633357393264, -13.0)",-13.0,-12.509633357393264,-0.224951054343865,-0.2110522189234965,"(-12.509633357393264, -13.0)",-206.3921076442739,-218.74206685631478,560.7117124209764,732.3918508437007
9712,11549,2015-12-12 03:21:00,2015-12-12,C2.0,"(0, 0)",12465,2015-12-12 03:16:00,2015-12-12 03:09:00,"(-7.08124833713278, -5.0)",-5.0,-7.081248337132781,-0.08715574274765818,-0.12280759639218933,"(-7.08124833713278, -5.0)",-120.16192564037738,-77.49038342081957,,885.5625962772435
9713,11550,2015-12-12 05:06:00,2015-12-12,C1.8,"(0, 0)",12463,2015-12-12 04:31:00,2015-12-12 04:03:00,"(37.64906090863465, -8.0)",-8.0,37.649060908634645,-0.13917310096006544,0.604878866542284,"(37.64906090863465, -8.0)",591.2737852930884,-129.86986365667337,,
9714,11551,2015-12-12 05:40:00,2015-12-12,C5.2,"(0, 0)",12468,2015-12-12 05:28:00,2015-12-12 05:05:00,"(-48.81055169796702, -14.0)",-14.0,-48.81055169796702,-0.2419218955996677,-0.7301826602991344,"(-48.81055169796702, -14.0)",-713.2707540797128,-231.28690634893226,492.3309073848853,486.5613834277304
9716,11553,2015-12-12 07:47:00,2015-12-12,C1.6,"(0, 0)",12469,2015-12-12 07:41:00,2015-12-12 07:36:00,"(-76.46790605722909, 18.0)",18.0,-76.46790605722909,0.3090169943749474,-0.9246542407319164,"(-76.46790605722909, 18.0)",-901.4392463265722,302.99371831578907,,
9717,11554,2015-12-12 09:32:00,2015-12-12,C1.3,"(0, 0)",12466,2015-12-12 09:25:00,2015-12-12 09:18:00,"(27.50010133523547, -13.0)",-13.0,27.500101335235467,-0.224951054343865,0.4499155547805222,"(27.50010133523547, -13.0)",439.9651679085005,-213.1666512381711,,197.07337941698034
9724,11562,2015-12-12 20:15:00,2015-12-12,C1.1,"(0, 0)",12470,2015-12-12 19:45:00,2015-12-12 19:32:00,"(-78.48234662032752, 13.0)",13.0,-78.48234662032752,0.224951054343865,-0.9547493998063422,"(-78.48234662032752, 13.0)",-930.6583061560559,220.79323140031784,1499.72168001058,498.83295899233366
9726,11564,2015-12-13 21:51:00,2015-12-13,B7.6,"(0, 0)",12463,2015-12-13 21:46:00,2015-12-13 21:42:00,"(60.690988365100274, -9.0)",-9.0,60.69098836510027,-0.15643446504023087,0.8612566181712868,"(60.690988365100274, -9.0)",840.7848905503769,-147.85416695525788,1809.6561511436228,1772.7132615469438
9737,11578,2015-12-18 04:12:00,2015-12-18,C1.4,"(0, 0)",12469,2015-12-18 04:00:00,2015-12-18 03:48:00,"(3.321039278585271, 18.0)",18.0,3.321039278585271,0.3090169943749474,0.055095292560988066,"(3.321039278585271, 18.0)",53.93114603252698,322.3034372734491,,251.64830713574247
9778,11621,2015-12-25 13:04:00,2015-12-25,C1.0,"(0, 0)",12473,2015-12-25 12:45:00,2015-12-25 12:33:00,"(-28.48054439149816, -22.0)",-22.0,-28.48054439149816,-0.374606593415912,-0.4421371874804997,"(-28.48054439149816, -22.0)",-432.78779257300357,-337.19234807622604,,
9784,11627,2015-12-26 09:59:00,2015-12-26,B8.3,"(-18, -20)",12473,2015-12-26 09:53:00,2015-12-26 09:48:00,"(-18, -20)",-20.0,-18.0,-0.3420201433256687,-0.29038098931157863,"(-16.306721741987545, -22.0)",-284.36061448701366,-300.71837431558686,,
9787,11630,2015-12-27 00:15:00,2015-12-27,B5.6,"(-5, -19)",12473,2015-12-27 00:13:00,2015-12-27 00:10:00,"(-5, -19)",-19.0,-5.0,-0.3255681544571567,-0.08240737373806624,"(-8.875189515423, -22.0)",-80.72088425506081,-280.8731795173604,,
9789,11632,2015-12-27 19:27:00,2015-12-27,C2.8,"(0, 0)",12472,2015-12-27 19:10:00,2015-12-27 18:59:00,"(-0.8399200990595426, 4.0)",4.0,-0.8399200990595426,0.0697564737441253,-0.014623137932568312,"(-0.8399200990595426, 4.0)",-14.326546508459614,108.2831712404852,,
9790,11634,2015-12-27 21:52:00,2015-12-27,B9.0,"(0, 0)",12473,2015-12-27 21:46:00,2015-12-27 21:41:00,"(3.7134919282062913, -22.0)",-22.0,3.7134919282062913,-0.374606593415912,0.060051189489960737,"(3.7134919282062913, -22.0)",58.81813134494671,-329.5136337362427,,
9791,11635,2015-12-28 00:39:00,2015-12-28,C8.0,"(4, -20)",12473,2015-12-28 00:28:00,2015-12-28 00:18:00,"(4, -20)",-20.0,4.0,-0.3420201433256687,0.06554964362940052,"(5.26882258216585, -22.0)",64.20957153930702,-295.1892658660751,,
9796,11640,2015-12-29 01:26:00,2015-12-29,C1.4,"(0, 0)",12472,2015-12-29 01:06:00,2015-12-29 00:53:00,"(16.64632664323424, 4.0)",4.0,16.64632664323424,0.0697564737441253,0.2857653182239838,"(16.64632664323424, 4.0)",279.9322341444956,110.53532509554118,,379.3472438758129
9824,11669,2016-01-05 23:38:00,2016-01-05,B6.3,"(0, 0)",12476,2016-01-05 23:37:00,2016-01-05 23:33:00,"(-6.224515170864084, -10.0)",-10.0,-6.224515170864084,-0.17364817766693033,-0.10677749859677163,"(-6.224515170864084, -10.0)",-104.62175039776866,-112.81990557847325,,
9826,11671,2016-01-06 04:03:00,2016-01-06,B6.6,"(0, 0)",12480,2016-01-06 03:48:00,2016-01-06 03:27:00,"(-85.86890744848333, 4.0)",4.0,-85.86890744848333,0.0697564737441253,-0.9949722159886922,"(-85.86890744848333, 4.0)",-970.62314195,72.22626387035562,,
9830,11675,2016-01-06 14:46:00,2016-01-06,B9.3,"(0, 0)",12480,2016-01-06 14:45:00,2016-01-06 14:44:00,"(-79.4350194999243, 4.0)",4.0,-79.4350194999243,0.0697564737441253,-0.980652943095054,"(-79.4350194999243, 4.0)",-957.1562072640063,78.92051975581953,,
9846,11694,2016-01-12 19:54:00,2016-01-12,B3.3,"(0, 0)",12480,2016-01-12 19:31:00,2016-01-12 19:19:00,"(5.365046743938196, 3.0)",3.0,5.365046743938196,0.052335956242943835,0.09337281405508667,"(5.365046743938196, 3.0)",91.47221011522174,122.06046338335182,,
9847,11695,2016-01-12 22:44:00,2016-01-12,B4.0,"(0, 0)",12480,2016-01-12 22:31:00,2016-01-12 21:51:00,"(7.128212491488846, 3.0)",3.0,7.1282124914888465,0.052335956242943835,0.12392002569154673,"(7.128212491488846, 3.0)",121.39570439399648,121.82000338946472,,
9848,11696,2016-01-13 07:43:00,2016-01-13,B3.9,"(0, 0)",12483,2016-01-13 07:25:00,2016-01-13 07:05:00,"(13.310168143705262, 17.0)",17.0,13.31016814370526,0.2923717047227368,0.22016281551618655,"(13.310168143705262, 17.0)",215.58921953710956,353.5173333699931,,
9851,11700,2016-01-13 17:08:00,2016-01-13,B2.3,"(0, 0)",12483,2016-01-13 17:05:00,2016-01-13 16:59:00,"(17.986536247446303, 18.0)",18.0,17.986536247446306,0.3090169943749474,0.2936800704660514,"(17.986536247446303, 18.0)",287.5420253679974,367.8204800349297,811.8726258051947,
9866,11717,2016-01-16 07:05:00,2016-01-16,B6.0,"(0, 0)",12480,2016-01-16 06:57:00,2016-01-16 06:40:00,"(56.083609245889065, 4.0)",4.0,56.083609245889065,0.0697564737441253,0.8278312160683756,"(56.083609245889065, 4.0)",809.1428942260507,111.46614163342204,1481.7807535721784,1469.8722374164838
9873,11727,2016-01-20 01:04:00,2016-01-20,B3.7,"(0, 0)",12484,2016-01-20 01:02:00,2016-01-20 00:58:00,"(84.60640447597153, 7.0)",7.0,84.60640447597153,0.12186934340514748,0.9881516314556582,"(84.60640447597153, 7.0)",963.4605832605705,126.26244823629634,1867.970904523539,1846.0575379020038
9886,11742,2016-01-22 02:51:00,2016-01-22,B3.8,"(0, 0)",12484,2016-01-22 02:43:00,2016-01-22 02:23:00,"(98.66953740421161, 8.0)",8.0,98.6695374042116,0.13917310096006544,0.9789534324761188,"(98.66953740421161, 8.0)",953.2388335915952,121.90193613321881,1569.0763375559668,
9898,11754,2016-01-25 22:01:00,2016-01-25,B4.7,"(-55, 8)",12489,2016-01-25 21:58:00,2016-01-25 21:54:00,"(-55, 8)",8.0,-55.0,0.13917310096006544,-0.8111801129037692,"(-55.191786712371396, 9.0)",-792.311643350763,187.74676538019548,502.5668153261051,533.8585606905226
9906,11763,2016-01-28 03:25:00,2016-01-28,B6.1,"(0, 0)",12489,2016-01-28 03:22:00,2016-01-28 03:18:00,"(-25.028171108063262, 10.0)",10.0,-25.028171108063265,0.17364817766693033,-0.41663653268655226,"(-25.028171108063262, 10.0)",-407.4195254288952,255.19369908321738,1074.2116757091871,1068.9877217314056
9939,11808,2016-02-05 03:32:00,2016-02-05,B8.4,"(0, 0)",12491,2016-02-05 03:26:00,2016-02-05 03:22:00,"(-13.981782814544331, 2.0)",2.0,-13.981782814544331,0.03489949670250097,-0.24146619363819855,"(-13.981782814544331, 2.0)",-235.9513153780199,137.113401140495,720.1944814784327,719.9015682370466
9941,11810,2016-02-05 08:59:00,2016-02-05,B9.3,"(0, 0)",12490,2016-02-05 08:50:00,2016-02-05 08:45:00,"(75.09864160334627, -21.0)",-21.0,75.09864160334627,-0.3583679495453003,0.9021841007137044,"(75.09864160334627, -21.0)",878.7327291431591,-321.5059477654331,1008.0132122544895,
9943,11812,2016-02-05 18:13:00,2016-02-05,B7.7,"(0, 0)",12495,2016-02-05 18:07:00,2016-02-05 18:02:00,"(42.54740677390401, -7.0)",-7.0,42.54740677390401,-0.12186934340514748,0.6711597104449569,"(42.54740677390401, -7.0)",655.1460843649083,-40.5105522851044,1623.628010621916,1620.4016566771086
9944,11813,2016-02-05 23:49:00,2016-02-05,C1.0,"(-8, 2)",0,2016-02-05 21:20:00,2016-02-05 19:00:00,"(-8, 2)",2.0,-8.0,0.03489949670250097,-0.13908832046729191,,-135.9244308879397,139.24268526809078,,309.11843368165785
9946,11815,2016-02-06 04:39:00,2016-02-06,B8.5,"(0, 0)",12494,2016-02-06 04:21:00,2016-02-06 03:56:00,"(6.543322191544638, -12.0)",-12.0,6.543322191544638,-0.20791169081775931,0.11146425797337167,"(6.543322191544638, -12.0)",108.91550353607335,-97.4445447453057,,
9947,11816,2016-02-06 15:53:00,2016-02-06,B6.6,"(-12, -13)",12494,2016-02-06 15:51:00,2016-02-06 15:48:00,"(-12, -13)",-13.0,-12.0,-0.224951054343865,-0.202582927651708,"(12.230555058372568, -11.0)",-197.9349326142028,-115.99428243448301,330.43953926125056,313.06385499463124
9960,11831,2016-02-09 12:21:00,2016-02-09,B5.6,"(0, 0)",12492,2016-02-09 12:06:00,2016-02-09 11:58:00,"(28.057115586428207, 14.0)",14.0,28.057115586428214,0.2419218955996677,0.4563800504277056,"(28.057115586428207, 14.0)",445.36888581787446,329.12205119625366,549.0993463801307,593.5053157453335
9962,11833,2016-02-09 17:49:00,2016-02-09,B5.6,"(0, 0)",12492,2016-02-09 17:47:00,2016-02-09 17:44:00,"(31.372974949212495, 14.0)",14.0,31.372974949212487,0.2419218955996677,0.5051427223038949,"(31.372974949212495, 14.0)",492.8903966500129,326.0060096658386,666.4420739609391,
9964,11835,2016-02-09 22:08:00,2016-02-09,B6.2,"(0, 0)",12498,2016-02-09 22:05:00,2016-02-09 21:51:00,"(-59.11034154875725, 19.0)",19.0,-59.11034154875725,0.3255681544571567,-0.811403935423012,"(-59.11034154875725, 19.0)",-790.4110937389305,368.6134090891639,407.84396530706243,369.02474037063877
10020,11898,2016-02-16 10:41:00,2016-02-16,B7.7,"(0, 0)",12497,2016-02-16 10:39:00,2016-02-16 10:36:00,"(68.22675433102307, 12.0)",12.0,68.22675433102307,0.20791169081775931,0.9083657060646844,"(68.22675433102307, 12.0)",883.2749935941255,242.77675131471614,,
10064,11950,2016-02-22 16:33:00,2016-02-22,B4.0,"(0, 0)",12505,2016-02-22 16:31:00,2016-02-22 16:27:00,"(54.61096550562008, 8.0)",8.0,54.61096550562008,0.13917310096006544,0.8073047995876362,"(54.61096550562008, 8.0)",784.8328499264851,202.79659114006165,1772.921890092682,1773.0267641401624
10072,11958,2016-02-24 07:05:00,2016-02-24,B2.9,"(0, 0)",12501,2016-02-24 07:02:00,2016-02-24 06:57:00,"(50.13118980474473, 5.0)",5.0,50.13118980474473,0.08715574274765818,0.7645935973924731,"(50.13118980474473, 5.0)",743.2241604392351,160.94250709133908,1338.5624118678231,
10084,11971,2016-02-26 22:06:00,2016-02-26,B3.0,"(0, 0)",12506,2016-02-26 22:02:00,2016-02-26 21:58:00,"(-23.15412464781679, -7.0)",-7.0,-23.154124647816786,-0.12186934340514748,-0.3902749570340137,"(-23.15412464781679, -7.0)",-379.72355260167205,-6.991143738355164,1219.3105274632153,1236.9495039878839
10093,11983,2016-03-01 18:03:00,2016-03-01,B3.4,"(0, 0)",12506,2016-03-01 17:57:00,2016-03-01 17:34:00,"(30.449599600360216, -7.0)",-7.0,30.449599600360216,-0.12186934340514748,0.5030027690881813,"(30.449599600360216, -7.0)",488.7920322438872,-12.945800465019985,1443.839745892295,1453.934516558373
10095,11985,2016-03-03 16:08:00,2016-03-03,B5.2,"(0, 0)",12510,2016-03-03 15:50:00,2016-03-03 15:19:00,"(-47.79687915716805, 5.0)",5.0,-47.79687915716804,0.08715574274765818,-0.7379491613390051,"(-47.79687915716805, 5.0)",-716.0209117649629,165.736342798816,184.9093632344335,
10104,11994,2016-03-06 07:33:00,2016-03-06,B3.1,"(0, 0)",12512,2016-03-06 07:30:00,2016-03-06 07:26:00,"(20.389059762233835, 11.0)",11.0,20.38905976223384,0.1908089953765448,0.34199211134911633,"(20.389059762233835, 11.0)",331.9397514410453,296.4566284459344,1283.4622020056809,
10109,11999,2016-03-08 03:37:00,2016-03-08,B2.4,"(0, 0)",12510,2016-03-08 03:30:00,2016-03-08 03:26:00,"(12.05649386483622, 4.0)",4.0,12.05649386483622,0.0697564737441253,0.20836723543943395,"(12.05649386483622, 4.0)",202.20287003822025,186.59316541414012,200.8912539353626,
10121,12011,2016-03-11 03:17:00,2016-03-11,B2.7,"(0, 0)",12518,2016-03-11 03:15:00,2016-03-11 03:12:00,"(42.90960144591935, 4.0)",4.0,42.90960144591935,0.0697564737441253,0.6791851157965704,"(42.90960144591935, 4.0)",657.8145828374275,156.02987400148484,1563.2971735929693,1540.9507710217886
10167,12062,2016-04-03 13:41:00,2016-04-03,B2.2,"(0, 0)",12528,2016-04-03 13:38:00,2016-04-03 13:35:00,"(-12.086591761163014, 6.0)",6.0,-12.086591761163016,0.10452846326765347,-0.2082426794764861,"(-12.086591761163014, 6.0)",-200.61020258665394,204.7766728653386,1140.6012455480418,1156.4011146819935
10195,12094,2016-04-11 18:41:00,2016-04-11,C1.0,"(-55, 7)",12529,2016-04-11 18:34:00,2016-04-11 18:28:00,"(-55, 7)",7.0,-55.0,0.12186934340514748,-0.8130462091681605,"(-31.184610395353065, 9.0)",-779.9820899081396,172.37297312250655,288.17876675616264,281.76567858463955
10213,12115,2016-04-15 08:18:00,2016-04-15,B6.8,"(0, 0)",12529,2016-04-15 08:15:00,2016-04-15 08:11:00,"(17.83195693816181, 10.0)",10.0,17.83195693816181,0.17364817766693033,0.3015740454101118,"(17.83195693816181, 10.0)",289.47826611439746,253.55663889074887,1252.9980161200049,1246.3412078283802
10219,12123,2016-04-16 19:23:00,2016-04-16,C1.4,"(16, 10)",12529,2016-04-16 19:20:00,2016-04-16 19:14:00,"(16, 10)",10.0,16.0,0.17364817766693033,0.2714498050283654,"(34.26677183295897, 10.0)",260.50227107023886,253.11911013491576,353.5581464380548,315.63655375046386
10239,12144,2016-04-20 07:46:00,2016-04-20,B4.7,"(0, 0)",12529,2016-04-20 07:41:00,2016-04-20 07:31:00,"(85.50006494644968, 10.0)",10.0,85.50006494644968,0.17364817766693033,0.98177200695657,"(85.50006494644968, 10.0)",937.3772021682361,171.77539449088363,204.11988448251446,
10243,12148,2016-04-21 04:54:00,2016-04-21,B3.5,"(0, 0)",12532,2016-04-21 04:39:00,2016-04-21 04:28:00,"(-10.269840673047458, 6.0)",6.0,-10.269840673047456,0.10452846326765347,-0.1773076333870363,"(-10.269840673047458, 6.0)",-169.95635335310908,183.01303112012062,1112.4175631752469,
10260,12171,2016-04-27 15:55:00,2016-04-27,B4.9,"(47, -9)",12537,2016-04-27 15:48:00,2016-04-27 15:43:00,"(47, -9)",-9.0,47.0,-0.15643446504023087,0.72234952394035,"(45.18788706164525, -7.0)",690.3745858555666,-98.11139756964509,314.88733273652815,331.8099655148469
10261,12172,2016-04-27 19:27:00,2016-04-27,B6.9,"(0, 0)",12537,2016-04-27 19:23:00,2016-04-27 19:18:00,"(47.290741292836856, -7.0)",-7.0,47.290741292836856,-0.12186934340514748,0.7293278733631892,"(47.290741292836856, -7.0)",697.0339344688183,-65.2076318849256,289.17154697510875,
10262,12173,2016-04-27 21:26:00,2016-04-27,B7.5,"(0, 0)",12532,2016-04-27 21:19:00,2016-04-27 21:13:00,"(80.42388256264478, 5.0)",5.0,80.42388256264478,0.08715574274765818,0.9823131887227234,"(80.42388256264478, 5.0)",936.5472941390371,95.33403850112168,1785.1530173464816,
10280,12192,2016-04-30 04:42:00,2016-04-30,B4.7,"(0, 0)",12535,2016-04-30 04:34:00,2016-04-30 04:29:00,"(0.6812317404480157, 6.0)",6.0,0.6812317404480157,0.10452846326765347,0.01182432502025111,"(0.6812317404480157, 6.0)",11.307695304368306,170.06450873601412,970.1996700758593,975.8239696480028
10284,12196,2016-04-30 12:38:00,2016-04-30,B4.7,"(0, 0)",12536,2016-04-30 12:35:00,2016-04-30 12:32:00,"(-8.644155535547235, 16.0)",16.0,-8.644155535547235,0.2756373558169992,-0.1444750311864299,"(-8.644155535547235, 16.0)",-138.1263127270131,330.04001797362673,492.8762497705186,514.5449395509468
10300,12213,2016-05-03 23:15:00,2016-05-03,B3.1,"(0, 0)",12539,2016-05-03 23:13:00,2016-05-03 23:10:00,"(4.54412363478727, 16.0)",16.0,4.544123634787269,0.2756373558169992,0.07615768921021708,"(4.54412363478727, 16.0)",72.75789214386783,325.61239709149504,1010.606080655394,1015.0876385698741
10336,12251,2016-05-14 17:43:00,2016-05-14,B8.4,"(0, 0)",12543,2016-05-14 17:41:00,2016-05-14 17:37:00,"(65.28976081517001, -5.0)",-5.0,65.28976081517001,-0.08715574274765818,0.904976623363042,"(65.28976081517001, -5.0)",860.3144365850342,-63.76692822967308,,
10339,12256,2016-05-15 05:05:00,2016-05-15,C1.3,"(-33, 21)",12544,2016-05-15 05:02:00,2016-05-15 04:57:00,"(-33, 21)",21.0,-33.0,0.3583679495453003,-0.5084643425963534,"(3.9052637060576867, 21.0)",-484.04221920900454,375.0809125984503,,524.5595828697454
10355,12272,2016-05-17 07:57:00,2016-05-17,B7.0,"(0, 0)",12542,2016-05-17 07:54:00,2016-05-17 07:50:00,"(94.62314294955297, 11.0)",11.0,94.62314294955296,0.1908089953765448,0.9784333643267212,"(94.62314294955297, 11.0)",927.4030136041846,177.5454566809332,439.51431317184733,460.3837977629922
10356,12273,2016-05-17 20:13:00,2016-05-17,B4.1,"(0, 0)",12544,2016-05-17 20:11:00,2016-05-17 20:07:00,"(38.80141531014359, 22.0)",22.0,38.8014153101436,0.374606593415912,0.5809947862089901,"(38.80141531014359, 22.0)",552.7100936798261,384.94022276165157,1460.6389556659053,
10384,12314,2016-05-28 21:25:00,2016-05-28,B2.8,"(0, 0)",12549,2016-05-28 21:23:00,2016-05-28 21:19:00,"(-19.526656656765788, -14.0)",-14.0,-19.52665665676579,-0.2419218955996677,-0.3243168673099916,"(-19.526656656765788, -14.0)",-308.1900435514399,-212.92921855613008,1298.1469845970032,
10408,12351,2016-06-11 13:32:00,2016-06-11,B4.2,"(25, 8)",12554,2016-06-11 13:28:00,2016-06-11 13:24:00,"(25, 8)",8.0,25.0,0.13917310096006544,0.4185053698688819,"(26.822116257353876, 8.0)",396.8765031229152,123.47429280297212,476.6254724561107,490.5814211000818
10430,12380,2016-06-17 05:40:00,2016-06-17,B2.7,"(0, 0)",12556,2016-06-17 05:19:00,2016-06-17 04:56:00,"(-82.97408476568445, 5.0)",5.0,-82.97408476568445,0.08715574274765818,-0.9887142002381418,"(-82.97408476568445, 5.0)",-933.7763107354476,79.70257661474577,,1760.6549699945285
10438,12388,2016-06-18 14:39:00,2016-06-18,B3.1,"(0, 0)",12556,2016-06-18 14:35:00,2016-06-18 14:30:00,"(-62.531095354693775, 5.0)",5.0,-62.53109535469378,0.08715574274765818,-0.8838850039222321,"(-62.531095354693775, 5.0)",-836.0017128996105,71.7328931105577,1769.3221543874245,1182.1919498826865
10506,12469,2016-07-20 03:38:00,2016-07-20,C2.5,"(18, 7)",12565,2016-07-20 03:35:00,2016-07-20 03:32:00,"(18, 7)",7.0,18.0,0.12186934340514748,0.30671362855862205,"(37.10388621969461, 6.0)",290.72240700845157,39.91349066379461,231.71506595224523,208.11747372244406
10555,12522,2016-07-24 10:35:00,2016-07-24,C1.0,"(-84, 3)",12567,2016-07-24 10:32:00,2016-07-24 10:28:00,"(-84, 3)",3.0,-84.0,0.052335956242943835,-0.9931589376748556,"(86.18699515781675, 5.0)",-938.0341361397768,40.34422731540415,1877.7093419984146,
10568,12547,2016-08-04 22:30:00,2016-08-04,B1.4,"(0, 0)",12572,2016-08-04 22:28:00,2016-08-04 22:24:00,"(31.08645089277745, 13.0)",13.0,31.08645089277745,0.224951054343865,0.5030973017010428,"(31.08645089277745, 13.0)",477.377223078728,129.33996141876872,,
10569,12548,2016-08-04 22:56:00,2016-08-04,B2.0,"(31, 14)",12572,2016-08-04 22:54:00,2016-08-04 22:49:00,"(31, 14)",14.0,31.0,0.2419218955996677,0.4997392429546421,"(31.339552901124566, 13.0)",474.18879729170175,145.62572292856925,,
10570,12549,2016-08-05 00:11:00,2016-08-05,B1.6,"(0, 0)",12572,2016-08-05 00:09:00,2016-08-05 00:06:00,"(32.06965484827972, 13.0)",13.0,32.06965484827972,0.224951054343865,0.5173416396626062,"(32.06965484827972, 13.0)",490.943568853608,129.28638456940075,,
10571,12550,2016-08-05 00:46:00,2016-08-05,B8.8,"(33, 14)",12572,2016-08-05 00:44:00,2016-08-05 00:39:00,"(33, 14)",14.0,33.0,0.2419218955996677,0.5284609280381636,"(32.41036909028546, 13.0)",501.47222584231804,146.49247720194919,,
10572,12551,2016-08-05 00:58:00,2016-08-05,B2.3,"(0, 0)",12572,2016-08-05 00:56:00,2016-08-05 00:53:00,"(32.52718540183028, 13.0)",13.0,32.52718540183028,0.224951054343865,0.5239185069329768,"(32.52718540183028, 13.0)",497.1753621612388,129.7017545058476,,
10573,12552,2016-08-05 02:27:00,2016-08-05,B5.2,"(0, 0)",12572,2016-08-05 02:24:00,2016-08-05 02:19:00,"(33.38383835315899, 13.0)",13.0,33.383838353158986,0.224951054343865,0.5361424797734714,"(33.38383835315899, 13.0)",508.75687750764956,130.49347746111852,,
10574,12553,2016-08-05 03:57:00,2016-08-05,B3.4,"(0, 0)",12572,2016-08-05 03:55:00,2016-08-05 03:50:00,"(34.26969538237391, 13.0)",13.0,34.26969538237391,0.224951054343865,0.5486570985975755,"(34.26969538237391, 13.0)",520.6122399480038,131.33123576895406,,
10575,12554,2016-08-05 04:36:00,2016-08-05,B2.8,"(34, 11)",12572,2016-08-05 04:34:00,2016-08-05 04:29:00,"(34, 11)",11.0,34.0,0.1908089953765448,0.5489189548379108,"(34.64934839489459, 13.0)",520.8725132929086,98.25557791748264,,
10580,12559,2016-08-05 12:25:00,2016-08-05,B1.7,"(0, 0)",12572,2016-08-05 12:23:00,2016-08-05 12:20:00,"(39.21491923777146, 13.0)",13.0,39.21491923777146,0.224951054343865,0.6160270275560943,"(39.21491923777146, 13.0)",584.4037503699659,136.35401564138073,,
10584,12564,2016-08-07 02:00:00,2016-08-07,B5.5,"(0, 0)",12571,2016-08-07 01:58:00,2016-08-07 01:54:00,"(5.1498544774033235, 12.0)",12.0,5.149854477403324,0.20791169081775931,0.08779945114837574,"(5.1498544774033235, 12.0)",83.40053578158032,96.25952184058848,741.992107277453,
10587,12572,2016-08-07 15:16:00,2016-08-07,C8.5,"(-82, 9)",12572,2016-08-07 15:09:00,2016-08-07 15:03:00,"(-82, 9)",9.0,-82.0,0.15643446504023087,-0.9780762255597134,"(66.83087821414153, 13.0)",-925.4975002462288,133.08979321630113,,
10590,12576,2016-08-08 01:29:00,2016-08-08,B7.8,"(0, 0)",12571,2016-08-08 01:23:00,2016-08-08 01:19:00,"(19.808795945970132, 12.0)",12.0,19.80879594597013,0.20791169081775931,0.3314769659878457,"(19.808795945970132, 12.0)",314.8410611115667,100.82887691361891,692.1507701747247,
10591,12578,2016-08-08 07:43:00,2016-08-08,C1.6,"(-77, 10)",12574,2016-08-08 07:37:00,2016-08-08 07:34:00,"(-77, 10)",10.0,-77.0,0.17364817766693033,-0.9595671941035072,"(-67.53276444558658, 8.0)",-908.482742535125,140.51203092659304,1855.757441333259,
10593,12580,2016-08-08 09:27:00,2016-08-08,C3.1,"(-73, 6)",12574,2016-08-08 09:21:00,2016-08-08 09:05:00,"(-73, 6)",6.0,-73.0,0.10452846326765347,-0.951066018450052,"(-66.51615066515114, 8.0)",-900.6875594755684,68.32361017830165,1805.0423520377806,
10596,12583,2016-08-08 16:18:00,2016-08-08,B9.8,"(-68, 8)",12574,2016-08-08 15:13:00,2016-08-08 14:53:00,"(-68, 8)",8.0,-68.0,0.13917310096006544,-0.9181605650302176,"(-70.12450992430298, 14.0)",-869.858962034823,92.6778702413805,1778.2430420944022,
10615,12606,2016-08-13 06:27:00,2016-08-13,B2.5,"(0, 0)",12574,2016-08-13 06:15:00,2016-08-13 06:09:00,"(-3.327689527078178, 4.0)",4.0,-3.327689527078178,0.0697564737441253,-0.057905093940757026,"(-3.327689527078178, 4.0)",-55.06103348873239,-42.1782921402567,254.24718157112625,213.5689457339326
10639,12635,2016-08-29 07:40:00,2016-08-29,B5.2,"(0, 0)",12585,2016-08-29 07:31:00,2016-08-29 07:26:00,"(-108.81998765869915, 8.0)",8.0,-108.81998765869915,0.13917310096006544,-0.9373251491054909,"(-108.81998765869915, 8.0)",-888.8085443208638,168.61562341221818,1411.1181352821968,
10640,12636,2016-08-29 10:44:00,2016-08-29,B5.1,"(0, 0)",12585,2016-08-29 10:39:00,2016-08-29 10:35:00,"(-106.982262747912, 8.0)",8.0,-106.982262747912,0.13917310096006544,-0.9470876481112884,"(-106.982262747912, 8.0)",-898.1894399568091,165.07434850748456,1645.627653615627,1627.408338466509
10647,12643,2016-08-31 08:26:00,2016-08-31,C1.1,"(0, 0)",12585,2016-08-31 08:19:00,2016-08-31 08:12:00,"(-80.19839968643988, 8.0)",8.0,-80.19839968643987,0.13917310096006544,-0.9758132683622756,"(-80.19839968643988, 8.0)",-927.7902340907985,111.24672806491894,1855.4483870079584,1860.830685857381
10651,12648,2016-09-02 06:22:00,2016-09-02,B5.9,"(-57, 11)",12585,2016-09-02 06:20:00,2016-09-02 06:16:00,"(-57, 11)",11.0,-57.0,0.1908089953765448,-0.8232618274527194,"(-52.28332740533576, 7.0)",-784.4538950530705,116.42330210152434,1314.5960284418638,
10659,12656,2016-09-07 02:38:00,2016-09-07,B3.0,"(0, 0)",12585,2016-09-07 02:34:00,2016-09-07 02:28:00,"(12.506230472574455, 7.0)",7.0,12.506230472574456,0.12186934340514748,0.2149316779061684,"(12.506230472574455, 7.0)",205.45741935186436,-1.334870194944826,342.2880892714648,
10669,12666,2016-09-08 06:46:00,2016-09-08,B4.1,"(0, 0)",12585,2016-09-08 06:42:00,2016-09-08 06:37:00,"(28.929603266683138, 8.0)",8.0,28.929603266683134,0.13917310096006544,0.479026976550817,"(28.929603266683138, 8.0)",457.81877280325244,27.388221028600768,1091.6152731284615,
10682,12679,2016-09-10 13:50:00,2016-09-10,B2.3,"(0, 0)",12585,2016-09-10 13:39:00,2016-09-10 13:36:00,"(57.92964271489993, 8.0)",8.0,57.929642714899934,0.13917310096006544,0.839149927183875,"(57.92964271489993, 8.0)",801.1611761372131,68.47350973408676,705.5410613079576,687.6403353791543
10690,12687,2016-09-15 03:26:00,2016-09-15,B2.3,"(0, 0)",12591,2016-09-15 03:20:00,2016-09-15 03:15:00,"(40.958565585558304, 4.0)",4.0,40.958565585558304,0.0697564737441253,0.6539162795505382,"(40.958565585558304, 4.0)",625.7828585348421,-24.172319072915954,1574.4080722249287,
10691,12690,2016-09-16 13:58:00,2016-09-16,B2.9,"(36, 15)",0,2016-09-16 12:21:00,2016-09-16 12:03:00,"(36, 15)",15.0,36.0,0.25881904510252074,0.5677569555011356,,543.6082928256963,152.23906687898543,1418.293736249392,
10705,12705,2016-09-21 13:46:00,2016-09-21,B7.2,"(25, 7)",12593,2016-09-21 13:38:00,2016-09-21 13:34:00,"(25, 7)",7.0,25.0,0.12186934340514748,0.4194681293040762,"(25.913408238836986, 6.0)",402.3603865426397,9.649278320861804,551.7724729285501,561.7847215957999
10728,12731,2016-09-25 04:29:00,2016-09-25,B3.2,"(0, 0)",12597,2016-09-25 04:22:00,2016-09-25 04:12:00,"(15.55048946872866, -13.0)",-13.0,15.550489468728658,-0.224951054343865,0.2612163670830575,"(15.55048946872866, -13.0)",250.83421726037128,-323.59115233701027,802.5111837757753,
10732,12735,2016-09-26 04:08:00,2016-09-26,B4.2,"(0, 0)",12597,2016-09-26 03:59:00,2016-09-26 03:53:00,"(27.32659153826775, -13.0)",-13.0,27.32659153826775,-0.224951054343865,0.447296193826799,"(27.32659153826775, -13.0)",429.4922766263185,-314.5693723193043,664.6954192079129,672.6371299153167
10735,12738,2016-09-27 00:07:00,2016-09-26,B3.4,"(0, 0)",12597,2016-09-26 23:54:00,2016-09-26 23:46:00,"(39.941656433499396, -14.0)",-14.0,39.941656433499396,-0.2419218955996677,0.6229368649213439,"(39.941656433499396, -14.0)",597.7991136493465,-316.48355709874374,,
10736,12741,2016-09-27 08:05:00,2016-09-27,C1.0,"(30, -14)",12597,2016-09-27 07:48:00,2016-09-27 07:33:00,"(30, -14)",-14.0,30.0,-0.2419218955996677,0.4851478631379982,"(44.55079818704706, -14.0)",465.9086081490866,-327.34889026331757,178.0327916943082,187.23482437798108
10776,12809,2016-11-04 13:21:00,2016-11-04,B2.2,"(0, 0)",12605,2016-11-04 12:47:00,2016-11-04 12:26:00,"(27.42133582468221, 8.0)",8.0,27.421335824682213,0.13917310096006544,0.4560485081221092,"(27.42133582468221, 8.0)",442.81627440964263,74.58961312893943,176.57856327251997,
10794,12832,2016-11-27 14:05:00,2016-11-27,B3.1,"(0, 0)",12613,2016-11-27 14:02:00,2016-11-27 13:55:00,"(45.17277137722723, 12.0)",12.0,45.17277137722723,0.20791169081775931,0.6937372899907571,"(45.17277137722723, 12.0)",676.410858141996,186.74658803368476,1089.4162011070198,1100.8666985728007
10881,12951,2017-01-20 08:44:00,2017-01-20,B2.7,"(-61, 12)",12628,2017-01-20 08:36:00,2017-01-20 07:51:00,"(-61, 12)",12.0,-61.0,0.20791169081775931,-0.8555071680929037,"(-58.00394522983619, 12.0)",-835.5250329389037,242.97823994594492,,
10915,12988,2017-01-25 22:56:00,2017-01-25,B2.2,"(0, 0)",12629,2017-01-25 22:52:00,2017-01-25 22:48:00,"(-44.66042999868133, 15.0)",15.0,-44.66042999868132,0.25881904510252074,-0.6789527772693984,"(-44.66042999868133, 15.0)",-663.3978115785567,315.8991209844854,912.8951391353148,933.2930944064358
10946,13023,2017-02-21 06:50:00,2017-02-21,B2.8,"(0, 0)",12638,2017-02-21 06:45:00,2017-02-21 06:41:00,"(-54.083246217387355, 18.0)",18.0,-54.08324621738736,0.3090169943749474,-0.7702322791903412,"(-54.083246217387355, 18.0)",-748.6619681600587,364.6692777573918,1500.6279167726145,
10971,13051,2017-03-03 07:46:00,2017-03-03,B1.7,"(0, 0)",12641,2017-03-03 07:32:00,2017-03-03 06:55:00,"(0.38991705005826116, 15.0)",15.0,0.3899170500582612,0.25881904510252074,0.006573399381989066,"(0.38991705005826116, 15.0)",6.3865471848784034,367.7115119003178,1302.6012748600117,
11011,13172,2017-03-28 15:56:00,2017-03-28,B2.1,"(0, 0)",12645,2017-03-28 15:51:00,2017-03-28 15:46:00,"(-48.7769155930296, -9.0)",-9.0,-48.77691559302961,-0.15643446504023087,-0.7428892545654977,"(-48.7769155930296, -9.0)",-715.9666854025545,-76.05763065584006,1618.6876759549111,672.5948269574002
11020,13181,2017-03-30 07:10:00,2017-03-30,B2.6,"(0, 0)",12645,2017-03-30 07:03:00,2017-03-30 06:58:00,"(-24.870873161934455, -10.0)",-10.0,-24.870873161934448,-0.17364817766693033,-0.4141851807589135,"(-24.870873161934455, -10.0)",-399.4007520515197,-66.58459212047306,1364.8053668896569,1364.8499644638564
11027,13189,2017-03-31 13:44:00,2017-03-31,B3.2,"(0, 0)",12644,2017-03-31 13:42:00,2017-03-31 13:39:00,"(30.97788078783683, 12.0)",12.0,30.977880787836828,0.20791169081775931,0.5034595388728439,"(30.97788078783683, 12.0)",485.12701319061,291.8459820362275,703.611577943139,724.9385676733506
11028,13190,2017-03-31 14:52:00,2017-03-31,B3.7,"(0, 0)",12648,2017-03-31 14:47:00,2017-03-31 14:41:00,"(-91.52216297149135, -3.0)",-3.0,-91.52216297149135,-0.052335956242943835,-0.998277142861976,"(-91.52216297149135, -3.0)",-958.208321688312,-52.827598055658186,844.1383479828899,845.3309591325328
11030,13192,2017-03-31 19:23:00,2017-03-31,B2.9,"(0, 0)",12644,2017-03-31 19:19:00,2017-03-31 19:12:00,"(34.26178721906497, 12.0)",12.0,34.26178721906497,0.20791169081775931,0.550672612859691,"(34.26178721906497, 12.0)",530.5463234041082,288.4605235578804,696.3594315664667,723.3754600830933
11033,13195,2017-04-01 01:53:00,2017-04-01,B5.0,"(0, 0)",12647,2017-04-01 01:47:00,2017-04-01 01:38:00,"(0.04362087679782256, 11.0)",11.0,0.04362087679782256,0.1908089953765448,0.0007473401122727606,"(0.04362087679782256, 11.0)",0.7204099770765716,290.5686800621553,332.36196803686283,331.185179005387
11057,13220,2017-04-03 04:31:00,2017-04-03,C2.3,"(71, 12)",12644,2017-04-03 04:26:00,2017-04-03 04:19:00,"(71, 12)",12.0,71.0,0.20791169081775931,0.9248567261717172,"(67.59204483889224, 12.0)",888.2814517065184,232.6947107757763,,522.0268064992432
11063,13226,2017-04-03 12:26:00,2017-04-03,C2.6,"(0, 0)",12645,2017-04-03 12:20:00,2017-04-03 12:16:00,"(33.166929582397444, -10.0)",-10.0,33.166929582397444,-0.17364817766693033,0.5387687853167482,"(33.166929582397444, -10.0)",518.7818978055461,-77.23283128740901,495.39719931896286,502.1519291534985
11073,13237,2017-04-04 06:19:00,2017-04-04,C1.1,"(76, 13)",12644,2017-04-04 06:16:00,2017-04-04 06:09:00,"(76, 13)",13.0,76.0,0.224951054343865,0.9454271096723796,"(82.6602444284045, 13.0)",907.4289460543821,239.6892605152744,474.8917328903356,485.63016181129024
11117,13291,2017-04-11 18:54:00,2017-04-11,B1.0,"(0, 0)",12650,2017-04-11 18:50:00,2017-04-11 18:46:00,"(-43.023574502872194, 11.0)",11.0,-43.023574502872194,0.1908089953765448,-0.6697634613776384,"(-43.023574502872194, 11.0)",-643.0286863045012,253.1891812203238,384.7577512311202,
11120,13298,2017-04-17 01:46:00,2017-04-17,B3.6,"(0, 0)",12651,2017-04-17 01:39:00,2017-04-17 01:28:00,"(-94.09953645473425, 12.0)",12.0,-94.09953645473423,0.20791169081775931,-0.9756448744679582,"(-94.09953645473425, 12.0)",-931.7061038320844,191.30606224225443,192.2643124479981,
11126,13304,2017-04-17 19:06:00,2017-04-17,B5.7,"(0, 0)",12651,2017-04-17 18:53:00,2017-04-17 18:46:00,"(-84.0236929832509, 12.0)",12.0,-84.02369298325091,0.20791169081775931,-0.9728314027640924,"(-84.0236929832509, 12.0)",-929.7554202502397,207.05234211671325,192.39053092253369,216.08780337408075
11129,13307,2017-04-18 00:32:00,2017-04-18,B2.4,"(0, 0)",12651,2017-04-18 00:28:00,2017-04-18 00:24:00,"(-80.7592756109618, 12.0)",12.0,-80.7592756109618,0.20791169081775931,-0.9654535691823783,"(-80.7592756109618, 12.0)",-922.6797407088497,211.87301775796655,,
11156,13338,2017-04-25 05:50:00,2017-04-25,B1.0,"(0, 0)",12651,2017-04-25 05:42:00,2017-04-25 05:39:00,"(12.335685419297713, 11.0)",11.0,12.335685419297711,0.1908089953765448,0.20971372843509326,"(12.335685419297713, 11.0)",200.7819887281799,258.08928226132815,245.17066919352945,
11157,13339,2017-04-25 07:14:00,2017-04-25,B1.2,"(0, 0)",12651,2017-04-25 07:01:00,2017-04-25 06:56:00,"(13.106209244223209, 11.0)",11.0,13.106209244223207,0.1908089953765448,0.22259069544483012,"(13.106209244223209, 11.0)",213.10764968474768,257.8553171856118,840.6733361380868,
11158,13340,2017-04-25 20:37:00,2017-04-25,B7.2,"(0, 0)",12651,2017-04-25 20:25:00,2017-04-25 20:14:00,"(20.90300478026606, 11.0)",11.0,20.90300478026606,0.1908089953765448,0.350231809657916,"(20.90300478026606, 11.0)",335.2501517693899,254.7141531606971,189.83217690139466,220.63139820739232
11165,13347,2017-04-30 18:37:00,2017-04-30,B1.9,"(0, 0)",12651,2017-04-30 18:32:00,2017-04-30 18:27:00,"(86.80702081777481, 13.0)",13.0,86.80702081777481,0.224951054343865,0.9728574496289458,"(86.80702081777481, 13.0)",926.3341651129408,217.44520343711784,167.83691761303896,
11166,13348,2017-04-30 23:50:00,2017-04-30,B1.1,"(0, 0)",12651,2017-04-30 23:48:00,2017-04-30 23:44:00,"(89.88318368845518, 13.0)",13.0,89.88318368845518,0.224951054343865,0.9743680396431426,"(89.88318368845518, 13.0)",927.5492439811565,213.68793732577652,1858.3240695214536,
11261,13451,2017-06-05 18:50:00,2017-06-05,B3.0,"(0, 0)",12661,2017-06-05 18:44:00,2017-06-05 18:38:00,"(-16.092223467086033, 6.0)",6.0,-16.092223467086033,0.10452846326765347,-0.27566580362487764,"(-16.092223467086033, 6.0)",-261.70266743670254,102.12365069369059,1174.2207141217864,1156.4618106937723
11263,13455,2017-06-06 05:16:00,2017-06-06,B1.0,"(0, 0)",12661,2017-06-06 05:14:00,2017-06-06 05:11:00,"(-9.927347567515778, 6.0)",6.0,-9.927347567515778,0.10452846326765347,-0.17145485709276875,"(-9.927347567515778, 6.0)",-162.7674078616792,100.23493167156643,1078.7037501293016,
11264,13456,2017-06-06 09:34:00,2017-06-06,B1.6,"(0, 0)",12661,2017-06-06 09:31:00,2017-06-06 09:27:00,"(-7.412469621183149, 6.0)",6.0,-7.412469621183148,0.10452846326765347,-0.1283046787772863,"(-7.412469621183149, 6.0)",-121.80730652407874,100.24471710827697,1038.4203670236948,
11272,13472,2017-06-11 02:23:00,2017-06-11,B1.5,"(0, 0)",12661,2017-06-11 01:44:00,2017-06-11 01:07:00,"(51.185660585468646, 7.0)",7.0,51.185660585468646,0.12186934340514748,0.7733732224772137,"(51.185660585468646, 7.0)",732.542808417143,109.86334881294476,283.7383290512845,
11284,13486,2017-06-19 04:36:00,2017-06-19,B3.0,"(0, 0)",12663,2017-06-19 04:29:00,2017-06-19 04:24:00,"(43.621278427300794, 12.0)",12.0,43.621278427300794,0.20791169081775931,0.6748127205174396,"(43.621278427300794, 12.0)",638.9509724926478,179.2941612183663,1544.4359565968282,1524.1612494492795
11286,13488,2017-06-19 16:09:00,2017-06-19,B5.0,"(0, 0)",12663,2017-06-19 16:05:00,2017-06-19 15:58:00,"(50.37602100135071, 13.0)",13.0,50.37602100135071,0.224951054343865,0.7505050399414059,"(50.37602100135071, 13.0)",710.3390679349169,197.48679430669165,1614.711028479909,1594.5577717050087
11290,13492,2017-06-26 07:33:00,2017-06-26,B1.3,"(0, 0)",12664,2017-06-26 07:28:00,2017-06-26 07:23:00,"(-2.667393346640827, 18.0)",18.0,-2.667393346640827,0.3090169943749474,-0.04426025048274524,"(-2.667393346640827, 18.0)",-41.938224747400454,256.2956089661829,,
11298,13500,2017-07-03 07:12:00,2017-07-03,B1.9,"(0, 0)",12664,2017-07-03 07:10:00,2017-07-03 07:06:00,"(89.15852870746528, 18.0)",18.0,89.15852870746528,0.3090169943749474,0.9509539506615056,"(89.15852870746528, 18.0)",897.0933338787498,290.37899296362946,,
11299,13501,2017-07-03 07:34:00,2017-07-03,B1.3,"(0, 0)",12664,2017-07-03 07:31:00,2017-07-03 07:28:00,"(89.36161964434149, 18.0)",18.0,89.36161964434149,0.3090169943749474,0.9509974845529148,"(89.36161964434149, 18.0)",897.1205911477376,290.5459913081187,,
11300,13502,2017-07-03 09:08:00,2017-07-03,B2.4,"(0, 0)",12664,2017-07-03 09:00:00,2017-07-03 08:47:00,"(90.22233837681686, 18.0)",18.0,90.22233837681686,0.3090169943749474,0.9510493555308096,"(90.22233837681686, 18.0)",897.1109905808014,291.25373795703933,,257.5799188870866
11301,13503,2017-07-03 10:04:00,2017-07-03,B2.2,"(0, 0)",12664,2017-07-03 09:50:00,2017-07-03 09:43:00,"(90.70588822652212, 18.0)",18.0,90.70588822652212,0.3090169943749474,0.9509843395242202,"(90.70588822652212, 18.0)",897.0167856485081,291.65130060008994,,257.98747369188703
11302,13504,2017-07-03 11:03:00,2017-07-03,B2.7,"(0, 0)",12664,2017-07-03 10:51:00,2017-07-03 10:31:00,"(91.29581904316255, 18.0)",18.0,91.29581904316255,0.3090169943749474,0.9508132951834252,"(91.29581904316255, 18.0)",896.8153552928669,292.13622931134347,,
11303,13505,2017-07-03 11:29:00,2017-07-03,B2.6,"(0, 0)",12664,2017-07-03 11:25:00,2017-07-03 11:21:00,"(91.62463294096213, 18.0)",18.0,91.62463294096213,0.3090169943749474,0.9506742090962259,"(91.62463294096213, 18.0)",896.6618304962248,292.4064531639631,,
11357,13578,2017-07-13 16:50:00,2017-07-13,B3.4,"(0, 0)",12665,2017-07-13 16:44:00,2017-07-13 16:41:00,"(25.735607233490505, -7.0)",-7.0,25.735607233490505,-0.12186934340514748,0.4309823847679773,"(25.735607233490505, -7.0)",408.22793822513063,-176.18004338097407,351.1278998808715,323.959968751326
11372,13593,2017-07-15 04:01:00,2017-07-15,C1.0,"(29, -6)",12665,2017-07-15 03:55:00,2017-07-15 03:46:00,"(29, -6)",-6.0,29.0,-0.10452846326765347,0.48215378242016,"(45.29959656571271, -6.0)",456.6819482232759,-160.9196808220691,218.3317869308776,276.2397856727495
11400,13625,2017-07-18 04:41:00,2017-07-18,B5.6,"(0, 0)",12665,2017-07-18 04:35:00,2017-07-18 04:31:00,"(88.69101725774892, -6.0)",-6.0,88.69101725774892,-0.10452846326765347,0.9942623650852694,"(88.69101725774892, -6.0)",938.2235388620544,-100.04166536344782,,
11453,13715,2017-08-18 08:54:00,2017-08-18,B9.5,"(-49, 12)",12671,2017-08-18 08:52:00,2017-08-18 08:49:00,"(-49, 12)",12.0,-49.0,0.20791169081775931,-0.7382173651457221,"(-28.81115601442578, 11.0)",-701.466185839945,124.18836672298477,182.30214214358858,202.85121091526116
11455,13717,2017-08-18 14:02:00,2017-08-18,B8.1,"(-49, 12)",12671,2017-08-18 13:51:00,2017-08-18 13:44:00,"(-49, 12)",12.0,-49.0,0.20791169081775931,-0.7382173651457221,"(-27.939860878223122, 11.0)",-701.466185839945,124.18836672298477,311.45222647145516,279.5497630004751
11460,13722,2017-08-19 09:12:00,2017-08-19,C1.1,"(0, 0)",12671,2017-08-19 09:06:00,2017-08-19 08:59:00,"(-16.674607488489617, 11.0)",11.0,-16.674607488489617,0.1908089953765448,-0.2816641785525877,"(-16.674607488489617, 11.0)",-268.0569070931597,73.99336084879107,673.491266925667,673.791645985307
11476,13738,2017-08-21 01:07:00,2017-08-21,B4.9,"(3, 11)",12671,2017-08-21 01:02:00,2017-08-21 00:50:00,"(3, 11)",11.0,3.0,0.1908089953765448,0.05137439731980114,"(6.604160827110221, 12.0)",48.92059484657586,68.21320945896532,975.0829024825512,
11480,13742,2017-08-21 07:46:00,2017-08-21,B9.3,"(0, 0)",12671,2017-08-21 07:40:00,2017-08-21 07:22:00,"(10.482483555979055, 12.0)",12.0,10.482483555979057,0.20791169081775931,0.1779592022230983,"(10.482483555979055, 12.0)",169.44654962801675,86.48661507219124,1087.1404456802702,
11486,13750,2017-08-22 07:11:00,2017-08-22,B6.3,"(21, 10)",12671,2017-08-22 07:08:00,2017-08-22 07:02:00,"(21, 10)",10.0,21.0,0.17364817766693033,0.3529235351432995,"(22.17448350719129, 11.0)",336.03772789971174,58.3851718668201,1066.7937957761235,
11494,13759,2017-08-22 23:32:00,2017-08-22,B4.0,"(0, 0)",12671,2017-08-22 23:28:00,2017-08-22 23:23:00,"(30.687631066623883, 10.0)",10.0,30.687631066623887,0.17364817766693033,0.502603808416508,"(30.687631066623883, 10.0)",478.3971039277294,66.70141450870686,1184.01374795211,1207.656224446672
11510,13776,2017-08-25 07:46:00,2017-08-25,C5.5,"(-19, 5)",12672,2017-08-25 07:27:00,2017-08-25 07:15:00,"(-19, 5)",5.0,-19.0,0.08715574274765818,-0.32432926933773404,"(-16.62801934259233, 7.0)",-309.02519109633886,-27.512296674651846,965.7037833407343,
11522,13788,2017-08-27 00:38:00,2017-08-27,B1.6,"(0, 0)",12672,2017-08-27 00:29:00,2017-08-27 00:11:00,"(7.283640803277008, 7.0)",7.0,7.283640803277008,0.12186934340514748,0.12583638659409335,"(7.283640803277008, 7.0)",119.97793330026762,-0.5720870619599596,803.8108578712632,
11529,13796,2017-08-27 18:30:00,2017-08-27,B3.5,"(0, 0)",12671,2017-08-27 18:11:00,2017-08-27 17:46:00,"(89.60259227257137, 13.0)",13.0,89.60259227257137,0.224951054343865,0.9743466268394,"(89.60259227257137, 13.0)",924.8848752615542,211.1056824629324,1896.1159764152842,1897.593630405835
11531,13798,2017-08-28 06:20:00,2017-08-28,B2.7,"(0, 0)",12672,2017-08-28 06:16:00,2017-08-28 06:12:00,"(23.67754972524672, 7.0)",7.0,23.67754972524672,0.12186934340514748,0.398595577410142,"(23.67754972524672, 7.0)",379.9933429157033,7.942236426671969,574.9121983110299,
11553,13828,2017-08-31 14:44:00,2017-08-31,B3.1,"(0, 0)",12672,2017-08-31 14:42:00,2017-08-31 14:39:00,"(64.5423597162562, 7.0)",7.0,64.5423597162562,0.12186934340514748,0.8961732171728901,"(64.5423597162562, 7.0)",853.0594720375583,64.35584300416448,1664.6122874360558,1663.66534537268
11556,13831,2017-09-01 01:32:00,2017-09-01,B4.9,"(0, 0)",12674,2017-09-01 01:29:00,2017-09-01 01:26:00,"(-52.133612356042555, 13.0)",13.0,-52.13361235604257,0.224951054343865,-0.7692109104552952,"(-52.133612356042555, 13.0)",-733.0010549679173,141.30110031172225,1629.8812528614542,1615.773484353724
11558,13833,2017-09-01 06:48:00,2017-09-01,B4.6,"(0, 0)",12674,2017-09-01 06:37:00,2017-09-01 06:30:00,"(-49.13532702639207, 13.0)",13.0,-49.13532702639207,0.224951054343865,-0.7368742024754781,"(-49.13532702639207, 13.0)",-702.3136914275483,136.62221488107585,1278.9308268971513,
11575,13850,2017-09-02 10:39:00,2017-09-02,B4.2,"(0, 0)",12674,2017-09-02 10:35:00,2017-09-02 10:31:00,"(-31.818470180753053, 13.0)",13.0,-31.81847018075305,0.224951054343865,-0.5137168799805172,"(-31.818470180753053, 13.0)",-490.17041956221874,113.81479399941809,1433.508109126455,1423.9356380464228
11603,13878,2017-09-05 06:43:00,2017-09-05,M3.8,"(0, 0)",12673,2017-09-05 06:40:00,2017-09-05 06:33:00,"(19.91005300167476, -8.0)",-8.0,19.91005300167476,-0.13917310096006544,0.33723037010947465,"(19.91005300167476, -8.0)",322.09517645707894,-243.93408330396986,784.7255913921385,
11611,13886,2017-09-06 06:29:00,2017-09-06,C1.6,"(30, -11)",12673,2017-09-06 06:22:00,2017-09-06 06:17:00,"(30, -11)",-11.0,30.0,-0.1908089953765448,0.4908135917238319,"(33.73166003381862, -9.0)",468.71299435078157,-283.1551507897588,1173.6045938781506,
11636,13912,2017-09-08 06:29:00,2017-09-08,C2.9,"(0, 0)",12673,2017-09-08 06:27:00,2017-09-08 06:24:00,"(61.78050375153876, -9.0)",-9.0,61.78050375153875,-0.15643446504023087,0.8702942768036023,"(61.78050375153876, -9.0)",830.0742336203681,-204.24065262014804,1106.6222939517468,
11637,13913,2017-09-08 06:41:00,2017-09-08,C1.7,"(61, -8)",12673,2017-09-08 06:38:00,2017-09-08 06:35:00,"(61, -8)",-8.0,61.0,-0.13917310096006544,0.8661079682722472,"(61.88795993052307, -9.0)",826.139259942175,-189.49474597966739,1140.9492771709156,
11680,13960,2017-09-20 20:09:00,2017-09-20,B1.0,"(0, 0)",12680,2017-09-20 20:03:00,2017-09-20 20:00:00,"(64.68329359650771, 8.0)",8.0,64.68329359650771,0.13917310096006544,0.8951606453198929,"(64.68329359650771, 8.0)",856.4390134844878,81.96688023077185,1809.1640558125835,
11688,13969,2017-09-25 17:14:00,2017-09-25,B2.9,"(0, 0)",12681,2017-09-25 17:12:00,2017-09-25 17:09:00,"(-7.975768023564033, -12.0)",-12.0,-7.975768023564032,-0.20791169081775931,-0.1357221628032982,"(-7.975768023564033, -12.0)",-130.33687332690533,-310.9900732827522,919.1162838800782,904.5755131184513
11689,13970,2017-09-25 20:58:00,2017-09-25,B2.5,"(0, 0)",12683,2017-09-25 20:46:00,2017-09-25 20:38:00,"(-77.8921724308297, 11.0)",11.0,-77.8921724308297,0.1908089953765448,-0.959790484486198,"(-77.8921724308297, 11.0)",-918.6695390121713,157.3883324836978,373.0645827072339,
11696,13977,2017-09-27 01:07:00,2017-09-27,C1.7,"(-60, -13)",12683,2017-09-27 01:01:00,2017-09-27 00:50:00,"(-60, -13)",-13.0,-60.0,-0.224951054343865,-0.8438292287911031,"(-59.4055837023593, 12.0)",-809.0039267544626,-270.15229345147014,461.03618252490685,462.00203129054296
11698,13979,2017-09-27 18:03:00,2017-09-27,B2.1,"(0, 0)",12681,2017-09-27 17:50:00,2017-09-27 17:46:00,"(17.398163727367923, -13.0)",-13.0,17.398163727367926,-0.224951054343865,0.2913465973490784,"(17.398163727367923, -13.0)",279.895483244071,-321.7273641195967,890.2654676302272,
11748,14044,2017-12-14 05:45:00,2017-12-14,B1.1,"(-40, -7)",0,2017-12-14 05:26:00,2017-12-14 05:10:00,"(-40, -7)",-7.0,-40.0,-0.12186934340514748,-0.6379963683170987,,-623.7517602210801,-109.02290068960258,,
11767,14064,2017-12-28 22:33:00,2017-12-28,B8.3,"(0, 0)",12692,2017-12-28 22:29:00,2017-12-28 22:25:00,"(59.066105226648084, 17.0)",17.0,59.066105226648084,0.2923717047227368,0.8202808828764677,"(59.066105226648084, 17.0)",801.6961532288784,306.65127979813406,1753.8702193674965,
11782,14084,2018-02-05 01:29:00,2018-02-05,B1.9,"(0, 0)",12699,2018-02-05 01:20:00,2018-02-05 01:17:00,"(-73.21657376577667, -4.0)",-4.0,-73.21657376577667,-0.0697564737441253,-0.9550708790299028,"(-73.21657376577667, -4.0)",-930.25770307122,-36.82259314072925,,
11814,14122,2018-02-09 08:35:00,2018-02-09,B2.1,"(0, 0)",12699,2018-02-09 08:31:00,2018-02-09 08:27:00,"(-19.99960065923746, -6.0)",-6.0,-19.999600659237462,-0.10452846326765347,-0.34014000758474794,"(-19.99960065923746, -6.0)",-332.0884719592186,2.29252323033288,632.6937218245022,
11842,14150,2018-02-12 07:03:00,2018-02-12,B4.4,"(0, 0)",12699,2018-02-12 07:00:00,2018-02-12 06:56:00,"(18.10790128883942, -7.0)",-7.0,18.10790128883942,-0.12186934340514748,0.3084907941081059,"(18.10790128883942, -7.0)",301.0346603304295,-10.969577818214194,,
11844,14152,2018-02-12 21:40:00,2018-02-12,B1.2,"(0, 0)",12699,2018-02-12 21:36:00,2018-02-12 21:32:00,"(27.59157670096934, -7.0)",-7.0,27.591576700969338,-0.12186934340514748,0.4597133782810868,"(27.59157670096934, -7.0)",448.46756932945453,-18.201446639036163,,
11859,14167,2018-02-28 07:30:00,2018-02-28,A8.9,"(0, 0)",12700,2018-02-28 06:55:00,2018-02-28 06:04:00,"(45.05899770206752, 7.0)",7.0,45.05899770206753,0.12186934340514748,0.7025584258246039,"(45.05899770206752, 7.0)",682.3710290695736,202.8163486571305,243.62164152970226,
11887,14203,2018-04-18 18:35:00,2018-04-18,B1.4,"(0, 0)",12706,2018-04-18 18:28:00,2018-04-18 18:20:00,"(-85.35289108804659, 4.0)",4.0,-85.3528910880466,0.0697564737441253,-0.9942846597323388,"(-85.35289108804659, 4.0)",-950.0000431044782,73.60761901474945,1721.6156394558739,
11897,14214,2018-04-24 21:52:00,2018-04-24,B2.1,"(-18, 2)",12706,2018-04-24 21:45:00,2018-04-24 21:37:00,"(-18, 2)",2.0,-18.0,0.03489949670250097,-0.30882874957133394,"(-2.3226180584296854, 2.0)",-295.7948163665833,110.53141453349565,229.04021062874807,
11900,14223,2018-05-23 03:09:00,2018-05-23,B2.0,"(0, 0)",12712,2018-05-23 02:56:00,2018-05-23 02:49:00,"(-101.32260886810037, 13.0)",13.0,-101.32260886810036,0.224951054343865,-0.9554061555130006,"(-101.32260886810037, 13.0)",-904.1555636129488,207.1907778701511,,
11929,14252,2018-05-25 03:37:00,2018-05-25,B1.1,"(0, 0)",12712,2018-05-25 03:34:00,2018-05-25 03:31:00,"(-72.91677577745064, 13.0)",13.0,-72.91677577745064,0.224951054343865,-0.9313799480939218,"(-72.91677577745064, 13.0)",-883.0423334315128,220.46155864209635,,
11936,14259,2018-05-27 09:48:00,2018-05-27,B1.1,"(0, 0)",12712,2018-05-27 09:44:00,2018-05-27 09:39:00,"(-37.32807177603092, 15.0)",15.0,-37.328071776030924,0.25881904510252074,-0.5857162341619975,"(-37.32807177603092, 15.0)",-556.3609805030865,262.28187788011877,,
11937,14260,2018-05-27 17:51:00,2018-05-27,B1.1,"(0, 0)",12712,2018-05-27 17:48:00,2018-05-27 17:44:00,"(-31.6129405810214, 15.0)",15.0,-31.612940581021398,0.25881904510252074,-0.5063173189384003,"(-31.6129405810214, 15.0)",-481.0624461736097,263.51906429006516,,
11947,14276,2018-05-31 01:21:00,2018-05-31,B5.0,"(-20, 15)",12712,2018-05-31 01:08:00,2018-05-31 00:59:00,"(-20, 15)",15.0,-20.0,0.25881904510252074,-0.3303660895493521,"(9.659565804988631, 16.0)",-313.8073420692308,258.10843821738064,457.3689737006684,505.7802207823988
11963,14293,2018-06-02 22:09:00,2018-06-02,B2.0,"(20, 16)",12712,2018-06-02 21:57:00,2018-06-02 21:52:00,"(20, 16)",16.0,20.0,0.2756373558169992,0.3287708630182992,"(46.80539867885582, 15.0)",312.1893573883518,270.34049617367384,358.3419842601528,340.2302687258883
11992,14322,2018-06-22 18:14:00,2018-06-22,B1.1,"(0, 0)",12715,2018-06-22 18:10:00,2018-06-22 18:08:00,"(4.578703623534583, 8.0)",8.0,4.578703623534583,0.13917310096006544,0.07905153943760543,"(4.578703623534583, 8.0)",74.93398936553952,102.17317197910769,735.651231010729,
11996,14327,2018-06-23 14:40:00,2018-06-23,B4.7,"(78, 3)",12713,2018-06-23 14:38:00,2018-06-23 14:35:00,"(78, 3)",3.0,78.0,0.052335956242943835,0.9768070834421028,"(73.49827329320726, 5.0)",922.5577011753159,42.78197598191743,697.9476965795716,658.0494875503547
12006,14337,2018-06-27 04:13:00,2018-06-27,B1.6,"(24, 8)",12715,2018-06-27 04:08:00,2018-06-27 04:01:00,"(24, 8)",8.0,24.0,0.13917310096006544,0.4027783100251021,"(63.425617903886135, 7.0)",381.5667805735508,95.92951263596032,452.90533573054563,424.6994914265598
12011,14356,2018-08-24 22:01:00,2018-08-24,B1.6,"(21, -7)",12719,2018-08-24 21:58:00,2018-08-24 21:54:00,"(21, -7)",-7.0,21.0,-0.12186934340514748,0.3556967291927792,"(19.807433834489196, -8.0)",338.7675115612209,-222.7119486971018,,
12014,14359,2018-08-25 03:34:00,2018-08-25,B1.4,"(0, 0)",12719,2018-08-25 03:32:00,2018-08-25 03:23:00,"(23.072328090887623, -8.0)",-8.0,23.072328090887623,-0.13917310096006544,0.3880789543567657,"(23.072328090887623, -8.0)",369.6575173320789,-237.75494064655217,249.92396104384184,
12016,14361,2018-08-25 07:06:00,2018-08-25,B1.4,"(0, 0)",12720,2018-08-25 07:04:00,2018-08-25 07:01:00,"(28.144656181775247, 8.0)",8.0,28.14465618177525,0.13917310096006544,0.4671087206518098,"(28.144656181775247, 8.0)",444.92839746882163,29.80049614418706,705.1327436494635,
