,Unnamed: 0,peak_time,goes_class,fl_location,is_no_loc,is_aia_invalid
0,1,2010-05-01 05:27:00,B1.6,"(-24.824108682811833, 15.0)",False,True
1,4,2010-05-02 10:09:00,B3.8,"(-62.96125984348338, 23.0)",False,True
0,5,2010-05-02 15:14:00,B1.1,,True,False
2,5,2010-05-03 12:57:00,B2.0,"(45.58812899290819, 18.0)",False,True
1,6,2010-05-02 16:26:00,B1.9,,True,False
2,7,2010-05-02 17:59:00,B1.2,,True,False
3,8,2010-05-02 21:00:00,B1.4,,True,False
3,8,2010-05-04 11:18:00,B2.0,"(20.18552343137194, 42.0)",False,True
4,9,2010-05-02 21:53:00,B1.5,,True,False
5,11,2010-05-03 13:41:00,B1.5,,True,False
6,12,2010-05-03 15:04:00,B1.4,,True,False
4,13,2010-05-05 00:23:00,B1.6,"(27.20568630062788, 42.0)",False,True
5,17,2010-05-05 11:52:00,C8.8,"(33.36733243682832, 42.0)",False,True
6,18,2010-05-05 13:04:00,B3.4,"(34.103768974914814, 41.0)",False,True
7,19,2010-05-05 16:18:00,B4.0,"(17.605696931598963, -26.0)",False,True
8,20,2010-05-05 17:19:00,M1.2,"(37, 42)",False,True
9,22,2010-05-07 05:58:00,B1.2,"(50, 41)",False,True
10,26,2010-05-08 11:50:00,C1.8,"(73.34944667155632, 42.0)",False,True
11,27,2010-05-08 18:55:00,B7.2,"(75.25861209961741, 41.0)",False,True
12,28,2010-05-08 20:11:00,C2.4,"(75.94171203545045, 41.0)",False,True
7,29,2010-05-06 15:13:00,B1.4,,True,False
8,30,2010-05-07 00:34:00,B1.1,,True,False
13,31,2010-05-10 11:06:00,B1.4,"(96.92905874821554, 41.0)",False,True
14,32,2010-05-11 08:43:00,B1.1,"(19, -20)",True,False
9,34,2010-05-08 01:04:00,B2.6,,True,False
10,35,2010-05-08 01:39:00,B5.8,,True,False
11,36,2010-05-08 03:23:00,B4.3,,True,False
15,36,2010-05-27 23:15:00,B1.4,"(64.56295073616677, -15.0)",False,True
16,37,2010-06-02 18:45:00,B1.0,"(56.76544410923778, -19.0)",False,True
17,38,2010-06-06 02:55:00,B1.4,"(62.68965018289147, -19.0)",False,True
12,38,2010-05-08 08:52:00,B2.1,,True,False
13,39,2010-05-08 09:20:00,B2.1,,True,False
18,40,2010-06-08 11:33:00,B1.4,"(37.82819754007537, -22.0)",False,True
14,40,2010-05-08 10:19:00,B3.8,,True,False
19,41,2010-06-08 12:56:00,B1.2,"(38.625064480066996, -22.0)",False,True
20,42,2010-06-08 13:50:00,B1.4,"(39.14350803138685, -22.0)",False,True
15,48,2010-05-11 20:16:00,B1.5,,True,False
16,49,2010-05-12 02:22:00,B1.5,,True,False
17,50,2010-05-12 14:09:00,B1.6,,True,False
21,51,2010-06-09 22:50:00,B1.2,"(59.32659450521842, -21.0)",False,True
18,51,2010-05-13 03:55:00,B2.8,,True,False
19,54,2010-05-23 18:01:00,B1.3,,True,False
20,55,2010-05-23 21:39:00,B1.1,,True,False
21,56,2010-05-24 14:46:00,B1.1,,True,False
22,57,2010-06-12 04:06:00,C1.0,"(56.3567628417532, -23.0)",False,True
23,59,2010-06-12 23:54:00,B3.0,"(57.94264814702516, 24.0)",False,True
22,60,2010-06-02 22:53:00,B1.2,,True,False
24,60,2010-06-13 00:14:00,B8.8,"(58.13382099027463, 24.0)",False,True
23,61,2010-06-03 11:31:00,B1.0,,True,False
24,62,2010-06-03 12:33:00,B1.1,,True,False
25,63,2010-06-03 13:38:00,B1.1,,True,False
26,64,2010-06-03 13:55:00,B1.3,,True,False
27,67,2010-06-07 19:24:00,B2.0,,True,False
25,68,2010-06-13 09:46:00,C1.7,"(75, -23)",False,True
26,70,2010-06-14 00:51:00,C1.5,"(70, 27)",False,True
27,72,2010-06-17 17:42:00,B1.1,"(-36.57555353304035, 28.0)",False,True
28,80,2010-06-29 05:01:00,B1.4,"(14, 15)",True,False
29,81,2010-07-01 20:58:00,B1.0,"(-8.757236190207125, -19.0)",False,True
28,83,2010-06-12 00:02:00,B6.3,,True,False
29,87,2010-06-12 08:09:00,B2.4,,True,False
30,89,2010-07-09 00:02:00,B3.3,"(-85.90689367752341, 18.0)",False,True
31,100,2010-07-11 17:28:00,B4.5,"(-47.784816409676885, 19.0)",False,True
30,100,2010-06-13 12:27:00,B4.3,,True,False
31,101,2010-06-13 13:23:00,B2.5,,True,False
32,102,2010-06-13 14:27:00,B2.4,,True,False
33,103,2010-06-13 15:52:00,B4.2,,True,False
34,104,2010-06-13 18:13:00,B1.8,,True,False
32,104,2010-07-12 13:36:00,B4.0,"(-36.00292898205297, 21.0)",False,True
33,105,2010-07-13 03:10:00,B3.4,"(-31, 18)",False,True
35,105,2010-06-14 00:38:00,B2.3,,True,False
36,107,2010-06-14 04:30:00,B1.7,,True,False
37,108,2010-06-14 12:54:00,B2.9,,True,False
34,110,2010-07-16 23:33:00,B1.4,"(18.739769109153883, 20.0)",False,True
35,113,2010-07-18 19:27:00,B2.1,"(45.390490689644786, 24.0)",False,True
36,117,2010-07-20 05:21:00,B4.1,"(-66.92471190161473, -23.0)",False,True
38,117,2010-06-23 11:03:00,B1.6,,True,False
39,118,2010-06-23 12:20:00,B1.1,,True,False
40,120,2010-06-25 22:46:00,B1.5,,True,False
41,121,2010-06-25 23:17:00,B1.8,,True,False
37,121,2010-07-21 02:46:00,B3.2,"(-56.413265401029435, -24.0)",False,True
38,122,2010-07-21 04:37:00,B4.6,"(81, 17)",False,True
42,122,2010-06-26 02:50:00,B1.0,,True,False
39,123,2010-07-21 07:29:00,B5.7,"(-52, -26)",False,True
43,123,2010-06-27 03:17:00,B1.5,,True,False
40,124,2010-07-21 09:18:00,B5.9,"(83.41231939975964, 16.0)",False,True
41,125,2010-07-21 12:30:00,B3.9,"(78.32701207406734, 18.0)",False,True
44,125,2010-06-29 15:53:00,B1.3,,True,False
42,126,2010-07-21 14:37:00,B8.5,"(79.55522869231872, 18.0)",False,True
43,127,2010-07-21 16:45:00,B4.6,"(-50.15800934067589, -24.0)",False,True
45,127,2010-07-06 00:24:00,B1.2,,True,False
46,129,2010-07-07 17:46:00,B1.6,,True,False
44,129,2010-07-22 02:04:00,B5.7,"(86.19920362726906, 18.0)",False,True
45,131,2010-07-22 07:35:00,B5.7,"(-41.65081781607465, -24.0)",False,True
46,133,2010-07-22 15:16:00,B5.9,"(-39, -25)",False,True
47,134,2010-07-22 16:01:00,B5.3,"(94.29382811133519, 18.0)",False,True
48,142,2010-07-25 22:13:00,B2.3,"(6.977225288615356, -24.0)",False,True
49,154,2010-07-27 19:31:00,B6.0,"(32.42872525829468, -24.0)",False,True
47,156,2010-07-14 04:23:00,B2.4,,True,False
50,157,2010-07-29 01:38:00,B6.0,"(-75.0494492810458, 16.0)",False,True
48,157,2010-07-14 11:00:00,B1.7,,True,False
49,158,2010-07-14 12:30:00,C1.4,,True,False
50,159,2010-07-14 20:47:00,C3.6,,True,False
51,160,2010-07-15 13:22:00,B1.2,,True,False
51,162,2010-07-30 22:37:00,B4.1,"(-49.80611308662574, 15.0)",False,True
52,166,2010-07-31 13:07:00,B2.8,"(80.53972502625923, -23.0)",False,True
52,166,2010-07-19 02:08:00,B2.5,,True,False
53,167,2010-07-19 04:51:00,B4.5,,True,False
53,167,2010-07-31 19:09:00,B7.4,"(-37.83279555496198, 13.0)",False,True
54,168,2010-07-19 06:24:00,B2.5,,True,False
54,172,2010-08-04 19:06:00,B4.9,"(-67.86988957539307, 10.0)",False,True
55,174,2010-07-20 11:30:00,B5.6,,True,False
55,174,2010-08-05 21:35:00,C1.3,"(-59.414252590053124, 11.0)",False,True
56,175,2010-07-20 12:39:00,B5.6,,True,False
56,177,2010-08-06 01:36:00,B5.6,"(-57.06366725072345, 11.0)",False,True
57,178,2010-08-06 01:36:00,B5.6,"(-57.06366725072345, 11.0)",False,True
58,181,2010-08-07 02:44:00,B3.0,"(72.55988247449734, 26.0)",False,True
59,182,2010-08-07 02:44:00,B3.0,"(72.55988247449734, 26.0)",False,True
60,187,2010-08-09 02:25:00,B1.8,"(-13.585747409946876, 11.0)",False,True
57,188,2010-07-22 07:03:00,B3.7,,True,False
61,188,2010-08-09 02:25:00,B1.8,"(-13.585747409946876, 11.0)",False,True
62,193,2010-08-10 17:01:00,B8.1,"(-74.89872191297059, 33.0)",False,True
63,194,2010-08-11 08:01:00,B2.6,"(-37.31400542257936, 15.0)",False,True
58,195,2010-07-22 21:38:00,B9.8,,True,False
64,195,2010-08-11 08:01:00,B2.6,"(-37.31400542257936, 15.0)",False,True
65,196,2010-08-11 13:48:00,B3.8,"(-33.94386998813198, 15.0)",False,True
66,197,2010-08-11 18:46:00,B1.7,"(-31.049632640969676, 15.0)",False,True
67,198,2010-08-12 00:35:00,B2.5,"(-27.660072794796374, 15.0)",False,True
68,199,2010-08-12 00:35:00,B2.5,"(-27.660072794796374, 15.0)",False,True
59,201,2010-07-24 03:09:00,B3.0,,True,False
69,201,2010-08-13 15:44:00,B1.7,"(46.162280795404484, 11.0)",False,True
60,202,2010-07-24 04:34:00,B3.1,,True,False
61,203,2010-07-24 20:37:00,B1.9,,True,False
62,204,2010-07-25 07:54:00,B1.4,,True,False
70,205,2010-08-14 01:06:00,B2.7,"(46, 17)",False,True
71,206,2010-08-14 04:01:00,B2.5,"(43.33427083737745, 17.0)",False,True
72,211,2010-08-15 08:20:00,B4.9,"(63, 16)",False,True
63,217,2010-07-27 09:54:00,B4.2,,True,False
73,217,2010-08-16 01:29:00,B2.1,"(73.86071873247538, 18.0)",False,True
64,219,2010-07-27 23:58:00,B3.8,,True,False
65,220,2010-07-28 10:02:00,B5.3,,True,False
74,220,2010-08-16 02:37:00,B3.5,"(28.539239877821352, 15.0)",False,True
66,225,2010-07-30 01:09:00,B2.7,,True,False
75,229,2010-08-17 06:37:00,B2.9,"(87.84525113045166, 17.0)",False,True
76,230,2010-08-17 06:37:00,B2.9,"(87.84525113045166, 17.0)",False,True
77,233,2010-08-17 10:50:00,B5.1,"(90.29575122114251, 17.0)",False,True
78,234,2010-08-17 16:03:00,B7.6,"(93.32739757840037, 17.0)",False,True
79,235,2010-08-17 16:03:00,B7.6,"(93.32739757840037, 17.0)",False,True
67,235,2010-08-01 03:50:00,B4.5,,True,False
68,237,2010-08-01 16:25:00,B4.1,,True,False
69,238,2010-08-02 04:26:00,B8.9,,True,False
80,240,2010-08-18 22:27:00,B3.3,"(-36.89287500505086, -22.0)",False,True
70,240,2010-08-03 10:23:00,B2.0,,True,False
71,241,2010-08-03 11:49:00,B5.2,,True,False
81,241,2010-08-26 10:53:00,B2.6,"(-54.63682225640365, 12.0)",False,True
72,242,2010-08-03 12:06:00,B3.4,,True,False
82,242,2010-08-26 17:34:00,B1.5,"(74.27966207901477, -20.0)",False,True
73,243,2010-08-03 12:34:00,B2.5,,True,False
83,243,2010-08-27 01:00:00,B1.6,"(78.57829086854693, -20.0)",False,True
74,244,2010-08-03 14:25:00,B2.4,,True,False
75,245,2010-08-03 17:00:00,B3.7,,True,False
84,246,2010-08-30 15:22:00,B1.4,"(21.10016738064841, 28.0)",False,True
76,246,2010-08-03 20:48:00,B1.5,,True,False
85,247,2010-08-30 15:22:00,B1.4,"(21.10016738064841, 28.0)",False,True
77,247,2010-08-04 02:39:00,B2.0,,True,False
78,251,2010-08-04 22:20:00,B2.3,,True,False
86,252,2010-09-04 04:07:00,B2.5,"(24.388736257544007, 18.0)",False,True
87,254,2010-09-04 14:35:00,B2.5,"(64.49434084972138, 12.0)",False,True
88,255,2010-09-04 16:00:00,B4.3,"(65.32262585463054, 12.0)",False,True
79,260,2010-08-06 06:33:00,B2.8,,True,False
80,261,2010-08-06 15:27:00,B3.5,,True,False
81,264,2010-08-07 05:13:00,B1.7,,True,False
89,266,2010-09-08 00:48:00,B2.3,"(77.46344690730737, 19.0)",False,True
82,266,2010-08-07 22:43:00,B2.9,,True,False
90,268,2010-09-10 00:52:00,B2.3,"(104.40547470213752, 19.0)",False,True
91,269,2010-09-10 07:23:00,B4.2,"(108.18063596791217, 19.0)",False,True
83,279,2010-08-11 11:03:00,B1.8,,True,False
92,280,2010-09-13 04:36:00,B2.1,"(-54.3351802829826, -19.0)",False,True
84,280,2010-08-11 11:46:00,B1.9,,True,False
85,281,2010-08-11 12:06:00,B3.9,,True,False
93,281,2010-09-15 05:08:00,B5.0,"(-27.02621567811102, -19.0)",False,True
94,286,2010-09-15 22:25:00,B5.3,"(-18.915627208532637, -20.0)",False,True
95,290,2010-09-16 22:34:00,B4.6,"(-5.828883578250597, -20.0)",False,True
96,291,2010-09-17 00:17:00,B5.7,"(-68.83919468237649, -28.0)",False,True
97,295,2010-09-18 08:52:00,B4.2,"(13.12751236778276, -20.0)",False,True
98,297,2010-09-19 02:56:00,B2.4,"(22.696319881070988, -20.0)",False,True
99,298,2010-09-19 07:16:00,B3.6,"(-44.87581655977357, -28.0)",False,True
100,310,2010-09-23 05:00:00,B2.6,"(-66, 19)",False,True
101,313,2010-09-24 09:55:00,B2.1,"(-48.2875201289757, 22.0)",False,True
102,315,2010-09-25 09:51:00,B2.8,"(-35.32592335499939, 22.0)",False,True
103,316,2010-09-26 02:49:00,B2.0,"(-25.37746370049898, 22.0)",False,True
104,320,2010-09-26 06:36:00,B1.9,"(-23.198080623654413, 22.0)",False,True
105,324,2010-09-26 18:10:00,B2.8,"(-17.367027473907914, 21.0)",False,True
86,329,2010-08-26 23:54:00,B1.7,,True,False
87,330,2010-08-27 00:33:00,B2.2,,True,False
88,332,2010-08-27 03:33:00,B2.3,,True,False
89,334,2010-08-27 05:14:00,B2.2,,True,False
90,335,2010-08-27 16:40:00,B1.9,,True,False
91,336,2010-08-27 19:58:00,B1.3,,True,False
92,337,2010-08-27 22:21:00,B1.1,,True,False
93,338,2010-08-27 22:59:00,B1.1,,True,False
106,341,2010-09-29 09:37:00,B4.5,"(36.56123051919296, 20.0)",False,True
107,344,2010-09-30 17:10:00,B2.4,"(56.041391000082854, 19.0)",False,True
94,346,2010-09-04 01:25:00,B1.0,,True,False
95,349,2010-09-04 07:24:00,B1.6,,True,False
96,350,2010-09-04 07:55:00,B1.8,,True,False
108,352,2010-10-03 04:38:00,B2.3,"(86.67438182213257, 21.0)",False,True
109,353,2010-10-03 19:23:00,B1.2,"(-8.647743879005105, 24.0)",False,True
110,354,2010-10-03 21:46:00,B1.7,"(-7.280858049771423, 24.0)",False,True
97,355,2010-09-04 23:29:00,B2.1,,True,False
111,355,2010-10-04 05:57:00,B1.8,"(-2.58756474799703, 24.0)",False,True
112,359,2010-10-05 07:54:00,B1.4,"(9.530796385012348, 24.0)",False,True
98,360,2010-09-05 12:23:00,B3.3,,True,False
113,361,2010-10-05 08:54:00,B2.2,"(10.104314914760746, 24.0)",False,True
99,362,2010-09-05 21:48:00,B2.4,,True,False
100,363,2010-09-05 22:32:00,B1.8,,True,False
101,364,2010-09-06 00:34:00,B2.1,,True,False
102,365,2010-09-06 02:52:00,B1.5,,True,False
103,366,2010-09-06 05:15:00,B2.5,,True,False
104,367,2010-09-06 09:22:00,B5.0,,True,False
105,368,2010-09-06 09:22:00,B5.3,,True,False
114,370,2010-10-13 14:58:00,B2.1,"(-81.24968794132191, 17.0)",False,True
106,371,2010-09-07 04:35:00,B1.3,,True,False
107,372,2010-09-07 05:28:00,B4.4,,True,False
115,374,2010-10-14 13:59:00,B3.4,"(-5.812269193457284, -18.0)",False,True
108,377,2010-09-10 03:02:00,B3.2,,True,False
109,378,2010-09-10 05:36:00,B2.0,,True,False
116,378,2010-10-15 08:17:00,B1.2,"(-58.18617175860334, 17.0)",False,True
110,379,2010-09-10 06:17:00,B2.1,,True,False
117,384,2010-10-17 00:11:00,B1.5,"(28.10638096693516, -18.0)",False,True
111,390,2010-09-12 16:29:00,B1.7,,True,False
118,392,2010-10-18 11:40:00,C1.2,"(50.74672679971416, -20.0)",False,True
119,398,2010-10-19 12:43:00,B2.6,"(-19.38477197174786, -29.0)",False,True
112,399,2010-09-16 11:09:00,B4.5,,True,False
113,400,2010-09-16 09:12:00,B3.1,,True,False
120,407,2010-10-20 17:38:00,B2.1,"(80.31821480358455, -20.0)",False,True
121,428,2010-10-25 04:06:00,B1.7,"(-9.638201599542892, 22.0)",False,True
114,430,2010-09-25 17:16:00,B2.5,,True,False
122,436,2010-10-26 00:28:00,B8.4,"(2, 19)",False,True
115,436,2010-09-26 07:04:00,B2.6,,True,False
123,438,2010-10-26 03:16:00,B6.3,"(65.84268923611111, -30.0)",False,True
124,445,2010-10-26 14:53:00,B2.1,"(43.74835884126001, 22.0)",False,True
125,446,2010-10-26 22:40:00,B1.6,"(48.23193547952614, 22.0)",False,True
116,447,2010-09-27 21:39:00,B1.9,,True,False
126,447,2010-10-26 22:40:00,B1.6,"(48.23193547952614, 22.0)",False,True
127,448,2010-10-26 23:12:00,B2.2,"(14.538236232149771, 21.0)",False,True
117,452,2010-09-28 06:42:00,B1.4,,True,False
128,455,2010-10-27 13:12:00,B1.5,"(21.778677384161767, 22.0)",False,True
118,456,2010-09-28 18:46:00,B2.4,,True,False
119,459,2010-09-28 22:42:00,B2.5,,True,False
120,460,2010-09-29 00:12:00,B2.2,,True,False
129,460,2010-10-29 04:51:00,B1.9,"(43.79383469322365, 22.0)",False,True
121,462,2010-09-29 07:11:00,B2.7,,True,False
122,464,2010-09-29 13:15:00,B2.5,,True,False
123,466,2010-09-30 05:58:00,B7.0,,True,False
124,467,2010-09-30 08:16:00,B3.7,,True,False
130,470,2010-10-30 13:33:00,B1.8,"(65.9568604236846, 20.0)",False,True
131,481,2010-11-02 10:05:00,B3.3,"(101.80848793608354, 22.0)",False,True
132,482,2010-11-02 10:05:00,B3.3,"(101.80848793608354, 22.0)",False,True
133,484,2010-11-03 21:33:00,B6.5,"(-85.29579347306624, -20.0)",False,True
134,487,2010-11-04 18:10:00,B2.5,"(-73.37336339985708, -20.0)",False,True
135,488,2010-11-04 19:12:00,B2.9,"(-72.77579616902526, -20.0)",False,True
136,489,2010-11-04 21:14:00,B5.5,"(-5.513367553612925, 38.0)",False,True
125,490,2010-10-05 19:12:00,B1.0,,True,False
137,490,2010-11-04 22:10:00,B5.8,"(-71.06019992566937, -20.0)",False,True
126,491,2010-10-07 18:51:00,B1.2,,True,False
127,492,2010-10-07 23:45:00,B1.5,,True,False
128,493,2010-10-08 05:01:00,B1.6,,True,False
129,494,2010-10-09 17:58:00,B3.2,,True,False
130,496,2010-10-10 08:04:00,B1.2,,True,False
138,496,2010-11-05 08:06:00,B2.9,"(-65.31584396476988, -20.0)",False,True
139,498,2010-11-05 10:25:00,B3.1,"(-63.9761367859695, -20.0)",False,True
131,499,2010-10-10 16:39:00,B1.2,,True,False
132,500,2010-10-10 17:35:00,B1.1,,True,False
140,501,2010-11-05 18:42:00,B2.5,"(-61.07537704412548, -18.0)",False,True
141,520,2010-11-07 13:58:00,B5.2,"(-41.821940190451386, -18.0)",False,True
142,527,2010-11-09 01:28:00,B1.6,"(-19.150347336603147, -19.0)",False,True
133,528,2010-10-18 21:39:00,C1.2,,True,False
143,541,2010-11-11 04:55:00,B5.3,"(3.8432634370223955, -20.0)",False,True
134,542,2010-10-20 21:15:00,B1.2,,True,False
135,547,2010-10-21 19:11:00,B3.1,,True,False
136,548,2010-10-21 20:40:00,B1.7,,True,False
137,549,2010-10-21 23:17:00,B2.6,,True,False
138,551,2010-10-22 13:33:00,B1.0,,True,False
139,554,2010-10-23 00:23:00,B1.0,,True,False
140,565,2010-10-24 16:45:00,B1.4,,True,False
144,577,2010-11-15 03:34:00,B9.2,"(19, 12)",False,True
141,578,2010-10-26 01:13:00,C1.1,,True,False
142,587,2010-10-26 11:32:00,B2.1,,True,False
145,589,2010-11-17 00:40:00,B2.5,"(44.38938770514942, 13.0)",False,True
146,591,2010-11-17 08:12:00,B3.4,"(69.9601589926451, -25.0)",False,True
147,595,2010-11-18 11:40:00,B3.3,"(64.8067494250704, 14.0)",False,True
148,596,2010-11-18 13:07:00,B2.4,"(0.8809851263795272, -31.0)",False,True
149,599,2010-11-21 20:52:00,B2.2,"(110.99164738482187, 19.0)",False,True
143,599,2010-10-27 14:07:00,B2.1,,True,False
144,602,2010-10-28 10:15:00,B2.0,,True,False
150,602,2010-11-25 00:31:00,B1.1,"(-72.66659145924972, -16.0)",False,True
151,604,2010-11-25 19:02:00,B2.0,"(43.15152463558296, 24.0)",False,True
152,606,2010-11-25 21:30:00,B2.9,"(94.94114575326763, -32.0)",False,True
153,607,2010-11-25 22:57:00,B1.9,"(95.75358692365954, -32.0)",False,True
154,608,2010-11-25 22:57:00,B1.9,"(95.75358692365954, -32.0)",False,True
155,609,2010-11-28 04:08:00,B1.3,"(64.63344885995039, -25.0)",False,True
156,610,2010-11-28 17:54:00,B2.5,"(-3.5628975021171367, 13.0)",False,True
157,611,2010-11-28 17:54:00,B2.5,"(-3.5628975021171367, 13.0)",False,True
145,613,2010-10-30 04:45:00,B1.7,,True,False
158,616,2010-11-29 13:39:00,B1.9,"(7.954755877555349, 13.0)",False,True
146,616,2010-10-30 10:06:00,B1.7,,True,False
147,623,2010-10-31 18:08:00,B1.6,,True,False
148,624,2010-10-31 20:21:00,B1.6,,True,False
149,628,2010-11-01 03:28:00,B1.5,,True,False
150,629,2010-11-01 04:43:00,C1.1,,True,False
159,631,2010-12-01 17:54:00,B3.6,"(36.441042443463196, 14.0)",False,True
151,631,2010-11-01 09:34:00,B1.4,,True,False
152,632,2010-11-01 15:57:00,B1.4,,True,False
160,634,2010-12-02 03:06:00,B1.7,"(41.808650561518704, 14.0)",False,True
161,636,2010-12-03 06:58:00,B5.3,"(-64.07018315972222, 30.0)",False,True
153,636,2010-11-03 02:09:00,B2.9,,True,False
162,637,2010-12-03 06:58:00,B5.3,"(-64.07018315972222, 30.0)",False,True
154,637,2010-11-03 06:11:00,C3.8,,True,False
155,638,2010-11-03 12:21:00,C4.9,,True,False
156,639,2010-11-03 13:08:00,C3.4,,True,False
163,641,2010-12-05 05:06:00,B2.3,"(-37.1231484375, 30.0)",False,True
157,643,2010-11-04 16:03:00,B6.0,,True,False
164,646,2010-12-05 13:06:00,B2.2,"(-34.12838549364133, 31.0)",False,True
165,647,2010-12-05 13:06:00,B2.2,"(-34.12838549364133, 31.0)",False,True
158,653,2010-11-05 06:32:00,B4.4,,True,False
166,667,2010-12-16 04:27:00,B7.4,"(-28.32548379732394, 19.0)",False,True
167,672,2010-12-19 04:55:00,B1.1,"(14.75167467038111, 19.0)",False,True
168,673,2010-12-27 12:41:00,B1.0,"(5.3901437050886996, 13.0)",False,True
169,674,2010-12-27 12:41:00,B1.0,"(5.3901437050886996, 13.0)",False,True
170,675,2010-12-27 14:24:00,B1.2,"(6.39281704584844, 13.0)",False,True
171,678,2010-12-27 18:39:00,B1.2,"(8.875163666175954, 13.0)",False,True
172,679,2010-12-27 18:39:00,B1.2,"(8.875163666175954, 13.0)",False,True
173,684,2011-01-01 19:44:00,B3.1,"(-54.390631489888854, 32.0)",False,True
174,686,2011-01-02 09:10:00,B4.6,"(-46.86387765844192, 32.0)",False,True
175,687,2011-01-02 16:07:00,B3.0,"(-44.417065213739946, 32.0)",False,True
176,688,2011-01-02 16:07:00,B3.0,"(-44.417065213739946, 32.0)",False,True
177,689,2011-01-02 19:15:00,B1.5,"(-42.66144521335282, 32.0)",False,True
178,690,2011-01-02 19:15:00,B1.5,"(-42.66144521335282, 32.0)",False,True
179,691,2011-01-02 20:12:00,B2.3,"(-42.12915617068226, 32.0)",False,True
180,692,2011-01-02 20:12:00,B2.3,"(-42.12915617068226, 32.0)",False,True
181,693,2011-01-03 13:25:00,B2.6,"(44.13667178518789, 35.0)",False,True
182,694,2011-01-03 13:53:00,B4.2,"(44.39521224190402, 35.0)",False,True
183,695,2011-01-03 15:41:00,B3.3,"(45.39243971780907, 35.0)",False,True
184,696,2011-01-03 22:22:00,B3.6,"(-7.953999877616064, -13.0)",False,True
185,705,2011-01-05 23:27:00,B4.0,"(75.69409379458712, 34.0)",False,True
159,705,2010-11-11 12:46:00,B1.7,,True,False
186,706,2011-01-05 23:27:00,B4.0,"(75.69409379458712, 34.0)",False,True
160,712,2010-11-12 00:13:00,B6.0,,True,False
187,716,2011-01-10 08:49:00,B2.0,"(-33.862243098493764, 15.0)",False,True
188,717,2011-01-10 10:28:00,B4.6,"(54.86451787363359, 32.0)",False,True
189,722,2011-01-11 06:15:00,B1.4,"(-42.40737371683963, 23.0)",False,True
190,723,2011-01-11 06:15:00,B1.4,"(-42.40737371683963, 23.0)",False,True
161,724,2010-11-13 06:15:00,B1.5,,True,False
162,725,2010-11-13 10:29:00,B4.3,,True,False
191,729,2011-01-12 03:27:00,B1.0,"(-11.02492822329008, 16.0)",False,True
192,730,2011-01-12 21:41:00,B1.6,"(85.70196180822441, 32.0)",False,True
163,731,2010-11-13 23:06:00,B1.6,,True,False
193,731,2011-01-12 21:41:00,B1.6,"(85.70196180822441, 32.0)",False,True
194,732,2011-01-12 23:55:00,B2.2,"(86.95330797871311, 32.0)",False,True
195,734,2011-01-13 13:07:00,B2.2,"(94.34932415055674, 32.0)",False,True
196,735,2011-01-13 13:07:00,B2.2,"(94.34932415055674, 32.0)",False,True
164,745,2010-11-15 14:42:00,B7.6,,True,False
165,748,2010-11-15 22:30:00,B8.3,,True,False
197,751,2011-01-17 17:20:00,B2.2,"(-55.81427890605692, 25.0)",False,True
198,752,2011-01-17 18:56:00,B1.7,"(-54.89885196860326, 25.0)",False,True
166,753,2010-11-16 22:55:00,B3.0,,True,False
199,754,2011-01-17 21:51:00,B5.8,"(-53.23010494720336, 25.0)",False,True
200,755,2011-01-18 01:44:00,B2.0,"(-51.0082874844252, 25.0)",False,True
201,757,2011-01-18 03:56:00,B1.8,"(-49.749575445426416, 25.0)",False,True
202,758,2011-01-19 01:21:00,B1.1,"(-36.229570241254365, 26.0)",False,True
167,759,2010-11-18 02:58:00,B1.8,,True,False
168,765,2010-11-18 20:51:00,B2.5,,True,False
169,766,2010-11-19 06:57:00,B2.0,,True,False
170,767,2010-11-19 11:55:00,B2.0,,True,False
171,771,2010-11-21 21:53:00,B1.5,,True,False
172,772,2010-11-23 03:09:00,B1.1,,True,False
173,773,2010-11-23 07:45:00,B1.1,,True,False
203,773,2011-01-21 11:53:00,B3.9,"(-2.0308148147145504, 18.0)",False,True
204,774,2011-01-21 12:15:00,C1.0,"(-1.8180528808442338, 18.0)",False,True
174,793,2010-11-30 01:34:00,B3.3,,True,False
175,800,2010-12-01 00:40:00,B2.3,,True,False
205,801,2011-01-23 18:20:00,B2.8,"(28.70683782278699, 17.0)",False,True
206,802,2011-01-23 18:20:00,B2.8,"(28.70683782278699, 17.0)",False,True
176,807,2010-12-01 15:57:00,B2.8,,True,False
177,813,2010-12-02 12:58:00,B1.7,,True,False
178,814,2010-12-02 13:08:00,B2.7,,True,False
179,815,2010-12-02 22:28:00,B2.6,,True,False
180,818,2010-12-03 09:03:00,B1.9,,True,False
181,819,2010-12-04 05:10:00,B3.1,,True,False
207,821,2011-01-26 17:03:00,A9.5,"(72.96103344735934, 17.0)",False,True
208,822,2011-01-26 19:18:00,B1.3,"(74.26861254713509, 17.0)",False,True
209,823,2011-01-26 19:18:00,B1.3,"(74.26861254713509, 17.0)",False,True
182,823,2010-12-05 04:41:00,B1.9,,True,False
183,828,2010-12-05 08:32:00,B2.0,,True,False
184,834,2010-12-07 20:20:00,B1.3,,True,False
185,839,2010-12-11 11:17:00,B4.0,,True,False
186,841,2010-12-12 06:28:00,B4.1,,True,False
187,844,2010-12-12 21:30:00,B2.4,,True,False
188,845,2010-12-13 13:30:00,B2.7,,True,False
189,847,2010-12-13 22:45:00,B1.8,,True,False
190,858,2010-12-16 22:30:00,B4.9,,True,False
191,859,2010-12-17 00:02:00,B4.0,,True,False
192,860,2010-12-17 00:25:00,B1.8,,True,False
193,861,2010-12-17 04:12:00,B3.3,,True,False
194,865,2010-12-17 11:37:00,B1.3,,True,False
195,866,2010-12-17 22:53:00,B2.4,,True,False
210,874,2011-02-08 09:15:00,B2.4,"(68.31708689907735, -23.0)",False,True
196,876,2010-12-29 14:30:00,B1.2,,True,False
197,877,2010-12-29 18:04:00,B2.1,,True,False
198,878,2010-12-29 21:10:00,B4.3,,True,False
199,880,2010-12-31 07:36:00,B1.5,,True,False
200,881,2010-12-31 09:44:00,B1.5,,True,False
201,883,2010-12-31 23:42:00,B2.4,,True,False
202,884,2011-01-01 00:22:00,B2.3,,True,False
211,884,2011-02-09 10:19:00,B5.4,"(77.01185542917271, 15.0)",False,True
203,887,2011-01-01 18:14:00,B2.1,,True,False
212,895,2011-02-10 09:28:00,B4.4,"(93.5165329301617, 15.0)",False,True
204,897,2011-01-03 04:41:00,B1.4,,True,False
213,898,2011-02-10 14:42:00,B6.7,"(-14.425951684556107, -14.0)",False,True
214,902,2011-02-13 00:42:00,B8.5,"(-10.594483956106048, -19.0)",False,True
215,903,2011-02-13 12:36:00,C1.1,"(-3.592515901434978, -20.0)",False,True
205,907,2011-01-04 09:39:00,B3.6,,True,False
216,909,2011-02-14 08:49:00,C1.8,"(8.098597824355416, -20.0)",False,True
217,912,2011-02-14 17:26:00,M2.2,"(18, 56)",False,True
206,915,2011-01-07 00:06:00,B1.2,,True,False
218,918,2011-02-15 18:44:00,C1.7,"(23.960055194985998, -21.0)",False,True
207,919,2011-01-07 15:20:00,B5.1,,True,False
219,922,2011-02-16 07:44:00,M1.1,"(-33.47439171183, 11.0)",False,True
208,924,2011-01-10 08:49:00,B2.0,,True,False
209,926,2011-01-10 09:04:00,B2.5,,True,False
210,928,2011-01-10 13:47:00,B2.3,,True,False
220,933,2011-02-17 03:08:00,C2.3,"(40.808574757413396, -21.0)",False,True
211,935,2011-01-11 11:21:00,B1.4,,True,False
212,945,2011-01-13 07:52:00,B1.4,,True,False
221,945,2011-02-18 04:51:00,C4.0,"(-10.16434192436977, 12.0)",False,True
213,947,2011-01-13 11:42:00,B2.8,,True,False
214,952,2011-01-14 00:06:00,B2.3,,True,False
215,953,2011-01-14 03:30:00,C1.6,,True,False
216,954,2011-01-14 13:07:00,C1.0,,True,False
217,955,2011-01-14 15:51:00,B2.2,,True,False
218,956,2011-01-14 17:09:00,B2.2,,True,False
219,957,2011-01-14 18:24:00,B1.8,,True,False
220,958,2011-01-14 22:58:00,B1.8,,True,False
221,959,2011-01-15 00:14:00,B2.7,,True,False
222,960,2011-02-18 18:21:00,C3.2,"(60.726906217141675, -19.0)",False,True
222,960,2011-01-15 06:01:00,B2.3,,True,False
223,961,2011-01-15 06:16:00,B2.6,,True,False
224,962,2011-01-15 06:41:00,B4.1,,True,False
223,963,2011-02-19 01:37:00,C1.3,"(64.93654895851698, -19.0)",False,True
225,963,2011-01-15 08:06:00,B3.0,,True,False
224,964,2011-02-19 02:25:00,C1.8,"(65.39999586582435, -19.0)",False,True
226,964,2011-01-15 09:39:00,B3.7,,True,False
227,965,2011-01-15 10:28:00,B2.8,,True,False
228,966,2011-01-15 12:25:00,B2.2,,True,False
229,967,2011-01-15 13:36:00,B2.3,,True,False
230,968,2011-01-15 14:19:00,C1.1,,True,False
225,971,2011-02-19 15:29:00,C1.5,"(73.06622146595691, -19.0)",False,True
226,972,2011-02-19 16:30:00,C1.9,"(73.65518524399337, -19.0)",False,True
231,975,2011-01-16 15:44:00,B2.4,,True,False
227,975,2011-02-20 01:23:00,C1.2,"(15.809537689478685, 11.0)",False,True
228,976,2011-02-20 03:19:00,C1.4,"(20.924528401826954, 18.0)",False,True
229,978,2011-02-20 18:37:00,B6.2,"(24.84963043732994, 11.0)",False,True
230,979,2011-02-20 19:52:00,B6.8,"(25.581140397702242, 11.0)",False,True
231,980,2011-02-20 23:03:00,B3.2,"(27.444052430117047, 11.0)",False,True
232,981,2011-01-17 12:00:00,B3.4,,True,False
232,981,2011-02-20 23:36:00,B5.2,"(27.765916812680864, 11.0)",False,True
233,982,2011-02-21 01:46:00,B8.8,"(29.033867410659525, 11.0)",False,True
234,984,2011-02-21 03:15:00,C1.8,"(89.87591530689156, -21.0)",False,True
235,985,2011-02-21 04:10:00,C1.5,"(90.40501962421993, -21.0)",False,True
233,988,2011-01-17 23:40:00,B2.2,,True,False
236,991,2011-02-21 18:35:00,C1.4,"(38.83012350505334, 11.0)",False,True
237,992,2011-02-22 10:48:00,B6.5,"(48.32024605761672, 11.0)",False,True
234,1015,2011-01-21 19:10:00,C1.1,,True,False
235,1022,2011-01-22 06:28:00,B1.4,,True,False
236,1031,2011-01-23 01:13:00,B2.3,,True,False
237,1037,2011-01-23 12:29:00,B1.4,,True,False
238,1044,2011-01-24 01:33:00,B1.0,,True,False
239,1051,2011-01-24 11:07:00,B1.4,,True,False
240,1052,2011-01-25 03:28:00,B1.0,,True,False
241,1060,2011-01-26 08:57:00,B1.1,,True,False
242,1066,2011-01-26 21:22:00,B1.0,,True,False
243,1079,2011-01-27 20:03:00,C1.5,,True,False
244,1081,2011-01-28 03:36:00,B5.2,,True,False
245,1084,2011-01-28 13:48:00,B1.6,,True,False
246,1093,2011-01-30 18:36:00,B2.3,,True,False
247,1096,2011-01-31 14:06:00,B1.7,,True,False
238,1119,2011-03-09 15:48:00,C2.6,"(75, -27)",False,True
239,1120,2011-03-09 16:48:00,C2.7,"(-22.16369425353788, 20.0)",False,True
240,1133,2011-03-11 07:03:00,C3.0,"(28, 12)",False,True
248,1148,2011-02-11 04:01:00,B3.1,,True,False
249,1150,2011-02-11 21:57:00,B5.0,,True,False
250,1151,2011-02-11 21:57:00,B8.1,,True,False
251,1152,2011-02-11 23:12:00,B9.6,,True,False
252,1153,2011-02-12 00:12:00,B1.3,,True,False
253,1154,2011-02-12 01:10:00,B8.6,,True,False
254,1155,2011-02-12 02:46:00,B5.2,,True,False
255,1156,2011-02-12 04:21:00,B3.8,,True,False
256,1157,2011-02-12 06:47:00,B3.0,,True,False
257,1158,2011-02-12 10:51:00,B2.3,,True,False
258,1159,2011-02-12 12:22:00,B2.1,,True,False
259,1160,2011-02-12 11:54:00,B1.0,,True,False
241,1161,2011-03-14 07:11:00,B9.9,"(-46, 12)",False,True
260,1162,2011-02-12 16:20:00,B1.2,,True,False
242,1162,2011-03-14 08:15:00,C1.4,"(-39.17645791258776, 12.0)",False,True
261,1163,2011-02-12 17:33:00,B5.6,,True,False
262,1164,2011-02-12 18:26:00,B4.7,,True,False
263,1165,2011-02-12 19:17:00,B5.8,,True,False
264,1166,2011-02-12 19:58:00,B1.7,,True,False
265,1167,2011-02-12 20:36:00,B8.9,,True,False
266,1169,2011-02-13 03:31:00,B5.6,,True,False
267,1170,2011-02-13 06:10:00,B3.2,,True,False
268,1171,2011-02-13 07:29:00,C1.4,,True,False
269,1172,2011-02-13 11:53:00,B5.4,,True,False
243,1173,2011-03-15 04:20:00,B7.5,"(49.51445921846738, 18.0)",False,True
244,1175,2011-03-15 06:57:00,C1.4,"(51.03280574654191, 18.0)",False,True
245,1176,2011-03-15 08:11:00,B6.9,"(-25.22555147470063, 14.0)",False,True
270,1176,2011-02-13 20:45:00,B4.8,,True,False
271,1177,2011-02-13 21:20:00,C1.1,,True,False
272,1178,2011-02-13 21:29:00,B5.1,,True,False
273,1179,2011-02-14 01:37:00,B9.3,,True,False
274,1181,2011-02-14 04:48:00,C7.1,,True,False
275,1185,2011-02-14 12:00:00,C1.7,,True,False
276,1188,2011-02-14 16:53:00,B7.9,,True,False
246,1192,2011-03-19 16:34:00,B2.7,"(35.78492781976415, 11.0)",False,True
277,1193,2011-02-15 00:38:00,C2.7,,True,False
247,1193,2011-03-19 20:16:00,B3.4,"(37.95019730246618, 11.0)",False,True
278,1195,2011-02-15 04:32:00,C4.8,,True,False
248,1195,2011-03-20 07:33:00,B7.1,"(26.40493927079555, 14.0)",False,True
279,1196,2011-02-15 10:07:00,C1.0,,True,False
280,1201,2011-02-16 01:05:00,C2.0,,True,False
281,1202,2011-02-16 01:39:00,M1.0,,True,False
249,1203,2011-03-24 11:20:00,B5.8,"(-51.39570001318668, -15.0)",False,True
282,1204,2011-02-16 05:45:00,C5.9,,True,False
283,1205,2011-02-16 06:22:00,C2.2,,True,False
284,1224,2011-02-17 10:44:00,C2.2,,True,False
250,1229,2011-03-30 07:01:00,B9.6,"(-34.91116133169352, 15.0)",False,True
251,1241,2011-04-02 14:38:00,B4.1,"(6.541740305016055, 15.0)",False,True
285,1263,2011-02-20 06:28:00,B7.9,,True,False
252,1265,2011-04-12 06:07:00,C3.1,"(-21.423757684686276, 12.0)",False,True
253,1272,2011-04-13 10:41:00,C1.4,"(40.217377661731064, 16.0)",False,True
286,1273,2011-02-21 06:10:00,C4.3,,True,False
254,1275,2011-04-13 20:09:00,B9.1,"(-73.23741312628296, 17.0)",False,True
255,1276,2011-04-13 22:59:00,B9.4,"(-71, 15)",False,True
256,1277,2011-04-14 00:48:00,C1.5,"(-1, 11)",False,True
257,1278,2011-04-14 01:35:00,C1.4,"(-70, 16)",False,True
258,1279,2011-04-14 02:58:00,C2.0,"(-70, 15)",False,True
259,1281,2011-04-14 06:18:00,B8.5,"(-67.3387785206279, 17.0)",False,True
260,1288,2011-04-14 18:59:00,B8.2,"(42, 22)",False,True
287,1290,2011-02-24 18:23:00,B5.9,,True,False
288,1291,2011-02-24 19:00:00,B9.1,,True,False
289,1300,2011-02-25 19:01:00,B4.5,,True,False
261,1311,2011-04-16 20:17:00,C1.0,"(90.83402007187237, 14.0)",False,True
262,1315,2011-04-17 08:06:00,B8.0,"(97.72828484669367, 14.0)",False,True
290,1334,2011-02-28 20:16:00,B7.3,,True,False
291,1336,2011-03-01 00:05:00,C1.6,,True,False
292,1344,2011-03-01 19:57:00,C1.6,,True,False
293,1345,2011-03-02 10:06:00,B8.8,,True,False
294,1347,2011-03-03 11:34:00,C1.2,,True,False
263,1353,2011-04-23 02:47:00,B8.6,"(-26.384943501984417, -18.0)",False,True
295,1355,2011-03-05 00:04:00,B7.7,,True,False
296,1359,2011-03-05 09:08:00,C2.2,,True,False
297,1365,2011-03-05 12:41:00,C1.0,,True,False
298,1366,2011-03-05 12:48:00,C1.1,,True,False
299,1371,2011-03-06 00:26:00,C1.6,,True,False
264,1374,2011-04-28 10:47:00,B8.0,"(24.402792953210202, -23.0)",False,True
300,1391,2011-03-06 21:21:00,C1.4,,True,False
265,1392,2011-05-01 12:01:00,B6.6,"(86.02606156195846, -16.0)",False,True
266,1393,2011-05-01 12:50:00,B5.8,"(-44.46894641449876, 19.0)",False,True
267,1397,2011-05-02 14:05:00,C1.2,"(94.17199246001897, 18.0)",False,True
268,1401,2011-05-03 10:52:00,C1.3,"(-31.684877236638584, 17.0)",False,True
269,1407,2011-05-07 15:38:00,B3.3,"(36.137742903056086, 17.0)",False,True
301,1409,2011-03-08 03:58:00,M1.5,,True,False
270,1414,2011-05-11 20:36:00,B3.2,"(19.030350643943663, 19.0)",False,True
302,1418,2011-03-09 02:21:00,C4.7,,True,False
303,1419,2011-03-09 02:33:00,C6.4,,True,False
271,1419,2011-05-15 13:08:00,B3.0,"(-7.217274616872776, -25.0)",False,True
272,1432,2011-05-18 05:33:00,B2.7,"(-76.73734332532962, -16.0)",False,True
304,1435,2011-03-10 19:07:00,C4.0,,True,False
305,1436,2011-03-10 22:41:00,M1.1,,True,False
306,1437,2011-03-11 00:33:00,C1.4,,True,False
307,1438,2011-03-11 01:50:00,C1.1,,True,False
273,1440,2011-05-24 22:37:00,B2.0,"(93.19120405402987, 12.0)",False,True
308,1443,2011-03-11 08:18:00,C1.1,,True,False
274,1445,2011-05-25 22:31:00,B3.0,"(-28.849962764466994, -15.0)",False,True
275,1470,2011-05-29 01:42:00,C4.6,"(90.98934870748295, -16.0)",False,True
276,1471,2011-05-29 01:59:00,C5.9,"(29.146943555951406, 20.0)",False,True
277,1472,2011-05-29 05:31:00,C1.0,"(93.21053355075348, -16.0)",False,True
278,1479,2011-05-30 02:52:00,C3.2,"(42.657767156501194, 20.0)",False,True
309,1500,2011-03-18 02:18:00,B2.8,,True,False
310,1501,2011-03-18 04:05:00,B5.4,,True,False
311,1506,2011-03-20 02:58:00,B4.7,,True,False
312,1508,2011-03-21 11:47:00,C2.6,,True,False
313,1509,2011-03-21 11:57:00,C1.0,,True,False
314,1510,2011-03-21 17:19:00,C4.2,,True,False
315,1511,2011-03-22 03:25:00,C1.9,,True,False
316,1513,2011-03-22 15:50:00,C2.5,,True,False
279,1522,2011-06-11 08:49:00,B2.9,"(-37.868966017073745, -16.0)",False,True
280,1525,2011-06-12 17:14:00,B8.6,"(70.10748700932926, 8.0)",False,True
281,1527,2011-06-13 06:16:00,B9.7,"(-14.348210595526755, -15.0)",False,True
282,1528,2011-06-13 14:45:00,B5.4,"(-12.383220908363088, -16.0)",False,True
283,1529,2011-06-13 15:47:00,B4.7,"(-11.781852086167572, -16.0)",False,True
284,1530,2011-06-13 19:37:00,B5.3,"(-1.559848958421238, 14.0)",False,True
285,1533,2011-06-14 02:12:00,B5.7,"(-5.719666378551482, -16.0)",False,True
317,1540,2011-03-27 15:57:00,B7.4,,True,False
318,1541,2011-03-27 17:03:00,C1.1,,True,False
319,1542,2011-03-27 18:13:00,B7.1,,True,False
286,1566,2011-06-22 04:58:00,B2.8,"(2.8819571042433783, 18.0)",False,True
320,1569,2011-04-06 16:23:00,C1.2,,True,False
321,1571,2011-04-06 18:07:00,C1.9,,True,False
322,1572,2011-04-06 21:45:00,C1.4,,True,False
323,1573,2011-04-07 04:35:00,C1.8,,True,False
324,1574,2011-04-07 04:59:00,C1.5,,True,False
325,1575,2011-04-07 16:39:00,C1.5,,True,False
287,1576,2011-06-27 12:16:00,B3.2,"(35, 20)",False,True
288,1584,2011-06-29 19:52:00,B2.5,"(78.60159274546189, -18.0)",False,True
326,1585,2011-04-11 09:21:00,B9.2,,True,False
327,1586,2011-04-11 13:10:00,B7.2,,True,False
328,1603,2011-04-13 19:11:00,C1.5,,True,False
289,1609,2011-07-07 03:50:00,B1.5,"(48.23380734848097, 15.0)",False,True
290,1613,2011-07-07 09:08:00,B1.7,"(51.32228881290249, 15.0)",False,True
291,1615,2011-07-07 15:58:00,B3.1,"(-63, 16)",False,True
292,1622,2011-07-09 00:28:00,B4.7,"(-32, -25)",False,True
329,1624,2011-04-15 08:11:00,C1.1,,True,False
293,1625,2011-07-11 01:17:00,B3.6,"(-17.252160148552022, 15.0)",False,True
294,1637,2011-07-17 11:32:00,B4.1,"(48, 20)",False,True
330,1637,2011-04-16 06:15:00,C1.7,,True,False
295,1640,2011-07-18 15:17:00,B4.3,"(-16.021221802597832, -22.0)",False,True
331,1641,2011-04-16 16:14:00,B6.8,,True,False
332,1649,2011-04-17 15:40:00,B7.4,,True,False
333,1650,2011-04-17 16:49:00,B7.2,,True,False
334,1651,2011-04-17 19:18:00,C1.3,,True,False
335,1653,2011-04-18 03:48:00,C1.8,,True,False
336,1654,2011-04-18 10:56:00,B6.6,,True,False
337,1659,2011-04-19 02:37:00,B7.8,,True,False
296,1660,2011-07-26 15:56:00,B6.9,"(-78.6945566119779, 16.0)",False,True
338,1665,2011-04-20 18:36:00,C1.5,,True,False
339,1703,2011-04-24 19:26:00,C2.4,,True,False
340,1707,2011-04-26 22:16:00,B4.4,,True,False
341,1708,2011-04-27 02:33:00,C2.0,,True,False
342,1718,2011-04-28 12:47:00,C1.1,,True,False
343,1722,2011-04-29 08:54:00,B4.9,,True,False
344,1727,2011-04-30 05:08:00,B6.8,,True,False
345,1740,2011-05-02 07:16:00,B4.7,,True,False
346,1745,2011-05-03 00:16:00,B7.0,,True,False
347,1752,2011-05-04 17:38:00,B6.8,,True,False
348,1753,2011-05-05 08:45:00,B3.0,,True,False
349,1754,2011-05-05 17:46:00,B2.9,,True,False
350,1757,2011-05-06 08:53:00,B2.9,,True,False
351,1758,2011-05-06 22:22:00,B2.6,,True,False
352,1765,2011-05-09 20:59:00,C5.4,,True,False
353,1769,2011-05-13 13:55:00,B2.2,,True,False
297,1769,2011-08-07 01:03:00,B9.2,"(42.60927281062863, 18.0)",False,True
354,1773,2011-05-15 04:42:00,B1.9,,True,False
355,1774,2011-05-15 07:39:00,B2.5,,True,False
356,1786,2011-05-17 09:05:00,B2.2,,True,False
357,1787,2011-05-17 11:44:00,B2.7,,True,False
358,1794,2011-05-18 18:30:00,C2.0,,True,False
359,1795,2011-05-19 02:03:00,B2.0,,True,False
360,1797,2011-05-19 04:36:00,B3.0,,True,False
361,1800,2011-05-21 16:21:00,B1.1,,True,False
298,1801,2011-08-11 23:09:00,B6.8,"(48.50758766098591, 19.0)",False,True
362,1802,2011-05-21 23:00:00,B1.5,,True,False
363,1803,2011-05-22 10:28:00,B1.3,,True,False
364,1804,2011-05-22 20:07:00,B1.2,,True,False
365,1805,2011-05-23 02:48:00,B1.9,,True,False
299,1810,2011-08-16 15:42:00,B4.2,"(-67.83667851975446, 15.0)",False,True
300,1812,2011-08-17 00:11:00,B3.8,"(-62.89316573550743, 15.0)",False,True
366,1812,2011-05-26 00:25:00,B1.3,,True,False
367,1818,2011-05-27 16:01:00,B3.9,,True,False
368,1828,2011-05-28 07:11:00,C2.1,,True,False
369,1835,2011-05-28 15:25:00,C1.2,,True,False
301,1836,2011-08-21 20:20:00,B3.5,"(-59.12761933870316, 18.0)",False,True
370,1839,2011-05-28 19:53:00,C1.2,,True,False
371,1841,2011-05-28 23:00:00,C2.4,,True,False
372,1842,2011-05-28 23:46:00,C1.4,,True,False
373,1843,2011-05-29 00:14:00,C2.1,,True,False
374,1847,2011-05-29 06:17:00,C1.8,,True,False
375,1848,2011-05-29 07:16:00,B9.4,,True,False
376,1850,2011-05-29 08:33:00,C2.4,,True,False
377,1851,2011-05-29 09:00:00,C1.6,,True,False
378,1861,2011-05-30 20:07:00,B6.7,,True,False
302,1863,2011-08-26 13:33:00,B9.0,"(-67.10365227821707, 13.0)",False,True
303,1865,2011-08-27 04:46:00,B8.7,"(-2.2027148366474427, 7.0)",False,True
304,1872,2011-08-30 08:39:00,B5.0,"(50.09301176842902, 18.0)",False,True
305,1879,2011-09-02 00:09:00,B6.3,"(-11.913419293528083, -21.0)",False,True
379,1893,2011-06-08 13:53:00,B3.0,,True,False
380,1901,2011-06-10 22:28:00,B4.1,,True,False
381,1904,2011-06-11 19:23:00,B4.0,,True,False
382,1913,2011-06-13 20:19:00,B5.9,,True,False
383,1915,2011-06-14 00:16:00,B4.6,,True,False
384,1918,2011-06-14 07:45:00,B3.0,,True,False
306,1918,2011-09-10 17:19:00,B8.1,"(-0.8417150387928243, 23.0)",False,True
307,1925,2011-09-12 02:26:00,C1.7,"(-64.57283065438871, 8.0)",False,True
385,1926,2011-06-15 17:18:00,B6.3,,True,False
308,1926,2011-09-12 03:29:00,C2.0,"(-63.956997306624935, 8.0)",False,True
386,1929,2011-06-16 06:23:00,C1.2,,True,False
387,1931,2011-06-16 12:08:00,C1.8,,True,False
388,1950,2011-06-19 15:57:00,B6.5,,True,False
309,1956,2011-09-17 08:08:00,C1.4,"(73.75053000282286, -13.0)",False,True
389,1962,2011-06-25 00:14:00,B3.0,,True,False
310,1967,2011-09-20 06:56:00,C2.0,"(-58, 21)",False,True
311,1975,2011-09-21 07:41:00,C1.9,"(40, 24)",False,True
390,1976,2011-07-01 01:08:00,B2.8,,True,False
312,1977,2011-09-21 12:23:00,M1.8,"(-47.71781225628681, 20.0)",False,True
391,1978,2011-07-01 06:15:00,B2.2,,True,False
392,1986,2011-07-03 06:31:00,B2.5,,True,False
393,1992,2011-07-04 03:29:00,B1.9,,True,False
394,1993,2011-07-04 06:57:00,B1.9,,True,False
395,1996,2011-07-04 20:27:00,B1.5,,True,False
313,1999,2011-09-24 07:04:00,C5.9,"(76, 24)",False,True
396,2002,2011-07-06 23:54:00,B3.5,,True,False
397,2012,2011-07-07 14:32:00,B7.6,,True,False
398,2014,2011-07-07 16:34:00,B2.6,,True,False
399,2015,2011-07-07 20:14:00,B3.4,,True,False
400,2016,2011-07-07 20:28:00,B6.4,,True,False
314,2021,2011-09-26 01:47:00,C9.5,"(78, -28)",False,True
401,2028,2011-07-12 00:28:00,B5.1,,True,False
402,2031,2011-07-12 23:39:00,B5.0,,True,False
403,2032,2011-07-13 00:50:00,B3.3,,True,False
404,2033,2011-07-13 01:29:00,B4.9,,True,False
405,2036,2011-07-13 17:08:00,B3.5,,True,False
406,2037,2011-07-13 21:38:00,B4.3,,True,False
407,2040,2011-07-15 15:32:00,B2.3,,True,False
408,2041,2011-07-15 21:38:00,B3.6,,True,False
409,2050,2011-07-18 21:14:00,B4.4,,True,False
315,2052,2011-10-02 06:34:00,C2.4,"(48, 15)",False,True
410,2055,2011-07-20 03:18:00,B3.2,,True,False
411,2059,2011-07-20 20:04:00,B4.0,,True,False
412,2060,2011-07-20 21:17:00,B4.0,,True,False
413,2064,2011-07-22 09:55:00,B5.0,,True,False
414,2069,2011-07-25 10:20:00,B4.2,,True,False
415,2070,2011-07-25 16:28:00,B7.2,,True,False
316,2074,2011-10-08 09:17:00,B7.0,"(-33.59738009737254, -16.0)",False,True
416,2075,2011-07-26 09:55:00,B5.8,,True,False
317,2078,2011-10-10 04:45:00,B8.8,"(-69.28922862663572, 26.0)",False,True
417,2079,2011-07-26 23:59:00,B8.9,,True,False
318,2086,2011-10-12 06:18:00,C4.4,"(-41.41430541952765, 27.0)",False,True
319,2089,2011-10-12 10:40:00,C1.7,"(-38.92898272089338, 27.0)",False,True
418,2091,2011-07-28 01:31:00,C1.8,,True,False
320,2093,2011-10-12 16:31:00,C1.3,"(-46.38903449437992, 8.0)",False,True
419,2095,2011-07-28 06:29:00,B8.5,,True,False
321,2097,2011-10-12 19:50:00,C1.4,"(-35.38392431628557, 25.0)",False,True
420,2102,2011-07-28 15:27:00,C4.1,,True,False
421,2121,2011-07-29 22:02:00,B7.0,,True,False
422,2122,2011-07-29 22:38:00,B6.9,,True,False
423,2123,2011-07-30 00:53:00,B5.3,,True,False
424,2127,2011-07-30 18:14:00,B5.3,,True,False
425,2130,2011-07-31 01:47:00,C1.0,,True,False
426,2133,2011-07-31 14:06:00,B5.4,,True,False
427,2139,2011-07-31 22:54:00,C1.5,,True,False
428,2141,2011-08-01 00:07:00,C1.0,,True,False
429,2143,2011-08-01 01:45:00,B9.0,,True,False
322,2144,2011-10-23 05:31:00,C2.1,"(-62.75857395590101, 4.0)",False,True
430,2145,2011-08-01 08:14:00,C1.4,,True,False
323,2149,2011-10-27 01:02:00,B6.9,"(-17.394337900270276, 9.0)",False,True
324,2159,2011-10-30 09:39:00,C2.4,"(26, 6)",False,True
325,2160,2011-10-30 10:10:00,C2.1,"(-34, 12)",False,True
431,2160,2011-08-02 19:34:00,B8.5,,True,False
432,2162,2011-08-03 02:38:00,C1.2,,True,False
326,2164,2011-10-30 21:16:00,C1.5,"(-26.596489591112597, 13.0)",False,True
327,2166,2011-10-30 22:50:00,C1.2,"(-25.681428484011473, 13.0)",False,True
328,2168,2011-10-31 05:21:00,C2.7,"(-21.875163666175954, 13.0)",False,True
329,2169,2011-10-31 07:59:00,C1.3,"(87.66291776916424, 13.0)",False,True
433,2183,2011-08-04 22:08:00,C1.2,,True,False
434,2201,2011-08-06 18:07:00,C1.4,,True,False
435,2207,2011-08-07 03:43:00,C1.4,,True,False
436,2209,2011-08-07 06:23:00,B9.7,,True,False
437,2223,2011-08-08 20:54:00,B6.9,,True,False
330,2231,2011-11-12 16:43:00,C1.8,"(54.78070211472245, -19.0)",False,True
438,2231,2011-08-09 17:02:00,B8.6,,True,False
439,2232,2011-08-09 18:11:00,C2.0,,True,False
440,2234,2011-08-10 08:45:00,B4.7,,True,False
441,2239,2011-08-10 15:24:00,C1.5,,True,False
442,2241,2011-08-11 04:26:00,B6.9,,True,False
331,2245,2011-11-14 23:58:00,C4.2,"(-28.019550265008373, 8.0)",False,True
443,2247,2011-08-13 22:55:00,B1.8,,True,False
444,2248,2011-08-15 03:09:00,B5.4,,True,False
332,2251,2011-11-16 00:07:00,C1.7,"(-26.932303021041264, -18.0)",False,True
445,2252,2011-08-15 19:43:00,B7.7,,True,False
333,2260,2011-11-16 23:48:00,C5.0,"(-20, -12)",False,True
334,2261,2011-11-17 01:33:00,C2.6,"(-9.100597279548207, -18.0)",False,True
335,2263,2011-11-17 14:00:00,C3.1,"(-60, -23)",False,True
446,2264,2011-08-17 15:41:00,B6.8,,True,False
447,2266,2011-08-17 18:34:00,B3.7,,True,False
448,2269,2011-08-18 04:02:00,B5.7,,True,False
449,2271,2011-08-18 11:32:00,B5.2,,True,False
450,2277,2011-08-20 12:01:00,B5.7,,True,False
451,2280,2011-08-20 18:44:00,B7.1,,True,False
452,2283,2011-08-21 00:51:00,B4.3,,True,False
453,2285,2011-08-21 12:20:00,B6.1,,True,False
454,2297,2011-08-22 11:56:00,B5.6,,True,False
455,2298,2011-08-22 12:10:00,B6.2,,True,False
456,2300,2011-08-22 18:54:00,B5.5,,True,False
336,2302,2011-11-26 08:24:00,C1.5,"(39.9266667821102, 8.0)",False,True
457,2303,2011-08-23 05:53:00,B5.4,,True,False
458,2304,2011-08-23 15:51:00,B4.0,,True,False
459,2309,2011-08-24 18:20:00,B4.5,,True,False
460,2318,2011-08-26 00:45:00,B4.4,,True,False
461,2321,2011-08-26 06:43:00,B6.5,,True,False
462,2322,2011-08-26 08:30:00,B4.0,,True,False
463,2325,2011-08-26 12:15:00,B4.4,,True,False
337,2329,2011-12-04 19:49:00,C1.3,"(-38.42742024552043, -18.0)",False,True
338,2331,2011-12-05 04:52:00,C1.2,"(-33.17606887772126, -18.0)",False,True
464,2332,2011-08-29 07:21:00,C3.7,,True,False
465,2333,2011-08-29 08:27:00,B6.7,,True,False
466,2334,2011-08-29 11:17:00,C2.9,,True,False
467,2335,2011-08-29 16:00:00,C1.1,,True,False
339,2336,2011-12-05 18:09:00,B9.6,"(67.60548005506904, 18.0)",False,True
468,2336,2011-08-29 21:47:00,C1.7,,True,False
469,2341,2011-08-30 06:43:00,C1.5,,True,False
470,2343,2011-08-30 09:23:00,B8.8,,True,False
471,2344,2011-08-30 12:08:00,B7.5,,True,False
472,2345,2011-08-30 14:13:00,C1.5,,True,False
473,2347,2011-08-31 01:30:00,B3.9,,True,False
474,2350,2011-08-31 14:26:00,B5.5,,True,False
475,2351,2011-09-01 01:26:00,B5.3,,True,False
340,2353,2011-12-13 22:02:00,C1.0,"(-53.13516926263181, 21.0)",False,True
476,2374,2011-09-04 19:19:00,B8.9,,True,False
477,2375,2011-09-04 19:34:00,B9.5,,True,False
478,2376,2011-09-04 19:47:00,C1.4,,True,False
479,2377,2011-09-05 00:37:00,C7.9,,True,False
480,2379,2011-09-05 06:54:00,C2.8,,True,False
481,2384,2011-09-07 14:48:00,B7.9,,True,False
482,2385,2011-09-07 18:28:00,B9.1,,True,False
483,2386,2011-09-07 20:06:00,C3.0,,True,False
484,2413,2011-09-13 04:19:00,C1.1,,True,False
485,2414,2011-09-13 18:01:00,C1.5,,True,False
341,2418,2011-12-27 08:22:00,C3.8,"(45, -23)",False,True
486,2426,2011-09-15 02:08:00,C1.5,,True,False
487,2428,2011-09-15 03:08:00,C1.9,,True,False
488,2429,2011-09-15 04:32:00,C1.3,,True,False
489,2430,2011-09-15 10:59:00,C1.4,,True,False
490,2431,2011-09-15 16:26:00,C3.0,,True,False
491,2433,2011-09-15 20:38:00,C1.3,,True,False
492,2435,2011-09-15 22:53:00,C1.7,,True,False
493,2443,2011-09-16 15:31:00,C2.0,,True,False
494,2447,2011-09-16 18:44:00,C2.2,,True,False
495,2452,2011-09-17 10:50:00,C1.1,,True,False
496,2453,2011-09-18 01:30:00,C1.6,,True,False
497,2454,2011-09-18 04:02:00,C1.2,,True,False
342,2462,2012-01-04 02:22:00,B6.4,"(43.38613714185652, 10.0)",False,True
343,2463,2012-01-04 09:02:00,C1.5,"(-3.7761058207927514, 20.0)",False,True
498,2467,2011-09-20 12:19:00,C1.7,,True,False
499,2470,2011-09-20 16:33:00,C1.5,,True,False
344,2475,2012-01-08 15:00:00,C1.3,"(69.79538218307765, -20.0)",False,True
500,2481,2011-09-21 16:16:00,C2.3,,True,False
501,2482,2011-09-21 16:49:00,C2.1,,True,False
345,2486,2012-01-11 01:47:00,C1.6,"(-33.97271370386622, 22.0)",False,True
502,2491,2011-09-23 00:33:00,C9.6,,True,False
503,2497,2011-09-23 18:22:00,C3.0,,True,False
504,2504,2011-09-24 07:23:00,C3.1,,True,False
346,2518,2012-01-18 12:30:00,B9.6,"(-23.610432361015086, -23.0)",False,True
505,2524,2011-09-25 22:19:00,C8.6,,True,False
506,2532,2011-09-26 10:01:00,C3.3,,True,False
347,2533,2012-01-24 17:08:00,C1.3,"(48.00380718153947, 16.0)",False,True
507,2537,2011-09-27 01:21:00,C1.1,,True,False
508,2540,2011-09-27 10:54:00,C1.8,,True,False
509,2541,2011-09-27 11:47:00,C1.3,,True,False
348,2541,2012-01-28 15:34:00,C1.0,"(-42.907945548885984, 16.0)",False,True
349,2542,2012-01-30 03:23:00,B5.1,"(-35.0400057878459, 19.0)",False,True
350,2543,2012-01-30 04:40:00,C1.3,"(-34.29655970737365, 19.0)",False,True
510,2544,2011-09-27 22:50:00,C1.7,,True,False
511,2545,2011-09-28 02:29:00,B9.5,,True,False
512,2551,2011-09-29 00:05:00,B7.7,,True,False
513,2552,2011-09-29 00:22:00,C1.0,,True,False
514,2557,2011-09-30 12:35:00,B7.3,,True,False
515,2558,2011-09-30 13:49:00,B7.6,,True,False
516,2569,2011-10-02 08:23:00,C1.0,,True,False
517,2570,2011-10-02 11:05:00,B9.1,,True,False
351,2574,2012-02-11 10:44:00,C1.5,"(-3.7623634055141846, -17.0)",False,True
352,2575,2012-02-11 12:14:00,B7.2,"(-4.816531594979287, -19.0)",False,True
518,2585,2011-10-05 22:37:00,B8.7,,True,False
519,2587,2011-10-06 09:44:00,C1.9,,True,False
520,2588,2011-10-06 21:23:00,B8.5,,True,False
521,2590,2011-10-06 23:17:00,B8.9,,True,False
522,2594,2011-10-07 04:03:00,C2.5,,True,False
523,2595,2011-10-07 06:36:00,B8.3,,True,False
353,2596,2012-02-20 01:49:00,B7.2,"(-1, 15)",False,True
524,2596,2011-10-07 08:32:00,B9.1,,True,False
525,2597,2011-10-07 18:57:00,C2.6,,True,False
526,2598,2011-10-07 19:56:00,B6.7,,True,False
354,2605,2012-02-25 15:56:00,B4.6,"(-56.731164132026464, 8.0)",False,True
527,2605,2011-10-09 19:50:00,B6.0,,True,False
528,2607,2011-10-10 05:11:00,B6.5,,True,False
529,2611,2011-10-10 14:02:00,B5.3,,True,False
530,2614,2011-10-11 00:35:00,B5.8,,True,False
355,2629,2012-03-05 01:06:00,C4.7,"(-38, 20)",False,True
531,2636,2011-10-13 15:18:00,C1.6,,True,False
532,2638,2011-10-14 00:03:00,C1.5,,True,False
533,2639,2011-10-14 05:20:00,B6.8,,True,False
534,2644,2011-10-14 19:43:00,C1.1,,True,False
535,2655,2011-10-15 17:30:00,C1.3,,True,False
536,2657,2011-10-15 20:47:00,C3.9,,True,False
537,2663,2011-10-16 12:19:00,C1.8,,True,False
356,2667,2012-03-10 07:02:00,C1.9,"(32, -19)",False,True
538,2667,2011-10-16 15:57:00,C4.4,,True,False
539,2668,2011-10-16 17:37:00,C1.9,,True,False
540,2669,2011-10-17 07:21:00,C1.6,,True,False
541,2670,2011-10-17 08:28:00,C2.1,,True,False
542,2671,2011-10-17 09:32:00,C1.8,,True,False
543,2673,2011-10-18 06:43:00,C2.0,,True,False
544,2674,2011-10-19 01:36:00,C1.1,,True,False
545,2680,2011-10-20 02:03:00,C1.5,,True,False
546,2681,2011-10-20 03:25:00,M1.6,,True,False
547,2694,2011-10-25 03:41:00,B9.5,,True,False
548,2696,2011-10-25 22:35:00,B7.3,,True,False
549,2697,2011-10-26 05:06:00,B8.6,,True,False
550,2708,2011-10-29 14:29:00,C1.0,,True,False
357,2709,2012-03-21 06:28:00,B3.7,"(69.73961428327013, -20.0)",False,True
358,2710,2012-03-21 06:44:00,B9.5,"(69.89382518154932, -20.0)",False,True
551,2710,2011-10-29 20:48:00,C1.2,,True,False
359,2714,2012-03-22 17:50:00,C1.1,"(34.47179201189735, -25.0)",False,True
552,2722,2011-10-31 15:08:00,M1.1,,True,False
360,2722,2012-03-25 14:58:00,B5.8,"(-12, -15)",False,True
553,2723,2011-10-31 18:08:00,M1.4,,True,False
361,2724,2012-03-26 06:42:00,C1.4,"(-11, 12)",False,True
554,2725,2011-11-01 00:28:00,C2.7,,True,False
362,2725,2012-03-26 11:37:00,B4.0,"(33.67749471830074, 23.0)",False,True
555,2728,2011-11-01 18:26:00,C4.1,,True,False
556,2729,2011-11-01 20:08:00,C2.7,,True,False
557,2731,2011-11-02 02:52:00,C5.1,,True,False
363,2733,2012-03-27 06:31:00,B3.8,"(7.761450692279984, 21.0)",False,True
558,2748,2011-11-03 18:09:00,C2.2,,True,False
364,2752,2012-04-03 21:23:00,B4.3,"(-12.678134871359553, 17.0)",False,True
559,2756,2011-11-04 01:01:00,C5.4,,True,False
560,2757,2011-11-04 03:53:00,C8.6,,True,False
561,2758,2011-11-04 10:55:00,C1.8,,True,False
365,2759,2012-04-05 00:00:00,C1.1,"(19.0, 17.0)",False,True
366,2765,2012-04-08 02:54:00,B3.7,"(24.685324173044304, 17.0)",False,True
562,2769,2011-11-06 00:13:00,C1.5,,True,False
563,2771,2011-11-06 04:26:00,C1.6,,True,False
564,2772,2011-11-06 06:07:00,C1.5,,True,False
565,2781,2011-11-07 00:17:00,C2.3,,True,False
566,2790,2011-11-10 01:46:00,C2.1,,True,False
567,2799,2011-11-12 18:51:00,C1.8,,True,False
367,2810,2012-04-22 09:15:00,B9.9,"(-2.591786144416573, 12.0)",False,True
368,2811,2012-04-22 09:28:00,C1.0,"(-2.4651072613128173, 12.0)",False,True
568,2814,2011-11-15 08:16:00,C1.6,,True,False
569,2817,2011-11-15 15:05:00,C2.2,,True,False
570,2819,2011-11-15 18:34:00,C1.7,,True,False
369,2820,2012-04-23 12:13:00,C1.0,"(13.174862537266282, 12.0)",False,True
571,2822,2011-11-15 23:44:00,C2.4,,True,False
572,2831,2011-11-16 19:53:00,C5.2,,True,False
573,2835,2011-11-17 05:15:00,C1.3,,True,False
574,2837,2011-11-17 09:52:00,C2.1,,True,False
575,2838,2011-11-17 10:59:00,C1.1,,True,False
576,2839,2011-11-17 11:55:00,C1.7,,True,False
577,2840,2011-11-17 13:29:00,C2.4,,True,False
578,2842,2011-11-17 15:59:00,C2.0,,True,False
579,2843,2011-11-18 06:53:00,C2.5,,True,False
370,2846,2012-04-28 14:14:00,C1.1,"(46, 13)",False,True
580,2847,2011-11-19 00:04:00,C2.0,,True,False
581,2848,2011-11-19 01:27:00,C1.0,,True,False
582,2851,2011-11-19 11:48:00,C1.4,,True,False
583,2854,2011-11-19 22:28:00,C4.5,,True,False
584,2855,2011-11-19 23:07:00,C1.5,,True,False
585,2856,2011-11-20 05:09:00,C1.7,,True,False
586,2862,2011-11-20 15:27:00,C1.2,,True,False
587,2865,2011-11-20 17:57:00,C1.4,,True,False
588,2867,2011-11-21 00:10:00,C3.1,,True,False
589,2868,2011-11-21 04:42:00,B8.8,,True,False
590,2870,2011-11-21 06:27:00,B9.4,,True,False
371,2878,2012-05-04 14:50:00,C1.5,"(5, -18)",False,True
372,2879,2012-05-04 19:28:00,C1.8,"(17.358280005274676, -15.0)",False,True
373,2880,2012-05-04 21:02:00,C1.6,"(-47, 14)",False,True
591,2887,2011-11-23 13:56:00,B7.9,,True,False
592,2888,2011-11-23 19:43:00,B7.8,,True,False
593,2889,2011-11-24 02:51:00,B7.1,,True,False
594,2892,2011-11-24 21:18:00,C1.2,,True,False
595,2893,2011-11-24 23:25:00,C1.9,,True,False
374,2896,2012-05-06 02:50:00,C1.5,"(78.61695134551553, -26.0)",False,True
596,2906,2011-11-28 00:12:00,C1.0,,True,False
597,2908,2011-11-28 03:11:00,C1.5,,True,False
598,2909,2011-11-28 13:26:00,C2.2,,True,False
375,2909,2012-05-06 23:14:00,C1.1,"(-63.44903034172817, 10.0)",False,True
599,2910,2011-11-28 14:15:00,B9.8,,True,False
600,2911,2011-11-28 15:00:00,C1.2,,True,False
376,2920,2012-05-08 08:04:00,B7.3,"(1.7115912323079083, 13.0)",False,True
601,2926,2011-12-01 10:45:00,C1.4,,True,False
602,2928,2011-12-02 04:04:00,B9.6,,True,False
603,2929,2011-12-02 04:53:00,C1.2,,True,False
604,2930,2011-12-02 10:16:00,C1.1,,True,False
605,2931,2011-12-02 22:05:00,C1.7,,True,False
606,2934,2011-12-04 08:37:00,C1.2,,True,False
377,2940,2012-05-10 00:51:00,B8.5,"(23.494674353741473, 16.0)",False,True
607,2941,2011-12-05 12:39:00,B8.9,,True,False
608,2947,2011-12-07 06:05:00,C1.9,,True,False
609,2948,2011-12-07 09:12:00,B8.8,,True,False
610,2955,2011-12-10 22:38:00,B8.6,,True,False
611,2960,2011-12-11 15:46:00,B7.9,,True,False
612,2962,2011-12-12 10:13:00,B9.2,,True,False
613,2963,2011-12-12 13:40:00,B8.0,,True,False
614,2964,2011-12-12 18:59:00,B9.3,,True,False
615,2965,2011-12-12 20:42:00,B8.6,,True,False
616,2978,2011-12-14 09:19:00,C2.3,,True,False
617,2980,2011-12-14 14:59:00,C7.5,,True,False
378,2984,2012-05-14 00:45:00,C1.0,"(68, -23)",False,True
618,2985,2011-12-15 06:36:00,C1.3,,True,False
619,2987,2011-12-16 20:58:00,B4.5,,True,False
620,2988,2011-12-16 23:15:00,B3.9,,True,False
621,2990,2011-12-17 21:38:00,B4.3,,True,False
622,2997,2011-12-18 07:13:00,B5.5,,True,False
623,3002,2011-12-19 21:26:00,B6.2,,True,False
624,3007,2011-12-20 18:21:00,C1.4,,True,False
625,3009,2011-12-20 22:02:00,C2.3,,True,False
379,3015,2012-05-23 11:08:00,B7.1,"(49.52070148422644, 10.0)",False,True
380,3016,2012-05-24 20:09:00,C3.9,"(-30, 11)",False,True
626,3028,2011-12-22 13:20:00,C1.9,,True,False
627,3029,2011-12-23 04:15:00,C1.8,,True,False
381,3033,2012-05-30 08:50:00,C1.0,"(-91.7938182606365, -16.0)",False,True
628,3036,2011-12-24 19:19:00,C1.5,,True,False
629,3040,2011-12-25 17:01:00,C2.2,,True,False
630,3051,2011-12-27 17:30:00,C1.5,,True,False
631,3053,2011-12-27 19:36:00,C1.7,,True,False
632,3054,2011-12-27 22:26:00,C6.7,,True,False
382,3058,2012-06-06 02:19:00,C1.8,"(-4.6536778157864465, -17.0)",False,True
633,3059,2011-12-28 10:52:00,B9.6,,True,False
634,3060,2011-12-28 11:53:00,C1.1,,True,False
635,3061,2011-12-28 12:13:00,B8.7,,True,False
636,3062,2011-12-28 13:10:00,C2.0,,True,False
637,3064,2011-12-28 16:10:00,C3.1,,True,False
383,3066,2012-06-06 00:00:00,C1.0,"(6, -19)",False,True
638,3066,2011-12-28 19:51:00,C1.3,,True,False
384,3068,2012-06-07 00:41:00,C1.2,"(6.396510876758317, -18.0)",False,True
639,3070,2011-12-28 22:58:00,B8.6,,True,False
640,3071,2011-12-29 03:19:00,C1.2,,True,False
385,3071,2012-06-07 03:29:00,C1.0,"(20.032300899771016, 14.0)",False,True
641,3073,2011-12-29 05:21:00,C1.2,,True,False
642,3078,2011-12-29 10:54:00,B8.9,,True,False
643,3079,2011-12-29 11:41:00,C1.0,,True,False
386,3082,2012-06-09 10:32:00,C1.5,"(29.138114105391196, 15.0)",False,True
644,3083,2011-12-29 18:17:00,C1.5,,True,False
387,3087,2012-06-10 18:15:00,C1.3,"(-59, -17)",False,True
645,3088,2011-12-29 23:45:00,C1.0,,True,False
646,3090,2011-12-30 03:57:00,C1.1,,True,False
647,3091,2011-12-30 04:36:00,C1.9,,True,False
648,3092,2011-12-30 05:07:00,C1.8,,True,False
649,3096,2011-12-30 12:20:00,C1.3,,True,False
650,3099,2011-12-30 20:24:00,C4.4,,True,False
388,3101,2012-06-12 04:20:00,C1.0,"(-49, 11)",False,True
389,3102,2012-06-12 05:16:00,B8.5,"(-49, 12)",False,True
390,3104,2012-06-12 05:55:00,C1.0,"(63.44332148192594, 16.0)",False,True
651,3106,2012-01-01 04:50:00,B8.1,,True,False
652,3108,2012-01-01 13:26:00,B8.0,,True,False
653,3109,2012-01-01 18:59:00,B8.9,,True,False
654,3110,2012-01-01 23:36:00,C1.3,,True,False
655,3111,2012-01-02 03:00:00,B7.6,,True,False
656,3114,2012-01-02 08:02:00,B8.4,,True,False
391,3116,2012-06-13 02:27:00,C1.2,"(-0.6055632187051978, -27.0)",False,True
657,3116,2012-01-02 11:18:00,B8.2,,True,False
658,3117,2012-01-02 15:24:00,C2.4,,True,False
392,3123,2012-06-13 15:27:00,C6.2,"(8.108187302982003, -25.0)",False,True
659,3128,2012-01-06 17:06:00,B6.8,,True,False
660,3131,2012-01-07 02:30:00,C1.1,,True,False
661,3132,2012-01-07 04:53:00,C1.6,,True,False
662,3134,2012-01-08 02:27:00,C4.9,,True,False
663,3136,2012-01-08 04:38:00,C1.2,,True,False
664,3142,2012-01-08 20:22:00,B7.6,,True,False
665,3159,2012-01-12 10:01:00,C2.5,,True,False
666,3162,2012-01-13 09:23:00,B8.2,,True,False
667,3169,2012-01-15 01:30:00,C1.5,,True,False
393,3171,2012-06-27 19:23:00,B8.5,"(-60.69028102404013, 15.0)",False,True
668,3172,2012-01-15 11:01:00,C1.0,,True,False
669,3173,2012-01-15 23:59:00,C1.1,,True,False
670,3191,2012-01-19 03:55:00,C1.2,,True,False
671,3195,2012-01-20 15:01:00,B9.1,,True,False
672,3197,2012-01-20 23:33:00,C1.4,,True,False
673,3198,2012-01-21 13:42:00,C2.4,,True,False
674,3200,2012-01-22 02:57:00,C7.1,,True,False
394,3201,2012-07-01 07:16:00,C5.4,"(-30, 17)",False,True
675,3203,2012-01-22 19:18:00,B9.5,,True,False
676,3208,2012-01-24 04:33:00,C1.0,,True,False
677,3215,2012-01-26 10:11:00,C2.7,,True,False
395,3216,2012-07-02 12:28:00,C1.8,"(-1, -21)",False,True
678,3217,2012-01-26 22:02:00,C1.8,,True,False
679,3218,2012-01-27 01:24:00,C1.7,,True,False
680,3219,2012-01-27 04:10:00,C2.1,,True,False
681,3221,2012-01-27 12:06:00,C1.4,,True,False
682,3222,2012-01-27 13:05:00,C1.0,,True,False
683,3227,2012-01-30 21:48:00,B4.9,,True,False
684,3233,2012-02-02 11:54:00,B5.0,,True,False
685,3239,2012-02-06 11:23:00,B3.9,,True,False
686,3240,2012-02-06 13:14:00,B6.8,,True,False
687,3242,2012-02-06 15:18:00,B5.2,,True,False
688,3243,2012-02-06 16:23:00,B6.2,,True,False
689,3244,2012-02-06 16:54:00,B6.6,,True,False
690,3252,2012-02-07 12:38:00,B5.2,,True,False
691,3253,2012-02-07 17:34:00,C6.8,,True,False
692,3255,2012-02-08 07:14:00,B8.1,,True,False
693,3260,2012-02-09 22:07:00,B7.5,,True,False
694,3263,2012-02-10 08:13:00,B3.2,,True,False
396,3264,2012-07-05 04:45:00,C9.1,"(-73.22868059122135, -14.0)",False,True
397,3266,2012-07-05 07:45:00,M1.3,"(-71.47837359620324, -14.0)",False,True
695,3267,2012-02-10 21:04:00,B8.6,,True,False
696,3270,2012-02-11 08:55:00,C1.4,,True,False
697,3271,2012-02-11 10:04:00,C7.9,,True,False
698,3275,2012-02-11 16:05:00,C2.7,,True,False
699,3283,2012-02-12 11:06:00,B5.2,,True,False
700,3287,2012-02-12 21:55:00,B5.1,,True,False
701,3288,2012-02-12 23:10:00,B3.4,,True,False
702,3290,2012-02-13 00:22:00,B3.7,,True,False
703,3295,2012-02-15 07:45:00,B4.0,,True,False
704,3296,2012-02-18 13:16:00,B3.7,,True,False
398,3302,2012-07-07 13:06:00,C3.2,"(56.665505694419686, -17.0)",False,True
399,3303,2012-07-07 13:14:00,C3.9,"(56.74299186329529, -17.0)",False,True
400,3304,2012-07-07 13:49:00,C3.7,"(59, -20)",False,True
705,3309,2012-02-24 00:49:00,B4.5,,True,False
706,3310,2012-02-24 13:24:00,B4.7,,True,False
707,3313,2012-02-25 20:50:00,B4.0,,True,False
708,3314,2012-02-25 22:11:00,B4.8,,True,False
709,3316,2012-02-26 04:10:00,B3.5,,True,False
710,3317,2012-02-26 09:55:00,B5.2,,True,False
711,3322,2012-02-28 00:19:00,B6.6,,True,False
401,3323,2012-07-09 07:13:00,C4.5,"(63, 16)",False,True
712,3323,2012-02-28 08:07:00,B6.7,,True,False
713,3326,2012-02-29 15:25:00,B4.3,,True,False
714,3331,2012-03-02 03:13:00,B4.1,,True,False
715,3333,2012-03-02 23:43:00,B7.7,,True,False
716,3334,2012-03-03 01:02:00,C1.4,,True,False
717,3336,2012-03-03 05:20:00,C1.2,,True,False
402,3338,2012-07-10 15:45:00,C5.6,"(-23.801251080431943, -16.0)",False,True
718,3338,2012-03-03 15:15:00,B3.8,,True,False
719,3341,2012-03-04 00:34:00,B7.0,,True,False
720,3353,2012-03-05 14:29:00,C1.2,,True,False
403,3356,2012-07-13 22:35:00,C2.1,"(44.17554274376421, -16.0)",False,True
721,3358,2012-03-05 17:28:00,C1.5,,True,False
722,3368,2012-03-06 01:18:00,C3.5,,True,False
404,3370,2012-07-16 13:10:00,C2.2,"(51.69532686407927, -16.0)",False,True
723,3374,2012-03-06 05:52:00,C3.0,,True,False
724,3375,2012-03-06 06:50:00,C2.6,,True,False
405,3376,2012-07-17 17:15:00,M1.7,"(65, -28)",False,True
725,3380,2012-03-06 16:50:00,C4.2,,True,False
726,3381,2012-03-06 17:20:00,C1.5,,True,False
727,3382,2012-03-06 19:46:00,C2.7,,True,False
728,3383,2012-03-06 21:11:00,M1.3,,True,False
729,3384,2012-03-06 21:56:00,C1.8,,True,False
730,3390,2012-03-08 10:23:00,C1.7,,True,False
731,3392,2012-03-08 19:31:00,C2.0,,True,False
406,3392,2012-07-24 09:13:00,B4.4,"(-76.56411264128417, -19.0)",False,True
732,3393,2012-03-08 20:22:00,C1.7,,True,False
733,3394,2012-03-08 23:27:00,C1.4,,True,False
734,3395,2012-03-09 00:37:00,C1.0,,True,False
735,3396,2012-03-09 01:28:00,C2.0,,True,False
736,3397,2012-03-09 02:00:00,C4.7,,True,False
737,3398,2012-03-09 03:04:00,C1.2,,True,False
738,3400,2012-03-09 10:23:00,C2.7,,True,False
739,3401,2012-03-09 16:06:00,C1.5,,True,False
740,3403,2012-03-09 18:03:00,C1.8,,True,False
741,3408,2012-03-10 04:46:00,C1.1,,True,False
742,3409,2012-03-10 05:55:00,C1.8,,True,False
743,3412,2012-03-10 08:05:00,C2.0,,True,False
744,3418,2012-03-11 06:44:00,C1.2,,True,False
745,3419,2012-03-11 07:28:00,C1.0,,True,False
746,3421,2012-03-11 14:02:00,B8.8,,True,False
747,3422,2012-03-12 00:11:00,C1.4,,True,False
407,3428,2012-07-31 03:34:00,C1.0,"(-23, -23)",False,True
408,3435,2012-07-31 19:30:00,C1.2,"(-53.61116918840843, 18.0)",False,True
748,3438,2012-03-16 08:28:00,B6.4,,True,False
749,3440,2012-03-16 13:18:00,B8.8,,True,False
409,3442,2012-08-01 09:50:00,C1.5,"(47.71460495457551, 17.0)",False,True
750,3442,2012-03-16 21:08:00,B6.0,,True,False
751,3444,2012-03-17 11:20:00,B3.8,,True,False
752,3445,2012-03-17 18:14:00,B6.0,,True,False
753,3447,2012-03-17 23:41:00,B8.1,,True,False
754,3451,2012-03-18 21:38:00,B2.9,,True,False
755,3454,2012-03-19 00:08:00,B3.5,,True,False
410,3459,2012-08-05 06:25:00,C1.1,"(-27.30368949521957, -22.0)",False,True
756,3460,2012-03-19 11:02:00,B3.9,,True,False
757,3461,2012-03-19 13:07:00,B5.5,,True,False
758,3463,2012-03-19 17:09:00,B4.0,,True,False
759,3465,2012-03-20 01:51:00,B4.1,,True,False
760,3471,2012-03-21 10:07:00,B9.4,,True,False
761,3475,2012-03-21 18:11:00,B6.7,,True,False
762,3477,2012-03-23 16:39:00,C6.5,,True,False
763,3479,2012-03-23 21:54:00,B7.0,,True,False
764,3480,2012-03-23 22:29:00,B5.8,,True,False
765,3481,2012-03-23 23:29:00,B3.8,,True,False
766,3483,2012-03-24 19:17:00,B3.7,,True,False
767,3512,2012-03-29 18:30:00,B7.6,,True,False
768,3514,2012-03-30 01:02:00,B5.9,,True,False
411,3515,2012-08-14 03:03:00,C1.1,"(17, -14)",False,True
769,3515,2012-03-30 02:05:00,B7.3,,True,False
770,3516,2012-03-30 07:09:00,B4.1,,True,False
771,3517,2012-03-30 12:57:00,B4.1,,True,False
412,3517,2012-08-14 20:26:00,C1.2,"(87.69076484706446, -25.0)",False,True
413,3518,2012-08-14 22:32:00,C1.6,"(-4, -15)",False,True
772,3518,2012-03-30 15:10:00,B6.4,,True,False
414,3524,2012-08-17 06:58:00,B4.2,"(52.0131371194759, 22.0)",False,True
415,3526,2012-08-17 15:32:00,C1.3,"(54.14420978146356, 24.0)",False,True
773,3526,2012-04-04 03:50:00,B4.1,,True,False
416,3527,2012-08-17 16:11:00,C1.5,"(54.51699682580002, 24.0)",False,True
774,3539,2012-04-07 19:55:00,B6.8,,True,False
417,3540,2012-08-18 17:31:00,B6.4,"(-80, 20)",False,True
775,3540,2012-04-08 01:05:00,B3.7,,True,False
776,3546,2012-04-08 20:23:00,B3.7,,True,False
777,3549,2012-04-09 06:24:00,B2.8,,True,False
778,3550,2012-04-09 08:28:00,B2.2,,True,False
779,3551,2012-04-09 12:44:00,C3.9,,True,False
780,3552,2012-04-10 03:49:00,B2.4,,True,False
781,3553,2012-04-10 11:22:00,B2.1,,True,False
782,3554,2012-04-10 11:37:00,B6.5,,True,False
783,3558,2012-04-12 23:28:00,B3.2,,True,False
784,3559,2012-04-13 04:21:00,B4.7,,True,False
785,3562,2012-04-13 23:33:00,B3.3,,True,False
786,3566,2012-04-15 01:40:00,C2.7,,True,False
787,3567,2012-04-15 02:34:00,C1.7,,True,False
788,3570,2012-04-15 22:41:00,B3.7,,True,False
789,3571,2012-04-16 00:46:00,C1.8,,True,False
790,3572,2012-04-16 14:41:00,B4.9,,True,False
418,3573,2012-08-29 09:44:00,B8.2,"(45.65649032791882, 17.0)",False,True
791,3574,2012-04-17 03:13:00,B5.3,,True,False
419,3576,2012-08-29 23:44:00,C1.1,"(19.846078744049922, -21.0)",False,True
792,3580,2012-04-18 05:30:00,C1.1,,True,False
793,3581,2012-04-18 06:43:00,B9.0,,True,False
794,3589,2012-04-18 18:15:00,C1.3,,True,False
795,3590,2012-04-18 23:01:00,B9.6,,True,False
796,3593,2012-04-19 05:06:00,C1.1,,True,False
797,3594,2012-04-19 11:26:00,C7.0,,True,False
798,3595,2012-04-19 15:15:00,C1.8,,True,False
799,3618,2012-04-23 05:59:00,B7.5,,True,False
420,3620,2012-09-05 00:04:00,C1.3,"(95.89139334949436, -21.0)",False,True
421,3621,2012-09-05 02:34:00,C1.5,"(48.5080955008799, 4.0)",False,True
800,3623,2012-04-24 02:37:00,B9.5,,True,False
801,3629,2012-04-24 20:53:00,C1.2,,True,False
422,3645,2012-09-08 22:22:00,C1.8,"(38.04600012238394, -13.0)",False,True
802,3645,2012-04-27 23:39:00,C2.2,,True,False
423,3646,2012-09-09 07:00:00,C3.7,"(47, -15)",False,True
803,3647,2012-04-28 01:54:00,C1.4,,True,False
424,3651,2012-09-10 07:21:00,B8.7,"(56, -18)",False,True
425,3659,2012-09-11 09:32:00,C1.1,"(-8.451887640389756, 16.0)",False,True
804,3659,2012-04-29 16:57:00,B8.9,,True,False
426,3660,2012-09-11 09:32:00,C1.1,"(-10, 17)",False,True
805,3660,2012-04-30 00:33:00,B7.6,,True,False
806,3662,2012-04-30 05:08:00,B7.4,,True,False
427,3665,2012-09-12 22:41:00,B7.4,"(-39.76981782809206, -12.0)",False,True
807,3667,2012-04-30 10:41:00,C6.0,,True,False
428,3669,2012-09-13 07:16:00,C1.8,"(-36, -13)",False,True
808,3675,2012-05-02 11:39:00,C3.2,,True,False
429,3684,2012-09-17 11:46:00,C1.5,"(-96.2632795284212, 7.0)",False,True
430,3686,2012-09-17 22:12:00,B9.4,"(-90.14055046457958, 7.0)",False,True
809,3687,2012-05-04 07:54:00,B7.4,,True,False
431,3688,2012-09-18 08:28:00,B6.8,"(-84.11562857428176, 7.0)",False,True
810,3690,2012-05-04 19:37:00,C2.3,,True,False
811,3693,2012-05-05 01:05:00,C1.6,,True,False
812,3695,2012-05-05 05:22:00,C1.0,,True,False
813,3699,2012-05-05 10:59:00,C2.3,,True,False
814,3700,2012-05-05 13:16:00,C2.7,,True,False
432,3702,2012-09-25 06:58:00,C1.0,"(42, 19)",False,True
815,3703,2012-05-05 17:21:00,C2.8,,True,False
433,3708,2012-09-28 21:18:00,B8.5,"(45.44154728350548, -21.0)",False,True
816,3708,2012-05-05 22:38:00,C1.0,,True,False
434,3709,2012-09-29 07:53:00,C1.2,"(45, 6)",False,True
435,3712,2012-09-29 10:30:00,C1.2,"(-25, 21)",False,True
436,3713,2012-09-29 13:39:00,C1.1,"(47.93361025915873, 9.0)",False,True
437,3718,2012-09-29 18:47:00,C1.2,"(69.9386354680792, 7.0)",False,True
438,3719,2012-09-29 20:58:00,C1.3,"(52.22208867498694, 9.0)",False,True
817,3720,2012-05-06 16:20:00,C1.1,,True,False
439,3721,2012-09-30 00:45:00,C1.0,"(54.43959345948125, 9.0)",False,True
818,3722,2012-05-06 17:09:00,C3.0,,True,False
440,3725,2012-09-30 12:33:00,C1.0,"(-34.5816913507498, -23.0)",False,True
441,3731,2012-10-01 01:35:00,C1.7,"(87.92916814866607, 7.0)",False,True
442,3733,2012-10-01 03:51:00,C1.6,"(89.25934570886169, 7.0)",False,True
819,3734,2012-05-07 06:20:00,C1.3,,True,False
820,3736,2012-05-07 08:30:00,C1.4,,True,False
821,3739,2012-05-07 12:41:00,C1.1,,True,False
443,3740,2012-10-05 07:30:00,B7.8,"(30.32036292766544, -22.0)",False,True
822,3742,2012-05-07 21:36:00,B7.4,,True,False
444,3742,2012-10-06 02:10:00,B3.2,"(74.26899879184047, -10.0)",False,True
823,3748,2012-05-08 19:39:00,C1.5,,True,False
824,3749,2012-05-08 21:41:00,B5.4,,True,False
445,3750,2012-10-09 04:23:00,C1.0,"(64, -8)",True,False
446,3754,2012-10-10 18:53:00,C1.4,"(41, -16)",False,True
447,3755,2012-10-10 19:10:00,B9.3,"(38.20000826835128, -19.0)",False,True
825,3755,2012-05-09 07:39:00,B9.3,,True,False
448,3756,2012-10-10 21:45:00,C1.5,"(-65, 15)",False,True
826,3756,2012-05-09 08:41:00,C1.3,,True,False
827,3758,2012-05-09 10:27:00,B6.8,,True,False
828,3763,2012-05-09 17:14:00,B7.7,,True,False
829,3764,2012-05-09 18:13:00,C1.4,,True,False
830,3765,2012-05-09 19:55:00,C1.5,,True,False
831,3768,2012-05-09 22:32:00,C1.2,,True,False
449,3769,2012-10-14 06:32:00,C1.1,"(-55.165958797083206, 7.0)",False,True
832,3769,2012-05-09 22:46:00,C1.4,,True,False
450,3770,2012-10-14 07:59:00,C1.0,"(-54.315036387252185, 7.0)",False,True
833,3775,2012-05-10 02:00:00,C1.9,,True,False
451,3788,2012-10-17 12:21:00,C1.3,"(-39.630689184524265, -27.0)",False,True
452,3789,2012-10-17 14:34:00,C2.0,"(-92.56545307342459, 11.0)",False,True
453,3790,2012-10-18 20:12:00,B7.3,"(-75.22379027953181, 11.0)",False,True
834,3791,2012-05-10 19:18:00,C1.4,,True,False
454,3793,2012-10-19 04:41:00,B8.6,"(32.703242057623214, -21.0)",False,True
835,3794,2012-05-11 04:21:00,C1.0,,True,False
836,3797,2012-05-11 05:37:00,C1.3,,True,False
455,3800,2012-10-20 20:10:00,C2.7,"(-48.250668979208186, 6.0)",False,True
837,3803,2012-05-11 10:16:00,C1.3,,True,False
838,3804,2012-05-11 10:40:00,B9.6,,True,False
456,3804,2012-10-21 13:16:00,C1.8,"(-39.29878197622045, 7.0)",False,True
457,3805,2012-10-21 18:18:00,C1.1,"(-73.33262907857574, -12.0)",False,True
839,3805,2012-05-11 11:22:00,C1.2,,True,False
840,3806,2012-05-11 12:03:00,C1.3,,True,False
458,3809,2012-10-21 23:00:00,C1.2,"(-70.58467176817118, -12.0)",False,True
459,3810,2012-10-21 23:48:00,C1.2,"(-70.11693435363424, -12.0)",False,True
460,3812,2012-10-22 01:40:00,C1.6,"(-69.02554705304803, -12.0)",False,True
461,3813,2012-10-22 16:03:00,C6.3,"(13.361686463202037, 14.0)",False,True
462,3815,2012-10-22 22:39:00,C1.3,"(17.212361852241855, 14.0)",False,True
841,3815,2012-05-12 03:21:00,C1.2,,True,False
842,3819,2012-05-12 07:15:00,C1.5,,True,False
843,3824,2012-05-13 02:57:00,B8.7,,True,False
844,3832,2012-05-14 10:28:00,B8.2,,True,False
463,3834,2012-10-25 14:51:00,B9.0,"(15.630386172445615, 7.0)",False,True
845,3842,2012-05-15 11:50:00,B8.2,,True,False
846,3850,2012-05-17 11:54:00,C1.1,,True,False
464,3852,2012-11-04 22:41:00,B2.6,"(59.45633695025667, 8.0)",False,True
847,3852,2012-05-17 19:58:00,C1.4,,True,False
465,3855,2012-11-08 22:38:00,B6.6,"(-65, 15)",False,True
466,3856,2012-11-08 23:38:00,B6.2,"(-36.21029012757441, -24.0)",False,True
848,3857,2012-05-18 13:15:00,C2.0,,True,False
849,3858,2012-05-18 13:47:00,C2.1,,True,False
850,3859,2012-05-18 14:57:00,C1.3,,True,False
467,3860,2012-11-10 11:03:00,C1.3,"(-45.54589878714847, 13.0)",False,True
851,3860,2012-05-18 15:56:00,C1.9,,True,False
852,3861,2012-05-18 18:59:00,C1.9,,True,False
468,3863,2012-11-11 00:54:00,C1.3,"(-85.4611173260636, 15.0)",False,True
469,3865,2012-11-11 19:06:00,C1.2,"(-4.8034949959518345, -25.0)",False,True
853,3865,2012-05-22 04:04:00,B4.8,,True,False
470,3867,2012-11-12 10:22:00,C2.9,"(3.931203698918507, -25.0)",False,True
854,3870,2012-05-24 11:37:00,C1.1,,True,False
855,3871,2012-05-24 16:11:00,B9.0,,True,False
856,3872,2012-05-24 17:37:00,B9.8,,True,False
857,3873,2012-05-24 18:45:00,C1.3,,True,False
858,3875,2012-05-25 02:01:00,C1.5,,True,False
859,3876,2012-05-25 10:14:00,C1.6,,True,False
860,3877,2012-05-25 11:01:00,C1.2,,True,False
861,3878,2012-05-25 11:27:00,B9.5,,True,False
862,3883,2012-05-26 01:39:00,B8.6,,True,False
863,3885,2012-05-26 05:42:00,B5.7,,True,False
864,3886,2012-05-26 06:07:00,B6.6,,True,False
865,3888,2012-05-26 11:14:00,B6.8,,True,False
866,3891,2012-05-26 18:56:00,B6.3,,True,False
471,3893,2012-11-15 03:34:00,B8.2,"(38.05019206559019, -23.0)",False,True
867,3893,2012-05-26 23:01:00,B5.7,,True,False
868,3894,2012-05-27 02:58:00,B8.3,,True,False
472,3900,2012-11-16 07:51:00,C1.4,"(-3.497879541475073, -24.0)",False,True
473,3901,2012-11-16 14:47:00,B6.8,"(-10.370849842217298, 15.0)",False,True
869,3903,2012-05-30 19:07:00,B8.7,,True,False
870,3906,2012-05-31 05:49:00,C1.3,,True,False
474,3907,2012-11-17 05:22:00,B9.1,"(66.09145969490727, -22.0)",False,True
871,3907,2012-05-31 06:43:00,C1.2,,True,False
475,3909,2012-11-17 18:10:00,C2.8,"(1.6468821357169863, -23.0)",False,True
476,3910,2012-11-18 04:07:00,C5.7,"(7, 8)",False,True
477,3911,2012-11-18 08:15:00,C1.0,"(9.74226669377169, -23.0)",False,True
872,3917,2012-06-01 22:41:00,C3.3,,True,False
873,3946,2012-06-07 12:16:00,C2.0,,True,False
874,3958,2012-06-09 15:27:00,C1.7,,True,False
875,3960,2012-06-09 18:34:00,C1.2,,True,False
876,3961,2012-06-09 23:14:00,B8.7,,True,False
877,3962,2012-06-10 00:26:00,B8.6,,True,False
478,3962,2012-11-27 04:58:00,C1.7,"(30.900938403363135, -13.0)",False,True
878,3963,2012-06-10 02:08:00,C1.0,,True,False
479,3977,2012-11-28 01:48:00,B7.9,"(44.052409182708125, -12.0)",False,True
480,3987,2012-11-29 01:03:00,B7.0,"(57.61390535657974, -12.0)",False,True
481,3988,2012-11-29 01:16:00,C1.0,"(-59.257575490653885, 9.0)",False,True
482,3992,2012-11-29 08:49:00,C1.1,"(62.15485608937591, -12.0)",False,True
879,4003,2012-06-13 18:52:00,C2.7,,True,False
880,4005,2012-06-13 23:02:00,C1.8,,True,False
881,4008,2012-06-14 02:52:00,C1.2,,True,False
882,4009,2012-06-14 05:04:00,C1.7,,True,False
483,4011,2012-12-01 16:01:00,B7.1,"(-25.657761392298163, 14.0)",False,True
883,4011,2012-06-14 08:06:00,C1.6,,True,False
484,4014,2012-12-03 10:31:00,B3.3,"(-1.831891389858062, 8.0)",False,True
485,4016,2012-12-03 18:56:00,B2.7,"(2.0283597187271805, 8.0)",False,True
486,4019,2012-12-04 03:15:00,B2.1,"(6.906150838316447, 8.0)",False,True
487,4020,2012-12-04 04:27:00,B2.3,"(7.609960378617904, 8.0)",False,True
488,4021,2012-12-04 04:49:00,B3.2,"(7.8250132937100165, 8.0)",False,True
884,4023,2012-06-16 06:29:00,C1.3,,True,False
885,4025,2012-06-16 18:35:00,C1.0,,True,False
489,4025,2012-12-04 20:46:00,B2.6,"(-80.95033866051797, 10.0)",False,True
886,4031,2012-06-17 23:07:00,C1.2,,True,False
490,4031,2012-12-06 22:23:00,B2.5,"(-51.9475681237707, 9.0)",False,True
491,4032,2012-12-07 05:19:00,B2.0,"(86.09413958516726, 16.0)",False,True
492,4033,2012-12-07 10:07:00,B4.8,"(88.88759475923675, 16.0)",False,True
493,4034,2012-12-07 14:32:00,B2.6,"(91.45796149926596, 16.0)",False,True
887,4034,2012-06-18 02:05:00,B9.9,,True,False
888,4040,2012-06-19 18:52:00,B6.4,,True,False
494,4047,2012-12-09 19:18:00,B3.8,"(-4.727221152337694, 18.0)",False,True
889,4049,2012-06-23 07:50:00,C2.7,,True,False
495,4050,2012-12-09 21:00:00,B7.9,"(-20.755623904893532, 11.0)",False,True
890,4051,2012-06-25 16:45:00,B3.1,,True,False
891,4052,2012-06-25 18:14:00,B5.2,,True,False
892,4053,2012-06-25 18:48:00,B5.4,,True,False
893,4054,2012-06-25 20:44:00,B7.5,,True,False
496,4055,2012-12-11 00:46:00,B5.7,"(11.444136619502899, 19.0)",False,True
497,4056,2012-12-11 03:10:00,B5.6,"(12, 18)",False,True
894,4056,2012-06-25 22:23:00,B7.0,,True,False
498,4057,2012-12-11 23:46:00,B5.7,"(24.864827985368684, 19.0)",False,True
895,4058,2012-06-26 03:56:00,B4.1,,True,False
896,4063,2012-06-27 03:03:00,B7.7,,True,False
499,4068,2012-12-14 14:12:00,B6.7,"(-88.83529479468177, -7.0)",False,True
500,4072,2012-12-15 10:47:00,B4.7,"(-76.756108862023, -7.0)",False,True
897,4076,2012-06-28 13:06:00,B5.3,,True,False
501,4077,2012-12-15 13:05:00,B5.5,"(55.6114796794152, 11.0)",False,True
502,4079,2012-12-15 14:52:00,B4.5,"(-74.3598331102, -7.0)",False,True
898,4080,2012-06-28 21:47:00,C3.4,,True,False
899,4089,2012-06-29 16:33:00,C1.0,,True,False
503,4098,2012-12-18 13:08:00,C1.4,"(82.7536204356785, 23.0)",False,True
504,4100,2012-12-18 20:03:00,B9.5,"(-30.307122153010276, -13.0)",False,True
900,4100,2012-06-30 21:25:00,C1.4,,True,False
505,4101,2012-12-19 04:47:00,B5.8,"(-24.192934119293064, -7.0)",False,True
901,4102,2012-07-01 01:30:00,B6.4,,True,False
506,4105,2012-12-20 16:34:00,B4.4,"(-4.341672912415965, -13.0)",False,True
902,4108,2012-07-01 18:12:00,C2.7,,True,False
903,4113,2012-07-02 04:00:00,B8.4,,True,False
507,4119,2012-12-22 14:07:00,B8.0,"(-27.78858679662617, 10.0)",False,True
904,4125,2012-07-02 18:56:00,C7.4,,True,False
905,4126,2012-07-02 19:31:00,C1.4,,True,False
508,4134,2012-12-24 09:44:00,B3.9,"(-3.309194789800502, 12.0)",False,True
509,4142,2012-12-25 06:43:00,C1.8,"(-25, 11)",False,True
510,4145,2012-12-25 15:56:00,B6.6,"(-63.71159123230791, 13.0)",False,True
511,4147,2012-12-26 04:30:00,B9.4,"(19.6334358573403, 11.0)",False,True
906,4154,2012-07-04 11:17:00,C5.8,,True,False
512,4165,2012-12-30 05:55:00,B3.7,"(-3.5261413581786654, 6.0)",False,True
513,4178,2013-01-04 09:18:00,C1.3,"(29.34687114045459, -16.0)",False,True
514,4187,2013-01-05 16:22:00,C1.3,"(26, -13)",False,True
907,4200,2012-07-06 15:00:00,C7.8,,True,False
908,4202,2012-07-06 17:10:00,C3.4,,True,False
909,4205,2012-07-06 19:24:00,C9.2,,True,False
515,4207,2013-01-08 16:04:00,C1.4,"(4.366286308721975, 13.0)",False,True
516,4209,2013-01-09 03:52:00,C1.0,"(-27.81885763888889, -30.0)",False,True
517,4210,2013-01-09 08:15:00,C1.4,"(66.95752550415882, 2.0)",False,True
910,4212,2012-07-07 12:13:00,C2.4,,True,False
911,4217,2012-07-07 14:47:00,C3.6,,True,False
518,4253,2013-01-13 16:06:00,C2.0,"(-8.633412806984595, 8.0)",False,True
519,4260,2013-01-14 04:54:00,C1.8,"(7.742637501394377, -17.0)",False,True
520,4261,2013-01-14 06:32:00,C1.3,"(31.784816409676885, 19.0)",False,True
521,4273,2013-01-16 19:23:00,C2.2,"(75.8980310842582, -31.0)",False,True
912,4276,2012-07-15 17:30:00,C1.0,,True,False
522,4277,2013-01-18 13:14:00,C1.0,"(52.6816565890708, 7.0)",False,True
523,4278,2013-01-18 14:17:00,B4.6,"(-45.709218681902456, 4.0)",False,True
913,4280,2012-07-15 20:56:00,C1.6,,True,False
524,4297,2013-01-23 01:27:00,B6.5,"(-59.15308174130003, 13.0)",False,True
525,4298,2013-01-24 16:21:00,B6.6,"(-37.44576893923756, 17.0)",False,True
914,4303,2012-07-23 15:39:00,B7.3,,True,False
915,4305,2012-07-23 22:25:00,B7.9,,True,False
916,4312,2012-07-24 16:21:00,B6.2,,True,False
917,4315,2012-07-25 10:40:00,B9.9,,True,False
918,4316,2012-07-25 16:33:00,B5.9,,True,False
919,4317,2012-07-25 21:42:00,B8.1,,True,False
526,4323,2013-02-03 08:18:00,C1.5,"(-53, 23)",False,True
920,4325,2012-07-27 10:08:00,B7.7,,True,False
921,4326,2012-07-27 11:49:00,C2.5,,True,False
922,4327,2012-07-27 12:22:00,C1.0,,True,False
923,4332,2012-07-28 13:19:00,C1.1,,True,False
924,4333,2012-07-28 18:31:00,C1.7,,True,False
925,4340,2012-07-29 15:17:00,C1.9,,True,False
527,4340,2013-02-09 23:53:00,B4.2,"(36.93293764271434, 23.0)",False,True
926,4341,2012-07-29 21:57:00,C1.9,,True,False
528,4341,2013-02-10 06:09:00,B2.7,"(40.53514426262981, 23.0)",False,True
927,4348,2012-07-30 07:58:00,C1.6,,True,False
928,4350,2012-07-30 10:35:00,C2.3,,True,False
929,4354,2012-07-30 20:23:00,B9.4,,True,False
930,4369,2012-08-01 01:31:00,C1.0,,True,False
931,4377,2012-08-01 14:48:00,B8.6,,True,False
932,4381,2012-08-02 13:10:00,C1.5,,True,False
933,4382,2012-08-02 15:29:00,B9.6,,True,False
529,4393,2013-02-25 11:51:00,B8.9,"(114.02631001650603, 8.0)",False,True
530,4402,2013-02-28 15:22:00,B5.7,"(-73.02433951447222, -16.0)",False,True
531,4409,2013-03-04 07:01:00,B4.4,"(-60.88029721631892, 6.0)",False,True
532,4418,2013-03-06 07:42:00,B7.6,"(-49.53932351716653, -19.0)",False,True
934,4419,2012-08-08 14:04:00,C1.3,,True,False
533,4420,2013-03-07 01:30:00,B7.3,"(-40.132563697179606, -20.0)",False,True
935,4422,2012-08-08 20:11:00,B9.5,,True,False
534,4432,2013-03-13 04:34:00,C1.1,"(38.64550942921292, -19.0)",False,True
535,4439,2013-03-15 04:32:00,B5.0,"(41.647836395016014, 13.0)",False,True
936,4442,2012-08-11 09:08:00,B6.7,,True,False
536,4446,2013-03-16 07:18:00,C2.0,"(50, -19)",False,True
937,4454,2012-08-14 18:41:00,B3.9,,True,False
537,4458,2013-03-18 06:32:00,C2.1,"(75.78481640967688, -19.0)",False,True
538,4459,2013-03-18 07:00:00,C1.5,"(76.05516043893952, -19.0)",False,True
938,4462,2012-08-17 01:13:00,B4.7,,True,False
939,4463,2012-08-17 05:14:00,C1.8,,True,False
940,4465,2012-08-17 08:37:00,C4.7,,True,False
941,4466,2012-08-17 11:28:00,B5.2,,True,False
942,4467,2012-08-17 12:18:00,B7.8,,True,False
539,4467,2013-03-19 14:23:00,C1.5,"(31.36759767006189, 10.0)",False,True
943,4469,2012-08-17 14:27:00,B4.3,,True,False
944,4473,2012-08-17 17:58:00,C1.3,,True,False
945,4474,2012-08-17 21:27:00,B3.8,,True,False
946,4475,2012-08-17 22:28:00,B5.9,,True,False
540,4479,2013-03-21 07:25:00,B6.7,"(75.34709087709237, 9.0)",False,True
947,4480,2012-08-18 08:58:00,C1.9,,True,False
948,4484,2012-08-18 11:53:00,C2.4,,True,False
949,4485,2012-08-18 12:26:00,C1.0,,True,False
950,4486,2012-08-18 12:33:00,B9.5,,True,False
541,4488,2013-03-22 03:56:00,C1.1,"(-10, 8)",False,True
951,4492,2012-08-18 17:52:00,B5.5,,True,False
952,4493,2012-08-18 18:14:00,B6.6,,True,False
953,4496,2012-08-18 22:23:00,B4.4,,True,False
542,4497,2013-03-23 01:58:00,B5.4,"(-86.83953615083412, 15.0)",False,True
543,4498,2013-03-23 02:09:00,B6.8,"(-86.73270188634154, 15.0)",False,True
954,4499,2012-08-19 01:31:00,B5.5,,True,False
955,4501,2012-08-19 02:41:00,C1.9,,True,False
544,4501,2013-03-24 22:26:00,B2.5,"(83.10592102071494, -26.0)",False,True
545,4502,2013-03-25 00:09:00,B4.1,"(-59.91270452581033, 16.0)",False,True
956,4502,2012-08-19 03:05:00,B8.7,,True,False
957,4507,2012-08-19 16:55:00,B2.7,,True,False
958,4511,2012-08-20 09:03:00,B5.4,,True,False
959,4512,2012-08-21 03:07:00,B3.7,,True,False
960,4513,2012-08-21 08:45:00,B4.9,,True,False
961,4514,2012-08-21 10:00:00,B3.4,,True,False
962,4515,2012-08-21 14:54:00,B3.6,,True,False
963,4516,2012-08-22 00:56:00,B3.4,,True,False
964,4518,2012-08-22 16:04:00,B3.8,,True,False
965,4520,2012-08-22 19:07:00,B3.6,,True,False
966,4521,2012-08-22 20:03:00,B3.1,,True,False
967,4522,2012-08-22 21:12:00,B2.5,,True,False
968,4523,2012-08-23 03:15:00,B3.1,,True,False
969,4524,2012-08-23 04:30:00,B2.4,,True,False
546,4525,2013-04-04 13:06:00,B6.2,"(82.64821736562367, 15.0)",False,True
547,4526,2013-04-05 03:52:00,B6.0,"(-7.760006614681028, -19.0)",False,True
970,4528,2012-08-26 18:17:00,C1.0,,True,False
548,4529,2013-04-06 06:00:00,C1.2,"(-62.485849499518686, -10.0)",False,True
971,4530,2012-08-27 01:02:00,B9.1,,True,False
549,4533,2013-04-06 11:42:00,C1.7,"(-40, 22)",False,True
550,4535,2013-04-06 19:57:00,C1.2,"(36.649947730432416, 18.0)",False,True
972,4538,2012-08-28 00:16:00,B3.9,,True,False
973,4544,2012-08-28 22:07:00,B4.3,,True,False
551,4545,2013-04-08 17:16:00,B8.1,"(57.053427608212765, 9.0)",False,True
552,4546,2013-04-08 18:00:00,B9.9,"(8.499386009963802, 14.0)",False,True
974,4548,2012-08-29 12:05:00,B6.6,,True,False
975,4549,2012-08-29 13:54:00,C1.0,,True,False
553,4549,2013-04-09 07:24:00,C2.2,"(-64, -18)",False,True
976,4554,2012-08-30 02:34:00,C4.0,,True,False
554,4558,2013-04-10 16:51:00,C1.1,"(-17.18769601307357, 10.0)",False,True
977,4562,2012-08-30 19:20:00,C2.0,,True,False
555,4562,2013-04-11 00:28:00,C1.4,"(67.2712015910646, -17.0)",False,True
978,4563,2012-08-30 19:58:00,C2.6,,True,False
979,4564,2012-08-30 20:39:00,C1.6,,True,False
556,4569,2013-04-12 18:15:00,C1.1,"(10.635054182287394, 11.0)",False,True
557,4586,2013-04-17 04:43:00,C1.3,"(14, 9)",False,True
558,4594,2013-04-20 01:46:00,B8.1,"(33.02512568137516, -18.0)",False,True
980,4606,2012-09-05 19:22:00,B7.3,,True,False
981,4607,2012-09-05 20:09:00,C1.1,,True,False
982,4608,2012-09-05 20:32:00,C1.0,,True,False
983,4622,2012-09-07 00:45:00,C3.7,,True,False
559,4622,2013-04-22 04:46:00,B6.3,"(-28.272790582169304, 25.0)",False,True
984,4628,2012-09-08 16:57:00,C1.3,,True,False
985,4630,2012-09-08 20:18:00,C1.2,,True,False
986,4648,2012-09-11 14:04:00,B8.5,,True,False
987,4649,2012-09-11 20:58:00,C2.9,,True,False
988,4651,2012-09-12 01:04:00,C1.3,,True,False
989,4652,2012-09-12 04:36:00,B6.4,,True,False
990,4654,2012-09-12 14:28:00,C1.0,,True,False
991,4661,2012-09-13 07:46:00,C1.9,,True,False
992,4664,2012-09-13 13:06:00,C1.8,,True,False
560,4665,2013-04-27 13:27:00,C1.1,"(-43.1836146633696, 9.0)",False,True
561,4666,2013-04-27 15:13:00,C1.9,"(-71.11833248978031, -15.0)",False,True
993,4669,2012-09-13 18:22:00,C1.3,,True,False
994,4671,2012-09-14 01:46:00,B3.8,,True,False
995,4674,2012-09-15 14:35:00,B4.1,,True,False
996,4675,2012-09-15 16:59:00,B4.8,,True,False
997,4676,2012-09-15 18:41:00,B2.9,,True,False
998,4677,2012-09-15 19:03:00,B4.2,,True,False
999,4678,2012-09-15 20:11:00,B3.1,,True,False
1000,4684,2012-09-17 06:49:00,B5.6,,True,False
1001,4685,2012-09-17 09:08:00,C1.1,,True,False
1002,4693,2012-09-19 10:31:00,B3.9,,True,False
1003,4695,2012-09-19 16:31:00,B4.4,,True,False
1004,4697,2012-09-20 01:25:00,B6.8,,True,False
1005,4702,2012-09-22 20:10:00,B9.2,,True,False
1006,4703,2012-09-23 07:25:00,B7.7,,True,False
1007,4704,2012-09-23 13:15:00,B9.5,,True,False
1008,4705,2012-09-23 15:56:00,C1.7,,True,False
1009,4709,2012-09-25 01:55:00,C1.1,,True,False
1010,4713,2012-09-25 09:43:00,C1.1,,True,False
1011,4717,2012-09-27 06:56:00,B7.5,,True,False
562,4728,2013-05-04 18:21:00,C1.6,"(52.69084161204676, 10.0)",False,True
1012,4740,2012-09-30 20:08:00,C2.3,,True,False
1013,4741,2012-09-30 21:01:00,C1.6,,True,False
563,4742,2013-05-05 16:11:00,C3.2,"(-15, -16)",False,True
1014,4742,2012-09-30 21:20:00,C7.1,,True,False
564,4748,2013-05-06 01:46:00,C1.0,"(-48.98027167933075, -21.0)",False,True
1015,4750,2012-10-01 10:06:00,C1.8,,True,False
1016,4751,2012-10-01 10:06:00,C1.9,,True,False
1017,4754,2012-10-02 01:55:00,B9.8,,True,False
1018,4756,2012-10-02 22:54:00,B6.5,,True,False
565,4757,2013-05-07 22:18:00,C1.3,"(-16.993942005891007, 12.0)",False,True
1019,4759,2012-10-04 00:53:00,B6.0,,True,False
566,4760,2013-05-08 19:05:00,C1.1,"(64.11468838045802, -7.0)",False,True
1020,4760,2012-10-04 13:54:00,B3.0,,True,False
567,4761,2013-05-09 01:21:00,B9.5,"(67.79223810570474, -7.0)",False,True
1021,4761,2012-10-04 15:09:00,B3.3,,True,False
1022,4762,2012-10-04 16:37:00,B3.5,,True,False
568,4762,2013-05-09 05:23:00,C3.4,"(70.1591717054646, -7.0)",False,True
1023,4771,2012-10-07 20:46:00,C1.2,,True,False
1024,4772,2012-10-08 07:43:00,B9.5,,True,False
1025,4773,2012-10-08 07:43:00,B9.9,,True,False
1026,4774,2012-10-08 08:06:00,C1.2,,True,False
1027,4775,2012-10-08 09:03:00,C2.2,,True,False
1028,4776,2012-10-08 11:17:00,M2.3,,True,False
1029,4777,2012-10-08 13:55:00,C1.0,,True,False
1030,4778,2012-10-08 18:18:00,B8.3,,True,False
1031,4779,2012-10-08 18:47:00,B8.8,,True,False
1032,4780,2012-10-08 23:10:00,C2.2,,True,False
1033,4785,2012-10-09 08:51:00,C1.2,,True,False
1034,4786,2012-10-09 11:51:00,C1.0,,True,False
1035,4787,2012-10-09 15:01:00,C1.9,,True,False
1036,4788,2012-10-09 15:25:00,C5.9,,True,False
1037,4789,2012-10-09 20:50:00,C3.4,,True,False
1038,4790,2012-10-09 21:51:00,C3.6,,True,False
569,4790,2013-05-12 04:36:00,C2.2,"(-60.38187379838527, -27.0)",False,True
1039,4791,2012-10-09 22:19:00,C3.0,,True,False
1040,4792,2012-10-09 23:31:00,M1.7,,True,False
570,4792,2013-05-12 06:01:00,C1.0,"(91.48550694870754, -19.0)",False,True
1041,4794,2012-10-10 01:44:00,C2.6,,True,False
1042,4795,2012-10-10 03:10:00,C5.1,,True,False
1043,4796,2012-10-10 05:04:00,M1.0,,True,False
571,4796,2013-05-12 09:03:00,C1.6,"(-23.809657305776994, 24.0)",False,True
1044,4797,2012-10-10 06:44:00,C2.1,,True,False
1045,4798,2012-10-10 07:06:00,C4.6,,True,False
1046,4799,2012-10-10 08:36:00,B9.0,,True,False
1047,4800,2012-10-10 10:49:00,B8.4,,True,False
1048,4801,2012-10-10 11:00:00,B8.6,,True,False
1049,4802,2012-10-10 14:14:00,C1.1,,True,False
1050,4804,2012-10-10 15:16:00,B8.3,,True,False
1051,4805,2012-10-10 15:37:00,B7.9,,True,False
1052,4811,2012-10-11 09:24:00,C1.2,,True,False
572,4819,2013-05-15 22:31:00,C1.1,"(-51.86805848630847, 11.0)",False,True
1053,4819,2012-10-12 12:54:00,B7.9,,True,False
573,4821,2013-05-16 15:49:00,C1.1,"(23.2515404758943, 18.0)",False,True
1054,4822,2012-10-13 12:58:00,B8.2,,True,False
1055,4824,2012-10-14 02:30:00,C4.8,,True,False
1056,4830,2012-10-14 18:50:00,B9.8,,True,False
1057,4840,2012-10-15 23:59:00,B7.5,,True,False
1058,4841,2012-10-16 01:48:00,B8.4,,True,False
1059,4842,2012-10-16 06:17:00,B8.2,,True,False
1060,4847,2012-10-17 06:05:00,C1.2,,True,False
1061,4851,2012-10-17 15:56:00,C1.0,,True,False
574,4853,2013-05-22 02:56:00,C1.9,"(67.71330590265742, 13.0)",False,True
575,4866,2013-05-24 22:48:00,B9.8,"(-84.77034023857004, -9.0)",False,True
1062,4875,2012-10-22 09:07:00,B9.4,,True,False
576,4877,2013-05-27 21:42:00,B6.8,"(24.669931002342064, -20.0)",False,True
577,4881,2013-05-29 03:25:00,B5.4,"(-24.996097836641685, -8.0)",False,True
578,4883,2013-05-29 07:36:00,C1.2,"(33.44758055906362, 11.0)",False,True
579,4884,2013-05-29 09:01:00,B8.6,"(34.2766251808189, 11.0)",False,True
1063,4893,2012-10-24 18:32:00,B8.9,,True,False
580,4896,2013-05-30 17:34:00,B5.0,"(-54.7613883752346, 12.0)",False,True
1064,4897,2012-10-25 07:34:00,C1.0,,True,False
1065,4898,2012-10-25 09:35:00,B7.9,,True,False
1066,4902,2012-10-26 06:04:00,B7.3,,True,False
1067,4906,2012-10-26 11:43:00,C1.8,,True,False
1068,4907,2012-10-26 13:04:00,C1.6,,True,False
1069,4909,2012-10-26 21:59:00,C1.0,,True,False
1070,4910,2012-10-27 04:11:00,C1.1,,True,False
1071,4911,2012-10-27 07:48:00,B7.2,,True,False
1072,4913,2012-10-27 16:51:00,B7.3,,True,False
1073,4914,2012-10-28 08:05:00,C1.7,,True,False
1074,4918,2012-10-31 06:54:00,B3.9,,True,False
1075,4919,2012-10-31 07:18:00,B4.8,,True,False
581,4924,2013-06-08 07:43:00,B4.4,"(14.525886349438538, 8.0)",False,True
1076,4929,2012-11-05 10:06:00,B4.0,,True,False
1077,4930,2012-11-05 12:01:00,B6.6,,True,False
1078,4931,2012-11-05 18:39:00,C2.3,,True,False
1079,4933,2012-11-06 04:59:00,B7.6,,True,False
1080,4934,2012-11-06 05:11:00,B7.5,,True,False
1081,4935,2012-11-07 10:27:00,B6.2,,True,False
1082,4936,2012-11-07 12:37:00,B5.1,,True,False
1083,4937,2012-11-07 17:05:00,B3.6,,True,False
1084,4941,2012-11-09 01:51:00,C1.0,,True,False
1085,4942,2012-11-09 10:54:00,B5.2,,True,False
1086,4945,2012-11-10 01:32:00,C1.0,,True,False
1087,4948,2012-11-10 16:20:00,C1.0,,True,False
1088,4949,2012-11-10 17:24:00,C1.0,,True,False
582,4952,2013-06-15 23:06:00,B9.8,"(-74.51492765231768, -25.0)",False,True
1089,4952,2012-11-10 23:34:00,C1.1,,True,False
1090,4955,2012-11-11 05:30:00,C1.6,,True,False
583,4960,2013-06-16 21:25:00,B7.6,"(-25.484952197039622, -23.0)",False,True
584,4971,2013-06-18 15:57:00,C1.1,"(-1.0359327980389033, -23.0)",False,True
585,4972,2013-06-18 16:54:00,B9.4,"(-0.4898536029985294, -23.0)",False,True
1091,4973,2012-11-13 10:57:00,B9.5,,True,False
1092,4975,2012-11-13 20:00:00,C1.1,,True,False
586,4999,2013-06-23 12:32:00,B8.0,"(59.39464512392484, -22.0)",False,True
1093,5008,2012-11-18 19:26:00,C1.1,,True,False
587,5012,2013-06-26 12:06:00,B6.7,"(-28.915640572147318, -17.0)",False,True
1094,5016,2012-11-20 12:41:00,M1.7,,True,False
588,5017,2013-06-27 20:29:00,B4.3,"(23, -16)",False,True
589,5021,2013-06-29 02:25:00,B4.0,"(5.3921169433588645, 22.0)",False,True
1095,5021,2012-11-20 23:07:00,C3.9,,True,False
1096,5026,2012-11-21 20:43:00,C1.3,,True,False
1097,5032,2012-11-23 18:32:00,B7.6,,True,False
1098,5039,2012-11-23 21:00:00,B8.1,,True,False
590,5040,2013-07-01 21:50:00,B7.6,"(-77.26993666072362, -9.0)",False,True
591,5042,2013-07-02 01:02:00,B6.6,"(-75.39433790027027, -9.0)",False,True
592,5047,2013-07-02 20:14:00,B9.5,"(71, -12)",False,True
1099,5049,2012-11-26 10:10:00,C1.5,,True,False
1100,5058,2012-11-26 20:54:00,C1.1,,True,False
593,5064,2013-07-04 05:03:00,C1.0,"(-52, -6)",False,True
594,5071,2013-07-04 23:22:00,C1.1,"(-36.37029211984175, -12.0)",False,True
595,5074,2013-07-05 03:49:00,C1.5,"(-53.77322054522698, -14.0)",False,True
596,5075,2013-07-05 04:26:00,C1.8,"(-33.407955161107765, -12.0)",False,True
1101,5080,2012-11-28 08:10:00,B7.7,,True,False
1102,5086,2012-11-28 15:04:00,B8.4,,True,False
597,5100,2013-07-08 16:28:00,B9.5,"(11.58452791809943, -9.0)",False,True
1103,5111,2012-12-01 06:10:00,B6.2,,True,False
1104,5115,2012-12-01 15:30:00,B4.4,,True,False
1105,5117,2012-12-01 21:42:00,C1.1,,True,False
1106,5119,2012-12-02 00:21:00,B3.4,,True,False
1107,5121,2012-12-03 00:36:00,C1.1,,True,False
1108,5122,2012-12-03 04:00:00,B3.9,,True,False
598,5129,2013-07-16 23:43:00,B6.4,"(7.834693228248291, -14.0)",False,True
1109,5136,2012-12-05 05:56:00,B4.1,,True,False
599,5144,2013-07-22 10:38:00,B4.6,"(-87.6088021213702, 20.0)",False,True
600,5147,2013-07-24 01:24:00,B4.9,"(40.8096072159657, 20.0)",False,True
601,5149,2013-07-24 18:19:00,C1.0,"(13, -6)",False,True
1110,5149,2012-12-08 07:20:00,B2.2,,True,False
1111,5150,2012-12-08 09:03:00,B3.6,,True,False
1112,5151,2012-12-08 10:14:00,B2.9,,True,False
602,5155,2013-07-26 04:37:00,B7.1,"(34.7059419616957, -9.0)",False,True
603,5158,2013-07-26 21:49:00,C1.8,"(44.719457641951514, -8.0)",False,True
1113,5159,2012-12-09 11:37:00,B6.2,,True,False
1114,5165,2012-12-09 23:02:00,B3.7,,True,False
604,5169,2013-07-28 21:11:00,C1.0,"(72.3480026067924, -8.0)",False,True
1115,5175,2012-12-12 03:06:00,B3.3,,True,False
1116,5177,2012-12-12 12:39:00,B5.0,,True,False
1117,5180,2012-12-12 19:46:00,B4.3,,True,False
1118,5183,2012-12-13 14:07:00,B5.0,,True,False
605,5185,2013-08-03 03:52:00,B3.7,"(-42.79333698729645, -26.0)",False,True
606,5189,2013-08-07 14:58:00,B4.8,"(11, -25)",False,True
607,5191,2013-08-08 19:24:00,B4.1,"(30.368147554820727, -25.0)",False,True
608,5192,2013-08-09 09:44:00,B4.5,"(-80.45652704565549, -7.0)",False,True
609,5194,2013-08-10 09:27:00,B4.3,"(52.13814441114059, -25.0)",False,True
610,5197,2013-08-11 01:30:00,C1.3,"(-48.132563697179606, -20.0)",False,True
611,5198,2013-08-11 05:30:00,C1.1,"(-30.831733853045343, -22.0)",False,True
1119,5199,2012-12-15 16:19:00,B6.6,,True,False
1120,5204,2012-12-16 10:47:00,B6.4,,True,False
612,5216,2013-08-14 00:31:00,C4.9,"(109.30389772039791, 14.0)",False,True
613,5217,2013-08-14 02:09:00,C1.5,"(110.25684263990776, 14.0)",False,True
614,5221,2013-08-14 19:50:00,C1.0,"(14.594980375780061, -21.0)",False,True
615,5238,2013-08-19 04:46:00,B7.2,"(72.75134245010761, -21.0)",False,True
616,5239,2013-08-19 09:20:00,C2.2,"(-85, 27)",False,True
617,5243,2013-08-20 06:08:00,C1.3,"(91.55309295602319, -19.0)",False,True
618,5245,2013-08-21 02:07:00,B7.7,"(41.23183613578759, 16.0)",False,True
619,5246,2013-08-21 04:06:00,C1.3,"(-11, -16)",False,True
1121,5247,2012-12-22 23:34:00,B7.1,,True,False
1122,5266,2012-12-25 10:39:00,C1.1,,True,False
620,5271,2013-08-31 22:26:00,B5.4,"(19.084938892898876, 13.0)",False,True
1123,5278,2012-12-26 21:38:00,B4.5,,True,False
621,5286,2013-09-04 07:23:00,C1.1,"(38, -16)",False,True
1124,5286,2012-12-28 21:42:00,B3.7,,True,False
622,5287,2013-09-04 07:33:00,C1.2,"(38, -16)",False,True
623,5291,2013-09-04 11:49:00,B9.4,"(38.876943466719695, -16.0)",False,True
1125,5291,2012-12-30 19:21:00,B7.1,,True,False
1126,5294,2013-01-01 01:03:00,B7.8,,True,False
1127,5296,2013-01-01 14:38:00,B5.2,,True,False
624,5298,2013-09-07 13:05:00,B5.1,"(71.6061983949576, 10.0)",False,True
1128,5300,2013-01-02 21:09:00,B4.2,,True,False
625,5302,2013-09-10 05:25:00,B4.1,"(-44, -21)",True,False
626,5303,2013-09-10 10:54:00,B2.9,"(-8.595490535224343, -4.0)",False,True
627,5304,2013-09-12 11:06:00,B2.6,"(-62.48016016597159, -5.0)",False,True
628,5305,2013-09-16 22:22:00,B6.0,"(-91.91782658930167, -16.0)",False,True
629,5312,2013-09-19 08:17:00,C1.8,"(-84.21192516201822, 9.0)",False,True
630,5327,2013-09-23 07:14:00,B6.0,"(-34, 11)",False,True
631,5328,2013-09-23 19:38:00,B3.2,"(-76, 11)",False,True
632,5329,2013-09-23 21:54:00,B4.8,"(2.781454378742733, -18.0)",False,True
1129,5331,2013-01-07 18:21:00,C1.2,,True,False
1130,5334,2013-01-08 03:04:00,C1.5,,True,False
1131,5335,2013-01-08 04:58:00,C1.2,,True,False
1132,5339,2013-01-08 14:21:00,C1.3,,True,False
633,5340,2013-09-27 11:33:00,B6.7,"(24.764739713426536, 10.0)",False,True
634,5342,2013-09-27 15:06:00,B5.1,"(24.78349094748915, 9.0)",False,True
635,5345,2013-09-29 01:27:00,C1.6,"(91.83999751949462, 19.0)",False,True
636,5349,2013-10-03 00:06:00,C1.5,"(-47, -13)",True,False
637,5361,2013-10-07 15:40:00,C2.3,"(-64, 7)",False,True
638,5367,2013-10-09 20:27:00,B7.2,"(19, -8)",False,True
639,5368,2013-10-09 21:41:00,B7.6,"(20.64048028774124, 7.0)",False,True
640,5371,2013-10-10 15:45:00,B8.7,"(-39, -9)",False,True
641,5377,2013-10-10 20:24:00,C1.0,"(-47.07377420527941, -22.0)",False,True
1133,5396,2013-01-14 09:48:00,B8.1,,True,False
642,5400,2013-10-13 17:58:00,C4.5,"(14, -12)",False,True
643,5401,2013-10-13 21:35:00,C1.2,"(-7.3921169433588645, -22.0)",False,True
1134,5403,2013-01-15 09:14:00,C1.4,,True,False
1135,5405,2013-01-15 14:52:00,B7.3,,True,False
644,5407,2013-10-14 21:27:00,C3.4,"(30.504404726859402, -8.0)",False,True
1136,5409,2013-01-16 09:00:00,B8.9,,True,False
1137,5411,2013-01-17 08:38:00,B5.1,,True,False
1138,5412,2013-01-17 23:27:00,B5.2,,True,False
1139,5415,2013-01-18 08:19:00,B5.1,,True,False
645,5417,2013-10-15 14:21:00,C2.2,"(-52, -20)",False,True
646,5420,2013-10-15 17:11:00,C1.8,"(14, -12)",False,True
647,5437,2013-10-18 03:27:00,C1.5,"(71.0234524283667, -8.0)",False,True
648,5444,2013-10-19 01:16:00,C1.6,"(79.74333451893284, -7.0)",False,True
649,5446,2013-10-19 10:38:00,C1.9,"(85.24009767209417, -7.0)",False,True
650,5447,2013-10-19 14:32:00,C1.2,"(85.4445525427124, -7.0)",False,True
1140,5447,2013-01-28 11:02:00,B3.9,,True,False
1141,5448,2013-01-28 17:34:00,B3.1,,True,False
1142,5453,2013-01-31 03:14:00,B1.8,,True,False
1143,5457,2013-01-31 06:15:00,B2.6,,True,False
1144,5458,2013-01-31 22:34:00,B5.8,,True,False
1145,5471,2013-02-04 05:10:00,B4.7,,True,False
1146,5479,2013-02-06 03:16:00,C1.3,,True,False
1147,5486,2013-02-09 06:40:00,C2.4,,True,False
1148,5497,2013-02-13 18:10:00,B2.7,,True,False
651,5497,2013-10-24 14:11:00,C2.4,"(-2, -9)",False,True
652,5498,2013-10-24 17:07:00,C2.3,"(-77.03712972422919, -8.0)",False,True
653,5499,2013-10-24 18:11:00,C2.2,"(-0.4008407848623712, -12.0)",False,True
654,5502,2013-10-24 22:10:00,C5.7,"(1.9281017583528341, -12.0)",False,True
1149,5511,2013-02-17 18:10:00,B3.7,,True,False
1150,5521,2013-02-20 10:44:00,B5.4,,True,False
655,5541,2013-10-27 13:47:00,C4.0,"(38, -12)",False,True
1151,5542,2013-02-24 06:11:00,B5.4,,True,False
1152,5544,2013-02-24 14:35:00,C2.6,,True,False
1153,5549,2013-02-26 18:27:00,B5.6,,True,False
1154,5561,2013-03-02 14:05:00,B8.9,,True,False
1155,5564,2013-03-03 00:46:00,B5.9,,True,False
656,5564,2013-10-30 10:40:00,C1.3,"(98.2627310725793, 6.0)",False,True
657,5565,2013-10-31 04:58:00,C1.0,"(109.00722906897317, 6.0)",False,True
1156,5579,2013-03-08 16:57:00,B6.8,,True,False
658,5581,2013-11-02 15:27:00,C1.1,"(8, -12)",False,True
1157,5582,2013-03-10 11:40:00,B5.1,,True,False
1158,5583,2013-03-11 10:35:00,B3.9,,True,False
1159,5586,2013-03-11 17:57:00,B6.8,,True,False
659,5593,2013-11-04 15:01:00,B9.3,"(32.74769861592889, -12.0)",False,True
1160,5603,2013-03-15 20:16:00,B9.2,,True,False
1161,5615,2013-03-17 21:04:00,B7.4,,True,False
1162,5617,2013-03-17 22:03:00,B8.8,,True,False
1163,5621,2013-03-18 06:05:00,C1.7,,True,False
660,5625,2013-11-07 16:47:00,C1.3,"(-14.223250837882777, -11.0)",False,True
661,5630,2013-11-08 07:57:00,C1.4,"(27, -20)",False,True
662,5633,2013-11-08 22:39:00,B9.5,"(58.21793334391881, 19.0)",False,True
663,5636,2013-11-09 14:08:00,C1.2,"(-86.73520231353626, -15.0)",False,True
664,5639,2013-11-09 15:52:00,C1.4,"(-58.75533038112561, -12.0)",False,True
665,5640,2013-11-09 16:27:00,C1.6,"(43.65356802877264, -7.0)",False,True
666,5641,2013-11-09 17:07:00,C1.7,"(67.01242556837614, 19.0)",False,True
667,5642,2013-11-09 17:34:00,C1.8,"(-84.73448790576634, -15.0)",False,True
668,5643,2013-11-09 18:04:00,C1.3,"(-84.44312172987752, -15.0)",False,True
669,5644,2013-11-09 19:40:00,C1.0,"(-83.51074996703329, -15.0)",False,True
670,5645,2013-11-09 20:43:00,C1.4,"(-82.89888099766677, -15.0)",False,True
1164,5650,2013-03-21 21:21:00,C1.1,,True,False
1165,5652,2013-03-22 00:31:00,C1.1,,True,False
1166,5655,2013-03-22 07:02:00,C1.2,,True,False
1167,5662,2013-03-22 15:55:00,B5.7,,True,False
671,5669,2013-11-12 16:48:00,C1.2,"(-55.163694253537884, -20.0)",False,True
672,5671,2013-11-12 19:42:00,C4.5,"(-59, -18)",False,True
1168,5673,2013-03-26 03:33:00,B2.0,,True,False
1169,5674,2013-03-26 05:13:00,B2.8,,True,False
1170,5675,2013-03-26 13:06:00,B2.7,,True,False
1171,5681,2013-03-30 13:22:00,B4.8,,True,False
1172,5711,2013-04-07 07:44:00,C1.4,,True,False
673,5716,2013-11-16 17:47:00,C2.5,"(16, -12)",False,True
1173,5726,2013-04-09 14:50:00,C1.0,,True,False
674,5727,2013-11-17 15:12:00,C3.0,"(-56, -18)",False,True
1174,5727,2013-04-09 20:03:00,C1.5,,True,False
1175,5729,2013-04-10 00:10:00,B9.2,,True,False
675,5731,2013-11-18 00:46:00,C1.6,"(54, -11)",False,True
1176,5741,2013-04-11 10:46:00,C6.2,,True,False
676,5742,2013-11-19 00:36:00,C1.8,"(33, -16)",False,True
1177,5743,2013-04-11 16:11:00,C1.0,,True,False
1178,5745,2013-04-11 23:02:00,C4.0,,True,False
677,5745,2013-11-19 18:01:00,C2.1,"(73.50524534628401, -13.0)",False,True
1179,5756,2013-04-13 22:02:00,B6.6,,True,False
1180,5759,2013-04-15 03:32:00,B6.3,,True,False
1181,5760,2013-04-15 06:23:00,B7.3,,True,False
678,5760,2013-11-22 19:23:00,C1.2,"(-87.57788208014085, 19.0)",False,True
1182,5761,2013-04-15 09:25:00,C1.1,,True,False
679,5765,2013-11-23 08:46:00,C1.9,"(-79.82480152664458, 19.0)",False,True
1183,5768,2013-04-16 19:38:00,B6.4,,True,False
680,5769,2013-11-23 15:56:00,C2.2,"(-75.67308964868269, 19.0)",False,True
1184,5770,2013-04-17 03:01:00,B7.2,,True,False
681,5771,2013-11-23 17:53:00,C3.3,"(-74.54343781212096, 19.0)",False,True
1185,5775,2013-04-17 22:07:00,B4.8,,True,False
1186,5776,2013-04-18 02:39:00,B6.6,,True,False
1187,5779,2013-04-19 14:44:00,C1.1,,True,False
1188,5780,2013-04-19 22:21:00,C1.0,,True,False
682,5786,2013-11-28 12:02:00,B8.5,"(-34.82924156517736, -26.0)",False,True
683,5787,2013-11-28 12:32:00,B9.0,"(-34.54389721008639, -26.0)",False,True
684,5789,2013-11-28 17:07:00,C1.2,"(-35, -24)",False,True
685,5790,2013-11-28 19:50:00,C1.0,"(-34, -25)",False,True
686,5791,2013-11-29 06:42:00,B7.3,"(-24.176385641780918, -26.0)",False,True
1189,5814,2013-04-22 11:55:00,B6.9,,True,False
1190,5816,2013-04-22 22:40:00,C2.9,,True,False
1191,5818,2013-04-23 02:46:00,C1.0,,True,False
1192,5820,2013-04-23 11:41:00,B8.8,,True,False
1193,5823,2013-04-23 13:31:00,C2.1,,True,False
687,5825,2013-12-12 06:59:00,C3.4,"(-12.930585743419442, -15.0)",False,True
1194,5840,2013-04-25 02:23:00,C2.0,,True,False
1195,5842,2013-04-25 08:32:00,C2.3,,True,False
1196,5846,2013-04-25 17:17:00,C3.9,,True,False
688,5848,2013-12-19 10:26:00,C1.6,"(49.125733830366634, 6.0)",False,True
1197,5850,2013-04-26 04:27:00,C2.5,,True,False
1198,5860,2013-04-27 02:13:00,C2.4,,True,False
1199,5862,2013-04-27 03:57:00,C2.5,,True,False
1200,5864,2013-04-27 07:30:00,C1.3,,True,False
1201,5881,2013-04-29 02:01:00,C1.2,,True,False
1202,5884,2013-04-29 03:44:00,C1.9,,True,False
1203,5885,2013-04-29 04:23:00,C2.0,,True,False
1204,5888,2013-04-29 09:46:00,C1.5,,True,False
689,5894,2013-12-24 20:28:00,B7.2,"(-57.05629339202338, -16.0)",False,True
1205,5913,2013-05-02 01:27:00,C1.0,,True,False
690,5936,2013-12-31 07:40:00,C2.2,"(26.46176868080544, -16.0)",False,True
691,5938,2013-12-31 18:25:00,C1.8,"(16, -16)",False,True
1206,5944,2013-05-05 08:37:00,C1.1,,True,False
1207,5949,2013-05-05 13:51:00,C1.3,,True,False
1208,5950,2013-05-05 15:30:00,B8.4,,True,False
1209,5951,2013-05-05 16:01:00,C1.3,,True,False
1210,5953,2013-05-05 16:23:00,C3.8,,True,False
1211,5954,2013-05-05 16:53:00,C2.2,,True,False
1212,5958,2013-05-05 23:03:00,C1.3,,True,False
1213,5965,2013-05-07 03:14:00,B8.0,,True,False
1214,5973,2013-05-08 06:39:00,C1.1,,True,False
1215,5979,2013-05-09 16:42:00,C1.4,,True,False
692,6005,2014-01-11 20:46:00,C1.7,"(-19.881702443644034, 16.0)",False,True
693,6009,2014-01-13 21:51:00,M1.3,"(11, -7)",False,True
1216,6019,2013-05-13 07:06:00,C2.4,,True,False
1217,6020,2013-05-13 08:07:00,C2.0,,True,False
1218,6023,2013-05-13 10:37:00,C1.7,,True,False
1219,6049,2013-05-18 08:35:00,B9.7,,True,False
1220,6051,2013-05-18 21:18:00,C2.9,,True,False
694,6053,2014-01-27 05:22:00,C2.3,"(34.12733028787336, -15.0)",False,True
1221,6058,2013-05-19 17:24:00,C4.2,,True,False
1222,6059,2013-05-19 17:50:00,C9.9,,True,False
1223,6070,2013-05-21 07:48:00,C1.1,,True,False
1224,6074,2013-05-21 22:09:00,C1.5,,True,False
1225,6104,2013-05-28 23:13:00,B8.2,,True,False
1226,6105,2013-05-29 00:37:00,B8.3,,True,False
695,6106,2014-02-02 14:06:00,M1.3,"(-6.782407421468796, -13.0)",False,True
1227,6107,2013-05-29 02:18:00,C1.5,,True,False
696,6108,2014-02-02 20:07:00,C4.5,"(-71, 9)",False,True
697,6110,2014-02-02 22:31:00,C8.4,"(-71, 9)",False,True
1228,6120,2013-05-30 04:31:00,B5.3,,True,False
1229,6125,2013-05-30 15:32:00,B7.3,,True,False
1230,6129,2013-05-31 08:07:00,C1.2,,True,False
1231,6140,2013-06-03 11:49:00,B4.4,,True,False
698,6147,2014-02-06 08:01:00,C1.9,"(40.69876564467737, 9.0)",False,True
1232,6154,2013-06-07 21:11:00,B4.2,,True,False
699,6170,2014-02-09 23:31:00,C5.2,"(17, -15)",False,True
1233,6174,2013-06-12 19:45:00,B4.4,,True,False
1234,6175,2013-06-13 00:48:00,B3.2,,True,False
1235,6176,2013-06-13 03:22:00,B3.5,,True,False
1236,6177,2013-06-13 04:32:00,B4.5,,True,False
1237,6178,2013-06-13 08:25:00,B4.1,,True,False
1238,6193,2013-06-16 03:14:00,B6.1,,True,False
1239,6194,2013-06-16 05:35:00,B7.0,,True,False
1240,6207,2013-06-18 02:07:00,C2.4,,True,False
1241,6216,2013-06-18 23:04:00,C1.6,,True,False
1242,6219,2013-06-19 09:54:00,C8.4,,True,False
700,6227,2014-02-17 15:31:00,C2.4,"(11.03138165348614, -10.0)",False,True
1243,6231,2013-06-21 09:31:00,C3.1,,True,False
1244,6235,2013-06-21 16:47:00,B9.3,,True,False
701,6244,2014-02-21 11:17:00,C1.9,"(88.58309908681807, -14.0)",False,True
702,6250,2014-02-23 19:27:00,C1.6,"(6.335102537135002, -10.0)",False,True
703,6256,2014-02-24 14:49:00,C5.0,"(-63, -11)",False,True
1245,6261,2013-06-27 11:12:00,B3.8,,True,False
704,6269,2014-02-27 07:21:00,C2.0,"(-61, -22)",False,True
705,6275,2014-02-27 22:12:00,C4.2,"(-63, -11)",False,True
706,6278,2014-02-28 04:02:00,C2.2,"(6.370478393929207, -3.0)",False,True
707,6282,2014-02-28 22:33:00,C2.2,"(-32, 16)",False,True
708,6284,2014-03-01 04:36:00,C1.9,"(-35.36814755482072, -25.0)",False,True
1246,6289,2013-07-02 07:48:00,B7.6,,True,False
709,6291,2014-03-02 12:53:00,C2.5,"(-33, -11)",False,True
710,6292,2014-03-02 16:45:00,C2.5,"(22, -2)",False,True
1247,6292,2013-07-02 12:47:00,C1.1,,True,False
1248,6293,2013-07-02 13:11:00,B8.6,,True,False
711,6297,2014-03-03 06:54:00,C2.3,"(73.03061800883123, 14.0)",False,True
712,6298,2014-03-03 07:09:00,C3.3,"(31, 7)",False,True
713,6299,2014-03-03 09:57:00,C2.9,"(13.782405352341666, -17.0)",False,True
1249,6303,2013-07-03 09:10:00,C1.7,,True,False
1250,6304,2013-07-03 10:49:00,C1.3,,True,False
714,6305,2014-03-04 07:04:00,C5.6,"(65.14905933558379, -6.0)",False,True
1251,6307,2013-07-03 13:55:00,B9.3,,True,False
1252,6315,2013-07-04 00:25:00,C1.9,,True,False
1253,6317,2013-07-04 02:53:00,C1.1,,True,False
1254,6320,2013-07-04 08:17:00,C1.3,,True,False
1255,6322,2013-07-04 12:17:00,C1.5,,True,False
715,6325,2014-03-09 07:04:00,C4.8,"(-62, -16)",False,True
1256,6339,2013-07-05 17:52:00,C1.0,,True,False
716,6341,2014-03-10 06:24:00,C2.2,"(40, 13)",False,True
717,6344,2014-03-10 11:42:00,C6.0,"(43.82619728057059, 14.0)",False,True
1257,6349,2013-07-06 21:55:00,C1.8,,True,False
1258,6356,2013-07-07 20:21:00,B8.9,,True,False
1259,6360,2013-07-08 21:02:00,B8.5,,True,False
1260,6367,2013-07-09 15:24:00,B7.6,,True,False
1261,6369,2013-07-09 23:25:00,B8.2,,True,False
1262,6371,2013-07-10 05:49:00,B7.3,,True,False
718,6372,2014-03-15 14:37:00,C1.2,"(-71, -11)",False,True
1263,6375,2013-07-11 08:10:00,B7.7,,True,False
719,6375,2014-03-16 06:45:00,C7.3,"(81.9647674666389, 5.0)",False,True
1264,6379,2013-07-11 20:37:00,B8.1,,True,False
720,6390,2014-03-19 06:52:00,C1.7,"(-50, -13)",False,True
1265,6396,2013-07-17 09:16:00,C1.6,,True,False
721,6407,2014-03-21 12:19:00,C1.3,"(-53.80825630993549, -15.0)",False,True
1266,6413,2013-07-23 23:11:00,B4.0,,True,False
1267,6414,2013-07-23 23:29:00,B3.9,,True,False
1268,6421,2013-07-25 05:19:00,B4.4,,True,False
1269,6427,2013-07-26 19:28:00,C1.5,,True,False
722,6432,2014-03-24 02:47:00,C3.5,"(43.62389593426679, -14.0)",False,True
1270,6433,2013-07-28 04:05:00,B8.9,,True,False
1271,6439,2013-07-28 18:21:00,B9.6,,True,False
723,6443,2014-03-26 22:06:00,C1.1,"(52.89147223648854, -14.0)",False,True
724,6452,2014-03-28 21:00:00,C1.0,"(78.2496930049819, -14.0)",False,True
1272,6456,2013-08-02 14:52:00,B5.0,,True,False
725,6456,2014-03-29 04:14:00,C1.0,"(82.46987764852554, -14.0)",False,True
1273,6461,2013-08-06 01:52:00,B4.5,,True,False
1274,6462,2013-08-06 06:44:00,B6.0,,True,False
1275,6465,2013-08-07 19:03:00,B6.3,,True,False
726,6471,2014-03-30 05:04:00,C2.1,"(-87.07993753310585, -11.0)",False,True
1276,6473,2013-08-11 00:26:00,B5.0,,True,False
727,6474,2014-03-30 07:31:00,C1.0,"(64.38549141529535, -14.0)",False,True
1277,6475,2013-08-11 02:19:00,B6.6,,True,False
728,6475,2014-03-30 08:26:00,C1.2,"(83.90794554888599, -16.0)",False,True
1278,6477,2013-08-11 06:12:00,B7.1,,True,False
1279,6485,2013-08-12 00:15:00,C1.0,,True,False
1280,6486,2013-08-12 03:32:00,B6.1,,True,False
729,6490,2014-04-01 04:48:00,B9.4,"(93.80359147707578, -13.0)",False,True
730,6504,2014-04-02 18:18:00,C5.3,"(-60, 9)",False,True
731,6505,2014-04-02 23:51:00,C1.8,"(-42.08770076522568, 12.0)",False,True
732,6517,2014-04-04 20:21:00,C1.5,"(-56, 10)",False,True
1281,6517,2013-08-17 13:49:00,C1.8,,True,False
1282,6520,2013-08-18 11:31:00,C1.6,,True,False
1283,6521,2013-08-18 13:21:00,B8.6,,True,False
1284,6522,2013-08-18 17:04:00,B9.5,,True,False
733,6523,2014-04-05 12:44:00,B6.1,"(49.4193477829749, -13.0)",False,True
734,6525,2014-04-05 14:48:00,B5.2,"(-23.38391330834017, 11.0)",False,True
1285,6525,2013-08-19 10:57:00,B8.8,,True,False
735,6531,2014-04-07 02:53:00,C1.1,"(69.68410182477122, -13.0)",False,True
1286,6531,2013-08-20 20:48:00,B9.4,,True,False
1287,6537,2013-08-21 23:24:00,B9.9,,True,False
736,6549,2014-04-11 09:29:00,C1.9,"(-23, -11)",True,False
737,6552,2014-04-11 19:25:00,C1.5,"(-76.67085661231421, -15.0)",False,True
1288,6555,2013-08-29 21:34:00,B4.4,,True,False
738,6555,2014-04-12 16:20:00,B8.1,"(-16.47795860921826, 13.0)",False,True
739,6556,2014-04-12 17:28:00,B8.3,"(87.18400048953575, 13.0)",False,True
740,6558,2014-04-12 19:32:00,B9.0,"(-64.59946523142578, -16.0)",False,True
741,6559,2014-04-13 02:45:00,B8.3,"(-60.399582973189354, -16.0)",False,True
1289,6563,2013-09-02 11:08:00,B4.6,,True,False
1290,6576,2013-09-04 06:16:00,C1.2,,True,False
1291,6588,2013-09-06 22:50:00,C1.0,,True,False
1292,6598,2013-09-17 21:18:00,B6.8,,True,False
1293,6609,2013-09-19 18:41:00,B5.4,,True,False
742,6611,2014-04-19 00:24:00,C1.1,"(18.233092940711057, -15.0)",False,True
1294,6619,2013-09-21 07:35:00,B8.9,,True,False
743,6623,2014-04-20 00:25:00,C1.6,"(31.242487428304642, -16.0)",False,True
744,6626,2014-04-20 05:17:00,C1.9,"(55.10328712820872, 5.0)",False,True
745,6627,2014-04-20 06:10:00,C1.7,"(55.622133241126896, 5.0)",False,True
746,6630,2014-04-20 11:41:00,C1.8,"(77.83091515813331, 12.0)",False,True
1295,6632,2013-09-25 17:37:00,B6.2,,True,False
1296,6633,2013-09-25 19:36:00,B3.8,,True,False
747,6634,2014-04-20 22:24:00,C1.0,"(67.07016597349279, -17.0)",False,True
1297,6634,2013-09-25 20:27:00,B3.9,,True,False
1298,6635,2013-09-25 22:26:00,B6.1,,True,False
748,6635,2014-04-21 01:08:00,C1.7,"(66.66591229908983, 4.0)",False,True
1299,6646,2013-09-29 23:39:00,C1.2,,True,False
1300,6647,2013-09-30 17:30:00,B4.8,,True,False
1301,6649,2013-10-02 01:56:00,B5.9,,True,False
1302,6651,2013-10-02 21:51:00,C1.5,,True,False
1303,6655,2013-10-04 17:07:00,B4.2,,True,False
749,6657,2014-04-23 15:18:00,C1.5,"(79.91849044780015, -13.0)",False,True
1304,6658,2013-10-05 20:55:00,B4.3,,True,False
1305,6660,2013-10-06 02:06:00,B4.4,,True,False
1306,6662,2013-10-06 14:24:00,C1.1,,True,False
1307,6663,2013-10-06 18:58:00,B7.5,,True,False
750,6663,2014-04-25 10:42:00,C1.0,"(65.26690172585835, -10.0)",False,True
751,6664,2014-04-25 12:08:00,C3.3,"(106.10481361909822, -13.0)",False,True
1308,6664,2013-10-06 22:02:00,B7.3,,True,False
1309,6665,2013-10-07 00:08:00,B6.6,,True,False
1310,6688,2013-10-10 21:09:00,B8.6,,True,False
752,6690,2014-05-02 14:13:00,C1.4,"(-3, -17)",False,True
1311,6693,2013-10-11 07:25:00,M1.5,,True,False
753,6699,2014-05-03 10:23:00,C1.1,"(43.08143267166628, -10.0)",False,True
754,6703,2014-05-03 23:54:00,C1.1,"(40.9418853733433, -17.0)",False,True
1312,6711,2013-10-13 00:08:00,C1.2,,True,False
755,6712,2014-05-05 12:23:00,C1.9,"(71.19118574981262, -9.0)",False,True
1313,6713,2013-10-13 09:10:00,C1.4,,True,False
756,6720,2014-05-06 22:53:00,C6.2,"(91.34549418255014, -9.0)",False,True
757,6721,2014-05-07 04:45:00,C1.5,"(94.78409191004792, -9.0)",False,True
1314,6722,2013-10-14 21:53:00,C3.0,,True,False
758,6723,2014-05-07 16:29:00,M1.2,"(-50, 15)",False,True
759,6727,2014-05-08 14:58:00,C1.3,"(-74.28153497247968, -12.0)",False,True
1315,6738,2013-10-16 03:48:00,C2.5,,True,False
1316,6739,2013-10-16 05:32:00,C3.7,,True,False
760,6743,2014-05-11 05:25:00,C2.3,"(-31, 3)",False,True
761,6745,2014-05-11 09:20:00,C1.3,"(0, 10)",False,True
1317,6747,2013-10-16 20:51:00,C1.2,,True,False
762,6752,2014-05-12 06:42:00,C2.3,"(-4, -4)",False,True
1318,6754,2013-10-17 22:24:00,C1.6,,True,False
1319,6756,2013-10-18 03:07:00,C3.3,,True,False
1320,6767,2013-10-19 12:34:00,C1.4,,True,False
1321,6775,2013-10-21 07:14:00,C1.7,,True,False
1322,6778,2013-10-21 09:45:00,B9.8,,True,False
1323,6781,2013-10-21 19:40:00,B9.1,,True,False
1324,6782,2013-10-21 20:34:00,C1.6,,True,False
1325,6787,2013-10-22 00:09:00,C1.0,,True,False
763,6794,2014-05-23 11:49:00,C1.1,"(50.857106842166154, -15.0)",False,True
764,6796,2014-05-23 19:54:00,B7.3,"(55.56752668570212, -15.0)",False,True
765,6802,2014-05-24 14:28:00,C1.3,"(40, -16)",False,True
766,6812,2014-05-26 04:48:00,B8.5,"(75.78068144384424, -19.0)",False,True
767,6825,2014-05-30 18:06:00,B4.4,"(10.541864785414155, -9.0)",False,True
1326,6834,2013-10-25 13:14:00,C1.8,,True,False
768,6855,2014-06-07 06:12:00,B7.5,"(79.62496496266132, -12.0)",False,True
769,6861,2014-06-09 00:23:00,C1.6,"(3.2216781662763223, -20.0)",False,True
1327,6888,2013-10-29 15:34:00,C3.5,,True,False
1328,6893,2013-10-30 19:55:00,B8.6,,True,False
1329,6909,2013-11-02 11:15:00,C1.6,,True,False
770,6916,2014-06-14 17:47:00,C3.3,"(21.392718121198726, 18.0)",False,True
771,6919,2014-06-15 06:05:00,C7.5,"(83.54495513998067, 15.0)",False,True
772,6920,2014-06-15 08:09:00,C7.0,"(-86, 18)",False,True
1330,6922,2013-11-04 11:49:00,C2.5,,True,False
773,6923,2014-06-15 15:24:00,C2.6,"(-7.990234448958333, -18.0)",False,True
774,6924,2014-06-15 15:59:00,C3.5,"(-7.651749554164647, -18.0)",False,True
1331,6924,2013-11-04 14:37:00,B9.7,,True,False
1332,6926,2013-11-04 17:35:00,C1.0,,True,False
1333,6927,2013-11-04 21:38:00,C1.1,,True,False
1334,6928,2013-11-04 22:13:00,C1.5,,True,False
775,6933,2014-06-16 20:22:00,C3.2,"(2, -20)",False,True
1335,6934,2013-11-05 14:22:00,C2.5,,True,False
1336,6935,2013-11-05 16:42:00,C2.3,,True,False
1337,6936,2013-11-05 16:59:00,C2.3,,True,False
1338,6939,2013-11-05 20:07:00,C2.1,,True,False
1339,6943,2013-11-06 01:25:00,C4.4,,True,False
1340,6955,2013-11-07 00:02:00,M1.8,,True,False
776,6958,2014-06-22 00:38:00,B5.1,"(6.371212254673057, -9.0)",False,True
777,6965,2014-06-23 04:48:00,B4.2,"(76.78068144384424, -19.0)",False,True
778,6966,2014-06-23 07:33:00,B4.6,"(94.3809616383297, -18.0)",False,True
779,6968,2014-06-23 16:45:00,B4.5,"(-60.252182639321305, 8.0)",False,True
780,6970,2014-06-24 15:54:00,B6.3,"(-46.74760936239751, 9.0)",False,True
1341,6977,2013-11-09 12:50:00,C1.2,,True,False
781,6981,2014-06-28 02:03:00,C1.5,"(-50.79933191233555, 10.0)",False,True
782,6991,2014-06-29 08:06:00,C1.8,"(14.747609362397515, 9.0)",False,True
783,6995,2014-06-29 15:29:00,C1.8,"(-29.984021196669975, 11.0)",False,True
784,6997,2014-06-29 18:06:00,C1.2,"(20.541864785414155, 9.0)",False,True
785,7000,2014-06-30 00:58:00,C2.0,"(-72.43669205994827, 15.0)",False,True
1342,7000,2013-11-11 10:07:00,C2.3,,True,False
786,7018,2014-07-05 08:37:00,C1.6,"(-3, -19)",False,True
1343,7023,2013-11-13 12:07:00,C2.3,,True,False
1344,7027,2013-11-13 19:40:00,C1.0,,True,False
787,7030,2014-07-08 03:53:00,C1.2,"(-61, 10)",False,True
1345,7031,2013-11-14 00:20:00,C1.9,,True,False
1346,7034,2013-11-14 02:17:00,C2.5,,True,False
788,7039,2014-07-09 18:39:00,C5.0,"(65, -15)",False,True
789,7041,2014-07-10 17:42:00,C1.4,"(48.302888840044524, -7.0)",False,True
790,7045,2014-07-11 23:13:00,C2.5,"(-42, 10)",False,True
791,7052,2014-07-13 09:51:00,C1.8,"(9.780403956438327, 7.0)",False,True
1347,7054,2013-11-15 23:03:00,C3.5,,True,False
1348,7057,2013-11-16 02:42:00,C5.2,,True,False
1349,7065,2013-11-16 17:12:00,C3.0,,True,False
792,7074,2014-07-26 12:10:00,C1.1,"(-25, -9)",False,True
793,7076,2014-07-26 15:11:00,B8.9,"(-23, -8)",False,True
794,7083,2014-07-28 23:07:00,B7.6,"(10.481917977278094, 8.0)",False,True
1350,7090,2013-11-18 13:03:00,C1.7,,True,False
1351,7092,2013-11-18 15:59:00,C2.6,,True,False
1352,7097,2013-11-19 16:51:00,C1.1,,True,False
1353,7098,2013-11-19 17:06:00,C1.3,,True,False
1354,7100,2013-11-19 18:15:00,C1.6,,True,False
1355,7106,2013-11-20 18:22:00,C2.4,,True,False
795,7117,2014-08-03 19:39:00,C1.1,"(-48.52413021546148, 18.0)",False,True
796,7121,2014-08-04 22:02:00,C1.0,"(-5.1373053748089585, -20.0)",False,True
1356,7140,2013-11-25 03:15:00,B7.1,,True,False
1357,7142,2013-11-25 14:51:00,B8.2,,True,False
1358,7143,2013-11-25 17:29:00,C1.0,,True,False
1359,7144,2013-11-25 19:24:00,C1.7,,True,False
1360,7145,2013-11-25 21:20:00,C1.1,,True,False
1361,7146,2013-11-26 01:29:00,C1.6,,True,False
1362,7147,2013-11-26 21:37:00,B8.4,,True,False
1363,7148,2013-11-26 23:08:00,B7.1,,True,False
1364,7149,2013-11-27 15:39:00,C1.4,,True,False
1365,7150,2013-11-28 00:41:00,C1.4,,True,False
1366,7162,2013-11-30 21:27:00,B7.0,,True,False
1367,7164,2013-12-01 11:21:00,C1.4,,True,False
797,7164,2014-08-15 07:37:00,B6.0,"(-55.56152192062694, 15.0)",False,True
1368,7171,2013-12-03 13:12:00,B9.2,,True,False
1369,7172,2013-12-03 14:55:00,C1.1,,True,False
1370,7174,2013-12-04 00:56:00,C6.8,,True,False
1371,7176,2013-12-04 20:37:00,C6.2,,True,False
1372,7177,2013-12-04 22:22:00,C1.1,,True,False
1373,7179,2013-12-05 11:27:00,C4.9,,True,False
1374,7180,2013-12-05 14:59:00,C5.8,,True,False
1375,7183,2013-12-06 07:37:00,C2.1,,True,False
1376,7184,2013-12-06 09:43:00,C2.2,,True,False
1377,7193,2013-12-09 03:30:00,C2.1,,True,False
1378,7195,2013-12-09 13:21:00,C2.3,,True,False
1379,7198,2013-12-09 18:08:00,C1.9,,True,False
1380,7200,2013-12-10 19:30:00,C1.7,,True,False
1381,7202,2013-12-11 11:53:00,C1.7,,True,False
1382,7210,2013-12-12 19:34:00,C1.6,,True,False
1383,7220,2013-12-15 09:13:00,C2.8,,True,False
1384,7222,2013-12-16 01:10:00,C1.5,,True,False
798,7223,2014-08-25 04:50:00,C1.0,"(-34, 9)",False,True
1385,7225,2013-12-16 06:20:00,C1.3,,True,False
1386,7227,2013-12-16 21:33:00,C3.1,,True,False
1387,7228,2013-12-17 17:33:00,C2.0,,True,False
1388,7230,2013-12-17 23:29:00,C4.0,,True,False
1389,7231,2013-12-18 04:41:00,C1.3,,True,False
1390,7243,2013-12-20 02:58:00,C2.2,,True,False
1391,7244,2013-12-20 04:48:00,C1.5,,True,False
1392,7251,2013-12-20 21:16:00,C2.7,,True,False
1393,7256,2013-12-21 17:06:00,C2.8,,True,False
1394,7257,2013-12-21 18:41:00,C2.0,,True,False
799,7258,2014-08-30 07:22:00,C1.7,"(-36, -16)",False,True
1395,7259,2013-12-21 20:06:00,C2.1,,True,False
1396,7260,2013-12-21 22:22:00,C3.2,,True,False
1397,7262,2013-12-22 01:16:00,C1.2,,True,False
1398,7263,2013-12-22 01:55:00,C1.7,,True,False
1399,7264,2013-12-22 02:34:00,C1.6,,True,False
1400,7265,2013-12-22 03:13:00,C2.2,,True,False
1401,7268,2013-12-22 07:38:00,C2.3,,True,False
800,7271,2014-08-31 16:11:00,C1.2,"(-22, -15)",False,True
1402,7273,2013-12-22 12:43:00,C4.3,,True,False
1403,7277,2013-12-22 19:25:00,C6.1,,True,False
801,7278,2014-09-01 18:26:00,C1.6,"(-4.239632042150038, -16.0)",False,True
1404,7285,2013-12-23 03:18:00,C1.7,,True,False
802,7286,2014-09-04 06:43:00,C1.6,"(29.914018962773184, -15.0)",False,True
803,7288,2014-09-04 11:22:00,C2.2,"(32.62372439853924, -15.0)",False,True
1405,7289,2013-12-23 08:44:00,C2.8,,True,False
804,7294,2014-09-05 01:50:00,C3.8,"(-57.939800074330634, -20.0)",False,True
1406,7310,2013-12-25 19:10:00,C1.0,,True,False
805,7314,2014-09-08 03:30:00,C4.6,"(-51, -12)",False,True
806,7321,2014-09-11 11:58:00,C2.0,"(-16.04561634341488, -17.0)",False,True
807,7328,2014-09-12 12:34:00,C1.5,"(86.34737522001785, -12.0)",False,True
808,7330,2014-09-12 16:35:00,C1.4,"(88.69580682217209, -12.0)",False,True
809,7332,2014-09-12 20:12:00,C3.3,"(35.78294447297707, -14.0)",False,True
1407,7334,2013-12-29 16:02:00,B9.9,,True,False
1408,7335,2013-12-29 16:12:00,B9.4,,True,False
1409,7340,2013-12-29 22:33:00,C4.6,,True,False
1410,7347,2013-12-31 11:50:00,C8.8,,True,False
810,7356,2014-09-17 08:12:00,C1.4,"(85.77215258903539, 16.0)",False,True
811,7359,2014-09-18 01:12:00,C1.4,"(-43.30874193157353, -22.0)",False,True
812,7380,2014-09-25 20:32:00,C3.2,"(1, -13)",False,True
1411,7381,2014-01-04 19:46:00,M4.0,,True,False
1412,7382,2014-01-04 19:46:00,M4.0,,True,False
813,7404,2014-10-02 22:54:00,C3.6,"(-89, 18)",False,True
814,7407,2014-10-03 04:20:00,C5.7,"(84.5415344510886, -8.0)",False,True
1413,7409,2014-01-09 18:59:00,C1.1,,True,False
815,7410,2014-10-03 10:46:00,C2.2,"(11.300739125340126, -11.0)",False,True
816,7411,2014-10-03 11:48:00,C2.5,"(88.92079381296433, -8.0)",False,True
817,7412,2014-10-03 22:15:00,C1.9,"(89.97361108706038, -8.0)",False,True
1414,7413,2014-01-11 07:49:00,C1.1,,True,False
818,7414,2014-10-04 02:24:00,C1.4,"(9.410948198494985, -1.0)",False,True
819,7415,2014-10-04 06:58:00,C1.0,"(-26, 11)",False,True
1415,7421,2014-01-11 22:03:00,C1.2,,True,False
820,7423,2014-10-06 21:26:00,C1.5,"(57.4979662147022, -11.0)",False,True
1416,7424,2014-01-12 22:08:00,C1.1,,True,False
1417,7425,2014-01-13 05:10:00,C1.3,,True,False
1418,7426,2014-01-13 09:20:00,C1.1,,True,False
1419,7427,2014-01-13 15:09:00,C1.1,,True,False
821,7431,2014-10-08 19:53:00,C2.0,"(41, -17)",False,True
1420,7462,2014-01-21 13:32:00,B9.1,,True,False
1421,7463,2014-01-21 14:23:00,B9.2,,True,False
1422,7464,2014-01-21 17:18:00,C2.9,,True,False
1423,7469,2014-01-23 02:02:00,B7.8,,True,False
1424,7470,2014-01-23 02:54:00,B8.4,,True,False
1425,7471,2014-01-23 02:54:00,B8.4,,True,False
1426,7474,2014-01-24 10:37:00,B9.2,,True,False
1427,7476,2014-01-25 02:32:00,C1.0,,True,False
1428,7478,2014-01-26 06:16:00,C3.2,,True,False
1429,7481,2014-01-27 01:22:00,M1.0,,True,False
1430,7482,2014-01-27 02:11:00,M1.1,,True,False
1431,7485,2014-01-27 06:54:00,C2.0,,True,False
1432,7499,2014-01-28 12:46:00,M1.3,,True,False
1433,7504,2014-01-29 03:36:00,C4.2,,True,False
1434,7508,2014-01-29 12:01:00,C2.4,,True,False
1435,7510,2014-01-29 19:16:00,C2.3,,True,False
1436,7511,2014-01-29 20:33:00,C3.6,,True,False
822,7541,2014-10-27 17:40:00,M1.4,"(55.297078801582515, -12.0)",False,True
1437,7544,2014-02-02 14:21:00,C7.8,,True,False
1438,7545,2014-02-02 16:18:00,C4.2,,True,False
1439,7546,2014-02-02 16:29:00,M1.0,,True,False
1440,7558,2014-02-03 13:34:00,C6.5,,True,False
1441,7562,2014-02-03 22:33:00,C7.8,,True,False
1442,7572,2014-02-04 18:49:00,C4.7,,True,False
1443,7588,2014-02-05 22:47:00,C3.2,,True,False
1444,7589,2014-02-05 23:23:00,C2.1,,True,False
1445,7596,2014-02-06 22:15:00,C2.1,,True,False
823,7599,2014-11-06 14:24:00,C3.8,"(-51.594230577065396, 15.0)",False,True
824,7611,2014-11-07 23:48:00,C1.4,"(-32.11654647035553, 15.0)",False,True
825,7612,2014-11-08 06:50:00,C1.1,"(-33, 14)",False,True
1446,7615,2014-02-09 16:17:00,M1.0,,True,False
1447,7619,2014-02-10 13:12:00,C2.1,,True,False
1448,7620,2014-02-10 14:09:00,C1.8,,True,False
1449,7621,2014-02-10 16:52:00,C2.5,,True,False
1450,7629,2014-02-12 12:34:00,C7.9,,True,False
1451,7635,2014-02-13 00:52:00,C3.2,,True,False
1452,7636,2014-02-13 01:40:00,M1.8,,True,False
826,7646,2014-11-12 19:27:00,C2.6,"(-48.769497951487494, 5.0)",False,True
1453,7646,2014-02-13 15:57:00,M1.4,,True,False
827,7647,2014-11-12 20:43:00,C3.7,"(-30.92143282924459, -11.0)",False,True
828,7676,2014-11-18 15:22:00,C1.9,"(-101.07848555244271, -13.0)",False,True
829,7679,2014-11-18 19:50:00,C1.1,"(-9.433673157183836, -13.0)",False,True
830,7680,2014-11-18 21:15:00,C1.4,"(-97.64213905449913, -13.0)",False,True
1454,7681,2014-02-17 08:10:00,C2.0,,True,False
1455,7682,2014-02-17 09:00:00,C1.3,,True,False
1456,7683,2014-02-17 09:44:00,C1.7,,True,False
1457,7696,2014-02-19 10:25:00,C2.5,,True,False
1458,7702,2014-02-21 06:08:00,C1.5,,True,False
1459,7704,2014-02-21 13:24:00,C1.8,,True,False
1460,7707,2014-02-22 15:50:00,C7.7,,True,False
1461,7708,2014-02-23 06:10:00,M1.1,,True,False
1462,7710,2014-02-23 12:14:00,C3.3,,True,False
1463,7712,2014-02-23 14:32:00,C1.2,,True,False
1464,7714,2014-02-23 16:58:00,C1.7,,True,False
1465,7715,2014-02-23 18:17:00,C1.5,,True,False
1466,7717,2014-02-23 23:05:00,C2.0,,True,False
1467,7732,2014-02-26 12:53:00,C1.5,,True,False
1468,7738,2014-02-27 08:15:00,C1.4,,True,False
1469,7742,2014-02-27 12:30:00,C6.8,,True,False
1470,7771,2014-03-03 12:25:00,C1.8,,True,False
1471,7775,2014-03-03 21:45:00,C3.5,,True,False
831,7776,2014-12-04 11:50:00,C1.4,"(22, -23)",False,True
1472,7776,2014-03-04 00:18:00,C4.8,,True,False
1473,7777,2014-03-04 01:01:00,C1.8,,True,False
1474,7781,2014-03-04 10:02:00,C1.6,,True,False
1475,7783,2014-03-04 11:24:00,C7.6,,True,False
1476,7784,2014-03-04 18:35:00,C5.5,,True,False
1477,7789,2014-03-05 04:30:00,C1.8,,True,False
1478,7790,2014-03-05 10:01:00,C1.1,,True,False
1479,7796,2014-03-07 20:36:00,B7.6,,True,False
1480,7800,2014-03-08 10:58:00,C1.0,,True,False
832,7802,2014-12-07 11:14:00,C1.1,"(-20.49879476406271, -5.0)",False,True
833,7805,2014-12-08 03:41:00,C1.0,"(-10.836509604624206, -5.0)",False,True
834,7820,2014-12-10 15:10:00,C1.6,"(-23, 4)",True,False
835,7823,2014-12-11 06:02:00,C1.5,"(-33.46632644118267, 10.0)",False,True
836,7825,2014-12-11 11:55:00,C1.4,"(-56.006787091618605, -7.0)",False,True
837,7827,2014-12-11 14:27:00,C1.4,"(-8.611290402624544, 4.0)",False,True
1481,7832,2014-03-11 06:05:00,C2.4,,True,False
838,7833,2014-12-13 03:18:00,C2.7,"(-27, -5)",False,True
1482,7833,2014-03-11 10:17:00,C6.7,,True,False
839,7835,2014-12-13 05:59:00,C5.4,"(-27, -5)",False,True
840,7849,2014-12-14 16:36:00,C1.5,"(-42.27935242724727, -20.0)",False,True
841,7870,2014-12-16 17:07:00,C2.9,"(-55, -8)",False,True
1483,7870,2014-03-18 12:33:00,C1.0,,True,False
1484,7879,2014-03-19 12:53:00,C3.3,,True,False
1485,7886,2014-03-20 02:38:00,C2.4,,True,False
842,7896,2014-12-19 17:25:00,C2.8,"(23, -18)",False,True
843,7919,2014-12-23 03:58:00,C1.4,"(-11.669306953185616, -4.0)",False,True
844,7923,2014-12-23 19:51:00,C2.3,"(58.56599200645746, -8.0)",False,True
1486,7925,2014-03-25 23:56:00,C1.0,,True,False
1487,7927,2014-03-26 03:26:00,C1.4,,True,False
1488,7928,2014-03-26 07:01:00,B8.7,,True,False
845,7937,2014-12-26 09:30:00,C2.1,"(40, -13)",False,True
846,7965,2014-12-31 12:16:00,C1.0,"(-11.853223610629684, -13.0)",False,True
847,7975,2015-01-02 19:48:00,C1.2,"(44.5366666089449, -8.0)",False,True
1489,7981,2014-04-01 18:41:00,C1.2,,True,False
1490,7990,2014-04-02 07:32:00,B9.3,,True,False
1491,8004,2014-04-04 10:27:00,B8.6,,True,False
848,8020,2015-01-11 12:10:00,C1.5,"(-32.88664296385188, -16.0)",False,True
1492,8022,2014-04-06 16:04:00,B6.1,,True,False
1493,8023,2014-04-06 18:30:00,C1.0,,True,False
849,8036,2015-01-13 23:06:00,C1.4,"(0.47554088340011924, -15.0)",False,True
850,8037,2015-01-14 00:27:00,C1.7,"(81.26407936856825, 7.0)",False,True
851,8048,2015-01-14 19:44:00,C1.7,"(56.501048532991064, 10.0)",False,True
1494,8049,2014-04-12 14:41:00,B8.5,,True,False
852,8051,2015-01-15 02:39:00,C2.1,"(72, -3)",False,True
1495,8056,2014-04-13 12:41:00,C1.1,,True,False
853,8056,2015-01-16 03:30:00,C1.8,"(74, 8)",False,True
854,8058,2015-01-19 09:06:00,C1.0,"(-5.657107553705779, -6.0)",False,True
1496,8059,2014-04-13 23:07:00,B9.2,,True,False
855,8061,2015-01-20 05:11:00,C1.0,"(6.043295880581507, -6.0)",False,True
1497,8064,2014-04-14 08:00:00,C5.2,,True,False
1498,8070,2014-04-14 14:57:00,B8.3,,True,False
1499,8075,2014-04-14 19:45:00,C1.1,,True,False
1500,8085,2014-04-15 12:46:00,C3.6,,True,False
856,8086,2015-01-24 18:25:00,B7.0,"(3.7602160069747255, 18.0)",False,True
1501,8093,2014-04-16 05:08:00,C2.9,,True,False
857,8099,2015-01-27 09:24:00,C1.9,"(-16.499045098000263, -11.0)",False,True
858,8104,2015-01-28 18:35:00,C2.2,"(-2, -13)",False,True
1502,8105,2014-04-17 11:54:00,C3.9,,True,False
859,8106,2015-01-28 23:36:00,C1.7,"(-25.23473721650511, -7.0)",False,True
860,8125,2015-01-30 05:01:00,C2.3,"(-58.056004076331746, 7.0)",False,True
861,8134,2015-01-31 16:41:00,C1.6,"(75.74794648295143, -17.0)",False,True
862,8157,2015-02-05 07:26:00,C1.3,"(22.359709096867363, 8.0)",False,True
1503,8170,2014-04-26 02:27:00,C1.5,,True,False
1504,8171,2014-04-26 06:28:00,C1.6,,True,False
863,8174,2015-02-09 03:31:00,C1.5,"(-75, 8)",False,True
864,8179,2015-02-09 09:05:00,C1.5,"(-73, 9)",False,True
1505,8189,2014-04-30 20:26:00,B6.9,,True,False
1506,8190,2014-05-01 01:42:00,B7.2,,True,False
865,8193,2015-02-12 07:56:00,B7.4,"(-26.357350118170434, 11.0)",False,True
1507,8202,2014-05-03 01:14:00,B8.7,,True,False
1508,8221,2014-05-05 15:29:00,C1.8,,True,False
866,8226,2015-02-27 09:54:00,B9.6,"(6, -14)",False,True
1509,8227,2014-05-06 13:00:00,C1.3,,True,False
867,8229,2015-02-28 07:47:00,C1.1,"(18, -14)",False,True
868,8230,2015-02-28 08:08:00,C1.0,"(-73, 21)",False,True
869,8240,2015-03-02 01:47:00,C1.1,"(82, 20)",False,True
870,8244,2015-03-02 06:39:00,M1.0,"(86.84563427583707, 20.0)",False,True
871,8245,2015-03-02 07:10:00,C3.2,"(87.14441789125298, 20.0)",False,True
872,8246,2015-03-02 07:48:00,C5.2,"(87.51066877466604, 20.0)",False,True
1510,8251,2014-05-10 21:55:00,C1.1,,True,False
873,8258,2015-03-03 06:34:00,C1.9,"(46, -10)",False,True
874,8259,2015-03-03 07:50:00,C1.3,"(48.59431227696785, -8.0)",False,True
875,8260,2015-03-03 08:55:00,C1.1,"(99.13643148066892, 22.0)",False,True
876,8268,2015-03-05 19:55:00,C4.0,"(50.601560421415975, 5.0)",False,True
877,8279,2015-03-07 06:36:00,C1.7,"(-80, -18)",False,True
1511,8280,2014-05-15 13:03:00,B8.6,,True,False
1512,8285,2014-05-16 03:32:00,C1.3,,True,False
1513,8297,2014-05-20 16:51:00,B9.2,,True,False
878,8302,2015-03-10 06:37:00,C1.4,"(-40, -16)",False,True
879,8303,2015-03-10 06:50:00,C1.4,"(-39, -16)",False,True
880,8304,2015-03-10 07:27:00,C2.7,"(-37, -15)",False,True
1514,8311,2014-05-24 01:45:00,B8.2,,True,False
1515,8313,2014-05-24 06:16:00,B8.0,,True,False
881,8323,2015-03-11 06:48:00,C1.0,"(-25, -20)",False,True
882,8324,2015-03-11 07:18:00,M1.8,"(-26, -16)",False,True
1516,8340,2014-05-29 08:57:00,B3.4,,True,False
1517,8345,2014-05-31 15:18:00,B9.2,,True,False
1518,8352,2014-06-02 23:32:00,B4.5,,True,False
1519,8378,2014-06-08 10:02:00,C1.9,,True,False
1520,8381,2014-06-08 23:54:00,C5.2,,True,False
1521,8384,2014-06-09 04:22:00,C4.9,,True,False
883,8401,2015-03-18 06:59:00,C3.9,"(59, 10)",False,True
884,8405,2015-03-18 11:20:00,C1.1,"(60.637839834242484, 10.0)",False,True
885,8418,2015-03-19 01:07:00,B9.5,"(63, 10)",False,True
1522,8426,2014-06-13 03:39:00,C9.9,,True,False
886,8429,2015-03-25 08:29:00,C3.2,"(-27.024457555368862, -8.0)",False,True
1523,8440,2014-06-14 19:29:00,M1.4,,True,False
1524,8449,2014-06-15 17:25:00,C3.2,,True,False
887,8450,2015-03-28 06:55:00,C1.5,"(3.0640235900334822, 4.0)",False,True
888,8452,2015-03-28 10:43:00,C1.0,"(-5.714589799807818, 8.0)",False,True
889,8461,2015-03-29 11:32:00,C1.5,"(22.68135958034797, -19.0)",False,True
1525,8463,2014-06-17 07:41:00,B8.9,,True,False
1526,8465,2014-06-17 10:02:00,B8.4,,True,False
1527,8467,2014-06-17 14:09:00,B7.3,,True,False
1528,8468,2014-06-17 17:52:00,C1.4,,True,False
1529,8469,2014-06-18 00:14:00,C1.4,,True,False
890,8469,2015-03-30 15:47:00,C1.5,"(46.187566120174196, -10.0)",False,True
1530,8472,2014-06-18 07:48:00,C1.0,,True,False
891,8477,2015-04-04 16:49:00,B8.6,"(-44.199892201362985, -12.0)",False,True
892,8481,2015-04-06 05:50:00,C1.2,"(-37.58346479119872, 10.0)",False,True
893,8488,2015-04-09 00:39:00,B5.7,"(10, -14)",False,True
894,8493,2015-04-09 08:39:00,B4.8,"(12, -15)",False,True
1531,8498,2014-06-23 13:30:00,B5.3,,True,False
1532,8502,2014-06-24 10:42:00,B6.8,,True,False
1533,8503,2014-06-24 12:02:00,B3.6,,True,False
1534,8504,2014-06-24 13:43:00,B4.3,,True,False
1535,8511,2014-06-25 19:00:00,B5.2,,True,False
1536,8515,2014-06-27 01:14:00,C1.6,,True,False
1537,8519,2014-06-28 07:01:00,C3.4,,True,False
1538,8522,2014-06-28 12:46:00,C1.2,,True,False
895,8523,2015-04-12 23:29:00,C6.4,"(30, -14)",False,True
1539,8525,2014-06-28 19:08:00,C1.2,,True,False
1540,8526,2014-06-28 21:05:00,C4.2,,True,False
1541,8541,2014-06-29 23:22:00,C1.2,,True,False
1542,8555,2014-07-03 03:59:00,C2.6,,True,False
896,8569,2015-04-22 03:05:00,C2.8,"(-74.11720559730738, 19.0)",False,True
897,8574,2015-04-23 01:18:00,C1.7,"(73.7628959536416, 7.0)",False,True
898,8584,2015-04-23 19:59:00,C3.0,"(-53.32280165533016, 20.0)",False,True
1543,8592,2014-07-12 13:25:00,C1.7,,True,False
1544,8603,2014-07-17 08:09:00,B2.0,,True,False
1545,8605,2014-07-19 23:42:00,B3.8,,True,False
1546,8608,2014-07-22 23:18:00,B2.8,,True,False
1547,8618,2014-07-25 20:23:00,B5.4,,True,False
1548,8619,2014-07-25 22:17:00,B8.8,,True,False
1549,8620,2014-07-25 23:55:00,B7.9,,True,False
899,8635,2015-05-05 16:38:00,C1.5,"(-39, -17)",False,True
900,8639,2015-05-05 21:16:00,C1.7,"(-14, -16)",False,True
901,8648,2015-05-06 17:18:00,C2.0,"(-0.9133464367516098, -13.0)",False,True
1550,8666,2014-08-03 12:19:00,C1.0,,True,False
1551,8681,2014-08-07 17:28:00,C1.4,,True,False
902,8683,2015-05-11 17:47:00,C1.1,"(-16, 14)",False,True
903,8691,2015-05-13 04:15:00,C3.1,"(-20, 16)",False,True
904,8692,2015-05-13 05:59:00,C3.5,"(-23, 16)",False,True
905,8693,2015-05-13 09:45:00,C2.3,"(19, 10)",False,True
1552,8695,2014-08-11 01:14:00,B6.4,,True,False
1553,8700,2014-08-12 00:53:00,B5.3,,True,False
1554,8701,2014-08-12 04:07:00,B5.2,,True,False
1555,8702,2014-08-12 04:21:00,B7.9,,True,False
1556,8703,2014-08-12 04:56:00,B4.7,,True,False
906,8712,2015-05-17 16:02:00,B9.1,"(10.420700466535447, 4.0)",False,True
1557,8713,2014-08-14 12:49:00,B4.8,,True,False
907,8715,2015-05-18 08:21:00,C1.1,"(-43.05025209275942, -20.0)",False,True
1558,8722,2014-08-15 03:40:00,B5.4,,True,False
1559,8728,2014-08-15 12:00:00,C1.1,,True,False
1560,8748,2014-08-20 09:14:00,C1.5,,True,False
1561,8749,2014-08-20 11:54:00,B7.6,,True,False
1562,8750,2014-08-20 12:51:00,C4.9,,True,False
1563,8753,2014-08-20 17:56:00,C2.6,,True,False
1564,8754,2014-08-20 19:11:00,C3.2,,True,False
1565,8755,2014-08-20 19:57:00,C2.9,,True,False
1566,8757,2014-08-20 23:15:00,B9.2,,True,False
1567,8758,2014-08-20 23:31:00,C1.1,,True,False
1568,8759,2014-08-21 00:46:00,C3.2,,True,False
1569,8760,2014-08-21 01:37:00,C3.2,,True,False
1570,8763,2014-08-21 10:18:00,C1.2,,True,False
1571,8764,2014-08-21 11:59:00,C1.2,,True,False
908,8766,2015-06-08 22:58:00,B6.6,"(-33.6005178087859, 17.0)",False,True
1572,8766,2014-08-21 15:50:00,C2.0,,True,False
1573,8768,2014-08-21 22:39:00,C1.2,,True,False
909,8798,2015-06-12 00:08:00,C1.2,"(-76, -19)",False,True
1574,8814,2014-08-27 22:22:00,B5.1,,True,False
910,8829,2015-06-15 13:49:00,C1.8,"(99.05141866039446, 15.0)",False,True
911,8830,2015-06-15 16:27:00,C1.8,"(100.58594718674226, 15.0)",False,True
912,8831,2015-06-16 03:27:00,C2.2,"(106.99600305629636, 15.0)",False,True
913,8832,2015-06-16 03:42:00,C2.4,"(107.14168614424078, 15.0)",False,True
1575,8839,2014-08-30 18:33:00,B9.8,,True,False
1576,8855,2014-09-02 00:16:00,C2.3,,True,False
1577,8857,2014-09-02 12:09:00,C2.2,,True,False
1578,8859,2014-09-02 21:00:00,C2.9,,True,False
1579,8861,2014-09-03 02:53:00,C4.0,,True,False
1580,8862,2014-09-03 09:20:00,C1.3,,True,False
1581,8902,2014-09-11 03:49:00,C4.4,,True,False
1582,8903,2014-09-11 06:36:00,C1.9,,True,False
914,8919,2015-07-01 22:51:00,C1.4,"(-46.67169379138274, 13.0)",False,True
1583,8922,2014-09-13 22:33:00,C1.1,,True,False
1584,8925,2014-09-14 00:17:00,C1.9,,True,False
1585,8931,2014-09-15 15:20:00,B8.1,,True,False
1586,8935,2014-09-16 17:02:00,C1.6,,True,False
1587,8949,2014-09-18 15:58:00,B9.0,,True,False
1588,8963,2014-09-23 20:58:00,B9.6,,True,False
1589,8976,2014-09-26 19:38:00,C1.6,,True,False
915,8977,2015-07-20 04:52:00,B6.4,"(97.84184286317415, 14.0)",False,True
1590,8977,2014-09-26 23:10:00,C3.5,,True,False
916,8978,2015-07-21 05:47:00,B5.3,"(97.3084729725872, -17.0)",False,True
1591,8980,2014-09-27 08:37:00,M1.0,,True,False
1592,8989,2014-09-29 11:02:00,C2.1,,True,False
917,9006,2015-08-02 10:03:00,B3.9,"(84.86352843331063, -14.0)",False,True
1593,9012,2014-10-05 13:35:00,C1.2,,True,False
1594,9020,2014-10-07 15:28:00,B7.2,,True,False
1595,9027,2014-10-08 20:27:00,C1.8,,True,False
1596,9042,2014-10-09 20:23:00,B6.6,,True,False
1597,9043,2014-10-10 16:47:00,C3.0,,True,False
918,9046,2015-08-11 15:15:00,C1.0,"(45.92272657809472, -18.0)",False,True
1598,9051,2014-10-13 22:45:00,B6.3,,True,False
1599,9052,2014-10-14 18:37:00,M1.1,,True,False
1600,9053,2014-10-14 21:21:00,M2.2,,True,False
1601,9061,2014-10-17 12:49:00,C3.6,,True,False
1602,9065,2014-10-18 01:07:00,C5.0,,True,False
919,9067,2015-08-18 00:22:00,B2.9,"(-77.81774278777891, -12.0)",False,True
920,9071,2015-08-19 11:50:00,B3.0,"(-58, -10)",False,True
1603,9072,2014-10-18 17:15:00,C2.7,,True,False
1604,9073,2014-10-18 19:16:00,C3.8,,True,False
921,9074,2015-08-19 13:27:00,B6.1,"(23.820952036653686, -10.0)",False,True
1605,9074,2014-10-18 20:06:00,C6.7,,True,False
922,9075,2015-08-19 14:21:00,B6.4,"(-55.6420825628519, -12.0)",False,True
1606,9079,2014-10-19 15:56:00,C3.9,,True,False
1607,9081,2014-10-19 20:27:00,C2.1,,True,False
1608,9082,2014-10-20 00:10:00,C2.5,,True,False
1609,9098,2014-10-21 02:20:00,C4.2,,True,False
1610,9102,2014-10-21 10:58:00,C6.3,,True,False
1611,9103,2014-10-21 12:28:00,C4.4,,True,False
1612,9104,2014-10-21 13:38:00,M1.2,,True,False
1613,9110,2014-10-22 09:12:00,C4.6,,True,False
1614,9111,2014-10-22 12:05:00,C3.2,,True,False
1615,9113,2014-10-22 15:57:00,M1.4,,True,False
1616,9114,2014-10-22 16:59:00,C5.7,,True,False
1617,9115,2014-10-22 21:16:00,C6.5,,True,False
1618,9117,2014-10-23 07:05:00,C1.8,,True,False
1619,9144,2014-10-26 15:56:00,C3.5,,True,False
1620,9162,2014-10-27 21:23:00,C5.4,,True,False
1621,9170,2014-10-29 03:14:00,C3.3,,True,False
1622,9174,2014-10-29 14:00:00,C5.5,,True,False
923,9176,2015-08-28 09:47:00,C1.0,"(-39.353013922331584, -21.0)",False,True
1623,9186,2014-10-30 05:46:00,C3.5,,True,False
924,9189,2015-08-28 21:39:00,C1.7,"(-36.3508274824683, -23.0)",False,True
925,9193,2015-08-29 07:32:00,C2.3,"(73.38991705005826, -15.0)",False,True
1624,9193,2014-10-31 01:01:00,C8.2,,True,False
1625,9196,2014-11-01 05:34:00,C2.7,,True,False
926,9203,2015-09-03 07:03:00,B3.1,"(91.09708117929736, 17.0)",False,True
1626,9204,2014-11-02 13:09:00,B7.5,,True,False
927,9204,2015-09-03 09:43:00,B3.0,"(92.64680455680937, 17.0)",False,True
1627,9206,2014-11-02 21:05:00,C9.4,,True,False
928,9210,2015-09-11 12:29:00,B3.6,"(-74.64747424134391, -21.0)",False,True
1628,9219,2014-11-04 17:40:00,C1.1,,True,False
1629,9222,2014-11-05 14:28:00,C2.1,,True,False
1630,9230,2014-11-06 20:14:00,C1.1,,True,False
1631,9243,2014-11-08 05:06:00,C1.1,,True,False
929,9244,2015-09-16 23:57:00,C6.0,"(1.9710854565726537, -20.0)",False,True
930,9249,2015-09-17 06:48:00,C1.0,"(-1, -21)",False,True
931,9273,2015-09-20 09:34:00,C2.6,"(46.54205259988401, -19.0)",False,True
1632,9274,2014-11-11 11:22:00,C6.7,,True,False
932,9277,2015-09-20 18:03:00,M2.1,"(24, -20)",False,True
1633,9278,2014-11-12 09:25:00,C1.4,,True,False
1634,9279,2014-11-12 10:46:00,C5.1,,True,False
933,9284,2015-09-21 14:50:00,B5.3,"(63.68095165324209, -18.0)",False,True
934,9289,2015-09-23 10:02:00,C1.8,"(86.82194019045139, -18.0)",False,True
935,9321,2015-09-27 13:34:00,C1.4,"(59, -9)",False,True
936,9334,2015-09-28 06:54:00,C4.5,"(68, -12)",False,True
1635,9352,2014-11-25 20:45:00,C1.7,,True,False
937,9374,2015-10-01 05:53:00,C1.6,"(107.52681258000712, -8.0)",False,True
938,9396,2015-10-03 00:19:00,C2.5,"(17.183748942888002, 18.0)",False,True
939,9397,2015-10-03 03:21:00,C1.3,"(18.943870395815164, 18.0)",False,True
940,9403,2015-10-03 16:44:00,C1.1,"(86.76036750095616, 14.0)",False,True
941,9404,2015-10-03 18:09:00,C2.7,"(87.5869013597147, 14.0)",False,True
942,9406,2015-10-03 23:12:00,B8.5,"(29.535792144282947, 18.0)",False,True
943,9416,2015-10-10 11:04:00,B1.5,"(-64.23002624928903, -23.0)",False,True
1636,9442,2014-12-08 14:55:00,B9.6,,True,False
944,9447,2015-10-15 23:05:00,C4.9,"(-48.5368841042402, -10.0)",False,True
1637,9457,2014-12-10 09:24:00,C1.6,,True,False
1638,9459,2014-12-10 19:22:00,C5.9,,True,False
1639,9468,2014-12-12 04:57:00,C1.2,,True,False
1640,9472,2014-12-12 23:13:00,C2.5,,True,False
945,9490,2015-10-20 13:59:00,C1.1,"(-51.79254686661173, -20.0)",False,True
946,9500,2015-10-23 06:41:00,B5.9,"(-2.08017186582105, 8.0)",False,True
947,9507,2015-10-25 00:03:00,B9.7,"(75.02926039841489, -11.0)",False,True
948,9510,2015-10-26 01:12:00,B7.2,"(34.703349535170005, 9.0)",False,True
949,9516,2015-10-28 09:37:00,C1.9,"(61, 12)",False,True
950,9521,2015-10-29 04:39:00,C1.0,"(-78.36566673769818, 5.0)",False,True
1641,9581,2014-12-26 13:50:00,C1.4,,True,False
951,9583,2015-11-03 14:00:00,C1.4,"(-12, 7)",False,True
952,9591,2015-11-04 02:18:00,C1.1,"(-1.6495986124750868, 6.0)",False,True
1642,9594,2014-12-28 22:58:00,C1.1,,True,False
953,9597,2015-11-04 10:32:00,C1.1,"(3.1844469341720663, 6.0)",False,True
954,9603,2015-11-06 14:46:00,C1.8,"(-88, -14)",False,True
1643,9621,2015-01-03 06:04:00,C2.9,,True,False
955,9626,2015-11-18 20:09:00,C1.1,"(-86.2831087435674, 12.0)",False,True
956,9630,2015-11-20 12:58:00,B7.3,"(39.527249046710445, 15.0)",False,True
1644,9635,2015-01-04 23:45:00,C1.9,,True,False
1645,9638,2015-01-05 14:59:00,C3.9,,True,False
1646,9644,2015-01-06 11:48:00,C9.7,,True,False
1647,9647,2015-01-06 22:04:00,C1.9,,True,False
1648,9649,2015-01-07 06:06:00,C1.8,,True,False
1649,9650,2015-01-07 10:06:00,C1.2,,True,False
1650,9651,2015-01-07 10:36:00,C1.3,,True,False
957,9653,2015-11-28 11:34:00,B6.0,"(33.75587668434233, 13.0)",False,True
958,9662,2015-12-01 14:34:00,B3.4,"(45.47089115408026, 9.0)",False,True
959,9666,2015-12-03 17:38:00,B3.3,"(45.26039216726899, 5.0)",False,True
960,9668,2015-12-04 02:48:00,B5.0,"(80.64114891539667, 9.0)",False,True
1651,9670,2015-01-11 05:43:00,C4.2,,True,False
961,9689,2015-12-07 14:41:00,B3.4,"(-63.472358058891714, -5.0)",False,True
962,9690,2015-12-07 18:26:00,B4.2,"(-19.26276034370529, 9.0)",False,True
963,9693,2015-12-08 17:24:00,C1.0,"(-9.868422443435012, -9.0)",False,True
1652,9694,2015-01-14 06:36:00,C1.8,,True,False
964,9694,2015-12-08 19:14:00,C6.7,"(-8.793860653591953, -9.0)",False,True
965,9698,2015-12-09 09:24:00,B4.7,"(-12.509633357393264, -13.0)",False,True
1653,9710,2015-01-18 05:52:00,C1.0,,True,False
966,9712,2015-12-12 03:16:00,C2.0,"(-7.08124833713278, -5.0)",False,True
967,9713,2015-12-12 04:31:00,C1.8,"(37.64906090863465, -8.0)",False,True
968,9714,2015-12-12 05:28:00,C5.2,"(-48.81055169796702, -14.0)",False,True
1654,9714,2015-01-19 14:00:00,B8.6,,True,False
969,9716,2015-12-12 07:41:00,C1.6,"(-76.46790605722909, 18.0)",False,True
970,9717,2015-12-12 09:25:00,C1.3,"(27.50010133523547, -13.0)",False,True
971,9724,2015-12-12 19:45:00,C1.1,"(-78.48234662032752, 13.0)",False,True
972,9726,2015-12-13 21:46:00,B7.6,"(60.690988365100274, -9.0)",False,True
1655,9730,2015-01-22 07:53:00,C1.0,,True,False
1656,9731,2015-01-22 08:48:00,C2.1,,True,False
1657,9732,2015-01-22 16:20:00,B8.9,,True,False
1658,9733,2015-01-22 17:23:00,B9.7,,True,False
1659,9734,2015-01-22 18:30:00,C1.3,,True,False
1660,9737,2015-01-23 08:46:00,B6.3,,True,False
973,9737,2015-12-18 04:00:00,C1.4,"(3.321039278585271, 18.0)",False,True
1661,9747,2015-01-24 12:00:00,B7.9,,True,False
1662,9748,2015-01-24 16:08:00,B7.4,,True,False
1663,9750,2015-01-24 20:46:00,C1.2,,True,False
1664,9751,2015-01-25 02:01:00,C1.1,,True,False
1665,9752,2015-01-25 02:29:00,C1.1,,True,False
1666,9754,2015-01-25 12:12:00,C1.4,,True,False
1667,9766,2015-01-27 07:33:00,C2.1,,True,False
1668,9768,2015-01-27 23:59:00,C5.7,,True,False
1669,9773,2015-01-28 13:12:00,C2.5,,True,False
974,9778,2015-12-25 12:45:00,C1.0,"(-28.48054439149816, -22.0)",False,True
975,9784,2015-12-26 09:53:00,B8.3,"(-18, -20)",False,True
976,9787,2015-12-27 00:13:00,B5.6,"(-5, -19)",False,True
977,9789,2015-12-27 19:10:00,C2.8,"(-0.8399200990595426, 4.0)",False,True
978,9790,2015-12-27 21:46:00,B9.0,"(3.7134919282062913, -22.0)",False,True
979,9791,2015-12-28 00:28:00,C8.0,"(4, -20)",False,True
980,9796,2015-12-29 01:06:00,C1.4,"(16.64632664323424, 4.0)",False,True
981,9824,2016-01-05 23:37:00,B6.3,"(-6.224515170864084, -10.0)",False,True
982,9826,2016-01-06 03:48:00,B6.6,"(-85.86890744848333, 4.0)",False,True
983,9830,2016-01-06 14:45:00,B9.3,"(-79.4350194999243, 4.0)",False,True
1670,9834,2015-02-07 11:51:00,C1.2,,True,False
1671,9836,2015-02-07 13:35:00,C1.4,,True,False
1672,9837,2015-02-07 17:54:00,C2.3,,True,False
984,9846,2016-01-12 19:31:00,B3.3,"(5.365046743938196, 3.0)",False,True
985,9847,2016-01-12 22:31:00,B4.0,"(7.128212491488846, 3.0)",False,True
986,9848,2016-01-13 07:25:00,B3.9,"(13.310168143705262, 17.0)",False,True
987,9851,2016-01-13 17:05:00,B2.3,"(17.986536247446303, 18.0)",False,True
1673,9857,2015-02-09 23:35:00,M2.3,,True,False
988,9866,2016-01-16 06:57:00,B6.0,"(56.083609245889065, 4.0)",False,True
989,9873,2016-01-20 01:02:00,B3.7,"(84.60640447597153, 7.0)",False,True
1674,9879,2015-02-18 21:45:00,C1.1,,True,False
1675,9883,2015-02-19 18:06:00,C1.1,,True,False
990,9886,2016-01-22 02:43:00,B3.8,"(98.66953740421161, 8.0)",False,True
1676,9887,2015-02-20 18:25:00,B8.6,,True,False
991,9898,2016-01-25 21:58:00,B4.7,"(-55, 8)",False,True
1677,9901,2015-02-24 10:57:00,C1.4,,True,False
1678,9902,2015-02-24 22:23:00,B7.1,,True,False
992,9906,2016-01-28 03:22:00,B6.1,"(-25.028171108063262, 10.0)",False,True
1679,9923,2015-03-02 05:55:00,C2.9,,True,False
1680,9927,2015-03-02 08:41:00,C3.2,,True,False
1681,9937,2015-03-02 23:16:00,C6.0,,True,False
993,9939,2016-02-05 03:26:00,B8.4,"(-13.981782814544331, 2.0)",False,True
994,9941,2016-02-05 08:50:00,B9.3,"(75.09864160334627, -21.0)",False,True
995,9943,2016-02-05 18:07:00,B7.7,"(42.54740677390401, -7.0)",False,True
996,9944,2016-02-05 21:20:00,C1.0,"(-8, 2)",True,False
997,9946,2016-02-06 04:21:00,B8.5,"(6.543322191544638, -12.0)",False,True
1682,9947,2015-03-04 17:13:00,B9.5,,True,False
998,9947,2016-02-06 15:51:00,B6.6,"(-12, -13)",False,True
999,9960,2016-02-09 12:06:00,B5.6,"(28.057115586428207, 14.0)",False,True
1000,9962,2016-02-09 17:47:00,B5.6,"(31.372974949212495, 14.0)",False,True
1001,9964,2016-02-09 22:05:00,B6.2,"(-59.11034154875725, 19.0)",False,True
1683,9972,2015-03-09 04:20:00,C1.3,,True,False
1684,9980,2015-03-09 18:19:00,B8.2,,True,False
1685,9982,2015-03-09 22:11:00,C1.3,,True,False
1686,9983,2015-03-09 22:25:00,C1.2,,True,False
1687,10008,2015-03-11 05:15:00,C4.0,,True,False
1688,10017,2015-03-11 14:38:00,C2.0,,True,False
1002,10020,2016-02-16 10:39:00,B7.7,"(68.22675433102307, 12.0)",False,True
1003,10064,2016-02-22 16:31:00,B4.0,"(54.61096550562008, 8.0)",False,True
1004,10072,2016-02-24 07:02:00,B2.9,"(50.13118980474473, 5.0)",False,True
1005,10084,2016-02-26 22:02:00,B3.0,"(-23.15412464781679, -7.0)",False,True
1689,10087,2015-03-17 21:19:00,C1.1,,True,False
1006,10093,2016-03-01 17:57:00,B3.4,"(30.449599600360216, -7.0)",False,True
1007,10095,2016-03-03 15:50:00,B5.2,"(-47.79687915716805, 5.0)",False,True
1008,10104,2016-03-06 07:30:00,B3.1,"(20.389059762233835, 11.0)",False,True
1009,10109,2016-03-08 03:30:00,B2.4,"(12.05649386483622, 4.0)",False,True
1690,10111,2015-03-19 23:52:00,B5.6,,True,False
1691,10113,2015-03-20 22:06:00,B7.9,,True,False
1692,10114,2015-03-21 00:04:00,B6.8,,True,False
1693,10116,2015-03-21 08:09:00,C1.7,,True,False
1694,10117,2015-03-22 21:39:00,C1.1,,True,False
1695,10118,2015-03-22 22:18:00,C1.3,,True,False
1696,10119,2015-03-23 07:24:00,B8.8,,True,False
1697,10120,2015-03-23 09:11:00,C3.6,,True,False
1698,10121,2015-03-23 17:17:00,C1.1,,True,False
1010,10121,2016-03-11 03:15:00,B2.7,"(42.90960144591935, 4.0)",False,True
1699,10123,2015-03-23 20:06:00,C1.4,,True,False
1700,10124,2015-03-23 23:13:00,B9.1,,True,False
1701,10126,2015-03-24 05:54:00,C1.5,,True,False
1702,10127,2015-03-24 16:24:00,C1.0,,True,False
1703,10139,2015-03-26 09:35:00,B7.0,,True,False
1011,10167,2016-04-03 13:38:00,B2.2,"(-12.086591761163014, 6.0)",False,True
1704,10176,2015-03-31 05:58:00,B7.5,,True,False
1705,10177,2015-03-31 09:56:00,B6.8,,True,False
1706,10178,2015-04-02 05:34:00,C1.3,,True,False
1707,10180,2015-04-02 22:02:00,C1.0,,True,False
1708,10181,2015-04-03 07:26:00,C1.7,,True,False
1709,10182,2015-04-03 20:35:00,B8.9,,True,False
1710,10189,2015-04-05 00:07:00,C3.8,,True,False
1711,10190,2015-04-05 03:36:00,C1.9,,True,False
1712,10194,2015-04-06 13:08:00,B8.0,,True,False
1012,10195,2016-04-11 18:34:00,C1.0,"(-55, 7)",False,True
1713,10196,2015-04-07 02:34:00,B8.6,,True,False
1013,10213,2016-04-15 08:15:00,B6.8,"(17.83195693816181, 10.0)",False,True
1014,10219,2016-04-16 19:20:00,C1.4,"(16, 10)",False,True
1714,10236,2015-04-12 21:27:00,C2.0,,True,False
1015,10239,2016-04-20 07:41:00,B4.7,"(85.50006494644968, 10.0)",False,True
1715,10242,2015-04-13 07:30:00,C1.2,,True,False
1016,10243,2016-04-21 04:39:00,B3.5,"(-10.269840673047458, 6.0)",False,True
1017,10260,2016-04-27 15:48:00,B4.9,"(47, -9)",False,True
1018,10261,2016-04-27 19:23:00,B6.9,"(47.290741292836856, -7.0)",False,True
1019,10262,2016-04-27 21:19:00,B7.5,"(80.42388256264478, 5.0)",False,True
1716,10271,2015-04-19 07:19:00,C2.2,,True,False
1717,10272,2015-04-20 00:52:00,C1.0,,True,False
1718,10273,2015-04-20 19:54:00,C1.2,,True,False
1719,10279,2015-04-21 10:40:00,M2.2,,True,False
1020,10280,2016-04-30 04:34:00,B4.7,"(0.6812317404480157, 6.0)",False,True
1021,10284,2016-04-30 12:35:00,B4.7,"(-8.644155535547235, 16.0)",False,True
1720,10291,2015-04-22 06:11:00,C2.3,,True,False
1721,10295,2015-04-22 12:15:00,C1.4,,True,False
1022,10300,2016-05-03 23:13:00,B3.1,"(4.54412363478727, 16.0)",False,True
1722,10309,2015-04-24 05:28:00,C1.4,,True,False
1723,10314,2015-04-24 21:45:00,C1.5,,True,False
1724,10318,2015-04-25 18:49:00,C1.9,,True,False
1725,10326,2015-04-29 20:28:00,B7.0,,True,False
1726,10329,2015-05-01 21:45:00,B3.3,,True,False
1727,10331,2015-05-02 01:07:00,B5.7,,True,False
1023,10336,2016-05-14 17:41:00,B8.4,"(65.28976081517001, -5.0)",False,True
1024,10339,2016-05-15 05:02:00,C1.3,"(-33, 21)",False,True
1728,10340,2015-05-03 09:04:00,C1.4,,True,False
1729,10351,2015-05-04 10:32:00,C2.0,,True,False
1730,10352,2015-05-04 17:05:00,C5.1,,True,False
1731,10353,2015-05-04 22:50:00,C1.7,,True,False
1025,10355,2016-05-17 07:54:00,B7.0,"(94.62314294955297, 11.0)",False,True
1026,10356,2016-05-17 20:11:00,B4.1,"(38.80141531014359, 22.0)",False,True
1732,10362,2015-05-05 08:37:00,C3.7,,True,False
1733,10366,2015-05-05 11:58:00,C3.6,,True,False
1734,10373,2015-05-05 20:56:00,C1.9,,True,False
1735,10380,2015-05-06 06:54:00,C2.4,,True,False
1027,10384,2016-05-28 21:23:00,B2.8,"(-19.526656656765788, -14.0)",False,True
1736,10398,2015-05-08 08:08:00,C1.5,,True,False
1028,10408,2016-06-11 13:28:00,B4.2,"(25, 8)",False,True
1737,10417,2015-05-11 04:09:00,C2.5,,True,False
1029,10430,2016-06-17 05:19:00,B2.7,"(-82.97408476568445, 5.0)",False,True
1030,10438,2016-06-18 14:35:00,B3.1,"(-62.531095354693775, 5.0)",False,True
1738,10444,2015-05-15 06:50:00,C1.8,,True,False
1739,10456,2015-05-18 18:18:00,B9.1,,True,False
1740,10457,2015-05-19 11:02:00,B7.3,,True,False
1741,10464,2015-05-20 17:02:00,B7.1,,True,False
1742,10471,2015-05-21 20:47:00,B4.2,,True,False
1743,10483,2015-05-26 11:49:00,B5.2,,True,False
1744,10484,2015-05-27 07:22:00,B3.9,,True,False
1745,10487,2015-05-28 01:56:00,B3.4,,True,False
1746,10491,2015-05-31 08:11:00,B3.9,,True,False
1747,10493,2015-06-01 03:40:00,B6.9,,True,False
1748,10494,2015-06-02 05:58:00,B4.4,,True,False
1749,10495,2015-06-02 07:02:00,C1.9,,True,False
1750,10497,2015-06-02 12:19:00,B7.6,,True,False
1751,10501,2015-06-04 23:56:00,B7.6,,True,False
1031,10506,2016-07-20 03:35:00,C2.5,"(18, 7)",False,True
1752,10512,2015-06-07 02:15:00,B9.6,,True,False
1032,10555,2016-07-24 10:32:00,C1.0,"(-84, 3)",False,True
1033,10568,2016-08-04 22:28:00,B1.4,"(31.08645089277745, 13.0)",False,True
1034,10569,2016-08-04 22:54:00,B2.0,"(31, 14)",False,True
1035,10570,2016-08-05 00:09:00,B1.6,"(32.06965484827972, 13.0)",False,True
1036,10571,2016-08-05 00:44:00,B8.8,"(33, 14)",False,True
1037,10572,2016-08-05 00:56:00,B2.3,"(32.52718540183028, 13.0)",False,True
1038,10573,2016-08-05 02:24:00,B5.2,"(33.38383835315899, 13.0)",False,True
1039,10574,2016-08-05 03:55:00,B3.4,"(34.26969538237391, 13.0)",False,True
1040,10575,2016-08-05 04:34:00,B2.8,"(34, 11)",False,True
1041,10580,2016-08-05 12:23:00,B1.7,"(39.21491923777146, 13.0)",False,True
1753,10581,2015-06-14 22:03:00,C1.3,,True,False
1754,10583,2015-06-15 10:32:00,C2.5,,True,False
1042,10584,2016-08-07 01:58:00,B5.5,"(5.1498544774033235, 12.0)",False,True
1755,10585,2015-06-15 14:42:00,C1.4,,True,False
1043,10587,2016-08-07 15:09:00,C8.5,"(-82, 9)",False,True
1044,10590,2016-08-08 01:23:00,B7.8,"(19.808795945970132, 12.0)",False,True
1045,10591,2016-08-08 07:37:00,C1.6,"(-77, 10)",False,True
1046,10593,2016-08-08 09:21:00,C3.1,"(-73, 6)",False,True
1047,10596,2016-08-08 15:13:00,B9.8,"(-68, 8)",False,True
1756,10598,2015-06-17 22:23:00,C1.9,,True,False
1048,10615,2016-08-13 06:15:00,B2.5,"(-3.327689527078178, 4.0)",False,True
1049,10639,2016-08-29 07:31:00,B5.2,"(-108.81998765869915, 8.0)",False,True
1050,10640,2016-08-29 10:39:00,B5.1,"(-106.982262747912, 8.0)",False,True
1757,10641,2015-06-24 02:47:00,B8.3,,True,False
1758,10642,2015-06-24 03:02:00,B9.7,,True,False
1759,10645,2015-06-24 10:02:00,B9.4,,True,False
1051,10647,2016-08-31 08:19:00,C1.1,"(-80.19839968643988, 8.0)",False,True
1052,10651,2016-09-02 06:20:00,B5.9,"(-57, 11)",False,True
1760,10655,2015-06-26 06:20:00,B8.7,,True,False
1053,10659,2016-09-07 02:34:00,B3.0,"(12.506230472574455, 7.0)",False,True
1054,10669,2016-09-08 06:42:00,B4.1,"(28.929603266683138, 8.0)",False,True
1761,10671,2015-06-29 07:38:00,B9.6,,True,False
1055,10682,2016-09-10 13:39:00,B2.3,"(57.92964271489993, 8.0)",False,True
1056,10690,2016-09-15 03:20:00,B2.3,"(40.958565585558304, 4.0)",False,True
1057,10691,2016-09-16 12:21:00,B2.9,"(36, 15)",True,False
1058,10705,2016-09-21 13:38:00,B7.2,"(25, 7)",False,True
1762,10712,2015-07-06 15:31:00,C2.2,,True,False
1763,10720,2015-07-07 08:12:00,C1.1,,True,False
1764,10724,2015-07-08 11:06:00,C1.0,,True,False
1059,10728,2016-09-25 04:22:00,B3.2,"(15.55048946872866, -13.0)",False,True
1060,10732,2016-09-26 03:59:00,B4.2,"(27.32659153826775, -13.0)",False,True
1765,10735,2015-07-14 03:54:00,B6.2,,True,False
1061,10735,2016-09-26 23:54:00,B3.4,"(39.941656433499396, -14.0)",False,True
1766,10736,2015-07-14 05:52:00,B9.0,,True,False
1062,10736,2016-09-27 07:48:00,C1.0,"(30, -14)",False,True
1767,10744,2015-07-19 10:40:00,C2.1,,True,False
1768,10750,2015-07-24 03:48:00,B4.0,,True,False
1063,10776,2016-11-04 12:47:00,B2.2,"(27.42133582468221, 8.0)",False,True
1769,10778,2015-08-02 22:43:00,B7.9,,True,False
1770,10787,2015-08-06 08:29:00,B5.0,,True,False
1064,10794,2016-11-27 14:02:00,B3.1,"(45.17277137722723, 12.0)",False,True
1771,10819,2015-08-11 21:23:00,B4.9,,True,False
1772,10821,2015-08-12 15:26:00,B7.0,,True,False
1773,10823,2015-08-13 08:38:00,B3.6,,True,False
1774,10832,2015-08-14 05:38:00,B4.4,,True,False
1775,10838,2015-08-16 23:05:00,B3.9,,True,False
1776,10852,2015-08-19 16:01:00,B4.5,,True,False
1065,10881,2017-01-20 08:36:00,B2.7,"(-61, 12)",False,True
1777,10888,2015-08-22 20:42:00,C3.1,,True,False
1066,10915,2017-01-25 22:52:00,B2.2,"(-44.66042999868133, 15.0)",False,True
1778,10915,2015-08-24 22:45:00,C3.0,,True,False
1779,10916,2015-08-24 23:09:00,C1.1,,True,False
1780,10932,2015-08-25 17:17:00,C1.0,,True,False
1067,10946,2017-02-21 06:45:00,B2.8,"(-54.083246217387355, 18.0)",False,True
1068,10971,2017-03-03 07:32:00,B1.7,"(0.38991705005826116, 15.0)",False,True
1781,10984,2015-09-03 02:13:00,B2.9,,True,False
1782,10985,2015-09-03 03:08:00,B3.0,,True,False
1783,10989,2015-09-03 22:53:00,B2.8,,True,False
1784,11010,2015-09-15 01:27:00,B7.9,,True,False
1069,11011,2017-03-28 15:51:00,B2.1,"(-48.7769155930296, -9.0)",False,True
1785,11018,2015-09-15 12:06:00,B5.6,,True,False
1070,11020,2017-03-30 07:03:00,B2.6,"(-24.870873161934455, -10.0)",False,True
1786,11020,2015-09-16 01:37:00,B5.7,,True,False
1071,11027,2017-03-31 13:42:00,B3.2,"(30.97788078783683, 12.0)",False,True
1072,11028,2017-03-31 14:47:00,B3.7,"(-91.52216297149135, -3.0)",False,True
1073,11030,2017-03-31 19:19:00,B2.9,"(34.26178721906497, 12.0)",False,True
1787,11033,2015-09-17 02:09:00,B8.5,,True,False
1074,11033,2017-04-01 01:47:00,B5.0,"(0.04362087679782256, 11.0)",False,True
1075,11057,2017-04-03 04:26:00,C2.3,"(71, 12)",False,True
1076,11063,2017-04-03 12:20:00,C2.6,"(33.166929582397444, -10.0)",False,True
1077,11073,2017-04-04 06:16:00,C1.1,"(76, 13)",False,True
1788,11076,2015-09-23 03:12:00,B5.6,,True,False
1789,11077,2015-09-23 05:19:00,C1.6,,True,False
1078,11117,2017-04-11 18:50:00,B1.0,"(-43.023574502872194, 11.0)",False,True
1079,11120,2017-04-17 01:39:00,B3.6,"(-94.09953645473425, 12.0)",False,True
1080,11126,2017-04-17 18:53:00,B5.7,"(-84.0236929832509, 12.0)",False,True
1790,11128,2015-09-28 11:57:00,C8.1,,True,False
1081,11129,2017-04-18 00:28:00,B2.4,"(-80.7592756109618, 12.0)",False,True
1791,11129,2015-09-28 12:36:00,C5.4,,True,False
1792,11137,2015-09-28 22:32:00,C2.4,,True,False
1082,11156,2017-04-25 05:42:00,B1.0,"(12.335685419297713, 11.0)",False,True
1083,11157,2017-04-25 07:01:00,B1.2,"(13.106209244223209, 11.0)",False,True
1084,11158,2017-04-25 20:25:00,B7.2,"(20.90300478026606, 11.0)",False,True
1085,11165,2017-04-30 18:32:00,B1.9,"(86.80702081777481, 13.0)",False,True
1086,11166,2017-04-30 23:48:00,B1.1,"(89.88318368845518, 13.0)",False,True
1793,11172,2015-10-01 17:32:00,C1.6,,True,False
1794,11194,2015-10-03 10:32:00,C1.7,,True,False
1795,11212,2015-10-11 16:42:00,B4.3,,True,False
1796,11213,2015-10-11 22:29:00,C3.2,,True,False
1797,11214,2015-10-12 06:57:00,B4.8,,True,False
1798,11215,2015-10-12 11:33:00,B5.3,,True,False
1799,11216,2015-10-12 17:48:00,C1.2,,True,False
1800,11223,2015-10-13 21:29:00,B3.8,,True,False
1087,11261,2017-06-05 18:44:00,B3.0,"(-16.092223467086033, 6.0)",False,True
1088,11263,2017-06-06 05:14:00,B1.0,"(-9.927347567515778, 6.0)",False,True
1089,11264,2017-06-06 09:31:00,B1.6,"(-7.412469621183149, 6.0)",False,True
1090,11272,2017-06-11 01:44:00,B1.5,"(51.185660585468646, 7.0)",False,True
1801,11279,2015-10-19 02:06:00,C1.7,,True,False
1802,11283,2015-10-19 16:42:00,B8.2,,True,False
1091,11284,2017-06-19 04:29:00,B3.0,"(43.621278427300794, 12.0)",False,True
1092,11286,2017-06-19 16:05:00,B5.0,"(50.37602100135071, 13.0)",False,True
1093,11290,2017-06-26 07:28:00,B1.3,"(-2.667393346640827, 18.0)",False,True
1094,11298,2017-07-03 07:10:00,B1.9,"(89.15852870746528, 18.0)",False,True
1803,11299,2015-10-21 12:00:00,C2.6,,True,False
1095,11299,2017-07-03 07:31:00,B1.3,"(89.36161964434149, 18.0)",False,True
1096,11300,2017-07-03 09:00:00,B2.4,"(90.22233837681686, 18.0)",False,True
1097,11301,2017-07-03 09:50:00,B2.2,"(90.70588822652212, 18.0)",False,True
1098,11302,2017-07-03 10:51:00,B2.7,"(91.29581904316255, 18.0)",False,True
1099,11303,2017-07-03 11:25:00,B2.6,"(91.62463294096213, 18.0)",False,True
1804,11306,2015-10-23 15:39:00,B7.1,,True,False
1805,11307,2015-10-23 17:03:00,B9.3,,True,False
1806,11318,2015-10-26 13:08:00,B8.9,,True,False
1807,11320,2015-10-27 12:08:00,C1.5,,True,False
1808,11321,2015-10-27 14:29:00,C3.2,,True,False
1809,11323,2015-10-27 18:54:00,C1.7,,True,False
1810,11324,2015-10-27 20:19:00,C1.4,,True,False
1811,11326,2015-10-28 07:08:00,C1.3,,True,False
1812,11330,2015-10-28 17:07:00,B7.8,,True,False
1813,11334,2015-10-29 02:19:00,C1.0,,True,False
1814,11337,2015-10-29 08:07:00,B9.3,,True,False
1815,11339,2015-10-29 12:29:00,B9.5,,True,False
1100,11357,2017-07-13 16:44:00,B3.4,"(25.735607233490505, -7.0)",False,True
1101,11372,2017-07-15 03:55:00,C1.0,"(29, -6)",False,True
1816,11395,2015-11-02 11:00:00,C1.3,,True,False
1102,11400,2017-07-18 04:35:00,B5.6,"(88.69101725774892, -6.0)",False,True
1817,11402,2015-11-03 18:20:00,B9.4,,True,False
1818,11421,2015-11-06 09:42:00,C1.1,,True,False
1819,11426,2015-11-06 23:57:00,B8.5,,True,False
1820,11434,2015-11-10 01:25:00,B6.8,,True,False
1821,11439,2015-11-10 16:12:00,B6.0,,True,False
1822,11440,2015-11-10 16:54:00,C2.7,,True,False
1823,11442,2015-11-12 01:24:00,B8.9,,True,False
1824,11443,2015-11-12 03:37:00,B8.9,,True,False
1825,11444,2015-11-12 15:13:00,B4.3,,True,False
1826,11448,2015-11-16 00:08:00,B7.8,,True,False
1827,11453,2015-11-18 08:52:00,B7.0,,True,False
1103,11453,2017-08-18 08:52:00,B9.5,"(-49, 12)",False,True
1104,11455,2017-08-18 13:51:00,B8.1,"(-49, 12)",False,True
1105,11460,2017-08-19 09:06:00,C1.1,"(-16.674607488489617, 11.0)",False,True
1106,11476,2017-08-21 01:02:00,B4.9,"(3, 11)",False,True
1828,11479,2015-11-23 12:13:00,C1.3,,True,False
1829,11480,2015-11-23 12:12:00,C1.3,,True,False
1107,11480,2017-08-21 07:40:00,B9.3,"(10.482483555979055, 12.0)",False,True
1830,11481,2015-11-23 17:21:00,B8.8,,True,False
1831,11483,2015-11-25 08:27:00,C1.9,,True,False
1832,11484,2015-11-25 10:43:00,B7.9,,True,False
1833,11485,2015-11-25 22:20:00,B5.6,,True,False
1834,11486,2015-11-26 21:41:00,B9.0,,True,False
1108,11486,2017-08-22 07:08:00,B6.3,"(21, 10)",False,True
1109,11494,2017-08-22 23:28:00,B4.0,"(30.687631066623883, 10.0)",False,True
1110,11510,2017-08-25 07:27:00,C5.5,"(-19, 5)",False,True
1111,11522,2017-08-27 00:29:00,B1.6,"(7.283640803277008, 7.0)",False,True
1835,11528,2015-12-08 13:17:00,B4.1,,True,False
1112,11529,2017-08-27 18:11:00,B3.5,"(89.60259227257137, 13.0)",False,True
1113,11531,2017-08-28 06:16:00,B2.7,"(23.67754972524672, 7.0)",False,True
1836,11547,2015-12-11 11:16:00,B8.8,,True,False
1114,11553,2017-08-31 14:42:00,B3.1,"(64.5423597162562, 7.0)",False,True
1115,11556,2017-09-01 01:29:00,B4.9,"(-52.133612356042555, 13.0)",False,True
1116,11558,2017-09-01 06:37:00,B4.6,"(-49.13532702639207, 13.0)",False,True
1837,11561,2015-12-12 19:14:00,B6.3,,True,False
1838,11568,2015-12-14 18:31:00,B7.5,,True,False
1839,11569,2015-12-14 22:24:00,B5.7,,True,False
1840,11572,2015-12-16 05:48:00,B7.0,,True,False
1117,11575,2017-09-02 10:35:00,B4.2,"(-31.818470180753053, 13.0)",False,True
1841,11581,2015-12-19 01:18:00,B7.4,,True,False
1842,11585,2015-12-19 13:26:00,C1.7,,True,False
1118,11603,2017-09-05 06:40:00,M3.8,"(19.91005300167476, -8.0)",False,True
1119,11611,2017-09-06 06:22:00,C1.6,"(30, -11)",False,True
1843,11633,2015-12-27 20:47:00,C1.0,,True,False
1120,11636,2017-09-08 06:27:00,C2.9,"(61.78050375153876, -9.0)",False,True
1121,11637,2017-09-08 06:38:00,C1.7,"(61, -8)",False,True
1844,11668,2016-01-05 16:48:00,B3.8,,True,False
1845,11677,2016-01-06 22:00:00,B7.0,,True,False
1846,11679,2016-01-06 23:09:00,B5.8,,True,False
1122,11680,2017-09-20 20:03:00,B1.0,"(64.68329359650771, 8.0)",False,True
1123,11688,2017-09-25 17:12:00,B2.9,"(-7.975768023564033, -12.0)",False,True
1847,11689,2016-01-11 11:21:00,B4.0,,True,False
1124,11689,2017-09-25 20:46:00,B2.5,"(-77.8921724308297, 11.0)",False,True
1125,11696,2017-09-27 01:01:00,C1.7,"(-60, -13)",False,True
1126,11698,2017-09-27 17:50:00,B2.1,"(17.398163727367923, -13.0)",False,True
1848,11699,2016-01-13 15:05:00,B2.4,,True,False
1849,11701,2016-01-13 18:34:00,B4.4,,True,False
1850,11712,2016-01-15 20:16:00,B8.8,,True,False
1851,11723,2016-01-19 03:38:00,B2.6,,True,False
1852,11725,2016-01-19 10:36:00,B4.1,,True,False
1853,11726,2016-01-19 21:12:00,B5.5,,True,False
1854,11730,2016-01-20 08:13:00,B4.9,,True,False
1855,11735,2016-01-20 16:40:00,B4.1,,True,False
1127,11748,2017-12-14 05:26:00,B1.1,"(-40, -7)",True,False
1856,11758,2016-01-26 17:15:00,C1.3,,True,False
1128,11767,2017-12-28 22:29:00,B8.3,"(59.066105226648084, 17.0)",False,True
1857,11771,2016-01-29 08:06:00,C1.0,,True,False
1858,11775,2016-01-29 21:46:00,C2.0,,True,False
1859,11781,2016-01-31 23:47:00,B5.6,,True,False
1860,11782,2016-02-01 01:14:00,C1.6,,True,False
1129,11782,2018-02-05 01:20:00,B1.9,"(-73.21657376577667, -4.0)",False,True
1861,11783,2016-02-01 03:36:00,B9.4,,True,False
1862,11784,2016-02-01 15:22:00,B3.9,,True,False
1863,11785,2016-02-01 16:13:00,B3.6,,True,False
1864,11787,2016-02-02 11:30:00,B3.6,,True,False
1865,11788,2016-02-02 14:52:00,C1.2,,True,False
1866,11792,2016-02-03 14:53:00,C1.0,,True,False
1867,11793,2016-02-03 15:24:00,C1.8,,True,False
1868,11806,2016-02-05 00:33:00,C1.4,,True,False
1130,11814,2018-02-09 08:31:00,B2.1,"(-19.99960065923746, -6.0)",False,True
1869,11825,2016-02-08 03:47:00,B6.4,,True,False
1870,11830,2016-02-09 06:01:00,C1.0,,True,False
1871,11838,2016-02-10 14:42:00,B4.0,,True,False
1131,11842,2018-02-12 07:00:00,B4.4,"(18.10790128883942, -7.0)",False,True
1132,11844,2018-02-12 21:36:00,B1.2,"(27.59157670096934, -7.0)",False,True
1133,11859,2018-02-28 06:55:00,A8.9,"(45.05899770206752, 7.0)",False,True
1872,11865,2016-02-13 22:13:00,C2.1,,True,False
1873,11869,2016-02-14 03:17:00,C1.1,,True,False
1874,11878,2016-02-15 06:38:00,B6.4,,True,False
1875,11887,2016-02-15 18:12:00,C2.2,,True,False
1134,11887,2018-04-18 18:28:00,B1.4,"(-85.35289108804659, 4.0)",False,True
1876,11889,2016-02-15 19:37:00,C1.2,,True,False
1877,11895,2016-02-16 02:28:00,C1.2,,True,False
1135,11897,2018-04-24 21:45:00,B2.1,"(-18, 2)",False,True
1136,11900,2018-05-23 02:56:00,B2.0,"(-101.32260886810037, 13.0)",False,True
1137,11929,2018-05-25 03:34:00,B1.1,"(-72.91677577745064, 13.0)",False,True
1878,11934,2016-02-18 23:15:00,B4.9,,True,False
1138,11936,2018-05-27 09:44:00,B1.1,"(-37.32807177603092, 15.0)",False,True
1879,11937,2016-02-19 03:21:00,C2.0,,True,False
1139,11937,2018-05-27 17:48:00,B1.1,"(-31.6129405810214, 15.0)",False,True
1880,11941,2016-02-19 17:58:00,C1.0,,True,False
1881,11942,2016-02-19 23:10:00,C2.7,,True,False
1882,11943,2016-02-20 01:31:00,B8.9,,True,False
1883,11944,2016-02-20 06:58:00,B9.6,,True,False
1884,11945,2016-02-20 08:09:00,B4.6,,True,False
1885,11946,2016-02-21 04:26:00,B2.5,,True,False
1140,11947,2018-05-31 01:08:00,B5.0,"(-20, 15)",False,True
1141,11963,2018-06-02 21:57:00,B2.0,"(20, 16)",False,True
1886,11967,2016-02-25 13:03:00,B2.4,,True,False
1887,11973,2016-02-27 05:21:00,B6.3,,True,False
1888,11977,2016-02-28 06:56:00,B4.5,,True,False
1889,11978,2016-02-28 11:38:00,B4.1,,True,False
1142,11992,2018-06-22 18:10:00,B1.1,"(4.578703623534583, 8.0)",False,True
1143,11996,2018-06-23 14:38:00,B4.7,"(78, 3)",False,True
1144,12006,2018-06-27 04:08:00,B1.6,"(24, 8)",False,True
1145,12011,2018-08-24 21:58:00,B1.6,"(21, -7)",False,True
1146,12014,2018-08-25 03:32:00,B1.4,"(23.072328090887623, -8.0)",False,True
1147,12016,2018-08-25 07:04:00,B1.4,"(28.144656181775247, 8.0)",False,True
1890,12018,2016-03-15 04:21:00,B4.3,,True,False
1891,12033,2016-03-20 11:40:00,B3.5,,True,False
1892,12034,2016-03-20 18:02:00,B2.1,,True,False
1893,12046,2016-03-27 11:27:00,B2.1,,True,False
1894,12061,2016-04-02 12:17:00,B2.1,,True,False
1895,12064,2016-04-04 09:43:00,B1.3,,True,False
1896,12065,2016-04-04 12:48:00,B2.0,,True,False
1897,12067,2016-04-05 04:30:00,B1.5,,True,False
1898,12071,2016-04-06 10:11:00,C1.1,,True,False
1899,12099,2016-04-12 15:59:00,B4.1,,True,False
1900,12104,2016-04-13 22:53:00,B6.0,,True,False
1901,12113,2016-04-15 02:50:00,B7.6,,True,False
1902,12121,2016-04-16 12:33:00,B4.8,,True,False
1903,12122,2016-04-16 14:39:00,C1.0,,True,False
1904,12130,2016-04-17 22:00:00,B4.8,,True,False
1905,12150,2016-04-23 21:21:00,B1.3,,True,False
1906,12151,2016-04-24 02:24:00,B1.7,,True,False
1907,12160,2016-04-26 10:01:00,B2.5,,True,False
1908,12162,2016-04-26 12:58:00,B3.3,,True,False
1909,12164,2016-04-26 20:43:00,B8.0,,True,False
1910,12165,2016-04-26 21:31:00,B4.5,,True,False
1911,12180,2016-04-28 19:57:00,B5.6,,True,False
1912,12212,2016-05-03 16:27:00,B3.2,,True,False
1913,12214,2016-05-04 00:01:00,B7.5,,True,False
1914,12218,2016-05-04 20:03:00,B3.0,,True,False
1915,12252,2016-05-14 19:27:00,B6.3,,True,False
1916,12253,2016-05-14 23:15:00,B6.7,,True,False
1917,12281,2016-05-20 19:45:00,B3.0,,True,False
1918,12285,2016-05-21 22:34:00,B2.4,,True,False
1919,12291,2016-05-23 13:38:00,B3.4,,True,False
1920,12292,2016-05-23 17:08:00,B2.2,,True,False
1921,12293,2016-05-23 20:09:00,B2.5,,True,False
1922,12294,2016-05-23 20:17:00,B6.9,,True,False
1923,12295,2016-05-23 22:58:00,B2.5,,True,False
1924,12296,2016-05-24 07:25:00,B2.7,,True,False
1925,12300,2016-05-24 13:33:00,B2.0,,True,False
1926,12301,2016-05-24 17:05:00,B4.0,,True,False
1927,12303,2016-05-24 22:21:00,B2.6,,True,False
1928,12304,2016-05-24 23:34:00,B5.5,,True,False
1929,12311,2016-05-27 16:45:00,B3.9,,True,False
1930,12315,2016-05-29 03:21:00,B3.4,,True,False
1931,12319,2016-05-30 04:14:00,B2.1,,True,False
1932,12321,2016-05-30 12:12:00,B3.0,,True,False
1933,12329,2016-06-01 22:35:00,B7.9,,True,False
1934,12330,2016-06-07 06:06:00,B1.9,,True,False
1935,12333,2016-06-09 06:27:00,B3.5,,True,False
1936,12334,2016-06-09 06:39:00,B2.6,,True,False
1937,12335,2016-06-09 07:37:00,B2.1,,True,False
1938,12336,2016-06-09 10:25:00,B2.7,,True,False
1939,12337,2016-06-09 10:47:00,B2.4,,True,False
1940,12339,2016-06-09 12:34:00,C1.5,,True,False
1941,12341,2016-06-09 13:26:00,B3.0,,True,False
1942,12343,2016-06-10 00:52:00,B3.2,,True,False
1943,12366,2016-06-13 18:55:00,B4.9,,True,False
1944,12367,2016-06-15 10:56:00,B1.7,,True,False
1945,12368,2016-06-15 13:11:00,B4.2,,True,False
1946,12369,2016-06-15 20:47:00,B2.2,,True,False
1947,12371,2016-06-16 09:48:00,B2.1,,True,False
1948,12377,2016-06-16 16:13:00,B2.9,,True,False
1949,12379,2016-06-17 04:21:00,B2.3,,True,False
1950,12396,2016-06-24 00:34:00,B3.7,,True,False
1951,12397,2016-06-24 22:56:00,B3.9,,True,False
1952,12398,2016-06-25 03:15:00,B4.4,,True,False
1953,12399,2016-06-25 11:11:00,B4.9,,True,False
1954,12400,2016-06-25 15:44:00,B4.4,,True,False
1955,12401,2016-06-26 04:11:00,B2.1,,True,False
1956,12402,2016-06-26 10:50:00,B1.3,,True,False
1957,12404,2016-06-27 04:20:00,B3.2,,True,False
1958,12406,2016-06-29 02:56:00,B2.2,,True,False
1959,12407,2016-07-02 04:05:00,B1.6,,True,False
1960,12409,2016-07-04 02:01:00,B1.7,,True,False
1961,12410,2016-07-04 08:45:00,B1.6,,True,False
1962,12460,2016-07-17 19:15:00,B8.4,,True,False
1963,12479,2016-07-21 04:13:00,C1.6,,True,False
1964,12486,2016-07-21 14:15:00,B6.0,,True,False
1965,12488,2016-07-21 16:07:00,B7.2,,True,False
1966,12490,2016-07-21 17:41:00,B9.7,,True,False
1967,12534,2016-07-26 02:14:00,B2.2,,True,False
1968,12535,2016-07-26 03:13:00,B3.9,,True,False
1969,12536,2016-07-26 04:38:00,B2.4,,True,False
1970,12537,2016-07-26 05:12:00,B2.0,,True,False
1971,12538,2016-07-26 06:26:00,B3.0,,True,False
1972,12539,2016-07-26 07:41:00,B2.2,,True,False
1973,12540,2016-07-26 08:56:00,B2.5,,True,False
1974,12541,2016-07-26 13:19:00,B4.6,,True,False
1975,12542,2016-07-26 15:35:00,B9.3,,True,False
1976,12543,2016-07-26 17:22:00,B4.5,,True,False
1977,12544,2016-07-28 13:48:00,B1.1,,True,False
1978,12546,2016-07-31 21:40:00,B2.9,,True,False
1979,12561,2016-08-06 00:43:00,B3.0,,True,False
1980,12566,2016-08-07 10:24:00,C1.6,,True,False
1981,12567,2016-08-07 11:42:00,B4.7,,True,False
1982,12568,2016-08-07 12:49:00,B6.9,,True,False
1983,12570,2016-08-07 13:38:00,C2.4,,True,False
1984,12571,2016-08-07 14:44:00,M1.3,,True,False
1985,12574,2016-08-07 21:49:00,C2.0,,True,False
1986,12577,2016-08-08 03:01:00,C3.3,,True,False
1987,12586,2016-08-09 01:58:00,B7.5,,True,False
1988,12587,2016-08-09 07:42:00,B3.5,,True,False
1989,12595,2016-08-10 14:51:00,B8.4,,True,False
1990,12596,2016-08-10 22:14:00,B2.4,,True,False
1991,12608,2016-08-14 04:46:00,B2.5,,True,False
1992,12615,2016-08-17 02:34:00,B2.2,,True,False
1993,12617,2016-08-18 14:14:00,B1.3,,True,False
1994,12631,2016-08-28 23:17:00,B3.6,,True,False
1995,12632,2016-08-29 02:36:00,B5.0,,True,False
1996,12646,2016-09-01 12:58:00,B6.1,,True,False
1997,12688,2016-09-15 04:38:00,B4.1,,True,False
1998,12689,2016-09-16 07:47:00,B2.4,,True,False
1999,12697,2016-09-19 05:02:00,B1.8,,True,False
2000,12724,2016-09-23 05:25:00,B6.2,,True,False
2001,12725,2016-09-23 14:24:00,B3.3,,True,False
2002,12726,2016-09-23 22:01:00,B4.2,,True,False
2003,12739,2016-09-27 01:21:00,B4.1,,True,False
2004,12740,2016-09-27 05:44:00,B3.6,,True,False
2005,12743,2016-09-27 12:54:00,B2.5,,True,False
2006,12751,2016-10-02 16:32:00,B3.7,,True,False
2007,12756,2016-10-06 11:37:00,B2.8,,True,False
2008,12763,2016-10-10 19:57:00,B4.0,,True,False
2009,12767,2016-10-12 17:29:00,B4.4,,True,False
2010,12768,2016-10-12 21:04:00,B5.3,,True,False
2011,12769,2016-10-13 02:40:00,B5.6,,True,False
2012,12770,2016-10-13 03:34:00,B5.5,,True,False
2013,12771,2016-10-13 04:38:00,B8.8,,True,False
2014,12772,2016-10-13 05:41:00,B3.7,,True,False
2015,12773,2016-10-13 08:33:00,B8.6,,True,False
2016,12774,2016-10-13 17:20:00,B7.4,,True,False
2017,12775,2016-10-13 21:05:00,C1.3,,True,False
2018,12776,2016-10-14 04:06:00,B5.6,,True,False
2019,12780,2016-10-14 14:49:00,C1.0,,True,False
2020,12782,2016-10-15 14:10:00,B2.6,,True,False
2021,12785,2016-10-16 10:57:00,B5.5,,True,False
2022,12788,2016-10-16 17:25:00,B7.4,,True,False
2023,12789,2016-10-16 23:02:00,B8.4,,True,False
2024,12790,2016-10-17 00:38:00,C4.2,,True,False
2025,12796,2016-10-25 14:29:00,B1.3,,True,False
2026,12797,2016-10-25 20:42:00,B1.9,,True,False
2027,12798,2016-10-26 03:57:00,B1.5,,True,False
2028,12801,2016-10-28 01:31:00,B1.6,,True,False
2029,12802,2016-10-28 04:27:00,B1.6,,True,False
2030,12805,2016-10-28 21:21:00,B2.1,,True,False
2031,12806,2016-10-29 23:05:00,B2.0,,True,False
2032,12807,2016-11-01 03:41:00,B1.8,,True,False
2033,12818,2016-11-15 20:50:00,B1.8,,True,False
2034,12822,2016-11-22 00:10:00,B1.6,,True,False
2035,12823,2016-11-22 07:32:00,B2.3,,True,False
2036,12830,2016-11-27 06:24:00,B1.4,,True,False
2037,12831,2016-11-27 08:37:00,B2.4,,True,False
2038,12834,2016-11-27 22:06:00,B3.2,,True,False
2039,12835,2016-11-27 22:49:00,B1.9,,True,False
2040,12836,2016-11-27 23:04:00,B1.9,,True,False
2041,12837,2016-11-28 02:12:00,B3.6,,True,False
2042,12838,2016-11-28 03:39:00,B4.7,,True,False
2043,12839,2016-11-28 05:34:00,B2.2,,True,False
2044,12840,2016-11-28 08:01:00,C1.4,,True,False
2045,12841,2016-11-28 08:46:00,B3.8,,True,False
2046,12842,2016-11-28 11:49:00,B3.5,,True,False
2047,12843,2016-11-28 17:34:00,B3.1,,True,False
2048,12844,2016-11-29 01:55:00,B9.3,,True,False
2049,12867,2016-11-30 07:12:00,B2.4,,True,False
2050,12921,2016-12-29 20:15:00,B1.3,,True,False
2051,12922,2016-12-30 01:33:00,B1.0,,True,False
2052,12924,2016-12-31 03:50:00,B2.4,,True,False
2053,12925,2016-12-31 08:12:00,B1.8,,True,False
2054,12927,2017-01-05 18:31:00,B1.4,,True,False
2055,12928,2017-01-10 10:30:00,B7.3,,True,False
2056,12929,2017-01-10 13:00:00,B8.8,,True,False
2057,12931,2017-01-10 15:25:00,B4.1,,True,False
2058,12934,2017-01-10 21:12:00,B1.2,,True,False
2059,12935,2017-01-10 22:47:00,B2.5,,True,False
2060,12936,2017-01-11 01:58:00,B3.2,,True,False
2061,12937,2017-01-11 15:00:00,B2.3,,True,False
2062,12938,2017-01-11 15:54:00,B2.4,,True,False
2063,12939,2017-01-11 16:07:00,B4.0,,True,False
2064,12940,2017-01-11 19:35:00,B2.4,,True,False
2065,12941,2017-01-11 21:43:00,B5.0,,True,False
2066,12942,2017-01-12 07:05:00,B3.4,,True,False
2067,12943,2017-01-12 16:18:00,C3.8,,True,False
2068,12944,2017-01-14 07:16:00,B2.1,,True,False
2069,12947,2017-01-18 18:36:00,B1.3,,True,False
2070,12979,2017-01-25 04:20:00,B3.0,,True,False
2071,12980,2017-01-25 09:48:00,B4.0,,True,False
2072,12981,2017-01-25 10:51:00,B2.3,,True,False
2073,13000,2017-02-04 06:00:00,B1.2,,True,False
2074,13015,2017-02-19 05:41:00,B3.0,,True,False
2075,13016,2017-02-19 16:50:00,B2.6,,True,False
2076,13020,2017-02-20 14:25:00,B7.5,,True,False
2077,13036,2017-02-27 17:24:00,B3.5,,True,False
2078,13039,2017-02-28 00:45:00,B5.1,,True,False
2079,13048,2017-03-02 01:19:00,B1.2,,True,False
2080,13055,2017-03-06 09:12:00,B1.9,,True,False
2081,13056,2017-03-06 09:25:00,B2.2,,True,False
2082,13058,2017-03-07 09:57:00,B1.9,,True,False
2083,13059,2017-03-07 10:29:00,B1.8,,True,False
2084,13060,2017-03-08 00:09:00,B1.8,,True,False
2085,13061,2017-03-08 03:52:00,B2.0,,True,False
2086,13062,2017-03-08 04:17:00,B2.0,,True,False
2087,13063,2017-03-08 05:42:00,B5.1,,True,False
2088,13064,2017-03-08 06:04:00,B3.0,,True,False
2089,13065,2017-03-08 08:49:00,B1.8,,True,False
2090,13066,2017-03-08 09:41:00,B2.1,,True,False
2091,13067,2017-03-08 10:18:00,B1.8,,True,False
2092,13068,2017-03-08 11:41:00,B1.8,,True,False
2093,13069,2017-03-08 23:37:00,B1.9,,True,False
2094,13070,2017-03-09 19:17:00,B1.8,,True,False
2095,13071,2017-03-09 22:31:00,B1.9,,True,False
2096,13072,2017-03-10 00:01:00,B2.2,,True,False
2097,13073,2017-03-10 00:08:00,B2.2,,True,False
2098,13074,2017-03-10 01:20:00,B1.9,,True,False
2099,13075,2017-03-10 01:58:00,B1.9,,True,False
2100,13076,2017-03-10 02:08:00,B2.3,,True,False
2101,13077,2017-03-10 02:49:00,B2.4,,True,False
2102,13078,2017-03-10 03:23:00,B2.6,,True,False
2103,13079,2017-03-10 03:45:00,B2.4,,True,False
2104,13080,2017-03-10 04:03:00,B1.8,,True,False
2105,13081,2017-03-10 04:12:00,B2.2,,True,False
2106,13082,2017-03-14 00:22:00,B2.0,,True,False
2107,13083,2017-03-14 00:29:00,B2.5,,True,False
2108,13084,2017-03-14 00:38:00,B2.1,,True,False
2109,13085,2017-03-14 01:26:00,B2.0,,True,False
2110,13086,2017-03-14 02:13:00,B2.5,,True,False
2111,13087,2017-03-14 02:34:00,B2.0,,True,False
2112,13088,2017-03-14 03:28:00,B2.3,,True,False
2113,13089,2017-03-14 04:20:00,B2.4,,True,False
2114,13090,2017-03-14 05:46:00,B5.3,,True,False
2115,13091,2017-03-14 06:15:00,B2.7,,True,False
2116,13092,2017-03-14 07:05:00,B2.0,,True,False
2117,13093,2017-03-14 07:37:00,B2.4,,True,False
2118,13094,2017-03-14 08:19:00,B2.3,,True,False
2119,13095,2017-03-14 08:48:00,B2.2,,True,False
2120,13096,2017-03-14 09:51:00,B2.8,,True,False
2121,13097,2017-03-14 10:21:00,B2.3,,True,False
2122,13098,2017-03-14 10:31:00,B2.7,,True,False
2123,13099,2017-03-14 10:57:00,B2.8,,True,False
2124,13100,2017-03-14 11:09:00,B2.9,,True,False
2125,13101,2017-03-14 11:24:00,B2.5,,True,False
2126,13102,2017-03-14 11:34:00,B1.9,,True,False
2127,13103,2017-03-14 11:44:00,B2.6,,True,False
2128,13104,2017-03-14 11:54:00,B1.9,,True,False
2129,13105,2017-03-14 12:14:00,B1.8,,True,False
2130,13106,2017-03-14 12:19:00,B2.2,,True,False
2131,13107,2017-03-14 13:03:00,B1.7,,True,False
2132,13108,2017-03-14 14:06:00,B2.5,,True,False
2133,13109,2017-03-14 14:23:00,B2.0,,True,False
2134,13110,2017-03-14 15:13:00,B2.3,,True,False
2135,13111,2017-03-14 15:50:00,B1.8,,True,False
2136,13112,2017-03-14 16:16:00,B2.1,,True,False
2137,13113,2017-03-14 20:32:00,B2.4,,True,False
2138,13114,2017-03-15 00:18:00,B2.4,,True,False
2139,13115,2017-03-15 00:26:00,B2.1,,True,False
2140,13116,2017-03-15 01:32:00,B2.0,,True,False
2141,13117,2017-03-15 02:04:00,B2.2,,True,False
2142,13118,2017-03-15 02:46:00,B1.9,,True,False
2143,13119,2017-03-15 03:34:00,B1.9,,True,False
2144,13120,2017-03-15 06:41:00,B2.2,,True,False
2145,13121,2017-03-15 06:48:00,B2.0,,True,False
2146,13122,2017-03-15 07:05:00,B2.1,,True,False
2147,13123,2017-03-15 07:25:00,B2.5,,True,False
2148,13124,2017-03-15 08:07:00,B2.4,,True,False
2149,13125,2017-03-15 08:52:00,B2.3,,True,False
2150,13126,2017-03-15 09:24:00,B2.2,,True,False
2151,13127,2017-03-15 10:09:00,B3.1,,True,False
2152,13128,2017-03-15 11:06:00,B2.4,,True,False
2153,13129,2017-03-15 11:16:00,B2.6,,True,False
2154,13130,2017-03-15 11:52:00,B2.7,,True,False
2155,13131,2017-03-20 15:59:00,B1.5,,True,False
2156,13145,2017-03-27 06:12:00,B2.6,,True,False
2157,13148,2017-03-27 13:43:00,B4.9,,True,False
2158,13150,2017-03-27 14:45:00,B2.5,,True,False
2159,13151,2017-03-27 15:16:00,B4.8,,True,False
2160,13162,2017-03-28 03:00:00,B3.1,,True,False
2161,13186,2017-03-31 04:53:00,B4.1,,True,False
2162,13206,2017-04-01 23:54:00,B9.0,,True,False
2163,13230,2017-04-03 19:10:00,C2.5,,True,False
2164,13240,2017-04-04 11:48:00,B9.5,,True,False
2165,13244,2017-04-04 16:27:00,B9.1,,True,False
2166,13247,2017-04-04 19:45:00,B9.4,,True,False
2167,13249,2017-04-04 21:48:00,B9.9,,True,False
2168,13250,2017-04-04 22:25:00,C1.2,,True,False
2169,13252,2017-04-05 01:21:00,B5.7,,True,False
2170,13253,2017-04-05 02:50:00,B9.8,,True,False
2171,13254,2017-04-05 03:22:00,B5.0,,True,False
2172,13257,2017-04-05 12:29:00,B4.3,,True,False
2173,13258,2017-04-05 15:55:00,B5.9,,True,False
2174,13294,2017-04-12 14:32:00,B2.1,,True,False
2175,13295,2017-04-14 16:21:00,B1.2,,True,False
2176,13296,2017-04-16 21:58:00,B2.6,,True,False
2177,13297,2017-04-16 23:05:00,B4.0,,True,False
2178,13319,2017-04-20 08:46:00,B1.9,,True,False
2179,13327,2017-04-21 22:07:00,B2.2,,True,False
2180,13334,2017-04-23 15:57:00,B1.8,,True,False
2181,13337,2017-04-25 00:24:00,B1.1,,True,False
2182,13350,2017-05-01 09:11:00,B1.4,,True,False
2183,13365,2017-05-24 02:36:00,B1.2,,True,False
2184,13367,2017-05-25 13:26:00,B2.2,,True,False
2185,13368,2017-05-25 15:27:00,B2.2,,True,False
2186,13369,2017-05-25 21:17:00,B5.0,,True,False
2187,13380,2017-05-28 08:49:00,B1.6,,True,False
2188,13396,2017-05-30 06:38:00,B1.4,,True,False
2189,13417,2017-06-01 22:59:00,C3.0,,True,False
2190,13453,2017-06-06 01:06:00,B1.2,,True,False
2191,13454,2017-06-06 03:15:00,B1.0,,True,False
2192,13457,2017-06-06 11:24:00,B1.8,,True,False
2193,13458,2017-06-06 11:58:00,B1.8,,True,False
2194,13459,2017-06-06 12:37:00,B1.8,,True,False
2195,13460,2017-06-06 13:08:00,B1.6,,True,False
2196,13461,2017-06-06 13:22:00,B1.3,,True,False
2197,13462,2017-06-06 15:14:00,B4.1,,True,False
2198,13465,2017-06-07 08:47:00,B2.4,,True,False
2199,13466,2017-06-07 10:22:00,C1.2,,True,False
2200,13474,2017-06-13 19:40:00,B3.8,,True,False
2201,13475,2017-06-14 19:07:00,B1.9,,True,False
2202,13506,2017-07-03 12:47:00,B4.0,,True,False
2203,13507,2017-07-03 13:35:00,B6.2,,True,False
2204,13508,2017-07-03 16:15:00,M1.3,,True,False
2205,13509,2017-07-03 17:58:00,B9.2,,True,False
2206,13510,2017-07-03 18:17:00,B8.7,,True,False
2207,13511,2017-07-03 19:17:00,B2.6,,True,False
2208,13512,2017-07-03 20:54:00,B1.5,,True,False
2209,13513,2017-07-04 01:53:00,B6.9,,True,False
2210,13514,2017-07-04 04:25:00,C1.1,,True,False
2211,13515,2017-07-05 09:29:00,B2.0,,True,False
2212,13516,2017-07-05 13:59:00,B3.5,,True,False
2213,13517,2017-07-05 13:59:00,B3.8,,True,False
2214,13518,2017-07-05 16:36:00,B1.1,,True,False
2215,13529,2017-07-07 13:16:00,B3.7,,True,False
2216,13541,2017-07-08 21:37:00,B4.5,,True,False
2217,13542,2017-07-08 22:00:00,B6.0,,True,False
2218,13569,2017-07-11 01:13:00,B3.2,,True,False
2219,13573,2017-07-11 16:58:00,B2.8,,True,False
2220,13574,2017-07-11 17:54:00,B2.2,,True,False
2221,13604,2017-07-16 10:30:00,B6.1,,True,False
2222,13619,2017-07-17 09:04:00,B3.1,,True,False
2223,13620,2017-07-17 09:20:00,B4.0,,True,False
2224,13621,2017-07-17 10:17:00,B4.4,,True,False
2225,13634,2017-07-23 07:37:00,B1.5,,True,False
2226,13635,2017-07-23 22:39:00,B1.3,,True,False
2227,13636,2017-07-27 21:36:00,B1.5,,True,False
2228,13637,2017-07-31 03:21:00,B1.4,,True,False
2229,13638,2017-07-31 09:13:00,B9.2,,True,False
2230,13639,2017-07-31 15:59:00,B3.3,,True,False
2231,13640,2017-07-31 17:21:00,B1.3,,True,False
2232,13641,2017-07-31 18:57:00,B4.1,,True,False
2233,13642,2017-07-31 22:25:00,B4.2,,True,False
2234,13643,2017-07-31 23:28:00,B2.5,,True,False
2235,13644,2017-08-01 00:01:00,B5.6,,True,False
2236,13645,2017-08-01 00:29:00,B4.5,,True,False
2237,13646,2017-08-01 01:18:00,B2.4,,True,False
2238,13647,2017-08-01 02:20:00,B4.9,,True,False
2239,13648,2017-08-01 03:26:00,B7.9,,True,False
2240,13649,2017-08-01 07:47:00,C1.4,,True,False
2241,13650,2017-08-01 09:55:00,B2.0,,True,False
2242,13651,2017-08-01 13:14:00,B2.6,,True,False
2243,13652,2017-08-01 19:59:00,B2.8,,True,False
2244,13653,2017-08-01 22:57:00,B1.2,,True,False
2245,13665,2017-08-14 02:13:00,C1.8,,True,False
2246,13666,2017-08-14 03:48:00,B6.4,,True,False
2247,13667,2017-08-14 05:51:00,B7.5,,True,False
2248,13668,2017-08-14 08:26:00,B3.2,,True,False
2249,13669,2017-08-14 09:27:00,B1.3,,True,False
2250,13670,2017-08-14 10:46:00,C2.7,,True,False
2251,13671,2017-08-14 13:37:00,B2.4,,True,False
2252,13672,2017-08-14 14:11:00,B3.9,,True,False
2253,13675,2017-08-14 18:22:00,B3.7,,True,False
2254,13677,2017-08-14 19:27:00,B2.8,,True,False
2255,13698,2017-08-16 11:11:00,B4.4,,True,False
2256,13700,2017-08-16 17:17:00,B3.2,,True,False
2257,13701,2017-08-16 19:48:00,B2.4,,True,False
2258,13702,2017-08-16 21:55:00,B2.5,,True,False
2259,13703,2017-08-16 22:56:00,B2.1,,True,False
2260,13710,2017-08-17 14:39:00,B1.3,,True,False
2261,13711,2017-08-17 16:16:00,B1.2,,True,False
2262,13745,2017-08-21 17:57:00,C3.0,,True,False
2263,13748,2017-08-22 02:01:00,B4.3,,True,False
2264,13751,2017-08-22 08:36:00,B5.5,,True,False
2265,13761,2017-08-23 01:53:00,B3.3,,True,False
2266,13795,2017-08-27 17:03:00,B3.0,,True,False
2267,13799,2017-08-28 09:28:00,B2.8,,True,False
2268,13802,2017-08-28 16:38:00,B8.3,,True,False
2269,13803,2017-08-28 20:02:00,B6.8,,True,False
2270,13804,2017-08-28 23:44:00,C1.0,,True,False
2271,13815,2017-08-30 04:12:00,C1.1,,True,False
2272,13818,2017-08-30 11:05:00,B8.0,,True,False
2273,13825,2017-08-31 03:48:00,B5.3,,True,False
2274,13826,2017-08-31 05:37:00,B3.2,,True,False
2275,13892,2017-09-06 23:39:00,M1.2,,True,False
2276,13953,2017-09-20 01:37:00,B1.2,,True,False
2277,13954,2017-09-20 02:57:00,B1.7,,True,False
2278,13955,2017-09-20 05:31:00,B1.4,,True,False
2279,13956,2017-09-20 08:43:00,B1.5,,True,False
2280,13967,2017-09-25 12:56:00,B3.3,,True,False
2281,14001,2017-10-06 15:38:00,B2.8,,True,False
2282,14005,2017-10-06 22:31:00,B3.2,,True,False
2283,14022,2017-10-21 21:06:00,B3.3,,True,False
2284,14023,2017-10-22 12:41:00,B2.2,,True,False
2285,14025,2017-11-12 20:20:00,B1.8,,True,False
2286,14026,2017-11-12 23:00:00,B2.4,,True,False
2287,14027,2017-11-13 06:48:00,B7.5,,True,False
2288,14028,2017-11-13 08:04:00,B2.4,,True,False
2289,14029,2017-11-13 10:42:00,B1.3,,True,False
2290,14035,2017-11-21 02:03:00,B1.7,,True,False
2291,14036,2017-11-23 09:14:00,B1.7,,True,False
2292,14037,2017-11-25 07:46:00,B1.6,,True,False
2293,14041,2017-12-10 10:54:00,B1.5,,True,False
2294,14042,2017-12-11 00:52:00,B6.2,,True,False
2295,14043,2017-12-13 21:44:00,B1.2,,True,False
2296,14045,2017-12-14 22:08:00,B1.1,,True,False
2297,14065,2017-12-29 01:19:00,B1.1,,True,False
2298,14066,2018-01-05 11:17:00,A3.7,,True,False
2299,14067,2018-01-07 04:33:00,A7.6,,True,False
2300,14068,2018-01-12 13:09:00,B1.9,,True,False
2301,14075,2018-01-28 18:42:00,A3.6,,True,False
2302,14086,2018-02-05 08:22:00,B6.1,,True,False
2303,14087,2018-02-05 10:43:00,B3.0,,True,False
2304,14088,2018-02-05 11:38:00,B2.0,,True,False
2305,14089,2018-02-05 15:25:00,B2.0,,True,False
2306,14092,2018-02-05 19:09:00,B1.4,,True,False
2307,14093,2018-02-05 19:26:00,B1.1,,True,False
2308,14178,2018-03-12 22:11:00,A1.1,,True,False
2309,14179,2018-03-29 16:34:00,A9.9,,True,False
2310,14194,2018-04-06 19:30:00,A1.1,,True,False
2311,14195,2018-04-12 02:45:00,A9.5,,True,False
2312,14197,2018-04-14 19:19:00,B2.4,,True,False
2313,14198,2018-04-15 00:10:00,B1.4,,True,False
2314,14199,2018-04-15 12:40:00,B3.5,,True,False
2315,14200,2018-04-15 13:49:00,B1.0,,True,False
2316,14213,2018-04-23 18:43:00,B1.0,,True,False
2317,14217,2018-05-01 21:15:00,B1.6,,True,False
2318,14218,2018-05-06 02:56:00,A1.1,,True,False
2319,14219,2018-05-10 03:29:00,A1.1,,True,False
2320,14220,2018-05-22 05:07:00,B2.8,,True,False
2321,14221,2018-05-22 14:59:00,B8.9,,True,False
2322,14222,2018-05-22 22:42:00,B2.4,,True,False
2323,14262,2018-05-28 12:18:00,B1.1,,True,False
2324,14263,2018-05-28 13:47:00,B1.3,,True,False
2325,14265,2018-05-28 15:07:00,B7.2,,True,False
2326,14266,2018-05-28 16:01:00,B5.2,,True,False
2327,14274,2018-05-30 18:17:00,B1.1,,True,False
2328,14275,2018-05-30 19:08:00,B1.3,,True,False
2329,14281,2018-05-31 14:22:00,B2.3,,True,False
2330,14323,2018-06-22 22:04:00,B1.7,,True,False
2331,14339,2018-07-06 20:07:00,C1.6,,True,False
2332,14340,2018-07-07 04:51:00,B1.2,,True,False
2333,14341,2018-07-07 12:04:00,B1.3,,True,False
2334,14342,2018-07-07 21:28:00,B1.0,,True,False
2335,14343,2018-07-07 21:35:00,B1.0,,True,False
2336,14344,2018-07-08 02:49:00,B1.0,,True,False
2337,14345,2018-07-15 08:47:00,B1.5,,True,False
2338,14346,2018-07-15 11:04:00,B1.3,,True,False
2339,14347,2018-07-28 13:40:00,A5.5,,True,False
2340,14348,2018-07-29 21:48:00,B1.0,,True,False
2341,14349,2018-08-03 15:46:00,A1.0,,True,False
2342,14350,2018-08-10 16:01:00,A1.0,,True,False
2343,14351,2018-08-14 05:01:00,A1.0,,True,False
2344,14352,2018-08-14 12:43:00,A9.3,,True,False
