,event_date,start_time,end_time,goes_class,goes_location,noaa_active_region,peak_time,fl_location,fl_lon,fl_lat,y,x,dist_to_ar
202,2012-02-11,2012-02-11 08:03:00,2012-02-11 08:35:00,B8.4,POINT(-85 29),10000,2012-02-11 08:20:00,POINT(-85 29),-85.0,29.0,0.48480962024633706,-0.8712915150988213,
203,2012-02-11,2012-02-11 08:49:00,2012-02-11 09:01:00,C1.4,POINT(-86 28),10000,2012-02-11 08:55:00,POINT(-86 28),-86.0,28.0,0.4694715627858908,-0.8807967768995134,
204,2012-02-11,2012-02-11 09:55:00,2012-02-11 10:11:00,C7.9,POINT(-86 28),10000,2012-02-11 10:04:00,POINT(-86 28),-86.0,28.0,0.4694715627858908,-0.8807967768995134,
205,2012-02-11,2012-02-11 10:41:00,2012-02-11 10:49:00,C1.5,POINT(-86 25),10000,2012-02-11 10:44:00,POINT(-86 25),-86.0,25.0,0.42261826174069944,-0.9041000668182987,
206,2012-02-11,2012-02-11 12:10:00,2012-02-11 12:18:00,B7.2,POINT(-86 28),10000,2012-02-11 12:14:00,POINT(-86 28),-86.0,28.0,0.4694715627858908,-0.8807967768995134,
207,2012-02-11,2012-02-11 15:12:00,2012-02-11 15:32:00,B6.0,POINT(-85 29),10000,2012-02-11 15:26:00,POINT(-85 29),-85.0,29.0,0.48480962024633706,-0.8712915150988213,
208,2012-02-11,2012-02-11 15:55:00,2012-02-11 16:09:00,C2.7,POINT(-85 30),10000,2012-02-11 16:00:00,POINT(-85 30),-85.0,30.0,0.49999999999999994,-0.862729915662821,
209,2012-02-11,2012-02-11 18:47:00,2012-02-11 19:06:00,C7.7,POINT(-85 29),10000,2012-02-11 18:54:00,POINT(-85 29),-85.0,29.0,0.48480962024633706,-0.8712915150988213,
210,2012-02-11,2012-02-11 19:08:00,2012-02-11 19:20:00,C5.3,POINT(-85 29),10000,2012-02-11 19:12:00,POINT(-85 29),-85.0,29.0,0.48480962024633706,-0.8712915150988213,
211,2012-02-11,2012-02-11 20:38:00,2012-02-11 20:50:00,C2.7,POINT(-85 28),10000,2012-02-11 20:44:00,POINT(-85 28),-85.0,28.0,0.4694715627858908,-0.8795877106989323,
212,2012-02-11,2012-02-11 23:26:00,2012-02-11 23:36:00,C2.7,POINT(-85 28),10000,2012-02-11 23:33:00,POINT(-85 28),-85.0,28.0,0.4694715627858908,-0.8795877106989323,
213,2012-02-12,2012-02-12 04:42:00,2012-02-12 04:51:00,C1.3,POINT(-85 29),10000,2012-02-12 04:45:00,POINT(-85 29),-85.0,29.0,0.48480962024633706,-0.8712915150988213,
214,2012-02-12,2012-02-12 06:53:00,2012-02-12 07:05:00,C1.6,POINT(-86 27),10000,2012-02-12 07:00:00,POINT(-86 27),-86.0,27.0,0.45399049973954675,-0.8888360770772763,
215,2012-02-12,2012-02-12 07:32:00,2012-02-12 07:46:00,B9.7,POINT(-85 29),10000,2012-02-12 07:38:00,POINT(-85 29),-85.0,29.0,0.48480962024633706,-0.8712915150988213,
216,2012-02-12,2012-02-12 11:03:00,2012-02-12 11:08:00,B5.2,POINT(-80 28),10000,2012-02-12 11:06:00,POINT(-80 28),-80.0,28.0,0.4694715627858908,-0.8695336349509378,
217,2012-02-12,2012-02-12 14:37:00,2012-02-12 14:46:00,C3.9,POINT(-81 31),10000,2012-02-12 14:43:00,POINT(-81 31),-81.0,31.0,0.5150380749100542,-0.8466141488428828,
226,2012-02-14,2012-02-14 18:53:00,2012-02-14 19:00:00,B3.5,POINT(-11 18),10000,2012-02-14 18:57:00,POINT(-11 18),-11.0,18.0,0.3090169943749474,-0.18147013842059476,
229,2012-02-14,2012-02-14 23:10:00,2012-02-14 23:40:00,B5.4,POINT(-10 26),10000,2012-02-14 23:24:00,POINT(-10 26),-10.0,26.0,0.4383711467890774,-0.15607394823773696,
1397,2012-08-17,2012-08-17 14:23:00,2012-08-17 14:29:00,B4.3,POINT(-30 6),10000,2012-08-17 14:27:00,POINT(-30 6),-30.0,6.0,0.10452846326765347,-0.4972609476841366,
1398,2012-08-17,2012-08-17 15:21:00,2012-08-17 15:42:00,C1.3,POINT(-87 20),10000,2012-08-17 15:32:00,POINT(-87 20),-87.0,20.0,0.3420201433256687,-0.9384048047077379,
1399,2012-08-17,2012-08-17 16:05:00,2012-08-17 16:15:00,C1.5,POINT(-87 18),10000,2012-08-17 16:11:00,POINT(-87 18),-87.0,18.0,0.3090169943749474,-0.9497531263931349,
1400,2012-08-17,2012-08-17 17:08:00,2012-08-17 17:27:00,M1.0,POINT(-87 19),10000,2012-08-17 17:20:00,POINT(-87 19),-87.0,19.0,0.3255681544571567,-0.9442227752525532,
1401,2012-08-17,2012-08-17 17:53:00,2012-08-17 18:00:00,C1.3,POINT(-87 18),10000,2012-08-17 17:58:00,POINT(-87 18),-87.0,18.0,0.3090169943749474,-0.9497531263931349,
1402,2012-08-17,2012-08-17 21:23:00,2012-08-17 21:35:00,B3.8,POINT(-87 20),10000,2012-08-17 21:27:00,POINT(-87 20),-87.0,20.0,0.3420201433256687,-0.9384048047077379,
1403,2012-08-17,2012-08-17 22:23:00,2012-08-17 22:36:00,B5.9,POINT(-87 20),10000,2012-08-17 22:28:00,POINT(-87 20),-87.0,20.0,0.3420201433256687,-0.9384048047077379,
1404,2012-08-18,2012-08-18 00:24:00,2012-08-18 01:07:00,M5.5,POINT(-87 19),10000,2012-08-18 01:02:00,POINT(-87 19),-87.0,19.0,0.3255681544571567,-0.9442227752525532,
1405,2012-08-18,2012-08-18 03:17:00,2012-08-18 03:30:00,M1.8,POINT(-87 19),10000,2012-08-18 03:23:00,POINT(-87 19),-87.0,19.0,0.3255681544571567,-0.9442227752525532,
1406,2012-08-18,2012-08-18 06:09:00,2012-08-18 06:18:00,C6.1,POINT(-87 19),10000,2012-08-18 06:18:00,POINT(-87 19),-87.0,19.0,0.3255681544571567,-0.9442227752525532,
1423,2012-08-25,2012-08-25 02:24:00,2012-08-25 02:55:00,C1.7,POINT(-11 17),10000,2012-08-25 02:36:00,POINT(-11 17),-11.0,17.0,0.29237170472273677,-0.18247154975911864,
1424,2012-08-26,2012-08-26 01:00:00,2012-08-26 01:10:00,B5.1,POINT(0 19),10000,2012-08-26 01:06:00,POINT(0 19),0.0,19.0,0.3255681544571567,0.0,
1425,2012-08-26,2012-08-26 17:20:00,2012-08-26 19:00:00,C1.0,POINT(-88 11),10000,2012-08-26 18:17:00,POINT(-88 11),-88.0,11.0,0.1908089953765448,-0.9810292026901866,
1426,2012-08-27,2012-08-27 00:04:00,2012-08-27 00:24:00,B5.6,POINT(-88 11),10000,2012-08-27 00:18:00,POINT(-88 11),-88.0,11.0,0.1908089953765448,-0.9810292026901866,
1427,2012-08-27,2012-08-27 00:55:00,2012-08-27 01:08:00,B9.1,POINT(-88 12),10000,2012-08-27 01:02:00,POINT(-88 12),-88.0,12.0,0.20791169081775934,-0.9775517396441024,
1428,2012-08-27,2012-08-27 06:05:00,2012-08-27 06:22:00,B7.8,POINT(18 18),10000,2012-08-27 06:12:00,POINT(18 18),18.0,18.0,0.3090169943749474,0.2938926261462365,
1429,2012-08-27,2012-08-27 08:16:00,2012-08-27 08:24:00,B9.8,POINT(-85 12),10000,2012-08-27 08:21:00,POINT(-85 12),-85.0,12.0,0.20791169081775934,-0.9744254538021788,
1431,2012-08-27,2012-08-27 09:50:00,2012-08-27 10:36:00,B7.5,POINT(77 -14),10000,2012-08-27 10:18:00,POINT(77 -14),77.0,-14.0,-0.24192189559966773,0.9454271096723795,
1432,2012-08-27,2012-08-27 09:54:00,2012-08-27 10:38:00,B7.5,POINT(77 -14),10000,2012-08-27 10:18:00,POINT(77 -14),77.0,-14.0,-0.24192189559966773,0.9454271096723795,
1647,2018-01-01,2018-01-01 09:10:00,2018-01-01 11:00:00,A8.0,POINT(88 20),10000,2018-01-01 09:36:00,POINT(88 20),88.0,20.0,0.3420201433256687,0.9391201854309705,
1648,2018-01-05,2018-01-05 11:16:00,2018-01-05 11:18:00,A3.7,POINT(89 -14),10000,2018-01-05 11:17:00,POINT(89 -14),89.0,-14.0,-0.24192189559966773,0.9701479455371518,
1658,2018-01-28,2018-01-28 18:39:00,2018-01-28 18:44:00,A3.6,POINT(-18 -84),10000,2018-01-28 18:42:00,POINT(-18 -84),-18.0,-84.0,-0.9945218953682733,-0.03230107154560236,
1659,2018-01-29,2018-01-29 03:45:00,2018-01-29 03:56:00,A2.6,POINT(87 16),10000,2018-01-29 03:50:00,POINT(87 16),87.0,16.0,0.27563735581699916,0.959944320192276,
1664,2018-02-03,2018-02-03 12:10:00,2018-02-03 13:20:00,A8.9,POINT(-89 -7),10000,2018-02-03 12:41:00,POINT(-89 -7),-89.0,-7.0,-0.12186934340514748,-0.9923949820549218,
1665,2018-02-03,2018-02-03 16:04:00,2018-02-03 19:10:00,B1.1,POINT(-89 -9),10000,2018-02-03 17:41:00,POINT(-89 -9),-89.0,-9.0,-0.15643446504023087,-0.9875379108768892,
1666,2018-02-03,2018-02-03 21:41:00,2018-02-03 22:22:00,A9.9,POINT(-89 -10),10000,2018-02-03 21:56:00,POINT(-89 -10),-89.0,-10.0,-0.17364817766693033,-0.9846577620214009,
1667,2018-02-04,2018-02-04 17:25:00,2018-02-04 17:40:00,A8.9,POINT(-89 -7),10000,2018-02-04 17:30:00,POINT(-89 -7),-89.0,-7.0,-0.12186934340514748,-0.9923949820549218,
1668,2018-02-04,2018-02-04 19:06:00,2018-02-04 19:27:00,B6.4,POINT(-89 -5),10000,2018-02-04 19:22:00,POINT(-89 -5),-89.0,-5.0,-0.08715574274765817,-0.9960429728140489,
1669,2018-02-04,2018-02-04 19:46:00,2018-02-04 19:55:00,B3.7,POINT(-84 -6),10000,2018-02-04 19:51:00,POINT(-84 -6),-84.0,-6.0,-0.10452846326765347,-0.9890738003669027,
1671,2018-02-04,2018-02-04 20:46:00,2018-02-04 21:07:00,B2.6,POINT(-85 -6),10000,2018-02-04 20:59:00,POINT(-85 -6),-85.0,-6.0,-0.10452846326765347,-0.9907374393020275,
1720,2018-02-09,2018-02-09 08:27:00,2018-02-09 08:35:00,B2.1,POINT(-82 -7),10000,2018-02-09 08:31:00,POINT(-82 -7),-82.0,-7.0,-0.12186934340514748,-0.9828867607227297,
1721,2018-02-09,2018-02-09 08:27:00,2018-02-09 08:35:00,B2.1,POINT(-83 -7),10000,2018-02-09 08:31:00,POINT(-83 -7),-83.0,-7.0,-0.12186934340514748,-0.9851478631379982,
1759,2018-02-19,2018-02-19 04:58:00,2018-02-19 08:00:00,B1.1,POINT(-27 -5),10000,2018-02-19 06:59:00,POINT(-27 -5),-27.0,-5.0,-0.08715574274765817,-0.4522629288245585,
1760,2018-02-26,2018-02-26 00:17:00,2018-02-26 00:44:00,A3.2,POINT(50 -46),10000,2018-02-26 00:33:00,POINT(50 -46),50.0,-46.0,-0.7193398003386511,0.5321391845561992,
1763,2018-02-26,2018-02-26 11:59:00,2018-02-26 12:07:00,A9.2,POINT(73 23),10000,2018-02-26 12:01:00,POINT(73 23),73.0,23.0,0.39073112848927377,0.8802831692436257,
1780,2018-03-10,2018-03-10 01:53:00,2018-03-10 02:00:00,A2.2,POINT(-3 -10),10000,2018-03-10 01:55:00,POINT(-3 -10),-3.0,-10.0,-0.17364817766693033,-0.05154085546935876,
1781,2018-03-12,2018-03-12 22:10:00,2018-03-12 22:12:00,A1.1,POINT(-84 33),10000,2018-03-12 22:11:00,POINT(-84 33),-84.0,33.0,0.5446390350150271,-0.8340762428226693,
1782,2018-03-17,2018-03-17 04:10:00,2018-03-17 04:18:00,A2.3,POINT(84 -38),10000,2018-03-17 04:17:00,POINT(84 -38),84.0,-38.0,-0.6156614753256583,0.7836939482475385,
1784,2018-03-28,2018-03-28 09:50:00,2018-03-28 14:45:00,A9.4,POINT(-88 -11),10000,2018-03-28 11:41:00,POINT(-88 -11),-88.0,-11.0,-0.1908089953765448,-0.9810292026901866,
1785,2018-03-29,2018-03-29 16:24:00,2018-03-29 16:52:00,A9.9,POINT(-89 -8),10000,2018-03-29 16:36:00,POINT(-89 -8),-89.0,-8.0,-0.13917310096006544,-0.9901172461182299,
1786,2018-03-30,2018-03-30 02:56:00,2018-03-30 03:02:00,B1.7,POINT(-75 -9),10000,2018-03-30 03:00:00,POINT(-75 -9),-75.0,-9.0,-0.15643446504023087,-0.9540336765054371,
1787,2018-03-30,2018-03-30 04:11:00,2018-03-30 04:19:00,B1.8,POINT(-73 -9),10000,2018-03-30 04:15:00,POINT(-73 -9),-73.0,-9.0,-0.15643446504023087,-0.9445310575203687,
1788,2018-03-30,2018-03-30 05:07:00,2018-03-30 05:21:00,B4.5,POINT(-73 -9),10000,2018-03-30 05:15:00,POINT(-73 -9),-73.0,-9.0,-0.15643446504023087,-0.9445310575203687,
1789,2018-03-30,2018-03-30 07:57:00,2018-03-30 08:08:00,C4.6,POINT(-71 -10),10000,2018-03-30 08:01:00,POINT(-71 -10),-71.0,-10.0,-0.17364817766693033,-0.9311540238672666,
1790,2018-03-30,2018-03-30 11:13:00,2018-03-30 11:20:00,B2.1,POINT(-69 -10),10000,2018-03-30 11:17:00,POINT(-69 -10),-69.0,-10.0,-0.17364817766693033,-0.919397242074888,
1791,2018-03-30,2018-03-30 17:58:00,2018-03-30 18:07:00,B2.0,POINT(-65 -9),10000,2018-03-30 18:01:00,POINT(-65 -9),-65.0,-9.0,-0.15643446504023087,-0.8951496342466803,
1792,2018-03-31,2018-03-31 01:44:00,2018-03-31 01:55:00,B1.5,POINT(-60 -10),10000,2018-03-31 01:48:00,POINT(-60 -10),-60.0,-10.0,-0.17364817766693033,-0.8528685319524432,
1793,2018-03-31,2018-03-31 08:12:00,2018-03-31 10:30:00,B7.1,POINT(-60 -10),10000,2018-03-31 09:11:00,POINT(-60 -10),-60.0,-10.0,-0.17364817766693033,-0.8528685319524432,
1794,2018-03-31,2018-03-31 16:16:00,2018-03-31 16:25:00,B1.1,POINT(-52 -10),10000,2018-03-31 16:20:00,POINT(-52 -10),-52.0,-10.0,-0.17364817766693033,-0.7760390996088926,
1795,2018-04-01,2018-04-01 00:49:00,2018-04-01 00:57:00,B1.1,POINT(-49 -8),10000,2018-04-01 00:53:00,POINT(-49 -8),-49.0,-8.0,-0.13917310096006544,-0.7473647984679657,
1801,2018-04-06,2018-04-06 19:29:00,2018-04-06 19:31:00,A1.1,POINT(88 -19),10000,2018-04-06 19:30:00,POINT(88 -19),88.0,-19.0,-0.3255681544571567,0.9449425912301187,
1802,2018-04-09,2018-04-09 12:30:00,2018-04-09 13:41:00,A2.5,POINT(-10 -31),10000,2018-04-09 12:57:00,POINT(-10 -31),-10.0,-31.0,-0.5150380749100542,-0.1488455397226035,
1803,2018-04-10,2018-04-10 11:35:00,2018-04-10 15:30:00,A2.0,POINT(-68 -60),10000,2018-04-10 13:38:00,POINT(-68 -60),-68.0,-60.0,-0.8660254037844386,-0.4635919272833938,
1806,2018-04-14,2018-04-14 19:10:00,2018-04-14 19:30:00,B2.4,POINT(-89 7),10000,2018-04-14 19:18:00,POINT(-89 7),-89.0,7.0,0.12186934340514748,-0.9923949820549218,
1807,2018-04-15,2018-04-15 00:05:00,2018-04-15 00:24:00,B1.4,POINT(-88 7),10000,2018-04-15 00:10:00,POINT(-88 7),-88.0,7.0,0.12186934340514748,-0.9919415193434417,
1814,2018-04-18,2018-04-18 18:20:00,2018-04-18 18:35:00,B1.4,POINT(55 7),10000,2018-04-18 18:28:00,POINT(55 7),55.0,7.0,0.12186934340514748,0.8130462091681605,
1815,2018-04-18,2018-04-18 18:20:00,2018-04-18 18:35:00,B1.4,POINT(54 7),10000,2018-04-18 18:28:00,POINT(54 7),54.0,7.0,0.12186934340514748,0.8029867043792831,
1843,2018-05-01,2018-05-01 21:08:00,2018-05-01 21:25:00,B1.6,POINT(89 3),10000,2018-05-01 21:14:00,POINT(89 3),89.0,3.0,0.052335956242943835,0.9984774386394599,
1844,2018-05-02,2018-05-02 08:42:00,2018-05-02 09:42:00,A3.5,POINT(89 6),10000,2018-05-02 09:19:00,POINT(89 6),89.0,6.0,0.10452846326765347,0.9943704248665338,
1845,2018-05-03,2018-05-03 23:59:00,2018-05-04 00:16:00,A2.7,POINT(-89 10),10000,2018-05-04 00:02:00,POINT(-89 10),-89.0,10.0,0.17364817766693033,-0.9846577620214009,
1851,2018-05-10,2018-05-10 09:38:00,2018-05-10 09:58:00,A5.5,POINT(-10 10),10000,2018-05-10 09:43:00,POINT(-10 10),-10.0,10.0,0.17364817766693033,-0.17101007166283433,
1853,2018-05-17,2018-05-17 11:10:00,2018-05-17 12:00:00,A3.4,POINT(44 4),10000,2018-05-17 11:17:00,POINT(44 4),44.0,4.0,0.0697564737441253,0.6929662175819667,
1854,2018-05-17,2018-05-17 12:44:00,2018-05-17 14:10:00,A1.7,POINT(-89 16),10000,2018-05-17 13:15:00,POINT(-89 16),-89.0,16.0,0.27563735581699916,-0.961115291126052,
1855,2018-05-22,2018-05-22 04:29:00,2018-05-22 05:44:00,B2.8,POINT(-89 12),10000,2018-05-22 05:07:00,POINT(-89 12),-89.0,12.0,0.20791169081775934,-0.9779986241164497,
1856,2018-05-22,2018-05-22 09:12:00,2018-05-22 09:55:00,A5.2,POINT(-89 13),10000,2018-05-22 09:35:00,POINT(-89 13),-89.0,13.0,0.224951054343865,-0.9742216635049011,
1857,2018-05-22,2018-05-22 11:14:00,2018-05-22 12:50:00,A9.5,POINT(-89 14),10000,2018-05-22 11:48:00,POINT(-89 14),-89.0,14.0,0.24192189559966773,-0.9701479455371518,
1858,2018-05-22,2018-05-22 14:47:00,2018-05-22 15:19:00,B8.9,POINT(-89 12),10000,2018-05-22 14:59:00,POINT(-89 12),-89.0,12.0,0.20791169081775934,-0.9779986241164497,
1859,2018-05-22,2018-05-22 22:28:00,2018-05-22 22:55:00,B2.4,POINT(-89 14),10000,2018-05-22 22:42:00,POINT(-89 14),-89.0,14.0,0.24192189559966773,-0.9701479455371518,
1860,2018-05-22,2018-05-22 23:04:00,2018-05-22 23:38:00,B2.1,POINT(-89 14),10000,2018-05-22 23:16:00,POINT(-89 14),-89.0,14.0,0.24192189559966773,-0.9701479455371518,
1861,2018-05-23,2018-05-23 01:58:00,2018-05-23 02:33:00,A8.7,POINT(-89 14),10000,2018-05-23 02:09:00,POINT(-89 14),-89.0,14.0,0.24192189559966773,-0.9701479455371518,
1862,2018-05-23,2018-05-23 02:36:00,2018-05-23 03:27:00,B1.9,POINT(-89 14),10000,2018-05-23 02:57:00,POINT(-89 14),-89.0,14.0,0.24192189559966773,-0.9701479455371518,
1863,2018-05-23,2018-05-23 03:30:00,2018-05-23 03:42:00,B1.8,POINT(-89 14),10000,2018-05-23 03:35:00,POINT(-89 14),-89.0,14.0,0.24192189559966773,-0.9701479455371518,
1864,2018-05-23,2018-05-23 03:58:00,2018-05-23 04:23:00,B3.2,POINT(-89 14),10000,2018-05-23 04:14:00,POINT(-89 14),-89.0,14.0,0.24192189559966773,-0.9701479455371518,
1865,2018-05-23,2018-05-23 05:27:00,2018-05-23 05:42:00,B2.0,POINT(-89 14),10000,2018-05-23 05:34:00,POINT(-89 14),-89.0,14.0,0.24192189559966773,-0.9701479455371518,
1866,2018-05-23,2018-05-23 06:00:00,2018-05-23 06:12:00,B1.6,POINT(-89 14),10000,2018-05-23 06:04:00,POINT(-89 14),-89.0,14.0,0.24192189559966773,-0.9701479455371518,
1867,2018-05-23,2018-05-23 06:17:00,2018-05-23 06:28:00,B2.3,POINT(-89 14),10000,2018-05-23 06:21:00,POINT(-89 14),-89.0,14.0,0.24192189559966773,-0.9701479455371518,
1868,2018-05-23,2018-05-23 07:51:00,2018-05-23 08:24:00,B1.7,POINT(-89 14),10000,2018-05-23 08:18:00,POINT(-89 14),-89.0,14.0,0.24192189559966773,-0.9701479455371518,
1869,2018-05-23,2018-05-23 08:43:00,2018-05-23 08:54:00,B1.8,POINT(-89 14),10000,2018-05-23 08:48:00,POINT(-89 14),-89.0,14.0,0.24192189559966773,-0.9701479455371518,
1870,2018-05-23,2018-05-23 08:55:00,2018-05-23 09:08:00,B2.8,POINT(-89 13),10000,2018-05-23 09:00:00,POINT(-89 13),-89.0,13.0,0.224951054343865,-0.9742216635049011,
1871,2018-05-23,2018-05-23 09:59:00,2018-05-23 10:06:00,B4.4,POINT(-89 14),10000,2018-05-23 10:03:00,POINT(-89 14),-89.0,14.0,0.24192189559966773,-0.9701479455371518,
1872,2018-05-23,2018-05-23 11:08:00,2018-05-23 11:15:00,B1.4,POINT(-89 14),10000,2018-05-23 11:11:00,POINT(-89 14),-89.0,14.0,0.24192189559966773,-0.9701479455371518,
1873,2018-05-23,2018-05-23 11:37:00,2018-05-23 11:53:00,B2.5,POINT(-89 14),10000,2018-05-23 11:50:00,POINT(-89 14),-89.0,14.0,0.24192189559966773,-0.9701479455371518,
1874,2018-05-23,2018-05-23 13:01:00,2018-05-23 13:09:00,B8.1,POINT(-89 14),10000,2018-05-23 13:05:00,POINT(-89 14),-89.0,14.0,0.24192189559966773,-0.9701479455371518,
1875,2018-05-23,2018-05-23 14:22:00,2018-05-23 14:34:00,B1.7,POINT(-89 14),10000,2018-05-23 14:26:00,POINT(-89 14),-89.0,14.0,0.24192189559966773,-0.9701479455371518,
1876,2018-05-23,2018-05-23 16:38:00,2018-05-23 16:43:00,B1.6,POINT(25 6),10000,2018-05-23 16:41:00,POINT(25 6),25.0,6.0,0.10452846326765347,0.4203031146836054,
1877,2018-05-23,2018-05-23 17:44:00,2018-05-23 17:50:00,B2.8,POINT(-89 14),10000,2018-05-23 17:48:00,POINT(-89 14),-89.0,14.0,0.24192189559966773,-0.9701479455371518,
1878,2018-05-23,2018-05-23 17:53:00,2018-05-23 17:58:00,B2.4,POINT(-84 14),10000,2018-05-23 17:56:00,POINT(-84 14),-84.0,14.0,0.24192189559966773,-0.9649803447637393,
1879,2018-05-23,2018-05-23 18:03:00,2018-05-23 18:33:00,C2.0,POINT(-89 14),10000,2018-05-23 18:21:00,POINT(-89 14),-89.0,14.0,0.24192189559966773,-0.9701479455371518,
1880,2018-05-23,2018-05-23 19:39:00,2018-05-23 19:44:00,B1.0,POINT(-89 14),10000,2018-05-23 19:42:00,POINT(-89 14),-89.0,14.0,0.24192189559966773,-0.9701479455371518,
1881,2018-05-23,2018-05-23 20:47:00,2018-05-23 20:59:00,B1.1,POINT(-89 14),10000,2018-05-23 20:56:00,POINT(-89 14),-89.0,14.0,0.24192189559966773,-0.9701479455371518,
1882,2018-05-23,2018-05-23 21:05:00,2018-05-23 21:21:00,B2.0,POINT(-89 14),10000,2018-05-23 21:17:00,POINT(-89 14),-89.0,14.0,0.24192189559966773,-0.9701479455371518,
1883,2018-05-23,2018-05-23 21:54:00,2018-05-23 22:03:00,B2.3,POINT(-89 14),10000,2018-05-23 21:59:00,POINT(-89 14),-89.0,14.0,0.24192189559966773,-0.9701479455371518,
1884,2018-05-24,2018-05-24 02:58:00,2018-05-24 03:39:00,B3.0,POINT(-89 16),10000,2018-05-24 03:20:00,POINT(-89 16),-89.0,16.0,0.27563735581699916,-0.961115291126052,
1885,2018-05-24,2018-05-24 06:16:00,2018-05-24 06:35:00,B4.5,POINT(-84 15),10000,2018-05-24 06:23:00,POINT(-84 15),-84.0,15.0,0.25881904510252074,-0.9606343835461697,
1886,2018-05-24,2018-05-24 11:16:00,2018-05-24 11:38:00,B1.2,POINT(-79 15),10000,2018-05-24 11:20:00,POINT(-79 15),-79.0,15.0,0.25881904510252074,-0.9481790482794956,
1888,2018-05-24,2018-05-24 15:28:00,2018-05-24 15:36:00,B1.4,POINT(-76 15),10000,2018-05-24 15:32:00,POINT(-76 15),-76.0,15.0,0.25881904510252074,-0.9372337011478935,
1889,2018-05-24,2018-05-24 16:08:00,2018-05-24 16:22:00,B4.4,POINT(-77 15),10000,2018-05-24 16:15:00,POINT(-77 15),-77.0,15.0,0.25881904510252074,-0.9411692099390114,
1890,2018-05-24,2018-05-24 17:34:00,2018-05-24 17:44:00,B1.2,POINT(-76 15),10000,2018-05-24 17:37:00,POINT(-76 15),-76.0,15.0,0.25881904510252074,-0.9372337011478935,
1891,2018-05-25,2018-05-25 13:56:00,2018-05-25 15:02:00,B1.2,POINT(-65 15),10000,2018-05-25 14:42:00,POINT(-65 15),-65.0,15.0,0.25881904510252074,-0.875426098065593,
1893,2018-05-25,2018-05-25 23:32:00,2018-05-25 23:38:00,B1.9,POINT(-59 14),10000,2018-05-25 23:35:00,POINT(-59 14),-59.0,14.0,0.24192189559966773,-0.8317057685747915,
1894,2018-05-26,2018-05-26 01:11:00,2018-05-26 01:22:00,B1.3,POINT(-58 14),10000,2018-05-26 01:15:00,POINT(-58 14),-58.0,14.0,0.24192189559966773,-0.8228574433770754,
1895,2018-05-26,2018-05-26 04:18:00,2018-05-26 04:26:00,B1.1,POINT(-56 14),10000,2018-05-26 04:22:00,POINT(-56 14),-56.0,14.0,0.24192189559966773,-0.8044116135723833,
1896,2018-05-27,2018-05-27 01:00:00,2018-05-27 01:07:00,B1.1,POINT(-44 14),10000,2018-05-27 01:02:00,POINT(-44 14),-44.0,14.0,0.24192189559966773,-0.6740240480782129,
1897,2018-05-27,2018-05-27 18:49:00,2018-05-27 18:56:00,B1.1,POINT(-34 15),10000,2018-05-27 18:51:00,POINT(-34 15),-34.0,15.0,0.25881904510252074,-0.5401388673399644,
1898,2018-05-28,2018-05-28 13:42:00,2018-05-28 13:51:00,B1.3,POINT(-26 15),10000,2018-05-28 13:47:00,POINT(-26 15),-26.0,15.0,0.25881904510252074,-0.42343401218352605,
1910,2018-05-30,2018-05-30 19:04:00,2018-05-30 19:11:00,B1.3,POINT(52 17),12710,2018-05-30 19:08:00,POINT(52 17),52.0,17.0,0.29237170472273677,0.753578431424124,
1917,2018-05-31,2018-05-31 13:21:00,2018-05-31 15:14:00,B2.3,POINT(-89 17),10000,2018-05-31 14:22:00,POINT(-89 17),-89.0,17.0,0.29237170472273677,-0.9561591061167362,
1918,2018-05-31,2018-05-31 13:22:00,2018-05-31 15:55:00,B2.4,POINT(-89 17),10000,2018-05-31 14:22:00,POINT(-89 17),-89.0,17.0,0.29237170472273677,-0.9561591061167362,
1942,2018-06-06,2018-06-06 14:06:00,2018-06-06 18:00:00,A5.5,POINT(-10 14),10000,2018-06-06 17:09:00,POINT(-10 14),-10.0,14.0,0.24192189559966773,-0.16849008466583743,
1943,2018-06-11,2018-06-11 04:38:00,2018-06-11 05:05:00,A6.7,POINT(-89 3),10000,2018-06-11 04:44:00,POINT(-89 3),-89.0,3.0,0.052335956242943835,-0.9984774386394599,
1944,2018-06-11,2018-06-11 06:21:00,2018-06-11 07:02:00,A8.3,POINT(-89 3),10000,2018-06-11 06:34:00,POINT(-89 3),-89.0,3.0,0.052335956242943835,-0.9984774386394599,
1992,2018-06-25,2018-06-25 02:31:00,2018-06-25 02:38:00,B2.5,POINT(89 6),12714,2018-06-25 02:35:00,POINT(89 6),89.0,6.0,0.10452846326765347,0.9943704248665338,
1993,2018-06-25,2018-06-25 02:54:00,2018-06-25 03:03:00,B2.0,POINT(89 6),12714,2018-06-25 02:59:00,POINT(89 6),89.0,6.0,0.10452846326765347,0.9943704248665338,
1997,2018-06-27,2018-06-27 17:41:00,2018-06-27 18:11:00,A7.2,POINT(72 11),12714,2018-06-27 17:56:00,POINT(72 11),72.0,11.0,0.1908089953765448,0.9335829293903589,
1998,2018-07-03,2018-07-03 18:21:00,2018-07-03 20:06:00,A2.8,POINT(89 14),10000,2018-07-03 19:07:00,POINT(89 14),89.0,14.0,0.24192189559966773,0.9701479455371518,
1999,2018-07-06,2018-07-06 07:48:00,2018-07-06 11:55:00,A3.7,POINT(-89 2),10000,2018-07-06 09:25:00,POINT(-89 2),-89.0,2.0,0.03489949670250097,-0.9992386149554826,
2000,2018-07-06,2018-07-06 16:14:00,2018-07-06 16:56:00,A9.6,POINT(-89 7),10000,2018-07-06 16:31:00,POINT(-89 7),-89.0,7.0,0.12186934340514748,-0.9923949820549218,
2001,2018-07-06,2018-07-06 18:17:00,2018-07-06 19:09:00,A5.8,POINT(-89 6),10000,2018-07-06 18:30:00,POINT(-89 6),-89.0,6.0,0.10452846326765347,-0.9943704248665338,
2002,2018-07-06,2018-07-06 19:41:00,2018-07-06 20:07:00,C1.6,POINT(-89 7),10000,2018-07-06 20:05:00,POINT(-89 7),-89.0,7.0,0.12186934340514748,-0.9923949820549218,
2003,2018-07-06,2018-07-06 23:23:00,2018-07-07 00:45:00,A7.4,POINT(-89 6),10000,2018-07-06 23:58:00,POINT(-89 6),-89.0,6.0,0.10452846326765347,-0.9943704248665338,
2004,2018-07-07,2018-07-07 01:48:00,2018-07-07 02:20:00,A6.7,POINT(-89 6),10000,2018-07-07 02:02:00,POINT(-89 6),-89.0,6.0,0.10452846326765347,-0.9943704248665338,
2005,2018-07-07,2018-07-07 04:47:00,2018-07-07 05:00:00,B1.2,POINT(-89 5),10000,2018-07-07 04:51:00,POINT(-89 5),-89.0,5.0,0.08715574274765817,-0.9960429728140489,
2006,2018-07-07,2018-07-07 11:59:00,2018-07-07 12:12:00,B1.3,POINT(-89 4),10000,2018-07-07 12:04:00,POINT(-89 4),-89.0,4.0,0.0697564737441253,-0.9974121164231596,
2007,2018-07-07,2018-07-07 21:25:00,2018-07-07 21:30:00,B1.0,POINT(-89 5),10000,2018-07-07 21:27:00,POINT(-89 5),-89.0,5.0,0.08715574274765817,-0.9960429728140489,
2008,2018-07-07,2018-07-07 21:31:00,2018-07-07 21:42:00,B1.0,POINT(-89 4),10000,2018-07-07 21:35:00,POINT(-89 4),-89.0,4.0,0.0697564737441253,-0.9974121164231596,
2009,2018-07-08,2018-07-08 02:46:00,2018-07-08 02:51:00,B1.0,POINT(-25 -46),10000,2018-07-08 02:49:00,POINT(-25 -46),-25.0,-46.0,-0.7193398003386511,-0.29357531302700823,
2010,2018-07-13,2018-07-13 08:40:00,2018-07-13 09:45:00,A8.6,POINT(-19 4),10000,2018-07-13 09:16:00,POINT(-19 4),-19.0,4.0,0.0697564737441253,-0.3247750867958973,
2011,2018-07-15,2018-07-15 08:39:00,2018-07-15 08:54:00,B1.5,POINT(8 7),10000,2018-07-15 08:47:00,POINT(8 7),8.0,7.0,0.12186934340514748,0.13813572576990213,
2012,2018-07-16,2018-07-16 10:54:00,2018-07-16 12:00:00,A6.2,POINT(22 12),10000,2018-07-16 11:12:00,POINT(22 12),22.0,12.0,0.20791169081775934,0.3664205405688386,
2013,2018-07-23,2018-07-23 09:24:00,2018-07-23 11:52:00,A1.9,POINT(89 9),10000,2018-07-23 11:06:00,POINT(89 9),89.0,9.0,0.15643446504023087,0.9875379108768892,
2014,2018-07-28,2018-07-28 01:30:00,2018-07-28 02:10:00,A6.8,POINT(-89 -5),10000,2018-07-28 01:40:00,POINT(-89 -5),-89.0,-5.0,-0.08715574274765817,-0.9960429728140489,
2015,2018-07-28,2018-07-28 13:21:00,2018-07-28 13:52:00,A5.5,POINT(-89 -7),10000,2018-07-28 13:40:00,POINT(-89 -7),-89.0,-7.0,-0.12186934340514748,-0.9923949820549218,
2016,2018-07-29,2018-07-29 21:02:00,2018-07-29 21:38:00,A5.4,POINT(-82 -8),10000,2018-07-29 21:21:00,POINT(-82 -8),-82.0,-8.0,-0.13917310096006544,-0.9806308479691596,
2017,2018-07-29,2018-07-29 21:43:00,2018-07-29 22:10:00,A8.3,POINT(-76 -7),10000,2018-07-29 21:48:00,POINT(-76 -7),-76.0,-7.0,-0.12186934340514748,-0.9630632890692619,
2018,2018-07-29,2018-07-29 21:45:00,2018-07-29 21:53:00,B1.0,POINT(-76 -7),10000,2018-07-29 21:48:00,POINT(-76 -7),-76.0,-7.0,-0.12186934340514748,-0.9630632890692619,
2020,2018-08-03,2018-08-03 15:45:00,2018-08-03 15:47:00,A1.0,POINT(-89 0),10000,2018-08-03 15:46:00,POINT(-89 0),-89.0,0.0,0.0,-0.9998476951563913,
2022,2018-08-10,2018-08-10 12:50:00,2018-08-10 13:15:00,A2.0,POINT(88 -8),10000,2018-08-10 13:09:00,POINT(88 -8),88.0,-8.0,-0.13917310096006544,0.9896648241902408,
2023,2018-08-10,2018-08-10 18:24:00,2018-08-10 19:05:00,A3.6,POINT(88 -6),10000,2018-08-10 18:46:00,POINT(88 -6),88.0,-6.0,-0.10452846326765347,0.9939160595006973,
2024,2018-08-14,2018-08-14 05:00:00,2018-08-14 05:02:00,A1.0,POINT(83 -42),10000,2018-08-14 05:01:00,POINT(83 -42),83.0,-42.0,-0.6691306063588582,0.7376055366397495,
2039,2018-08-25,2018-08-25 07:01:00,2018-08-25 07:06:00,B1.4,POINT(-3 -23),10000,2018-08-25 07:04:00,POINT(-3 -23),-3.0,-23.0,-0.39073112848927377,-0.048175501731704345,
2048,2018-09-05,2018-09-05 03:09:00,2018-09-05 03:24:00,A1.4,POINT(68 -10),10000,2018-09-05 03:17:00,POINT(68 -10),68.0,-10.0,-0.17364817766693033,0.9130978484451158,
2049,2018-09-06,2018-09-06 08:01:00,2018-09-06 08:01:00,A2.0,POINT(-7 2),10000,2018-09-06 08:01:00,POINT(-7 2),-7.0,2.0,0.03489949670250097,-0.12179510389394452,
2051,2018-09-13,2018-09-13 17:56:00,2018-09-13 18:02:00,A1.8,POINT(-86 29),10000,2018-09-13 17:58:00,POINT(-86 29),-86.0,29.0,0.48480962024633706,-0.8724891774910369,
2052,2018-09-16,2018-09-16 04:34:00,2018-09-16 04:36:00,A1.0,POINT(88 -10),10000,2018-09-16 04:35:00,POINT(88 -10),88.0,-10.0,-0.17364817766693033,0.9842078347376879,
2053,2018-09-22,2018-09-22 11:35:00,2018-09-22 13:30:00,A1.1,POINT(-26 -81),10000,2018-09-22 11:55:00,POINT(-26 -81),-26.0,-81.0,-0.9876883405951378,-0.06857635583702187,
2144,2013-01-12,2013-01-12 16:50:00,2013-01-12 17:30:00,C2.4,POINT(-31 12),10000,2013-01-12 17:10:00,POINT(-31 12),-31.0,12.0,0.20791169081775934,-0.5037832572598275,
2146,2013-01-12,2013-01-12 16:53:00,2013-01-12 17:27:00,C2.3,POINT(-31 12),10000,2013-01-12 17:10:00,POINT(-31 12),-31.0,12.0,0.20791169081775934,-0.5037832572598275,
2178,2013-01-14,2013-01-14 17:13:00,2013-01-14 17:29:00,C1.3,POINT(8 3),10000,2013-01-14 17:20:00,POINT(8 3),8.0,3.0,0.052335956242943835,0.13898236906210149,
2188,2013-01-15,2013-01-15 14:48:00,2013-01-15 14:57:00,B7.3,POINT(-89 4),10000,2013-01-15 14:52:00,POINT(-89 4),-89.0,4.0,0.0697564737441253,-0.9974121164231596,
2193,2013-01-16,2013-01-16 18:21:00,2013-01-16 20:05:00,C2.2,POINT(-87 20),10000,2013-01-16 19:23:00,POINT(-87 20),-87.0,20.0,0.3420201433256687,-0.9384048047077379,
2204,2013-01-18,2013-01-18 14:13:00,2013-01-18 14:25:00,B4.6,POINT(-35 14),10000,2013-01-18 14:17:00,POINT(-35 14),-35.0,14.0,0.24192189559966773,-0.5565387648840361,
2205,2013-01-18,2013-01-18 16:50:00,2013-01-18 17:12:00,C5.8,POINT(-29 11),10000,2013-01-18 17:07:00,POINT(-29 11),-29.0,11.0,0.1908089953765448,-0.4759023020307434,
2207,2013-01-18,2013-01-18 22:08:00,2013-01-18 22:24:00,B6.2,POINT(-28 11),10000,2013-01-18 22:12:00,POINT(-28 11),-28.0,11.0,0.1908089953765448,-0.46084604788628714,
2208,2013-01-18,2013-01-18 23:25:00,2013-01-18 23:38:00,B9.4,POINT(-28 11),10000,2013-01-18 23:33:00,POINT(-28 11),-28.0,11.0,0.1908089953765448,-0.46084604788628714,
2227,2013-01-23,2013-01-23 12:00:00,2013-01-23 16:00:00,B2.4,POINT(-35 20),10000,2013-01-23 14:19:00,POINT(-35 20),-35.0,20.0,0.3420201433256687,-0.5389855446957562,
2234,2013-01-28,2013-01-28 10:47:00,2013-01-28 11:07:00,B3.9,POINT(-88 9),10000,2013-01-28 11:02:00,POINT(-88 9),-88.0,9.0,0.15643446504023087,-0.987086667544493,
2235,2013-01-28,2013-01-28 17:27:00,2013-01-28 17:37:00,B3.1,POINT(-88 9),10000,2013-01-28 17:33:00,POINT(-88 9),-88.0,9.0,0.15643446504023087,-0.987086667544493,
2245,2013-01-31,2013-01-31 16:19:00,2013-01-31 17:21:00,B3.0,POINT(-87 22),10000,2013-01-31 16:57:00,POINT(-87 22),-87.0,22.0,0.374606593415912,-0.9259131813179834,
2246,2013-01-31,2013-01-31 22:27:00,2013-01-31 22:41:00,B5.8,POINT(-87 23),10000,2013-01-31 22:34:00,POINT(-87 23),-87.0,23.0,0.39073112848927377,-0.9192433335425377,
2265,2013-02-04,2013-02-04 05:06:00,2013-02-04 05:13:00,B4.7,POINT(-79 5),10000,2013-02-04 05:10:00,POINT(-79 5),-79.0,5.0,0.08715574274765817,-0.9778917956532961,
2266,2013-02-04,2013-02-04 11:22:00,2013-02-04 11:37:00,B3.4,POINT(-76 8),10000,2013-02-04 11:26:00,POINT(-76 8),-76.0,8.0,0.13917310096006544,-0.9608528749675305,
2267,2013-02-04,2013-02-04 14:53:00,2013-02-04 15:03:00,C2.0,POINT(-74 8),10000,2013-02-04 14:59:00,POINT(-74 8),-74.0,8.0,0.13917310096006544,-0.9519067631920857,
2268,2013-02-04,2013-02-04 20:35:00,2013-02-04 20:47:00,C1.9,POINT(-71 7),10000,2013-02-04 20:42:00,POINT(-71 7),-71.0,7.0,0.12186934340514748,-0.9384708235164861,
2273,2013-02-06,2013-02-06 02:22:00,2013-02-06 04:25:00,C1.3,POINT(-34 21),10000,2013-02-06 03:16:00,POINT(-34 21),-34.0,21.0,0.35836794954530027,-0.5220515493164285,
2274,2013-02-06,2013-02-06 02:25:00,2013-02-06 04:15:00,C1.3,POINT(-34 21),10000,2013-02-06 03:15:00,POINT(-34 21),-34.0,21.0,0.35836794954530027,-0.5220515493164285,
2283,2013-02-09,2013-02-09 05:30:00,2013-02-09 07:26:00,C2.4,POINT(7 23),10000,2013-02-09 06:40:00,POINT(7 23),7.0,23.0,0.39073112848927377,0.1121813220915004,
2296,2013-02-13,2013-02-13 18:04:00,2013-02-13 18:21:00,B2.7,POINT(-88 -12),10000,2013-02-13 18:10:00,POINT(-88 -12),-88.0,-12.0,-0.20791169081775934,-0.9775517396441024,
2334,2013-02-20,2013-02-20 13:31:00,2013-02-20 13:37:00,B5.3,POINT(88 10),10000,2013-02-20 13:33:00,POINT(88 10),88.0,10.0,0.17364817766693033,0.9842078347376879,
2357,2013-02-24,2013-02-24 06:07:00,2013-02-24 06:18:00,B5.4,POINT(-87 15),10000,2013-02-24 06:11:00,POINT(-87 15),-87.0,15.0,0.25881904510252074,-0.9646020585144796,
2373,2013-02-26,2013-02-26 18:22:00,2013-02-26 18:33:00,B5.6,POINT(-88 -16),10000,2013-02-26 18:27:00,POINT(-88 -16),-88.0,-16.0,-0.27563735581699916,-0.9606761212855751,
2387,2013-03-02,2013-03-02 13:47:00,2013-03-02 14:22:00,B8.9,POINT(-88 10),10000,2013-03-02 14:05:00,POINT(-88 10),-88.0,10.0,0.17364817766693033,-0.9842078347376879,
2388,2013-03-02,2013-03-02 14:59:00,2013-03-02 15:26:00,C1.9,POINT(-88 8),10000,2013-03-02 15:11:00,POINT(-88 8),-88.0,8.0,0.13917310096006544,-0.9896648241902408,
2389,2013-03-02,2013-03-02 18:36:00,2013-03-02 19:01:00,C1.6,POINT(-88 8),10000,2013-03-02 18:47:00,POINT(-88 8),-88.0,8.0,0.13917310096006544,-0.9896648241902408,
2390,2013-03-03,2013-03-03 00:42:00,2013-03-03 00:50:00,B5.9,POINT(-87 -21),10000,2013-03-03 00:46:00,POINT(-87 -21),-87.0,-21.0,-0.35836794954530027,-0.9323009869688772,
2403,2013-03-07,2013-03-07 01:18:00,2013-03-07 01:46:00,B7.3,POINT(53 18),10000,2013-03-07 01:30:00,POINT(53 18),53.0,18.0,0.3090169943749474,0.7595475059751814,
2406,2013-03-08,2013-03-08 06:42:00,2013-03-08 07:30:00,B6.3,POINT(-7 -82),10000,2013-03-08 07:02:00,POINT(-7 -82),-7.0,-82.0,-0.9902680687415704,-0.01696093443366148,
2408,2013-03-08,2013-03-08 16:36:00,2013-03-08 17:07:00,B6.8,POINT(78 19),10000,2013-03-08 16:57:00,POINT(78 19),78.0,19.0,0.3255681544571567,0.9248567261717171,
2444,2013-03-16,2013-03-16 07:14:00,2013-03-16 07:23:00,C2.0,POINT(-13 -82),10000,2013-03-16 07:18:00,POINT(-13 -82),-13.0,-82.0,-0.9902680687415704,-0.031307135797271894,
2459,2013-03-18,2013-03-18 06:27:00,2013-03-18 06:41:00,C2.1,POINT(-14 -82),10000,2013-03-18 06:32:00,POINT(-14 -82),-14.0,-82.0,-0.9902680687415704,-0.033669020400742974,
2460,2013-03-18,2013-03-18 06:57:00,2013-03-18 07:03:00,C1.5,POINT(-14 -82),10000,2013-03-18 07:00:00,POINT(-14 -82),-14.0,-82.0,-0.9902680687415704,-0.033669020400742974,
2488,2013-03-21,2013-03-21 07:20:00,2013-03-21 07:28:00,B6.7,POINT(-17 -82),10000,2013-03-21 07:23:00,POINT(-17 -82),-17.0,-82.0,-0.9902680687415704,-0.040690276779243896,
2504,2013-03-22,2013-03-22 06:54:00,2013-03-22 07:13:00,C1.2,POINT(-4 -83),10000,2013-03-22 07:02:00,POINT(-4 -83),-4.0,-83.0,-0.992546151641322,-0.008501175653454962,
2524,2013-03-26,2013-03-26 12:18:00,2013-03-26 13:37:00,B2.7,POINT(60 -14),10000,2013-03-26 13:06:00,POINT(60 -14),60.0,-14.0,-0.24192189559966773,0.840300748138485,
2526,2013-03-26,2013-03-26 15:27:00,2013-03-26 16:45:00,B3.5,POINT(-88 8),10000,2013-03-26 15:51:00,POINT(-88 8),-88.0,8.0,0.13917310096006544,-0.9896648241902408,
2529,2013-03-27,2013-03-27 18:37:00,2013-03-27 18:47:00,B2.6,POINT(-88 9),10000,2013-03-27 18:47:00,POINT(-88 9),-88.0,9.0,0.15643446504023087,-0.987086667544493,
2628,2013-04-12,2013-04-12 09:08:00,2013-04-12 09:38:00,C1.7,POINT(-87 -24),10000,2013-04-12 09:25:00,POINT(-87 -24),-87.0,-24.0,-0.4067366430758002,-0.9122934753427847,
2629,2013-04-12,2013-04-12 09:54:00,2013-04-12 10:20:00,C1.8,POINT(-87 -25),10000,2013-04-12 10:03:00,POINT(-87 -25),-87.0,-25.0,-0.42261826174069944,-0.9050657237128571,
2676,2013-04-19,2013-04-19 13:57:00,2013-04-19 14:09:00,B6.1,POINT(-88 -16),10000,2013-04-19 14:04:00,POINT(-88 -16),-88.0,-16.0,-0.27563735581699916,-0.9606761212855751,
2677,2013-04-19,2013-04-19 14:15:00,2013-04-19 14:31:00,B6.9,POINT(-88 -17),10000,2013-04-19 14:21:00,POINT(-88 -17),-88.0,-17.0,-0.29237170472273677,-0.9557222009441926,
2678,2013-04-19,2013-04-19 14:37:00,2013-04-19 14:53:00,C1.1,POINT(-88 -16),10000,2013-04-19 14:44:00,POINT(-88 -16),-88.0,-16.0,-0.27563735581699916,-0.9606761212855751,
2680,2013-04-19,2013-04-19 22:15:00,2013-04-19 22:26:00,C1.0,POINT(-88 -17),10000,2013-04-19 22:21:00,POINT(-88 -17),-88.0,-17.0,-0.29237170472273677,-0.9557222009441926,
2682,2013-04-20,2013-04-20 00:22:00,2013-04-20 00:38:00,C1.5,POINT(-88 -22),10000,2013-04-20 00:33:00,POINT(-88 -22),-88.0,-22.0,-0.374606593415912,-0.9266190392142547,
2816,2013-05-01,2013-05-01 00:59:00,2013-05-01 01:13:00,C1.4,POINT(-36 -21),10000,2013-05-01 01:04:00,POINT(-36 -21),-36.0,-21.0,-0.35836794954530027,-0.5487448065239724,
2835,2013-05-02,2013-05-02 21:50:00,2013-05-02 22:04:00,C2.3,POINT(-35 -16),10000,2013-05-02 21:57:00,POINT(-35 -16),-35.0,-16.0,-0.27563735581699916,-0.5513570579570638,
2836,2013-05-02,2013-05-02 23:03:00,2013-05-02 23:15:00,C1.7,POINT(-33 -14),10000,2013-05-02 23:09:00,POINT(-33 -14),-33.0,-14.0,-0.24192189559966773,-0.5284609280381636,
2866,2013-05-05,2013-05-05 10:36:00,2013-05-05 10:44:00,C1.7,POINT(-89 -18),10000,2013-05-05 10:41:00,POINT(-89 -18),-89.0,-18.0,-0.3090169943749474,-0.9509116657811761,
2867,2013-05-05,2013-05-05 13:43:00,2013-05-05 13:55:00,C1.3,POINT(-84 -18),10000,2013-05-05 13:51:00,POINT(-84 -18),-84.0,-18.0,-0.3090169943749474,-0.9458465291882032,
2875,2013-05-05,2013-05-05 19:28:00,2013-05-05 19:46:00,B9.1,POINT(-82 -18),10000,2013-05-05 19:39:00,POINT(-82 -18),-82.0,-18.0,-0.3090169943749474,-0.9418008996556876,
2893,2013-05-08,2013-05-08 02:48:00,2013-05-08 03:30:00,C1.1,POINT(-89 3),10000,2013-05-08 03:10:00,POINT(-89 3),-89.0,3.0,0.052335956242943835,-0.9984774386394599,
2894,2013-05-08,2013-05-08 06:28:00,2013-05-08 06:39:00,C1.1,POINT(-89 2),10000,2013-05-08 06:39:00,POINT(-89 2),-89.0,2.0,0.03489949670250097,-0.9992386149554826,
2946,2013-05-12,2013-05-12 20:17:00,2013-05-12 20:32:00,M1.9,POINT(-89 10),10000,2013-05-12 20:31:00,POINT(-89 10),-89.0,10.0,0.17364817766693033,-0.9846577620214009,
2947,2013-05-12,2013-05-12 22:37:00,2013-05-12 22:52:00,M1.2,POINT(-89 10),10000,2013-05-12 22:44:00,POINT(-89 10),-89.0,10.0,0.17364817766693033,-0.9846577620214009,
2984,2013-05-18,2013-05-18 08:27:00,2013-05-18 08:49:00,B9.8,POINT(-89 -21),10000,2013-05-18 08:35:00,POINT(-89 -21),-89.0,-21.0,-0.35836794954530027,-0.9334382376763479,
2986,2013-05-18,2013-05-18 20:16:00,2013-05-18 21:55:00,C2.9,POINT(-89 7),10000,2013-05-18 21:18:00,POINT(-89 7),-89.0,7.0,0.12186934340514748,-0.9923949820549218,
2988,2013-05-19,2013-05-19 03:28:00,2013-05-19 04:11:00,C1.5,POINT(-89 9),10000,2013-05-19 03:53:00,POINT(-89 9),-89.0,9.0,0.15643446504023087,-0.9875379108768892,
2995,2013-05-19,2013-05-19 17:06:00,2013-05-19 17:35:00,C4.2,POINT(-89 9),10000,2013-05-19 17:24:00,POINT(-89 9),-89.0,9.0,0.15643446504023087,-0.9875379108768892,
2996,2013-05-19,2013-05-19 17:07:00,2013-05-19 17:50:00,C9.9,POINT(-89 11),10000,2013-05-19 17:50:00,POINT(-89 11),-89.0,11.0,0.1908089953765448,-0.9814776768730069,
3030,2013-05-23,2013-05-23 18:20:00,2013-05-23 18:27:00,C1.8,POINT(-89 -9),10000,2013-05-23 18:27:00,POINT(-89 -9),-89.0,-9.0,-0.15643446504023087,-0.9875379108768892,
3032,2013-05-24,2013-05-24 01:19:00,2013-05-24 01:32:00,C2.5,POINT(-89 -10),10000,2013-05-24 01:24:00,POINT(-89 -10),-89.0,-10.0,-0.17364817766693033,-0.9846577620214009,
3034,2013-05-24,2013-05-24 20:35:00,2013-05-24 20:41:00,C1.0,POINT(-89 -11),10000,2013-05-24 20:39:00,POINT(-89 -11),-89.0,-11.0,-0.1908089953765448,-0.9814776768730069,
3050,2013-05-28,2013-05-28 23:09:00,2013-05-28 23:16:00,B8.2,POINT(-85 11),10000,2013-05-28 23:13:00,POINT(-85 11),-85.0,11.0,0.1908089953765448,-0.9778917956532961,
3132,2013-06-12,2013-06-12 13:42:00,2013-06-12 14:10:00,B2.9,POINT(-89 -19),10000,2013-06-12 13:50:00,POINT(-89 -19),-89.0,-19.0,-0.3255681544571567,-0.945374568540531,
3133,2013-06-12,2013-06-12 19:26:00,2013-06-12 20:24:00,B4.5,POINT(-89 -22),10000,2013-06-12 19:45:00,POINT(-89 -22),-89.0,-22.0,-0.374606593415912,-0.9270426399748211,
3147,2013-06-15,2013-06-15 09:29:00,2013-06-15 09:37:00,B7.1,POINT(-89 -25),10000,2013-06-15 09:33:00,POINT(-89 -25),-89.0,-25.0,-0.42261826174069944,-0.9061697519708839,
3163,2013-06-18,2013-06-18 00:40:00,2013-06-18 03:45:00,C2.4,POINT(-89 -12),10000,2013-06-18 02:07:00,POINT(-89 -12),-89.0,-12.0,-0.20791169081775934,-0.9779986241164497,
3164,2013-06-18,2013-06-18 00:53:00,2013-06-18 03:23:00,C2.4,POINT(-89 -12),10000,2013-06-18 02:07:00,POINT(-89 -12),-89.0,-12.0,-0.20791169081775934,-0.9779986241164497,
3171,2013-06-18,2013-06-18 22:55:00,2013-06-18 23:15:00,C1.6,POINT(-89 -14),10000,2013-06-18 23:04:00,POINT(-89 -14),-89.0,-14.0,-0.24192189559966773,-0.9701479455371518,
3174,2013-06-19,2013-06-19 09:33:00,2013-06-19 10:25:00,C8.4,POINT(-89 -13),10000,2013-06-19 09:54:00,POINT(-89 -13),-89.0,-13.0,-0.224951054343865,-0.9742216635049011,
3178,2013-06-20,2013-06-20 09:13:00,2013-06-20 09:25:00,C1.9,POINT(-89 -15),10000,2013-06-20 09:20:00,POINT(-89 -15),-89.0,-15.0,-0.25881904510252074,-0.9657787111071577,
3193,2013-06-21,2013-06-21 21:00:00,2013-06-21 22:39:00,C2.1,POINT(-88 -27),10000,2013-06-21 22:17:00,POINT(-88 -27),-88.0,-27.0,-0.45399049973954675,-0.8904637470880229,
3194,2013-06-21,2013-06-21 21:23:00,2013-06-21 23:08:00,C2.2,POINT(-88 -27),10000,2013-06-21 22:17:00,POINT(-88 -27),-88.0,-27.0,-0.45399049973954675,-0.8904637470880229,
3206,2013-11-21,2013-11-21 20:44:00,2013-11-21 20:51:00,C1.1,POINT(-89 17),10000,2013-11-21 20:51:00,POINT(-89 17),-89.0,17.0,0.29237170472273677,-0.9561591061167362,
3219,2013-11-26,2013-11-26 18:24:00,2013-11-26 19:14:00,B8.7,POINT(-89 -20),10000,2013-11-26 18:46:00,POINT(-89 -20),-89.0,-20.0,-0.3420201433256687,-0.9395495010482594,
3220,2013-11-26,2013-11-26 23:04:00,2013-11-26 23:11:00,B7.1,POINT(-89 -15),10000,2013-11-26 23:08:00,POINT(-89 -15),-89.0,-15.0,-0.25881904510252074,-0.9657787111071577,
3228,2013-11-28,2013-11-28 16:57:00,2013-11-28 17:12:00,C1.2,POINT(-88 -41),10000,2013-11-28 17:07:00,POINT(-88 -41),-88.0,-41.0,-0.6560590289905073,-0.7542498315380707,
3229,2013-11-28,2013-11-28 19:42:00,2013-11-28 19:54:00,C1.0,POINT(-89 -5),10000,2013-11-28 19:50:00,POINT(-89 -5),-89.0,-5.0,-0.08715574274765817,-0.9960429728140489,
3231,2013-11-29,2013-11-29 09:59:00,2013-11-29 10:09:00,C1.5,POINT(23 -7),10000,2013-11-29 10:06:00,POINT(23 -7),23.0,-7.0,-0.12186934340514748,0.3878186779084996,
3237,2013-12-01,2013-12-01 11:17:00,2013-12-01 11:25:00,C1.4,POINT(-89 -23),10000,2013-12-01 11:21:00,POINT(-89 -23),-89.0,-23.0,-0.39073112848927377,-0.9203646561046942,
3238,2013-12-01,2013-12-01 19:37:00,2013-12-01 20:45:00,B8.7,POINT(30 20),10000,2013-12-01 20:12:00,POINT(30 20),30.0,20.0,0.3420201433256687,0.46984631039295416,
3239,2013-12-01,2013-12-01 21:53:00,2013-12-01 22:09:00,C1.3,POINT(-86 -22),10000,2013-12-01 22:02:00,POINT(-86 -22),-86.0,-22.0,-0.374606593415912,-0.9249252812971602,
3246,2013-12-03,2013-12-03 13:08:00,2013-12-03 13:14:00,B9.2,POINT(-39 -14),10000,2013-12-03 13:12:00,POINT(-39 -14),-39.0,-14.0,-0.24192189559966773,-0.610626885893996,
3247,2013-12-03,2013-12-03 14:30:00,2013-12-03 15:59:00,C1.1,POINT(-89 -9),10000,2013-12-03 14:55:00,POINT(-89 -9),-89.0,-9.0,-0.15643446504023087,-0.9875379108768892,
3250,2013-12-04,2013-12-04 00:19:00,2013-12-04 01:30:00,C7.0,POINT(-89 -10),10000,2013-12-04 00:57:00,POINT(-89 -10),-89.0,-10.0,-0.17364817766693033,-0.9846577620214009,
3251,2013-12-04,2013-12-04 00:20:00,2013-12-04 01:10:00,C6.8,POINT(-89 -10),10000,2013-12-04 00:56:00,POINT(-89 -10),-89.0,-10.0,-0.17364817766693033,-0.9846577620214009,
3253,2013-12-04,2013-12-04 20:14:00,2013-12-04 20:52:00,C6.2,POINT(-89 -11),10000,2013-12-04 20:37:00,POINT(-89 -11),-89.0,-11.0,-0.1908089953765448,-0.9814776768730069,
3257,2013-12-06,2013-12-06 07:33:00,2013-12-06 07:42:00,C2.1,POINT(-89 -16),10000,2013-12-06 07:37:00,POINT(-89 -16),-89.0,-16.0,-0.27563735581699916,-0.961115291126052,
3258,2013-12-06,2013-12-06 09:39:00,2013-12-06 09:46:00,C2.2,POINT(-89 -14),10000,2013-12-06 09:43:00,POINT(-89 -14),-89.0,-14.0,-0.24192189559966773,-0.9701479455371518,
3259,2013-12-06,2013-12-06 17:36:00,2013-12-06 17:46:00,C1.7,POINT(-89 -14),10000,2013-12-06 17:40:00,POINT(-89 -14),-89.0,-14.0,-0.24192189559966773,-0.9701479455371518,
3260,2013-12-06,2013-12-06 23:06:00,2013-12-07 00:09:00,C4.3,POINT(-89 -19),10000,2013-12-06 23:53:00,POINT(-89 -19),-89.0,-19.0,-0.3255681544571567,-0.945374568540531,
3265,2013-12-08,2013-12-08 10:01:00,2013-12-08 10:19:00,C2.2,POINT(-35 -10),10000,2013-12-08 10:09:00,POINT(-35 -10),-35.0,-10.0,-0.17364817766693033,-0.5648625214636234,
3267,2013-12-09,2013-12-09 03:24:00,2013-12-09 03:42:00,C2.1,POINT(-89 8),10000,2013-12-09 03:30:00,POINT(-89 8),-89.0,8.0,0.13917310096006544,-0.9901172461182299,
3279,2013-12-11,2013-12-11 11:46:00,2013-12-11 12:01:00,C1.7,POINT(-89 -9),10000,2013-12-11 11:53:00,POINT(-89 -9),-89.0,-9.0,-0.15643446504023087,-0.9875379108768892,
3283,2013-12-12,2013-12-12 03:11:00,2013-12-12 03:58:00,C4.6,POINT(-89 -9),10000,2013-12-12 03:36:00,POINT(-89 -9),-89.0,-9.0,-0.15643446504023087,-0.9875379108768892,
3300,2013-12-15,2013-12-15 09:08:00,2013-12-15 09:16:00,C2.8,POINT(52 -26),10000,2013-12-15 09:13:00,POINT(52 -26),52.0,-26.0,-0.4383711467890774,0.7082593737614417,
3301,2013-12-15,2013-12-15 10:22:00,2013-12-15 10:31:00,C1.3,POINT(53 -25),10000,2013-12-15 10:28:00,POINT(53 -25),53.0,-25.0,-0.42261826174069944,0.7238095817598482,
3302,2013-12-16,2013-12-16 01:05:00,2013-12-16 01:14:00,C1.5,POINT(-89 -10),10000,2013-12-16 01:10:00,POINT(-89 -10),-89.0,-10.0,-0.17364817766693033,-0.9846577620214009,
3308,2013-12-17,2013-12-17 17:28:00,2013-12-17 17:52:00,C2.0,POINT(-89 -13),10000,2013-12-17 17:33:00,POINT(-89 -13),-89.0,-13.0,-0.224951054343865,-0.9742216635049011,
3310,2013-12-17,2013-12-17 23:25:00,2013-12-17 23:32:00,C4.0,POINT(-89 -17),10000,2013-12-17 23:29:00,POINT(-89 -17),-89.0,-17.0,-0.29237170472273677,-0.9561591061167362,
3313,2013-12-18,2013-12-18 15:07:00,2013-12-18 15:15:00,C1.8,POINT(-40 -10),10000,2013-12-18 15:10:00,POINT(-40 -10),-40.0,-10.0,-0.17364817766693033,-0.633022221559489,
3314,2013-12-18,2013-12-18 22:59:00,2013-12-18 23:06:00,C1.3,POINT(-37 -9),10000,2013-12-18 23:03:00,POINT(-37 -9),-37.0,-9.0,-0.15643446504023087,-0.594405681562271,
3343,2013-12-23,2013-12-23 17:25:00,2013-12-23 17:33:00,C8.4,POINT(-80 -19),10000,2013-12-23 17:28:00,POINT(-80 -19),-80.0,-19.0,-0.3255681544571567,-0.9311540238672668,
3400,2013-12-31,2013-12-31 07:33:00,2013-12-31 07:47:00,C2.2,POINT(-77 9),10000,2013-12-31 07:40:00,POINT(-77 9),-77.0,9.0,0.15643446504023087,-0.9623739524133059,
3401,2013-12-31,2013-12-31 10:23:00,2013-12-31 12:32:00,C8.8,POINT(-89 -9),10000,2013-12-31 11:50:00,POINT(-89 -9),-89.0,-9.0,-0.15643446504023087,-0.9875379108768892,
3402,2013-12-31,2013-12-31 10:30:00,2013-12-31 13:30:00,C8.9,POINT(-89 -9),10000,2013-12-31 11:50:00,POINT(-89 -9),-89.0,-9.0,-0.15643446504023087,-0.9875379108768892,
3442,2015-01-05,2015-01-05 14:52:00,2015-01-05 14:59:00,C3.9,POINT(-89 -17),10000,2015-01-05 14:59:00,POINT(-89 -17),-89.0,-17.0,-0.29237170472273677,-0.9561591061167362,
3443,2015-01-05,2015-01-05 14:52:00,2015-01-05 15:17:00,C3.9,POINT(-89 -17),10000,2015-01-05 14:59:00,POINT(-89 -17),-89.0,-17.0,-0.29237170472273677,-0.9561591061167362,
3447,2015-01-05,2015-01-05 23:07:00,2015-01-05 23:36:00,C4.4,POINT(-89 -17),10000,2015-01-05 23:20:00,POINT(-89 -17),-89.0,-17.0,-0.29237170472273677,-0.9561591061167362,
3450,2015-01-06,2015-01-06 11:40:00,2015-01-06 11:53:00,C9.7,POINT(-89 -17),10000,2015-01-06 11:48:00,POINT(-89 -17),-89.0,-17.0,-0.29237170472273677,-0.9561591061167362,
3451,2015-01-06,2015-01-06 13:25:00,2015-01-06 13:36:00,C1.4,POINT(-17 6),10000,2015-01-06 13:30:00,POINT(-17 6),-17.0,6.0,0.10452846326765347,-0.29077006193290933,
3454,2015-01-06,2015-01-06 21:58:00,2015-01-06 22:11:00,C1.9,POINT(-89 -16),10000,2015-01-06 22:04:00,POINT(-89 -16),-89.0,-16.0,-0.27563735581699916,-0.961115291126052,
3455,2015-01-07,2015-01-07 00:38:00,2015-01-07 01:35:00,C1.2,POINT(-89 -13),10000,2015-01-07 00:58:00,POINT(-89 -13),-89.0,-13.0,-0.224951054343865,-0.9742216635049011,
3457,2015-01-07,2015-01-07 05:59:00,2015-01-07 06:12:00,C1.8,POINT(-89 -16),10000,2015-01-07 06:06:00,POINT(-89 -16),-89.0,-16.0,-0.27563735581699916,-0.961115291126052,
3458,2015-01-07,2015-01-07 09:58:00,2015-01-07 10:16:00,C1.2,POINT(-89 -14),10000,2015-01-07 10:06:00,POINT(-89 -14),-89.0,-14.0,-0.24192189559966773,-0.9701479455371518,
3459,2015-01-07,2015-01-07 10:30:00,2015-01-07 10:40:00,C1.3,POINT(-89 -17),10000,2015-01-07 10:36:00,POINT(-89 -17),-89.0,-17.0,-0.29237170472273677,-0.9561591061167362,
3461,2015-01-07,2015-01-07 14:55:00,2015-01-07 15:07:00,C2.1,POINT(-89 -16),10000,2015-01-07 15:00:00,POINT(-89 -16),-89.0,-16.0,-0.27563735581699916,-0.961115291126052,
3462,2015-01-08,2015-01-08 00:20:00,2015-01-08 00:26:00,C1.6,POINT(-89 -17),10000,2015-01-08 00:24:00,POINT(-89 -17),-89.0,-17.0,-0.29237170472273677,-0.9561591061167362,
3515,2015-01-18,2015-01-18 05:41:00,2015-01-18 06:01:00,C1.0,POINT(-89 7),10000,2015-01-18 05:48:00,POINT(-89 7),-89.0,7.0,0.12186934340514748,-0.9923949820549218,
3517,2015-01-19,2015-01-19 09:02:00,2015-01-19 09:12:00,C1.0,POINT(-89 8),10000,2015-01-19 09:06:00,POINT(-89 8),-89.0,8.0,0.13917310096006544,-0.9901172461182299,
3519,2015-01-19,2015-01-19 13:56:00,2015-01-19 14:06:00,B8.6,POINT(-88 8),10000,2015-01-19 14:00:00,POINT(-88 8),-88.0,8.0,0.13917310096006544,-0.9896648241902408,
3521,2015-01-20,2015-01-20 04:59:00,2015-01-20 05:19:00,C1.0,POINT(-76 8),10000,2015-01-20 05:11:00,POINT(-76 8),-76.0,8.0,0.13917310096006544,-0.9608528749675305,
3523,2015-01-20,2015-01-20 22:57:00,2015-01-20 23:36:00,C2.9,POINT(-89 -12),10000,2015-01-20 23:18:00,POINT(-89 -12),-89.0,-12.0,-0.20791169081775934,-0.9779986241164497,
3524,2015-01-21,2015-01-21 05:03:00,2015-01-21 05:24:00,C1.0,POINT(-89 -12),10000,2015-01-21 05:15:00,POINT(-89 -12),-89.0,-12.0,-0.20791169081775934,-0.9779986241164497,
3525,2015-01-21,2015-01-21 10:35:00,2015-01-21 10:49:00,C4.3,POINT(-89 -12),10000,2015-01-21 10:49:00,POINT(-89 -12),-89.0,-12.0,-0.20791169081775934,-0.9779986241164497,
3526,2015-01-21,2015-01-21 11:32:00,2015-01-21 11:48:00,C9.9,POINT(-89 -11),10000,2015-01-21 11:42:00,POINT(-89 -11),-89.0,-11.0,-0.1908089953765448,-0.9814776768730069,
3527,2015-01-21,2015-01-21 15:24:00,2015-01-21 15:34:00,C5.0,POINT(-89 -11),10000,2015-01-21 15:34:00,POINT(-89 -11),-89.0,-11.0,-0.1908089953765448,-0.9814776768730069,
3528,2015-01-21,2015-01-21 16:17:00,2015-01-21 16:44:00,C5.4,POINT(-89 -11),10000,2015-01-21 16:43:00,POINT(-89 -11),-89.0,-11.0,-0.1908089953765448,-0.9814776768730069,
3529,2015-01-21,2015-01-21 21:35:00,2015-01-21 21:47:00,C1.2,POINT(-89 -11),10000,2015-01-21 21:41:00,POINT(-89 -11),-89.0,-11.0,-0.1908089953765448,-0.9814776768730069,
3530,2015-01-21,2015-01-21 22:21:00,2015-01-21 22:30:00,C5.4,POINT(-89 -10),10000,2015-01-21 22:30:00,POINT(-89 -10),-89.0,-10.0,-0.17364817766693033,-0.9846577620214009,
3531,2015-01-22,2015-01-22 02:13:00,2015-01-22 02:26:00,C1.7,POINT(-89 -11),10000,2015-01-22 02:20:00,POINT(-89 -11),-89.0,-11.0,-0.1908089953765448,-0.9814776768730069,
3532,2015-01-22,2015-01-22 02:47:00,2015-01-22 02:59:00,C1.2,POINT(-89 -11),10000,2015-01-22 02:52:00,POINT(-89 -11),-89.0,-11.0,-0.1908089953765448,-0.9814776768730069,
3533,2015-01-22,2015-01-22 04:00:00,2015-01-22 04:16:00,C1.1,POINT(-89 -10),10000,2015-01-22 04:05:00,POINT(-89 -10),-89.0,-10.0,-0.17364817766693033,-0.9846577620214009,
3534,2015-01-22,2015-01-22 04:43:00,2015-01-22 05:02:00,M1.4,POINT(-89 -11),10000,2015-01-22 04:52:00,POINT(-89 -11),-89.0,-11.0,-0.1908089953765448,-0.9814776768730069,
3535,2015-01-22,2015-01-22 07:50:00,2015-01-22 07:56:00,C1.0,POINT(-89 -11),10000,2015-01-22 07:53:00,POINT(-89 -11),-89.0,-11.0,-0.1908089953765448,-0.9814776768730069,
3537,2015-01-22,2015-01-22 16:16:00,2015-01-22 16:24:00,B8.9,POINT(-84 -11),10000,2015-01-22 16:20:00,POINT(-84 -11),-84.0,-11.0,-0.1908089953765448,-0.9762497270273904,
3538,2015-01-22,2015-01-22 17:16:00,2015-01-22 17:31:00,B9.7,POINT(-85 -11),10000,2015-01-22 17:23:00,POINT(-85 -11),-85.0,-11.0,-0.1908089953765448,-0.9778917956532961,
3550,2015-01-24,2015-01-24 11:55:00,2015-01-24 12:03:00,B7.9,POINT(-61 -6),12268,2015-01-24 12:00:00,POINT(-61 -6),-61.0,-6.0,-0.10452846326765347,-0.869828448870716,
3551,2015-01-24,2015-01-24 16:02:00,2015-01-24 16:13:00,B7.4,POINT(88 12),10000,2015-01-24 16:08:00,POINT(88 12),88.0,12.0,0.20791169081775934,0.9775517396441024,
3552,2015-01-24,2015-01-24 18:22:00,2015-01-24 18:28:00,B7.0,POINT(88 12),10000,2015-01-24 18:25:00,POINT(88 12),88.0,12.0,0.20791169081775934,0.9775517396441024,
3553,2015-01-24,2015-01-24 18:22:00,2015-01-24 18:28:00,B7.0,POINT(-89 -9),10000,2015-01-24 18:23:00,POINT(-89 -9),-89.0,-9.0,-0.15643446504023087,-0.9875379108768892,
3554,2015-01-24,2015-01-24 20:41:00,2015-01-24 20:52:00,C1.2,POINT(88 12),10000,2015-01-24 20:46:00,POINT(88 12),88.0,12.0,0.20791169081775934,0.9775517396441024,
3555,2015-01-25,2015-01-25 01:55:00,2015-01-25 02:06:00,C1.1,POINT(88 10),10000,2015-01-25 02:00:00,POINT(88 10),88.0,10.0,0.17364817766693033,0.9842078347376879,
3556,2015-01-25,2015-01-25 01:55:00,2015-01-25 02:06:00,C1.1,POINT(88 11),10000,2015-01-25 02:01:00,POINT(88 11),88.0,11.0,0.1908089953765448,0.9810292026901866,
3557,2015-01-25,2015-01-25 02:26:00,2015-01-25 02:32:00,C1.1,POINT(88 12),10000,2015-01-25 02:29:00,POINT(88 12),88.0,12.0,0.20791169081775934,0.9775517396441024,
3559,2015-01-25,2015-01-25 11:56:00,2015-01-25 12:21:00,C1.4,POINT(-89 -8),10000,2015-01-25 12:12:00,POINT(-89 -8),-89.0,-8.0,-0.13917310096006544,-0.9901172461182299,
3571,2015-01-27,2015-01-27 07:13:00,2015-01-27 08:27:00,C2.1,POINT(-89 6),10000,2015-01-27 07:33:00,POINT(-89 6),-89.0,6.0,0.10452846326765347,-0.9943704248665338,
3572,2015-01-27,2015-01-27 09:11:00,2015-01-27 09:40:00,C1.9,POINT(-89 6),10000,2015-01-27 09:24:00,POINT(-89 6),-89.0,6.0,0.10452846326765347,-0.9943704248665338,
3573,2015-01-27,2015-01-27 23:52:00,2015-01-28 00:05:00,C5.7,POINT(-52 -9),10000,2015-01-27 23:59:00,POINT(-52 -9),-52.0,-9.0,-0.15643446504023087,-0.7783090336009473,
3574,2015-01-28,2015-01-28 00:55:00,2015-01-28 01:48:00,C4.7,POINT(-89 6),10000,2015-01-28 01:28:00,POINT(-89 6),-89.0,6.0,0.10452846326765347,-0.9943704248665338,
3577,2015-01-28,2015-01-28 10:38:00,2015-01-28 10:46:00,C2.7,POINT(-83 7),10000,2015-01-28 10:43:00,POINT(-83 7),-83.0,7.0,0.12186934340514748,-0.9851478631379982,
3578,2015-01-28,2015-01-28 13:07:00,2015-01-28 13:16:00,C2.5,POINT(-81 10),10000,2015-01-28 13:12:00,POINT(-81 10),-81.0,10.0,0.17364817766693033,-0.972683135377854,
3579,2015-01-28,2015-01-28 18:24:00,2015-01-28 19:06:00,C2.2,POINT(-83 45),10000,2015-01-28 18:35:00,POINT(-83 45),-83.0,45.0,0.7071067811865475,-0.7018361144661901,
3580,2015-01-28,2015-01-28 21:32:00,2015-01-28 21:40:00,M1.0,POINT(-74 7),10000,2015-01-28 21:37:00,POINT(-74 7),-74.0,7.0,0.12186934340514748,-0.954096597023789,
3638,2015-02-07,2015-02-07 13:07:00,2015-02-07 13:43:00,C1.4,POINT(-88 -12),10000,2015-02-07 13:35:00,POINT(-88 -12),-88.0,-12.0,-0.20791169081775934,-0.9775517396441024,
3639,2015-02-07,2015-02-07 17:44:00,2015-02-07 18:04:00,C2.3,POINT(-88 -12),10000,2015-02-07 17:54:00,POINT(-88 -12),-88.0,-12.0,-0.20791169081775934,-0.9775517396441024,
3649,2015-02-10,2015-02-10 03:11:00,2015-02-10 03:51:00,C1.5,POINT(-52 -12),10000,2015-02-10 03:31:00,POINT(-52 -12),-52.0,-12.0,-0.20791169081775934,-0.7707908279928533,
3650,2015-02-10,2015-02-10 13:56:00,2015-02-10 14:19:00,C1.5,POINT(89 4),10000,2015-02-10 14:07:00,POINT(89 4),89.0,4.0,0.0697564737441253,0.9974121164231596,
3674,2015-02-24,2015-02-24 09:54:00,2015-02-24 11:53:00,C1.4,POINT(-87 -21),10000,2015-02-24 10:57:00,POINT(-87 -21),-87.0,-21.0,-0.35836794954530027,-0.9323009869688772,
3675,2015-02-24,2015-02-24 10:00:00,2015-02-24 12:30:00,C1.5,POINT(-87 -21),10000,2015-02-24 10:57:00,POINT(-87 -21),-87.0,-21.0,-0.35836794954530027,-0.9323009869688772,
3676,2015-02-24,2015-02-24 22:19:00,2015-02-24 22:27:00,B7.1,POINT(-65 1),10000,2015-02-24 22:23:00,POINT(-65 1),-65.0,1.0,0.01745240643728351,-0.9061697519708839,
3698,2015-03-05,2015-03-05 08:46:00,2015-03-05 09:47:00,C3.5,POINT(-87 -19),10000,2015-03-05 09:47:00,POINT(-87 -19),-87.0,-19.0,-0.3255681544571567,-0.9442227752525532,
3700,2015-03-05,2015-03-05 17:06:00,2015-03-05 18:11:00,M1.2,POINT(-88 -14),10000,2015-03-05 18:11:00,POINT(-88 -14),-88.0,-14.0,-0.24192189559966773,-0.9697046483360623,
3701,2015-03-05,2015-03-05 22:45:00,2015-03-05 23:06:00,C1.9,POINT(-87 -18),10000,2015-03-05 22:59:00,POINT(-87 -18),-87.0,-18.0,-0.3090169943749474,-0.9497531263931349,
3702,2015-03-06,2015-03-06 21:06:00,2015-03-06 21:16:00,C2.2,POINT(-87 -18),10000,2015-03-06 21:11:00,POINT(-87 -18),-87.0,-18.0,-0.3090169943749474,-0.9497531263931349,
3703,2015-03-06,2015-03-06 21:28:00,2015-03-06 21:32:00,C1.8,POINT(-89 -14),10000,2015-03-06 21:32:00,POINT(-89 -14),-89.0,-14.0,-0.24192189559966773,-0.9701479455371518,
3717,2015-03-11,2015-03-11 07:10:00,2015-03-11 07:43:00,M1.8,POINT(-6 -82),10000,2015-03-11 07:18:00,POINT(-6 -82),-6.0,-82.0,-0.9902680687415704,-0.01454755037154963,
3724,2015-03-12,2015-03-12 02:10:00,2015-03-12 02:25:00,C7.1,POINT(-76 -7),10000,2015-03-12 02:18:00,POINT(-76 -7),-76.0,-7.0,-0.12186934340514748,-0.9630632890692619,
3734,2015-03-12,2015-03-12 19:48:00,2015-03-12 19:53:00,C1.6,POINT(-64 -6),10000,2015-03-12 19:51:00,POINT(-64 -6),-64.0,-6.0,-0.10452846326765347,-0.8938703584711671,
3796,2015-03-21,2015-03-21 00:00:00,2015-03-21 00:07:00,B6.8,POINT(-41 21),10000,2015-03-21 00:04:00,POINT(-41 21),-41.0,21.0,0.35836794954530027,-0.6124838680922978,
3800,2015-03-22,2015-03-22 21:33:00,2015-03-22 21:46:00,C1.1,POINT(-72 6),10000,2015-03-22 21:39:00,POINT(-72 6),-72.0,6.0,0.10452846326765347,-0.9458465291882032,
3801,2015-03-22,2015-03-22 22:12:00,2015-03-22 22:24:00,C1.3,POINT(-72 6),10000,2015-03-22 22:18:00,POINT(-72 6),-72.0,6.0,0.10452846326765347,-0.9458465291882032,
3802,2015-03-23,2015-03-23 08:49:00,2015-03-23 09:20:00,C3.6,POINT(-86 -25),10000,2015-03-23 09:11:00,POINT(-86 -25),-86.0,-25.0,-0.42261826174069944,-0.9041000668182987,
3803,2015-03-23,2015-03-23 20:02:00,2015-03-23 20:11:00,C1.4,POINT(-83 -25),10000,2015-03-23 20:06:00,POINT(-83 -25),-83.0,-25.0,-0.42261826174069944,-0.8995523062257897,
3804,2015-03-23,2015-03-23 23:02:00,2015-03-23 23:15:00,B9.1,POINT(-84 -25),10000,2015-03-23 23:13:00,POINT(-84 -25),-84.0,-25.0,-0.42261826174069944,-0.9013429381507145,
3806,2015-03-24,2015-03-24 05:48:00,2015-03-24 06:01:00,C1.5,POINT(-79 -25),10000,2015-03-24 05:54:00,POINT(-79 -25),-79.0,-25.0,-0.42261826174069944,-0.8896563603254719,
3850,2015-03-31,2015-03-31 08:30:00,2015-03-31 12:20:00,B6.8,POINT(12 -26),10000,2015-03-31 09:56:00,POINT(12 -26),12.0,-26.0,-0.4383711467890774,0.1868697898629953,
3863,2015-04-04,2015-04-04 22:16:00,2015-04-05 01:45:00,C3.8,POINT(-21 -30),10000,2015-04-05 00:07:00,POINT(-21 -30),-21.0,-30.0,-0.49999999999999994,-0.31035574820837003,
3865,2015-04-05,2015-04-05 03:08:00,2015-04-05 03:57:00,C1.9,POINT(-10 -27),10000,2015-04-05 03:36:00,POINT(-10 -27),-10.0,-27.0,-0.45399049973954675,-0.15472165921465578,
3870,2015-04-09,2015-04-09 08:35:00,2015-04-09 08:41:00,B4.8,POINT(-46 11),10000,2015-04-09 08:39:00,POINT(-46 11),-46.0,11.0,0.1908089953765448,-0.706123502148235,
3872,2015-04-09,2015-04-09 10:57:00,2015-04-09 11:05:00,B7.1,POINT(-2 -21),10000,2015-04-09 11:02:00,POINT(-2 -21),-2.0,-21.0,-0.35836794954530027,-0.03258148701605854,
3887,2015-04-11,2015-04-11 02:29:00,2015-04-11 02:41:00,C4.7,POINT(-81 13),10000,2015-04-11 02:41:00,POINT(-81 13),-81.0,13.0,0.224951054343865,-0.9623739524133059,
3889,2015-04-11,2015-04-11 15:46:00,2015-04-11 15:54:00,B9.4,POINT(-72 13),10000,2015-04-11 15:50:00,POINT(-72 13),-72.0,13.0,0.224951054343865,-0.9266809993969289,
3890,2015-04-11,2015-04-11 16:18:00,2015-04-11 16:37:00,C1.4,POINT(-74 13),10000,2015-04-11 16:26:00,POINT(-74 13),-74.0,13.0,0.224951054343865,-0.9366246209469848,
3892,2015-04-11,2015-04-11 20:14:00,2015-04-11 21:50:00,C1.8,POINT(-80 10),10000,2015-04-11 21:00:00,POINT(-80 10),-80.0,10.0,0.17364817766693033,-0.9698463103929541,
3949,2015-04-21,2015-04-21 10:17:00,2015-04-21 10:59:00,M2.2,POINT(-80 16),10000,2015-04-21 10:40:00,POINT(-80 16),-80.0,16.0,0.27563735581699916,-0.9466579708337202,
3982,2015-04-24,2015-04-24 20:04:00,2015-04-24 20:37:00,C1.6,POINT(-27 8),10000,2015-04-24 20:23:00,POINT(-27 8),-27.0,8.0,0.13917310096006544,-0.4495722954041014,
3983,2015-04-24,2015-04-24 21:25:00,2015-04-24 22:05:00,C1.5,POINT(-22 10),10000,2015-04-24 21:45:00,POINT(-22 10),-22.0,10.0,0.17364817766693033,-0.3689154775254821,
3996,2015-04-29,2015-04-29 16:20:00,2015-04-29 16:52:00,C1.0,POINT(42 9),10000,2015-04-29 16:34:00,POINT(42 9),42.0,9.0,0.15643446504023087,0.660892498235999,
3997,2015-04-29,2015-04-29 20:22:00,2015-04-29 20:32:00,B7.0,POINT(-82 -14),10000,2015-04-29 20:28:00,POINT(-82 -14),-82.0,-14.0,-0.24192189559966773,-0.9608528749675305,
3998,2015-04-30,2015-04-30 12:28:00,2015-04-30 14:40:00,B6.1,POINT(54 4),10000,2015-04-30 13:47:00,POINT(54 4),54.0,4.0,0.0697564737441253,0.807046269637702,
4024,2015-05-04,2015-05-04 10:23:00,2015-05-04 10:38:00,C2.0,POINT(-80 12),10000,2015-05-04 10:32:00,POINT(-80 12),-80.0,12.0,0.20791169081775934,-0.9632873407929415,
4025,2015-05-04,2015-05-04 16:57:00,2015-05-04 17:12:00,C5.1,POINT(-80 13),10000,2015-05-04 17:05:00,POINT(-80 13),-80.0,13.0,0.224951054343865,-0.9595671941035071,
4026,2015-05-04,2015-05-04 22:40:00,2015-05-04 22:53:00,C1.7,POINT(43 -21),10000,2015-05-04 22:50:00,POINT(43 -21),43.0,-21.0,-0.35836794954530027,0.6367003198575395,
4028,2015-05-05,2015-05-05 03:00:00,2015-05-05 03:05:00,C2.5,POINT(-81 13),10000,2015-05-05 03:03:00,POINT(-81 13),-81.0,13.0,0.224951054343865,-0.9623739524133059,
4031,2015-05-05,2015-05-05 04:38:00,2015-05-05 04:52:00,C2.6,POINT(-82 11),10000,2015-05-05 04:47:00,POINT(-82 11),-82.0,11.0,0.1908089953765448,-0.9720740551769455,
4032,2015-05-05,2015-05-05 05:02:00,2015-05-05 05:09:00,C2.6,POINT(-78 14),10000,2015-05-05 05:06:00,POINT(-78 14),-78.0,14.0,0.24192189559966773,-0.9490924366591313,
4034,2015-05-05,2015-05-05 07:57:00,2015-05-05 08:05:00,C4.3,POINT(-82 14),10000,2015-05-05 08:02:00,POINT(-82 14),-82.0,14.0,0.24192189559966773,-0.9608528749675305,
4035,2015-05-05,2015-05-05 08:20:00,2015-05-05 08:37:00,C3.7,POINT(-81 12),10000,2015-05-05 08:23:00,POINT(-81 12),-81.0,12.0,0.20791169081775934,-0.9661049806258879,
4036,2015-05-05,2015-05-05 09:11:00,2015-05-05 09:30:00,C3.7,POINT(-81 12),10000,2015-05-05 09:19:00,POINT(-81 12),-81.0,12.0,0.20791169081775934,-0.9661049806258879,
4037,2015-05-05,2015-05-05 09:11:00,2015-05-05 09:30:00,C3.7,POINT(-81 12),10000,2015-05-05 09:20:00,POINT(-81 12),-81.0,12.0,0.20791169081775934,-0.9661049806258879,
4038,2015-05-05,2015-05-05 09:42:00,2015-05-05 09:51:00,M1.9,POINT(-81 14),10000,2015-05-05 09:47:00,POINT(-81 14),-81.0,14.0,0.24192189559966773,-0.958349775772093,
4041,2015-05-05,2015-05-05 13:45:00,2015-05-05 13:56:00,M1.2,POINT(-82 14),10000,2015-05-05 13:53:00,POINT(-82 14),-82.0,14.0,0.24192189559966773,-0.9608528749675305,
4046,2015-05-05,2015-05-05 20:53:00,2015-05-05 21:02:00,C1.9,POINT(-76 14),10000,2015-05-05 20:56:00,POINT(-76 14),-76.0,14.0,0.24192189559966773,-0.9414737964294635,
4047,2015-05-05,2015-05-05 21:12:00,2015-05-05 21:21:00,C1.7,POINT(-77 11),10000,2015-05-05 21:16:00,POINT(-77 11),-77.0,11.0,0.1908089953765448,-0.9564681423308483,
4071,2015-05-08,2015-05-08 08:00:00,2015-05-08 08:13:00,C1.5,POINT(-79 16),10000,2015-05-08 08:07:00,POINT(-79 16),-79.0,16.0,0.27563735581699916,-0.9436006111400568,
4077,2015-05-09,2015-05-09 01:12:00,2015-05-09 02:21:00,C7.4,POINT(-81 16),10000,2015-05-09 01:34:00,POINT(-81 16),-81.0,16.0,0.27563735581699916,-0.9494269693389861,
4080,2015-05-09,2015-05-09 16:32:00,2015-05-09 16:37:00,C1.0,POINT(-68 18),10000,2015-05-09 16:34:00,POINT(-68 18),-68.0,18.0,0.3090169943749474,-0.8818042466894012,
4119,2015-05-15,2015-05-15 06:44:00,2015-05-15 06:53:00,C1.8,POINT(-84 -22),10000,2015-05-15 06:50:00,POINT(-84 -22),-84.0,-22.0,-0.374606593415912,-0.9221046443986228,
4128,2015-05-18,2015-05-18 07:27:00,2015-05-18 08:08:00,C1.0,POINT(-45 -24),10000,2015-05-18 07:53:00,POINT(-45 -24),-45.0,-24.0,-0.4067366430758002,-0.645974188021251,
4135,2015-05-19,2015-05-19 10:59:00,2015-05-19 11:06:00,B7.3,POINT(-55 22),10000,2015-05-19 11:02:00,POINT(-55 22),-55.0,22.0,0.374606593415912,-0.7595045499001312,
4137,2015-05-19,2015-05-19 11:54:00,2015-05-19 12:02:00,C2.3,POINT(-55 22),10000,2015-05-19 11:59:00,POINT(-55 22),-55.0,22.0,0.374606593415912,-0.7595045499001312,
4172,2015-05-26,2015-05-26 05:43:00,2015-05-26 06:06:00,B3.8,POINT(34 23),10000,2015-05-26 05:55:00,POINT(34 23),34.0,23.0,0.39073112848927377,0.5147397816609846,
4173,2015-05-26,2015-05-26 06:16:00,2015-05-26 06:27:00,B4.0,POINT(37 22),10000,2015-05-26 06:20:00,POINT(37 22),37.0,22.0,0.374606593415912,0.5579931729023165,
4175,2015-05-26,2015-05-26 11:44:00,2015-05-26 12:02:00,B5.2,POINT(38 23),10000,2015-05-26 11:49:00,POINT(38 23),38.0,23.0,0.39073112848927377,0.5667193761209584,
4180,2015-05-27,2015-05-27 10:38:00,2015-05-27 10:47:00,B4.0,POINT(50 23),10000,2015-05-27 10:42:00,POINT(50 23),50.0,23.0,0.39073112848927377,0.7051476278512911,
4181,2015-05-27,2015-05-27 12:12:00,2015-05-27 13:20:00,B4.4,POINT(-82 10),10000,2015-05-27 12:45:00,POINT(-82 10),-82.0,10.0,0.17364817766693033,-0.9752236716571246,
4182,2015-05-27,2015-05-27 21:22:00,2015-05-27 21:37:00,C1.3,POINT(-83 -18),10000,2015-05-27 21:31:00,POINT(-83 -18),-83.0,-18.0,-0.3090169943749474,-0.9439674852421569,
4183,2015-05-28,2015-05-28 01:51:00,2015-05-28 02:01:00,B3.4,POINT(59 23),10000,2015-05-28 01:56:00,POINT(59 23),59.0,23.0,0.39073112848927377,0.7890266605170219,
4188,2015-05-30,2015-05-30 21:55:00,2015-05-30 22:12:00,B6.5,POINT(-81 -3),10000,2015-05-30 22:03:00,POINT(-81 -3),-81.0,-3.0,-0.052335956242943835,-0.9863347480510395,
4190,2015-05-31,2015-05-31 08:05:00,2015-05-31 08:18:00,B3.9,POINT(-66 -5),10000,2015-05-31 08:11:00,POINT(-66 -5),-66.0,-5.0,-0.08715574274765817,-0.9100691413693562,
4191,2015-05-31,2015-05-31 08:50:00,2015-05-31 09:06:00,B3.7,POINT(-8 13),10000,2015-05-31 09:00:00,POINT(-8 13),-8.0,13.0,0.224951054343865,-0.13560610339882104,
4196,2015-06-02,2015-06-02 06:49:00,2015-06-02 07:19:00,C1.9,POINT(-89 15),10000,2015-06-02 07:02:00,POINT(-89 15),-89.0,15.0,0.25881904510252074,-0.9657787111071577,
4198,2015-06-02,2015-06-02 12:14:00,2015-06-02 12:22:00,B7.6,POINT(-75 10),10000,2015-06-02 12:19:00,POINT(-75 10),-75.0,10.0,0.17364817766693033,-0.9512512425641977,
4202,2015-06-04,2015-06-04 09:36:00,2015-06-04 09:56:00,C8.1,POINT(-75 15),10000,2015-06-04 09:47:00,POINT(-75 15),-75.0,15.0,0.25881904510252074,-0.9330127018922194,
4214,2015-06-06,2015-06-06 06:40:00,2015-06-06 07:42:00,C1.0,POINT(-80 -15),10000,2015-06-06 07:12:00,POINT(-80 -15),-80.0,-15.0,-0.25881904510252074,-0.9512512425641977,
4215,2015-06-06,2015-06-06 19:13:00,2015-06-06 19:27:00,B5.7,POINT(-67 -5),10000,2015-06-06 19:22:00,POINT(-67 -5),-67.0,-5.0,-0.08715574274765817,-0.9170020545770403,
4232,2015-06-10,2015-06-10 02:14:00,2015-06-10 02:38:00,C6.0,POINT(-89 -21),10000,2015-06-10 02:26:00,POINT(-89 -21),-89.0,-21.0,-0.35836794954530027,-0.9334382376763479,
4234,2015-06-10,2015-06-10 12:32:00,2015-06-10 13:23:00,C3.3,POINT(-81 -18),10000,2015-06-10 13:05:00,POINT(-81 -18),-81.0,-18.0,-0.3090169943749474,-0.9393474323917528,
4236,2015-06-10,2015-06-10 18:01:00,2015-06-10 18:18:00,C2.2,POINT(-81 -19),10000,2015-06-10 18:08:00,POINT(-81 -19),-81.0,-19.0,-0.3255681544571567,-0.9338776729355676,
4239,2015-06-11,2015-06-11 00:59:00,2015-06-11 01:18:00,C1.2,POINT(-82 -19),10000,2015-06-11 01:18:00,POINT(-82 -19),-82.0,-19.0,-0.3255681544571567,-0.936316853818016,
4242,2015-06-11,2015-06-11 05:28:00,2015-06-11 05:36:00,C1.1,POINT(-82 -19),10000,2015-06-11 05:32:00,POINT(-82 -19),-82.0,-19.0,-0.3255681544571567,-0.936316853818016,
4243,2015-06-11,2015-06-11 05:48:00,2015-06-11 06:04:00,C1.6,POINT(-81 -18),10000,2015-06-11 05:58:00,POINT(-81 -18),-81.0,-18.0,-0.3090169943749474,-0.9393474323917528,
4244,2015-06-11,2015-06-11 06:13:00,2015-06-11 06:32:00,C1.3,POINT(-83 -19),10000,2015-06-11 06:24:00,POINT(-83 -19),-83.0,-19.0,-0.3255681544571567,-0.9384708235164863,
4245,2015-06-11,2015-06-11 06:45:00,2015-06-11 06:58:00,C1.1,POINT(-82 -19),10000,2015-06-11 06:53:00,POINT(-82 -19),-82.0,-19.0,-0.3255681544571567,-0.936316853818016,
4247,2015-06-11,2015-06-11 08:28:00,2015-06-11 08:44:00,C2.4,POINT(-83 -20),10000,2015-06-11 08:41:00,POINT(-83 -20),-83.0,-20.0,-0.3420201433256687,-0.9326882944868016,
4248,2015-06-11,2015-06-11 08:49:00,2015-06-11 08:59:00,M1.0,POINT(-83 -19),10000,2015-06-11 08:55:00,POINT(-83 -19),-83.0,-19.0,-0.3255681544571567,-0.9384708235164863,
4249,2015-06-11,2015-06-11 11:25:00,2015-06-11 11:50:00,C3.8,POINT(-82 -20),10000,2015-06-11 11:32:00,POINT(-82 -20),-82.0,-20.0,-0.3420201433256687,-0.9305475967963663,
4250,2015-06-11,2015-06-11 11:56:00,2015-06-11 12:04:00,C4.5,POINT(-82 -20),10000,2015-06-11 12:01:00,POINT(-82 -20),-82.0,-20.0,-0.3420201433256687,-0.9305475967963663,
4251,2015-06-11,2015-06-11 14:30:00,2015-06-11 14:41:00,C8.7,POINT(-82 -20),10000,2015-06-11 14:37:00,POINT(-82 -20),-82.0,-20.0,-0.3420201433256687,-0.9305475967963663,
4252,2015-06-11,2015-06-11 15:12:00,2015-06-11 15:23:00,C7.0,POINT(-84 -20),10000,2015-06-11 15:19:00,POINT(-84 -20),-84.0,-20.0,-0.3420201433256687,-0.9345448862875817,
4253,2015-06-11,2015-06-11 15:55:00,2015-06-11 16:04:00,C1.3,POINT(-79 -19),10000,2015-06-11 15:59:00,POINT(-79 -19),-79.0,-19.0,-0.3255681544571567,-0.9281467362630046,
4254,2015-06-11,2015-06-11 17:18:00,2015-06-11 17:30:00,C4.5,POINT(-82 -20),10000,2015-06-11 17:26:00,POINT(-82 -20),-82.0,-20.0,-0.3420201433256687,-0.9305475967963663,
4255,2015-06-11,2015-06-11 17:57:00,2015-06-11 18:03:00,C1.7,POINT(-81 -20),10000,2015-06-11 18:00:00,POINT(-81 -20),-81.0,-20.0,-0.3420201433256687,-0.92812344529353,
4288,2015-06-14,2015-06-14 20:29:00,2015-06-14 20:58:00,C1.2,POINT(-26 18),10000,2015-06-14 20:52:00,POINT(-26 18),-26.0,18.0,0.3090169943749474,-0.41691573570953133,
4292,2015-06-15,2015-06-15 10:23:00,2015-06-15 10:37:00,C2.5,POINT(-81 12),10000,2015-06-15 10:32:00,POINT(-81 12),-81.0,12.0,0.20791169081775934,-0.9661049806258879,
4296,2015-06-16,2015-06-16 02:15:00,2015-06-16 04:40:00,C2.7,POINT(-82 10),10000,2015-06-16 04:06:00,POINT(-82 10),-82.0,10.0,0.17364817766693033,-0.9752236716571246,
4299,2015-06-16,2015-06-16 03:58:00,2015-06-16 04:12:00,C2.7,POINT(-82 14),10000,2015-06-16 04:06:00,POINT(-82 14),-82.0,14.0,0.24192189559966773,-0.9608528749675305,
4300,2015-06-16,2015-06-16 19:36:00,2015-06-16 20:03:00,C1.3,POINT(-75 12),10000,2015-06-16 19:49:00,POINT(-75 12),-75.0,12.0,0.20791169081775934,-0.944818029471471,
4301,2015-06-16,2015-06-16 20:11:00,2015-06-16 20:21:00,C1.9,POINT(-73 11),10000,2015-06-16 20:16:00,POINT(-73 11),-73.0,11.0,0.1908089953765448,-0.9387347441136001,
4302,2015-06-16,2015-06-16 20:24:00,2015-06-16 20:48:00,C1.7,POINT(-79 11),10000,2015-06-16 20:32:00,POINT(-79 11),-79.0,11.0,0.1908089953765448,-0.9635919272833937,
4378,2015-06-28,2015-06-28 08:12:00,2015-06-28 08:17:00,B5.8,POINT(-89 11),10000,2015-06-28 08:14:00,POINT(-89 11),-89.0,11.0,0.1908089953765448,-0.9814776768730069,
4379,2015-06-28,2015-06-28 15:04:00,2015-06-28 15:11:00,B6.8,POINT(-79 15),10000,2015-06-28 15:08:00,POINT(-79 15),-79.0,15.0,0.25881904510252074,-0.9481790482794956,
4380,2015-06-28,2015-06-28 17:07:00,2015-06-28 17:18:00,C1.9,POINT(-81 15),10000,2015-06-28 17:14:00,POINT(-81 15),-81.0,15.0,0.25881904510252074,-0.9540336765054371,
4393,2015-06-30,2015-06-30 21:48:00,2015-06-30 22:24:00,C1.0,POINT(-64 13),10000,2015-06-30 22:11:00,POINT(-64 13),-64.0,13.0,0.224951054343865,-0.8757580131211031,
4395,2015-07-01,2015-07-01 22:42:00,2015-07-01 22:51:00,C1.4,POINT(-81 -17),10000,2015-07-01 22:51:00,POINT(-81 -17),-81.0,-17.0,-0.29237170472273677,-0.9445310575203687,
4440,2015-07-08,2015-07-08 11:00:00,2015-07-08 11:10:00,C1.0,POINT(-80 -22),10000,2015-07-08 11:06:00,POINT(-80 -22),-80.0,-22.0,-0.374606593415912,-0.9130978484451158,
4444,2015-07-10,2015-07-10 16:07:00,2015-07-10 16:19:00,C1.1,POINT(50 6),10000,2015-07-10 16:13:00,POINT(50 6),50.0,6.0,0.10452846326765347,0.7618479715070194,
4450,2015-07-13,2015-07-13 23:45:00,2015-07-13 23:50:00,B6.3,POINT(12 19),10000,2015-07-13 23:48:00,POINT(12 19),12.0,19.0,0.3255681544571567,0.1965843657524534,
4454,2015-07-14,2015-07-14 12:03:00,2015-07-14 12:10:00,C1.2,POINT(-81 13),10000,2015-07-14 12:10:00,POINT(-81 13),-81.0,13.0,0.224951054343865,-0.9623739524133059,
4455,2015-07-14,2015-07-14 15:44:00,2015-07-14 16:12:00,B8.1,POINT(21 11),10000,2015-07-14 16:00:00,POINT(21 11),21.0,11.0,0.1908089953765448,0.35178372095006766,
4462,2015-07-20,2015-07-20 02:09:00,2015-07-20 02:26:00,B5.3,POINT(3 10),10000,2015-07-20 02:18:00,POINT(3 10),3.0,10.0,0.17364817766693033,0.05154085546935876,
4464,2015-07-20,2015-07-20 04:32:00,2015-07-20 05:05:00,B6.4,POINT(5 9),10000,2015-07-20 04:52:00,POINT(5 9),5.0,9.0,0.15643446504023087,0.08608271092777121,
4465,2015-07-20,2015-07-20 04:33:00,2015-07-20 05:37:00,B6.5,POINT(5 9),10000,2015-07-20 04:52:00,POINT(5 9),5.0,9.0,0.15643446504023087,0.08608271092777121,
4469,2015-07-24,2015-07-24 03:07:00,2015-07-24 03:15:00,C1.0,POINT(-78 -12),10000,2015-07-24 03:12:00,POINT(-78 -12),-78.0,-12.0,-0.20791169081775934,-0.9567727288213005,
4470,2015-07-24,2015-07-24 03:42:00,2015-07-24 03:51:00,B4.0,POINT(-79 -12),10000,2015-07-24 03:48:00,POINT(-79 -12),-79.0,-12.0,-0.20791169081775934,-0.9601762743044159,
4471,2015-07-24,2015-07-24 05:02:00,2015-07-24 05:38:00,B4.9,POINT(-73 -12),10000,2015-07-24 05:17:00,POINT(-73 -12),-73.0,-12.0,-0.20791169081775934,-0.9354072026155706,
4472,2015-07-24,2015-07-24 08:05:00,2015-07-24 08:47:00,B5.2,POINT(-76 -11),10000,2015-07-24 08:23:00,POINT(-76 -11),-76.0,-11.0,-0.1908089953765448,-0.952468660895612,
4473,2015-07-24,2015-07-24 09:47:00,2015-07-24 09:56:00,B4.6,POINT(-73 -12),10000,2015-07-24 09:52:00,POINT(-73 -12),-73.0,-12.0,-0.20791169081775934,-0.9354072026155706,
4475,2015-07-24,2015-07-24 14:35:00,2015-07-24 14:49:00,C2.0,POINT(-67 -13),10000,2015-07-24 14:44:00,POINT(-67 -13),-67.0,-13.0,-0.224951054343865,-0.8969123736935778,
4476,2015-07-24,2015-07-24 17:49:00,2015-07-24 18:00:00,C2.6,POINT(-66 -12),10000,2015-07-24 17:55:00,POINT(-66 -12),-66.0,-12.0,-0.20791169081775934,-0.8935822975543766,
4477,2015-07-24,2015-07-24 20:45:00,2015-07-24 20:57:00,B4.6,POINT(-65 -11),10000,2015-07-24 20:49:00,POINT(-65 -11),-65.0,-11.0,-0.1908089953765448,-0.8896563603254719,
4496,2015-08-01,2015-08-01 21:00:00,2015-08-01 21:09:00,B4.3,POINT(-75 -19),10000,2015-08-01 21:03:00,POINT(-75 -19),-75.0,-19.0,-0.3255681544571567,-0.913300811407433,
4500,2015-08-02,2015-08-02 10:00:00,2015-08-02 10:05:00,B3.9,POINT(-83 10),10000,2015-08-02 10:03:00,POINT(-83 10),-83.0,10.0,0.17364817766693033,-0.9774671453588046,
4502,2015-08-02,2015-08-02 11:55:00,2015-08-02 12:03:00,B4.0,POINT(-84 10),10000,2015-08-02 11:59:00,POINT(-84 10),-84.0,10.0,0.17364817766693033,-0.9794128730990714,
4503,2015-08-02,2015-08-02 21:20:00,2015-08-02 23:34:00,B7.9,POINT(-82 9),10000,2015-08-02 22:43:00,POINT(-82 9),-82.0,9.0,0.15643446504023087,-0.9780762255597134,
4512,2015-08-06,2015-08-06 08:28:00,2015-08-06 08:30:00,B5.0,POINT(82 14),10000,2015-08-06 08:29:00,POINT(82 14),82.0,14.0,0.24192189559966773,0.9608528749675305,
4535,2015-08-08,2015-08-08 15:09:00,2015-08-08 15:23:00,B7.5,POINT(-56 -7),10000,2015-08-08 15:15:00,POINT(-56 -7),-56.0,-7.0,-0.12186934340514748,-0.82285805220557,
4549,2015-08-12,2015-08-12 14:26:00,2015-08-12 16:47:00,B7.0,POINT(27 -27),10000,2015-08-12 15:26:00,POINT(27 -27),27.0,-27.0,-0.45399049973954675,0.40450849718747367,
4553,2015-08-13,2015-08-13 13:39:00,2015-08-13 13:57:00,B2.9,POINT(-59 -11),10000,2015-08-13 13:53:00,POINT(-59 -11),-59.0,-11.0,-0.1908089953765448,-0.8414187231316513,
4554,2015-08-13,2015-08-13 17:24:00,2015-08-13 17:32:00,B4.1,POINT(-55 -10),10000,2015-08-13 17:27:00,POINT(-55 -10),-55.0,-10.0,-0.17364817766693033,-0.8067072841115988,
4555,2015-08-13,2015-08-13 17:51:00,2015-08-13 18:10:00,B4.3,POINT(-56 -10),10000,2015-08-13 18:03:00,POINT(-56 -10),-56.0,-10.0,-0.17364817766693033,-0.816442628990626,
4571,2015-08-16,2015-08-16 22:59:00,2015-08-16 23:08:00,B3.9,POINT(-62 6),10000,2015-08-16 23:05:00,POINT(-62 6),-62.0,6.0,0.10452846326765347,-0.8781107135609144,
4573,2015-08-17,2015-08-17 08:41:00,2015-08-17 08:50:00,B2.8,POINT(-83 -13),10000,2015-08-17 08:45:00,POINT(-83 -13),-83.0,-13.0,-0.224951054343865,-0.9671072580770909,
4577,2015-08-18,2015-08-18 00:01:00,2015-08-18 00:36:00,B2.9,POINT(-79 -30),10000,2015-08-18 00:22:00,POINT(-79 -30),-79.0,-30.0,-0.49999999999999994,-0.8501140779110444,
4578,2015-08-18,2015-08-18 14:53:00,2015-08-18 15:34:00,B4.3,POINT(-60 -17),10000,2015-08-18 15:12:00,POINT(-60 -17),-60.0,-17.0,-0.29237170472273677,-0.8281842124238668,
4675,2015-08-28,2015-08-28 00:29:00,2015-08-28 00:46:00,C1.2,POINT(61 -14),10000,2015-08-28 00:37:00,POINT(61 -14),61.0,-14.0,-0.24192189559966773,0.8486397639541193,
4676,2015-08-28,2015-08-28 02:42:00,2015-08-28 03:06:00,C8.0,POINT(61 -14),10000,2015-08-28 02:51:00,POINT(61 -14),61.0,-14.0,-0.24192189559966773,0.8486397639541193,
4677,2015-08-28,2015-08-28 06:17:00,2015-08-28 06:28:00,C4.5,POINT(72 -16),10000,2015-08-28 06:28:00,POINT(72 -16),72.0,-16.0,-0.27563735581699916,0.9142141997870687,
4678,2015-08-28,2015-08-28 08:13:00,2015-08-28 08:31:00,C3.7,POINT(65 -14),10000,2015-08-28 08:19:00,POINT(65 -14),65.0,-14.0,-0.24192189559966773,0.8793865724523174,
4679,2015-08-28,2015-08-28 09:52:00,2015-08-28 10:04:00,C1.3,POINT(65 -14),10000,2015-08-28 09:58:00,POINT(65 -14),65.0,-14.0,-0.24192189559966773,0.8793865724523174,
4680,2015-08-28,2015-08-28 11:22:00,2015-08-28 11:54:00,C5.3,POINT(67 -14),10000,2015-08-28 11:44:00,POINT(67 -14),67.0,-14.0,-0.24192189559966773,0.8931619253212153,
4681,2015-08-28,2015-08-28 12:44:00,2015-08-28 12:55:00,C2.6,POINT(67 -14),10000,2015-08-28 12:53:00,POINT(67 -14),67.0,-14.0,-0.24192189559966773,0.8931619253212153,
4682,2015-08-28,2015-08-28 13:04:00,2015-08-28 13:23:00,M2.2,POINT(66 -14),10000,2015-08-28 13:16:00,POINT(66 -14),66.0,-14.0,-0.24192189559966773,0.886409253309465,
4683,2015-08-28,2015-08-28 15:35:00,2015-08-28 15:43:00,C1.2,POINT(64 -12),10000,2015-08-28 15:39:00,POINT(64 -12),64.0,-12.0,-0.20791169081775934,0.8791532399413593,
4684,2015-08-28,2015-08-28 15:50:00,2015-08-28 15:55:00,C1.5,POINT(69 -14),10000,2015-08-28 15:53:00,POINT(69 -14),69.0,-14.0,-0.24192189559966773,0.9058490979651569,
4685,2015-08-28,2015-08-28 17:15:00,2015-08-28 17:21:00,B9.5,POINT(70 -14),10000,2015-08-28 17:19:00,POINT(70 -14),70.0,-14.0,-0.24192189559966773,0.9117797339616575,
4686,2015-08-28,2015-08-28 17:34:00,2015-08-28 17:42:00,C2.0,POINT(70 -14),10000,2015-08-28 17:38:00,POINT(70 -14),70.0,-14.0,-0.24192189559966773,0.9117797339616575,
4687,2015-08-28,2015-08-28 18:36:00,2015-08-28 18:55:00,C1.1,POINT(68 -12),10000,2015-08-28 18:44:00,POINT(68 -12),68.0,-12.0,-0.20791169081775934,0.906922662783625,
4688,2015-08-28,2015-08-28 18:56:00,2015-08-28 19:06:00,M2.1,POINT(70 -14),10000,2015-08-28 19:03:00,POINT(70 -14),70.0,-14.0,-0.24192189559966773,0.9117797339616575,
4689,2015-08-28,2015-08-28 19:30:00,2015-08-28 19:42:00,C4.6,POINT(71 -14),10000,2015-08-28 19:39:00,POINT(71 -14),71.0,-14.0,-0.24192189559966773,0.9174326330185847,
4690,2015-08-28,2015-08-28 20:21:00,2015-08-28 20:38:00,C2.1,POINT(78 -13),10000,2015-08-28 20:29:00,POINT(78 -13),78.0,-13.0,-0.224951054343865,0.9530777410965205,
4691,2015-08-28,2015-08-28 21:27:00,2015-08-28 21:44:00,C1.7,POINT(74 -15),10000,2015-08-28 21:39:00,POINT(74 -15),74.0,-15.0,-0.25881904510252074,0.9285074979292518,
4695,2015-08-29,2015-08-29 07:20:00,2015-08-29 07:40:00,C2.3,POINT(-82 -44),10000,2015-08-29 07:32:00,POINT(-82 -44),-82.0,-44.0,-0.6946583704589973,-0.7123392348503029,
4706,2015-09-03,2015-09-03 02:09:00,2015-09-03 02:17:00,B2.9,POINT(-36 -19),10000,2015-09-03 02:13:00,POINT(-36 -19),-36.0,-19.0,-0.3255681544571567,-0.5557618745058643,
4707,2015-09-03,2015-09-03 03:02:00,2015-09-03 03:12:00,B3.0,POINT(-36 -19),10000,2015-09-03 03:08:00,POINT(-36 -19),-36.0,-19.0,-0.3255681544571567,-0.5557618745058643,
4708,2015-09-03,2015-09-03 07:00:00,2015-09-03 07:08:00,B3.1,POINT(-82 -44),10000,2015-09-03 07:03:00,POINT(-82 -44),-82.0,-44.0,-0.6946583704589973,-0.7123392348503029,
4709,2015-09-03,2015-09-03 09:38:00,2015-09-03 09:51:00,B3.0,POINT(-34 -19),10000,2015-09-03 09:43:00,POINT(-34 -19),-34.0,-19.0,-0.3255681544571567,-0.5287272775749069,
4714,2015-09-04,2015-09-04 17:00:00,2015-09-04 21:00:00,B3.2,POINT(54 -24),10000,2015-09-04 19:30:00,POINT(54 -24),54.0,-24.0,-0.4067366430758002,0.7390738003669028,
4717,2015-09-11,2015-09-11 02:39:00,2015-09-11 03:08:00,B4.2,POINT(-80 -19),10000,2015-09-11 02:45:00,POINT(-80 -19),-80.0,-19.0,-0.3255681544571567,-0.9311540238672668,
4720,2015-09-11,2015-09-11 12:52:00,2015-09-11 13:17:00,B6.7,POINT(-79 -20),10000,2015-09-11 13:12:00,POINT(-79 -20),-79.0,-20.0,-0.3420201433256687,-0.922427820648625,
4721,2015-09-11,2015-09-11 16:23:00,2015-09-11 16:33:00,B3.3,POINT(-75 -20),10000,2015-09-11 16:27:00,POINT(-75 -20),-75.0,-20.0,-0.3420201433256687,-0.9076733711903687,
4723,2015-09-11,2015-09-11 21:03:00,2015-09-11 21:10:00,B3.6,POINT(-71 -24),10000,2015-09-11 21:06:00,POINT(-71 -24),-71.0,-24.0,-0.4067366430758002,-0.8637741998554579,
4763,2015-09-17,2015-09-17 06:34:00,2015-09-17 06:48:00,C1.0,POINT(-82 -44),10000,2015-09-17 06:47:00,POINT(-82 -44),-82.0,-44.0,-0.6946583704589973,-0.7123392348503029,
4788,2015-09-20,2015-09-20 04:55:00,2015-09-20 05:17:00,M1.5,POINT(-83 9),10000,2015-09-20 05:03:00,POINT(-83 9),-83.0,9.0,0.15643446504023087,-0.9803262614787073,
4790,2015-09-20,2015-09-20 09:32:00,2015-09-20 09:36:00,C2.6,POINT(-89 8),10000,2015-09-20 09:34:00,POINT(-89 8),-89.0,8.0,0.13917310096006544,-0.9901172461182299,
4792,2015-09-20,2015-09-20 13:49:00,2015-09-20 13:58:00,B9.1,POINT(-83 9),10000,2015-09-20 13:54:00,POINT(-83 9),-83.0,9.0,0.15643446504023087,-0.9803262614787073,
4876,2015-09-29,2015-09-29 05:05:00,2015-09-29 05:23:00,M2.9,POINT(-9 -82),10000,2015-09-29 05:16:00,POINT(-9 -82),-9.0,-82.0,-0.9902680687415704,-0.021771469596677882,
4880,2015-09-29,2015-09-29 05:53:00,2015-09-29 06:04:00,M1.0,POINT(-9 -82),10000,2015-09-29 05:56:00,POINT(-9 -82),-9.0,-82.0,-0.9902680687415704,-0.021771469596677882,
4936,2015-10-03,2015-10-03 16:23:00,2015-10-03 16:52:00,C1.1,POINT(-58 -10),10000,2015-10-03 16:44:00,POINT(-58 -10),-58.0,-10.0,-0.17364817766693033,-0.8351643400220907,
4951,2015-10-09,2015-10-09 21:34:00,2015-10-09 22:17:00,B1.8,POINT(46 -46),10000,2015-10-09 21:39:00,POINT(46 -46),46.0,-46.0,-0.7193398003386511,0.4996954135095478,
4954,2015-10-11,2015-10-11 21:55:00,2015-10-11 23:26:00,C3.2,POINT(-86 -9),10000,2015-10-11 22:27:00,POINT(-86 -9),-86.0,-9.0,-0.15643446504023087,-0.9852823814384903,
4956,2015-10-12,2015-10-12 11:13:00,2015-10-12 11:56:00,B5.3,POINT(-82 -7),10000,2015-10-12 11:33:00,POINT(-82 -7),-82.0,-7.0,-0.12186934340514748,-0.9828867607227297,
4957,2015-10-12,2015-10-12 17:40:00,2015-10-12 17:56:00,C1.2,POINT(-80 -8),10000,2015-10-12 17:48:00,POINT(-80 -8),-80.0,-8.0,-0.13917310096006544,-0.9752236716571246,
4958,2015-10-13,2015-10-13 01:12:00,2015-10-13 02:20:00,C4.6,POINT(-80 -7),10000,2015-10-13 01:16:00,POINT(-80 -7),-80.0,-7.0,-0.12186934340514748,-0.9774671453588046,
4959,2015-10-13,2015-10-13 02:56:00,2015-10-13 03:11:00,C1.2,POINT(-81 -10),10000,2015-10-13 03:03:00,POINT(-81 -10),-81.0,-10.0,-0.17364817766693033,-0.972683135377854,
4962,2015-10-13,2015-10-13 13:12:00,2015-10-13 13:21:00,B4.6,POINT(-83 -8),10000,2015-10-13 13:16:00,POINT(-83 -8),-83.0,-8.0,-0.13917310096006544,-0.9828867607227297,
4963,2015-10-13,2015-10-13 14:05:00,2015-10-13 14:14:00,C9.5,POINT(-80 -9),10000,2015-10-13 14:11:00,POINT(-80 -9),-80.0,-9.0,-0.15643446504023087,-0.972683135377854,
4964,2015-10-13,2015-10-13 14:33:00,2015-10-13 14:56:00,C3.3,POINT(-81 -9),10000,2015-10-13 14:44:00,POINT(-81 -9),-81.0,-9.0,-0.15643446504023087,-0.9755282581475768,
4965,2015-10-13,2015-10-13 21:26:00,2015-10-13 21:33:00,B3.8,POINT(-75 -7),10000,2015-10-13 21:29:00,POINT(-75 -7),-75.0,-7.0,-0.12186934340514748,-0.9587259616541788,
4991,2015-10-15,2015-10-15 22:46:00,2015-10-15 23:24:00,C5.0,POINT(-83 12),10000,2015-10-15 23:05:00,POINT(-83 12),-83.0,12.0,0.20791169081775934,-0.9708566368455311,
4999,2015-10-16,2015-10-16 13:20:00,2015-10-16 13:28:00,C4.3,POINT(-82 -13),10000,2015-10-16 13:24:00,POINT(-82 -13),-82.0,-13.0,-0.224951054343865,-0.9648875622944737,
5010,2015-10-17,2015-10-17 14:22:00,2015-10-17 14:39:00,C1.8,POINT(-83 10),10000,2015-10-17 14:29:00,POINT(-83 10),-83.0,10.0,0.17364817766693033,-0.9774671453588046,
5015,2015-10-17,2015-10-17 20:35:00,2015-10-17 20:46:00,M1.5,POINT(-16 -83),10000,2015-10-17 20:42:00,POINT(-16 -83),-16.0,-83.0,-0.992546151641322,-0.0335917435713487,
5048,2015-10-21,2015-10-21 11:51:00,2015-10-21 12:07:00,C2.6,POINT(-20 6),12436,2015-10-21 12:00:00,POINT(-20 6),-20.0,6.0,0.10452846326765347,-0.34014652119437255,
5077,2015-10-27,2015-10-27 20:10:00,2015-10-27 20:28:00,C1.4,POINT(-82 6),10000,2015-10-27 20:19:00,POINT(-82 6),-82.0,6.0,0.10452846326765347,-0.9848432766475461,
5084,2015-10-29,2015-10-29 00:17:00,2015-10-29 00:27:00,C1.5,POINT(-84 7),10000,2015-10-29 00:21:00,POINT(-84 7),-84.0,7.0,0.12186934340514748,-0.9871088799708131,
5086,2015-10-29,2015-10-29 02:12:00,2015-10-29 02:17:00,C1.0,POINT(-82 7),10000,2015-10-29 02:15:00,POINT(-82 7),-82.0,7.0,0.12186934340514748,-0.9828867607227297,
5087,2015-10-29,2015-10-29 02:18:00,2015-10-29 02:21:00,C1.0,POINT(-84 5),10000,2015-10-29 02:19:00,POINT(-84 5),-84.0,5.0,0.08715574274765817,-0.9907374393020275,
5089,2015-10-29,2015-10-29 07:15:00,2015-10-29 07:21:00,C1.1,POINT(-83 6),10000,2015-10-29 07:18:00,POINT(-83 6),-83.0,6.0,0.10452846326765347,-0.9871088799708131,
5090,2015-10-29,2015-10-29 08:04:00,2015-10-29 08:09:00,B9.3,POINT(-82 6),10000,2015-10-29 08:07:00,POINT(-82 6),-82.0,6.0,0.10452846326765347,-0.9848432766475461,
5091,2015-10-29,2015-10-29 10:31:00,2015-10-29 10:44:00,C1.3,POINT(-82 8),10000,2015-10-29 10:38:00,POINT(-82 8),-82.0,8.0,0.13917310096006544,-0.9806308479691596,
5092,2015-10-29,2015-10-29 12:26:00,2015-10-29 12:31:00,B9.5,POINT(-81 7),10000,2015-10-29 12:29:00,POINT(-81 7),-81.0,7.0,0.12186934340514748,-0.9803262614787073,
5093,2015-10-29,2015-10-29 14:02:00,2015-10-29 14:14:00,C1.1,POINT(-82 6),10000,2015-10-29 14:06:00,POINT(-82 6),-82.0,6.0,0.10452846326765347,-0.9848432766475461,
5094,2015-10-29,2015-10-29 15:01:00,2015-10-29 15:11:00,C1.5,POINT(-78 9),10000,2015-10-29 15:06:00,POINT(-78 9),-78.0,9.0,0.15643446504023087,-0.9661049806258878,
5096,2015-10-29,2015-10-29 16:52:00,2015-10-29 16:59:00,C1.4,POINT(-80 6),10000,2015-10-29 16:56:00,POINT(-80 6),-80.0,6.0,0.10452846326765347,-0.9794128730990714,
5097,2015-10-29,2015-10-29 17:49:00,2015-10-29 17:55:00,C1.0,POINT(-79 6),10000,2015-10-29 17:52:00,POINT(-79 6),-79.0,6.0,0.10452846326765347,-0.9762497270273904,
5184,2015-11-06,2015-11-06 14:35:00,2015-11-06 14:54:00,C1.8,POINT(-82 -24),10000,2015-11-06 14:46:00,POINT(-82 -24),-82.0,-24.0,-0.4067366430758002,-0.9046548960473725,
5185,2015-11-06,2015-11-06 18:04:00,2015-11-06 18:21:00,C4.4,POINT(-80 -12),10000,2015-11-06 18:11:00,POINT(-80 -12),-80.0,-12.0,-0.20791169081775934,-0.9632873407929415,
5186,2015-11-06,2015-11-06 21:42:00,2015-11-06 22:00:00,C1.4,POINT(-81 -15),10000,2015-11-06 21:49:00,POINT(-81 -15),-81.0,-15.0,-0.25881904510252074,-0.9540336765054371,
5191,2015-11-07,2015-11-07 05:23:00,2015-11-07 05:42:00,C2.4,POINT(-78 -25),10000,2015-11-07 05:32:00,POINT(-78 -25),-78.0,-25.0,-0.42261826174069944,-0.886502787416264,
5199,2015-11-10,2015-11-10 16:45:00,2015-11-10 17:05:00,C2.7,POINT(-82 -13),10000,2015-11-10 16:54:00,POINT(-82 -13),-82.0,-13.0,-0.224951054343865,-0.9648875622944737,
5204,2015-11-13,2015-11-13 01:20:00,2015-11-13 01:36:00,C1.2,POINT(-48 -16),10000,2015-11-13 01:27:00,POINT(-48 -16),-48.0,-16.0,-0.27563735581699916,-0.714356655266186,
5211,2015-11-19,2015-11-19 07:44:00,2015-11-19 07:53:00,B8.0,POINT(-83 10),10000,2015-11-19 07:48:00,POINT(-83 10),-83.0,10.0,0.17364817766693033,-0.9774671453588046,
5245,2015-12-05,2015-12-05 15:14:00,2015-12-05 15:26:00,C1.9,POINT(-82 -12),10000,2015-12-05 15:21:00,POINT(-82 -12),-82.0,-12.0,-0.20791169081775934,-0.9686283355228664,
5250,2015-12-07,2015-12-07 07:29:00,2015-12-07 07:39:00,B3.9,POINT(-78 -5),10000,2015-12-07 07:33:00,POINT(-78 -5),-78.0,-5.0,-0.08715574274765817,-0.9744254538021787,
5251,2015-12-07,2015-12-07 09:01:00,2015-12-07 09:10:00,B3.7,POINT(-77 -5),10000,2015-12-07 09:04:00,POINT(-77 -5),-77.0,-5.0,-0.08715574274765817,-0.970662292518362,
5259,2015-12-09,2015-12-09 15:59:00,2015-12-09 16:40:00,B5.4,POINT(-83 -14),10000,2015-12-09 16:32:00,POINT(-83 -14),-83.0,-14.0,-0.24192189559966773,-0.9630632890692619,
5260,2015-12-10,2015-12-10 00:31:00,2015-12-10 00:41:00,B5.4,POINT(-83 -14),10000,2015-12-10 00:36:00,POINT(-83 -14),-83.0,-14.0,-0.24192189559966773,-0.9630632890692619,
5261,2015-12-10,2015-12-10 00:31:00,2015-12-10 00:41:00,B5.4,POINT(-82 -14),10000,2015-12-10 00:35:00,POINT(-82 -14),-82.0,-14.0,-0.24192189559966773,-0.9608528749675305,
5263,2015-12-10,2015-12-10 07:19:00,2015-12-10 07:32:00,B6.9,POINT(-82 -17),10000,2015-12-10 07:25:00,POINT(-82 -17),-82.0,-17.0,-0.29237170472273677,-0.9469980638158938,
5269,2015-12-12,2015-12-12 05:05:00,2015-12-12 05:40:00,C5.2,POINT(-82 12),10000,2015-12-12 05:28:00,POINT(-82 12),-82.0,12.0,0.20791169081775934,-0.9686283355228664,
5271,2015-12-12,2015-12-12 13:36:00,2015-12-12 13:57:00,C7.8,POINT(-81 11),10000,2015-12-12 13:46:00,POINT(-81 11),-81.0,11.0,0.1908089953765448,-0.9695417239025022,
5272,2015-12-12,2015-12-12 15:19:00,2015-12-12 15:30:00,C1.0,POINT(-81 12),10000,2015-12-12 15:22:00,POINT(-81 12),-81.0,12.0,0.20791169081775934,-0.9661049806258879,
5273,2015-12-12,2015-12-12 17:09:00,2015-12-12 17:16:00,B9.4,POINT(-81 12),10000,2015-12-12 17:12:00,POINT(-81 12),-81.0,12.0,0.20791169081775934,-0.9661049806258879,
5275,2015-12-12,2015-12-12 18:09:00,2015-12-12 18:23:00,C2.8,POINT(-76 16),10000,2015-12-12 18:17:00,POINT(-76 16),-76.0,16.0,0.27563735581699916,-0.9327081154017672,
5299,2015-12-20,2015-12-20 11:17:00,2015-12-20 11:57:00,C1.6,POINT(-81 4),10000,2015-12-20 11:34:00,POINT(-81 4),-81.0,4.0,0.0697564737441253,-0.9852823814384903,
5302,2015-12-20,2015-12-20 21:41:00,2015-12-20 21:50:00,C2.3,POINT(-49 -87),10000,2015-12-20 21:50:00,POINT(-49 -87),-49.0,-87.0,-0.9986295347545738,-0.039498447566669606,
5303,2015-12-20,2015-12-20 21:41:00,2015-12-20 22:08:00,C2.3,POINT(-82 6),10000,2015-12-20 21:50:00,POINT(-82 6),-82.0,6.0,0.10452846326765347,-0.9848432766475461,
5304,2015-12-20,2015-12-20 22:33:00,2015-12-20 22:56:00,C6.0,POINT(-81 1),10000,2015-12-20 22:44:00,POINT(-81 1),-81.0,1.0,0.01745240643728351,-0.9875379108768892,
5305,2015-12-20,2015-12-20 23:48:00,2015-12-21 00:05:00,C5.4,POINT(-81 1),10000,2015-12-20 23:58:00,POINT(-81 1),-81.0,1.0,0.01745240643728351,-0.9875379108768892,
5306,2015-12-21,2015-12-21 00:52:00,2015-12-21 01:11:00,M2.8,POINT(-81 1),10000,2015-12-21 01:03:00,POINT(-81 1),-81.0,1.0,0.01745240643728351,-0.9875379108768892,
5307,2015-12-21,2015-12-21 03:10:00,2015-12-21 03:21:00,C2.4,POINT(-81 1),10000,2015-12-21 03:16:00,POINT(-81 1),-81.0,1.0,0.01745240643728351,-0.9875379108768892,
5308,2015-12-21,2015-12-21 03:10:00,2015-12-21 03:21:00,C2.4,POINT(-82 0),10000,2015-12-21 03:16:00,POINT(-82 0),-82.0,0.0,0.0,-0.9902680687415704,
5309,2015-12-21,2015-12-21 04:50:00,2015-12-21 05:04:00,C2.0,POINT(-83 4),10000,2015-12-21 04:58:00,POINT(-83 4),-83.0,4.0,0.0697564737441253,-0.9901283591011188,
5310,2015-12-21,2015-12-21 04:50:00,2015-12-21 05:04:00,C2.0,POINT(-82 5),10000,2015-12-21 04:58:00,POINT(-82 5),-82.0,5.0,0.08715574274765817,-0.9864997997699047,
5311,2015-12-21,2015-12-21 05:29:00,2015-12-21 05:43:00,C9.1,POINT(-81 1),10000,2015-12-21 05:39:00,POINT(-81 1),-81.0,1.0,0.01745240643728351,-0.9875379108768892,
5312,2015-12-21,2015-12-21 08:25:00,2015-12-21 08:31:00,C1.7,POINT(-81 2),10000,2015-12-21 08:29:00,POINT(-81 2),-81.0,2.0,0.03489949670250097,-0.987086667544493,
5313,2015-12-21,2015-12-21 09:00:00,2015-12-21 09:09:00,C1.0,POINT(-81 1),10000,2015-12-21 09:04:00,POINT(-81 1),-81.0,1.0,0.01745240643728351,-0.9875379108768892,
5314,2015-12-21,2015-12-21 09:00:00,2015-12-21 09:09:00,C1.0,POINT(-82 2),10000,2015-12-21 09:04:00,POINT(-82 2),-82.0,2.0,0.03489949670250097,-0.9896648241902408,
5315,2015-12-21,2015-12-21 10:09:00,2015-12-21 10:19:00,M1.1,POINT(-82 0),10000,2015-12-21 10:19:00,POINT(-82 0),-82.0,0.0,0.0,-0.9902680687415704,
5316,2015-12-21,2015-12-21 10:09:00,2015-12-21 10:32:00,M1.1,POINT(-81 1),10000,2015-12-21 10:19:00,POINT(-81 1),-81.0,1.0,0.01745240643728351,-0.9875379108768892,
5318,2015-12-21,2015-12-21 14:17:00,2015-12-21 14:48:00,C2.1,POINT(-84 -21),10000,2015-12-21 14:33:00,POINT(-84 -21),-84.0,-21.0,-0.35836794954530027,-0.928466175238718,
5319,2015-12-21,2015-12-21 15:39:00,2015-12-21 15:42:00,C1.0,POINT(-80 -21),10000,2015-12-21 15:42:00,POINT(-80 -21),-80.0,-21.0,-0.35836794954530027,-0.919397242074888,
5320,2015-12-21,2015-12-21 15:39:00,2015-12-21 16:41:00,C1.3,POINT(-81 -21),10000,2015-12-21 16:37:00,POINT(-81 -21),-81.0,-21.0,-0.35836794954530027,-0.9220865022591221,
5321,2015-12-21,2015-12-21 18:08:00,2015-12-21 18:27:00,C6.2,POINT(-77 -21),10000,2015-12-21 18:24:00,POINT(-77 -21),-77.0,-21.0,-0.35836794954530027,-0.909652820648306,
5322,2015-12-21,2015-12-21 18:08:00,2015-12-21 18:42:00,C6.2,POINT(-84 -22),10000,2015-12-21 18:27:00,POINT(-84 -22),-84.0,-22.0,-0.374606593415912,-0.9221046443986228,
5367,2017-01-10,2017-01-10 10:25:00,2017-01-10 10:33:00,B7.3,POINT(75 14),10000,2017-01-10 10:30:00,POINT(75 14),75.0,14.0,0.24192189559966773,0.9372337011478935,
5368,2017-01-10,2017-01-10 12:56:00,2017-01-10 13:04:00,B8.8,POINT(77 13),10000,2017-01-10 13:00:00,POINT(77 13),77.0,13.0,0.224951054343865,0.9493970231495835,
5369,2017-01-10,2017-01-10 15:10:00,2017-01-10 15:21:00,B3.9,POINT(78 14),10000,2017-01-10 15:13:00,POINT(78 14),78.0,14.0,0.24192189559966773,0.9490924366591313,
5370,2017-01-10,2017-01-10 15:21:00,2017-01-10 15:31:00,B4.1,POINT(78 15),10000,2017-01-10 15:25:00,POINT(78 15),78.0,15.0,0.25881904510252074,0.9448180294714709,
5371,2017-01-10,2017-01-10 15:59:00,2017-01-10 16:10:00,B2.4,POINT(76 14),10000,2017-01-10 16:03:00,POINT(76 14),76.0,14.0,0.24192189559966773,0.9414737964294635,
5372,2017-01-10,2017-01-10 16:36:00,2017-01-10 16:49:00,B6.6,POINT(79 15),10000,2017-01-10 16:46:00,POINT(79 15),79.0,15.0,0.25881904510252074,0.9481790482794956,
5373,2017-01-10,2017-01-10 18:03:00,2017-01-10 18:13:00,B5.4,POINT(79 15),10000,2017-01-10 18:08:00,POINT(79 15),79.0,15.0,0.25881904510252074,0.9481790482794956,
5374,2017-01-10,2017-01-10 21:07:00,2017-01-10 21:15:00,B1.2,POINT(82 16),10000,2017-01-10 21:12:00,POINT(82 16),82.0,16.0,0.27563735581699916,0.9519067631920857,
5375,2017-01-10,2017-01-10 22:36:00,2017-01-10 22:54:00,B2.5,POINT(84 15),10000,2017-01-10 22:47:00,POINT(84 15),84.0,15.0,0.25881904510252074,0.9606343835461697,
5376,2017-01-11,2017-01-11 01:53:00,2017-01-11 02:01:00,B3.2,POINT(84 16),10000,2017-01-11 01:58:00,POINT(84 16),84.0,16.0,0.27563735581699916,0.9559958037894977,
5377,2017-01-11,2017-01-11 14:52:00,2017-01-11 15:40:00,B2.3,POINT(88 13),10000,2017-01-11 15:00:00,POINT(88 13),88.0,13.0,0.224951054343865,0.9737765048683662,
5378,2017-01-11,2017-01-11 15:51:00,2017-01-11 15:56:00,B2.4,POINT(-89 3),10000,2017-01-11 15:54:00,POINT(-89 3),-89.0,3.0,0.052335956242943835,-0.9984774386394599,
5379,2017-01-11,2017-01-11 16:04:00,2017-01-11 16:10:00,B4.0,POINT(88 12),10000,2017-01-11 16:07:00,POINT(88 12),88.0,12.0,0.20791169081775934,0.9775517396441024,
5381,2017-01-11,2017-01-11 21:35:00,2017-01-11 21:53:00,B5.0,POINT(88 12),10000,2017-01-11 21:43:00,POINT(88 12),88.0,12.0,0.20791169081775934,0.9775517396441024,
5382,2017-01-12,2017-01-12 05:21:00,2017-01-12 06:09:00,B2.0,POINT(88 13),10000,2017-01-12 05:53:00,POINT(88 13),88.0,13.0,0.224951054343865,0.9737765048683662,
5383,2017-01-12,2017-01-12 06:56:00,2017-01-12 07:12:00,B3.4,POINT(88 13),10000,2017-01-12 07:05:00,POINT(88 13),88.0,13.0,0.224951054343865,0.9737765048683662,
5390,2017-01-18,2017-01-18 18:33:00,2017-01-18 18:39:00,B1.3,POINT(-86 -39),10000,2017-01-18 18:36:00,POINT(-86 -39),-86.0,-39.0,-0.6293203910498374,-0.7752528729540811,
5391,2017-01-20,2017-01-20 09:33:00,2017-01-20 09:42:00,B4.3,POINT(-57 12),10000,2017-01-20 09:39:00,POINT(-57 12),-57.0,12.0,0.20791169081775934,-0.8203436038418747,
5392,2017-01-20,2017-01-20 10:37:00,2017-01-20 10:52:00,B5.3,POINT(-58 11),10000,2017-01-20 10:46:00,POINT(-58 11),-58.0,11.0,0.1908089953765448,-0.8324670640581862,
5393,2017-01-20,2017-01-20 15:09:00,2017-01-20 15:20:00,B3.1,POINT(-56 11),10000,2017-01-20 15:16:00,POINT(-56 11),-56.0,11.0,0.1908089953765448,-0.813805817319494,
5394,2017-01-20,2017-01-20 17:09:00,2017-01-20 17:16:00,B4.1,POINT(-34 5),10000,2017-01-20 17:12:00,POINT(-34 5),-34.0,5.0,0.08715574274765817,-0.5570650056480874,
5395,2017-01-20,2017-01-20 20:57:00,2017-01-20 21:04:00,B2.6,POINT(-31 4),10000,2017-01-20 21:00:00,POINT(-31 4),-31.0,4.0,0.0697564737441253,-0.5137834680452964,
5396,2017-01-21,2017-01-21 02:28:00,2017-01-21 02:36:00,B7.1,POINT(-49 10),10000,2017-01-21 02:31:00,POINT(-49 10),-49.0,10.0,0.17364817766693033,-0.7432438458759748,
5397,2017-01-21,2017-01-21 03:00:00,2017-01-21 03:07:00,B7.6,POINT(-47 11),10000,2017-01-21 03:05:00,POINT(-47 11),-47.0,11.0,0.1908089953765448,-0.7179166742244495,
5398,2017-01-21,2017-01-21 04:02:00,2017-01-21 04:07:00,B3.6,POINT(-47 11),10000,2017-01-21 04:05:00,POINT(-47 11),-47.0,11.0,0.1908089953765448,-0.7179166742244495,
5399,2017-01-21,2017-01-21 06:23:00,2017-01-21 06:29:00,C1.2,POINT(-45 10),10000,2017-01-21 06:29:00,POINT(-45 10),-45.0,10.0,0.17364817766693033,-0.6963642403200189,
5400,2017-01-21,2017-01-21 07:02:00,2017-01-21 07:09:00,B8.4,POINT(-46 11),10000,2017-01-21 07:05:00,POINT(-46 11),-46.0,11.0,0.1908089953765448,-0.706123502148235,
5401,2017-01-21,2017-01-21 07:14:00,2017-01-21 07:29:00,C9.3,POINT(-44 10),10000,2017-01-21 07:26:00,POINT(-44 10),-44.0,10.0,0.17364817766693033,-0.6841049489228471,
5402,2017-01-21,2017-01-21 08:23:00,2017-01-21 08:29:00,B3.5,POINT(-44 10),10000,2017-01-21 08:26:00,POINT(-44 10),-44.0,10.0,0.17364817766693033,-0.6841049489228471,
5403,2017-01-21,2017-01-21 08:58:00,2017-01-21 09:10:00,B3.8,POINT(-43 10),10000,2017-01-21 09:06:00,POINT(-43 10),-43.0,10.0,0.17364817766693033,-0.6716372725311599,
5404,2017-01-21,2017-01-21 09:12:00,2017-01-21 09:26:00,B5.1,POINT(-44 10),10000,2017-01-21 09:17:00,POINT(-44 10),-44.0,10.0,0.17364817766693033,-0.6841049489228471,
5405,2017-01-21,2017-01-21 09:40:00,2017-01-21 09:52:00,C1.0,POINT(-44 11),10000,2017-01-21 09:46:00,POINT(-44 11),-44.0,11.0,0.1908089953765448,-0.6818955396520094,
5406,2017-01-21,2017-01-21 10:19:00,2017-01-21 10:27:00,C1.1,POINT(-43 10),10000,2017-01-21 10:23:00,POINT(-43 10),-43.0,10.0,0.17364817766693033,-0.6716372725311599,
5407,2017-01-21,2017-01-21 10:59:00,2017-01-21 11:11:00,C6.1,POINT(-42 10),10000,2017-01-21 11:08:00,POINT(-42 10),-42.0,10.0,0.17364817766693033,-0.6589650089199635,
5408,2017-01-21,2017-01-21 13:19:00,2017-01-21 13:30:00,C1.8,POINT(-41 10),10000,2017-01-21 13:26:00,POINT(-41 10),-41.0,10.0,0.17364817766693033,-0.6460920181835125,
5409,2017-01-21,2017-01-21 14:08:00,2017-01-21 14:13:00,B5.1,POINT(-41 10),10000,2017-01-21 14:10:00,POINT(-41 10),-41.0,10.0,0.17364817766693033,-0.6460920181835125,
5410,2017-01-22,2017-01-22 12:23:00,2017-01-22 12:34:00,B2.4,POINT(-9 4),10000,2017-01-22 12:27:00,POINT(-9 4),-9.0,4.0,0.0697564737441253,-0.15605339854576158,
5411,2017-01-24,2017-01-24 16:03:00,2017-01-24 16:11:00,B1.9,POINT(-66 15),10000,2017-01-24 16:08:00,POINT(-66 15),-66.0,15.0,0.25881904510252074,-0.8824171510260543,
5412,2017-01-24,2017-01-24 17:47:00,2017-01-24 18:01:00,B5.2,POINT(-64 15),10000,2017-01-24 17:55:00,POINT(-64 15),-64.0,15.0,0.25881904510252074,-0.868168381835218,
5413,2017-01-24,2017-01-24 18:39:00,2017-01-24 18:56:00,B2.6,POINT(-64 16),10000,2017-01-24 18:45:00,POINT(-64 16),-64.0,16.0,0.27563735581699916,-0.8639762892448012,
5414,2017-01-24,2017-01-24 23:44:00,2017-01-24 23:49:00,B3.2,POINT(-61 16),10000,2017-01-24 23:49:00,POINT(-61 16),-61.0,16.0,0.27563735581699916,-0.8407384229858913,
5415,2017-01-25,2017-01-25 02:15:00,2017-01-25 02:24:00,B4.6,POINT(-59 15),10000,2017-01-25 02:20:00,POINT(-59 15),-59.0,15.0,0.25881904510252074,-0.8279600331986582,
5416,2017-01-25,2017-01-25 03:54:00,2017-01-25 04:02:00,B2.4,POINT(-56 15),10000,2017-01-25 03:58:00,POINT(-56 15),-56.0,15.0,0.25881904510252074,-0.8007888022949121,
5417,2017-01-25,2017-01-25 04:16:00,2017-01-25 04:24:00,B3.0,POINT(-56 15),10000,2017-01-25 04:20:00,POINT(-56 15),-56.0,15.0,0.25881904510252074,-0.8007888022949121,
5418,2017-01-25,2017-01-25 09:43:00,2017-01-25 09:54:00,B4.0,POINT(-55 16),10000,2017-01-25 09:48:00,POINT(-55 16),-55.0,16.0,0.27563735581699916,-0.7874194833245771,
5419,2017-01-25,2017-01-25 10:48:00,2017-01-25 10:55:00,B2.3,POINT(-53 15),10000,2017-01-25 10:51:00,POINT(-53 15),-53.0,15.0,0.25881904510252074,-0.7714226649462228,
5420,2017-01-25,2017-01-25 15:19:00,2017-01-25 15:36:00,B6.5,POINT(-50 15),10000,2017-01-25 15:31:00,POINT(-50 15),-50.0,15.0,0.25881904510252074,-0.739942111693848,
5421,2017-01-25,2017-01-25 16:48:00,2017-01-25 16:59:00,B4.6,POINT(-42 8),10000,2017-01-25 16:53:00,POINT(-42 8),-42.0,8.0,0.13917310096006544,-0.6626186732948625,
5422,2017-01-25,2017-01-25 17:55:00,2017-01-25 18:11:00,B3.0,POINT(-49 16),10000,2017-01-25 18:01:00,POINT(-49 16),-49.0,16.0,0.27563735581699916,-0.7254734110258385,
5423,2017-01-25,2017-01-25 19:22:00,2017-01-25 19:42:00,B3.8,POINT(-48 15),10000,2017-01-25 19:32:00,POINT(-48 15),-48.0,15.0,0.25881904510252074,-0.7178227796016975,
5424,2017-01-25,2017-01-25 20:09:00,2017-01-25 20:16:00,B2.2,POINT(-51 16),10000,2017-01-25 20:12:00,POINT(-51 16),-51.0,16.0,0.27563735581699916,-0.7470406449017433,
5425,2017-01-25,2017-01-25 21:22:00,2017-01-25 21:32:00,B8.5,POINT(-36 13),10000,2017-01-25 21:28:00,POINT(-36 13),-36.0,13.0,0.224951054343865,-0.5727203543560229,
5426,2017-01-25,2017-01-25 22:48:00,2017-01-25 22:56:00,B2.2,POINT(15 11),10000,2017-01-25 22:51:00,POINT(15 11),15.0,11.0,0.1908089953765448,0.25406381026660135,
5439,2017-02-04,2017-02-04 05:57:00,2017-02-04 06:04:00,B1.2,POINT(80 -4),12631,2017-02-04 06:00:00,POINT(80 -4),80.0,-4.0,-0.0697564737441253,0.9824088108221348,
5468,2017-02-15,2017-02-15 12:34:00,2017-02-15 12:46:00,B2.3,POINT(-62 9),10000,2017-02-15 12:42:00,POINT(-62 9),-62.0,9.0,0.15643446504023087,-0.8720770428233048,
5473,2017-02-18,2017-02-18 00:42:00,2017-02-18 02:33:00,B2.8,POINT(-87 16),10000,2017-02-18 01:45:00,POINT(-87 16),-87.0,16.0,0.27563735581699916,-0.959944320192276,
5474,2017-02-18,2017-02-18 00:53:00,2017-02-18 02:20:00,B2.8,POINT(-87 16),10000,2017-02-18 01:45:00,POINT(-87 16),-87.0,16.0,0.27563735581699916,-0.959944320192276,
5475,2017-02-18,2017-02-18 02:53:00,2017-02-18 03:50:00,B3.1,POINT(-87 16),10000,2017-02-18 03:19:00,POINT(-87 16),-87.0,16.0,0.27563735581699916,-0.959944320192276,
5476,2017-02-18,2017-02-18 02:56:00,2017-02-18 03:41:00,B3.1,POINT(-87 16),10000,2017-02-18 03:19:00,POINT(-87 16),-87.0,16.0,0.27563735581699916,-0.959944320192276,
5477,2017-02-19,2017-02-19 05:37:00,2017-02-19 05:48:00,B3.0,POINT(-86 21),10000,2017-02-19 05:41:00,POINT(-86 21),-86.0,21.0,0.35836794954530027,-0.9313062714998427,
5478,2017-02-19,2017-02-19 16:47:00,2017-02-19 16:55:00,B2.6,POINT(-87 19),10000,2017-02-19 16:50:00,POINT(-87 19),-87.0,19.0,0.3255681544571567,-0.9442227752525532,
5479,2017-02-20,2017-02-20 11:22:00,2017-02-20 11:37:00,B4.5,POINT(-75 20),10000,2017-02-20 11:29:00,POINT(-75 20),-75.0,20.0,0.3420201433256687,-0.9076733711903687,
5486,2017-02-21,2017-02-21 06:41:00,2017-02-21 06:50:00,B2.8,POINT(-5 -83),10000,2017-02-21 06:45:00,POINT(-5 -83),-5.0,-83.0,-0.992546151641322,-0.010621613142645045,
5504,2017-02-27,2017-02-27 17:13:00,2017-02-27 17:35:00,B3.5,POINT(-51 14),10000,2017-02-27 17:24:00,POINT(-51 14),-51.0,14.0,0.24192189559966773,-0.7540614050943492,
5516,2017-03-02,2017-03-02 01:16:00,2017-03-02 01:26:00,B1.2,POINT(-80 4),10000,2017-03-02 01:19:00,POINT(-80 4),-80.0,4.0,0.0697564737441253,-0.9824088108221348,
5519,2017-03-03,2017-03-03 06:55:00,2017-03-03 07:46:00,B1.7,POINT(-8 -82),10000,2017-03-03 07:32:00,POINT(-8 -82),-8.0,-82.0,-0.9902680687415704,-0.01936915203084057,
5523,2017-03-06,2017-03-06 09:09:00,2017-03-06 09:14:00,B1.9,POINT(-89 0),10000,2017-03-06 09:12:00,POINT(-89 0),-89.0,0.0,0.0,-0.9998476951563913,
5526,2017-03-07,2017-03-07 09:54:00,2017-03-07 09:59:00,B1.9,POINT(-89 -7),10000,2017-03-07 09:57:00,POINT(-89 -7),-89.0,-7.0,-0.12186934340514748,-0.9923949820549218,
5527,2017-03-07,2017-03-07 10:26:00,2017-03-07 10:31:00,B1.8,POINT(59 -9),10000,2017-03-07 10:29:00,POINT(59 -9),59.0,-9.0,-0.15643446504023087,0.8466141488428828,
5528,2017-03-08,2017-03-08 00:05:00,2017-03-08 00:11:00,B1.8,POINT(88 7),12638,2017-03-08 00:09:00,POINT(88 7),88.0,7.0,0.12186934340514748,0.9919415193434417,
5529,2017-03-08,2017-03-08 03:49:00,2017-03-08 03:54:00,B2.0,POINT(85 -31),10000,2017-03-08 03:52:00,POINT(85 -31),85.0,-31.0,-0.5150380749100542,0.8539055203370572,
5530,2017-03-08,2017-03-08 04:13:00,2017-03-08 04:19:00,B2.0,POINT(11 -45),10000,2017-03-08 04:17:00,POINT(11 -45),11.0,-45.0,-0.7071067811865475,0.13492233454214744,
5531,2017-03-08,2017-03-08 04:37:00,2017-03-08 05:54:00,B5.1,POINT(72 15),12642,2017-03-08 05:42:00,POINT(72 15),72.0,15.0,0.25881904510252074,0.9186500513499989,
5532,2017-03-08,2017-03-08 06:01:00,2017-03-08 06:06:00,B3.0,POINT(69 14),12642,2017-03-08 06:04:00,POINT(69 14),69.0,14.0,0.24192189559966773,0.9058490979651569,
5534,2017-03-08,2017-03-08 09:37:00,2017-03-08 09:43:00,B2.1,POINT(-85 -35),10000,2017-03-08 09:41:00,POINT(-85 -35),-85.0,-35.0,-0.573576436351046,-0.8160349234517084,
5535,2017-03-08,2017-03-08 10:15:00,2017-03-08 10:20:00,B1.8,POINT(72 14),12642,2017-03-08 10:18:00,POINT(72 14),72.0,14.0,0.24192189559966773,0.922806073208125,
5536,2017-03-08,2017-03-08 11:38:00,2017-03-08 11:43:00,B1.8,POINT(-86 -29),10000,2017-03-08 11:41:00,POINT(-86 -29),-86.0,-29.0,-0.48480962024633706,-0.8724891774910369,
5537,2017-03-08,2017-03-08 23:34:00,2017-03-08 23:39:00,B1.9,POINT(87 14),12642,2017-03-08 23:37:00,POINT(87 14),87.0,14.0,0.24192189559966773,0.9689659697053497,
5538,2017-03-09,2017-03-09 19:14:00,2017-03-09 19:19:00,B1.8,POINT(88 -11),10000,2017-03-09 19:17:00,POINT(88 -11),88.0,-11.0,-0.1908089953765448,0.9810292026901866,
5539,2017-03-09,2017-03-09 22:28:00,2017-03-09 22:33:00,B1.9,POINT(-83 -42),10000,2017-03-09 22:31:00,POINT(-83 -42),-83.0,-42.0,-0.6691306063588582,-0.7376055366397495,
5540,2017-03-09,2017-03-09 23:57:00,2017-03-10 00:03:00,B2.2,POINT(27 3),10000,2017-03-10 00:01:00,POINT(27 3),27.0,3.0,0.052335956242943835,0.4533683215379,
5541,2017-03-10,2017-03-10 00:04:00,2017-03-10 00:10:00,B2.2,POINT(-83 -23),10000,2017-03-10 00:08:00,POINT(-83 -23),-83.0,-23.0,-0.39073112848927377,-0.9136435498613787,
5542,2017-03-10,2017-03-10 02:46:00,2017-03-10 02:51:00,B2.4,POINT(29 5),10000,2017-03-10 02:49:00,POINT(29 5),29.0,5.0,0.08715574274765817,0.48296477327327353,
5543,2017-03-10,2017-03-10 03:20:00,2017-03-10 03:26:00,B2.6,POINT(-86 -26),10000,2017-03-10 03:23:00,POINT(-86 -26),-86.0,-26.0,-0.4383711467890774,-0.896604629175613,
5544,2017-03-10,2017-03-10 03:42:00,2017-03-10 03:47:00,B2.4,POINT(87 14),10000,2017-03-10 03:45:00,POINT(87 14),87.0,14.0,0.24192189559966773,0.9689659697053497,
5545,2017-03-10,2017-03-10 04:00:00,2017-03-10 04:05:00,B1.8,POINT(29 6),10000,2017-03-10 04:03:00,POINT(29 6),29.0,6.0,0.10452846326765347,0.48215378242015994,
5546,2017-03-10,2017-03-10 04:06:00,2017-03-10 04:14:00,B2.2,POINT(-89 4),10000,2017-03-10 04:12:00,POINT(-89 4),-89.0,4.0,0.0697564737441253,-0.9974121164231596,
5547,2017-03-15,2017-03-15 10:06:00,2017-03-15 10:12:00,B3.1,POINT(-89 -9),10000,2017-03-15 10:09:00,POINT(-89 -9),-89.0,-9.0,-0.15643446504023087,-0.9875379108768892,
5548,2017-03-15,2017-03-15 11:02:00,2017-03-15 11:08:00,B2.4,POINT(-89 -9),10000,2017-03-15 11:06:00,POINT(-89 -9),-89.0,-9.0,-0.15643446504023087,-0.9875379108768892,
5549,2017-03-15,2017-03-15 11:13:00,2017-03-15 11:18:00,B2.6,POINT(88 -17),10000,2017-03-15 11:16:00,POINT(88 -17),88.0,-17.0,-0.29237170472273677,0.9557222009441926,
5550,2017-03-15,2017-03-15 11:49:00,2017-03-15 11:54:00,B2.7,POINT(-89 -7),10000,2017-03-15 11:52:00,POINT(-89 -7),-89.0,-7.0,-0.12186934340514748,-0.9923949820549218,
5551,2017-03-16,2017-03-16 04:30:00,2017-03-16 06:05:00,A4.7,POINT(-87 -9),10000,2017-03-16 05:58:00,POINT(-87 -9),-87.0,-9.0,-0.15643446504023087,-0.9863347480510395,
5552,2017-03-18,2017-03-18 02:22:00,2017-03-18 02:46:00,A8.7,POINT(-87 19),10000,2017-03-18 02:29:00,POINT(-87 19),-87.0,19.0,0.3255681544571567,-0.9442227752525532,
5553,2017-03-19,2017-03-19 00:10:00,2017-03-19 00:34:00,A6.5,POINT(-40 -8),10000,2017-03-19 00:20:00,POINT(-40 -8),-40.0,-8.0,-0.13917310096006544,-0.6365320448552996,
5556,2017-03-25,2017-03-25 22:04:00,2017-03-25 22:19:00,B2.8,POINT(-48 12),10000,2017-03-25 22:12:00,POINT(-48 12),-48.0,12.0,0.20791169081775934,-0.726905328038456,
5557,2017-03-25,2017-03-25 23:31:00,2017-03-25 23:46:00,B2.3,POINT(-47 12),10000,2017-03-25 23:38:00,POINT(-47 12),-47.0,12.0,0.20791169081775934,-0.7153718685265792,
5558,2017-03-26,2017-03-26 02:29:00,2017-03-26 02:41:00,B4.0,POINT(-44 13),10000,2017-03-26 02:34:00,POINT(-44 13),-44.0,13.0,0.224951054343865,-0.676854321427739,
5559,2017-03-26,2017-03-26 03:20:00,2017-03-26 03:35:00,B1.3,POINT(-44 13),10000,2017-03-26 03:28:00,POINT(-44 13),-44.0,13.0,0.224951054343865,-0.676854321427739,
5560,2017-03-26,2017-03-26 10:29:00,2017-03-26 10:37:00,B1.0,POINT(-39 12),10000,2017-03-26 10:32:00,POINT(-39 12),-39.0,12.0,0.20791169081775934,-0.6155682305982588,
5561,2017-03-26,2017-03-26 13:07:00,2017-03-26 13:25:00,B1.6,POINT(-38 12),10000,2017-03-26 13:12:00,POINT(-38 12),-38.0,12.0,0.20791169081775934,-0.6022077949540278,
5562,2017-03-26,2017-03-26 15:23:00,2017-03-26 15:29:00,B1.3,POINT(-38 12),10000,2017-03-26 15:27:00,POINT(-38 12),-38.0,12.0,0.20791169081775934,-0.6022077949540278,
5563,2017-03-26,2017-03-26 15:54:00,2017-03-26 16:05:00,B1.8,POINT(-37 13),10000,2017-03-26 15:58:00,POINT(-37 13),-37.0,13.0,0.224951054343865,-0.5863905430973891,
5564,2017-03-26,2017-03-26 18:09:00,2017-03-26 18:52:00,B1.9,POINT(-36 12),10000,2017-03-26 18:25:00,POINT(-36 12),-36.0,12.0,0.20791169081775934,-0.5749407342765973,
5570,2017-03-27,2017-03-27 11:07:00,2017-03-27 11:18:00,C3.2,POINT(-66 -9),10000,2017-03-27 11:12:00,POINT(-66 -9),-66.0,-9.0,-0.15643446504023087,-0.9022981971172461,
5571,2017-03-27,2017-03-27 13:33:00,2017-03-27 13:48:00,B4.9,POINT(-65 -9),10000,2017-03-27 13:43:00,POINT(-65 -9),-65.0,-9.0,-0.15643446504023087,-0.8951496342466803,
5572,2017-03-27,2017-03-27 14:10:00,2017-03-27 14:19:00,B4.6,POINT(-64 -9),10000,2017-03-27 14:16:00,POINT(-64 -9),-64.0,-9.0,-0.15643446504023087,-0.8877284001260137,
5573,2017-03-27,2017-03-27 14:40:00,2017-03-27 14:51:00,B2.5,POINT(-65 -9),10000,2017-03-27 14:45:00,POINT(-65 -9),-65.0,-9.0,-0.15643446504023087,-0.8951496342466803,
5574,2017-03-27,2017-03-27 14:59:00,2017-03-27 15:23:00,B4.8,POINT(-63 -9),10000,2017-03-27 15:16:00,POINT(-63 -9),-63.0,-9.0,-0.15643446504023087,-0.8800367553350504,
5575,2017-03-27,2017-03-27 16:52:00,2017-03-27 17:18:00,C1.6,POINT(-62 -9),10000,2017-03-27 17:12:00,POINT(-62 -9),-62.0,-9.0,-0.15643446504023087,-0.8720770428233048,
5632,2017-04-01,2017-04-01 10:17:00,2017-04-01 10:22:00,B6.2,POINT(20 15),10000,2017-04-01 10:20:00,POINT(20 15),20.0,15.0,0.25881904510252074,0.33036608954935215,
5633,2017-04-01,2017-04-01 10:31:00,2017-04-01 10:39:00,B9.8,POINT(21 15),10000,2017-04-01 10:36:00,POINT(21 15),21.0,15.0,0.25881904510252074,0.34615685778006333,
5640,2017-04-01,2017-04-01 23:50:00,2017-04-01 23:57:00,B9.0,POINT(28 15),10000,2017-04-01 23:54:00,POINT(28 15),28.0,15.0,0.25881904510252074,0.4534747072031818,
5699,2017-04-08,2017-04-08 01:42:00,2017-04-08 01:53:00,B3.0,POINT(-88 7),10000,2017-04-08 01:47:00,POINT(-88 7),-88.0,7.0,0.12186934340514748,-0.9919415193434417,
5702,2017-04-08,2017-04-08 13:23:00,2017-04-08 13:35:00,B3.2,POINT(-88 9),10000,2017-04-08 13:28:00,POINT(-88 9),-88.0,9.0,0.15643446504023087,-0.987086667544493,
5717,2017-04-11,2017-04-11 18:46:00,2017-04-11 18:54:00,B1.0,POINT(-51 -11),10000,2017-04-11 18:50:00,POINT(-51 -11),-51.0,-11.0,-0.1908089953765448,-0.7628676012727331,
5723,2017-04-16,2017-04-16 21:53:00,2017-04-16 22:10:00,B2.6,POINT(-87 23),10000,2017-04-16 21:58:00,POINT(-87 23),-87.0,23.0,0.39073112848927377,-0.9192433335425377,
5724,2017-04-16,2017-04-16 22:28:00,2017-04-16 23:50:00,B3.9,POINT(-87 19),10000,2017-04-16 23:00:00,POINT(-87 19),-87.0,19.0,0.3255681544571567,-0.9442227752525532,
5725,2017-04-16,2017-04-16 22:38:00,2017-04-16 23:39:00,B4.0,POINT(-87 18),10000,2017-04-16 23:05:00,POINT(-87 18),-87.0,18.0,0.3090169943749474,-0.9497531263931349,
5726,2017-04-17,2017-04-17 01:28:00,2017-04-17 01:46:00,B3.6,POINT(-87 23),10000,2017-04-17 01:39:00,POINT(-87 23),-87.0,23.0,0.39073112848927377,-0.9192433335425377,
5727,2017-04-17,2017-04-17 02:17:00,2017-04-17 03:10:00,C2.0,POINT(-88 13),10000,2017-04-17 02:46:00,POINT(-88 13),-88.0,13.0,0.224951054343865,-0.9737765048683662,
5728,2017-04-17,2017-04-17 05:54:00,2017-04-17 06:02:00,B4.0,POINT(-88 9),10000,2017-04-17 05:58:00,POINT(-88 9),-88.0,9.0,0.15643446504023087,-0.987086667544493,
5729,2017-04-17,2017-04-17 07:13:00,2017-04-17 07:27:00,B7.1,POINT(-88 9),10000,2017-04-17 07:21:00,POINT(-88 9),-88.0,9.0,0.15643446504023087,-0.987086667544493,
5730,2017-04-17,2017-04-17 14:40:00,2017-04-17 14:50:00,B3.6,POINT(-88 8),10000,2017-04-17 14:46:00,POINT(-88 8),-88.0,8.0,0.13917310096006544,-0.9896648241902408,
5731,2017-04-17,2017-04-17 16:24:00,2017-04-17 16:33:00,B3.2,POINT(-88 9),10000,2017-04-17 16:30:00,POINT(-88 9),-88.0,9.0,0.15643446504023087,-0.987086667544493,
5732,2017-04-17,2017-04-17 18:46:00,2017-04-17 19:06:00,B5.7,POINT(-79 23),10000,2017-04-17 18:53:00,POINT(-79 23),-79.0,23.0,0.39073112848927377,-0.9035925866444238,
5733,2017-04-17,2017-04-17 21:21:00,2017-04-17 21:53:00,B7.5,POINT(-88 9),10000,2017-04-17 21:42:00,POINT(-88 9),-88.0,9.0,0.15643446504023087,-0.987086667544493,
5734,2017-04-17,2017-04-17 23:39:00,2017-04-17 23:48:00,B2.0,POINT(-88 10),10000,2017-04-17 23:44:00,POINT(-88 10),-88.0,10.0,0.17364817766693033,-0.9842078347376879,
5735,2017-04-18,2017-04-18 02:18:00,2017-04-18 02:26:00,B1.7,POINT(-86 14),10000,2017-04-18 02:22:00,POINT(-86 14),-86.0,14.0,0.24192189559966773,-0.9679321346536808,
5736,2017-04-18,2017-04-18 05:31:00,2017-04-18 05:42:00,B5.6,POINT(-82 14),10000,2017-04-18 05:37:00,POINT(-82 14),-82.0,14.0,0.24192189559966773,-0.9608528749675305,
5747,2017-04-20,2017-04-20 08:42:00,2017-04-20 08:53:00,B1.9,POINT(-42 25),10000,2017-04-20 08:46:00,POINT(-42 25),-42.0,25.0,0.42261826174069944,-0.6064382790875885,
5757,2017-04-21,2017-04-21 22:03:00,2017-04-21 22:09:00,B2.2,POINT(-78 -8),10000,2017-04-21 22:07:00,POINT(-78 -8),-78.0,-8.0,-0.13917310096006544,-0.9686283355228663,
5765,2017-04-23,2017-04-23 15:47:00,2017-04-23 16:12:00,B1.8,POINT(1 25),10000,2017-04-23 15:57:00,POINT(1 25),1.0,25.0,0.42261826174069944,0.015817251856638605,
5770,2017-04-25,2017-04-25 05:39:00,2017-04-25 05:50:00,B1.0,POINT(22 25),10000,2017-04-25 05:42:00,POINT(22 25),22.0,25.0,0.42261826174069944,0.3395088726881133,
5783,2017-04-30,2017-04-30 18:27:00,2017-04-30 18:37:00,B1.9,POINT(71 21),12652,2017-04-30 18:32:00,POINT(71 21),71.0,21.0,0.35836794954530027,0.8827176350690368,
5784,2017-04-30,2017-04-30 23:44:00,2017-04-30 23:50:00,B1.1,POINT(-88 12),10000,2017-04-30 23:48:00,POINT(-88 12),-88.0,12.0,0.20791169081775934,-0.9775517396441024,
5785,2017-05-01,2017-05-01 03:55:00,2017-05-01 04:05:00,B9.9,POINT(76 21),12652,2017-05-01 04:00:00,POINT(76 21),76.0,21.0,0.35836794954530027,0.9058490979651569,
5786,2017-05-01,2017-05-01 09:05:00,2017-05-01 09:15:00,B1.4,POINT(79 21),12652,2017-05-01 09:11:00,POINT(79 21),79.0,21.0,0.35836794954530027,0.916427924584317,
5787,2017-05-01,2017-05-01 12:58:00,2017-05-01 13:09:00,B2.9,POINT(81 21),12652,2017-05-01 13:03:00,POINT(81 21),81.0,21.0,0.35836794954530027,0.9220865022591221,
5804,2017-05-14,2017-05-14 09:20:00,2017-05-14 09:40:00,A5.2,POINT(-88 -26),10000,2017-05-14 09:30:00,POINT(-88 -26),-88.0,-26.0,-0.4383711467890774,-0.898246525250764,
5838,2017-05-31,2017-05-31 08:52:00,2017-05-31 09:48:00,B4.4,POINT(-89 7),10000,2017-05-31 09:26:00,POINT(-89 7),-89.0,7.0,0.12186934340514748,-0.9923949820549218,
5839,2017-05-31,2017-05-31 11:33:00,2017-05-31 11:40:00,B6.4,POINT(-89 5),10000,2017-05-31 11:40:00,POINT(-89 5),-89.0,5.0,0.08715574274765817,-0.9960429728140489,
5840,2017-05-31,2017-05-31 14:40:00,2017-05-31 14:50:00,B2.4,POINT(-89 4),10000,2017-05-31 14:45:00,POINT(-89 4),-89.0,4.0,0.0697564737441253,-0.9974121164231596,
5841,2017-05-31,2017-05-31 15:51:00,2017-05-31 16:12:00,B3.0,POINT(-89 5),10000,2017-05-31 15:56:00,POINT(-89 5),-89.0,5.0,0.08715574274765817,-0.9960429728140489,
5842,2017-05-31,2017-05-31 17:23:00,2017-05-31 17:36:00,B3.1,POINT(-89 5),10000,2017-05-31 17:31:00,POINT(-89 5),-89.0,5.0,0.08715574274765817,-0.9960429728140489,
5843,2017-05-31,2017-05-31 17:48:00,2017-05-31 17:56:00,B4.1,POINT(-89 4),10000,2017-05-31 17:54:00,POINT(-89 4),-89.0,4.0,0.0697564737441253,-0.9974121164231596,
5844,2017-05-31,2017-05-31 18:14:00,2017-05-31 18:25:00,B3.5,POINT(-89 6),10000,2017-05-31 18:18:00,POINT(-89 6),-89.0,6.0,0.10452846326765347,-0.9943704248665338,
5845,2017-05-31,2017-05-31 18:41:00,2017-05-31 18:57:00,C1.3,POINT(-89 4),10000,2017-05-31 18:48:00,POINT(-89 4),-89.0,4.0,0.0697564737441253,-0.9974121164231596,
5848,2017-07-02,2017-07-02 12:23:00,2017-07-02 12:59:00,B3.1,POINT(89 16),10000,2017-07-02 12:39:00,POINT(89 16),89.0,16.0,0.27563735581699916,0.961115291126052,
5849,2017-07-03,2017-07-03 13:31:00,2017-07-03 13:37:00,B6.2,POINT(89 2),10000,2017-07-03 13:35:00,POINT(89 2),89.0,2.0,0.03489949670250097,0.9992386149554826,
5850,2017-07-03,2017-07-03 15:37:00,2017-07-03 16:18:00,M1.3,POINT(89 3),10000,2017-07-03 16:15:00,POINT(89 3),89.0,3.0,0.052335956242943835,0.9984774386394599,
5851,2017-07-03,2017-07-03 17:47:00,2017-07-03 18:02:00,B9.2,POINT(89 2),10000,2017-07-03 17:58:00,POINT(89 2),89.0,2.0,0.03489949670250097,0.9992386149554826,
5852,2017-07-03,2017-07-03 18:12:00,2017-07-03 18:21:00,B8.7,POINT(89 3),10000,2017-07-03 18:17:00,POINT(89 3),89.0,3.0,0.052335956242943835,0.9984774386394599,
5853,2017-07-03,2017-07-03 19:13:00,2017-07-03 19:22:00,B2.6,POINT(89 2),10000,2017-07-03 19:17:00,POINT(89 2),89.0,2.0,0.03489949670250097,0.9992386149554826,
5854,2017-07-03,2017-07-03 20:51:00,2017-07-03 20:56:00,B1.5,POINT(89 3),10000,2017-07-03 20:52:00,POINT(89 3),89.0,3.0,0.052335956242943835,0.9984774386394599,
5855,2017-07-04,2017-07-04 01:43:00,2017-07-04 02:23:00,B6.9,POINT(89 2),10000,2017-07-04 01:53:00,POINT(89 2),89.0,2.0,0.03489949670250097,0.9992386149554826,
5856,2017-07-04,2017-07-04 04:05:00,2017-07-04 04:44:00,C1.1,POINT(89 2),10000,2017-07-04 04:25:00,POINT(89 2),89.0,2.0,0.03489949670250097,0.9992386149554826,
5897,2017-07-09,2017-07-09 11:44:00,2017-07-09 12:28:00,C5.3,POINT(-30 -7),12665,2017-07-09 12:00:00,POINT(-30 -7),-30.0,-7.0,-0.12186934340514748,-0.49627307582066094,
5925,2017-07-13,2017-07-13 17:50:00,2017-07-13 18:02:00,B6.1,POINT(68 11),10000,2017-07-13 17:55:00,POINT(68 11),68.0,11.0,0.1908089953765448,0.910148875696544,
5926,2017-07-13,2017-07-13 19:32:00,2017-07-13 19:49:00,B5.8,POINT(70 11),10000,2017-07-13 19:40:00,POINT(70 11),70.0,11.0,0.1908089953765448,0.9224278206486249,
5927,2017-07-13,2017-07-13 20:01:00,2017-07-13 20:11:00,C8.4,POINT(68 11),10000,2017-07-13 20:05:00,POINT(68 11),68.0,11.0,0.1908089953765448,0.910148875696544,
5928,2017-07-13,2017-07-13 20:44:00,2017-07-13 20:52:00,B5.7,POINT(69 12),10000,2017-07-13 20:48:00,POINT(69 12),69.0,12.0,0.20791169081775934,0.9131794542702809,
5929,2017-07-13,2017-07-13 21:27:00,2017-07-13 21:33:00,C2.0,POINT(69 12),10000,2017-07-13 21:31:00,POINT(69 12),69.0,12.0,0.20791169081775934,0.9131794542702809,
5983,2017-07-23,2017-07-23 07:34:00,2017-07-23 07:39:00,B1.5,POINT(-89 3),10000,2017-07-23 07:35:00,POINT(-89 3),-89.0,3.0,0.052335956242943835,-0.9984774386394599,
5984,2017-07-23,2017-07-23 22:31:00,2017-07-23 22:45:00,B1.3,POINT(-89 2),10000,2017-07-23 22:39:00,POINT(-89 2),-89.0,2.0,0.03489949670250097,-0.9992386149554826,
5985,2017-07-27,2017-07-27 21:07:00,2017-07-27 21:49:00,B1.5,POINT(-30 7),10000,2017-07-27 21:36:00,POINT(-30 7),-30.0,7.0,0.12186934340514748,-0.49627307582066094,
5986,2017-07-31,2017-07-31 03:16:00,2017-07-31 03:29:00,B1.4,POINT(-88 -9),10000,2017-07-31 03:21:00,POINT(-88 -9),-88.0,-9.0,-0.15643446504023087,-0.987086667544493,
5987,2017-07-31,2017-07-31 09:02:00,2017-07-31 09:30:00,B9.2,POINT(-89 -6),10000,2017-07-31 09:12:00,POINT(-89 -6),-89.0,-6.0,-0.10452846326765347,-0.9943704248665338,
5988,2017-07-31,2017-07-31 11:30:00,2017-07-31 12:35:00,B3.0,POINT(-88 -9),10000,2017-07-31 12:09:00,POINT(-88 -9),-88.0,-9.0,-0.15643446504023087,-0.987086667544493,
5989,2017-07-31,2017-07-31 15:53:00,2017-07-31 16:08:00,B3.3,POINT(-88 -7),10000,2017-07-31 15:59:00,POINT(-88 -7),-88.0,-7.0,-0.12186934340514748,-0.9919415193434417,
5990,2017-08-01,2017-08-01 00:25:00,2017-08-01 00:32:00,B4.5,POINT(-89 -4),10000,2017-08-01 00:29:00,POINT(-89 -4),-89.0,-4.0,-0.0697564737441253,-0.9974121164231596,
5991,2017-08-01,2017-08-01 01:15:00,2017-08-01 01:24:00,B2.4,POINT(-88 -7),10000,2017-08-01 01:18:00,POINT(-88 -7),-88.0,-7.0,-0.12186934340514748,-0.9919415193434417,
5992,2017-08-01,2017-08-01 03:19:00,2017-08-01 03:35:00,B7.9,POINT(-89 -4),10000,2017-08-01 03:26:00,POINT(-89 -4),-89.0,-4.0,-0.0697564737441253,-0.9974121164231596,
5993,2017-08-01,2017-08-01 07:39:00,2017-08-01 07:55:00,C1.4,POINT(-89 -4),10000,2017-08-01 07:47:00,POINT(-89 -4),-89.0,-4.0,-0.0697564737441253,-0.9974121164231596,
5994,2017-08-01,2017-08-01 09:50:00,2017-08-01 10:01:00,B2.0,POINT(-89 -4),10000,2017-08-01 09:55:00,POINT(-89 -4),-89.0,-4.0,-0.0697564737441253,-0.9974121164231596,
5995,2017-08-01,2017-08-01 13:08:00,2017-08-01 13:21:00,B2.6,POINT(-89 -4),10000,2017-08-01 13:14:00,POINT(-89 -4),-89.0,-4.0,-0.0697564737441253,-0.9974121164231596,
6010,2017-08-14,2017-08-14 02:05:00,2017-08-14 02:16:00,C1.8,POINT(-89 9),10000,2017-08-14 02:13:00,POINT(-89 9),-89.0,9.0,0.15643446504023087,-0.9875379108768892,
6011,2017-08-14,2017-08-14 03:39:00,2017-08-14 03:55:00,B6.4,POINT(-89 10),10000,2017-08-14 03:48:00,POINT(-89 10),-89.0,10.0,0.17364817766693033,-0.9846577620214009,
6012,2017-08-14,2017-08-14 05:25:00,2017-08-14 06:11:00,B7.5,POINT(-89 10),10000,2017-08-14 05:51:00,POINT(-89 10),-89.0,10.0,0.17364817766693033,-0.9846577620214009,
6013,2017-08-14,2017-08-14 08:21:00,2017-08-14 08:31:00,B3.2,POINT(-89 10),10000,2017-08-14 08:26:00,POINT(-89 10),-89.0,10.0,0.17364817766693033,-0.9846577620214009,
6014,2017-08-14,2017-08-14 09:23:00,2017-08-14 09:37:00,B1.3,POINT(-89 9),10000,2017-08-14 09:27:00,POINT(-89 9),-89.0,9.0,0.15643446504023087,-0.9875379108768892,
6015,2017-08-14,2017-08-14 10:39:00,2017-08-14 10:49:00,C2.7,POINT(-89 10),10000,2017-08-14 10:46:00,POINT(-89 10),-89.0,10.0,0.17364817766693033,-0.9846577620214009,
6016,2017-08-14,2017-08-14 13:31:00,2017-08-14 13:42:00,B2.4,POINT(-89 10),10000,2017-08-14 13:37:00,POINT(-89 10),-89.0,10.0,0.17364817766693033,-0.9846577620214009,
6017,2017-08-14,2017-08-14 14:04:00,2017-08-14 14:15:00,B3.9,POINT(-89 10),10000,2017-08-14 14:11:00,POINT(-89 10),-89.0,10.0,0.17364817766693033,-0.9846577620214009,
6018,2017-08-14,2017-08-14 14:42:00,2017-08-14 14:47:00,B2.8,POINT(-89 10),10000,2017-08-14 14:45:00,POINT(-89 10),-89.0,10.0,0.17364817766693033,-0.9846577620214009,
6019,2017-08-14,2017-08-14 16:20:00,2017-08-14 16:27:00,C1.1,POINT(-89 9),10000,2017-08-14 16:24:00,POINT(-89 9),-89.0,9.0,0.15643446504023087,-0.9875379108768892,
6020,2017-08-14,2017-08-14 18:18:00,2017-08-14 18:27:00,B3.7,POINT(-86 10),10000,2017-08-14 18:22:00,POINT(-86 10),-86.0,10.0,0.17364817766693033,-0.9824088108221348,
6021,2017-08-14,2017-08-14 19:00:00,2017-08-14 19:09:00,B4.1,POINT(-86 10),10000,2017-08-14 19:05:00,POINT(-86 10),-86.0,10.0,0.17364817766693033,-0.9824088108221348,
6063,2017-08-18,2017-08-18 19:49:00,2017-08-18 20:33:00,C4.4,POINT(-89 8),10000,2017-08-18 20:02:00,POINT(-89 8),-89.0,8.0,0.13917310096006544,-0.9901172461182299,
6065,2017-08-19,2017-08-19 01:28:00,2017-08-19 01:50:00,C3.5,POINT(-89 7),10000,2017-08-19 01:37:00,POINT(-89 7),-89.0,7.0,0.12186934340514748,-0.9923949820549218,
6066,2017-08-19,2017-08-19 04:10:00,2017-08-19 05:15:00,C3.1,POINT(-89 8),10000,2017-08-19 04:51:00,POINT(-89 8),-89.0,8.0,0.13917310096006544,-0.9901172461182299,
6067,2017-08-19,2017-08-19 08:59:00,2017-08-19 09:12:00,C1.1,POINT(-89 7),10000,2017-08-19 09:05:00,POINT(-89 7),-89.0,7.0,0.12186934340514748,-0.9923949820549218,
6068,2017-08-19,2017-08-19 10:55:00,2017-08-19 11:13:00,C1.7,POINT(-89 6),10000,2017-08-19 11:05:00,POINT(-89 6),-89.0,6.0,0.10452846326765347,-0.9943704248665338,
6070,2017-08-19,2017-08-19 14:40:00,2017-08-19 14:48:00,B7.2,POINT(-89 6),10000,2017-08-19 14:45:00,POINT(-89 6),-89.0,6.0,0.10452846326765347,-0.9943704248665338,
6071,2017-08-19,2017-08-19 14:48:00,2017-08-19 15:01:00,C2.0,POINT(-89 7),10000,2017-08-19 14:57:00,POINT(-89 7),-89.0,7.0,0.12186934340514748,-0.9923949820549218,
6072,2017-08-19,2017-08-19 15:41:00,2017-08-19 15:54:00,C1.4,POINT(-89 6),10000,2017-08-19 15:47:00,POINT(-89 6),-89.0,6.0,0.10452846326765347,-0.9943704248665338,
6074,2017-08-19,2017-08-19 19:48:00,2017-08-19 19:57:00,C1.3,POINT(-89 7),10000,2017-08-19 19:52:00,POINT(-89 7),-89.0,7.0,0.12186934340514748,-0.9923949820549218,
6076,2017-08-20,2017-08-20 01:36:00,2017-08-20 02:03:00,M1.1,POINT(-89 6),10000,2017-08-20 01:52:00,POINT(-89 6),-89.0,6.0,0.10452846326765347,-0.9943704248665338,
6078,2017-08-20,2017-08-20 06:23:00,2017-08-20 06:31:00,B6.6,POINT(-89 5),10000,2017-08-20 06:27:00,POINT(-89 5),-89.0,5.0,0.08715574274765817,-0.9960429728140489,
6080,2017-08-20,2017-08-20 12:16:00,2017-08-20 12:26:00,B6.1,POINT(-89 3),10000,2017-08-20 12:21:00,POINT(-89 3),-89.0,3.0,0.052335956242943835,-0.9984774386394599,
6081,2017-08-20,2017-08-20 14:40:00,2017-08-20 14:52:00,C1.0,POINT(-89 6),10000,2017-08-20 14:45:00,POINT(-89 6),-89.0,6.0,0.10452846326765347,-0.9943704248665338,
6082,2017-08-20,2017-08-20 14:40:00,2017-08-20 14:52:00,C1.0,POINT(-89 4),10000,2017-08-20 14:45:00,POINT(-89 4),-89.0,4.0,0.0697564737441253,-0.9974121164231596,
6083,2017-08-20,2017-08-20 19:20:00,2017-08-20 19:49:00,C9.4,POINT(-85 6),10000,2017-08-20 19:39:00,POINT(-85 6),-85.0,6.0,0.10452846326765347,-0.9907374393020275,
6084,2017-08-21,2017-08-21 00:50:00,2017-08-21 01:07:00,B4.9,POINT(-78 4),10000,2017-08-21 01:02:00,POINT(-78 4),-78.0,4.0,0.0697564737441253,-0.9757648823399445,
6096,2017-08-22,2017-08-22 07:02:00,2017-08-22 07:11:00,B6.3,POINT(-8 -82),10000,2017-08-22 07:08:00,POINT(-8 -82),-8.0,-82.0,-0.9902680687415704,-0.01936915203084057,
6124,2017-08-25,2017-08-25 07:15:00,2017-08-25 07:46:00,C5.5,POINT(-8 -82),10000,2017-08-25 07:27:00,POINT(-8 -82),-8.0,-82.0,-0.9902680687415704,-0.01936915203084057,
6143,2017-08-27,2017-08-27 16:56:00,2017-08-27 17:16:00,B3.0,POINT(-89 -5),10000,2017-08-27 17:03:00,POINT(-89 -5),-89.0,-5.0,-0.08715574274765817,-0.9960429728140489,
6144,2017-08-27,2017-08-27 17:46:00,2017-08-27 18:30:00,B3.5,POINT(-88 -8),10000,2017-08-27 18:11:00,POINT(-88 -8),-88.0,-8.0,-0.13917310096006544,-0.9896648241902408,
6148,2017-08-28,2017-08-28 09:23:00,2017-08-28 09:38:00,B2.8,POINT(-88 15),10000,2017-08-28 09:28:00,POINT(-88 15),-88.0,15.0,0.25881904510252074,-0.9653374103741355,
6150,2017-08-28,2017-08-28 15:30:00,2017-08-28 16:11:00,B9.5,POINT(-88 14),10000,2017-08-28 15:40:00,POINT(-88 14),-88.0,14.0,0.24192189559966773,-0.9697046483360623,
6151,2017-08-28,2017-08-28 15:33:00,2017-08-28 15:58:00,B9.4,POINT(-88 14),10000,2017-08-28 15:40:00,POINT(-88 14),-88.0,14.0,0.24192189559966773,-0.9697046483360623,
6152,2017-08-28,2017-08-28 16:30:00,2017-08-28 16:49:00,B8.3,POINT(-88 14),10000,2017-08-28 16:38:00,POINT(-88 14),-88.0,14.0,0.24192189559966773,-0.9697046483360623,
6153,2017-08-28,2017-08-28 16:31:00,2017-08-28 16:58:00,B8.6,POINT(-88 14),10000,2017-08-28 16:42:00,POINT(-88 14),-88.0,14.0,0.24192189559966773,-0.9697046483360623,
6154,2017-08-28,2017-08-28 19:57:00,2017-08-28 20:06:00,B6.8,POINT(-88 15),10000,2017-08-28 20:02:00,POINT(-88 15),-88.0,15.0,0.25881904510252074,-0.9653374103741355,
6155,2017-08-28,2017-08-28 23:33:00,2017-08-28 23:44:00,C1.0,POINT(-88 14),10000,2017-08-28 23:43:00,POINT(-88 14),-88.0,14.0,0.24192189559966773,-0.9697046483360623,
6156,2017-08-29,2017-08-29 02:55:00,2017-08-29 03:07:00,C2.8,POINT(-88 13),10000,2017-08-29 03:00:00,POINT(-88 13),-88.0,13.0,0.224951054343865,-0.9737765048683662,
6157,2017-08-29,2017-08-29 04:27:00,2017-08-29 04:54:00,B9.0,POINT(-88 14),10000,2017-08-29 04:30:00,POINT(-88 14),-88.0,14.0,0.24192189559966773,-0.9697046483360623,
6158,2017-08-29,2017-08-29 06:16:00,2017-08-29 06:29:00,C1.0,POINT(-88 15),10000,2017-08-29 06:21:00,POINT(-88 15),-88.0,15.0,0.25881904510252074,-0.9653374103741355,
6159,2017-08-29,2017-08-29 10:20:00,2017-08-29 10:31:00,B4.2,POINT(-88 14),10000,2017-08-29 10:26:00,POINT(-88 14),-88.0,14.0,0.24192189559966773,-0.9697046483360623,
6160,2017-08-29,2017-08-29 10:58:00,2017-08-29 11:17:00,B4.1,POINT(-88 13),10000,2017-08-29 11:02:00,POINT(-88 13),-88.0,13.0,0.224951054343865,-0.9737765048683662,
6165,2017-08-29,2017-08-29 22:14:00,2017-08-29 22:23:00,C1.3,POINT(-84 13),10000,2017-08-29 22:18:00,POINT(-84 13),-84.0,13.0,0.224951054343865,-0.9690323636203194,
6186,2017-09-01,2017-09-01 06:30:00,2017-09-01 06:48:00,B4.6,POINT(-12 -82),10000,2017-09-01 06:37:00,POINT(-12 -82),-12.0,-82.0,-0.9902680687415704,-0.028935714736957937,
6199,2017-09-02,2017-09-02 21:56:00,2017-09-02 22:33:00,C1.5,POINT(88 10),12671,2017-09-02 22:03:00,POINT(88 10),88.0,10.0,0.17364817766693033,0.9842078347376879,
6201,2017-09-03,2017-09-03 08:39:00,2017-09-03 09:48:00,B7.5,POINT(88 11),12671,2017-09-03 09:26:00,POINT(88 11),88.0,11.0,0.1908089953765448,0.9810292026901866,
6222,2017-09-05,2017-09-05 06:33:00,2017-09-05 06:43:00,M3.8,POINT(-8 -82),10000,2017-09-05 06:40:00,POINT(-8 -82),-8.0,-82.0,-0.9902680687415704,-0.01936915203084057,
6257,2017-09-08,2017-09-08 06:35:00,2017-09-08 06:41:00,C1.7,POINT(-10 -82),10000,2017-09-08 06:38:00,POINT(-10 -82),-10.0,-82.0,-0.9902680687415704,-0.02416715536197108,
6274,2017-09-09,2017-09-09 06:23:00,2017-09-09 06:40:00,C1.4,POINT(73 -8),12676,2017-09-09 06:29:00,POINT(73 -8),73.0,-8.0,-0.13917310096006544,0.9469980638158938,
6276,2017-09-09,2017-09-09 07:17:00,2017-09-09 07:40:00,C1.5,POINT(75 -8),12676,2017-09-09 07:27:00,POINT(75 -8),75.0,-8.0,-0.13917310096006544,0.9565255025468813,
6277,2017-09-09,2017-09-09 10:50:00,2017-09-09 11:42:00,M3.7,POINT(74 -8),12676,2017-09-09 11:04:00,POINT(74 -8),74.0,-8.0,-0.13917310096006544,0.9519067631920857,
6292,2017-09-12,2017-09-12 13:57:00,2017-09-12 14:08:00,B3.4,POINT(43 17),12677,2017-09-12 14:00:00,POINT(43 17),43.0,17.0,0.29237170472273677,0.652198275286758,
6298,2017-09-20,2017-09-20 02:51:00,2017-09-20 03:21:00,B1.7,POINT(-87 -15),10000,2017-09-20 02:57:00,POINT(-87 -15),-87.0,-15.0,-0.25881904510252074,-0.9646020585144796,
6314,2017-09-25,2017-09-25 17:09:00,2017-09-25 17:14:00,B2.9,POINT(-77 12),10000,2017-09-25 17:12:00,POINT(-77 12),-77.0,12.0,0.20791169081775934,-0.9530777410965207,
6338,2017-10-05,2017-10-05 11:25:00,2017-10-05 11:31:00,B1.4,POINT(69 -12),12681,2017-10-05 11:29:00,POINT(69 -12),69.0,-12.0,-0.20791169081775934,0.9131794542702809,
6366,2017-10-15,2017-10-15 10:50:00,2017-10-15 11:45:00,A5.3,POINT(77 -64),10000,2017-10-15 11:27:00,POINT(77 -64),77.0,-64.0,-0.898794046299167,0.4271357226968513,
6367,2017-10-18,2017-10-18 08:18:00,2017-10-18 11:45:00,B2.4,POINT(-89 -6),12685,2017-10-18 10:31:00,POINT(-89 -6),-89.0,-6.0,-0.10452846326765347,-0.9943704248665338,
6372,2017-10-21,2017-10-21 19:07:00,2017-10-21 21:54:00,B3.3,POINT(-88 16),10000,2017-10-21 21:06:00,POINT(-88 16),-88.0,16.0,0.27563735581699916,-0.9606761212855751,
6375,2017-11-03,2017-11-03 09:11:00,2017-11-03 13:47:00,A7.8,POINT(-81 8),10000,2017-11-03 12:33:00,POINT(-81 8),-81.0,8.0,0.13917310096006544,-0.9780762255597134,
6376,2017-11-09,2017-11-09 05:20:00,2017-11-09 07:30:00,A4.9,POINT(3 -14),10000,2017-11-09 07:15:00,POINT(3 -14),3.0,-14.0,-0.24192189559966773,0.05078135467309596,
6377,2017-11-12,2017-11-12 20:00:00,2017-11-12 20:29:00,B1.8,POINT(-89 -4),10000,2017-11-12 20:20:00,POINT(-89 -4),-89.0,-4.0,-0.0697564737441253,-0.9974121164231596,
6378,2017-11-12,2017-11-12 22:56:00,2017-11-12 23:03:00,B2.4,POINT(-89 -8),10000,2017-11-12 23:00:00,POINT(-89 -8),-89.0,-8.0,-0.13917310096006544,-0.9901172461182299,
6388,2017-11-21,2017-11-21 01:58:00,2017-11-21 02:11:00,B1.7,POINT(74 11),12688,2017-11-21 02:03:00,POINT(74 11),74.0,11.0,0.1908089953765448,0.9436006111400568,
6389,2017-11-23,2017-11-23 09:06:00,2017-11-23 09:22:00,B1.7,POINT(42 -10),10000,2017-11-23 09:14:00,POINT(42 -10),42.0,-10.0,-0.17364817766693033,0.6589650089199635,
6391,2017-11-25,2017-11-25 05:21:00,2017-11-25 09:54:00,B1.6,POINT(-9 18),10000,2017-11-25 07:46:00,POINT(-9 18),-9.0,18.0,0.3090169943749474,-0.14877801734965795,
6397,2017-12-10,2017-12-10 10:46:00,2017-12-10 11:13:00,B1.5,POINT(-89 -9),10000,2017-12-10 10:54:00,POINT(-89 -9),-89.0,-9.0,-0.15643446504023087,-0.9875379108768892,
6398,2017-12-11,2017-12-11 00:40:00,2017-12-11 00:59:00,B6.2,POINT(-89 -10),10000,2017-12-11 00:52:00,POINT(-89 -10),-89.0,-10.0,-0.17364817766693033,-0.9846577620214009,
6399,2017-12-13,2017-12-13 21:41:00,2017-12-13 21:48:00,B1.2,POINT(-43 -8),10000,2017-12-13 21:44:00,POINT(-43 -8),-43.0,-8.0,-0.13917310096006544,-0.6753611989040085,
6400,2017-12-14,2017-12-14 05:10:00,2017-12-14 06:15:00,B1.2,POINT(-43 -7),10000,2017-12-14 05:24:00,POINT(-43 -7),-43.0,-7.0,-0.12186934340514748,-0.6769148477057255,
6401,2017-12-14,2017-12-14 14:00:00,2017-12-14 15:30:00,A8.5,POINT(-89 14),10000,2017-12-14 14:27:00,POINT(-89 14),-89.0,14.0,0.24192189559966773,-0.9701479455371518,
6402,2017-12-14,2017-12-14 21:28:00,2017-12-14 22:58:00,B1.2,POINT(-89 15),10000,2017-12-14 22:02:00,POINT(-89 15),-89.0,15.0,0.25881904510252074,-0.9657787111071577,
6403,2017-12-14,2017-12-14 21:44:00,2017-12-14 22:25:00,B1.1,POINT(-89 15),10000,2017-12-14 22:08:00,POINT(-89 15),-89.0,15.0,0.25881904510252074,-0.9657787111071577,
6405,2017-12-19,2017-12-19 19:52:00,2017-12-19 20:03:00,B2.4,POINT(-61 17),10000,2017-12-19 19:58:00,POINT(-61 17),-61.0,17.0,0.29237170472273677,-0.8364029855964014,
6407,2017-12-20,2017-12-20 07:56:00,2017-12-20 08:06:00,B1.6,POINT(-54 17),10000,2017-12-20 08:00:00,POINT(-54 17),-54.0,17.0,0.29237170472273677,-0.7736667993756825,
6409,2017-12-20,2017-12-20 18:14:00,2017-12-20 18:27:00,B3.0,POINT(-47 16),10000,2017-12-20 18:15:00,POINT(-47 16),-47.0,16.0,0.27563735581699916,-0.703022299549211,
6410,2017-12-20,2017-12-20 20:49:00,2017-12-20 21:01:00,B1.2,POINT(-46 16),10000,2017-12-20 20:53:00,POINT(-46 16),-46.0,16.0,0.27563735581699916,-0.6914737964294634,
6424,2017-12-28,2017-12-28 22:25:00,2017-12-28 22:33:00,B8.3,POINT(-89 13),10000,2017-12-28 22:29:00,POINT(-89 13),-89.0,13.0,0.224951054343865,-0.9742216635049011,
6425,2017-12-29,2017-12-29 01:14:00,2017-12-29 01:21:00,B1.1,POINT(-84 13),10000,2017-12-29 01:18:00,POINT(-84 13),-84.0,13.0,0.224951054343865,-0.9690323636203194,
6426,2017-12-29,2017-12-29 01:14:00,2017-12-29 01:21:00,B1.1,POINT(-89 13),10000,2017-12-29 01:18:00,POINT(-89 13),-89.0,13.0,0.224951054343865,-0.9742216635049011,
6427,2010-05-01,2010-05-01 01:34:00,2010-05-01 01:43:00,C5.7,POINT(-80.9999999999999 24),10000,2010-05-01 01:39:00,POINT(-80.9999999999999 24),-80.9999999999999,24.0,0.4067366430758002,-0.9022981971172459,
6428,2010-05-01,2010-05-01 05:23:00,2010-05-01 05:31:00,B1.6,POINT(-74.9999999999999 22),10000,2010-05-01 05:27:00,POINT(-74.9999999999999 22),-74.9999999999999,22.0,0.374606593415912,-0.8955908308443071,
6429,2010-05-01,2010-05-01 09:48:00,2010-05-01 09:52:00,B1.0,POINT(-77.9999999999999 25),10000,2010-05-01 09:51:00,POINT(-77.9999999999999 25),-77.9999999999999,25.0,0.42261826174069944,-0.8865027874162636,
6430,2010-05-02,2010-05-02 06:03:00,2010-05-02 06:09:00,B2.9,POINT(-60.9999999999997 24),10000,2010-05-02 06:09:00,POINT(-60.9999999999997 24),-60.9999999999997,24.0,0.4067366430758002,-0.7990048606218946,
6431,2010-05-02,2010-05-02 10:02:00,2010-05-02 10:09:00,B3.8,POINT(17 -34),10000,2010-05-02 10:09:00,POINT(17 -34),17.0,-34.0,-0.5591929034707469,0.2423871283671171,
6432,2010-05-02,2010-05-02 15:09:00,2010-05-02 15:14:00,B1.1,POINT(-87.9999999999998 -18),10000,2010-05-02 15:13:00,POINT(-87.9999999999998 -18),-87.9999999999998,-18.0,-0.3090169943749474,-0.9504771583621136,
6433,2010-05-02,2010-05-02 16:22:00,2010-05-02 16:29:00,B1.9,POINT(-54.9999999999997 23),10000,2010-05-02 16:26:00,POINT(-54.9999999999997 23),-54.9999999999997,23.0,0.39073112848927377,-0.7540334324835026,
6434,2010-05-02,2010-05-02 17:55:00,2010-05-02 17:59:00,B1.2,POINT(-53.9999999999999 25),10000,2010-05-02 17:59:00,POINT(-53.9999999999999 25),-53.9999999999999,25.0,0.42261826174069944,-0.7332184018469996,
6435,2010-05-02,2010-05-02 20:55:00,2010-05-02 21:03:00,B1.4,POINT(-50.9999999999999 24),10000,2010-05-02 21:00:00,POINT(-50.9999999999999 24),-50.9999999999999,24.0,0.4067366430758002,-0.7099581630143065,
6436,2010-05-02,2010-05-02 21:42:00,2010-05-02 21:58:00,B1.5,POINT(-50.9999999999999 24),10000,2010-05-02 21:53:00,POINT(-50.9999999999999 24),-50.9999999999999,24.0,0.4067366430758002,-0.7099581630143065,
6437,2010-05-03,2010-05-03 12:52:00,2010-05-03 12:57:00,B2.0,POINT(-87.9999999999998 -18),10000,2010-05-03 12:54:00,POINT(-87.9999999999998 -18),-87.9999999999998,-18.0,-0.3090169943749474,-0.9504771583621136,
6443,2010-05-04,2010-05-04 11:00:00,2010-05-04 11:08:00,B1.9,POINT(22 40),10000,2010-05-04 11:08:00,POINT(22 40),22.0,40.0,0.6427876096865393,0.2869652992419897,
6444,2010-05-04,2010-05-04 12:05:00,2010-05-04 12:12:00,B1.3,POINT(23 41),10000,2010-05-04 12:09:00,POINT(23 41),23.0,41.0,0.6560590289905073,0.2948885259621098,
6445,2010-05-04,2010-05-04 12:39:00,2010-05-04 12:44:00,B1.7,POINT(24 40),10000,2010-05-04 12:44:00,POINT(24 40),24.0,40.0,0.6427876096865393,0.3115783452410839,
6446,2010-05-04,2010-05-04 14:13:00,2010-05-04 14:20:00,B2.4,POINT(22 40),10000,2010-05-04 14:20:00,POINT(22 40),22.0,40.0,0.6427876096865393,0.2869652992419897,
6447,2010-05-04,2010-05-04 16:15:00,2010-05-04 16:29:00,C3.6,POINT(23 41),10000,2010-05-04 16:29:00,POINT(23 41),23.0,41.0,0.6560590289905073,0.2948885259621098,
6448,2010-05-04,2010-05-04 19:11:00,2010-05-04 19:19:00,B1.1,POINT(31 43),10000,2010-05-04 19:19:00,POINT(31 43),31.0,43.0,0.6819983600624985,0.3766750025602797,
6455,2010-05-05,2010-05-05 17:13:00,2010-05-05 17:22:00,M1.2,POINT(5 21),10000,2010-05-05 17:19:00,POINT(5 21),5.0,21.0,0.35836794954530027,0.0813668954860391,
6460,2010-05-07,2010-05-07 05:55:00,2010-05-07 06:00:00,B1.2,POINT(-35.0000000000001 -19),10000,2010-05-07 05:58:00,POINT(-35.0000000000001 -19),-35.0000000000001,-19.0,-0.3255681544571567,-0.5423271750959746,
6469,2010-05-20,2010-05-20 05:43:00,2010-05-20 06:20:00,A7.0,POINT(75 15),10000,2010-05-20 05:54:00,POINT(75 15),75.0,15.0,0.25881904510252074,0.9330127018922194,
6474,2010-05-23,2010-05-23 16:45:00,2010-05-23 20:30:00,B1.4,POINT(12 19),10000,2010-05-23 18:43:00,POINT(12 19),12.0,19.0,0.3255681544571567,0.1965843657524534,
6475,2010-05-23,2010-05-23 16:45:00,2010-05-23 20:30:00,B1.4,POINT(13 20),10000,2010-05-23 18:43:00,POINT(13 20),13.0,20.0,0.3420201433256687,0.21138484580493982,
6482,2010-05-25,2010-05-25 15:46:00,2010-05-25 15:51:00,B6.5,POINT(33 -15),10000,2010-05-25 15:51:00,POINT(33 -15),33.0,-15.0,-0.25881904510252074,0.5260809099261708,
6483,2010-05-27,2010-05-27 23:00:00,2010-05-27 23:25:00,B1.4,POINT(-60 13),10000,2010-05-27 23:15:00,POINT(-60 13),-60.0,13.0,0.224951054343865,-0.843829228791103,
6485,2010-06-07,2010-06-07 06:27:00,2010-06-07 06:30:00,B2.0,POINT(71 20),10000,2010-06-07 06:30:00,POINT(71 20),71.0,20.0,0.3420201433256687,0.8884968283066811,
6486,2010-06-07,2010-06-07 19:15:00,2010-06-07 19:24:00,B2.0,POINT(-23 15),10000,2010-06-07 19:24:00,POINT(-23 15),-23.0,15.0,0.25881904510252074,-0.3774172881428619,
6487,2010-06-09,2010-06-09 00:07:00,2010-06-09 01:07:00,B2.3,POINT(47 -19),10000,2010-06-09 01:02:00,POINT(47 -19),47.0,-19.0,-0.3255681544571567,0.6915085102142459,
6488,2010-06-09,2010-06-09 03:18:00,2010-06-09 04:05:00,B1.9,POINT(25 -26),10000,2010-06-09 03:37:00,POINT(25 -26),25.0,-26.0,-0.4383711467890774,0.3798467775098437,
6489,2010-06-09,2010-06-09 04:31:00,2010-06-09 04:50:00,B1.8,POINT(-4 15),10000,2010-06-09 04:41:00,POINT(-4 15),-4.0,15.0,0.25881904510252074,-0.06737957954030593,
6491,2010-06-09,2010-06-09 08:39:00,2010-06-09 08:53:00,B2.5,POINT(52 -24),10000,2010-06-09 08:46:00,POINT(52 -24),52.0,-24.0,-0.4067366430758002,0.7198836445309437,
6493,2010-06-09,2010-06-09 13:35:00,2010-06-09 13:50:00,B2.1,POINT(51 -22),10000,2010-06-09 13:43:00,POINT(51 -22),51.0,-22.0,-0.374606593415912,0.7205571881046863,
6498,2010-06-11,2010-06-11 10:51:00,2010-06-11 10:58:00,B1.4,POINT(36 22),11077,2010-06-11 10:55:00,POINT(36 22),36.0,22.0,0.374606593415912,0.5449849958780468,
6499,2010-06-11,2010-06-11 11:58:00,2010-06-11 12:02:00,B3.0,POINT(37 23),11077,2010-06-11 12:01:00,POINT(37 23),37.0,23.0,0.39073112848927377,0.5539736496920532,
6500,2010-06-11,2010-06-11 11:58:00,2010-06-11 12:04:00,B3.0,POINT(-89 23),10000,2010-06-11 12:02:00,POINT(-89 23),-89.0,23.0,0.39073112848927377,-0.9203646561046942,
6501,2010-06-11,2010-06-11 20:34:00,2010-06-11 20:46:00,B4.5,POINT(46 23),11077,2010-06-11 20:46:00,POINT(46 23),46.0,23.0,0.39073112848927377,0.6621557774932377,
6502,2010-06-11,2010-06-11 20:34:00,2010-06-11 20:54:00,B4.5,POINT(46 23),11077,2010-06-11 20:46:00,POINT(46 23),46.0,23.0,0.39073112848927377,0.6621557774932377,
6503,2010-06-11,2010-06-11 23:56:00,2010-06-12 00:04:00,B6.3,POINT(47 22),11077,2010-06-12 00:02:00,POINT(47 22),47.0,22.0,0.374606593415912,0.6780993441189506,
6504,2010-06-12,2010-06-12 00:30:00,2010-06-12 00:33:00,B3.5,POINT(47 23),11077,2010-06-12 00:33:00,POINT(47 23),47.0,23.0,0.39073112848927377,0.6732146319308543,
6507,2010-06-12,2010-06-12 03:57:00,2010-06-12 04:06:00,C1.0,POINT(50 23),11077,2010-06-12 04:06:00,POINT(50 23),50.0,23.0,0.39073112848927377,0.7051476278512911,
6510,2010-06-12,2010-06-12 08:06:00,2010-06-12 08:14:00,B2.4,POINT(52 22),10000,2010-06-12 08:09:00,POINT(52 22),52.0,22.0,0.374606593415912,0.7306308479691596,
6538,2010-06-17,2010-06-17 17:33:00,2010-06-17 17:58:00,B1.1,POINT(-9 22),10000,2010-06-17 17:42:00,POINT(-9 22),-9.0,22.0,0.374606593415912,-0.14504351028309462,
6542,2010-06-18,2010-06-18 22:15:00,2010-06-19 00:30:00,A6.2,POINT(-89 24),10000,2010-06-18 23:00:00,POINT(-89 24),-89.0,24.0,0.4067366430758002,-0.9134063202445452,
6543,2010-06-19,2010-06-19 23:05:00,2010-06-20 02:45:00,A6.4,POINT(-89 29),10000,2010-06-20 02:41:00,POINT(-89 29),-89.0,29.0,0.48480962024633706,-0.8744864983216828,
6544,2010-06-21,2010-06-21 08:57:00,2010-06-21 10:00:00,A9.2,POINT(-89 13),10000,2010-06-21 09:22:00,POINT(-89 13),-89.0,13.0,0.224951054343865,-0.9742216635049011,
6550,2010-06-23,2010-06-23 14:30:00,2010-06-23 19:00:00,A8.2,POINT(-88 35),10000,2010-06-23 18:05:00,POINT(-88 35),-88.0,35.0,0.573576436351046,-0.8186530389963584,
6553,2010-06-25,2010-06-25 22:42:00,2010-06-25 22:46:00,B1.5,POINT(44 16),10000,2010-06-25 22:46:00,POINT(44 16),44.0,16.0,0.27563735581699916,0.6677484832851647,
6554,2010-06-25,2010-06-25 23:12:00,2010-06-25 23:28:00,B1.8,POINT(-88 -20),10000,2010-06-25 23:17:00,POINT(-88 -20),-88.0,-20.0,-0.3420201433256687,-0.9391201854309705,
6555,2010-06-26,2010-06-26 02:45:00,2010-06-26 02:52:00,B1.0,POINT(-88 -20),10000,2010-06-26 02:50:00,POINT(-88 -20),-88.0,-20.0,-0.3420201433256687,-0.9391201854309705,
6556,2010-06-27,2010-06-27 03:14:00,2010-06-27 03:17:00,B1.5,POINT(59 19),10000,2010-06-27 03:16:00,POINT(59 19),59.0,19.0,0.3255681544571567,0.8104676052101726,
6557,2010-06-29,2010-06-29 15:23:00,2010-06-29 16:05:00,B1.3,POINT(18 16),10000,2010-06-29 15:53:00,POINT(18 16),18.0,16.0,0.27563735581699916,0.29704620008662386,
6558,2010-06-29,2010-06-29 15:24:00,2010-06-29 17:42:00,B1.4,POINT(18 16),10000,2010-06-29 15:52:00,POINT(18 16),18.0,16.0,0.27563735581699916,0.29704620008662386,
6561,2010-07-05,2010-07-05 14:30:00,2010-07-05 18:45:00,A6.4,POINT(-86 -38),10000,2010-07-05 18:44:00,POINT(-86 -38),-86.0,-38.0,-0.6156614753256583,-0.7860911990162178,
6562,2010-07-05,2010-07-05 18:00:00,2010-07-05 22:00:00,B1.1,POINT(52 18),10000,2010-07-05 21:25:00,POINT(52 18),52.0,18.0,0.3090169943749474,0.7494427621283276,
6566,2010-07-07,2010-07-07 20:41:00,2010-07-07 20:48:00,B2.2,POINT(-88 20),10000,2010-07-07 20:45:00,POINT(-88 20),-88.0,20.0,0.3420201433256687,-0.9391201854309705,
6567,2010-07-07,2010-07-07 21:39:00,2010-07-07 21:45:00,B1.6,POINT(-89 18),10000,2010-07-07 21:44:00,POINT(-89 18),-89.0,18.0,0.3090169943749474,-0.9509116657811761,
6568,2010-07-07,2010-07-07 22:27:00,2010-07-07 22:32:00,B2.9,POINT(-88 20),10000,2010-07-07 22:31:00,POINT(-88 20),-88.0,20.0,0.3420201433256687,-0.9391201854309705,
6569,2010-07-08,2010-07-08 01:19:00,2010-07-08 01:27:00,B4.1,POINT(-89 18),10000,2010-07-08 01:26:00,POINT(-89 18),-89.0,18.0,0.3090169943749474,-0.9509116657811761,
6570,2010-07-08,2010-07-08 02:53:00,2010-07-08 02:59:00,B6.3,POINT(-89 19),10000,2010-07-08 02:59:00,POINT(-89 19),-89.0,19.0,0.3255681544571567,-0.945374568540531,
6571,2010-07-08,2010-07-08 22:03:00,2010-07-08 22:24:00,C1.2,POINT(-88 24),10000,2010-07-08 22:16:00,POINT(-88 24),-88.0,24.0,0.4067366430758002,-0.9129889504329772,
6572,2010-07-08,2010-07-08 23:57:00,2010-07-09 00:06:00,B3.3,POINT(42 18),10000,2010-07-09 00:02:00,POINT(42 18),42.0,18.0,0.3090169943749474,0.6363810234301194,
6573,2010-07-09,2010-07-09 01:44:00,2010-07-09 01:58:00,B3.0,POINT(-88 22),10000,2010-07-09 01:49:00,POINT(-88 22),-88.0,22.0,0.374606593415912,-0.9266190392142547,
6574,2010-07-09,2010-07-09 03:08:00,2010-07-09 03:43:00,B2.1,POINT(-88 21),10000,2010-07-09 03:18:00,POINT(-88 21),-88.0,21.0,0.35836794954530027,-0.9330117145258786,
6575,2010-07-09,2010-07-09 04:50:00,2010-07-09 06:29:00,B3.2,POINT(-88 23),10000,2010-07-09 05:25:00,POINT(-88 23),-88.0,23.0,0.39073112848927377,-0.919944106766926,
6576,2010-07-09,2010-07-09 08:53:00,2010-07-09 09:01:00,C1.8,POINT(-86 21),10000,2010-07-09 09:01:00,POINT(-86 21),-86.0,21.0,0.35836794954530027,-0.9313062714998427,
6577,2010-07-09,2010-07-09 15:00:00,2010-07-09 15:14:00,B7.7,POINT(-84 21),10000,2010-07-09 15:14:00,POINT(-84 21),-84.0,21.0,0.35836794954530027,-0.928466175238718,
6578,2010-07-09,2010-07-09 19:26:00,2010-07-09 19:44:00,C3.3,POINT(-77 22),10000,2010-07-09 19:43:00,POINT(-77 22),-77.0,22.0,0.374606593415912,-0.9034201924420648,
6579,2010-07-09,2010-07-09 22:19:00,2010-07-09 22:26:00,B6.9,POINT(-75 21),10000,2010-07-09 22:22:00,POINT(-75 21),-75.0,21.0,0.35836794954530027,-0.9017694448716104,
6581,2010-07-10,2010-07-10 08:25:00,2010-07-10 11:15:00,B4.1,POINT(-75 19),10000,2010-07-10 09:07:00,POINT(-75 19),-75.0,19.0,0.3255681544571567,-0.913300811407433,
6582,2010-07-10,2010-07-10 20:06:00,2010-07-10 20:24:00,B3.0,POINT(-68 21),10000,2010-07-10 20:13:00,POINT(-68 21),-68.0,21.0,0.35836794954530027,-0.8656006983877809,
6583,2010-07-10,2010-07-10 22:34:00,2010-07-10 22:49:00,B7.2,POINT(-65 21),10000,2010-07-10 22:49:00,POINT(-65 21),-65.0,21.0,0.35836794954530027,-0.8461112103594107,
6584,2010-07-11,2010-07-11 00:42:00,2010-07-11 00:48:00,B2.9,POINT(-58 22),10000,2010-07-11 00:48:00,POINT(-58 22),-58.0,22.0,0.374606593415912,-0.7862965026523406,
6585,2010-07-11,2010-07-11 15:58:00,2010-07-11 16:08:00,B4.2,POINT(-53 22),10000,2010-07-11 16:02:00,POINT(-53 22),-53.0,22.0,0.374606593415912,-0.7404819505995612,
6586,2010-07-11,2010-07-11 20:44:00,2010-07-11 22:45:00,B3.9,POINT(-52 21),10000,2010-07-11 21:26:00,POINT(-52 21),-52.0,21.0,0.35836794954530027,-0.7356714154365449,
6594,2010-07-13,2010-07-13 14:32:00,2010-07-13 16:45:00,B2.3,POINT(-20 -20),10000,2010-07-13 15:08:00,POINT(-20 -20),-20.0,-20.0,-0.3420201433256687,-0.3213938048432697,
6595,2010-07-14,2010-07-14 04:18:00,2010-07-14 04:23:00,B2.4,POINT(-19 21),10000,2010-07-14 04:21:00,POINT(-19 21),-19.0,21.0,0.35836794954530027,-0.3039440564920192,
6600,2010-07-16,2010-07-16 23:29:00,2010-07-16 23:36:00,B1.4,POINT(-88 -18),10000,2010-07-16 23:33:00,POINT(-88 -18),-88.0,-18.0,-0.3090169943749474,-0.9504771583621137,
6601,2010-07-17,2010-07-17 00:17:00,2010-07-17 00:20:00,B1.3,POINT(22 22),10000,2010-07-17 00:20:00,POINT(22 22),22.0,22.0,0.374606593415912,0.3473291852294986,
6602,2010-07-17,2010-07-17 17:27:00,2010-07-17 18:01:00,C2.4,POINT(36 19),10000,2010-07-17 18:01:00,POINT(36 19),36.0,19.0,0.3255681544571567,0.5557618745058643,
6603,2010-07-18,2010-07-18 01:04:00,2010-07-18 02:38:00,B1.9,POINT(-87 -24),10000,2010-07-18 01:29:00,POINT(-87 -24),-87.0,-24.0,-0.4067366430758002,-0.9122934753427847,
6604,2010-07-18,2010-07-18 19:24:00,2010-07-18 19:27:00,B2.1,POINT(-87 -21),10000,2010-07-18 19:26:00,POINT(-87 -21),-87.0,-21.0,-0.35836794954530027,-0.9323009869688772,
6605,2010-07-19,2010-07-19 02:03:00,2010-07-19 02:11:00,B2.5,POINT(-87 -24),10000,2010-07-19 02:08:00,POINT(-87 -24),-87.0,-24.0,-0.4067366430758002,-0.9122934753427847,
6606,2010-07-19,2010-07-19 04:45:00,2010-07-19 04:54:00,B4.5,POINT(-87 -22),10000,2010-07-19 04:51:00,POINT(-87 -22),-87.0,-22.0,-0.374606593415912,-0.9259131813179834,
6607,2010-07-19,2010-07-19 06:21:00,2010-07-19 06:24:00,B2.5,POINT(-80 -22),10000,2010-07-19 06:24:00,POINT(-80 -22),-80.0,-22.0,-0.374606593415912,-0.9130978484451158,
6608,2010-07-19,2010-07-19 07:27:00,2010-07-19 08:43:00,B5.5,POINT(54 20),10000,2010-07-19 07:52:00,POINT(54 20),54.0,20.0,0.3420201433256687,0.760227299704533,
6609,2010-07-19,2010-07-19 16:55:00,2010-07-19 17:00:00,B2.8,POINT(-74 -22),10000,2010-07-19 16:58:00,POINT(-74 -22),-74.0,-22.0,-0.374606593415912,-0.8912663244874977,
6610,2010-07-20,2010-07-20 04:08:00,2010-07-20 04:15:00,B2.2,POINT(-72 -23),10000,2010-07-20 04:12:00,POINT(-72 -23),-72.0,-23.0,-0.39073112848927377,-0.8754521391572587,
6611,2010-07-20,2010-07-20 05:02:00,2010-07-20 05:08:00,B3.1,POINT(-71 -21),10000,2010-07-20 05:08:00,POINT(-71 -21),-71.0,-21.0,-0.35836794954530027,-0.8827176350690368,
6612,2010-07-20,2010-07-20 09:16:00,2010-07-20 10:03:00,B8.0,POINT(-69 -23),10000,2010-07-20 09:42:00,POINT(-69 -23),-69.0,-23.0,-0.39073112848927377,-0.8593653136788735,
6613,2010-07-20,2010-07-20 11:23:00,2010-07-20 11:30:00,B5.6,POINT(-68 -22),10000,2010-07-20 11:30:00,POINT(-68 -22),-68.0,-22.0,-0.374606593415912,-0.8596699001693257,
6615,2010-07-20,2010-07-20 13:38:00,2010-07-20 13:45:00,C1.4,POINT(-66 -21),10000,2010-07-20 13:45:00,POINT(-66 -21),-66.0,-21.0,-0.35836794954530027,-0.8528681579705607,
6616,2010-07-20,2010-07-20 18:52:00,2010-07-20 18:55:00,B8.0,POINT(79 14),10000,2010-07-20 18:55:00,POINT(79 14),79.0,14.0,0.24192189559966773,0.952468660895612,
6621,2010-07-23,2010-07-23 01:30:00,2010-07-23 01:38:00,B3.6,POINT(-35 -24),10000,2010-07-23 01:38:00,POINT(-35 -24),-35.0,-24.0,-0.4067366430758002,-0.5239881480393285,
6622,2010-07-23,2010-07-23 08:48:00,2010-07-23 08:56:00,B3.6,POINT(-30 -23),10000,2010-07-23 08:56:00,POINT(-30 -23),-30.0,-23.0,-0.39073112848927377,-0.46025242672622013,
6625,2010-07-24,2010-07-24 04:30:00,2010-07-24 04:34:00,B3.1,POINT(-66 22),10000,2010-07-24 04:34:00,POINT(-66 22),-66.0,22.0,0.374606593415912,-0.8470245987390465,
6629,2010-07-26,2010-07-26 04:11:00,2010-07-26 04:18:00,B3.8,POINT(62 12),11087,2010-07-26 04:15:00,POINT(62 12),62.0,12.0,0.20791169081775934,0.8636530695286484,
6630,2010-07-26,2010-07-26 04:54:00,2010-07-26 04:59:00,B2.3,POINT(61 12),11087,2010-07-26 04:57:00,POINT(61 12),61.0,12.0,0.20791169081775934,0.8555071680929037,
6639,2010-07-27,2010-07-27 09:45:00,2010-07-27 10:29:00,B4.2,POINT(-88 20),10000,2010-07-27 09:54:00,POINT(-88 20),-88.0,20.0,0.3420201433256687,-0.9391201854309705,
6652,2010-07-30,2010-07-30 22:32:00,2010-07-30 22:37:00,B4.1,POINT(72 -25),10000,2010-07-30 22:36:00,POINT(72 -25),72.0,-25.0,-0.42261826174069944,0.8619499266302462,
6658,2010-08-01,2010-08-01 03:38:00,2010-08-01 03:50:00,B4.5,POINT(-14 14),10000,2010-08-01 03:50:00,POINT(-14 14),-14.0,14.0,0.24192189559966773,-0.2347357813929454,
6662,2010-08-02,2010-08-02 19:28:00,2010-08-02 21:22:00,B1.8,POINT(-15 22),10000,2010-08-02 20:24:00,POINT(-15 22),-15.0,22.0,0.374606593415912,-0.2399728398734504,
6663,2010-08-03,2010-08-03 20:45:00,2010-08-03 20:51:00,B1.5,POINT(-85 9),10000,2010-08-03 20:48:00,POINT(-85 9),-85.0,9.0,0.15643446504023087,-0.9839298882679104,
6664,2010-08-04,2010-08-04 02:36:00,2010-08-04 02:42:00,B2.0,POINT(-82 9),10000,2010-08-04 02:39:00,POINT(-82 9),-82.0,9.0,0.15643446504023087,-0.9780762255597134,
6665,2010-08-04,2010-08-04 02:51:00,2010-08-04 02:58:00,B6.6,POINT(-79 9),10000,2010-08-04 02:54:00,POINT(-79 9),-79.0,9.0,0.15643446504023087,-0.9695417239025022,
6666,2010-08-04,2010-08-04 09:13:00,2010-08-04 09:20:00,B6.5,POINT(-83 13),10000,2010-08-04 09:20:00,POINT(-83 13),-83.0,13.0,0.224951054343865,-0.9671072580770909,
6667,2010-08-04,2010-08-04 19:02:00,2010-08-04 19:09:00,B4.9,POINT(-63 -16),10000,2010-08-04 19:06:00,POINT(-63 -16),-63.0,-16.0,-0.27563735581699916,-0.8564904425334172,
6668,2010-08-04,2010-08-04 22:15:00,2010-08-04 22:23:00,B2.3,POINT(-61 -16),10000,2010-08-04 22:20:00,POINT(-61 -16),-61.0,-16.0,-0.27563735581699916,-0.8407384229858913,
6669,2010-08-05,2010-08-05 00:16:00,2010-08-05 00:26:00,B2.8,POINT(17 20),10000,2010-08-05 00:26:00,POINT(17 20),17.0,20.0,0.3420201433256687,0.27473953345455226,
6670,2010-08-05,2010-08-05 20:37:00,2010-08-05 22:20:00,C1.4,POINT(-73 18),10000,2010-08-05 21:35:00,POINT(-73 18),-73.0,18.0,0.3090169943749474,-0.9094998697226915,
6671,2010-08-05,2010-08-05 22:23:00,2010-08-05 22:30:00,B5.7,POINT(57 23),10000,2010-08-05 22:27:00,POINT(57 23),57.0,23.0,0.39073112848927377,0.7720003282414775,
6672,2010-08-06,2010-08-06 01:14:00,2010-08-06 01:57:00,B5.6,POINT(-67 20),10000,2010-08-06 01:36:00,POINT(-67 20),-67.0,20.0,0.3420201433256687,-0.8649916181868723,
6673,2010-08-06,2010-08-06 02:03:00,2010-08-06 02:09:00,B4.5,POINT(-64 20),10000,2010-08-06 02:07:00,POINT(-64 20),-64.0,20.0,0.3420201433256687,-0.8445901329136354,
6675,2010-08-06,2010-08-06 15:21:00,2010-08-06 15:35:00,B3.5,POINT(-60 16),10000,2010-08-06 15:27:00,POINT(-60 16),-60.0,16.0,0.27563735581699916,-0.8324770483674968,
6683,2010-08-09,2010-08-09 02:14:00,2010-08-09 02:37:00,B1.8,POINT(-86 27),10000,2010-08-09 02:25:00,POINT(-86 27),-86.0,27.0,0.45399049973954675,-0.8888360770772763,
6688,2010-08-12,2010-08-12 00:30:00,2010-08-12 00:44:00,B2.5,POINT(52 23),10000,2010-08-12 00:35:00,POINT(52 23),52.0,23.0,0.39073112848927377,0.7253677232677027,
6690,2010-08-13,2010-08-13 15:25:00,2010-08-13 17:21:00,B1.8,POINT(-87 -18),10000,2010-08-13 15:44:00,POINT(-87 -18),-87.0,-18.0,-0.3090169943749474,-0.9497531263931349,
6691,2010-08-13,2010-08-13 15:28:00,2010-08-13 16:31:00,B1.7,POINT(-87 -18),10000,2010-08-13 15:44:00,POINT(-87 -18),-87.0,-18.0,-0.3090169943749474,-0.9497531263931349,
6692,2010-08-13,2010-08-13 21:48:00,2010-08-13 21:55:00,B3.4,POINT(43 19),10000,2010-08-13 21:55:00,POINT(43 19),43.0,19.0,0.3255681544571567,0.6448421179673636,
6696,2010-08-14,2010-08-14 03:52:00,2010-08-14 04:01:00,B2.5,POINT(-87 -21),10000,2010-08-14 04:01:00,POINT(-87 -21),-87.0,-21.0,-0.35836794954530027,-0.9323009869688772,
6699,2010-08-14,2010-08-14 18:03:00,2010-08-14 18:10:00,C1.6,POINT(52 19),10000,2010-08-14 18:08:00,POINT(52 19),52.0,19.0,0.3255681544571567,0.7450788053071721,
6701,2010-08-15,2010-08-15 05:44:00,2010-08-15 07:10:00,B6.7,POINT(-86 -24),10000,2010-08-15 06:29:00,POINT(-86 -24),-86.0,-24.0,-0.4067366430758002,-0.9113201068224176,
6702,2010-08-15,2010-08-15 08:16:00,2010-08-15 08:23:00,B4.9,POINT(-87 -21),10000,2010-08-15 08:20:00,POINT(-87 -21),-87.0,-21.0,-0.35836794954530027,-0.9323009869688772,
6719,2010-08-17,2010-08-17 10:44:00,2010-08-17 10:50:00,B5.1,POINT(-85 -32),10000,2010-08-17 10:50:00,POINT(-85 -32),-85.0,-32.0,-0.5299192642332049,-0.8448210171178303,
6722,2010-08-17,2010-08-17 23:05:00,2010-08-18 00:22:00,C1.5,POINT(88 17),10000,2010-08-18 00:01:00,POINT(88 17),88.0,17.0,0.29237170472273677,0.9557222009441926,
6723,2010-08-18,2010-08-18 04:45:00,2010-08-18 06:51:00,C4.5,POINT(88 18),10000,2010-08-18 05:48:00,POINT(88 18),88.0,18.0,0.3090169943749474,0.9504771583621137,
6724,2010-08-18,2010-08-18 22:17:00,2010-08-18 22:27:00,B3.3,POINT(-57 -19),10000,2010-08-18 22:27:00,POINT(-57 -19),-57.0,-19.0,-0.3255681544571567,-0.7929786008008274,
6726,2010-08-27,2010-08-27 22:55:00,2010-08-27 23:01:00,B1.1,POINT(87 -20),10000,2010-08-27 22:59:00,POINT(87 -20),87.0,-20.0,-0.3420201433256687,0.9384048047077379,
6729,2010-08-30,2010-08-30 15:15:00,2010-08-30 15:22:00,B1.4,POINT(-88 18),10000,2010-08-30 15:18:00,POINT(-88 18),-88.0,18.0,0.3090169943749474,-0.9504771583621137,
6730,2010-08-30,2010-08-30 15:15:00,2010-08-30 15:30:00,B1.4,POINT(-30 -37),10000,2010-08-30 15:22:00,POINT(-30 -37),-30.0,-37.0,-0.6018150231520483,-0.39931775502364636,
6741,2010-09-04,2010-09-04 07:51:00,2010-09-04 07:55:00,B1.8,POINT(85 23),10000,2010-09-04 07:55:00,POINT(85 23),85.0,23.0,0.39073112848927377,0.9170020545770403,
6742,2010-09-04,2010-09-04 14:31:00,2010-09-04 14:38:00,B2.5,POINT(87 22),10000,2010-09-04 14:35:00,POINT(87 22),87.0,22.0,0.374606593415912,0.9259131813179834,
6752,2010-09-05,2010-09-05 12:16:00,2010-09-05 12:23:00,B3.3,POINT(84 25),10000,2010-09-05 12:23:00,POINT(84 25),84.0,25.0,0.42261826174069944,0.9013429381507145,
6754,2010-09-05,2010-09-05 21:43:00,2010-09-05 21:52:00,B2.4,POINT(51 19),10000,2010-09-05 21:48:00,POINT(51 19),51.0,19.0,0.3255681544571567,0.7348059425095567,
6755,2010-09-05,2010-09-05 22:26:00,2010-09-05 22:37:00,B1.8,POINT(51 18),10000,2010-09-05 22:32:00,POINT(51 18),51.0,18.0,0.3090169943749474,0.7391097307561144,
6756,2010-09-06,2010-09-06 00:26:00,2010-09-06 00:42:00,B2.1,POINT(52 18),10000,2010-09-06 00:34:00,POINT(52 18),52.0,18.0,0.3090169943749474,0.7494427621283276,
6758,2010-09-06,2010-09-06 05:10:00,2010-09-06 05:15:00,B2.5,POINT(56 19),10000,2010-09-06 05:15:00,POINT(56 19),56.0,19.0,0.3255681544571567,0.7838704247205583,
6759,2010-09-06,2010-09-06 06:32:00,2010-09-06 07:32:00,B1.7,POINT(64 21),10000,2010-09-06 07:28:00,POINT(64 21),64.0,21.0,0.35836794954530027,0.8390965290771221,
6760,2010-09-06,2010-09-06 09:09:00,2010-09-06 09:30:00,B5.3,POINT(57 20),10000,2010-09-06 09:22:00,POINT(57 20),57.0,20.0,0.3420201433256687,0.7880925439686418,
6765,2010-09-07,2010-09-07 08:52:00,2010-09-07 09:00:00,B2.1,POINT(13 18),10000,2010-09-07 08:57:00,POINT(13 18),13.0,18.0,0.3090169943749474,0.213941166081198,
6769,2010-09-10,2010-09-10 00:36:00,2010-09-10 00:56:00,B2.3,POINT(-86 -21),10000,2010-09-10 00:52:00,POINT(-86 -21),-86.0,-21.0,-0.35836794954530027,-0.9313062714998427,
6770,2010-09-10,2010-09-10 02:52:00,2010-09-10 03:02:00,B3.2,POINT(3 -33),10000,2010-09-10 02:58:00,POINT(3 -33),3.0,-33.0,-0.5446390350150271,0.04389262614623657,
6771,2010-09-10,2010-09-10 05:32:00,2010-09-10 05:43:00,B2.0,POINT(-87 -15),10000,2010-09-10 05:36:00,POINT(-87 -15),-87.0,-15.0,-0.25881904510252074,-0.9646020585144796,
6772,2010-09-10,2010-09-10 06:11:00,2010-09-10 06:19:00,B2.1,POINT(-86 -22),10000,2010-09-10 06:17:00,POINT(-86 -22),-86.0,-22.0,-0.374606593415912,-0.9249252812971602,
6773,2010-09-10,2010-09-10 07:15:00,2010-09-10 07:27:00,B4.2,POINT(-86 -21),10000,2010-09-10 07:23:00,POINT(-86 -21),-86.0,-21.0,-0.35836794954530027,-0.9313062714998427,
6774,2010-09-10,2010-09-10 07:18:00,2010-09-10 07:26:00,B4.2,POINT(-86 -20),10000,2010-09-10 07:23:00,POINT(-86 -20),-86.0,-20.0,-0.3420201433256687,-0.9374035767904598,
6775,2010-09-10,2010-09-10 15:19:00,2010-09-10 15:23:00,B2.4,POINT(-87 -18),10000,2010-09-10 15:23:00,POINT(-87 -18),-87.0,-18.0,-0.3090169943749474,-0.9497531263931349,
6776,2010-09-10,2010-09-10 16:15:00,2010-09-10 16:22:00,B2.9,POINT(-87 -19),10000,2010-09-10 16:19:00,POINT(-87 -19),-87.0,-19.0,-0.3255681544571567,-0.9442227752525532,
6777,2010-09-10,2010-09-10 21:15:00,2010-09-10 21:21:00,B4.2,POINT(-86 -22),10000,2010-09-10 21:18:00,POINT(-86 -22),-86.0,-22.0,-0.374606593415912,-0.9249252812971602,
6778,2010-09-10,2010-09-10 23:09:00,2010-09-10 23:25:00,B5.5,POINT(-84 -18),10000,2010-09-10 23:18:00,POINT(-84 -18),-84.0,-18.0,-0.3090169943749474,-0.9458465291882032,
6779,2010-09-11,2010-09-11 01:11:00,2010-09-11 01:17:00,B3.1,POINT(-87 -20),10000,2010-09-11 01:15:00,POINT(-87 -20),-87.0,-20.0,-0.3420201433256687,-0.9384048047077379,
6780,2010-09-11,2010-09-11 03:20:00,2010-09-11 03:28:00,B4.3,POINT(-86 -20),10000,2010-09-11 03:27:00,POINT(-86 -20),-86.0,-20.0,-0.3420201433256687,-0.9374035767904598,
6781,2010-09-11,2010-09-11 08:10:00,2010-09-11 08:18:00,B5.0,POINT(-87 -19),10000,2010-09-11 08:14:00,POINT(-87 -19),-87.0,-19.0,-0.3255681544571567,-0.9442227752525532,
6782,2010-09-11,2010-09-11 10:30:00,2010-09-11 10:39:00,B2.1,POINT(-86 -21),10000,2010-09-11 10:33:00,POINT(-86 -21),-86.0,-21.0,-0.35836794954530027,-0.9313062714998427,
6783,2010-09-11,2010-09-11 18:01:00,2010-09-11 18:10:00,B3.6,POINT(-86 -20),10000,2010-09-11 18:05:00,POINT(-86 -20),-86.0,-20.0,-0.3420201433256687,-0.9374035767904598,
6784,2010-09-12,2010-09-12 16:20:00,2010-09-12 16:33:00,B1.7,POINT(-63 -20),10000,2010-09-12 16:29:00,POINT(-63 -20),-63.0,-20.0,-0.3420201433256687,-0.8372722558519102,
6785,2010-09-12,2010-09-12 21:10:00,2010-09-12 21:18:00,B1.9,POINT(-60 -20),10000,2010-09-12 21:14:00,POINT(-60 -20),-60.0,-20.0,-0.3420201433256687,-0.8137976813493737,
6788,2010-09-15,2010-09-15 04:43:00,2010-09-15 05:25:00,B5.0,POINT(53 -7),10000,2010-09-15 05:08:00,POINT(53 -7),53.0,-7.0,-0.12186934340514748,0.7926826020615448,
6790,2010-09-15,2010-09-15 08:32:00,2010-09-15 08:52:00,B2.8,POINT(-28 -20),10000,2010-09-15 08:42:00,POINT(-28 -20),-28.0,-20.0,-0.3420201433256687,-0.4411589632187299,
6791,2010-09-15,2010-09-15 17:08:00,2010-09-15 17:15:00,B9.1,POINT(-85 -29),10000,2010-09-15 17:15:00,POINT(-85 -29),-85.0,-29.0,-0.48480962024633706,-0.8712915150988213,
6792,2010-09-15,2010-09-15 21:56:00,2010-09-15 22:01:00,B3.4,POINT(-12 -22),10000,2010-09-15 21:59:00,POINT(-12 -22),-12.0,-22.0,-0.374606593415912,-0.19277236290190825,
6793,2010-09-15,2010-09-15 22:20:00,2010-09-15 22:25:00,B5.3,POINT(-85 -29),10000,2010-09-15 22:25:00,POINT(-85 -29),-85.0,-29.0,-0.48480962024633706,-0.8712915150988213,
6794,2010-09-16,2010-09-16 06:21:00,2010-09-16 07:37:00,B1.9,POINT(-81 -29),10000,2010-09-16 07:36:00,POINT(-81 -29),-81.0,-29.0,-0.48480962024633706,-0.8638516871963151,
6795,2010-09-16,2010-09-16 09:09:00,2010-09-16 09:14:00,B3.1,POINT(-49 -20),10000,2010-09-16 09:12:00,POINT(-49 -20),-49.0,-20.0,-0.3420201433256687,-0.7091950233717694,
6797,2010-09-16,2010-09-16 13:52:00,2010-09-16 14:04:00,B3.6,POINT(-86 -26),10000,2010-09-16 14:00:00,POINT(-86 -26),-86.0,-26.0,-0.4383711467890774,-0.896604629175613,
6799,2010-09-16,2010-09-16 22:29:00,2010-09-16 22:34:00,B4.6,POINT(-76 -27),10000,2010-09-16 22:34:00,POINT(-76 -27),-76.0,-27.0,-0.45399049973954675,-0.8645398225040036,
6805,2010-09-18,2010-09-18 06:18:00,2010-09-18 09:05:00,B4.2,POINT(73 -18),10000,2010-09-18 08:52:00,POINT(73 -18),73.0,-18.0,-0.3090169943749474,0.9094998697226915,
6807,2010-09-19,2010-09-19 02:47:00,2010-09-19 03:05:00,B2.4,POINT(10 18),11107,2010-09-19 02:56:00,POINT(10 18),10.0,18.0,0.3090169943749474,0.16514923091291264,
6808,2010-09-19,2010-09-19 06:38:00,2010-09-19 08:04:00,B3.6,POINT(48 -62),10000,2010-09-19 07:16:00,POINT(48 -62),48.0,-62.0,-0.8829475928589269,0.3488853625931204,
6809,2010-09-19,2010-09-19 06:49:00,2010-09-19 07:50:00,B3.6,POINT(12 -82),10000,2010-09-19 07:16:00,POINT(12 -82),12.0,-82.0,-0.9902680687415704,0.028935714736957937,
6810,2010-09-20,2010-09-20 18:11:00,2010-09-20 18:16:00,B3.7,POINT(-87 21),10000,2010-09-20 18:14:00,POINT(-87 21),-87.0,21.0,0.35836794954530027,-0.9323009869688772,
6811,2010-09-20,2010-09-20 19:34:00,2010-09-20 19:45:00,C2.1,POINT(-87 19),10000,2010-09-20 19:45:00,POINT(-87 19),-87.0,19.0,0.3255681544571567,-0.9442227752525532,
6812,2010-09-20,2010-09-20 20:59:00,2010-09-20 21:05:00,C1.2,POINT(-87 20),10000,2010-09-20 21:03:00,POINT(-87 20),-87.0,20.0,0.3420201433256687,-0.9384048047077379,
6813,2010-09-20,2010-09-20 22:19:00,2010-09-20 22:27:00,C1.0,POINT(-87 20),10000,2010-09-20 22:25:00,POINT(-87 20),-87.0,20.0,0.3420201433256687,-0.9384048047077379,
6814,2010-09-20,2010-09-20 23:38:00,2010-09-20 23:45:00,B8.2,POINT(-87 19),10000,2010-09-20 23:43:00,POINT(-87 19),-87.0,19.0,0.3255681544571567,-0.9442227752525532,
6815,2010-09-21,2010-09-21 00:25:00,2010-09-21 03:30:00,B7.1,POINT(-86 25),10000,2010-09-21 01:30:00,POINT(-86 25),-86.0,25.0,0.42261826174069944,-0.9041000668182987,
6816,2010-09-21,2010-09-21 05:57:00,2010-09-21 06:08:00,B9.0,POINT(-87 19),10000,2010-09-21 06:08:00,POINT(-87 19),-87.0,19.0,0.3255681544571567,-0.9442227752525532,
6817,2010-09-21,2010-09-21 07:35:00,2010-09-21 08:20:00,C1.4,POINT(-87 23),10000,2010-09-21 07:53:00,POINT(-87 23),-87.0,23.0,0.39073112848927377,-0.9192433335425377,
6818,2010-09-21,2010-09-21 07:38:00,2010-09-21 08:09:00,C1.4,POINT(-87 23),10000,2010-09-21 07:53:00,POINT(-87 23),-87.0,23.0,0.39073112848927377,-0.9192433335425377,
6819,2010-09-21,2010-09-21 17:55:00,2010-09-21 18:01:00,B4.4,POINT(-87 23),10000,2010-09-21 17:59:00,POINT(-87 23),-87.0,23.0,0.39073112848927377,-0.9192433335425377,
6821,2010-09-22,2010-09-22 04:26:00,2010-09-22 05:37:00,B8.5,POINT(-87 21),10000,2010-09-22 05:09:00,POINT(-87 21),-87.0,21.0,0.35836794954530027,-0.9323009869688772,
6822,2010-09-22,2010-09-22 04:31:00,2010-09-22 05:45:00,B8.6,POINT(-87 21),10000,2010-09-22 05:09:00,POINT(-87 21),-87.0,21.0,0.35836794954530027,-0.9323009869688772,
6825,2010-09-24,2010-09-24 06:16:00,2010-09-24 07:32:00,B1.6,POINT(15 -27),10000,2010-09-24 07:32:00,POINT(15 -27),15.0,-27.0,-0.45399049973954675,0.23060945777054942,
6827,2010-09-25,2010-09-25 01:45:00,2010-09-25 02:50:00,B4.1,POINT(86 -26),10000,2010-09-25 02:23:00,POINT(86 -26),86.0,-26.0,-0.4383711467890774,0.896604629175613,
6834,2010-09-26,2010-09-26 14:11:00,2010-09-26 14:16:00,B3.3,POINT(-2 21),10000,2010-09-26 14:16:00,POINT(-2 21),-2.0,21.0,0.35836794954530027,-0.03258148701605854,
6841,2010-09-27,2010-09-27 21:36:00,2010-09-27 21:42:00,B1.9,POINT(-87 22),10000,2010-09-27 21:39:00,POINT(-87 22),-87.0,22.0,0.374606593415912,-0.9259131813179834,
6854,2010-09-29,2010-09-29 13:11:00,2010-09-29 13:18:00,B2.5,POINT(88 15),10000,2010-09-29 13:14:00,POINT(88 15),88.0,15.0,0.25881904510252074,0.9653374103741355,
6865,2010-10-03,2010-10-03 03:50:00,2010-10-03 05:00:00,B2.4,POINT(87 19),10000,2010-10-03 04:38:00,POINT(87 19),87.0,19.0,0.3255681544571567,0.9442227752525532,
6866,2010-10-03,2010-10-03 04:05:00,2010-10-03 05:26:00,B2.4,POINT(87 19),10000,2010-10-03 04:38:00,POINT(87 19),87.0,19.0,0.3255681544571567,0.9442227752525532,
6867,2010-10-03,2010-10-03 21:43:00,2010-10-03 21:46:00,B1.7,POINT(72 23),10000,2010-10-03 21:46:00,POINT(72 23),72.0,23.0,0.39073112848927377,0.8754521391572587,
6868,2010-10-04,2010-10-04 05:43:00,2010-10-04 05:47:00,B1.4,POINT(-5 25),10000,2010-10-04 05:47:00,POINT(-5 25),-5.0,25.0,0.42261826174069944,-0.07898992833716563,
6869,2010-10-04,2010-10-04 09:35:00,2010-10-04 09:40:00,B3.8,POINT(82 22),10000,2010-10-04 09:40:00,POINT(82 22),82.0,22.0,0.374606593415912,0.9181605650302176,
6870,2010-10-04,2010-10-04 15:07:00,2010-10-04 15:10:00,B1.2,POINT(0 24),10000,2010-10-04 15:10:00,POINT(0 24),0.0,24.0,0.4067366430758002,0.0,
6871,2010-10-04,2010-10-04 16:28:00,2010-10-04 16:35:00,C2.3,POINT(87 22),10000,2010-10-04 16:35:00,POINT(87 22),87.0,22.0,0.374606593415912,0.9259131813179834,
6876,2010-10-05,2010-10-05 11:16:00,2010-10-05 11:24:00,B2.3,POINT(87 22),10000,2010-10-05 11:24:00,POINT(87 22),87.0,22.0,0.374606593415912,0.9259131813179834,
6878,2010-10-05,2010-10-05 19:01:00,2010-10-05 19:12:00,B1.0,POINT(87 21),10000,2010-10-05 19:12:00,POINT(87 21),87.0,21.0,0.35836794954530027,0.9323009869688772,
6879,2010-10-06,2010-10-06 04:40:00,2010-10-06 06:15:00,B1.4,POINT(-87 -17),10000,2010-10-06 06:10:00,POINT(-87 -17),-87.0,-17.0,-0.29237170472273677,-0.9549941735309524,
6880,2010-10-06,2010-10-06 15:09:00,2010-10-06 18:01:00,B1.2,POINT(30 22),10000,2010-10-06 16:20:00,POINT(30 22),30.0,22.0,0.374606593415912,0.46359192728339366,
6881,2010-10-07,2010-10-07 18:41:00,2010-10-07 18:51:00,B1.2,POINT(23 21),10000,2010-10-07 18:51:00,POINT(23 21),23.0,21.0,0.35836794954530027,0.36477893358074914,
6882,2010-10-07,2010-10-07 23:40:00,2010-10-07 23:45:00,B1.5,POINT(-87 -20),10000,2010-10-07 23:45:00,POINT(-87 -20),-87.0,-20.0,-0.3420201433256687,-0.9384048047077379,
6883,2010-10-08,2010-10-08 04:56:00,2010-10-08 05:08:00,B1.6,POINT(-87 -22),10000,2010-10-08 05:01:00,POINT(-87 -22),-87.0,-22.0,-0.374606593415912,-0.9259131813179834,
6884,2010-10-09,2010-10-09 17:55:00,2010-10-09 18:03:00,B3.2,POINT(-66 -22),10000,2010-10-09 17:58:00,POINT(-66 -22),-66.0,-22.0,-0.374606593415912,-0.8470245987390465,
6885,2010-10-10,2010-10-10 06:40:00,2010-10-10 06:55:00,B2.3,POINT(-62 -21),10000,2010-10-10 06:48:00,POINT(-62 -21),-62.0,-21.0,-0.35836794954530027,-0.8243025903159146,
6886,2010-10-10,2010-10-10 07:57:00,2010-10-10 08:08:00,B1.2,POINT(-61 -21),10000,2010-10-10 08:04:00,POINT(-61 -21),-61.0,-21.0,-0.35836794954530027,-0.8165278392140548,
6887,2010-10-10,2010-10-10 08:39:00,2010-10-10 08:48:00,B1.8,POINT(-61 -20),10000,2010-10-10 08:44:00,POINT(-61 -20),-61.0,-20.0,-0.3420201433256687,-0.8218736847928225,
6888,2010-10-10,2010-10-10 09:35:00,2010-10-10 09:47:00,B5.5,POINT(-61 -21),10000,2010-10-10 09:42:00,POINT(-61 -21),-61.0,-21.0,-0.35836794954530027,-0.8165278392140548,
6889,2010-10-10,2010-10-10 16:35:00,2010-10-10 16:39:00,B1.2,POINT(-52 -19),10000,2010-10-10 16:39:00,POINT(-52 -19),-52.0,-19.0,-0.3255681544571567,-0.7450788053071721,
6890,2010-10-10,2010-10-10 17:32:00,2010-10-10 17:35:00,B1.1,POINT(-57 -21),10000,2010-10-10 17:35:00,POINT(-57 -21),-57.0,-21.0,-0.35836794954530027,-0.7829664265131394,
6891,2010-10-10,2010-10-10 19:00:00,2010-10-11 01:30:00,A9.4,POINT(-33 -15),10000,2010-10-10 20:03:00,POINT(-33 -15),-33.0,-15.0,-0.25881904510252074,-0.5260809099261708,
6892,2010-10-13,2010-10-13 11:40:00,2010-10-13 11:45:00,B2.0,POINT(-88 18),10000,2010-10-13 11:45:00,POINT(-88 18),-88.0,18.0,0.3090169943749474,-0.9504771583621137,
6893,2010-10-13,2010-10-13 11:59:00,2010-10-13 12:06:00,B1.3,POINT(-88 15),10000,2010-10-13 12:03:00,POINT(-88 15),-88.0,15.0,0.25881904510252074,-0.9653374103741355,
6894,2010-10-13,2010-10-13 14:48:00,2010-10-13 14:58:00,B2.1,POINT(-28 30),10000,2010-10-13 14:58:00,POINT(-28 30),-28.0,30.0,0.49999999999999994,-0.4065742997269626,
6895,2010-10-13,2010-10-13 16:00:00,2010-10-13 16:27:00,B4.0,POINT(-83 18),10000,2010-10-13 16:27:00,POINT(-83 18),-83.0,18.0,0.3090169943749474,-0.9439674852421569,
6896,2010-10-13,2010-10-13 22:07:00,2010-10-13 22:13:00,B1.1,POINT(-80 17),10000,2010-10-13 22:10:00,POINT(-80 17),-80.0,17.0,0.29237170472273677,-0.9417763379148448,
6901,2010-10-15,2010-10-15 07:48:00,2010-10-15 07:55:00,B1.0,POINT(-83 -33),10000,2010-10-15 07:52:00,POINT(-83 -33),-83.0,-33.0,-0.5446390350150271,-0.8324192447090725,
6902,2010-10-15,2010-10-15 08:13:00,2010-10-15 08:21:00,B1.2,POINT(4 -19),10000,2010-10-15 08:17:00,POINT(4 -19),4.0,-19.0,-0.3255681544571567,0.0659560416933765,
6905,2010-10-15,2010-10-15 22:54:00,2010-10-15 23:06:00,B1.2,POINT(12 -19),10000,2010-10-15 22:57:00,POINT(12 -19),12.0,-19.0,-0.3255681544571567,0.1965843657524534,
6906,2010-10-16,2010-10-16 00:05:00,2010-10-16 00:51:00,B1.9,POINT(11 -19),10000,2010-10-16 00:33:00,POINT(11 -19),11.0,-19.0,-0.3255681544571567,0.18041344951996727,
6907,2010-10-16,2010-10-16 01:31:00,2010-10-16 02:02:00,B2.6,POINT(12 -20),10000,2010-10-16 01:46:00,POINT(12 -20),12.0,-20.0,-0.3420201433256687,0.19537308163656977,
6908,2010-10-16,2010-10-16 01:41:00,2010-10-16 01:55:00,B2.6,POINT(12 -19),10000,2010-10-16 01:46:00,POINT(12 -19),12.0,-19.0,-0.3255681544571567,0.1965843657524534,
6909,2010-10-16,2010-10-16 16:53:00,2010-10-16 16:57:00,B2.0,POINT(22 -19),10000,2010-10-16 16:57:00,POINT(22 -19),22.0,-19.0,-0.3255681544571567,0.35419749261672556,
6913,2010-10-17,2010-10-17 03:55:00,2010-10-17 04:40:00,B3.4,POINT(30 -18),10000,2010-10-17 04:19:00,POINT(30 -18),30.0,-18.0,-0.3090169943749474,0.4755282581475767,
6914,2010-10-17,2010-10-17 08:26:00,2010-10-17 08:33:00,B1.7,POINT(30 -19),10000,2010-10-17 08:30:00,POINT(30 -19),30.0,-19.0,-0.3255681544571567,0.47275928779965837,
6915,2010-10-17,2010-10-17 08:52:00,2010-10-17 08:59:00,C1.7,POINT(33 -18),10000,2010-10-17 08:59:00,POINT(33 -18),33.0,-18.0,-0.3090169943749474,0.5179825032797458,
6916,2010-10-17,2010-10-17 10:26:00,2010-10-17 10:29:00,B1.7,POINT(34 -18),10000,2010-10-17 10:29:00,POINT(34 -18),34.0,-18.0,-0.3090169943749474,0.5318240547118607,
6919,2010-10-18,2010-10-18 05:42:00,2010-10-18 05:51:00,B4.4,POINT(52 -24),10000,2010-10-18 05:51:00,POINT(52 -24),52.0,-24.0,-0.4067366430758002,0.7198836445309437,
6920,2010-10-18,2010-10-18 11:25:00,2010-10-18 11:40:00,C1.2,POINT(32 -32),10000,2010-10-18 11:40:00,POINT(32 -32),32.0,-32.0,-0.5299192642332049,0.44939702314958346,
6922,2010-10-18,2010-10-18 15:26:00,2010-10-18 17:00:00,C2.5,POINT(60 -23),10000,2010-10-18 16:43:00,POINT(60 -23),60.0,-23.0,-0.39073112848927377,0.7971805873966852,
6923,2010-10-18,2010-10-18 21:25:00,2010-10-18 21:39:00,C1.2,POINT(62 -22),10000,2010-10-18 21:39:00,POINT(62 -22),62.0,-22.0,-0.374606593415912,0.8186547525274063,
6924,2010-10-19,2010-10-19 02:37:00,2010-10-19 02:44:00,B7.3,POINT(63 -21),10000,2010-10-19 02:44:00,POINT(63 -21),63.0,-21.0,-0.35836794954530027,0.8318262508635657,
6926,2010-10-19,2010-10-19 09:21:00,2010-10-19 10:45:00,C1.0,POINT(6 17),10000,2010-10-19 10:14:00,POINT(6 17),6.0,17.0,0.29237170472273677,0.09996106655636447,
6942,2010-10-21,2010-10-21 08:46:00,2010-10-21 08:52:00,B2.3,POINT(-58 29),10000,2010-10-21 08:52:00,POINT(-58 29),-58.0,29.0,0.48480962024633706,-0.7417195775004554,
6943,2010-10-21,2010-10-21 17:28:00,2010-10-21 17:48:00,B2.0,POINT(87 -19),10000,2010-10-21 17:40:00,POINT(87 -19),87.0,-19.0,-0.3255681544571567,0.9442227752525532,
6945,2010-10-21,2010-10-21 20:35:00,2010-10-21 20:40:00,B1.7,POINT(-32 -6),10000,2010-10-21 20:40:00,POINT(-32 -6),-32.0,-6.0,-0.10452846326765347,-0.5270163110573678,
6946,2010-10-21,2010-10-21 22:12:00,2010-10-21 23:16:00,B2.1,POINT(-88 19),10000,2010-10-21 23:15:00,POINT(-88 19),-88.0,19.0,0.3255681544571567,-0.9449425912301187,
6947,2010-10-21,2010-10-21 23:08:00,2010-10-21 23:40:00,B2.6,POINT(-84 20),10000,2010-10-21 23:17:00,POINT(-84 20),-84.0,20.0,0.3420201433256687,-0.9345448862875817,
6948,2010-10-22,2010-10-22 00:35:00,2010-10-22 04:10:00,B2.2,POINT(-88 22),10000,2010-10-22 01:55:00,POINT(-88 22),-88.0,22.0,0.374606593415912,-0.9266190392142547,
6949,2010-10-22,2010-10-22 07:54:00,2010-10-22 08:07:00,B1.4,POINT(-49 21),10000,2010-10-22 07:59:00,POINT(-49 21),-49.0,21.0,0.35836794954530027,-0.7045820917858996,
6950,2010-10-22,2010-10-22 13:30:00,2010-10-22 13:33:00,B1.0,POINT(-38 23),10000,2010-10-22 13:33:00,POINT(-38 23),-38.0,23.0,0.39073112848927377,-0.5667193761209584,
6952,2010-10-22,2010-10-22 22:41:00,2010-10-22 22:55:00,B1.8,POINT(24 -27),10000,2010-10-22 22:49:00,POINT(24 -27),24.0,-27.0,-0.45399049973954675,0.3624050026070135,
6954,2010-10-23,2010-10-23 00:20:00,2010-10-23 00:27:00,B1.0,POINT(-40 20),10000,2010-10-23 00:23:00,POINT(-40 20),-40.0,20.0,0.3420201433256687,-0.6040227735550536,
6955,2010-10-23,2010-10-23 13:14:00,2010-10-23 13:21:00,B1.4,POINT(-31 21),10000,2010-10-23 13:18:00,POINT(-31 21),-31.0,21.0,0.35836794954530027,-0.4808294656368261,
6957,2010-10-23,2010-10-23 19:41:00,2010-10-23 20:35:00,B4.7,POINT(-30 23),10000,2010-10-23 20:11:00,POINT(-30 23),-30.0,23.0,0.39073112848927377,-0.46025242672622013,
6958,2010-10-24,2010-10-24 09:22:00,2010-10-24 09:35:00,B2.4,POINT(-20 20),10000,2010-10-24 09:26:00,POINT(-20 20),-20.0,20.0,0.3420201433256687,-0.3213938048432697,
6959,2010-10-24,2010-10-24 10:46:00,2010-10-24 10:51:00,B2.5,POINT(-20 20),10000,2010-10-24 10:49:00,POINT(-20 20),-20.0,20.0,0.3420201433256687,-0.3213938048432697,
6960,2010-10-24,2010-10-24 11:44:00,2010-10-24 12:02:00,B4.1,POINT(-18 20),10000,2010-10-24 12:02:00,POINT(-18 20),-18.0,20.0,0.3420201433256687,-0.29038098931157863,
6961,2010-10-24,2010-10-24 12:17:00,2010-10-24 12:23:00,B4.0,POINT(-17 21),10000,2010-10-24 12:19:00,POINT(-17 21),-17.0,21.0,0.35836794954530027,-0.27295250079076655,
6962,2010-10-24,2010-10-24 12:54:00,2010-10-24 13:05:00,B3.3,POINT(-15 21),10000,2010-10-24 12:59:00,POINT(-15 21),-15.0,21.0,0.35836794954530027,-0.2416283945124098,
6963,2010-10-24,2010-10-24 13:55:00,2010-10-24 14:04:00,B3.8,POINT(-17 20),10000,2010-10-24 14:01:00,POINT(-17 20),-17.0,20.0,0.3420201433256687,-0.27473953345455226,
6964,2010-10-24,2010-10-24 14:27:00,2010-10-24 14:33:00,B1.9,POINT(-17 20),10000,2010-10-24 14:29:00,POINT(-17 20),-17.0,20.0,0.3420201433256687,-0.27473953345455226,
6965,2010-10-24,2010-10-24 16:39:00,2010-10-24 16:47:00,B1.4,POINT(-16 19),10000,2010-10-24 16:45:00,POINT(-16 19),-16.0,19.0,0.3255681544571567,-0.2606202400540511,
6966,2010-10-24,2010-10-24 17:25:00,2010-10-24 17:32:00,B1.9,POINT(-15 20),10000,2010-10-24 17:29:00,POINT(-15 20),-15.0,20.0,0.3420201433256687,-0.24321034680169396,
6967,2010-10-24,2010-10-24 19:37:00,2010-10-24 19:43:00,B1.4,POINT(-11 21),10000,2010-10-24 19:40:00,POINT(-11 21),-11.0,21.0,0.35836794954530027,-0.1781355432831373,
6968,2010-10-24,2010-10-24 21:40:00,2010-10-24 21:46:00,B3.0,POINT(-12 22),10000,2010-10-24 21:44:00,POINT(-12 22),-12.0,22.0,0.374606593415912,-0.19277236290190825,
6969,2010-10-25,2010-10-25 03:44:00,2010-10-25 04:33:00,B1.7,POINT(14 24),10000,2010-10-25 04:06:00,POINT(14 24),14.0,24.0,0.4067366430758002,0.22100664882936397,
6971,2010-10-25,2010-10-25 08:06:00,2010-10-25 08:23:00,B3.1,POINT(-6 20),10000,2010-10-25 08:17:00,POINT(-6 20),-6.0,20.0,0.3420201433256687,-0.09822462559470485,
6973,2010-10-25,2010-10-25 13:14:00,2010-10-25 13:22:00,B2.7,POINT(-3 20),10000,2010-10-25 13:18:00,POINT(-3 20),-3.0,20.0,0.3420201433256687,-0.049179711883268515,
6975,2010-10-25,2010-10-25 21:46:00,2010-10-25 21:53:00,B6.9,POINT(0 19),10000,2010-10-25 21:53:00,POINT(0 19),0.0,19.0,0.3255681544571567,0.0,
6976,2010-10-25,2010-10-25 22:06:00,2010-10-25 22:18:00,C2.3,POINT(1 22),10000,2010-10-25 22:12:00,POINT(1 22),1.0,22.0,0.374606593415912,0.01618158947198674,
6977,2010-10-26,2010-10-26 00:04:00,2010-10-26 00:11:00,B5.2,POINT(1 19),10000,2010-10-26 00:09:00,POINT(1 19),1.0,19.0,0.3255681544571567,0.016501574475360655,
6978,2010-10-26,2010-10-26 01:06:00,2010-10-26 01:19:00,C1.1,POINT(2 19),10000,2010-10-26 01:13:00,POINT(2 19),2.0,19.0,0.3255681544571567,0.03299812241128177,
6979,2010-10-26,2010-10-26 02:14:00,2010-10-26 02:19:00,B3.8,POINT(2 19),10000,2010-10-26 02:17:00,POINT(2 19),2.0,19.0,0.3255681544571567,0.03299812241128177,
6983,2010-10-26,2010-10-26 06:34:00,2010-10-26 06:44:00,B2.8,POINT(5 19),10000,2010-10-26 06:38:00,POINT(5 19),5.0,19.0,0.3255681544571567,0.08240737373806624,
6984,2010-10-26,2010-10-26 07:24:00,2010-10-26 07:29:00,B4.8,POINT(4 19),10000,2010-10-26 07:29:00,POINT(4 19),4.0,19.0,0.3255681544571567,0.0659560416933765,
6988,2010-10-26,2010-10-26 14:48:00,2010-10-26 14:56:00,B2.1,POINT(10 21),10000,2010-10-26 14:53:00,POINT(10 21),10.0,21.0,0.35836794954530027,0.1621145397667547,
6990,2010-10-26,2010-10-26 23:07:00,2010-10-26 23:12:00,B2.2,POINT(77 -28),10000,2010-10-26 23:09:00,POINT(77 -28),77.0,-28.0,-0.4694715627858908,0.8603177032559202,
6991,2010-10-27,2010-10-27 05:47:00,2010-10-27 05:57:00,B2.5,POINT(17 19),10000,2010-10-27 05:50:00,POINT(17 19),17.0,19.0,0.3255681544571567,0.2764428777949861,
6992,2010-10-27,2010-10-27 06:02:00,2010-10-27 06:18:00,B7.0,POINT(17 19),10000,2010-10-27 06:13:00,POINT(17 19),17.0,19.0,0.3255681544571567,0.2764428777949861,
6993,2010-10-27,2010-10-27 09:20:00,2010-10-27 09:26:00,B1.9,POINT(20 19),10000,2010-10-27 09:26:00,POINT(20 19),20.0,19.0,0.3255681544571567,0.32338639874356045,
6994,2010-10-27,2010-10-27 09:49:00,2010-10-27 09:57:00,B2.9,POINT(20 19),10000,2010-10-27 09:54:00,POINT(20 19),20.0,19.0,0.3255681544571567,0.32338639874356045,
6995,2010-10-27,2010-10-27 11:00:00,2010-10-27 11:11:00,B2.0,POINT(21 19),10000,2010-10-27 11:07:00,POINT(21 19),21.0,19.0,0.3255681544571567,0.33884355319452014,
6996,2010-10-27,2010-10-27 13:09:00,2010-10-27 13:17:00,B1.5,POINT(39 -21),10000,2010-10-27 13:12:00,POINT(39 -21),39.0,-21.0,-0.35836794954530027,0.587521199079693,
6998,2010-10-27,2010-10-27 16:59:00,2010-10-27 17:08:00,C1.2,POINT(24 19),10000,2010-10-27 17:04:00,POINT(24 19),24.0,19.0,0.3255681544571567,0.38457705140507836,
6999,2010-10-27,2010-10-27 17:00:00,2010-10-27 17:08:00,C1.2,POINT(25 19),10000,2010-10-27 17:04:00,POINT(25 19),25.0,19.0,0.3255681544571567,0.3995934168633254,
7000,2010-10-27,2010-10-27 21:53:00,2010-10-27 22:01:00,B1.8,POINT(28 18),10000,2010-10-27 21:59:00,POINT(28 18),28.0,18.0,0.3090169943749474,0.44649398900279075,
7001,2010-10-28,2010-10-28 10:11:00,2010-10-28 10:19:00,B2.0,POINT(35 18),10000,2010-10-28 10:16:00,POINT(35 18),35.0,18.0,0.3090169943749474,0.5455036073850147,
7002,2010-10-28,2010-10-28 10:12:00,2010-10-28 10:15:00,B2.0,POINT(34 18),10000,2010-10-28 10:15:00,POINT(34 18),34.0,18.0,0.3090169943749474,0.5318240547118607,
7003,2010-10-29,2010-10-29 01:29:00,2010-10-29 01:37:00,B3.2,POINT(43 17),10000,2010-10-29 01:37:00,POINT(43 17),43.0,17.0,0.29237170472273677,0.652198275286758,
7004,2010-10-29,2010-10-29 04:31:00,2010-10-29 04:37:00,B1.5,POINT(46 18),10000,2010-10-29 04:34:00,POINT(46 18),46.0,18.0,0.3090169943749474,0.6841328045425288,
7005,2010-10-29,2010-10-29 04:46:00,2010-10-29 04:51:00,B1.9,POINT(16 37),10000,2010-10-29 04:51:00,POINT(16 37),16.0,37.0,0.6018150231520483,0.22013378025099625,
7006,2010-10-29,2010-10-29 05:32:00,2010-10-29 05:38:00,B3.9,POINT(45 18),10000,2010-10-29 05:38:00,POINT(45 18),45.0,18.0,0.3090169943749474,0.6724985119639573,
7007,2010-10-29,2010-10-29 06:34:00,2010-10-29 06:46:00,B1.8,POINT(45 17),10000,2010-10-29 06:39:00,POINT(45 17),45.0,17.0,0.29237170472273677,0.6762095778224088,
7008,2010-10-29,2010-10-29 11:38:00,2010-10-29 11:48:00,B1.4,POINT(47 17),10000,2010-10-29 11:43:00,POINT(47 17),47.0,17.0,0.29237170472273677,0.6993970231495834,
7009,2010-10-29,2010-10-29 16:14:00,2010-10-29 16:22:00,B1.8,POINT(51 19),10000,2010-10-29 16:19:00,POINT(51 19),51.0,19.0,0.3255681544571567,0.7348059425095567,
7010,2010-10-29,2010-10-29 17:28:00,2010-10-29 17:32:00,B4.0,POINT(50 17),10000,2010-10-29 17:32:00,POINT(50 17),50.0,17.0,0.29237170472273677,0.7325719442337336,
7011,2010-10-29,2010-10-29 17:29:00,2010-10-29 17:36:00,B3.8,POINT(50 17),10000,2010-10-29 17:32:00,POINT(50 17),50.0,17.0,0.29237170472273677,0.7325719442337336,
7012,2010-10-30,2010-10-30 03:41:00,2010-10-30 03:54:00,B3.1,POINT(57 19),10000,2010-10-30 03:48:00,POINT(57 19),57.0,19.0,0.3255681544571567,0.7929786008008274,
7013,2010-10-30,2010-10-30 04:13:00,2010-10-30 04:18:00,B3.4,POINT(57 19),10000,2010-10-30 04:16:00,POINT(57 19),57.0,19.0,0.3255681544571567,0.7929786008008274,
7014,2010-10-30,2010-10-30 04:41:00,2010-10-30 04:50:00,B1.7,POINT(-82 37),10000,2010-10-30 04:45:00,POINT(-82 37),-82.0,37.0,0.6018150231520483,-0.7908632441629717,
7015,2010-10-30,2010-10-30 05:34:00,2010-10-30 05:42:00,B6.5,POINT(57 21),10000,2010-10-30 05:39:00,POINT(57 21),57.0,21.0,0.35836794954530027,0.7829664265131394,
7016,2010-10-30,2010-10-30 07:14:00,2010-10-30 07:33:00,B2.1,POINT(-78 39),10000,2010-10-30 07:28:00,POINT(-78 39),-78.0,39.0,0.6293203910498374,-0.7601634576191026,
7017,2010-10-30,2010-10-30 10:03:00,2010-10-30 10:06:00,B1.7,POINT(58 20),10000,2010-10-30 10:06:00,POINT(58 20),58.0,20.0,0.3420201433256687,0.7969045380297319,
7018,2010-10-30,2010-10-30 13:30:00,2010-10-30 13:33:00,B1.8,POINT(-74 36),10000,2010-10-30 13:33:00,POINT(-74 36),-74.0,36.0,0.5877852522924731,-0.7776770480557834,
7019,2010-10-31,2010-10-31 01:12:00,2010-10-31 01:16:00,B5.1,POINT(66 18),10000,2010-10-31 01:16:00,POINT(66 18),66.0,18.0,0.3090169943749474,0.8688333604228338,
7020,2010-10-31,2010-10-31 03:13:00,2010-10-31 03:21:00,C1.8,POINT(70 21),10000,2010-10-31 03:18:00,POINT(70 21),70.0,21.0,0.35836794954530027,0.8772786376895816,
7021,2010-10-31,2010-10-31 04:15:00,2010-10-31 04:21:00,B2.8,POINT(69 22),10000,2010-10-31 04:18:00,POINT(69 22),69.0,22.0,0.374606593415912,0.8656006983877809,
7022,2010-10-31,2010-10-31 04:26:00,2010-10-31 04:31:00,C5.7,POINT(71 21),10000,2010-10-31 04:31:00,POINT(71 21),71.0,21.0,0.35836794954530027,0.8827176350690368,
7024,2010-10-31,2010-10-31 18:04:00,2010-10-31 18:08:00,B1.6,POINT(47 37),10000,2010-10-31 18:08:00,POINT(47 37),47.0,37.0,0.6018150231520483,0.5840850365176018,
7025,2010-10-31,2010-10-31 22:01:00,2010-10-31 22:08:00,B4.6,POINT(89 17),11113,2010-10-31 22:08:00,POINT(89 17),89.0,17.0,0.29237170472273677,0.9561591061167362,
7026,2010-10-31,2010-10-31 22:32:00,2010-10-31 22:36:00,B1.7,POINT(80 19),11113,2010-10-31 22:36:00,POINT(80 19),80.0,19.0,0.3255681544571567,0.9311540238672668,
7027,2010-11-01,2010-11-01 03:24:00,2010-11-01 03:36:00,B1.5,POINT(85 17),10000,2010-11-01 03:28:00,POINT(85 17),85.0,17.0,0.29237170472273677,0.9526657276502964,
7028,2010-11-01,2010-11-01 04:35:00,2010-11-01 04:50:00,C1.2,POINT(88 17),11113,2010-11-01 04:43:00,POINT(88 17),88.0,17.0,0.29237170472273677,0.9557222009441926,
7029,2010-11-01,2010-11-01 04:36:00,2010-11-01 04:50:00,C1.1,POINT(88 17),11113,2010-11-01 04:43:00,POINT(88 17),88.0,17.0,0.29237170472273677,0.9557222009441926,
7031,2010-11-01,2010-11-01 15:54:00,2010-11-01 15:57:00,B1.4,POINT(88 19),10000,2010-11-01 15:57:00,POINT(88 19),88.0,19.0,0.3255681544571567,0.9449425912301187,
7032,2010-11-02,2010-11-02 07:26:00,2010-11-02 07:36:00,B1.9,POINT(85 19),10000,2010-11-02 07:31:00,POINT(85 19),85.0,19.0,0.3255681544571567,0.9419205919592988,
7036,2010-11-03,2010-11-03 05:54:00,2010-11-03 06:11:00,C3.8,POINT(-88 -19),10000,2010-11-03 06:11:00,POINT(-88 -19),-88.0,-19.0,-0.3255681544571567,-0.9449425912301187,
7037,2010-11-03,2010-11-03 12:07:00,2010-11-03 12:21:00,C4.9,POINT(-88 -21),10000,2010-11-03 12:21:00,POINT(-88 -21),-88.0,-21.0,-0.35836794954530027,-0.9330117145258786,
7038,2010-11-03,2010-11-03 12:43:00,2010-11-03 13:51:00,C3.4,POINT(-88 -18),10000,2010-11-03 13:08:00,POINT(-88 -18),-88.0,-18.0,-0.3090169943749474,-0.9504771583621137,
7039,2010-11-04,2010-11-04 02:34:00,2010-11-04 02:46:00,C1.0,POINT(-88 -20),10000,2010-11-04 02:46:00,POINT(-88 -20),-88.0,-20.0,-0.3420201433256687,-0.9391201854309705,
7040,2010-11-04,2010-11-04 15:55:00,2010-11-04 16:09:00,B6.0,POINT(-88 -18),10000,2010-11-04 16:03:00,POINT(-88 -18),-88.0,-18.0,-0.3090169943749474,-0.9504771583621137,
7041,2010-11-04,2010-11-04 15:56:00,2010-11-04 16:03:00,B6.5,POINT(-88 -19),10000,2010-11-04 16:03:00,POINT(-88 -19),-88.0,-19.0,-0.3255681544571567,-0.9449425912301187,
7042,2010-11-04,2010-11-04 18:01:00,2010-11-04 18:10:00,B2.5,POINT(-57 9),10000,2010-11-04 18:10:00,POINT(-57 9),-57.0,9.0,0.15643446504023087,-0.8283451415599976,
7043,2010-11-04,2010-11-04 19:09:00,2010-11-04 19:12:00,B2.9,POINT(-86 41),10000,2010-11-04 19:12:00,POINT(-86 41),-86.0,41.0,0.6560590289905073,-0.7528711456169201,
7044,2010-11-04,2010-11-04 20:55:00,2010-11-04 21:14:00,B5.5,POINT(-22 -85),10000,2010-11-04 21:14:00,POINT(-22 -85),-22.0,-85.0,-0.9961946980917455,-0.032649115887333796,
7045,2010-11-04,2010-11-04 21:58:00,2010-11-04 22:02:00,B5.7,POINT(-55 -82),10000,2010-11-04 22:02:00,POINT(-55 -82),-55.0,-82.0,-0.9902680687415704,-0.11400393016147588,
7046,2010-11-04,2010-11-04 23:30:00,2010-11-04 23:36:00,B7.4,POINT(-85 -20),10000,2010-11-04 23:36:00,POINT(-85 -20),-85.0,-20.0,-0.3420201433256687,-0.9361168066628592,
7047,2010-11-04,2010-11-04 23:30:00,2010-11-05 00:12:00,M1.6,POINT(-22 -85),10000,2010-11-04 23:58:00,POINT(-22 -85),-22.0,-85.0,-0.9961946980917455,-0.032649115887333796,
7048,2010-11-04,2010-11-04 23:45:00,2010-11-05 00:21:00,M1.6,POINT(-22 -85),10000,2010-11-04 23:58:00,POINT(-22 -85),-22.0,-85.0,-0.9961946980917455,-0.032649115887333796,
7049,2010-11-05,2010-11-05 00:48:00,2010-11-05 01:02:00,C9.7,POINT(-88 -18),10000,2010-11-05 00:56:00,POINT(-88 -18),-88.0,-18.0,-0.3090169943749474,-0.9504771583621137,
7050,2010-11-05,2010-11-05 03:15:00,2010-11-05 03:21:00,B9.4,POINT(-88 -18),10000,2010-11-05 03:21:00,POINT(-88 -18),-88.0,-18.0,-0.3090169943749474,-0.9504771583621137,
7051,2010-11-05,2010-11-05 06:27:00,2010-11-05 06:38:00,B4.4,POINT(-73 -19),10000,2010-11-05 06:32:00,POINT(-73 -19),-73.0,-19.0,-0.3255681544571567,-0.9042039106970216,
7052,2010-11-06,2010-11-06 04:12:00,2010-11-06 04:31:00,B6.0,POINT(-65 -17),10000,2010-11-06 04:21:00,POINT(-65 -17),-65.0,-17.0,-0.29237170472273677,-0.8667064471094822,
7053,2010-11-06,2010-11-06 04:38:00,2010-11-06 04:57:00,C4.5,POINT(-65 -23),10000,2010-11-06 04:47:00,POINT(-65 -23),-65.0,-23.0,-0.39073112848927377,-0.8342607166889769,
7054,2010-11-06,2010-11-06 07:56:00,2010-11-06 08:07:00,B6.8,POINT(-63 -21),10000,2010-11-06 08:01:00,POINT(-63 -21),-63.0,-21.0,-0.35836794954530027,-0.8318262508635657,
7055,2010-11-06,2010-11-06 08:21:00,2010-11-06 09:04:00,C1.6,POINT(-61 -16),10000,2010-11-06 08:32:00,POINT(-61 -16),-61.0,-16.0,-0.27563735581699916,-0.8407384229858913,
7056,2010-11-06,2010-11-06 15:27:00,2010-11-06 15:44:00,M5.4,POINT(-58 -20),10000,2010-11-06 15:36:00,POINT(-58 -20),-58.0,-20.0,-0.3420201433256687,-0.7969045380297319,
7057,2010-11-06,2010-11-06 19:06:00,2010-11-06 19:17:00,C1.4,POINT(-66 -27),10000,2010-11-06 19:11:00,POINT(-66 -27),-66.0,-27.0,-0.45399049973954675,-0.8139749629022057,
7059,2010-11-07,2010-11-07 01:31:00,2010-11-07 01:41:00,C5.4,POINT(-54 -21),10000,2010-11-07 01:41:00,POINT(-54 -21),-54.0,-21.0,-0.35836794954530027,-0.7552824306520477,
7060,2010-11-07,2010-11-07 13:12:00,2010-11-07 13:27:00,B3.6,POINT(-45 -20),10000,2010-11-07 13:25:00,POINT(-45 -20),-45.0,-20.0,-0.3420201433256687,-0.6644630243886747,
7061,2010-11-07,2010-11-07 16:28:00,2010-11-07 16:31:00,B2.0,POINT(-52 -24),10000,2010-11-07 16:29:00,POINT(-52 -24),-52.0,-24.0,-0.4067366430758002,-0.7198836445309437,
7062,2010-11-07,2010-11-07 18:21:00,2010-11-07 18:29:00,B3.3,POINT(-42 -20),10000,2010-11-07 18:29:00,POINT(-42 -20),-42.0,-20.0,-0.3420201433256687,-0.6287770931374196,
7063,2010-11-07,2010-11-07 23:55:00,2010-11-08 00:00:00,B1.7,POINT(-38 -19),10000,2010-11-07 23:58:00,POINT(-38 -19),-38.0,-19.0,-0.3255681544571567,-0.5821193612012904,
7065,2010-11-09,2010-11-09 01:25:00,2010-11-09 01:31:00,B1.6,POINT(-43 -23),10000,2010-11-09 01:28:00,POINT(-43 -23),-43.0,-23.0,-0.39073112848927377,-0.6277828004841348,
7066,2010-11-09,2010-11-09 05:10:00,2010-11-09 05:19:00,B1.5,POINT(-27 -20),10000,2010-11-09 05:15:00,POINT(-27 -20),-27.0,-20.0,-0.3420201433256687,-0.42661152251215895,
7068,2010-11-10,2010-11-10 01:42:00,2010-11-10 01:49:00,B2.1,POINT(-11 -21),10000,2010-11-10 01:49:00,POINT(-11 -21),-11.0,-21.0,-0.35836794954530027,-0.1781355432831373,
7071,2010-11-10,2010-11-10 12:15:00,2010-11-10 12:31:00,B8.9,POINT(-24 -23),10000,2010-11-10 12:31:00,POINT(-24 -23),-24.0,-23.0,-0.39073112848927377,-0.37440305402822704,
7072,2010-11-10,2010-11-10 14:11:00,2010-11-10 14:23:00,B6.0,POINT(-21 -21),10000,2010-11-10 14:16:00,POINT(-21 -21),-21.0,-21.0,-0.35836794954530027,-0.3345653031794291,
7073,2010-11-10,2010-11-10 16:34:00,2010-11-10 16:39:00,B9.0,POINT(-20 -21),10000,2010-11-10 16:39:00,POINT(-20 -21),-20.0,-21.0,-0.35836794954530027,-0.3193033112766119,
7074,2010-11-10,2010-11-10 17:43:00,2010-11-10 17:49:00,B2.6,POINT(-20 -22),10000,2010-11-10 17:46:00,POINT(-20 -22),-20.0,-22.0,-0.374606593415912,-0.3171155548281786,
7075,2010-11-10,2010-11-10 21:59:00,2010-11-10 22:09:00,B2.8,POINT(-17 -21),10000,2010-11-10 22:09:00,POINT(-17 -21),-17.0,-21.0,-0.35836794954530027,-0.27295250079076655,
7076,2010-11-10,2010-11-10 22:47:00,2010-11-10 22:55:00,B6.0,POINT(-17 -22),10000,2010-11-10 22:55:00,POINT(-17 -22),-17.0,-22.0,-0.374606593415912,-0.2710823241510897,
7079,2010-11-11,2010-11-11 05:10:00,2010-11-11 05:24:00,C1.1,POINT(-2 -22),10000,2010-11-11 05:24:00,POINT(-2 -22),-2.0,-22.0,-0.374606593415912,-0.032358249875065734,
7097,2010-11-13,2010-11-13 06:11:00,2010-11-13 06:21:00,B1.5,POINT(-88 23),10000,2010-11-13 06:15:00,POINT(-88 23),-88.0,23.0,0.39073112848927377,-0.919944106766926,
7100,2010-11-13,2010-11-13 16:01:00,2010-11-13 16:06:00,B2.0,POINT(-83 23),10000,2010-11-13 16:06:00,POINT(-83 23),-83.0,23.0,0.39073112848927377,-0.9136435498613787,
7126,2010-11-17,2010-11-17 00:28:00,2010-11-17 00:47:00,B2.5,POINT(-21 -33),10000,2010-11-17 00:40:00,POINT(-21 -33),-21.0,-33.0,-0.5446390350150271,-0.300552651778594,
7127,2010-11-17,2010-11-17 04:35:00,2010-11-17 04:40:00,B7.8,POINT(-20 -34),10000,2010-11-17 04:38:00,POINT(-20 -34),-20.0,-34.0,-0.5591929034707469,-0.2835475493876398,
7139,2010-11-21,2010-11-21 20:47:00,2010-11-21 20:52:00,B2.2,POINT(89 -14),10000,2010-11-21 20:52:00,POINT(89 -14),89.0,-14.0,-0.24192189559966773,0.9701479455371518,
7140,2010-11-21,2010-11-21 21:50:00,2010-11-21 21:53:00,B1.5,POINT(-17 -32),10000,2010-11-21 21:53:00,POINT(-17 -32),-17.0,-32.0,-0.5299192642332049,-0.24794526756012564,
7141,2010-11-23,2010-11-23 03:05:00,2010-11-23 03:09:00,B1.1,POINT(-89 -14),10000,2010-11-23 03:09:00,POINT(-89 -14),-89.0,-14.0,-0.24192189559966773,-0.9701479455371518,
7142,2010-11-23,2010-11-23 07:36:00,2010-11-23 07:54:00,B1.1,POINT(42 6),10000,2010-11-23 07:45:00,POINT(42 6),42.0,6.0,0.10452846326765347,0.6654650388849337,
7143,2010-11-23,2010-11-23 08:59:00,2010-11-23 09:35:00,B1.3,POINT(9 22),10000,2010-11-23 09:20:00,POINT(9 22),9.0,22.0,0.374606593415912,0.14504351028309462,
7144,2010-11-25,2010-11-25 00:27:00,2010-11-25 00:31:00,B1.1,POINT(27 23),10000,2010-11-25 00:31:00,POINT(27 23),27.0,23.0,0.39073112848927377,0.41790045843155166,
7145,2010-11-25,2010-11-25 00:46:00,2010-11-25 00:50:00,B1.4,POINT(-78 -15),10000,2010-11-25 00:50:00,POINT(-78 -15),-78.0,-15.0,-0.25881904510252074,-0.9448180294714709,
7146,2010-11-25,2010-11-25 18:15:00,2010-11-25 19:30:00,B2.1,POINT(36 23),10000,2010-11-25 19:02:00,POINT(36 23),36.0,23.0,0.39073112848927377,0.5410591775229887,
7148,2010-11-25,2010-11-25 21:15:00,2010-11-25 21:30:00,B2.9,POINT(-67 -14),10000,2010-11-25 21:30:00,POINT(-67 -14),-67.0,-14.0,-0.24192189559966773,-0.8931619253212153,
7150,2010-11-27,2010-11-27 22:02:00,2010-11-27 22:58:00,A9.3,POINT(63 -25),10000,2010-11-27 22:17:00,POINT(63 -25),63.0,-25.0,-0.42261826174069944,0.8075261511723769,
7151,2010-11-28,2010-11-28 04:05:00,2010-11-28 04:10:00,B1.3,POINT(-12 13),10000,2010-11-28 04:08:00,POINT(-12 13),-12.0,13.0,0.224951054343865,-0.20258292765170796,
7152,2010-11-28,2010-11-28 07:55:00,2010-11-28 09:21:00,B1.1,POINT(-9 11),10000,2010-11-28 08:31:00,POINT(-9 11),-9.0,11.0,0.1908089953765448,-0.1535603233115839,
7157,2010-11-29,2010-11-29 10:59:00,2010-11-29 11:03:00,B1.6,POINT(3 12),10000,2010-11-29 11:03:00,POINT(3 12),3.0,12.0,0.20791169081775934,0.05119229003114495,
7160,2010-11-29,2010-11-29 15:26:00,2010-11-29 15:30:00,B1.9,POINT(5 13),10000,2010-11-29 15:30:00,POINT(5 13),5.0,13.0,0.224951054343865,0.08492194670744098,
7161,2010-11-30,2010-11-30 01:29:00,2010-11-30 01:37:00,B3.3,POINT(-50 13),10000,2010-11-30 01:34:00,POINT(-50 13),-50.0,13.0,0.224951054343865,-0.746410773670208,
7171,2010-12-01,2010-12-01 04:53:00,2010-12-01 05:00:00,B2.6,POINT(26 13),10000,2010-12-01 04:58:00,POINT(26 13),26.0,13.0,0.224951054343865,0.42713572269685124,
7172,2010-12-01,2010-12-01 06:15:00,2010-12-01 06:22:00,C1.0,POINT(26 14),10000,2010-12-01 06:22:00,POINT(26 14),26.0,14.0,0.24192189559966773,0.4253496502521493,
7173,2010-12-01,2010-12-01 09:15:00,2010-12-01 09:21:00,B1.9,POINT(26 14),10000,2010-12-01 09:18:00,POINT(26 14),26.0,14.0,0.24192189559966773,0.4253496502521493,
7174,2010-12-01,2010-12-01 09:51:00,2010-12-01 09:56:00,B3.7,POINT(30 13),10000,2010-12-01 09:56:00,POINT(30 13),30.0,13.0,0.224951054343865,0.48718503239261757,
7175,2010-12-01,2010-12-01 11:34:00,2010-12-01 11:48:00,B3.9,POINT(30 14),10000,2010-12-01 11:48:00,POINT(30 14),30.0,14.0,0.24192189559966773,0.4851478631379982,
7177,2010-12-01,2010-12-01 17:45:00,2010-12-01 17:54:00,B3.6,POINT(-89 31),10000,2010-12-01 17:54:00,POINT(-89 31),-89.0,31.0,0.5150380749100542,-0.8570367499704323,
7178,2010-12-01,2010-12-01 18:36:00,2010-12-01 18:45:00,B6.1,POINT(32 14),10000,2010-12-01 18:45:00,POINT(32 14),32.0,14.0,0.24192189559966773,0.5141783973567993,
7179,2010-12-02,2010-12-02 02:14:00,2010-12-02 02:17:00,B2.3,POINT(-84 32),10000,2010-12-02 02:16:00,POINT(-84 32),-84.0,32.0,0.5299192642332049,-0.8434023999529444,
7180,2010-12-02,2010-12-02 02:56:00,2010-12-02 03:13:00,B1.7,POINT(-89 26),10000,2010-12-02 03:06:00,POINT(-89 26),-89.0,26.0,0.4383711467890774,-0.898657155612509,
7181,2010-12-02,2010-12-02 12:20:00,2010-12-02 12:24:00,B2.1,POINT(44 13),10000,2010-12-02 12:24:00,POINT(44 13),44.0,13.0,0.224951054343865,0.676854321427739,
7188,2010-12-04,2010-12-04 13:56:00,2010-12-04 14:01:00,B1.9,POINT(-4 11),10000,2010-12-04 14:01:00,POINT(-4 11),-4.0,11.0,0.1908089953765448,-0.06847485084868664,
7189,2010-12-04,2010-12-04 21:11:00,2010-12-04 21:21:00,B5.6,POINT(0 11),10000,2010-12-04 21:18:00,POINT(0 11),0.0,11.0,0.1908089953765448,0.0,
7195,2010-12-06,2010-12-06 14:00:00,2010-12-07 04:00:00,B2.3,POINT(-19 -19),10000,2010-12-07 00:22:00,POINT(-19 -19),-19.0,-19.0,-0.3255681544571567,-0.3078307376628292,
7196,2010-12-06,2010-12-06 14:10:00,2010-12-06 14:50:00,B1.7,POINT(-49 20),10000,2010-12-06 14:33:00,POINT(-49 20),-49.0,20.0,0.3420201433256687,-0.7091950233717694,
7197,2010-12-07,2010-12-07 07:19:00,2010-12-07 07:42:00,B1.9,POINT(-46 14),10000,2010-12-07 07:39:00,POINT(-46 14),-46.0,14.0,0.24192189559966773,-0.6979723340088217,
7203,2010-12-11,2010-12-11 17:38:00,2010-12-11 18:15:00,B2.3,POINT(89 11),10000,2010-12-11 17:49:00,POINT(89 11),89.0,11.0,0.1908089953765448,0.9814776768730069,
7204,2010-12-12,2010-12-12 00:21:00,2010-12-12 01:45:00,B2.0,POINT(-89 18),10000,2010-12-12 00:35:00,POINT(-89 18),-89.0,18.0,0.3090169943749474,-0.9509116657811761,
7205,2010-12-12,2010-12-12 03:25:00,2010-12-12 09:00:00,B4.2,POINT(0 0),10000,2010-12-12 07:49:00,POINT(0 0),0.0,0.0,0.0,0.0,
7206,2010-12-12,2010-12-12 03:25:00,2010-12-12 09:00:00,B4.2,POINT(66 -24),10000,2010-12-12 07:49:00,POINT(66 -24),66.0,-24.0,-0.4067366430758002,0.834565303179429,
7207,2010-12-12,2010-12-12 03:37:00,2010-12-12 09:06:00,B4.1,POINT(62 -24),10000,2010-12-12 06:28:00,POINT(62 -24),62.0,-24.0,-0.4067366430758002,0.8066127627927412,
7208,2010-12-12,2010-12-12 18:43:00,2010-12-12 18:54:00,B5.9,POINT(-77 19),10000,2010-12-12 18:49:00,POINT(-77 19),-77.0,19.0,0.3255681544571567,-0.9212849957623497,
7212,2010-12-14,2010-12-14 14:45:00,2010-12-14 17:00:00,C2.3,POINT(55 19),10000,2010-12-14 15:54:00,POINT(55 19),55.0,19.0,0.3255681544571567,0.774523474115396,
7213,2010-12-14,2010-12-14 15:03:00,2010-12-14 16:55:00,C2.3,POINT(55 19),10000,2010-12-14 15:50:00,POINT(55 19),55.0,19.0,0.3255681544571567,0.774523474115396,
7217,2010-12-15,2010-12-15 14:23:00,2010-12-15 15:40:00,B2.2,POINT(57 20),10000,2010-12-15 14:40:00,POINT(57 20),57.0,20.0,0.3420201433256687,0.7880925439686418,
7222,2010-12-16,2010-12-16 22:25:00,2010-12-16 22:37:00,B4.9,POINT(-89 6),10000,2010-12-16 22:30:00,POINT(-89 6),-89.0,6.0,0.10452846326765347,-0.9943704248665338,
7223,2010-12-16,2010-12-16 23:54:00,2010-12-17 00:09:00,B4.0,POINT(-83 5),10000,2010-12-17 00:02:00,POINT(-83 5),-83.0,5.0,0.08715574274765817,-0.9887692138764507,
7225,2010-12-17,2010-12-17 04:06:00,2010-12-17 04:19:00,B3.3,POINT(-79 5),10000,2010-12-17 04:12:00,POINT(-79 5),-79.0,5.0,0.08715574274765817,-0.9778917956532961,
7228,2010-12-17,2010-12-17 11:31:00,2010-12-17 11:37:00,B1.3,POINT(-78 4),10000,2010-12-17 11:37:00,POINT(-78 4),-78.0,4.0,0.0697564737441253,-0.9757648823399445,
7230,2010-12-29,2010-12-29 21:04:00,2010-12-29 21:15:00,B4.3,POINT(-79 -27),10000,2010-12-29 21:10:00,POINT(-79 -27),-79.0,-27.0,-0.45399049973954675,-0.8746362247725205,
7239,2016-01-04,2016-01-04 06:17:00,2016-01-04 06:24:00,B4.1,POINT(-13 10),10000,2016-01-04 06:21:00,POINT(-13 10),-13.0,10.0,0.17364817766693033,-0.22153354236610878,
7242,2016-01-06,2016-01-06 11:31:00,2016-01-06 11:39:00,C1.8,POINT(-81 2),10000,2016-01-06 11:37:00,POINT(-81 2),-81.0,2.0,0.03489949670250097,-0.987086667544493,
7253,2016-01-11,2016-01-11 11:18:00,2016-01-11 11:24:00,B4.0,POINT(81 -1),10000,2016-01-11 11:21:00,POINT(81 -1),81.0,-1.0,-0.01745240643728351,0.9875379108768892,
7260,2016-01-13,2016-01-13 14:57:00,2016-01-13 15:13:00,B2.4,POINT(76 -9),10000,2016-01-13 15:05:00,POINT(76 -9),76.0,-9.0,-0.15643446504023087,0.958349775772093,
7262,2016-01-13,2016-01-13 18:27:00,2016-01-13 18:41:00,B4.4,POINT(71 -10),10000,2016-01-13 18:34:00,POINT(71 -10),71.0,-10.0,-0.17364817766693033,0.9311540238672666,
7280,2016-01-19,2016-01-19 03:28:00,2016-01-19 03:42:00,B2.6,POINT(-46 2),10000,2016-01-19 03:38:00,POINT(-46 2),-46.0,2.0,0.03489949670250097,-0.7189015979681957,
7282,2016-01-19,2016-01-19 10:33:00,2016-01-19 10:41:00,B4.1,POINT(-42 2),10000,2016-01-19 10:36:00,POINT(-42 2),-42.0,2.0,0.03489949670250097,-0.6687229900727684,
7284,2016-01-20,2016-01-20 00:58:00,2016-01-20 01:04:00,B3.7,POINT(-68 3),10000,2016-01-20 01:02:00,POINT(-68 3),-68.0,3.0,0.052335956242943835,-0.9259131813179834,
7299,2016-01-22,2016-01-22 02:22:00,2016-01-22 03:00:00,B3.9,POINT(13 -17),10000,2016-01-22 02:43:00,POINT(13 -17),13.0,-17.0,-0.29237170472273677,0.21512176312793735,
7306,2016-01-24,2016-01-24 08:20:00,2016-01-24 08:30:00,B5.9,POINT(-85 -19),10000,2016-01-24 08:24:00,POINT(-85 -19),-85.0,-19.0,-0.3255681544571567,-0.9419205919592988,
7308,2016-01-24,2016-01-24 11:42:00,2016-01-24 12:16:00,B6.1,POINT(-81 10),10000,2016-01-24 12:00:00,POINT(-81 10),-81.0,10.0,0.17364817766693033,-0.972683135377854,
7309,2016-01-24,2016-01-24 12:48:00,2016-01-24 13:18:00,B5.9,POINT(-79 10),10000,2016-01-24 13:00:00,POINT(-79 10),-79.0,10.0,0.17364817766693033,-0.9667140608267965,
7310,2016-01-24,2016-01-24 14:03:00,2016-01-24 14:27:00,B4.6,POINT(-78 9),10000,2016-01-24 14:15:00,POINT(-78 9),-78.0,9.0,0.15643446504023087,-0.9661049806258878,
7312,2016-01-25,2016-01-25 06:50:00,2016-01-25 07:01:00,B8.0,POINT(-64 9),10000,2016-01-25 06:54:00,POINT(-64 9),-64.0,9.0,0.15643446504023087,-0.8877284001260137,
7313,2016-01-25,2016-01-25 07:52:00,2016-01-25 07:57:00,B4.9,POINT(-63 9),10000,2016-01-25 07:54:00,POINT(-63 9),-63.0,9.0,0.15643446504023087,-0.8800367553350504,
7314,2016-01-25,2016-01-25 08:14:00,2016-01-25 08:20:00,B4.6,POINT(-64 10),10000,2016-01-25 08:17:00,POINT(-64 10),-64.0,10.0,0.17364817766693033,-0.8851393451566332,
7315,2016-01-25,2016-01-25 09:00:00,2016-01-25 09:11:00,C1.4,POINT(-63 9),10000,2016-01-25 09:07:00,POINT(-63 9),-63.0,9.0,0.15643446504023087,-0.8800367553350504,
7323,2016-01-26,2016-01-26 16:54:00,2016-01-26 18:45:00,C1.3,POINT(29 -30),10000,2016-01-26 17:51:00,POINT(29 -30),29.0,-30.0,-0.49999999999999994,0.41985744713241446,
7334,2016-01-28,2016-01-28 11:48:00,2016-01-28 12:16:00,C9.6,POINT(47 3),12488,2016-01-28 12:00:00,POINT(47 3),47.0,3.0,0.052335956242943835,0.7303514067889876,
7357,2016-02-02,2016-02-02 14:22:00,2016-02-02 15:53:00,C1.2,POINT(-89 6),10000,2016-02-02 14:52:00,POINT(-89 6),-89.0,6.0,0.10452846326765347,-0.9943704248665338,
7366,2016-02-03,2016-02-03 15:12:00,2016-02-03 15:31:00,C1.8,POINT(-81 5),10000,2016-02-03 15:23:00,POINT(-81 5),-81.0,5.0,0.08715574274765817,-0.9839298882679104,
7370,2016-02-04,2016-02-04 02:11:00,2016-02-04 02:17:00,C1.0,POINT(-20 -11),10000,2016-02-04 02:14:00,POINT(-20 -11),-20.0,-11.0,-0.1908089953765448,-0.33573626997514255,
7372,2016-02-04,2016-02-04 09:16:00,2016-02-04 09:25:00,B8.9,POINT(-21 -11),10000,2016-02-04 09:20:00,POINT(-21 -11),-21.0,-11.0,-0.1908089953765448,-0.35178372095006766,
7373,2016-02-04,2016-02-04 12:16:00,2016-02-04 12:25:00,C2.4,POINT(-19 -11),10000,2016-02-04 12:21:00,POINT(-19 -11),-19.0,-11.0,-0.1908089953765448,-0.31958655048003276,
7374,2016-02-04,2016-02-04 14:34:00,2016-02-04 14:48:00,C2.1,POINT(-16 -11),10000,2016-02-04 14:42:00,POINT(-16 -11),-16.0,-11.0,-0.1908089953765448,-0.27057312124360244,
7375,2016-02-04,2016-02-04 16:44:00,2016-02-04 16:53:00,C3.6,POINT(-14 -13),10000,2016-02-04 16:49:00,POINT(-14 -13),-14.0,-13.0,-0.224951054343865,-0.23572145308841516,
7379,2016-02-05,2016-02-05 00:29:00,2016-02-05 00:40:00,C1.4,POINT(-88 12),10000,2016-02-05 00:33:00,POINT(-88 12),-88.0,12.0,0.20791169081775934,-0.9775517396441024,
7399,2016-02-08,2016-02-08 03:44:00,2016-02-08 03:50:00,B6.4,POINT(-87 19),10000,2016-02-08 03:47:00,POINT(-87 19),-87.0,19.0,0.3255681544571567,-0.9442227752525532,
7408,2016-02-09,2016-02-09 05:25:00,2016-02-09 07:40:00,C1.3,POINT(42 2),10000,2016-02-09 06:48:00,POINT(42 2),42.0,2.0,0.03489949670250097,0.6687229900727684,
7445,2016-02-13,2016-02-13 22:07:00,2016-02-13 22:16:00,C2.1,POINT(-89 5),10000,2016-02-13 22:12:00,POINT(-89 5),-89.0,5.0,0.08715574274765817,-0.9960429728140489,
7448,2016-02-14,2016-02-14 03:06:00,2016-02-14 03:31:00,C1.1,POINT(-88 6),10000,2016-02-14 03:17:00,POINT(-88 6),-88.0,6.0,0.10452846326765347,-0.9939160595006973,
7510,2016-02-19,2016-02-19 03:06:00,2016-02-19 03:52:00,C2.0,POINT(-86 -29),10000,2016-02-19 03:20:00,POINT(-86 -29),-86.0,-29.0,-0.48480962024633706,-0.8724891774910369,
7514,2016-02-19,2016-02-19 17:49:00,2016-02-19 18:06:00,C1.0,POINT(-86 -28),10000,2016-02-19 17:57:00,POINT(-86 -28),-86.0,-28.0,-0.4694715627858908,-0.8807967768995134,
7515,2016-02-19,2016-02-19 22:49:00,2016-02-19 23:18:00,C2.7,POINT(-87 -23),10000,2016-02-19 23:10:00,POINT(-87 -23),-87.0,-23.0,-0.39073112848927377,-0.9192433335425377,
7516,2016-02-20,2016-02-20 00:20:00,2016-02-20 01:50:00,B8.9,POINT(-86 -27),10000,2016-02-20 01:31:00,POINT(-86 -27),-86.0,-27.0,-0.45399049973954675,-0.8888360770772763,
7517,2016-02-20,2016-02-20 00:49:00,2016-02-20 01:42:00,B8.9,POINT(-86 -27),10000,2016-02-20 01:31:00,POINT(-86 -27),-86.0,-27.0,-0.45399049973954675,-0.8888360770772763,
7518,2016-02-20,2016-02-20 06:49:00,2016-02-20 07:11:00,B9.6,POINT(-87 -24),10000,2016-02-20 06:58:00,POINT(-87 -24),-87.0,-24.0,-0.4067366430758002,-0.9122934753427847,
7519,2016-02-20,2016-02-20 08:04:00,2016-02-20 08:13:00,B4.6,POINT(-87 -24),10000,2016-02-20 08:09:00,POINT(-87 -24),-87.0,-24.0,-0.4067366430758002,-0.9122934753427847,
7525,2016-02-22,2016-02-22 16:27:00,2016-02-22 16:33:00,B4.0,POINT(-86 -7),10000,2016-02-22 16:31:00,POINT(-86 -7),-86.0,-7.0,-0.12186934340514748,-0.9901283591011188,
7526,2016-02-22,2016-02-22 18:41:00,2016-02-22 18:47:00,B4.3,POINT(-85 -7),10000,2016-02-22 18:44:00,POINT(-85 -7),-85.0,-7.0,-0.12186934340514748,-0.9887692138764507,
7527,2016-02-22,2016-02-22 20:43:00,2016-02-22 20:59:00,B8.7,POINT(-82 -7),10000,2016-02-22 20:55:00,POINT(-82 -7),-82.0,-7.0,-0.12186934340514748,-0.9828867607227297,
7528,2016-02-23,2016-02-23 01:01:00,2016-02-23 01:13:00,B9.7,POINT(-79 -7),10000,2016-02-23 01:09:00,POINT(-79 -7),-79.0,-7.0,-0.12186934340514748,-0.9743102832774889,
7529,2016-02-24,2016-02-24 00:54:00,2016-02-24 01:04:00,B3.0,POINT(-64 -7),10000,2016-02-24 01:01:00,POINT(-64 -7),-64.0,-7.0,-0.12186934340514748,-0.8920945717723704,
7530,2016-02-24,2016-02-24 01:13:00,2016-02-24 01:20:00,B3.5,POINT(-64 -7),10000,2016-02-24 01:18:00,POINT(-64 -7),-64.0,-7.0,-0.12186934340514748,-0.8920945717723704,
7531,2016-02-24,2016-02-24 03:43:00,2016-02-24 03:50:00,B2.6,POINT(-64 -7),10000,2016-02-24 03:48:00,POINT(-64 -7),-64.0,-7.0,-0.12186934340514748,-0.8920945717723704,
7533,2016-02-24,2016-02-24 06:57:00,2016-02-24 07:05:00,B2.9,POINT(-8 -83),10000,2016-02-24 07:02:00,POINT(-8 -83),-8.0,-83.0,-0.992546151641322,-0.016960934433661475,
7542,2016-02-25,2016-02-25 12:59:00,2016-02-25 13:06:00,B2.4,POINT(-25 -29),10000,2016-02-25 13:00:00,POINT(-25 -29),-25.0,-29.0,-0.48480962024633706,-0.369630260315411,
7557,2016-02-29,2016-02-29 16:43:00,2016-02-29 17:27:00,B5.2,POINT(-89 4),10000,2016-02-29 17:06:00,POINT(-89 4),-89.0,4.0,0.0697564737441253,-0.9974121164231596,
7577,2016-03-06,2016-03-06 07:26:00,2016-03-06 07:33:00,B3.1,POINT(-14 -82),10000,2016-03-06 07:30:00,POINT(-14 -82),-14.0,-82.0,-0.9902680687415704,-0.033669020400742974,
7582,2016-03-08,2016-03-08 03:26:00,2016-03-08 03:37:00,B2.4,POINT(24 1),10000,2016-03-08 03:30:00,POINT(24 1),24.0,1.0,0.01745240643728351,0.4066746951149866,
7583,2016-03-08,2016-03-08 10:59:00,2016-03-08 11:45:00,B2.8,POINT(-88 6),10000,2016-03-08 11:19:00,POINT(-88 6),-88.0,6.0,0.10452846326765347,-0.9939160595006973,
7584,2016-03-08,2016-03-08 13:03:00,2016-03-08 13:08:00,C1.5,POINT(31 1),10000,2016-03-08 13:06:00,POINT(31 1),31.0,1.0,0.01745240643728351,0.5149596321166025,
7586,2016-03-08,2016-03-08 14:00:00,2016-03-08 14:24:00,B3.2,POINT(-89 1),10000,2016-03-08 14:11:00,POINT(-89 1),-89.0,1.0,0.01745240643728351,-0.9996954135095479,
7587,2016-03-08,2016-03-08 14:34:00,2016-03-08 14:45:00,B3.9,POINT(-88 5),10000,2016-03-08 14:39:00,POINT(-88 5),-88.0,5.0,0.08715574274765817,-0.995587843197948,
7597,2016-03-11,2016-03-11 03:12:00,2016-03-11 03:17:00,B2.7,POINT(-82 -46),10000,2016-03-11 03:15:00,POINT(-82 -46),-82.0,-46.0,-0.7193398003386511,-0.6878980029495976,
7604,2016-03-15,2016-03-15 03:47:00,2016-03-15 04:52:00,B4.3,POINT(-87 17),10000,2016-03-15 04:21:00,POINT(-87 17),-87.0,17.0,0.29237170472273677,-0.9549941735309524,
7619,2016-03-20,2016-03-20 11:33:00,2016-03-20 11:44:00,B3.5,POINT(-78 -2),10000,2016-03-20 11:40:00,POINT(-78 -2),-78.0,-2.0,-0.03489949670250097,-0.9775517396441022,
7620,2016-03-20,2016-03-20 17:59:00,2016-03-20 18:08:00,B2.1,POINT(-73 -2),10000,2016-03-20 18:02:00,POINT(-73 -2),-73.0,-2.0,-0.03489949670250097,-0.9557222009441926,
7633,2016-03-27,2016-03-27 11:02:00,2016-03-27 11:33:00,B2.1,POINT(-63 7),10000,2016-03-27 11:27:00,POINT(-63 7),-63.0,7.0,0.12186934340514748,-0.8843650966704749,
7648,2016-04-02,2016-04-02 12:11:00,2016-04-02 12:22:00,B2.1,POINT(60 6),10000,2016-04-02 12:17:00,POINT(60 6),60.0,6.0,0.10452846326765347,0.8612812260087741,
7652,2016-04-04,2016-04-04 12:43:00,2016-04-04 12:56:00,B2.0,POINT(-89 4),10000,2016-04-04 12:48:00,POINT(-89 4),-89.0,4.0,0.0697564737441253,-0.9974121164231596,
7654,2016-04-05,2016-04-05 04:27:00,2016-04-05 04:33:00,B1.5,POINT(-89 4),10000,2016-04-05 04:30:00,POINT(-89 4),-89.0,4.0,0.0697564737441253,-0.9974121164231596,
7659,2016-04-06,2016-04-06 13:40:00,2016-04-06 15:06:00,B5.3,POINT(-89 6),10000,2016-04-06 14:19:00,POINT(-89 6),-89.0,6.0,0.10452846326765347,-0.9943704248665338,
7660,2016-04-06,2016-04-06 16:39:00,2016-04-06 17:13:00,C1.4,POINT(-88 8),10000,2016-04-06 16:51:00,POINT(-88 8),-88.0,8.0,0.13917310096006544,-0.9896648241902408,
7661,2016-04-06,2016-04-06 19:05:00,2016-04-06 19:43:00,B5.5,POINT(-88 8),10000,2016-04-06 19:23:00,POINT(-88 8),-88.0,8.0,0.13917310096006544,-0.9896648241902408,
7662,2016-04-07,2016-04-07 01:10:00,2016-04-07 01:26:00,C1.4,POINT(-88 9),10000,2016-04-07 01:17:00,POINT(-88 9),-88.0,9.0,0.15643446504023087,-0.987086667544493,
7663,2016-04-07,2016-04-07 05:50:00,2016-04-07 05:55:00,C1.4,POINT(-84 9),10000,2016-04-07 05:53:00,POINT(-84 9),-84.0,9.0,0.15643446504023087,-0.9822776805218211,
7664,2016-04-07,2016-04-07 09:45:00,2016-04-07 09:50:00,B8.6,POINT(-88 9),10000,2016-04-07 09:48:00,POINT(-88 9),-88.0,9.0,0.15643446504023087,-0.987086667544493,
7665,2016-04-07,2016-04-07 11:06:00,2016-04-07 11:21:00,C1.9,POINT(-88 9),10000,2016-04-07 11:13:00,POINT(-88 9),-88.0,9.0,0.15643446504023087,-0.987086667544493,
7686,2016-04-11,2016-04-11 01:36:00,2016-04-11 03:20:00,C1.1,POINT(-41 16),10000,2016-04-11 01:59:00,POINT(-41 16),-41.0,16.0,0.27563735581699916,-0.6306444148430618,
7687,2016-04-11,2016-04-11 13:16:00,2016-04-11 13:26:00,B8.1,POINT(-34 6),10000,2016-04-11 13:20:00,POINT(-34 6),-34.0,6.0,0.10452846326765347,-0.5561295862362151,
7709,2016-04-15,2016-04-15 08:11:00,2016-04-15 08:18:00,B6.8,POINT(-89 5),10000,2016-04-15 08:15:00,POINT(-89 5),-89.0,5.0,0.08715574274765817,-0.9960429728140489,
7738,2016-04-20,2016-04-20 07:31:00,2016-04-20 07:46:00,B4.7,POINT(89 -2),10000,2016-04-20 07:41:00,POINT(89 -2),89.0,-2.0,-0.03489949670250097,0.9992386149554826,
7758,2016-04-26,2016-04-26 12:52:00,2016-04-26 13:03:00,B3.3,POINT(-88 16),10000,2016-04-26 12:58:00,POINT(-88 16),-88.0,16.0,0.27563735581699916,-0.9606761212855751,
7760,2016-04-26,2016-04-26 20:37:00,2016-04-26 20:46:00,B8.0,POINT(-88 16),10000,2016-04-26 20:43:00,POINT(-88 16),-88.0,16.0,0.27563735581699916,-0.9606761212855751,
7769,2016-04-27,2016-04-27 21:13:00,2016-04-27 21:26:00,B7.5,POINT(-85 -44),10000,2016-04-27 21:19:00,POINT(-85 -44),-85.0,-44.0,-0.6946583704589973,-0.7166024952237391,
7810,2016-05-03,2016-05-03 23:10:00,2016-05-03 23:15:00,B3.1,POINT(-88 12),10000,2016-05-03 23:13:00,POINT(-88 12),-88.0,12.0,0.20791169081775934,-0.9775517396441024,
7815,2016-05-04,2016-05-04 19:59:00,2016-05-04 20:06:00,B3.0,POINT(-74 12),10000,2016-05-04 20:03:00,POINT(-74 12),-74.0,12.0,0.20791169081775934,-0.9402558215593757,
7876,2016-05-17,2016-05-17 20:07:00,2016-05-17 20:13:00,B4.1,POINT(-82 16),10000,2016-05-17 20:11:00,POINT(-82 16),-82.0,16.0,0.27563735581699916,-0.9519067631920857,
7914,2016-05-27,2016-05-27 16:29:00,2016-05-27 16:54:00,B3.9,POINT(-89 15),10000,2016-05-27 16:45:00,POINT(-89 15),-89.0,15.0,0.25881904510252074,-0.9657787111071577,
7918,2016-05-29,2016-05-29 02:33:00,2016-05-29 04:30:00,B3.4,POINT(-89 13),10000,2016-05-29 03:21:00,POINT(-89 13),-89.0,13.0,0.224951054343865,-0.9742216635049011,
7922,2016-05-30,2016-05-30 04:10:00,2016-05-30 04:22:00,B2.1,POINT(18 13),10000,2016-05-30 04:14:00,POINT(18 13),18.0,13.0,0.224951054343865,0.30109690882885615,
7932,2016-06-01,2016-06-01 22:20:00,2016-06-01 22:57:00,B7.9,POINT(-73 13),10000,2016-06-01 22:35:00,POINT(-73 13),-73.0,13.0,0.224951054343865,-0.9317947270221314,
7933,2016-06-07,2016-06-07 05:49:00,2016-06-07 06:15:00,B1.9,POINT(-32 -23),10000,2016-06-07 06:06:00,POINT(-32 -23),-32.0,-23.0,-0.39073112848927377,-0.4877932546646113,
7944,2016-06-10,2016-06-10 00:47:00,2016-06-10 00:55:00,B3.2,POINT(-89 3),10000,2016-06-10 00:52:00,POINT(-89 3),-89.0,3.0,0.052335956242943835,-0.9984774386394599,
7969,2016-06-15,2016-06-15 10:53:00,2016-06-15 10:58:00,B1.7,POINT(-18 5),10000,2016-06-15 10:55:00,POINT(-18 5),-18.0,5.0,0.08715574274765817,-0.30784109141656935,
7971,2016-06-15,2016-06-15 20:43:00,2016-06-15 20:49:00,B2.2,POINT(-13 5),10000,2016-06-15 20:47:00,POINT(-13 5),-13.0,5.0,0.08715574274765817,-0.22409504766750643,
7973,2016-06-16,2016-06-16 09:44:00,2016-06-16 09:52:00,B2.1,POINT(-7 5),10000,2016-06-16 09:48:00,POINT(-7 5),-7.0,5.0,0.08715574274765817,-0.12140559376013015,
7974,2016-06-16,2016-06-16 10:40:00,2016-06-16 10:46:00,B3.8,POINT(46 -9),10000,2016-06-16 10:44:00,POINT(46 -9),46.0,-9.0,-0.15643446504023087,0.71048353372052,
7975,2016-06-16,2016-06-16 11:58:00,2016-06-16 12:03:00,B2.6,POINT(47 -8),10000,2016-06-16 12:00:00,POINT(47 -8),47.0,-8.0,-0.13917310096006544,0.7242362176694146,
7977,2016-06-16,2016-06-16 12:12:00,2016-06-16 12:21:00,B3.5,POINT(47 -9),10000,2016-06-16 12:18:00,POINT(47 -9),47.0,-9.0,-0.15643446504023087,0.72234952394035,
7980,2016-06-16,2016-06-16 16:09:00,2016-06-16 16:17:00,B2.9,POINT(-3 6),10000,2016-06-16 16:13:00,POINT(-3 6),-3.0,6.0,0.10452846326765347,-0.05204925439864352,
7981,2016-06-16,2016-06-16 17:46:00,2016-06-16 18:06:00,B4.0,POINT(-63 4),10000,2016-06-16 17:53:00,POINT(-63 4),-63.0,4.0,0.0697564737441253,-0.8888360770772762,
7998,2016-06-24,2016-06-24 00:17:00,2016-06-24 00:44:00,B3.7,POINT(58 9),10000,2016-06-24 00:34:00,POINT(58 9),58.0,9.0,0.15643446504023087,0.8376072168376062,
7999,2016-06-24,2016-06-24 22:42:00,2016-06-24 23:21:00,B3.9,POINT(-81 14),10000,2016-06-24 22:56:00,POINT(-81 14),-81.0,14.0,0.24192189559966773,-0.958349775772093,
8000,2016-06-25,2016-06-25 02:07:00,2016-06-25 04:26:00,B4.4,POINT(-89 20),10000,2016-06-25 03:15:00,POINT(-89 20),-89.0,20.0,0.3420201433256687,-0.9395495010482594,
8001,2016-06-25,2016-06-25 11:01:00,2016-06-25 11:25:00,B4.9,POINT(-70 14),10000,2016-06-25 11:11:00,POINT(-70 14),-70.0,14.0,0.24192189559966773,-0.9117797339616575,
8002,2016-06-25,2016-06-25 15:27:00,2016-06-25 15:53:00,B4.4,POINT(-89 16),10000,2016-06-25 15:44:00,POINT(-89 16),-89.0,16.0,0.27563735581699916,-0.961115291126052,
8003,2016-06-26,2016-06-26 04:06:00,2016-06-26 04:17:00,B2.1,POINT(-56 12),10000,2016-06-26 04:11:00,POINT(-56 12),-56.0,12.0,0.20791169081775934,-0.8109211125128925,
8004,2016-06-26,2016-06-26 10:46:00,2016-06-26 10:55:00,B1.3,POINT(-55 14),10000,2016-06-26 10:50:00,POINT(-55 14),-55.0,14.0,0.24192189559966773,-0.7948197277438546,
8005,2016-06-26,2016-06-26 15:57:00,2016-06-26 16:23:00,B3.8,POINT(-51 13),10000,2016-06-26 16:04:00,POINT(-51 13),-51.0,13.0,0.224951054343865,-0.7572277608124127,
8006,2016-06-27,2016-06-27 04:05:00,2016-06-27 04:28:00,B3.2,POINT(-44 12),10000,2016-06-27 04:20:00,POINT(-44 12),-44.0,12.0,0.20791169081775934,-0.6794784183941234,
8007,2016-06-27,2016-06-27 09:42:00,2016-06-27 10:24:00,B5.8,POINT(-42 14),10000,2016-06-27 09:58:00,POINT(-42 14),-42.0,14.0,0.24192189559966773,-0.6492545676704663,
8008,2016-06-29,2016-06-29 02:39:00,2016-06-29 03:13:00,B2.2,POINT(-17 12),10000,2016-06-29 02:56:00,POINT(-17 12),-17.0,12.0,0.20791169081775934,-0.2859826814969977,
8009,2016-07-02,2016-07-02 04:00:00,2016-07-02 04:10:00,B1.6,POINT(-32 -17),10000,2016-07-02 04:05:00,POINT(-32 -17),-32.0,-17.0,-0.29237170472273677,-0.5067643126626463,
8010,2016-07-03,2016-07-03 07:55:00,2016-07-03 08:40:00,B1.5,POINT(-89 -5),10000,2016-07-03 08:06:00,POINT(-89 -5),-89.0,-5.0,-0.08715574274765817,-0.9960429728140489,
8011,2016-07-03,2016-07-03 09:52:00,2016-07-03 10:03:00,B1.6,POINT(3 15),10000,2016-07-03 09:58:00,POINT(3 15),3.0,15.0,0.25881904510252074,0.05055265177859405,
8012,2016-07-04,2016-07-04 01:57:00,2016-07-04 02:04:00,B1.7,POINT(12 16),10000,2016-07-04 02:01:00,POINT(12 16),12.0,16.0,0.27563735581699916,0.19985754452088275,
8013,2016-07-04,2016-07-04 08:31:00,2016-07-04 09:20:00,B1.6,POINT(16 15),10000,2016-07-04 08:45:00,POINT(16 15),16.0,15.0,0.25881904510252074,0.26624524067366884,
8014,2016-07-05,2016-07-05 19:10:00,2016-07-06 02:30:00,B3.7,POINT(37 19),10000,2016-07-05 21:47:00,POINT(37 19),37.0,19.0,0.3255681544571567,0.5690272834649945,
8015,2016-07-07,2016-07-07 03:03:00,2016-07-07 03:14:00,B3.9,POINT(32 -16),10000,2016-07-07 03:08:00,POINT(32 -16),32.0,-16.0,-0.27563735581699916,0.5093910906471967,
8019,2016-07-07,2016-07-07 12:03:00,2016-07-07 13:20:00,B3.9,POINT(-89 7),10000,2016-07-07 12:33:00,POINT(-89 7),-89.0,7.0,0.12186934340514748,-0.9923949820549218,
8020,2016-07-08,2016-07-08 00:48:00,2016-07-08 01:05:00,C2.7,POINT(-89 9),10000,2016-07-08 00:56:00,POINT(-89 9),-89.0,9.0,0.15643446504023087,-0.9875379108768892,
8021,2016-07-08,2016-07-08 02:34:00,2016-07-08 03:24:00,B9.1,POINT(-89 11),10000,2016-07-08 03:16:00,POINT(-89 11),-89.0,11.0,0.1908089953765448,-0.9814776768730069,
8136,2016-07-24,2016-07-24 11:56:00,2016-07-24 12:10:00,B9.6,POINT(89 7),12567,2016-07-24 12:00:00,POINT(89 7),89.0,7.0,0.12186934340514748,0.9923949820549218,
8146,2016-07-26,2016-07-26 02:08:00,2016-07-26 02:19:00,B2.2,POINT(88 -13),10000,2016-07-26 02:14:00,POINT(88 -13),88.0,-13.0,-0.224951054343865,0.9737765048683662,
8148,2016-07-26,2016-07-26 04:34:00,2016-07-26 04:43:00,B2.4,POINT(88 -12),10000,2016-07-26 04:37:00,POINT(88 -12),88.0,-12.0,-0.20791169081775934,0.9775517396441024,
8149,2016-07-26,2016-07-26 05:07:00,2016-07-26 05:21:00,B2.0,POINT(88 -12),10000,2016-07-26 05:12:00,POINT(88 -12),88.0,-12.0,-0.20791169081775934,0.9775517396441024,
8150,2016-07-26,2016-07-26 06:19:00,2016-07-26 06:45:00,B3.0,POINT(88 -12),10000,2016-07-26 06:26:00,POINT(88 -12),88.0,-12.0,-0.20791169081775934,0.9775517396441024,
8151,2016-07-26,2016-07-26 07:37:00,2016-07-26 07:43:00,B2.2,POINT(88 -12),10000,2016-07-26 07:41:00,POINT(88 -12),88.0,-12.0,-0.20791169081775934,0.9775517396441024,
8152,2016-07-26,2016-07-26 08:46:00,2016-07-26 09:11:00,B2.5,POINT(88 -13),10000,2016-07-26 08:56:00,POINT(88 -13),88.0,-13.0,-0.224951054343865,0.9737765048683662,
8153,2016-07-26,2016-07-26 13:09:00,2016-07-26 13:35:00,B4.6,POINT(88 -13),10000,2016-07-26 13:19:00,POINT(88 -13),88.0,-13.0,-0.224951054343865,0.9737765048683662,
8154,2016-07-26,2016-07-26 15:23:00,2016-07-26 16:05:00,B9.3,POINT(88 -13),10000,2016-07-26 15:35:00,POINT(88 -13),88.0,-13.0,-0.224951054343865,0.9737765048683662,
8155,2016-07-26,2016-07-26 17:08:00,2016-07-26 17:45:00,B4.5,POINT(88 -12),10000,2016-07-26 17:22:00,POINT(88 -12),88.0,-12.0,-0.20791169081775934,0.9775517396441024,
8156,2016-07-28,2016-07-28 13:44:00,2016-07-28 13:51:00,B1.1,POINT(-36 -17),10000,2016-07-28 13:48:00,POINT(-36 -17),-36.0,-17.0,-0.29237170472273677,-0.5621018322522248,
8157,2016-07-30,2016-07-30 09:20:00,2016-07-30 09:41:00,B5.3,POINT(-11 -18),10000,2016-07-30 09:34:00,POINT(-11 -18),-11.0,-18.0,-0.3090169943749474,-0.18147013842059476,
8158,2016-07-31,2016-07-31 21:25:00,2016-07-31 21:56:00,B2.9,POINT(3 -16),10000,2016-07-31 21:40:00,POINT(3 -16),3.0,-16.0,-0.27563735581699916,0.05030855005664584,
8165,2016-08-06,2016-08-06 00:30:00,2016-08-06 00:59:00,B3.0,POINT(-89 11),10000,2016-08-06 00:43:00,POINT(-89 11),-89.0,11.0,0.1908089953765448,-0.9814776768730069,
8169,2016-08-07,2016-08-07 01:54:00,2016-08-07 02:00:00,B5.5,POINT(-45 11),10000,2016-08-07 01:58:00,POINT(-45 11),-45.0,11.0,0.1908089953765448,-0.6941152380128942,
8171,2016-08-07,2016-08-07 10:18:00,2016-08-07 10:29:00,C1.6,POINT(87 -17),10000,2016-08-07 10:24:00,POINT(87 -17),87.0,-17.0,-0.29237170472273677,0.9549941735309524,
8172,2016-08-07,2016-08-07 11:37:00,2016-08-07 11:47:00,B4.7,POINT(87 -19),10000,2016-08-07 11:42:00,POINT(87 -19),87.0,-19.0,-0.3255681544571567,0.9442227752525532,
8173,2016-08-07,2016-08-07 12:44:00,2016-08-07 12:54:00,B6.9,POINT(87 -16),10000,2016-08-07 12:49:00,POINT(87 -16),87.0,-16.0,-0.27563735581699916,0.959944320192276,
8176,2016-08-07,2016-08-07 14:37:00,2016-08-07 14:48:00,M1.3,POINT(88 -15),10000,2016-08-07 14:44:00,POINT(88 -15),88.0,-15.0,-0.25881904510252074,0.9653374103741355,
8180,2016-08-08,2016-08-08 01:19:00,2016-08-08 01:29:00,B7.8,POINT(87 -15),10000,2016-08-08 01:23:00,POINT(87 -15),87.0,-15.0,-0.25881904510252074,0.9646020585144796,
8182,2016-08-08,2016-08-08 07:34:00,2016-08-08 07:43:00,C1.6,POINT(87 -20),10000,2016-08-08 07:37:00,POINT(87 -20),87.0,-20.0,-0.3420201433256687,0.9384048047077379,
8184,2016-08-08,2016-08-08 09:05:00,2016-08-08 09:27:00,C3.1,POINT(79 15),12570,2016-08-08 09:21:00,POINT(79 15),79.0,15.0,0.25881904510252074,0.9481790482794956,
8187,2016-08-08,2016-08-08 14:51:00,2016-08-08 16:18:00,B9.8,POINT(80 14),12570,2016-08-08 15:13:00,POINT(80 14),80.0,14.0,0.24192189559966773,0.9555547539512126,
8191,2016-08-09,2016-08-09 01:55:00,2016-08-09 02:09:00,B7.5,POINT(88 12),12570,2016-08-09 01:58:00,POINT(88 12),88.0,12.0,0.20791169081775934,0.9775517396441024,
8204,2016-08-11,2016-08-11 08:34:00,2016-08-11 08:42:00,B5.6,POINT(-6 -83),10000,2016-08-11 08:38:00,POINT(-6 -83),-6.0,-83.0,-0.992546151641322,-0.012738815185578007,
8208,2016-08-12,2016-08-12 04:12:00,2016-08-12 04:26:00,B4.5,POINT(-21 8),12573,2016-08-12 04:21:00,POINT(-21 8),-21.0,8.0,0.13917310096006544,-0.35488033729510104,
8209,2016-08-12,2016-08-12 06:50:00,2016-08-12 07:02:00,B7.0,POINT(-23 6),12573,2016-08-12 06:58:00,POINT(-23 6),-23.0,6.0,0.10452846326765347,-0.3885906624845369,
8215,2016-08-14,2016-08-14 04:34:00,2016-08-14 04:54:00,B2.5,POINT(-28 3),10000,2016-08-14 04:46:00,POINT(-28 3),-28.0,3.0,0.052335956242943835,-0.4688281683253768,
8239,2016-08-26,2016-08-26 06:50:00,2016-08-26 07:27:00,B6.6,POINT(83 -40),10000,2016-08-26 07:01:00,POINT(83 -40),83.0,-40.0,-0.6427876096865393,0.7603344640039612,
8248,2016-08-29,2016-08-29 07:26:00,2016-08-29 07:40:00,B5.2,POINT(-12 -82),10000,2016-08-29 07:31:00,POINT(-12 -82),-12.0,-82.0,-0.9902680687415704,-0.028935714736957937,
8251,2016-08-29,2016-08-29 23:05:00,2016-08-29 23:17:00,B5.7,POINT(-89 8),10000,2016-08-29 23:09:00,POINT(-89 8),-89.0,8.0,0.13917310096006544,-0.9901172461182299,
8252,2016-08-29,2016-08-29 23:48:00,2016-08-30 00:00:00,B8.9,POINT(-89 9),10000,2016-08-29 23:55:00,POINT(-89 9),-89.0,9.0,0.15643446504023087,-0.9875379108768892,
8253,2016-08-30,2016-08-30 02:40:00,2016-08-30 02:51:00,B5.6,POINT(-89 8),10000,2016-08-30 02:45:00,POINT(-89 8),-89.0,8.0,0.13917310096006544,-0.9901172461182299,
8254,2016-08-30,2016-08-30 05:24:00,2016-08-30 05:51:00,B7.6,POINT(-89 8),10000,2016-08-30 05:41:00,POINT(-89 8),-89.0,8.0,0.13917310096006544,-0.9901172461182299,
8255,2016-08-30,2016-08-30 09:58:00,2016-08-30 10:15:00,C1.0,POINT(-89 6),10000,2016-08-30 10:06:00,POINT(-89 6),-89.0,6.0,0.10452846326765347,-0.9943704248665338,
8256,2016-08-30,2016-08-30 09:58:00,2016-08-30 10:15:00,C1.0,POINT(-89 4),10000,2016-08-30 10:06:00,POINT(-89 4),-89.0,4.0,0.0697564737441253,-0.9974121164231596,
8263,2016-09-02,2016-09-02 06:16:00,2016-09-02 06:22:00,B5.9,POINT(-7 -82),10000,2016-09-02 06:20:00,POINT(-7 -82),-7.0,-82.0,-0.9902680687415704,-0.01696093443366148,
8275,2016-09-07,2016-09-07 09:29:00,2016-09-07 09:36:00,B2.3,POINT(77 9),10000,2016-09-07 09:33:00,POINT(77 9),77.0,9.0,0.15643446504023087,0.9623739524133059,
8283,2016-09-08,2016-09-08 06:37:00,2016-09-08 06:46:00,B4.1,POINT(-11 -82),10000,2016-09-08 06:42:00,POINT(-11 -82),-11.0,-82.0,-0.9902680687415704,-0.026555479577628535,
8288,2016-09-09,2016-09-09 03:02:00,2016-09-09 03:34:00,B7.9,POINT(24 10),12587,2016-09-09 03:23:00,POINT(24 10),24.0,10.0,0.17364817766693033,0.40055739953520725,
8291,2016-09-09,2016-09-09 06:56:00,2016-09-09 07:06:00,B3.8,POINT(-2 -82),10000,2016-09-09 07:01:00,POINT(-2 -82),-2.0,-82.0,-0.9902680687415704,-0.004857071178032639,
8316,2016-09-19,2016-09-19 04:59:00,2016-09-19 05:04:00,B1.8,POINT(47 11),12590,2016-09-19 05:02:00,POINT(47 11),47.0,11.0,0.1908089953765448,0.7179166742244495,
8325,2016-09-21,2016-09-21 14:29:00,2016-09-21 14:46:00,B7.2,POINT(84 11),10000,2016-09-21 14:38:00,POINT(84 11),84.0,11.0,0.1908089953765448,0.9762497270273904,
8326,2016-09-21,2016-09-21 19:45:00,2016-09-21 19:58:00,B4.4,POINT(88 10),10000,2016-09-21 19:50:00,POINT(88 10),88.0,10.0,0.17364817766693033,0.9842078347376879,
8327,2016-09-21,2016-09-21 23:44:00,2016-09-21 23:56:00,B3.4,POINT(85 10),10000,2016-09-21 23:50:00,POINT(85 10),85.0,10.0,0.17364817766693033,0.9810602621904069,
8328,2016-09-22,2016-09-22 00:24:00,2016-09-22 00:33:00,B4.6,POINT(86 10),10000,2016-09-22 00:29:00,POINT(86 10),86.0,10.0,0.17364817766693033,0.9824088108221348,
8329,2016-09-22,2016-09-22 00:55:00,2016-09-22 01:03:00,B6.5,POINT(86 10),10000,2016-09-22 00:59:00,POINT(86 10),86.0,10.0,0.17364817766693033,0.9824088108221348,
8330,2016-09-22,2016-09-22 01:17:00,2016-09-22 01:27:00,B6.8,POINT(89 9),10000,2016-09-22 01:23:00,POINT(89 9),89.0,9.0,0.15643446504023087,0.9875379108768892,
8331,2016-09-22,2016-09-22 03:23:00,2016-09-22 03:32:00,B4.7,POINT(89 10),10000,2016-09-22 03:27:00,POINT(89 10),89.0,10.0,0.17364817766693033,0.9846577620214009,
8332,2016-09-22,2016-09-22 03:42:00,2016-09-22 04:17:00,B4.6,POINT(88 10),10000,2016-09-22 04:08:00,POINT(88 10),88.0,10.0,0.17364817766693033,0.9842078347376879,
8333,2016-09-22,2016-09-22 05:10:00,2016-09-22 05:19:00,B6.7,POINT(89 10),10000,2016-09-22 05:15:00,POINT(89 10),89.0,10.0,0.17364817766693033,0.9846577620214009,
8334,2016-09-22,2016-09-22 05:40:00,2016-09-22 05:52:00,C5.6,POINT(89 10),10000,2016-09-22 05:47:00,POINT(89 10),89.0,10.0,0.17364817766693033,0.9846577620214009,
8335,2016-09-22,2016-09-22 06:44:00,2016-09-22 06:56:00,B9.7,POINT(88 10),10000,2016-09-22 06:50:00,POINT(88 10),88.0,10.0,0.17364817766693033,0.9842078347376879,
8336,2016-09-22,2016-09-22 08:24:00,2016-09-22 08:32:00,C1.9,POINT(88 10),10000,2016-09-22 08:29:00,POINT(88 10),88.0,10.0,0.17364817766693033,0.9842078347376879,
8337,2016-09-22,2016-09-22 09:47:00,2016-09-22 10:51:00,B4.7,POINT(88 10),10000,2016-09-22 09:54:00,POINT(88 10),88.0,10.0,0.17364817766693033,0.9842078347376879,
8338,2016-09-22,2016-09-22 11:46:00,2016-09-22 12:07:00,C1.5,POINT(88 10),10000,2016-09-22 11:52:00,POINT(88 10),88.0,10.0,0.17364817766693033,0.9842078347376879,
8339,2016-09-22,2016-09-22 15:30:00,2016-09-22 15:47:00,B4.2,POINT(88 11),10000,2016-09-22 15:36:00,POINT(88 11),88.0,11.0,0.1908089953765448,0.9810292026901866,
8340,2016-09-22,2016-09-22 17:35:00,2016-09-22 18:09:00,C1.9,POINT(83 11),10000,2016-09-22 17:53:00,POINT(83 11),83.0,11.0,0.1908089953765448,0.9743102832774889,
8341,2016-09-22,2016-09-22 17:35:00,2016-09-22 18:09:00,C1.9,POINT(88 11),10000,2016-09-22 17:53:00,POINT(88 11),88.0,11.0,0.1908089953765448,0.9810292026901866,
8342,2016-09-22,2016-09-22 19:05:00,2016-09-22 19:45:00,C2.6,POINT(88 11),10000,2016-09-22 19:16:00,POINT(88 11),88.0,11.0,0.1908089953765448,0.9810292026901866,
8343,2016-09-23,2016-09-23 00:33:00,2016-09-23 00:58:00,B2.5,POINT(88 11),10000,2016-09-23 00:42:00,POINT(88 11),88.0,11.0,0.1908089953765448,0.9810292026901866,
8344,2016-09-23,2016-09-23 03:35:00,2016-09-23 06:45:27,B6.3,POINT(28 16),12592,2016-09-23 05:25:00,POINT(28 16),28.0,16.0,0.27563735581699916,0.4512850306383784,
8345,2016-09-23,2016-09-23 04:38:00,2016-09-23 05:57:00,B6.2,POINT(28 15),12592,2016-09-23 05:25:00,POINT(28 15),28.0,15.0,0.25881904510252074,0.4534747072031818,
8346,2016-09-23,2016-09-23 14:11:00,2016-09-23 14:38:00,B3.3,POINT(88 12),10000,2016-09-23 14:24:00,POINT(88 12),88.0,12.0,0.20791169081775934,0.9775517396441024,
8347,2016-09-23,2016-09-23 21:38:00,2016-09-23 22:21:00,B4.2,POINT(88 12),10000,2016-09-23 22:01:00,POINT(88 12),88.0,12.0,0.20791169081775934,0.9775517396441024,
8351,2016-09-25,2016-09-25 03:06:00,2016-09-25 03:55:00,B2.8,POINT(78 8),12595,2016-09-25 03:31:00,POINT(78 8),78.0,8.0,0.13917310096006544,0.9686283355228663,
8352,2016-09-25,2016-09-25 04:12:00,2016-09-25 04:29:00,B3.2,POINT(78 8),12595,2016-09-25 04:22:00,POINT(78 8),78.0,8.0,0.13917310096006544,0.9686283355228663,
8372,2016-10-02,2016-10-02 16:27:00,2016-10-02 16:41:00,B3.7,POINT(-87 -17),10000,2016-10-02 16:32:00,POINT(-87 -17),-87.0,-17.0,-0.29237170472273677,-0.9549941735309524,
8374,2016-10-02,2016-10-02 18:53:00,2016-10-02 18:59:00,B3.4,POINT(-62 10),12600,2016-10-02 18:57:00,POINT(-62 10),-62.0,10.0,0.17364817766693033,-0.8695336349509377,
8392,2016-10-14,2016-10-14 14:43:00,2016-10-14 14:54:00,C1.0,POINT(-87 -17),10000,2016-10-14 14:49:00,POINT(-87 -17),-87.0,-17.0,-0.29237170472273677,-0.9549941735309524,
8408,2016-10-24,2016-10-24 12:30:00,2016-10-24 14:25:00,B1.4,POINT(89 10),12600,2016-10-24 12:41:00,POINT(89 10),89.0,10.0,0.17364817766693033,0.9846577620214009,
8411,2016-10-25,2016-10-25 14:25:00,2016-10-25 14:36:00,B1.3,POINT(-34 -24),10000,2016-10-25 14:29:00,POINT(-34 -24),-34.0,-24.0,-0.4067366430758002,-0.5108481369116782,
8421,2016-10-28,2016-10-28 21:16:00,2016-10-28 21:24:00,B2.1,POINT(63 7),12602,2016-10-28 21:21:00,POINT(63 7),63.0,7.0,0.12186934340514748,0.8843650966704749,
8422,2016-10-28,2016-10-28 23:38:00,2016-10-29 00:12:00,B2.6,POINT(66 8),12602,2016-10-28 23:51:00,POINT(66 8),66.0,8.0,0.13917310096006544,0.9046548960473725,
8423,2016-10-29,2016-10-29 23:00:00,2016-10-29 23:11:00,B2.0,POINT(88 17),10000,2016-10-29 23:05:00,POINT(88 17),88.0,17.0,0.29237170472273677,0.9557222009441926,
8426,2016-11-04,2016-11-04 12:26:00,2016-11-04 13:21:00,B2.2,POINT(17 12),10000,2016-11-04 12:47:00,POINT(17 12),17.0,12.0,0.20791169081775934,0.2859826814969977,
8427,2016-11-05,2016-11-05 03:20:00,2016-11-05 06:50:00,B1.1,POINT(27 17),10000,2016-11-05 04:52:00,POINT(27 17),27.0,17.0,0.29237170472273677,0.4341532740629638,
8437,2016-11-17,2016-11-17 19:53:00,2016-11-17 19:57:00,B1.5,POINT(-72 -16),10000,2016-11-17 19:57:00,POINT(-72 -16),-72.0,-16.0,-0.27563735581699916,-0.9142141997870687,
8441,2016-11-22,2016-11-22 00:05:00,2016-11-22 00:16:00,B1.6,POINT(-89 10),10000,2016-11-22 00:10:00,POINT(-89 10),-89.0,10.0,0.17364817766693033,-0.9846577620214009,
8447,2016-11-23,2016-11-23 14:54:00,2016-11-23 15:09:00,B2.2,POINT(-79 11),10000,2016-11-23 15:01:00,POINT(-79 11),-79.0,11.0,0.1908089953765448,-0.9635919272833937,
8451,2016-11-27,2016-11-27 06:18:00,2016-11-27 06:27:00,B1.4,POINT(74 9),12611,2016-11-27 06:24:00,POINT(74 9),74.0,9.0,0.15643446504023087,0.9494269693389861,
8452,2016-11-27,2016-11-27 08:33:00,2016-11-27 08:42:00,B2.4,POINT(76 9),12611,2016-11-27 08:37:00,POINT(76 9),76.0,9.0,0.15643446504023087,0.958349775772093,
8455,2016-11-27,2016-11-27 22:00:00,2016-11-27 22:13:00,B3.2,POINT(85 8),12611,2016-11-27 22:06:00,POINT(85 8),85.0,8.0,0.13917310096006544,0.9864997997699047,
8456,2016-11-27,2016-11-27 22:46:00,2016-11-27 22:52:00,B1.9,POINT(85 8),12611,2016-11-27 22:49:00,POINT(85 8),85.0,8.0,0.13917310096006544,0.9864997997699047,
8457,2016-11-27,2016-11-27 23:00:00,2016-11-27 23:07:00,B1.9,POINT(86 8),12611,2016-11-27 23:04:00,POINT(86 8),86.0,8.0,0.13917310096006544,0.9878558254968149,
8458,2016-11-28,2016-11-28 02:05:00,2016-11-28 02:26:00,B3.6,POINT(89 8),10000,2016-11-28 02:12:00,POINT(89 8),89.0,8.0,0.13917310096006544,0.9901172461182299,
8459,2016-11-28,2016-11-28 03:35:00,2016-11-28 03:44:00,B4.7,POINT(89 8),10000,2016-11-28 03:39:00,POINT(89 8),89.0,8.0,0.13917310096006544,0.9901172461182299,
8460,2016-11-28,2016-11-28 05:31:00,2016-11-28 05:38:00,B2.2,POINT(89 8),10000,2016-11-28 05:34:00,POINT(89 8),89.0,8.0,0.13917310096006544,0.9901172461182299,
8461,2016-11-28,2016-11-28 07:55:00,2016-11-28 08:03:00,C1.4,POINT(89 8),10000,2016-11-28 08:01:00,POINT(89 8),89.0,8.0,0.13917310096006544,0.9901172461182299,
8462,2016-11-28,2016-11-28 08:40:00,2016-11-28 08:50:00,B3.8,POINT(89 7),10000,2016-11-28 08:46:00,POINT(89 7),89.0,7.0,0.12186934340514748,0.9923949820549218,
8463,2016-11-28,2016-11-28 11:45:00,2016-11-28 11:53:00,B3.5,POINT(89 7),10000,2016-11-28 11:49:00,POINT(89 7),89.0,7.0,0.12186934340514748,0.9923949820549218,
8464,2016-11-28,2016-11-28 17:31:00,2016-11-28 17:36:00,B3.1,POINT(-72 -7),10000,2016-11-28 17:34:00,POINT(-72 -7),-72.0,-7.0,-0.12186934340514748,-0.9439674852421569,
8466,2016-11-29,2016-11-29 03:33:00,2016-11-29 03:44:00,B5.9,POINT(-64 -8),10000,2016-11-29 03:40:00,POINT(-64 -8),-64.0,-8.0,-0.13917310096006544,-0.8900470444250977,
8467,2016-11-29,2016-11-29 05:40:00,2016-11-29 05:48:00,B5.5,POINT(-63 -8),10000,2016-11-29 05:45:00,POINT(-63 -8),-63.0,-8.0,-0.13917310096006544,-0.8823353099441543,
8468,2016-11-29,2016-11-29 07:03:00,2016-11-29 07:12:00,C7.5,POINT(-62 -8),10000,2016-11-29 07:10:00,POINT(-62 -8),-62.0,-8.0,-0.13917310096006544,-0.8743548075804278,
8469,2016-11-29,2016-11-29 09:53:00,2016-11-29 10:02:00,B3.8,POINT(-61 -5),10000,2016-11-29 09:57:00,POINT(-61 -5),-61.0,-5.0,-0.08715574274765817,-0.8712915150988213,
8470,2016-11-29,2016-11-29 10:08:00,2016-11-29 10:24:00,B5.4,POINT(-60 -7),10000,2016-11-29 10:14:00,POINT(-60 -7),-60.0,-7.0,-0.12186934340514748,-0.8595701817498665,
8471,2016-11-29,2016-11-29 12:05:00,2016-11-29 12:34:00,C2.6,POINT(-59 -7),10000,2016-11-29 12:13:00,POINT(-59 -7),-59.0,-7.0,-0.12186934340514748,-0.8507781056246614,
8472,2016-11-29,2016-11-29 15:47:00,2016-11-29 16:06:00,B7.8,POINT(-58 -7),10000,2016-11-29 15:56:00,POINT(-58 -7),-58.0,-7.0,-0.12186934340514748,-0.8417268742468104,
8473,2016-11-29,2016-11-29 16:18:00,2016-11-29 16:23:00,B7.5,POINT(-56 -7),10000,2016-11-29 16:23:00,POINT(-56 -7),-56.0,-7.0,-0.12186934340514748,-0.82285805220557,
8474,2016-11-29,2016-11-29 16:36:00,2016-11-29 16:48:00,C1.1,POINT(-56 -7),10000,2016-11-29 16:41:00,POINT(-56 -7),-56.0,-7.0,-0.12186934340514748,-0.82285805220557,
8475,2016-11-29,2016-11-29 17:19:00,2016-11-29 17:26:00,M1.0,POINT(-56 -7),10000,2016-11-29 17:23:00,POINT(-56 -7),-56.0,-7.0,-0.12186934340514748,-0.82285805220557,
8476,2016-11-29,2016-11-29 17:19:00,2016-11-29 17:26:00,M1.0,POINT(-56 -8),10000,2016-11-29 17:23:00,POINT(-56 -8),-56.0,-8.0,-0.13917310096006544,-0.8209694358882806,
8477,2016-11-29,2016-11-29 18:58:00,2016-11-29 19:03:00,B5.9,POINT(-54 -7),10000,2016-11-29 19:01:00,POINT(-54 -7),-54.0,-7.0,-0.12186934340514748,-0.8029867043792831,
8478,2016-11-29,2016-11-29 20:49:00,2016-11-29 21:04:00,B3.5,POINT(-54 -7),10000,2016-11-29 20:54:00,POINT(-54 -7),-54.0,-7.0,-0.12186934340514748,-0.8029867043792831,
8479,2016-11-29,2016-11-29 22:34:00,2016-11-29 22:51:00,B4.4,POINT(-53 -7),10000,2016-11-29 22:44:00,POINT(-53 -7),-53.0,-7.0,-0.12186934340514748,-0.7926826020615448,
8484,2016-11-30,2016-11-30 02:09:00,2016-11-30 02:24:00,C3.1,POINT(-51 -7),10000,2016-11-30 02:22:00,POINT(-51 -7),-51.0,-7.0,-0.12186934340514748,-0.7713532333077117,
8538,2016-12-26,2016-12-26 20:56:00,2016-12-26 21:05:00,B8.3,POINT(44 9),10000,2016-12-26 21:01:00,POINT(44 9),44.0,9.0,0.15643446504023087,0.6861059731991694,
8550,2011-01-03,2011-01-03 23:26:00,2011-01-03 23:46:00,C1.1,POINT(-6 -15),10000,2011-01-03 23:35:00,POINT(-6 -15),-6.0,-15.0,-0.25881904510252074,-0.1009667422525347,
8558,2011-01-04,2011-01-04 23:39:00,2011-01-04 23:45:00,B4.2,POINT(-13 35),10000,2011-01-04 23:45:00,POINT(-13 35),-13.0,35.0,0.573576436351046,-0.18426911603074111,
8559,2011-01-05,2011-01-05 23:23:00,2011-01-05 23:29:00,B4.0,POINT(-44 -22),10000,2011-01-05 23:27:00,POINT(-44 -22),-44.0,-22.0,-0.374606593415912,-0.6440760255292565,
8561,2011-01-07,2011-01-07 00:01:00,2011-01-07 00:09:00,B1.2,POINT(56 -28),10000,2011-01-07 00:06:00,POINT(56 -28),56.0,-28.0,-0.4694715627858908,0.7319967290770821,
8564,2011-01-08,2011-01-08 09:18:00,2011-01-08 09:27:00,B2.5,POINT(76 -28),10000,2011-01-08 09:23:00,POINT(76 -28),76.0,-28.0,-0.4694715627858908,0.8567202758766954,
8575,2011-01-11,2011-01-11 18:46:00,2011-01-11 18:52:00,B1.6,POINT(89 -17),10000,2011-01-11 18:52:00,POINT(89 -17),89.0,-17.0,-0.29237170472273677,0.9561591061167362,
8576,2011-01-12,2011-01-12 00:39:00,2011-01-12 00:44:00,B1.1,POINT(-11 15),10000,2011-01-12 00:42:00,POINT(-11 15),-11.0,15.0,0.25881904510252074,-0.18430733652247605,
8578,2011-01-12,2011-01-12 21:19:00,2011-01-12 22:05:00,B1.6,POINT(52 -23),11143,2011-01-12 21:41:00,POINT(52 -23),52.0,-23.0,-0.39073112848927377,0.7253677232677027,
8579,2011-01-13,2011-01-13 07:48:00,2011-01-13 07:52:00,B1.4,POINT(86 34),10000,2011-01-13 07:52:00,POINT(86 34),86.0,34.0,0.5591929034707469,0.8270180786955802,
8580,2011-01-13,2011-01-13 09:09:00,2011-01-13 09:19:00,B3.7,POINT(86 33),10000,2011-01-13 09:19:00,POINT(86 33),86.0,33.0,0.5446390350150271,0.8366276085933443,
8581,2011-01-13,2011-01-13 09:49:00,2011-01-13 12:13:00,B2.8,POINT(-87 24),10000,2011-01-13 11:42:00,POINT(-87 24),-87.0,24.0,0.4067366430758002,-0.9122934753427847,
8583,2011-01-13,2011-01-13 14:36:00,2011-01-13 15:14:00,B1.9,POINT(86 34),10000,2011-01-13 15:02:00,POINT(86 34),86.0,34.0,0.5591929034707469,0.8270180786955802,
8584,2011-01-13,2011-01-13 23:47:00,2011-01-14 00:22:00,B2.3,POINT(-87 21),10000,2011-01-14 00:06:00,POINT(-87 21),-87.0,21.0,0.35836794954530027,-0.9323009869688772,
8585,2011-01-14,2011-01-14 01:15:00,2011-01-14 05:30:00,C1.7,POINT(-87 23),10000,2011-01-14 03:26:00,POINT(-87 23),-87.0,23.0,0.39073112848927377,-0.9192433335425377,
8586,2011-01-14,2011-01-14 12:52:00,2011-01-14 13:07:00,C1.0,POINT(-87 22),10000,2011-01-14 13:06:00,POINT(-87 22),-87.0,22.0,0.374606593415912,-0.9259131813179834,
8587,2011-01-14,2011-01-14 12:52:00,2011-01-14 13:25:00,C1.0,POINT(-87 24),10000,2011-01-14 13:07:00,POINT(-87 24),-87.0,24.0,0.4067366430758002,-0.9122934753427847,
8590,2011-01-14,2011-01-14 17:03:00,2011-01-14 17:09:00,B2.2,POINT(-20 25),10000,2011-01-14 17:09:00,POINT(-20 25),-20.0,25.0,0.42261826174069944,-0.30997551921944466,
8591,2011-01-15,2011-01-15 00:04:00,2011-01-15 00:07:00,B2.3,POINT(-87 21),10000,2011-01-15 00:07:00,POINT(-87 21),-87.0,21.0,0.35836794954530027,-0.9323009869688772,
8592,2011-01-15,2011-01-15 05:57:00,2011-01-15 06:05:00,B2.3,POINT(-87 23),10000,2011-01-15 06:01:00,POINT(-87 23),-87.0,23.0,0.39073112848927377,-0.9192433335425377,
8593,2011-01-15,2011-01-15 06:12:00,2011-01-15 06:18:00,B2.6,POINT(-87 24),10000,2011-01-15 06:16:00,POINT(-87 24),-87.0,24.0,0.4067366430758002,-0.9122934753427847,
8594,2011-01-15,2011-01-15 06:37:00,2011-01-15 06:41:00,B4.1,POINT(-87 23),10000,2011-01-15 06:39:00,POINT(-87 23),-87.0,23.0,0.39073112848927377,-0.9192433335425377,
8595,2011-01-15,2011-01-15 08:02:00,2011-01-15 08:06:00,B3.0,POINT(-87 23),10000,2011-01-15 08:06:00,POINT(-87 23),-87.0,23.0,0.39073112848927377,-0.9192433335425377,
8596,2011-01-15,2011-01-15 09:36:00,2011-01-15 09:42:00,B3.7,POINT(-84 22),10000,2011-01-15 09:39:00,POINT(-84 22),-84.0,22.0,0.374606593415912,-0.9221046443986228,
8597,2011-01-15,2011-01-15 10:25:00,2011-01-15 10:32:00,B2.8,POINT(-87 23),10000,2011-01-15 10:28:00,POINT(-87 23),-87.0,23.0,0.39073112848927377,-0.9192433335425377,
8598,2011-01-15,2011-01-15 12:22:00,2011-01-15 12:25:00,B2.2,POINT(-87 24),10000,2011-01-15 12:25:00,POINT(-87 24),-87.0,24.0,0.4067366430758002,-0.9122934753427847,
8599,2011-01-15,2011-01-15 13:28:00,2011-01-15 13:36:00,B2.3,POINT(-82 23),10000,2011-01-15 13:33:00,POINT(-82 23),-82.0,23.0,0.39073112848927377,-0.9115465634955904,
8600,2011-01-15,2011-01-15 13:28:00,2011-01-15 13:39:00,B2.3,POINT(-87 23),10000,2011-01-15 13:36:00,POINT(-87 23),-87.0,23.0,0.39073112848927377,-0.9192433335425377,
8601,2011-01-15,2011-01-15 14:13:00,2011-01-15 14:23:00,C1.1,POINT(-87 24),10000,2011-01-15 14:19:00,POINT(-87 24),-87.0,24.0,0.4067366430758002,-0.9122934753427847,
8613,2011-01-17,2011-01-17 11:53:00,2011-01-17 12:00:00,B3.4,POINT(-57 23),11147,2011-01-17 12:00:00,POINT(-57 23),-57.0,23.0,0.39073112848927377,-0.7720003282414775,
8616,2011-01-17,2011-01-17 17:09:00,2011-01-17 17:20:00,B2.2,POINT(27 -27),10000,2011-01-17 17:19:00,POINT(27 -27),27.0,-27.0,-0.45399049973954675,0.40450849718747367,
8644,2011-01-23,2011-01-23 18:09:00,2011-01-23 18:33:00,B2.8,POINT(55 23),10000,2011-01-23 18:20:00,POINT(55 23),55.0,23.0,0.39073112848927377,0.7540334324835053,
8646,2011-01-24,2011-01-24 00:49:00,2011-01-24 00:57:00,B2.2,POINT(25 25),10000,2011-01-24 00:53:00,POINT(25 25),25.0,25.0,0.42261826174069944,0.383022221559489,
8659,2011-01-26,2011-01-26 19:14:00,2011-01-26 19:18:00,B1.3,POINT(-87 -22),10000,2011-01-26 19:18:00,POINT(-87 -22),-87.0,-22.0,-0.374606593415912,-0.9259131813179834,
8660,2011-01-26,2011-01-26 21:19:00,2011-01-26 21:24:00,B1.0,POINT(-88 -19),10000,2011-01-26 21:22:00,POINT(-88 -19),-88.0,-19.0,-0.3255681544571567,-0.9449425912301187,
8665,2011-01-27,2011-01-27 08:40:00,2011-01-27 08:53:00,B6.6,POINT(84 10),10000,2011-01-27 08:50:00,POINT(84 10),84.0,10.0,0.17364817766693033,0.9794128730990714,
8667,2011-01-27,2011-01-27 11:53:00,2011-01-27 12:05:00,C1.2,POINT(87 12),10000,2011-01-27 12:01:00,POINT(87 12),87.0,12.0,0.20791169081775934,0.976807083442103,
8669,2011-01-28,2011-01-28 00:44:00,2011-01-28 02:45:00,M1.4,POINT(88 16),10000,2011-01-28 01:03:00,POINT(88 16),88.0,16.0,0.27563735581699916,0.9606761212855751,
8670,2011-01-28,2011-01-28 03:31:00,2011-01-28 03:36:00,B5.2,POINT(-73 -21),10000,2011-01-28 03:36:00,POINT(-73 -21),-73.0,-21.0,-0.35836794954530027,-0.8927874019332731,
8671,2011-01-28,2011-01-28 04:02:00,2011-01-28 04:07:00,B3.4,POINT(-88 -18),10000,2011-01-28 04:04:00,POINT(-88 -18),-88.0,-18.0,-0.3090169943749474,-0.9504771583621137,
8672,2011-01-28,2011-01-28 10:05:00,2011-01-28 10:22:00,C1.5,POINT(88 15),10000,2011-01-28 10:19:00,POINT(88 15),88.0,15.0,0.25881904510252074,0.9653374103741355,
8673,2011-01-28,2011-01-28 10:05:00,2011-01-28 10:30:00,C1.5,POINT(-81 -20),10000,2011-01-28 10:22:00,POINT(-81 -20),-81.0,-20.0,-0.3420201433256687,-0.92812344529353,
8674,2011-01-28,2011-01-28 13:44:00,2011-01-28 13:48:00,B1.6,POINT(-71 -20),10000,2011-01-28 13:48:00,POINT(-71 -20),-71.0,-20.0,-0.3420201433256687,-0.8884968283066811,
8675,2011-01-28,2011-01-28 16:09:00,2011-01-28 16:14:00,B2.4,POINT(-68 -21),10000,2011-01-28 16:14:00,POINT(-68 -21),-68.0,-21.0,-0.35836794954530027,-0.8656006983877809,
8676,2011-01-28,2011-01-28 17:52:00,2011-01-28 17:57:00,B6.2,POINT(-67 -20),10000,2011-01-28 17:57:00,POINT(-67 -20),-67.0,-20.0,-0.3420201433256687,-0.8649916181868723,
8678,2011-01-29,2011-01-29 07:58:00,2011-01-29 08:07:00,B1.4,POINT(-73 34),10000,2011-01-29 08:03:00,POINT(-73 34),-73.0,34.0,0.5591929034707469,-0.7928125735064364,
8683,2011-01-30,2011-01-30 17:55:00,2011-01-30 19:09:00,B2.3,POINT(-62 32),10000,2011-01-30 18:36:00,POINT(-62 32),-62.0,32.0,0.5299192642332049,-0.7487820251299121,
8701,2011-02-03,2011-02-03 17:28:00,2011-02-03 17:35:00,B2.0,POINT(-13 -17),10000,2011-02-03 17:35:00,POINT(-13 -17),-13.0,-17.0,-0.29237170472273677,-0.21512176312793735,
8712,2011-02-07,2011-02-07 21:24:00,2011-02-07 21:29:00,B1.3,POINT(59 16),10000,2011-02-07 21:29:00,POINT(59 16),59.0,16.0,0.27563735581699916,0.8239620931757835,
8715,2011-02-08,2011-02-08 08:17:00,2011-02-08 08:22:00,B1.9,POINT(-89 5),10000,2011-02-08 08:19:00,POINT(-89 5),-89.0,5.0,0.08715574274765817,-0.9960429728140489,
8717,2011-02-08,2011-02-08 10:28:00,2011-02-08 10:31:00,B1.6,POINT(-89 5),10000,2011-02-08 10:29:00,POINT(-89 5),-89.0,5.0,0.08715574274765817,-0.9960429728140489,
8718,2011-02-08,2011-02-08 11:34:00,2011-02-08 11:40:00,B1.9,POINT(67 13),10000,2011-02-08 11:39:00,POINT(67 13),67.0,13.0,0.224951054343865,0.8969123736935778,
8724,2011-02-09,2011-02-09 05:42:00,2011-02-09 05:47:00,B4.3,POINT(-34 21),10000,2011-02-09 05:47:00,POINT(-34 21),-34.0,21.0,0.35836794954530027,-0.5220515493164285,
8726,2011-02-09,2011-02-09 10:15:00,2011-02-09 10:23:00,B5.4,POINT(-31 21),10000,2011-02-09 10:18:00,POINT(-31 21),-31.0,21.0,0.35836794954530027,-0.4808294656368261,
8727,2011-02-09,2011-02-09 16:19:00,2011-02-09 16:27:00,B8.6,POINT(82 17),10000,2011-02-09 16:27:00,POINT(82 17),82.0,17.0,0.29237170472273677,0.9469980638158938,
8728,2011-02-09,2011-02-09 18:59:00,2011-02-09 19:08:00,B2.6,POINT(85 17),10000,2011-02-09 19:05:00,POINT(85 17),85.0,17.0,0.29237170472273677,0.9526657276502964,
8729,2011-02-09,2011-02-09 19:57:00,2011-02-09 20:11:00,B2.9,POINT(-24 20),10000,2011-02-09 20:04:00,POINT(-24 20),-24.0,20.0,0.3420201433256687,-0.38220742210156133,
8730,2011-02-09,2011-02-09 22:07:00,2011-02-09 22:13:00,B3.3,POINT(87 17),10000,2011-02-09 22:08:00,POINT(87 17),87.0,17.0,0.29237170472273677,0.9549941735309524,
8731,2011-02-09,2011-02-09 22:54:00,2011-02-09 23:03:00,B7.9,POINT(85 16),10000,2011-02-09 23:03:00,POINT(85 16),85.0,16.0,0.27563735581699916,0.9576038049724329,
8732,2011-02-10,2011-02-10 06:19:00,2011-02-10 06:50:00,C1.9,POINT(87 16),10000,2011-02-10 06:40:00,POINT(87 16),87.0,16.0,0.27563735581699916,0.959944320192276,
8733,2011-02-10,2011-02-10 06:55:00,2011-02-10 07:25:00,C2.1,POINT(87 18),10000,2011-02-10 06:58:00,POINT(87 18),87.0,18.0,0.3090169943749474,0.9497531263931349,
8734,2011-02-10,2011-02-10 09:24:00,2011-02-10 09:33:00,B4.4,POINT(-17 -19),10000,2011-02-10 09:28:00,POINT(-17 -19),-17.0,-19.0,-0.3255681544571567,-0.2764428777949861,
8735,2011-02-10,2011-02-10 12:28:00,2011-02-10 12:34:00,C4.7,POINT(87 18),10000,2011-02-10 12:30:00,POINT(87 18),87.0,18.0,0.3090169943749474,0.9497531263931349,
8736,2011-02-10,2011-02-10 13:33:00,2011-02-10 13:52:00,C2.6,POINT(87 16),10000,2011-02-10 13:45:00,POINT(87 16),87.0,16.0,0.27563735581699916,0.959944320192276,
8737,2011-02-10,2011-02-10 14:38:00,2011-02-10 14:47:00,B6.7,POINT(87 16),10000,2011-02-10 14:42:00,POINT(87 16),87.0,16.0,0.27563735581699916,0.959944320192276,
8739,2011-02-11,2011-02-11 03:56:00,2011-02-11 04:07:00,B3.1,POINT(87 17),10000,2011-02-11 04:01:00,POINT(87 17),87.0,17.0,0.29237170472273677,0.9549941735309524,
8740,2011-02-11,2011-02-11 07:58:00,2011-02-11 08:13:00,B9.0,POINT(87 17),10000,2011-02-11 08:00:00,POINT(87 17),87.0,17.0,0.29237170472273677,0.9549941735309524,
8741,2011-02-11,2011-02-11 21:28:00,2011-02-11 22:40:00,B8.2,POINT(-32 19),10000,2011-02-11 21:57:00,POINT(-32 19),-32.0,19.0,0.3255681544571567,-0.5010485079004179,
8742,2011-02-11,2011-02-11 21:31:00,2011-02-11 21:57:00,B8.2,POINT(-88 12),10000,2011-02-11 21:57:00,POINT(-88 12),-88.0,12.0,0.20791169081775934,-0.9775517396441024,
8743,2011-02-11,2011-02-11 23:05:00,2011-02-11 23:19:00,B9.6,POINT(-30 -21),10000,2011-02-11 23:12:00,POINT(-30 -21),-30.0,-21.0,-0.35836794954530027,-0.4667902132486008,
8744,2011-02-12,2011-02-12 00:59:00,2011-02-12 01:10:00,B8.6,POINT(-86 25),10000,2011-02-12 01:00:00,POINT(-86 25),-86.0,25.0,0.42261826174069944,-0.9041000668182987,
8745,2011-02-12,2011-02-12 02:39:00,2011-02-12 02:46:00,B5.2,POINT(-88 9),10000,2011-02-12 02:45:00,POINT(-88 9),-88.0,9.0,0.15643446504023087,-0.987086667544493,
8747,2011-02-12,2011-02-12 06:42:00,2011-02-12 06:47:00,B3.0,POINT(-24 18),10000,2011-02-12 06:45:00,POINT(-24 18),-24.0,18.0,0.3090169943749474,-0.3868295348132558,
8749,2011-02-12,2011-02-12 11:46:00,2011-02-12 11:51:00,B1.9,POINT(-88 12),10000,2011-02-12 11:51:00,POINT(-88 12),-88.0,12.0,0.20791169081775934,-0.9775517396441024,
8750,2011-02-12,2011-02-12 14:30:00,2011-02-12 15:06:00,C2.6,POINT(-20 18),10000,2011-02-12 15:00:00,POINT(-20 18),-20.0,18.0,0.3090169943749474,-0.3252804860140796,
8751,2011-02-12,2011-02-12 17:26:00,2011-02-12 17:41:00,B5.6,POINT(-88 11),10000,2011-02-12 17:33:00,POINT(-88 11),-88.0,11.0,0.1908089953765448,-0.9810292026901866,
8752,2011-02-12,2011-02-12 18:21:00,2011-02-12 18:26:00,B4.7,POINT(-19 19),10000,2011-02-12 18:26:00,POINT(-19 19),-19.0,19.0,0.3255681544571567,-0.3078307376628292,
8753,2011-02-12,2011-02-12 19:13:00,2011-02-12 19:21:00,B5.8,POINT(-18 18),10000,2011-02-12 19:16:00,POINT(-18 18),-18.0,18.0,0.3090169943749474,-0.2938926261462365,
8754,2011-02-12,2011-02-12 20:23:00,2011-02-12 20:36:00,B8.9,POINT(-82 10),10000,2011-02-12 20:33:00,POINT(-82 10),-82.0,10.0,0.17364817766693033,-0.9752236716571246,
8755,2011-02-13,2011-02-13 00:36:00,2011-02-13 00:47:00,B8.5,POINT(-14 18),10000,2011-02-13 00:42:00,POINT(-14 18),-14.0,18.0,0.3090169943749474,-0.23008139524453983,
8756,2011-02-13,2011-02-13 03:27:00,2011-02-13 03:37:00,B5.6,POINT(-10 -17),10000,2011-02-13 03:31:00,POINT(-10 -17),-10.0,-17.0,-0.29237170472273677,-0.16606057816719963,
8757,2011-02-13,2011-02-13 07:25:00,2011-02-13 07:32:00,C1.4,POINT(-83 11),10000,2011-02-13 07:29:00,POINT(-83 11),-83.0,11.0,0.1908089953765448,-0.9743102832774889,
8758,2011-02-13,2011-02-13 12:29:00,2011-02-13 12:36:00,C1.1,POINT(-79 11),10000,2011-02-13 12:30:00,POINT(-79 11),-79.0,11.0,0.1908089953765448,-0.9635919272833937,
8759,2011-02-13,2011-02-13 13:44:00,2011-02-13 13:56:00,C4.7,POINT(-7 -20),10000,2011-02-13 13:45:00,POINT(-7 -20),-7.0,-20.0,-0.3420201433256687,-0.1145197226978409,
8763,2011-02-14,2011-02-14 02:35:00,2011-02-14 02:46:00,C1.6,POINT(-4 -20),10000,2011-02-14 02:42:00,POINT(-4 -20),-4.0,-20.0,-0.3420201433256687,-0.06554964362940052,
8765,2011-02-14,2011-02-14 06:51:00,2011-02-14 07:03:00,C6.6,POINT(-1 -20),10000,2011-02-14 06:58:00,POINT(-1 -20),-1.0,-20.0,-0.3420201433256687,-0.0163998975440718,
8766,2011-02-14,2011-02-14 12:41:00,2011-02-14 12:58:00,C9.4,POINT(1 -20),10000,2011-02-14 12:45:00,POINT(1 -20),1.0,-20.0,-0.3420201433256687,0.0163998975440718,
8770,2011-02-14,2011-02-14 19:23:00,2011-02-14 19:36:00,C6.6,POINT(4 -20),10000,2011-02-14 19:30:00,POINT(4 -20),4.0,-20.0,-0.3420201433256687,0.06554964362940052,
8771,2011-02-14,2011-02-14 23:14:00,2011-02-14 23:26:00,C1.2,POINT(13 -19),10000,2011-02-14 23:19:00,POINT(13 -19),13.0,-19.0,-0.3255681544571567,0.21269540048277574,
8772,2011-02-14,2011-02-14 23:40:00,2011-02-14 23:57:00,C2.7,POINT(14 -18),10000,2011-02-14 23:46:00,POINT(14 -18),14.0,-18.0,-0.3090169943749474,0.23008139524453983,
8773,2011-02-15,2011-02-15 00:31:00,2011-02-15 00:48:00,C2.7,POINT(6 -21),10000,2011-02-15 00:38:00,POINT(6 -21),6.0,-21.0,-0.35836794954530027,0.09758572731851302,
8775,2011-02-15,2011-02-15 04:27:00,2011-02-15 04:37:00,C4.8,POINT(8 -20),10000,2011-02-15 04:31:00,POINT(8 -20),8.0,-20.0,-0.3420201433256687,0.13077993598406573,
8778,2011-02-15,2011-02-15 19:30:00,2011-02-15 19:36:00,B8.5,POINT(20 -22),10000,2011-02-15 19:31:00,POINT(20 -22),20.0,-22.0,-0.374606593415912,0.3171155548281786,
8779,2011-02-15,2011-02-15 22:49:00,2011-02-15 22:56:00,C1.3,POINT(20 -21),10000,2011-02-15 22:54:00,POINT(20 -21),20.0,-21.0,-0.35836794954530027,0.3193033112766119,
8781,2011-02-16,2011-02-16 01:32:00,2011-02-16 01:46:00,M1.0,POINT(24 -20),10000,2011-02-16 01:39:00,POINT(24 -20),24.0,-20.0,-0.3420201433256687,0.38220742210156133,
8782,2011-02-16,2011-02-16 01:56:00,2011-02-16 02:05:00,C2.2,POINT(-4 -83),10000,2011-02-16 02:00:00,POINT(-4 -83),-4.0,-83.0,-0.992546151641322,-0.008501175653454962,
8783,2011-02-16,2011-02-16 05:40:00,2011-02-16 05:45:00,C5.9,POINT(26 -20),10000,2011-02-16 05:45:00,POINT(26 -20),26.0,-20.0,-0.3420201433256687,0.4119341318031523,
8784,2011-02-16,2011-02-16 06:18:00,2011-02-16 06:29:00,C2.2,POINT(27 -19),10000,2011-02-16 06:22:00,POINT(27 -19),27.0,-19.0,-0.3255681544571567,0.42925645064935825,
8785,2011-02-16,2011-02-16 07:35:00,2011-02-16 07:44:00,M1.1,POINT(29 -19),10000,2011-02-16 07:44:00,POINT(29 -19),29.0,-19.0,-0.3255681544571567,0.45839650157216233,
8786,2011-02-16,2011-02-16 09:02:00,2011-02-16 09:19:00,C9.9,POINT(28 -20),10000,2011-02-16 09:11:00,POINT(28 -20),28.0,-20.0,-0.3420201433256687,0.4411589632187299,
8787,2011-02-16,2011-02-16 10:25:00,2011-02-16 10:39:00,C3.2,POINT(28 -20),10000,2011-02-16 10:30:00,POINT(28 -20),28.0,-20.0,-0.3420201433256687,0.4411589632187299,
8788,2011-02-16,2011-02-16 11:58:00,2011-02-16 12:05:00,C1.0,POINT(29 -20),10000,2011-02-16 12:00:00,POINT(29 -20),29.0,-20.0,-0.3420201433256687,0.4555720226315015,
8789,2011-02-16,2011-02-16 14:19:00,2011-02-16 14:29:00,M1.6,POINT(30 -21),10000,2011-02-16 14:25:00,POINT(30 -21),30.0,-21.0,-0.35836794954530027,0.4667902132486008,
8790,2011-02-16,2011-02-16 15:27:00,2011-02-16 15:37:00,C7.7,POINT(32 -20),10000,2011-02-16 15:31:00,POINT(32 -20),32.0,-20.0,-0.3420201433256687,0.4979612222122406,
8791,2011-02-16,2011-02-16 19:29:00,2011-02-16 19:43:00,C1.3,POINT(33 -21),10000,2011-02-16 19:31:00,POINT(33 -21),33.0,-21.0,-0.35836794954530027,0.5084643425963534,
8792,2011-02-16,2011-02-16 20:11:00,2011-02-16 20:19:00,C1.1,POINT(36 -20),10000,2011-02-16 20:15:00,POINT(36 -20),36.0,-20.0,-0.3420201433256687,0.5523374641860205,
8793,2011-02-16,2011-02-16 21:06:00,2011-02-16 21:14:00,C4.2,POINT(35 -20),10000,2011-02-16 21:11:00,POINT(35 -20),35.0,-20.0,-0.3420201433256687,0.5389855446957562,
8795,2011-02-17,2011-02-17 01:41:00,2011-02-17 01:50:00,C6.1,POINT(37 -20),10000,2011-02-17 01:46:00,POINT(37 -20),37.0,-20.0,-0.3420201433256687,0.5655211363340804,
8796,2011-02-17,2011-02-17 02:46:00,2011-02-17 03:08:00,C2.3,POINT(-26 13),10000,2011-02-17 02:52:00,POINT(-26 13),-26.0,13.0,0.224951054343865,-0.42713572269685124,
8797,2011-02-17,2011-02-17 04:09:00,2011-02-17 04:22:00,C1.5,POINT(37 -21),10000,2011-02-17 04:15:00,POINT(37 -21),37.0,-21.0,-0.35836794954530027,0.5618427259867126,
8799,2011-02-17,2011-02-17 06:44:00,2011-02-17 06:51:00,C1.2,POINT(39 -22),10000,2011-02-17 06:45:00,POINT(39 -22),39.0,-22.0,-0.374606593415912,0.5834957059310663,
8801,2011-02-17,2011-02-17 09:24:00,2011-02-17 09:35:00,C1.9,POINT(40 -20),10000,2011-02-17 09:30:00,POINT(40 -20),40.0,-20.0,-0.3420201433256687,0.6040227735550536,
8808,2011-02-21,2011-02-21 10:00:00,2011-02-21 10:07:00,C1.8,POINT(87 -21),10000,2011-02-21 10:04:00,POINT(87 -21),87.0,-21.0,-0.35836794954530027,0.9323009869688772,
8810,2011-02-21,2011-02-21 15:39:00,2011-02-21 15:55:00,C1.5,POINT(87 -21),10000,2011-02-21 15:44:00,POINT(87 -21),87.0,-21.0,-0.35836794954530027,0.9323009869688772,
8811,2011-02-21,2011-02-21 18:25:00,2011-02-21 18:35:00,C1.4,POINT(87 -21),10000,2011-02-21 18:29:00,POINT(87 -21),87.0,-21.0,-0.35836794954530027,0.9323009869688772,
8818,2011-02-23,2011-02-23 12:15:00,2011-02-23 12:29:00,C1.2,POINT(62 12),10000,2011-02-23 12:23:00,POINT(62 12),62.0,12.0,0.20791169081775934,0.8636530695286484,
8820,2011-02-24,2011-02-24 02:49:00,2011-02-24 02:57:00,B3.9,POINT(75 19),10000,2011-02-24 02:53:00,POINT(75 19),75.0,19.0,0.3255681544571567,0.913300811407433,
8821,2011-02-24,2011-02-24 07:23:00,2011-02-24 07:42:00,M3.5,POINT(-87 14),10000,2011-02-24 07:31:00,POINT(-87 14),-87.0,14.0,0.24192189559966773,-0.9689659697053497,
8822,2011-02-24,2011-02-24 13:47:00,2011-02-24 13:56:00,C1.8,POINT(-84 16),10000,2011-02-24 13:53:00,POINT(-84 16),-84.0,16.0,0.27563735581699916,-0.9559958037894977,
8824,2011-02-24,2011-02-24 18:20:00,2011-02-24 18:41:00,B5.9,POINT(-87 14),10000,2011-02-24 18:23:00,POINT(-87 14),-87.0,14.0,0.24192189559966773,-0.9689659697053497,
8825,2011-02-24,2011-02-24 18:56:00,2011-02-24 19:08:00,B9.1,POINT(-83 21),10000,2011-02-24 19:00:00,POINT(-83 21),-83.0,21.0,0.35836794954530027,-0.9266216595674617,
8827,2011-02-25,2011-02-25 01:38:00,2011-02-25 01:45:00,B4.8,POINT(-74 16),10000,2011-02-25 01:42:00,POINT(-74 16),-74.0,16.0,0.27563735581699916,-0.924024048078213,
8828,2011-02-25,2011-02-25 03:22:00,2011-02-25 03:33:00,B4.2,POINT(-73 17),10000,2011-02-25 03:25:00,POINT(-73 17),-73.0,17.0,0.29237170472273677,-0.9145187862775208,
8829,2011-02-25,2011-02-25 05:15:00,2011-02-25 05:22:00,C1.4,POINT(-14 -82),10000,2011-02-25 05:18:00,POINT(-14 -82),-14.0,-82.0,-0.9902680687415704,-0.033669020400742974,
8830,2011-02-25,2011-02-25 05:40:00,2011-02-25 05:46:00,C1.6,POINT(-85 27),10000,2011-02-25 05:44:00,POINT(-85 27),-85.0,27.0,0.45399049973954675,-0.8876159753616067,
8831,2011-02-25,2011-02-25 10:53:00,2011-02-25 11:07:00,B6.2,POINT(-86 25),10000,2011-02-25 10:58:00,POINT(-86 25),-86.0,25.0,0.42261826174069944,-0.9041000668182987,
8832,2011-02-25,2011-02-25 17:18:00,2011-02-25 17:37:00,C1.1,POINT(-79 24),10000,2011-02-25 17:29:00,POINT(-79 24),-79.0,24.0,0.4067366430758002,-0.8967610545371135,
8833,2011-02-25,2011-02-25 18:57:00,2011-02-25 19:04:00,B4.5,POINT(-77 26),10000,2011-02-25 19:00:00,POINT(-77 26),-77.0,26.0,0.4383711467890774,-0.8757580131211031,
8834,2011-02-25,2011-02-25 22:29:00,2011-02-25 22:33:00,B5.2,POINT(-85 31),10000,2011-02-25 22:31:00,POINT(-85 31),-85.0,31.0,0.5150380749100542,-0.8539055203370572,
8835,2011-02-26,2011-02-26 00:07:00,2011-02-26 00:12:00,B4.3,POINT(-76 28),10000,2011-02-26 00:10:00,POINT(-76 28),-76.0,28.0,0.4694715627858908,-0.8567202758766954,
8836,2011-02-26,2011-02-26 00:54:00,2011-02-26 01:03:00,B9.0,POINT(-79 27),10000,2011-02-26 00:59:00,POINT(-79 27),-79.0,27.0,0.45399049973954675,-0.8746362247725205,
8837,2011-02-26,2011-02-26 01:18:00,2011-02-26 01:23:00,B4.6,POINT(-73 26),10000,2011-02-26 01:21:00,POINT(-73 26),-73.0,26.0,0.4383711467890774,-0.8595210211071541,
8838,2011-02-26,2011-02-26 05:03:00,2011-02-26 05:20:00,B8.9,POINT(-75 27),10000,2011-02-26 05:10:00,POINT(-75 27),-75.0,27.0,0.45399049973954675,-0.8606462131056,
8839,2011-02-26,2011-02-26 06:16:00,2011-02-26 06:34:00,B7.0,POINT(-72 25),10000,2011-02-26 06:19:00,POINT(-72 25),-72.0,25.0,0.42261826174069944,-0.8619499266302462,
8840,2011-02-26,2011-02-26 07:32:00,2011-02-26 07:38:00,B4.5,POINT(-58 16),10000,2011-02-26 07:35:00,POINT(-58 16),-58.0,16.0,0.27563735581699916,-0.8151961511485886,
8841,2011-02-26,2011-02-26 08:09:00,2011-02-26 08:15:00,C1.3,POINT(-70 27),10000,2011-02-26 08:13:00,POINT(-70 27),-70.0,27.0,0.45399049973954675,-0.8372722558519102,
8842,2011-02-26,2011-02-26 09:35:00,2011-02-26 09:43:00,B3.7,POINT(-67 25),10000,2011-02-26 09:39:00,POINT(-67 25),-67.0,25.0,0.42261826174069944,-0.8342607166889769,
8843,2011-02-26,2011-02-26 19:20:00,2011-02-26 19:26:00,B3.9,POINT(-66 24),10000,2011-02-26 19:24:00,POINT(-66 24),-66.0,24.0,0.4067366430758002,-0.834565303179429,
8844,2011-02-26,2011-02-26 20:46:00,2011-02-26 20:52:00,B4.3,POINT(-52 16),10000,2011-02-26 20:50:00,POINT(-52 16),-52.0,16.0,0.27563735581699916,-0.7574845534296304,
8845,2011-02-26,2011-02-26 23:23:00,2011-02-26 23:41:00,B5.7,POINT(-62 23),10000,2011-02-26 23:30:00,POINT(-62 23),-62.0,23.0,0.39073112848927377,-0.8127575445707915,
8846,2011-02-27,2011-02-27 03:49:00,2011-02-27 03:58:00,C4.2,POINT(-58 26),10000,2011-02-27 03:55:00,POINT(-58 26),-58.0,26.0,0.4383711467890774,-0.7622205798007392,
8847,2011-02-27,2011-02-27 05:04:00,2011-02-27 05:15:00,B2.7,POINT(-64 28),10000,2011-02-27 05:11:00,POINT(-64 28),-64.0,28.0,0.4694715627858908,-0.7935880396557845,
8848,2011-02-27,2011-02-27 06:21:00,2011-02-27 06:28:00,B1.9,POINT(-40 -22),10000,2011-02-27 06:28:00,POINT(-40 -22),-40.0,-22.0,-0.374606593415912,-0.5959822936169371,
8849,2011-02-27,2011-02-27 14:30:00,2011-02-27 14:49:00,B6.1,POINT(-52 24),10000,2011-02-27 14:42:00,POINT(-52 24),-52.0,24.0,0.4067366430758002,-0.7198836445309437,
8850,2011-02-27,2011-02-27 15:47:00,2011-02-27 15:59:00,B7.2,POINT(-52 24),10000,2011-02-27 15:53:00,POINT(-52 24),-52.0,24.0,0.4067366430758002,-0.7198836445309437,
8851,2011-02-27,2011-02-27 17:14:00,2011-02-27 17:22:00,B2.9,POINT(-58 30),10000,2011-02-27 17:15:00,POINT(-58 30),-58.0,30.0,0.49999999999999994,-0.7344311949024933,
8852,2011-02-27,2011-02-27 21:17:00,2011-02-27 21:43:00,B7.7,POINT(-39 21),10000,2011-02-27 21:31:00,POINT(-39 21),-39.0,21.0,0.35836794954530027,-0.587521199079693,
8853,2011-02-27,2011-02-27 22:21:00,2011-02-27 22:26:00,B6.8,POINT(-49 27),10000,2011-02-27 22:24:00,POINT(-49 27),-49.0,27.0,0.45399049973954675,-0.6724511598459543,
8854,2011-02-28,2011-02-28 01:44:00,2011-02-28 01:50:00,B5.0,POINT(-54 30),10000,2011-02-28 01:46:00,POINT(-54 30),-54.0,30.0,0.49999999999999994,-0.7006292692220368,
8855,2011-02-28,2011-02-28 02:10:00,2011-02-28 02:18:00,B5.0,POINT(-49 27),10000,2011-02-28 02:14:00,POINT(-49 27),-49.0,27.0,0.45399049973954675,-0.6724511598459543,
8856,2011-02-28,2011-02-28 04:17:00,2011-02-28 04:34:00,B7.9,POINT(-49 27),10000,2011-02-28 04:28:00,POINT(-49 27),-49.0,27.0,0.45399049973954675,-0.6724511598459543,
8857,2011-02-28,2011-02-28 05:24:00,2011-02-28 05:40:00,C1.7,POINT(-49 27),10000,2011-02-28 05:31:00,POINT(-49 27),-49.0,27.0,0.45399049973954675,-0.6724511598459543,
8858,2011-02-28,2011-02-28 06:30:00,2011-02-28 06:49:00,C1.1,POINT(-48 27),10000,2011-02-28 06:38:00,POINT(-48 27),-48.0,27.0,0.45399049973954675,-0.6621468879171843,
8859,2011-02-28,2011-02-28 07:01:00,2011-02-28 07:16:00,C2.0,POINT(-46 27),10000,2011-02-28 07:10:00,POINT(-46 27),-46.0,27.0,0.45399049973954675,-0.640936455210096,
8860,2011-02-28,2011-02-28 07:34:00,2011-02-28 07:40:00,C2.4,POINT(-45 24),10000,2011-02-28 07:38:00,POINT(-45 24),-45.0,24.0,0.4067366430758002,-0.645974188021251,
8862,2011-02-28,2011-02-28 10:25:00,2011-02-28 10:37:00,B5.5,POINT(-46 27),10000,2011-02-28 10:29:00,POINT(-46 27),-46.0,27.0,0.45399049973954675,-0.640936455210096,
8866,2011-02-28,2011-02-28 15:44:00,2011-02-28 15:52:00,C1.0,POINT(-47 30),10000,2011-02-28 15:45:00,POINT(-47 30),-47.0,30.0,0.49999999999999994,-0.633370884753986,
8867,2011-02-28,2011-02-28 20:11:00,2011-02-28 20:19:00,B7.3,POINT(-41 27),10000,2011-02-28 20:16:00,POINT(-41 27),-41.0,27.0,0.45399049973954675,-0.5845528750832276,
8872,2011-03-01,2011-03-01 08:52:00,2011-03-01 09:34:00,C2.9,POINT(-35 32),10000,2011-03-01 09:18:00,POINT(-35 32),-35.0,32.0,0.5299192642332049,-0.48642040484769206,
8876,2011-03-01,2011-03-01 18:06:00,2011-03-01 18:26:00,C1.0,POINT(-34 28),10000,2011-03-01 18:19:00,POINT(-34 28),-34.0,28.0,0.4694715627858908,-0.4937380280632903,
8889,2011-03-05,2011-03-05 00:00:00,2011-03-05 00:06:00,B7.7,POINT(41 -18),10000,2011-03-05 00:04:00,POINT(41 -18),41.0,-18.0,-0.3090169943749474,0.623949214595693,
8890,2011-03-05,2011-03-05 01:05:00,2011-03-05 01:12:00,C2.2,POINT(43 -17),10000,2011-03-05 01:10:00,POINT(43 -17),43.0,-17.0,-0.29237170472273677,0.652198275286758,
8891,2011-03-05,2011-03-05 02:40:00,2011-03-05 02:58:00,C1.6,POINT(44 -17),10000,2011-03-05 02:49:00,POINT(44 -17),44.0,-17.0,-0.29237170472273677,0.6643051034394712,
8893,2011-03-05,2011-03-05 05:41:00,2011-03-05 09:18:00,C2.2,POINT(47 -17),10000,2011-03-05 09:08:00,POINT(47 -17),47.0,-17.0,-0.29237170472273677,0.6993970231495834,
8894,2011-03-05,2011-03-05 09:01:00,2011-03-05 09:15:00,C2.2,POINT(48 -18),10000,2011-03-05 09:08:00,POINT(48 -18),48.0,-18.0,-0.3090169943749474,0.7067727288213004,
8895,2011-03-05,2011-03-05 10:13:00,2011-03-05 10:21:00,C1.4,POINT(48 -18),10000,2011-03-05 10:17:00,POINT(48 -18),48.0,-18.0,-0.3090169943749474,0.7067727288213004,
8896,2011-03-05,2011-03-05 12:06:00,2011-03-05 12:14:00,C1.2,POINT(50 -18),10000,2011-03-05 12:10:00,POINT(50 -18),50.0,-18.0,-0.3090169943749474,0.7285515593999962,
8897,2011-03-05,2011-03-05 12:24:00,2011-03-05 12:29:00,C1.0,POINT(-86 21),10000,2011-03-05 12:26:00,POINT(-86 21),-86.0,21.0,0.35836794954530027,-0.9313062714998427,
8898,2011-03-05,2011-03-05 12:40:00,2011-03-05 12:42:00,C1.0,POINT(50 -18),10000,2011-03-05 12:41:00,POINT(50 -18),50.0,-18.0,-0.3090169943749474,0.7285515593999962,
8899,2011-03-05,2011-03-05 12:46:00,2011-03-05 12:53:00,C1.1,POINT(50 -18),10000,2011-03-05 12:48:00,POINT(50 -18),50.0,-18.0,-0.3090169943749474,0.7285515593999962,
8901,2011-03-05,2011-03-05 14:22:00,2011-03-05 14:30:00,C1.0,POINT(53 -18),10000,2011-03-05 14:25:00,POINT(53 -18),53.0,-18.0,-0.3090169943749474,0.7595475059751814,
8903,2011-03-05,2011-03-05 20:49:00,2011-03-05 22:05:00,C2.9,POINT(-76 23),10000,2011-03-05 21:44:00,POINT(-76 23),-76.0,23.0,0.39073112848927377,-0.8931619253212153,
8904,2011-03-05,2011-03-05 20:51:00,2011-03-05 21:53:00,C2.9,POINT(-76 23),10000,2011-03-05 21:44:00,POINT(-76 23),-76.0,23.0,0.39073112848927377,-0.8931619253212153,
8906,2011-03-06,2011-03-06 01:29:00,2011-03-06 01:37:00,C1.8,POINT(56 -18),10000,2011-03-06 01:30:00,POINT(56 -18),56.0,-18.0,-0.3090169943749474,0.7884615856319885,
8907,2011-03-06,2011-03-06 02:03:00,2011-03-06 02:11:00,C2.1,POINT(57 -18),10000,2011-03-06 02:08:00,POINT(57 -18),57.0,-18.0,-0.3090169943749474,0.7976231086694529,
8908,2011-03-06,2011-03-06 03:37:00,2011-03-06 03:51:00,C3.7,POINT(57 -18),10000,2011-03-06 03:41:00,POINT(57 -18),57.0,-18.0,-0.3090169943749474,0.7976231086694529,
8911,2011-03-06,2011-03-06 04:33:00,2011-03-06 04:48:00,C1.7,POINT(62 -18),10000,2011-03-06 04:44:00,POINT(62 -18),62.0,-18.0,-0.3090169943749474,0.8397330617356026,
8912,2011-03-06,2011-03-06 04:34:00,2011-03-06 04:49:00,C1.8,POINT(62 -18),10000,2011-03-06 04:44:00,POINT(62 -18),62.0,-18.0,-0.3090169943749474,0.8397330617356026,
8917,2011-03-06,2011-03-06 08:49:00,2011-03-06 09:07:00,C2.6,POINT(61 -18),10000,2011-03-06 08:56:00,POINT(61 -18),61.0,-18.0,-0.3090169943749474,0.8318127717550812,
8919,2011-03-06,2011-03-06 10:31:00,2011-03-06 10:55:00,C7.5,POINT(62 -18),10000,2011-03-06 10:40:00,POINT(62 -18),62.0,-18.0,-0.3090169943749474,0.8397330617356026,
8921,2011-03-06,2011-03-06 12:58:00,2011-03-06 14:15:00,C6.0,POINT(-66 20),10000,2011-03-06 13:49:00,POINT(-66 20),-66.0,20.0,0.3420201433256687,-0.8584519252992378,
8922,2011-03-06,2011-03-06 13:31:00,2011-03-06 14:16:00,C6.0,POINT(-66 20),10000,2011-03-06 13:50:00,POINT(-66 20),-66.0,20.0,0.3420201433256687,-0.8584519252992378,
8935,2011-03-07,2011-03-07 07:49:00,2011-03-07 07:59:00,M1.6,POINT(75 -18),10000,2011-03-07 07:54:00,POINT(75 -18),75.0,-18.0,-0.3090169943749474,0.9186500513499989,
8941,2011-03-07,2011-03-07 16:05:00,2011-03-07 16:12:00,C5.1,POINT(78 -16),10000,2011-03-07 16:09:00,POINT(78 -16),78.0,-16.0,-0.27563735581699916,0.9402558215593756,
8944,2011-03-07,2011-03-07 19:43:00,2011-03-07 20:12:00,M3.7,POINT(48 30),10000,2011-03-07 20:01:00,POINT(48 30),48.0,30.0,0.49999999999999994,0.6435822975543766,
8945,2011-03-07,2011-03-07 21:45:00,2011-03-07 21:55:00,M1.5,POINT(82 -17),10000,2011-03-07 21:50:00,POINT(82 -17),82.0,-17.0,-0.29237170472273677,0.9469980638158938,
8946,2011-03-08,2011-03-08 00:14:00,2011-03-08 00:19:00,C4.7,POINT(84 -18),10000,2011-03-08 00:15:00,POINT(84 -18),84.0,-18.0,-0.3090169943749474,0.9458465291882032,
8949,2011-03-08,2011-03-08 03:37:00,2011-03-08 03:58:00,M1.5,POINT(-72 -21),10000,2011-03-08 03:45:00,POINT(-72 -21),-72.0,-21.0,-0.35836794954530027,-0.8878877481057723,
8950,2011-03-08,2011-03-08 05:04:00,2011-03-08 05:12:00,C5.5,POINT(77 -18),10000,2011-03-08 05:08:00,POINT(77 -18),77.0,-18.0,-0.3090169943749474,0.9266809993969289,
8951,2011-03-08,2011-03-08 09:32:00,2011-03-08 09:39:00,C4.7,POINT(60 -27),10000,2011-03-08 09:35:00,POINT(60 -27),60.0,-27.0,-0.45399049973954675,0.7716342848848005,
8952,2011-03-08,2011-03-08 10:35:00,2011-03-08 10:44:00,M5.3,POINT(88 -17),10000,2011-03-08 10:44:00,POINT(88 -17),88.0,-17.0,-0.29237170472273677,0.9557222009441926,
8953,2011-03-08,2011-03-08 18:08:00,2011-03-08 18:28:00,M4.4,POINT(88 -17),10000,2011-03-08 18:28:00,POINT(88 -17),88.0,-17.0,-0.29237170472273677,0.9557222009441926,
8956,2011-03-08,2011-03-08 23:32:00,2011-03-08 23:40:00,C8.8,POINT(87 -18),10000,2011-03-08 23:37:00,POINT(87 -18),87.0,-18.0,-0.3090169943749474,0.9497531263931349,
8957,2011-03-09,2011-03-09 01:52:00,2011-03-09 02:07:00,C5.6,POINT(87 -17),10000,2011-03-09 01:58:00,POINT(87 -17),87.0,-17.0,-0.29237170472273677,0.9549941735309524,
8958,2011-03-09,2011-03-09 02:30:00,2011-03-09 02:36:00,C6.4,POINT(70 -26),10000,2011-03-09 02:31:00,POINT(70 -26),70.0,-26.0,-0.4383711467890774,0.8445901329136353,
8962,2011-03-09,2011-03-09 13:17:00,2011-03-09 13:30:00,C7.6,POINT(78 -26),10000,2011-03-09 13:30:00,POINT(78 -26),78.0,-26.0,-0.4383711467890774,0.8791532399413592,
8964,2011-03-09,2011-03-09 16:42:00,2011-03-09 16:53:00,C2.7,POINT(81 24),10000,2011-03-09 16:45:00,POINT(81 24),81.0,24.0,0.4067366430758002,0.9022981971172461,
8967,2011-03-09,2011-03-09 21:35:00,2011-03-09 21:45:00,C2.9,POINT(80 -26),10000,2011-03-09 21:42:00,POINT(80 -26),80.0,-26.0,-0.4383711467890774,0.8851393451566332,
8987,2011-03-12,2011-03-12 09:04:00,2011-03-12 09:09:00,B9.3,POINT(4 23),10000,2011-03-12 09:07:00,POINT(4 23),4.0,23.0,0.39073112848927377,0.06421117264119507,
8988,2011-03-12,2011-03-12 10:21:00,2011-03-12 10:31:00,C2.2,POINT(17 15),10000,2011-03-12 10:27:00,POINT(17 15),17.0,15.0,0.25881904510252074,0.282409380467853,
8992,2011-03-12,2011-03-12 17:32:00,2011-03-12 17:44:00,C1.2,POINT(20 15),10000,2011-03-12 17:38:00,POINT(20 15),20.0,15.0,0.25881904510252074,0.33036608954935215,
8996,2011-03-12,2011-03-12 22:42:00,2011-03-12 22:51:00,C2.2,POINT(49 4),10000,2011-03-12 22:45:00,POINT(49 4),49.0,4.0,0.0697564737441253,0.7528711456169201,
8997,2011-03-13,2011-03-13 01:42:00,2011-03-13 01:52:00,B7.5,POINT(24 17),10000,2011-03-13 01:45:00,POINT(24 17),24.0,17.0,0.29237170472273677,0.38896418619782736,
8998,2011-03-13,2011-03-13 13:25:00,2011-03-13 13:33:00,C6.7,POINT(55 5),10000,2011-03-13 13:30:00,POINT(55 5),55.0,5.0,0.08715574274765817,0.8160349234517084,
9000,2011-03-13,2011-03-13 14:36:00,2011-03-13 14:44:00,C6.4,POINT(60 11),10000,2011-03-13 14:42:00,POINT(60 11),60.0,11.0,0.1908089953765448,0.8501140779110443,
9002,2011-03-13,2011-03-13 21:50:00,2011-03-13 21:59:00,C1.7,POINT(34 17),10000,2011-03-13 21:59:00,POINT(34 17),34.0,17.0,0.29237170472273677,0.5347588330898538,
9003,2011-03-14,2011-03-14 00:13:00,2011-03-14 00:20:00,C4.0,POINT(63 8),10000,2011-03-14 00:15:00,POINT(63 8),63.0,8.0,0.13917310096006544,0.8823353099441543,
9004,2011-03-14,2011-03-14 01:33:00,2011-03-14 01:42:00,B8.5,POINT(66 11),10000,2011-03-14 01:38:00,POINT(66 11),66.0,11.0,0.1908089953765448,0.8967610545371135,
9005,2011-03-14,2011-03-14 02:43:00,2011-03-14 02:50:00,B6.3,POINT(65 8),10000,2011-03-14 02:45:00,POINT(65 8),65.0,8.0,0.13917310096006544,0.8974876619542298,
9006,2011-03-14,2011-03-14 05:04:00,2011-03-14 05:13:00,C1.0,POINT(42 15),10000,2011-03-14 05:08:00,POINT(42 15),42.0,15.0,0.25881904510252074,0.6463305338424854,
9007,2011-03-14,2011-03-14 07:05:00,2011-03-14 07:18:00,B9.9,POINT(-24 9),10000,2011-03-14 07:11:00,POINT(-24 9),-24.0,9.0,0.15643446504023087,-0.40172904005877397,
9008,2011-03-14,2011-03-14 08:07:00,2011-03-14 08:15:00,C1.4,POINT(40 17),10000,2011-03-14 08:15:00,POINT(40 17),40.0,17.0,0.29237170472273677,0.6147008482173488,
9009,2011-03-14,2011-03-14 10:36:00,2011-03-14 10:51:00,B8.7,POINT(45 15),10000,2011-03-14 10:42:00,POINT(45 15),45.0,15.0,0.25881904510252074,0.6830127018922193,
9010,2011-03-14,2011-03-14 13:39:00,2011-03-14 13:46:00,B9.7,POINT(48 15),10000,2011-03-14 13:42:00,POINT(48 15),48.0,15.0,0.25881904510252074,0.7178227796016975,
9011,2011-03-14,2011-03-14 16:02:00,2011-03-14 16:17:00,C2.2,POINT(45 17),10000,2011-03-14 16:09:00,POINT(45 17),45.0,17.0,0.29237170472273677,0.6762095778224088,
9012,2011-03-14,2011-03-14 18:42:00,2011-03-14 18:49:00,B7.6,POINT(75 8),10000,2011-03-14 18:45:00,POINT(75 8),75.0,8.0,0.13917310096006544,0.9565255025468813,
9013,2011-03-14,2011-03-14 19:14:00,2011-03-14 19:23:00,B6.6,POINT(75 9),10000,2011-03-14 19:16:00,POINT(75 9),75.0,9.0,0.15643446504023087,0.9540336765054371,
9014,2011-03-14,2011-03-14 19:30:00,2011-03-14 19:52:00,M4.2,POINT(49 16),10000,2011-03-14 19:38:00,POINT(49 16),49.0,16.0,0.27563735581699916,0.7254734110258385,
9015,2011-03-14,2011-03-14 22:55:00,2011-03-14 22:59:00,B7.4,POINT(50 15),10000,2011-03-14 22:59:00,POINT(50 15),50.0,15.0,0.25881904510252074,0.739942111693848,
9016,2011-03-14,2011-03-14 23:17:00,2011-03-14 23:37:00,C5.2,POINT(-38 13),10000,2011-03-14 23:24:00,POINT(-38 13),-38.0,13.0,0.224951054343865,-0.5998821115988352,
9017,2011-03-15,2011-03-15 00:18:00,2011-03-15 00:24:00,M1.0,POINT(83 11),10000,2011-03-15 00:22:00,POINT(83 11),83.0,11.0,0.1908089953765448,0.9743102832774889,
9018,2011-03-15,2011-03-15 03:06:00,2011-03-15 03:12:00,B8.9,POINT(56 14),10000,2011-03-15 03:09:00,POINT(56 14),56.0,14.0,0.24192189559966773,0.8044116135723833,
9019,2011-03-15,2011-03-15 04:15:00,2011-03-15 04:20:00,B7.5,POINT(80 8),10000,2011-03-15 04:16:00,POINT(80 8),80.0,8.0,0.13917310096006544,0.9752236716571246,
9020,2011-03-15,2011-03-15 05:04:00,2011-03-15 05:18:00,C2.1,POINT(-10 -82),10000,2011-03-15 05:12:00,POINT(-10 -82),-10.0,-82.0,-0.9902680687415704,-0.02416715536197108,
9021,2011-03-15,2011-03-15 06:52:00,2011-03-15 07:07:00,C1.4,POINT(-10 -83),10000,2011-03-15 06:57:00,POINT(-10 -83),-10.0,-83.0,-0.992546151641322,-0.021162389395769195,
9022,2011-03-15,2011-03-15 08:07:00,2011-03-15 08:14:00,B6.9,POINT(87 14),10000,2011-03-15 08:11:00,POINT(87 14),87.0,14.0,0.24192189559966773,0.9689659697053497,
9025,2011-03-15,2011-03-15 11:21:00,2011-03-15 11:27:00,C1.1,POINT(60 17),10000,2011-03-15 11:25:00,POINT(60 17),60.0,17.0,0.29237170472273677,0.8281842124238668,
9027,2011-03-15,2011-03-15 13:11:00,2011-03-15 13:17:00,B5.6,POINT(56 17),10000,2011-03-15 13:15:00,POINT(56 17),56.0,17.0,0.29237170472273677,0.7928125735064365,
9029,2011-03-15,2011-03-15 18:58:00,2011-03-15 19:04:00,B5.6,POINT(88 8),10000,2011-03-15 19:00:00,POINT(88 8),88.0,8.0,0.13917310096006544,0.9896648241902408,
9031,2011-03-15,2011-03-15 21:55:00,2011-03-15 22:01:00,B5.3,POINT(62 15),10000,2011-03-15 21:59:00,POINT(62 15),62.0,15.0,0.25881904510252074,0.8528618832022028,
9032,2011-03-15,2011-03-15 22:13:00,2011-03-15 22:19:00,B6.1,POINT(67 16),10000,2011-03-15 22:16:00,POINT(67 16),67.0,16.0,0.27563735581699916,0.8848460565491465,
9033,2011-03-16,2011-03-16 03:37:00,2011-03-16 03:44:00,B7.5,POINT(66 15),10000,2011-03-16 03:40:00,POINT(66 15),66.0,15.0,0.25881904510252074,0.8824171510260543,
9035,2011-03-16,2011-03-16 08:29:00,2011-03-16 09:04:00,C1.4,POINT(-48 -28),10000,2011-03-16 08:47:00,POINT(-48 -28),-48.0,-28.0,-0.4694715627858908,-0.6561579348008326,
9036,2011-03-16,2011-03-16 09:19:00,2011-03-16 09:36:00,B7.8,POINT(-50 -28),10000,2011-03-16 09:30:00,POINT(-50 -28),-50.0,-28.0,-0.4694715627858908,-0.6763770970748588,
9037,2011-03-16,2011-03-16 13:47:00,2011-03-16 13:54:00,C1.4,POINT(71 15),10000,2011-03-16 13:51:00,POINT(71 15),71.0,15.0,0.25881904510252074,0.9133008114074329,
9038,2011-03-16,2011-03-16 17:52:00,2011-03-16 23:24:00,C3.7,POINT(86 23),10000,2011-03-16 20:34:00,POINT(86 23),86.0,23.0,0.39073112848927377,0.9182625498938424,
9039,2011-03-16,2011-03-16 17:53:00,2011-03-16 21:45:00,C3.8,POINT(86 23),10000,2011-03-16 20:33:00,POINT(86 23),86.0,23.0,0.39073112848927377,0.9182625498938424,
9041,2011-03-18,2011-03-18 02:15:00,2011-03-18 02:22:00,B2.8,POINT(63 -19),10000,2011-03-18 02:18:00,POINT(63 -19),63.0,-19.0,-0.3255681544571567,0.8424632196002838,
9042,2011-03-18,2011-03-18 03:50:00,2011-03-18 04:05:00,B5.4,POINT(83 -25),10000,2011-03-18 03:56:00,POINT(83 -25),83.0,-25.0,-0.42261826174069944,0.8995523062257897,
9047,2011-03-19,2011-03-19 21:39:00,2011-03-19 21:47:00,B2.9,POINT(29 13),10000,2011-03-19 21:44:00,POINT(29 13),29.0,13.0,0.224951054343865,0.47238398108792873,
9048,2011-03-20,2011-03-20 01:16:00,2011-03-20 04:37:00,B4.7,POINT(36 12),10000,2011-03-20 02:58:00,POINT(36 12),36.0,12.0,0.20791169081775934,0.5749407342765973,
9049,2011-03-20,2011-03-20 01:16:00,2011-03-20 04:37:00,B4.7,POINT(36 12),11172,2011-03-20 02:58:00,POINT(36 12),36.0,12.0,0.20791169081775934,0.5749407342765973,
9050,2011-03-20,2011-03-20 01:20:00,2011-03-20 04:40:00,B4.7,POINT(36 13),10000,2011-03-20 02:58:00,POINT(36 13),36.0,13.0,0.224951054343865,0.5727203543560229,
9051,2011-03-20,2011-03-20 07:25:00,2011-03-20 07:47:00,B7.1,POINT(-36 33),10000,2011-03-20 07:33:00,POINT(-36 33),-36.0,33.0,0.5446390350150271,-0.4929581913700728,
9052,2011-03-20,2011-03-20 13:30:00,2011-03-20 15:55:00,B6.6,POINT(-87 -19),10000,2011-03-20 14:48:00,POINT(-87 -19),-87.0,-19.0,-0.3255681544571567,-0.9442227752525532,
9053,2011-03-21,2011-03-21 11:45:00,2011-03-21 11:50:00,C2.6,POINT(87 20),10000,2011-03-21 11:47:00,POINT(87 20),87.0,20.0,0.3420201433256687,0.9384048047077379,
9054,2011-03-21,2011-03-21 11:52:00,2011-03-21 12:03:00,C1.0,POINT(-87 -21),10000,2011-03-21 11:57:00,POINT(-87 -21),-87.0,-21.0,-0.35836794954530027,-0.9323009869688772,
9055,2011-03-21,2011-03-21 15:23:00,2011-03-21 17:15:00,C3.3,POINT(-87 -20),10000,2011-03-21 16:30:00,POINT(-87 -20),-87.0,-20.0,-0.3420201433256687,-0.9384048047077379,
9056,2011-03-21,2011-03-21 15:31:00,2011-03-21 18:30:00,C4.2,POINT(-87 -20),10000,2011-03-21 17:19:00,POINT(-87 -20),-87.0,-20.0,-0.3420201433256687,-0.9384048047077379,
9057,2011-03-22,2011-03-22 03:20:00,2011-03-22 03:29:00,C1.9,POINT(-80 19),10000,2011-03-22 03:25:00,POINT(-80 19),-80.0,19.0,0.3255681544571567,-0.9311540238672668,
9060,2011-03-22,2011-03-22 21:19:00,2011-03-22 22:34:00,C1.6,POINT(-88 -15),10000,2011-03-22 22:12:00,POINT(-88 -15),-88.0,-15.0,-0.25881904510252074,-0.9653374103741355,
9065,2011-03-24,2011-03-24 02:52:00,2011-03-24 02:58:00,B6.2,POINT(-58 -19),10000,2011-03-24 02:55:00,POINT(-58 -19),-58.0,-19.0,-0.3255681544571567,-0.8018452279175363,
9066,2011-03-24,2011-03-24 11:08:00,2011-03-24 11:25:00,B5.8,POINT(60 -27),11173,2011-03-24 11:20:00,POINT(60 -27),60.0,-27.0,-0.45399049973954675,0.7716342848848005,
9095,2011-03-28,2011-03-28 17:02:00,2011-03-28 17:45:00,B7.7,POINT(-62 17),10000,2011-03-28 17:22:00,POINT(-62 17),-62.0,17.0,0.29237170472273677,-0.8443669823171056,
9098,2011-03-29,2011-03-29 05:11:00,2011-03-29 05:24:00,C1.1,POINT(-55 15),10000,2011-03-29 05:15:00,POINT(-55 15),-55.0,15.0,0.25881904510252074,-0.7912401152362238,
9099,2011-03-29,2011-03-29 19:20:00,2011-03-29 21:20:00,B6.0,POINT(-46 14),10000,2011-03-29 21:14:00,POINT(-46 14),-46.0,14.0,0.24192189559966773,-0.6979723340088217,
9101,2011-03-30,2011-03-30 06:53:00,2011-03-30 07:14:00,B9.6,POINT(39 -34),10000,2011-03-30 07:01:00,POINT(39 -34),39.0,-34.0,-0.5591929034707469,0.5217302493553467,
9103,2011-03-30,2011-03-30 19:42:00,2011-03-30 20:13:00,C1.9,POINT(-34 15),10000,2011-03-30 20:05:00,POINT(-34 15),-34.0,15.0,0.25881904510252074,-0.5401388673399644,
9106,2011-03-31,2011-03-31 15:26:00,2011-03-31 15:46:00,C2.6,POINT(36 -18),10000,2011-03-31 15:35:00,POINT(36 -18),36.0,-18.0,-0.3090169943749474,0.5590169943749475,
9112,2011-04-02,2011-04-02 03:22:00,2011-04-02 03:29:00,B4.6,POINT(-6 17),10000,2011-04-02 03:26:00,POINT(-6 17),-6.0,17.0,0.29237170472273677,-0.09996106655636447,
9113,2011-04-02,2011-04-02 14:33:00,2011-04-02 14:42:00,B4.1,POINT(27 25),10000,2011-04-02 14:38:00,POINT(27 25),27.0,25.0,0.42261826174069944,0.4114551251546114,
9120,2011-04-04,2011-04-04 23:19:00,2011-04-04 23:25:00,B5.2,POINT(-87 20),10000,2011-04-04 23:25:00,POINT(-87 20),-87.0,20.0,0.3420201433256687,-0.9384048047077379,
9121,2011-04-05,2011-04-05 05:17:00,2011-04-05 05:29:00,B7.4,POINT(-87 21),10000,2011-04-05 05:23:00,POINT(-87 21),-87.0,21.0,0.35836794954530027,-0.9323009869688772,
9122,2011-04-06,2011-04-06 15:46:00,2011-04-06 15:52:00,B9.6,POINT(-50 18),10000,2011-04-06 15:49:00,POINT(-50 18),-50.0,18.0,0.3090169943749474,-0.7285515593999962,
9123,2011-04-06,2011-04-06 16:14:00,2011-04-06 16:35:00,C1.2,POINT(-88 11),10000,2011-04-06 16:23:00,POINT(-88 11),-88.0,11.0,0.1908089953765448,-0.9810292026901866,
9125,2011-04-06,2011-04-06 17:52:00,2011-04-06 18:07:00,C1.9,POINT(-88 13),10000,2011-04-06 18:00:00,POINT(-88 13),-88.0,13.0,0.224951054343865,-0.9737765048683662,
9126,2011-04-06,2011-04-06 21:35:00,2011-04-06 21:54:00,C1.4,POINT(-88 12),10000,2011-04-06 21:45:00,POINT(-88 12),-88.0,12.0,0.20791169081775934,-0.9775517396441024,
9127,2011-04-07,2011-04-07 04:19:00,2011-04-07 04:35:00,C1.8,POINT(-88 12),10000,2011-04-07 04:30:00,POINT(-88 12),-88.0,12.0,0.20791169081775934,-0.9775517396441024,
9128,2011-04-07,2011-04-07 04:54:00,2011-04-07 05:03:00,C1.5,POINT(-88 12),10000,2011-04-07 04:59:00,POINT(-88 12),-88.0,12.0,0.20791169081775934,-0.9775517396441024,
9129,2011-04-07,2011-04-07 16:25:00,2011-04-07 16:39:00,C1.5,POINT(-88 13),10000,2011-04-07 16:30:00,POINT(-88 13),-88.0,13.0,0.224951054343865,-0.9737765048683662,
9133,2011-04-09,2011-04-09 03:57:00,2011-04-09 04:03:00,B4.4,POINT(67 15),10000,2011-04-09 04:00:00,POINT(67 15),67.0,15.0,0.25881904510252074,0.8891394111741462,
9134,2011-04-09,2011-04-09 14:48:00,2011-04-09 15:58:00,C1.3,POINT(73 15),10000,2011-04-09 15:45:00,POINT(73 15),73.0,15.0,0.25881904510252074,0.9237194615877609,
9140,2011-04-11,2011-04-11 09:09:00,2011-04-11 09:21:00,B9.2,POINT(-88 6),10000,2011-04-11 09:15:00,POINT(-88 6),-88.0,6.0,0.10452846326765347,-0.9939160595006973,
9144,2011-04-11,2011-04-11 22:11:00,2011-04-11 22:41:00,B8.1,POINT(-27 14),10000,2011-04-11 22:24:00,POINT(-27 14),-27.0,14.0,0.24192189559966773,-0.4405050416671861,
9147,2011-04-12,2011-04-12 05:46:00,2011-04-12 06:11:00,C3.1,POINT(-88 9),10000,2011-04-12 06:07:00,POINT(-88 9),-88.0,9.0,0.15643446504023087,-0.987086667544493,
9148,2011-04-12,2011-04-12 12:21:00,2011-04-12 12:32:00,C1.8,POINT(-88 9),10000,2011-04-12 12:25:00,POINT(-88 9),-88.0,9.0,0.15643446504023087,-0.987086667544493,
9149,2011-04-12,2011-04-12 17:52:00,2011-04-12 18:02:00,B9.7,POINT(-88 11),10000,2011-04-12 17:58:00,POINT(-88 11),-88.0,11.0,0.1908089953765448,-0.9810292026901866,
9150,2011-04-15,2011-04-15 04:37:00,2011-04-15 04:44:00,C1.3,POINT(17 12),10000,2011-04-15 04:41:00,POINT(17 12),17.0,12.0,0.20791169081775934,0.2859826814969977,
9151,2011-04-15,2011-04-15 08:09:00,2011-04-15 08:12:00,C1.1,POINT(20 12),10000,2011-04-15 08:11:00,POINT(20 12),20.0,12.0,0.20791169081775934,0.3345461825966352,
9153,2011-04-15,2011-04-15 11:29:00,2011-04-15 11:36:00,C1.9,POINT(22 12),10000,2011-04-15 11:30:00,POINT(22 12),22.0,12.0,0.20791169081775934,0.3664205405688386,
9154,2011-04-15,2011-04-15 13:47:00,2011-04-15 13:54:00,C2.8,POINT(23 11),10000,2011-04-15 13:50:00,POINT(23 11),23.0,11.0,0.1908089953765448,0.3835522971442531,
9155,2011-04-15,2011-04-15 14:42:00,2011-04-15 14:49:00,C2.0,POINT(24 13),10000,2011-04-15 14:45:00,POINT(24 13),24.0,13.0,0.224951054343865,0.39631200926429655,
9156,2011-04-15,2011-04-15 16:08:00,2011-04-15 16:19:00,C1.6,POINT(25 12),10000,2011-04-15 16:14:00,POINT(25 12),25.0,12.0,0.20791169081775934,0.4133830387479567,
9158,2011-04-15,2011-04-15 22:33:00,2011-04-15 22:39:00,C1.8,POINT(29 12),10000,2011-04-15 22:36:00,POINT(29 12),29.0,12.0,0.20791169081775934,0.4742153668566221,
9159,2011-04-16,2011-04-16 09:00:00,2011-04-16 09:12:00,C1.8,POINT(87 18),10000,2011-04-16 09:07:00,POINT(87 18),87.0,18.0,0.3090169943749474,0.9497531263931349,
9160,2011-04-16,2011-04-16 10:32:00,2011-04-16 10:40:00,B9.4,POINT(87 17),10000,2011-04-16 10:36:00,POINT(87 17),87.0,17.0,0.29237170472273677,0.9549941735309524,
9163,2011-04-16,2011-04-16 16:34:00,2011-04-16 16:53:00,C3.7,POINT(87 19),10000,2011-04-16 16:38:00,POINT(87 19),87.0,19.0,0.3255681544571567,0.9442227752525532,
9164,2011-04-18,2011-04-18 19:17:00,2011-04-18 19:31:00,C1.0,POINT(-88 -15),10000,2011-04-18 19:24:00,POINT(-88 -15),-88.0,-15.0,-0.25881904510252074,-0.9653374103741355,
9165,2011-04-18,2011-04-18 23:12:00,2011-04-18 23:15:00,B7.6,POINT(65 11),10000,2011-04-18 23:15:00,POINT(65 11),65.0,11.0,0.1908089953765448,0.8896563603254719,
9174,2011-04-20,2011-04-20 23:02:00,2011-04-20 23:21:00,B8.9,POINT(88 12),10000,2011-04-20 23:07:00,POINT(88 12),88.0,12.0,0.20791169081775934,0.9775517396441024,
9210,2011-04-23,2011-04-23 16:04:00,2011-04-23 16:11:00,B6.2,POINT(63 16),10000,2011-04-23 16:07:00,POINT(63 16),63.0,16.0,0.27563735581699916,0.8564904425334172,
9211,2011-04-23,2011-04-23 18:58:00,2011-04-23 19:08:00,B6.7,POINT(64 16),10000,2011-04-23 19:03:00,POINT(64 16),64.0,16.0,0.27563735581699916,0.8639762892448012,
9212,2011-04-24,2011-04-24 07:51:00,2011-04-24 09:50:00,B9.1,POINT(-74 20),10000,2011-04-24 09:00:00,POINT(-74 20),-74.0,20.0,0.3420201433256687,-0.9032905223173859,
9214,2011-04-24,2011-04-24 19:50:00,2011-04-24 20:15:00,C1.7,POINT(-88 16),10000,2011-04-24 20:07:00,POINT(-88 16),-88.0,16.0,0.27563735581699916,-0.9606761212855751,
9215,2011-04-25,2011-04-25 02:33:00,2011-04-25 03:56:00,B8.7,POINT(88 19),10000,2011-04-25 03:22:00,POINT(88 19),88.0,19.0,0.3255681544571567,0.9449425912301187,
9216,2011-04-25,2011-04-25 16:01:00,2011-04-25 16:08:00,B8.1,POINT(13 -15),10000,2011-04-25 16:06:00,POINT(13 -15),13.0,-15.0,-0.25881904510252074,0.21728603304169491,
9217,2011-04-25,2011-04-25 22:12:00,2011-04-25 22:19:00,B9.3,POINT(87 20),10000,2011-04-25 22:15:00,POINT(87 20),87.0,20.0,0.3420201433256687,0.9384048047077379,
9218,2011-04-26,2011-04-26 22:10:00,2011-04-26 22:16:00,B4.4,POINT(20 19),10000,2011-04-26 22:15:00,POINT(20 19),20.0,19.0,0.3255681544571567,0.32338639874356045,
9219,2011-04-27,2011-04-27 02:26:00,2011-04-27 02:33:00,C2.0,POINT(-58 18),10000,2011-04-27 02:30:00,POINT(-58 18),-58.0,18.0,0.3090169943749474,-0.8065416679812678,
9222,2011-04-28,2011-04-28 09:15:00,2011-04-28 09:22:00,B6.7,POINT(29 16),10000,2011-04-28 09:22:00,POINT(29 16),29.0,16.0,0.27563735581699916,0.46602891776520633,
9228,2011-04-29,2011-04-29 00:17:00,2011-04-29 00:33:00,C3.8,POINT(-88 17),10000,2011-04-29 00:26:00,POINT(-88 17),-88.0,17.0,0.29237170472273677,-0.9557222009441926,
9230,2011-04-29,2011-04-29 08:51:00,2011-04-29 08:59:00,B4.9,POINT(87 -29),10000,2011-04-29 08:54:00,POINT(87 -29),87.0,-29.0,-0.48480962024633706,0.8734210712277964,
9232,2011-04-29,2011-04-29 20:40:00,2011-04-29 20:48:00,C1.8,POINT(69 -17),10000,2011-04-29 20:45:00,POINT(69 -17),69.0,-17.0,-0.29237170472273677,0.8927874019332731,
9233,2011-04-29,2011-04-29 22:49:00,2011-04-29 23:00:00,C1.5,POINT(71 -14),10000,2011-04-29 22:55:00,POINT(71 -14),71.0,-14.0,-0.24192189559966773,0.9174326330185847,
9238,2011-04-30,2011-04-30 11:32:00,2011-04-30 11:51:00,C3.2,POINT(79 -16),10000,2011-04-30 11:46:00,POINT(79 -16),79.0,-16.0,-0.27563735581699916,0.9436006111400568,
9240,2011-04-30,2011-04-30 13:03:00,2011-04-30 15:03:00,C3.3,POINT(73 -17),10000,2011-04-30 13:26:00,POINT(73 -17),73.0,-17.0,-0.29237170472273677,0.9145187862775208,
9241,2011-04-30,2011-04-30 13:08:00,2011-04-30 13:26:00,C3.2,POINT(71 -17),10000,2011-04-30 13:15:00,POINT(71 -17),71.0,-17.0,-0.29237170472273677,0.9042039106970214,
9242,2011-04-30,2011-04-30 21:54:00,2011-04-30 22:00:00,B6.4,POINT(55 -24),10000,2011-04-30 21:57:00,POINT(55 -24),55.0,-24.0,-0.4067366430758002,0.7483326291788591,
9244,2011-05-01,2011-05-01 07:51:00,2011-05-01 08:42:00,C1.6,POINT(88 -17),10000,2011-05-01 08:14:00,POINT(88 -17),88.0,-17.0,-0.29237170472273677,0.9557222009441926,
9245,2011-05-01,2011-05-01 09:49:00,2011-05-01 10:04:00,B9.9,POINT(57 -26),10000,2011-05-01 09:57:00,POINT(57 -26),57.0,-26.0,-0.4383711467890774,0.7537921132756882,
9246,2011-05-01,2011-05-01 11:58:00,2011-05-01 12:06:00,B6.6,POINT(-64 17),10000,2011-05-01 12:01:00,POINT(-64 17),-64.0,17.0,0.29237170472273677,-0.8595210211071541,
9247,2011-05-01,2011-05-01 12:37:00,2011-05-01 13:06:00,B5.8,POINT(88 -17),10000,2011-05-01 12:50:00,POINT(88 -17),88.0,-17.0,-0.29237170472273677,0.9557222009441926,
9248,2011-05-01,2011-05-01 23:25:00,2011-05-01 23:39:00,C6.5,POINT(88 21),10000,2011-05-01 23:32:00,POINT(88 21),88.0,21.0,0.35836794954530027,0.9330117145258786,
9249,2011-05-02,2011-05-02 07:13:00,2011-05-02 07:22:00,B4.7,POINT(8 18),10000,2011-05-02 07:16:00,POINT(8 18),8.0,18.0,0.3090169943749474,0.13236148456107352,
9250,2011-05-02,2011-05-02 09:50:00,2011-05-02 10:03:00,B5.8,POINT(88 -19),10000,2011-05-02 09:57:00,POINT(88 -19),88.0,-19.0,-0.3255681544571567,0.9449425912301187,
9251,2011-05-02,2011-05-02 13:49:00,2011-05-02 13:55:00,B6.0,POINT(89 -14),10000,2011-05-02 13:52:00,POINT(89 -14),89.0,-14.0,-0.24192189559966773,0.9701479455371518,
9252,2011-05-02,2011-05-02 14:01:00,2011-05-02 14:07:00,C1.2,POINT(84 -55),10000,2011-05-02 14:05:00,POINT(84 -55),84.0,-55.0,-0.8191520442889918,0.5704343246184221,
9261,2011-05-04,2011-05-04 16:54:00,2011-05-04 18:02:00,B6.9,POINT(-35 22),10000,2011-05-04 17:38:00,POINT(-35 22),-35.0,22.0,0.374606593415912,-0.5318108111446445,
9262,2011-05-04,2011-05-04 16:55:00,2011-05-04 18:25:00,B6.8,POINT(-35 23),10000,2011-05-04 17:38:00,POINT(-35 23),-35.0,23.0,0.39073112848927377,-0.5279798934870926,
9271,2011-05-08,2011-05-08 10:01:00,2011-05-08 10:13:00,B4.4,POINT(38 19),10000,2011-05-08 10:08:00,POINT(38 19),38.0,19.0,0.3255681544571567,0.5821193612012904,
9272,2011-05-09,2011-05-09 04:26:00,2011-05-09 04:30:00,B5.6,POINT(-19 19),10000,2011-05-09 04:30:00,POINT(-19 19),-19.0,19.0,0.3255681544571567,-0.3078307376628292,
9274,2011-05-09,2011-05-09 13:19:00,2011-05-09 13:25:00,B7.1,POINT(-14 19),10000,2011-05-09 13:25:00,POINT(-14 19),-14.0,19.0,0.3255681544571567,-0.22874164613368447,
9277,2011-05-09,2011-05-09 20:42:00,2011-05-09 20:59:00,C5.4,POINT(-88 16),10000,2011-05-09 20:59:00,POINT(-88 16),-88.0,16.0,0.27563735581699916,-0.9606761212855751,
9278,2011-05-11,2011-05-11 02:21:00,2011-05-11 03:30:00,B8.1,POINT(53 20),10000,2011-05-11 02:43:00,POINT(53 20),53.0,20.0,0.3420201433256687,0.7504718954890313,
9279,2011-05-11,2011-05-11 02:23:00,2011-05-11 02:43:00,B8.1,POINT(51 19),10000,2011-05-11 02:30:00,POINT(51 19),51.0,19.0,0.3255681544571567,0.7348059425095567,
9280,2011-05-11,2011-05-11 20:28:00,2011-05-11 20:36:00,B3.2,POINT(88 19),10000,2011-05-11 20:30:00,POINT(88 19),88.0,19.0,0.3255681544571567,0.9449425912301187,
9281,2011-05-12,2011-05-12 12:11:00,2011-05-12 12:29:00,C1.8,POINT(-61 20),10000,2011-05-12 12:15:00,POINT(-61 20),-61.0,20.0,0.3420201433256687,-0.8218736847928225,
9283,2011-05-13,2011-05-13 21:35:00,2011-05-13 21:50:00,B2.2,POINT(43 21),10000,2011-05-13 21:40:00,POINT(43 21),43.0,21.0,0.35836794954530027,0.6367003198575395,
9285,2011-05-14,2011-05-14 11:43:00,2011-05-14 11:52:00,B1.8,POINT(50 21),10000,2011-05-14 11:47:00,POINT(50 21),50.0,21.0,0.35836794954530027,0.7151640979228269,
9286,2011-05-15,2011-05-15 04:38:00,2011-05-15 04:46:00,B1.9,POINT(-10 -25),10000,2011-05-15 04:42:00,POINT(-10 -25),-10.0,-25.0,-0.42261826174069944,-0.15737869562426265,
9287,2011-05-15,2011-05-15 07:35:00,2011-05-15 07:42:00,B2.5,POINT(43 10),10000,2011-05-15 07:39:00,POINT(43 10),43.0,10.0,0.17364817766693033,0.6716372725311599,
9288,2011-05-15,2011-05-15 13:04:00,2011-05-15 13:12:00,B3.0,POINT(47 10),10000,2011-05-15 13:08:00,POINT(47 10),47.0,10.0,0.17364817766693033,0.720242795548736,
9289,2011-05-15,2011-05-15 14:11:00,2011-05-15 14:25:00,C1.3,POINT(47 9),10000,2011-05-15 14:14:00,POINT(47 9),47.0,9.0,0.15643446504023087,0.72234952394035,
9290,2011-05-15,2011-05-15 16:16:00,2011-05-15 16:22:00,B5.6,POINT(50 10),10000,2011-05-15 16:20:00,POINT(50 10),50.0,10.0,0.17364817766693033,0.7544065067354889,
9291,2011-05-15,2011-05-15 17:39:00,2011-05-15 17:45:00,B8.4,POINT(51 9),10000,2011-05-15 17:43:00,POINT(51 9),51.0,9.0,0.15643446504023087,0.7675780050716485,
9294,2011-05-16,2011-05-16 22:11:00,2011-05-16 22:27:00,B3.5,POINT(59 11),10000,2011-05-16 22:19:00,POINT(59 11),59.0,11.0,0.1908089953765448,0.8414187231316513,
9296,2011-05-17,2011-05-17 01:04:00,2011-05-17 01:12:00,B3.5,POINT(16 -24),10000,2011-05-17 01:09:00,POINT(16 -24),16.0,-24.0,-0.4067366430758002,0.2518072543632369,
9298,2011-05-17,2011-05-17 02:35:00,2011-05-17 02:48:00,B4.1,POINT(17 -24),10000,2011-05-17 02:43:00,POINT(17 -24),17.0,-24.0,-0.4067366430758002,0.2670948427926799,
9299,2011-05-17,2011-05-17 08:58:00,2011-05-17 09:09:00,B2.2,POINT(-89 -16),10000,2011-05-17 09:05:00,POINT(-89 -16),-89.0,-16.0,-0.27563735581699916,-0.961115291126052,
9300,2011-05-17,2011-05-17 11:27:00,2011-05-17 12:02:00,B2.7,POINT(-80 22),10000,2011-05-17 11:44:00,POINT(-80 22),-80.0,22.0,0.374606593415912,-0.9130978484451158,
9301,2011-05-17,2011-05-17 20:15:00,2011-05-17 20:23:00,B5.3,POINT(16 -25),10000,2011-05-17 20:23:00,POINT(16 -25),16.0,-25.0,-0.42261826174069944,0.2498122819751382,
9305,2011-05-18,2011-05-18 11:57:00,2011-05-18 12:03:00,B2.3,POINT(-79 -15),10000,2011-05-18 12:01:00,POINT(-79 -15),-79.0,-15.0,-0.25881904510252074,-0.9481790482794956,
9307,2011-05-18,2011-05-18 12:48:00,2011-05-18 13:07:00,C1.2,POINT(-80 -16),10000,2011-05-18 12:59:00,POINT(-80 -16),-80.0,-16.0,-0.27563735581699916,-0.9466579708337202,
9308,2011-05-18,2011-05-18 16:33:00,2011-05-18 16:41:00,B2.0,POINT(85 11),10000,2011-05-18 16:37:00,POINT(85 11),85.0,11.0,0.1908089953765448,0.9778917956532961,
9309,2011-05-18,2011-05-18 18:02:00,2011-05-18 19:00:00,C2.1,POINT(89 13),10000,2011-05-18 18:30:00,POINT(89 13),89.0,13.0,0.224951054343865,0.9742216635049011,
9310,2011-05-19,2011-05-19 01:59:00,2011-05-19 02:05:00,B2.0,POINT(89 10),10000,2011-05-19 02:03:00,POINT(89 10),89.0,10.0,0.17364817766693033,0.9846577620214009,
9311,2011-05-19,2011-05-19 02:09:00,2011-05-19 02:15:00,B3.5,POINT(87 9),10000,2011-05-19 02:13:00,POINT(87 9),87.0,9.0,0.15643446504023087,0.9863347480510395,
9313,2011-05-19,2011-05-19 03:45:00,2011-05-19 05:15:00,B2.0,POINT(33 18),10000,2011-05-18 16:37:00,POINT(33 18),33.0,18.0,0.3090169943749474,0.5179825032797458,
9314,2011-05-19,2011-05-19 03:45:00,2011-05-19 05:15:00,B3.1,POINT(33 18),10000,2011-05-19 04:36:00,POINT(33 18),33.0,18.0,0.3090169943749474,0.5179825032797458,
9315,2011-05-19,2011-05-19 03:49:00,2011-05-19 05:40:00,B3.0,POINT(33 18),10000,2011-05-19 04:36:00,POINT(33 18),33.0,18.0,0.3090169943749474,0.5179825032797458,
9319,2011-05-21,2011-05-21 16:06:00,2011-05-21 16:30:00,B1.1,POINT(-75 -22),10000,2011-05-21 16:21:00,POINT(-75 -22),-75.0,-22.0,-0.374606593415912,-0.8955908308443075,
9321,2011-05-21,2011-05-21 22:56:00,2011-05-21 23:02:00,B1.5,POINT(-70 8),10000,2011-05-21 23:00:00,POINT(-70 8),-70.0,8.0,0.13917310096006544,-0.9305475967963662,
9322,2011-05-22,2011-05-22 09:41:00,2011-05-22 11:08:00,B1.3,POINT(-8 22),10000,2011-05-22 10:28:00,POINT(-8 22),-8.0,22.0,0.374606593415912,-0.12903905220016615,
9325,2011-05-23,2011-05-23 02:37:00,2011-05-23 02:50:00,B1.9,POINT(65 12),10000,2011-05-23 02:41:00,POINT(65 12),65.0,12.0,0.20791169081775934,0.8865027874162641,
9326,2011-05-23,2011-05-23 21:16:00,2011-05-23 22:40:00,B1.5,POINT(-5 -18),10000,2011-05-23 21:49:00,POINT(-5 -18),-5.0,-18.0,-0.3090169943749474,-0.08289003707270437,
9327,2011-05-24,2011-05-24 06:58:00,2011-05-24 07:55:00,B1.4,POINT(0 -17),10000,2011-05-24 07:12:00,POINT(0 -17),0.0,-17.0,-0.29237170472273677,0.0,
9328,2011-05-24,2011-05-24 21:58:00,2011-05-25 00:35:00,B2.1,POINT(89 22),10000,2011-05-24 22:44:00,POINT(89 22),89.0,22.0,0.374606593415912,0.9270426399748211,
9329,2011-05-24,2011-05-24 22:11:00,2011-05-24 23:30:00,B2.0,POINT(89 22),10000,2011-05-24 22:37:00,POINT(89 22),89.0,22.0,0.374606593415912,0.9270426399748211,
9330,2011-05-25,2011-05-25 03:39:00,2011-05-25 05:30:00,B1.9,POINT(13 -16),10000,2011-05-25 04:39:00,POINT(13 -16),13.0,-16.0,-0.27563735581699916,0.2162368320016966,
9331,2011-05-25,2011-05-25 03:41:00,2011-05-25 04:57:00,B1.9,POINT(12 -17),10000,2011-05-25 04:30:00,POINT(12 -17),12.0,-17.0,-0.29237170472273677,0.19882693874933943,
9332,2011-05-25,2011-05-25 20:09:00,2011-05-25 20:18:00,B4.1,POINT(-32 -15),10000,2011-05-25 20:14:00,POINT(-32 -15),-32.0,-15.0,-0.25881904510252074,-0.5118627031709536,
9333,2011-05-25,2011-05-25 20:56:00,2011-05-25 21:03:00,C1.1,POINT(-31 -15),10000,2011-05-25 21:00:00,POINT(-31 -15),-31.0,-15.0,-0.25881904510252074,-0.49748857807782515,
9336,2011-05-26,2011-05-26 01:44:00,2011-05-26 02:35:00,B3.2,POINT(-29 -15),10000,2011-05-26 02:02:00,POINT(-29 -15),-29.0,-15.0,-0.25881904510252074,-0.46829013302933253,
9337,2011-05-26,2011-05-26 16:46:00,2011-05-26 16:54:00,B1.9,POINT(-89 -21),10000,2011-05-26 16:54:00,POINT(-89 -21),-89.0,-21.0,-0.35836794954530027,-0.9334382376763479,
9339,2011-05-27,2011-05-27 10:35:00,2011-05-27 11:45:00,B3.5,POINT(10 20),10000,2011-05-27 10:53:00,POINT(10 20),10.0,20.0,0.3420201433256687,0.16317591116653482,
9340,2011-05-27,2011-05-27 11:58:00,2011-05-27 12:06:00,B6.8,POINT(-89 -21),10000,2011-05-27 12:00:00,POINT(-89 -21),-89.0,-21.0,-0.35836794954530027,-0.9334382376763479,
9341,2011-05-27,2011-05-27 14:41:00,2011-05-27 14:53:00,C2.1,POINT(-89 -21),10000,2011-05-27 14:46:00,POINT(-89 -21),-89.0,-21.0,-0.35836794954530027,-0.9334382376763479,
9342,2011-05-27,2011-05-27 15:57:00,2011-05-27 16:15:00,B3.9,POINT(-89 13),10000,2011-05-27 16:01:00,POINT(-89 13),-89.0,13.0,0.224951054343865,-0.9742216635049011,
9343,2011-05-27,2011-05-27 16:38:00,2011-05-27 16:47:00,C5.6,POINT(-89 -20),10000,2011-05-27 16:43:00,POINT(-89 -20),-89.0,-20.0,-0.3420201433256687,-0.9395495010482594,
9345,2011-05-27,2011-05-27 19:33:00,2011-05-27 19:58:00,C1.4,POINT(-89 -21),10000,2011-05-27 19:43:00,POINT(-89 -21),-89.0,-21.0,-0.35836794954530027,-0.9334382376763479,
9346,2011-05-27,2011-05-27 20:58:00,2011-05-27 21:05:00,B9.3,POINT(-89 -21),10000,2011-05-27 21:01:00,POINT(-89 -21),-89.0,-21.0,-0.35836794954530027,-0.9334382376763479,
9347,2011-05-27,2011-05-27 22:32:00,2011-05-27 22:46:00,C1.2,POINT(-89 -21),10000,2011-05-27 22:46:00,POINT(-89 -21),-89.0,-21.0,-0.35836794954530027,-0.9334382376763479,
9348,2011-05-28,2011-05-28 00:27:00,2011-05-28 00:35:00,C1.4,POINT(-89 -23),10000,2011-05-28 00:30:00,POINT(-89 -23),-89.0,-23.0,-0.39073112848927377,-0.9203646561046942,
9349,2011-05-28,2011-05-28 02:22:00,2011-05-28 02:51:00,C1.6,POINT(-82 -21),10000,2011-05-28 02:32:00,POINT(-82 -21),-82.0,-21.0,-0.35836794954530027,-0.9244948859623155,
9350,2011-05-28,2011-05-28 03:04:00,2011-05-28 03:31:00,C8.3,POINT(-84 -21),10000,2011-05-28 03:15:00,POINT(-84 -21),-84.0,-21.0,-0.35836794954530027,-0.928466175238718,
9351,2011-05-28,2011-05-28 06:15:00,2011-05-28 06:19:00,C1.7,POINT(-89 -21),10000,2011-05-28 06:16:00,POINT(-89 -21),-89.0,-21.0,-0.35836794954530027,-0.9334382376763479,
9352,2011-05-28,2011-05-28 06:51:00,2011-05-28 07:11:00,C2.1,POINT(-82 -21),10000,2011-05-28 07:00:00,POINT(-82 -21),-82.0,-21.0,-0.35836794954530027,-0.9244948859623155,
9353,2011-05-28,2011-05-28 08:01:00,2011-05-28 08:09:00,C4.4,POINT(-79 -21),10000,2011-05-28 08:06:00,POINT(-79 -21),-79.0,-21.0,-0.35836794954530027,-0.916427924584317,
9354,2011-05-28,2011-05-28 08:43:00,2011-05-28 08:53:00,C5.6,POINT(-78 -21),10000,2011-05-28 08:47:00,POINT(-78 -21),-78.0,-21.0,-0.35836794954530027,-0.9131794542702808,
9356,2011-05-28,2011-05-28 12:42:00,2011-05-28 12:48:00,C1.9,POINT(-74 -21),10000,2011-05-28 12:45:00,POINT(-74 -21),-74.0,-21.0,-0.35836794954530027,-0.8974151040695192,
9358,2011-05-28,2011-05-28 13:37:00,2011-05-28 13:43:00,C1.0,POINT(-74 -21),10000,2011-05-28 13:40:00,POINT(-74 -21),-74.0,-21.0,-0.35836794954530027,-0.8974151040695192,
9359,2011-05-28,2011-05-28 15:20:00,2011-05-28 15:29:00,C1.2,POINT(-75 -21),10000,2011-05-28 15:25:00,POINT(-75 -21),-75.0,-21.0,-0.35836794954530027,-0.9017694448716104,
9360,2011-05-28,2011-05-28 15:39:00,2011-05-28 15:47:00,C1.0,POINT(-89 14),10000,2011-05-28 15:43:00,POINT(-89 14),-89.0,14.0,0.24192189559966773,-0.9701479455371518,
9361,2011-05-28,2011-05-28 17:20:00,2011-05-28 17:26:00,C1.9,POINT(-72 -21),10000,2011-05-28 17:23:00,POINT(-72 -21),-72.0,-21.0,-0.35836794954530027,-0.8878877481057723,
9362,2011-05-28,2011-05-28 18:42:00,2011-05-28 18:50:00,C2.2,POINT(-74 -21),10000,2011-05-28 18:46:00,POINT(-74 -21),-74.0,-21.0,-0.35836794954530027,-0.8974151040695192,
9363,2011-05-28,2011-05-28 19:44:00,2011-05-28 19:53:00,C1.2,POINT(-74 -21),10000,2011-05-28 19:45:00,POINT(-74 -21),-74.0,-21.0,-0.35836794954530027,-0.8974151040695192,
9364,2011-05-28,2011-05-28 21:09:00,2011-05-28 21:24:00,C9.3,POINT(-70 -21),10000,2011-05-28 21:15:00,POINT(-70 -21),-70.0,-21.0,-0.35836794954530027,-0.8772786376895816,
9366,2011-05-28,2011-05-28 22:57:00,2011-05-28 23:05:00,C2.4,POINT(-70 -21),10000,2011-05-28 23:00:00,POINT(-70 -21),-70.0,-21.0,-0.35836794954530027,-0.8772786376895816,
9367,2011-05-28,2011-05-28 23:41:00,2011-05-28 23:53:00,C1.4,POINT(-70 -21),10000,2011-05-28 23:46:00,POINT(-70 -21),-70.0,-21.0,-0.35836794954530027,-0.8772786376895816,
9368,2011-05-29,2011-05-29 00:09:00,2011-05-29 00:21:00,C2.1,POINT(-71 -21),10000,2011-05-29 00:14:00,POINT(-71 -21),-71.0,-21.0,-0.35836794954530027,-0.8827176350690368,
9369,2011-05-29,2011-05-29 01:33:00,2011-05-29 01:45:00,C4.6,POINT(-70 -21),10000,2011-05-29 01:42:00,POINT(-70 -21),-70.0,-21.0,-0.35836794954530027,-0.8772786376895816,
9371,2011-05-29,2011-05-29 05:26:00,2011-05-29 05:35:00,C1.0,POINT(-68 -20),10000,2011-05-29 05:31:00,POINT(-68 -20),-68.0,-20.0,-0.3420201433256687,-0.8712678262482451,
9372,2011-05-29,2011-05-29 06:12:00,2011-05-29 06:22:00,C1.8,POINT(-67 -21),10000,2011-05-29 06:16:00,POINT(-67 -21),-67.0,-21.0,-0.35836794954530027,-0.8593653136788735,
9376,2011-05-29,2011-05-29 08:57:00,2011-05-29 09:02:00,C1.6,POINT(-67 -21),10000,2011-05-29 09:00:00,POINT(-67 -21),-67.0,-21.0,-0.35836794954530027,-0.8593653136788735,
9384,2011-05-30,2011-05-30 05:59:00,2011-05-30 06:07:00,C7.0,POINT(-70 -20),10000,2011-05-30 06:00:00,POINT(-70 -20),-70.0,-20.0,-0.3420201433256687,-0.883022221559489,
9388,2011-05-31,2011-05-31 05:29:00,2011-05-31 06:20:00,C1.7,POINT(-41 -24),10000,2011-05-31 05:53:00,POINT(-41 -24),-41.0,-24.0,-0.4067366430758002,-0.5993397458796933,
9390,2011-05-31,2011-05-31 17:08:00,2011-05-31 17:14:00,B6.9,POINT(-33 -21),10000,2011-05-31 17:12:00,POINT(-33 -21),-33.0,-21.0,-0.35836794954530027,-0.5084643425963534,
9397,2011-06-02,2011-06-02 02:39:00,2011-06-02 02:49:00,C1.2,POINT(-15 -22),10000,2011-06-02 02:44:00,POINT(-15 -22),-15.0,-22.0,-0.374606593415912,-0.2399728398734504,
9398,2011-06-02,2011-06-02 06:30:00,2011-06-02 06:36:00,C1.4,POINT(-12 -26),10000,2011-06-02 06:31:00,POINT(-12 -26),-12.0,-26.0,-0.4383711467890774,-0.1868697898629953,
9400,2011-06-02,2011-06-02 09:44:00,2011-06-02 09:50:00,C2.7,POINT(-10 -21),10000,2011-06-02 09:47:00,POINT(-10 -21),-10.0,-21.0,-0.35836794954530027,-0.1621145397667547,
9401,2011-06-02,2011-06-02 10:22:00,2011-06-02 10:33:00,C1.8,POINT(-73 9),10000,2011-06-02 10:28:00,POINT(-73 9),-73.0,9.0,0.15643446504023087,-0.9445310575203687,
9402,2011-06-03,2011-06-03 09:58:00,2011-06-03 10:06:00,B5.6,POINT(-59 10),10000,2011-06-03 10:02:00,POINT(-59 10),-59.0,10.0,0.17364817766693033,-0.8441450033599869,
9403,2011-06-03,2011-06-03 13:45:00,2011-06-03 13:50:00,B4.0,POINT(6 -24),10000,2011-06-03 13:48:00,POINT(6 -24),6.0,-24.0,-0.4067366430758002,0.09549150281252629,
9404,2011-06-03,2011-06-03 15:58:00,2011-06-03 16:30:00,C2.5,POINT(4 -23),10000,2011-06-03 16:17:00,POINT(4 -23),4.0,-23.0,-0.39073112848927377,0.06421117264119507,
9406,2011-06-03,2011-06-03 22:19:00,2011-06-03 22:58:00,C1.6,POINT(8 -22),10000,2011-06-03 22:42:00,POINT(8 -22),8.0,-22.0,-0.374606593415912,0.12903905220016615,
9407,2011-06-04,2011-06-04 15:45:00,2011-06-04 15:53:00,B6.2,POINT(17 -23),10000,2011-06-04 15:46:00,POINT(17 -23),17.0,-23.0,-0.39073112848927377,0.269129573209443,
9409,2011-06-05,2011-06-05 02:11:00,2011-06-05 02:17:00,B3.5,POINT(23 -23),10000,2011-06-05 02:14:00,POINT(23 -23),23.0,-23.0,-0.39073112848927377,0.3596699001693256,
9414,2011-06-06,2011-06-06 09:42:00,2011-06-06 09:54:00,C1.0,POINT(40 -23),10000,2011-06-06 09:46:00,POINT(40 -23),40.0,-23.0,-0.39073112848927377,0.5916891144555523,
9418,2011-06-06,2011-06-06 19:23:00,2011-06-06 19:30:00,B3.1,POINT(46 -24),10000,2011-06-06 19:26:00,POINT(46 -24),46.0,-24.0,-0.4067366430758002,0.6571496071009101,
9419,2011-06-06,2011-06-06 21:12:00,2011-06-06 21:19:00,B3.7,POINT(47 -24),10000,2011-06-06 21:15:00,POINT(47 -24),47.0,-24.0,-0.4067366430758002,0.6681248520442953,
9421,2011-06-08,2011-06-08 13:48:00,2011-06-08 13:58:00,B3.0,POINT(71 -24),10000,2011-06-08 13:53:00,POINT(71 -24),71.0,-24.0,-0.4067366430758002,0.8637741998554579,
9422,2011-06-08,2011-06-08 16:37:00,2011-06-08 16:51:00,B6.9,POINT(73 -26),10000,2011-06-08 16:45:00,POINT(73 -26),73.0,-26.0,-0.4383711467890774,0.8595210211071541,
9423,2011-06-09,2011-06-09 03:07:00,2011-06-09 03:21:00,C1.8,POINT(81 -24),10000,2011-06-09 03:15:00,POINT(81 -24),81.0,-24.0,-0.4067366430758002,0.9022981971172461,
9424,2011-06-09,2011-06-09 03:40:00,2011-06-09 03:58:00,C4.1,POINT(83 -26),10000,2011-06-09 03:48:00,POINT(83 -26),83.0,-26.0,-0.4383711467890774,0.8920945717723704,
9426,2011-06-09,2011-06-09 20:02:00,2011-06-09 21:25:00,B4.2,POINT(77 20),10000,2011-06-09 21:00:00,POINT(77 20),77.0,20.0,0.3420201433256687,0.9156083597933731,
9427,2011-06-10,2011-06-10 03:24:00,2011-06-10 03:32:00,B2.0,POINT(-61 -16),10000,2011-06-10 03:28:00,POINT(-61 -16),-61.0,-16.0,-0.27563735581699916,-0.8407384229858913,
9428,2011-06-10,2011-06-10 15:39:00,2011-06-10 15:47:00,B2.3,POINT(78 18),10000,2011-06-10 15:44:00,POINT(78 18),78.0,18.0,0.3090169943749474,0.9302736495763559,
9429,2011-06-10,2011-06-10 17:39:00,2011-06-10 17:51:00,C2.9,POINT(89 -25),10000,2011-06-10 17:45:00,POINT(89 -25),89.0,-25.0,-0.42261826174069944,0.9061697519708839,
9430,2011-06-10,2011-06-10 22:19:00,2011-06-10 22:35:00,B4.1,POINT(81 21),10000,2011-06-10 22:28:00,POINT(81 21),81.0,21.0,0.35836794954530027,0.9220865022591221,
9432,2011-06-11,2011-06-11 08:39:00,2011-06-11 08:49:00,B2.9,POINT(89 20),10000,2011-06-11 08:45:00,POINT(89 20),89.0,20.0,0.3420201433256687,0.9395495010482594,
9433,2011-06-11,2011-06-11 15:53:00,2011-06-11 17:25:00,B2.6,POINT(89 18),10000,2011-06-11 16:31:00,POINT(89 18),89.0,18.0,0.3090169943749474,0.9509116657811761,
9434,2011-06-11,2011-06-11 19:13:00,2011-06-11 19:23:00,B4.0,POINT(89 19),10000,2011-06-11 19:15:00,POINT(89 19),89.0,19.0,0.3255681544571567,0.945374568540531,
9438,2011-06-12,2011-06-12 02:28:00,2011-06-12 03:25:00,B2.2,POINT(59 14),10000,2011-06-12 02:52:00,POINT(59 14),59.0,14.0,0.24192189559966773,0.8317057685747915,
9439,2011-06-12,2011-06-12 04:00:00,2011-06-12 05:05:00,B3.1,POINT(-89 17),10000,2011-06-12 04:26:00,POINT(-89 17),-89.0,17.0,0.29237170472273677,-0.9561591061167362,
9440,2011-06-12,2011-06-12 05:58:00,2011-06-12 07:10:00,B2.4,POINT(-89 22),10000,2011-06-12 06:37:00,POINT(-89 22),-89.0,22.0,0.374606593415912,-0.9270426399748211,
9441,2011-06-12,2011-06-12 17:03:00,2011-06-12 17:22:00,B8.6,POINT(-89 16),10000,2011-06-12 17:14:00,POINT(-89 16),-89.0,16.0,0.27563735581699916,-0.961115291126052,
9442,2011-06-13,2011-06-13 00:49:00,2011-06-13 01:03:00,C1.2,POINT(-89 17),10000,2011-06-13 00:55:00,POINT(-89 17),-89.0,17.0,0.29237170472273677,-0.9561591061167362,
9443,2011-06-13,2011-06-13 03:17:00,2011-06-13 04:40:00,B6.4,POINT(-89 14),10000,2011-06-13 04:04:00,POINT(-89 14),-89.0,14.0,0.24192189559966773,-0.9701479455371518,
9444,2011-06-13,2011-06-13 05:25:00,2011-06-13 06:15:00,B8.7,POINT(-89 14),10000,2011-06-13 05:45:00,POINT(-89 14),-89.0,14.0,0.24192189559966773,-0.9701479455371518,
9445,2011-06-13,2011-06-13 06:12:00,2011-06-13 06:18:00,B9.7,POINT(-89 17),10000,2011-06-13 06:16:00,POINT(-89 17),-89.0,17.0,0.29237170472273677,-0.9561591061167362,
9446,2011-06-13,2011-06-13 14:42:00,2011-06-13 14:49:00,B5.4,POINT(-89 17),10000,2011-06-13 14:45:00,POINT(-89 17),-89.0,17.0,0.29237170472273677,-0.9561591061167362,
9447,2011-06-13,2011-06-13 15:44:00,2011-06-13 15:55:00,B4.7,POINT(-89 16),10000,2011-06-13 15:47:00,POINT(-89 16),-89.0,16.0,0.27563735581699916,-0.961115291126052,
9448,2011-06-13,2011-06-13 19:33:00,2011-06-13 19:41:00,B5.3,POINT(-86 15),10000,2011-06-13 19:37:00,POINT(-86 15),-86.0,15.0,0.25881904510252074,-0.9635728795234904,
9449,2011-06-13,2011-06-13 20:16:00,2011-06-13 20:23:00,B5.9,POINT(-82 17),10000,2011-06-13 20:19:00,POINT(-82 17),-82.0,17.0,0.29237170472273677,-0.9469980638158938,
9450,2011-06-13,2011-06-13 22:11:00,2011-06-13 22:26:00,B7.1,POINT(-89 16),10000,2011-06-13 22:19:00,POINT(-89 16),-89.0,16.0,0.27563735581699916,-0.961115291126052,
9451,2011-06-14,2011-06-14 00:12:00,2011-06-14 00:22:00,B4.6,POINT(-89 16),10000,2011-06-14 00:16:00,POINT(-89 16),-89.0,16.0,0.27563735581699916,-0.961115291126052,
9452,2011-06-14,2011-06-14 00:32:00,2011-06-14 00:49:00,C1.8,POINT(-89 15),10000,2011-06-14 00:41:00,POINT(-89 15),-89.0,15.0,0.25881904510252074,-0.9657787111071577,
9453,2011-06-14,2011-06-14 02:04:00,2011-06-14 02:20:00,B5.7,POINT(-89 16),10000,2011-06-14 02:12:00,POINT(-89 16),-89.0,16.0,0.27563735581699916,-0.961115291126052,
9454,2011-06-14,2011-06-14 07:37:00,2011-06-14 07:51:00,B3.0,POINT(-89 14),10000,2011-06-14 07:45:00,POINT(-89 14),-89.0,14.0,0.24192189559966773,-0.9701479455371518,
9455,2011-06-14,2011-06-14 08:25:00,2011-06-14 08:50:00,B5.0,POINT(-89 14),10000,2011-06-14 08:34:00,POINT(-89 14),-89.0,14.0,0.24192189559966773,-0.9701479455371518,
9456,2011-06-14,2011-06-14 11:13:00,2011-06-14 11:36:00,C2.2,POINT(-89 15),10000,2011-06-14 11:29:00,POINT(-89 15),-89.0,15.0,0.25881904510252074,-0.9657787111071577,
9457,2011-06-14,2011-06-14 13:19:00,2011-06-14 13:32:00,B7.8,POINT(-84 14),10000,2011-06-14 13:26:00,POINT(-84 14),-84.0,14.0,0.24192189559966773,-0.9649803447637393,
9458,2011-06-14,2011-06-14 21:36:00,2011-06-14 22:10:00,M1.3,POINT(-78 14),10000,2011-06-14 21:47:00,POINT(-78 14),-78.0,14.0,0.24192189559966773,-0.9490924366591313,
9459,2011-06-15,2011-06-15 11:41:00,2011-06-15 11:50:00,C2.6,POINT(-71 14),10000,2011-06-15 11:45:00,POINT(-71 14),-71.0,14.0,0.24192189559966773,-0.9174326330185847,
9460,2011-06-15,2011-06-15 13:43:00,2011-06-15 13:50:00,B7.9,POINT(-70 13),10000,2011-06-15 13:46:00,POINT(-70 13),-70.0,13.0,0.224951054343865,-0.915608359793373,
9465,2011-06-16,2011-06-16 03:55:00,2011-06-16 04:07:00,B8.8,POINT(-59 14),10000,2011-06-16 04:00:00,POINT(-59 14),-59.0,14.0,0.24192189559966773,-0.8317057685747915,
9466,2011-06-16,2011-06-16 06:18:00,2011-06-16 06:28:00,C1.2,POINT(-89 -18),10000,2011-06-16 06:23:00,POINT(-89 -18),-89.0,-18.0,-0.3090169943749474,-0.9509116657811761,
9468,2011-06-16,2011-06-16 11:56:00,2011-06-16 12:08:00,C1.8,POINT(-89 -18),10000,2011-06-16 12:00:00,POINT(-89 -18),-89.0,-18.0,-0.3090169943749474,-0.9509116657811761,
9470,2011-06-16,2011-06-16 23:10:00,2011-06-16 23:19:00,B6.3,POINT(-48 13),10000,2011-06-16 23:16:00,POINT(-48 13),-48.0,13.0,0.224951054343865,-0.724098071745221,
9472,2011-06-17,2011-06-17 02:37:00,2011-06-17 02:44:00,B6.0,POINT(-45 13),10000,2011-06-17 02:41:00,POINT(-45 13),-45.0,13.0,0.224951054343865,-0.6889836801948154,
9473,2011-06-17,2011-06-17 06:41:00,2011-06-17 06:54:00,B7.4,POINT(-83 -19),10000,2011-06-17 06:46:00,POINT(-83 -19),-83.0,-19.0,-0.3255681544571567,-0.9384708235164863,
9474,2011-06-17,2011-06-17 11:55:00,2011-06-17 12:45:00,B8.3,POINT(-40 13),10000,2011-06-17 12:33:00,POINT(-40 13),-40.0,13.0,0.224951054343865,-0.6263130048934198,
9476,2011-06-17,2011-06-17 16:07:00,2011-06-17 16:12:00,B5.1,POINT(42 -16),10000,2011-06-17 16:10:00,POINT(42 -16),42.0,-16.0,-0.27563735581699916,0.6432096214727517,
9477,2011-06-17,2011-06-17 17:05:00,2011-06-17 17:12:00,B4.7,POINT(-77 -19),10000,2011-06-17 17:12:00,POINT(-77 -19),-77.0,-19.0,-0.3255681544571567,-0.9212849957623497,
9482,2011-06-18,2011-06-18 00:16:00,2011-06-18 00:25:00,B8.6,POINT(-36 12),10000,2011-06-18 00:21:00,POINT(-36 12),-36.0,12.0,0.20791169081775934,-0.5749407342765973,
9485,2011-06-18,2011-06-18 22:18:00,2011-06-18 22:27:00,B4.5,POINT(-57 -18),10000,2011-06-18 22:22:00,POINT(-57 -18),-57.0,-18.0,-0.3090169943749474,-0.7976231086694529,
9486,2011-06-18,2011-06-18 23:16:00,2011-06-18 23:23:00,B3.1,POINT(-55 -17),10000,2011-06-18 23:19:00,POINT(-55 -17),-55.0,-17.0,-0.29237170472273677,-0.7833589958104059,
9490,2011-06-19,2011-06-19 15:49:00,2011-06-19 17:10:00,C1.5,POINT(-51 -21),10000,2011-06-19 16:28:00,POINT(-51 -21),-51.0,-21.0,-0.35836794954530027,-0.7255282581475768,
9491,2011-06-19,2011-06-19 15:54:00,2011-06-19 16:00:00,B6.5,POINT(-14 12),10000,2011-06-19 15:57:00,POINT(-14 12),-14.0,12.0,0.20791169081775934,-0.23663532174578922,
9493,2011-06-19,2011-06-19 16:03:00,2011-06-19 16:53:00,C1.5,POINT(-52 -21),10000,2011-06-19 16:37:00,POINT(-52 -21),-52.0,-21.0,-0.35836794954530027,-0.7356714154365449,
9496,2011-06-21,2011-06-21 01:02:00,2011-06-21 04:00:00,C7.7,POINT(9 14),10000,2011-06-21 03:25:00,POINT(9 14),9.0,14.0,0.24192189559966773,0.1517876928708078,
9499,2011-06-23,2011-06-23 02:10:00,2011-06-23 02:17:00,B2.8,POINT(-16 -20),10000,2011-06-23 02:13:00,POINT(-16 -20),-16.0,-20.0,-0.3420201433256687,-0.2590143892741739,
9500,2011-06-23,2011-06-23 12:36:00,2011-06-23 12:43:00,B5.7,POINT(47 16),10000,2011-06-23 12:40:00,POINT(47 16),47.0,16.0,0.27563735581699916,0.703022299549211,
9501,2011-06-23,2011-06-23 14:01:00,2011-06-23 14:16:00,B4.3,POINT(48 17),10000,2011-06-23 14:07:00,POINT(48 17),48.0,17.0,0.29237170472273677,0.710672930973352,
9502,2011-06-23,2011-06-23 22:29:00,2011-06-23 22:37:00,B3.4,POINT(52 18),10000,2011-06-23 22:33:00,POINT(52 18),52.0,18.0,0.3090169943749474,0.7494427621283276,
9503,2011-06-24,2011-06-24 15:42:00,2011-06-24 15:53:00,B4.4,POINT(62 16),10000,2011-06-24 15:49:00,POINT(62 16),62.0,16.0,0.27563735581699916,0.8487437005362284,
9504,2011-06-24,2011-06-24 20:42:00,2011-06-24 20:47:00,B3.1,POINT(64 16),10000,2011-06-24 20:45:00,POINT(64 16),64.0,16.0,0.27563735581699916,0.8639762892448012,
9506,2011-06-27,2011-06-27 06:30:00,2011-06-27 06:37:00,B7.5,POINT(89 19),10000,2011-06-27 06:33:00,POINT(89 19),89.0,19.0,0.3255681544571567,0.945374568540531,
9507,2011-06-27,2011-06-27 12:13:00,2011-06-27 12:20:00,B3.2,POINT(-89 15),10000,2011-06-27 12:15:00,POINT(-89 15),-89.0,15.0,0.25881904510252074,-0.9657787111071577,
9508,2011-06-27,2011-06-27 15:28:00,2011-06-27 15:42:00,B6.6,POINT(-89 15),10000,2011-06-27 15:30:00,POINT(-89 15),-89.0,15.0,0.25881904510252074,-0.9657787111071577,
9509,2011-06-28,2011-06-28 00:27:00,2011-06-28 02:05:00,B6.5,POINT(89 22),10000,2011-06-28 01:07:00,POINT(89 22),89.0,22.0,0.374606593415912,0.9270426399748211,
9510,2011-06-28,2011-06-28 06:44:00,2011-06-28 06:47:00,B3.2,POINT(-74 15),10000,2011-06-28 06:46:00,POINT(-74 15),-74.0,15.0,0.25881904510252074,-0.9285074979292518,
9511,2011-06-28,2011-06-28 13:05:00,2011-06-28 13:21:00,B9.6,POINT(89 22),10000,2011-06-28 13:15:00,POINT(89 22),89.0,22.0,0.374606593415912,0.9270426399748211,
9512,2011-06-28,2011-06-28 18:46:00,2011-06-28 19:50:00,B3.2,POINT(89 23),10000,2011-06-28 19:10:00,POINT(89 23),89.0,23.0,0.39073112848927377,0.9203646561046942,
9513,2011-06-29,2011-06-29 00:20:00,2011-06-29 00:57:00,B7.3,POINT(81 -19),10000,2011-06-29 00:32:00,POINT(81 -19),81.0,-19.0,-0.3255681544571567,0.9338776729355676,
9514,2011-06-29,2011-06-29 09:47:00,2011-06-29 09:59:00,B5.5,POINT(69 -18),10000,2011-06-29 09:53:00,POINT(69 -18),69.0,-18.0,-0.3090169943749474,0.8878877481057723,
9516,2011-06-29,2011-06-29 19:48:00,2011-06-29 20:02:00,B2.5,POINT(-57 18),10000,2011-06-29 19:52:00,POINT(-57 18),-57.0,18.0,0.3090169943749474,-0.7976231086694529,
9521,2011-07-01,2011-07-01 12:34:00,2011-07-01 12:40:00,B4.1,POINT(6 14),10000,2011-07-01 12:40:00,POINT(6 14),6.0,14.0,0.24192189559966773,0.10142352118280164,
9523,2011-07-02,2011-07-02 11:17:00,2011-07-02 11:25:00,B1.7,POINT(48 17),10000,2011-07-02 11:21:00,POINT(48 17),48.0,17.0,0.29237170472273677,0.710672930973352,
9524,2011-07-02,2011-07-02 23:06:00,2011-07-02 23:13:00,B3.7,POINT(23 16),10000,2011-07-02 23:10:00,POINT(23 16),23.0,16.0,0.27563735581699916,0.37559486722749247,
9525,2011-07-03,2011-07-03 00:01:00,2011-07-03 00:24:00,B9.5,POINT(26 13),10000,2011-07-03 00:13:00,POINT(26 13),26.0,13.0,0.224951054343865,0.42713572269685124,
9526,2011-07-03,2011-07-03 05:52:00,2011-07-03 06:42:00,B2.6,POINT(27 17),10000,2011-07-03 06:31:00,POINT(27 17),27.0,17.0,0.29237170472273677,0.4341532740629638,
9527,2011-07-03,2011-07-03 08:01:00,2011-07-03 08:07:00,B2.0,POINT(29 16),10000,2011-07-03 08:07:00,POINT(29 16),29.0,16.0,0.27563735581699916,0.46602891776520633,
9528,2011-07-03,2011-07-03 09:33:00,2011-07-03 09:47:00,B4.8,POINT(28 16),10000,2011-07-03 09:40:00,POINT(28 16),28.0,16.0,0.27563735581699916,0.4512850306383784,
9529,2011-07-03,2011-07-03 10:54:00,2011-07-03 11:06:00,C2.1,POINT(29 16),10000,2011-07-03 11:00:00,POINT(29 16),29.0,16.0,0.27563735581699916,0.46602891776520633,
9530,2011-07-03,2011-07-03 12:34:00,2011-07-03 12:48:00,B4.8,POINT(30 16),10000,2011-07-03 12:42:00,POINT(30 16),30.0,16.0,0.27563735581699916,0.4806308479691594,
9531,2011-07-03,2011-07-03 15:02:00,2011-07-03 15:18:00,B7.8,POINT(31 16),10000,2011-07-03 15:15:00,POINT(31 16),31.0,16.0,0.27563735581699916,0.4950863733608456,
9532,2011-07-04,2011-07-04 12:48:00,2011-07-04 12:56:00,B2.5,POINT(76 16),10000,2011-07-04 12:52:00,POINT(76 16),76.0,16.0,0.27563735581699916,0.9327081154017672,
9533,2011-07-04,2011-07-04 16:53:00,2011-07-04 16:58:00,B1.7,POINT(83 17),10000,2011-07-04 16:56:00,POINT(83 17),83.0,17.0,0.29237170472273677,0.9491766053274043,
9534,2011-07-04,2011-07-04 20:24:00,2011-07-04 20:29:00,B1.5,POINT(20 16),10000,2011-07-04 20:27:00,POINT(20 16),20.0,16.0,0.27563735581699916,0.3287708630182992,
9535,2011-07-04,2011-07-04 23:12:00,2011-07-04 23:17:00,B2.7,POINT(23 17),10000,2011-07-04 23:15:00,POINT(23 17),23.0,17.0,0.29237170472273677,0.3736580364770964,
9536,2011-07-05,2011-07-05 00:18:00,2011-07-05 00:26:00,B2.9,POINT(85 15),10000,2011-07-05 00:23:00,POINT(85 15),85.0,15.0,0.25881904510252074,0.9622501868990583,
9537,2011-07-05,2011-07-05 00:45:00,2011-07-05 00:50:00,B1.6,POINT(24 16),10000,2011-07-05 00:48:00,POINT(24 16),24.0,16.0,0.27563735581699916,0.3909803553233024,
9538,2011-07-05,2011-07-05 09:56:00,2011-07-05 10:03:00,B1.8,POINT(89 16),10000,2011-07-05 10:00:00,POINT(89 16),89.0,16.0,0.27563735581699916,0.961115291126052,
9539,2011-07-05,2011-07-05 21:48:00,2011-07-05 22:20:00,B2.7,POINT(30 16),10000,2011-07-05 21:56:00,POINT(30 16),30.0,16.0,0.27563735581699916,0.4806308479691594,
9540,2011-07-05,2011-07-05 21:49:00,2011-07-05 21:56:00,B2.6,POINT(30 16),10000,2011-07-05 21:56:00,POINT(30 16),30.0,16.0,0.27563735581699916,0.4806308479691594,
9541,2011-07-05,2011-07-05 23:47:00,2011-07-06 00:11:00,B1.1,POINT(67 16),10000,2011-07-05 23:58:00,POINT(67 16),67.0,16.0,0.27563735581699916,0.8848460565491465,
9542,2011-07-07,2011-07-07 01:28:00,2011-07-07 01:39:00,B2.2,POINT(46 16),10000,2011-07-07 01:30:00,POINT(46 16),46.0,16.0,0.27563735581699916,0.6914737964294634,
9543,2011-07-07,2011-07-07 01:54:00,2011-07-07 02:02:00,B3.1,POINT(80 17),10000,2011-07-07 01:59:00,POINT(80 17),80.0,17.0,0.29237170472273677,0.9417763379148448,
9544,2011-07-07,2011-07-07 02:31:00,2011-07-07 02:57:00,C1.0,POINT(46 16),10000,2011-07-07 02:43:00,POINT(46 16),46.0,16.0,0.27563735581699916,0.6914737964294634,
9545,2011-07-07,2011-07-07 03:47:00,2011-07-07 03:52:00,B1.5,POINT(89 14),10000,2011-07-07 03:50:00,POINT(89 14),89.0,14.0,0.24192189559966773,0.9701479455371518,
9546,2011-07-07,2011-07-07 05:09:00,2011-07-07 05:15:00,B2.6,POINT(85 15),10000,2011-07-07 05:12:00,POINT(85 15),85.0,15.0,0.25881904510252074,0.9622501868990583,
9547,2011-07-07,2011-07-07 07:34:00,2011-07-07 07:43:00,B2.2,POINT(48 17),10000,2011-07-07 07:38:00,POINT(48 17),48.0,17.0,0.29237170472273677,0.710672930973352,
9548,2011-07-07,2011-07-07 08:19:00,2011-07-07 08:27:00,B3.2,POINT(83 15),10000,2011-07-07 08:23:00,POINT(83 15),83.0,15.0,0.25881904510252074,0.9587259616541788,
9549,2011-07-07,2011-07-07 09:04:00,2011-07-07 09:11:00,B1.7,POINT(86 16),10000,2011-07-07 09:08:00,POINT(86 16),86.0,16.0,0.27563735581699916,0.958920110759857,
9550,2011-07-07,2011-07-07 11:05:00,2011-07-07 11:17:00,B6.3,POINT(-67 15),10000,2011-07-07 11:12:00,POINT(-67 15),-67.0,15.0,0.25881904510252074,-0.8891394111741462,
9551,2011-07-07,2011-07-07 12:39:00,2011-07-07 12:44:00,B3.4,POINT(54 18),10000,2011-07-07 12:42:00,POINT(54 18),54.0,18.0,0.3090169943749474,0.7694208842938134,
9552,2011-07-07,2011-07-07 14:25:00,2011-07-07 14:34:00,B7.6,POINT(89 15),10000,2011-07-07 14:30:00,POINT(89 15),89.0,15.0,0.25881904510252074,0.9657787111071577,
9553,2011-07-07,2011-07-07 15:49:00,2011-07-07 16:01:00,B3.1,POINT(89 15),10000,2011-07-07 15:58:00,POINT(89 15),89.0,15.0,0.25881904510252074,0.9657787111071577,
9554,2011-07-07,2011-07-07 16:29:00,2011-07-07 16:34:00,B2.6,POINT(89 17),10000,2011-07-07 16:30:00,POINT(89 17),89.0,17.0,0.29237170472273677,0.9561591061167362,
9555,2011-07-07,2011-07-07 20:09:00,2011-07-07 20:17:00,B3.4,POINT(89 17),10000,2011-07-07 20:14:00,POINT(89 17),89.0,17.0,0.29237170472273677,0.9561591061167362,
9557,2011-07-08,2011-07-08 02:53:00,2011-07-08 02:57:00,B3.0,POINT(89 18),10000,2011-07-08 02:57:00,POINT(89 18),89.0,18.0,0.3090169943749474,0.9509116657811761,
9563,2011-07-08,2011-07-08 23:15:00,2011-07-09 03:05:00,B4.9,POINT(-19 -18),10000,2011-07-09 01:08:00,POINT(-19 -18),-19.0,-18.0,-0.3090169943749474,-0.3096337147946659,
9564,2011-07-08,2011-07-08 23:57:00,2011-07-09 02:09:00,B4.7,POINT(-20 -17),10000,2011-07-09 00:28:00,POINT(-20 -17),-20.0,-17.0,-0.29237170472273677,-0.327075489697496,
9569,2011-07-12,2011-07-12 00:25:00,2011-07-12 00:30:00,B5.1,POINT(-89 14),10000,2011-07-12 00:28:00,POINT(-89 14),-89.0,14.0,0.24192189559966773,-0.9701479455371518,
9573,2011-07-12,2011-07-12 22:30:00,2011-07-13 00:00:00,B5.0,POINT(-88 23),10000,2011-07-12 23:29:00,POINT(-88 23),-88.0,23.0,0.39073112848927377,-0.919944106766926,
9574,2011-07-12,2011-07-12 23:29:00,2011-07-12 23:46:00,B5.0,POINT(-88 25),10000,2011-07-12 23:39:00,POINT(-88 25),-88.0,25.0,0.42261826174069944,-0.9057556888204041,
9576,2011-07-13,2011-07-13 01:00:00,2011-07-13 01:50:00,B5.0,POINT(-88 -21),10000,2011-07-13 01:29:00,POINT(-88 -21),-88.0,-21.0,-0.35836794954530027,-0.9330117145258786,
9577,2011-07-13,2011-07-13 01:07:00,2011-07-13 01:42:00,B4.9,POINT(-88 -22),10000,2011-07-13 01:29:00,POINT(-88 -22),-88.0,-22.0,-0.374606593415912,-0.9266190392142547,
9580,2011-07-13,2011-07-13 17:04:00,2011-07-13 17:16:00,B3.5,POINT(-87 -23),10000,2011-07-13 17:08:00,POINT(-87 -23),-87.0,-23.0,-0.39073112848927377,-0.9192433335425377,
9581,2011-07-13,2011-07-13 21:35:00,2011-07-13 21:41:00,B4.3,POINT(-85 -44),10000,2011-07-13 21:38:00,POINT(-85 -44),-85.0,-44.0,-0.6946583704589973,-0.7166024952237391,
9582,2011-07-13,2011-07-13 23:21:00,2011-07-13 23:29:00,B5.7,POINT(-79 -22),10000,2011-07-13 23:25:00,POINT(-79 -22),-79.0,-22.0,-0.374606593415912,-0.910148875696544,
9588,2011-07-17,2011-07-17 07:52:00,2011-07-17 08:28:00,B4.9,POINT(47 20),10000,2011-07-17 08:22:00,POINT(47 20),47.0,20.0,0.3420201433256687,0.6872476765959936,
9593,2011-07-17,2011-07-17 19:20:00,2011-07-17 19:30:00,B8.0,POINT(54 20),10000,2011-07-17 19:26:00,POINT(54 20),54.0,20.0,0.3420201433256687,0.760227299704533,
9601,2011-07-19,2011-07-19 05:12:00,2011-07-19 05:38:00,B4.0,POINT(78 19),10000,2011-07-19 05:30:00,POINT(78 19),78.0,19.0,0.3255681544571567,0.9248567261717171,
9610,2011-07-20,2011-07-20 19:59:00,2011-07-20 20:06:00,B4.0,POINT(-48 24),10000,2011-07-20 20:00:00,POINT(-48 24),-48.0,24.0,0.4067366430758002,-0.6788965796854769,
9616,2011-07-23,2011-07-23 13:03:00,2011-07-23 13:17:00,B4.1,POINT(-88 18),10000,2011-07-23 13:09:00,POINT(-88 18),-88.0,18.0,0.3090169943749474,-0.9504771583621137,
9617,2011-07-23,2011-07-23 14:45:00,2011-07-23 14:53:00,B5.4,POINT(-89 19),10000,2011-07-23 14:49:00,POINT(-89 19),-89.0,19.0,0.3255681544571567,-0.945374568540531,
9618,2011-07-24,2011-07-24 21:49:00,2011-07-24 22:03:00,B4.1,POINT(-79 18),10000,2011-07-24 21:55:00,POINT(-79 18),-79.0,18.0,0.3090169943749474,-0.9335829293903589,
9619,2011-07-24,2011-07-24 22:41:00,2011-07-24 22:50:00,B7.4,POINT(-86 19),10000,2011-07-24 22:45:00,POINT(-86 19),-86.0,19.0,0.3255681544571567,-0.9432153398707543,
9620,2011-07-25,2011-07-25 05:14:00,2011-07-25 05:47:00,B2.7,POINT(-88 16),10000,2011-07-25 05:22:00,POINT(-88 16),-88.0,16.0,0.27563735581699916,-0.9606761212855751,
9621,2011-07-25,2011-07-25 10:14:00,2011-07-25 10:28:00,B4.2,POINT(-88 16),10000,2011-07-25 10:20:00,POINT(-88 16),-88.0,16.0,0.27563735581699916,-0.9606761212855751,
9622,2011-07-25,2011-07-25 12:34:00,2011-07-26 00:05:00,B4.2,POINT(-71 19),10000,2011-07-25 12:48:00,POINT(-71 19),-71.0,19.0,0.3255681544571567,-0.8940053768033609,
9624,2011-07-25,2011-07-25 16:24:00,2011-07-25 16:30:00,B7.2,POINT(-88 15),10000,2011-07-25 16:28:00,POINT(-88 15),-88.0,15.0,0.25881904510252074,-0.9653374103741355,
9625,2011-07-25,2011-07-25 17:58:00,2011-07-25 18:07:00,B6.1,POINT(-88 14),10000,2011-07-25 18:02:00,POINT(-88 14),-88.0,14.0,0.24192189559966773,-0.9697046483360623,
9626,2011-07-26,2011-07-26 02:50:00,2011-07-26 03:02:00,B7.6,POINT(-58 17),10000,2011-07-26 02:55:00,POINT(-58 17),-58.0,17.0,0.29237170472273677,-0.8109924276397877,
9627,2011-07-26,2011-07-26 03:17:00,2011-07-26 03:48:00,C1.2,POINT(-58 18),10000,2011-07-26 03:39:00,POINT(-58 18),-58.0,18.0,0.3090169943749474,-0.8065416679812678,
9628,2011-07-26,2011-07-26 07:38:00,2011-07-26 07:52:00,B6.5,POINT(-56 17),10000,2011-07-26 07:45:00,POINT(-56 17),-56.0,17.0,0.29237170472273677,-0.7928125735064365,
9629,2011-07-26,2011-07-26 09:48:00,2011-07-26 10:01:00,B5.8,POINT(-53 17),10000,2011-07-26 09:55:00,POINT(-53 17),-53.0,17.0,0.29237170472273677,-0.7637389365391907,
9631,2011-07-26,2011-07-26 14:19:00,2011-07-26 15:02:00,B7.1,POINT(-51 18),10000,2011-07-26 14:33:00,POINT(-51 18),-51.0,18.0,0.3090169943749474,-0.7391097307561144,
9632,2011-07-26,2011-07-26 15:53:00,2011-07-26 16:00:00,B6.9,POINT(-53 18),10000,2011-07-26 15:56:00,POINT(-53 18),-53.0,18.0,0.3090169943749474,-0.7595475059751814,
9633,2011-07-26,2011-07-26 21:53:00,2011-07-26 22:53:00,C3.8,POINT(-48 18),10000,2011-07-26 22:41:00,POINT(-48 18),-48.0,18.0,0.3090169943749474,-0.7067727288213004,
9634,2011-07-26,2011-07-26 23:53:00,2011-07-27 00:03:00,B8.9,POINT(-45 18),10000,2011-07-26 23:59:00,POINT(-45 18),-45.0,18.0,0.3090169943749474,-0.6724985119639573,
9636,2011-07-27,2011-07-27 05:48:00,2011-07-27 06:26:00,C1.1,POINT(-46 17),10000,2011-07-27 06:12:00,POINT(-46 17),-46.0,17.0,0.29237170472273677,-0.6879080722173524,
9637,2011-07-27,2011-07-27 06:33:00,2011-07-27 06:46:00,C3.0,POINT(-41 18),10000,2011-07-27 06:39:00,POINT(-41 18),-41.0,18.0,0.3090169943749474,-0.623949214595693,
9643,2011-07-27,2011-07-27 15:48:00,2011-07-27 16:07:00,M1.1,POINT(-38 19),10000,2011-07-27 16:00:00,POINT(-38 19),-38.0,19.0,0.3255681544571567,-0.5821193612012904,
9644,2011-07-27,2011-07-27 20:10:00,2011-07-27 20:37:00,C1.0,POINT(-34 18),10000,2011-07-27 20:26:00,POINT(-34 18),-34.0,18.0,0.3090169943749474,-0.5318240547118607,
9645,2011-07-27,2011-07-27 20:41:00,2011-07-27 21:03:00,C1.4,POINT(-34 19),10000,2011-07-27 21:00:00,POINT(-34 19),-34.0,19.0,0.3255681544571567,-0.5287272775749069,
9646,2011-07-27,2011-07-27 21:48:00,2011-07-27 22:00:00,C2.5,POINT(-33 19),10000,2011-07-27 21:54:00,POINT(-33 19),-33.0,19.0,0.3255681544571567,-0.5149663246031949,
9647,2011-07-27,2011-07-27 22:11:00,2011-07-27 22:21:00,C1.6,POINT(-34 19),10000,2011-07-27 22:17:00,POINT(-34 19),-34.0,19.0,0.3255681544571567,-0.5287272775749069,
9648,2011-07-27,2011-07-27 23:10:00,2011-07-28 00:03:00,C2.2,POINT(-33 18),10000,2011-07-27 23:52:00,POINT(-33 18),-33.0,18.0,0.3090169943749474,-0.5179825032797458,
9649,2011-07-28,2011-07-28 00:16:00,2011-07-28 00:26:00,C2.5,POINT(-33 18),10000,2011-07-28 00:26:00,POINT(-33 18),-33.0,18.0,0.3090169943749474,-0.5179825032797458,
9650,2011-07-28,2011-07-28 01:19:00,2011-07-28 01:31:00,C1.8,POINT(-31 19),10000,2011-07-28 01:30:00,POINT(-31 19),-31.0,19.0,0.3255681544571567,-0.48697806696836865,
9651,2011-07-28,2011-07-28 02:19:00,2011-07-28 02:29:00,C5.2,POINT(-31 18),10000,2011-07-28 02:25:00,POINT(-31 18),-31.0,18.0,0.3090169943749474,-0.48983031728331844,
9664,2011-07-28,2011-07-28 17:59:00,2011-07-28 18:22:00,C1.6,POINT(-51 13),10000,2011-07-28 18:15:00,POINT(-51 13),-51.0,13.0,0.224951054343865,-0.7572277608124127,
9668,2011-07-29,2011-07-29 00:57:00,2011-07-29 01:06:00,C4.1,POINT(-73 15),10000,2011-07-29 01:00:00,POINT(-73 15),-73.0,15.0,0.25881904510252074,-0.9237194615877609,
9669,2011-07-29,2011-07-29 02:20:00,2011-07-29 02:26:00,C1.0,POINT(-45 14),10000,2011-07-29 02:24:00,POINT(-45 14),-45.0,14.0,0.24192189559966773,-0.6861026878060832,
9670,2011-07-29,2011-07-29 03:45:00,2011-07-29 03:52:00,C1.2,POINT(-44 14),10000,2011-07-29 03:48:00,POINT(-44 14),-44.0,14.0,0.24192189559966773,-0.6740240480782129,
9671,2011-07-29,2011-07-29 04:31:00,2011-07-29 04:37:00,C1.1,POINT(-44 14),10000,2011-07-29 04:35:00,POINT(-44 14),-44.0,14.0,0.24192189559966773,-0.6740240480782129,
9672,2011-07-29,2011-07-29 05:20:00,2011-07-29 05:25:00,B8.9,POINT(-44 14),10000,2011-07-29 05:23:00,POINT(-44 14),-44.0,14.0,0.24192189559966773,-0.6740240480782129,
9673,2011-07-29,2011-07-29 05:29:00,2011-07-29 05:36:00,C1.1,POINT(-12 19),10000,2011-07-29 05:33:00,POINT(-12 19),-12.0,19.0,0.3255681544571567,-0.1965843657524534,
9675,2011-07-29,2011-07-29 07:10:00,2011-07-29 07:16:00,B8.0,POINT(-43 14),10000,2011-07-29 07:13:00,POINT(-43 14),-43.0,14.0,0.24192189559966773,-0.6617400940958805,
9676,2011-07-29,2011-07-29 08:03:00,2011-07-29 08:10:00,C1.4,POINT(-43 13),10000,2011-07-29 08:07:00,POINT(-43 13),-43.0,13.0,0.224951054343865,-0.6645187862775208,
9677,2011-07-29,2011-07-29 08:34:00,2011-07-29 08:39:00,C1.1,POINT(-43 14),10000,2011-07-29 08:37:00,POINT(-43 14),-43.0,14.0,0.24192189559966773,-0.6617400940958805,
9680,2011-07-29,2011-07-29 16:34:00,2011-07-29 16:46:00,C6.3,POINT(-39 14),10000,2011-07-29 16:40:00,POINT(-39 14),-39.0,14.0,0.24192189559966773,-0.610626885893996,
9681,2011-07-29,2011-07-29 17:56:00,2011-07-29 18:10:00,C3.2,POINT(-38 14),10000,2011-07-29 18:02:00,POINT(-38 14),-38.0,14.0,0.24192189559966773,-0.5973736983412611,
9682,2011-07-29,2011-07-29 21:59:00,2011-07-29 22:04:00,B7.0,POINT(-37 14),10000,2011-07-29 22:02:00,POINT(-37 14),-37.0,14.0,0.24192189559966773,-0.5839385449731223,
9683,2011-07-29,2011-07-29 22:35:00,2011-07-29 22:40:00,B6.9,POINT(-35 14),10000,2011-07-29 22:38:00,POINT(-35 14),-35.0,14.0,0.24192189559966773,-0.5565387648840361,
9685,2011-07-30,2011-07-30 02:04:00,2011-07-30 02:12:00,M9.3,POINT(-35 14),10000,2011-07-30 02:09:00,POINT(-35 14),-35.0,14.0,0.24192189559966773,-0.5565387648840361,
9687,2011-07-30,2011-07-30 15:33:00,2011-07-30 15:45:00,B5.6,POINT(-29 17),10000,2011-07-30 15:38:00,POINT(-29 17),-29.0,17.0,0.29237170472273677,-0.46362574557820524,
9689,2011-07-30,2011-07-30 18:52:00,2011-07-30 19:15:00,B4.9,POINT(-27 16),10000,2011-07-30 19:01:00,POINT(-27 16),-27.0,16.0,0.27563735581699916,-0.43640367771952165,
9693,2011-07-31,2011-07-31 02:46:00,2011-07-31 03:02:00,C3.8,POINT(-20 14),10000,2011-07-31 02:54:00,POINT(-20 14),-20.0,14.0,0.24192189559966773,-0.3318606833692001,
9705,2011-08-01,2011-08-01 01:42:00,2011-08-01 01:49:00,B9.0,POINT(-6 13),10000,2011-08-01 01:45:00,POINT(-6 13),-6.0,13.0,0.224951054343865,-0.10184940552600459,
9706,2011-08-01,2011-08-01 07:19:00,2011-08-01 07:44:00,C4.0,POINT(-3 14),10000,2011-08-01 07:32:00,POINT(-3 14),-3.0,14.0,0.24192189559966773,-0.05078135467309596,
9712,2011-08-01,2011-08-01 22:10:00,2011-08-01 22:16:00,C3.2,POINT(10 14),10000,2011-08-01 22:13:00,POINT(10 14),10.0,14.0,0.24192189559966773,0.16849008466583743,
9713,2011-08-02,2011-08-02 00:50:00,2011-08-02 01:02:00,B9.9,POINT(11 13),10000,2011-08-02 01:00:00,POINT(11 13),11.0,13.0,0.224951054343865,0.18591857318664962,
9715,2011-08-02,2011-08-02 03:57:00,2011-08-02 04:00:00,C1.2,POINT(14 14),10000,2011-08-02 04:00:00,POINT(14 14),14.0,14.0,0.24192189559966773,0.2347357813929454,
9719,2011-08-02,2011-08-02 14:08:00,2011-08-02 14:20:00,B7.0,POINT(12 15),10000,2011-08-02 14:13:00,POINT(12 15),12.0,15.0,0.25881904510252074,0.20082727174830148,
9741,2011-08-04,2011-08-04 14:09:00,2011-08-04 14:26:00,C1.0,POINT(44 14),10000,2011-08-04 14:17:00,POINT(44 14),44.0,14.0,0.24192189559966773,0.6740240480782129,
9749,2011-08-05,2011-08-05 03:32:00,2011-08-05 03:41:00,C1.0,POINT(80 15),10000,2011-08-05 03:41:00,POINT(80 15),80.0,15.0,0.25881904510252074,0.9512512425641977,
9750,2011-08-05,2011-08-05 05:56:00,2011-08-05 06:07:00,C1.3,POINT(50 18),10000,2011-08-05 05:59:00,POINT(50 18),50.0,18.0,0.3090169943749474,0.7285515593999962,
9751,2011-08-05,2011-08-05 07:57:00,2011-08-05 08:07:00,B8.1,POINT(51 18),10000,2011-08-05 08:02:00,POINT(51 18),51.0,18.0,0.3090169943749474,0.7391097307561144,
9752,2011-08-05,2011-08-05 09:22:00,2011-08-05 09:28:00,B8.3,POINT(51 18),10000,2011-08-05 09:25:00,POINT(51 18),51.0,18.0,0.3090169943749474,0.7391097307561144,
9757,2011-08-05,2011-08-05 21:04:00,2011-08-05 21:12:00,B8.0,POINT(60 17),10000,2011-08-05 21:08:00,POINT(60 17),60.0,17.0,0.29237170472273677,0.8281842124238668,
9759,2011-08-06,2011-08-06 08:37:00,2011-08-06 08:51:00,C4.1,POINT(-22 -16),10000,2011-08-06 08:47:00,POINT(-22 -16),-22.0,-16.0,-0.27563735581699916,-0.36009496929665585,
9760,2011-08-06,2011-08-06 09:29:00,2011-08-06 09:50:00,B8.4,POINT(29 18),10000,2011-08-06 09:42:00,POINT(29 18),29.0,18.0,0.3090169943749474,0.46108134849785765,
9762,2011-08-06,2011-08-06 12:16:00,2011-08-06 12:30:00,C1.4,POINT(32 18),10000,2011-08-06 12:23:00,POINT(32 18),32.0,18.0,0.3090169943749474,0.5039831693593229,
9763,2011-08-06,2011-08-06 16:26:00,2011-08-06 16:36:00,B9.8,POINT(-17 -16),10000,2011-08-06 16:30:00,POINT(-17 -16),-17.0,-16.0,-0.27563735581699916,-0.28104572072615536,
9766,2011-08-06,2011-08-06 22:23:00,2011-08-06 23:15:00,C1.4,POINT(35 17),10000,2011-08-06 22:46:00,POINT(35 17),35.0,17.0,0.29237170472273677,0.5485138739908346,
9768,2011-08-07,2011-08-07 01:00:00,2011-08-07 01:06:00,B9.2,POINT(88 17),10000,2011-08-07 01:03:00,POINT(88 17),88.0,17.0,0.29237170472273677,0.9557222009441926,
9769,2011-08-07,2011-08-07 02:12:00,2011-08-07 02:22:00,C1.3,POINT(38 17),10000,2011-08-07 02:15:00,POINT(38 17),38.0,17.0,0.29237170472273677,0.588759996917146,
9772,2011-08-07,2011-08-07 04:04:00,2011-08-07 04:11:00,C1.6,POINT(39 17),10000,2011-08-07 04:08:00,POINT(39 17),39.0,17.0,0.29237170472273677,0.6018220829854768,
9776,2011-08-07,2011-08-07 12:51:00,2011-08-07 12:56:00,B7.2,POINT(47 17),10000,2011-08-07 12:54:00,POINT(47 17),47.0,17.0,0.29237170472273677,0.6993970231495834,
9777,2011-08-07,2011-08-07 14:02:00,2011-08-07 14:10:00,C1.3,POINT(46 18),10000,2011-08-07 14:06:00,POINT(46 18),46.0,18.0,0.3090169943749474,0.6841328045425288,
9778,2011-08-07,2011-08-07 21:21:00,2011-08-07 22:56:00,B8.6,POINT(50 17),10000,2011-08-07 22:32:00,POINT(50 17),50.0,17.0,0.29237170472273677,0.7325719442337336,
9779,2011-08-08,2011-08-08 01:19:00,2011-08-08 01:29:00,B5.7,POINT(57 18),10000,2011-08-08 01:23:00,POINT(57 18),57.0,18.0,0.3090169943749474,0.7976231086694529,
9792,2011-08-09,2011-08-09 07:19:00,2011-08-09 07:27:00,C1.4,POINT(69 15),10000,2011-08-09 07:23:00,POINT(69 15),69.0,15.0,0.25881904510252074,0.9017694448716104,
9793,2011-08-09,2011-08-09 07:48:00,2011-08-09 08:08:00,X6.9,POINT(69 14),10000,2011-08-09 08:05:00,POINT(69 14),69.0,14.0,0.24192189559966773,0.9058490979651569,
9794,2011-08-09,2011-08-09 13:29:00,2011-08-09 13:45:00,C2.2,POINT(78 17),10000,2011-08-09 13:45:00,POINT(78 17),78.0,17.0,0.29237170472273677,0.9354072026155705,
9795,2011-08-09,2011-08-09 15:43:00,2011-08-09 15:54:00,C2.4,POINT(76 15),10000,2011-08-09 15:45:00,POINT(76 15),76.0,15.0,0.25881904510252074,0.9372337011478935,
9796,2011-08-09,2011-08-09 16:58:00,2011-08-09 17:05:00,B8.6,POINT(76 15),11265,2011-08-09 17:02:00,POINT(76 15),76.0,15.0,0.25881904510252074,0.9372337011478935,
9859,2011-08-20,2011-08-20 11:57:00,2011-08-20 12:03:00,B5.7,POINT(-16 16),10000,2011-08-20 12:01:00,POINT(-16 16),-16.0,16.0,0.27563735581699916,-0.26495963211660245,
9865,2011-08-21,2011-08-21 00:48:00,2011-08-21 00:57:00,B4.3,POINT(86 13),10000,2011-08-21 00:51:00,POINT(86 13),86.0,13.0,0.224951054343865,0.9719965482790865,
9939,2011-08-29,2011-08-29 21:42:00,2011-08-29 21:50:00,C1.7,POINT(45 17),10000,2011-08-29 21:47:00,POINT(45 17),45.0,17.0,0.29237170472273677,0.6762095778224088,
9940,2011-08-29,2011-08-29 23:03:00,2011-08-29 23:19:00,B8.2,POINT(46 17),10000,2011-08-29 23:07:00,POINT(46 17),46.0,17.0,0.29237170472273677,0.6879080722173524,
9965,2011-09-02,2011-09-02 09:16:00,2011-09-02 09:32:00,B7.6,POINT(60 18),11278,2011-09-02 09:21:00,POINT(60 18),60.0,18.0,0.3090169943749474,0.8236391035463319,
9976,2011-09-03,2011-09-03 20:04:00,2011-09-03 20:17:00,C1.2,POINT(80 19),11271,2011-09-03 20:10:00,POINT(80 19),80.0,19.0,0.3255681544571567,0.9311540238672668,
9981,2011-09-04,2011-09-04 01:01:00,2011-09-04 01:13:00,C8.3,POINT(79 18),11274,2011-09-04 01:07:00,POINT(79 18),79.0,18.0,0.3090169943749474,0.9335829293903589,
9982,2011-09-04,2011-09-04 04:36:00,2011-09-04 05:03:00,C9.0,POINT(82 19),11274,2011-09-04 04:45:00,POINT(82 19),82.0,19.0,0.3255681544571567,0.936316853818016,
9986,2011-09-04,2011-09-04 19:15:00,2011-09-04 19:21:00,B8.9,POINT(88 16),10000,2011-09-04 19:19:00,POINT(88 16),88.0,16.0,0.27563735581699916,0.9606761212855751,
9987,2011-09-04,2011-09-04 19:30:00,2011-09-04 19:37:00,B9.5,POINT(87 18),10000,2011-09-04 19:34:00,POINT(87 18),87.0,18.0,0.3090169943749474,0.9497531263931349,
9988,2011-09-04,2011-09-04 19:40:00,2011-09-04 19:59:00,C1.4,POINT(87 17),10000,2011-09-04 19:47:00,POINT(87 17),87.0,17.0,0.29237170472273677,0.9549941735309524,
10007,2011-09-07,2011-09-07 19:55:00,2011-09-07 20:19:00,C3.0,POINT(30 14),11279,2011-09-07 20:06:00,POINT(30 14),30.0,14.0,0.24192189559966773,0.4851478631379982,
10009,2011-09-07,2011-09-07 22:32:00,2011-09-07 22:44:00,X1.8,POINT(31 14),11279,2011-09-07 22:38:00,POINT(31 14),31.0,14.0,0.24192189559966773,0.49973924295464206,
10011,2011-09-08,2011-09-08 15:32:00,2011-09-08 15:52:00,M6.7,POINT(41 14),11279,2011-09-08 15:46:00,POINT(41 14),41.0,14.0,0.24192189559966773,0.6365712720142693,
10014,2011-09-08,2011-09-08 22:52:00,2011-09-08 23:21:00,C1.1,POINT(47 15),11279,2011-09-08 22:58:00,POINT(47 15),47.0,15.0,0.25881904510252074,0.706433428546066,
10018,2011-09-09,2011-09-09 06:01:00,2011-09-09 06:17:00,M2.7,POINT(48 14),11279,2011-09-09 06:11:00,POINT(48 14),48.0,14.0,0.24192189559966773,0.7210702481648369,
10027,2011-09-11,2011-09-11 08:41:00,2011-09-11 09:27:00,C6.6,POINT(78 14),11280,2011-09-11 08:51:00,POINT(78 14),78.0,14.0,0.24192189559966773,0.9490924366591313,
10028,2011-09-11,2011-09-11 09:40:00,2011-09-11 10:40:00,C5.4,POINT(82 14),11280,2011-09-11 10:03:00,POINT(82 14),82.0,14.0,0.24192189559966773,0.9608528749675305,
10029,2011-09-11,2011-09-11 13:18:00,2011-09-11 13:36:00,C1.9,POINT(84 14),11280,2011-09-11 13:26:00,POINT(84 14),84.0,14.0,0.24192189559966773,0.9649803447637393,
10042,2011-09-13,2011-09-13 12:03:00,2011-09-13 13:17:00,C2.7,POINT(87 20),10000,2011-09-13 13:02:00,POINT(87 20),87.0,20.0,0.3420201433256687,0.9384048047077379,
10047,2011-09-14,2011-09-14 08:29:00,2011-09-14 08:42:00,C1.9,POINT(87 19),10000,2011-09-14 08:30:00,POINT(87 19),87.0,19.0,0.3255681544571567,0.9442227752525532,
10051,2011-09-14,2011-09-14 15:57:00,2011-09-14 16:14:00,C1.8,POINT(47 -17),11281,2011-09-14 16:06:00,POINT(47 -17),47.0,-17.0,-0.29237170472273677,0.6993970231495834,
10055,2011-09-14,2011-09-14 20:42:00,2011-09-14 20:54:00,C9.2,POINT(47 -17),10000,2011-09-14 20:45:00,POINT(47 -17),47.0,-17.0,-0.29237170472273677,0.6993970231495834,
10060,2011-09-15,2011-09-15 03:04:00,2011-09-15 03:11:00,C1.9,POINT(77 -27),10000,2011-09-15 03:08:00,POINT(77 -27),77.0,-27.0,-0.45399049973954675,0.8681700846974874,
10061,2011-09-15,2011-09-15 04:28:00,2011-09-15 04:35:00,C1.3,POINT(81 -27),10000,2011-09-15 04:32:00,POINT(81 -27),81.0,-27.0,-0.45399049973954675,0.8800367553350505,
10129,2011-09-22,2011-09-22 04:20:00,2011-09-22 04:41:00,C6.6,POINT(53 24),10000,2011-09-22 04:28:00,POINT(53 24),53.0,24.0,0.4067366430758002,0.7295898425157861,
10140,2011-09-23,2011-09-23 08:13:00,2011-09-23 08:33:00,C2.7,POINT(67 23),11289,2011-09-23 08:19:00,POINT(67 23),67.0,23.0,0.39073112848927377,0.8473291852294987,
10149,2011-09-24,2011-09-24 07:01:00,2011-09-24 07:08:00,C5.9,POINT(-5 -82),11294,2011-09-24 07:04:00,POINT(-5 -82),-5.0,-82.0,-0.9902680687415704,-0.012129734984669323,
10155,2011-09-24,2011-09-24 16:35:00,2011-09-24 17:15:00,M1.8,POINT(87 23),11289,2011-09-24 16:59:00,POINT(87 23),87.0,23.0,0.39073112848927377,0.9192433335425377,
10161,2011-09-25,2011-09-25 02:27:00,2011-09-25 02:37:00,M4.4,POINT(87 22),11289,2011-09-25 02:31:00,POINT(87 22),87.0,22.0,0.374606593415912,0.9259131813179834,
10181,2011-09-26,2011-09-26 20:04:00,2011-09-26 20:09:00,C1.8,POINT(87 21),11300,2011-09-26 20:07:00,POINT(87 21),87.0,21.0,0.35836794954530027,0.9323009869688772,
10191,2011-09-27,2011-09-27 18:05:00,2011-09-27 18:22:00,C1.1,POINT(-12 -82),11299,2011-09-27 18:10:00,POINT(-12 -82),-12.0,-82.0,-0.9902680687415704,-0.028935714736957937,
10223,2011-10-02,2011-10-02 06:26:00,2011-10-02 06:46:00,C2.4,POINT(7 -49),10000,2011-10-02 06:34:00,POINT(7 -49),7.0,-49.0,-0.754709580222772,0.07995348309809173,
10399,2011-11-01,2011-11-01 01:18:00,2011-11-01 02:30:00,C3.5,POINT(-88 19),10000,2011-11-01 02:20:00,POINT(-88 19),-88.0,19.0,0.3255681544571567,-0.9449425912301187,
10742,2011-12-18,2011-12-18 01:21:00,2011-12-18 01:32:00,B7.5,POINT(-36 -19),10000,2011-12-18 01:26:00,POINT(-36 -19),-36.0,-19.0,-0.3255681544571567,-0.5557618745058643,
10743,2011-12-18,2011-12-18 02:00:00,2011-12-18 02:08:00,C1.9,POINT(3 19),10000,2011-12-18 02:05:00,POINT(3 19),3.0,19.0,0.3255681544571567,0.049484618799456426,
10744,2011-12-18,2011-12-18 03:18:00,2011-12-18 03:29:00,B4.9,POINT(-35 -19),10000,2011-12-18 03:22:00,POINT(-35 -19),-35.0,-19.0,-0.3255681544571567,-0.5423271750959733,
10745,2011-12-18,2011-12-18 04:59:00,2011-12-18 05:07:00,C1.8,POINT(-71 -21),10000,2011-12-18 05:00:00,POINT(-71 -21),-71.0,-21.0,-0.35836794954530027,-0.8827176350690368,
10857,2014-01-01,2014-01-01 06:45:00,2014-01-01 06:52:00,C2.1,POINT(-89 -4),10000,2014-01-01 06:49:00,POINT(-89 -4),-89.0,-4.0,-0.0697564737441253,-0.9974121164231596,
10859,2014-01-01,2014-01-01 15:40:00,2014-01-01 16:09:00,C6.5,POINT(-89 -6),10000,2014-01-01 15:48:00,POINT(-89 -6),-89.0,-6.0,-0.10452846326765347,-0.9943704248665338,
10897,2014-01-07,2014-01-07 02:29:00,2014-01-07 02:39:00,C2.6,POINT(-17 -13),10000,2014-01-07 02:34:00,POINT(-17 -13),-17.0,-13.0,-0.224951054343865,-0.2848782368720627,
10900,2014-01-07,2014-01-07 04:40:00,2014-01-07 04:53:00,C2.4,POINT(-16 -14),10000,2014-01-07 04:52:00,POINT(-16 -14),-16.0,-14.0,-0.24192189559966773,-0.26744974835125046,
10902,2014-01-07,2014-01-07 08:04:00,2014-01-07 08:18:00,C2.3,POINT(-15 -14),10000,2014-01-07 08:09:00,POINT(-15 -14),-15.0,-14.0,-0.24192189559966773,-0.25113101334181026,
10903,2014-01-07,2014-01-07 10:07:00,2014-01-07 10:37:00,M7.2,POINT(-13 -13),10000,2014-01-07 10:13:00,POINT(-13 -13),-13.0,-13.0,-0.224951054343865,-0.21918557339453873,
10905,2014-01-07,2014-01-07 18:04:00,2014-01-07 18:58:00,X1.2,POINT(8 -12),10000,2014-01-07 18:30:00,POINT(8 -12),8.0,-12.0,-0.20791169081775934,0.1361318347907717,
10919,2014-01-10,2014-01-10 06:23:00,2014-01-10 06:43:00,C1.1,POINT(-43 16),10000,2014-01-10 06:33:00,POINT(-43 16),-43.0,16.0,0.27563735581699916,-0.6555789002208295,
10941,2014-01-16,2014-01-16 05:45:00,2014-01-16 05:53:00,C1.1,POINT(-89 -24),10000,2014-01-16 05:53:00,POINT(-89 -24),-89.0,-24.0,-0.4067366430758002,-0.9134063202445452,
10942,2014-01-16,2014-01-16 09:39:00,2014-01-16 10:28:00,B8.9,POINT(-88 -23),10000,2014-01-16 10:00:00,POINT(-88 -23),-88.0,-23.0,-0.39073112848927377,-0.919944106766926,
10943,2014-01-16,2014-01-16 13:25:00,2014-01-16 14:33:00,C1.0,POINT(-88 -23),10000,2014-01-16 14:15:00,POINT(-88 -23),-88.0,-23.0,-0.39073112848927377,-0.919944106766926,
10945,2014-01-16,2014-01-16 15:14:00,2014-01-16 15:41:00,C2.8,POINT(-88 -22),10000,2014-01-16 15:41:00,POINT(-88 -22),-88.0,-22.0,-0.374606593415912,-0.9266190392142547,
10947,2014-01-16,2014-01-16 21:21:00,2014-01-16 21:53:00,C6.2,POINT(-88 -23),10000,2014-01-16 21:39:00,POINT(-88 -23),-88.0,-23.0,-0.39073112848927377,-0.919944106766926,
10950,2014-01-17,2014-01-17 03:50:00,2014-01-17 04:45:00,C3.2,POINT(-88 -22),10000,2014-01-17 04:16:00,POINT(-88 -22),-88.0,-22.0,-0.374606593415912,-0.9266190392142547,
10951,2014-01-17,2014-01-17 08:00:00,2014-01-17 08:06:00,C1.0,POINT(-87 -26),10000,2014-01-17 08:03:00,POINT(-87 -26),-87.0,-26.0,-0.4383711467890774,-0.8975622802959181,
10952,2014-01-17,2014-01-17 08:24:00,2014-01-17 08:39:00,C2.2,POINT(-88 -24),10000,2014-01-17 08:32:00,POINT(-88 -24),-88.0,-24.0,-0.4067366430758002,-0.9129889504329772,
10953,2014-01-17,2014-01-17 09:15:00,2014-01-17 09:23:00,C6.0,POINT(-88 -23),10000,2014-01-17 09:23:00,POINT(-88 -23),-88.0,-23.0,-0.39073112848927377,-0.919944106766926,
10954,2014-01-17,2014-01-17 12:48:00,2014-01-17 12:56:00,C1.4,POINT(-88 -24),10000,2014-01-17 12:52:00,POINT(-88 -24),-88.0,-24.0,-0.4067366430758002,-0.9129889504329772,
10955,2014-01-17,2014-01-17 13:55:00,2014-01-17 14:10:00,C7.2,POINT(-88 -23),10000,2014-01-17 14:03:00,POINT(-88 -23),-88.0,-23.0,-0.39073112848927377,-0.919944106766926,
10956,2014-01-17,2014-01-17 15:20:00,2014-01-17 15:31:00,C1.8,POINT(-87 -27),10000,2014-01-17 15:25:00,POINT(-87 -27),-87.0,-27.0,-0.45399049973954675,-0.8897854307135198,
10957,2014-01-17,2014-01-17 16:03:00,2014-01-17 16:11:00,C8.9,POINT(-88 -23),10000,2014-01-17 16:08:00,POINT(-88 -23),-88.0,-23.0,-0.39073112848927377,-0.919944106766926,
10958,2014-01-17,2014-01-17 19:17:00,2014-01-17 20:31:00,C7.1,POINT(-88 -23),10000,2014-01-17 20:05:00,POINT(-88 -23),-88.0,-23.0,-0.39073112848927377,-0.919944106766926,
10959,2014-01-17,2014-01-17 23:52:00,2014-01-18 00:01:00,C1.3,POINT(-88 -23),10000,2014-01-17 23:57:00,POINT(-88 -23),-88.0,-23.0,-0.39073112848927377,-0.919944106766926,
10960,2014-01-18,2014-01-18 03:21:00,2014-01-18 03:33:00,C2.3,POINT(-88 -23),10000,2014-01-18 03:27:00,POINT(-88 -23),-88.0,-23.0,-0.39073112848927377,-0.919944106766926,
10961,2014-01-18,2014-01-18 05:36:00,2014-01-18 05:48:00,C1.5,POINT(-88 -23),10000,2014-01-18 05:43:00,POINT(-88 -23),-88.0,-23.0,-0.39073112848927377,-0.919944106766926,
10974,2014-01-20,2014-01-20 21:39:00,2014-01-20 23:57:00,C3.6,POINT(-71 -9),10000,2014-01-20 22:49:00,POINT(-71 -9),-71.0,-9.0,-0.15643446504023087,-0.9338776729355674,
10975,2014-01-20,2014-01-20 21:40:00,2014-02-07 00:15:28,C3.7,POINT(-71 -9),10000,2014-01-20 22:49:00,POINT(-71 -9),-71.0,-9.0,-0.15643446504023087,-0.9338776729355674,
10992,2014-01-25,2014-01-25 02:25:00,2014-01-25 02:39:00,C1.0,POINT(-88 11),10000,2014-01-25 02:32:00,POINT(-88 11),-88.0,11.0,0.1908089953765448,-0.9810292026901866,
10996,2014-01-26,2014-01-26 05:18:00,2014-01-26 06:41:00,C3.2,POINT(-89 5),10000,2014-01-26 06:16:00,POINT(-89 5),-89.0,5.0,0.08715574274765817,-0.9960429728140489,
10997,2014-01-26,2014-01-26 08:26:00,2014-01-26 09:33:00,C1.5,POINT(-88 -17),10000,2014-01-26 08:38:00,POINT(-88 -17),-88.0,-17.0,-0.29237170472273677,-0.9557222009441926,
10999,2014-01-27,2014-01-27 01:05:00,2014-01-27 01:39:00,M1.0,POINT(-88 -16),10000,2014-01-27 01:22:00,POINT(-88 -16),-88.0,-16.0,-0.27563735581699916,-0.9606761212855751,
11000,2014-01-27,2014-01-27 01:05:00,2014-01-27 01:39:00,M1.0,POINT(-88 -16),10000,2014-01-27 01:21:00,POINT(-88 -16),-88.0,-16.0,-0.27563735581699916,-0.9606761212855751,
11001,2014-01-27,2014-01-27 02:02:00,2014-01-27 02:18:00,M1.1,POINT(-88 -13),10000,2014-01-27 02:10:00,POINT(-88 -13),-88.0,-13.0,-0.224951054343865,-0.9737765048683662,
11002,2014-01-27,2014-01-27 02:02:00,2014-01-27 02:18:00,M1.1,POINT(-88 -13),10000,2014-01-27 02:11:00,POINT(-88 -13),-88.0,-13.0,-0.224951054343865,-0.9737765048683662,
11003,2014-01-27,2014-01-27 04:09:00,2014-01-27 04:21:00,C3.3,POINT(-89 -11),10000,2014-01-27 04:17:00,POINT(-89 -11),-89.0,-11.0,-0.1908089953765448,-0.9814776768730069,
11004,2014-01-27,2014-01-27 05:19:00,2014-01-27 05:25:00,C2.3,POINT(-88 -14),10000,2014-01-27 05:22:00,POINT(-88 -14),-88.0,-14.0,-0.24192189559966773,-0.9697046483360623,
11005,2014-01-27,2014-01-27 06:51:00,2014-01-27 06:58:00,C2.0,POINT(-88 -14),10000,2014-01-27 06:54:00,POINT(-88 -14),-88.0,-14.0,-0.24192189559966773,-0.9697046483360623,
11006,2014-01-27,2014-01-27 08:07:00,2014-01-27 08:23:00,C6.0,POINT(-88 7),10000,2014-01-27 08:23:00,POINT(-88 7),-88.0,7.0,0.12186934340514748,-0.9919415193434417,
11007,2014-01-27,2014-01-27 11:08:00,2014-01-27 11:19:00,C2.6,POINT(-89 6),10000,2014-01-27 11:13:00,POINT(-89 6),-89.0,6.0,0.10452846326765347,-0.9943704248665338,
11009,2014-01-27,2014-01-27 19:06:00,2014-01-27 19:36:00,C8.0,POINT(-88 -14),10000,2014-01-27 19:27:00,POINT(-88 -14),-88.0,-14.0,-0.24192189559966773,-0.9697046483360623,
11010,2014-01-27,2014-01-27 20:15:00,2014-01-27 21:06:00,C5.3,POINT(-89 -10),10000,2014-01-27 20:55:00,POINT(-89 -10),-89.0,-10.0,-0.17364817766693033,-0.9846577620214009,
11011,2014-01-27,2014-01-27 22:05:00,2014-01-27 22:15:00,M4.9,POINT(-88 -14),10000,2014-01-27 22:10:00,POINT(-88 -14),-88.0,-14.0,-0.24192189559966773,-0.9697046483360623,
11021,2014-01-28,2014-01-28 12:38:00,2014-01-28 12:50:00,M1.3,POINT(-18 -84),10000,2014-01-28 12:46:00,POINT(-18 -84),-18.0,-84.0,-0.9945218953682733,-0.03230107154560236,
11145,2014-02-09,2014-02-09 15:40:00,2014-02-09 16:52:00,M1.0,POINT(-88 -16),10000,2014-02-09 16:14:00,POINT(-88 -16),-88.0,-16.0,-0.27563735581699916,-0.9606761212855751,
11220,2014-02-17,2014-02-17 08:03:00,2014-02-17 08:18:00,C2.0,POINT(-89 -9),10000,2014-02-17 08:09:00,POINT(-89 -9),-89.0,-9.0,-0.15643446504023087,-0.9875379108768892,
11221,2014-02-17,2014-02-17 08:03:00,2014-02-17 08:18:00,C2.0,POINT(-89 -10),10000,2014-02-17 08:10:00,POINT(-89 -10),-89.0,-10.0,-0.17364817766693033,-0.9846577620214009,
11224,2014-02-17,2014-02-17 15:27:00,2014-02-17 15:33:00,C2.4,POINT(-78 -10),10000,2014-02-17 15:31:00,POINT(-78 -10),-78.0,-10.0,-0.17364817766693033,-0.9632873407929414,
11228,2014-02-18,2014-02-18 01:27:00,2014-02-18 01:40:00,C4.7,POINT(42 -17),10000,2014-02-18 01:33:00,POINT(42 -17),42.0,-17.0,-0.29237170472273677,0.6398927812214058,
11229,2014-02-18,2014-02-18 06:19:00,2014-02-18 06:27:00,C1.9,POINT(44 -16),10000,2014-02-18 06:23:00,POINT(44 -16),44.0,-16.0,-0.27563735581699916,0.6677484832851647,
11235,2014-02-19,2014-02-19 00:31:00,2014-02-19 00:38:00,C1.2,POINT(57 -13),10000,2014-02-19 00:35:00,POINT(57 -13),57.0,-13.0,-0.224951054343865,0.8171754956224528,
11240,2014-02-19,2014-02-19 10:11:00,2014-02-19 10:31:00,C2.5,POINT(-88 13),10000,2014-02-19 10:25:00,POINT(-88 13),-88.0,13.0,0.224951054343865,-0.9737765048683662,
11241,2014-02-19,2014-02-19 22:20:00,2014-02-19 22:28:00,C1.4,POINT(69 -11),10000,2014-02-19 22:23:00,POINT(69 -11),69.0,-11.0,-0.1908089953765448,0.916427924584317,
11244,2014-02-23,2014-02-23 04:45:00,2014-02-23 05:45:00,C3.1,POINT(-88 -16),10000,2014-02-23 05:12:00,POINT(-88 -16),-88.0,-16.0,-0.27563735581699916,-0.9606761212855751,
11246,2014-02-23,2014-02-23 14:29:00,2014-02-23 14:36:00,C1.2,POINT(-88 -14),10000,2014-02-23 14:32:00,POINT(-88 -14),-88.0,-14.0,-0.24192189559966773,-0.9697046483360623,
11251,2014-02-23,2014-02-23 22:11:00,2014-02-23 23:50:00,C2.0,POINT(-89 -9),10000,2014-02-23 23:04:00,POINT(-89 -9),-89.0,-9.0,-0.15643446504023087,-0.9875379108768892,
11252,2014-02-23,2014-02-23 22:44:00,2014-02-23 23:18:00,C2.0,POINT(-89 -9),10000,2014-02-23 23:05:00,POINT(-89 -9),-89.0,-9.0,-0.15643446504023087,-0.9875379108768892,
11265,2014-02-27,2014-02-27 07:18:00,2014-02-27 07:24:00,C2.0,POINT(-14 -82),10000,2014-02-27 07:21:00,POINT(-14 -82),-14.0,-82.0,-0.9902680687415704,-0.033669020400742974,
11300,2014-03-03,2014-03-03 06:49:00,2014-03-03 06:54:00,C2.3,POINT(-9 -82),10000,2014-03-03 06:53:00,POINT(-9 -82),-9.0,-82.0,-0.9902680687415704,-0.021771469596677882,
11301,2014-03-03,2014-03-03 06:49:00,2014-03-03 06:59:00,C2.3,POINT(-9 -82),10000,2014-03-03 06:54:00,POINT(-9 -82),-9.0,-82.0,-0.9902680687415704,-0.021771469596677882,
11310,2014-03-04,2014-03-04 00:07:00,2014-03-04 00:25:00,C4.8,POINT(87 15),10000,2014-03-04 00:18:00,POINT(87 15),87.0,15.0,0.25881904510252074,0.9646020585144796,
11311,2014-03-04,2014-03-04 00:57:00,2014-03-04 01:09:00,C1.8,POINT(87 15),10000,2014-03-04 01:01:00,POINT(87 15),87.0,15.0,0.25881904510252074,0.9646020585144796,
11312,2014-03-04,2014-03-04 03:20:00,2014-03-04 04:18:00,C2.2,POINT(-89 -8),10000,2014-03-04 03:54:00,POINT(-89 -8),-89.0,-8.0,-0.13917310096006544,-0.9901172461182299,
11318,2014-03-04,2014-03-04 09:57:00,2014-03-04 10:02:00,C1.6,POINT(87 16),10000,2014-03-04 10:02:00,POINT(87 16),87.0,16.0,0.27563735581699916,0.959944320192276,
11325,2014-03-07,2014-03-07 23:56:00,2014-03-08 00:20:00,C3.4,POINT(-81 -18),10000,2014-03-08 00:07:00,POINT(-81 -18),-81.0,-18.0,-0.3090169943749474,-0.9393474323917528,
11326,2014-03-08,2014-03-08 04:35:00,2014-03-08 04:56:00,C1.0,POINT(-76 -18),10000,2014-03-08 04:42:00,POINT(-76 -18),-76.0,-18.0,-0.3090169943749474,-0.922806073208125,
11327,2014-03-08,2014-03-08 04:35:00,2014-03-08 04:56:00,C1.0,POINT(-77 -18),10000,2014-03-08 04:43:00,POINT(-77 -18),-77.0,-18.0,-0.3090169943749474,-0.9266809993969289,
11333,2014-03-09,2014-03-09 01:59:00,2014-03-09 03:28:00,C3.0,POINT(-65 -18),10000,2014-03-09 03:17:00,POINT(-65 -18),-65.0,-18.0,-0.3090169943749474,-0.8619499266302462,
11335,2014-03-09,2014-03-09 06:36:00,2014-03-09 07:22:00,C4.8,POINT(-14 -82),10000,2014-03-09 07:04:00,POINT(-14 -82),-14.0,-82.0,-0.9902680687415704,-0.033669020400742974,
11370,2014-03-12,2014-03-12 07:21:00,2014-03-12 07:36:00,C1.7,POINT(-12 -82),10000,2014-03-12 07:36:00,POINT(-12 -82),-12.0,-82.0,-0.9902680687415704,-0.028935714736957937,
11393,2014-03-16,2014-03-16 06:37:00,2014-03-16 06:52:00,C7.3,POINT(-14 -82),10000,2014-03-16 06:45:00,POINT(-14 -82),-14.0,-82.0,-0.9902680687415704,-0.033669020400742974,
11420,2014-03-19,2014-03-19 14:44:00,2014-03-19 14:53:00,C1.8,POINT(-82 -11),10000,2014-03-19 14:49:00,POINT(-82 -11),-82.0,-11.0,-0.1908089953765448,-0.9720740551769455,
11424,2014-03-19,2014-03-19 19:39:00,2014-03-19 19:55:00,C3.1,POINT(-83 -11),10000,2014-03-19 19:50:00,POINT(-83 -11),-83.0,-11.0,-0.1908089953765448,-0.9743102832774889,
11429,2014-03-20,2014-03-20 08:13:00,2014-03-20 08:16:00,C2.7,POINT(-4 -83),10000,2014-03-20 08:16:00,POINT(-4 -83),-4.0,-83.0,-0.992546151641322,-0.008501175653454962,
11473,2014-03-25,2014-03-25 23:45:00,2014-03-26 00:05:00,C1.0,POINT(-77 21),10000,2014-03-25 23:56:00,POINT(-77 21),-77.0,21.0,0.35836794954530027,-0.909652820648306,
11474,2014-03-26,2014-03-26 03:18:00,2014-03-26 03:39:00,C1.4,POINT(-84 -12),10000,2014-03-26 03:26:00,POINT(-84 -12),-84.0,-12.0,-0.20791169081775934,-0.9727892058317135,
11489,2014-03-29,2014-03-29 01:54:00,2014-03-29 02:11:00,C2.4,POINT(-36 17),10000,2014-03-29 02:11:00,POINT(-36 17),-36.0,17.0,0.29237170472273677,-0.5621018322522248,
11500,2014-03-29,2014-03-29 19:39:00,2014-03-29 19:47:00,C1.1,POINT(-88 -12),10000,2014-03-29 19:42:00,POINT(-88 -12),-88.0,-12.0,-0.20791169081775934,-0.9775517396441024,
11502,2014-03-30,2014-03-30 04:20:00,2014-03-30 04:34:00,C1.3,POINT(-88 -11),10000,2014-03-30 04:26:00,POINT(-88 -11),-88.0,-11.0,-0.1908089953765448,-0.9810292026901866,
11503,2014-03-30,2014-03-30 05:47:00,2014-03-30 06:24:00,C1.3,POINT(-89 -8),10000,2014-03-30 05:55:00,POINT(-89 -8),-89.0,-8.0,-0.13917310096006544,-0.9901172461182299,
11505,2014-03-30,2014-03-30 07:26:00,2014-03-30 07:35:00,C1.0,POINT(9 -25),10000,2014-03-30 07:31:00,POINT(9 -25),9.0,-25.0,-0.42261826174069944,0.14177777382687382,
11509,2014-03-30,2014-03-30 17:46:00,2014-03-30 18:09:00,C1.5,POINT(-88 -11),10000,2014-03-30 18:00:00,POINT(-88 -11),-88.0,-11.0,-0.1908089953765448,-0.9810292026901866,
11510,2014-03-30,2014-03-30 18:20:00,2014-03-30 18:30:00,C1.5,POINT(-89 -9),10000,2014-03-30 18:24:00,POINT(-89 -9),-89.0,-9.0,-0.15643446504023087,-0.9875379108768892,
11511,2014-03-30,2014-03-30 19:48:00,2014-03-30 20:14:00,C1.2,POINT(-88 -11),10000,2014-03-30 20:01:00,POINT(-88 -11),-88.0,-11.0,-0.1908089953765448,-0.9810292026901866,
11541,2014-04-02,2014-04-02 18:15:00,2014-04-02 18:20:00,C5.3,POINT(-83 -44),10000,2014-04-02 18:18:00,POINT(-83 -44),-83.0,-44.0,-0.6946583704589973,-0.7139779505485652,
11567,2014-04-06,2014-04-06 15:40:00,2014-04-06 16:21:00,B6.1,POINT(20 2),10000,2014-04-06 16:04:00,POINT(20 2),20.0,2.0,0.03489949670250097,0.3418117938954297,
11580,2014-04-09,2014-04-09 18:08:00,2014-04-09 19:44:00,C1.9,POINT(-88 -16),10000,2014-04-09 18:53:00,POINT(-88 -16),-88.0,-16.0,-0.27563735581699916,-0.9606761212855751,
11581,2014-04-09,2014-04-09 20:44:00,2014-04-09 21:54:00,C2.1,POINT(-89 -9),10000,2014-04-09 21:24:00,POINT(-89 -9),-89.0,-9.0,-0.15643446504023087,-0.9875379108768892,
11583,2014-04-10,2014-04-10 01:22:00,2014-04-10 02:11:00,C4.7,POINT(-88 -15),10000,2014-04-10 01:52:00,POINT(-88 -15),-88.0,-15.0,-0.25881904510252074,-0.9653374103741355,
11584,2014-04-10,2014-04-10 08:46:00,2014-04-10 10:53:00,C1.9,POINT(-88 -14),10000,2014-04-10 10:53:00,POINT(-88 -14),-88.0,-14.0,-0.24192189559966773,-0.9697046483360623,
11585,2014-04-10,2014-04-10 14:47:00,2014-04-10 15:45:00,C1.4,POINT(-88 -14),10000,2014-04-10 15:17:00,POINT(-88 -14),-88.0,-14.0,-0.24192189559966773,-0.9697046483360623,
11586,2014-04-10,2014-04-10 17:49:00,2014-04-10 18:56:00,C3.6,POINT(-88 -17),10000,2014-04-10 18:17:00,POINT(-88 -17),-88.0,-17.0,-0.29237170472273677,-0.9557222009441926,
11587,2014-04-11,2014-04-11 00:12:00,2014-04-11 00:21:00,C2.7,POINT(-87 -13),10000,2014-04-11 00:16:00,POINT(-87 -13),-87.0,-13.0,-0.224951054343865,-0.9730347244752634,
11588,2014-04-11,2014-04-11 00:39:00,2014-04-11 00:46:00,C2.6,POINT(-88 -17),10000,2014-04-11 00:44:00,POINT(-88 -17),-88.0,-17.0,-0.29237170472273677,-0.9557222009441926,
11589,2014-04-11,2014-04-11 02:46:00,2014-04-11 02:59:00,C1.7,POINT(-88 -12),10000,2014-04-11 02:49:00,POINT(-88 -12),-88.0,-12.0,-0.20791169081775934,-0.9775517396441024,
11592,2014-04-11,2014-04-11 11:17:00,2014-04-11 11:32:00,C9.4,POINT(-84 -18),10000,2014-04-11 11:24:00,POINT(-84 -18),-84.0,-18.0,-0.3090169943749474,-0.9458465291882032,
11593,2014-04-11,2014-04-11 14:14:00,2014-04-11 15:20:00,C5.3,POINT(-88 -15),10000,2014-04-11 15:01:00,POINT(-88 -15),-88.0,-15.0,-0.25881904510252074,-0.9653374103741355,
11600,2014-04-12,2014-04-12 17:01:00,2014-04-12 17:40:00,B8.3,POINT(-74 16),10000,2014-04-12 17:28:00,POINT(-74 16),-74.0,16.0,0.27563735581699916,-0.924024048078213,
11601,2014-04-12,2014-04-12 17:47:00,2014-04-12 17:54:00,B8.2,POINT(-77 17),10000,2014-04-12 17:51:00,POINT(-77 17),-77.0,17.0,0.29237170472273677,-0.9317947270221314,
11606,2014-04-13,2014-04-13 20:12:00,2014-04-13 20:22:00,C1.9,POINT(-32 -9),10000,2014-04-13 20:17:00,POINT(-32 -9),-32.0,-9.0,-0.15643446504023087,-0.5233950787398904,
11607,2014-04-13,2014-04-13 22:11:00,2014-04-13 22:28:00,C1.0,POINT(-27 -17),10000,2014-04-13 22:16:00,POINT(-27 -17),-27.0,-17.0,-0.29237170472273677,-0.4341532740629638,
11611,2014-04-14,2014-04-14 04:15:00,2014-04-14 05:00:00,C7.5,POINT(-88 -14),10000,2014-04-14 04:38:00,POINT(-88 -14),-88.0,-14.0,-0.24192189559966773,-0.9697046483360623,
11612,2014-04-14,2014-04-14 04:18:00,2014-04-14 04:48:00,C7.5,POINT(-88 -14),10000,2014-04-14 04:38:00,POINT(-88 -14),-88.0,-14.0,-0.24192189559966773,-0.9697046483360623,
11614,2014-04-14,2014-04-14 07:49:00,2014-04-14 08:00:00,C5.2,POINT(-89 -12),10000,2014-04-14 08:00:00,POINT(-89 -12),-89.0,-12.0,-0.20791169081775934,-0.9779986241164497,
11626,2014-04-14,2014-04-14 19:42:00,2014-04-14 19:50:00,C1.1,POINT(-88 -13),10000,2014-04-14 19:45:00,POINT(-88 -13),-88.0,-13.0,-0.224951054343865,-0.9737765048683662,
11643,2014-04-16,2014-04-16 02:08:00,2014-04-16 02:14:00,C2.8,POINT(-87 20),10000,2014-04-16 02:11:00,POINT(-87 20),-87.0,20.0,0.3420201433256687,-0.9384048047077379,
11644,2014-04-16,2014-04-16 03:03:00,2014-04-16 03:16:00,C4.1,POINT(-84 19),10000,2014-04-16 03:08:00,POINT(-84 19),-84.0,19.0,0.3255681544571567,-0.9403389259109426,
11670,2014-05-29,2014-05-29 08:42:00,2014-05-29 09:12:00,B3.4,POINT(-89 8),10000,2014-05-29 08:57:00,POINT(-89 8),-89.0,8.0,0.13917310096006544,-0.9901172461182299,
11696,2014-06-08,2014-06-08 08:34:00,2014-06-08 10:49:00,C1.9,POINT(-89 -16),10000,2014-06-08 10:02:00,POINT(-89 -16),-89.0,-16.0,-0.27563735581699916,-0.961115291126052,
11699,2014-06-08,2014-06-08 23:46:00,2014-06-09 00:01:00,C5.2,POINT(-89 -13),10000,2014-06-08 23:54:00,POINT(-89 -13),-89.0,-13.0,-0.224951054343865,-0.9742216635049011,
11705,2014-06-09,2014-06-09 17:03:00,2014-06-09 17:14:00,C8.8,POINT(-89 -18),10000,2014-06-09 17:08:00,POINT(-89 -18),-89.0,-18.0,-0.3090169943749474,-0.9509116657811761,
11707,2014-06-10,2014-06-10 08:17:00,2014-06-10 08:32:00,C3.9,POINT(-84 -18),10000,2014-06-10 08:25:00,POINT(-84 -18),-84.0,-18.0,-0.3090169943749474,-0.9458465291882032,
11708,2014-06-10,2014-06-10 09:17:00,2014-06-10 09:40:00,C5.1,POINT(-84 -17),10000,2014-06-10 09:31:00,POINT(-84 -17),-84.0,-17.0,-0.29237170472273677,-0.951066018450052,
11714,2014-06-11,2014-06-11 01:22:00,2014-06-11 01:30:00,C3.9,POINT(-29 17),10000,2014-06-11 01:28:00,POINT(-29 17),-29.0,17.0,0.29237170472273677,-0.46362574557820524,
11758,2014-06-14,2014-06-14 19:23:00,2014-06-14 19:34:00,M1.4,POINT(-89 -10),10000,2014-06-14 19:29:00,POINT(-89 -10),-89.0,-10.0,-0.17364817766693033,-0.9846577620214009,
11769,2014-06-15,2014-06-15 17:06:00,2014-06-15 18:11:00,C3.2,POINT(-89 -11),10000,2014-06-15 17:25:00,POINT(-89 -11),-89.0,-11.0,-0.1908089953765448,-0.9814776768730069,
11791,2014-06-18,2014-06-18 07:35:00,2014-06-18 07:58:00,C1.0,POINT(86 -21),10000,2014-06-18 07:48:00,POINT(86 -21),86.0,-21.0,-0.35836794954530027,0.9313062714998427,
11819,2014-06-23,2014-06-23 04:44:00,2014-06-23 04:55:00,B4.2,POINT(89 -6),10000,2014-06-23 04:48:00,POINT(89 -6),89.0,-6.0,-0.10452846326765347,0.9943704248665338,
11825,2014-06-24,2014-06-24 10:28:00,2014-06-24 10:42:00,B6.8,POINT(-89 9),10000,2014-06-24 10:42:00,POINT(-89 9),-89.0,9.0,0.15643446504023087,-0.9875379108768892,
11826,2014-06-24,2014-06-24 11:55:00,2014-06-24 12:11:00,B3.6,POINT(-89 9),10000,2014-06-24 12:02:00,POINT(-89 9),-89.0,9.0,0.15643446504023087,-0.9875379108768892,
11827,2014-06-24,2014-06-24 13:38:00,2014-06-24 13:47:00,B4.3,POINT(-89 7),10000,2014-06-24 13:43:00,POINT(-89 7),-89.0,7.0,0.12186934340514748,-0.9923949820549218,
11834,2014-06-25,2014-06-25 18:50:00,2014-06-25 19:08:00,B5.2,POINT(-89 -15),10000,2014-06-25 19:00:00,POINT(-89 -15),-89.0,-15.0,-0.25881904510252074,-0.9657787111071577,
11840,2014-06-26,2014-06-26 22:50:00,2014-06-27 01:08:26,C1.7,POINT(-89 13),10000,2014-06-27 00:58:00,POINT(-89 13),-89.0,13.0,0.224951054343865,-0.9742216635049011,
11843,2014-06-27,2014-06-27 21:50:00,2014-06-27 22:54:00,C1.0,POINT(-89 -10),10000,2014-06-27 22:26:00,POINT(-89 -10),-89.0,-10.0,-0.17364817766693033,-0.9846577620214009,
11845,2014-06-28,2014-06-28 01:48:00,2014-06-28 02:58:00,C1.5,POINT(-89 12),10000,2014-06-28 02:03:00,POINT(-89 12),-89.0,12.0,0.20791169081775934,-0.9779986241164497,
11846,2014-06-28,2014-06-28 01:49:00,2014-06-28 02:14:00,C1.5,POINT(-89 12),10000,2014-06-28 02:03:00,POINT(-89 12),-89.0,12.0,0.20791169081775934,-0.9779986241164497,
11847,2014-06-28,2014-06-28 06:16:00,2014-06-28 07:15:00,C3.4,POINT(-89 14),10000,2014-06-28 07:01:00,POINT(-89 14),-89.0,14.0,0.24192189559966773,-0.9701479455371518,
11848,2014-06-28,2014-06-28 07:36:00,2014-06-28 07:49:00,C3.4,POINT(-89 -12),10000,2014-06-28 07:44:00,POINT(-89 -12),-89.0,-12.0,-0.20791169081775934,-0.9779986241164497,
11849,2014-06-28,2014-06-28 12:38:00,2014-06-28 12:56:00,C1.2,POINT(-89 11),10000,2014-06-28 12:46:00,POINT(-89 11),-89.0,11.0,0.1908089953765448,-0.9814776768730069,
11850,2014-06-28,2014-06-28 15:09:00,2014-06-28 15:20:00,C1.0,POINT(-89 -11),10000,2014-06-28 15:13:00,POINT(-89 -11),-89.0,-11.0,-0.1908089953765448,-0.9814776768730069,
11851,2014-06-28,2014-06-28 15:27:00,2014-06-28 15:46:00,C1.0,POINT(-89 -12),10000,2014-06-28 15:36:00,POINT(-89 -12),-89.0,-12.0,-0.20791169081775934,-0.9779986241164497,
11852,2014-06-28,2014-06-28 19:00:00,2014-06-28 19:15:00,C1.2,POINT(-89 -14),10000,2014-06-28 19:08:00,POINT(-89 -14),-89.0,-14.0,-0.24192189559966773,-0.9701479455371518,
11853,2014-06-28,2014-06-28 19:50:00,2014-06-28 21:24:00,C4.2,POINT(-89 9),10000,2014-06-28 21:05:00,POINT(-89 9),-89.0,9.0,0.15643446504023087,-0.9875379108768892,
11854,2014-06-28,2014-06-28 23:25:00,2014-06-28 23:42:00,C3.6,POINT(-89 -10),10000,2014-06-28 23:33:00,POINT(-89 -10),-89.0,-10.0,-0.17364817766693033,-0.9846577620214009,
11855,2014-06-29,2014-06-29 00:05:00,2014-06-29 00:14:00,C1.5,POINT(-89 -9),10000,2014-06-29 00:10:00,POINT(-89 -9),-89.0,-9.0,-0.15643446504023087,-0.9875379108768892,
11856,2014-06-29,2014-06-29 04:38:00,2014-06-29 04:52:00,C1.1,POINT(-89 -11),10000,2014-06-29 04:42:00,POINT(-89 -11),-89.0,-11.0,-0.1908089953765448,-0.9814776768730069,
11857,2014-06-29,2014-06-29 05:22:00,2014-06-29 05:32:00,C1.6,POINT(-89 18),10000,2014-06-29 05:28:00,POINT(-89 18),-89.0,18.0,0.3090169943749474,-0.9509116657811761,
11864,2014-06-29,2014-06-29 17:34:00,2014-06-29 17:47:00,C1.0,POINT(-89 18),10000,2014-06-29 17:40:00,POINT(-89 18),-89.0,18.0,0.3090169943749474,-0.9509116657811761,
11877,2014-07-01,2014-07-01 08:57:00,2014-07-01 09:31:00,C2.1,POINT(-89 -11),10000,2014-07-01 09:11:00,POINT(-89 -11),-89.0,-11.0,-0.1908089953765448,-0.9814776768730069,
11887,2014-07-08,2014-07-08 02:31:00,2014-07-08 02:36:00,C1.2,POINT(-88 -19),10000,2014-07-08 02:33:00,POINT(-88 -19),-88.0,-19.0,-0.3255681544571567,-0.9449425912301187,
11898,2014-07-09,2014-07-09 18:35:00,2014-07-09 18:44:00,C5.0,POINT(-33 -41),10000,2014-07-09 18:39:00,POINT(-33 -41),-33.0,-41.0,-0.6560590289905073,-0.41104429748912674,
11905,2014-07-11,2014-07-11 07:20:00,2014-07-11 11:25:00,C2.5,POINT(14 -22),10000,2014-07-11 10:27:00,POINT(14 -22),14.0,-22.0,-0.374606593415912,0.22430607566620386,
11926,2014-07-19,2014-07-19 22:43:00,2014-07-20 00:38:00,B3.8,POINT(84 -23),10000,2014-07-19 23:42:00,POINT(84 -23),84.0,-23.0,-0.39073112848927377,0.9154622315512156,
11927,2014-07-21,2014-07-21 15:17:00,2014-07-21 15:21:00,B3.9,POINT(-89 11),10000,2014-07-21 15:21:00,POINT(-89 11),-89.0,11.0,0.1908089953765448,-0.9814776768730069,
11942,2014-07-25,2014-07-25 18:03:00,2014-07-25 19:00:00,B8.2,POINT(-88 -12),10000,2014-07-25 18:36:00,POINT(-88 -12),-88.0,-12.0,-0.20791169081775934,-0.9775517396441024,
11943,2014-07-25,2014-07-25 19:18:00,2014-07-25 19:26:00,B9.1,POINT(-88 -12),10000,2014-07-25 19:23:00,POINT(-88 -12),-88.0,-12.0,-0.20791169081775934,-0.9775517396441024,
11944,2014-07-25,2014-07-25 20:20:00,2014-07-25 20:28:00,B5.4,POINT(-88 -11),10000,2014-07-25 20:23:00,POINT(-88 -11),-88.0,-11.0,-0.1908089953765448,-0.9810292026901866,
11945,2014-07-25,2014-07-25 22:06:00,2014-07-25 22:17:00,B8.8,POINT(-87 -20),10000,2014-07-25 22:17:00,POINT(-87 -20),-87.0,-20.0,-0.3420201433256687,-0.9384048047077379,
11946,2014-07-25,2014-07-25 23:51:00,2014-07-25 23:59:00,B7.9,POINT(-88 -12),10000,2014-07-25 23:55:00,POINT(-88 -12),-88.0,-12.0,-0.20791169081775934,-0.9775517396441024,
11947,2014-07-26,2014-07-26 05:00:00,2014-07-26 05:08:00,C1.0,POINT(-88 -13),10000,2014-07-26 05:03:00,POINT(-88 -13),-88.0,-13.0,-0.224951054343865,-0.9737765048683662,
11958,2014-07-28,2014-07-28 02:56:00,2014-07-28 03:21:00,B9.2,POINT(-48 14),10000,2014-07-28 03:12:00,POINT(-48 14),-48.0,14.0,0.24192189559966773,-0.7210702481648369,
11975,2014-07-30,2014-07-30 06:20:00,2014-07-30 09:00:00,C1.5,POINT(-25 13),10000,2014-07-30 07:37:00,POINT(-25 13),-25.0,13.0,0.224951054343865,-0.41178658307170884,
12009,2014-08-04,2014-08-04 21:45:00,2014-08-04 22:14:00,C1.0,POINT(-19 -19),10000,2014-08-04 22:02:00,POINT(-19 -19),-19.0,-19.0,-0.3255681544571567,-0.3078307376628292,
12056,2014-08-14,2014-08-14 02:29:00,2014-08-14 02:36:00,B4.0,POINT(-76 15),10000,2014-08-14 02:33:00,POINT(-76 15),-76.0,15.0,0.25881904510252074,-0.9372337011478935,
12058,2014-08-14,2014-08-14 04:16:00,2014-08-14 04:23:00,B6.4,POINT(-75 15),10000,2014-08-14 04:19:00,POINT(-75 15),-75.0,15.0,0.25881904510252074,-0.9330127018922194,
12076,2014-08-15,2014-08-15 11:54:00,2014-08-15 12:08:00,C1.1,POINT(-25 12),12139,2014-08-15 12:00:00,POINT(-25 12),-25.0,12.0,0.20791169081775934,-0.4133830387479567,
12098,2014-08-19,2014-08-19 23:25:00,2014-08-19 23:33:00,C1.9,POINT(-58 6),10000,2014-08-19 23:31:00,POINT(-58 6),-58.0,6.0,0.10452846326765347,-0.8434023999529444,
12100,2014-08-20,2014-08-20 09:01:00,2014-08-20 09:14:00,C1.5,POINT(-88 11),10000,2014-08-20 09:14:00,POINT(-88 11),-88.0,11.0,0.1908089953765448,-0.9810292026901866,
12102,2014-08-20,2014-08-20 12:38:00,2014-08-20 12:56:00,C4.9,POINT(-88 11),10000,2014-08-20 12:51:00,POINT(-88 11),-88.0,11.0,0.1908089953765448,-0.9810292026901866,
12103,2014-08-20,2014-08-20 16:18:00,2014-08-20 16:27:00,C1.8,POINT(-48 6),10000,2014-08-20 16:22:00,POINT(-48 6),-48.0,6.0,0.10452846326765347,-0.7390738003669028,
12104,2014-08-20,2014-08-20 17:43:00,2014-08-20 17:56:00,C2.6,POINT(-88 10),10000,2014-08-20 17:56:00,POINT(-88 10),-88.0,10.0,0.17364817766693033,-0.9842078347376879,
12105,2014-08-20,2014-08-20 17:43:00,2014-08-20 18:08:00,C2.6,POINT(-88 10),10000,2014-08-20 17:56:00,POINT(-88 10),-88.0,10.0,0.17364817766693033,-0.9842078347376879,
12106,2014-08-20,2014-08-20 18:45:00,2014-08-20 19:25:00,C3.2,POINT(-88 10),10000,2014-08-20 19:11:00,POINT(-88 10),-88.0,10.0,0.17364817766693033,-0.9842078347376879,
12107,2014-08-20,2014-08-20 19:35:00,2014-08-20 20:12:00,C3.0,POINT(-88 11),10000,2014-08-20 19:57:00,POINT(-88 11),-88.0,11.0,0.1908089953765448,-0.9810292026901866,
12109,2014-08-20,2014-08-20 23:05:00,2014-08-20 23:21:00,B9.2,POINT(-88 11),10000,2014-08-20 23:15:00,POINT(-88 11),-88.0,11.0,0.1908089953765448,-0.9810292026901866,
12110,2014-08-20,2014-08-20 23:22:00,2014-08-20 23:38:00,C1.1,POINT(-88 11),10000,2014-08-20 23:31:00,POINT(-88 11),-88.0,11.0,0.1908089953765448,-0.9810292026901866,
12111,2014-08-21,2014-08-21 00:26:00,2014-08-21 00:46:00,C3.2,POINT(-88 11),10000,2014-08-21 00:46:00,POINT(-88 11),-88.0,11.0,0.1908089953765448,-0.9810292026901866,
12112,2014-08-21,2014-08-21 01:11:00,2014-08-21 02:01:00,C3.2,POINT(-88 10),10000,2014-08-21 01:37:00,POINT(-88 10),-88.0,10.0,0.17364817766693033,-0.9842078347376879,
12113,2014-08-21,2014-08-21 01:12:00,2014-08-21 02:00:00,C3.2,POINT(-88 10),10000,2014-08-21 01:37:00,POINT(-88 10),-88.0,10.0,0.17364817766693033,-0.9842078347376879,
12116,2014-08-21,2014-08-21 09:57:00,2014-08-21 10:36:00,C1.2,POINT(-88 11),10000,2014-08-21 10:18:00,POINT(-88 11),-88.0,11.0,0.1908089953765448,-0.9810292026901866,
12118,2014-08-21,2014-08-21 13:19:00,2014-08-21 13:31:00,M3.4,POINT(-88 11),10000,2014-08-21 13:31:00,POINT(-88 11),-88.0,11.0,0.1908089953765448,-0.9810292026901866,
12119,2014-08-21,2014-08-21 15:45:00,2014-08-21 15:55:00,C2.0,POINT(-86 9),10000,2014-08-21 15:50:00,POINT(-86 9),-86.0,9.0,0.15643446504023087,-0.9852823814384903,
12120,2014-08-21,2014-08-21 18:56:00,2014-08-21 19:04:00,C7.3,POINT(-83 9),10000,2014-08-21 19:04:00,POINT(-83 9),-83.0,9.0,0.15643446504023087,-0.9803262614787073,
12125,2014-08-22,2014-08-22 01:56:00,2014-08-22 02:05:00,C2.5,POINT(-88 -10),10000,2014-08-22 02:01:00,POINT(-88 -10),-88.0,-10.0,-0.17364817766693033,-0.9842078347376879,
12180,2014-08-28,2014-08-28 16:22:00,2014-08-28 16:24:00,B8.4,POINT(-59 -18),10000,2014-08-28 16:23:00,POINT(-59 -18),-59.0,-18.0,-0.3090169943749474,-0.8152145468878713,
12229,2014-09-02,2014-09-02 20:56:00,2014-09-02 21:04:00,C2.9,POINT(-87 -20),10000,2014-09-02 21:00:00,POINT(-87 -20),-87.0,-20.0,-0.3420201433256687,-0.9384048047077379,
12231,2014-09-03,2014-09-03 02:44:00,2014-09-03 03:00:00,C4.0,POINT(-86 -21),10000,2014-09-03 02:53:00,POINT(-86 -21),-86.0,-21.0,-0.35836794954530027,-0.9313062714998427,
12232,2014-09-03,2014-09-03 08:40:00,2014-09-03 09:20:00,C1.3,POINT(-88 -12),10000,2014-09-03 09:20:00,POINT(-88 -12),-88.0,-12.0,-0.20791169081775934,-0.9775517396441024,
12233,2014-09-03,2014-09-03 12:44:00,2014-09-03 12:55:00,C1.6,POINT(-86 -21),10000,2014-09-03 12:50:00,POINT(-86 -21),-86.0,-21.0,-0.35836794954530027,-0.9313062714998427,
12235,2014-09-03,2014-09-03 21:13:00,2014-09-03 21:24:00,C5.2,POINT(-88 -13),10000,2014-09-03 21:24:00,POINT(-88 -13),-88.0,-13.0,-0.224951054343865,-0.9737765048683662,
12237,2014-09-03,2014-09-03 23:16:00,2014-09-04 01:10:00,C1.7,POINT(-88 -11),10000,2014-09-04 00:37:00,POINT(-88 -11),-88.0,-11.0,-0.1908089953765448,-0.9810292026901866,
12239,2014-09-04,2014-09-04 06:38:00,2014-09-04 06:49:00,C1.6,POINT(-13 -82),10000,2014-09-04 06:43:00,POINT(-13 -82),-13.0,-82.0,-0.9902680687415704,-0.031307135797271894,
12281,2014-09-10,2014-09-10 10:46:00,2014-09-10 11:28:00,C1.3,POINT(-88 16),10000,2014-09-10 11:00:00,POINT(-88 16),-88.0,16.0,0.27563735581699916,-0.9606761212855751,
12284,2014-09-11,2014-09-11 03:35:00,2014-09-11 03:49:00,C4.4,POINT(-88 15),10000,2014-09-11 03:48:00,POINT(-88 15),-88.0,15.0,0.25881904510252074,-0.9653374103741355,
12285,2014-09-11,2014-09-11 03:35:00,2014-09-11 04:02:00,C4.4,POINT(-88 15),10000,2014-09-11 03:49:00,POINT(-88 15),-88.0,15.0,0.25881904510252074,-0.9653374103741355,
12286,2014-09-11,2014-09-11 06:33:00,2014-09-11 06:42:00,C1.9,POINT(-11 -82),10000,2014-09-11 06:36:00,POINT(-11 -82),-11.0,-82.0,-0.9902680687415704,-0.026555479577628535,
12288,2014-09-11,2014-09-11 14:30:00,2014-09-11 14:34:00,C2.4,POINT(-72 -8),10000,2014-09-11 14:34:00,POINT(-72 -8),-72.0,-8.0,-0.13917310096006544,-0.9418008996556876,
12289,2014-09-11,2014-09-11 15:20:00,2014-09-11 15:31:00,M2.1,POINT(-88 15),10000,2014-09-11 15:26:00,POINT(-88 15),-88.0,15.0,0.25881904510252074,-0.9653374103741355,
12290,2014-09-11,2014-09-11 15:20:00,2014-09-11 15:31:00,M2.1,POINT(-88 15),10000,2014-09-11 15:25:00,POINT(-88 15),-88.0,15.0,0.25881904510252074,-0.9653374103741355,
12292,2014-09-11,2014-09-11 21:22:00,2014-09-11 22:15:00,M1.4,POINT(-88 14),10000,2014-09-11 21:26:00,POINT(-88 14),-88.0,14.0,0.24192189559966773,-0.9697046483360623,
12298,2014-09-12,2014-09-12 16:32:00,2014-09-12 16:38:00,C1.4,POINT(-87 13),10000,2014-09-12 16:33:00,POINT(-87 13),-87.0,13.0,0.224951054343865,-0.9730347244752634,
12347,2014-09-19,2014-09-19 17:27:00,2014-09-19 18:32:00,C3.3,POINT(-84 -10),10000,2014-09-19 18:32:00,POINT(-84 -10),-84.0,-10.0,-0.17364817766693033,-0.9794128730990714,
12364,2014-09-24,2014-09-24 23:36:00,2014-09-24 23:42:00,C4.8,POINT(-88 13),10000,2014-09-24 23:42:00,POINT(-88 13),-88.0,13.0,0.224951054343865,-0.9737765048683662,
12365,2014-09-25,2014-09-25 13:47:00,2014-09-25 13:56:00,C2.5,POINT(-88 11),10000,2014-09-25 13:53:00,POINT(-88 11),-88.0,11.0,0.1908089953765448,-0.9810292026901866,
12378,2014-09-26,2014-09-26 23:06:00,2014-09-26 23:14:00,C3.5,POINT(-89 -3),10000,2014-09-26 23:10:00,POINT(-89 -3),-89.0,-3.0,-0.052335956242943835,-0.9984774386394599,
12381,2014-09-27,2014-09-27 08:32:00,2014-09-27 08:40:00,M1.0,POINT(-89 -4),10000,2014-09-27 08:37:00,POINT(-89 -4),-89.0,-4.0,-0.0697564737441253,-0.9974121164231596,
12399,2014-10-10,2014-10-10 15:45:00,2014-10-10 18:40:00,C3.1,POINT(51 -20),10000,2014-10-10 16:42:00,POINT(51 -20),51.0,-20.0,-0.3420201433256687,0.7302783252546856,
12409,2014-10-14,2014-10-14 18:21:00,2014-10-14 18:46:00,M1.1,POINT(-88 -12),10000,2014-10-14 18:37:00,POINT(-88 -12),-88.0,-12.0,-0.20791169081775934,-0.9775517396441024,
12410,2014-10-14,2014-10-14 19:00:00,2014-10-15 01:00:00,M2.3,POINT(-88 -11),10000,2014-10-14 21:18:00,POINT(-88 -11),-88.0,-11.0,-0.1908089953765448,-0.9810292026901866,
12411,2014-10-14,2014-10-14 19:07:00,2014-10-15 00:19:00,M2.2,POINT(-88 -11),10000,2014-10-14 21:21:00,POINT(-88 -11),-88.0,-11.0,-0.1908089953765448,-0.9810292026901866,
12412,2014-10-16,2014-10-16 07:31:00,2014-10-16 07:47:00,C7.7,POINT(-88 -14),10000,2014-10-16 07:37:00,POINT(-88 -14),-88.0,-14.0,-0.24192189559966773,-0.9697046483360623,
12413,2014-10-16,2014-10-16 08:35:00,2014-10-16 09:44:00,C6.4,POINT(-88 -11),10000,2014-10-16 09:23:00,POINT(-88 -11),-88.0,-11.0,-0.1908089953765448,-0.9810292026901866,
12414,2014-10-16,2014-10-16 08:35:00,2014-10-16 09:55:00,C6.4,POINT(-88 -11),10000,2014-10-16 09:16:00,POINT(-88 -11),-88.0,-11.0,-0.1908089953765448,-0.9810292026901866,
12415,2014-10-16,2014-10-16 12:58:00,2014-10-16 13:05:00,M4.3,POINT(-88 -13),10000,2014-10-16 13:03:00,POINT(-88 -13),-88.0,-13.0,-0.224951054343865,-0.9737765048683662,
12416,2014-10-16,2014-10-16 18:04:00,2014-10-16 18:17:00,C2.0,POINT(-88 -15),10000,2014-10-16 18:10:00,POINT(-88 -15),-88.0,-15.0,-0.25881904510252074,-0.9653374103741355,
12417,2014-10-16,2014-10-16 20:09:00,2014-10-16 21:24:00,C2.9,POINT(-88 -13),10000,2014-10-16 20:35:00,POINT(-88 -13),-88.0,-13.0,-0.224951054343865,-0.9737765048683662,
12418,2014-10-16,2014-10-16 23:34:00,2014-10-16 23:44:00,C2.9,POINT(-87 -16),10000,2014-10-16 23:38:00,POINT(-87 -16),-87.0,-16.0,-0.27563735581699916,-0.959944320192276,
12419,2014-10-17,2014-10-17 03:10:00,2014-10-17 03:20:00,C3.9,POINT(-87 -17),10000,2014-10-17 03:20:00,POINT(-87 -17),-87.0,-17.0,-0.29237170472273677,-0.9549941735309524,
12420,2014-10-17,2014-10-17 04:55:00,2014-10-17 05:06:00,C6.6,POINT(-88 -15),10000,2014-10-17 05:00:00,POINT(-88 -15),-88.0,-15.0,-0.25881904510252074,-0.9653374103741355,
12422,2014-10-17,2014-10-17 15:34:00,2014-10-17 15:41:00,C6.7,POINT(-75 -13),10000,2014-10-17 15:39:00,POINT(-75 -13),-75.0,-13.0,-0.224951054343865,-0.9411692099390114,
12455,2014-10-20,2014-10-20 18:43:00,2014-10-20 18:47:00,C6.2,POINT(-89 10),10000,2014-10-20 18:44:00,POINT(-89 10),-89.0,10.0,0.17364817766693033,-0.9846577620214009,
12463,2014-10-21,2014-10-21 10:46:00,2014-10-21 10:58:00,C6.3,POINT(-89 8),10000,2014-10-21 10:58:00,POINT(-89 8),-89.0,8.0,0.13917310096006544,-0.9901172461182299,
12474,2014-10-22,2014-10-22 15:51:00,2014-10-22 16:03:00,M1.4,POINT(-88 -11),10000,2014-10-22 15:57:00,POINT(-88 -11),-88.0,-11.0,-0.1908089953765448,-0.9810292026901866,
12477,2014-10-22,2014-10-22 21:02:00,2014-10-22 21:23:00,C6.5,POINT(-88 -14),10000,2014-10-22 21:16:00,POINT(-88 -14),-88.0,-14.0,-0.24192189559966773,-0.9697046483360623,
12479,2014-10-23,2014-10-23 07:02:00,2014-10-23 07:11:00,C1.8,POINT(-88 -13),10000,2014-10-23 07:05:00,POINT(-88 -13),-88.0,-13.0,-0.224951054343865,-0.9737765048683662,
12485,2014-10-23,2014-10-23 19:11:00,2014-10-23 19:18:00,C3.3,POINT(-88 -13),10000,2014-10-23 19:13:00,POINT(-88 -13),-88.0,-13.0,-0.224951054343865,-0.9737765048683662,
12527,2014-10-27,2014-10-27 09:59:00,2014-10-27 10:26:00,M6.7,POINT(-11 -84),10000,2014-10-27 10:09:00,POINT(-11 -84),-11.0,-84.0,-0.9945218953682733,-0.01994497106435502,
12533,2014-10-28,2014-10-28 03:23:00,2014-10-28 03:41:00,M6.6,POINT(-15 -84),10000,2014-10-28 03:32:00,POINT(-15 -84),-15.0,-84.0,-0.9945218953682733,-0.027053957048967982,
12557,2014-10-30,2014-10-30 13:04:00,2014-10-30 13:17:00,C6.9,POINT(-70 -4),10000,2014-10-30 13:12:00,POINT(-70 -4),-70.0,-4.0,-0.0697564737441253,-0.9374035767904597,
12558,2014-10-30,2014-10-30 15:06:00,2014-10-30 15:14:00,C2.3,POINT(-71 -5),10000,2014-10-30 15:09:00,POINT(-71 -5),-71.0,-5.0,-0.08715574274765817,-0.9419205919592987,
12560,2014-10-30,2014-10-30 17:53:00,2014-10-30 18:01:00,C3.4,POINT(-68 -5),10000,2014-10-30 17:58:00,POINT(-68 -5),-68.0,-5.0,-0.08715574274765817,-0.9236556400757017,
12565,2014-11-01,2014-11-01 04:44:00,2014-11-01 07:05:00,C2.7,POINT(-52 -22),10000,2014-11-01 05:34:00,POINT(-52 -22),-52.0,-22.0,-0.374606593415912,-0.7306308479691596,
12578,2014-11-02,2014-11-02 20:44:00,2014-11-02 21:25:00,C9.4,POINT(-89 15),10000,2014-11-02 21:05:00,POINT(-89 15),-89.0,15.0,0.25881904510252074,-0.9657787111071577,
12583,2014-11-03,2014-11-03 11:23:00,2014-11-03 11:53:00,M2.2,POINT(-89 17),10000,2014-11-03 11:53:00,POINT(-89 17),-89.0,17.0,0.29237170472273677,-0.9561591061167362,
12585,2014-11-03,2014-11-03 19:10:00,2014-11-03 19:21:00,C1.7,POINT(-89 17),10000,2014-11-03 19:16:00,POINT(-89 17),-89.0,17.0,0.29237170472273677,-0.9561591061167362,
12586,2014-11-03,2014-11-03 20:48:00,2014-11-03 21:17:00,C1.9,POINT(-89 16),10000,2014-11-03 21:00:00,POINT(-89 16),-89.0,16.0,0.27563735581699916,-0.961115291126052,
12587,2014-11-03,2014-11-03 22:15:00,2014-11-03 22:53:00,M6.5,POINT(-89 14),10000,2014-11-03 22:40:00,POINT(-89 14),-89.0,14.0,0.24192189559966773,-0.9701479455371518,
12588,2014-11-04,2014-11-04 04:09:00,2014-11-04 04:23:00,C2.1,POINT(-89 17),10000,2014-11-04 04:17:00,POINT(-89 17),-89.0,17.0,0.29237170472273677,-0.9561591061167362,
12589,2014-11-04,2014-11-04 07:07:00,2014-11-04 07:15:00,C1.5,POINT(-89 14),10000,2014-11-04 07:11:00,POINT(-89 14),-89.0,14.0,0.24192189559966773,-0.9701479455371518,
12590,2014-11-04,2014-11-04 07:59:00,2014-11-04 08:38:00,M2.6,POINT(-89 13),10000,2014-11-04 08:38:00,POINT(-89 13),-89.0,13.0,0.224951054343865,-0.9742216635049011,
12603,2014-11-06,2014-11-06 03:32:00,2014-11-06 04:02:00,M5.4,POINT(-15 -85),10000,2014-11-06 03:46:00,POINT(-15 -85),-15.0,-85.0,-0.9961946980917455,-0.022557566113149827,
12650,2014-11-13,2014-11-13 05:58:00,2014-11-13 06:13:00,C8.4,POINT(-89 -10),10000,2014-11-13 06:07:00,POINT(-89 -10),-89.0,-10.0,-0.17364817766693033,-0.9846577620214009,
12660,2014-11-15,2014-11-15 06:11:00,2014-11-15 06:18:00,C1.1,POINT(-65 -12),10000,2014-11-15 06:14:00,POINT(-65 -12),-65.0,-12.0,-0.20791169081775934,-0.8865027874162641,
12661,2014-11-15,2014-11-15 11:40:00,2014-11-15 12:10:00,M3.2,POINT(-62 -11),10000,2014-11-15 12:03:00,POINT(-62 -11),-62.0,-11.0,-0.1908089953765448,-0.8667253587100031,
12662,2014-11-15,2014-11-15 20:38:00,2014-11-15 20:50:00,M3.7,POINT(-63 -14),10000,2014-11-15 20:46:00,POINT(-63 -14),-63.0,-14.0,-0.24192189559966773,-0.8645398225040035,
12676,2014-11-18,2014-11-18 07:49:00,2014-11-18 08:23:00,C1.8,POINT(-26 -10),10000,2014-11-18 08:09:00,POINT(-26 -10),-26.0,-10.0,-0.17364817766693033,-0.4317113040547361,
12681,2014-11-18,2014-11-18 19:49:00,2014-11-18 19:54:00,C1.1,POINT(-89 -13),10000,2014-11-18 19:50:00,POINT(-89 -13),-89.0,-13.0,-0.224951054343865,-0.9742216635049011,
12686,2014-11-20,2014-11-20 06:31:00,2014-11-20 06:55:00,C7.6,POINT(-81 -13),10000,2014-11-20 06:41:00,POINT(-81 -13),-81.0,-13.0,-0.224951054343865,-0.9623739524133059,
12707,2014-11-23,2014-11-23 03:30:00,2014-11-23 04:43:00,C2.0,POINT(-82 -19),10000,2014-11-23 04:27:00,POINT(-82 -19),-82.0,-19.0,-0.3255681544571567,-0.936316853818016,
12709,2014-11-23,2014-11-23 08:51:00,2014-11-23 09:08:00,C2.1,POINT(-82 -17),10000,2014-11-23 09:00:00,POINT(-82 -17),-82.0,-17.0,-0.29237170472273677,-0.9469980638158938,
12711,2014-11-23,2014-11-23 15:37:00,2014-11-23 16:23:00,C2.4,POINT(-84 -19),10000,2014-11-23 16:14:00,POINT(-84 -19),-84.0,-19.0,-0.3255681544571567,-0.9403389259109426,
12713,2014-11-23,2014-11-23 18:37:00,2014-11-23 19:02:00,C2.3,POINT(-80 -18),10000,2014-11-23 18:46:00,POINT(-80 -18),-80.0,-18.0,-0.3090169943749474,-0.9366078308002486,
12722,2014-11-25,2014-11-25 20:42:00,2014-11-25 20:48:00,C1.7,POINT(-89 4),10000,2014-11-25 20:43:00,POINT(-89 4),-89.0,4.0,0.0697564737441253,-0.9974121164231596,
12726,2014-11-26,2014-11-26 17:59:00,2014-11-26 18:13:00,C2.6,POINT(-81 -20),10000,2014-11-26 18:04:00,POINT(-81 -20),-81.0,-20.0,-0.3420201433256687,-0.92812344529353,
12788,2014-12-04,2014-12-04 11:42:00,2014-12-04 11:50:00,C1.4,POINT(-89 -16),10000,2014-12-04 11:50:00,POINT(-89 -16),-89.0,-16.0,-0.27563735581699916,-0.961115291126052,
12789,2014-12-04,2014-12-04 11:42:00,2014-12-04 12:07:00,C1.4,POINT(-89 -16),10000,2014-12-04 11:50:00,POINT(-89 -16),-89.0,-16.0,-0.27563735581699916,-0.961115291126052,
12825,2014-12-07,2014-12-07 10:44:00,2014-12-07 10:54:00,C1.0,POINT(-89 8),10000,2014-12-07 10:48:00,POINT(-89 8),-89.0,8.0,0.13917310096006544,-0.9901172461182299,
12830,2014-12-08,2014-12-08 03:33:00,2014-12-08 03:45:00,C1.0,POINT(-89 -15),10000,2014-12-08 03:41:00,POINT(-89 -15),-89.0,-15.0,-0.25881904510252074,-0.9657787111071577,
12848,2014-12-10,2014-12-10 08:51:00,2014-12-10 09:39:00,C1.6,POINT(-89 -14),10000,2014-12-10 09:24:00,POINT(-89 -14),-89.0,-14.0,-0.24192189559966773,-0.9701479455371518,
12849,2014-12-10,2014-12-10 15:06:00,2014-12-10 15:15:00,C1.6,POINT(-89 -14),10000,2014-12-10 15:10:00,POINT(-89 -14),-89.0,-14.0,-0.24192189559966773,-0.9701479455371518,
12853,2014-12-11,2014-12-11 05:59:00,2014-12-11 06:06:00,C1.5,POINT(-89 -13),10000,2014-12-11 06:02:00,POINT(-89 -13),-89.0,-13.0,-0.224951054343865,-0.9742216635049011,
12863,2014-12-12,2014-12-12 23:03:00,2014-12-12 23:22:00,C2.5,POINT(-89 -9),10000,2014-12-12 23:13:00,POINT(-89 -9),-89.0,-9.0,-0.15643446504023087,-0.9875379108768892,
12865,2014-12-13,2014-12-13 03:13:00,2014-12-13 03:25:00,C2.7,POINT(-89 -10),10000,2014-12-13 03:18:00,POINT(-89 -10),-89.0,-10.0,-0.17364817766693033,-0.9846577620214009,
12866,2014-12-13,2014-12-13 05:13:00,2014-12-13 05:25:00,M1.5,POINT(-84 -9),10000,2014-12-13 05:20:00,POINT(-84 -9),-84.0,-9.0,-0.15643446504023087,-0.9822776805218211,
12868,2014-12-13,2014-12-13 06:56:00,2014-12-13 07:09:00,C2.2,POINT(-89 -10),10000,2014-12-13 07:03:00,POINT(-89 -10),-89.0,-10.0,-0.17364817766693033,-0.9846577620214009,
12869,2014-12-13,2014-12-13 08:38:00,2014-12-13 08:50:00,C6.0,POINT(-89 -10),10000,2014-12-13 08:46:00,POINT(-89 -10),-89.0,-10.0,-0.17364817766693033,-0.9846577620214009,
12871,2014-12-13,2014-12-13 10:49:00,2014-12-13 10:56:00,C3.8,POINT(-89 -10),10000,2014-12-13 10:53:00,POINT(-89 -10),-89.0,-10.0,-0.17364817766693033,-0.9846577620214009,
12872,2014-12-14,2014-12-14 01:24:00,2014-12-14 01:35:00,C3.4,POINT(-72 -9),10000,2014-12-14 01:29:00,POINT(-72 -9),-72.0,-9.0,-0.15643446504023087,-0.9393474323917528,
12874,2014-12-14,2014-12-14 02:01:00,2014-12-14 02:31:00,C1.9,POINT(-76 -10),10000,2014-12-14 02:05:00,POINT(-76 -10),-76.0,-10.0,-0.17364817766693033,-0.9555547539512126,
12875,2014-12-14,2014-12-14 04:17:00,2014-12-14 04:41:00,C8.6,POINT(-73 -10),10000,2014-12-14 04:33:00,POINT(-73 -10),-73.0,-10.0,-0.17364817766693033,-0.9417763379148448,
12880,2014-12-14,2014-12-14 13:31:00,2014-12-14 13:45:00,C2.3,POINT(-69 -10),10000,2014-12-14 13:37:00,POINT(-69 -10),-69.0,-10.0,-0.17364817766693033,-0.919397242074888,
12881,2014-12-14,2014-12-14 16:26:00,2014-12-14 16:40:00,C1.5,POINT(-67 -10),10000,2014-12-14 16:36:00,POINT(-67 -10),-67.0,-10.0,-0.17364817766693033,-0.9065203163653296,
12889,2014-12-15,2014-12-15 01:30:00,2014-12-15 02:45:00,C7.0,POINT(-39 -22),10000,2014-12-15 01:40:00,POINT(-39 -22),-39.0,-22.0,-0.374606593415912,-0.5834957059310663,
12891,2014-12-15,2014-12-15 02:05:00,2014-12-15 02:45:00,C3.2,POINT(-40 -19),10000,2014-12-15 02:19:00,POINT(-40 -19),-40.0,-19.0,-0.3255681544571567,-0.6077676251237062,
12892,2014-12-15,2014-12-15 12:40:00,2014-12-15 12:51:00,C1.5,POINT(-89 10),10000,2014-12-15 12:43:00,POINT(-89 10),-89.0,10.0,0.17364817766693033,-0.9846577620214009,
12903,2014-12-17,2014-12-17 01:41:00,2014-12-17 01:57:00,M1.1,POINT(-44 -88),10000,2014-12-17 01:50:00,POINT(-44 -88),-44.0,-88.0,-0.9993908270190958,-0.024243227509198547,
12937,2014-12-19,2014-12-19 17:22:00,2014-12-19 17:29:00,C2.8,POINT(-59 -4),10000,2014-12-19 17:25:00,POINT(-59 -4),-59.0,-4.0,-0.0697564737441253,-0.8550792842386798,
12969,2014-12-23,2014-12-23 00:35:00,2014-12-23 01:04:00,C2.1,POINT(-2 -15),10000,2014-12-23 00:52:00,POINT(-2 -15),-2.0,-15.0,-0.25881904510252074,-0.03371032518943586,
13012,2014-12-28,2014-12-28 22:48:00,2014-12-28 23:04:00,C1.1,POINT(-89 -5),10000,2014-12-28 22:57:00,POINT(-89 -5),-89.0,-5.0,-0.08715574274765817,-0.9960429728140489,
13013,2014-12-28,2014-12-28 22:48:00,2014-12-28 23:04:00,C1.1,POINT(-89 -5),10000,2014-12-28 22:58:00,POINT(-89 -5),-89.0,-5.0,-0.08715574274765817,-0.9960429728140489,
13066,2017-06-05,2017-06-05 07:02:00,2017-06-05 07:27:00,B8.1,POINT(73 18),12659,2017-06-05 07:15:00,POINT(73 18),73.0,18.0,0.3090169943749474,0.9094998697226915,
13067,2017-06-05,2017-06-05 07:53:00,2017-06-05 08:05:00,B5.9,POINT(74 18),12659,2017-06-05 07:59:00,POINT(74 18),74.0,18.0,0.3090169943749474,0.9142141997870687,
13068,2017-06-05,2017-06-05 09:36:00,2017-06-05 10:05:00,C1.2,POINT(76 18),12659,2017-06-05 09:55:00,POINT(76 18),76.0,18.0,0.3090169943749474,0.922806073208125,
13069,2017-06-05,2017-06-05 11:32:00,2017-06-05 11:41:00,B3.6,POINT(78 18),12659,2017-06-05 11:37:00,POINT(78 18),78.0,18.0,0.3090169943749474,0.9302736495763559,
13070,2017-06-05,2017-06-05 12:52:00,2017-06-05 13:00:00,B3.3,POINT(77 18),12659,2017-06-05 12:55:00,POINT(77 18),77.0,18.0,0.3090169943749474,0.9266809993969289,
13071,2017-06-05,2017-06-05 14:33:00,2017-06-05 14:42:00,B1.6,POINT(79 18),12659,2017-06-05 14:37:00,POINT(79 18),79.0,18.0,0.3090169943749474,0.9335829293903589,
13073,2017-06-05,2017-06-05 18:38:00,2017-06-05 18:50:00,B3.0,POINT(86 18),12659,2017-06-05 18:44:00,POINT(86 18),86.0,18.0,0.3090169943749474,0.9487397904213919,
13077,2017-06-06,2017-06-06 05:11:00,2017-06-06 05:16:00,B1.0,POINT(89 18),10000,2017-06-06 05:14:00,POINT(89 18),89.0,18.0,0.3090169943749474,0.9509116657811761,
13078,2017-06-06,2017-06-06 09:27:00,2017-06-06 09:34:00,B1.6,POINT(89 18),10000,2017-06-06 09:31:00,POINT(89 18),89.0,18.0,0.3090169943749474,0.9509116657811761,
13079,2017-06-06,2017-06-06 11:11:00,2017-06-06 11:29:00,B1.8,POINT(89 17),10000,2017-06-06 11:24:00,POINT(89 17),89.0,17.0,0.29237170472273677,0.9561591061167362,
13080,2017-06-06,2017-06-06 11:55:00,2017-06-06 12:00:00,B1.8,POINT(89 17),10000,2017-06-06 11:56:00,POINT(89 17),89.0,17.0,0.29237170472273677,0.9561591061167362,
13081,2017-06-06,2017-06-06 12:34:00,2017-06-06 12:39:00,B1.8,POINT(89 18),10000,2017-06-06 12:37:00,POINT(89 18),89.0,18.0,0.3090169943749474,0.9509116657811761,
13082,2017-06-06,2017-06-06 13:05:00,2017-06-06 13:10:00,B1.6,POINT(89 18),10000,2017-06-06 13:08:00,POINT(89 18),89.0,18.0,0.3090169943749474,0.9509116657811761,
13083,2017-06-06,2017-06-06 13:18:00,2017-06-06 13:25:00,B1.3,POINT(83 17),10000,2017-06-06 13:22:00,POINT(83 17),83.0,17.0,0.29237170472273677,0.9491766053274043,
13084,2017-06-06,2017-06-06 15:09:00,2017-06-06 15:19:00,B4.1,POINT(89 18),10000,2017-06-06 15:14:00,POINT(89 18),89.0,18.0,0.3090169943749474,0.9509116657811761,
13087,2017-06-07,2017-06-07 08:40:00,2017-06-07 08:57:00,B2.4,POINT(89 19),10000,2017-06-07 08:47:00,POINT(89 19),89.0,19.0,0.3255681544571567,0.945374568540531,
13088,2017-06-07,2017-06-07 10:03:00,2017-06-07 10:22:00,C1.2,POINT(89 20),10000,2017-06-07 10:20:00,POINT(89 20),89.0,20.0,0.3420201433256687,0.9395495010482594,
13094,2017-06-11,2017-06-11 01:07:00,2017-06-11 02:23:00,B1.5,POINT(29 10),10000,2017-06-11 01:44:00,POINT(29 10),29.0,10.0,0.17364817766693033,0.47744427275349705,
13096,2017-06-13,2017-06-13 18:45:00,2017-06-13 20:22:00,B3.8,POINT(89 4),12661,2017-06-13 19:40:00,POINT(89 4),89.0,4.0,0.0697564737441253,0.9974121164231596,
13097,2017-06-14,2017-06-14 18:59:00,2017-06-14 19:12:00,B1.9,POINT(89 8),10000,2017-06-14 19:07:00,POINT(89 8),89.0,8.0,0.13917310096006544,0.9901172461182299,
13098,2017-06-15,2017-06-15 01:57:00,2017-06-15 03:57:00,B3.9,POINT(89 9),10000,2017-06-15 03:12:00,POINT(89 9),89.0,9.0,0.15643446504023087,0.9875379108768892,
13102,2017-06-15,2017-06-15 07:30:00,2017-06-15 07:35:00,B1.8,POINT(-10 13),10000,2017-06-15 07:33:00,POINT(-10 13),-10.0,13.0,0.224951054343865,-0.16919758612316493,
13112,2017-06-19,2017-06-19 15:58:00,2017-06-19 16:09:00,B5.0,POINT(-89 17),10000,2017-06-19 16:04:00,POINT(-89 17),-89.0,17.0,0.29237170472273677,-0.9561591061167362,
13113,2017-06-19,2017-06-19 15:58:00,2017-06-19 16:09:00,B5.0,POINT(-89 16),10000,2017-06-19 16:04:00,POINT(-89 16),-89.0,16.0,0.27563735581699916,-0.961115291126052,
