date,region_number,location,longitude,area,z_class,ll,num_spots
2010-01-01,1039,S28W21,054,0130,Dai,06,08
2010-01-02,1039,S27W35,054,0120,Dso,09,06
2010-01-03,1039,S28W46,052,0190,Dso,08,12
2010-01-04,1039,S29W59,052,0220,Dso,07,10
2010-01-05,1039,S28W72,052,0150,Dso,07,05
2010-01-06,1039,S29W90,056,0090,Dro,05,03
2010-01-08,1040,N28E59,241,0080,Bxo,05,05
2010-01-09,1040,N29E47,240,0040,Bxo,03,04
2010-01-10,1040,N30E35,239,0070,Cri,10,10
2010-01-11,1040,N30E18,243,0130,Eao,15,15
2010-01-12,1040,N29E10,237,0300,Dhc,09,25
2010-01-13,1040,N28W04,238,0300,Eao,12,25
2010-01-14,1040,N28W11,236,0380,Eki,13,31
2010-01-15,1040,N28W30,238,0290,Eki,13,24
2010-01-16,1040,N29W41,236,0350,Eki,13,16
2010-01-17,1040,N29W57,239,0290,Cki,12,14
2010-01-18,1040,N30W74,242,0160,Dso,08,06
2010-01-19,1040,N26W83,238,0140,Dho,05,04
2010-01-21,1041,S25E77,052,0060,Cso,10,06
2010-01-22,1041,S24E61,055,0190,Cao,11,07
2010-01-23,1041,S25E50,052,0200,Eso,14,07
2010-01-23,1042,N22W28,130,0040,Cso,04,03
2010-01-24,1041,S24E35,054,0190,Eai,11,09
2010-01-24,1042,N22W42,131,0190,Cao,07,11
2010-01-25,1041,S24E23,053,0170,Dsi,09,07
2010-01-25,1042,N21W56,132,0160,Dai,06,05
2010-01-26,1041,S25E12,052,0050,Cai,11,11
2010-01-26,1042,N18W73,137,0050,Cro,03,03
2010-01-27,1041,S24W03,053,0060,Dso,04,07
2010-01-27,1042,N18W86,136,0090,Hsx,05,01
2010-01-28,1041,S25W16,053,0040,Cso,04,05
2010-01-29,1041,S26W32,055,0030,Hsx,02,03
2010-01-30,1041,S27W42,052,0020,Bxo,02,02
2010-01-31,1041,S27W58,055,0010,Axx,01,01
2010-01-31,1043,N27E35,322,0040,Bxo,03,04
2010-02-01,1043,N25E24,320,0060,Dso,05,04
2010-02-02,1043,N25E10,321,0070,Cso,07,06
2010-02-03,1043,N25W05,322,0050,Hsx,01,01
2010-02-04,1043,N25W18,322,0050,Hsx,06,01
2010-02-05,1043,N26W33,324,0020,Hsx,01,01
2010-02-06,1043,N24W50,328,0020,Hax,01,01
2010-02-06,1044,N18W36,314,0010,Axx,01,01
2010-02-07,1043,N25W62,327,0020,Axx,01,01
2010-02-07,1045,N24E15,250,0290,Dkc,08,09
2010-02-08,1043,N23W73,325,0010,Axx,01,01
2010-02-08,1045,N23W01,253,0320,Fkc,19,18
2010-02-08,1046,N25E65,187,0030,Bxo,04,02
2010-02-09,1045,N23W17,256,0420,Fkc,20,35
2010-02-09,1046,N24E52,186,0030,Bxo,10,04
2010-02-09,1047,S15E70,169,0010,Axx,02,02
2010-02-10,1045,N23W26,252,0300,Fkc,19,25
2010-02-10,1046,N24E42,184,0010,Bxo,11,07
2010-02-10,1047,S17E61,165,0010,Axx,01,01
2010-02-11,1045,N22W39,252,0240,Fai,17,16
2010-02-11,1046,N24E28,185,0130,Dso,10,08
2010-02-11,1047,S18E43,170,0010,Axx,01,01
2010-02-12,1045,N22W52,252,0150,Fsi,17,11
2010-02-12,1046,N23E15,185,0190,Eac,12,33
2010-02-13,1045,N19W63,251,0090,Fso,22,05
2010-02-13,1046,N24E00,185,0130,Esc,11,13
2010-02-14,1045,N24W69,242,0100,Bxo,17,04
2010-02-14,1046,N23W11,184,0130,Cso,12,13
2010-02-15,1046,N24W23,183,0070,Cao,11,06
2010-02-15,1048,N20E64,096,0010,Bxo,05,02
2010-02-16,1046,N24W36,183,0040,Cao,06,04
2010-02-16,1048,N21E50,097,0010,Bxo,05,03
2010-02-17,1046,N22W49,183,0040,Cro,03,03
2010-02-17,1048,N21E34,100,0010,Bxo,03,05
2010-02-18,1046,N22W58,179,0030,Hsx,01,03
2010-02-18,1048,N20E24,097,0010,Axx,02,04
2010-02-18,1049,S19E02,119,0040,Dso,05,12
2010-02-19,1049,S19W13,121,0060,Dao,07,07
2010-02-20,1049,S19W25,120,0060,Dsi,08,13
2010-02-21,1049,S19W38,120,0060,Dsi,08,09
2010-02-22,1049,S18W53,121,0050,Cso,10,07
2010-02-23,1049,S18W67,122,0020,Cso,05,04
2010-02-24,1049,S18W78,120,0010,Bxo,09,03
2010-02-24,1050,S18W12,054,0020,Bxo,04,08
2010-02-25,1049,S19W91,120,0010,Bxo,05,02
2010-02-25,1050,S19W27,055,0010,Bxo,05,05
2010-02-25,1051,N17E66,322,0100,Cao,09,03
2010-02-26,1050,S19W40,055,0020,Bxo,06,07
2010-02-26,1051,N16E54,321,0010,Bxo,06,03
2010-02-27,1050,S19W52,054,0030,Bxo,02,03
2010-02-27,1051,N15E41,321,0040,Cso,02,03
2010-02-28,1050,S18W64,053,0000,Axx,00,02
2010-02-28,1051,N15E27,322,0030,Cao,06,04
2010-03-01,1051,N15E12,324,0010,Hsx,01,03
2010-03-02,1051,N16W01,323,0010,Hsx,01,01
2010-03-02,1052,S18W26,348,0020,Bxo,04,03
2010-03-02,1053,S22W38,360,0020,Bxo,04,02
2010-03-03,1051,N16W14,323,0010,Hsx,01,01
2010-03-03,1052,S18W41,350,0020,Cso,05,04
2010-03-03,1053,S23W51,360,0030,Cso,05,04
2010-03-04,1051,N15W28,324,0010,Axx,02,02
2010-03-04,1052,S17W56,352,0010,Bxo,03,03
2010-03-04,1053,S22W62,358,0010,Bxo,04,04
2010-03-05,1051,N16W41,324,0010,Axx,01,01
2010-03-05,1052,S17W70,353,0040,Cro,07,05
2010-03-05,1053,S22W77,360,0040,Cro,08,04
2010-03-06,1051,N16W53,323,0010,Axx,01,01
2010-03-06,1052,S16W82,352,0010,Bxo,08,03
2010-03-06,1053,S22W89,359,0010,Axx,01,01
2010-03-11,1054,N12E56,148,0010,Bxo,03,02
2010-03-12,1054,N15E43,148,0110,Dso,06,07
2010-03-12,1055,S23W15,206,0030,Cso,03,04
2010-03-13,1054,N15E29,148,0190,Dao,07,12
2010-03-13,1055,S24W27,204,0030,Cso,03,04
2010-03-14,1054,N15E15,149,0230,Esc,11,22
2010-03-15,1054,N14E01,149,0230,Esi,13,20
2010-03-16,1054,N14W14,151,0240,Eai,14,18
2010-03-17,1054,N15W25,149,0090,Dai,09,11
2010-03-18,1054,N15W37,148,0070,Cai,07,04
2010-03-18,1056,N17E47,064,0020,Bxo,05,04
2010-03-19,1054,N16W55,153,0040,Bxo,05,03
2010-03-19,1056,N18E34,064,0050,Bxo,06,05
2010-03-20,1054,N16W71,156,0010,Hsx,01,01
2010-03-20,1056,N18E22,063,0010,Bxo,02,03
2010-03-21,1054,N16W82,154,0010,Axx,01,01
2010-03-21,1056,N18E07,065,0030,Bxo,04,04
2010-03-22,1056,N18W06,065,0070,Csi,07,15
2010-03-23,1056,N19W21,067,0050,Bxo,08,07
2010-03-24,1056,N18W34,066,0005,Bxo,07,03
2010-03-24,1057,N16E73,319,0005,Bxo,07,03
2010-03-25,1057,N16E57,322,0240,Dac,06,05
2010-03-26,1057,N15E45,321,0400,Dhc,07,04
2010-03-26,1058,N27W06,012,0001,Axx,01,01
2010-03-27,1057,N15E30,323,0320,Dki,08,06
2010-03-27,1058,N25W21,014,0005,Axx,01,01
2010-03-28,1057,N15E16,324,0380,Dhi,08,09
2010-03-28,1059,S21E73,267,0120,Hsx,02,01
2010-03-29,1057,N15E04,322,0410,Eki,11,12
2010-03-29,1059,S22E61,265,0100,Hax,02,01
2010-03-30,1057,N15W10,324,0290,Dki,10,11
2010-03-30,1059,S23E48,265,0150,Hsx,02,01
2010-03-31,1057,N15W22,322,0260,Dhi,10,10
2010-03-31,1059,S23E36,264,0130,Hax,02,02
2010-04-01,1057,N16W35,322,0250,Cko,09,02
2010-04-01,1059,S22E23,264,0070,Hax,02,01
2010-04-02,1057,N15W45,320,0190,Cao,02,03
2010-04-02,1059,S22E10,264,0050,Hsx,02,02
2010-04-03,1057,N16W59,320,0250,Hhx,04,04
2010-04-03,1059,S23W03,264,0040,Cso,02,04
2010-04-04,1057,N16W72,319,0200,Hsx,03,03
2010-04-04,1059,S22W15,262,0050,Hsx,04,04
2010-04-05,1057,N16W84,318,0090,Hsx,05,03
2010-04-05,1059,S23W28,262,0030,Hsx,03,03
2010-04-05,1060,N24E58,176,0090,Dro,04,04
2010-04-06,1059,S25W40,261,0030,Hax,03,03
2010-04-06,1060,N25E45,176,0060,Cro,05,04
2010-04-06,1061,N14W11,232,0050,Dso,04,04
2010-04-07,1059,S25W51,259,0010,Axx,02,02
2010-04-07,1060,N26E32,176,0030,Cro,07,03
2010-04-07,1061,N14W24,232,0110,Dso,06,06
2010-04-08,1060,N24E14,181,0010,Axx,01,01
2010-04-08,1061,N13W39,234,0070,Dso,07,04
2010-04-09,1060,N25E00,181,0000,Axx,01,01
2010-04-09,1061,N14W52,233,0050,Cso,05,02
2010-04-10,1061,N13W69,237,0040,Hsx,01,01
2010-04-11,1061,N13W83,238,0010,Axx,01,01
2010-04-13,1062,S18W05,134,0010,Bxo,03,04
2010-04-14,1062,S18W20,135,0020,Cro,04,04
2010-04-15,1062,S18W34,136,0010,Bxo,02,02
2010-04-29,1063,N16E14,264,0010,Bxo,02,02
2010-05-01,1064,N15E28,223,0020,Bxo,02,02
2010-05-02,1064,N16E15,223,0010,Cro,03,03
2010-05-03,1064,N15E02,223,0000,Axx,01,01
2010-05-03,1065,S32W16,241,0000,Axx,01,01
2010-05-03,1066,S27E16,209,0000,Axx,01,01
2010-05-03,1067,N23E55,170,0020,Bxo,05,04
2010-05-04,1063,N18W52,264,0010,Bxo,03,02
2010-05-04,1065,S32W29,241,0000,Axx,01,01
2010-05-04,1066,S27E05,207,0020,Cro,05,05
2010-05-04,1067,N23E38,174,0020,Cso,04,02
2010-05-04,1068,S19E76,135,0000,Axx,01,01
2010-05-05,1063,N18W66,264,0010,Bxo,03,03
2010-05-05,1066,S26W07,205,0010,Bxo,06,03
2010-05-05,1067,N23E24,174,0020,Dro,06,03
2010-05-05,1068,S19E65,133,0010,Bxo,01,02
2010-05-05,1069,N42W27,225,0050,Dai,07,09
2010-05-06,1063,N18W80,264,0010,Bxo,01,02
2010-05-06,1066,S26W22,206,0010,Axx,01,01
2010-05-06,1067,N23E13,171,0010,Bxo,05,03
2010-05-06,1068,S21E54,130,0010,Axx,01,01
2010-05-06,1069,N41W40,224,0170,Dai,09,07
2010-05-06,1070,N21W08,192,0010,Bxo,02,03
2010-05-07,1067,N23E03,168,0010,Bxo,02,02
2010-05-07,1068,S20E41,130,0010,Bxo,03,04
2010-05-07,1069,N42W51,222,0080,Esi,12,09
2010-05-08,1068,S19E28,130,0000,Axx,00,01
2010-05-08,1069,N42W67,225,0030,Cso,09,03
2010-05-09,1069,N41W78,223,0030,Cso,03,02
2010-05-09,1071,S20W42,187,0000,Axx,01,01
2010-05-22,1072,S16E14,319,0030,Bxo,04,05
2010-05-23,1072,S16E08,312,0100,Cao,06,10
2010-05-24,1072,S15W09,315,0130,Dsi,06,13
2010-05-25,1072,S15W22,315,0090,Cso,06,07
2010-05-26,1072,S15W36,316,0060,Cso,05,06
2010-05-27,1072,S23W52,319,0050,Hsx,02,01
2010-05-28,1072,S15W65,318,0040,Hsx,02,01
2010-05-29,1072,S15W79,319,0045,Hax,02,02
2010-05-30,1073,N13E35,192,0020,Bxo,04,05
2010-05-30,1074,N19W57,284,0010,Bxo,03,03
2010-05-30,1075,S20W02,229,0020,Bxo,03,05
2010-05-31,1073,N13E21,193,0020,Bxo,04,06
2010-05-31,1074,N17W72,286,0010,Axx,01,02
2010-05-31,1075,S20W16,230,0010,Bxo,03,02
2010-06-01,1073,N12E09,192,0010,Bxo,05,03
2010-06-01,1075,S19W32,233,0000,Axx,01,01
2010-06-01,1076,S19E07,194,0020,Bxo,04,05
2010-06-02,1076,S20W06,193,0020,Bxo,05,04
2010-06-03,1076,S19W22,196,0040,Dai,06,08
2010-06-04,1076,S27W28,189,0190,Dho,08,07
2010-06-05,1076,S19W49,197,0070,Dso,08,08
2010-06-06,1076,S19W61,196,0015,Bxo,07,04
2010-06-06,1077,N20W47,181,0010,Axx,01,01
2010-06-07,1076,S19W74,195,0090,Dro,05,02
2010-06-08,1076,S19W86,193,0020,Bxo,01,02
2010-06-09,1078,S22W45,140,0080,Cro,07,02
2010-06-10,1078,S21W60,141,0180,Dsi,09,06
2010-06-10,1079,S26W36,117,0010,Bxo,04,02
2010-06-11,1078,S22W73,141,0200,Dao,09,05
2010-06-11,1079,S26W55,123,0000,Axx,00,01
2010-06-11,1080,S25W39,107,0010,Bxo,04,05
2010-06-12,1078,S22W86,141,0005,Axx,01,01
2010-06-12,1080,S23W54,109,0100,Dai,06,04
2010-06-12,1081,N22W43,098,0050,Bxo,05,08
2010-06-13,1079,S24W82,123,0010,Bxo,02,02
2010-06-13,1080,S23W67,108,0050,Dro,06,04
2010-06-13,1081,N24W58,099,0080,Dro,08,10
2010-06-14,1079,S23W95,124,0010,Axx,02,04
2010-06-14,1080,S24W77,105,0010,Axx,05,04
2010-06-14,1081,N24W76,104,0090,Dao,08,08
2010-06-15,1081,N25W86,101,0010,Bxo,05,02
2010-06-18,1082,N28E33,303,0010,Bxo,05,04
2010-06-19,1082,N29E22,300,0010,Axx,04,06
2010-06-20,1082,N29E10,299,0010,Cro,05,04
2010-06-20,1083,N19W22,331,0010,Bxo,03,04
2010-06-21,1082,N27W05,305,0030,Dso,07,03
2010-06-22,1082,N27W23,307,0040,Dro,08,04
2010-06-23,1082,N26W37,307,0030,Cso,08,04
2010-06-24,1082,N26W52,308,0020,Cao,07,04
2010-06-25,1082,N27W65,308,0010,Bxo,09,03
2010-06-26,1082,N26W77,307,0000,Axx,01,02
2010-06-28,1084,S19E59,145,0090,Hsx,02,01
2010-06-29,1084,S19E46,144,0090,Hsx,02,01
2010-06-30,1084,S19E34,143,0100,Hsx,02,01
2010-06-30,1085,S23W24,201,0010,Cro,03,03
2010-07-01,1084,S19E19,145,0110,Hsx,02,01
2010-07-02,1084,S19E07,144,0110,Hsx,02,01
2010-07-03,1084,S20W06,143,0100,Hsx,02,01
2010-07-04,1084,S19W19,143,0150,Hsx,02,01
2010-07-05,1084,S19W32,143,0110,Hsx,02,01
2010-07-06,1084,S19W46,143,0100,Hsx,02,01
2010-07-06,1086,N18W53,151,0010,Bxo,02,02
2010-07-07,1084,S19W59,143,0110,Hsx,02,01
2010-07-07,1086,N18W65,150,0010,Bxo,02,02
2010-07-08,1084,S19W71,143,0100,Hsx,02,01
2010-07-08,1086,N18W78,150,0010,Hrx,01,01
2010-07-09,1084,S19W86,144,0050,Hsx,02,01
2010-07-10,1087,N18E72,332,0030,Dro,04,02
2010-07-11,1087,N19E57,334,0100,Dro,10,08
2010-07-12,1087,N19E44,334,0120,Ero,14,15
2010-07-13,1087,N21E30,335,0130,Dao,07,12
2010-07-14,1087,N21E20,332,0070,Dso,05,07
2010-07-14,1088,S21E12,340,0010,Axx,01,01
2010-07-15,1087,N20E08,331,0100,Dso,05,06
2010-07-16,1087,N19W05,330,0060,Cso,08,05
2010-07-17,1087,N20W19,331,0050,Eso,12,07
2010-07-18,1087,N23W33,332,0020,Hsx,02,03
2010-07-19,1087,N24W48,334,0010,Axx,01,02
2010-07-20,1087,N17W61,334,0010,Axx,01,01
2010-07-20,1089,S23E70,203,0130,Cso,07,04
2010-07-21,1087,N16W78,337,0010,Axx,02,03
2010-07-21,1089,S24E58,201,0150,Dao,10,09
2010-07-22,1087,N18W85,331,0010,Axx,04,02
2010-07-22,1089,S24E46,200,0310,Dsi,09,16
2010-07-23,1089,S23E33,200,0240,Dsi,09,29
2010-07-24,1089,S24E20,200,0200,Esi,11,35
2010-07-25,1089,S23E06,201,0160,Esi,11,20
2010-07-25,1090,N23E58,149,0000,Axx,01,01
2010-07-26,1089,S24W08,202,0140,Dsi,09,16
2010-07-26,1090,N23E43,151,0010,Bxo,05,03
2010-07-27,1089,S24W21,201,0100,Dsi,09,07
2010-07-27,1090,N22E29,151,0000,Axx,01,01
2010-07-27,1091,N12W73,253,0000,Axx,01,01
2010-07-28,1089,S24W35,202,0070,Dso,09,05
2010-07-29,1089,S24W48,202,0090,Eao,12,09
2010-07-29,1092,N16E76,078,0180,Cso,06,02
2010-07-30,1089,S24W62,202,0140,Cao,10,09
2010-07-30,1092,N14E63,077,0210,Cso,09,02
2010-07-31,1089,S23W73,200,0040,Bxo,08,05
2010-07-31,1092,N15E49,079,0170,Cso,07,04
2010-08-01,1092,N13E35,079,0230,Hkx,03,02
2010-08-02,1092,N13E21,079,0290,Hkx,04,03
2010-08-03,1092,N16E10,076,0280,Cho,11,07
2010-08-04,1092,N15W04,077,0190,Cho,10,03
2010-08-05,1092,N14W15,075,0180,Cso,06,04
2010-08-05,1093,N10E65,355,0100,Cao,04,03
2010-08-06,1092,N13W33,080,0200,Hsx,03,01
2010-08-06,1093,N11E58,348,0170,Cao,08,04
2010-08-06,1094,N25W58,104,0050,Cso,04,07
2010-08-06,1095,S18E46,000,0010,Bxo,01,02
2010-08-07,1092,N12W46,079,0210,Hhx,05,01
2010-08-07,1093,N12E45,348,0180,Cso,09,03
2010-08-07,1094,N26W71,104,0030,Bxo,07,03
2010-08-07,1095,S19E34,359,0010,Hax,01,02
2010-08-08,1092,N13W60,080,0130,Hsx,02,01
2010-08-08,1093,N10E30,350,0130,Hsx,02,01
2010-08-08,1094,N25W85,105,0030,Bxo,10,03
2010-08-08,1095,S18E19,001,0010,Axx,11,02
2010-08-09,1092,N13W74,081,0180,Hsx,03,01
2010-08-09,1093,N11E15,350,0140,Cso,03,02
2010-08-09,1095,S17E08,000,0010,Hrx,01,02
2010-08-09,1096,N22W05,012,0000,Axx,01,01
2010-08-10,1092,N12W87,081,0200,Hsx,03,01
2010-08-10,1093,N10E02,352,0150,Hsx,02,02
2010-08-10,1095,S18W06,360,0010,Hsx,01,02
2010-08-10,1096,N22W20,014,0020,Bxo,05,08
2010-08-11,1093,N10W12,353,0130,Hsx,03,02
2010-08-11,1095,S17W20,001,0010,Axx,01,01
2010-08-11,1096,N21W33,014,0060,Cri,07,12
2010-08-11,1097,N33E71,270,0010,Axx,01,01
2010-08-12,1093,N10W25,352,0110,Hsx,03,02
2010-08-12,1095,S17W33,360,0010,Axx,01,01
2010-08-12,1096,N21W46,013,0040,Bxo,07,07
2010-08-12,1097,N33E55,272,0010,Axx,01,01
2010-08-12,1098,N15E28,299,0030,Dro,05,05
2010-08-13,1093,N10W38,352,0250,Hkx,04,02
2010-08-13,1096,N22W55,009,0000,Axx,00,01
2010-08-13,1097,N32E44,270,0000,Axx,01,01
2010-08-13,1098,N14E14,300,0040,Cro,06,06
2010-08-14,1093,N11W51,352,0090,Hsx,02,02
2010-08-14,1098,N15E01,301,0020,Cro,05,06
2010-08-14,1099,N17W41,347,0010,Bxo,04,13
2010-08-15,1093,N11W65,353,0080,Hsx,03,03
2010-08-15,1099,N18W58,346,0070,Cro,06,08
2010-08-16,1093,N11W78,353,0040,Hsx,02,02
2010-08-16,1099,N18W73,347,0090,Cri,07,11
2010-08-17,1098,N15W41,302,0030,Cro,04,04
2010-08-17,1099,N17W84,345,0060,Bxo,06,04
2010-08-17,1100,S24E59,202,0010,Axx,01,01
2010-08-18,1098,N14W55,303,0010,Bxo,05,05
2010-08-18,1100,S23E49,199,0010,Axx,01,01
2010-08-19,1098,N14W67,302,0010,Bxo,04,02
2010-08-19,1100,S22E36,199,0010,Axx,01,01
2010-08-20,1100,S23E22,200,0000,Axx,01,01
2010-08-21,1100,S27E05,204,0000,Axx,00,01
2010-08-25,1101,N12E79,000,0030,Hrx,03,01
2010-08-26,1100,S19W64,207,0010,Axx,02,02
2010-08-26,1101,N12E61,082,0090,Hsx,02,01
2010-08-27,1100,S20W78,205,0010,Axx,02,02
2010-08-27,1101,N13E48,083,0090,Hsx,05,01
2010-08-28,1101,N12E34,084,0100,Hsx,03,01
2010-08-29,1101,N12E21,081,0130,Hsx,03,01
2010-08-30,1101,N12E07,084,0140,Hrx,02,01
2010-08-30,1102,N27W13,104,0030,Cro,03,04
2010-08-31,1101,N13W06,085,0110,Hrx,02,01
2010-08-31,1102,N28W26,103,0070,Dro,06,07
2010-09-01,1101,N12W19,083,0140,Hrx,02,01
2010-09-01,1102,N28W40,104,0080,Cro,06,06
2010-09-02,1101,N12W32,083,0150,Cso,05,02
2010-09-02,1102,N26W52,103,0100,Cao,07,05
2010-09-02,1103,N25W32,083,0010,Bxo,07,02
2010-09-02,1104,N24W27,075,0010,Bxo,00,02
2010-09-03,1101,N12W45,082,0120,Hsx,02,02
2010-09-03,1102,N27W63,100,0030,Cro,02,03
2010-09-03,1103,N25W48,085,0020,Cro,04,03
2010-09-03,1105,N19W09,049,0010,Bxo,03,04
2010-09-04,1101,N12W57,081,0130,Cso,04,03
2010-09-04,1102,N26W76,100,0010,Axx,01,01
2010-09-04,1103,N25W63,087,0010,Cro,01,02
2010-09-04,1105,N18W22,050,0030,Bxo,06,08
2010-09-05,1101,N12W70,083,0110,Hsx,02,01
2010-09-05,1103,N26W76,088,0020,Axx,02,02
2010-09-05,1105,N18W36,050,0070,Dri,08,20
2010-09-06,1101,N13W88,089,0120,Hsx,02,01
2010-09-06,1103,N25W90,087,0010,Axx,00,01
2010-09-06,1105,N19W52,048,0130,Dri,08,26
2010-09-07,1105,N19W64,049,0150,Cai,10,14
2010-09-08,1105,N19W77,053,0040,Hax,05,06
2010-09-09,1105,N19W90,049,0010,Axx,02,01
2010-09-12,1106,S18E64,215,0050,Hsx,01,01
2010-09-13,1106,S19E57,209,0080,Cso,14,05
2010-09-13,1107,N33E62,204,0010,Axx,01,01
2010-09-14,1106,S19E44,209,0100,Cso,15,07
2010-09-15,1106,S19E30,209,0110,Fao,17,14
2010-09-16,1106,S20E18,208,0090,Fao,16,10
2010-09-17,1106,S20E05,208,0110,Fso,18,21
2010-09-17,1108,S28E69,144,0290,Cko,09,05
2010-09-18,1106,S20W08,208,0080,Fsi,17,16
2010-09-18,1108,S28E59,141,0280,Eho,13,05
2010-09-19,1106,S20W21,207,0100,Fso,18,14
2010-09-19,1108,S28E49,138,0370,Eso,14,08
2010-09-20,1106,S20W34,207,0090,Fso,18,17
2010-09-20,1108,S30E36,137,0420,Fho,18,13
2010-09-21,1106,S21W53,213,0020,Bxo,06,07
2010-09-21,1108,S30E24,136,0380,Fko,18,11
2010-09-22,1106,S22W69,217,0002,Axx,01,01
2010-09-22,1108,S30E14,133,0270,Fho,16,05
2010-09-22,1109,N19E75,072,0030,Hrx,01,01
2010-09-23,1108,S30W09,142,0340,Hhx,04,02
2010-09-23,1109,N22E67,067,0200,Dko,10,04
2010-09-24,1108,S30W22,142,0260,Hkx,04,02
2010-09-24,1109,N22E54,067,0210,Dso,09,12
2010-09-25,1108,S30W34,141,0280,Hkx,04,02
2010-09-25,1109,N22E41,066,0280,Eho,13,12
2010-09-26,1108,S31W46,140,0210,Hhx,04,02
2010-09-26,1109,N22E27,067,0280,Ehi,14,18
2010-09-27,1108,S31W58,140,0220,Hsx,03,02
2010-09-27,1109,N21E14,066,0360,Esi,14,22
2010-09-27,1110,N19W05,085,0010,Axx,02,03
2010-09-28,1108,S30W72,141,0230,Hsx,04,01
2010-09-28,1109,N22E02,065,0420,Eki,13,20
2010-09-28,1110,N20W19,086,0000,Axx,01,01
2010-09-29,1108,S30W83,138,0140,Hsx,04,01
2010-09-29,1109,N22W11,065,0280,Eai,13,12
2010-09-29,1110,N20W31,085,0010,Axx,06,06
2010-09-30,1109,N22W24,065,0310,Ehi,13,13
2010-09-30,1110,N19W45,087,0050,Dso,06,07
2010-09-30,1111,N23E55,346,0010,Axx,01,01
2010-10-01,1109,N21W39,067,0240,Dhi,07,11
2010-10-01,1110,N19W60,090,0030,Bxo,06,03
2010-10-01,1111,N24E42,345,0010,Axx,01,01
2010-10-02,1109,N21W51,065,0270,Dho,09,11
2010-10-02,1110,N20W71,086,0000,Axx,01,01
2010-10-02,1111,N20E30,343,0010,Bxo,06,02
2010-10-03,1109,N21W65,066,0320,Cko,10,08
2010-10-03,1110,N21W84,085,0000,Axx,00,01
2010-10-03,1111,N24E21,340,0030,Cro,04,03
2010-10-04,1109,N20W80,068,0220,Hax,04,03
2010-10-04,1111,N24E06,341,0030,Dro,04,05
2010-10-05,1109,N21W93,069,0090,Hax,03,01
2010-10-05,1111,N24W05,341,0020,Dso,05,02
2010-10-06,1111,N22W18,341,0000,Axx,01,01
2010-10-09,1111,N24W56,339,0000,Axx,01,01
2010-10-10,1112,S18E65,204,0040,Hrx,01,02
2010-10-11,1112,S18E54,202,0050,Hrx,02,03
2010-10-12,1112,S19E40,202,0030,Hrx,01,01
2010-10-13,1112,S19E26,203,0020,Hsx,01,01
2010-10-14,1112,S17E14,202,0010,Cro,03,03
2010-10-14,1113,N17E76,141,0120,Hax,01,01
2010-10-15,1112,S18E00,202,0020,Cro,02,02
2010-10-15,1113,N17E63,141,0100,Hsx,02,01
2010-10-15,1114,S22W41,244,0000,Axx,00,01
2010-10-16,1112,S19W15,203,0070,Dro,09,07
2010-10-16,1113,N17E50,140,0130,Hsx,03,01
2010-10-16,1114,S21W55,244,0010,Bxo,02,02
2010-10-16,1115,S28E63,130,0170,Hsx,04,01
2010-10-17,1112,S18W28,205,0120,Dsi,07,16
2010-10-17,1113,N17E36,141,0130,Hsx,03,01
2010-10-17,1115,S28E50,127,0170,Hsx,04,01
2010-10-18,1112,S20W44,208,0180,Eai,12,16
2010-10-18,1113,N18E23,141,0160,Hsx,02,02
2010-10-18,1115,S28E37,127,0140,Hsx,03,01
2010-10-18,1116,N22W14,178,0020,Bxo,02,02
2010-10-19,1112,S19W58,208,0140,Eai,11,11
2010-10-19,1113,N18E10,141,0150,Cso,04,05
2010-10-19,1115,S28E25,126,0160,Hsx,02,01
2010-10-19,1116,N22W28,179,0000,Axx,01,01
2010-10-20,1112,S20W70,208,0060,Cso,11,08
2010-10-20,1113,N17W03,141,0130,Hsx,03,02
2010-10-20,1115,S29E13,125,0190,Cso,05,03
2010-10-20,1117,N25E74,063,0050,Hsx,05,01
2010-10-20,1118,N16E61,076,0000,Axx,01,01
2010-10-21,1112,S20W84,208,0010,Hsx,01,02
2010-10-21,1113,N16W17,141,0110,Cso,04,03
2010-10-21,1115,S31W01,125,0110,Cso,04,02
2010-10-21,1117,N24E60,064,0070,Hsx,02,02
2010-10-21,1118,N14E47,077,0000,Axx,01,02
2010-10-22,1113,N16W31,142,0080,Hax,02,02
2010-10-22,1115,S29W13,124,0140,Hsx,03,01
2010-10-22,1117,N23E48,063,0080,Hsx,02,01
2010-10-23,1113,N16W40,140,0090,Hsx,02,02
2010-10-23,1115,S30W22,116,0110,Hsx,02,01
2010-10-23,1117,N23E36,063,0070,Hsx,02,01
2010-10-24,1113,N16W55,140,0100,Hsx,02,02
2010-10-24,1115,S29W36,121,0140,Hsx,03,01
2010-10-24,1117,N22E28,057,0120,Cso,08,10
2010-10-25,1113,N16W69,141,0080,Hsx,02,01
2010-10-25,1115,S30W51,123,0120,Hsx,03,01
2010-10-25,1117,N22E12,060,0210,Dso,09,13
2010-10-25,1119,N22W25,097,0040,Bxo,03,02
2010-10-26,1113,N13W82,139,0100,Hsx,01,02
2010-10-26,1115,S30W64,121,0160,Hsx,02,01
2010-10-26,1117,N22W02,059,0260,Dsi,09,12
2010-10-26,1119,N23W38,095,0020,Cro,04,02
2010-10-27,1113,N17W92,136,0060,Hsx,02,01
2010-10-27,1115,S31W75,120,0120,Hsx,08,01
2010-10-27,1117,N21W15,059,0360,Ehi,11,31
2010-10-27,1119,N22W49,094,0000,Axx,01,01
2010-10-28,1115,S29W90,124,0080,Hsx,02,01
2010-10-28,1117,N22W28,059,0450,Ekc,11,21
2010-10-28,1119,N24W60,091,0010,Axx,01,01
2010-10-29,1117,N22W41,060,0520,Dkc,10,17
2010-10-30,1117,N20W55,060,0550,Dsi,09,14
2010-10-31,1117,N20W72,065,0480,Dho,10,09
2010-10-31,1120,N39E69,283,0010,Bxo,04,03
2010-11-01,1117,N22W83,060,0510,Dho,08,08
2010-11-01,1120,N40E53,286,0040,Cro,09,04
2010-11-02,1117,N22W96,063,0180,Cho,02,03
2010-11-02,1120,N39E41,285,0120,Eso,11,07
2010-11-03,1120,N38E31,283,0080,Eso,13,07
2010-11-04,1120,N39E17,281,0050,Cao,13,08
2010-11-05,1120,N38E04,282,0010,Bxo,13,07
2010-11-05,1121,S20E70,218,0010,Axx,01,07
2010-11-06,1120,N38W09,282,0010,Bxo,14,02
2010-11-06,1121,S18E58,215,0070,Cro,11,07
2010-11-07,1120,N41W13,273,0000,Axx,01,02
2010-11-07,1121,S18E48,211,0080,Eai,13,09
2010-11-07,1122,N13W02,262,0010,Cso,05,02
2010-11-08,1121,S18E36,211,0090,Esi,13,11
2010-11-08,1122,N14W18,263,0010,Cao,07,03
2010-11-09,1121,S19E20,213,0050,Ero,13,12
2010-11-09,1122,N13W31,263,0030,Dro,07,04
2010-11-10,1121,S19E07,212,0050,Eao,12,09
2010-11-10,1122,N14W43,263,0020,Bxo,04,06
2010-11-11,1121,S20W01,207,0010,Axx,03,03
2010-11-11,1122,N13W53,260,0010,Axx,02,02
2010-11-11,1123,S23E16,193,0030,Dro,06,08
2010-11-11,1124,N14E38,168,0020,Dro,03,02
2010-11-12,1125,N19E34,160,0015,Cro,02,03
2010-11-12,1123,S22E03,190,0080,Dai,05,12
2010-11-12,1124,N16E27,164,0015,Cao,07,03
2010-11-13,1123,S22W10,192,0050,Dai,06,15
2010-11-13,1124,N14E12,169,0030,Dao,04,08
2010-11-13,1125,N19E23,156,0010,Bxo,05,03
2010-11-13,1126,S28E73,108,0010,Dso,03,02
2010-11-14,1123,S23W24,191,0050,Cro,05,07
2010-11-14,1124,N14W03,171,0080,Dsi,06,11
2010-11-14,1125,N19E08,160,0030,Cro,03,03
2010-11-14,1126,S30E59,109,0020,Cro,02,02
2010-11-15,1123,S22W37,191,0010,Bxo,06,07
2010-11-15,1124,N14W17,171,0100,Dsi,08,15
2010-11-15,1125,N18W06,160,0010,Bxo,04,05
2010-11-15,1126,S30E47,108,0030,Cro,03,02
2010-11-16,1123,S22W48,189,0010,Axx,01,01
2010-11-16,1124,N14W30,170,0260,Dki,09,13
2010-11-16,1125,N18W21,162,0010,Axx,01,01
2010-11-16,1126,S31E33,108,0050,Dro,06,07
2010-11-17,1124,N13W44,172,0260,Dso,09,07
2010-11-17,1125,N20W43,159,0010,Axx,02,02
2010-11-17,1126,S32E20,107,0080,Dao,06,05
2010-11-17,1127,N25E71,055,0120,Hsx,02,01
2010-11-18,1123,S25W79,193,0000,Axx,00,01
2010-11-18,1124,N14W58,172,0220,Esi,11,09
2010-11-18,1126,S31E07,108,0090,Dai,09,10
2010-11-18,1127,N25E56,059,0090,Hsx,02,01
2010-11-19,1124,N14W71,172,0150,Eso,12,05
2010-11-19,1126,S31W07,108,0040,Dso,07,04
2010-11-19,1127,N25E43,058,0060,Hsx,01,01
2010-11-20,1124,N19W85,173,0200,Eso,13,02
2010-11-20,1126,S31W19,107,0040,Dso,07,04
2010-11-20,1127,N24E30,058,0090,Hsx,02,01
2010-11-21,1126,S32W30,105,0050,Cao,08,03
2010-11-21,1127,N24E18,057,0070,Hsx,02,01
2010-11-22,1126,S32W44,106,0020,Bxo,08,04
2010-11-22,1127,N25E05,057,0060,Hsx,02,01
2010-11-23,1126,S32W56,104,0010,Bxo,09,02
2010-11-23,1127,N25W08,056,0080,Hsx,02,01
2010-11-24,1127,N25W21,057,0060,Hsx,04,02
2010-11-25,1127,N25W34,056,0050,Hsx,02,01
2010-11-26,1127,N24W46,056,0040,Hrx,02,01
2010-11-26,1128,S16E59,310,0010,Axx,01,01
2010-11-27,1127,N23W59,059,0030,Hsx,01,01
2010-11-27,1128,S14E46,310,0010,Bxo,03,02
2010-11-28,1127,N24W71,054,0030,Hsx,02,01
2010-11-29,1129,S25W76,046,0030,Bxo,10,03
2010-11-29,1130,N13E00,330,0060,Csi,05,11
2010-11-30,1129,S26W88,044,0010,Axx,01,01
2010-11-30,1130,N13W14,331,0080,Dai,06,10
2010-12-01,1130,N12W27,330,0190,Dsi,08,14
2010-12-02,1130,N14W40,331,0250,Dai,09,15
2010-12-03,1130,N14W52,330,0240,Dri,10,11
2010-12-03,1131,N30E68,208,0240,Hsx,05,01
2010-12-04,1130,N12W67,331,0150,Cro,07,06
2010-12-04,1131,N31E53,211,0390,Hhx,04,01
2010-12-05,1130,N12W83,336,0080,Hsx,03,01
2010-12-05,1131,N30E40,211,0350,Cho,05,02
2010-12-05,1132,N11W01,251,0030,Cro,04,04
2010-12-05,1133,N14E72,180,0100,Hhx,02,01
2010-12-06,1130,N12W94,331,0040,Hsx,01,01
2010-12-06,1131,N31E28,210,0310,Hax,04,01
2010-12-06,1132,N11W15,252,0060,Bxo,06,04
2010-12-06,1133,N14E58,180,0080,Hso,02,01
2010-12-07,1131,N31E15,209,0410,Hhx,04,01
2010-12-07,1132,N10W30,251,0010,Bxo,07,02
2010-12-07,1133,N16E43,178,0160,Hsx,02,02
2010-12-08,1131,N31E03,208,0430,Cho,07,12
2010-12-08,1133,N15E31,181,0200,Hsx,02,02
2010-12-09,1131,N31W10,209,0330,Hax,04,01
2010-12-09,1133,N14E18,179,0120,Hrx,03,01
2010-12-10,1131,N32W23,208,0310,Hhx,05,01
2010-12-10,1133,N15E05,178,0090,Hsx,02,01
2010-12-11,1131,N31W35,207,0320,Hhx,04,01
2010-12-11,1132,N11W83,255,0000,Axx,00,01
2010-12-11,1133,N15W09,181,0090,Hsx,02,01
2010-12-12,1131,N31W47,205,0300,Cho,05,02
2010-12-12,1133,N15W22,180,0110,Cso,03,03
2010-12-13,1131,N31W58,204,0290,Dho,05,02
2010-12-13,1133,N14W33,179,0090,Hsx,02,01
2010-12-14,1131,N30W72,204,0270,Hhx,04,01
2010-12-14,1133,N14W48,179,0080,Hsx,02,01
2010-12-14,1134,N18W33,164,0020,Cao,03,03
2010-12-14,1135,N18E56,075,0000,Axx,00,01
2010-12-15,1131,N32W85,203,0240,Hsx,05,01
2010-12-15,1133,N15W61,179,0080,Hsx,02,01
2010-12-15,1134,N18W46,162,0000,Axx,00,01
2010-12-16,1133,N13W74,180,0050,Hsx,01,01
2010-12-17,1133,N16W94,186,0060,Hsx,01,01
2010-12-17,1135,N19E17,076,0020,Bxo,03,02
2010-12-18,1135,N19E02,078,0000,Axx,01,01
2010-12-26,1136,S22W57,030,0010,Bxo,04,03
2010-12-26,1137,N18E23,311,0020,Cro,05,05
2010-12-27,1136,S22W71,031,0010,Bxo,04,02
2010-12-27,1137,N18E10,310,0010,Bxo,05,06
2010-12-28,1138,N13W12,320,0050,Dao,05,04
2010-12-29,1138,N13W26,320,0060,Dai,07,09
2010-12-30,1138,N13W39,321,0040,Dro,06,04
2010-12-30,1139,S26E48,233,0010,Bxo,02,02
2010-12-31,1138,N12W55,323,0020,Hrx,02,03
2010-12-31,1139,S26E33,235,0000,Axx,00,01
2011-01-01,1138,N12W70,324,0010,Bxo,02,02
2011-01-01,1140,N32E67,188,0180,Hsx,03,01
2011-01-02,1138,N17W82,323,0010,Axx,05,02
2011-01-02,1139,S30E03,239,0000,Axx,01,01
2011-01-02,1140,N32E52,190,0200,Hsx,04,01
2011-01-02,1141,N35W25,267,0100,Dso,07,06
2011-01-02,1142,S14E33,208,0040,Dso,06,05
2011-01-03,1140,N32E40,189,0160,Hsx,03,01
2011-01-03,1141,N34W39,268,0010,Bxo,10,04
2011-01-03,1142,S12E21,207,0090,Dso,08,03
2011-01-04,1140,N32E25,190,0180,Hsx,02,01
2011-01-04,1141,N35W50,265,0020,Bxo,11,07
2011-01-04,1142,S13E07,208,0120,Dsi,10,13
2011-01-05,1140,N34E14,189,0210,Hsx,04,01
2011-01-05,1141,N35W64,267,0060,Eao,13,06
2011-01-05,1142,S12W05,208,0090,Dsi,08,17
2011-01-06,1140,N34E01,188,0190,Cso,06,03
2011-01-06,1141,N34W76,266,0020,Bxo,12,03
2011-01-06,1142,S13W18,208,0040,Cao,08,14
2011-01-07,1140,N33W11,188,0180,Hsx,03,01
2011-01-07,1142,S14W32,208,0050,Cso,08,07
2011-01-08,1139,S27W74,236,0010,Axx,01,03
2011-01-08,1140,N33W24,187,0140,Cso,02,03
2011-01-08,1142,S14W45,208,0000,Axx,01,02
2011-01-08,1143,S22E16,147,0020,Dso,04,04
2011-01-09,1139,S29W87,236,0000,Axx,01,01
2011-01-09,1140,N33W36,186,0160,Cso,02,04
2011-01-09,1142,S15W56,205,0010,Bxo,02,03
2011-01-09,1143,S23E02,146,0010,Bxo,06,04
2011-01-10,1140,N32W49,185,0130,Hsx,02,01
2011-01-10,1142,S17W75,212,0010,Bxo,06,04
2011-01-10,1144,S16W36,173,0000,Axx,02,01
2011-01-10,1145,N15E39,097,0010,Bxo,04,04
2011-01-11,1140,N32W61,184,0130,Hsx,04,01
2011-01-11,1145,N16E27,098,0010,Bxo,05,03
2011-01-11,1146,N23E46,077,0000,Axx,01,01
2011-01-12,1140,N33W74,185,0120,Cso,05,03
2011-01-12,1146,N23E33,076,0010,Bxo,02,03
2011-01-13,1140,N32W87,183,0070,Hsx,03,01
2011-01-13,1146,N24E19,078,0010,Bxo,02,02
2011-01-14,1146,N23E06,076,0010,Bxo,03,04
2011-01-15,1145,N16W25,100,0000,Axx,01,01
2011-01-16,1147,N24E80,344,0120,Hrx,01,01
2011-01-17,1147,N27E65,339,0120,Dso,06,05
2011-01-18,1147,N25E52,339,0150,Cso,11,12
2011-01-18,1148,S28W32,065,0010,Bxo,05,04
2011-01-19,1147,N26E37,340,0160,Cso,13,12
2011-01-19,1148,S28W46,063,0030,Cro,04,02
2011-01-20,1147,N25E22,343,0130,Cso,09,07
2011-01-20,1148,S28W57,062,0010,Axx,01,01
2011-01-21,1147,N24E09,342,0170,Cso,09,09
2011-01-21,1148,S28W72,063,0020,Bxo,02,03
2011-01-22,1147,N24W07,345,0090,Hsx,05,02
2011-01-22,1149,N18W05,343,0070,Dri,07,20
2011-01-23,1147,N24W22,347,0090,Hsx,02,01
2011-01-23,1149,N18W19,344,0150,Dsi,08,15
2011-01-24,1147,N24W36,348,0080,Hsx,02,01
2011-01-24,1149,N17W32,344,0160,Dsi,10,18
2011-01-25,1147,N24W49,347,0110,Hsx,02,01
2011-01-25,1149,N16W45,344,0160,Dsi,09,07
2011-01-26,1147,N24W65,351,0100,Hsx,01,01
2011-01-26,1149,N17W62,347,0130,Dso,09,06
2011-01-27,1147,N24W77,349,0150,Hsx,02,01
2011-01-27,1149,N17W77,349,0250,Dso,04,04
2011-01-29,1150,S22E62,184,0010,Bxo,03,05
2011-01-29,1151,N09W60,306,0020,Cro,02,02
2011-01-30,1150,S22E50,182,0020,Bxo,06,06
2011-01-30,1151,N11W71,303,0005,Axx,01,01
2011-01-31,1150,S21E37,182,0050,Dao,08,12
2011-02-01,1150,S20E24,183,0070,Dao,07,11
2011-02-02,1150,S22E11,183,0080,Dsi,08,12
2011-02-03,1150,S20W02,182,0080,Dso,10,12
2011-02-04,1150,S22W13,178,0010,Bxo,11,06
2011-02-04,1152,S18E11,157,0010,Bxo,05,06
2011-02-05,1150,S20W30,187,0030,Cro,03,05
2011-02-05,1152,S18W01,155,0030,Cro,05,06
2011-02-05,1153,N15W18,172,0030,Cro,05,04
2011-02-06,1152,S18W14,154,0015,Bxo,04,03
2011-02-06,1153,N15W31,172,0010,Bxo,04,03
2011-02-07,1150,S22W51,178,0000,Axx,01,01
2011-02-07,1152,S20W26,154,0015,Bxo,02,05
2011-02-07,1153,N16W42,168,0015,Bxo,08,05
2011-02-08,1150,S23W63,178,0000,Axx,00,01
2011-02-08,1153,N15W56,171,0030,Dro,05,07
2011-02-09,1153,N15W71,171,0080,Dko,05,08
2011-02-09,1154,N08W51,152,0010,Hrx,01,01
2011-02-09,1155,N17E26,075,0010,Cro,02,03
2011-02-09,1156,S19E43,063,0010,Cro,04,06
2011-02-09,1157,N22E36,064,0010,Cro,01,03
2011-02-10,1153,N15W88,175,0180,Dso,09,06
2011-02-10,1156,S14E23,064,0020,Cro,05,11
2011-02-10,1157,N22E22,069,0020,Cso,05,07
2011-02-11,1156,S14E09,066,0020,Dro,05,11
2011-02-11,1157,N22E08,067,0020,Cro,05,07
2011-02-12,1156,S21W06,068,0040,Cro,07,05
2011-02-12,1157,N18W04,065,0010,Bxo,05,02
2011-02-12,1158,S19E25,036,0040,Cro,05,05
2011-02-12,1159,N18E26,035,0010,Axx,01,02
2011-02-13,1156,S21W22,070,0010,Bxo,04,02
2011-02-13,1157,N18W18,067,0030,Cro,04,05
2011-02-13,1158,S19E11,038,0040,Dsi,09,12
2011-02-13,1159,N19E09,039,0010,Bxo,02,04
2011-02-14,1156,S21W35,071,0000,Axx,02,03
2011-02-14,1157,N18W30,065,0040,Dso,04,07
2011-02-14,1158,S20W03,034,0120,Eac,10,31
2011-02-14,1159,N19W01,034,0020,Cso,05,03
2011-02-15,1157,N19W43,065,0040,Dso,08,09
2011-02-15,1158,S21W14,036,0450,Ekc,12,36
2011-02-15,1159,N19W14,034,0010,Bxo,06,02
2011-02-15,1161,N11E52,330,0030,Bxo,05,03
2011-02-16,1157,N19W57,067,0050,Dao,08,09
2011-02-16,1158,S21W27,036,0600,Ekc,12,36
2011-02-16,1159,N19W28,038,0005,Axx,06,02
2011-02-16,1161,N11E38,331,0130,Dai,08,13
2011-02-17,1157,N19W70,066,0010,Bxo,08,02
2011-02-17,1158,S21W39,033,0620,Ekc,13,19
2011-02-17,1161,N13E25,330,0120,Dhi,09,09
2011-02-18,1158,S19W52,034,0290,Eac,13,17
2011-02-18,1161,N12E13,329,0140,Eac,12,14
2011-02-19,1158,S19W64,034,0310,Ehc,12,25
2011-02-19,1161,N12W02,331,0200,Eai,12,28
2011-02-19,1162,N18W06,336,0260,Dai,07,18
2011-02-20,1158,S19W78,035,0280,Dkc,12,10
2011-02-20,1161,N11W15,332,0250,Ekc,15,19
2011-02-20,1162,N18W19,336,0150,Dai,08,20
2011-02-21,1158,S21W88,031,0200,Dsi,10,10
2011-02-21,1161,N11W28,331,0260,Ekc,15,39
2011-02-21,1162,N18W32,335,0160,Dsi,09,24
2011-02-22,1161,N11W42,331,0220,Ekc,13,25
2011-02-22,1162,N17W46,336,0120,Dao,07,15
2011-02-23,1161,N11W56,333,0250,Eao,10,11
2011-02-23,1162,N17W59,336,0100,Dso,04,03
2011-02-24,1161,N11W69,336,0130,Dso,09,04
2011-02-24,1162,N17W73,339,0070,Cso,03,03
2011-02-25,1161,N11W87,334,0060,Hax,09,01
2011-02-25,1163,N18E72,176,0200,Cro,01,02
2011-02-26,1163,N17E60,177,0120,Dai,08,10
2011-02-26,1164,N28E76,162,0250,Hkx,04,01
2011-02-27,1163,N18E46,178,0110,Dai,06,09
2011-02-27,1164,N28E60,164,0200,Dao,10,07
2011-02-27,1165,S22E43,181,0020,Bxo,04,03
2011-02-28,1163,N18E32,179,0010,Axx,01,01
2011-02-28,1164,N27E46,165,0170,Eso,14,12
2011-02-28,1165,S21E29,181,0010,Axx,01,01
2011-03-01,1163,N18E19,178,0010,Axx,01,01
2011-03-01,1164,N26E33,164,0350,Ehc,12,19
2011-03-01,1165,S21E14,183,0020,Bxo,03,04
2011-03-02,1163,N17E05,179,0010,Bxo,03,02
2011-03-02,1164,N25E20,165,0550,Ekc,14,31
2011-03-02,1165,S22E03,182,0060,Cso,05,09
2011-03-03,1164,N25E08,165,0400,Ekc,15,41
2011-03-03,1165,S22W09,180,0030,Bxo,05,11
2011-03-03,1166,N10E77,095,0010,Hrx,01,01
2011-03-04,1164,N25W06,164,0470,Ekc,14,21
2011-03-04,1165,S19W26,184,0010,Bxo,06,05
2011-03-04,1166,N09E65,093,0140,Dso,06,03
2011-03-04,1167,N14E31,126,0010,Bxo,02,02
2011-03-05,1164,N25W19,164,0570,Ekc,14,27
2011-03-05,1165,S19W40,186,0020,Bxo,04,06
2011-03-05,1166,N09E55,090,0490,Eac,11,15
2011-03-05,1167,N15E20,125,0020,Bxo,07,05
2011-03-05,1168,N24W73,218,0000,Axx,01,01
2011-03-06,1164,N24W34,165,0770,Fkc,17,28
2011-03-06,1165,S21W52,183,0160,Bxo,10,14
2011-03-06,1166,N10E41,090,0610,Eki,12,16
2011-03-06,1167,N14E05,126,0020,Bxo,05,04
2011-03-06,1168,N23W84,215,0030,Hax,01,02
2011-03-07,1164,N24W46,165,0640,Ekc,12,25
2011-03-07,1165,S20W68,186,0200,Eao,11,21
2011-03-07,1166,N11E27,091,0360,Ekc,11,16
2011-03-07,1167,N09W09,127,0020,Bxo,04,02
2011-03-07,1169,N21E56,062,0030,Bxo,04,04
2011-03-08,1164,N24W59,164,0760,Ekc,13,20
2011-03-08,1165,S20W78,184,0420,Fko,16,18
2011-03-08,1166,N11E12,093,0410,Ekc,15,25
2011-03-08,1167,N15W18,124,0010,Bxo,03,02
2011-03-08,1169,N20E44,061,0050,Dsi,05,07
2011-03-09,1164,N23W71,163,0580,Ekc,11,23
2011-03-09,1165,S18W92,184,0200,Eki,11,05
2011-03-09,1166,N11W01,093,0550,Fkc,16,35
2011-03-09,1167,N13W36,128,0010,Axx,01,01
2011-03-09,1169,N19E31,061,0170,Dso,08,11
2011-03-09,1170,S26W68,160,0030,Bxo,03,02
2011-03-10,1164,N23W84,164,0350,Dai,10,09
2011-03-10,1166,N09W12,092,0630,Ekc,13,55
2011-03-10,1169,N20E18,061,0220,Esc,10,22
2011-03-10,1170,S25W80,160,0050,Bxo,05,06
2011-03-11,1166,N09W26,092,0750,Ekc,13,25
2011-03-11,1167,N12W66,131,0010,Bxo,03,02
2011-03-11,1169,N20E04,062,0160,Eai,12,15
2011-03-11,1170,S25W94,161,0020,Hrx,02,06
2011-03-12,1166,N09W39,092,0690,Ekc,13,47
2011-03-12,1169,N20W09,062,0250,Eki,13,26
2011-03-12,1172,N11E72,340,0010,Bxo,03,02
2011-03-13,1166,N09W52,091,0770,Ekc,13,29
2011-03-13,1169,N19W22,061,0260,Ekc,13,17
2011-03-13,1172,N12E58,345,0020,Bxo,04,02
2011-03-14,1166,N10W65,092,0640,Ekc,11,14
2011-03-14,1169,N20W34,060,0290,Cro,13,17
2011-03-14,1172,N12E44,342,0020,Bxo,07,03
2011-03-15,1166,N09W78,091,0450,Dao,10,09
2011-03-15,1169,N18W47,060,0360,Dao,09,08
2011-03-15,1172,N14E30,343,0010,Bxo,08,04
2011-03-16,1166,N12W91,092,0150,Dai,09,05
2011-03-16,1169,N17W60,060,0340,Dhc,09,10
2011-03-16,1172,N10E17,345,0010,Bxo,09,02
2011-03-17,1169,N17W75,062,0260,Dhi,09,09
2011-03-17,1172,N11E02,345,0000,Axx,01,01
2011-03-17,1173,S28E39,308,0040,Cao,06,10
2011-03-18,1169,N18W89,063,0100,Hsx,03,02
2011-03-18,1173,S29E26,308,0060,Cao,08,11
2011-03-18,1174,N22W36,010,0010,Bxo,03,02
2011-03-19,1173,S29E14,307,0030,Cro,07,09
2011-03-19,1175,N13W09,330,0020,Cro,05,06
2011-03-20,1173,S30E01,307,0020,Bxo,06,06
2011-03-20,1174,N23W63,011,0000,Axx,01,01
2011-03-20,1175,N14W22,330,0060,Cso,06,11
2011-03-21,1173,S29W13,307,0020,Bxo,04,05
2011-03-21,1174,N23W76,011,0000,Axx,01,01
2011-03-21,1175,N14W36,330,0130,Csi,08,11
2011-03-22,1175,N12W50,331,0140,Dso,07,13
2011-03-22,1176,S13E81,200,0180,Hsx,02,01
2011-03-23,1175,N11W65,333,0130,Dso,09,08
2011-03-23,1176,S14E69,198,0340,Dho,10,03
2011-03-24,1175,N11W76,331,0080,Cso,08,03
2011-03-24,1176,S15E58,196,0490,Eko,11,12
2011-03-24,1177,N21E51,204,0010,Axx,01,01
2011-03-25,1176,S16E44,198,0380,Eki,15,25
2011-03-25,1177,N21E37,205,0010,Bxo,01,03
2011-03-25,1178,S13E68,174,0000,Axx,01,01
2011-03-25,1179,N09W32,274,0010,Bxo,02,04
2011-03-26,1176,S16E30,198,0440,Ehi,13,28
2011-03-26,1177,N21E24,204,0040,Cao,04,06
2011-03-26,1178,S15E55,173,0050,Cao,04,04
2011-03-26,1179,N09W46,274,0020,Bxo,04,04
2011-03-26,1180,N26E66,162,0030,Hsx,02,01
2011-03-26,1181,S25E69,159,0010,Hsx,02,01
2011-03-27,1176,S16E16,199,0420,Fki,16,28
2011-03-27,1177,N20E11,204,0030,Cro,04,05
2011-03-27,1178,S15E43,172,0130,Dai,06,07
2011-03-27,1179,N08W61,276,0010,Bxo,02,02
2011-03-27,1180,N25E53,162,0070,Hsx,02,01
2011-03-27,1181,S25E55,159,0010,Axx,01,01
2011-03-28,1176,S15E02,200,0400,Eki,15,27
2011-03-28,1177,N19W02,204,0030,Cro,04,05
2011-03-28,1178,S15E32,170,0060,Dao,05,08
2011-03-28,1179,N09W74,276,0000,Axx,01,01
2011-03-28,1180,N24E40,162,0050,Hsx,02,01
2011-03-28,1181,S26E45,157,0020,Hsx,02,01
2011-03-28,1182,N13E01,201,0000,Axx,01,01
2011-03-28,1183,N15E62,140,0150,Eai,13,08
2011-03-29,1176,S17W11,200,0250,Fki,17,22
2011-03-29,1177,N19W17,206,0010,Bxo,02,04
2011-03-29,1178,S15E17,172,0040,Dao,05,04
2011-03-29,1180,N24E26,163,0030,Hsx,01,01
2011-03-29,1181,S26E31,158,0010,Hrx,02,01
2011-03-29,1183,N15E54,135,0250,Eac,12,11
2011-03-30,1176,S16W24,199,0210,Fsi,20,21
2011-03-30,1177,N19W30,205,0010,Bxo,03,04
2011-03-30,1178,S16E04,171,0010,Bxo,06,06
2011-03-30,1180,N24E12,162,0020,Hrx,01,01
2011-03-30,1181,S25E18,157,0010,Axx,02,02
2011-03-30,1183,N15E39,136,0210,Eac,12,14
2011-03-31,1176,S17W37,200,0220,Fso,19,15
2011-03-31,1178,S17W10,172,0010,Bxo,08,04
2011-03-31,1180,N23W01,163,0030,Hsx,01,01
2011-03-31,1181,S26E06,157,0010,Axx,01,01
2011-03-31,1183,N15E27,135,0330,Eai,14,20
2011-04-01,1176,S16W51,201,0140,Fso,19,10
2011-04-01,1178,S17W22,171,0000,Axx,00,01
2011-04-01,1180,N24W13,162,0010,Hrx,01,01
2011-04-01,1181,S27W08,157,0010,Hrx,00,01
2011-04-01,1183,N15E14,135,0140,Eso,12,13
2011-04-02,1176,S15W65,201,0100,Fso,16,04
2011-04-02,1180,N25W25,161,0010,Hrx,00,01
2011-04-02,1183,N17E01,135,0220,Esi,12,16
2011-04-02,1184,N15E29,107,0000,Axx,00,01
2011-04-03,1176,S17W79,200,0100,Fso,17,03
2011-04-03,1180,N24W38,160,0020,Hsx,01,01
2011-04-03,1183,N15W12,134,0130,Eso,12,18
2011-04-03,1184,N15E15,108,0030,Bxo,03,04
2011-04-04,1176,S18W90,200,0040,Hsx,02,01
2011-04-04,1180,N25W50,160,0030,Hsx,01,01
2011-04-04,1183,N17W25,135,0150,Eso,13,13
2011-04-04,1184,N18E01,109,0070,Dso,06,15
2011-04-05,1180,N24W63,160,0020,Hsx,02,01
2011-04-05,1181,S27W50,147,0010,Axx,02,02
2011-04-05,1183,N15W41,138,0090,Cso,06,07
2011-04-05,1184,N17W13,110,0170,Dso,09,22
2011-04-05,1185,N23E62,035,0050,Hsx,03,01
2011-04-06,1181,S27W64,148,0010,Axx,01,02
2011-04-06,1183,N14W54,140,0020,Cro,03,02
2011-04-06,1184,N15W26,109,0170,Dso,09,11
2011-04-06,1185,N23E50,033,0100,Cso,07,05
2011-04-07,1183,N15W71,140,0040,Hsx,02,01
2011-04-07,1184,N16W41,110,0110,Dso,10,09
2011-04-07,1185,N22E38,033,0070,Cso,05,05
2011-04-07,1186,N22E58,013,0010,Axx,01,01
2011-04-08,1183,N14W83,140,0010,Axx,01,01
2011-04-08,1184,N16W57,113,0160,Dso,10,07
2011-04-08,1185,N24E24,033,0050,Cso,06,06
2011-04-08,1186,N22E44,013,0060,Cso,14,08
2011-04-08,1187,S19E62,354,0010,Axx,00,01
2011-04-09,1184,N15W68,113,0170,Hsx,06,02
2011-04-09,1185,N20E14,029,0020,Cso,08,14
2011-04-09,1186,N22E37,012,0050,Dso,08,08
2011-04-09,1187,S18E50,353,0030,Cso,04,04
2011-04-09,1188,S25W06,050,0020,Cro,03,03
2011-04-09,1189,N23E11,033,0040,Dso,07,06
2011-04-10,1184,N14W85,115,0080,Hsx,03,01
2011-04-10,1185,N18E15,026,0030,Cso,07,09
2011-04-10,1186,N23E18,012,0040,Cro,07,05
2011-04-10,1187,S18E38,352,0040,Cso,04,04
2011-04-10,1188,S24W20,051,0010,Bxo,03,02
2011-04-10,1189,N23W02,032,0030,Cso,05,03
2011-04-11,1185,N17W08,025,0060,Dsi,07,15
2011-04-11,1186,N23E06,011,0070,Dso,10,08
2011-04-11,1187,S18E23,354,0020,Bxo,02,03
2011-04-12,1185,N17W21,026,0060,Dri,07,17
2011-04-12,1186,N23W07,011,0070,Dso,10,12
2011-04-12,1187,S19E11,353,0020,Bxo,04,05
2011-04-12,1190,N12E25,339,0040,Cri,03,06
2011-04-13,1185,N16W34,025,0040,Cso,09,10
2011-04-13,1186,N22W20,009,0090,Csi,11,16
2011-04-13,1187,S20W01,352,0020,Bxo,06,05
2011-04-13,1190,N15E12,339,0110,Dai,09,20
2011-04-13,1191,N09E71,280,0060,Hsx,02,01
2011-04-13,1192,N11W01,352,0020,Bxo,03,02
2011-04-14,1185,N16W48,026,0030,Cao,04,10
2011-04-14,1186,N22W33,010,0070,Csi,14,15
2011-04-14,1187,S22W15,352,0010,Bxo,03,02
2011-04-14,1189,N21W59,036,0010,Axx,02,02
2011-04-14,1190,N12W00,338,0150,Eac,11,34
2011-04-14,1191,N08E56,281,0140,Hsx,02,01
2011-04-14,1192,N10W15,352,0020,Bxo,04,03
2011-04-14,1193,N17E71,266,0220,Dao,09,06
2011-04-15,1185,N16W65,030,0020,Hrx,01,02
2011-04-15,1186,N21W49,013,0020,Hrx,06,06
2011-04-15,1190,N13W14,338,0240,Eki,12,37
2011-04-15,1191,N08E45,278,0100,Cao,09,03
2011-04-15,1192,N10W28,352,0010,Bxo,03,02
2011-04-15,1193,N16E58,266,0260,Dao,10,09
2011-04-15,1194,S32W42,007,0010,Bxo,03,02
2011-04-16,1185,N14W79,030,0010,Axx,01,01
2011-04-16,1186,N21W65,016,0030,Hrx,01,01
2011-04-16,1190,N13W26,338,0430,Ehc,11,32
2011-04-16,1191,N08E31,280,0100,Hax,07,02
2011-04-16,1192,N10W44,355,0010,Axx,00,01
2011-04-16,1193,N17E44,267,0340,Eko,12,14
2011-04-16,1194,S31W56,007,0010,Axx,02,03
2011-04-17,1190,N14W40,338,0440,Eki,13,24
2011-04-17,1191,N08E15,283,0090,Hax,02,01
2011-04-17,1192,N10W59,357,0010,Axx,01,01
2011-04-17,1193,N16E32,265,0360,Eki,13,19
2011-04-17,1194,S31W70,008,0010,Axx,01,02
2011-04-18,1190,N14W53,337,0310,Dko,08,11
2011-04-18,1191,N08E07,278,0070,Cso,09,05
2011-04-18,1193,N16E19,266,0430,Eai,12,21
2011-04-19,1190,N13W68,339,0260,Dko,05,08
2011-04-19,1191,N08W07,279,0070,Cso,09,07
2011-04-19,1193,N17E05,266,0350,Esc,13,22
2011-04-20,1190,N12W82,339,0260,Dko,05,04
2011-04-20,1191,N08W24,280,0050,Cso,07,05
2011-04-20,1193,N17W08,265,0350,Eki,14,26
2011-04-20,1195,S16E68,189,0020,Dao,01,01
2011-04-21,1190,N14W94,339,0060,Cao,02,02
2011-04-21,1191,N07W39,284,0015,Hrx,02,01
2011-04-21,1193,N16W20,265,0300,Ehi,13,26
2011-04-21,1195,S17E55,189,0100,Dai,06,07
2011-04-21,1196,S27E69,175,0080,Dao,10,04
2011-04-22,1191,N08W52,283,0010,Hrx,01,01
2011-04-22,1193,N16W32,264,0300,Ehi,13,20
2011-04-22,1195,S17E43,189,0240,Dai,09,10
2011-04-22,1196,S26E63,169,0040,Cso,08,04
2011-04-22,1197,S16E57,175,0010,Axx,00,01
2011-04-22,1198,S26W38,270,0010,Bxo,03,04
2011-04-23,1191,N08W66,284,0010,Axx,02,03
2011-04-23,1193,N17W45,264,0190,Esi,13,16
2011-04-23,1195,S18E28,190,0340,Ekc,11,25
2011-04-23,1196,S25E52,167,0050,Cro,10,06
2011-04-23,1198,S25W53,272,0010,Bxo,03,03
2011-04-24,1193,N17W57,262,0270,Eki,09,18
2011-04-24,1195,S16E14,191,0310,Ekc,08,22
2011-04-24,1196,S26E40,166,0010,Bxo,07,10
2011-04-25,1193,N18W73,265,0200,Cao,07,18
2011-04-25,1195,S15W00,192,0300,Dho,11,23
2011-04-25,1196,S25E21,171,0020,Cso,04,07
2011-04-26,1193,N16W84,262,0270,Dso,09,08
2011-04-26,1195,S16W12,190,0400,Ehi,10,25
2011-04-26,1196,S26E11,168,0010,Bxo,06,04
2011-04-27,1195,S17W25,191,0210,Eho,10,04
2011-04-27,1196,S28E02,164,0005,Axx,01,01
2011-04-27,1199,N21W23,189,0020,Cai,05,08
2011-04-27,1200,S17E42,124,0010,Bxo,04,04
2011-04-28,1195,S17W38,191,0230,Dho,10,07
2011-04-28,1199,N21W34,187,0120,Dai,07,12
2011-04-29,1195,S18W52,192,0220,Dho,10,06
2011-04-29,1196,S23W32,172,0010,Bxo,02,02
2011-04-29,1199,N18W48,188,0170,Dhi,08,10
2011-04-29,1202,N15W38,177,0010,Bxo,02,02
2011-04-29,1203,N19E77,062,0040,Hsx,05,01
2011-04-30,1195,S15W65,192,0170,Dho,08,04
2011-04-30,1196,S30W45,172,0010,Bxo,01,02
2011-04-30,1199,N18W62,188,0180,Esi,06,08
2011-04-30,1200,S17E05,121,0030,Bxo,03,04
2011-04-30,1203,N18E64,062,0050,Cso,01,02
2011-05-01,1195,S16W80,192,0110,Dho,04,02
2011-05-01,1199,N20W74,186,0200,Dhi,08,07
2011-05-01,1200,S18W09,121,0020,Bxo,03,05
2011-05-01,1202,N15W65,179,0080,Dao,08,08
2011-05-01,1203,N18E51,061,0120,Dao,04,04
2011-05-02,1195,S16W93,197,0120,Hsx,03,01
2011-05-02,1199,N18W86,188,0210,Dso,01,05
2011-05-02,1200,S18W23,122,0010,Bxo,04,08
2011-05-02,1203,N19E38,061,0160,Cso,06,03
2011-05-03,1200,S17W37,123,0010,Bxo,01,03
2011-05-03,1203,N18E28,058,0100,Cso,07,04
2011-05-03,1204,N17E38,048,0050,Cso,05,03
2011-05-03,1205,N14E52,034,0000,Axx,01,01
2011-05-04,1200,S18W49,122,0030,Cro,08,10
2011-05-04,1203,N17E11,063,0120,Hsx,03,01
2011-05-04,1204,N17E26,047,0130,Cao,07,10
2011-05-04,1205,N14E37,036,0010,Bxo,03,03
2011-05-04,1206,N22W18,091,0010,Bxo,03,03
2011-05-05,1200,S18W61,123,0020,Bxo,02,02
2011-05-05,1203,N17W02,064,0120,Cao,05,06
2011-05-05,1204,N17E13,049,0120,Cao,07,12
2011-05-05,1205,N14E23,038,0010,Axx,05,01
2011-05-05,1206,N22W32,093,0010,Bxo,03,01
2011-05-06,1200,S18W75,123,0020,Bxo,02,02
2011-05-06,1201,N14W70,118,0020,Bxo,02,03
2011-05-06,1203,N17W15,063,0080,Hsx,05,02
2011-05-06,1204,N17W00,048,0120,Cao,07,12
2011-05-06,1205,N14E09,039,0005,Axx,05,01
2011-05-06,1206,N22W46,094,0020,Cro,04,02
2011-05-06,1207,N24E40,007,0020,Bxo,04,03
2011-05-07,1201,N14W84,118,0010,Axx,02,03
2011-05-07,1203,N17W28,062,0100,Hsx,05,02
2011-05-07,1204,N17W14,048,0120,Dao,07,12
2011-05-07,1205,N14W05,039,0000,Axx,01,01
2011-05-07,1207,N24E26,008,0010,Bxo,04,03
2011-05-08,1203,N17W41,062,0070,Hsx,03,04
2011-05-08,1204,N17W27,048,0130,Dao,09,14
2011-05-09,1203,N18W55,062,0100,Hsx,02,01
2011-05-09,1204,N17W41,048,0090,Dao,09,09
2011-05-09,1208,N13E49,318,0030,Cro,05,06
2011-05-09,1209,N35E08,000,0010,Bxo,06,05
2011-05-10,1203,N18W68,062,0120,Hsx,02,01
2011-05-10,1204,N17W57,051,0100,Cao,03,03
2011-05-10,1208,N12E36,318,0100,Dso,06,09
2011-05-10,1209,N35W05,360,0010,Bxo,06,05
2011-05-10,1210,N20E08,347,0030,Dsi,04,13
2011-05-10,1211,S12W23,018,0010,Bxo,01,02
2011-05-11,1203,N18W81,062,0060,Hsx,02,01
2011-05-11,1204,N17W71,052,0050,Hsx,02,02
2011-05-11,1207,N21W37,018,0010,Bxo,05,03
2011-05-11,1208,N12E22,319,0070,Dso,07,08
2011-05-11,1210,N20W06,347,0070,Csi,07,16
2011-05-12,1203,N18W92,059,0060,Hsx,01,01
2011-05-12,1204,N17W85,052,0050,Hsx,01,01
2011-05-12,1207,N21W51,018,0010,Bxo,03,02
2011-05-12,1208,N12E08,319,0050,Dso,07,08
2011-05-12,1210,N19W21,348,0050,Cso,05,11
2011-05-12,1212,S13E46,281,0010,Axx,00,01
2011-05-13,1208,N12W06,321,0050,Eso,11,08
2011-05-13,1210,N19W34,349,0020,Hrx,05,01
2011-05-14,1208,N12W19,321,0020,Bxo,10,08
2011-05-14,1210,N19W48,350,0020,Bxo,05,01
2011-05-15,1208,N11W33,321,0030,Bxo,12,03
2011-05-15,1210,N18W61,350,0020,Hrx,05,01
2011-05-15,1213,S21W80,008,0000,Axx,01,01
2011-05-15,1214,S20E17,270,0050,Bxo,06,07
2011-05-15,1215,S23W30,318,0020,Bxo,03,02
2011-05-16,1208,N11W48,323,0050,Eso,12,07
2011-05-16,1210,N18W75,350,0010,Axx,01,01
2011-05-16,1214,S25E01,270,0070,Dao,06,16
2011-05-17,1208,N08W64,326,0050,Cso,07,09
2011-05-17,1210,N18W91,352,0010,Axx,01,01
2011-05-17,1214,S24W10,272,0060,Dao,09,12
2011-05-17,1216,S14E66,195,0090,Hsx,02,01
2011-05-18,1208,N09W78,326,0010,Bxo,06,02
2011-05-18,1214,S24W24,273,0060,Cso,09,12
2011-05-18,1216,S15E54,194,0080,Hsx,02,01
2011-05-18,1217,S23W19,267,0010,Bxo,04,02
2011-05-19,1208,N09W90,325,0030,Hsx,01,02
2011-05-19,1214,S24W42,277,0080,Cso,07,09
2011-05-19,1216,S14E41,194,0110,Hsx,01,01
2011-05-19,1217,S23W36,271,0010,Bxo,01,02
2011-05-19,1218,S16E66,169,0000,Axx,00,01
2011-05-20,1214,S24W56,277,0100,Cso,05,03
2011-05-20,1216,S14E27,194,0110,Hsx,02,01
2011-05-20,1218,S15E54,166,0010,Bxo,04,02
2011-05-21,1214,S24W70,279,0090,Hsx,02,01
2011-05-21,1216,S16E19,188,0090,Hsx,02,01
2011-05-21,1218,S16E40,167,0010,Axx,00,01
2011-05-22,1214,S23W82,278,0070,Hax,03,01
2011-05-22,1216,S15E01,193,0090,Hax,02,01
2011-05-22,1218,S15E28,167,0010,Axx,01,01
2011-05-22,1219,N15E71,125,0000,Axx,01,01
2011-05-23,1214,S23W94,278,0030,Hsx,02,01
2011-05-23,1216,S15W11,194,0080,Hsx,02,01
2011-05-23,1218,S16E14,168,0010,Axx,01,01
2011-05-23,1220,N14W65,248,0010,Bxo,02,04
2011-05-24,1216,S15W25,194,0070,Hsx,02,01
2011-05-24,1220,N13W79,248,0050,Bxo,03,04
2011-05-24,1221,S18W69,238,0020,Bxo,02,02
2011-05-25,1216,S15W38,194,0090,Hsx,02,01
2011-05-25,1220,N12W94,249,0010,Bxo,01,02
2011-05-26,1216,S15W52,194,0060,Hsx,02,01
2011-05-26,1222,N15W24,166,0010,Bxo,03,02
2011-05-27,1216,S15W64,193,0070,Hsx,01,01
2011-05-27,1222,N16W37,166,0010,Axx,02,03
2011-05-27,1223,S15E14,114,0050,Cso,05,06
2011-05-28,1216,S16W78,194,0060,Hsx,01,01
2011-05-28,1223,S16W00,115,0050,Dso,06,06
2011-05-28,1224,N21W15,131,0030,Dso,05,06
2011-05-28,1225,N18E55,060,0020,Hsx,01,01
2011-05-28,1226,S18E74,042,0020,Hsx,01,01
2011-05-29,1216,S16W90,193,0060,Hsx,02,01
2011-05-29,1222,N16W66,169,0000,Axx,01,01
2011-05-29,1223,S16W12,115,0020,Bxo,06,05
2011-05-29,1224,N20W28,131,0130,Dso,07,14
2011-05-29,1225,N17E43,060,0060,Hsx,02,01
2011-05-29,1226,S19E65,038,0270,Eai,11,09
2011-05-30,1222,N16W80,170,0000,Axx,01,02
2011-05-30,1223,S17W22,112,0020,Hsx,01,01
2011-05-30,1224,N20W41,131,0130,Cai,08,10
2011-05-30,1225,N17E30,060,0040,Hsx,02,01
2011-05-30,1226,S21E54,036,0360,Eki,11,12
2011-05-30,1227,S19E69,021,0080,Cso,03,03
2011-05-30,1228,N17E67,023,0120,Hsx,04,01
2011-05-31,1222,N16W83,160,0150,Dso,04,03
2011-05-31,1224,N20W56,132,0140,Dso,09,09
2011-05-31,1225,N17E18,059,0040,Hsx,02,01
2011-05-31,1226,S21E42,035,0360,Dki,10,11
2011-05-31,1227,S18E54,023,0170,Dsi,08,06
2011-05-31,1228,N17E55,022,0110,Hsx,02,01
2011-05-31,1229,N16E38,039,0030,Cao,04,04
2011-06-01,1222,N17W98,160,0030,Axx,01,01
2011-06-01,1224,N21W68,133,0050,Csi,07,08
2011-06-01,1225,N16E04,060,0030,Hsx,02,01
2011-06-01,1226,S22E27,037,0330,Dkc,09,18
2011-06-01,1227,S18E40,024,0190,Dsi,08,07
2011-06-01,1228,N17E50,014,0100,Cso,08,08
2011-06-01,1229,N16E24,040,0040,Cso,06,06
2011-06-01,1230,N19E58,006,0030,Bxo,02,03
2011-06-02,1225,N16W09,059,0020,Hsx,01,01
2011-06-02,1226,S22E14,036,0150,Csi,09,15
2011-06-02,1227,S19E26,023,0100,Dso,08,07
2011-06-02,1228,N17E31,018,0090,Cso,08,06
2011-06-02,1229,N16E10,041,0030,Bxo,05,05
2011-06-02,1230,N19E44,006,0010,Bxo,02,02
2011-06-02,1231,N09E68,341,0040,Hsx,07,01
2011-06-03,1225,N16W21,058,0010,Axx,01,01
2011-06-03,1226,S22W00,037,0210,Dsi,06,13
2011-06-03,1227,S19E13,023,0080,Dso,09,04
2011-06-03,1228,N17E20,017,0130,Cso,08,08
2011-06-03,1229,N15W04,041,0030,Bxo,06,04
2011-06-03,1230,N18E31,006,0020,Bxo,04,03
2011-06-03,1231,N08E50,343,0090,Cro,09,04
2011-06-03,1232,N10E61,336,0080,Hsx,02,01
2011-06-04,1225,N17W35,058,0010,Axx,01,01
2011-06-04,1226,S22W14,037,0340,Dkc,07,21
2011-06-04,1227,S19W00,022,0120,Cso,10,04
2011-06-04,1228,N18E05,018,0150,Dao,08,10
2011-06-04,1229,N17W20,043,0010,Axx,01,01
2011-06-04,1230,N19E15,008,0010,Axx,02,02
2011-06-04,1231,N10E33,349,0010,Bxo,03,02
2011-06-04,1232,N10E46,336,0070,Hsx,02,01
2011-06-05,1225,N16W48,059,0010,Axx,01,01
2011-06-05,1226,S21W25,036,0190,Dsi,08,19
2011-06-05,1227,S19W14,024,0060,Cso,10,07
2011-06-05,1228,N17W08,018,0090,Dao,08,07
2011-06-05,1229,N18W34,045,0000,Axx,00,01
2011-06-05,1230,N20E06,004,0000,Axx,00,01
2011-06-05,1231,N09E20,350,0000,Axx,00,01
2011-06-05,1232,N10E33,337,0070,Hsx,01,01
2011-06-06,1226,S21W38,035,0100,Dao,09,10
2011-06-06,1227,S22W26,022,0030,Dso,10,05
2011-06-06,1228,N18W21,018,0060,Dso,08,05
2011-06-06,1232,N09E20,337,0040,Hsx,02,03
2011-06-06,1233,S18W29,026,0000,Axx,01,01
2011-06-07,1226,S22W52,036,0080,Dao,10,08
2011-06-07,1227,S21W35,019,0030,Hsx,02,01
2011-06-07,1228,N18W35,019,0070,Cso,08,04
2011-06-07,1232,N08E07,337,0040,Cso,04,03
2011-06-07,1233,S18W43,027,0000,Axx,01,01
2011-06-08,1226,S21W64,035,0020,Bxo,08,03
2011-06-08,1227,S21W49,020,0030,Cso,02,03
2011-06-08,1228,N17W47,018,0060,Dao,08,08
2011-06-08,1232,N08W06,338,0050,Cso,03,04
2011-06-09,1226,S20W81,038,0010,Axx,01,01
2011-06-09,1227,S21W62,019,0020,Hsx,01,01
2011-06-09,1228,N17W64,021,0010,Axx,03,02
2011-06-09,1232,N09W19,336,0050,Hsx,02,01
2011-06-10,1227,S20W76,020,0010,Axx,00,01
2011-06-10,1228,N17W79,023,0000,Axx,02,01
2011-06-10,1232,N09W33,337,0030,Hax,01,02
2011-06-10,1234,S16E59,245,0010,Bxo,05,02
2011-06-11,1227,S20W88,019,0010,Axx,01,01
2011-06-11,1232,N09W46,337,0020,Hrx,01,01
2011-06-11,1234,S16E43,247,0010,Bxo,04,03
2011-06-12,1232,N08W60,337,0010,Axx,01,01
2011-06-12,1234,S16E32,245,0010,Bxo,06,05
2011-06-12,1235,N14E27,250,0010,Axx,01,01
2011-06-13,1234,S15E18,246,0010,Bxo,08,06
2011-06-14,1234,S16E07,245,0010,Bxo,06,06
2011-06-15,1234,S15W07,245,0040,Dso,05,09
2011-06-15,1235,N14W15,253,0010,Bxo,03,03
2011-06-15,1236,N17E64,174,0180,Dso,08,06
2011-06-16,1234,S15W22,247,0100,Dai,07,17
2011-06-16,1236,N17E58,167,0350,Ehi,11,11
2011-06-17,1234,S16W35,247,0100,Dsi,08,26
2011-06-17,1236,N17E46,166,0350,Ehi,12,16
2011-06-18,1234,S16W48,246,0100,Dsi,08,17
2011-06-18,1236,N17E33,165,0260,Dho,10,17
2011-06-18,1237,S14E66,132,0000,Axx,01,01
2011-06-19,1234,S16W61,246,0150,Dsi,09,15
2011-06-19,1236,N17E18,166,0200,Esi,12,21
2011-06-19,1237,S15E53,131,0000,Axx,01,01
2011-06-20,1234,S16W74,245,0060,Dso,09,04
2011-06-20,1236,N16E06,165,0200,Esi,12,11
2011-06-20,1238,S17E11,160,0010,Axx,01,02
2011-06-21,1236,N17W07,166,0230,Esi,12,07
2011-06-21,1239,N18E13,146,0010,Bxo,03,05
2011-06-21,1240,S17E42,117,0010,Axx,01,01
2011-06-22,1236,N17W21,165,0190,Esi,13,18
2011-06-22,1239,N18W00,145,0010,Bxo,04,06
2011-06-22,1240,S17E27,117,0010,Bxo,03,03
2011-06-23,1236,N16W32,164,0140,Cso,10,06
2011-06-23,1239,N18W14,146,0010,Bxo,03,03
2011-06-23,1240,S19E16,116,0010,Bxo,03,05
2011-06-24,1236,N16W46,164,0150,Cso,13,04
2011-06-24,1239,N16W27,145,0010,Bxo,03,03
2011-06-24,1240,S18E02,116,0050,Dro,05,10
2011-06-25,1236,N17W61,166,0180,Cso,11,04
2011-06-25,1239,N17W44,149,0000,Axx,00,01
2011-06-25,1240,S19W12,117,0050,Cro,06,09
2011-06-25,1241,N19W08,113,0050,Dro,05,08
2011-06-26,1236,N15W74,168,0090,Hsx,02,01
2011-06-26,1239,N15W56,148,0000,Axx,00,01
2011-06-26,1240,S20W26,118,0005,Axx,01,02
2011-06-26,1241,N18W19,111,0010,Bxo,04,03
2011-06-27,1236,N16W92,170,0030,Hrx,03,02
2011-06-27,1241,N18W32,110,0010,Bxo,05,04
2011-06-28,1240,S18W53,119,0005,Bxo,02,04
2011-06-28,1241,N18W46,111,0010,Bxo,03,06
2011-06-29,1240,S18W67,119,0005,Bxo,02,02
2011-06-29,1242,N18W03,056,0005,Cro,03,03
2011-06-29,1243,N18E62,350,0030,Cro,05,02
2011-06-30,1240,S18W81,121,0000,Axx,00,01
2011-06-30,1242,N17W17,056,0090,Dso,04,09
2011-06-30,1243,N16E50,349,0050,Cso,07,05
2011-07-01,1242,N16W30,056,0080,Dso,06,08
2011-07-01,1243,N16E36,350,0030,Cro,04,06
2011-07-02,1242,N18W45,058,0050,Dro,05,05
2011-07-02,1243,N17E22,351,0060,Cro,06,10
2011-07-02,1244,N15W11,024,0010,Bxo,07,06
2011-07-03,1242,N18W57,056,0020,Dro,05,05
2011-07-03,1243,N16E08,351,0080,Cao,08,13
2011-07-03,1244,N15W24,023,0010,Bxo,06,06
2011-07-04,1243,N16W05,352,0060,Dso,08,10
2011-07-04,1244,N16W38,024,0060,Dso,04,12
2011-07-05,1242,N18W82,054,0005,Bxo,05,02
2011-07-05,1243,N17W19,351,0040,Cso,06,05
2011-07-05,1244,N16W53,025,0120,Dao,06,07
2011-07-06,1243,N16W34,354,0070,Cso,06,06
2011-07-06,1244,N15W67,027,0060,Dso,05,04
2011-07-07,1243,N15W46,353,0100,Dai,07,14
2011-07-07,1244,N14W79,026,0050,Dso,03,02
2011-07-08,1243,N16W59,352,0090,Dso,05,07
2011-07-08,1244,N13W90,023,0010,Axx,01,01
2011-07-08,1245,N15E58,234,0050,Cso,03,04
2011-07-09,1243,N15W73,353,0050,Cao,03,03
2011-07-09,1245,N15E45,235,0020,Hsx,01,01
2011-07-09,1246,N14W47,327,0010,Bxo,03,03
2011-07-09,1247,S18E11,268,0020,Dai,05,07
2011-07-09,1248,N20E53,226,0010,Axx,01,01
2011-07-10,1245,N15E31,236,0030,Cao,03,04
2011-07-10,1246,N15W62,329,0000,Axx,00,01
2011-07-10,1247,S18W02,269,0040,Cao,06,08
2011-07-10,1249,S16E25,242,0000,Axx,00,02
2011-07-11,1245,N15E18,236,0010,Hax,02,01
2011-07-11,1247,S18W15,269,0040,Dai,10,15
2011-07-11,1249,S16E11,243,0010,Cao,03,03
2011-07-11,1250,S25E48,206,0030,Dai,04,08
2011-07-12,1245,N12E05,235,0010,Hrx,01,01
2011-07-12,1247,S18W28,269,0080,Esi,12,14
2011-07-12,1249,S18W04,244,0020,Cso,03,02
2011-07-12,1250,S27E32,208,0100,Dso,06,04
2011-07-12,1251,N15E68,172,0080,Hsx,03,01
2011-07-13,1245,N15W08,236,0010,Axx,01,01
2011-07-13,1247,S18W40,268,0030,Cao,06,04
2011-07-13,1249,S16W14,242,0020,Cro,03,02
2011-07-13,1250,S27E18,210,0140,Dso,06,04
2011-07-13,1251,N16E57,170,0100,Hsx,01,01
2011-07-14,1245,N15W23,237,0010,Hsx,01,01
2011-07-14,1247,S18W54,267,0010,Hsx,01,01
2011-07-14,1249,S16W31,244,0010,Axx,01,02
2011-07-14,1250,S27E04,209,0170,Dso,07,09
2011-07-14,1251,N17E42,171,0160,Hsx,03,01
2011-07-14,1252,N25E62,151,0030,Cso,11,03
2011-07-14,1253,N14W12,226,0010,Bxo,03,03
2011-07-15,1245,N14W36,237,0005,Axx,00,01
2011-07-15,1250,S27W07,208,0100,Dso,07,10
2011-07-15,1251,N17E30,170,0100,Hsx,02,02
2011-07-15,1252,N25E56,144,0020,Hrx,01,02
2011-07-15,1254,S22E59,141,0030,Cro,02,01
2011-07-15,1255,N17E45,156,0010,Axx,02,03
2011-07-16,1245,N13W49,236,0000,Axx,00,01
2011-07-16,1250,S27W21,208,0080,Cso,02,04
2011-07-16,1251,N17E17,170,0100,Hsx,02,01
2011-07-16,1252,N25E45,142,0010,Bxo,00,03
2011-07-16,1254,S22E49,138,0050,Cao,08,05
2011-07-16,1255,N18E33,154,0000,Bxo,00,03
2011-07-16,1256,N09E34,153,0020,Dro,03,03
2011-07-17,1245,N14W65,240,0010,Bxo,03,02
2011-07-17,1250,S26W34,208,0080,Hsx,02,01
2011-07-17,1251,N16E04,170,0070,Hsx,02,02
2011-07-17,1252,N25E32,142,0000,Axx,01,01
2011-07-17,1254,S22E36,138,0050,Dso,08,07
2011-07-17,1256,N08E21,153,0020,Cro,04,02
2011-07-18,1250,S26W48,209,0070,Cso,02,04
2011-07-18,1251,N16W08,169,0080,Hsx,02,03
2011-07-18,1254,S23E23,137,0050,Cai,08,15
2011-07-18,1255,N18E07,153,0010,Bxo,03,03
2011-07-18,1256,N09E07,154,0020,Dro,04,04
2011-07-18,1257,N19W56,217,0050,Dai,04,12
2011-07-19,1250,S27W61,209,0050,Cso,02,02
2011-07-19,1251,N16W21,169,0080,Hsx,02,03
2011-07-19,1254,S22E11,136,0060,Cai,07,15
2011-07-19,1255,N18W06,154,0020,Cro,02,05
2011-07-19,1256,N09W06,154,0020,Dro,04,04
2011-07-19,1257,N20W69,217,0120,Dsi,04,12
2011-07-19,1258,N11W37,185,0020,Cro,03,05
2011-07-19,1259,N26E69,078,0030,Dao,03,01
2011-07-20,1250,S26W74,209,0100,Hsx,03,01
2011-07-20,1251,N17W35,170,0090,Hsx,02,01
2011-07-20,1254,S22W04,139,0080,Dso,08,12
2011-07-20,1256,N10W21,155,0010,Bxo,04,02
2011-07-20,1257,N20W83,218,0240,Dso,10,03
2011-07-20,1258,N12W51,186,0040,Cso,05,04
2011-07-20,1259,N25E56,079,0100,Cso,08,03
2011-07-21,1250,S26W90,212,0030,Hsx,02,01
2011-07-21,1251,N17W49,170,0070,Hsx,02,01
2011-07-21,1254,S22W17,138,0110,Cso,09,14
2011-07-21,1258,N12W65,187,0020,Hrx,01,01
2011-07-21,1259,N25E42,079,0080,Cso,06,12
2011-07-22,1251,N17W62,170,0060,Hax,03,03
2011-07-22,1254,S24W28,136,0100,Cai,07,10
2011-07-22,1259,N25E32,076,0130,Dsi,05,13
2011-07-23,1251,N17W76,171,0040,Hsx,02,01
2011-07-23,1254,S24W42,137,0080,Dso,07,10
2011-07-23,1259,N25E18,077,0060,Dso,05,13
2011-07-24,1251,N17W88,168,0060,Hax,01,01
2011-07-24,1254,S23W54,134,0060,Cao,07,07
2011-07-24,1259,N25E02,080,0040,Cao,03,03
2011-07-25,1251,N17W98,166,0010,Axx,01,01
2011-07-25,1254,S23W67,134,0010,Axx,04,02
2011-07-25,1259,N25W10,079,0010,Bxo,02,03
2011-07-26,1254,S23W80,134,0005,Bxo,01,02
2011-07-26,1259,N25W23,079,0010,Bxo,08,02
2011-07-26,1260,N20E58,357,0020,Bxo,06,04
2011-07-27,1260,N20E45,357,0120,Dao,10,08
2011-07-27,1261,N16E74,330,0200,Dho,02,02
2011-07-28,1260,N18E30,357,0110,Dsi,10,15
2011-07-28,1261,N15E60,327,0250,Dko,08,05
2011-07-28,1262,N16W38,066,0020,Dso,10,04
2011-07-29,1260,N19E17,358,0220,Eac,11,16
2011-07-29,1261,N15E49,326,0280,Dko,08,10
2011-07-29,1262,N16W49,065,0000,Axx,00,01
2011-07-29,1263,N18E73,302,0260,Dho,09,03
2011-07-29,1264,S31E50,325,0010,Bxo,03,04
2011-07-30,1260,N19E03,358,0310,Eai,12,20
2011-07-30,1261,N16E33,328,0300,Dai,09,21
2011-07-30,1263,N18E59,303,0310,Dho,07,05
2011-07-30,1264,S32E37,325,0010,Bxo,01,02
2011-07-31,1260,N19W09,358,0330,Ehi,12,12
2011-07-31,1261,N17E22,327,0350,Dkc,10,23
2011-07-31,1263,N18E48,301,0470,Dhi,09,12
2011-07-31,1264,S29E20,329,0010,Axx,01,02
2011-07-31,1265,N18W41,030,0010,Bxo,02,02
2011-08-01,1260,N19W22,358,0300,Ehi,12,21
2011-08-01,1261,N16E05,330,0350,Eki,11,35
2011-08-01,1263,N18E34,301,0460,Dki,10,17
2011-08-01,1264,S23E07,328,0010,Bxo,02,02
2011-08-01,1265,N17W54,030,0010,Bxo,03,03
2011-08-02,1260,N18W36,358,0300,Eho,12,16
2011-08-02,1261,N16W08,330,0350,Fkc,16,50
2011-08-02,1263,N17E21,301,0460,Dki,09,23
2011-08-02,1265,N17W67,030,0010,Axx,02,01
2011-08-03,1260,N19W49,358,0300,Eho,12,07
2011-08-03,1261,N15W21,330,0390,Fkc,16,25
2011-08-03,1263,N17E08,301,0560,Eki,14,25
2011-08-03,1265,N16W80,030,0005,Axx,01,01
2011-08-04,1260,N18W62,358,0200,Cso,10,05
2011-08-04,1261,N16W37,333,0300,Dki,09,15
2011-08-04,1263,N17W06,301,0600,Dki,10,16
2011-08-05,1260,N19W78,001,0260,Dho,05,02
2011-08-05,1261,N15W49,332,0380,Dai,10,19
2011-08-05,1263,N17W18,301,0720,Ekc,10,17
2011-08-05,1266,N18E38,245,0020,Cro,04,03
2011-08-06,1260,N19W92,001,0180,Hsx,04,01
2011-08-06,1261,N14W64,333,0270,Dsi,09,12
2011-08-06,1263,N16W31,300,0570,Ekc,11,20
2011-08-06,1266,N17E27,241,0010,Bxo,05,05
2011-08-06,1267,S17E26,243,0010,Bxo,05,06
2011-08-07,1261,N16W77,333,0150,Dso,09,08
2011-08-07,1263,N18W42,298,0440,Ekc,13,23
2011-08-07,1267,S17E13,243,0060,Dso,06,10
2011-08-07,1268,N17E34,222,0010,Bxo,04,04
2011-08-08,1261,N16W89,332,0090,Cso,08,06
2011-08-08,1263,N17W55,298,0510,Ekc,14,27
2011-08-08,1266,N18E01,242,0030,Dso,05,08
2011-08-08,1267,S17W00,243,0040,Dso,07,08
2011-08-09,1263,N18W68,298,0450,Ekc,14,13
2011-08-09,1266,N18W12,242,0050,Dsi,06,20
2011-08-09,1267,S17W14,243,0010,Bxo,07,05
2011-08-09,1268,N20E04,225,0000,Axx,03,02
2011-08-10,1263,N17W81,298,0340,Ehc,14,08
2011-08-10,1266,N19W26,243,0070,Dso,08,13
2011-08-10,1267,S15W30,246,0010,Axx,02,03
2011-08-11,1263,N17W93,296,0230,Eso,12,04
2011-08-11,1266,N19W39,243,0010,Bxo,09,07
2011-08-11,1268,N18W21,225,0010,Axx,01,02
2011-08-12,1266,N19W49,240,0010,Axx,02,02
2011-08-12,1269,S22E17,173,0020,Dro,02,02
2011-08-12,1270,N23E54,135,0020,Dso,03,02
2011-08-13,1269,S22E03,174,0010,Bxo,04,03
2011-08-13,1270,N23E41,136,0010,Bxo,04,02
2011-08-14,1266,N20W74,238,0005,Axx,00,01
2011-08-14,1269,S21W09,173,0010,Axx,01,02
2011-08-14,1270,N23E29,135,0010,Bxo,05,02
2011-08-16,1271,N17E74,064,0120,Dso,06,03
2011-08-17,1271,N15E63,062,0240,Dsi,07,04
2011-08-17,1272,S19E67,057,0010,Cro,02,02
2011-08-18,1271,N16E50,062,0240,Esi,11,09
2011-08-18,1272,S19E55,056,0060,Cso,07,02
2011-08-18,1273,S18W03,114,0010,Bxo,05,03
2011-08-19,1271,N16E38,059,0290,Ehc,11,16
2011-08-19,1272,S22E41,056,0060,Cso,04,03
2011-08-19,1273,S18W09,112,0010,Bxo,04,04
2011-08-20,1271,N16E25,059,0240,Esi,11,12
2011-08-20,1272,S21E27,057,0030,Hax,02,02
2011-08-20,1273,S18W28,113,0010,Axx,01,02
2011-08-21,1271,N16E10,061,0260,Dho,10,22
2011-08-21,1272,S22E15,056,0050,Cao,07,05
2011-08-21,1274,N19E70,002,0030,Hrx,03,02
2011-08-22,1271,N16W01,059,0240,Eao,12,15
2011-08-22,1272,S21E03,054,0090,Dao,06,08
2011-08-22,1274,N18E57,001,0030,Cro,02,02
2011-08-22,1275,N06E68,350,0030,Cro,03,01
2011-08-23,1271,N17W16,060,0280,Ekc,11,28
2011-08-23,1272,S21W08,052,0060,Dsi,06,11
2011-08-23,1274,N18E42,002,0030,Dso,03,02
2011-08-23,1275,N07E55,349,0010,Cso,05,01
2011-08-24,1271,N17W29,061,0270,Eki,11,21
2011-08-24,1272,S21W20,052,0040,Dso,07,06
2011-08-24,1274,N19E30,002,0030,Hsx,02,02
2011-08-24,1275,N08E39,351,0020,Hsx,01,01
2011-08-24,1276,N20E48,344,0010,Axx,00,01
2011-08-25,1271,N17W42,060,0180,Esi,11,25
2011-08-25,1272,S21W36,054,0020,Cro,03,04
2011-08-25,1274,N18E16,002,0010,Cro,03,04
2011-08-25,1275,N07E26,352,0010,Axx,02,02
2011-08-26,1271,N17W56,061,0140,Esi,11,15
2011-08-26,1272,S21W49,055,0000,Axx,01,01
2011-08-26,1274,N17E05,001,0010,Bxo,02,02
2011-08-26,1275,N07E17,350,0010,Bxo,06,03
2011-08-26,1277,N17E62,304,0050,Hsx,02,01
2011-08-26,1278,N16W40,046,0010,Bxo,03,04
2011-08-26,1279,N14E75,291,0120,Hsx,05,01
2011-08-27,1271,N17W69,061,0080,Dso,09,06
2011-08-27,1275,N07E05,348,0030,Dso,04,02
2011-08-27,1277,N17E50,303,0080,Hsx,02,01
2011-08-27,1278,N16W53,046,0020,Cso,03,03
2011-08-27,1279,N13E61,292,0090,Hsx,02,01
2011-08-27,1280,N17E24,329,0030,Cro,03,03
2011-08-28,1271,N16W82,061,0060,Cso,07,04
2011-08-28,1275,N07W08,346,0030,Cso,02,02
2011-08-28,1277,N17E38,302,0080,Hsx,01,01
2011-08-28,1279,N13E47,291,0120,Hsx,02,03
2011-08-28,1280,N17E10,328,0020,Cro,02,03
2011-08-29,1275,N07W19,344,0010,Bxo,04,04
2011-08-29,1277,N17E25,300,0040,Hsx,01,01
2011-08-29,1278,N16W81,049,0000,Axx,00,01
2011-08-29,1279,N13E34,291,0080,Cso,03,03
2011-08-29,1280,N17W03,328,0010,Bxo,03,02
2011-08-29,1281,S21E65,260,0060,Cso,06,02
2011-08-30,1275,N07W40,351,0005,Axx,00,02
2011-08-30,1277,N17E12,299,0050,Hsx,01,01
2011-08-30,1279,N13E22,290,0100,Cso,04,06
2011-08-30,1280,N16W16,328,0010,Bxo,03,02
2011-08-30,1281,S19E54,258,0030,Cro,06,05
2011-08-31,1274,N18W59,358,0010,Bxo,04,05
2011-08-31,1277,N18W00,299,0050,Hsx,02,02
2011-08-31,1279,N13E07,291,0080,Hsx,01,02
2011-08-31,1281,S20E40,258,0010,Bxo,05,05
2011-08-31,1282,N24E01,297,0010,Bxo,03,03
2011-08-31,1283,N12E71,227,0060,Hsx,01,01
2011-08-31,1284,S19W57,356,0010,Axx,00,01
2011-09-01,1274,N19W72,358,0030,Hrx,01,01
2011-09-01,1277,N18W14,300,0060,Hsx,01,01
2011-09-01,1279,N13W06,292,0080,Hsx,01,01
2011-09-01,1280,N12W37,323,0010,Cro,03,02
2011-09-01,1281,S20E28,258,0100,Csi,04,11
2011-09-01,1282,N25W13,299,0050,Dso,05,09
2011-09-01,1283,N12E61,225,0100,Cso,03,02
2011-09-01,1284,S17W62,357,0010,Bxo,04,03
2011-09-01,1285,N29W48,334,0010,Axx,00,01
2011-09-02,1277,N18W27,300,0060,Hsx,02,01
2011-09-02,1279,N13W19,292,0060,Hax,02,03
2011-09-02,1280,N12W53,326,0030,Cso,05,04
2011-09-02,1281,S21E12,261,0160,Dao,08,16
2011-09-02,1282,N25W26,299,0050,Dso,08,13
2011-09-02,1283,N12E49,224,0200,Cso,06,10
2011-09-02,1284,S18W82,355,0030,Hrx,02,02
2011-09-03,1277,N19W40,300,0030,Hsx,01,01
2011-09-03,1279,N14W32,292,0060,Hsx,02,04
2011-09-03,1280,N11W66,326,0080,Cso,05,05
2011-09-03,1281,S20E01,259,0110,Dao,07,10
2011-09-03,1282,N25W40,300,0170,Eso,11,12
2011-09-03,1283,N13E37,223,0200,Dso,07,11
2011-09-04,1277,N18W53,300,0020,Hax,01,02
2011-09-04,1279,N13W45,292,0030,Hsx,01,04
2011-09-04,1280,N12W78,325,0010,Bxo,05,05
2011-09-04,1281,S19W10,257,0090,Dao,03,08
2011-09-04,1282,N23W52,299,0100,Eso,12,08
2011-09-04,1283,N14E24,223,0220,Dsi,09,21
2011-09-04,1286,N20W57,304,0080,Dso,09,08
2011-09-04,1287,S30E64,183,0030,Cao,03,03
2011-09-05,1277,N18W66,300,0020,Hsx,01,01
2011-09-05,1280,N13W91,325,0010,Bxo,02,02
2011-09-05,1281,S19W24,258,0070,Cao,03,05
2011-09-05,1282,N24W66,300,0090,Cso,12,06
2011-09-05,1283,N13E11,223,0190,Dai,09,21
2011-09-05,1286,N20W75,309,0080,Cso,07,06
2011-09-05,1287,S32E51,183,0080,Cso,09,03
2011-09-06,1277,N18W80,300,0010,Axx,01,01
2011-09-06,1281,S18W39,259,0050,Cso,03,03
2011-09-06,1282,N22W86,306,0070,Hsx,02,01
2011-09-06,1283,N14W04,224,0220,Eai,13,29
2011-09-06,1287,S31E38,183,0080,Cso,09,05
2011-09-06,1288,N18E34,185,0010,Bxo,03,03
2011-09-07,1277,N18W93,299,0060,Hsx,02,01
2011-09-07,1281,S18W51,258,0010,Bxo,03,02
2011-09-07,1283,N14W18,224,0200,Eai,12,23
2011-09-07,1287,S31E25,181,0100,Cso,08,05
2011-09-07,1288,N19E20,186,0000,Axx,00,01
2011-09-07,1289,N24E78,129,0190,Hsx,03,01
2011-09-08,1281,S15W59,253,0010,Bxo,03,02
2011-09-08,1283,N14W32,226,0230,Dai,10,14
2011-09-08,1287,S30E09,185,0100,Hsx,02,01
2011-09-08,1289,N23E66,128,0280,Cho,06,03
2011-09-09,1283,N16W42,222,0200,Cao,12,12
2011-09-09,1287,S30W05,186,0060,Hsx,02,01
2011-09-09,1289,N21E51,129,0370,Cho,06,04
2011-09-10,1283,N17W55,221,0210,Eao,12,12
2011-09-10,1287,S29W16,183,0060,Hsx,02,02
2011-09-10,1289,N22E37,130,0380,Dho,05,06
2011-09-10,1290,S15E29,137,0030,Cro,03,05
2011-09-11,1283,N13W73,227,0200,Dso,06,07
2011-09-11,1287,S29W28,183,0070,Hsx,01,02
2011-09-11,1289,N23E24,129,0450,Dho,06,11
2011-09-11,1290,S15E16,137,0050,Dro,05,05
2011-09-11,1291,N23W03,156,0010,Dro,03,02
2011-09-12,1283,N14W87,227,0140,Dso,04,02
2011-09-12,1287,S28W42,183,0060,Hsx,01,02
2011-09-12,1289,N22E12,128,0430,Dko,06,16
2011-09-12,1290,S15E03,138,0070,Dso,07,10
2011-09-12,1291,N23W15,156,0010,Bxo,04,02
2011-09-12,1292,N08E66,074,0040,Bxo,04,02
2011-09-13,1287,S29W53,181,0050,Cso,03,02
2011-09-13,1289,N22W00,128,0300,Cko,05,06
2011-09-13,1290,S15W11,139,0070,Dsi,07,10
2011-09-13,1292,N08E52,076,0010,Bxo,04,03
2011-09-13,1293,N17W11,139,0020,Dso,03,03
2011-09-13,1294,S18E27,101,0010,Bxo,04,02
2011-09-13,1295,N21E72,056,0030,Hsx,01,01
2011-09-14,1287,S27W68,182,0080,Dso,08,03
2011-09-14,1289,N23W08,126,0350,Cko,07,10
2011-09-14,1290,S14W25,139,0070,Dao,08,08
2011-09-14,1292,N09E38,076,0050,Cao,06,05
2011-09-14,1293,N17W25,140,0010,Bxo,03,03
2011-09-14,1294,S18E13,102,0020,Cso,05,05
2011-09-14,1295,N21E58,057,0030,Cso,01,02
2011-09-14,1296,N27E70,044,0050,Dso,08,02
2011-09-15,1287,S27W78,179,0170,Dso,08,04
2011-09-15,1289,N24W25,126,0400,Cho,06,09
2011-09-15,1290,S13W38,139,0030,Cro,08,04
2011-09-15,1292,N08E24,077,0030,Cro,04,02
2011-09-15,1293,N18W38,139,0020,Cso,03,03
2011-09-15,1294,S17W02,103,0050,Cso,06,07
2011-09-15,1295,N20E51,057,0050,Cso,04,04
2011-09-15,1296,N26E55,045,0060,Dso,09,03
2011-09-15,1297,S16W52,153,0040,Dao,04,04
2011-09-15,1298,N16E52,049,0040,Cso,04,04
2011-09-16,1287,S28W83,176,0010,Hsx,03,01
2011-09-16,1289,N22W39,128,0300,Cho,05,05
2011-09-16,1290,S13W55,143,0010,Axx,03,02
2011-09-16,1291,N22W69,157,0050,Cro,05,03
2011-09-16,1292,N10E08,079,0020,Hrx,01,01
2011-09-16,1293,N17W51,139,0050,Dao,04,05
2011-09-16,1294,S17W14,102,0020,Cro,06,07
2011-09-16,1295,N22E30,057,0130,Dai,06,16
2011-09-16,1296,N27E40,045,0130,Dai,07,08
2011-09-16,1297,S18W64,152,0050,Dao,05,04
2011-09-16,1298,N16E38,050,0040,Dso,07,05
2011-09-17,1289,N22W51,126,0310,Cko,07,05
2011-09-17,1290,S13W69,143,0010,Bxo,02,03
2011-09-17,1291,N24W82,157,0090,Dao,09,03
2011-09-17,1292,N09W04,078,0020,Hrx,01,01
2011-09-17,1293,N17W65,139,0010,Bxo,03,02
2011-09-17,1294,S16W31,105,0020,Cro,05,01
2011-09-17,1295,N22E17,057,0240,Dai,08,23
2011-09-17,1296,N26E31,043,0130,Dao,07,08
2011-09-17,1297,S18W77,151,0060,Dao,09,02
2011-09-17,1298,N15E23,050,0070,Dso,09,07
2011-09-17,1299,S21E11,062,0030,Cro,07,08
2011-09-18,1289,N22W67,128,0380,Hhx,04,05
2011-09-18,1290,S13W84,145,0010,Bxo,09,04
2011-09-18,1291,N21W93,154,0010,Bxo,01,02
2011-09-18,1292,N10W17,078,0020,Hrx,01,01
2011-09-18,1294,S16W45,106,0010,Hrx,01,01
2011-09-18,1295,N22E04,057,0210,Dai,10,17
2011-09-18,1296,N25E19,041,0130,Cao,07,09
2011-09-18,1298,N15E09,051,0100,Dso,08,03
2011-09-18,1299,S20W02,063,0040,Dso,06,06
2011-09-19,1289,N23W79,127,0310,Hhx,04,04
2011-09-19,1295,N22W12,060,0300,Dhc,08,26
2011-09-19,1296,N25E06,041,0100,Dso,05,11
2011-09-19,1298,N15W06,054,0030,Cro,07,07
2011-09-19,1299,S20W15,060,0110,Dai,08,17
2011-09-19,1300,N24W45,093,0090,Cso,05,07
2011-09-19,1301,N21E77,331,0060,Dso,03,02
2011-09-20,1289,N23W93,128,0120,Hsx,03,01
2011-09-20,1295,N22W23,058,0300,Dhc,10,24
2011-09-20,1296,N26W05,040,0050,Hsx,03,08
2011-09-20,1298,N14W22,057,0020,Hrx,04,02
2011-09-20,1299,S19W28,063,0060,Dao,06,13
2011-09-20,1300,N24W58,093,0070,Cso,05,05
2011-09-20,1301,N20E63,331,0110,Dao,08,05
2011-09-21,1295,N23W35,057,0310,Dhc,10,18
2011-09-21,1296,N27W16,038,0030,Cro,03,05
2011-09-21,1298,N15W36,058,0020,Dro,04,03
2011-09-21,1299,S20W40,062,0040,Dao,05,07
2011-09-21,1300,N24W73,095,0070,Hsx,01,01
2011-09-21,1301,N19E52,330,0130,Dso,09,07
2011-09-22,1295,N22W47,056,0380,Ehc,11,26
2011-09-22,1296,N26W29,038,0020,Cro,03,04
2011-09-22,1298,N16W47,055,0010,Bxo,01,02
2011-09-22,1299,S20W53,062,0020,Cro,05,04
2011-09-22,1300,N24W86,095,0030,Cso,01,02
2011-09-22,1301,N20E41,328,0210,Eso,11,10
2011-09-23,1295,N22W62,058,0350,Ekc,13,19
2011-09-23,1296,N26W44,039,0010,Axx,01,01
2011-09-23,1299,S19W64,059,0010,Bxo,03,02
2011-09-23,1301,N19E29,326,0120,Eso,11,12
2011-09-23,1302,N11E74,282,0480,Eki,11,02
2011-09-24,1295,N24W74,057,0550,Ekc,11,14
2011-09-24,1296,N26W56,038,0010,Axx,01,01
2011-09-24,1299,S20W81,063,0010,Axx,01,01
2011-09-24,1301,N20E13,329,0110,Dso,10,14
2011-09-24,1302,N13E59,283,0840,Ekc,15,10
2011-09-25,1295,N26W84,054,0500,Ekc,11,07
2011-09-25,1301,N18W01,330,0090,Fso,16,16
2011-09-25,1302,N12E47,282,1300,Fkc,17,12
2011-09-25,1303,S28W66,036,0030,Csi,01,01
2011-09-25,1304,N12E22,306,0010,Bxo,02,02
2011-09-26,1295,N25W98,054,0180,Hsx,05,01
2011-09-26,1301,N18W13,329,0090,Esi,15,18
2011-09-26,1302,N12E36,279,0980,Ekc,16,18
2011-09-26,1303,S28W78,034,0070,Cso,05,06
2011-09-26,1304,N12E07,309,0020,Bxo,04,04
2011-09-26,1305,N12E70,246,0060,Hsx,02,01
2011-09-27,1301,N17W23,325,0040,Cso,14,15
2011-09-27,1302,N13E23,279,0950,Ekc,15,25
2011-09-27,1303,S28W90,032,0060,Hsx,04,01
2011-09-27,1304,N13W07,309,0040,Dsi,05,10
2011-09-27,1305,N13E58,244,0080,Cso,09,02
2011-09-27,1306,N13E74,250,0030,Hsx,02,01
2011-09-28,1301,N18W36,326,0020,Hsx,01,01
2011-09-28,1302,N13E08,280,0980,Fkc,18,26
2011-09-28,1304,N12W20,309,0010,Cro,04,03
2011-09-28,1305,N12E41,247,0080,Hsx,02,01
2011-09-28,1306,N13E59,230,0020,Hsx,01,01
2011-09-29,1301,N18W51,327,0030,Cro,08,08
2011-09-29,1302,N13W04,280,1070,Fkc,18,37
2011-09-29,1304,N13W33,309,0010,Bxo,03,03
2011-09-29,1305,N12E28,248,0060,Hsx,02,05
2011-09-29,1306,N13E46,230,0060,Hsx,01,01
2011-09-29,1307,N14E75,201,0010,Bxo,04,02
2011-09-30,1301,N16W64,327,0020,Hsx,02,01
2011-09-30,1302,N13W16,279,0750,Fkc,18,23
2011-09-30,1304,N13W44,307,0010,Bxo,04,02
2011-09-30,1305,N13E16,247,0100,Cso,05,08
2011-09-30,1306,N14E34,229,0030,Hsx,01,01
2011-09-30,1307,N16E65,198,0010,Bxo,11,04
2011-10-01,1301,N16W76,326,0020,Hsx,01,01
2011-10-01,1302,N13W29,278,0750,Fkc,17,25
2011-10-01,1305,N12E01,248,0130,Dso,05,09
2011-10-01,1306,N13E20,229,0040,Hsx,01,01
2011-10-01,1307,N14E48,201,0030,Cso,10,03
2011-10-02,1302,N16W41,277,0700,Fkc,16,16
2011-10-02,1305,N12W12,248,0170,Dso,06,14
2011-10-02,1306,N14E07,229,0020,Hsx,01,01
2011-10-02,1307,N14E37,199,0030,Dro,10,04
2011-10-02,1308,S25E55,181,0030,Hsx,01,01
2011-10-03,1302,N16W55,278,0410,Fkc,16,14
2011-10-03,1305,N12W26,249,0190,Dsi,06,09
2011-10-03,1306,N15W06,229,0020,Hsx,01,01
2011-10-03,1307,N15E22,200,0030,Ero,12,05
2011-10-03,1308,S25E43,180,0030,Hrx,01,01
2011-10-03,1309,N23E67,156,0080,Dso,04,02
2011-10-04,1302,N13W69,280,0320,Fko,19,10
2011-10-04,1305,N11W36,247,0250,Chi,09,10
2011-10-04,1306,N14W20,230,0030,Hsx,01,01
2011-10-04,1307,N13E05,205,0015,Hrx,01,01
2011-10-04,1309,N24E55,155,0120,Dao,04,06
2011-10-04,1310,S33E16,194,0010,Bxo,02,03
2011-10-05,1302,N13W85,281,0240,Dso,08,07
2011-10-05,1305,N11W49,246,0190,Csi,08,10
2011-10-05,1306,N14W34,232,0030,Hsx,01,01
2011-10-05,1307,N15W01,198,0010,Bxo,07,04
2011-10-05,1309,N24E42,156,0160,Dao,04,06
2011-10-05,1310,S32E02,195,0045,Dao,06,08
2011-10-05,1311,S12E20,176,0070,Dai,05,12
2011-10-05,1312,N22E74,122,0210,Hsx,04,01
2011-10-06,1305,N10W65,248,0250,Cho,03,04
2011-10-06,1306,N14W47,230,0015,Hrx,01,01
2011-10-06,1307,N17W13,196,0005,Bxo,04,02
2011-10-06,1309,N24E28,156,0160,Dso,03,03
2011-10-06,1310,S32W10,194,0025,Dro,08,06
2011-10-06,1311,S11E07,176,0110,Dso,06,06
2011-10-06,1312,N23E59,125,0220,Hsx,02,01
2011-10-06,1313,S13E65,118,0090,Dai,05,12
2011-10-07,1305,N12W80,250,0220,Cso,03,03
2011-10-07,1306,N14W59,229,0010,Cro,04,03
2011-10-07,1309,N22E14,156,0170,Cso,03,05
2011-10-07,1310,S33W23,194,0030,Cro,10,04
2011-10-07,1311,S12W07,177,0060,Cso,03,03
2011-10-07,1312,N22E48,122,0210,Hsx,02,01
2011-10-07,1313,S15E52,118,0180,Dai,08,10
2011-10-08,1305,N11W91,248,0180,Hsx,03,01
2011-10-08,1306,N15W73,230,0010,Axx,06,03
2011-10-08,1309,N23E02,156,0080,Dso,03,04
2011-10-08,1310,S34W38,196,0010,Hrx,02,01
2011-10-08,1311,S11W22,179,0050,Cso,04,02
2011-10-08,1312,N22E35,123,0320,Hhx,03,01
2011-10-08,1313,S16E39,118,0140,Dsi,06,06
2011-10-09,1309,N22W11,155,0070,Dso,04,03
2011-10-09,1310,S34W51,196,0010,Axx,01,01
2011-10-09,1311,S13W36,180,0050,Hsx,01,01
2011-10-09,1312,N23E21,122,0200,Hsx,03,01
2011-10-09,1313,S15E28,116,0120,Dso,10,05
2011-10-10,1309,N23W24,155,0070,Hsx,01,01
2011-10-10,1310,S33W66,197,0010,Axx,00,01
2011-10-10,1311,S11W50,180,0040,Hsx,01,01
2011-10-10,1312,N23E10,121,0210,Hsx,03,01
2011-10-10,1313,S15E13,117,0090,Dso,09,06
2011-10-10,1314,N26E72,058,0180,Hsx,06,01
2011-10-11,1309,N23W38,156,0040,Hsx,02,02
2011-10-11,1311,S12W63,181,0040,Hsx,01,01
2011-10-11,1312,N22W03,121,0210,Hsx,07,01
2011-10-11,1313,S15E01,117,0090,Dai,09,15
2011-10-11,1314,N27E59,059,0230,Hsx,03,02
2011-10-11,1315,N20E08,111,0040,Dao,04,06
2011-10-12,1309,N23W51,155,0040,Hsx,01,01
2011-10-12,1311,S12W77,182,0030,Hsx,01,01
2011-10-12,1312,N22W16,121,0210,Hsx,07,01
2011-10-12,1313,S15W13,118,0120,Dai,09,18
2011-10-12,1314,N27E45,060,0250,Cho,03,02
2011-10-12,1315,N20W06,111,0040,Dao,04,06
2011-10-12,1316,S12E56,048,0060,Dai,03,03
2011-10-12,1317,S26E68,037,0090,Hsx,02,01
2011-10-13,1309,N23W62,153,0040,Cso,01,01
2011-10-13,1312,N23W29,120,0210,Cso,03,03
2011-10-13,1313,S14W25,116,0140,Dso,10,20
2011-10-13,1314,N25E33,058,0370,Cho,07,04
2011-10-13,1315,N19W19,110,0010,Bxo,03,04
2011-10-13,1316,S14E42,048,0160,Dsi,08,12
2011-10-13,1317,S27E54,037,0070,Hsx,02,01
2011-10-13,1318,N21W03,094,0010,Dao,02,03
2011-10-13,1319,N08E42,049,0030,Dai,05,11
2011-10-14,1309,N23W75,153,0070,Hsx,01,01
2011-10-14,1312,N23W42,120,0190,Hsx,03,01
2011-10-14,1313,S14W38,116,0110,Cso,09,10
2011-10-14,1314,N27E21,057,0300,Cko,05,03
2011-10-14,1315,N19W31,109,0010,Bxo,03,03
2011-10-14,1316,S12E28,049,0310,Dko,07,10
2011-10-14,1317,S27E41,036,0070,Hsx,01,01
2011-10-14,1318,N20W18,096,0050,Dso,04,04
2011-10-14,1319,N10E29,048,0080,Cso,07,11
2011-10-14,1320,S22W39,117,0010,Bxo,03,03
2011-10-15,1309,N24W86,151,0060,Hsx,03,01
2011-10-15,1312,N23W55,120,0270,Hhx,03,01
2011-10-15,1313,S16W52,117,0080,Dso,05,05
2011-10-15,1314,N26E09,056,0280,Cho,06,06
2011-10-15,1315,N20W44,110,0010,Bxo,02,03
2011-10-15,1316,S12E15,049,0330,Dhc,08,09
2011-10-15,1317,S26E28,037,0070,Hsx,02,01
2011-10-15,1318,N20W31,096,0040,Cso,05,07
2011-10-15,1319,N09E16,048,0080,Esi,12,20
2011-10-15,1320,S21W51,117,0030,Cro,05,04
2011-10-16,1312,N23W68,121,0180,Hsx,03,01
2011-10-16,1313,S16W64,117,0070,Dso,05,05
2011-10-16,1314,N28W04,056,0330,Cho,05,04
2011-10-16,1316,S12E03,049,0340,Dhi,08,11
2011-10-16,1317,S26E15,037,0080,Hsx,02,01
2011-10-16,1318,N25W46,098,0020,Cso,02,04
2011-10-16,1319,N11E01,051,0240,Eai,11,30
2011-10-16,1320,S21W65,118,0010,Axx,05,04
2011-10-16,1321,N13E52,001,0010,Bxo,03,02
2011-10-16,1322,S27W51,104,0010,Bxo,05,04
2011-10-17,1312,N22W81,120,0180,Hsx,02,01
2011-10-17,1313,S16W78,117,0010,Axx,01,02
2011-10-17,1314,N28W18,057,0310,Cho,05,04
2011-10-17,1316,S12W11,050,0340,Dhi,08,11
2011-10-17,1317,S26E01,038,0080,Hsx,02,01
2011-10-17,1318,N21W58,097,0010,Axx,01,01
2011-10-17,1319,N11W13,052,0280,Eki,12,30
2011-10-17,1320,S21W76,115,0010,Axx,02,02
2011-10-17,1321,S14E37,002,0010,Bxo,04,02
2011-10-17,1322,S27W64,103,0010,Bxo,05,04
2011-10-18,1312,N22W96,122,0090,Hsx,04,01
2011-10-18,1313,S16W81,107,0010,Bxo,04,02
2011-10-18,1314,N27W30,056,0230,Cso,05,01
2011-10-18,1316,S12W25,050,0150,Dao,08,06
2011-10-18,1317,S27W11,037,0050,Hsx,02,01
2011-10-18,1318,N19W70,096,0030,Cso,03,02
2011-10-18,1319,N10W26,051,0420,Eki,12,32
2011-10-18,1321,S15E22,004,0020,Cro,05,03
2011-10-18,1322,S27W78,104,0070,Cso,07,03
2011-10-18,1323,N23E52,333,0010,Axx,01,02
2011-10-18,1324,N11E80,306,0090,Hax,03,02
2011-10-19,1314,N26W43,055,0240,Cso,06,04
2011-10-19,1316,S12W37,049,0140,Dao,08,07
2011-10-19,1317,S27W25,037,0050,Hsx,02,01
2011-10-19,1318,N19W85,097,0040,Cso,06,02
2011-10-19,1319,N11W39,051,0280,Eki,12,19
2011-10-19,1321,S14E09,003,0030,Cao,05,06
2011-10-19,1322,S27W93,105,0030,Hsx,02,01
2011-10-19,1323,N24E41,331,0020,Cso,07,02
2011-10-19,1324,N10E63,308,0110,Eai,12,12
2011-10-20,1314,N28W58,057,0260,Hhx,03,01
2011-10-20,1316,S12W49,049,0110,Dai,08,07
2011-10-20,1317,S27W37,036,0080,Hsx,02,01
2011-10-20,1319,N10W53,052,0330,Eki,12,16
2011-10-20,1321,S14W03,002,0020,Cro,06,06
2011-10-20,1324,N12E55,305,0340,Fkc,16,26
2011-10-20,1325,N16E82,278,0090,Hax,03,01
2011-10-21,1314,N29W69,055,0210,Hsx,04,01
2011-10-21,1316,S12W62,048,0060,Dso,09,06
2011-10-21,1317,S26W51,037,0060,Hsx,02,01
2011-10-21,1319,N11W66,052,0330,Eho,11,10
2011-10-21,1321,S14W18,004,0010,Bxo,06,04
2011-10-21,1324,N11E40,305,0360,Ekc,14,27
2011-10-21,1325,N14E67,279,0270,Dko,08,04
2011-10-21,1326,N16W36,022,0010,Cso,02,02
2011-10-21,1327,S22E10,336,0010,Bxi,04,05
2011-10-21,1328,N18E23,322,0010,Bxo,01,01
2011-10-22,1314,N29W83,056,0180,Hsx,03,01
2011-10-22,1316,S11W77,050,0010,Bxo,05,02
2011-10-22,1317,S26W65,038,0070,Hsx,02,01
2011-10-22,1319,N12W79,052,0330,Eho,12,07
2011-10-22,1321,S16W34,007,0010,Hrx,01,02
2011-10-22,1324,N10E27,306,0290,Eac,12,34
2011-10-22,1325,N15E54,279,0260,Dko,07,06
2011-10-22,1326,N16W48,022,0030,Cso,03,03
2011-10-22,1327,S21W03,336,0100,Dao,06,08
2011-10-22,1328,N17E07,325,0040,Dao,04,06
2011-10-22,1329,S30W42,015,0050,Cso,03,04
2011-10-23,1314,N29W93,053,0090,Hsx,04,01
2011-10-23,1317,S25W77,037,0050,Hsx,02,01
2011-10-23,1319,N13W89,049,0040,Cso,01,05
2011-10-23,1323,N25W11,331,0010,Axx,01,01
2011-10-23,1324,N10E14,306,0280,Eac,15,28
2011-10-23,1325,N15E43,277,0180,Dai,07,08
2011-10-23,1327,S21W15,335,0130,Dao,08,11
2011-10-23,1328,N17W06,326,0010,Bxo,03,03
2011-10-23,1329,S29W55,015,0010,Axx,01,01
2011-10-23,1330,N04E66,254,0210,Dso,05,05
2011-10-24,1324,N12W00,307,0150,Eai,15,26
2011-10-24,1325,N15E29,278,0180,Dao,07,08
2011-10-24,1327,S21W29,336,0130,Dao,08,11
2011-10-24,1330,N08E60,247,0210,Eao,13,05
2011-10-24,1331,N11W60,007,0010,Bxo,06,02
2011-10-25,1324,N12W13,307,0140,Eai,15,31
2011-10-25,1325,N16E16,278,0150,Dso,07,11
2011-10-25,1327,S20W41,335,0200,Dso,08,05
2011-10-25,1330,N08E45,249,0560,Eko,14,13
2011-10-25,1331,N09W73,007,0030,Cso,05,04
2011-10-25,1332,N32E77,217,0030,Hsx,02,01
2011-10-26,1324,N12W26,307,0140,Eai,14,30
2011-10-26,1325,N15E03,278,0100,Dso,08,11
2011-10-26,1327,S21W54,335,0080,Cso,05,04
2011-10-26,1330,N08E31,250,0450,Eho,14,12
2011-10-26,1331,N08W86,007,0030,Cro,05,03
2011-10-26,1332,N31E62,219,0060,Hsx,02,01
2011-10-27,1324,N12W38,306,0030,Dso,07,16
2011-10-27,1325,N17W12,280,0030,Cso,05,06
2011-10-27,1327,S20W67,335,0060,Cso,11,03
2011-10-27,1330,N09E18,250,0500,Eko,14,15
2011-10-27,1332,N31E49,219,0040,Hsx,02,01
2011-10-28,1324,N12W52,306,0050,Cso,06,03
2011-10-28,1325,N17W26,280,0010,Axx,01,01
2011-10-28,1327,S20W81,335,0060,Hsx,05,01
2011-10-28,1330,N08E05,249,0460,Eko,15,09
2011-10-28,1332,N31E35,219,0030,Hax,02,01
2011-10-28,1333,N16E12,242,0090,Dai,06,10
2011-10-29,1324,N12W62,303,0070,Dso,06,07
2011-10-29,1325,N16W40,280,0010,Axx,01,01
2011-10-29,1330,N04W09,249,0450,Eho,14,18
2011-10-29,1332,N31E22,218,0040,Hsx,02,02
2011-10-29,1333,N15W02,243,0050,Dso,06,13
2011-10-30,1324,N12W72,300,0070,Hsx,03,01
2011-10-30,1325,N17W52,279,0010,Axx,01,01
2011-10-30,1330,N07W22,249,0400,Fho,16,18
2011-10-30,1332,N31E10,217,0030,Hsx,01,01
2011-10-30,1333,N15W17,244,0020,Cro,03,02
2011-10-31,1324,N13W83,297,0020,Cso,03,02
2011-10-31,1330,N08W35,249,0380,Ehi,15,16
2011-10-31,1332,N30W02,216,0020,Hsx,01,01
2011-10-31,1333,N15W32,246,0010,Cro,02,02
2011-10-31,1334,N13E25,188,0070,Cso,06,09
2011-11-01,1330,N07W51,252,0400,Eko,14,12
2011-11-01,1332,N31W13,215,0020,Hsx,01,01
2011-11-01,1333,N10W45,245,0010,Axx,02,02
2011-11-01,1334,N12E11,189,0110,Cao,07,11
2011-11-01,1335,N19E16,184,0010,Bxo,04,02
2011-11-01,1336,N14E55,145,0010,Axx,01,01
2011-11-01,1337,N17E66,134,0040,Hsx,03,01
2011-11-02,1330,N06W65,253,0350,Dko,10,07
2011-11-02,1332,N31W27,215,0010,Axx,01,01
2011-11-02,1333,N09W59,246,0030,Cro,06,07
2011-11-02,1334,N12W03,190,0120,Dso,08,09
2011-11-02,1335,N18E02,185,0010,Bxo,05,03
2011-11-02,1336,N13E39,148,0040,Cso,04,06
2011-11-02,1337,N17E51,136,0010,Bxo,03,02
2011-11-02,1338,S12E69,118,0120,Dao,05,02
2011-11-02,1339,N22E71,117,0180,Dao,09,02
2011-11-03,1330,N05W82,256,0210,Cso,05,02
2011-11-03,1332,N30W40,215,0010,Axx,01,01
2011-11-03,1333,N10W71,245,0010,Bxo,06,03
2011-11-03,1334,N11W17,191,0080,Cso,07,06
2011-11-03,1335,N17W11,185,0010,Bxo,03,05
2011-11-03,1336,N12E26,148,0030,Dro,05,05
2011-11-03,1337,N17E38,136,0010,Bxo,02,03
2011-11-03,1338,S14E54,120,0230,Dao,07,05
2011-11-03,1339,N18E63,111,0560,Dkc,08,04
2011-11-04,1330,N08W95,256,0050,Dso,04,02
2011-11-04,1332,N31W53,215,0020,Hrx,01,01
2011-11-04,1334,N12W34,195,0070,Cso,03,03
2011-11-04,1335,N12W26,187,0010,Bxo,02,03
2011-11-04,1336,N11E12,149,0020,Cso,03,08
2011-11-04,1337,N17E26,135,0040,Dso,05,07
2011-11-04,1338,S14E40,121,0375,Ehi,11,20
2011-11-04,1339,N18E57,104,1400,Ekc,13,25
2011-11-05,1334,N12W47,195,0070,Hsx,02,02
2011-11-05,1337,N18E14,134,0010,Bxo,04,03
2011-11-05,1338,S14E28,120,0240,Dso,09,10
2011-11-05,1339,N19E45,102,1540,Fkc,17,33
2011-11-06,1334,N12W61,196,0060,Hsx,01,01
2011-11-06,1337,N18W00,135,0000,Bxo,04,03
2011-11-06,1338,S14E14,120,0220,Dso,10,08
2011-11-06,1339,N19E31,103,1250,Ekc,15,31
2011-11-06,1340,S09E61,073,0080,Hsx,01,01
2011-11-06,1341,N10E78,058,0100,Hsx,03,01
2011-11-06,1342,N18E76,060,0110,Dso,10,08
2011-11-07,1334,N12W73,195,0040,Hax,03,02
2011-11-07,1338,S14E02,120,0240,Dso,10,09
2011-11-07,1339,N20E20,102,1230,Fkc,16,42
2011-11-07,1340,S09E49,073,0080,Cao,02,01
2011-11-07,1341,N08E66,056,0120,Hsx,03,01
2011-11-07,1342,N18E62,060,0120,Dao,08,06
2011-11-07,1343,N29E76,046,0060,Hsx,04,01
2011-11-08,1334,N12W87,196,0040,Cso,02,02
2011-11-08,1338,S12W11,120,0240,Esi,11,16
2011-11-08,1339,N19E05,103,1240,Fkc,16,45
2011-11-08,1340,S09E36,072,0090,Hsx,02,01
2011-11-08,1341,N10E55,053,0180,Cao,10,03
2011-11-08,1342,N17E47,061,0170,Eao,11,05
2011-11-08,1343,N27E62,046,0140,Hsx,02,01
2011-11-08,1344,S22E06,102,0000,Axx,01,01
2011-11-09,1338,S14W25,121,0180,Esi,13,15
2011-11-09,1339,N19W08,104,0940,Ekc,15,40
2011-11-09,1340,S08E22,074,0080,Hsx,02,01
2011-11-09,1341,N11E41,055,0110,Dao,08,05
2011-11-09,1342,N18E34,061,0130,Eso,11,14
2011-11-09,1343,N28E49,047,0090,Hsx,02,01
2011-11-09,1344,S22W07,103,0000,Axx,01,02
2011-11-10,1336,N14W69,151,0001,Axx,02,02
2011-11-10,1337,N17W57,139,0001,Axx,01,01
2011-11-10,1338,S12W38,121,0230,Dso,08,11
2011-11-10,1339,N21W19,102,1030,Fkc,16,50
2011-11-10,1340,S09E09,074,0090,Hsx,02,01
2011-11-10,1341,N18E28,055,0210,Dso,06,08
2011-11-10,1342,N17E22,061,0310,Eho,13,18
2011-11-10,1343,N27E37,046,0110,Hsx,02,01
2011-11-10,1344,S22W19,102,0040,Dao,10,10
2011-11-10,1345,S25W01,084,0080,Cso,04,06
2011-11-11,1338,S13W51,120,0190,Cso,05,04
2011-11-11,1339,N19W33,102,1020,Fkc,16,45
2011-11-11,1340,S09W04,073,0080,Hsx,02,01
2011-11-11,1341,N08E14,055,0110,Cso,06,03
2011-11-11,1342,N15E15,054,0180,Cso,05,05
2011-11-11,1343,N27E23,046,0180,Hsx,02,01
2011-11-11,1344,S19W31,100,0060,Cro,04,07
2011-11-11,1345,S25W16,085,0090,Dro,07,06
2011-11-12,1338,S13W68,123,0140,Dao,05,02
2011-11-12,1339,N18W48,103,0590,Ekc,15,22
2011-11-12,1340,S09W17,072,0080,Hsx,02,01
2011-11-12,1341,N08E02,053,0090,Cso,08,07
2011-11-12,1342,N16W10,065,0100,Cso,02,02
2011-11-12,1343,N26E12,044,0120,Hsx,02,01
2011-11-12,1344,S18W45,100,0060,Dso,08,06
2011-11-12,1345,S26W29,085,0060,Dso,08,06
2011-11-13,1338,S14W79,121,0120,Dao,04,06
2011-11-13,1339,N18W62,104,0650,Dac,09,26
2011-11-13,1340,S09W31,073,0080,Hsx,02,01
2011-11-13,1341,N11W14,056,0080,Cso,04,04
2011-11-13,1342,N15W22,064,0140,Hsx,02,02
2011-11-13,1343,N27W01,044,0140,Hsx,02,01
2011-11-13,1344,S19W59,101,0200,Dai,10,22
2011-11-13,1345,S26W41,084,0070,Dso,09,02
2011-11-13,1346,S17E64,338,0080,Hsx,02,01
2011-11-14,1338,S13W91,120,0030,Cro,03,02
2011-11-14,1339,N19W75,104,0360,Dai,08,11
2011-11-14,1340,S08W44,073,0080,Hsx,01,01
2011-11-14,1341,N10W22,051,0080,Cso,12,07
2011-11-14,1342,N16W34,063,0150,Hsx,02,01
2011-11-14,1343,N28W14,043,0120,Hsx,02,01
2011-11-14,1344,S18W73,102,0240,Esi,11,11
2011-11-14,1345,S25W54,083,0030,Cro,08,03
2011-11-14,1346,S21E57,331,0110,Cso,12,02
2011-11-14,1347,N07E53,346,0030,Cro,04,03
2011-11-15,1339,N19W89,106,0240,Dso,08,03
2011-11-15,1340,S08W57,075,0070,Hsx,02,01
2011-11-15,1341,N09W35,052,0070,Dso,10,07
2011-11-15,1342,N17W48,065,0110,Hsx,02,01
2011-11-15,1343,N28W26,043,0070,Hsx,02,01
2011-11-15,1344,S17W86,103,0060,Cso,08,03
2011-11-15,1345,S24W71,089,0010,Hsx,02,01
2011-11-15,1346,S18E40,337,0110,Cso,08,03
2011-11-15,1347,N08E28,349,0030,Cro,04,03
2011-11-15,1348,N20W70,087,0060,Dso,10,12
2011-11-15,1349,N15W02,019,0010,Bxo,03,03
2011-11-15,1350,N26E67,310,0040,Dso,07,03
2011-11-15,1351,S23E51,326,0020,Bxo,04,05
2011-11-16,1340,S08W70,074,0070,Hsx,02,01
2011-11-16,1341,N09W49,053,0120,Dso,10,07
2011-11-16,1342,N17W62,066,0110,Hsx,03,01
2011-11-16,1343,N28W39,043,0070,Hsx,02,01
2011-11-16,1346,S18E27,337,0120,Dso,04,05
2011-11-16,1347,N08E14,350,0030,Hax,04,02
2011-11-16,1348,N20W84,088,0120,Dso,08,05
2011-11-16,1349,N15W16,020,0020,Cro,04,08
2011-11-16,1350,N26E53,311,0170,Dso,08,05
2011-11-16,1351,S24E37,327,0010,Bxo,04,02
2011-11-17,1340,S08W83,072,0060,Hsx,02,01
2011-11-17,1341,N09W64,054,0130,Dso,09,05
2011-11-17,1342,N15W73,063,0170,Hsx,03,01
2011-11-17,1343,N28W51,042,0090,Hsx,02,01
2011-11-17,1346,S18E10,339,0140,Dso,05,06
2011-11-17,1347,N09E04,347,0010,Axx,01,01
2011-11-17,1349,N17W29,019,0010,Bxo,05,03
2011-11-17,1350,N26E42,308,0140,Dso,07,04
2011-11-17,1352,S23E65,285,0150,Cso,07,01
2011-11-18,1341,N09W76,053,0080,Dso,09,03
2011-11-18,1342,N16W87,063,0110,Hsx,03,01
2011-11-18,1343,N27W64,041,0050,Hsx,02,01
2011-11-18,1346,S18W03,339,0060,Cso,04,03
2011-11-18,1347,N08W10,346,0020,Hsx,00,01
2011-11-18,1350,N26E29,307,0080,Dso,07,02
2011-11-18,1352,S24E53,283,0140,Eso,12,03
2011-11-18,1353,N08E76,261,0030,Hsx,02,01
2011-11-18,1354,S15E73,265,0130,Dao,10,06
2011-11-19,1341,N08W91,055,0010,Axx,01,01
2011-11-19,1343,N28W76,040,0050,Hsx,01,01
2011-11-19,1346,S17W17,341,0080,Cso,05,07
2011-11-19,1347,N08W24,348,0010,Axx,01,01
2011-11-19,1350,N26E16,308,0070,Dso,08,07
2011-11-19,1351,S23W04,328,0010,Axx,03,04
2011-11-19,1352,S23E41,283,0170,Eso,11,04
2011-11-19,1353,N07E57,266,0030,Hrx,01,01
2011-11-19,1354,S15E56,267,0210,Dso,08,08
2011-11-19,1355,N14E73,251,0060,Cao,03,03
2011-11-20,1343,N27W87,038,0040,Hsx,02,01
2011-11-20,1346,S18W29,340,0060,Hsx,05,06
2011-11-20,1347,N06W37,347,0010,Axx,02,03
2011-11-20,1349,N15W67,018,0010,Bxo,03,02
2011-11-20,1350,N25E03,308,0040,Cso,07,04
2011-11-20,1351,S24W17,328,0010,Hrx,01,02
2011-11-20,1352,S24E26,285,0110,Cso,12,06
2011-11-20,1353,N07E44,266,0040,Hsx,02,01
2011-11-20,1354,S17E44,267,0220,Dsi,10,12
2011-11-20,1355,N14E58,253,0090,Hsx,02,01
2011-11-20,1356,N14E81,229,0060,Hsx,05,01
2011-11-21,1346,S18W44,342,0040,Cso,05,03
2011-11-21,1352,S25E15,282,0120,Dso,09,07
2011-11-21,1353,N07E32,265,0020,Hsx,03,02
2011-11-21,1354,S17E30,268,0220,Dai,10,12
2011-11-21,1355,N14E44,254,0090,Hsx,02,01
2011-11-21,1356,N14E63,234,0110,Hsx,02,01
2011-11-21,1357,N17W18,316,0020,Dro,05,05
2011-11-22,1346,S17W56,341,0050,Cso,04,03
2011-11-22,1352,S24W00,284,0070,Cso,03,03
2011-11-22,1353,N07E17,268,0020,Cro,01,03
2011-11-22,1354,S16E17,268,0080,Dso,08,07
2011-11-22,1355,N15E32,253,0140,Cao,04,05
2011-11-22,1356,N15E55,230,0400,Ehc,11,06
2011-11-22,1357,N17W30,315,0020,Cro,07,04
2011-11-23,1346,S16W68,340,0040,Cso,04,05
2011-11-23,1352,S25W13,285,0070,Cso,03,04
2011-11-23,1353,N08E05,267,0010,Axx,03,01
2011-11-23,1354,S17E05,267,0050,Cao,04,10
2011-11-23,1355,N14E19,253,0130,Dso,04,12
2011-11-23,1356,N15E42,230,0340,Fki,17,09
2011-11-23,1357,N17W41,313,0040,Cao,06,10
2011-11-23,1358,N20E80,192,0050,Hsx,01,01
2011-11-24,1346,S15W82,340,0030,Cso,03,03
2011-11-24,1352,S25W27,285,0060,Hsx,02,01
2011-11-24,1353,N08W10,267,0010,Axx,02,02
2011-11-24,1354,S17W09,267,0040,Cso,04,07
2011-11-24,1355,N14E06,252,0100,Cso,04,10
2011-11-24,1356,N15E28,230,0300,Eao,13,11
2011-11-24,1357,N18W55,313,0040,Dso,06,08
2011-11-24,1358,N19E63,195,0090,Hsx,02,01
2011-11-25,1352,S26W39,284,0070,Hsx,03,01
2011-11-25,1353,N07W23,267,0010,Axx,02,01
2011-11-25,1354,S17W23,268,0040,Dao,04,08
2011-11-25,1355,N10W06,250,0120,Cso,07,12
2011-11-25,1356,N15E16,229,0310,Ehi,13,16
2011-11-25,1357,N17W68,313,0060,Dai,07,07
2011-11-25,1358,N19E53,192,0120,Dsi,08,07
2011-11-25,1359,N16W52,297,0020,Cao,04,07
2011-11-26,1352,S24W52,283,0030,Hsx,01,01
2011-11-26,1353,N08W35,266,0010,Hsx,02,01
2011-11-26,1354,S15W36,267,0025,Cso,06,05
2011-11-26,1355,N14W20,251,0080,Hsx,02,02
2011-11-26,1356,N16E03,228,0220,Esi,14,23
2011-11-26,1357,N18W83,314,0060,Dso,07,06
2011-11-26,1358,N20E41,190,0170,Eai,11,19
2011-11-26,1359,N16W65,296,0050,Dao,06,07
2011-11-26,1360,N17E17,213,0050,Cao,02,06
2011-11-26,1361,N19E59,172,0005,Axx,00,01
2011-11-27,1352,S23W65,283,0040,Hsx,01,01
2011-11-27,1353,N08W49,267,0020,Cro,02,02
2011-11-27,1354,S16W50,268,0000,Axx,00,01
2011-11-27,1355,N14W34,252,0080,Hsx,02,01
2011-11-27,1356,N16W10,228,0190,Eso,12,05
2011-11-27,1358,N20E28,190,0220,Eao,11,09
2011-11-27,1359,N17W79,297,0010,Cao,07,02
2011-11-27,1360,N17E03,215,0020,Cro,04,04
2011-11-27,1361,N19E46,172,0010,Cao,03,02
2011-11-28,1352,S23W77,283,0040,Hsx,00,01
2011-11-28,1353,N08W62,267,0010,Cro,00,03
2011-11-28,1355,N14W47,252,0070,Hsx,02,03
2011-11-28,1356,N16W23,228,0170,Eso,13,07
2011-11-28,1358,N20E15,190,0210,Eai,11,16
2011-11-28,1360,N17W10,215,0010,Cro,05,03
2011-11-28,1361,N19E34,171,0030,Dao,02,07
2011-11-28,1362,N08E76,130,0090,Cso,02,03
2011-11-29,1355,N14W60,252,0050,Hsx,02,01
2011-11-29,1356,N16W38,228,0080,Eso,12,03
2011-11-29,1358,N20W00,192,0080,Dso,07,09
2011-11-29,1360,N17W32,215,0030,Dso,03,03
2011-11-29,1361,N18E21,171,0040,Dso,04,05
2011-11-29,1362,N07E60,132,0070,Cao,08,09
2011-11-30,1355,N14W73,251,0040,Hsx,01,01
2011-11-30,1356,N16W50,228,0080,Eso,12,04
2011-11-30,1358,N20W12,190,0130,Dsi,09,12
2011-11-30,1361,N18E07,171,0080,Dso,05,09
2011-11-30,1362,N08E49,129,0110,Dso,08,08
2011-11-30,1363,S18E67,111,0040,Hsx,02,01
2011-11-30,1364,N17E73,106,0030,Hsx,02,01
2011-12-01,1355,N15W87,252,0060,Hsx,02,01
2011-12-01,1356,N17W62,227,0060,Eso,11,04
2011-12-01,1358,N22W24,189,0120,Cso,10,08
2011-12-01,1361,N18W06,171,0080,Dsi,08,17
2011-12-01,1362,N07E36,129,0130,Dsi,07,07
2011-12-01,1363,S19E55,111,0110,Dso,06,03
2011-12-01,1364,N18E60,105,0060,Hsx,02,01
2011-12-02,1356,N17W76,229,0050,Cso,11,03
2011-12-02,1358,N21W38,190,0090,Cso,11,03
2011-12-02,1361,N19W18,170,0060,Dsi,08,07
2011-12-02,1362,N08E22,130,0180,Dai,09,10
2011-12-02,1363,S20E42,110,0120,Dsi,08,05
2011-12-02,1364,N18E48,104,0040,Hsx,02,01
2011-12-03,1358,N20W54,193,0090,Cso,05,03
2011-12-03,1361,N20W32,171,0060,Dso,06,07
2011-12-03,1362,N08E08,130,0170,Dsi,10,12
2011-12-03,1363,S20E29,110,0250,Ehi,11,15
2011-12-03,1364,N19E34,104,0040,Cso,02,04
2011-12-03,1365,N20E13,125,0020,Cso,02,05
2011-12-04,1358,N19W68,194,0050,Cso,03,03
2011-12-04,1361,N19W45,171,0090,Dai,08,11
2011-12-04,1362,N08W06,131,0220,Eso,11,16
2011-12-04,1363,S22E16,109,0330,Ehi,11,29
2011-12-04,1364,N18E20,105,0060,Hsx,02,01
2011-12-04,1365,N20E01,124,0060,Dai,05,07
2011-12-04,1366,N17E65,060,0060,Hsx,02,01
2011-12-05,1358,N20W82,195,0040,Cso,01,03
2011-12-05,1361,N19W58,171,0060,Dao,07,07
2011-12-05,1362,N08W18,131,0180,Eso,11,17
2011-12-05,1363,S21E04,108,0430,Eki,11,30
2011-12-05,1364,N18E08,105,0050,Hsx,01,01
2011-12-05,1365,N20W12,125,0120,Dai,07,12
2011-12-05,1366,N17E51,061,0080,Hsx,02,01
2011-12-05,1367,S18E36,077,0000,Bxo,00,03
2011-12-06,1361,N18W71,170,0090,Dai,08,10
2011-12-06,1362,N07W32,130,0170,Dso,10,19
2011-12-06,1363,S21W09,108,0620,Eki,11,35
2011-12-06,1364,N18W05,104,0060,Hsx,02,01
2011-12-06,1365,N19W26,125,0110,Dai,06,16
2011-12-06,1366,N18E38,061,0070,Hsx,02,01
2011-12-06,1367,S18E22,077,0015,Dao,02,04
2011-12-06,1368,S18E58,042,0020,Cao,02,05
2011-12-06,1369,N22E43,057,0020,Cao,02,04
2011-12-07,1361,N18W81,167,0010,Bxo,05,02
2011-12-07,1362,N06W46,132,0110,Eso,11,07
2011-12-07,1363,S22W20,106,0340,Ehi,11,19
2011-12-07,1364,N19W15,102,0040,Hsx,01,01
2011-12-07,1365,N21W38,124,0020,Cso,07,13
2011-12-07,1366,N18E25,061,0080,Dso,05,02
2011-12-07,1367,S18E09,077,0010,Bxo,05,03
2011-12-07,1368,S16E41,045,0010,Bxo,03,03
2011-12-07,1369,N22E29,058,0010,Bxo,03,03
2011-12-08,1362,N06W59,132,0180,Eso,11,03
2011-12-08,1363,S22W32,105,0400,Ehi,11,12
2011-12-08,1364,N18W30,103,0060,Hsx,02,01
2011-12-08,1365,N17W48,121,0010,Axx,01,01
2011-12-08,1366,N17E13,060,0070,Cso,05,02
2011-12-08,1367,S26W03,076,0010,Bxo,04,04
2011-12-08,1370,S24W03,076,0010,Bxo,03,06
2011-12-08,1371,N09E13,060,0010,Hrx,00,01
2011-12-08,1372,N10E28,045,0000,Bxo,09,02
2011-12-09,1362,N07W72,131,0060,Cso,09,03
2011-12-09,1363,S21W47,107,0270,Dho,10,07
2011-12-09,1364,N17W43,103,0060,Dso,04,05
2011-12-09,1365,N16W77,124,0070,Cso,02,02
2011-12-09,1366,N18E01,059,0040,Cso,05,02
2011-12-09,1367,S26W15,075,0030,Cso,05,03
2011-12-09,1371,N09W01,062,0010,Hrx,00,01
2011-12-09,1372,N10E14,047,0000,Bxo,09,02
2011-12-09,1373,S30W39,099,0020,Dro,04,02
2011-12-09,1374,S16E68,351,0150,Cso,03,02
2011-12-09,1375,N08E70,354,0010,Bxo,03,03
2011-12-10,1362,N07W85,131,0060,Hsx,07,01
2011-12-10,1363,S20W62,109,0280,Dho,08,03
2011-12-10,1364,N17W57,104,0080,Cso,04,03
2011-12-10,1365,N16W91,138,0120,Hsx,10,01
2011-12-10,1366,N18W13,060,0050,Cso,07,02
2011-12-10,1372,N08E03,043,0040,Dso,04,06
2011-12-10,1373,S31W51,098,0020,Bxo,06,05
2011-12-10,1374,S17E54,353,0160,Hsx,03,02
2011-12-10,1375,N09E52,356,0070,Cso,06,03
2011-12-11,1363,S20W74,108,0250,Hhx,06,01
2011-12-11,1364,N18W71,105,0050,Cso,04,02
2011-12-11,1366,N18W27,061,0050,Hsx,03,01
2011-12-11,1367,S18W47,081,0010,Hsx,02,01
2011-12-11,1372,N08W10,044,0040,Dso,06,09
2011-12-11,1374,S17E41,353,0140,Hsx,03,02
2011-12-11,1375,N09E39,355,0080,Cso,07,04
2011-12-12,1363,S24W85,106,0250,Hhx,03,03
2011-12-12,1364,N18W82,103,0050,Hsx,02,01
2011-12-12,1366,N18W40,061,0060,Hsx,03,01
2011-12-12,1367,S18W61,082,0010,Bxo,04,04
2011-12-12,1372,N08W22,043,0010,Bxo,07,06
2011-12-12,1374,S17E29,352,0210,Dso,03,09
2011-12-12,1375,N09E25,356,0140,Cso,05,09
2011-12-13,1366,N18W55,062,0050,Hsx,02,01
2011-12-13,1372,N10W36,043,0010,Bxo,06,06
2011-12-13,1374,S17E15,352,0150,Dso,04,06
2011-12-13,1375,N08E11,356,0070,Cso,04,04
2011-12-14,1366,N17W67,061,0050,Hsx,01,01
2011-12-14,1367,S18W89,083,0020,Hrx,01,01
2011-12-14,1372,N08W49,043,0010,Bxo,03,02
2011-12-14,1374,S18E01,353,0140,Cao,04,07
2011-12-14,1375,N08W03,357,0050,Cso,03,03
2011-12-14,1376,N21E52,302,0010,Bxo,10,03
2011-12-15,1366,N18W81,062,0050,Hsx,02,01
2011-12-15,1374,S18W11,352,0120,Dso,03,04
2011-12-15,1375,N08W16,357,0040,Hsx,01,02
2011-12-15,1376,N20E39,301,0010,Bxo,05,04
2011-12-15,1377,N12E43,297,0060,Dro,05,04
2011-12-16,1374,S18W25,352,0160,Dso,03,05
2011-12-16,1375,N08W30,358,0050,Hsx,02,01
2011-12-16,1377,N11E29,298,0070,Dso,06,08
2011-12-17,1374,S18W37,351,0100,Dso,03,04
2011-12-17,1375,N08W43,358,0040,Hsx,01,01
2011-12-17,1377,N12E15,299,0070,Dso,07,09
2011-12-17,1378,S17W09,324,0040,Dso,05,06
2011-12-18,1374,S18W50,352,0100,Cao,03,04
2011-12-18,1375,N08W57,358,0030,Hsx,01,01
2011-12-18,1376,N21W04,306,0000,Axx,00,01
2011-12-18,1377,N12E03,298,0050,Dso,08,09
2011-12-18,1378,S17W21,323,0010,Bxo,04,04
2011-12-18,1379,S29W22,324,0030,Cro,03,05
2011-12-18,1380,S20E70,232,0030,Hrx,01,01
2011-12-19,1374,S18W63,351,0080,Hsx,02,01
2011-12-19,1375,N09W70,358,0020,Hrx,01,01
2011-12-19,1376,N20W18,306,0020,Dro,02,03
2011-12-19,1377,N12W11,299,0040,Dao,08,04
2011-12-19,1379,S29W33,321,0010,Axx,01,02
2011-12-19,1380,S20E55,233,0030,Hrx,02,02
2011-12-19,1381,S18E19,268,0040,Dao,03,05
2011-12-19,1382,S18E25,263,0030,Dro,03,05
2011-12-20,1374,S18W76,351,0070,Hsx,02,01
2011-12-20,1375,N08W83,357,0040,Hsx,02,01
2011-12-20,1376,N19W31,306,0020,Cro,02,07
2011-12-20,1377,N13W24,298,0020,Cro,07,03
2011-12-20,1379,S29W47,322,0020,Cro,04,03
2011-12-20,1380,S20E43,231,0030,Cao,02,06
2011-12-20,1381,S18E10,265,0080,Dai,04,09
2011-12-20,1382,S18E18,257,0100,Dai,06,12
2011-12-20,1383,N04E68,207,0020,Hsx,00,01
2011-12-21,1374,S19W90,352,0050,Hsx,02,01
2011-12-21,1376,N19W46,308,0040,Dai,04,14
2011-12-21,1377,N12W40,302,0010,Bxo,01,03
2011-12-21,1380,S21E31,230,0030,Cao,03,04
2011-12-21,1381,S17W01,263,0090,Dao,07,08
2011-12-21,1382,S19E06,256,0120,Dai,03,13
2011-12-21,1383,N03E53,208,0040,Hsx,02,01
2011-12-21,1384,N12E61,201,0090,Dao,04,04
2011-12-22,1376,N20W59,308,0090,Dsi,08,11
2011-12-22,1381,S15W17,265,0070,Cso,04,07
2011-12-22,1382,S14W10,258,0140,Dsc,09,17
2011-12-22,1383,N04E39,209,0020,Hsx,01,01
2011-12-22,1384,N14E52,196,0210,Cao,08,07
2011-12-23,1376,N18W72,308,0440,Dko,10,13
2011-12-23,1381,S18W28,264,0180,Dai,09,15
2011-12-23,1382,S19W21,257,0050,Dai,04,09
2011-12-23,1383,N03E25,209,0020,Hrx,01,01
2011-12-23,1384,N12E37,198,0300,Dko,09,17
2011-12-24,1376,N16W84,308,0330,Dko,08,07
2011-12-24,1381,S20W44,266,0040,Dao,03,08
2011-12-24,1382,S18W35,257,0100,Dsi,07,15
2011-12-24,1383,N03E13,209,0010,Axx,02,03
2011-12-24,1384,N13E25,197,0500,Dho,10,12
2011-12-24,1385,S31W02,224,0030,Dso,04,07
2011-12-24,1386,S16E72,150,0030,Hsx,01,01
2011-12-25,1381,S19W54,264,0150,Hsx,03,02
2011-12-25,1382,S18W48,257,0030,Cso,07,08
2011-12-25,1383,N03W00,209,0020,Cso,02,03
2011-12-25,1384,N13E12,197,0480,Eho,11,13
2011-12-25,1385,S32W16,225,0010,Bxo,06,02
2011-12-25,1386,S18E64,146,0120,Dso,10,02
2011-12-26,1381,S18W68,265,0100,Cso,03,02
2011-12-26,1383,N03W14,211,0010,Hsx,01,01
2011-12-26,1384,N13W00,197,0330,Dhi,10,07
2011-12-26,1386,S18E49,148,0120,Dso,07,03
2011-12-26,1387,S22W28,225,0030,Dao,04,03
2011-12-27,1380,S21W53,237,0010,Bxo,02,03
2011-12-27,1381,S18W80,263,0120,Hsx,02,01
2011-12-27,1383,N04W26,210,0010,Bxo,00,02
2011-12-27,1384,N13W14,198,0330,Dhi,10,10
2011-12-27,1385,S34W41,225,0010,Bxo,04,02
2011-12-27,1386,S17E37,147,0200,Esi,12,18
2011-12-27,1387,S22W42,226,0130,Dai,07,17
2011-12-28,1380,S20W66,236,0010,Bxo,02,03
2011-12-28,1381,S18W93,263,0080,Hsx,02,01
2011-12-28,1383,N04W40,210,0000,Axx,01,01
2011-12-28,1384,N12W27,197,0350,Dho,09,09
2011-12-28,1385,S32W53,223,0010,Bxo,06,02
2011-12-28,1386,S18E22,148,0200,Dai,09,12
2011-12-28,1387,S21W57,227,0290,Dki,07,17
2011-12-28,1388,S23E67,103,0090,Hsx,02,01
2011-12-29,1383,N04W55,212,0005,Bxo,01,03
2011-12-29,1384,N12W42,198,0350,Cko,08,10
2011-12-29,1386,S18E08,148,0180,Dai,07,15
2011-12-29,1387,S21W70,226,0290,Dki,10,14
2011-12-29,1388,S24E55,102,0100,Hsx,02,01
2011-12-29,1389,S20E70,086,0200,Dso,05,06
2011-12-29,1390,N09E44,113,0010,Bxo,02,03
2011-12-30,1383,N04W68,212,0005,Hrx,00,01
2011-12-30,1384,N12W55,199,0340,Cko,07,05
2011-12-30,1386,S17W05,149,0140,Dsi,08,09
2011-12-30,1387,S19W83,227,0170,Dao,09,05
2011-12-30,1388,S23E41,103,0070,Hsx,02,01
2011-12-30,1389,S23E58,086,0290,Eki,15,08
2011-12-30,1390,N08E29,115,0010,Cao,05,06
2011-12-31,1384,N12W70,200,0310,Cho,04,03
2011-12-31,1386,S18W18,148,0100,Eso,11,12
2011-12-31,1388,S23E29,102,0060,Hsx,03,01
2011-12-31,1389,S23E44,087,0500,Ekc,12,15
2011-12-31,1390,N09E14,116,0040,Cso,07,08
2012-01-01,1384,N11W83,200,0250,Hhx,03,01
2012-01-01,1386,S18W32,149,0070,Dso,04,03
2012-01-01,1388,S24E15,102,0060,Hsx,02,01
2012-01-01,1389,S23E31,087,0400,Ekc,13,09
2012-01-01,1390,N09W00,117,0010,Bxo,10,04
2012-01-02,1386,S18W44,149,0060,Hsx,02,03
2012-01-02,1388,S24E02,102,0080,Hsx,02,01
2012-01-02,1389,S22E17,086,0420,Fko,16,16
2012-01-03,1386,S17W57,147,0050,Hsx,02,01
2012-01-03,1388,S24W14,104,0060,Hsx,02,01
2012-01-03,1389,S22E08,083,0330,Fkc,16,21
2012-01-03,1390,N10W29,120,0010,Bxo,05,09
2012-01-03,1391,N13E81,010,0120,Hsx,09,01
2012-01-04,1386,S18W69,147,0070,Hsx,03,01
2012-01-04,1388,S23W24,101,0060,Hsx,05,01
2012-01-04,1389,S22W04,081,0240,Eso,14,20
2012-01-04,1390,N10W42,120,0030,Dro,06,09
2012-01-04,1391,N12E65,012,0240,Hsx,03,01
2012-01-04,1392,N20E09,068,0010,Bxo,04,03
2012-01-05,1386,S17W87,150,0030,Hsx,03,01
2012-01-05,1388,S24W36,100,0060,Cao,02,01
2012-01-05,1389,S22W16,081,0280,Fko,16,14
2012-01-05,1390,N10W58,122,0070,Cai,09,16
2012-01-05,1391,N12E54,010,0510,Cho,08,04
2012-01-05,1392,N20W04,069,0010,Bxo,06,05
2012-01-06,1388,S26W48,099,0050,Hsx,01,01
2012-01-06,1389,S23W29,080,0200,Cao,03,05
2012-01-06,1390,N09W71,122,0170,Dao,09,12
2012-01-06,1391,N13E40,011,0420,Dho,09,10
2012-01-06,1392,N21W19,070,0010,Bxo,03,02
2012-01-06,1393,N18W03,054,0040,Dao,06,09
2012-01-07,1388,S26W61,099,0060,Hsx,02,01
2012-01-07,1389,S21W45,083,0230,Cao,11,03
2012-01-07,1390,N08W84,122,0210,Dao,10,08
2012-01-07,1391,N13E28,010,0420,Dki,10,19
2012-01-07,1392,N19W32,070,0040,Dao,06,08
2012-01-07,1393,N17W16,054,0030,Cro,04,07
2012-01-07,1394,N18E42,356,0010,Axx,06,02
2012-01-08,1388,S24W73,098,0050,Cso,04,02
2012-01-08,1389,S21W61,086,0210,Hsx,02,01
2012-01-08,1391,N13E14,010,0370,Dko,09,12
2012-01-08,1392,N19W46,071,0050,Dao,07,05
2012-01-08,1393,N16W30,054,0100,Dao,05,10
2012-01-08,1394,N18E26,358,0010,Bxo,03,02
2012-01-09,1388,S26W92,101,0030,Hsx,01,01
2012-01-09,1389,S20W75,086,0180,Hsx,04,01
2012-01-09,1391,N13W00,010,0300,Dko,10,12
2012-01-09,1392,N19W58,069,0020,Cso,03,02
2012-01-09,1393,N16W45,056,0250,Dki,08,13
2012-01-09,1395,N22E59,312,0120,Hsx,03,01
2012-01-10,1389,S19W88,087,0210,Hsx,02,01
2012-01-10,1391,N12W12,011,0280,Dsc,10,22
2012-01-10,1392,N18W68,066,0010,Axx,01,01
2012-01-10,1393,N15W57,056,0520,Eki,11,15
2012-01-10,1395,N22E48,311,0160,Hsx,02,01
2012-01-11,1391,N12W25,011,0270,Dki,10,22
2012-01-11,1393,N17W70,056,0530,Eki,12,08
2012-01-11,1395,N22E35,311,0180,Cao,03,03
2012-01-12,1391,N12W37,010,0270,Ekc,12,20
2012-01-12,1393,N16W84,057,0560,Eko,13,10
2012-01-12,1395,N21E21,312,0090,Hsx,02,04
2012-01-13,1391,N12W51,011,0180,Cao,09,11
2012-01-13,1395,N21E07,313,0070,Hsx,01,02
2012-01-13,1396,N25E32,287,0010,Bxo,03,02
2012-01-14,1391,N12W67,014,0120,Dao,06,11
2012-01-14,1395,N21W06,312,0040,Hsx,02,02
2012-01-14,1396,N26E18,288,0070,Dai,05,10
2012-01-14,1397,S20E28,277,0040,Dao,03,04
2012-01-14,1398,N13W08,314,0015,Dao,03,04
2012-01-15,1391,N12W80,013,0120,Dao,05,09
2012-01-15,1395,N21W18,311,0020,Hsx,02,02
2012-01-15,1396,N27E06,287,0110,Dao,07,15
2012-01-15,1397,S20E14,278,0030,Dao,05,04
2012-01-15,1398,N14W22,315,0050,Dao,06,13
2012-01-15,1399,S24E69,224,0030,Cao,03,04
2012-01-15,1400,S14W04,297,0010,Cro,03,03
2012-01-15,1401,N15E73,215,0040,Hsx,02,02
2012-01-15,1402,N26E75,212,0100,Hsx,03,03
2012-01-16,1395,N20W31,311,0010,Hsx,01,02
2012-01-16,1396,N25W07,287,0080,Dao,04,10
2012-01-16,1397,S20E02,278,0015,Cao,05,03
2012-01-16,1398,N12W36,315,0050,Dao,06,09
2012-01-16,1399,S23E54,225,0020,Hax,01,02
2012-01-16,1400,S13W17,296,0010,Cso,02,02
2012-01-16,1401,N17E60,218,0200,Dai,07,14
2012-01-16,1402,N27E64,215,0270,Dho,06,07
2012-01-16,1403,S19E29,250,0010,Bxo,02,02
2012-01-17,1395,N20W44,311,0010,Hsx,02,01
2012-01-17,1396,N25W19,286,0040,Dso,04,10
2012-01-17,1398,N12W50,317,0050,Cro,05,05
2012-01-17,1399,S22E43,224,0020,Hsx,01,01
2012-01-17,1401,N17E51,216,0420,Eso,12,13
2012-01-17,1402,N28E53,214,0480,Cko,07,06
2012-01-17,1404,N12W29,296,0030,Dso,03,03
2012-01-17,1405,N13E65,202,0020,Hsx,02,01
2012-01-18,1396,N24W33,287,0030,Dro,04,17
2012-01-18,1398,N11W64,318,0010,Bxo,01,03
2012-01-18,1399,S23E29,225,0020,Hrx,02,01
2012-01-18,1401,N18E38,216,0480,Ekc,13,18
2012-01-18,1402,N28E40,214,0630,Eko,11,07
2012-01-18,1403,S19E02,252,0010,Bxo,03,05
2012-01-18,1404,N11W42,296,0010,Bxo,03,03
2012-01-18,1405,N13E51,203,0050,Hsx,01,01
2012-01-18,1406,S23W55,309,0030,Dro,04,07
2012-01-19,1396,N25W44,285,0010,Bxo,02,04
2012-01-19,1399,S23E17,224,0020,Hsx,01,01
2012-01-19,1401,N16E27,214,0450,Ekc,15,18
2012-01-19,1402,N28E27,214,0550,Dko,08,08
2012-01-19,1403,S19W11,252,0020,Cro,03,05
2012-01-19,1405,N11E39,202,0040,Hsx,02,02
2012-01-19,1406,S24W68,309,0030,Cso,04,02
2012-01-19,1407,N17E13,228,0010,Bxo,01,02
2012-01-20,1399,S23E03,223,0010,Axx,01,01
2012-01-20,1401,N18E13,213,0540,Eki,15,22
2012-01-20,1402,N29E15,211,0500,Dko,09,12
2012-01-20,1403,S19W24,250,0030,Cro,04,05
2012-01-20,1405,N13E25,201,0040,Hsx,01,01
2012-01-20,1406,S24W84,310,0010,Axx,01,01
2012-01-20,1407,N17W00,227,0010,Bxo,04,05
2012-01-21,1401,N16W00,213,0380,Eki,15,19
2012-01-21,1402,N28E03,211,0310,Dki,09,09
2012-01-21,1405,N11E13,200,0030,Hsx,01,01
2012-01-21,1407,N17W13,227,0050,Dso,06,08
2012-01-22,1401,N17W12,213,0350,Eki,15,19
2012-01-22,1402,N29W11,212,0360,Dko,07,07
2012-01-22,1405,N13E01,200,0030,Cso,04,04
2012-01-22,1407,N17W28,229,0070,Dro,08,10
2012-01-22,1408,N06E68,132,0120,Hax,03,01
2012-01-22,1409,N16E50,150,0000,Axx,00,01
2012-01-23,1401,N16W26,213,0260,Eki,15,21
2012-01-23,1402,N29W23,211,0370,Dko,07,08
2012-01-23,1405,N12W13,200,0010,Axx,01,01
2012-01-23,1407,N17W41,228,0070,Dso,09,08
2012-01-23,1408,N08E57,131,0070,Hsx,02,02
2012-01-23,1409,N19E40,147,0010,Bxo,02,03
2012-01-24,1401,N16W39,214,0170,Eso,14,22
2012-01-24,1402,N28W36,211,0290,Cko,07,11
2012-01-24,1405,N13W24,199,0030,Cso,10,05
2012-01-24,1407,N16W53,228,0050,Dso,09,05
2012-01-24,1408,N08E44,131,0100,Hsx,03,02
2012-01-24,1409,N09E27,148,0100,Cao,02,03
2012-01-25,1401,N16W52,214,0170,Eso,14,22
2012-01-25,1402,N29W49,211,0370,Dhi,06,12
2012-01-25,1405,N12W37,199,0030,Cso,12,03
2012-01-25,1407,N15W66,228,0100,Cso,03,04
2012-01-25,1408,N08E31,131,0100,Hsx,03,02
2012-01-25,1409,N18E14,148,0110,Hsx,03,02
2012-01-26,1401,N16W66,215,0050,Cso,06,06
2012-01-26,1402,N26W60,209,0200,Dai,07,06
2012-01-26,1405,N12W48,197,0020,Cso,06,02
2012-01-26,1407,N15W78,227,0010,Bxo,04,02
2012-01-26,1408,N08E17,132,0070,Hsx,02,02
2012-01-27,1402,N29W72,207,0270,Dsc,08,09
2012-01-27,1405,N13W60,194,0010,Axx,01,01
2012-01-27,1408,N08E03,131,0110,Cso,03,04
2012-01-27,1410,N16E66,069,0120,Hsx,03,01
2012-01-28,1402,N29W88,210,0060,Cso,06,03
2012-01-28,1408,N08W11,133,0080,Cao,03,05
2012-01-28,1410,N16E52,070,0150,Hsx,03,01
2012-01-29,1408,N08W25,133,0060,Hax,02,02
2012-01-29,1410,N16E38,071,0150,Hsx,03,01
2012-01-29,1411,S26E09,100,0000,Axx,00,01
2012-01-30,1408,N08W37,132,0090,Hax,02,02
2012-01-30,1410,N19E37,059,0160,Cso,06,04
2012-01-30,1411,S25W05,101,0010,Bxo,05,06
2012-01-30,1412,S15W41,137,0010,Bxo,02,04
2012-01-30,1413,N08E38,058,0020,Bxo,03,08
2012-01-31,1408,N08W50,132,0060,Hsx,02,03
2012-01-31,1410,N20E20,062,0170,Hsx,03,04
2012-01-31,1411,S27W16,098,0010,Bxo,04,06
2012-01-31,1412,S16W53,135,0010,Axx,02,02
2012-01-31,1413,N08E22,060,0080,Dso,04,11
2012-02-01,1408,N08W64,133,0050,Hsx,01,01
2012-02-01,1410,N18E11,059,0200,Cso,08,08
2012-02-01,1411,S27W28,097,0030,Dro,04,07
2012-02-01,1413,N08E08,060,0060,Cso,05,15
2012-02-02,1408,N07W79,134,0070,Hsx,01,01
2012-02-02,1410,N18W00,056,0240,Cso,13,13
2012-02-02,1411,S28W41,097,0010,Bxo,05,07
2012-02-02,1413,N08W07,062,0100,Csi,06,24
2012-02-03,1410,N18W14,057,0240,Cso,13,13
2012-02-03,1411,S28W55,097,0010,Bxo,05,07
2012-02-03,1413,N08W20,064,0100,Csi,06,24
2012-02-04,1410,N17W29,059,0190,Cso,05,04
2012-02-04,1413,N08W33,063,0090,Dso,06,15
2012-02-05,1410,N16W44,061,0190,Cso,03,02
2012-02-05,1413,N07W47,064,0070,Dso,04,09
2012-02-05,1414,S06W19,036,0010,Bxo,03,02
2012-02-06,1410,N17W57,061,0130,Cso,03,03
2012-02-06,1413,N08W59,063,0030,Cso,03,02
2012-02-06,1414,S05W34,038,0010,Bxo,03,02
2012-02-07,1410,N17W67,058,0180,Eai,12,06
2012-02-07,1413,N07W74,064,0030,Hrx,01,01
2012-02-08,1410,N19W79,056,0200,Eso,11,03
2012-02-08,1413,N08W86,062,0010,Axx,01,01
2012-02-09,1410,N16W90,053,0080,Dao,04,03
2012-02-09,1415,N10W60,024,0010,Cso,05,05
2012-02-10,1415,N10W73,024,0060,Cso,05,05
2012-02-10,1416,S16E24,287,0090,Dai,07,08
2012-02-11,1415,N08W84,022,0010,Bxo,01,02
2012-02-11,1416,S17E10,288,0100,Dsi,07,17
2012-02-11,1417,N18E59,239,0010,Bxo,01,02
2012-02-12,1416,S19W02,287,0400,Dhi,09,27
2012-02-12,1417,N16E44,241,0020,Cro,04,03
2012-02-13,1416,S19W15,287,0380,Eki,11,16
2012-02-13,1417,N18E32,240,0030,Cso,04,05
2012-02-13,1418,S24E13,259,0010,Bxo,03,04
2012-02-13,1419,N28E69,203,0080,Cso,04,04
2012-02-13,1420,N13E69,203,0050,Hsx,04,01
2012-02-14,1416,S18W29,287,0270,Eko,11,11
2012-02-14,1418,S24W01,259,0010,Bxo,05,05
2012-02-14,1419,N26E59,200,0060,Cso,03,02
2012-02-14,1420,N09E64,200,0110,Hsx,03,01
2012-02-15,1416,S21W38,284,0250,Eko,12,15
2012-02-15,1418,S24W13,257,0010,Bxo,05,06
2012-02-15,1419,N31E44,200,0070,Dsi,03,02
2012-02-15,1420,N13E48,197,0090,Hsx,02,01
2012-02-16,1416,S19W55,287,0190,Eso,12,07
2012-02-16,1419,N29E29,203,0050,Dso,03,02
2012-02-16,1420,N11E36,195,0070,Hsx,01,01
2012-02-17,1416,S18W68,287,0160,Eso,12,07
2012-02-17,1419,N28E19,200,0060,Cso,04,03
2012-02-17,1420,N10E23,196,0080,Hsx,02,01
2012-02-18,1416,S17W84,290,0110,Hsx,02,01
2012-02-18,1418,S23W55,261,0010,Bxo,03,05
2012-02-18,1419,N28E06,200,0040,Cso,04,06
2012-02-18,1420,N11E10,196,0090,Hsx,02,01
2012-02-19,1418,S23W69,261,0030,Cro,05,05
2012-02-19,1419,N29W05,197,0030,Cso,03,04
2012-02-19,1420,N11W04,196,0080,Hsx,02,01
2012-02-19,1421,N17E59,133,0010,Axx,01,02
2012-02-20,1418,S23W84,263,0020,Cso,00,03
2012-02-20,1419,N29W18,197,0020,Cso,02,03
2012-02-20,1420,N11W16,195,0070,Hsx,02,01
2012-02-20,1421,N18E46,133,0010,Axx,01,02
2012-02-20,1422,N15E02,177,0060,Dai,06,10
2012-02-21,1419,N29W31,196,0020,Cro,02,03
2012-02-21,1420,N11W30,195,0060,Cso,03,02
2012-02-21,1421,N18E32,133,0030,Cro,02,02
2012-02-21,1422,N16W11,176,0240,Dai,06,12
2012-02-22,1419,N27W44,197,0010,Axx,01,01
2012-02-22,1420,N11W44,196,0040,Hrx,01,01
2012-02-22,1421,N14E19,133,0020,Bxo,05,04
2012-02-22,1422,N15W24,177,0330,Dsi,06,15
2012-02-23,1420,N11W57,196,0030,Hrx,01,01
2012-02-23,1422,N15W38,177,0240,Dsi,05,10
2012-02-24,1420,N11W71,198,0030,Hrx,01,01
2012-02-24,1421,N14W06,133,0000,Axx,01,01
2012-02-24,1422,N15W52,179,0130,Cao,05,09
2012-02-24,1423,N18E70,057,0120,Hsx,02,01
2012-02-25,1420,N11W85,198,0010,Axx,01,01
2012-02-25,1422,N15W65,178,0150,Cao,05,04
2012-02-25,1423,N18E56,057,0110,Hsx,02,01
2012-02-25,1424,N09E68,045,0030,Hrx,01,01
2012-02-26,1422,N15W78,178,0180,Cao,04,03
2012-02-26,1423,N18E42,058,0090,Hsx,02,01
2012-02-26,1424,N08E52,048,0030,Cso,03,02
2012-02-27,1422,N15W90,177,0150,Cao,03,03
2012-02-27,1423,N17E29,058,0090,Hsx,02,01
2012-02-27,1424,N07E39,048,0020,Hrx,01,01
2012-02-27,1425,N18E12,075,0010,Hrx,01,01
2012-02-27,1426,N10E12,075,0020,Dro,04,02
2012-02-28,1423,N18E15,058,0100,Hsx,02,01
2012-02-28,1424,N08E23,049,0010,Axx,01,01
2012-02-28,1425,N19W02,075,0010,Axx,01,01
2012-02-28,1426,N11W02,074,0010,Bxo,03,02
2012-02-29,1423,N17E03,057,0110,Hsx,02,01
2012-02-29,1425,N18W17,077,0010,Axx,00,01
2012-02-29,1426,N11W15,075,0010,Bxo,03,03
2012-03-01,1423,N17W09,057,0120,Hsx,02,01
2012-03-01,1426,N11W31,078,0010,Axx,01,01
2012-03-02,1423,N17W21,055,0090,Hsx,01,01
2012-03-02,1427,N15W01,035,0020,Cro,02,03
2012-03-03,1423,N17W36,057,0080,Hsx,02,01
2012-03-03,1427,N15W16,037,0020,Cro,02,03
2012-03-04,1423,N17W48,056,0080,Hsx,02,01
2012-03-04,1427,N15W31,038,0020,Cro,02,03
2012-03-04,1428,S17E51,316,0040,Cro,05,04
2012-03-04,1429,N18E68,299,0290,Dkc,06,04
2012-03-05,1423,N17W61,055,0070,Hsx,02,01
2012-03-05,1427,N15W45,039,0010,Bxo,02,02
2012-03-05,1428,S17E37,318,0070,Dso,06,06
2012-03-05,1429,N18E55,300,0700,Dkc,08,08
2012-03-05,1430,N19E40,315,0020,Cro,03,03
2012-03-06,1423,N16W75,056,0120,Hsx,02,01
2012-03-06,1428,S17E21,320,0250,Dai,08,14
2012-03-06,1429,N17E41,300,0770,Dkc,09,20
2012-03-06,1430,N20E25,316,0090,Dao,05,14
2012-03-06,1431,S27W36,018,0010,Bxo,04,06
2012-03-07,1423,N18W90,058,0030,Hsx,02,01
2012-03-07,1428,S16E09,319,0250,Dai,07,17
2012-03-07,1429,N17E29,298,1120,Dkc,09,25
2012-03-07,1430,N19E13,315,0110,Dao,05,11
2012-03-07,1431,S28W48,016,0030,Dro,07,05
2012-03-08,1428,S17W05,319,0300,Dko,07,16
2012-03-08,1429,N17E15,299,1270,Dkc,10,28
2012-03-08,1430,N21W00,315,0200,Dai,06,16
2012-03-08,1431,S24W64,019,0030,Dso,02,02
2012-03-09,1428,S17W19,319,0180,Dao,08,08
2012-03-09,1429,N17E01,301,0950,Ekc,12,28
2012-03-09,1430,N21W13,315,0180,Dao,07,08
2012-03-09,1431,S28W76,018,0020,Cro,06,02
2012-03-10,1428,S17W32,321,0110,Dso,07,12
2012-03-10,1429,N18W13,302,0900,Ekc,13,21
2012-03-10,1430,N20W28,317,0120,Dao,05,09
2012-03-10,1431,S28W88,017,0020,Cro,02,03
2012-03-10,1432,N18E69,220,0090,Hsx,03,01
2012-03-11,1428,S17W46,322,0060,Cro,06,14
2012-03-11,1429,N18W26,302,0880,Ekc,13,22
2012-03-11,1430,N21W42,318,0100,Cao,05,09
2012-03-11,1432,N16E52,224,0080,Hsx,03,04
2012-03-12,1428,S15W60,323,0030,Cao,03,03
2012-03-12,1429,N18W38,301,0840,Ekc,13,22
2012-03-12,1430,N20W54,317,0100,Cao,04,06
2012-03-12,1432,N16E40,223,0050,Cao,04,05
2012-03-12,1433,N12E63,200,0150,Dso,05,03
2012-03-12,1434,S22E58,205,0090,Dso,08,04
2012-03-13,1428,S15W72,321,0030,Hsx,01,01
2012-03-13,1429,N18W50,299,0380,Ekc,12,14
2012-03-13,1430,N22W67,316,0030,Hsx,01,01
2012-03-13,1432,N13E26,222,0080,Dso,08,09
2012-03-13,1433,N11E50,199,0080,Cso,03,02
2012-03-13,1434,S23E44,205,0050,Cso,08,02
2012-03-14,1429,N18W62,299,0410,Ekc,12,12
2012-03-14,1430,N22W82,318,0030,Hrx,01,01
2012-03-14,1432,N14E15,221,0070,Dsi,08,11
2012-03-14,1433,N12E37,199,0090,Cso,05,04
2012-03-14,1434,S22E31,205,0050,Dso,09,02
2012-03-15,1429,N19W77,300,0320,Eki,13,06
2012-03-15,1432,N14E03,220,0060,Dai,10,19
2012-03-15,1433,N13E23,200,0110,Cso,04,09
2012-03-15,1434,S22E12,211,0040,Hax,02,01
2012-03-16,1429,N19W85,295,0090,Dso,04,03
2012-03-16,1432,N14W13,223,0100,Esi,11,16
2012-03-16,1433,N12E09,201,0120,Csi,06,11
2012-03-16,1434,S21W01,211,0030,Cao,04,02
2012-03-16,1435,S25W11,221,0030,Cro,07,03
2012-03-17,1432,N14W26,223,0080,Esi,11,20
2012-03-17,1433,N13W04,201,0100,Dso,06,11
2012-03-17,1434,S22W14,211,0030,Eso,11,04
2012-03-17,1435,S25W24,221,0020,Dso,06,05
2012-03-17,1436,S12E62,135,0010,Axx,00,01
2012-03-18,1432,N14W39,223,0030,Cro,11,04
2012-03-18,1433,N13W17,201,0060,Cso,03,06
2012-03-18,1434,S22W27,211,0030,Cro,04,03
2012-03-18,1435,S26W37,221,0060,Dso,06,11
2012-03-18,1436,S14E50,134,0010,Bxo,05,03
2012-03-18,1437,S34E15,169,0020,Cso,03,02
2012-03-19,1433,N08W29,199,0060,Hsx,02,01
2012-03-19,1434,S20W40,210,0050,Dso,04,05
2012-03-19,1435,S25W50,220,0150,Dao,06,07
2012-03-19,1436,S14E36,134,0000,Bxo,01,01
2012-03-20,1432,N22W68,224,0010,Axx,01,01
2012-03-20,1433,N11W45,201,0070,Cso,04,04
2012-03-20,1434,S21W54,211,0090,Cao,05,06
2012-03-20,1435,S26W62,219,0150,Dso,07,07
2012-03-21,1432,N14W78,221,0010,Axx,01,01
2012-03-21,1433,N11W56,200,0030,Cro,02,02
2012-03-21,1434,S20W66,210,0120,Cso,06,04
2012-03-21,1435,S26W74,218,0160,Dso,06,03
2012-03-21,1438,S15E69,075,0050,Hsx,01,02
2012-03-21,1439,N25W79,223,0030,Cro,02,02
2012-03-22,1433,N09W69,199,0020,Hsx,01,01
2012-03-22,1434,S22W77,207,0050,Cso,06,02
2012-03-22,1435,S24W90,220,0070,Hsx,03,02
2012-03-22,1438,S14E56,073,0070,Hsx,02,02
2012-03-22,1440,S26W24,154,0030,Dai,04,05
2012-03-23,1433,N09W81,198,0010,Axx,00,01
2012-03-23,1438,S15E43,073,0060,Hsx,03,02
2012-03-23,1440,S25W38,155,0030,Dro,06,08
2012-03-23,1441,S27W57,174,0010,Axx,01,01
2012-03-23,1442,N13E49,067,0010,Axx,01,01
2012-03-23,1443,N16E62,054,0010,Axx,01,01
2012-03-24,1438,S14E29,074,0060,Hax,01,02
2012-03-24,1440,S24W50,155,0010,Bxo,04,02
2012-03-24,1441,S27W69,173,0000,Axx,01,01
2012-03-24,1443,N18E51,053,0010,Axx,01,01
2012-03-24,1444,N19E38,065,0010,Bxo,02,04
2012-03-24,1445,S24E76,029,0090,Eao,13,04
2012-03-25,1438,S14E15,076,0030,Hax,01,01
2012-03-25,1440,S24W64,155,0010,Hrx,04,02
2012-03-25,1443,N18E37,054,0010,Axx,01,01
2012-03-25,1444,N20E25,066,0050,Cao,07,07
2012-03-25,1445,S24E62,029,0100,Eao,15,04
2012-03-26,1438,S17E02,076,0020,Hsx,01,02
2012-03-26,1440,S25W79,156,0020,Hrx,02,02
2012-03-26,1443,N16E25,053,0000,Axx,00,01
2012-03-26,1444,N19E11,067,0060,Cao,07,07
2012-03-26,1445,S24E52,026,0280,Fho,16,08
2012-03-26,1446,N23W27,105,0010,Bxo,04,04
2012-03-27,1438,S13W10,074,0020,Hsx,02,01
2012-03-27,1442,N12W01,065,0030,Cso,02,03
2012-03-27,1444,N21W04,068,0040,Cso,04,05
2012-03-27,1445,S23E40,024,0210,Fao,17,07
2012-03-28,1438,S14W24,075,0030,Cao,06,03
2012-03-28,1442,N12W13,064,0050,Dai,05,09
2012-03-28,1445,S22E25,025,0210,Eso,15,06
2012-03-28,1447,S25W55,106,0040,Cro,04,05
2012-03-29,1438,S14W37,074,0020,Dro,03,04
2012-03-29,1442,N12W25,063,0070,Dao,06,08
2012-03-29,1445,S23E13,025,0200,Eso,15,05
2012-03-29,1447,S23W68,106,0010,Axx,03,02
2012-03-29,1448,S18E55,342,0010,Axx,03,01
2012-03-30,1438,S14W51,076,0030,Cso,03,04
2012-03-30,1442,N13W41,066,0050,Dso,06,07
2012-03-30,1443,N12W28,053,0010,Cso,05,02
2012-03-30,1445,S23W00,024,0220,Fso,16,09
2012-03-30,1447,S24W79,104,0010,Axx,02,02
2012-03-30,1448,S17E41,343,0030,Dao,02,02
2012-03-30,1449,S18W17,041,0020,Dro,04,04
2012-03-31,1438,S13W65,077,0020,Cso,04,02
2012-03-31,1442,N12W54,066,0070,Dao,06,05
2012-03-31,1443,N13W44,056,0010,Bxo,04,02
2012-03-31,1445,S22W13,025,0180,Cso,16,04
2012-03-31,1448,S17E29,343,0030,Cao,07,03
2012-03-31,1449,S18W31,043,0040,Cao,03,03
2012-04-01,1442,N12W66,065,0050,Dso,04,04
2012-04-01,1443,N13W60,059,0030,Cro,02,03
2012-04-01,1445,S23W26,025,0130,Cso,12,03
2012-04-01,1448,S17E15,344,0010,Bxo,03,03
2012-04-01,1449,S18W47,046,0030,Cro,05,04
2012-04-01,1450,N15E38,321,0020,Cro,05,05
2012-04-01,1451,N17E53,306,0020,Cro,02,04
2012-04-02,1443,N14W74,060,0020,Cro,02,02
2012-04-02,1445,S23W45,031,0120,Hsx,03,01
2012-04-02,1449,S18W60,046,0040,Dso,06,03
2012-04-02,1450,N17E22,324,0020,Bxo,02,04
2012-04-03,1445,S22W59,032,0120,Hsx,03,01
2012-04-03,1449,S18W74,047,0040,Dso,06,03
2012-04-03,1450,N16E07,324,0040,Dso,06,07
2012-04-03,1452,N19E47,285,0030,Dso,03,02
2012-04-03,1453,S17E02,330,0020,Cso,04,04
2012-04-04,1445,S22W71,030,0110,Hsx,05,01
2012-04-04,1450,N16W04,322,0060,Dsi,09,13
2012-04-04,1452,N18E33,285,0030,Dso,05,03
2012-04-04,1453,S17W11,330,0020,Bxo,05,05
2012-04-05,1445,S21W87,032,0090,Hsx,01,01
2012-04-05,1450,N17W19,324,0080,Dsi,10,11
2012-04-05,1452,N18E19,285,0040,Dsi,06,06
2012-04-05,1453,S17W28,333,0010,Axx,01,02
2012-04-06,1450,N15W31,323,0130,Esi,12,14
2012-04-06,1452,N18E05,287,0030,Dro,07,05
2012-04-07,1450,N16W45,324,0180,Esi,13,15
2012-04-07,1452,N18W08,288,0030,Cro,06,04
2012-04-08,1450,N15W59,326,0100,Csi,14,14
2012-04-08,1452,N17W23,289,0010,Bxo,04,04
2012-04-09,1450,N15W75,328,0120,Hsx,04,01
2012-04-09,1452,N17W37,290,0010,Bxo,04,04
2012-04-10,1450,N15W90,329,0120,Hsx,02,01
2012-04-10,1452,N18W51,291,0010,Bxo,02,03
2012-04-11,1452,N18W65,291,0005,Axx,01,02
2012-04-11,1454,S13E70,157,0010,Cro,02,02
2012-04-12,1454,S13E56,158,0020,Cro,02,02
2012-04-12,1455,N07E08,204,0030,Cao,03,06
2012-04-13,1454,S12E43,158,0020,Cro,03,03
2012-04-13,1455,N06W05,205,0070,Dai,06,13
2012-04-13,1456,S20W19,219,0010,Bxo,00,04
2012-04-14,1454,S12E26,160,0010,Axx,01,01
2012-04-14,1455,N07W19,206,0130,Dai,07,15
2012-04-14,1457,N22E41,145,0010,Bxo,07,04
2012-04-15,1455,N06W34,207,0150,Dai,08,18
2012-04-15,1457,N21E28,145,0030,Cro,04,04
2012-04-15,1458,N07E70,104,0010,Bxo,05,02
2012-04-15,1459,S15E79,095,0030,Hrx,01,01
2012-04-16,1454,S12W00,160,0000,Axx,01,01
2012-04-16,1455,N05W46,207,0170,Dsi,10,19
2012-04-16,1457,N21E14,147,0010,Axx,02,02
2012-04-16,1458,N06E55,106,0010,Bxo,08,02
2012-04-16,1459,S16E64,096,0080,Dai,08,03
2012-04-17,1455,N06W59,206,0200,Fsi,17,16
2012-04-17,1457,N20E03,144,0010,Axx,02,01
2012-04-17,1458,N06E41,106,0010,Bxo,09,02
2012-04-17,1459,S15E56,091,0260,Fhi,18,12
2012-04-17,1460,N15E40,107,0020,Cro,02,05
2012-04-18,1455,N05W78,212,0030,Cao,05,03
2012-04-18,1459,S15E40,094,0150,Dao,09,11
2012-04-18,1460,N16E26,108,0050,Dso,04,06
2012-04-18,1461,N13E66,068,0040,Hsx,01,01
2012-04-18,1462,S23W07,009,0030,Cao,04,07
2012-04-19,1459,S16E28,093,0260,Ekc,11,20
2012-04-19,1460,N16E12,108,0170,Dsi,07,13
2012-04-19,1461,N13E50,070,0090,Hsx,02,01
2012-04-19,1462,S24W18,139,0030,Cao,06,07
2012-04-19,1463,S26W36,158,0040,Dso,06,05
2012-04-20,1459,S15E12,095,0180,Dai,10,27
2012-04-20,1460,N16W01,108,0180,Dsi,08,14
2012-04-20,1461,N14E37,070,0030,Cso,02,02
2012-04-20,1462,S24W31,138,0050,Dso,08,08
2012-04-20,1463,S26W49,156,0070,Cso,06,09
2012-04-20,1464,N23E01,107,0010,Bxo,03,02
2012-04-21,1459,S16E01,094,0400,Dai,10,40
2012-04-21,1460,N15W15,109,0450,Dkc,09,19
2012-04-21,1461,N12E24,070,0010,Bxo,01,02
2012-04-21,1462,S25W46,141,0410,Dho,09,14
2012-04-21,1463,S26W65,160,0100,Cso,07,09
2012-04-21,1464,N23W13,108,0010,Bxo,03,02
2012-04-21,1465,S17E39,054,0210,Dao,05,06
2012-04-22,1459,S15W13,095,0450,Eac,11,39
2012-04-22,1460,N16W27,109,0490,Dkc,10,21
2012-04-22,1461,N12E08,074,0010,Bxo,02,02
2012-04-22,1462,S24W59,141,0400,Dho,09,09
2012-04-22,1463,S26W79,160,0050,Cso,03,03
2012-04-22,1465,S17E27,055,0230,Dso,06,13
2012-04-23,1459,S15W25,093,0430,Dki,09,24
2012-04-23,1460,N16W40,108,0300,Dko,10,13
2012-04-23,1462,S24W72,140,0400,Dho,09,04
2012-04-23,1465,S18E14,053,0300,Dai,06,16
2012-04-23,1466,N12E29,039,0060,Cso,06,11
2012-04-24,1459,S14W40,094,0440,Eki,11,39
2012-04-24,1460,N16W54,108,0320,Dko,10,14
2012-04-24,1462,S25W85,140,0300,Dho,09,04
2012-04-24,1465,S18W01,055,0400,Dki,07,37
2012-04-24,1466,N11E14,040,0120,Dao,07,14
2012-04-25,1459,S16W52,094,0330,Eki,12,25
2012-04-25,1460,N16W65,107,0180,Dso,10,10
2012-04-25,1462,S25W95,139,0300,Dho,09,04
2012-04-25,1465,S19W12,053,0280,Dko,07,20
2012-04-25,1466,N12E01,040,0190,Dso,08,08
2012-04-25,1467,N14E72,330,0010,Hsx,01,02
2012-04-25,1468,N09E12,029,0020,Dao,05,10
2012-04-25,1469,S21E68,334,0030,Cao,02,10
2012-04-26,1459,S16W65,094,0220,Eai,11,20
2012-04-26,1460,N15W81,110,0150,Cso,06,06
2012-04-26,1465,S17W26,055,0280,Dko,06,12
2012-04-26,1466,N11W12,041,0150,Dao,07,08
2012-04-26,1467,N16E59,330,0010,Bxo,00,04
2012-04-26,1468,N11W02,031,0100,Dso,06,11
2012-04-26,1469,S18E55,334,0010,Bxo,05,06
2012-04-27,1459,S16W78,093,0070,Dsi,09,10
2012-04-27,1460,N15W93,108,0060,Cso,01,01
2012-04-27,1465,S18W39,054,0200,Dsi,05,11
2012-04-27,1466,N12W26,041,0090,Csi,07,09
2012-04-27,1467,N14E45,330,0010,Cso,01,01
2012-04-27,1468,N08W17,032,0090,Dso,08,12
2012-04-27,1469,S24E41,333,0020,Cso,04,03
2012-04-28,1459,S19W88,091,0030,Cao,04,04
2012-04-28,1465,S17W53,056,0180,Dai,05,11
2012-04-28,1466,N11W38,041,0090,Cso,07,08
2012-04-28,1467,N11E32,331,0050,Dso,03,04
2012-04-28,1468,N09W30,033,0080,Dao,07,06
2012-04-28,1469,S24E28,335,0050,Dso,10,06
2012-04-29,1465,S18W66,055,0130,Dai,05,12
2012-04-29,1466,N12W51,040,0070,Cso,05,06
2012-04-29,1467,N12E18,331,0050,Cso,04,06
2012-04-29,1468,N10W42,031,0070,Dso,08,06
2012-04-29,1469,S19E14,335,0090,Dsi,07,13
2012-04-29,1470,S17E61,288,0040,Cso,03,03
2012-04-29,1471,S23E70,279,0120,Hsx,04,02
2012-04-30,1465,S18W80,057,0090,Cso,04,04
2012-04-30,1466,N13W65,042,0140,Dso,07,06
2012-04-30,1467,N12E04,333,0020,Hrx,01,01
2012-04-30,1468,N11W55,032,0010,Bxo,03,02
2012-04-30,1469,S19W01,338,0090,Dso,09,10
2012-04-30,1470,S16E47,290,0040,Cso,04,03
2012-04-30,1471,S23E57,280,0260,Cho,10,05
2012-04-30,1472,S29E40,297,0010,Bxo,03,03
2012-05-01,1466,N12W80,041,0190,Dso,06,03
2012-05-01,1467,N13W09,331,0010,Bxo,01,03
2012-05-01,1469,S20W14,336,0110,Eso,13,18
2012-05-01,1470,S15E32,289,0010,Bxo,02,02
2012-05-01,1471,S22E45,277,0320,Eho,11,04
2012-05-01,1472,S28E27,295,0070,Dao,07,14
2012-05-02,1466,N10W90,038,0100,Dso,09,04
2012-05-02,1467,N12W21,331,0010,Bxo,03,03
2012-05-02,1469,S21W26,336,0090,Dao,10,10
2012-05-02,1471,S21E34,274,0310,Eho,11,09
2012-05-02,1472,S28E14,295,0060,Dao,08,07
2012-05-02,1473,S21W38,347,0040,Cao,04,06
2012-05-03,1467,N13W35,331,0010,Bxo,02,03
2012-05-03,1469,S23W39,335,0140,Eso,15,12
2012-05-03,1470,S15E07,289,0010,Bxo,05,03
2012-05-03,1471,S21E19,276,0320,Eho,13,08
2012-05-03,1472,S28E01,295,0050,Eso,11,07
2012-05-03,1473,S21W53,349,0060,Dso,07,05
2012-05-03,1474,N14E71,230,0010,Hsx,01,01
2012-05-04,1469,S26W51,335,0100,Cao,10,10
2012-05-04,1470,S15W07,290,0010,Bxo,05,10
2012-05-04,1471,S19E02,276,0300,Cko,10,07
2012-05-04,1472,S28W12,295,0010,Bxo,12,03
2012-05-04,1473,S21W68,351,0060,Cso,07,05
2012-05-04,1474,N16E52,230,0020,Hrx,01,01
2012-05-04,1475,N05E61,221,0040,Hsx,00,01
2012-05-05,1469,S25W62,332,0080,Dao,05,05
2012-05-05,1470,S15W20,290,0020,Cro,05,07
2012-05-05,1471,S19W10,277,0300,Hhx,04,07
2012-05-05,1472,S28W24,294,0010,Bxo,07,02
2012-05-05,1473,S20W79,349,0060,Dao,03,07
2012-05-05,1474,N14E40,229,0020,Hrx,01,01
2012-05-05,1475,N06E49,220,0020,Cao,01,02
2012-05-06,1469,S26W77,333,0060,Cso,04,02
2012-05-06,1470,S15W31,287,0010,Bxo,02,02
2012-05-06,1471,S19W24,280,0150,Dao,06,08
2012-05-06,1473,S20W89,346,0010,Axx,01,01
2012-05-06,1474,N13E30,226,0010,Axx,01,01
2012-05-06,1475,N04E39,217,0010,Axx,00,01
2012-05-06,1476,N09E67,188,0360,Dko,07,03
2012-05-07,1469,S26W90,333,0040,Cso,03,02
2012-05-07,1470,S15W43,286,0030,Cro,06,05
2012-05-07,1471,S19W36,279,0210,Dao,05,08
2012-05-07,1474,N13E17,226,0010,Hrx,01,03
2012-05-07,1475,N05E25,217,0005,Axx,01,01
2012-05-07,1476,N10E63,188,0760,Fhi,16,25
2012-05-08,1470,S15W57,287,0030,Cro,06,05
2012-05-08,1471,S19W50,280,0210,Dso,05,08
2012-05-08,1474,N13E03,227,0000,Axx,01,01
2012-05-08,1476,N10E48,182,0810,Fkc,16,25
2012-05-09,1470,S19W68,284,0030,Cro,02,02
2012-05-09,1471,S22W60,277,0120,Cso,05,03
2012-05-09,1474,N14W13,229,0010,Axx,00,01
2012-05-09,1476,N11E35,181,0940,Fkc,17,33
2012-05-09,1477,S22E73,144,0060,Hsx,03,01
2012-05-10,1471,S21W78,281,0110,Hsx,03,01
2012-05-10,1474,N16W23,232,0010,Axx,01,01
2012-05-10,1476,N10E22,180,1050,Fkc,19,35
2012-05-10,1477,S24E62,140,0150,Dso,11,02
2012-05-11,1471,S22W91,281,0090,Hsx,06,01
2012-05-11,1476,N12E08,180,1040,Fkc,20,50
2012-05-11,1477,S22E47,144,0100,Hsx,02,01
2012-05-11,1478,S24E55,135,0090,Hsx,03,01
2012-05-12,1476,N11W05,182,1040,Fkc,20,47
2012-05-12,1477,S22E31,145,0080,Hsx,02,01
2012-05-12,1478,S24E42,135,0060,Hsx,02,01
2012-05-12,1479,N15E65,111,0090,Hsx,04,01
2012-05-12,1480,S16W10,187,0010,Axx,02,02
2012-05-13,1476,N11W18,181,0960,Fkc,20,40
2012-05-13,1477,S21E19,143,0040,Hsx,01,01
2012-05-13,1478,S24E30,133,0060,Hsx,02,01
2012-05-13,1479,N15E57,105,0130,Dso,10,03
2012-05-14,1476,N09W33,183,0810,Fki,19,44
2012-05-14,1477,S23E07,142,0050,Hsx,02,01
2012-05-14,1478,S24E16,134,0060,Hsx,02,01
2012-05-14,1479,N15E40,109,0040,Hsx,03,01
2012-05-14,1481,S10E61,088,0040,Hsx,02,01
2012-05-14,1482,N14E51,100,0080,Dso,05,02
2012-05-14,1483,S27E51,100,0010,Bxo,01,07
2012-05-14,1484,N10E75,075,0020,Hsx,01,01
2012-05-15,1476,N09W46,182,0600,Fko,21,53
2012-05-15,1477,S22W05,142,0040,Hsx,06,04
2012-05-15,1478,S24E04,133,0070,Hsx,06,04
2012-05-15,1479,N14E26,110,0050,Hsx,02,01
2012-05-15,1481,S11E47,089,0020,Hsx,01,01
2012-05-15,1482,N14E35,101,0050,Cso,04,04
2012-05-15,1483,S27E37,101,0010,Bxo,01,07
2012-05-15,1484,N10E65,073,0010,Bxo,07,02
2012-05-16,1476,N10W56,180,0260,Fho,17,12
2012-05-16,1477,S22W19,143,0030,Hsx,01,01
2012-05-16,1478,S24W10,134,0080,Hsx,02,01
2012-05-16,1479,N13E13,111,0050,Hsx,01,01
2012-05-16,1481,S10E33,090,0030,Hsx,01,01
2012-05-16,1482,N14E20,103,0070,Dai,03,04
2012-05-16,1483,S27E23,102,0010,Axx,01,07
2012-05-16,1484,N10E50,073,0010,Bxo,08,06
2012-05-16,1485,S19E65,059,0010,Axx,04,02
2012-05-17,1476,N13W73,183,0230,Cao,15,03
2012-05-17,1477,S21W32,143,0010,Axx,02,01
2012-05-17,1478,S22W23,134,0060,Hsx,02,01
2012-05-17,1479,N10E01,110,0050,Cso,03,03
2012-05-17,1481,S10E19,091,0010,Axx,01,01
2012-05-17,1482,N13E10,101,0130,Cao,06,09
2012-05-17,1483,S26E13,099,0010,Axx,00,01
2012-05-17,1484,N09E38,072,0120,Dao,08,09
2012-05-17,1485,S20E51,060,0010,Bxo,04,04
2012-05-18,1476,N12W86,184,0150,Cao,12,02
2012-05-18,1477,S20W45,143,0020,Hrx,01,01
2012-05-18,1478,S22W36,134,0060,Hsx,02,01
2012-05-18,1479,N14W12,110,0050,Hsx,02,01
2012-05-18,1481,S10E06,092,0010,Axx,01,01
2012-05-18,1482,N14W03,101,0190,Dai,07,10
2012-05-18,1484,N09E24,074,0230,Dai,09,15
2012-05-18,1485,S19E37,061,0010,Bxo,05,03
2012-05-19,1477,S21W59,144,0020,Hrx,01,01
2012-05-19,1478,S22W50,135,0050,Hsx,02,01
2012-05-19,1479,N15W26,111,0070,Cso,04,04
2012-05-19,1482,N15W17,102,0230,Dai,08,18
2012-05-19,1484,N10E11,074,0200,Dsi,09,19
2012-05-19,1485,S20E27,058,0010,Axx,03,03
2012-05-19,1486,N15E67,017,0190,Dao,08,02
2012-05-20,1477,S22W72,144,0020,Hrx,01,01
2012-05-20,1478,S23W62,134,0050,Hsx,02,01
2012-05-20,1479,N15W39,111,0050,Hsx,01,01
2012-05-20,1482,N15W30,102,0280,Dki,08,14
2012-05-20,1483,S24W29,101,0010,Bxo,03,04
2012-05-20,1484,N10W03,075,0230,Dac,10,16
2012-05-20,1486,N16E54,018,0200,Cso,08,03
2012-05-21,1477,S17W85,143,0030,Hsx,02,01
2012-05-21,1478,S24W75,133,0060,Hsx,03,01
2012-05-21,1479,N14W53,111,0050,Hsx,02,02
2012-05-21,1482,N14W44,102,0260,Dho,07,08
2012-05-21,1483,S25W43,101,0050,Dso,06,06
2012-05-21,1484,N10W17,075,0280,Dkc,09,17
2012-05-21,1486,N16E40,018,0140,Cso,08,04
2012-05-21,1487,N19W05,063,0010,Bxo,03,05
2012-05-22,1478,S23W88,133,0060,Hsx,02,01
2012-05-22,1479,N14W66,111,0030,Hsx,01,01
2012-05-22,1482,N15W57,102,0260,Dho,07,07
2012-05-22,1483,S25W56,101,0030,Dro,06,07
2012-05-22,1484,N10W30,075,0240,Dsi,10,19
2012-05-22,1486,N16E26,019,0210,Hsx,03,03
2012-05-22,1487,N18W19,064,0010,Axx,01,01
2012-05-23,1479,N13W80,112,0030,Hsx,01,01
2012-05-23,1482,N14W71,103,0240,Dso,06,04
2012-05-23,1483,S25W67,099,0010,Bxo,06,04
2012-05-23,1484,N10W43,075,0290,Eai,11,19
2012-05-23,1486,N17E13,019,0200,Hsx,03,02
2012-05-23,1488,N12E55,337,0010,Bxo,04,05
2012-05-24,1482,N15W84,103,0190,Cso,05,03
2012-05-24,1483,S24W79,098,0030,Cro,02,03
2012-05-24,1484,N11W56,075,0240,Eai,11,13
2012-05-24,1486,N16E02,017,0180,Cso,07,06
2012-05-24,1488,N11E41,338,0010,Bxo,06,05
2012-05-24,1489,S30E40,339,0000,Axx,01,01
2012-05-25,1483,S25W93,097,0010,Bxo,08,05
2012-05-25,1484,N09W68,072,0150,Dso,08,08
2012-05-25,1486,N18W14,019,0110,Dso,06,02
2012-05-25,1488,N11E27,337,0010,Bxo,04,04
2012-05-25,1489,S30E26,340,0000,Axx,01,01
2012-05-25,1490,S12E58,307,0030,Cro,05,03
2012-05-26,1484,N10W80,072,0190,Dso,07,06
2012-05-26,1486,N17W26,018,0110,Cso,04,03
2012-05-26,1488,N12E13,338,0050,Dso,06,05
2012-05-26,1490,S12E45,306,0040,Dso,05,03
2012-05-26,1491,N23W29,021,0050,Dso,04,06
2012-05-26,1492,S13E65,286,0090,Cso,06,03
2012-05-27,1486,N22W33,018,0090,Cso,03,01
2012-05-27,1488,N12W00,337,0060,Dso,06,06
2012-05-27,1490,S26E15,309,0040,Dso,04,04
2012-05-27,1491,N27W38,022,0060,Dso,05,04
2012-05-27,1492,S40E31,283,0160,Dso,09,05
2012-05-28,1486,N16W53,018,0080,Hsx,02,01
2012-05-28,1488,N11W13,338,0010,Bxo,05,03
2012-05-28,1489,S30E15,341,0010,Bxo,01,03
2012-05-28,1490,S12E17,308,0070,Dso,06,06
2012-05-28,1491,N22W56,021,0040,Dso,05,03
2012-05-28,1492,S14E43,281,0190,Eao,11,07
2012-05-29,1486,N16W66,019,0080,Hsx,03,01
2012-05-29,1488,N11W28,341,0040,Cso,06,08
2012-05-29,1490,S13E04,309,0100,Dso,08,15
2012-05-29,1491,N22W70,023,0010,Bxo,04,03
2012-05-29,1492,S12E30,283,0250,Eko,11,10
2012-05-30,1486,N16W79,018,0110,Hsx,02,01
2012-05-30,1488,N11W41,340,0030,Cso,06,08
2012-05-30,1490,S12W09,308,0160,Dsi,09,15
2012-05-30,1492,S13E18,281,0160,Eao,12,09
2012-05-31,1486,N17W92,017,0090,Hsx,02,01
2012-05-31,1488,N12W59,344,0010,Bxo,03,02
2012-05-31,1490,S12W22,307,0180,Dsi,10,22
2012-05-31,1492,S13E03,281,0120,Eao,11,13
2012-06-01,1490,S13W36,309,0110,Dso,09,06
2012-06-01,1492,S13W11,284,0100,Eso,11,09
2012-06-01,1493,N15E64,208,0040,Dso,05,02
2012-06-01,1494,S16E69,204,0050,Hsx,03,01
2012-06-01,1495,S12E19,254,0030,Cro,03,05
2012-06-02,1490,S13W49,309,0150,Dso,10,11
2012-06-02,1492,S13W22,282,0080,Eso,11,22
2012-06-02,1493,N14E49,209,0170,Dso,07,04
2012-06-02,1494,S16E56,204,0140,Cso,04,03
2012-06-02,1495,S14E06,254,0060,Csi,04,17
2012-06-02,1496,N16E59,201,0120,Cso,07,05
2012-06-02,1497,S22E34,226,0030,Csi,03,06
2012-06-02,1498,N07E69,189,0090,Cso,07,03
2012-06-03,1490,S13W65,311,0070,Dso,05,02
2012-06-03,1492,S13W33,279,0020,Dso,02,02
2012-06-03,1493,N15E35,210,0140,Dso,06,08
2012-06-03,1494,S15E20,225,0080,Cso,03,03
2012-06-03,1495,S14E20,225,0100,Dso,07,05
2012-06-03,1496,N16E47,198,0100,Dai,09,06
2012-06-03,1497,S21E21,224,0060,Dso,06,05
2012-06-03,1498,N08E55,190,0060,Dso,04,02
2012-06-04,1490,S13W79,312,0040,Cso,04,02
2012-06-04,1492,S14W44,277,0010,Bxo,02,02
2012-06-04,1493,N14E23,209,0140,Dso,10,13
2012-06-04,1494,S16E36,196,0100,Hsx,02,02
2012-06-04,1495,S15W21,253,0020,Hsx,02,02
2012-06-04,1496,N16E33,199,0070,Dso,05,07
2012-06-04,1497,S21E09,223,0130,Dso,08,10
2012-06-04,1498,N07E45,187,0040,Hsx,02,02
2012-06-04,1499,N16E50,183,0040,Dso,04,03
2012-06-05,1493,N13E08,212,0180,Esi,11,10
2012-06-05,1494,S16E18,202,0120,Cso,02,02
2012-06-05,1495,S15W32,252,0010,Axx,02,04
2012-06-05,1496,N17E17,203,0050,Cso,07,08
2012-06-05,1497,S21W06,226,0150,Dao,07,19
2012-06-05,1498,N09E29,191,0020,Hsx,02,02
2012-06-05,1499,N15E34,186,0020,Cro,04,02
2012-06-05,1500,N09W34,254,0030,Dro,03,04
2012-06-05,1501,N07E15,205,0000,Axx,01,02
2012-06-05,1502,S17E41,179,0010,Bxo,01,02
2012-06-06,1492,S18W73,280,0010,Axx,00,01
2012-06-06,1493,N12W05,212,0170,Esi,12,12
2012-06-06,1494,S17E06,201,0160,Cso,05,09
2012-06-06,1496,N16E05,202,0030,Cso,02,02
2012-06-06,1497,S21W18,225,0170,Dao,08,08
2012-06-06,1498,N07E16,191,0070,Dao,07,08
2012-06-06,1499,N15E18,189,0030,Ero,13,10
2012-06-06,1500,N09W49,256,0020,Hsx,01,01
2012-06-06,1502,S17E27,180,0000,Axx,01,01
2012-06-06,1503,N11W38,245,0010,Bxo,03,02
2012-06-07,1493,N14W18,211,0130,Esi,14,11
2012-06-07,1494,S18W06,199,0160,Cso,10,08
2012-06-07,1496,N16W10,203,0020,Hax,01,01
2012-06-07,1497,S22W31,224,0230,Dao,07,07
2012-06-07,1498,N06E01,192,0020,Cao,04,07
2012-06-07,1499,N15E05,188,0020,Bxi,19,14
2012-06-07,1502,S17E12,181,0000,Axx,01,01
2012-06-07,1503,N09W55,248,0000,Axx,01,02
2012-06-08,1493,N15W33,212,0100,Eai,14,09
2012-06-08,1494,S18W19,198,0120,Dso,10,05
2012-06-08,1496,N16W24,204,0020,Hax,01,01
2012-06-08,1497,S21W44,223,0170,Dai,09,05
2012-06-08,1498,N06W11,190,0050,Cao,06,04
2012-06-08,1499,N15W09,189,0020,Cai,19,14
2012-06-09,1493,N14W47,214,0070,Cao,08,04
2012-06-09,1494,S18W33,200,0120,Cao,10,05
2012-06-09,1496,N17W36,203,0010,Axx,01,01
2012-06-09,1497,S22W58,225,0070,Dao,07,05
2012-06-09,1498,N08W24,190,0010,Cao,01,01
2012-06-09,1499,N15W23,190,0020,Cao,19,14
2012-06-10,1493,N15W66,219,0050,Hax,04,01
2012-06-10,1494,S17W45,198,0090,Hkx,03,01
2012-06-10,1496,N16W48,201,0010,Axx,01,01
2012-06-10,1497,S22W69,222,0080,Cao,06,06
2012-06-10,1499,N16W31,184,0060,Cao,07,07
2012-06-10,1504,S17E67,086,0060,Cao,10,06
2012-06-10,1505,S09E63,090,0030,Axx,01,01
2012-06-11,1493,N16W80,220,0060,Hax,02,01
2012-06-11,1494,S16W60,200,0070,Hax,03,01
2012-06-11,1496,N17W62,202,0010,Axx,01,01
2012-06-11,1497,S22W83,224,0080,Cao,06,06
2012-06-11,1499,N16W43,184,0050,Cao,06,11
2012-06-11,1504,S18E51,089,0120,Dai,10,07
2012-06-11,1505,S10E51,089,0050,Dao,06,03
2012-06-11,1506,N11E66,074,0050,Cao,02,02
2012-06-11,1507,S26E29,111,0060,Dao,09,05
2012-06-12,1494,S17W74,200,0080,Hax,02,01
2012-06-12,1499,N16W60,187,0010,Bxo,09,05
2012-06-12,1504,S17E40,087,0080,Eri,11,15
2012-06-12,1505,S09E37,089,0040,Cao,05,05
2012-06-12,1506,N11E52,075,0050,Cao,02,02
2012-06-12,1507,S26E17,110,0030,Cao,09,10
2012-06-13,1494,S16W84,198,0050,Hsx,02,01
2012-06-13,1499,N15W71,185,0010,Bxo,02,03
2012-06-13,1504,S17E28,086,0310,Eki,11,24
2012-06-13,1505,S09E24,090,0100,Dao,05,13
2012-06-13,1506,N11E38,076,0100,Hax,03,09
2012-06-13,1507,S27E02,112,0100,Eai,11,22
2012-06-14,1504,S17E14,086,0560,Ekc,12,25
2012-06-14,1505,S09E12,089,0070,Dao,05,08
2012-06-14,1506,N11E25,076,0080,Hsx,03,05
2012-06-14,1507,S25W13,114,0040,Dai,07,26
2012-06-14,1508,S28W06,107,0080,Dai,07,20
2012-06-15,1504,S16E01,086,0570,Ekc,12,20
2012-06-15,1505,S10W02,088,0050,Dao,06,10
2012-06-15,1506,N11E11,076,0070,Cso,10,07
2012-06-15,1507,S25W24,111,0080,Dao,08,15
2012-06-15,1508,S28W20,107,0070,Dsi,06,12
2012-06-16,1504,S16W12,086,0660,Ekc,12,18
2012-06-16,1505,S10W15,088,0060,Dao,05,09
2012-06-16,1506,N11W03,076,0030,Hrx,02,04
2012-06-16,1507,S25W37,110,0120,Dao,07,12
2012-06-16,1508,S28W31,105,0050,Cao,05,09
2012-06-16,1509,S15W30,103,0010,Axx,01,01
2012-06-17,1504,S17W27,087,0750,Ekc,12,18
2012-06-17,1505,S10W28,088,0070,Dso,05,08
2012-06-17,1506,N11W18,077,0030,Dso,03,04
2012-06-17,1507,S26W51,111,0130,Dso,06,10
2012-06-17,1508,S29W44,104,0070,Dso,05,09
2012-06-17,1509,S16W43,103,0020,Hrx,01,01
2012-06-18,1504,S17W39,087,0740,Ekc,11,10
2012-06-18,1505,S11W41,089,0030,Dro,05,05
2012-06-18,1506,N11W30,075,0010,Axx,01,02
2012-06-18,1507,S27W64,112,0130,Dai,08,10
2012-06-18,1508,S29W56,104,0060,Hsx,03,05
2012-06-18,1509,S17W58,105,0008,Bxo,03,04
2012-06-19,1504,S17W52,087,0690,Ekc,11,07
2012-06-19,1505,S13W52,086,0010,Axx,01,01
2012-06-19,1506,N13W41,075,0010,Cro,03,02
2012-06-19,1507,S25W77,112,0080,Cso,08,05
2012-06-19,1508,S28W70,104,0030,Hrx,01,01
2012-06-20,1504,S16W65,086,0620,Eho,11,06
2012-06-20,1506,N12W55,076,0010,Axx,01,01
2012-06-20,1507,S27W88,109,0010,Bxo,03,03
2012-06-20,1508,S28W81,102,0030,Hsx,02,01
2012-06-20,1510,S16E02,019,0010,Cro,03,03
2012-06-21,1504,S16W77,084,0510,Dho,10,06
2012-06-21,1510,S15W10,018,0010,Bxo,03,03
2012-06-22,1504,S15W89,083,0210,Dso,10,03
2012-06-23,1511,N15W17,358,0030,Cro,04,03
2012-06-24,1511,N15W29,357,0030,Cro,04,03
2012-06-25,1510,S16W67,022,0010,Cro,02,02
2012-06-25,1511,N15W44,358,0020,Cro,04,02
2012-06-26,1512,S16E39,262,0060,Dao,05,04
2012-06-27,1512,S16E25,263,0130,Dai,06,07
2012-06-27,1513,N16E71,216,0030,Hax,01,01
2012-06-28,1512,S15E11,263,0280,Dki,08,20
2012-06-28,1513,N15E58,216,0080,Cso,04,05
2012-06-28,1514,S16E55,220,0010,Bxo,07,07
2012-06-28,1515,S16E70,205,0200,Cso,10,07
2012-06-29,1512,S16W02,263,0250,Dki,08,17
2012-06-29,1513,N17E45,216,0090,Dso,04,05
2012-06-29,1514,S15E42,219,0010,Bxo,05,05
2012-06-29,1515,S17E58,203,0180,Dso,10,06
2012-06-30,1512,S16W16,264,0290,Dki,10,16
2012-06-30,1513,N17E30,218,0100,Dso,06,08
2012-06-30,1514,S16E30,218,0060,Dao,07,11
2012-06-30,1515,S17E43,205,0310,Dkc,09,08
2012-06-30,1516,N13E43,204,0030,Dro,05,04
2012-07-01,1512,S16W29,263,0180,Dso,10,09
2012-07-01,1513,N17E17,217,0120,Dso,05,04
2012-07-01,1514,S15E15,219,0070,Dsi,07,11
2012-07-01,1515,S16E30,204,0380,Ekc,11,10
2012-07-01,1516,N14E27,207,0060,Dso,05,06
2012-07-02,1512,S16W41,263,0130,Cso,08,05
2012-07-02,1513,N16E03,218,0120,Dao,06,11
2012-07-02,1514,S15E02,220,0010,Bxo,06,07
2012-07-02,1515,S17E17,204,0850,Ekc,11,28
2012-07-02,1516,N14E17,205,0040,Cso,05,08
2012-07-02,1517,N19E26,195,0170,Dao,04,18
2012-07-03,1512,S16W55,264,0120,Cso,07,02
2012-07-03,1513,N16W09,218,0240,Dso,08,21
2012-07-03,1514,S14W13,222,0010,Axx,01,03
2012-07-03,1515,S17E04,205,0620,Eac,12,58
2012-07-03,1516,N14E03,206,0010,Cro,05,05
2012-07-03,1517,N19E14,195,0130,Dao,06,16
2012-07-04,1512,S15W71,266,0110,Hsx,03,03
2012-07-04,1513,N16W22,217,0180,Dso,08,10
2012-07-04,1514,S14W27,222,0010,Axx,04,07
2012-07-04,1515,S16W10,205,0570,Fkc,16,45
2012-07-04,1516,N14W12,208,0010,Axx,02,02
2012-07-04,1517,N19W00,195,0120,Dao,08,09
2012-07-05,1512,S15W84,266,0080,Hsx,02,01
2012-07-05,1513,N17W36,218,0160,Cso,07,13
2012-07-05,1515,S17W23,205,0640,Fkc,16,45
2012-07-05,1517,N19W13,195,0070,Dso,06,07
2012-07-05,1518,N09E65,117,0010,Axx,02,02
2012-07-05,1519,S14E76,107,0030,Hsx,02,01
2012-07-06,1513,N15W52,220,0240,Cso,04,05
2012-07-06,1515,S17W36,205,0670,Ekc,15,56
2012-07-06,1517,N18W27,197,0010,Bxo,02,05
2012-07-06,1518,N09E52,118,0010,Bxo,03,05
2012-07-06,1519,S15E63,107,0120,Hsx,01,01
2012-07-07,1513,N15W65,221,0180,Hsx,03,02
2012-07-07,1515,S18W50,206,0900,Fhc,16,60
2012-07-07,1516,N20W52,208,0000,Axx,01,02
2012-07-07,1517,N19W39,195,0030,Cro,03,03
2012-07-07,1518,N09E39,117,0050,Cso,07,03
2012-07-07,1519,S15E47,109,0080,Hsx,02,01
2012-07-08,1513,N16W78,221,0180,Hsx,04,02
2012-07-08,1515,S17W63,206,0780,Fki,16,43
2012-07-08,1517,N19W53,196,0020,Cro,02,03
2012-07-08,1518,N10E24,119,0030,Cro,06,04
2012-07-08,1519,S15E34,109,0070,Hsx,02,01
2012-07-08,1520,S15E54,088,0510,Fhc,16,14
2012-07-09,1513,N17W89,219,0180,Hsx,06,03
2012-07-09,1515,S17W76,206,0550,Eki,15,32
2012-07-09,1518,N10E12,116,0030,Dso,06,03
2012-07-09,1519,S15E22,109,0080,Hsx,04,01
2012-07-09,1520,S15E43,086,1070,Fhc,23,23
2012-07-10,1515,S15W89,206,0320,Dao,10,07
2012-07-10,1518,N10W00,116,0010,Bxo,02,04
2012-07-10,1519,S16E13,104,0100,Cso,09,08
2012-07-10,1520,S17E33,084,1320,Fkc,19,57
2012-07-10,1521,S22E21,096,0110,Dao,07,11
2012-07-11,1518,N09W13,116,0020,Bxo,03,04
2012-07-11,1519,S16W04,107,0060,Hsx,02,01
2012-07-11,1520,S16E19,084,1370,Fkc,23,60
2012-07-11,1521,S22E05,098,0190,Dsi,09,17
2012-07-12,1519,S15W18,108,0040,Hsx,02,01
2012-07-12,1520,S17E06,084,1320,Fkc,18,48
2012-07-12,1521,S22W07,097,0150,Eso,11,15
2012-07-13,1519,S14W31,108,0050,Hsx,02,01
2012-07-13,1520,S16W09,086,1460,Fkc,20,53
2012-07-13,1521,S21W21,097,0210,Esi,11,18
2012-07-13,1522,N13W21,098,0020,Cro,03,04
2012-07-13,1523,S27E31,046,0010,Bxo,03,06
2012-07-14,1519,S16W45,107,0050,Hsx,01,01
2012-07-14,1520,S16W23,086,0920,Fkc,19,33
2012-07-14,1521,S21W34,096,0260,Eki,11,16
2012-07-14,1522,N13W36,098,0020,Dao,04,05
2012-07-14,1523,S27E17,046,0020,Dao,06,07
2012-07-15,1519,S16W56,106,0050,Cso,02,03
2012-07-15,1520,S17W35,085,0990,Fkc,19,34
2012-07-15,1521,S21W47,096,0280,Eki,11,16
2012-07-15,1522,N13W49,098,0020,Cao,04,07
2012-07-15,1523,S28E04,045,0050,Dao,07,10
2012-07-16,1519,S17W68,105,0090,Dao,07,12
2012-07-16,1520,S17W48,085,0960,Fkc,18,35
2012-07-16,1521,S21W60,096,0300,Eki,12,17
2012-07-16,1522,N13W62,098,0040,Dao,05,09
2012-07-16,1523,S28W08,045,0050,Dao,08,11
2012-07-17,1519,S17W81,105,0090,Dao,07,12
2012-07-17,1520,S16W58,081,0430,Fkc,16,12
2012-07-17,1521,S22W71,094,0220,Eao,12,08
2012-07-17,1522,N11W76,099,0060,Dso,06,04
2012-07-17,1523,S28W21,045,0040,Dao,08,03
2012-07-18,1520,S17W75,085,0590,Eko,11,08
2012-07-18,1521,S19W85,095,0140,Dso,09,04
2012-07-18,1522,N12W90,100,0060,Cao,10,03
2012-07-18,1523,S28W36,046,0060,Cso,08,04
2012-07-18,1524,S17E54,317,0040,Cso,06,05
2012-07-18,1525,S22E51,320,0030,Cso,03,03
2012-07-19,1520,S17W89,086,0300,Eko,12,05
2012-07-19,1523,S28W51,048,0090,Dso,08,06
2012-07-19,1524,S16E37,320,0050,Cso,05,07
2012-07-19,1525,S22E36,320,0040,Hsx,01,01
2012-07-20,1523,S28W61,045,0070,Cao,09,04
2012-07-20,1524,S17E24,320,0030,Cso,04,03
2012-07-20,1525,S21E23,321,0040,Dso,02,02
2012-07-21,1523,S28W74,045,0050,Cao,06,05
2012-07-21,1524,S17E10,321,0010,Bxo,04,03
2012-07-21,1525,S20E09,322,0040,Dso,03,04
2012-07-21,1526,S17E63,268,0010,Bxo,05,03
2012-07-22,1523,S27W87,045,0000,Axx,00,01
2012-07-22,1524,S17W01,319,0010,Axx,02,03
2012-07-22,1525,S20W05,323,0040,Cso,03,03
2012-07-22,1526,S18E52,266,0010,Bxo,04,03
2012-07-23,1525,S21W17,321,0060,Cso,04,06
2012-07-23,1526,S18E39,265,0010,Bxo,03,03
2012-07-24,1525,S21W29,320,0040,Cso,04,04
2012-07-24,1526,S17E26,265,0010,Bxo,03,03
2012-07-24,1527,N27E64,227,0010,Axx,01,01
2012-07-24,1528,N17E67,224,0060,Hsx,03,01
2012-07-24,1529,S12E71,220,0060,Hsx,03,01
2012-07-25,1525,S21W43,321,0030,Hsx,01,01
2012-07-25,1526,S17E11,267,0000,Axx,01,01
2012-07-25,1527,N27E53,225,0000,Axx,01,01
2012-07-25,1528,N17E53,225,0080,Hsx,03,01
2012-07-25,1529,S12E57,221,0070,Hsx,02,01
2012-07-25,1530,S19E68,210,0090,Hsx,04,01
2012-07-26,1525,S21W58,323,0010,Hrx,01,01
2012-07-26,1526,S17W00,265,0010,Cro,03,03
2012-07-26,1528,N17E39,226,0080,Cso,03,06
2012-07-26,1529,S11E43,222,0080,Hsx,02,02
2012-07-26,1530,S19E54,211,0130,Cso,04,04
2012-07-27,1526,S17W14,266,0020,Cro,04,03
2012-07-27,1528,N17E25,227,0040,Cso,02,03
2012-07-27,1529,S11E30,222,0080,Hsx,02,02
2012-07-27,1530,S19E40,212,0140,Cso,05,03
2012-07-27,1531,N15W59,309,0020,Cro,02,03
2012-07-27,1532,S20E67,185,0060,Cao,02,03
2012-07-28,1526,S17W28,267,0020,Cro,04,03
2012-07-28,1528,N17E11,226,0030,Hsx,02,02
2012-07-28,1529,S11E16,223,0080,Hsx,02,02
2012-07-28,1530,S19E28,209,0130,Cso,04,03
2012-07-28,1531,N15W73,312,0010,Bxo,02,03
2012-07-28,1532,S20E53,186,0060,Cso,02,03
2012-07-28,1533,S28E18,220,0040,Cao,06,05
2012-07-29,1528,N17W02,227,0040,Hsx,02,01
2012-07-29,1529,S10E03,221,0060,Hsx,02,01
2012-07-29,1530,S19E13,211,0140,Cso,05,03
2012-07-29,1531,N16W83,309,0010,Bxo,09,03
2012-07-29,1532,S22E47,183,0510,Fho,20,21
2012-07-29,1533,S29E05,219,0010,Bxo,06,08
2012-07-29,1534,N17E55,170,0010,Axx,01,01
2012-07-30,1528,N17W15,226,0040,Hsx,02,02
2012-07-30,1529,S11W10,221,0070,Hsx,02,01
2012-07-30,1530,S17W00,212,0170,Cso,04,03
2012-07-30,1532,S21E33,180,0500,Fko,21,20
2012-07-30,1533,S28W07,219,0030,Cso,08,03
2012-07-31,1528,N17W28,227,0030,Cso,02,02
2012-07-31,1529,S11W23,222,0060,Hsx,02,02
2012-07-31,1530,S18W13,212,0150,Hsx,03,01
2012-07-31,1532,S19E14,184,0350,Dkc,07,14
2012-07-31,1533,S28W21,220,0010,Bxo,09,03
2012-07-31,1535,N18E64,135,0110,Dai,10,07
2012-07-31,1536,S23E26,173,0100,Dao,10,07
2012-08-01,1528,N17W42,228,0010,Hrx,01,02
2012-08-01,1529,S11W37,223,0060,Hsx,01,01
2012-08-01,1530,S18W27,213,0150,Hsx,02,01
2012-08-01,1532,S19E01,185,0310,Dki,07,15
2012-08-01,1535,N18E51,135,0130,Dai,10,08
2012-08-01,1536,S22E13,173,0090,Dao,09,06
2012-08-01,1537,N12E76,110,0010,Axx,01,01
2012-08-01,1538,S23E68,118,0030,Dro,04,02
2012-08-02,1528,N17W56,228,0010,Hrx,01,01
2012-08-02,1529,S11W50,223,0040,Hsx,01,01
2012-08-02,1530,S18W41,213,0120,Hsx,02,01
2012-08-02,1532,S19W14,186,0280,Dko,07,09
2012-08-02,1535,N18E37,135,0150,Eai,11,12
2012-08-02,1536,S22W01,173,0100,Eao,12,07
2012-08-02,1537,N12E64,108,0040,Hsx,03,01
2012-08-02,1538,S22E54,118,0160,Dao,08,06
2012-08-03,1528,N17W70,229,0020,Hrx,01,01
2012-08-03,1529,S11W62,221,0030,Hsx,01,01
2012-08-03,1530,S19W53,212,0120,Hsx,02,01
2012-08-03,1532,S18W28,187,0230,Cso,06,05
2012-08-03,1535,N17E24,135,0120,Dso,09,10
2012-08-03,1536,S23W13,172,0070,Eao,13,06
2012-08-03,1537,N12E50,109,0050,Hsx,02,01
2012-08-03,1538,S23E43,116,0220,Dao,09,07
2012-08-03,1539,S22E60,099,0030,Cro,03,04
2012-08-04,1528,N15W81,227,0010,Bxo,04,04
2012-08-04,1529,S11W76,222,0040,Hsx,01,01
2012-08-04,1530,S18W66,212,0100,Hsx,02,02
2012-08-04,1532,S18W41,187,0230,Cso,06,06
2012-08-04,1534,N23W26,172,0000,Axx,01,01
2012-08-04,1535,N18E09,135,0100,Cso,09,07
2012-08-04,1536,S23W26,172,0030,Cro,13,05
2012-08-04,1537,N12E35,111,0040,Hsx,02,01
2012-08-04,1538,S22E28,118,0220,Dao,10,06
2012-08-04,1539,S23E45,101,0010,Bxo,06,03
2012-08-04,1540,S27E60,086,0030,Cro,07,03
2012-08-04,1541,S15E64,082,0010,Hrx,01,01
2012-08-05,1529,S10W88,221,0030,Hsx,01,01
2012-08-05,1530,S18W78,211,0100,Hsx,01,01
2012-08-05,1532,S19W53,186,0240,Cso,09,04
2012-08-05,1535,N18W02,135,0100,Cso,08,10
2012-08-05,1536,S25W38,171,0030,Cso,13,03
2012-08-05,1537,N12E23,110,0050,Hsx,02,01
2012-08-05,1538,S22E16,117,0220,Eso,11,08
2012-08-05,1539,S22E31,102,0020,Cro,03,03
2012-08-05,1540,S27E46,087,0090,Cao,07,08
2012-08-05,1541,S15E50,083,0000,Axx,01,01
2012-08-06,1530,S18W90,210,0120,Hsx,07,01
2012-08-06,1532,S19W66,186,0210,Hsx,05,01
2012-08-06,1535,N18W15,135,0090,Cso,04,06
2012-08-06,1537,N13E09,109,0040,Hsx,01,01
2012-08-06,1538,S22E02,117,0140,Dso,09,08
2012-08-06,1539,S23E18,101,0010,Hrx,01,01
2012-08-06,1540,S27E32,087,0110,Dso,06,08
2012-08-06,1541,S16E38,081,0010,Axx,00,01
2012-08-07,1532,S19W80,186,0150,Hsx,05,01
2012-08-07,1535,N19W29,135,0080,Cso,04,04
2012-08-07,1537,N13W04,110,0040,Hsx,01,01
2012-08-07,1538,S22W11,117,0130,Dso,09,05
2012-08-07,1539,S23E04,102,0000,Axx,01,01
2012-08-07,1540,S27E17,089,0100,Cai,06,13
2012-08-07,1541,S17E24,082,0010,Axx,01,01
2012-08-07,1542,S13E75,031,0020,Hax,02,02
2012-08-08,1532,S16W92,185,0180,Hsx,08,01
2012-08-08,1535,N19W42,135,0050,Cso,05,02
2012-08-08,1537,N12W17,110,0050,Hsx,01,01
2012-08-08,1538,S22W23,116,0100,Dso,10,03
2012-08-08,1540,S26E04,089,0090,Dai,05,09
2012-08-08,1542,S14E62,031,0140,Cso,08,06
2012-08-08,1543,N21E70,023,0140,Cso,08,04
2012-08-09,1535,N18W54,134,0070,Cso,05,02
2012-08-09,1537,N12W30,110,0020,Hsx,01,01
2012-08-09,1538,S23W35,115,0100,Dso,10,02
2012-08-09,1539,S22W20,100,0020,Cso,03,02
2012-08-09,1540,S26W09,089,0090,Dai,06,09
2012-08-09,1542,S14E50,030,0160,Dai,09,09
2012-08-09,1543,N21E58,022,0230,Dao,09,04
2012-08-10,1535,N19W70,136,0080,Hsx,02,01
2012-08-10,1537,N13W42,108,0030,Hsx,01,01
2012-08-10,1538,S22W47,113,0160,Dso,10,05
2012-08-10,1539,S20W29,096,0010,Axx,00,01
2012-08-10,1540,S26W21,088,0090,Cao,05,06
2012-08-10,1542,S14E37,030,0190,Dai,07,14
2012-08-10,1543,N21E45,022,0260,Dho,08,06
2012-08-10,1544,S30W06,073,0070,Dai,05,10
2012-08-11,1535,N18W81,134,0090,Hsx,05,01
2012-08-11,1537,N13W55,108,0020,Hsx,02,01
2012-08-11,1538,S23W60,113,0110,Dso,09,06
2012-08-11,1540,S26W34,087,0110,Cao,04,07
2012-08-11,1542,S16E24,029,0130,Dai,06,10
2012-08-11,1543,N21E33,020,0250,Dho,10,04
2012-08-11,1544,S29W20,073,0080,Dso,08,06
2012-08-12,1537,N12W69,108,0010,Axx,01,01
2012-08-12,1538,S23W74,113,0070,Dso,08,02
2012-08-12,1540,S25W50,089,0050,Hax,01,01
2012-08-12,1542,S14E08,031,0110,Dao,04,07
2012-08-12,1543,N20E20,020,0250,Dho,10,09
2012-08-12,1544,S31W33,072,0070,Dao,08,07
2012-08-12,1545,S14W21,061,0010,Bxo,01,01
2012-08-13,1538,S22W87,113,0010,Axx,02,01
2012-08-13,1540,S25W62,089,0030,Hax,01,01
2012-08-13,1542,S13W04,030,0060,Dao,05,06
2012-08-13,1543,N20E07,019,0230,Dso,09,05
2012-08-13,1544,S31W45,072,0050,Cao,02,02
2012-08-13,1545,S14W34,061,0010,Bxo,01,01
2012-08-14,1540,S25W76,090,0030,Hax,01,01
2012-08-14,1542,S12W18,032,0040,Dao,07,04
2012-08-14,1543,N20W05,019,0250,Dko,10,12
2012-08-14,1544,S29W56,070,0030,Cao,02,02
2012-08-14,1545,S14W49,063,0020,Cso,06,04
2012-08-15,1542,S12W33,034,0040,Cao,06,04
2012-08-15,1543,N22W19,020,0250,Cko,07,07
2012-08-15,1545,S14W63,064,0010,Axx,05,03
2012-08-16,1542,S14W46,033,0010,Bxo,02,03
2012-08-16,1543,N21W34,021,0300,Cho,04,09
2012-08-17,1542,S11W62,035,0000,Axx,01,01
2012-08-17,1543,N22W48,022,0360,Hhx,03,02
2012-08-17,1546,N16E69,265,0050,Hsx,01,01
2012-08-18,1543,N24W59,020,0320,Cko,06,05
2012-08-18,1546,N16E56,264,0050,Hsx,03,01
2012-08-18,1547,N05E21,298,0030,Cso,05,06
2012-08-19,1543,N23W74,021,0300,Hhx,04,03
2012-08-19,1546,N16E44,263,0050,Hsx,03,01
2012-08-19,1547,N06E09,298,0010,Cro,03,02
2012-08-19,1548,N20E76,232,0120,Cao,05,08
2012-08-20,1543,N23W86,020,0180,Dso,06,03
2012-08-20,1546,N16E28,266,0050,Hsx,02,01
2012-08-20,1547,N06W04,298,0020,Cso,04,03
2012-08-20,1548,N19E62,232,0080,Cso,08,07
2012-08-20,1549,S16W30,323,0020,Cso,04,03
2012-08-21,1546,N17E16,265,0040,Hsx,02,02
2012-08-21,1547,N05W17,298,0010,Bxo,04,05
2012-08-21,1548,N20E47,234,0030,Cso,02,03
2012-08-21,1549,S18W44,325,0010,Bxo,02,02
2012-08-22,1546,N16E05,263,0040,Hsx,02,01
2012-08-22,1548,N18E32,236,0040,Cso,08,02
2012-08-22,1550,S11W81,349,0010,Bxo,04,02
2012-08-22,1551,N13W14,282,0010,Bxo,07,08
2012-08-22,1552,S18E54,214,0040,Hsx,01,01
2012-08-23,1546,N16W08,263,0020,Hrx,01,01
2012-08-23,1548,N18E18,237,0040,Cso,10,06
2012-08-23,1550,S11W94,349,0010,Bxo,04,02
2012-08-23,1551,N12W28,283,0010,Bxo,06,05
2012-08-23,1552,S18E41,214,0030,Hsx,02,01
2012-08-24,1546,N16W21,263,0020,Hsx,01,01
2012-08-24,1548,N18E04,238,0030,Cso,10,06
2012-08-24,1552,S18E27,215,0030,Hsx,02,01
2012-08-24,1553,S23E50,192,0150,Hsx,02,01
2012-08-25,1546,N16W35,263,0010,Axx,01,01
2012-08-25,1548,N18W09,236,0020,Cso,03,05
2012-08-25,1552,S17E18,209,0020,Hsx,01,01
2012-08-25,1553,S22E46,181,0090,Hsx,02,01
2012-08-25,1554,N16E12,215,0060,Dai,05,11
2012-08-26,1546,N17W47,261,0010,Axx,01,01
2012-08-26,1552,S17E05,209,0030,Hsx,01,01
2012-08-26,1553,S21E33,181,0150,Cso,03,03
2012-08-26,1554,N16W00,215,0170,Dsi,06,09
2012-08-26,1555,N09E69,145,0160,Dao,06,06
2012-08-27,1546,N17W59,260,0010,Axx,01,01
2012-08-27,1552,S17W07,209,0020,Hsx,03,03
2012-08-27,1553,S21E18,183,0110,Cso,05,06
2012-08-27,1554,N16W15,216,0140,Dao,08,11
2012-08-27,1555,N08E56,146,0310,Dko,07,07
2012-08-28,1553,S18E05,184,0120,Dso,09,04
2012-08-28,1554,N16W27,216,0110,Dao,07,06
2012-08-28,1555,N08E43,146,0320,Dho,07,10
2012-08-28,1556,S12W79,267,0010,Axx,01,01
2012-08-28,1557,N17E38,150,0010,Bxo,03,02
2012-08-28,1558,N18E78,110,0010,Bxo,03,02
2012-08-29,1553,S21W07,183,0110,Cso,05,03
2012-08-29,1554,N17W40,216,0030,Cso,05,05
2012-08-29,1555,N08E29,147,0180,Dai,07,13
2012-08-29,1558,N13E65,111,0010,Axx,01,01
2012-08-29,1559,N18E63,112,0010,Axx,01,01
2012-08-30,1553,S21W20,182,0130,Cso,06,05
2012-08-30,1554,N17W54,216,0050,Dso,05,06
2012-08-30,1555,N08E15,148,0100,Dsi,08,15
2012-08-30,1558,N13E51,111,0010,Axx,01,01
2012-08-30,1559,N17E49,113,0030,Hrx,02,02
2012-08-30,1560,N04E36,126,0040,Dao,04,06
2012-08-31,1553,S21W30,179,0150,Dso,05,07
2012-08-31,1554,N16W65,213,0090,Dao,05,05
2012-08-31,1555,N08E01,146,0030,Cso,06,11
2012-08-31,1559,N17E37,111,0010,Axx,02,02
2012-08-31,1560,N03E22,125,0050,Dao,05,08
2012-08-31,1561,S12E15,132,0020,Cao,02,03
2012-08-31,1562,S16E56,092,0010,Axx,01,01
2012-08-31,1563,S25E71,078,0010,Axx,01,01
2012-09-01,1553,S21W47,182,0180,Dao,05,09
2012-09-01,1554,N15W79,214,0160,Dao,07,09
2012-09-01,1555,N08W12,147,0030,Cso,06,04
2012-09-01,1559,N17E24,111,0010,Axx,02,01
2012-09-01,1560,N04E09,125,0180,Dai,06,15
2012-09-01,1561,S11E03,132,0040,Dso,06,07
2012-09-01,1562,S15E40,095,0030,Cri,05,02
2012-09-01,1563,S24E58,077,0040,Dso,08,04
2012-09-01,1564,S13E70,065,0060,Dao,05,03
2012-09-02,1553,S22W57,179,0150,Dai,05,08
2012-09-02,1554,N15W94,216,0160,Dao,09,04
2012-09-02,1560,N03W05,127,0220,Dai,08,19
2012-09-02,1561,S12W10,132,0030,Dao,05,02
2012-09-02,1562,S16E25,096,0020,Dao,06,04
2012-09-02,1563,S25E43,078,0070,Dso,07,04
2012-09-02,1564,S14E56,066,0090,Dao,08,09
2012-09-03,1553,S22W69,179,0140,Dai,07,05
2012-09-03,1560,N03W17,126,0260,Ehi,11,21
2012-09-03,1561,S12W23,131,0020,Cao,06,02
2012-09-03,1562,S17E10,099,0020,Cso,05,03
2012-09-03,1563,S26E29,081,0050,Dao,07,04
2012-09-03,1564,S15E41,068,0150,Dao,10,13
2012-09-04,1553,S21W82,177,0090,Dso,03,03
2012-09-04,1558,N13W23,118,0010,Axx,02,03
2012-09-04,1560,N03W33,128,0350,Eki,13,23
2012-09-04,1561,S10W40,135,0010,Hrx,01,03
2012-09-04,1562,S19W07,103,0010,Bxi,03,03
2012-09-04,1563,S26E15,080,0070,Dro,08,05
2012-09-04,1564,S16E26,069,0220,Esi,12,19
2012-09-04,1565,N11E21,074,0040,Dao,07,06
2012-09-04,1566,N24E76,020,0060,Hax,01,01
2012-09-05,1559,N15W30,112,0050,Dso,07,07
2012-09-05,1560,N04W47,129,0170,Eai,11,15
2012-09-05,1561,S10W54,136,0010,Axx,03,02
2012-09-05,1562,S20W22,104,0050,Dso,04,06
2012-09-05,1563,S24E03,080,0010,Bxo,08,05
2012-09-05,1564,S14E14,068,0160,Esi,13,29
2012-09-05,1565,N10E07,075,0080,Dso,04,05
2012-09-05,1566,N22E64,018,0060,Hax,05,01
2012-09-06,1560,N04W58,128,0230,Eai,11,13
2012-09-06,1562,S21W35,104,0070,Dso,05,05
2012-09-06,1564,S14E01,068,0270,Esi,12,32
2012-09-06,1565,N10W05,074,0040,Dso,04,04
2012-09-06,1566,N22E50,018,0060,Hsx,04,01
2012-09-07,1559,N13W55,112,0010,Bxo,02,03
2012-09-07,1560,N04W73,129,0160,Eai,13,10
2012-09-07,1562,S22W48,104,0100,Dso,07,07
2012-09-07,1564,S14W13,070,0180,Esi,13,25
2012-09-07,1565,N10W19,075,0030,Cso,04,05
2012-09-07,1566,N22E39,018,0070,Hsx,03,02
2012-09-08,1560,N05W89,131,0010,Bxo,02,02
2012-09-08,1562,S20W63,106,0340,Dho,09,06
2012-09-08,1564,S13W28,071,0200,Esi,13,35
2012-09-08,1565,N11W32,074,0010,Axx,02,03
2012-09-08,1566,N23E26,016,0070,Cao,01,02
2012-09-08,1567,N17E56,347,0010,Bxo,02,02
2012-09-09,1562,S21W77,107,0220,Dao,09,06
2012-09-09,1564,S13W39,069,0140,Eai,12,19
2012-09-09,1566,N22E12,017,0060,Hsx,02,01
2012-09-09,1567,N17E39,350,0050,Dao,05,04
2012-09-10,1562,S21W88,105,0120,Dao,02,01
2012-09-10,1564,S13W53,070,0140,Eai,12,19
2012-09-10,1566,N23E01,015,0060,Hsx,02,01
2012-09-10,1567,N17E27,349,0050,Dao,07,08
2012-09-10,1568,S11W28,044,0050,Dso,03,08
2012-09-11,1564,S12W69,072,0120,Dao,06,04
2012-09-11,1566,N23W12,015,0060,Hsx,01,01
2012-09-11,1567,N16E14,348,0010,Bxo,07,02
2012-09-11,1568,S11W40,043,0030,Dro,05,04
2012-09-11,1569,S11E65,298,0030,Hax,01,01
2012-09-12,1564,S11W82,072,0110,Dao,09,04
2012-09-12,1566,N23W25,015,0040,Hsx,02,03
2012-09-12,1567,N16W02,351,0030,Dso,09,04
2012-09-12,1568,S10W55,044,0050,Dso,05,04
2012-09-12,1569,S12E53,296,0160,Dao,10,08
2012-09-13,1566,N23W39,016,0040,Hsx,02,02
2012-09-13,1568,S09W68,045,0010,Axx,01,02
2012-09-13,1569,S12E39,297,0200,Eso,12,10
2012-09-13,1570,S13W34,010,0020,Cso,02,03
2012-09-13,1571,S12E57,279,0110,Cso,06,01
2012-09-14,1566,N23W51,015,0050,Hsx,01,01
2012-09-14,1569,S12E27,296,0210,Eac,12,10
2012-09-14,1571,S13E46,277,0130,Cso,08,03
2012-09-15,1566,N22W65,015,0030,Hsx,02,02
2012-09-15,1569,S12E14,296,0140,Eao,13,10
2012-09-15,1571,S12E33,277,0100,Cso,06,02
2012-09-16,1566,N23W76,013,0010,Hrx,01,01
2012-09-16,1569,S12W00,296,0180,Eso,12,08
2012-09-16,1571,S13E19,277,0100,Cso,05,03
2012-09-16,1572,N15W70,007,0010,Axx,00,01
2012-09-17,1566,N23W89,014,0010,Hrx,01,01
2012-09-17,1569,S12W13,296,0120,Cso,12,06
2012-09-17,1571,S13E06,277,0090,Cso,07,06
2012-09-17,1572,N16W83,007,0010,Axx,00,01
2012-09-17,1573,N17E62,222,0010,Axx,00,01
2012-09-17,1574,S25W17,302,0000,Bxo,02,02
2012-09-18,1569,S12W26,297,0120,Cso,09,03
2012-09-18,1571,S13W08,279,0060,Hsx,02,03
2012-09-18,1573,N16E48,222,0000,Axx,00,01
2012-09-18,1574,S24W32,302,0040,Dso,03,04
2012-09-19,1569,S12W40,298,0100,Cso,09,04
2012-09-19,1571,S13W21,279,0060,Hsx,02,02
2012-09-19,1573,N19E36,221,0010,Bxo,03,02
2012-09-19,1574,S23W43,301,0020,Hsx,02,01
2012-09-19,1575,N07E75,185,0140,Dao,04,02
2012-09-20,1569,S14W55,300,0100,Cso,03,02
2012-09-20,1571,S14W35,280,0030,Hsx,02,01
2012-09-20,1574,S25W57,302,0020,Hsx,01,01
2012-09-20,1575,N10E62,183,0220,Eao,12,04
2012-09-20,1576,S22E62,183,0050,Dso,09,04
2012-09-21,1569,S12W70,300,0170,Hsx,02,02
2012-09-21,1571,S14W46,278,0050,Cao,06,03
2012-09-21,1574,S22W70,302,0040,Cao,06,04
2012-09-21,1575,N07E50,182,0280,Eko,12,06
2012-09-21,1576,S21E52,180,0070,Dso,07,03
2012-09-22,1569,S11W82,300,0080,Hsx,02,01
2012-09-22,1571,S13W59,276,0010,Bxo,05,03
2012-09-22,1573,N18W04,221,0000,Axx,02,02
2012-09-22,1574,S24W79,299,0030,Cro,04,02
2012-09-22,1575,N08E37,180,0250,Eko,12,04
2012-09-22,1576,S21E43,177,0050,Dso,06,02
2012-09-23,1575,N08E24,181,0320,Eko,12,10
2012-09-23,1576,S21E30,175,0050,Dao,06,02
2012-09-23,1577,N08E43,162,0020,Cao,03,04
2012-09-24,1575,N08E11,181,0260,Eho,13,13
2012-09-24,1576,S22E17,175,0050,Dso,06,02
2012-09-24,1577,N08E30,162,0100,Dai,06,12
2012-09-25,1573,N15W44,223,0010,Axx,01,01
2012-09-25,1575,N09W03,182,0200,Eso,13,13
2012-09-25,1576,S21E04,175,0040,Dso,07,02
2012-09-25,1577,N09E17,161,0080,Dao,08,08
2012-09-25,1578,N21E10,169,0020,Cro,03,05
2012-09-25,1579,S09E70,109,0120,Hax,03,01
2012-09-26,1573,N15W56,222,0050,Cai,04,08
2012-09-26,1575,N08W16,182,0180,Eso,13,11
2012-09-26,1576,S21W09,175,0030,Cro,07,03
2012-09-26,1577,N09E03,163,0060,Cso,08,07
2012-09-26,1578,N21W04,170,0010,Bxo,04,03
2012-09-26,1579,S09E58,108,0180,Cso,07,03
2012-09-26,1580,N17E67,099,0030,Cro,05,03
2012-09-26,1581,N22E03,163,0020,Cao,04,03
2012-09-27,1573,N16W69,222,0070,Cso,05,08
2012-09-27,1575,N08W29,182,0170,Dso,09,07
2012-09-27,1576,S20W21,174,0010,Bxo,05,02
2012-09-27,1577,N09W12,165,0040,Dso,10,05
2012-09-27,1579,S09E45,108,0160,Cso,06,03
2012-09-27,1580,N17E53,100,0030,Cro,06,04
2012-09-27,1581,N22W10,163,0030,Cao,05,03
2012-09-27,1582,S12E68,085,0200,Hsx,04,01
2012-09-28,1575,N09W46,185,0130,Hax,03,04
2012-09-28,1576,S20W35,174,0005,Axx,00,01
2012-09-28,1577,N09W26,165,0015,Cso,04,03
2012-09-28,1578,N21W31,169,0005,Axx,01,01
2012-09-28,1579,S10E33,106,0160,Hsx,03,02
2012-09-28,1580,N17E40,100,0020,Cso,09,03
2012-09-28,1581,N22W24,163,0005,Axx,01,02
2012-09-28,1582,S13E55,084,0260,Hhx,04,01
2012-09-29,1575,N08W60,186,0100,Hsx,06,06
2012-09-29,1576,S21W47,173,0000,Axx,01,01
2012-09-29,1577,N08W41,167,0010,Bxo,03,04
2012-09-29,1579,S09E20,106,0200,Cso,04,03
2012-09-29,1580,N19E28,098,0000,Axx,01,02
2012-09-29,1582,S12E42,084,0280,Hhx,04,01
2012-09-30,1575,N07W73,186,0100,Hsx,02,01
2012-09-30,1577,N09W54,167,0090,Dao,06,08
2012-09-30,1579,S08E05,106,0190,Cso,05,05
2012-09-30,1582,S11E28,085,0360,Hhx,04,01
2012-09-30,1583,N13W75,188,0090,Dso,08,05
2012-10-01,1575,N07W87,187,0100,Hsx,02,01
2012-10-01,1577,N09W68,168,0090,Dao,06,08
2012-10-01,1578,N21W75,174,0010,Cao,04,02
2012-10-01,1579,S09W08,107,0180,Cso,02,04
2012-10-01,1582,S12E15,084,0350,Hhx,03,01
2012-10-01,1583,N12W88,187,0090,Dso,05,06
2012-10-01,1584,S23E28,071,0010,Cao,02,03
2012-10-02,1577,N09W82,169,0040,Dso,04,01
2012-10-02,1578,N21W88,174,0020,Hsx,03,01
2012-10-02,1579,S09W21,107,0170,Cao,03,02
2012-10-02,1582,S11E02,084,0310,Hhx,04,01
2012-10-02,1584,S23E16,070,0040,Dso,06,04
2012-10-03,1577,N09W95,169,0040,Dso,03,03
2012-10-03,1579,S09W34,106,0160,Cso,03,03
2012-10-03,1582,S12W12,085,0310,Dho,06,07
2012-10-03,1584,S22W01,072,0030,Hsx,02,01
2012-10-03,1585,S16E63,009,0050,Dso,02,04
2012-10-04,1579,S10W47,107,0180,Cso,03,04
2012-10-04,1582,S08W25,085,0270,Cho,05,05
2012-10-04,1584,S23W12,072,0020,Hax,02,02
2012-10-04,1585,S17E52,008,0240,Dso,07,07
2012-10-05,1579,S10W60,107,0160,Cso,05,05
2012-10-05,1582,S12W38,085,0250,Hhx,04,02
2012-10-05,1584,S22W26,073,0010,Axx,02,02
2012-10-05,1585,S18E39,008,0220,Dao,06,07
2012-10-06,1579,S10W73,107,0150,Cso,04,02
2012-10-06,1582,S12W51,085,0230,Hsx,03,01
2012-10-06,1584,S22W40,074,0000,Axx,01,02
2012-10-06,1585,S19E26,008,0180,Dao,07,10
2012-10-07,1579,S11W87,107,0150,Cso,04,02
2012-10-07,1582,S12W64,084,0220,Hsx,03,01
2012-10-07,1585,S20E12,008,0150,Dso,06,06
2012-10-08,1582,S13W77,084,0270,Hhx,03,01
2012-10-08,1585,S21W01,008,0120,Cso,07,05
2012-10-08,1586,S12E66,301,0090,Hsx,02,01
2012-10-09,1582,S12W91,085,0210,Hsx,06,01
2012-10-09,1585,S19W13,007,0170,Dao,09,09
2012-10-09,1586,S13E52,302,0080,Hsx,03,01
2012-10-10,1585,S20W29,009,0200,Cso,05,06
2012-10-10,1586,S13E38,302,0080,Hsx,02,01
2012-10-10,1587,S09W78,059,0010,Axx,03,01
2012-10-10,1588,N08W61,042,0010,Bxo,03,02
2012-10-10,1589,N13E75,265,0110,Cao,06,03
2012-10-11,1585,S19W41,009,0120,Dao,05,04
2012-10-11,1586,S12E24,302,0060,Hsx,01,01
2012-10-11,1587,S09W92,060,0010,Axx,03,01
2012-10-11,1588,N08W73,041,0010,Bxo,04,03
2012-10-11,1589,N13E61,265,0200,Dai,08,12
2012-10-12,1585,S19W54,009,0100,Cao,05,08
2012-10-12,1586,S13E11,304,0080,Hsx,02,01
2012-10-12,1588,N09W87,042,0010,Axx,01,01
2012-10-12,1589,N12E49,266,0280,Dac,10,20
2012-10-12,1590,S29E59,256,0030,Cso,05,02
2012-10-13,1585,S18W68,010,0090,Cso,04,06
2012-10-13,1586,S12W01,302,0080,Hsx,02,01
2012-10-13,1589,N13E34,266,0280,Dkc,10,29
2012-10-13,1590,S29E46,256,0020,Hax,02,01
2012-10-13,1591,N07E72,228,0200,Dso,06,02
2012-10-14,1585,S19W81,009,0030,Cro,03,02
2012-10-14,1586,S12W15,303,0080,Hsx,02,01
2012-10-14,1589,N13E22,266,0270,Ekc,12,27
2012-10-14,1590,S30E31,257,0040,Cso,02,02
2012-10-14,1591,N07E59,229,0190,Dso,05,03
2012-10-15,1586,S13W28,303,0070,Hsx,03,02
2012-10-15,1589,N13E09,266,0240,Eac,11,34
2012-10-15,1590,S30E17,258,0040,Hsx,01,01
2012-10-15,1591,N07E45,230,0220,Dsi,08,05
2012-10-15,1592,N23E20,255,0020,Dro,04,05
2012-10-16,1586,S13W36,303,0060,Hsx,02,01
2012-10-16,1589,N14W06,267,0130,Dri,07,27
2012-10-16,1590,S30E05,256,0030,Hrx,02,01
2012-10-16,1591,N07E32,229,0230,Dso,06,12
2012-10-16,1592,N23E06,255,0010,Bxo,05,05
2012-10-16,1593,N17E78,183,0060,Hsx,02,01
2012-10-16,1594,S26E61,199,0030,Dro,03,02
2012-10-17,1586,S12W54,302,0040,Hsx,02,01
2012-10-17,1589,N12W19,267,0080,Dri,08,13
2012-10-17,1590,S30W07,255,0020,Cro,06,07
2012-10-17,1591,N07E20,228,0190,Dso,05,06
2012-10-17,1592,N22W08,256,0010,Axx,01,01
2012-10-17,1593,N15E62,186,0060,Hax,03,03
2012-10-17,1594,S26E47,200,0090,Dao,05,06
2012-10-18,1586,S14W67,301,0060,Hsx,02,01
2012-10-18,1589,N13W32,267,0090,Dsi,06,14
2012-10-18,1590,S30W18,253,0010,Cro,02,03
2012-10-18,1591,N07E07,227,0130,Dso,06,06
2012-10-18,1593,N17E49,185,0040,Hax,02,01
2012-10-18,1594,S27E33,201,0050,Dao,07,04
2012-10-18,1595,S14W41,276,0010,Axx,02,01
2012-10-19,1586,S13W80,302,0050,Hsx,05,01
2012-10-19,1589,N12W45,267,0020,Bxi,07,13
2012-10-19,1590,S30W29,251,0010,Bxo,02,02
2012-10-19,1591,N08W08,230,0170,Hsx,02,01
2012-10-19,1593,N18E36,186,0030,Hax,01,03
2012-10-19,1594,S27E23,199,0040,Cro,07,04
2012-10-19,1596,N11E73,149,0300,Eao,16,04
2012-10-19,1597,S21W30,252,0020,Dro,04,04
2012-10-20,1586,S12W93,302,0060,Hsx,02,01
2012-10-20,1589,N12W59,268,0030,Cro,06,10
2012-10-20,1590,S30W42,251,0010,Bxo,04,02
2012-10-20,1591,N08W22,231,0150,Hsx,03,01
2012-10-20,1593,N17E22,187,0040,Cso,03,05
2012-10-20,1594,S27E11,198,0010,Bxo,02,02
2012-10-20,1596,N08E60,149,0330,Eko,12,05
2012-10-20,1597,S21W43,252,0060,Dao,06,04
2012-10-21,1589,N12W70,266,0090,Cso,02,04
2012-10-21,1590,S31W53,249,0120,Cso,10,06
2012-10-21,1591,N07W34,230,0110,Hsx,03,01
2012-10-21,1593,N15E09,187,0070,Dso,06,06
2012-10-21,1594,S27W03,199,0010,Bxo,02,02
2012-10-21,1596,N06E46,150,0280,Eko,11,06
2012-10-21,1597,S22W58,254,0090,Dso,06,06
2012-10-21,1598,S09E82,114,0100,Hsx,02,01
2012-10-22,1591,N07W47,230,0120,Hsx,02,01
2012-10-22,1593,N15W05,188,0040,Dso,04,06
2012-10-22,1596,N07E33,150,0460,Eho,11,09
2012-10-22,1597,S22W69,252,0040,Dso,08,05
2012-10-22,1598,S12E70,113,0270,Dhi,07,04
2012-10-23,1591,N06W61,230,0100,Hsx,02,01
2012-10-23,1593,N14W18,188,0020,Cro,05,04
2012-10-23,1596,N07E20,149,0310,Dki,10,31
2012-10-23,1598,S10E56,113,0370,Dhi,08,10
2012-10-24,1591,N06W74,230,0110,Hsx,02,01
2012-10-24,1593,N15W33,188,0020,Hsx,03,02
2012-10-24,1596,N07E06,149,0300,Eko,11,14
2012-10-24,1598,S12E44,111,0420,Dki,08,16
2012-10-24,1599,S09E73,083,0060,Hsx,02,01
2012-10-25,1591,N06W92,233,0120,Hsx,08,01
2012-10-25,1593,N15W49,191,0010,Hrx,01,01
2012-10-25,1596,N08W08,150,0290,Eko,12,13
2012-10-25,1598,S12E29,113,0360,Dki,09,12
2012-10-25,1599,S10E58,084,0100,Hsx,02,01
2012-10-26,1596,N07W21,151,0230,Eao,11,10
2012-10-26,1598,S12E18,112,0370,Dko,09,17
2012-10-26,1599,S10E43,087,0100,Hsx,02,01
2012-10-27,1596,N08W35,152,0230,Eao,11,09
2012-10-27,1598,S12E04,113,0340,Dko,07,17
2012-10-27,1599,S11E30,087,0120,Hsx,02,01
2012-10-27,1600,N09W14,131,0040,Dso,04,04
2012-10-28,1596,N08W48,152,0170,Dao,10,05
2012-10-28,1598,S11W10,114,0330,Dkc,05,11
2012-10-28,1599,S11E16,088,0110,Hsx,02,01
2012-10-28,1600,N09W28,132,0020,Cro,05,02
2012-10-29,1596,N06W65,155,0150,Dao,05,05
2012-10-29,1598,S11W23,113,0240,Dac,04,07
2012-10-29,1599,S11E04,086,0060,Hsx,02,01
2012-10-29,1600,N09W42,132,0010,Axx,05,02
2012-10-30,1596,N05W79,155,0110,Cao,03,03
2012-10-30,1598,S11W37,113,0210,Cso,03,06
2012-10-30,1599,S11W10,086,0080,Hsx,02,01
2012-10-30,1600,N09W54,130,0020,Cso,04,03
2012-10-30,1601,S10E11,066,0010,Axx,01,01
2012-10-30,1602,S17E65,012,0020,Hrx,01,01
2012-10-31,1596,N08W94,157,0060,Hsx,10,01
2012-10-31,1598,S11W51,114,0210,Hsx,04,02
2012-10-31,1599,S12W23,087,0100,Hsx,02,01
2012-10-31,1601,S10W05,068,0000,Axx,00,01
2012-10-31,1602,S19E50,012,0030,Hrx,01,01
2012-11-01,1598,S11W65,114,0230,Hsx,04,02
2012-11-01,1599,S13W38,087,0110,Hsx,03,02
2012-11-01,1602,S19E37,012,0030,Hax,01,01
2012-11-02,1598,S11W77,114,0160,Hsx,06,02
2012-11-02,1599,S11W49,086,0100,Hsx,03,01
2012-11-02,1602,S19E27,010,0080,Cao,03,03
2012-11-02,1603,N08W18,055,0010,Bxo,02,02
2012-11-03,1598,S11W90,114,0140,Hsx,05,01
2012-11-03,1599,S13W62,086,0120,Hsx,03,01
2012-11-03,1602,S19E13,011,0060,Hax,03,02
2012-11-04,1599,S13W77,088,0080,Cso,03,02
2012-11-04,1602,S19W01,012,0020,Hrx,01,01
2012-11-04,1604,N08E48,322,0010,Bxo,05,02
2012-11-05,1599,S12W89,087,0090,Hsx,02,01
2012-11-05,1602,S19W15,013,0010,Axx,01,01
2012-11-05,1605,N17E24,333,0010,Bxo,04,02
2012-11-05,1606,S16E45,310,0020,Cro,02,02
2012-11-06,1605,N17E10,336,0010,Axx,01,02
2012-11-06,1606,S16E31,313,0010,Axx,01,01
2012-11-06,1607,N12W47,035,0010,Bxo,03,03
2012-11-06,1608,S20E62,283,0010,Hrx,01,01
2012-11-07,1605,N18W04,339,0010,Axx,01,01
2012-11-07,1606,S15E18,316,0010,Axx,01,01
2012-11-07,1607,N12W61,036,0060,Cso,05,07
2012-11-07,1608,S20E48,286,0020,Hrx,01,01
2012-11-07,1609,S14E71,260,0030,Hrx,01,01
2012-11-08,1605,N18W18,340,0010,Axx,01,01
2012-11-08,1606,S15E04,318,0010,Bxo,04,03
2012-11-08,1607,N12W74,036,0090,Cso,06,05
2012-11-08,1608,S20E35,287,0010,Axx,01,01
2012-11-08,1609,S14E58,263,0150,Cso,07,05
2012-11-08,1610,S22E55,267,0010,Bxo,06,02
2012-11-09,1607,N12W87,032,0090,Dso,06,02
2012-11-09,1608,S20E23,282,0010,Hrx,01,01
2012-11-09,1609,S15E45,260,0040,Cso,07,04
2012-11-09,1610,S24E36,269,0000,Axx,01,01
2012-11-09,1611,N12E66,239,0200,Dso,08,02
2012-11-09,1612,N06E71,234,0070,Hsx,01,01
2012-11-10,1608,S21E10,282,0010,Hrx,01,02
2012-11-10,1609,S15E32,260,0010,Cro,06,02
2012-11-10,1610,S23E32,260,0020,Dai,05,02
2012-11-10,1611,N13E52,240,0270,Eso,10,08
2012-11-10,1612,N07E59,233,0100,Hsx,02,01
2012-11-11,1608,S20W03,282,0010,Hrx,01,01
2012-11-11,1609,S15E16,263,0010,Hax,01,01
2012-11-11,1610,S23E15,264,0090,Dai,06,06
2012-11-11,1611,N12E41,238,0170,Eso,11,09
2012-11-11,1612,N08E50,228,0070,Hsx,02,01
2012-11-12,1609,S15E01,264,0010,Hrx,01,01
2012-11-12,1610,S25E02,263,0150,Dai,09,18
2012-11-12,1611,N12E27,238,0210,Dso,10,09
2012-11-12,1612,N05E36,229,0060,Hsx,02,01
2012-11-12,1613,S21E57,207,0070,Hsx,02,01
2012-11-12,1614,N15E72,193,0110,Dso,08,03
2012-11-12,1615,N09E61,205,0010,Bxo,05,03
2012-11-13,1605,N16W82,340,0010,Bxo,07,04
2012-11-13,1609,S14W10,263,0010,Hrx,04,03
2012-11-13,1610,S22W10,263,0550,Eki,11,51
2012-11-13,1611,N15E13,240,0250,Eho,12,12
2012-11-13,1612,N09E25,228,0100,Hsx,05,01
2012-11-13,1613,S22E43,210,0170,Dso,10,10
2012-11-13,1614,N16E58,195,0350,Fho,17,19
2012-11-13,1615,N10E48,205,0160,Cao,10,08
2012-11-14,1610,S24W23,262,0210,Eki,12,18
2012-11-14,1611,N12W00,239,0190,Dso,10,08
2012-11-14,1612,N08E08,231,0050,Hsx,02,01
2012-11-14,1613,S23E31,208,0160,Dso,06,06
2012-11-14,1614,N16E45,193,0220,Dai,07,13
2012-11-14,1615,N09E31,207,0020,Cao,03,02
2012-11-15,1610,S23W36,262,0210,Eai,11,14
2012-11-15,1611,N13W14,239,0160,Dso,08,10
2012-11-15,1612,N08W05,230,0050,Hsx,01,01
2012-11-15,1613,S23E18,207,0120,Dso,06,08
2012-11-15,1614,N16E31,194,0240,Dai,07,13
2012-11-15,1615,N09E19,206,0080,Dso,06,08
2012-11-15,1616,N21E61,164,0070,Dro,04,02
2012-11-16,1610,S21W50,263,0200,Esi,13,12
2012-11-16,1611,N15W27,240,0140,Dso,09,10
2012-11-16,1612,N08W17,230,0030,Hax,02,01
2012-11-16,1613,S24E08,205,0100,Dso,06,09
2012-11-16,1614,N17E18,195,0290,Dki,10,23
2012-11-16,1615,N10E08,205,0050,Dao,06,03
2012-11-16,1616,N21E50,163,0100,Dso,09,04
2012-11-17,1610,S22W63,263,0160,Cso,13,10
2012-11-17,1611,N12W43,243,0130,Hsx,02,01
2012-11-17,1612,N08W32,232,0030,Hrx,01,01
2012-11-17,1613,S23W05,205,0100,Cso,05,04
2012-11-17,1614,N15E05,195,0240,Dai,09,24
2012-11-17,1615,N07W06,206,0020,Cro,07,06
2012-11-17,1616,N19E37,163,0110,Dso,09,13
2012-11-17,1617,S18W18,217,0010,Bxo,01,02
2012-11-18,1610,S23W76,263,0060,Cso,03,02
2012-11-18,1611,N12W57,244,0120,Hsx,02,01
2012-11-18,1612,N09W43,230,0030,Cro,04,03
2012-11-18,1613,S24W19,206,0100,Cso,06,10
2012-11-18,1614,N15W07,194,0160,Dai,10,31
2012-11-18,1615,N08W21,208,0010,Bxo,05,04
2012-11-18,1616,N19E23,164,0060,Cso,10,12
2012-11-18,1618,N09E50,136,0020,Eai,13,01
2012-11-18,1619,N10E16,171,0090,Dao,05,09
2012-11-19,1611,N12W71,245,0120,Hsx,02,01
2012-11-19,1612,N10W57,231,0030,Hrx,06,03
2012-11-19,1613,S23W33,207,0100,Hsx,06,04
2012-11-19,1614,N15W21,195,0020,Cri,06,08
2012-11-19,1615,N07W34,208,0010,Bxo,03,03
2012-11-19,1616,N19E11,163,0030,Cro,10,10
2012-11-19,1618,N08E37,136,0090,Eai,12,08
2012-11-19,1619,N10E03,171,0160,Dai,06,19
2012-11-20,1611,N11W84,244,0040,Hsx,02,01
2012-11-20,1612,N06W71,230,0030,Hrx,01,02
2012-11-20,1613,S26W44,204,0080,Cso,02,02
2012-11-20,1614,N14W34,194,0060,Dao,07,05
2012-11-20,1616,N19W03,169,0100,Cao,09,09
2012-11-20,1618,N09E28,131,0160,Fac,14,18
2012-11-20,1619,N10W11,170,0200,Dsi,08,15
2012-11-21,1611,N11W95,244,0030,Hsx,02,01
2012-11-21,1612,N06W85,230,0010,Axx,01,01
2012-11-21,1613,S24W58,204,0050,Hsx,02,01
2012-11-21,1616,N19W14,160,0010,Bxo,03,03
2012-11-21,1618,N08E14,132,0270,Ekc,13,29
2012-11-21,1619,N09W25,172,0150,Dso,08,13
2012-11-21,1620,S08E59,087,0040,Cso,06,01
2012-11-22,1613,S24W69,203,0040,Hsx,02,01
2012-11-22,1616,N19W28,160,0010,Dro,06,02
2012-11-22,1618,N09E01,132,0300,Ekc,13,27
2012-11-22,1619,N10W39,172,0150,Hsx,08,06
2012-11-22,1620,S08E44,089,0020,Hsx,02,01
2012-11-23,1613,S24W83,203,0060,Hsx,02,01
2012-11-23,1616,N19W42,160,0030,Dro,10,04
2012-11-23,1618,N08W13,133,0350,Ekc,13,30
2012-11-23,1619,N11W51,171,0150,Dao,10,07
2012-11-23,1620,S12E30,090,0060,Hsx,05,01
2012-11-24,1616,N19W55,163,0030,Dao,10,04
2012-11-24,1618,N08W27,135,0450,Ekc,12,37
2012-11-24,1619,N13W64,172,0180,Hsx,10,02
2012-11-24,1620,S13E16,092,0090,Hax,08,02
2012-11-25,1616,N19W69,164,0020,Dao,08,05
2012-11-25,1618,N08W41,134,0340,Ekc,13,22
2012-11-25,1619,N13W78,172,0100,Eso,12,04
2012-11-25,1620,S12W00,094,0020,Cso,09,05
2012-11-25,1621,N15E76,018,0060,Hax,02,01
2012-11-26,1618,N08W55,136,0270,Ekc,12,21
2012-11-26,1620,S13W14,095,0050,Dai,10,12
2012-11-26,1621,N15E62,019,0100,Hsx,03,01
2012-11-27,1618,N08W69,137,0270,Eki,11,15
2012-11-27,1620,S13W28,096,0240,Esi,11,23
2012-11-27,1621,N15E48,020,0110,Hsx,04,01
2012-11-27,1622,S24E16,052,0010,Bxo,04,02
2012-11-28,1618,N09W81,136,0170,Eao,12,10
2012-11-28,1620,S12W43,097,0260,Ekc,11,22
2012-11-28,1621,N16E37,017,0130,Cao,03,02
2012-11-28,1623,N11E74,341,0170,Dso,02,02
2012-11-29,1620,S12W57,097,0420,Ekc,12,20
2012-11-29,1621,N15E25,016,0100,Cso,03,01
2012-11-29,1623,N09E60,340,0360,Eko,11,03
2012-11-29,1624,N20E08,033,0010,Bxo,02,02
2012-11-30,1620,S13W69,098,0350,Ekc,14,16
2012-11-30,1621,N15E10,017,0130,Hsx,02,01
2012-11-30,1623,N09E48,340,0350,Eko,11,11
2012-11-30,1624,N19W04,032,0010,Axx,01,01
2012-11-30,1625,N15E51,338,0230,Dso,08,10
2012-12-01,1620,S13W81,096,0180,Eai,15,08
2012-12-01,1621,N15W02,017,0120,Cso,03,02
2012-12-01,1623,N08E35,339,0210,Dao,08,09
2012-12-01,1625,N14E36,339,0150,Dao,08,08
2012-12-02,1621,N15W16,018,0100,Cso,03,03
2012-12-02,1623,N08E21,340,0230,Dao,07,07
2012-12-02,1625,N14E21,340,0110,Dao,07,09
2012-12-03,1621,N15W30,018,0080,Cso,02,03
2012-12-03,1623,N08E08,340,0130,Dao,07,04
2012-12-03,1625,N14E08,340,0060,Dao,09,06
2012-12-04,1621,N17W42,018,0080,Dao,03,04
2012-12-04,1623,N08W05,341,0140,Cso,07,06
2012-12-04,1625,N14W05,341,0060,Dso,08,04
2012-12-05,1621,N15W56,017,0060,Dao,03,08
2012-12-05,1623,N08W18,341,0150,Dso,10,04
2012-12-05,1625,N14W18,341,0060,Cso,08,04
2012-12-05,1626,N11E24,298,0010,Hax,01,02
2012-12-06,1621,N16W69,018,0030,Dao,03,05
2012-12-06,1623,N08W33,342,0120,Cso,09,07
2012-12-06,1625,N12W36,344,0050,Hsx,02,02
2012-12-06,1626,N11E12,297,0010,Bxo,02,02
2012-12-06,1627,S16W09,318,0005,Axx,00,01
2012-12-06,1628,N10E65,243,0005,Axx,00,01
2012-12-07,1621,N16W83,019,0010,Axx,02,02
2012-12-07,1623,N08W47,342,0090,Dso,05,04
2012-12-07,1625,N12W49,344,0020,Hsx,02,02
2012-12-07,1628,N09E51,244,0010,Axx,01,01
2012-12-08,1623,N07W61,343,0110,Hsx,03,02
2012-12-08,1625,N12W63,345,0020,Hsx,01,01
2012-12-09,1623,N07W74,344,0040,Hsx,02,01
2012-12-09,1625,N12W77,347,0010,Axx,01,01
2012-12-09,1629,N12E32,238,0030,Cro,04,03
2012-12-10,1623,N07W87,343,0040,Hsx,02,01
2012-12-10,1629,N11E19,237,0050,Dao,06,04
2012-12-10,1630,N18E02,254,0040,Dao,05,05
2012-12-11,1629,N11E04,238,0070,Dai,07,14
2012-12-11,1630,N19W11,253,0070,Dai,07,15
2012-12-12,1629,N11W10,238,0120,Dao,08,15
2012-12-12,1630,N19W25,253,0090,Cai,07,20
2012-12-13,1629,N11W24,238,0120,Dao,09,15
2012-12-13,1630,N19W39,253,0030,Dai,07,15
2012-12-13,1631,N20W08,219,0030,Dao,03,07
2012-12-13,1632,N16W14,231,0010,Cro,03,05
2012-12-14,1629,N11W36,240,0120,Dai,09,14
2012-12-14,1630,N20W52,256,0050,Dao,07,08
2012-12-14,1631,N21W20,224,0070,Dai,06,10
2012-12-14,1632,N17W28,232,0020,Bxo,05,05
2012-12-15,1629,N11W49,240,0170,Dai,09,12
2012-12-15,1630,N20W66,257,0010,Bxo,07,02
2012-12-15,1631,N21W33,224,0100,Dai,08,13
2012-12-15,1632,N17W42,233,0010,Bxo,05,04
2012-12-16,1629,N11W62,240,0170,Dso,09,09
2012-12-16,1631,N21W46,224,0120,Dai,09,19
2012-12-16,1632,N17W56,234,0000,Axx,01,01
2012-12-16,1633,S07E69,109,0270,Ehi,15,08
2012-12-16,1634,S13E69,109,0090,Hsx,02,01
2012-12-17,1629,N11W75,240,0080,Dso,09,07
2012-12-17,1631,N20W60,225,0140,Dsi,09,15
2012-12-17,1633,S07E54,111,0260,Eho,12,11
2012-12-17,1634,S12E56,109,0090,Hsx,03,01
2012-12-18,1629,N13W88,239,0080,Hsx,02,01
2012-12-18,1631,N23W75,226,0140,Dsi,09,10
2012-12-18,1632,N19W84,235,0050,Cao,06,06
2012-12-18,1633,S07E41,111,0340,Eki,12,15
2012-12-18,1634,S13E42,108,0070,Hsx,02,01
2012-12-19,1631,N23W89,227,0080,Dso,09,05
2012-12-19,1633,S07E27,111,0320,Eki,12,13
2012-12-19,1634,S13E28,110,0080,Hsx,04,05
2012-12-19,1635,N10E72,066,0120,Dso,09,03
2012-12-20,1633,S07E13,111,0260,Eko,12,09
2012-12-20,1634,S13E14,110,0060,Hsx,02,02
2012-12-20,1635,N09E58,065,0110,Cso,07,05
2012-12-21,1633,S07W00,111,0260,Eko,12,13
2012-12-21,1634,S13W00,111,0060,Hsx,02,02
2012-12-21,1635,N09E44,066,0250,Eki,12,08
2012-12-22,1633,S07W13,112,0260,Eki,12,15
2012-12-22,1634,S13W12,111,0060,Hsx,02,02
2012-12-22,1635,N09E35,064,0250,Ehi,12,08
2012-12-23,1633,S05W27,113,0170,Esi,13,12
2012-12-23,1634,S12W25,111,0060,Cso,06,07
2012-12-23,1635,N10E22,064,0200,Esi,11,18
2012-12-24,1633,S07W39,111,0200,Eai,13,25
2012-12-24,1634,S13W33,105,0050,Cao,12,07
2012-12-24,1635,N12E09,063,0200,Dai,08,28
2012-12-25,1633,S07W55,113,0100,Eai,12,07
2012-12-25,1634,S13W47,105,0020,Cao,14,03
2012-12-25,1635,N11W05,063,0210,Dac,07,13
2012-12-26,1633,S08W68,114,0040,Dso,04,02
2012-12-26,1635,N11W17,063,0270,Dac,09,22
2012-12-26,1636,N13E59,347,0010,Bxo,04,04
2012-12-27,1633,S08W86,117,0030,Dso,04,02
2012-12-27,1635,N12W32,064,0160,Dsc,09,37
2012-12-27,1636,N12E45,347,0010,Bxo,01,02
2012-12-27,1637,N06E47,344,0010,Axx,00,01
2012-12-28,1635,N13W45,063,0120,Dsi,08,21
2012-12-28,1636,N09E30,350,0010,Axx,01,01
2012-12-28,1637,N06E34,346,0010,Axx,01,01
2012-12-28,1638,N12E67,311,0080,Hsx,02,01
2012-12-28,1639,S16E67,311,0050,Dao,05,04
2012-12-29,1635,N12W57,064,0050,Cao,08,07
2012-12-29,1637,N06E20,347,0010,Axx,01,01
2012-12-29,1638,N12E56,311,0150,Hsx,03,01
2012-12-29,1639,S16E56,311,0090,Dao,05,05
2012-12-30,1635,N13W74,067,0020,Hrx,01,02
2012-12-30,1637,N06E07,346,0000,Axx,01,01
2012-12-30,1638,N12E43,310,0150,Hsx,03,01
2012-12-30,1639,S16E46,307,0070,Cao,05,05
2012-12-31,1638,N12E31,309,0150,Hsx,03,01
2012-12-31,1639,S17E32,308,0030,Cro,04,04
2012-12-31,1640,N28E20,320,0040,Dso,06,02
2013-01-01,1636,N14W13,340,0030,Dso,04,06
2013-01-01,1638,N13E17,308,0090,Cao,02,03
2013-01-01,1639,S16E17,310,0010,Cso,02,02
2013-01-01,1640,N28E06,320,0080,Cao,08,11
2013-01-01,1641,N05E52,274,0040,Cso,05,03
2013-01-01,1642,S24E71,255,0050,Hax,02,02
2013-01-02,1636,N14W27,340,0010,Bxo,05,03
2013-01-02,1638,N13E06,308,0140,Dao,04,08
2013-01-02,1639,S16E04,310,0010,Axx,01,01
2013-01-02,1640,N28W06,320,0180,Dai,10,23
2013-01-02,1641,N05E39,275,0050,Cao,06,03
2013-01-02,1642,S23E62,252,0090,Hsx,02,01
2013-01-03,1638,N13W07,308,0110,Cao,03,04
2013-01-03,1640,N28W21,320,0220,Eai,12,18
2013-01-03,1641,N05E23,278,0050,Cso,06,03
2013-01-03,1642,S23E48,253,0140,Hsx,02,01
2013-01-03,1643,S14E45,256,0010,Bxo,04,02
2013-01-03,1644,N15E66,235,0080,Eso,12,02
2013-01-04,1638,N13W21,309,0100,Hsx,03,02
2013-01-04,1640,N28W35,323,0240,Eai,13,28
2013-01-04,1641,N05E07,281,0050,Hsx,01,01
2013-01-04,1642,S24E34,254,0080,Hsx,02,01
2013-01-04,1644,N14E48,240,0060,Hsx,01,02
2013-01-04,1645,S13W05,293,0030,Dro,04,11
2013-01-04,1646,N13E57,231,0080,Hsx,01,01
2013-01-05,1638,N13W34,308,0080,Hsx,02,01
2013-01-05,1640,N28W48,322,0320,Eki,13,24
2013-01-05,1641,N04W05,279,0040,Cao,08,02
2013-01-05,1642,S24E22,252,0100,Hsx,02,01
2013-01-05,1644,N15E35,239,0040,Hsx,02,01
2013-01-05,1645,S13W18,292,0050,Dao,05,08
2013-01-05,1646,N14E45,229,0030,Hax,01,01
2013-01-05,1647,N16W55,329,0030,Cao,05,04
2013-01-05,1648,N05E53,221,0020,Cro,03,02
2013-01-05,1649,S14E74,200,0060,Hsx,02,01
2013-01-05,1650,S26E77,197,0050,Hsx,02,01
2013-01-05,1651,N19E48,225,0010,Axx,01,01
2013-01-06,1638,N13W48,309,0040,Hsx,02,01
2013-01-06,1640,N28W62,323,0330,Eki,13,11
2013-01-06,1641,N04W20,281,0040,Hsx,02,03
2013-01-06,1642,S24E10,251,0080,Hsx,03,01
2013-01-06,1644,N15E20,241,0050,Cso,04,04
2013-01-06,1645,S14W32,293,0030,Cso,08,05
2013-01-06,1646,N14E31,230,0030,Hsx,02,01
2013-01-06,1647,N15W69,330,0030,Cao,06,03
2013-01-06,1648,N05E40,221,0040,Cao,07,03
2013-01-06,1649,S15E60,201,0080,Hsx,02,01
2013-01-06,1650,S28E63,198,0190,Eao,11,05
2013-01-06,1651,N20E35,226,0010,Axx,01,01
2013-01-06,1652,N20E74,187,0060,Hsx,03,01
2013-01-06,1653,N09E78,183,0020,Hrx,05,01
2013-01-07,1638,N13W61,309,0050,Hsx,02,01
2013-01-07,1640,N28W75,323,0360,Eho,13,04
2013-01-07,1641,N02W33,281,0030,Hsx,01,01
2013-01-07,1642,S25W04,252,0090,Hsx,02,01
2013-01-07,1644,N15E09,239,0040,Cso,04,03
2013-01-07,1645,S13W45,293,0010,Bxo,04,04
2013-01-07,1646,N13E17,231,0040,Hsx,01,01
2013-01-07,1647,N16W81,329,0020,Cro,07,03
2013-01-07,1648,N05E26,222,0030,Cro,06,06
2013-01-07,1649,S15E46,202,0070,Hsx,02,01
2013-01-07,1650,S29E54,194,0240,Eao,14,09
2013-01-07,1651,N20E23,225,0010,Axx,01,01
2013-01-07,1652,N20E61,187,0120,Dao,08,08
2013-01-07,1653,N09E63,185,0030,Cso,05,03
2013-01-08,1638,N13W74,308,0080,Hsx,01,01
2013-01-08,1640,N28W87,322,0300,Eho,12,05
2013-01-08,1641,N02W48,280,0010,Hrx,01,01
2013-01-08,1642,S25W16,251,0120,Hsx,02,01
2013-01-08,1644,N15W06,240,0060,Hsx,01,01
2013-01-08,1645,S14W58,293,0010,Bxo,03,02
2013-01-08,1646,N13E04,230,0060,Hsx,01,01
2013-01-08,1648,N05E10,224,0010,Axx,01,01
2013-01-08,1649,S16E32,202,0140,Hsx,02,01
2013-01-08,1650,S30E42,193,0250,Eho,13,22
2013-01-08,1652,N17E50,184,0320,Fkc,17,34
2013-01-08,1653,N07E49,185,0030,Cro,07,06
2013-01-09,1638,N13W87,307,0060,Hsx,02,01
2013-01-09,1642,S25W29,250,0080,Hsx,02,01
2013-01-09,1644,N15W19,239,0040,Hax,02,01
2013-01-09,1645,S14W72,292,0030,Cro,05,05
2013-01-09,1646,N13W09,229,0030,Hrx,02,03
2013-01-09,1649,S15E18,202,0080,Hsx,02,01
2013-01-09,1650,S30E30,192,0120,Eao,12,07
2013-01-09,1652,N19E38,183,0210,Fac,17,19
2013-01-09,1653,N09E35,185,0030,Cro,06,04
2013-01-09,1654,N08E71,149,0260,Hhx,05,02
2013-01-10,1642,S25W41,249,0050,Hsx,02,01
2013-01-10,1644,N13W31,239,0020,Hax,01,01
2013-01-10,1645,S14W85,293,0030,Cro,05,02
2013-01-10,1648,N05W14,222,0010,Axx,04,03
2013-01-10,1649,S15E05,202,0070,Hsx,02,01
2013-01-10,1650,S30E16,192,0100,Eao,13,07
2013-01-10,1652,N19E25,183,0200,Eac,13,18
2013-01-10,1653,N09E21,186,0020,Cso,03,02
2013-01-10,1654,N10E60,148,0350,Eki,14,15
2013-01-10,1655,S22W02,210,0010,Bxo,03,03
2013-01-11,1642,S24W56,250,0060,Hsx,02,01
2013-01-11,1644,N15W44,238,0020,Hsx,01,01
2013-01-11,1649,S15W07,201,0060,Hsx,02,01
2013-01-11,1650,S29E01,194,0120,Eao,12,08
2013-01-11,1652,N20E11,183,0230,Eac,13,29
2013-01-11,1653,N11E06,188,0010,Hsx,01,01
2013-01-11,1654,N08E47,147,0770,Fki,16,21
2013-01-11,1655,S21W11,207,0030,Cso,04,03
2013-01-12,1642,S25W70,252,0110,Hsx,03,01
2013-01-12,1644,N15W58,240,0020,Hsx,01,01
2013-01-12,1649,S16W21,203,0060,Cao,03,03
2013-01-12,1650,S28W16,198,0110,Cao,05,02
2013-01-12,1652,N19W00,182,0210,Eai,13,16
2013-01-12,1653,N09W08,190,0010,Cao,00,02
2013-01-12,1654,N08E31,151,1100,Fki,17,36
2013-01-12,1655,S21W24,206,0010,Cro,05,02
2013-01-12,1656,N22E52,130,0010,Axx,00,01
2013-01-12,1657,S17E23,159,0010,Cro,02,02
2013-01-13,1642,S25W84,253,0110,Hsx,03,01
2013-01-13,1644,N15W72,241,0020,Hsx,01,01
2013-01-13,1649,S16W35,204,0060,Cao,03,03
2013-01-13,1650,S28W30,199,0060,Cao,03,03
2013-01-13,1652,N19W14,183,0210,Eai,13,16
2013-01-13,1653,N09W21,190,0010,Cao,01,02
2013-01-13,1654,N08E18,151,0950,Fkc,17,31
2013-01-13,1655,S21W37,206,0010,Bxo,05,02
2013-01-13,1656,N22E39,130,0030,Cro,07,07
2013-01-14,1649,S16W49,205,0060,Cao,03,03
2013-01-14,1650,S28W44,200,0060,Cao,03,03
2013-01-14,1652,N19W28,184,0210,Cao,04,16
2013-01-14,1654,N08E04,152,0950,Fkc,17,31
2013-01-14,1656,N22E25,131,0030,Cro,07,07
2013-01-14,1658,S12E63,090,0100,Cso,04,06
2013-01-15,1649,S15W62,204,0030,Hax,05,02
2013-01-15,1650,S30W52,194,0050,Hax,01,01
2013-01-15,1652,N18W44,186,0160,Hax,02,05
2013-01-15,1654,N08W05,147,0920,Fkc,21,49
2013-01-15,1656,N23E15,127,0010,Bxo,07,04
2013-01-15,1658,S11E51,091,0090,Cso,06,07
2013-01-16,1649,S16W75,203,0020,Hrx,01,01
2013-01-16,1650,S31W65,194,0010,Axx,02,04
2013-01-16,1652,N19W59,187,0120,Cao,03,04
2013-01-16,1654,N06W19,147,0990,Fkc,21,45
2013-01-16,1656,N22W00,128,0010,Axx,01,01
2013-01-16,1658,S12E36,092,0130,Cso,05,05
2013-01-17,1652,N19W72,188,0090,Hax,02,02
2013-01-17,1654,N06W33,149,0590,Fkc,21,18
2013-01-17,1656,N21W14,130,0010,Axx,00,01
2013-01-17,1658,S12E21,095,0090,Hax,02,01
2013-01-18,1652,N18W82,185,0030,Hax,01,02
2013-01-18,1654,N07W47,149,0540,Fkc,20,27
2013-01-18,1658,S13E08,094,0070,Hax,02,02
2013-01-18,1659,N04E53,050,0010,Bxo,01,03
2013-01-19,1654,N07W59,148,0460,Fko,22,18
2013-01-19,1658,S12W05,094,0090,Hsx,02,03
2013-01-19,1659,N04E40,050,0010,Bxo,03,05
2013-01-20,1654,N07W73,149,0360,Fko,22,11
2013-01-20,1658,S13W19,095,0070,Hsx,02,01
2013-01-20,1660,N11E12,064,0050,Dso,04,04
2013-01-21,1654,N08W84,147,0280,Fko,18,09
2013-01-21,1658,S12W32,095,0060,Hsx,02,01
2013-01-21,1660,N13W02,065,0070,Dao,05,08
2013-01-22,1654,N09W88,144,0010,Bxo,03,04
2013-01-22,1658,S12W46,096,0070,Hsx,02,01
2013-01-22,1660,N12W15,065,0100,Dai,07,15
2013-01-23,1658,S12W60,096,0060,Hsx,02,01
2013-01-23,1660,N14W28,064,0190,Dac,09,21
2013-01-23,1661,N13E60,336,0020,Hrx,00,01
2013-01-24,1658,S12W73,096,0060,Hsx,02,01
2013-01-24,1660,N13W42,065,0200,Dai,10,25
2013-01-24,1661,N13E56,333,0020,Cso,01,01
2013-01-24,1662,N26E64,319,0060,Hsx,01,01
2013-01-25,1658,S15W85,095,0060,Hsx,02,01
2013-01-25,1660,N10W56,066,0180,Dao,10,16
2013-01-25,1661,N17E33,336,0020,Dso,01,02
2013-01-25,1662,N33E54,316,0060,Hsx,02,01
2013-01-26,1660,N13W68,065,0220,Dao,10,10
2013-01-26,1661,N15E20,337,0030,Cro,03,03
2013-01-26,1662,N28E41,316,0050,Hsx,02,01
2013-01-27,1660,N13W81,065,0100,Dao,10,06
2013-01-27,1661,N15E08,337,0030,Cro,05,05
2013-01-27,1662,N28E28,317,0050,Hsx,02,01
2013-01-27,1663,S10E46,299,0010,Bxo,03,03
2013-01-28,1661,N15W06,337,0030,Cro,05,05
2013-01-28,1662,N28E14,317,0050,Hsx,02,02
2013-01-28,1663,S10E33,298,0040,Dso,07,07
2013-01-28,1664,N29W52,023,0030,Cro,05,06
2013-01-29,1661,N13W21,339,0000,Axx,01,01
2013-01-29,1662,N27E01,317,0060,Hsx,01,01
2013-01-29,1663,S11E19,298,0080,Dso,08,08
2013-01-29,1664,N29W65,023,0010,Bxo,04,02
2013-01-30,1662,N28W12,317,0070,Hsx,02,01
2013-01-30,1663,S11E05,299,0120,Dso,09,09
2013-01-30,1664,N28W79,024,0010,Bxo,01,01
2013-01-30,1665,N12E61,243,0220,Hax,02,01
2013-01-30,1666,S23E61,244,0010,Axx,01,01
2013-01-31,1662,N27W25,317,0050,Hsx,01,01
2013-01-31,1663,S09W11,302,0080,Hsx,02,01
2013-01-31,1665,N11E49,242,0180,Dso,03,02
2013-01-31,1666,S24E48,244,0010,Hsx,01,01
2013-02-01,1662,N27W39,317,0050,Hsx,01,01
2013-02-01,1663,S09W24,302,0050,Cso,04,02
2013-02-01,1665,N11E37,242,0150,Hax,02,03
2013-02-01,1666,S24E34,244,0010,Hrx,01,01
2013-02-02,1662,N27W51,317,0060,Hsx,01,01
2013-02-02,1663,S10W36,302,0050,Hsx,06,06
2013-02-02,1665,N12E23,242,0120,Cao,04,04
2013-02-02,1666,S24E22,243,0000,Hrx,00,01
2013-02-02,1667,N24E62,204,0030,Cao,02,03
2013-02-03,1662,N27W65,317,0040,Hsx,02,01
2013-02-03,1663,S09W52,303,0030,Cao,05,02
2013-02-03,1665,N10E09,242,0140,Cao,06,06
2013-02-03,1667,N23E49,202,0140,Dao,09,05
2013-02-04,1662,N27W79,318,0020,Hsx,02,02
2013-02-04,1663,S09W65,304,0000,Axx,01,01
2013-02-04,1665,N10W04,242,0190,Cso,04,05
2013-02-04,1667,N22E42,197,0160,Dsi,05,14
2013-02-04,1668,N12W16,255,0030,Dao,04,07
2013-02-05,1665,N10W18,242,0170,Hsx,03,02
2013-02-05,1667,N22E28,197,0090,Dso,06,08
2013-02-06,1665,N10W31,242,0120,Hsx,02,01
2013-02-06,1667,N22E14,197,0080,Dso,06,06
2013-02-06,1669,N08E52,159,0010,Bxo,04,04
2013-02-07,1665,N12W44,245,0120,Hsx,02,01
2013-02-07,1667,N22E01,200,0100,Dso,06,06
2013-02-07,1669,N08E38,162,0010,Axx,01,02
2013-02-08,1665,N12W58,244,0120,Hsx,02,01
2013-02-08,1667,N22W13,199,0100,Dso,06,06
2013-02-08,1669,N08E24,162,0020,Cro,08,06
2013-02-08,1670,N18E25,161,0030,Dro,04,05
2013-02-09,1665,N13W72,244,0120,Hsx,02,01
2013-02-09,1667,N23W25,197,0080,Cso,06,04
2013-02-09,1669,N07E11,162,0010,Axx,01,02
2013-02-09,1670,N19E12,161,0070,Dao,05,10
2013-02-10,1665,N11W81,241,0080,Hsx,02,01
2013-02-10,1667,N23W37,197,0070,Cso,06,02
2013-02-10,1670,N19W01,161,0150,Dsi,08,25
2013-02-11,1665,N10W93,239,0060,Hsx,02,01
2013-02-11,1667,N22W50,197,0060,Hsx,01,01
2013-02-11,1670,N17W14,161,0160,Dsi,07,13
2013-02-12,1667,N22W63,200,0050,Hsx,01,01
2013-02-12,1670,N17W28,164,0160,Dsi,07,13
2013-02-12,1671,N14E58,076,0150,Hsx,02,01
2013-02-12,1672,S18E39,095,0010,Cro,03,05
2013-02-13,1667,N22W77,201,0040,Hsx,01,01
2013-02-13,1670,N17W42,166,0170,Dai,08,12
2013-02-13,1671,N14E44,078,0120,Hsx,02,01
2013-02-13,1672,S18E25,098,0010,Axx,01,01
2013-02-14,1670,N17W55,166,0110,Dso,08,05
2013-02-14,1671,N14E31,079,0100,Hsx,02,01
2013-02-15,1670,N17W69,166,0100,Cao,08,04
2013-02-15,1671,N14E17,080,0100,Hsx,02,01
2013-02-16,1670,N17W85,166,0070,Cao,09,03
2013-02-16,1671,N14E04,077,0090,Hsx,02,01
2013-02-16,1672,S17W15,096,0010,Axx,01,01
2013-02-16,1673,S11E67,013,0040,Hsx,02,01
2013-02-16,1674,N14W03,084,0010,Bxo,02,03
2013-02-17,1671,N14W08,078,0090,Cso,04,03
2013-02-17,1672,S17W29,097,0010,Axx,01,01
2013-02-17,1673,S10E56,012,0100,Cso,05,11
2013-02-17,1675,N12E31,036,0010,Bxo,03,09
2013-02-17,1676,S18E78,350,0030,Hax,02,01
2013-02-18,1671,N14W21,076,0090,Hsx,04,01
2013-02-18,1673,S10E43,012,0070,Cao,07,05
2013-02-18,1675,N12E18,037,0050,Cso,06,13
2013-02-18,1676,S18E64,350,0030,Hsx,02,02
2013-02-18,1677,S27E65,350,0010,Bxo,02,03
2013-02-19,1671,N14W35,077,0110,Hsx,03,01
2013-02-19,1673,S09E31,011,0060,Cao,08,08
2013-02-19,1675,N13E04,036,0110,Cao,07,14
2013-02-19,1676,S17E50,352,0080,Hsx,02,02
2013-02-19,1677,S26E52,349,0010,Axx,01,01
2013-02-19,1678,N10W26,067,0030,Dro,04,06
2013-02-20,1671,N16W46,075,0110,Cso,04,03
2013-02-20,1673,S11E17,010,0090,Dac,08,24
2013-02-20,1675,N12W09,037,0060,Cso,09,03
2013-02-20,1676,S19E37,352,0050,Hsx,01,01
2013-02-20,1677,S27E38,350,0010,Axx,01,01
2013-02-20,1678,N10W40,069,0130,Dai,06,14
2013-02-20,1679,S14E44,345,0010,Axx,00,01
2013-02-21,1671,N16W59,074,0090,Hsx,03,02
2013-02-21,1673,S11E04,010,0080,Cao,08,16
2013-02-21,1675,N12W23,038,0050,Hsx,03,01
2013-02-21,1676,S19E26,348,0050,Cso,03,02
2013-02-21,1677,S28E26,349,0010,Axx,01,01
2013-02-21,1678,N11W54,068,0360,Dkc,08,13
2013-02-21,1679,S14E30,344,0010,Axx,01,01
2013-02-22,1671,N15W73,074,0070,Hsx,02,01
2013-02-22,1673,S11W10,012,0010,Bxo,06,10
2013-02-22,1675,N13W38,039,0060,Hsx,01,01
2013-02-22,1676,S19E13,348,0050,Hsx,01,02
2013-02-22,1678,N11W67,069,0470,Dkc,10,11
2013-02-23,1671,N14W85,073,0030,Hsx,01,01
2013-02-23,1673,S10W23,011,0010,Bxo,07,09
2013-02-23,1675,N12W52,040,0070,Hsx,01,01
2013-02-23,1676,S19E01,347,0040,Hsx,01,03
2013-02-23,1678,N10W80,068,0380,Dko,10,04
2013-02-23,1679,S10E08,341,0000,Axx,01,01
2013-02-24,1673,S10W36,012,0010,Bxo,06,09
2013-02-24,1675,N13W63,039,0040,Hsx,02,01
2013-02-24,1676,S13W20,348,0040,Hax,01,02
2013-02-24,1678,N08W93,069,0350,Dko,08,04
2013-02-25,1675,N12W76,038,0040,Cso,06,02
2013-02-25,1676,S13W23,345,0020,Dso,05,03
2013-02-26,1675,N13W90,038,0000,Axx,01,01
2013-02-26,1676,S18W39,347,0010,Axx,01,01
2013-02-26,1680,S28E35,274,0040,Dao,04,03
2013-02-26,1681,N16E59,249,0030,Hsx,01,01
2013-02-26,1682,S18E09,300,0030,Dro,03,03
2013-02-27,1680,S28E23,273,0040,Dao,05,05
2013-02-27,1681,N16E46,249,0040,Cso,02,03
2013-02-27,1682,S18W03,299,0170,Dac,06,11
2013-02-28,1680,S29E11,271,0010,Bxo,04,04
2013-02-28,1681,N17E33,249,0040,Cso,03,03
2013-02-28,1682,S18W17,299,0110,Dai,07,13
2013-02-28,1683,S17E79,203,0090,Hsx,02,01
2013-03-01,1680,S28W00,270,0020,Cro,04,03
2013-03-01,1681,N17E20,249,0020,Cro,02,02
2013-03-01,1682,S18W30,299,0180,Dai,08,15
2013-03-01,1683,S16E68,201,0150,Dao,06,03
2013-03-02,1680,S29W13,270,0010,Bxo,02,02
2013-03-02,1681,N17E06,251,0010,Axx,01,02
2013-03-02,1682,S18W42,299,0240,Dai,08,12
2013-03-02,1683,S16E54,203,0170,Dao,10,08
2013-03-02,1684,N18E13,244,0010,Axx,02,02
2013-03-02,1685,S13E72,185,0020,Hrx,03,02
2013-03-03,1680,S28W27,271,0010,Bxo,03,03
2013-03-03,1681,N17W07,251,0010,Axx,01,02
2013-03-03,1682,S18W56,300,0240,Dao,09,05
2013-03-03,1683,S16E42,202,0210,Eai,11,14
2013-03-03,1684,N17W01,245,0010,Bxo,06,04
2013-03-03,1685,S16E61,183,0030,Cro,09,02
2013-03-04,1681,N17W21,252,0010,Axx,01,02
2013-03-04,1682,S18W68,298,0200,Dao,10,03
2013-03-04,1683,S16E30,200,0200,Eai,12,14
2013-03-04,1684,N17W15,245,0010,Bxo,04,03
2013-03-04,1685,S15E46,184,0020,Dro,06,03
2013-03-04,1686,S13W31,261,0030,Dro,05,06
2013-03-04,1687,N06E65,166,0030,Cro,04,03
2013-03-04,1688,S17E52,178,0020,Hsx,01,01
2013-03-05,1682,S19W81,298,0100,Dao,06,03
2013-03-05,1683,S16E17,199,0100,Dai,10,15
2013-03-05,1685,S14E30,185,0010,Bxo,03,02
2013-03-05,1686,S13W46,262,0040,Dso,05,06
2013-03-05,1687,N06E50,167,0010,Bxo,04,03
2013-03-05,1688,S15E37,179,0020,Hsx,02,02
2013-03-05,1689,S17E63,153,0010,Bxo,02,02
2013-03-06,1682,S18W94,297,0060,Cao,05,02
2013-03-06,1683,S15E01,202,0080,Dao,07,11
2013-03-06,1685,S14E16,187,0010,Bxo,04,02
2013-03-06,1686,S14W59,262,0100,Dac,07,11
2013-03-06,1687,N10E46,164,0010,Bxo,03,04
2013-03-06,1688,S15E24,179,0030,Cso,04,03
2013-03-06,1689,S19E54,150,0010,Bxo,02,03
2013-03-07,1683,S15W09,199,0010,Bxo,03,04
2013-03-07,1686,S13W73,263,0140,Dac,08,07
2013-03-07,1687,N09E32,161,0060,Cao,08,05
2013-03-07,1688,S17E12,178,0010,Bxo,03,03
2013-03-07,1689,S20E41,149,0150,Cso,10,08
2013-03-07,1690,N23E69,122,0020,Hsx,01,01
2013-03-08,1683,S15W23,201,0000,Axx,01,01
2013-03-08,1686,S12W84,262,0120,Dai,08,05
2013-03-08,1687,N08E18,160,0010,Bxo,03,03
2013-03-08,1688,S17W02,180,0010,Axx,02,02
2013-03-08,1689,S20E28,150,0150,Eao,12,08
2013-03-08,1690,N23E57,121,0030,Hsx,07,01
2013-03-09,1683,S15W37,202,0010,Axx,01,02
2013-03-09,1689,S19E15,150,0100,Dao,10,12
2013-03-09,1690,N23E42,123,0030,Hsx,02,02
2013-03-09,1691,N12E46,119,0020,Cro,04,03
2013-03-10,1689,S19E02,150,0110,Dao,08,13
2013-03-10,1690,N23E29,123,0030,Hsx,02,02
2013-03-10,1691,N12E31,121,0040,Cao,07,07
2013-03-10,1692,N09E75,077,0250,Hhx,03,01
2013-03-11,1689,S19W11,149,0140,Eai,12,16
2013-03-11,1690,N24E17,121,0020,Hrx,01,01
2013-03-11,1691,N13E16,122,0060,Cao,10,07
2013-03-11,1692,N09E60,077,0220,Hsx,04,01
2013-03-11,1693,N18W30,167,0020,Cro,03,03
2013-03-11,1694,N15E66,071,0030,Hsx,01,01
2013-03-12,1689,S19W24,148,0130,Esi,11,12
2013-03-12,1690,N24E04,119,0010,Axx,01,01
2013-03-12,1691,N13E01,122,0060,Cso,07,02
2013-03-12,1692,N09E49,075,0200,Hsx,03,01
2013-03-12,1693,N18W46,170,0010,Axx,01,01
2013-03-12,1694,N15E54,071,0020,Hsx,01,01
2013-03-12,1695,N09E70,054,0080,Hsx,02,01
2013-03-12,1696,N05E34,091,0040,Cso,03,06
2013-03-13,1689,S19W36,147,0100,Eai,12,12
2013-03-13,1690,N24W08,119,0010,Bxo,01,01
2013-03-13,1691,N12W12,124,0060,Dso,05,04
2013-03-13,1692,N09E35,076,0190,Hsx,03,01
2013-03-13,1694,N16E38,073,0020,Hsx,01,01
2013-03-13,1695,N09E58,053,0140,Hsx,02,01
2013-03-13,1696,N05E19,091,0090,Dao,06,05
2013-03-14,1689,S18W53,150,0030,Cso,11,06
2013-03-14,1690,N25W21,119,0010,Bxo,01,02
2013-03-14,1691,N14W26,123,0070,Dao,08,09
2013-03-14,1692,N09E23,075,0190,Cso,05,02
2013-03-14,1694,N16E22,075,0020,Hsx,01,01
2013-03-14,1695,N09E44,053,0160,Hsx,02,01
2013-03-14,1696,N05E04,093,0150,Dsi,09,12
2013-03-15,1689,S18W69,155,0030,Cro,08,04
2013-03-15,1690,N25W36,122,0010,Bxo,02,02
2013-03-15,1691,N13W39,125,0120,Dao,08,08
2013-03-15,1692,N09E09,077,0200,Hsx,03,02
2013-03-15,1694,N15E11,075,0020,Hrx,01,01
2013-03-15,1695,N09E31,055,0160,Hsx,02,01
2013-03-15,1696,N05W09,095,0150,Eai,12,15
2013-03-15,1697,N15W22,108,0030,Cro,05,04
2013-03-15,1698,S20W29,115,0020,Cro,03,06
2013-03-16,1691,N12W51,123,0090,Cso,07,05
2013-03-16,1692,N09W03,075,0180,Hsx,03,03
2013-03-16,1694,N17W05,077,0010,Hrx,01,01
2013-03-16,1695,N10E18,054,0110,Hax,03,02
2013-03-16,1696,N05W22,094,0140,Eai,12,14
2013-03-16,1697,N16W36,108,0040,Dao,05,04
2013-03-16,1698,S19W42,114,0080,Cso,06,06
2013-03-17,1691,N12W64,123,0120,Cso,08,07
2013-03-17,1692,N09W17,076,0240,Hax,03,01
2013-03-17,1695,N10E05,054,0180,Hax,03,01
2013-03-17,1696,N04W36,095,0190,Eai,13,10
2013-03-17,1697,N15W49,108,0010,Bxo,05,03
2013-03-17,1698,S19W57,116,0150,Dao,09,08
2013-03-18,1691,N12W78,124,0120,Cso,07,02
2013-03-18,1692,N09W29,075,0240,Cso,03,02
2013-03-18,1695,N10W09,055,0180,Cso,03,03
2013-03-18,1696,N05W49,095,0190,Eai,13,16
2013-03-18,1697,N15W63,109,0010,Bxo,05,02
2013-03-18,1698,S19W72,118,0200,Eao,11,16
2013-03-18,1699,S15W45,091,0030,Cro,04,03
2013-03-18,1700,S13E54,352,0010,Bxo,03,02
2013-03-19,1692,N09W43,076,0240,Cso,03,02
2013-03-19,1695,N10W23,056,0180,Dao,03,09
2013-03-19,1696,N05W63,095,0190,Eai,13,16
2013-03-19,1698,S19W86,119,0200,Eao,11,16
2013-03-19,1699,S15W59,092,0060,Dai,04,08
2013-03-19,1700,S13E41,352,0060,Cso,05,05
2013-03-20,1692,N09W57,077,0240,Dai,04,05
2013-03-20,1695,N10W37,057,0150,Dao,06,06
2013-03-20,1696,N05W77,097,0180,Eai,13,10
2013-03-20,1699,S15W73,093,0060,Dao,04,07
2013-03-21,1692,N09W71,077,0340,Dki,05,08
2013-03-21,1695,N10W51,057,0130,Dao,06,04
2013-03-21,1699,S15W87,093,0020,Cro,04,02
2013-03-21,1700,S13E13,353,0010,Axx,01,01
2013-03-21,1701,N14W59,065,0020,Cro,02,05
2013-03-22,1692,N09W85,078,0270,Dko,05,07
2013-03-22,1695,N10W65,058,0110,Cao,06,02
2013-03-22,1701,N14W73,066,0060,Dao,04,06
2013-03-22,1702,N08W24,016,0020,Dro,03,05
2013-03-23,1695,N10W79,059,0100,Cao,06,03
2013-03-23,1701,N14W87,067,0030,Hrx,03,02
2013-03-23,1702,N08W38,018,0040,Dao,04,04
2013-03-23,1703,S25W59,039,0040,Dao,05,05
2013-03-24,1695,N09W90,057,0060,Hsx,03,01
2013-03-24,1702,N08W51,018,0050,Cao,06,07
2013-03-24,1703,S25W72,039,0080,Dao,07,07
2013-03-24,1704,N15E74,253,0060,Hsx,03,01
2013-03-25,1702,N07W64,018,0060,Cao,06,09
2013-03-25,1703,S26W84,038,0040,Cao,06,05
2013-03-25,1704,N16E60,254,0080,Hax,03,01
2013-03-26,1702,N08W74,018,0040,Cao,09,04
2013-03-26,1703,S26W93,038,0030,Cao,02,02
2013-03-26,1704,N16E45,255,0070,Cao,03,04
2013-03-26,1705,S12E21,279,0030,Dao,04,06
2013-03-27,1702,N08W88,015,0040,Cao,09,04
2013-03-27,1704,N16E31,256,0070,Hax,02,04
2013-03-27,1705,S12E07,280,0030,Cao,06,03
2013-03-28,1704,N15E18,255,0080,Hax,02,02
2013-03-28,1705,S12W11,284,0010,Axx,01,01
2013-03-28,1706,S06E04,268,0010,Bxo,02,02
2013-03-29,1704,N15E06,255,0090,Hax,04,01
2013-03-29,1706,S06W09,270,0010,Bxo,04,02
2013-03-29,1707,S11E32,229,0020,Bxo,03,04
2013-03-29,1708,N12E71,190,0050,Cso,04,02
2013-03-30,1704,N15W08,256,0090,Cao,03,03
2013-03-30,1707,S11E18,230,0050,Cao,04,07
2013-03-30,1708,N11E58,190,0090,Dao,06,04
2013-03-30,1709,S33W21,269,0010,Bxo,03,04
2013-03-30,1710,S22E49,199,0040,Cao,04,05
2013-03-31,1704,N15W21,256,0070,Hax,02,03
2013-03-31,1707,S11E04,231,0040,Hax,02,02
2013-03-31,1708,N11E45,190,0090,Cso,06,04
2013-03-31,1710,S21E34,201,0070,Cao,07,07
2013-03-31,1711,S17E77,158,0210,Cai,04,04
2013-04-01,1704,N15W34,255,0070,Hax,02,02
2013-04-01,1707,S11W12,233,0030,Cao,04,05
2013-04-01,1708,N11E30,191,0050,Cso,05,04
2013-04-01,1710,S22E20,201,0050,Cao,08,06
2013-04-01,1711,S17E62,159,0420,Cki,05,04
2013-04-01,1712,N01E38,183,0010,Cro,03,02
2013-04-02,1704,N14W47,255,0080,Dao,04,04
2013-04-02,1707,S10W28,235,0030,Cro,02,04
2013-04-02,1708,N11E16,191,0040,Hax,01,02
2013-04-02,1710,S22E07,200,0010,Bxo,06,07
2013-04-02,1711,S20E52,156,0480,Cki,11,06
2013-04-02,1712,N02E23,184,0010,Axx,00,01
2013-04-03,1704,N16W61,255,0080,Cao,03,05
2013-04-03,1707,S11W42,236,0010,Hrx,01,03
2013-04-03,1708,N10E03,191,0020,Cso,03,04
2013-04-03,1710,S21W06,200,0010,Bxo,04,05
2013-04-03,1711,S17E36,157,0460,Dko,05,07
2013-04-03,1713,N08E22,171,0060,Cao,04,08
2013-04-03,1714,N12E65,129,0060,Hsx,01,01
2013-04-04,1704,N15W74,255,0060,Hsx,02,03
2013-04-04,1707,S12W56,238,0010,Axx,01,01
2013-04-04,1708,N10W11,193,0020,Dro,03,04
2013-04-04,1710,S22W18,199,0120,Dao,04,09
2013-04-04,1711,S17E24,157,0560,Cko,06,15
2013-04-04,1713,N10E08,173,0030,Cro,04,06
2013-04-04,1714,N13E52,129,0060,Hsx,01,01
2013-04-05,1704,N15W89,257,0030,Hsx,01,02
2013-04-05,1708,N13W25,193,0010,Axx,01,01
2013-04-05,1710,S22W30,198,0060,Dao,04,07
2013-04-05,1711,S19E10,158,0580,Cko,06,19
2013-04-05,1713,N09W06,174,0030,Cro,07,17
2013-04-05,1714,N12E39,129,0100,Hsx,01,01
2013-04-05,1715,N18W15,183,0010,Bxo,04,02
2013-04-06,1708,N13W39,194,0010,Axx,00,01
2013-04-06,1710,S21W44,199,0050,Dao,06,06
2013-04-06,1711,S15W02,158,0530,Cko,05,06
2013-04-06,1713,N10W19,174,0070,Dai,09,19
2013-04-06,1714,N12E27,129,0050,Hsx,02,01
2013-04-06,1715,N17W28,183,0030,Cao,06,05
2013-04-06,1716,S19E32,123,0010,Axx,01,02
2013-04-06,1717,S10E66,089,0010,Axx,02,03
2013-04-06,1718,N23E45,110,0010,Axx,02,02
2013-04-06,1719,N08E78,077,0090,Hsx,02,01
2013-04-07,1711,S17W16,158,0440,Dho,05,05
2013-04-07,1713,N10W33,175,0130,Dai,09,16
2013-04-07,1714,N13E14,128,0080,Cso,06,06
2013-04-07,1715,N18W39,181,0010,Bxo,02,04
2013-04-07,1717,S12E51,091,0010,Bxo,02,02
2013-04-07,1718,N22E33,109,0130,Dsi,07,10
2013-04-07,1719,N08E66,076,0080,Cso,02,04
2013-04-08,1711,S19W28,157,0400,Cko,12,07
2013-04-08,1713,N11W47,176,0120,Dai,08,13
2013-04-08,1714,N12E02,127,0060,Cso,06,06
2013-04-08,1715,N18W53,182,0000,Axx,01,01
2013-04-08,1716,S20E04,125,0010,Bxo,02,02
2013-04-08,1717,S13E37,092,0010,Axx,01,01
2013-04-08,1718,N20E20,109,0140,Dai,07,14
2013-04-08,1719,N08E53,076,0150,Dsi,06,06
2013-04-08,1720,N11W08,137,0020,Cso,03,04
2013-04-09,1711,S16W42,156,0400,Cko,04,05
2013-04-09,1713,N09W61,175,0190,Cso,08,16
2013-04-09,1714,N14W12,126,0060,Cso,03,03
2013-04-09,1716,S20W09,124,0010,Axx,01,01
2013-04-09,1717,S12E22,092,0010,Bxo,02,02
2013-04-09,1718,N22E07,108,0220,Dao,08,34
2013-04-09,1719,N07E39,075,0240,Cao,09,16
2013-04-09,1720,N10W21,135,0010,Cro,04,05
2013-04-10,1711,S17W55,157,0350,Hhx,04,02
2013-04-10,1713,N09W74,176,0180,Dao,10,16
2013-04-10,1714,N12W26,128,0060,Cso,03,03
2013-04-10,1717,S11E11,091,0020,Cso,05,03
2013-04-10,1718,N21W06,108,0190,Dac,07,21
2013-04-10,1719,N10E26,076,0160,Dai,09,11
2013-04-11,1711,S17W67,156,0360,Cko,05,02
2013-04-11,1713,N08W88,177,0180,Dai,10,07
2013-04-11,1714,N13W38,127,0020,Hsx,02,02
2013-04-11,1716,S20W37,127,0010,Axx,01,01
2013-04-11,1717,S10W01,090,0010,Bxo,03,03
2013-04-11,1718,N22W19,108,0280,Dkc,09,34
2013-04-11,1719,N10E13,076,0190,Dai,08,17
2013-04-11,1721,S18E35,054,0010,Bxo,04,04
2013-04-11,1722,S20E44,045,0020,Cso,04,03
2013-04-12,1711,S16W82,158,0230,Hax,04,02
2013-04-12,1714,N13W52,128,0050,Hsx,01,01
2013-04-12,1718,N22W32,108,0340,Dkc,08,24
2013-04-12,1719,N10W00,076,0180,Eai,11,20
2013-04-12,1721,S19E20,056,0080,Dao,07,10
2013-04-12,1722,S21E30,046,0080,Dao,07,04
2013-04-13,1711,S16W95,158,0100,Hax,04,01
2013-04-13,1714,N13W66,129,0070,Hsx,01,01
2013-04-13,1718,N21W46,109,0510,Dkc,09,23
2013-04-13,1719,N11W14,077,0290,Eki,11,22
2013-04-13,1721,S18E06,057,0220,Dai,08,17
2013-04-13,1722,S21E17,046,0030,Dro,06,04
2013-04-14,1714,N14W79,129,0040,Hsx,01,01
2013-04-14,1718,N21W58,108,0350,Dkc,10,25
2013-04-14,1719,N10W28,078,0140,Dsi,10,26
2013-04-14,1721,S18W07,057,0190,Dsi,09,18
2013-04-14,1722,S21E03,047,0020,Cro,06,04
2013-04-14,1723,S18E49,001,0010,Bxo,02,02
2013-04-14,1724,S27E70,340,0040,Hax,02,02
2013-04-15,1718,N20W70,107,0260,Dkc,09,12
2013-04-15,1719,N10W41,078,0120,Dao,10,11
2013-04-15,1721,S19W21,058,0180,Dso,09,13
2013-04-15,1722,S22W11,048,0020,Cro,06,04
2013-04-15,1723,S18E36,001,0080,Dac,05,08
2013-04-15,1724,S27E58,339,0050,Hax,02,03
2013-04-16,1718,N20W84,106,0110,Dai,10,04
2013-04-16,1719,N09W53,076,0070,Cso,06,04
2013-04-16,1721,S18W33,056,0140,Esi,11,12
2013-04-16,1722,S21W24,046,0030,Cao,08,05
2013-04-16,1723,S18E20,002,0180,Dac,06,12
2013-04-16,1724,S27E44,338,0060,Hax,02,02
2013-04-17,1719,N09W64,074,0060,Cso,03,03
2013-04-17,1721,S18W47,056,0110,Dao,07,06
2013-04-17,1722,S20W36,045,0040,Cao,07,08
2013-04-17,1723,S17E09,001,0180,Dai,08,23
2013-04-17,1724,S26E31,338,0070,Dao,04,07
2013-04-18,1719,N10W79,075,0050,Cso,04,03
2013-04-18,1721,S17W61,057,0120,Cso,06,05
2013-04-18,1722,S19W48,044,0090,Dao,06,06
2013-04-18,1723,S18W05,001,0200,Dai,08,21
2013-04-18,1724,S26E19,336,0040,Cso,02,04
2013-04-19,1719,N09W91,074,0050,Hsx,02,01
2013-04-19,1721,S17W75,058,0100,Cso,03,02
2013-04-19,1722,S20W62,045,0090,Dao,08,10
2013-04-19,1723,S16W16,001,0190,Dai,09,21
2013-04-19,1724,S26E07,335,0020,Cso,01,02
2013-04-20,1721,S18W86,057,0060,Hsx,01,01
2013-04-20,1722,S21W73,044,0040,Cao,06,06
2013-04-20,1723,S18W32,003,0100,Dai,08,14
2013-04-20,1724,S26W05,335,0020,Hrx,01,02
2013-04-20,1725,N10W58,028,0020,Cro,02,02
2013-04-20,1726,N13E07,323,0020,Dro,03,04
2013-04-20,1727,N26E57,273,0040,Dao,03,02
2013-04-21,1722,S20W86,044,0030,Cro,03,04
2013-04-21,1723,S19W44,001,0060,Cao,07,09
2013-04-21,1724,S26W19,336,0010,Axx,01,01
2013-04-21,1725,N10W70,027,0010,Bxo,03,03
2013-04-21,1726,N13W05,322,0180,Eai,13,15
2013-04-21,1727,N25E44,273,0050,Dao,07,09
2013-04-22,1723,S20W57,001,0040,Cso,07,03
2013-04-22,1726,N12W22,326,0260,Ekc,13,36
2013-04-22,1727,N25E31,273,0060,Dao,08,07
2013-04-23,1723,S19W70,002,0030,Cso,07,03
2013-04-23,1726,N13W35,325,0550,Ekc,13,42
2013-04-23,1727,N25E18,272,0070,Dao,08,08
2013-04-24,1723,S20W84,001,0040,Cso,05,04
2013-04-24,1726,N13W49,326,0580,Eki,15,34
2013-04-24,1727,N25E03,274,0040,Cao,05,03
2013-04-24,1728,N19E62,214,0040,Cso,02,02
2013-04-24,1729,S14W08,285,0010,Bxo,02,02
2013-04-25,1726,N13W63,328,0840,Fkc,17,30
2013-04-25,1727,N25W11,276,0030,Hax,02,03
2013-04-25,1728,N19E48,217,0060,Hsx,02,01
2013-04-25,1729,S14W22,287,0010,Bxo,03,06
2013-04-25,1730,S19E47,217,0010,Bxo,05,02
2013-04-26,1726,N13W85,331,1000,Fkc,17,17
2013-04-26,1727,N24W26,277,0030,Hrx,01,01
2013-04-26,1728,N19E37,214,0050,Hsx,01,01
2013-04-26,1729,S15W35,286,0040,Dso,05,03
2013-04-26,1730,S18E34,217,0060,Dao,05,07
2013-04-26,1731,N07E61,189,0270,Dkc,06,04
2013-04-27,1726,N13W93,331,0600,Ekc,13,20
2013-04-27,1727,N25W39,277,0010,Axx,01,02
2013-04-27,1728,N19E24,213,0060,Hsx,04,02
2013-04-27,1729,S15W49,287,0020,Cro,06,03
2013-04-27,1730,S18E20,218,0100,Dao,07,07
2013-04-27,1731,N09E51,187,0300,Dkc,09,10
2013-04-28,1727,N25W52,277,0010,Axx,01,01
2013-04-28,1728,N19E11,214,0020,Hrx,02,03
2013-04-28,1730,S18E07,218,0150,Dsc,09,15
2013-04-28,1731,N09E37,187,0420,Dkc,10,17
2013-04-28,1732,S15E66,157,0020,Hsx,01,01
2013-04-28,1733,S16W30,253,0030,Cso,03,03
2013-04-29,1728,N19W02,214,0020,Hrx,01,01
2013-04-29,1730,S18W07,218,0140,Dai,09,18
2013-04-29,1731,N09E25,187,0420,Dkc,10,25
2013-04-29,1732,S17E54,158,0030,Hsx,01,01
2013-04-29,1733,S17W42,254,0030,Cso,03,02
2013-04-30,1728,N19W16,215,0020,Hrx,01,01
2013-04-30,1730,S18W20,219,0210,Eai,11,19
2013-04-30,1731,N09E11,188,0350,Ekc,12,31
2013-04-30,1732,S17E40,157,0130,Dso,08,05
2013-04-30,1733,S17W56,255,0030,Cro,03,02
2013-04-30,1734,S19E65,134,0090,Dso,09,04
2013-04-30,1735,S17W48,246,0030,Cro,03,04
2013-05-01,1728,N19W30,215,0020,Hrx,01,01
2013-05-01,1730,S18W34,219,0180,Eac,11,24
2013-05-01,1731,N09W03,188,0380,Ekc,12,38
2013-05-01,1732,S17E26,159,0170,Dsi,09,11
2013-05-01,1733,S17W70,255,0010,Axx,01,01
2013-05-01,1734,S19E51,134,0560,Dki,09,09
2013-05-01,1735,S17W62,247,0060,Dao,04,11
2013-05-02,1728,N19W44,216,0010,Axx,01,01
2013-05-02,1730,S18W48,220,0100,Eai,11,12
2013-05-02,1731,N09W17,189,0350,Ekc,12,36
2013-05-02,1732,S17E12,160,0180,Dsi,09,10
2013-05-02,1733,S17W84,256,0010,Axx,01,01
2013-05-02,1734,S19E37,135,0550,Dko,09,06
2013-05-02,1735,S17W76,248,0010,Axx,01,01
2013-05-02,1736,S07E34,138,0010,Bxo,03,04
2013-05-03,1728,N19W58,217,0010,Axx,01,01
2013-05-03,1730,S18W62,221,0070,Cso,09,05
2013-05-03,1731,N09W31,190,0320,Ekc,12,33
2013-05-03,1732,S17W02,161,0160,Dsi,09,07
2013-05-03,1734,S19E23,136,0550,Dko,09,06
2013-05-04,1728,N19W72,218,0010,Axx,01,01
2013-05-04,1730,S16W81,226,0100,Hsx,02,01
2013-05-04,1731,N10W43,187,0150,Eac,15,31
2013-05-04,1732,S17W15,161,0160,Dso,08,07
2013-05-04,1734,S19E10,136,0550,Eko,12,15
2013-05-04,1737,N19E35,115,0010,Axx,02,01
2013-05-04,1738,N16E63,087,0030,Hsx,01,01
2013-05-04,1739,N13E75,075,0150,Dac,10,13
2013-05-05,1728,N20W85,218,0010,Bxo,02,02
2013-05-05,1730,S16W93,226,0080,Hax,02,01
2013-05-05,1731,N10W56,187,0090,Eai,12,20
2013-05-05,1732,S17W22,153,0150,Dso,06,12
2013-05-05,1734,S17E04,127,0590,Eki,11,22
2013-05-05,1737,N16E21,110,0010,Axx,01,01
2013-05-05,1738,N15E47,084,0010,Cso,02,02
2013-05-05,1739,N13E57,074,0110,Dac,06,05
2013-05-05,1740,S20E64,067,0030,Hsx,01,01
2013-05-06,1731,N09W71,189,0140,Eai,13,08
2013-05-06,1732,S17W35,153,0090,Dso,06,04
2013-05-06,1734,S18W09,127,0380,Eki,12,19
2013-05-06,1738,N15E34,084,0030,Cao,03,03
2013-05-06,1739,N12E44,074,0140,Dac,10,08
2013-05-06,1740,S21E50,068,0020,Hrx,01,01
2013-05-07,1731,N09W85,191,0010,Axx,01,01
2013-05-07,1732,S17W49,155,0090,Dso,06,04
2013-05-07,1734,S18W23,129,0370,Eki,11,17
2013-05-07,1736,S07W39,145,0010,Bxo,03,03
2013-05-07,1738,N15E20,086,0050,Cao,07,05
2013-05-07,1739,N12E30,076,0110,Dai,10,07
2013-05-07,1740,S21E36,070,0020,Cao,02,03
2013-05-07,1741,S20E59,045,0010,Bxo,03,02
2013-05-08,1732,S17W63,156,0090,Dso,06,04
2013-05-08,1734,S18W37,130,0370,Eki,11,17
2013-05-08,1736,S07W53,146,0010,Bxo,03,08
2013-05-08,1738,N15E06,087,0060,Cai,07,07
2013-05-08,1739,N12E16,077,0120,Dai,10,08
2013-05-08,1740,S21E22,071,0010,Hsx,02,02
2013-05-08,1741,S20E45,045,0010,Axx,02,02
2013-05-09,1732,S17W77,157,0080,Dso,05,03
2013-05-09,1734,S18W51,131,0350,Dko,10,12
2013-05-09,1736,S07W67,147,0110,Dao,04,08
2013-05-09,1738,N15W08,088,0070,Cai,08,08
2013-05-09,1739,N12E02,078,0110,Dai,09,08
2013-05-09,1740,S21E08,072,0010,Axx,02,02
2013-05-09,1741,S20E32,048,0010,Axx,01,01
2013-05-10,1732,S17W90,157,0080,Dso,06,03
2013-05-10,1734,S18W64,131,0400,Hkx,10,13
2013-05-10,1736,S08W78,145,0240,Dai,07,12
2013-05-10,1738,N15W21,088,0050,Cai,10,08
2013-05-10,1739,N12W09,078,0060,Dao,09,08
2013-05-10,1741,S20E19,048,0005,Axx,01,01
2013-05-10,1742,N30E49,017,0050,Dai,07,12
2013-05-10,1743,N24E55,011,0030,Hrx,05,02
2013-05-10,1744,N05E61,004,0030,Dao,05,05
2013-05-11,1734,S18W76,129,0310,Hkx,03,02
2013-05-11,1736,S08W85,138,0240,Dai,09,10
2013-05-11,1738,N17W33,086,0030,Cai,08,07
2013-05-11,1739,N12W25,078,0020,Cao,06,05
2013-05-11,1740,S21W15,068,0010,Bxo,04,04
2013-05-11,1741,S20E05,048,0010,Bxo,03,02
2013-05-11,1742,N30E36,017,0100,Dao,07,06
2013-05-11,1743,N24E43,012,0020,Cao,03,05
2013-05-11,1744,N04E56,357,0030,Dao,09,07
2013-05-11,1745,N11E73,340,0120,Hrx,03,01
2013-05-12,1734,S19W88,128,0310,Hkx,05,02
2013-05-12,1738,N17W43,083,0040,Cao,05,04
2013-05-12,1739,N11W39,079,0010,Bxo,02,02
2013-05-12,1740,S21W26,066,0010,Axx,01,01
2013-05-12,1741,S21W05,045,0050,Cao,05,11
2013-05-12,1742,N30E22,018,0050,Dao,09,04
2013-05-12,1743,N24E29,011,0010,Bxo,03,04
2013-05-12,1744,N05E42,358,0060,Dao,10,10
2013-05-12,1745,N11E62,338,0300,Dki,05,05
2013-05-12,1746,S27E63,335,0210,Dso,05,02
2013-05-13,1738,N17W59,086,0010,Bxo,08,04
2013-05-13,1739,N11W53,080,0000,Axx,01,01
2013-05-13,1740,S21W39,066,0010,Axx,01,01
2013-05-13,1741,S23W18,045,0030,Cao,06,09
2013-05-13,1742,N30E10,017,0050,Cao,09,05
2013-05-13,1743,N24E15,012,0110,Dao,05,10
2013-05-13,1744,N05E28,359,0190,Dai,10,13
2013-05-13,1745,N14E51,336,0600,Ekc,12,15
2013-05-13,1746,S27E50,337,0270,Dhi,08,11
2013-05-13,1747,S18E48,338,0010,Bxo,02,04
2013-05-14,1738,N20W62,075,0010,Axx,01,02
2013-05-14,1741,S21W29,042,0010,Bxo,03,05
2013-05-14,1742,N30W06,019,0030,Hrx,01,01
2013-05-14,1743,N22E01,012,0120,Dao,07,06
2013-05-14,1744,N05E16,357,0140,Dai,08,11
2013-05-14,1745,N13E38,335,0550,Dkc,10,11
2013-05-14,1746,S28E39,334,0230,Dsi,07,08
2013-05-14,1747,S18E35,338,0040,Cao,04,06
2013-05-14,1748,N12E81,292,0250,Dki,10,04
2013-05-15,1741,S21W43,043,0010,Bxo,03,05
2013-05-15,1742,N29W19,018,0010,Hrx,00,01
2013-05-15,1743,N22W12,012,0070,Dao,09,07
2013-05-15,1744,N05W00,359,0090,Dai,09,11
2013-05-15,1745,N13E24,335,0430,Dkc,10,18
2013-05-15,1746,S28E28,331,0200,Dsi,07,07
2013-05-15,1747,S18E22,337,0080,Cao,07,08
2013-05-15,1748,N11E63,296,0310,Eki,11,05
2013-05-16,1743,N21W28,014,0090,Dao,09,05
2013-05-16,1744,N05W12,359,0070,Cao,12,23
2013-05-16,1745,N13E12,334,0390,Ekc,13,28
2013-05-16,1746,S27E14,333,0250,Cso,05,08
2013-05-16,1747,S18E09,337,0090,Cao,08,11
2013-05-16,1748,N11E51,295,0260,Dki,10,09
2013-05-16,1749,S23W40,027,0010,Bxo,04,06
2013-05-16,1750,S11W13,360,0010,Bxo,03,03
2013-05-16,1751,S23E23,323,0010,Bxo,03,03
2013-05-17,1743,N22W40,013,0080,Cso,10,06
2013-05-17,1744,N05W27,360,0120,Cao,12,18
2013-05-17,1745,N12W01,334,0350,Cki,13,20
2013-05-17,1746,S27W01,334,0230,Cso,06,10
2013-05-17,1747,S17W05,338,0100,Cao,08,10
2013-05-17,1748,N12E36,297,0270,Dki,10,19
2013-05-17,1749,S22W53,026,0010,Bxo,05,06
2013-05-17,1750,S10W28,360,0090,Cao,05,08
2013-05-17,1751,S23E09,324,0010,Bxo,03,06
2013-05-17,1752,N18W28,001,0030,Cro,04,09
2013-05-18,1743,N22W53,014,0030,Dao,10,02
2013-05-18,1744,N06W40,001,0100,Dao,10,23
2013-05-18,1745,N13W15,336,0300,Cko,10,10
2013-05-18,1746,S27W14,335,0160,Cso,07,07
2013-05-18,1747,S17W17,338,0080,Dao,08,10
2013-05-18,1748,N12E23,298,0220,Dai,10,24
2013-05-18,1749,S22W66,027,0030,Cro,05,04
2013-05-18,1750,S09W41,002,0050,Cao,07,09
2013-05-18,1751,S23W01,322,0000,Axx,02,02
2013-05-18,1752,N18W40,001,0020,Cro,04,07
2013-05-19,1743,N20W69,016,0010,Axx,01,02
2013-05-19,1744,N06W54,001,0070,Dao,09,05
2013-05-19,1745,N14W27,334,0210,Dao,08,11
2013-05-19,1746,S27W26,333,0120,Dso,06,04
2013-05-19,1747,S18W31,338,0040,Cao,09,06
2013-05-19,1748,N12E11,296,0140,Dao,10,12
2013-05-19,1749,S22W78,025,0010,Bxo,04,03
2013-05-19,1750,S09W54,001,0080,Dao,06,09
2013-05-19,1752,N18W52,359,0020,Cro,05,04
2013-05-20,1744,N06W67,001,0050,Cao,06,03
2013-05-20,1745,N13W40,334,0180,Cao,05,08
2013-05-20,1746,S27W40,334,0140,Dso,06,05
2013-05-20,1747,S17W45,339,0020,Hrx,03,02
2013-05-20,1748,N12W00,294,0110,Fao,16,23
2013-05-20,1750,S09W67,001,0090,Dai,07,12
2013-05-21,1744,N06W79,359,0020,Cao,01,01
2013-05-21,1745,N13W53,333,0150,Cao,03,04
2013-05-21,1746,S29W51,332,0110,Cso,07,04
2013-05-21,1748,N12W15,294,0140,Eai,11,25
2013-05-21,1750,S10W83,003,0100,Dai,04,06
2013-05-21,1753,N04E63,216,0060,Dso,05,02
2013-05-21,1754,S16E50,229,0010,Axx,03,01
2013-05-22,1745,N13W66,333,0120,Cao,05,05
2013-05-22,1746,S28W64,331,0130,Hsx,02,01
2013-05-22,1748,N13W30,296,0120,Dai,09,16
2013-05-22,1753,N04E47,218,0060,Dro,05,10
2013-05-22,1754,S16E38,229,0020,Cro,06,04
2013-05-22,1755,N10E62,204,0120,Dso,03,03
2013-05-22,1756,S20E54,213,0100,Dao,06,10
2013-05-23,1745,N13W80,333,0100,Cao,01,03
2013-05-23,1746,S28W76,330,0080,Hsx,02,01
2013-05-23,1748,N12W42,296,0060,Dao,09,07
2013-05-23,1753,N04E36,217,0020,Cro,03,03
2013-05-23,1754,S19E23,230,0040,Cro,04,03
2013-05-23,1755,N10E52,201,0250,Dsi,10,07
2013-05-23,1756,S20E41,212,0230,Dai,09,13
2013-05-24,1745,N15W92,333,0010,Axx,01,01
2013-05-24,1746,S28W89,330,0090,Hsx,02,01
2013-05-24,1748,N12W55,296,0020,Cro,09,03
2013-05-24,1753,N04E22,219,0020,Cro,09,07
2013-05-24,1754,S19E09,232,0030,Cro,05,07
2013-05-24,1755,N11E40,201,0290,Dhi,10,09
2013-05-24,1756,S20E27,214,0250,Ehi,13,19
2013-05-25,1748,N12W69,297,0030,Cro,07,04
2013-05-25,1753,N05E09,219,0010,Bxo,06,03
2013-05-25,1754,S19W03,231,0020,Cro,08,09
2013-05-25,1755,N11E26,202,0220,Dai,10,12
2013-05-25,1756,S20E15,213,0290,Ehi,13,21
2013-05-26,1748,N13W83,298,0010,Axx,01,02
2013-05-26,1753,N05W04,219,0010,Axx,01,02
2013-05-26,1754,S19W17,232,0030,Dro,08,09
2013-05-26,1755,N11E12,203,0220,Dai,10,12
2013-05-26,1756,S20E01,214,0290,Ehi,14,21
2013-05-26,1757,S09E70,145,0120,Hsx,05,01
2013-05-27,1754,S19W27,229,0010,Cro,04,03
2013-05-27,1755,N12W00,202,0180,Dai,09,19
2013-05-27,1756,S20W13,215,0270,Ehi,15,18
2013-05-27,1757,S08E54,148,0080,Hsx,02,01
2013-05-27,1758,S23E73,129,0010,Axx,01,01
2013-05-28,1755,N12W13,201,0110,Dao,09,16
2013-05-28,1756,S20W26,214,0190,Fso,16,17
2013-05-28,1757,S09E41,147,0100,Hsx,02,01
2013-05-28,1758,S23E60,128,0030,Hsx,01,01
2013-05-28,1759,S08E68,120,0000,Bxo,03,02
2013-05-29,1755,N11W29,203,0070,Cso,09,10
2013-05-29,1756,S20W38,212,0140,Cso,17,12
2013-05-29,1757,S08E27,146,0080,Hsx,02,01
2013-05-29,1758,S21E47,127,0020,Hsx,01,01
2013-05-29,1759,S07E52,121,0010,Hsx,00,01
2013-05-30,1755,N11W40,202,0030,Cro,08,06
2013-05-30,1756,S19W53,214,0110,Cso,15,10
2013-05-30,1757,S08E14,146,0060,Hsx,02,02
2013-05-30,1758,S21E34,127,0010,Axx,01,01
2013-05-30,1760,N10E63,098,0010,Axx,01,02
2013-05-30,1761,S17E52,109,0010,Axx,01,02
2013-05-31,1755,N12W59,207,0010,Axx,00,01
2013-05-31,1756,S18W73,221,0070,Hsx,03,02
2013-05-31,1757,S08W00,147,0030,Hsx,01,01
2013-05-31,1758,S22E21,126,0010,Axx,01,02
2013-05-31,1760,N12E51,097,0010,Bxo,04,04
2013-05-31,1761,S18E37,111,0010,Hsx,01,01
2013-06-01,1756,S18W86,221,0050,Hsx,03,01
2013-06-01,1757,S09W13,148,0030,Hsx,01,01
2013-06-01,1758,S21E10,125,0010,Axx,01,01
2013-06-01,1760,N12E38,097,0020,Hrx,02,02
2013-06-01,1761,S17E24,111,0010,Cro,05,03
2013-06-02,1757,S08W26,148,0020,Hrx,01,01
2013-06-02,1760,N12E26,096,0020,Cso,03,05
2013-06-02,1762,S30W08,130,0070,Dao,04,10
2013-06-02,1763,S15W02,124,0020,Cro,03,04
2013-06-03,1757,S07W37,146,0010,Hrx,02,02
2013-06-03,1760,N12E11,098,0010,Hrx,01,01
2013-06-03,1762,S29W22,131,0210,Dai,08,12
2013-06-03,1763,S15W17,126,0020,Cro,06,04
2013-06-03,1764,N12W22,131,0040,Dao,04,07
2013-06-04,1757,S06W51,147,0000,Axx,01,01
2013-06-04,1760,N12W03,099,0000,Axx,01,01
2013-06-04,1761,S17W16,112,0010,Bxo,02,03
2013-06-04,1762,S29W35,131,0300,Dki,10,19
2013-06-04,1763,S14W29,125,0020,Cro,08,05
2013-06-04,1764,N12W36,132,0130,Dsi,06,10
2013-06-05,1759,S07W50,132,0000,Axx,01,01
2013-06-05,1762,S28W48,130,0280,Dko,10,10
2013-06-05,1763,S14W42,124,0010,Bxo,06,03
2013-06-05,1764,N13W49,131,0100,Dso,06,05
2013-06-06,1762,S30W60,129,0540,Eko,11,16
2013-06-06,1763,S14W52,121,0010,Hsx,04,02
2013-06-06,1764,N12W62,130,0090,Dao,05,04
2013-06-06,1765,N09E17,050,0030,Cro,03,05
2013-06-06,1766,N18W43,111,0010,Bxo,03,04
2013-06-07,1762,S28W73,128,0320,Cko,11,13
2013-06-07,1764,N13W76,132,0100,Cso,05,03
2013-06-07,1765,N09E04,051,0070,Csi,06,13
2013-06-07,1766,N18W57,112,0020,Dro,03,02
2013-06-08,1762,S28W87,130,0200,Dai,06,16
2013-06-08,1764,N14W88,131,0060,Hsx,01,02
2013-06-08,1765,N08W10,053,0190,Dai,07,17
2013-06-08,1766,N19W71,114,0010,Axx,01,01
2013-06-09,1765,N08W23,051,0200,Dai,08,17
2013-06-10,1765,N08W36,052,0210,Dai,09,19
2013-06-10,1767,S17E42,334,0010,Bxo,05,02
2013-06-11,1765,N09W50,052,0120,Dai,10,11
2013-06-12,1765,N09W64,054,0050,Dao,10,04
2013-06-13,1765,N09W78,055,0030,Hsx,01,01
2013-06-13,1768,S11W19,354,0050,Dao,04,06
2013-06-14,1768,S11W32,355,0090,Dai,06,12
2013-06-14,1769,S23E61,261,0010,Bxo,02,02
2013-06-14,1770,S13E67,254,0030,Hsx,01,01
2013-06-15,1768,S11W46,356,0320,Dko,06,13
2013-06-15,1769,S22E49,261,0020,Cro,07,03
2013-06-15,1770,S13E53,257,0040,Hsx,02,01
2013-06-15,1771,S12E64,246,0020,Hrx,01,01
2013-06-15,1772,S20E55,255,0010,Bxo,05,05
2013-06-16,1768,S11W59,355,0270,Dko,07,06
2013-06-16,1769,S22E35,260,0020,Cro,06,02
2013-06-16,1770,S14E41,255,0060,Hsx,02,01
2013-06-16,1771,S11E51,245,0010,Axx,01,01
2013-06-16,1772,S20E40,255,0030,Cri,08,08
2013-06-16,1773,N04E64,232,0030,Hrx,01,01
2013-06-16,1774,S18E58,238,0030,Bxo,03,01
2013-06-16,1775,S25E74,223,0060,Hax,02,01
2013-06-17,1768,S12W71,354,0260,Dko,07,07
2013-06-17,1769,S23E24,258,0010,Hsx,01,02
2013-06-17,1770,S13E27,255,0050,Hsx,02,01
2013-06-17,1772,S20E29,255,0060,Dai,09,10
2013-06-17,1773,N04E51,233,0040,Cao,03,08
2013-06-17,1774,S19E46,238,0030,Cro,03,02
2013-06-17,1775,S26E59,223,0040,Dko,05,04
2013-06-18,1768,S12W85,355,0260,Dko,07,07
2013-06-18,1770,S14E16,253,0080,Hsx,02,01
2013-06-18,1772,S20E15,255,0100,Dai,09,17
2013-06-18,1773,N04E37,232,0090,Dai,07,13
2013-06-18,1774,S18E31,239,0080,Cso,04,03
2013-06-18,1775,S26E48,222,0380,Dko,07,09
2013-06-19,1770,S15E02,254,0080,Hsx,02,01
2013-06-19,1772,S22E02,254,0110,Dai,07,13
2013-06-19,1773,N03E24,232,0090,Cai,09,23
2013-06-19,1774,S19E16,240,0070,Cao,04,04
2013-06-19,1775,S26E34,223,0410,Dkc,07,18
2013-06-19,1776,N11E05,252,0010,Axx,01,01
2013-06-20,1770,S14W09,252,0050,Hsx,03,01
2013-06-20,1772,S21W11,254,0090,Dai,08,14
2013-06-20,1773,N04E10,232,0100,Dai,09,19
2013-06-20,1774,S17E02,241,0040,Hsx,02,03
2013-06-20,1775,S26E20,223,0360,Dkc,06,13
2013-06-20,1776,N11W09,253,0040,Cao,03,07
2013-06-21,1770,S14W23,254,0040,Hsx,01,01
2013-06-21,1772,S20W25,256,0070,Dai,08,17
2013-06-21,1773,N03W04,235,0080,Cao,08,12
2013-06-21,1774,S16W10,241,0030,Cso,03,04
2013-06-21,1775,S26E06,225,0300,Dkc,05,11
2013-06-21,1776,N10W24,254,0070,Dai,08,12
2013-06-21,1777,S16E66,165,0070,Hsx,03,01
2013-06-22,1770,S14W36,252,0070,Hsx,01,02
2013-06-22,1772,S22W38,255,0140,Dac,09,23
2013-06-22,1773,N03W21,237,0030,Hax,04,06
2013-06-22,1774,S17W23,239,0040,Hax,03,05
2013-06-22,1775,S26W06,223,0270,Dkc,06,09
2013-06-22,1776,N11W36,253,0170,Dao,08,17
2013-06-22,1777,S15E56,162,0130,Cao,03,03
2013-06-23,1770,S14W50,253,0030,Hsx,01,01
2013-06-23,1772,S22W52,255,0260,Dko,09,15
2013-06-23,1773,N04W34,238,0050,Dso,07,08
2013-06-23,1774,S16W37,241,0030,Cao,04,07
2013-06-23,1775,S26W19,223,0300,Dhc,10,11
2013-06-23,1776,N11W50,254,0220,Dai,08,11
2013-06-23,1777,S15E42,162,0200,Cso,03,03
2013-06-23,1778,S16E75,129,0110,Hsx,02,01
2013-06-24,1770,S15W63,254,0020,Hsx,01,02
2013-06-24,1772,S22W66,257,0140,Cao,09,05
2013-06-24,1773,N04W47,238,0010,Bxo,10,05
2013-06-24,1774,S17W50,241,0020,Hrx,04,04
2013-06-24,1775,S26W32,223,0180,Dsc,06,06
2013-06-24,1776,N11W63,254,0160,Dso,10,11
2013-06-24,1777,S15E29,162,0170,Hsx,03,01
2013-06-24,1778,S16E61,130,0100,Cao,03,04
2013-06-25,1772,S22W78,255,0100,Hax,02,01
2013-06-25,1774,S17W64,241,0040,Cao,04,04
2013-06-25,1775,S26W45,222,0220,Dsc,06,07
2013-06-25,1776,N11W76,253,0130,Dso,08,04
2013-06-25,1777,S15E16,160,0170,Hsx,02,02
2013-06-25,1778,S16E49,128,0080,Cao,07,04
2013-06-26,1772,S22W89,253,0030,Hax,01,01
2013-06-26,1774,S16W76,240,0000,Axx,01,01
2013-06-26,1775,S26W57,221,0100,Dso,04,07
2013-06-26,1776,N11W88,252,0030,Cso,04,03
2013-06-26,1777,S16E03,161,0150,Hsx,02,01
2013-06-26,1778,S16E36,128,0080,Cao,07,06
2013-06-26,1779,N17E53,111,0010,Bxo,03,02
2013-06-27,1774,S16W90,241,0010,Axx,01,01
2013-06-27,1775,S25W70,221,0090,Cso,03,02
2013-06-27,1777,S14W11,161,0130,Hsx,02,03
2013-06-27,1778,S17E22,128,0080,Cso,05,07
2013-06-27,1779,N15E39,111,0010,Bxo,03,02
2013-06-27,1780,S09E10,140,0000,Bxo,01,02
2013-06-28,1775,S25W82,220,0110,Hsx,02,01
2013-06-28,1777,S16W23,161,0130,Hsx,02,01
2013-06-28,1778,S17E11,126,0080,Eso,12,17
2013-06-28,1779,N15E27,110,0010,Axx,01,01
2013-06-28,1780,S08W04,141,0010,Axx,01,01
2013-06-29,1777,S16W37,161,0150,Hsx,02,01
2013-06-29,1778,S17W01,125,0050,Eao,12,23
2013-06-29,1779,N17E14,110,0010,Axx,02,03
2013-06-29,1781,N22W04,128,0010,Cro,03,04
2013-06-29,1782,S14E48,075,0010,Hrx,01,02
2013-06-30,1777,S17W50,161,0130,Hsx,02,01
2013-06-30,1778,S17W14,125,0050,Cso,12,14
2013-06-30,1781,N22W18,129,0040,Dai,06,10
2013-06-30,1782,S14E34,077,0010,Hrx,02,02
2013-07-01,1777,S18W63,162,0130,Hsx,02,01
2013-07-01,1778,S18W28,127,0020,Cro,06,06
2013-07-01,1780,S13W45,144,0020,Dri,04,03
2013-07-01,1781,N19W31,128,0090,Dai,07,12
2013-07-01,1782,S15E18,080,0010,Axx,01,01
2013-07-01,1783,N04E58,038,0010,Bxo,04,02
2013-07-02,1777,S17W77,162,0090,Hsx,02,01
2013-07-02,1778,S18W42,127,0010,Bxo,06,03
2013-07-02,1780,S12W60,145,0060,Dso,06,06
2013-07-02,1781,N22W47,131,0140,Dai,08,16
2013-07-02,1783,N05E45,040,0010,Bxo,04,02
2013-07-02,1784,S15E32,053,0010,Bxo,02,03
2013-07-02,1785,S09E76,009,0110,Hax,02,01
2013-07-03,1777,S17W93,164,0100,Hsx,06,01
2013-07-03,1780,S11W78,148,0030,Hrx,04,02
2013-07-03,1781,N22W57,129,0110,Dsi,09,12
2013-07-03,1783,N07E33,037,0010,Hrx,00,01
2013-07-03,1784,S14E17,054,0040,Cso,04,05
2013-07-03,1785,S11E62,008,0300,Fho,19,08
2013-07-03,1786,S31E18,054,0030,Cro,02,02
2013-07-04,1780,S13W89,147,0010,Hrx,01,01
2013-07-04,1781,N21W69,128,0030,Dso,07,05
2013-07-04,1784,S15E06,052,0020,Cso,04,04
2013-07-04,1785,S11E49,008,0570,Fkc,16,20
2013-07-04,1786,S31E03,055,0010,Hsx,01,01
2013-07-04,1787,S14E70,348,0060,Dso,07,03
2013-07-05,1781,N22W81,126,0010,Axx,00,01
2013-07-05,1784,S15W09,055,0070,Dsi,05,13
2013-07-05,1785,S12E36,009,0630,Fkc,16,43
2013-07-05,1787,S14E56,349,0160,Dao,09,12
2013-07-06,1784,S16W23,055,0070,Dai,07,15
2013-07-06,1785,S11E24,008,0720,Ekc,15,42
2013-07-06,1787,S15E43,349,0170,Eai,11,14
2013-07-06,1788,S15E18,014,0010,Bxo,05,02
2013-07-07,1784,S15W36,055,0080,Cai,09,13
2013-07-07,1785,S11E12,007,0650,Ekc,14,43
2013-07-07,1787,S14E31,348,0140,Dao,10,17
2013-07-07,1788,S15E04,015,0000,Axx,02,02
2013-07-08,1784,S15W49,055,0080,Dao,08,10
2013-07-08,1785,S10W02,008,0610,Ekc,13,29
2013-07-08,1787,S14E17,349,0140,Eai,11,19
2013-07-08,1789,S24E22,344,0010,Bxo,03,02
2013-07-08,1790,S15E45,321,0010,Axx,02,02
2013-07-09,1784,S15W62,054,0010,Bxo,05,07
2013-07-09,1785,S09W16,007,0570,Ekc,14,59
2013-07-09,1787,S14E03,348,0200,Eac,11,34
2013-07-09,1789,S25E09,342,0010,Bxo,06,03
2013-07-10,1784,S16W76,055,0010,Axx,05,03
2013-07-10,1785,S12W31,009,0480,Ekc,13,42
2013-07-10,1787,S15W09,348,0230,Eai,11,23
2013-07-11,1785,S13W43,008,0320,Ekc,12,39
2013-07-11,1787,S12W24,350,0120,Eai,11,17
2013-07-12,1785,S13W57,009,0240,Eai,11,39
2013-07-12,1787,S15W36,348,0100,Esi,11,14
2013-07-12,1789,S28W24,337,0010,Axx,01,02
2013-07-13,1785,S11W68,007,0080,Eso,11,12
2013-07-13,1787,S13W49,348,0090,Eao,11,14
2013-07-13,1789,S27W37,336,0000,Axx,00,01
2013-07-13,1791,S15E47,252,0050,Dso,05,07
2013-07-13,1792,N05E55,243,0010,Bxo,04,03
2013-07-14,1785,S11W83,009,0030,Cao,06,06
2013-07-14,1787,S14W63,349,0090,Eao,11,10
2013-07-14,1791,S14E32,254,0130,Dao,06,07
2013-07-14,1792,N05E43,243,0010,Bxo,02,03
2013-07-15,1787,S13W75,348,0020,Hax,01,01
2013-07-15,1791,S15E17,256,0110,Dai,07,15
2013-07-15,1792,N04E29,244,0010,Bxo,02,05
2013-07-15,1793,N19E74,206,0150,Dho,06,03
2013-07-15,1794,N13W57,330,0010,Bxo,04,02
2013-07-15,1795,S06E64,209,0010,Bxo,03,02
2013-07-16,1791,S14E04,255,0110,Dso,07,13
2013-07-16,1792,N03E13,246,0010,Axx,01,02
2013-07-16,1793,N21E62,198,0210,Esi,11,06
2013-07-16,1794,N13W72,331,0030,Dao,04,05
2013-07-16,1795,S05E49,209,0000,Axx,01,01
2013-07-17,1791,S14W08,255,0110,Dao,07,14
2013-07-17,1793,N21E51,195,0310,Esi,12,14
2013-07-17,1794,N15W88,335,0110,Dao,09,03
2013-07-18,1791,S14W21,254,0090,Dao,06,15
2013-07-18,1793,N21E37,196,0310,Eho,14,11
2013-07-18,1796,S14W39,272,0010,Bxo,03,04
2013-07-18,1797,S19E11,222,0020,Cro,04,04
2013-07-19,1791,S14W34,253,0030,Cao,07,10
2013-07-19,1793,N20E24,195,0310,Eho,14,18
2013-07-19,1796,S12W53,272,0040,Dso,04,06
2013-07-19,1797,S19W02,221,0010,Bxo,06,04
2013-07-19,1798,S12E42,177,0010,Bxo,01,02
2013-07-19,1799,S18E58,161,0010,Axx,01,01
2013-07-19,1800,S10E63,156,0030,Hax,00,01
2013-07-20,1791,S13W46,253,0000,Axx,01,01
2013-07-20,1793,N21E12,195,0280,Eho,13,17
2013-07-20,1796,S13W67,274,0010,Axx,01,01
2013-07-20,1797,S19W14,221,0010,Bxo,05,02
2013-07-20,1798,S12E28,179,0010,Axx,01,01
2013-07-20,1799,S17E48,159,0000,Axx,01,01
2013-07-20,1800,S10E51,156,0020,Hrx,01,01
2013-07-21,1793,N21W01,195,0230,Eao,15,24
2013-07-21,1798,S12E14,180,0010,Axx,01,01
2013-07-21,1800,S09E37,157,0020,Cro,03,02
2013-07-22,1793,N21W15,195,0240,Fso,16,18
2013-07-22,1800,S08E22,158,0080,Dao,05,11
2013-07-23,1793,N21W27,194,0170,Fso,16,14
2013-07-23,1799,S15E08,158,0010,Axx,01,01
2013-07-23,1800,S08E08,158,0060,Dao,06,08
2013-07-24,1793,N20W40,193,0110,Eso,13,05
2013-07-24,1799,S16W04,157,0010,Axx,01,01
2013-07-24,1800,S07W03,156,0050,Dso,07,09
2013-07-24,1801,N20E66,086,0060,Hsx,02,01
2013-07-24,1802,N14W47,200,0010,Bxo,02,02
2013-07-24,1803,S09E11,143,0010,Bxo,06,06
2013-07-25,1793,N19W52,192,0100,Eso,12,02
2013-07-25,1800,S09W18,158,0120,Dso,07,18
2013-07-25,1801,N21E57,083,0090,Hsx,02,01
2013-07-25,1804,S21W71,211,0010,Bxo,05,04
2013-07-26,1793,N20W66,193,0100,Eso,12,02
2013-07-26,1800,S09W32,159,0120,Dao,07,14
2013-07-26,1801,N20E44,083,0070,Hsx,02,01
2013-07-26,1804,S23W85,212,0030,Hsx,02,01
2013-07-26,1805,S07W01,128,0020,Cso,04,03
2013-07-27,1793,N21W81,195,0070,Cso,11,02
2013-07-27,1800,S08W46,160,0160,Dai,08,12
2013-07-27,1801,N20E30,084,0080,Hsx,02,01
2013-07-27,1805,S07W16,130,0020,Cso,05,03
2013-07-28,1800,S08W60,161,0210,Dao,07,17
2013-07-28,1801,N20E16,085,0090,Hsx,02,01
2013-07-28,1805,S06W30,131,0030,Cso,05,04
2013-07-28,1806,S16E57,044,0010,Axx,01,02
2013-07-29,1800,S08W74,162,0220,Dao,09,14
2013-07-29,1801,N19E04,084,0090,Hsx,02,01
2013-07-29,1805,S07W44,132,0120,Dao,07,09
2013-07-29,1806,S15E47,041,0040,Dso,08,04
2013-07-30,1800,S08W84,159,0170,Dao,06,05
2013-07-30,1801,N19W09,083,0080,Hsx,02,01
2013-07-30,1805,S06W58,133,0130,Dao,07,10
2013-07-30,1806,S15E32,043,0080,Dso,09,10
2013-07-30,1807,N28W18,092,0030,Dao,04,08
2013-07-30,1808,N15E54,021,0010,Bxo,02,03
2013-07-31,1800,S07W95,156,0030,Hsx,03,01
2013-07-31,1801,N19W23,083,0060,Hsx,01,01
2013-07-31,1805,S07W71,131,0150,Dao,07,09
2013-07-31,1806,S15E20,040,0060,Cao,09,11
2013-07-31,1807,N28W31,092,0050,Cao,06,06
2013-07-31,1808,N15E41,019,0080,Dso,05,06
2013-07-31,1809,N14E79,342,0060,Hsx,04,01
2013-08-01,1801,N19W36,084,0060,Hsx,01,01
2013-08-01,1805,S07W86,134,0120,Dao,07,03
2013-08-01,1806,S15E09,038,0050,Dao,07,07
2013-08-01,1807,N28W43,091,0010,Bxo,06,05
2013-08-01,1808,N15E28,020,0060,Cso,03,03
2013-08-01,1809,N12E65,343,0120,Cso,03,04
2013-08-01,1810,S26E74,334,0030,Hax,02,01
2013-08-02,1801,N20W50,085,0060,Hsx,02,01
2013-08-02,1806,S15W05,040,0030,Dao,08,07
2013-08-02,1807,N28W56,091,0020,Cro,07,03
2013-08-02,1808,N15E14,021,0060,Hsx,02,01
2013-08-02,1809,N12E52,343,0160,Dso,05,03
2013-08-02,1810,S26E59,336,0040,Hsx,02,01
2013-08-02,1811,N06E27,008,0010,Cro,01,02
2013-08-03,1801,N20W64,086,0060,Hsx,02,01
2013-08-03,1806,S14W19,041,0080,Dai,08,12
2013-08-03,1807,N30W70,092,0010,Bxo,04,03
2013-08-03,1808,N15W00,022,0070,Hsx,02,02
2013-08-03,1809,N13E40,342,0160,Cao,05,08
2013-08-03,1810,S26E45,337,0040,Hsx,02,01
2013-08-03,1811,N07E08,010,0010,Cro,05,03
2013-08-03,1812,S12W62,084,0020,Cro,03,02
2013-08-04,1801,N19W76,084,0060,Hsx,02,01
2013-08-04,1806,S14W32,040,0100,Dao,10,11
2013-08-04,1808,N14W12,020,0060,Cso,03,06
2013-08-04,1809,N13E27,341,0110,Cao,09,13
2013-08-04,1810,S25E32,336,0040,Hsx,02,01
2013-08-04,1811,N07W01,009,0010,Axx,01,01
2013-08-04,1812,S12W77,085,0010,Axx,01,01
2013-08-05,1801,N21W88,083,0060,Hsx,02,01
2013-08-05,1806,S15W46,041,0100,Dao,08,07
2013-08-05,1808,N14W26,021,0060,Cso,03,05
2013-08-05,1809,N12E14,341,0080,Cao,07,10
2013-08-05,1810,S26E20,335,0030,Hsx,02,02
2013-08-06,1806,S14W60,041,0040,Cao,06,03
2013-08-06,1808,N15W39,021,0040,Cso,03,02
2013-08-06,1809,N12E02,339,0080,Cso,09,09
2013-08-06,1810,S26E06,335,0040,Cso,04,05
2013-08-07,1806,S13W77,045,0030,Hsx,01,01
2013-08-07,1808,N15W54,022,0040,Hsx,01,01
2013-08-07,1809,N13W09,337,0060,Cso,10,11
2013-08-07,1810,S26W06,334,0050,Cao,04,08
2013-08-08,1808,N14W67,022,0030,Hsx,01,02
2013-08-08,1809,N13W21,335,0060,Cso,15,10
2013-08-08,1810,S25W19,334,0030,Cao,05,08
2013-08-08,1813,S13W06,321,0020,Cro,03,05
2013-08-08,1814,S27E64,251,0030,Hsx,01,01
2013-08-08,1815,N06W47,002,0010,Bxo,02,02
2013-08-08,1816,S19E62,253,0010,Axx,01,01
2013-08-09,1808,N15W80,021,0030,Hrx,01,01
2013-08-09,1809,N11W40,341,0030,Hsx,04,03
2013-08-09,1810,S25W33,335,0020,Dro,04,04
2013-08-09,1813,S13W21,322,0040,Dao,04,07
2013-08-09,1814,S26E50,252,0040,Hsx,03,01
2013-08-09,1815,N07W61,002,0020,Bxo,02,03
2013-08-09,1816,S20E47,254,0010,Hrx,00,01
2013-08-10,1809,N11W53,341,0030,Hax,03,01
2013-08-10,1813,S13W33,321,0070,Cao,04,08
2013-08-10,1814,S26E36,252,0020,Hax,01,01
2013-08-10,1816,S21E33,256,0010,Hrx,00,01
2013-08-11,1809,N10W67,342,0020,Hrx,02,02
2013-08-11,1813,S14W47,322,0030,Cro,05,08
2013-08-11,1814,S26E22,253,0020,Hax,01,01
2013-08-11,1817,S22E34,242,0010,Cro,03,03
2013-08-11,1818,S07E58,218,0020,Hrx,01,01
2013-08-11,1819,S20E49,227,0010,Axx,00,01
2013-08-12,1809,N11W82,344,0010,Hrx,01,01
2013-08-12,1813,S14W60,322,0020,Bxo,04,05
2013-08-12,1814,S27E09,254,0030,Hax,01,01
2013-08-12,1817,S22E22,241,0050,Dao,07,12
2013-08-12,1818,S08E47,216,0060,Dao,06,09
2013-08-12,1819,S20E37,226,0010,Bxo,03,02
2013-08-13,1809,N14W95,344,0010,Axx,01,01
2013-08-13,1814,S27W04,253,0010,Hax,01,01
2013-08-13,1817,S23E07,241,0180,Dac,09,23
2013-08-13,1818,S07E34,214,0120,Dsi,06,08
2013-08-13,1819,S20E21,227,0010,Hrx,06,02
2013-08-14,1814,S27W18,254,0010,Hrx,01,01
2013-08-14,1817,S21W04,240,0240,Esc,12,22
2013-08-14,1818,S07E21,214,0340,Dhc,09,17
2013-08-14,1819,S17E07,228,0020,Cro,05,04
2013-08-14,1820,S13E59,176,0060,Cso,10,04
2013-08-15,1817,S21W17,239,0220,Esc,11,22
2013-08-15,1818,S07E07,214,0270,Dhc,08,15
2013-08-15,1819,S18W05,227,0030,Dso,06,08
2013-08-15,1820,S12E45,177,0020,Cro,11,06
2013-08-15,1821,N01W22,244,0010,Bxo,03,04
2013-08-16,1817,S21W31,241,0260,Ekc,12,22
2013-08-16,1818,S07W07,217,0300,Dki,08,15
2013-08-16,1819,S17W19,229,0020,Cao,05,06
2013-08-16,1820,S13E31,179,0030,Cro,11,07
2013-08-16,1821,N01W35,245,0010,Bxo,03,03
2013-08-16,1822,S08E57,153,0030,Dao,07,05
2013-08-16,1823,S07E72,138,0120,Hsx,02,01
2013-08-17,1817,S21W44,241,0140,Eai,12,13
2013-08-17,1818,S07W19,216,0330,Dki,08,16
2013-08-17,1819,S16W32,229,0010,Bxo,03,04
2013-08-17,1820,S13E25,172,0020,Cro,03,07
2013-08-17,1822,S08E44,153,0020,Cro,04,03
2013-08-17,1823,S07E57,140,0130,Hsx,03,01
2013-08-18,1817,S21W57,240,0150,Eso,12,08
2013-08-18,1818,S07W33,216,0300,Dko,07,13
2013-08-18,1820,S13E10,173,0010,Bxo,03,05
2013-08-18,1822,S08E30,153,0010,Bxo,04,03
2013-08-18,1823,S07E43,140,0120,Hsx,02,01
2013-08-18,1824,S14W13,196,0040,Dao,04,06
2013-08-19,1817,S21W70,240,0140,Cao,12,06
2013-08-19,1818,S06W47,217,0260,Cko,06,07
2013-08-19,1820,S13W03,173,0010,Bxo,03,05
2013-08-19,1822,S08E15,155,0010,Bxo,03,02
2013-08-19,1823,S07E29,141,0120,Cso,03,05
2013-08-19,1824,S14W26,196,0100,Dao,06,09
2013-08-19,1825,N16W12,182,0010,Bxo,04,06
2013-08-19,1826,N08E21,149,0010,Axx,01,01
2013-08-19,1827,S17E70,100,0180,Dso,06,03
2013-08-20,1817,S19W88,243,0060,Cso,04,03
2013-08-20,1818,S04W61,217,0250,Hkx,04,03
2013-08-20,1820,S12W19,175,0010,Bxo,06,05
2013-08-20,1822,S11W00,156,0010,Bxo,03,03
2013-08-20,1823,S08E17,140,0170,Cso,04,04
2013-08-20,1824,S14W40,196,0120,Dao,06,09
2013-08-20,1825,N17W27,183,0070,Dai,06,20
2013-08-20,1826,N13E01,155,0010,Bxo,03,02
2013-08-20,1827,S18E58,098,0300,Dao,08,08
2013-08-20,1828,N15E65,092,0030,Cao,09,04
2013-08-21,1818,S05W76,218,0210,Hax,02,02
2013-08-21,1820,S12W34,177,0060,Dai,05,10
2013-08-21,1823,S08E03,139,0120,Cso,06,05
2013-08-21,1824,S12W53,196,0050,Cao,06,03
2013-08-21,1825,N16W40,183,0080,Dao,08,12
2013-08-21,1827,S18E44,098,0160,Dao,09,07
2013-08-21,1828,N16E57,089,0060,Cao,11,06
2013-08-22,1818,S06W91,221,0150,Hsx,06,01
2013-08-22,1820,S12W47,177,0130,Dai,08,15
2013-08-22,1823,S07W10,140,0120,Cso,06,05
2013-08-22,1824,S12W70,199,0010,Axx,00,01
2013-08-22,1825,N15W55,185,0070,Cso,07,05
2013-08-22,1827,S18E32,097,0130,Dac,07,08
2013-08-22,1828,N15E41,088,0040,Cao,08,03
2013-08-22,1829,N06W60,190,0040,Dao,05,05
2013-08-22,1830,S06W37,167,0010,Bxo,04,03
2013-08-22,1831,N14W34,164,0030,Cao,03,03
2013-08-23,1820,S12W61,177,0110,Dao,09,08
2013-08-23,1823,S07W23,139,0100,Hsx,02,01
2013-08-23,1825,N14W69,186,0050,Hax,06,02
2013-08-23,1827,S18E18,098,0060,Dao,06,08
2013-08-23,1828,N14E26,090,0020,Cro,02,01
2013-08-23,1829,N05W74,190,0030,Cro,04,03
2013-08-23,1830,S06W51,168,0050,Dao,06,05
2013-08-23,1831,N13W49,166,0030,Dro,04,05
2013-08-23,1832,N25W49,166,0030,Cso,04,02
2013-08-24,1820,S12W73,176,0070,Cao,09,03
2013-08-24,1823,S06W37,140,0100,Hsx,02,01
2013-08-24,1825,N15W86,189,0030,Hax,01,01
2013-08-24,1827,S18E05,098,0030,Cro,05,08
2013-08-24,1828,N15E14,089,0020,Cro,03,03
2013-08-24,1830,S05W64,168,0070,Dao,09,05
2013-08-24,1831,N14W63,166,0060,Dao,06,07
2013-08-24,1832,N25W61,165,0030,Cro,04,06
2013-08-24,1833,N18E07,096,0010,Bxo,02,03
2013-08-25,1820,S13W83,174,0040,Hsx,02,01
2013-08-25,1823,S07W49,139,0090,Hsx,02,01
2013-08-25,1827,S18W06,096,0010,Bxo,05,04
2013-08-25,1828,N15W00,089,0020,Hrx,02,03
2013-08-25,1830,S05W78,168,0070,Cao,11,05
2013-08-25,1831,N13W77,167,0080,Cao,06,03
2013-08-25,1834,N14E71,019,0010,Bxo,09,03
2013-08-25,1835,S09E80,010,0030,Hsx,02,01
2013-08-26,1823,S10W63,140,0060,Hsx,01,01
2013-08-26,1828,N05W13,090,0010,Bxo,01,02
2013-08-26,1834,N14E64,016,0010,Bxo,01,02
2013-08-26,1835,S10E63,013,0180,Hsx,02,01
2013-08-27,1823,S10W76,140,0060,Hsx,01,01
2013-08-27,1828,N05W26,090,0010,Axx,01,01
2013-08-27,1835,S10E51,012,0140,Cso,04,03
2013-08-28,1823,S10W89,140,0060,Hsx,01,01
2013-08-28,1828,N05W40,091,0010,Axx,01,01
2013-08-28,1834,N14E34,017,0010,Bxo,10,03
2013-08-28,1835,S10E39,011,0240,Dso,04,05
2013-08-28,1836,N10E68,342,0070,Hsx,03,01
2013-08-29,1834,N14E21,016,0020,Cro,04,06
2013-08-29,1835,S11E26,010,0280,Dko,04,06
2013-08-29,1836,N10E55,342,0140,Hax,02,02
2013-08-30,1834,N14E07,018,0040,Dai,06,15
2013-08-30,1835,S10E13,012,0250,Dko,04,07
2013-08-30,1836,N12E42,343,0160,Hax,03,03
2013-08-31,1834,N13W07,019,0030,Cri,07,17
2013-08-31,1835,S10W00,012,0180,Dai,04,10
2013-08-31,1836,N11E33,339,0180,Cao,10,05
2013-09-01,1834,N13W20,018,0030,Cri,10,12
2013-09-01,1835,S11W13,011,0140,Dsc,04,09
2013-09-01,1836,N11E19,338,0170,Eao,14,09
2013-09-02,1834,N12W34,018,0060,Eai,11,18
2013-09-02,1835,S11W26,010,0110,Cso,05,11
2013-09-02,1836,N11E04,339,0150,Eso,14,12
2013-09-03,1834,N12W50,021,0090,Dai,09,19
2013-09-03,1835,S10W41,012,0110,Cso,02,03
2013-09-03,1836,N11W05,336,0160,Eso,13,13
2013-09-03,1837,S16W19,350,0050,Dso,04,09
2013-09-04,1834,N11W60,018,0070,Cao,08,10
2013-09-04,1835,S10W54,012,0080,Hax,02,03
2013-09-04,1836,N12W22,339,0110,Hsx,06,08
2013-09-04,1837,S16W32,350,0100,Dsi,07,13
2013-09-05,1834,N12W79,021,0080,Cso,09,05
2013-09-05,1835,S12W67,012,0060,Cso,03,04
2013-09-05,1836,N12W39,342,0110,Dso,05,07
2013-09-05,1837,S15W47,352,0120,Dso,08,21
2013-09-06,1834,N13W94,024,0010,Bxo,07,03
2013-09-06,1835,S08W82,013,0030,Cso,04,02
2013-09-06,1836,N13W56,345,0120,Cso,09,10
2013-09-06,1837,S16W61,352,0130,Dsi,08,09
2013-09-06,1838,S03E68,223,0030,Hsx,02,01
2013-09-07,1836,N11W67,345,0130,Cao,08,05
2013-09-07,1837,S16W73,351,0110,Dao,09,05
2013-09-07,1838,S05E55,223,0020,Hsx,01,01
2013-09-08,1836,N10W78,344,0090,Cao,02,02
2013-09-08,1837,S17W88,353,0050,Hax,03,02
2013-09-08,1838,S05E41,225,0030,Hax,01,01
2013-09-09,1836,N10W91,344,0060,Hax,02,01
2013-09-09,1838,S03E27,226,0030,Hax,02,03
2013-09-10,1838,S04E15,223,0010,Axx,02,03
2013-09-11,1838,S04E02,223,0000,Axx,00,01
2013-09-11,1839,S13W27,253,0010,Hrx,02,02
2013-09-12,1838,S04W13,226,0010,Axx,02,03
2013-09-12,1839,S12W40,252,0020,Cro,04,04
2013-09-12,1840,S12W03,215,0020,Cro,05,05
2013-09-12,1841,S05E69,143,0030,Hsx,02,01
2013-09-13,1838,S05W25,224,0010,Axx,01,02
2013-09-13,1839,S12W52,252,0010,Bxo,01,01
2013-09-13,1840,S11W19,218,0001,Axx,02,02
2013-09-13,1841,S06E54,144,0040,Cao,02,01
2013-09-13,1842,N04W62,261,0020,Cro,04,02
2013-09-14,1839,S12W66,253,0030,Cro,04,06
2013-09-14,1841,S06E41,146,0050,Cso,03,03
2013-09-14,1842,N04W76,263,0010,Axx,01,01
2013-09-15,1839,S12W83,256,0020,Hrx,01,01
2013-09-15,1841,S06E28,145,0040,Cso,02,03
2013-09-16,1841,S05E14,146,0030,Hax,02,02
2013-09-17,1840,S11W75,222,0010,Bxo,02,02
2013-09-17,1841,S04E02,144,0030,Hsx,01,01
2013-09-18,1840,S11W89,223,0010,Axx,01,01
2013-09-18,1841,S04W12,146,0030,Hsx,01,01
2013-09-18,1843,N01E06,127,0020,Cao,03,04
2013-09-18,1844,N24W56,189,0010,Axx,01,01
2013-09-18,1845,S20E59,073,0010,Axx,01,01
2013-09-18,1846,S16E77,056,0050,Hax,02,01
2013-09-18,1847,N11E67,066,0010,Axx,01,01
2013-09-19,1841,S04W25,144,0020,Hsx,01,01
2013-09-19,1843,N01W07,127,0040,Dao,03,05
2013-09-19,1845,S18E48,073,0010,Axx,01,01
2013-09-19,1846,S17E62,059,0160,Hsx,03,01
2013-09-19,1847,N11E55,066,0010,Axx,01,01
2013-09-20,1841,S04W38,144,0010,Hrx,01,01
2013-09-20,1843,N01W21,127,0060,Dso,04,06
2013-09-20,1845,S18E34,073,0010,Axx,01,01
2013-09-20,1846,S16E49,057,0180,Cso,06,02
2013-09-20,1848,S10E36,070,0010,Axx,01,01
2013-09-20,1849,N22E32,075,0010,Bxo,03,03
2013-09-20,1850,N09E75,031,0010,Axx,01,01
2013-09-21,1841,S04W52,146,0010,Hrx,01,01
2013-09-21,1843,N02W35,129,0050,Cso,05,08
2013-09-21,1846,S17E36,058,0160,Cso,08,04
2013-09-21,1848,S11E23,071,0000,Axx,01,01
2013-09-21,1849,N22E18,076,0010,Bxo,03,07
2013-09-21,1850,N09E62,032,0090,Dao,08,06
2013-09-22,1841,S04W65,146,0010,Hrx,01,01
2013-09-22,1843,N02W49,130,0020,Cso,04,06
2013-09-22,1846,S17E25,056,0210,Cso,09,05
2013-09-22,1849,N20E04,077,0060,Dao,07,11
2013-09-22,1850,N08E52,029,0090,Dso,08,06
2013-09-23,1841,S04W78,146,0010,Hrx,01,01
2013-09-23,1843,N03W62,130,0020,Cao,04,05
2013-09-23,1845,S17W05,073,0010,Bxo,03,03
2013-09-23,1846,S18E10,058,0140,Hsx,05,01
2013-09-23,1849,N19W10,078,0090,Dao,08,12
2013-09-23,1850,N07E38,030,0050,Dao,07,05
2013-09-23,1851,S16E69,358,0030,Hrx,01,01
2013-09-24,1846,S18W04,059,0150,Hsx,04,01
2013-09-24,1849,N19W24,079,0080,Dso,09,08
2013-09-24,1850,N08E24,031,0040,Cso,08,04
2013-09-24,1851,S16E55,001,0010,Axx,01,01
2013-09-24,1852,S21W28,082,0010,Axx,01,01
2013-09-25,1846,S18W18,059,0150,Hsx,04,01
2013-09-25,1849,N19W38,079,0030,Cro,09,04
2013-09-25,1850,N08E10,031,0050,Cso,12,10
2013-09-25,1851,S19E41,001,0010,Axx,01,01
2013-09-26,1846,S17W31,058,0160,Hsx,02,01
2013-09-26,1849,N21W53,080,0030,Eao,11,05
2013-09-26,1850,N08W03,030,0070,Dao,09,14
2013-09-26,1851,S20E30,358,0010,Axx,01,01
2013-09-27,1846,S18W44,059,0130,Hsx,03,01
2013-09-27,1850,N10W18,033,0180,Dao,07,16
2013-09-27,1852,S21W70,085,0010,Bxo,03,03
2013-09-27,1853,N19W80,095,0020,Cro,03,03
2013-09-28,1846,S17W56,062,0120,Hsx,02,01
2013-09-28,1850,N09W30,036,0140,Dao,08,10
2013-09-28,1852,S20W81,087,0010,Bxo,02,02
2013-09-28,1853,N19W77,083,0010,Hrx,00,01
2013-09-29,1846,S17W70,059,0150,Hsx,02,01
2013-09-29,1850,N10W46,035,0100,Dso,08,07
2013-09-29,1853,N19W91,080,0030,Cao,03,05
2013-09-29,1854,N06E65,284,0050,Dso,05,05
2013-09-30,1846,S17W84,059,0100,Hsx,02,01
2013-09-30,1850,N10W60,035,0060,Dso,08,05
2013-09-30,1854,N06E51,284,0030,Cao,04,03
2013-10-01,1850,N10W73,034,0050,Cso,05,03
2013-10-01,1854,N05E34,287,0010,Hrx,01,01
2013-10-01,1855,S13E16,305,0010,Bxo,04,08
2013-10-02,1850,N08W85,034,0030,Hsx,02,01
2013-10-02,1854,N05E19,289,0010,Hsx,01,01
2013-10-02,1855,S14E01,306,0080,Dsi,06,17
2013-10-03,1854,N05E04,290,0020,Hsx,01,01
2013-10-03,1855,S14W11,307,0130,Dsi,07,16
2013-10-03,1856,N08E69,225,0050,Cao,02,01
2013-10-03,1857,S06E66,228,0070,Hax,02,01
2013-10-04,1855,S13W26,307,0090,Dso,08,14
2013-10-04,1856,N07E56,225,0070,Dso,06,02
2013-10-04,1857,S08E54,227,0100,Hsx,02,01
2013-10-04,1858,N09W67,349,0050,Cao,05,04
2013-10-05,1855,S13W39,308,0080,Dai,09,15
2013-10-05,1856,N08E43,226,0080,Dso,07,08
2013-10-05,1857,S07E41,228,0100,Cao,03,04
2013-10-05,1858,N10W80,349,0080,Dao,07,03
2013-10-05,1859,S17W08,277,0030,Cro,04,04
2013-10-06,1855,S13W53,309,0070,Dao,09,09
2013-10-06,1856,N08E31,225,0070,Cao,07,05
2013-10-06,1857,S08E28,228,0110,Hsx,02,01
2013-10-06,1858,N12W95,351,0060,Dao,08,02
2013-10-06,1859,S15W23,279,0010,Axx,02,02
2013-10-07,1855,S13W67,310,0040,Cao,10,07
2013-10-07,1856,N08E18,225,0040,Cao,07,04
2013-10-07,1857,S08E14,229,0110,Hsx,02,01
2013-10-07,1859,S15W37,280,0010,Axx,01,01
2013-10-08,1855,S13W82,310,0030,Cro,05,02
2013-10-08,1856,N07E02,226,0030,Cro,04,04
2013-10-08,1857,S07E01,227,0080,Hsx,02,01
2013-10-08,1860,S28E40,189,0010,Axx,01,01
2013-10-08,1861,S13E64,164,0010,Bxo,04,02
2013-10-08,1862,S24W19,248,0010,Bxo,06,06
2013-10-09,1856,N07W10,226,0030,Cao,03,03
2013-10-09,1857,S08W11,227,0090,Hsx,02,01
2013-10-09,1860,S27E31,187,0010,Axx,02,02
2013-10-09,1861,S13E50,165,0010,Bxo,06,03
2013-10-09,1862,S23W34,250,0020,Cso,06,03
2013-10-09,1863,S18E19,197,0010,Bxo,04,04
2013-10-09,1864,S23E62,154,0050,Hsx,01,01
2013-10-09,1865,S20E73,143,0060,Cao,03,02
2013-10-10,1856,N07W22,225,0010,Bxo,04,08
2013-10-10,1857,S07W24,227,0110,Hsx,02,01
2013-10-10,1861,S13E37,166,0060,Cao,11,08
2013-10-10,1862,S23W49,252,0010,Bxo,03,03
2013-10-10,1863,S18E05,197,0010,Axx,02,02
2013-10-10,1864,S22E48,155,0070,Hax,02,02
2013-10-10,1865,S21E58,145,0210,Dao,07,05
2013-10-10,1866,S16W63,266,0010,Bxo,03,02
2013-10-11,1856,N07W36,226,0010,Bxo,03,02
2013-10-11,1857,S08W37,227,0100,Hsx,05,01
2013-10-11,1861,S10E22,168,0200,Eac,11,23
2013-10-11,1862,S23W61,251,0040,Dao,07,08
2013-10-11,1863,S19W08,198,0030,Dro,04,05
2013-10-11,1864,S23E34,156,0060,Hax,02,02
2013-10-11,1865,S22E45,145,0220,Dai,07,15
2013-10-11,1867,N23E07,183,0010,Axx,02,02
2013-10-12,1857,S08W51,228,0100,Hsx,02,01
2013-10-12,1861,S09E08,169,0340,Dkc,09,19
2013-10-12,1862,S23W74,251,0030,Cro,04,04
2013-10-12,1863,S18W22,199,0020,Cro,06,03
2013-10-12,1864,S23E21,156,0060,Hsx,03,03
2013-10-12,1865,S22E32,145,0220,Dao,08,14
2013-10-12,1867,N23W07,184,0010,Axx,01,01
2013-10-13,1857,S08W65,229,0080,Hsx,02,01
2013-10-13,1861,S09W05,169,0380,Dkc,08,14
2013-10-13,1863,S18W36,200,0010,Bxo,04,03
2013-10-13,1864,S23E07,157,0060,Hsx,02,02
2013-10-13,1865,S22E19,145,0200,Dao,09,20
2013-10-13,1867,N23W20,184,0030,Cro,05,06
2013-10-14,1857,S08W78,229,0070,Hsx,02,01
2013-10-14,1861,S09W19,170,0400,Dhi,08,12
2013-10-14,1863,S18W50,201,0020,Cro,04,04
2013-10-14,1864,S23W07,158,0060,Hsx,02,01
2013-10-14,1865,S22E06,145,0270,Dkc,09,16
2013-10-14,1867,N24W32,183,0050,Dao,06,07
2013-10-14,1868,N18E51,100,0010,Axx,01,01
2013-10-14,1869,N19E66,085,0040,Dso,09,03
2013-10-15,1857,S07W90,228,0030,Hsx,01,01
2013-10-15,1861,S08W32,170,0400,Dho,08,09
2013-10-15,1863,S18W62,200,0020,Cro,04,03
2013-10-15,1864,S23W20,158,0070,Hsx,02,01
2013-10-15,1865,S22W08,145,0120,Cai,07,10
2013-10-15,1867,N24W44,182,0040,Dao,08,05
2013-10-15,1868,N18E37,101,0010,Axx,01,01
2013-10-15,1869,N18E54,082,0040,Dso,04,02
2013-10-15,1870,S13W06,143,0030,Cro,03,03
2013-10-15,1871,N16E62,074,0030,Hsx,01,01
2013-10-16,1861,S10W45,168,0480,Dho,08,17
2013-10-16,1863,S17W75,198,0010,Cro,03,02
2013-10-16,1864,S23W32,156,0060,Hsx,01,01
2013-10-16,1865,S21W21,144,0090,Dao,05,11
2013-10-16,1867,N24W56,180,0020,Cro,08,04
2013-10-16,1868,N17E23,100,0010,Axx,01,01
2013-10-16,1869,N20E44,079,0030,Cro,03,02
2013-10-16,1870,S14W21,144,0020,Cro,04,08
2013-10-16,1871,N17E46,077,0020,Hrx,01,01
2013-10-16,1872,S15E67,055,0060,Hsx,02,01
2013-10-17,1861,S10W57,167,0350,Dhc,10,13
2013-10-17,1864,S23W45,156,0050,Hsx,01,01
2013-10-17,1865,S22W37,147,0050,Dso,02,03
2013-10-17,1867,N23W74,183,0010,Bxo,03,02
2013-10-17,1869,N18E27,082,0020,Dso,03,02
2013-10-17,1870,S13W35,145,0010,Bxo,01,02
2013-10-17,1871,N17E32,078,0010,Axx,02,02
2013-10-17,1872,S17E55,055,0090,Hsx,02,01
2013-10-17,1873,N11E60,049,0030,Cro,07,04
2013-10-18,1861,S08W69,166,0370,Eki,14,17
2013-10-18,1864,S23W60,157,0060,Hsx,01,01
2013-10-18,1865,S21W50,148,0010,Bxo,02,04
2013-10-18,1867,N23W83,181,0010,Axx,00,01
2013-10-18,1869,N18E16,081,0020,Cso,05,02
2013-10-18,1870,S13W49,146,0010,Axx,01,01
2013-10-18,1871,N18E21,075,0020,Hsx,01,01
2013-10-18,1872,S17E41,056,0070,Cso,02,01
2013-10-18,1873,N11E48,049,0110,Cso,07,10
2013-10-18,1874,S10E22,075,0020,Dao,03,04
2013-10-18,1875,N07E69,027,0050,Cao,03,02
2013-10-18,1876,N05W62,158,0010,Bxo,02,02
2013-10-19,1861,S07W79,163,0410,Eki,15,16
2013-10-19,1864,S23W73,157,0020,Hsx,01,01
2013-10-19,1868,N23W17,101,0010,Bxo,02,04
2013-10-19,1869,N19E07,078,0020,Hsx,01,01
2013-10-19,1870,S15W58,143,0030,Cao,02,03
2013-10-19,1872,S16E28,056,0080,Hsx,02,01
2013-10-19,1873,N12E34,050,0040,Cso,08,09
2013-10-19,1874,S10E07,077,0050,Dao,05,08
2013-10-19,1875,N07E60,024,0150,Dao,10,10
2013-10-19,1877,S11E75,009,0120,Hsx,02,01
2013-10-20,1861,S07W91,163,0240,Eac,13,09
2013-10-20,1864,S22W85,157,0030,Hax,01,01
2013-10-20,1868,N23W30,102,0040,Cao,02,03
2013-10-20,1869,N20W05,077,0020,Hrx,01,01
2013-10-20,1870,S15W72,144,0010,Bxo,01,03
2013-10-20,1872,S17E15,057,0080,Hsx,02,01
2013-10-20,1873,N12E23,049,0020,Cro,03,06
2013-10-20,1874,S11W06,078,0040,Dao,05,06
2013-10-20,1875,N08E46,026,0150,Esi,12,15
2013-10-20,1877,S12E61,011,0260,Cko,04,04
2013-10-21,1872,S17E01,057,0080,Hsx,02,01
2013-10-21,1873,N12E09,049,0050,Dao,09,12
2013-10-21,1874,S11W20,078,0040,Cao,06,10
2013-10-21,1875,N07E32,026,0150,Eai,11,24
2013-10-21,1877,S13E55,003,0390,Fho,16,08
2013-10-21,1878,S10W54,112,0010,Bxo,05,02
2013-10-22,1872,S17W11,055,0060,Hsx,02,02
2013-10-22,1873,N12W05,049,0040,Dao,09,09
2013-10-22,1874,S11W32,076,0040,Csi,06,09
2013-10-22,1875,N06E19,025,0250,Ekc,11,61
2013-10-22,1877,S13E38,006,0400,Cho,08,10
2013-10-22,1878,S09W67,111,0010,Bxo,06,02
2013-10-22,1879,S13E52,352,0060,Dso,06,04
2013-10-22,1880,N12W16,060,0010,Bxo,03,02
2013-10-23,1872,S17W26,057,0060,Cao,03,04
2013-10-23,1873,N12W17,049,0010,Axx,06,04
2013-10-23,1874,S11W47,078,0030,Dro,08,13
2013-10-23,1875,N07E04,027,0420,Ekc,14,123
2013-10-23,1877,S13E23,008,0390,Dki,07,15
2013-10-23,1879,S13E37,354,0080,Cso,09,09
2013-10-24,1872,S18W40,058,0050,Dso,07,04
2013-10-24,1873,N11W33,051,0010,Axx,09,09
2013-10-24,1875,N08W11,028,0610,Ekc,14,50
2013-10-24,1877,S12E09,008,0320,Dki,08,17
2013-10-24,1879,S13E22,356,0090,Cso,09,11
2013-10-25,1872,S18W54,060,0070,Dso,08,02
2013-10-25,1875,N08W23,029,0720,Ekc,15,50
2013-10-25,1877,S12W03,009,0440,Dkc,09,19
2013-10-25,1879,S12E10,356,0100,Cai,07,11
2013-10-25,1881,S22E37,329,0010,Bxo,03,04
2013-10-25,1882,S08E73,293,0100,Dso,09,02
2013-10-26,1869,N18W84,076,0000,Axx,01,01
2013-10-26,1872,S18W67,059,0050,Cso,09,04
2013-10-26,1875,N07W36,028,0660,Ekc,15,39
2013-10-26,1877,S12W16,008,0390,Dhi,08,16
2013-10-26,1879,S13W03,355,0110,Cai,08,11
2013-10-26,1881,S22E21,331,0010,Bxo,01,02
2013-10-26,1882,S08E59,293,0280,Dko,07,05
2013-10-27,1872,S18W80,059,0010,Bxo,09,02
2013-10-27,1875,N07W51,030,0660,Ekc,15,38
2013-10-27,1877,S12W30,009,0320,Chi,09,15
2013-10-27,1879,S12W15,354,0100,Cao,05,06
2013-10-27,1881,S22E09,330,0010,Bxo,04,04
2013-10-27,1882,S08E47,292,0300,Dki,08,11
2013-10-27,1883,N04E74,265,0040,Hax,02,02
2013-10-27,1884,S09E78,261,0050,Hax,03,02
2013-10-27,1885,S17E75,264,0070,Hsx,02,01
2013-10-28,1873,N13W90,056,0010,Hrx,01,01
2013-10-28,1875,N07W64,030,0790,Fkc,16,40
2013-10-28,1877,S12W43,009,0330,Dhi,09,20
2013-10-28,1879,S12W28,354,0100,Cao,05,08
2013-10-28,1881,S22W05,331,0010,Bxo,05,02
2013-10-28,1882,S08E34,292,0390,Dkc,08,31
2013-10-28,1883,N04E59,267,0060,Hax,01,02
2013-10-28,1884,S13E68,258,0110,Dso,09,11
2013-10-28,1885,S18E63,263,0130,Hsx,03,01
2013-10-29,1875,N06W78,030,0770,Ekc,13,15
2013-10-29,1877,S12W56,008,0230,Dai,05,13
2013-10-29,1879,S12W41,353,0070,Dao,04,06
2013-10-29,1881,S22W20,332,0010,Bxo,02,03
2013-10-29,1882,S08E21,291,0330,Dkc,08,24
2013-10-29,1883,N04E45,267,0040,Cso,02,03
2013-10-29,1884,S14E53,259,0130,Dao,08,10
2013-10-29,1885,S17E49,262,0170,Hsx,03,01
2013-10-30,1875,N06W92,032,0420,Ekc,12,10
2013-10-30,1877,S12W71,009,0310,Dko,06,09
2013-10-30,1879,S12W56,354,0080,Cao,02,02
2013-10-30,1882,S09E07,291,0360,Dkc,10,34
2013-10-30,1883,N03E31,267,0010,Hrx,01,02
2013-10-30,1884,S13E38,260,0340,Ekc,11,22
2013-10-30,1885,S17E35,265,0190,Cao,04,06
2013-10-30,1886,N14W09,307,0010,Cro,04,06
2013-10-31,1877,S13W81,007,0160,Dao,03,02
2013-10-31,1879,S13W69,355,0080,Cao,02,02
2013-10-31,1882,S09W06,291,0250,Dko,07,19
2013-10-31,1883,N04E18,267,0010,Axx,00,01
2013-10-31,1884,S11E24,261,0460,Ekc,13,15
2013-10-31,1885,S18E23,262,0200,Cao,04,05
2013-10-31,1886,N15W23,308,0050,Dao,05,07
2013-10-31,1887,N21E63,222,0020,Hsx,01,01
2013-11-01,1879,S12W83,356,0080,Hsx,02,02
2013-11-01,1882,S10W19,292,0190,Dao,07,14
2013-11-01,1884,S12E12,260,0370,Ekc,14,23
2013-11-01,1885,S18E12,260,0180,Cso,06,06
2013-11-01,1886,N14W36,309,0030,Cso,05,05
2013-11-01,1887,N21E48,225,0030,Cso,07,04
2013-11-01,1888,S15W32,304,0020,Cro,03,04
2013-11-02,1882,S10W31,291,0150,Dao,07,12
2013-11-02,1884,S13W01,260,0370,Eki,14,19
2013-11-02,1885,S19W02,262,0160,Cso,04,06
2013-11-02,1887,N21E37,223,0020,Cro,07,03
2013-11-02,1888,S15W46,306,0030,Cro,04,05
2013-11-03,1882,S10W46,292,0110,Cao,04,04
2013-11-03,1884,S12W13,259,0250,Eko,11,21
2013-11-03,1885,S19W16,262,0160,Cao,04,12
2013-11-03,1887,N20E22,225,0020,Cro,09,04
2013-11-03,1888,S14W60,307,0020,Cro,03,03
2013-11-03,1889,S18E23,224,0030,Cro,04,06
2013-11-03,1890,S09E74,173,0120,Hsx,08,03
2013-11-04,1882,S10W60,294,0110,Hax,03,02
2013-11-04,1884,S12W27,261,0240,Eac,12,27
2013-11-04,1885,S20W29,263,0180,Cso,05,06
2013-11-04,1887,N20E09,225,0020,Cro,07,07
2013-11-04,1888,S14W74,308,0020,Cro,04,03
2013-11-04,1889,S19E08,226,0050,Dao,06,13
2013-11-04,1890,S10E62,172,0660,Ehc,12,15
2013-11-05,1882,S10W74,294,0050,Cao,02,02
2013-11-05,1884,S12W38,258,0110,Dac,09,10
2013-11-05,1885,S18W42,262,0160,Hax,03,02
2013-11-05,1887,N21W05,225,0110,Dsi,07,23
2013-11-05,1888,S13W82,302,0010,Bxo,02,02
2013-11-05,1889,S18W05,225,0080,Dao,09,10
2013-11-05,1890,S09E49,170,0830,Ehc,13,31
2013-11-06,1882,S09W89,296,0040,Cao,02,02
2013-11-06,1884,S12W49,256,0070,Dso,05,04
2013-11-06,1885,S18W55,262,0110,Hax,02,01
2013-11-06,1887,N20W18,225,0120,Dai,08,16
2013-11-06,1889,S18W17,224,0110,Dai,08,12
2013-11-06,1890,S11E36,170,0950,Ekc,14,39
2013-11-07,1884,S12W62,255,0050,Cso,05,03
2013-11-07,1885,S18W69,262,0090,Hax,02,02
2013-11-07,1887,N20W31,224,0090,Dai,08,11
2013-11-07,1889,S18W30,223,0080,Dai,07,12
2013-11-07,1890,S11E23,169,0910,Ekc,13,46
2013-11-07,1891,S18W11,205,0020,Cao,02,03
2013-11-07,1892,S05E67,126,0010,Axx,01,01
2013-11-08,1884,S12W76,257,0020,Hax,02,01
2013-11-08,1885,S18W82,263,0060,Hsx,03,01
2013-11-08,1887,N19W45,226,0080,Cao,08,11
2013-11-08,1889,S19W44,225,0010,Bxo,07,05
2013-11-08,1890,S11E10,171,0920,Ehc,13,59
2013-11-08,1891,S18W24,205,0070,Dac,06,09
2013-11-08,1892,S05E54,127,0010,Bxo,04,03
2013-11-09,1887,N19W59,227,0080,Cao,08,09
2013-11-09,1889,S19W58,226,0010,Bxo,07,02
2013-11-09,1890,S11W02,170,0920,Ehc,13,58
2013-11-09,1891,S18W37,205,0120,Dai,07,17
2013-11-09,1892,S05E39,129,0000,Axx,01,01
2013-11-09,1893,S12E66,102,0130,Hsx,02,01
2013-11-09,1894,S07W34,201,0010,Bxo,01,02
2013-11-10,1887,N19W71,225,0030,Cro,06,03
2013-11-10,1890,S11W15,170,0660,Ekc,13,42
2013-11-10,1891,S18W50,204,0080,Dao,06,09
2013-11-10,1893,S12E54,100,0210,Hsx,03,01
2013-11-11,1887,N18W84,225,0010,Bxo,04,02
2013-11-11,1890,S12W28,169,0530,Ekc,13,28
2013-11-11,1893,S12E42,099,0180,Cso,04,05
2013-11-11,1895,S15E67,074,0060,Cao,05,04
2013-11-11,1896,N13E75,066,0110,Hsx,02,01
2013-11-12,1890,S11W42,169,0410,Ekc,13,29
2013-11-12,1893,S12E28,098,0170,Dso,03,04
2013-11-12,1895,S15E52,075,0090,Cao,03,02
2013-11-12,1896,N11E60,066,0140,Hsx,02,01
2013-11-12,1897,S18E64,063,0240,Dai,10,07
2013-11-12,1898,S26E11,116,0010,Axx,01,01
2013-11-13,1890,S11W55,169,0420,Ekc,13,32
2013-11-13,1893,S13E15,099,0240,Dso,03,08
2013-11-13,1895,S16E37,077,0090,Cso,03,07
2013-11-13,1896,N11E46,068,0190,Hsx,03,01
2013-11-13,1897,S20E51,063,0600,Ekc,12,26
2013-11-13,1898,S26W00,115,0020,Cro,03,02
2013-11-13,1899,N06E76,037,0250,Hhx,07,01
2013-11-14,1890,S11W69,170,0290,Ekc,12,13
2013-11-14,1893,S12E03,098,0140,Dso,04,06
2013-11-14,1895,S15E24,077,0120,Hsx,03,03
2013-11-14,1896,N12E34,067,0140,Hax,03,01
2013-11-14,1897,S21E37,064,0610,Ekc,14,29
2013-11-14,1898,S26W14,115,0010,Bxo,04,03
2013-11-14,1899,N06E62,039,0360,Hkx,04,03
2013-11-15,1890,S12W83,171,0090,Eao,12,03
2013-11-15,1893,S13W10,098,0240,Dsi,08,22
2013-11-15,1895,S17E10,077,0100,Cso,05,02
2013-11-15,1896,N11E20,067,0160,Hax,02,02
2013-11-15,1897,S21E26,062,0310,Fkc,17,87
2013-11-15,1898,S26W25,113,0010,Bxo,02,05
2013-11-15,1899,N07E50,037,0630,Dki,08,10
2013-11-15,1900,S19W17,105,0030,Dso,05,10
2013-11-15,1901,S24W43,131,0010,Bxo,03,03
2013-11-16,1890,S13W95,171,0010,Axx,02,03
2013-11-16,1893,S13W25,101,0240,Dsc,10,24
2013-11-16,1895,S16W02,078,0100,Hsx,05,03
2013-11-16,1896,N11E07,069,0130,Hax,02,02
2013-11-16,1897,S21E12,064,0360,Ekc,14,84
2013-11-16,1898,S26W37,113,0010,Bxo,02,04
2013-11-16,1899,N06E35,039,0600,Dko,09,14
2013-11-16,1900,S19W29,105,0150,Dac,07,24
2013-11-16,1901,S24W57,133,0020,Cro,04,08
2013-11-16,1902,N19W06,080,0020,Dso,03,06
2013-11-17,1893,S13W39,101,0290,Dkc,07,23
2013-11-17,1895,S16W17,079,0070,Hax,02,02
2013-11-17,1896,N11W06,068,0150,Hsx,04,03
2013-11-17,1897,S20W04,066,0240,Fac,18,63
2013-11-17,1899,N06E23,039,0510,Dko,08,11
2013-11-17,1900,S19W42,104,0110,Dac,09,20
2013-11-17,1901,S24W70,132,0030,Cro,05,07
2013-11-17,1902,N20W20,082,0050,Dso,03,04
2013-11-18,1893,S13W52,101,0420,Dkc,10,31
2013-11-18,1895,S16W30,079,0080,Hsx,03,05
2013-11-18,1896,N11W19,068,0150,Cso,03,06
2013-11-18,1897,S20W15,064,0240,Fac,19,94
2013-11-18,1899,N06E10,039,0510,Cko,08,18
2013-11-18,1900,S19W55,104,0130,Dac,09,31
2013-11-18,1901,S24W82,131,0030,Cro,09,03
2013-11-18,1902,N20W33,082,0020,Cso,03,03
2013-11-18,1903,S12E77,332,0060,Hsx,02,01
2013-11-19,1893,S13W66,102,0480,Eki,12,15
2013-11-19,1895,S16W42,078,0040,Hsx,01,01
2013-11-19,1896,N10W32,067,0100,Hsx,02,01
2013-11-19,1897,S19W29,065,0100,Fai,19,28
2013-11-19,1899,N04W04,039,0610,Hkx,07,06
2013-11-19,1900,S21W67,102,0070,Dai,05,10
2013-11-19,1902,N20W47,083,0010,Axx,01,01
2013-11-19,1903,S11E63,332,0140,Hsx,02,02
2013-11-20,1893,S13W77,099,0430,Ekc,12,14
2013-11-20,1895,S17W55,078,0040,Hsx,01,01
2013-11-20,1896,N12W46,068,0160,Hsx,02,01
2013-11-20,1897,S18W41,063,0070,Fso,18,10
2013-11-20,1899,N05W16,038,0610,Cko,09,08
2013-11-20,1900,S21W79,101,0100,Dai,09,07
2013-11-20,1903,S10E48,334,0130,Hax,03,02
2013-11-21,1893,S13W91,100,0260,Dkc,07,03
2013-11-21,1895,S17W70,079,0020,Hsx,01,02
2013-11-21,1896,N09W59,068,0090,Hax,02,01
2013-11-21,1897,S18W58,066,0040,Dso,10,05
2013-11-21,1899,N07W29,038,0560,Dko,09,07
2013-11-21,1900,S23W88,098,0060,Cso,04,04
2013-11-21,1903,S12E36,333,0150,Hax,02,03
2013-11-22,1895,S16W79,076,0050,Hsx,10,04
2013-11-22,1896,N12W71,066,0070,Hsx,04,04
2013-11-22,1897,S18W72,068,0040,Cso,10,05
2013-11-22,1899,N07W45,040,0600,Dko,08,16
2013-11-22,1903,S12E23,332,0130,Cso,05,06
2013-11-23,1896,N10W84,066,0050,Hsx,02,01
2013-11-23,1897,S17W84,066,0030,Cro,01,01
2013-11-23,1899,N07W56,038,0560,Dko,10,08
2013-11-23,1903,S14E08,334,0100,Hsx,02,01
2013-11-24,1899,N07W71,041,0480,Hhx,05,02
2013-11-24,1903,S12W05,335,0130,Cao,02,03
2013-11-24,1904,N12W67,037,0080,Dai,08,17
2013-11-24,1905,N19E71,258,0060,Dso,09,03
2013-11-25,1899,N07W84,041,0560,Hhx,04,04
2013-11-25,1903,S12W19,336,0110,Hax,02,02
2013-11-25,1904,N12W82,039,0130,Dai,10,12
2013-11-25,1905,N18E57,260,0080,Dao,09,11
2013-11-26,1903,S12W32,336,0090,Hax,02,02
2013-11-26,1904,N12W95,039,0060,Hax,02,02
2013-11-26,1905,N18E45,259,0050,Cso,06,07
2013-11-26,1906,S17E42,262,0000,Axx,01,01
2013-11-27,1903,S12W42,333,0100,Cso,03,05
2013-11-27,1905,N19E32,259,0010,Bxo,06,04
2013-11-27,1907,S09E18,273,0030,Dro,08,08
2013-11-28,1903,S12W58,335,0100,Cso,03,02
2013-11-28,1905,N18E21,256,0010,Bxo,02,05
2013-11-28,1907,S10E04,272,0060,Dao,06,11
2013-11-28,1908,S25E43,233,0060,Dao,06,06
2013-11-28,1909,S18E69,208,0140,Dso,05,02
2013-11-29,1903,S12W70,334,0110,Hax,02,02
2013-11-29,1907,S09W08,272,0200,Eac,13,25
2013-11-29,1908,S26E28,236,0160,Dao,08,10
2013-11-29,1909,S18E59,205,0300,Dkc,09,09
2013-11-29,1910,N04W10,273,0030,Cro,03,04
2013-11-30,1903,S11W83,334,0080,Hsx,02,01
2013-11-30,1907,S09W22,273,0130,Eac,12,21
2013-11-30,1908,S26E15,236,0230,Dao,09,08
2013-11-30,1909,S18E45,206,0320,Dkc,09,14
2013-11-30,1910,N01W27,278,0010,Axx,01,01
2013-12-01,1903,S11W94,332,0030,Hsx,01,01
2013-12-01,1907,S09W38,276,0060,Cao,07,10
2013-12-01,1908,S26E01,237,0180,Dao,10,06
2013-12-01,1909,S18E31,207,0330,Dkc,10,17
2013-12-01,1910,N01W41,279,0010,Bxo,03,04
2013-12-01,1911,S12E16,222,0020,Cso,03,04
2013-12-02,1907,S09W49,274,0030,Hrx,02,03
2013-12-02,1908,S26W10,235,0180,Eao,11,12
2013-12-02,1909,S18E20,205,0350,Dkc,10,23
2013-12-02,1910,N02W54,279,0040,Dao,06,08
2013-12-02,1911,S12E01,224,0050,Dao,05,08
2013-12-03,1908,S25W22,233,0120,Eao,11,09
2013-12-03,1909,S17E06,205,0330,Ekc,11,27
2013-12-03,1910,N02W67,278,0010,Bxo,06,05
2013-12-03,1911,S11W11,223,0050,Dao,05,06
2013-12-03,1912,S21E66,145,0080,Hsx,02,01
2013-12-03,1913,S13W56,267,0040,Dao,03,04
2013-12-03,1914,S18W19,230,0010,Axx,02,02
2013-12-04,1908,S26W34,232,0080,Dso,10,05
2013-12-04,1909,S18W07,205,0250,Ekc,11,17
2013-12-04,1911,S11W24,222,0020,Hrx,03,02
2013-12-04,1912,S21E53,144,0120,Hsx,02,01
2013-12-04,1913,S15W69,266,0090,Cao,07,09
2013-12-04,1915,S29W08,206,0010,Bxo,04,03
2013-12-05,1908,S26W48,232,0080,Dso,09,03
2013-12-05,1909,S17W20,205,0250,Ekc,11,11
2013-12-05,1911,S11W38,222,0010,Bxo,02,02
2013-12-05,1912,S21E40,143,0110,Hsx,02,01
2013-12-05,1913,S14W84,268,0130,Dao,09,05
2013-12-05,1915,S29W23,208,0030,Cao,03,03
2013-12-05,1916,S14E19,165,0010,Bxo,04,03
2013-12-06,1908,S26W62,234,0060,Hsx,02,01
2013-12-06,1909,S17W34,206,0200,Dai,10,19
2013-12-06,1911,S11W52,224,0010,Axx,03,01
2013-12-06,1912,S21E26,146,0110,Hsx,02,01
2013-12-06,1915,S29W37,209,0080,Cao,05,09
2013-12-06,1916,S14E05,167,0050,Dao,07,12
2013-12-07,1908,S25W79,236,0040,Hsx,02,02
2013-12-07,1909,S17W50,207,0140,Dso,10,10
2013-12-07,1911,S11W64,221,0010,Axx,01,01
2013-12-07,1912,S21E17,140,0130,Cao,14,01
2013-12-07,1915,S30W48,206,0030,Dro,08,10
2013-12-07,1916,S13W10,168,0200,Dac,09,21
2013-12-08,1909,S17W61,207,0100,Cso,10,07
2013-12-08,1912,S21E01,143,0120,Hsx,02,01
2013-12-08,1915,S30W59,205,0010,Bxo,10,04
2013-12-08,1916,S13W25,171,0220,Dai,08,34
2013-12-08,1917,S16E63,083,0060,Dao,08,08
2013-12-09,1909,S19W79,211,0050,Hsx,02,01
2013-12-09,1912,S21W12,144,0120,Hsx,02,01
2013-12-09,1916,S13W37,169,0240,Eai,11,20
2013-12-09,1917,S16E57,074,0210,Dai,08,08
2013-12-09,1918,S09E76,056,0060,Hax,02,03
2013-12-10,1909,S19W93,212,0040,Hsx,02,01
2013-12-10,1912,S21W24,143,0110,Hsx,04,02
2013-12-10,1916,S13W51,169,0210,Eac,11,20
2013-12-10,1917,S16E45,074,0240,Cai,08,10
2013-12-10,1918,S08E63,055,0110,Dao,03,04
2013-12-10,1919,S06W25,144,0020,Cro,03,05
2013-12-10,1920,N12E71,047,0070,Hsx,04,01
2013-12-10,1921,N06E75,043,0120,Hsx,06,02
2013-12-11,1912,S21W38,143,0080,Hsx,02,01
2013-12-11,1916,S12W64,169,0350,Ekc,12,27
2013-12-11,1917,S17E31,074,0250,Dki,07,18
2013-12-11,1918,S09E51,054,0170,Dao,05,08
2013-12-11,1919,S06W38,144,0020,Cro,06,03
2013-12-11,1920,N12E57,048,0060,Hax,02,01
2013-12-11,1921,N06E62,043,0350,Hkx,04,02
2013-12-11,1922,N12W15,120,0120,Dao,06,14
2013-12-11,1923,N17E28,077,0010,Bxo,04,05
2013-12-12,1912,S21W52,144,0080,Hsx,02,01
2013-12-12,1916,S12W78,171,0320,Ekc,12,20
2013-12-12,1917,S15E17,075,0210,Dai,07,13
2013-12-12,1918,S09E38,054,0160,Dao,05,07
2013-12-12,1919,S06W52,145,0020,Cro,04,03
2013-12-12,1920,N12E44,048,0090,Hax,02,01
2013-12-12,1921,N07E50,042,0350,Hkx,04,02
2013-12-12,1922,N10W32,124,0090,Dso,07,08
2013-12-12,1923,N18E14,079,0010,Bxo,05,09
2013-12-12,1924,S13W59,151,0020,Cro,04,02
2013-12-13,1912,S21W64,143,0080,Hsx,02,01
2013-12-13,1916,S13W90,169,0120,Eac,12,04
2013-12-13,1917,S15E04,075,0190,Cai,06,12
2013-12-13,1918,S08E25,053,0180,Dao,06,13
2013-12-13,1919,S06W65,145,0010,Axx,02,02
2013-12-13,1920,N13E31,048,0080,Hax,03,02
2013-12-13,1921,N08E37,042,0360,Hkx,04,02
2013-12-13,1922,N10W45,124,0090,Dsi,10,09
2013-12-13,1923,N18E02,078,0010,Bxo,08,09
2013-12-13,1924,S12W73,152,0020,Cro,02,02
2013-12-14,1912,S21W79,146,0060,Hsx,02,01
2013-12-14,1917,S15W10,077,0220,Dai,07,11
2013-12-14,1918,S09E11,056,0180,Dao,06,11
2013-12-14,1920,N12E18,049,0070,Hax,02,02
2013-12-14,1921,N07E23,044,0350,Cko,05,08
2013-12-14,1922,N10W58,125,0080,Dso,10,04
2013-12-14,1923,N18W10,077,0050,Dao,06,08
2013-12-14,1924,S13W86,153,0010,Bxo,05,02
2013-12-14,1925,S08E56,011,0030,Cro,05,04
2013-12-15,1912,S21W90,143,0060,Hsx,02,01
2013-12-15,1917,S15W24,077,0260,Dkc,09,26
2013-12-15,1918,S10W02,055,0180,Dao,06,08
2013-12-15,1920,N12E05,048,0070,Hax,04,05
2013-12-15,1921,N07E10,043,0380,Cko,06,09
2013-12-15,1922,N10W71,124,0060,Dao,10,03
2013-12-15,1923,N17W23,076,0040,Dao,08,11
2013-12-15,1925,S07E42,011,0030,Cro,07,04
2013-12-15,1926,N09W01,054,0020,Cro,06,06
2013-12-16,1917,S15W37,077,0340,Dkc,10,33
2013-12-16,1918,S10W15,055,0170,Cao,06,11
2013-12-16,1920,N13W07,047,0050,Hsx,02,03
2013-12-16,1921,N07W03,043,0400,Hkx,07,09
2013-12-16,1922,N10W84,124,0040,Cao,08,02
2013-12-16,1923,N17W37,077,0030,Cro,07,10
2013-12-16,1925,S07E28,012,0020,Hrx,02,03
2013-12-16,1926,N09W14,054,0010,Bxo,06,07
2013-12-17,1917,S15W51,077,0320,Ekc,11,16
2013-12-17,1918,S10W29,055,0090,Cao,06,06
2013-12-17,1920,N12W21,047,0040,Hsx,04,02
2013-12-17,1921,N06W15,041,0300,Cko,08,07
2013-12-17,1923,N01W49,076,0010,Bxo,05,06
2013-12-17,1925,S09E16,010,0010,Bxo,04,04
2013-12-17,1927,S25W73,100,0010,Bxo,01,03
2013-12-18,1917,S15W64,077,0250,Eki,12,09
2013-12-18,1918,S09W43,056,0070,Hsx,02,02
2013-12-18,1920,N12W35,048,0050,Hsx,01,01
2013-12-18,1921,N07W30,043,0250,Cko,05,05
2013-12-18,1927,S26W86,100,0010,Bxo,01,02
2013-12-18,1928,S15E08,004,0130,Dao,06,12
2013-12-19,1917,S16W77,077,0420,Dki,07,04
2013-12-19,1918,S09W55,055,0050,Hax,03,01
2013-12-19,1920,N12W48,048,0050,Hsx,03,01
2013-12-19,1921,N06W43,043,0220,Dso,04,02
2013-12-19,1928,S15W05,005,0240,Dai,10,21
2013-12-19,1929,S11E55,305,0010,Hrx,00,01
2013-12-19,1930,S09E35,325,0040,Cai,03,07
2013-12-19,1931,S14E76,284,0100,Hax,02,01
2013-12-20,1917,S17W91,079,0180,Cso,04,02
2013-12-20,1918,S10W70,058,0010,Axx,02,03
2013-12-20,1920,N13W62,050,0060,Cso,04,02
2013-12-20,1921,N06W57,045,0220,Hax,04,02
2013-12-20,1928,S16W19,007,0360,Ekc,12,24
2013-12-20,1929,S11E40,308,0010,Bxo,05,02
2013-12-20,1930,S11E22,326,0090,Dai,05,10
2013-12-20,1931,S15E62,286,0210,Hax,03,01
2013-12-20,1932,N04E17,331,0010,Axx,03,02
2013-12-21,1920,N13W75,049,0050,Hax,02,01
2013-12-21,1921,N07W71,045,0200,Hax,04,02
2013-12-21,1928,S17W32,006,0400,Ekc,15,18
2013-12-21,1929,S12E25,309,0010,Bxo,06,05
2013-12-21,1930,S11E08,326,0090,Dai,05,12
2013-12-21,1931,S15E48,286,0190,Hax,03,01
2013-12-21,1932,N04E04,330,0010,Axx,01,01
2013-12-21,1933,S13W53,027,0040,Cso,06,04
2013-12-21,1934,S15E65,269,0080,Cao,03,03
2013-12-22,1920,N13W88,049,0030,Hax,01,01
2013-12-22,1921,N07W85,046,0180,Hax,04,02
2013-12-22,1928,S17W47,008,0460,Ekc,15,28
2013-12-22,1929,S12E11,310,0010,Axx,02,03
2013-12-22,1930,S11W05,326,0090,Dai,06,07
2013-12-22,1931,S15E36,285,0220,Hsx,05,02
2013-12-22,1933,S13W65,026,0060,Dao,07,03
2013-12-22,1934,S15E53,268,0140,Cao,06,05
2013-12-23,1921,N07W94,042,0060,Hsx,01,01
2013-12-23,1928,S17W61,009,0380,Ekc,15,22
2013-12-23,1929,S13W04,312,0010,Bxo,02,02
2013-12-23,1930,S11W19,327,0060,Dso,07,05
2013-12-23,1931,S15E21,287,0170,Hsx,03,01
2013-12-23,1933,S13W82,030,0040,Hsx,03,01
2013-12-23,1934,S15E40,268,0160,Dac,08,09
2013-12-24,1928,S16W74,008,0330,Ekc,14,13
2013-12-24,1929,S12W16,310,0010,Bxo,03,03
2013-12-24,1930,S10W32,326,0080,Dao,05,06
2013-12-24,1931,S14E08,286,0190,Hax,02,01
2013-12-24,1934,S16E27,267,0230,Dao,09,12
2013-12-24,1935,S05E49,244,0010,Bxo,01,01
2013-12-24,1936,S17E71,223,0010,Bxo,06,02
2013-12-25,1928,S16W87,008,0130,Dai,10,08
2013-12-25,1930,S09W46,327,0070,Cao,09,05
2013-12-25,1931,S15W04,285,0210,Hax,04,01
2013-12-25,1934,S16E14,267,0200,Dao,10,16
2013-12-25,1935,S06E33,247,0010,Axx,01,01
2013-12-25,1936,S16E55,225,0050,Cao,11,05
2013-12-26,1930,S09W59,327,0030,Cao,08,04
2013-12-26,1931,S16W16,284,0230,Hax,09,05
2013-12-26,1934,S15E01,267,0170,Cao,10,14
2013-12-26,1935,S07E20,248,0010,Axx,01,01
2013-12-26,1936,S17E43,224,0050,Cao,13,07
2013-12-27,1930,S07W77,332,0010,Axx,01,01
2013-12-27,1931,S15W29,284,0170,Cao,06,03
2013-12-27,1934,S15W12,266,0150,Cao,13,15
2013-12-27,1935,S06E04,250,0010,Axx,01,01
2013-12-27,1936,S16E30,224,0100,Eai,12,13
2013-12-27,1937,S12E60,194,0010,Bxo,06,03
2013-12-28,1930,S08W89,332,0030,Hsx,01,01
2013-12-28,1931,S15W43,286,0160,Cao,06,03
2013-12-28,1934,S16W26,269,0190,Esi,15,15
2013-12-28,1935,S06W08,251,0000,Axx,01,01
2013-12-28,1936,S16E19,224,0110,Eai,11,12
2013-12-28,1937,S12E46,197,0020,Bxo,07,04
2013-12-28,1938,S12E62,181,0060,Hax,04,01
2013-12-29,1931,S15W58,287,0140,Hsx,03,01
2013-12-29,1934,S18W38,267,0160,Esi,13,15
2013-12-29,1936,S17E06,223,0140,Eac,13,21
2013-12-29,1937,S12E33,196,0010,Bxo,06,05
2013-12-29,1938,S12E50,179,0120,Hax,03,03
2013-12-30,1931,S14W73,289,0110,Hsx,03,01
2013-12-30,1934,S18W53,269,0160,Esc,12,17
2013-12-30,1936,S17W08,224,0170,Eac,15,30
2013-12-30,1937,S12E19,197,0010,Bxo,04,03
2013-12-30,1938,S13E37,179,0060,Cao,02,03
2013-12-30,1939,S06W69,285,0010,Bxo,05,05
2013-12-31,1931,S14W87,290,0130,Hax,02,01
2013-12-31,1934,S17W68,269,0140,Eac,12,09
2013-12-31,1936,S16W22,223,0180,Eac,13,28
2013-12-31,1937,S12E05,198,0010,Bxo,04,03
2013-12-31,1938,S09E22,179,0050,Hax,01,02
2014-01-01,1934,S16W83,272,0080,Eac,11,05
2014-01-01,1936,S16W36,225,0280,Eac,14,36
2014-01-01,1937,S12W09,198,0010,Bxo,04,03
2014-01-01,1938,S09E09,179,0030,Hax,02,03
2014-01-01,1940,S12W44,233,0020,Dro,04,04
2014-01-01,1941,S13W22,211,0030,Dro,04,03
2014-01-01,1942,N10E62,127,0020,Hrx,01,01
2014-01-01,1943,S11E67,122,0020,Cro,01,01
2014-01-02,1936,S16W49,225,0210,Eac,13,18
2014-01-02,1938,S12W03,178,0030,Cro,04,06
2014-01-02,1940,S12W59,235,0040,Cao,04,03
2014-01-02,1941,S12W34,210,0040,Dao,05,04
2014-01-02,1942,N10E49,126,0020,Cro,01,01
2014-01-02,1943,S11E57,118,0020,Cro,03,01
2014-01-02,1944,S07E75,101,0250,Dko,07,03
2014-01-03,1936,S17W62,225,0160,Eai,13,09
2014-01-03,1938,S14W16,179,0030,Cao,05,04
2014-01-03,1940,S12W73,236,0070,Dao,06,07
2014-01-03,1941,S13W48,211,0030,Dao,05,04
2014-01-03,1942,N10E37,126,0030,Cao,06,04
2014-01-03,1943,S11E45,118,0020,Cro,03,02
2014-01-03,1944,S08E64,099,1060,Fkc,16,19
2014-01-03,1945,N12E18,145,0010,Bxo,04,04
2014-01-04,1936,S16W75,225,0110,Dai,08,05
2014-01-04,1937,S12W47,197,0030,Dao,05,08
2014-01-04,1938,S14W31,181,0010,Bxo,03,03
2014-01-04,1940,S12W85,235,0070,Dao,05,04
2014-01-04,1941,S13W61,211,0020,Cso,05,03
2014-01-04,1942,N10E23,127,0030,Cao,05,04
2014-01-04,1943,S12E30,120,0010,Cro,02,03
2014-01-04,1944,S09E53,097,1280,Fkc,16,37
2014-01-04,1945,N11E04,146,0010,Dro,05,05
2014-01-05,1936,S15W90,227,0060,Hsx,03,02
2014-01-05,1937,S12W58,195,0080,Dac,06,14
2014-01-05,1938,S14W45,182,0010,Hrx,02,03
2014-01-05,1941,S13W78,215,0020,Hrx,01,01
2014-01-05,1942,N10E08,129,0030,Hsx,02,01
2014-01-05,1943,S11E17,120,0020,Hrx,01,03
2014-01-05,1944,S08E38,099,1470,Fkc,20,60
2014-01-05,1945,N11W12,149,0010,Axx,01,02
2014-01-05,1946,N12E41,096,0010,Bxo,03,02
2014-01-06,1937,S13W71,195,0160,Dac,09,21
2014-01-06,1938,S14W59,183,0010,Cro,02,03
2014-01-06,1942,N10W06,130,0020,Hsx,01,03
2014-01-06,1943,S11E07,117,0030,Cro,04,07
2014-01-06,1944,S09E25,099,1480,Fkc,18,112
2014-01-06,1945,N11W25,149,0010,Axx,01,01
2014-01-06,1946,N09E21,103,0080,Dai,05,08
2014-01-07,1937,S13W85,195,0160,Dai,09,21
2014-01-07,1938,S14W73,183,0010,Hrx,02,01
2014-01-07,1942,N10W20,130,0020,Cro,02,03
2014-01-07,1943,S11W07,117,0010,Axx,01,01
2014-01-07,1944,S09E11,099,1415,Fkc,18,112
2014-01-07,1945,N11W39,149,0010,Axx,01,01
2014-01-07,1946,N09E07,103,0140,Dac,08,11
2014-01-07,1947,N11W70,180,0030,Cro,04,04
2014-01-07,1948,N06E67,043,0060,Hsx,02,01
2014-01-08,1938,S14W87,184,0010,Axx,01,01
2014-01-08,1942,N10W34,131,0010,Axx,01,01
2014-01-08,1944,S09W03,100,1540,Fkc,18,116
2014-01-08,1946,N09W07,104,0210,Dac,08,14
2014-01-08,1947,N11W84,181,0020,Cro,03,03
2014-01-08,1948,N06E53,044,0060,Hsx,02,01
2014-01-09,1944,S09W17,101,1560,Fkc,18,118
2014-01-09,1946,N09W21,105,0290,Dki,09,18
2014-01-09,1948,N06E39,045,0060,Hsx,02,01
2014-01-09,1949,S15E70,014,0080,Hsx,02,01
2014-01-10,1944,S09W28,098,1420,Fkc,18,52
2014-01-10,1946,N08W32,102,0300,Dai,09,12
2014-01-10,1948,N06E25,044,0090,Hsx,01,01
2014-01-10,1949,S15E56,014,0150,Hsx,02,01
2014-01-11,1944,S09W43,100,1300,Fkc,18,42
2014-01-11,1946,N09W46,103,0350,Dkc,10,14
2014-01-11,1948,N06E13,044,0090,Hsx,02,01
2014-01-11,1949,S16E43,015,0180,Hax,03,02
2014-01-11,1950,N16E31,026,0030,Cao,05,05
2014-01-11,1951,S13E12,046,0020,Cao,03,04
2014-01-12,1944,S10W54,099,1300,Fkc,17,37
2014-01-12,1946,N10W58,101,0190,Eai,11,15
2014-01-12,1948,N06W02,045,0080,Hsx,03,01
2014-01-12,1949,S15E30,015,0140,Hsx,04,03
2014-01-12,1950,N16E18,027,0030,Dro,06,05
2014-01-12,1951,S12W02,045,0020,Cro,02,02
2014-01-12,1952,S33E75,330,0040,Hax,02,01
2014-01-13,1944,S10W69,099,1090,Fkc,18,21
2014-01-13,1946,N08W73,103,0090,Dao,09,05
2014-01-13,1948,N08W17,047,0100,Hsx,06,02
2014-01-13,1949,S16E17,013,0180,Hax,03,02
2014-01-13,1950,N17E02,028,0010,Bxo,02,02
2014-01-13,1951,S12W14,044,0010,Axx,01,01
2014-01-13,1952,S31E60,331,0110,Dso,06,02
2014-01-13,1953,S18E01,029,0030,Dao,02,03
2014-01-14,1944,S10W83,101,0830,Fkc,18,18
2014-01-14,1946,N08W87,105,0090,Dao,09,05
2014-01-14,1948,N08W31,049,0090,Hax,03,01
2014-01-14,1949,S16E03,015,0160,Hax,04,03
2014-01-14,1952,S31E46,332,0120,Cso,11,06
2014-01-14,1953,S18W13,031,0060,Dao,05,09
2014-01-15,1944,S12W88,093,0140,Dac,08,04
2014-01-15,1948,N06W41,046,0070,Hax,02,01
2014-01-15,1949,S16W08,013,0110,Hax,03,02
2014-01-15,1950,N17W23,028,0010,Bxo,06,05
2014-01-15,1952,S31E35,329,0070,Cso,13,04
2014-01-15,1953,S17W25,029,0070,Dao,05,06
2014-01-15,1954,N07W01,005,0010,Bxo,02,03
2014-01-16,1948,N05W54,045,0100,Hax,02,01
2014-01-16,1949,S17W22,013,0150,Hax,03,04
2014-01-16,1950,N16W37,028,0010,Cro,07,05
2014-01-16,1952,S32E27,326,0110,Eso,12,03
2014-01-16,1953,S18W39,030,0070,Dao,05,11
2014-01-16,1954,N07W15,006,0010,Axx,02,03
2014-01-17,1948,N05W68,046,0050,Hax,01,02
2014-01-17,1949,S17W34,012,0110,Hax,03,02
2014-01-17,1950,N16W51,029,0010,Axx,02,02
2014-01-17,1952,S31E13,325,0060,Cso,12,03
2014-01-17,1953,S17W53,031,0030,Dao,04,07
2014-01-17,1955,S14E54,283,0070,Hsx,02,01
2014-01-18,1948,N06W81,046,0040,Hax,02,01
2014-01-18,1949,S17W46,011,0100,Hax,03,02
2014-01-18,1952,S33W01,326,0060,Cso,06,03
2014-01-18,1953,S17W66,032,0040,Cao,03,03
2014-01-18,1955,S15E42,282,0070,Hsx,04,01
2014-01-18,1956,S15E37,289,0010,Axx,01,02
2014-01-18,1957,N12E48,277,0030,Cro,04,02
2014-01-18,1958,S07E77,249,0010,Hax,02,01
2014-01-19,1949,S15W61,012,0080,Hax,03,03
2014-01-19,1952,S32W16,328,0050,Hax,02,01
2014-01-19,1953,S17W79,030,0030,Cro,06,03
2014-01-19,1954,N08W52,008,0010,Axx,00,01
2014-01-19,1955,S14E36,279,0060,Hax,05,03
2014-01-19,1957,N12E36,275,0030,Cro,06,07
2014-01-19,1958,S08E63,248,0030,Hax,01,01
2014-01-19,1959,S25E68,243,0070,Cao,02,03
2014-01-19,1960,S14E77,235,0140,Hax,03,02
2014-01-20,1949,S16W73,011,0090,Hax,02,02
2014-01-20,1952,S32W29,327,0050,Hsx,02,02
2014-01-20,1955,S14E23,276,0060,Hax,06,02
2014-01-20,1957,N12E21,277,0030,Cri,08,09
2014-01-20,1958,S08E50,248,0040,Hax,02,01
2014-01-20,1959,S24E58,240,0110,Dai,07,04
2014-01-20,1960,S14E62,236,0150,Hax,03,01
2014-01-21,1949,S15W84,009,0020,Hax,04,02
2014-01-21,1952,S32W42,327,0030,Hsx,02,01
2014-01-21,1955,S14E09,276,0040,Hax,03,01
2014-01-21,1957,N12E07,277,0030,Dro,08,08
2014-01-21,1958,S07E36,249,0050,Cso,02,01
2014-01-21,1959,S24E47,238,0190,Eai,11,07
2014-01-21,1960,S15E49,236,0200,Hax,03,01
2014-01-21,1961,S12W34,320,0040,Dao,04,06
2014-01-21,1962,S37E05,280,0020,Cro,05,03
2014-01-22,1952,S32W52,325,0050,Hsx,02,01
2014-01-22,1955,S14W04,277,0050,Hax,02,02
2014-01-22,1957,N11W06,278,0060,Dai,08,12
2014-01-22,1958,S08E22,249,0050,Cso,03,04
2014-01-22,1959,S24E33,239,0220,Eai,12,14
2014-01-22,1960,S15E36,236,0260,Hkx,03,02
2014-01-22,1961,S12W48,321,0060,Dao,06,10
2014-01-22,1963,S06E56,216,0060,Cso,07,04
2014-01-22,1964,S13E52,220,0010,Bxo,04,02
2014-01-23,1952,S31W66,325,0030,Hsx,02,01
2014-01-23,1955,S13W17,277,0040,Cao,03,02
2014-01-23,1957,N11W19,278,0090,Dai,07,14
2014-01-23,1958,S08E09,250,0030,Hax,02,02
2014-01-23,1959,S23E20,238,0120,Eao,13,11
2014-01-23,1960,S15E22,238,0270,Hkx,04,02
2014-01-23,1961,S11W62,321,0050,Dso,05,05
2014-01-23,1963,S06E44,214,0010,Bxo,04,03
2014-01-23,1964,S13E40,219,0010,Axx,02,02
2014-01-23,1965,S15E59,199,0020,Hrx,02,02
2014-01-24,1952,S33W79,326,0030,Hsx,02,01
2014-01-24,1955,S14W31,278,0020,Cao,02,02
2014-01-24,1957,N11W32,279,0080,Dai,08,12
2014-01-24,1958,S08W05,252,0010,Hrx,02,02
2014-01-24,1959,S24E09,238,0160,Cao,12,05
2014-01-24,1960,S16E10,237,0200,Hax,03,01
2014-01-24,1961,S11W76,323,0030,Cso,05,03
2014-01-24,1963,S06E34,213,0010,Axx,03,03
2014-01-24,1965,S15E46,201,0020,Hrx,03,02
2014-01-25,1952,S31W90,323,0030,Hsx,01,01
2014-01-25,1955,S12W45,277,0020,Cao,02,04
2014-01-25,1957,N12W46,278,0170,Eai,12,26
2014-01-25,1958,S07W18,250,0010,Hrx,01,01
2014-01-25,1959,S23W05,238,0180,Eao,11,11
2014-01-25,1960,S16W03,236,0220,Cao,04,06
2014-01-25,1961,S06W91,323,0030,Hsx,01,01
2014-01-25,1963,S07E18,214,0010,Axx,02,08
2014-01-25,1965,S16E31,201,0010,Axx,02,02
2014-01-26,1955,S13W60,280,0020,Hax,01,02
2014-01-26,1957,N11W61,281,0070,Cao,08,06
2014-01-26,1958,S07W31,251,0010,Bxo,03,03
2014-01-26,1959,S23W20,240,0170,Dsi,10,11
2014-01-26,1960,S16W17,237,0230,Cao,04,06
2014-01-26,1965,S15E17,203,0000,Axx,01,01
2014-01-26,1966,S12E27,193,0020,Cro,02,03
2014-01-27,1955,S14W72,279,0020,Hrx,01,01
2014-01-27,1957,N10W75,282,0030,Cao,05,04
2014-01-27,1958,S08W45,252,0010,Bxo,03,02
2014-01-27,1959,S24W33,239,0180,Dso,09,07
2014-01-27,1960,S15W31,238,0200,Cao,04,08
2014-01-27,1964,S14W14,221,0000,Axx,01,01
2014-01-27,1965,S15E03,202,0010,Axx,01,01
2014-01-27,1966,S12E13,194,0010,Bxo,03,05
2014-01-28,1959,S24W45,238,0150,Dso,09,05
2014-01-28,1960,S16W43,237,0150,Cao,03,04
2014-01-28,1965,S14W10,203,0010,Axx,00,01
2014-01-28,1967,S14E76,117,0120,Dso,06,01
2014-01-28,1968,N10E75,119,0060,Dso,02,01
2014-01-29,1959,S25W59,239,0140,Cso,10,06
2014-01-29,1960,S16W56,236,0090,Dai,04,06
2014-01-29,1967,S12E67,113,0580,Eki,15,13
2014-01-29,1968,N10E65,115,0100,Eao,12,05
2014-01-30,1959,S23W75,242,0090,Hax,02,01
2014-01-30,1960,S15W70,237,0070,Hsx,03,03
2014-01-30,1965,S13W43,210,0020,Cro,02,02
2014-01-30,1967,S14E55,111,0980,Fkc,18,29
2014-01-30,1968,N09E54,112,0210,Eao,11,11
2014-01-31,1959,S23W88,241,0060,Hax,02,01
2014-01-31,1960,S15W82,235,0050,Hsx,02,02
2014-01-31,1965,S15W56,210,0010,Bxo,02,05
2014-01-31,1967,S14E41,112,1190,Fkc,19,42
2014-01-31,1968,N09E41,112,0160,Eao,11,12
2014-02-01,1967,S14E29,112,1000,Fkc,18,49
2014-02-01,1968,N10E29,112,0210,Eai,11,18
2014-02-02,1967,S13E16,112,1410,Fkc,18,86
2014-02-02,1968,N10E15,113,0220,Eai,12,28
2014-02-02,1969,S10W35,163,0010,Bxo,03,03
2014-02-03,1967,S13E01,114,1510,Fkc,18,94
2014-02-03,1968,N10E03,112,0300,Ekc,13,35
2014-02-03,1970,S18E54,061,0080,Dao,04,04
2014-02-04,1967,S13W12,114,1490,Fkc,18,88
2014-02-04,1968,N10W09,110,0320,Ekc,14,33
2014-02-04,1969,S11W59,161,0030,Dro,04,03
2014-02-04,1970,S20E40,060,0030,Dro,04,04
2014-02-05,1967,S12W24,112,1580,Fkc,18,73
2014-02-05,1968,N09W22,110,0330,Ekc,15,49
2014-02-05,1969,S11W73,161,0030,Dro,04,04
2014-02-05,1970,S18E26,061,0020,Cro,03,04
2014-02-05,1971,S11E59,029,0010,Bxo,04,03
2014-02-06,1967,S12W38,113,1500,Fkc,19,82
2014-02-06,1968,N09W36,111,0430,Ekc,13,49
2014-02-06,1969,S10W87,162,0010,Bxo,06,02
2014-02-06,1970,S18E12,063,0020,Cro,04,06
2014-02-06,1971,S12E43,032,0050,Cso,06,11
2014-02-06,1972,S13W10,085,0000,Axx,01,01
2014-02-06,1973,N06E63,012,0030,Cro,02,02
2014-02-06,1974,S11E76,359,0040,Hsx,05,01
2014-02-07,1967,S13W51,112,1570,Fkc,22,51
2014-02-07,1968,N09W48,109,0740,Ekc,11,57
2014-02-07,1970,S17W02,063,0010,Axx,02,04
2014-02-07,1971,S12E26,035,0100,Dso,05,20
2014-02-07,1972,S12W31,088,0010,Bxo,02,02
2014-02-07,1973,N06E51,010,0030,Cro,04,06
2014-02-07,1974,S12E62,358,0170,Dso,08,13
2014-02-08,1967,S13W64,112,1260,Fkc,22,52
2014-02-08,1968,N13W59,107,0620,Ekc,11,56
2014-02-08,1970,S17W16,064,0010,Axx,01,01
2014-02-08,1971,S12E12,036,0080,Dso,08,19
2014-02-08,1972,S12W40,088,0030,Cso,06,06
2014-02-08,1973,N05E37,011,0060,Dso,08,11
2014-02-08,1974,S13E51,357,0210,Esc,15,26
2014-02-09,1967,S13W77,113,0830,Fkc,17,19
2014-02-09,1968,N11W72,108,0450,Ekc,12,34
2014-02-09,1971,S12W00,036,0070,Dao,08,12
2014-02-09,1973,N05E24,012,0100,Dso,06,09
2014-02-09,1974,S13E37,359,0200,Esi,12,33
2014-02-09,1975,S15W37,073,0040,Cso,05,06
2014-02-09,1976,S15E78,318,0080,Dao,08,03
2014-02-10,1967,S13W89,112,0630,Ekc,13,09
2014-02-10,1968,N11W85,108,0390,Ekc,12,16
2014-02-10,1971,S12W15,038,0070,Cao,09,12
2014-02-10,1973,N06E10,013,0130,Dso,08,13
2014-02-10,1974,S12E23,360,0220,Esi,15,34
2014-02-10,1975,S15W50,073,0080,Dac,09,17
2014-02-10,1976,S15E63,320,0240,Eac,13,09
2014-02-11,1971,S11W30,040,0040,Cao,03,04
2014-02-11,1973,N03W03,012,0100,Cao,06,12
2014-02-11,1974,S13E12,356,0220,Fsi,17,25
2014-02-11,1975,S14W63,072,0110,Dai,10,09
2014-02-11,1976,S14E53,315,0390,Eki,14,11
2014-02-11,1977,S11E77,291,0080,Hsx,05,01
2014-02-12,1971,S12W46,041,0010,Axx,01,02
2014-02-12,1973,N04W18,013,0050,Cao,07,13
2014-02-12,1974,S12E01,354,0320,Fsc,16,42
2014-02-12,1975,S14W76,072,0090,Eso,12,05
2014-02-12,1976,S15E40,315,0310,Eki,15,10
2014-02-12,1977,S11E65,290,0270,Eao,12,04
2014-02-12,1978,N05W39,035,0050,Dso,05,05
2014-02-13,1971,S12W59,041,0030,Cso,03,03
2014-02-13,1973,N04W32,015,0040,Cso,04,07
2014-02-13,1974,S12W12,354,0460,Fkc,16,65
2014-02-13,1975,S13W88,070,0050,Hsx,11,01
2014-02-13,1976,S14E27,315,0340,Eko,14,13
2014-02-13,1977,S09E52,289,0290,Eko,14,09
2014-02-13,1978,N06W51,034,0040,Dao,07,07
2014-02-13,1979,N14W40,022,0010,Bxo,02,02
2014-02-14,1971,S11W72,040,0040,Cso,03,03
2014-02-14,1973,N16W43,012,0030,Cso,06,04
2014-02-14,1974,S07W25,353,0780,Fkc,17,47
2014-02-14,1976,S15E13,315,0370,Fki,16,15
2014-02-14,1977,S09E38,290,0460,Ekc,14,16
2014-02-14,1978,N07W66,034,0030,Dao,08,12
2014-02-15,1971,S12W85,042,0030,Hsx,01,01
2014-02-15,1973,N06W57,014,0020,Hax,01,01
2014-02-15,1974,S12W37,354,0990,Fkc,16,89
2014-02-15,1976,S15W03,320,0210,Dso,05,05
2014-02-15,1977,S10E26,291,0410,Ekc,14,21
2014-02-15,1978,N06W79,036,0010,Bxo,06,05
2014-02-15,1980,S14E06,311,0115,Dao,06,04
2014-02-16,1973,N06W72,016,0010,Axx,01,01
2014-02-16,1974,S12W52,356,0760,Fkc,16,47
2014-02-16,1976,S15W17,321,0230,Dso,05,06
2014-02-16,1977,S10E12,292,0320,Ekc,11,30
2014-02-16,1980,S14W06,310,0090,Hsx,03,01
2014-02-17,1973,N06W87,018,0010,Axx,01,02
2014-02-17,1974,S12W66,357,0760,Fkc,16,47
2014-02-17,1976,S15W29,320,0230,Cso,05,06
2014-02-17,1977,S10W02,293,0320,Ekc,11,30
2014-02-17,1980,S14W20,311,0090,Hax,03,02
2014-02-18,1974,S13W80,357,0590,Fkc,16,11
2014-02-18,1976,S14W44,320,0220,Hsx,03,01
2014-02-18,1977,S10W16,293,0120,Eac,13,22
2014-02-18,1980,S13W33,310,0030,Hax,01,01
2014-02-18,1981,S06E59,217,0050,Dao,03,02
2014-02-18,1982,S11E70,206,0080,Dai,06,04
2014-02-19,1974,S12W89,354,0480,Ekc,12,10
2014-02-19,1976,S15W56,320,0270,Cho,03,03
2014-02-19,1977,S11W30,293,0110,Eai,13,25
2014-02-19,1980,S13W46,309,0010,Hrx,01,01
2014-02-19,1981,S06E45,218,0110,Dso,07,05
2014-02-19,1982,S11E57,206,0280,Dki,06,07
2014-02-19,1983,S12E39,224,0010,Axx,00,01
2014-02-19,1984,S17E47,217,0030,Cso,04,02
2014-02-20,1976,S14W69,320,0180,Hax,04,05
2014-02-20,1977,S10W41,291,0090,Cai,12,18
2014-02-20,1981,S07E33,217,0140,Dai,08,13
2014-02-20,1982,S11E44,205,0500,Dki,08,20
2014-02-20,1984,S16E32,218,0020,Cro,04,04
2014-02-20,1985,N07W46,297,0010,Bxo,04,03
2014-02-21,1976,S14W82,320,0130,Hax,04,03
2014-02-21,1977,S10W57,294,0040,Cai,04,07
2014-02-21,1981,S07E20,217,0190,Dsi,09,20
2014-02-21,1982,S11E32,205,0490,Dkc,09,35
2014-02-21,1984,S16E19,218,0010,Bxo,02,02
2014-02-21,1985,N06W57,295,0010,Axx,01,01
2014-02-21,1986,N13E58,179,0010,Bxo,06,02
2014-02-22,1976,S13W94,319,0060,Hax,02,01
2014-02-22,1977,S09W71,296,0020,Cro,05,05
2014-02-22,1981,S07E06,219,0190,Dai,10,19
2014-02-22,1982,S10E19,206,0520,Dkc,10,38
2014-02-22,1984,S16E04,221,0010,Bxo,03,02
2014-02-22,1985,N08W71,296,0010,Bxo,02,02
2014-02-22,1986,N14E48,177,0030,Cao,12,04
2014-02-22,1987,S03E71,154,0030,Hax,01,01
2014-02-23,1977,S08W85,297,0010,Axx,01,01
2014-02-23,1981,S07W07,219,0240,Eai,11,17
2014-02-23,1982,S10E05,207,0560,Dkc,10,57
2014-02-23,1983,S14W17,229,0010,Bxo,03,03
2014-02-23,1985,N07W86,298,0010,Bxo,05,02
2014-02-23,1986,N13E34,178,0030,Cri,14,08
2014-02-23,1987,S02E61,151,0150,Dao,07,08
2014-02-23,1988,S10E35,177,0010,Bxo,03,03
2014-02-24,1981,S07W21,219,0220,Eai,12,27
2014-02-24,1982,S10W09,207,0570,Ekc,12,69
2014-02-24,1983,S14W31,229,0010,Axx,01,02
2014-02-24,1986,N13E21,177,0040,Cao,12,13
2014-02-24,1987,S02E48,150,0240,Dao,09,13
2014-02-24,1989,N09E62,136,0030,Hax,02,01
2014-02-25,1981,S07W34,218,0200,Eai,13,34
2014-02-25,1982,S10W22,206,0450,Ekc,13,68
2014-02-25,1986,N13E07,176,0030,Cro,13,19
2014-02-25,1987,S02E36,147,0230,Dai,10,15
2014-02-25,1989,N08E47,137,0090,Cao,11,07
2014-02-25,1990,S15E77,108,0250,Hkx,03,02
2014-02-26,1981,S08W47,219,0110,Eai,13,14
2014-02-26,1982,S10W36,207,0330,Esc,13,43
2014-02-26,1984,S18W49,221,0020,Hrx,02,02
2014-02-26,1986,N14W05,176,0040,Cro,13,10
2014-02-26,1987,S01E23,148,0170,Dai,09,09
2014-02-26,1989,N08E38,134,0060,Cao,03,07
2014-02-26,1990,S12E64,107,0180,Hkx,03,02
2014-02-27,1981,S07W61,219,0100,Eai,14,13
2014-02-27,1982,S09W50,208,0320,Esc,14,33
2014-02-27,1984,S18W62,220,0060,Cao,05,08
2014-02-27,1986,N13W18,176,0010,Bxo,13,13
2014-02-27,1987,S01E09,148,0190,Dai,10,14
2014-02-27,1989,N09E26,132,0030,Dao,01,02
2014-02-27,1990,S12E50,108,0210,Dkc,03,03
2014-02-27,1991,S25E65,093,0120,Dso,07,04
2014-02-27,1992,S19E20,137,0010,Cro,02,03
2014-02-27,1993,N16E57,101,0010,Bxo,05,04
2014-02-28,1981,S07W74,220,0040,Eao,13,07
2014-02-28,1982,S10W63,209,0170,Eac,14,32
2014-02-28,1984,S16W74,220,0080,Dao,07,09
2014-02-28,1986,N13W30,176,0030,Cro,05,11
2014-02-28,1987,S03W04,150,0180,Dsi,10,16
2014-02-28,1988,S10W37,183,0060,Dao,05,10
2014-02-28,1989,N09E14,132,0020,Hrx,03,03
2014-02-28,1990,S14E38,108,0250,Dkc,06,07
2014-02-28,1991,S25E52,094,0280,Dko,09,11
2014-02-28,1992,S20E07,139,0030,Dao,04,04
2014-02-28,1993,N16E45,101,0030,Cro,06,07
2014-03-01,1981,S06W80,220,0020,Cao,08,05
2014-03-01,1982,S11W76,207,0160,Eac,15,20
2014-03-01,1984,S16W91,221,0030,Cao,04,05
2014-03-01,1986,N14W41,174,0010,Bxo,05,08
2014-03-01,1987,S02W17,148,0150,Esi,11,29
2014-03-01,1988,S10W51,182,0170,Dao,07,13
2014-03-01,1989,N08E01,130,0010,Bxo,07,05
2014-03-01,1990,S14E24,107,0250,Dkc,03,04
2014-03-01,1991,S25E38,093,0320,Eko,11,18
2014-03-01,1992,S20W06,137,0030,Cao,05,07
2014-03-01,1993,N16E31,100,0030,Dri,08,17
2014-03-01,1994,S06W15,146,0020,Dri,07,09
2014-03-01,1995,S18E19,112,0020,Cao,05,09
2014-03-02,1982,S11W86,205,0050,Cao,05,03
2014-03-02,1987,S02W29,148,0160,Esi,11,16
2014-03-02,1988,S10W64,183,0120,Dao,10,07
2014-03-02,1989,N07W13,132,0010,Bxo,06,07
2014-03-02,1990,S14E11,108,0210,Dac,06,09
2014-03-02,1991,S25E26,093,0290,Eko,11,10
2014-03-02,1992,S19W19,138,0020,Hsx,02,01
2014-03-02,1993,N16E16,103,0110,Dai,08,13
2014-03-02,1994,S07W31,150,0030,Hax,03,03
2014-03-02,1995,S17E06,113,0060,Cao,08,08
2014-03-03,1987,S02W44,150,0110,Esi,07,09
2014-03-03,1988,S11W79,185,0080,Dao,12,04
2014-03-03,1989,N08W26,132,0010,Bxo,04,03
2014-03-03,1990,S13W04,110,0190,Dac,06,05
2014-03-03,1991,S24E13,093,0370,Eki,12,13
2014-03-03,1992,S19W35,141,0010,Hrx,01,01
2014-03-03,1993,N16E04,102,0080,Dai,07,15
2014-03-03,1994,S07W47,153,0030,Hax,02,02
2014-03-03,1995,S17W08,114,0040,Dai,06,12
2014-03-03,1996,N13E55,051,0040,Cao,04,06
2014-03-04,1987,S02W56,150,0130,Cso,10,10
2014-03-04,1988,S08W87,185,0010,Axx,01,01
2014-03-04,1989,N08W42,132,0060,Cao,03,09
2014-03-04,1990,S12W17,110,0210,Dac,07,07
2014-03-04,1991,S23W00,093,0330,Eki,12,33
2014-03-04,1992,S19W49,141,0010,Axx,01,01
2014-03-04,1993,N16W11,102,0030,Cao,06,08
2014-03-04,1994,S06W61,153,0040,Hsx,02,02
2014-03-04,1995,S17W22,114,0050,Cao,08,13
2014-03-04,1996,N14E42,051,0060,Cai,08,07
2014-03-05,1987,S01W76,153,0040,Hsx,01,01
2014-03-05,1989,N07W56,135,0070,Cso,06,08
2014-03-05,1990,S12W28,107,0190,Cso,05,06
2014-03-05,1991,S24W13,092,0240,Eac,11,25
2014-03-05,1993,N16W23,102,0050,Cso,04,03
2014-03-05,1994,S06W75,154,0090,Hsx,01,02
2014-03-05,1995,S16W35,114,0010,Bxo,06,09
2014-03-05,1996,N13E29,050,0060,Csi,07,14
2014-03-05,1997,S13W75,154,0010,Bxo,05,02
2014-03-06,1987,S02W87,152,0060,Hsx,01,01
2014-03-06,1989,N08W70,135,0030,Bxo,08,03
2014-03-06,1990,S12W41,106,0190,Dso,03,04
2014-03-06,1991,S24W25,090,0240,Eac,13,24
2014-03-06,1993,N16W36,101,0050,Bxo,05,10
2014-03-06,1994,S06W87,152,0030,Hsx,01,01
2014-03-06,1995,S16W50,115,0020,Bxo,05,05
2014-03-06,1996,N14E15,052,0120,Cso,06,20
2014-03-06,1997,S13W89,154,0080,Bxo,04,05
2014-03-06,1998,S10E65,000,0060,Cho,01,02
2014-03-06,1999,S17E22,045,0040,Dro,06,06
2014-03-07,1990,S12W55,107,0180,Dso,06,11
2014-03-07,1991,S25W38,090,0110,Eso,13,19
2014-03-07,1993,N16W51,102,0010,Bxo,06,08
2014-03-07,1995,S17W63,115,0010,Bxo,03,04
2014-03-07,1996,N15E02,050,0050,Dso,08,13
2014-03-07,1998,S10E51,001,0100,Cao,04,03
2014-03-07,1999,S18E07,045,0040,Dso,05,06
2014-03-07,2000,S10E41,011,0020,Cso,03,02
2014-03-07,2001,N19W37,089,0010,Bxo,03,03
2014-03-08,1990,S13W68,107,0200,Cso,06,09
2014-03-08,1991,S24W51,090,0090,Eao,13,07
2014-03-08,1993,N17W61,100,0010,Axx,01,01
2014-03-08,1995,S16W76,115,0040,Dao,02,02
2014-03-08,1996,N15W10,049,0110,Dai,08,21
2014-03-08,1998,S08E39,000,0100,Cao,05,06
2014-03-08,1999,S16W06,045,0060,Dso,06,12
2014-03-08,2000,S11E27,012,0070,Cso,04,08
2014-03-08,2001,N18W51,090,0060,Bxo,05,05
2014-03-09,1990,S12W82,109,0110,Hsx,02,02
2014-03-09,1991,S26W61,088,0040,Cao,02,05
2014-03-09,1995,S16W89,116,0030,Cao,03,02
2014-03-09,1996,N15W23,050,0080,Dai,08,16
2014-03-09,1998,S09E27,000,0080,Cao,04,05
2014-03-09,1999,S16W19,046,0010,Bxo,04,02
2014-03-09,2000,S11E13,013,0040,Cao,06,07
2014-03-09,2001,N19W65,092,0050,Cao,07,04
2014-03-09,2002,S19E64,323,0050,Cao,05,05
2014-03-10,1990,S12W94,108,0060,Hsx,03,01
2014-03-10,1996,N14W37,051,0080,Eai,11,19
2014-03-10,1998,S09E14,000,0060,Cao,04,05
2014-03-10,1999,S16W29,043,0000,Axx,01,01
2014-03-10,2000,S11W00,014,0010,Bxo,06,07
2014-03-10,2001,N19W78,092,0040,Dso,07,08
2014-03-10,2002,S19E51,323,0090,Dac,08,12
2014-03-11,1996,N14W51,051,0150,Eai,11,19
2014-03-11,1998,S09W00,000,0060,Cao,04,05
2014-03-11,2001,N19W92,092,0040,Dso,04,08
2014-03-11,2002,S19E37,323,0150,Dac,10,19
2014-03-11,2003,N06W12,012,0060,Dso,05,07
2014-03-11,2004,S08E64,296,0030,Cro,03,04
2014-03-12,1996,N14W64,051,0190,Eac,11,17
2014-03-12,1998,S09W13,000,0060,Cao,04,04
2014-03-12,2002,S19E26,321,0210,Eac,11,27
2014-03-12,2003,N06W25,012,0070,Dao,06,09
2014-03-12,2004,S08E51,296,0010,Axx,01,01
2014-03-13,1996,N14W78,052,0220,Eac,12,16
2014-03-13,1998,S09W26,000,0040,Cao,06,09
2014-03-13,1999,S18W74,048,0010,Bxo,05,03
2014-03-13,2002,S18E09,324,0380,Ekc,12,25
2014-03-13,2003,N06W39,012,0130,Dac,07,20
2014-03-13,2004,S09E36,297,0010,Axx,01,01
2014-03-13,2005,N12E68,265,0100,Hsx,02,01
2014-03-14,1996,N16W90,051,0060,Dao,02,03
2014-03-14,1998,S08W40,001,0020,Cao,02,06
2014-03-14,1999,S17W86,047,0020,Cro,05,03
2014-03-14,2000,S09W61,022,0020,Cro,04,05
2014-03-14,2002,S19W05,326,0380,Ekc,12,26
2014-03-14,2003,N06W51,012,0180,Dac,08,16
2014-03-14,2005,N12E57,264,0170,Hsx,03,01
2014-03-15,1998,S09W52,000,0030,Cro,03,05
2014-03-15,2002,S18W18,326,0330,Ehc,13,33
2014-03-15,2003,N06W64,012,0140,Dao,06,12
2014-03-15,2005,N12E43,265,0180,Hsx,03,01
2014-03-15,2006,N11W61,009,0040,Cao,03,09
2014-03-15,2007,N09E60,248,0030,Hax,02,01
2014-03-16,1998,S09W66,000,0010,Axx,01,01
2014-03-16,2000,S08W87,022,0000,Axx,01,01
2014-03-16,2002,S18W32,327,0300,Ekc,13,33
2014-03-16,2003,N05W78,013,0160,Dac,09,13
2014-03-16,2005,N12E32,263,0220,Hsx,03,01
2014-03-16,2006,N12W75,010,0100,Dai,06,10
2014-03-16,2007,N10E49,246,0040,Hax,01,01
2014-03-16,2008,S11E72,223,0030,Hsx,02,01
2014-03-17,1998,S07W79,001,0000,Axx,01,01
2014-03-17,2002,S18W44,326,0280,Ekc,12,24
2014-03-17,2003,N05W91,013,0120,Dao,06,05
2014-03-17,2004,S10W17,299,0010,Bxo,04,04
2014-03-17,2005,N13E19,263,0250,Cho,03,03
2014-03-17,2006,N11W89,011,0190,Dsi,07,05
2014-03-17,2007,N11E37,245,0030,Hax,01,02
2014-03-17,2008,S11E59,223,0040,Hax,02,01
2014-03-17,2009,N14W02,284,0010,Bxo,04,04
2014-03-18,2002,S18W58,326,0220,Eac,14,21
2014-03-18,2004,S10W31,299,0010,Bxo,04,03
2014-03-18,2005,N13E05,264,0250,Cho,05,04
2014-03-18,2007,N11E23,245,0010,Bxo,03,03
2014-03-18,2008,S11E45,223,0020,Cro,02,02
2014-03-18,2009,N14W16,284,0010,Bxo,05,04
2014-03-18,2010,S14E64,203,0010,Bxo,04,03
2014-03-19,2002,S18W72,327,0130,Cao,13,10
2014-03-19,2004,S10W45,300,0040,Cao,04,08
2014-03-19,2005,N13W09,264,0250,Cho,05,03
2014-03-19,2007,N11E09,246,0010,Axx,01,01
2014-03-19,2008,S11E31,224,0010,Hrx,01,01
2014-03-19,2010,S15E53,201,0030,Cro,09,06
2014-03-19,2011,S07W22,277,0010,Bxo,03,03
2014-03-19,2012,S09E61,193,0010,Axx,01,02
2014-03-19,2013,N13E70,184,0030,Hsx,02,01
2014-03-20,2002,S18W86,328,0030,Cao,04,02
2014-03-20,2004,S10W59,301,0060,Dao,05,09
2014-03-20,2005,N13W23,265,0250,Hhx,03,01
2014-03-20,2008,S11E17,225,0030,Cro,04,06
2014-03-20,2010,S15E39,203,0100,Dai,07,13
2014-03-20,2011,S07W36,278,0070,Dao,06,09
2014-03-20,2012,S09E47,195,0010,Axx,01,02
2014-03-20,2013,N13E56,186,0030,Hsx,02,01
2014-03-20,2014,S15E74,168,0050,Cso,05,04
2014-03-21,2004,S10W73,302,0050,Cao,05,05
2014-03-21,2005,N13W37,266,0250,Hhx,03,01
2014-03-21,2008,S11E03,226,0050,Dai,05,11
2014-03-21,2010,S15E25,204,0130,Dai,07,16
2014-03-21,2011,S07W50,279,0230,Dai,08,26
2014-03-21,2013,N13E42,187,0030,Hsx,02,01
2014-03-21,2014,S15E60,169,0140,Dso,08,07
2014-03-22,2004,S09W85,301,0030,Cao,05,05
2014-03-22,2005,N13W47,265,0200,Hsx,03,01
2014-03-22,2008,S10W19,228,0050,Dai,06,11
2014-03-22,2010,S15E13,203,0130,Dac,08,13
2014-03-22,2011,S07W63,279,0220,Dao,09,12
2014-03-22,2013,N13E30,186,0030,Hax,02,01
2014-03-22,2014,S15E47,169,0150,Dao,09,12
2014-03-23,2005,N12W60,263,0190,Hsx,03,01
2014-03-23,2008,S11W30,233,0030,Dro,08,08
2014-03-23,2010,S15W00,203,0160,Dac,09,26
2014-03-23,2011,S07W77,280,0300,Dho,09,12
2014-03-23,2013,N13E16,187,0030,Hax,01,01
2014-03-23,2014,S14E35,168,0170,Dso,09,09
2014-03-23,2015,S15W28,231,0060,Dac,03,05
2014-03-23,2016,S29E06,197,0010,Bxo,02,02
2014-03-23,2017,N09E58,145,0030,Cao,03,05
2014-03-24,2005,N12W74,263,0160,Hsx,03,01
2014-03-24,2008,S07W47,236,0030,Cro,07,06
2014-03-24,2010,S15W13,202,0180,Dac,09,26
2014-03-24,2011,S06W92,280,0110,Cao,09,04
2014-03-24,2013,N14E03,186,0020,Cao,02,02
2014-03-24,2014,S14E20,169,0190,Dsc,08,16
2014-03-24,2015,S14W42,231,0090,Cao,04,04
2014-03-24,2016,S28W07,196,0010,Axx,01,01
2014-03-24,2017,N09E45,144,0100,Dai,05,09
2014-03-25,2005,N13W86,261,0080,Hax,03,01
2014-03-25,2010,S14W27,203,0230,Dac,10,22
2014-03-25,2013,N15W11,187,0010,Hrx,02,01
2014-03-25,2014,S13E08,167,0210,Esc,11,16
2014-03-25,2015,S12W55,231,0060,Dac,01,02
2014-03-25,2016,S28W21,197,0010,Axx,01,01
2014-03-25,2017,N12E33,142,0130,Dao,07,06
2014-03-25,2018,N03E38,137,0010,Bxo,02,03
2014-03-26,2010,S14W40,202,0170,Dai,09,17
2014-03-26,2013,N15W25,188,0010,Axx,01,01
2014-03-26,2014,S13W05,167,0240,Esc,11,22
2014-03-26,2015,S12W69,231,0070,Dac,01,01
2014-03-26,2017,N10E20,142,0130,Dsi,09,09
2014-03-26,2018,N02E25,137,0030,Cro,06,04
2014-03-27,2010,S14W54,204,0130,Dai,09,21
2014-03-27,2014,S14W19,168,0200,Esi,12,26
2014-03-27,2015,S12W83,232,0040,Cao,01,01
2014-03-27,2017,N09E07,142,0120,Dsi,08,16
2014-03-27,2018,N03E10,138,0030,Cao,05,09
2014-03-28,2010,S15W68,204,0080,Dao,10,17
2014-03-28,2014,S15W32,168,0290,Ehi,15,35
2014-03-28,2017,N10W07,143,0160,Dsi,09,16
2014-03-28,2018,N03W04,140,0070,Dsi,05,09
2014-03-28,2019,S10W76,212,0010,Bxo,05,03
2014-03-28,2020,S14E28,108,0010,Bxo,02,05
2014-03-29,2010,S14W80,203,0080,Dao,09,10
2014-03-29,2014,S15W46,169,0290,Ehi,15,22
2014-03-29,2016,S28W77,200,0030,Cro,05,03
2014-03-29,2017,N10W20,143,0150,Dao,09,14
2014-03-29,2018,N03W16,139,0030,Cro,06,08
2014-03-29,2021,S15E50,073,0040,Dao,04,07
2014-03-29,2022,N16E64,059,0060,Hsx,03,01
2014-03-30,2010,S13W90,200,0010,Bxo,02,03
2014-03-30,2014,S14W60,170,0210,Cso,09,13
2014-03-30,2017,N10W34,144,0100,Dao,10,11
2014-03-30,2018,N03W29,139,0010,Bxo,06,04
2014-03-30,2021,S15E36,074,0050,Dao,05,12
2014-03-30,2022,N16E50,060,0050,Hax,02,01
2014-03-30,2023,S16W79,189,0030,Cao,04,07
2014-03-30,2024,N17E19,091,0010,Axx,01,01
2014-03-31,2014,S13W78,175,0200,Cso,04,05
2014-03-31,2017,N10W49,146,0130,Dac,09,10
2014-03-31,2020,S13W11,108,0010,Bxo,03,03
2014-03-31,2021,S15E22,075,0100,Dai,07,16
2014-03-31,2022,N16E36,061,0040,Hsx,01,01
2014-03-31,2023,S16W91,188,0010,Axx,01,01
2014-03-31,2025,S24W20,117,0030,Dro,03,03
2014-03-31,2026,S11E76,021,0030,Bxo,03,03
2014-04-01,2014,S13W91,175,0150,Cao,04,03
2014-04-01,2017,N10W64,148,0060,Cai,07,07
2014-04-01,2020,S13W25,109,0010,Bxo,02,02
2014-04-01,2021,S14E09,075,0160,Dai,07,18
2014-04-01,2022,N17E24,060,0030,Hsx,01,01
2014-04-01,2025,S24W33,117,0020,Cro,04,04
2014-04-01,2026,S11E64,020,0120,Dai,10,13
2014-04-01,2027,N13E69,015,0080,Hsx,04,01
2014-04-02,2017,N10W78,149,0010,Axx,02,02
2014-04-02,2021,S14W05,076,0220,Dai,07,18
2014-04-02,2022,N17E10,061,0030,Hsx,01,01
2014-04-02,2026,S11E50,021,0130,Dai,10,28
2014-04-02,2027,N13E55,016,0100,Hsx,03,01
2014-04-02,2028,S08E62,009,0030,Dao,05,03
2014-04-02,2029,N18E42,029,0020,Hrx,01,01
2014-04-03,2021,S13W17,075,0330,Dki,07,12
2014-04-03,2022,N17W03,061,0020,Hsx,01,01
2014-04-03,2026,S11E38,020,0210,Eai,12,24
2014-04-03,2027,N12E42,016,0100,Hax,03,01
2014-04-03,2028,S08E51,007,0030,Cro,01,03
2014-04-03,2029,N17E28,030,0030,Cao,05,08
2014-04-03,2030,N10E57,001,0020,Cro,04,07
2014-04-04,2021,S13W30,074,0320,Dki,08,14
2014-04-04,2022,N18W17,061,0010,Hrx,01,01
2014-04-04,2026,S11E25,019,0230,Eac,11,30
2014-04-04,2027,N13E29,015,0110,Cao,04,04
2014-04-04,2028,S08E37,007,0020,Cro,08,02
2014-04-04,2029,N17E16,028,0060,Dao,06,08
2014-04-04,2030,N11E43,001,0050,Dao,08,08
2014-04-05,2021,S13W44,075,0320,Dkc,08,29
2014-04-05,2022,N17W31,062,0010,Axx,03,02
2014-04-05,2026,S11E11,020,0390,Ekc,12,27
2014-04-05,2027,N11E17,014,0150,Cao,04,05
2014-04-05,2028,S09E23,008,0010,Bxo,09,05
2014-04-05,2029,N17E02,029,0070,Dao,07,05
2014-04-05,2030,N11E30,001,0100,Dai,09,16
2014-04-06,2021,S13W56,074,0310,Dki,08,28
2014-04-06,2022,N17W44,062,0000,Axx,01,01
2014-04-06,2026,S11W02,020,0260,Eki,12,40
2014-04-06,2027,N12E04,014,0150,Cso,04,07
2014-04-06,2028,S08E10,008,0010,Axx,03,05
2014-04-06,2029,N17W11,029,0070,Cso,06,03
2014-04-06,2030,N11E18,359,0130,Eao,11,18
2014-04-07,2021,S13W68,073,0090,Dso,07,08
2014-04-07,2026,S10W17,022,0100,Esi,14,14
2014-04-07,2027,N12W10,015,0150,Cso,04,07
2014-04-07,2028,S08W04,009,0010,Bxo,03,03
2014-04-07,2029,N18W25,030,0040,Hax,02,02
2014-04-07,2030,N11E04,001,0130,Dao,11,18
2014-04-07,2031,N03W25,030,0040,Cro,04,05
2014-04-08,2021,S13W82,074,0060,Cso,07,07
2014-04-08,2026,S12W31,023,0080,Eso,12,10
2014-04-08,2027,N12W24,016,0150,Cso,04,04
2014-04-08,2028,S08W15,007,0010,Axx,01,02
2014-04-08,2029,N18W39,031,0030,Hax,02,02
2014-04-08,2030,N10W10,002,0040,Dao,08,04
2014-04-08,2031,N03W40,032,0050,Cao,05,07
2014-04-09,2026,S12W43,021,0080,Eai,12,16
2014-04-09,2027,N13W37,015,0150,Cao,03,03
2014-04-09,2029,N18W53,031,0020,Hrx,01,01
2014-04-09,2030,N10W22,360,0040,Dao,08,03
2014-04-09,2031,N03W52,030,0050,Dao,07,07
2014-04-09,2032,N13E68,270,0100,Dai,12,04
2014-04-10,2026,S10W58,023,0030,Cri,07,09
2014-04-10,2027,N13W48,013,0130,Cao,03,03
2014-04-10,2029,N18W65,030,0020,Hrx,01,01
2014-04-10,2030,N12W34,359,0010,Bxo,03,03
2014-04-10,2031,N03W64,029,0030,Cao,07,04
2014-04-10,2032,N12E54,271,0150,Dso,08,04
2014-04-10,2033,N12E62,263,0060,Hsx,02,01
2014-04-11,2026,S09W72,023,0010,Bxo,02,04
2014-04-11,2027,N13W62,013,0120,Hax,03,01
2014-04-11,2031,N04W78,029,0010,Axx,01,03
2014-04-11,2032,N12E39,272,0170,Eso,12,04
2014-04-11,2033,N12E47,264,0080,Hsx,02,01
2014-04-11,2034,N04E71,240,0030,Dro,05,05
2014-04-12,2026,S08W85,023,0010,Axx,01,03
2014-04-12,2027,N14W76,014,0100,Cso,04,05
2014-04-12,2032,N13E26,272,0160,Dso,08,07
2014-04-12,2033,N12E34,264,0110,Hsx,02,01
2014-04-12,2034,N05E57,241,0130,Dao,09,05
2014-04-12,2035,S15E74,224,0150,Dao,10,02
2014-04-13,2027,N13W91,015,0060,Hsx,03,01
2014-04-13,2032,N13E12,272,0150,Cso,09,06
2014-04-13,2033,N12E20,264,0090,Hsx,02,01
2014-04-13,2034,N04E44,242,0220,Dai,10,09
2014-04-13,2035,S16E62,224,0190,Eai,11,07
2014-04-14,2032,N13W01,273,0150,Hsx,03,01
2014-04-14,2033,N12E08,264,0090,Hsx,02,01
2014-04-14,2034,N05E31,241,0250,Dho,10,11
2014-04-14,2035,S18E50,222,0210,Eai,12,13
2014-04-14,2036,S18E25,247,0020,Dro,03,05
2014-04-14,2037,S10E30,242,0020,Bxo,02,04
2014-04-15,2032,N12W14,273,0140,Hsx,02,01
2014-04-15,2033,N12W05,264,0080,Hsx,02,01
2014-04-15,2034,N04E16,243,0210,Eai,12,13
2014-04-15,2035,S18E37,222,0260,Ehi,14,16
2014-04-15,2036,S18E13,246,0070,Dai,05,08
2014-04-15,2037,S09E16,243,0030,Cao,03,06
2014-04-16,2032,N12W29,274,0160,Cso,06,03
2014-04-16,2033,N12W18,263,0060,Hsx,02,01
2014-04-16,2034,N04E02,242,0200,Eai,11,14
2014-04-16,2035,S19E26,219,0190,Fac,16,18
2014-04-16,2036,S18W01,246,0270,Dkc,08,15
2014-04-16,2037,S09E03,242,0040,Dso,02,03
2014-04-16,2038,S12E64,181,0030,Cso,02,02
2014-04-16,2039,N24E11,217,0010,Bxo,01,02
2014-04-16,2040,N16E28,234,0000,Bxo,00,01
2014-04-17,2032,N11W41,273,0110,Hax,03,01
2014-04-17,2033,N12W31,263,0080,Hsx,02,02
2014-04-17,2034,N04W10,242,0250,Eki,11,19
2014-04-17,2035,S17E11,221,0320,Ekc,15,45
2014-04-17,2036,S18W14,246,0450,Dkc,08,22
2014-04-17,2037,S10W13,245,0100,Dai,07,27
2014-04-17,2038,S14E51,181,0070,Cso,04,04
2014-04-17,2039,N23W02,220,0010,Bxo,02,02
2014-04-17,2040,N15E11,231,0010,Bxo,08,07
2014-04-17,2041,S21W30,262,0010,Bxo,02,04
2014-04-17,2042,N19E69,163,0070,Cso,06,02
2014-04-18,2032,N13W57,275,0110,Hax,02,01
2014-04-18,2033,N13W45,263,0080,Hsx,02,01
2014-04-18,2034,N05W26,244,0280,Dhc,09,40
2014-04-18,2035,S14W04,222,0240,Fsc,16,40
2014-04-18,2036,S15W28,246,0510,Dhc,09,34
2014-04-18,2037,S09W27,245,0110,Dai,08,24
2014-04-18,2038,S13E37,181,0050,Cso,02,06
2014-04-18,2039,N25W17,223,0010,Bxo,03,05
2014-04-18,2040,N16W02,228,0010,Bxo,09,14
2014-04-18,2041,S19W43,261,0010,Bxo,02,05
2014-04-18,2042,N18E54,165,0240,Dso,09,04
2014-04-18,2043,S11W17,235,0010,Bxo,02,02
2014-04-19,2032,N12W70,275,0110,Hax,02,01
2014-04-19,2033,N12W58,263,0080,Hsx,02,02
2014-04-19,2034,N04W39,244,0480,Ekc,11,27
2014-04-19,2035,S15W18,223,0340,Ekc,13,45
2014-04-19,2036,S16W41,246,0390,Dhc,10,47
2014-04-19,2037,S09W40,245,0100,Dai,07,15
2014-04-19,2038,S13E23,182,0090,Dac,06,08
2014-04-19,2039,N23W30,235,0010,Bxo,05,03
2014-04-19,2040,N16W15,221,0010,Bxo,04,03
2014-04-19,2042,N18E41,164,0230,Dao,09,12
2014-04-20,2032,N12W83,276,0130,Hsx,02,02
2014-04-20,2033,N12W71,264,0080,Hsx,01,01
2014-04-20,2034,N05W52,245,0400,Ekc,11,16
2014-04-20,2035,S16W31,224,0290,Ekc,12,33
2014-04-20,2036,S17W54,247,0300,Dkc,10,35
2014-04-20,2037,S10W54,247,0090,Cso,08,08
2014-04-20,2038,S11E09,184,0100,Dsi,06,15
2014-04-20,2039,N24W42,235,0010,Bxo,03,04
2014-04-20,2040,N15W28,221,0020,Cro,04,06
2014-04-20,2042,N19E27,166,0270,Eko,11,11
2014-04-20,2044,S20E52,141,0010,Bxo,05,06
2014-04-20,2045,S25E78,115,0050,Hax,02,02
2014-04-21,2033,N11W84,264,0060,Hsx,02,01
2014-04-21,2034,N04W66,246,0270,Eko,11,16
2014-04-21,2035,S16W43,223,0200,Eai,13,30
2014-04-21,2036,S17W68,248,0180,Dac,10,20
2014-04-21,2037,S10W67,247,0040,Cao,09,04
2014-04-21,2038,S11W05,185,0080,Dai,06,12
2014-04-21,2042,N19E15,165,0170,Cso,09,04
2014-04-21,2044,S20E37,143,0030,Dro,09,11
2014-04-21,2045,S22E62,118,0050,Cao,03,04
2014-04-22,2034,N05W80,247,0260,Eki,13,11
2014-04-22,2035,S15W58,225,0290,Eki,12,27
2014-04-22,2036,S17W81,248,0150,Esi,11,11
2014-04-22,2037,S09W82,249,0030,Hax,02,01
2014-04-22,2038,S10W20,187,0090,Cai,07,18
2014-04-22,2042,N18E02,165,0160,Dao,09,04
2014-04-22,2044,S21E24,143,0030,Cao,09,12
2014-04-22,2045,S23E47,120,0050,Cao,02,04
2014-04-23,2034,N06W92,244,0080,Eso,11,01
2014-04-23,2035,S13W71,223,0240,Eac,13,18
2014-04-23,2036,S17W92,245,0090,Eso,13,03
2014-04-23,2038,S12W33,185,0080,Dac,07,24
2014-04-23,2042,N18W11,163,0170,Cao,08,05
2014-04-23,2044,S19E10,142,0020,Cso,09,05
2014-04-23,2045,S23E36,117,0080,Dao,05,10
2014-04-24,2035,S13W85,224,0390,Ekc,14,09
2014-04-24,2038,S11W47,186,0110,Dai,07,15
2014-04-24,2042,N17W24,163,0180,Cso,08,11
2014-04-24,2044,S18E04,136,0030,Cro,04,07
2014-04-24,2045,S24E23,117,0100,Dao,10,13
2014-04-25,2038,S10W59,185,0070,Dao,07,07
2014-04-25,2042,N18W40,166,0160,Hsx,02,01
2014-04-25,2044,S21W14,139,0030,Cro,04,07
2014-04-25,2045,S25E09,117,0120,Cso,02,01
2014-04-25,2046,S17W78,204,0070,Cao,04,05
2014-04-26,2038,S09W74,187,0040,Cao,03,03
2014-04-26,2042,N18W53,167,0140,Cso,05,02
2014-04-26,2044,S21W27,141,0020,Cso,06,06
2014-04-26,2045,S24W02,116,0140,Cao,05,08
2014-04-26,2046,S16W91,205,0050,Dso,04,04
2014-04-27,2042,N18W67,168,0120,Hsx,02,01
2014-04-27,2045,S24W16,117,0080,Hax,02,01
2014-04-27,2047,S19E56,045,0010,Bxo,03,02
2014-04-28,2042,N19W81,168,0110,Hsx,02,01
2014-04-28,2045,S25W29,116,0140,Cao,05,06
2014-04-28,2047,S18E42,045,0010,Cro,05,02
2014-04-28,2048,N20W37,124,0040,Dai,08,11
2014-04-28,2049,S07E71,016,0180,Dao,07,03
2014-04-28,2050,N12E73,014,0040,Hsx,02,01
2014-04-29,2045,S24W43,117,0100,Hsx,03,02
2014-04-29,2047,S18E28,046,0060,Dso,06,09
2014-04-29,2048,N20W51,125,0060,Dao,08,11
2014-04-29,2049,S07E57,017,0350,Dho,10,06
2014-04-29,2050,N12E59,015,0050,Hsx,02,01
2014-04-30,2045,S24W57,118,0060,Hsx,02,01
2014-04-30,2047,S18E14,047,0080,Dai,08,11
2014-04-30,2048,N20W65,126,0060,Dso,08,03
2014-04-30,2049,S07E43,018,0340,Dki,10,14
2014-04-30,2050,N12E45,016,0030,Hsx,02,01
2014-05-01,2045,S24W71,119,0070,Cso,03,02
2014-05-01,2047,S18E01,047,0090,Dai,08,14
2014-05-01,2048,N20W79,127,0050,Dso,08,03
2014-05-01,2049,S07E29,019,0300,Dki,10,11
2014-05-01,2050,N12E31,017,0030,Hsx,02,01
2014-05-02,2045,S24W85,120,0030,Hsx,02,01
2014-05-02,2047,S18W13,048,0150,Dsc,08,19
2014-05-02,2049,S07E15,020,0430,Ekc,11,18
2014-05-02,2050,N12E17,018,0030,Hax,02,01
2014-05-02,2051,S09W22,056,0010,Bxo,03,04
2014-05-03,2047,S18W28,049,0360,Dkc,10,19
2014-05-03,2049,S07W00,021,0400,Ekc,11,18
2014-05-03,2050,N12E05,016,0040,Hax,02,02
2014-05-03,2051,S10W37,058,0180,Dac,04,16
2014-05-03,2052,S11E49,332,0020,Cro,03,06
2014-05-04,2047,S17W41,049,0260,Eko,11,20
2014-05-04,2049,S07W07,015,0360,Dkc,09,17
2014-05-04,2050,N12W05,013,0020,Hax,02,02
2014-05-04,2051,S09W50,058,0310,Dkc,05,11
2014-05-04,2052,S11E35,333,0100,Dso,05,09
2014-05-04,2053,N10E50,318,0010,Bxo,03,02
2014-05-05,2047,S17W54,049,0170,Dao,10,16
2014-05-05,2049,S07W20,015,0270,Dkc,09,18
2014-05-05,2050,N12W19,014,0020,Hsx,01,01
2014-05-05,2051,S09W64,059,0180,Dac,06,10
2014-05-05,2052,S12E22,333,0080,Dao,05,08
2014-05-05,2053,N10E40,315,0020,Bxo,03,04
2014-05-05,2054,S12E65,290,0040,Hsx,02,01
2014-05-06,2047,S17W68,050,0150,Cao,09,11
2014-05-06,2049,S07W34,016,0210,Dac,09,12
2014-05-06,2050,N12W33,015,0020,Hsx,01,01
2014-05-06,2051,S09W78,060,0170,Dac,06,10
2014-05-06,2052,S12E08,334,0050,Dao,05,06
2014-05-06,2053,N10E26,316,0050,Dao,05,07
2014-05-06,2054,S12E51,291,0040,Hsx,02,01
2014-05-06,2055,N10E67,273,0200,Dao,06,03
2014-05-07,2047,S17W82,050,0150,Cao,09,02
2014-05-07,2049,S07W48,016,0180,Cao,09,09
2014-05-07,2050,N12W47,015,0010,Hrx,01,01
2014-05-07,2051,S09W92,060,0170,Dac,06,10
2014-05-07,2052,S12W06,334,0030,Cro,03,05
2014-05-07,2053,N10E12,316,0060,Dao,05,08
2014-05-07,2054,S12E37,291,0030,Hax,02,01
2014-05-07,2055,N10E53,275,0230,Dso,06,07
2014-05-07,2056,N05E70,258,0270,Dko,10,04
2014-05-08,2049,S07W62,017,0170,Hsx,02,01
2014-05-08,2050,N12W61,016,0010,Axx,01,01
2014-05-08,2052,S12W20,335,0010,Hrx,01,02
2014-05-08,2053,N10W02,317,0030,Cro,05,05
2014-05-08,2054,S12E23,292,0020,Hrx,02,01
2014-05-08,2055,N11E39,276,0380,Dko,10,05
2014-05-08,2056,N04E56,259,0310,Dko,10,09
2014-05-08,2057,N15E65,250,0080,Hsx,01,01
2014-05-09,2049,S08W76,018,0200,Cso,06,06
2014-05-09,2050,N12W74,016,0000,Axx,01,01
2014-05-09,2052,S12W32,334,0010,Bxo,04,02
2014-05-09,2053,N10W16,318,0030,Cao,05,03
2014-05-09,2054,S12E11,291,0020,Hrx,02,01
2014-05-09,2055,N12E32,269,0450,Dho,10,04
2014-05-09,2056,N04E44,258,0350,Eki,11,15
2014-05-09,2057,N15E53,249,0070,Hsx,02,01
2014-05-09,2058,S12E69,233,0050,Hax,02,01
2014-05-10,2049,S07W89,018,0090,Dso,05,02
2014-05-10,2052,S12W46,335,0010,Bxo,04,02
2014-05-10,2053,N10W29,318,0030,Cao,04,04
2014-05-10,2054,S12W03,292,0010,Hrx,01,01
2014-05-10,2055,N12E18,271,0530,Ehi,11,12
2014-05-10,2056,N04E31,258,0430,Eki,11,17
2014-05-10,2057,N15E38,251,0120,Hsx,02,01
2014-05-10,2058,S14E57,232,0100,Eao,12,04
2014-05-11,2052,S12W60,336,0010,Bxo,04,03
2014-05-11,2053,N10W43,319,0010,Cro,03,03
2014-05-11,2054,S12W16,292,0010,Bxo,03,03
2014-05-11,2055,N12E04,272,0440,Eho,11,11
2014-05-11,2056,N05E16,260,0350,Ehi,11,14
2014-05-11,2057,N15E26,250,0110,Hsx,02,01
2014-05-11,2058,S15E45,231,0140,Fao,17,09
2014-05-11,2059,S00E23,253,0010,Hrx,01,01
2014-05-12,2052,S12W74,336,0010,Bxo,04,03
2014-05-12,2053,N09W57,319,0010,Axx,01,01
2014-05-12,2055,N12W09,271,0380,Eko,11,07
2014-05-12,2056,N05E03,259,0310,Eki,11,14
2014-05-12,2057,N15E12,250,0110,Hsx,02,01
2014-05-12,2058,S11E30,232,0050,Cao,09,08
2014-05-12,2059,S00E08,254,0010,Hsx,01,01
2014-05-12,2060,S16E37,225,0100,Dai,07,16
2014-05-12,2061,S24E67,195,0040,Cao,02,03
2014-05-12,2062,S07W30,292,0030,Dao,04,07
2014-05-13,2053,N09W69,318,0010,Axx,00,01
2014-05-13,2055,N13W22,270,0330,Eko,11,10
2014-05-13,2056,N05W09,258,0300,Eko,11,17
2014-05-13,2057,N14W00,248,0110,Hsx,02,04
2014-05-13,2058,S11E15,233,0010,Axx,02,05
2014-05-13,2059,S01W07,255,0020,Hsx,01,04
2014-05-13,2060,S16E22,226,0180,Dac,07,25
2014-05-13,2061,S24E53,195,0100,Hsx,02,02
2014-05-13,2062,S06W43,291,0080,Dao,06,06
2014-05-14,2055,N12W36,271,0280,Eho,12,16
2014-05-14,2056,N05W23,258,0190,Esc,12,11
2014-05-14,2057,N15W13,248,0080,Hax,02,02
2014-05-14,2058,S10W00,235,0010,Axx,05,09
2014-05-14,2060,S15E08,226,0170,Dac,09,21
2014-05-14,2061,S25E40,194,0090,Hsx,02,01
2014-05-14,2062,S05W57,292,0060,Dao,06,08
2014-05-15,2055,N12W50,271,0250,Eho,12,09
2014-05-15,2056,N05W37,258,0210,Eai,13,13
2014-05-15,2057,N15W27,248,0090,Cao,04,04
2014-05-15,2058,S10W12,234,0010,Bxo,04,09
2014-05-15,2060,S14W05,227,0180,Dac,10,23
2014-05-15,2061,S23E27,194,0090,Hax,02,01
2014-05-15,2062,S06W72,294,0040,Cao,06,04
2014-05-15,2063,N10E41,180,0120,Dao,06,05
2014-05-15,2064,N08E26,195,0010,Bxo,02,04
2014-05-16,2055,N13W65,274,0200,Eso,11,02
2014-05-16,2056,N06W51,259,0200,Eai,14,10
2014-05-16,2057,N16W40,249,0060,Hax,02,01
2014-05-16,2058,S11W26,235,0000,Axx,01,01
2014-05-16,2060,S15W18,227,0160,Dai,09,12
2014-05-16,2061,S24E16,193,0110,Hax,02,02
2014-05-16,2063,N10E30,179,0150,Dai,06,08
2014-05-16,2064,N08E13,195,0010,Bxo,04,03
2014-05-16,2065,S19E67,142,0010,Axx,00,01
2014-05-17,2055,N13W77,273,0150,Cso,06,03
2014-05-17,2056,N06W63,259,0140,Esi,12,07
2014-05-17,2057,N16W54,249,0060,Hax,02,01
2014-05-17,2060,S14W32,228,0150,Cao,10,11
2014-05-17,2061,S25E03,193,0110,Hsx,02,02
2014-05-17,2063,N10E17,179,0120,Dai,06,11
2014-05-17,2064,N09W00,196,0010,Bxo,05,03
2014-05-17,2065,S19E53,143,0010,Cro,01,03
2014-05-17,2066,S16E01,195,0020,Cao,03,05
2014-05-18,2055,N13W91,274,0060,Hax,03,01
2014-05-18,2056,N05W78,261,0100,Esi,11,06
2014-05-18,2057,N16W67,250,0030,Hax,01,01
2014-05-18,2060,S13W47,230,0140,Hax,03,02
2014-05-18,2061,S23W10,193,0090,Hsx,02,02
2014-05-18,2063,N11E04,179,0080,Dai,07,17
2014-05-18,2065,S18E38,145,0010,Bxo,03,04
2014-05-18,2066,S15W12,195,0040,Dao,05,05
2014-05-18,2067,S08W69,252,0010,Cro,03,04
2014-05-18,2068,S17E26,157,0020,Cro,04,04
2014-05-19,2056,N04W91,260,0100,Esi,11,06
2014-05-19,2057,N16W81,250,0010,Axx,01,01
2014-05-19,2060,S13W62,231,0140,Hax,03,02
2014-05-19,2061,S24W23,192,0080,Hsx,02,01
2014-05-19,2063,N11W10,179,0030,Cri,08,10
2014-05-19,2065,S18E24,145,0010,Bxo,03,06
2014-05-19,2066,S16W26,195,0070,Dao,04,07
2014-05-19,2067,S09W83,252,0010,Axx,01,01
2014-05-19,2068,S18E13,156,0010,Bxo,06,03
2014-05-19,2069,S18E52,117,0010,Axx,01,01
2014-05-20,2060,S13W74,229,0080,Hax,03,02
2014-05-20,2061,S25W36,191,0090,Hsx,02,02
2014-05-20,2063,N12W24,179,0030,Cao,08,14
2014-05-20,2064,N09W40,195,0010,Bxo,02,02
2014-05-20,2065,S18E12,143,0010,Axx,03,03
2014-05-20,2066,S16W39,194,0070,Dao,03,07
2014-05-20,2069,S19E39,116,0010,Axx,01,01
2014-05-20,2070,S16W61,216,0030,Cro,03,06
2014-05-20,2071,S11E80,076,0010,Bxo,08,03
2014-05-21,2060,S13W89,232,0060,Hax,02,02
2014-05-21,2061,S25W49,192,0050,Hsx,02,01
2014-05-21,2063,N09W38,181,0010,Axx,01,02
2014-05-21,2065,S20E01,141,0010,Bxo,10,02
2014-05-21,2066,S17W53,196,0040,Dao,05,05
2014-05-21,2068,S15W16,159,0010,Bxo,03,03
2014-05-21,2069,S21E26,117,0000,Axx,00,01
2014-05-21,2070,S18W76,219,0010,Bxo,04,04
2014-05-21,2071,S12E64,079,0030,Cro,05,04
2014-05-21,2072,S20E07,136,0010,Axx,01,02
2014-05-22,2061,S24W60,189,0080,Hsx,02,01
2014-05-22,2065,S18W14,144,0010,Axx,03,03
2014-05-22,2066,S17W65,194,0040,Dao,06,03
2014-05-22,2069,S17E12,117,0020,Cso,01,05
2014-05-22,2071,S12E48,080,0150,Dac,07,10
2014-05-22,2072,S18W05,134,0020,Csi,04,07
2014-05-22,2073,S11E62,066,0050,Hsx,01,01
2014-05-23,2061,S24W74,191,0100,Hsx,02,01
2014-05-23,2066,S17W79,196,0020,Cro,08,04
2014-05-23,2071,S12E35,082,0100,Dai,07,09
2014-05-23,2072,S18W19,136,0010,Bxo,06,05
2014-05-23,2073,S11E49,068,0050,Hsx,02,01
2014-05-24,2061,S25W88,191,0060,Hsx,01,01
2014-05-24,2065,S18W46,149,0010,Dao,06,09
2014-05-24,2071,S12E21,082,0120,Dao,09,17
2014-05-24,2072,S14W34,137,0000,Axx,02,01
2014-05-24,2073,S12E39,064,0070,Dso,08,05
2014-05-24,2074,S14W33,136,0030,Dro,04,08
2014-05-24,2075,S11E78,025,0030,Hax,02,01
2014-05-25,2065,S18W59,149,0060,Dai,07,16
2014-05-25,2071,S12E08,082,0140,Dao,10,19
2014-05-25,2072,S19W44,134,0000,Bxo,03,03
2014-05-25,2073,S12E26,064,0120,Dsi,10,17
2014-05-25,2074,S14W46,136,0060,Dai,08,14
2014-05-25,2075,S11E64,026,0060,Hax,03,01
2014-05-26,2065,S19W73,150,0180,Dai,09,14
2014-05-26,2071,S11W04,081,0070,Dao,10,13
2014-05-26,2072,S19W58,135,0000,Cro,03,08
2014-05-26,2073,S10E13,064,0100,Dai,10,26
2014-05-26,2074,S16W60,137,0120,Dai,08,11
2014-05-26,2075,S08E50,027,0090,Hax,01,01
2014-05-27,2065,S19W87,151,0180,Dao,09,09
2014-05-27,2071,S11W18,082,0050,Cso,10,09
2014-05-27,2072,S19W72,136,0020,Cro,05,04
2014-05-27,2073,S11W01,065,0090,Dai,10,18
2014-05-27,2074,S16W74,138,0090,Dai,08,09
2014-05-27,2075,S08E36,028,0080,Hax,02,01
2014-05-28,2069,S17W69,119,0020,Hax,01,01
2014-05-28,2071,S09W33,083,0030,Cso,07,08
2014-05-28,2072,S19W86,137,0020,Hrx,01,02
2014-05-28,2073,S13W15,065,0020,Bxi,11,21
2014-05-28,2074,S15W88,139,0050,Dao,06,03
2014-05-28,2075,S09E24,026,0070,Hax,02,01
2014-05-29,2069,S17W83,120,0010,Axx,01,01
2014-05-29,2071,S09W47,084,0010,Axx,01,01
2014-05-29,2073,S13W29,066,0020,Cri,12,11
2014-05-29,2075,S09E10,027,0060,Hsx,02,02
2014-05-29,2076,S19W14,051,0050,Dao,05,07
2014-05-30,2071,S10W61,085,0010,Axx,01,01
2014-05-30,2073,S13W43,067,0030,Cri,10,09
2014-05-30,2075,S09W04,028,0040,Hsx,02,02
2014-05-30,2076,S19W28,052,0020,Cro,06,03
2014-05-31,2073,S14W53,064,0030,Dro,06,07
2014-05-31,2075,S09W14,025,0040,Cso,06,04
2014-05-31,2076,S19W44,054,0010,Axx,01,01
2014-05-31,2077,S05E74,297,0030,Cao,01,04
2014-06-01,2073,S12W66,063,0010,Bxo,08,04
2014-06-01,2075,S10W28,025,0020,Cao,04,07
2014-06-01,2076,S20W59,056,0010,Axx,00,01
2014-06-01,2077,S05E57,300,0090,Cao,02,04
2014-06-02,2073,S12W80,065,0000,Axx,01,01
2014-06-02,2075,S09W41,026,0010,Axx,01,03
2014-06-02,2077,S06E45,300,0110,Dai,04,08
2014-06-02,2078,S19E15,330,0020,Cro,04,05
2014-06-02,2079,N12E63,282,0120,Hsx,02,01
2014-06-03,2075,S09W55,026,0010,Axx,01,01
2014-06-03,2077,S05E31,300,0090,Cso,05,12
2014-06-03,2078,S19E01,330,0010,Axx,01,01
2014-06-03,2079,N12E49,282,0100,Hsx,03,02
2014-06-04,2075,S09W69,027,0010,Axx,01,01
2014-06-04,2077,S08E17,301,0080,Cso,04,06
2014-06-04,2078,S19W13,331,0010,Axx,01,01
2014-06-04,2079,N12E40,278,0090,Hsx,02,01
2014-06-04,2080,S13E57,261,0010,Bxo,06,02
2014-06-05,2077,S05E03,302,0080,Cso,04,06
2014-06-05,2078,S19W27,332,0010,Bxo,04,02
2014-06-05,2079,N12E26,279,0090,Hsx,03,01
2014-06-05,2080,S12E43,262,0030,Cri,09,10
2014-06-05,2081,N04E32,273,0010,Axx,01,01
2014-06-06,2077,S05W12,303,0070,Cso,03,05
2014-06-06,2078,S20W43,334,0000,Axx,01,01
2014-06-06,2079,N12E13,278,0110,Hsx,02,01
2014-06-06,2080,S13E31,260,0120,Dao,08,14
2014-06-06,2081,N05E19,272,0000,Axx,00,01
2014-06-06,2082,N17E39,252,0020,Cri,04,05
2014-06-06,2083,S12W62,353,0010,Bxo,04,05
2014-06-07,2077,S04W24,302,0090,Dso,05,07
2014-06-07,2078,S20W57,335,0000,Axx,01,01
2014-06-07,2079,N12W00,278,0090,Hsx,02,01
2014-06-07,2080,S12E18,260,0160,Dai,08,15
2014-06-07,2082,N17E26,252,0170,Dac,06,18
2014-06-07,2083,S12W76,354,0010,Bxo,04,02
2014-06-07,2084,S12W13,291,0010,Bxo,03,02
2014-06-07,2085,S21E24,254,0020,Dri,04,06
2014-06-08,2077,S04W38,303,0080,Dso,06,08
2014-06-08,2079,N12W13,278,0100,Hsx,02,01
2014-06-08,2080,S12E04,261,0230,Dac,10,33
2014-06-08,2082,N16E12,253,0320,Dki,07,13
2014-06-08,2083,S12W91,356,0010,Axx,01,01
2014-06-08,2084,S12W28,293,0030,Dro,05,05
2014-06-08,2085,S21E10,255,0180,Dai,09,24
2014-06-09,2077,S04W52,304,0080,Cso,06,03
2014-06-09,2079,N13W28,280,0120,Dso,04,06
2014-06-09,2080,S12W09,261,0340,Dkc,10,26
2014-06-09,2082,N16W02,254,0280,Dki,08,14
2014-06-09,2084,S12W42,294,0010,Bxo,05,03
2014-06-09,2085,S20W03,255,0300,Ekc,11,32
2014-06-10,2077,S03W66,304,0030,Hax,02,01
2014-06-10,2079,N13W42,281,0110,Dao,04,06
2014-06-10,2080,S12W23,262,0300,Ekc,11,26
2014-06-10,2082,N16W14,252,0210,Dai,08,09
2014-06-10,2084,S12W56,295,0010,Bxo,05,05
2014-06-10,2085,S20W16,254,0840,Ekc,14,32
2014-06-10,2086,N03E21,217,0010,Bxo,04,03
2014-06-11,2077,S04W80,305,0020,Hrx,01,01
2014-06-11,2079,N13W56,281,0110,Dso,05,06
2014-06-11,2080,S12W36,261,0320,Dkc,10,26
2014-06-11,2082,N15W28,253,0220,Dai,08,14
2014-06-11,2084,S12W70,295,0010,Bxo,06,03
2014-06-11,2085,S20W30,255,0460,Ekc,14,24
2014-06-11,2087,S18E71,154,0100,Dai,08,05
2014-06-12,2079,N13W69,281,0120,Dao,07,08
2014-06-12,2080,S11W50,262,0360,Dkc,10,14
2014-06-12,2082,N15W42,254,0220,Dai,08,14
2014-06-12,2084,S13W81,293,0010,Axx,03,02
2014-06-12,2085,S20W43,255,0480,Ekc,13,25
2014-06-12,2087,S18E56,156,0180,Dsc,07,10
2014-06-12,2088,S11W33,245,0020,Cro,04,06
2014-06-12,2089,N18E16,196,0020,Cro,03,06
2014-06-12,2090,N24E65,147,0080,Hsx,02,01
2014-06-13,2079,N13W83,282,0080,Dso,04,04
2014-06-13,2080,S11W64,263,0320,Dki,10,14
2014-06-13,2082,N15W54,253,0200,Dai,07,12
2014-06-13,2085,S20W58,257,0490,Ekc,14,23
2014-06-13,2087,S18E43,156,0200,Dac,10,14
2014-06-13,2088,S11W46,245,0040,Cao,04,05
2014-06-13,2089,N18E03,196,0050,Dai,06,09
2014-06-13,2090,N24E56,143,0120,Dso,10,02
2014-06-13,2091,S09W04,203,0040,Dao,03,05
2014-06-13,2092,S19E59,140,0050,Cso,06,08
2014-06-14,2079,N12W94,279,0090,Hsx,01,01
2014-06-14,2080,S11W78,263,0400,Ekc,11,27
2014-06-14,2082,N15W67,251,0240,Dai,09,21
2014-06-14,2085,S20W71,256,0490,Fki,16,47
2014-06-14,2086,N01W32,220,0010,Bxo,03,02
2014-06-14,2087,S18E30,155,0220,Eac,11,27
2014-06-14,2088,S10W60,244,0070,Dao,06,11
2014-06-14,2089,N17W11,196,0060,Dai,07,11
2014-06-14,2090,N24E44,141,0170,Dso,10,04
2014-06-14,2091,S09W17,202,0020,Cro,03,03
2014-06-14,2092,S19E46,139,0030,Dro,06,12
2014-06-15,2080,S11W91,264,0350,Dki,08,08
2014-06-15,2082,N15W80,253,0140,Cao,04,02
2014-06-15,2085,S19W84,257,0200,Eai,15,13
2014-06-15,2087,S18E16,155,0180,Dai,08,24
2014-06-15,2088,S09W74,247,0020,Hrx,04,01
2014-06-15,2089,N18W25,198,0100,Dai,08,10
2014-06-15,2090,N24E30,143,0120,Cso,11,03
2014-06-15,2091,S08W29,202,0000,Axx,01,02
2014-06-15,2092,S19E33,140,0010,Bxo,05,06
2014-06-16,2082,N15W93,252,0060,Cao,08,02
2014-06-16,2087,S18E03,156,0150,Dso,07,05
2014-06-16,2089,N18W38,197,0150,Dai,08,16
2014-06-16,2090,N24E18,141,0130,Cso,11,03
2014-06-16,2092,S20E19,140,0010,Bxo,05,04
2014-06-17,2087,S18W08,153,0110,Csi,06,09
2014-06-17,2089,N18W52,197,0270,Dkc,08,15
2014-06-17,2090,N24E02,143,0120,Hsx,02,01
2014-06-17,2093,S12E62,083,0070,Dso,07,05
2014-06-17,2094,S18E67,078,0060,Hsx,01,01
2014-06-18,2087,S19W22,154,0150,Dsc,07,08
2014-06-18,2089,N17W62,194,0260,Dkc,08,07
2014-06-18,2090,N24W12,144,0110,Hsx,02,01
2014-06-18,2092,S21W08,140,0010,Bxi,02,05
2014-06-18,2093,S10E50,081,0060,Cso,09,05
2014-06-18,2094,S19E56,076,0090,Hsx,02,01
2014-06-19,2087,S20W35,155,0150,Dsc,06,09
2014-06-19,2089,N17W77,197,0260,Dki,08,11
2014-06-19,2090,N24W25,145,0110,Hsx,02,01
2014-06-19,2092,S20W23,143,0020,Cro,04,05
2014-06-19,2093,S10E35,085,0050,Cao,13,08
2014-06-19,2094,S18E43,077,0090,Hsx,02,01
2014-06-19,2095,N05W71,191,0010,Bxo,04,03
2014-06-20,2087,S20W49,155,0130,Dso,07,08
2014-06-20,2089,N18W92,198,0120,Dao,08,06
2014-06-20,2090,N25W38,144,0090,Hsx,02,01
2014-06-20,2092,S21W35,141,0020,Cro,05,06
2014-06-20,2093,S10E21,085,0060,Eao,13,11
2014-06-20,2094,S18E30,076,0090,Hsx,02,02
2014-06-20,2095,N05W84,190,0020,Cro,04,04
2014-06-21,2087,S20W62,155,0090,Dso,05,03
2014-06-21,2090,N25W52,145,0090,Hsx,02,01
2014-06-21,2092,S18W49,142,0020,Cro,03,04
2014-06-21,2093,S09E08,085,0060,Cao,11,16
2014-06-21,2094,S18E17,076,0080,Hax,02,01
2014-06-22,2087,S19W76,156,0080,Cao,03,02
2014-06-22,2090,N25W65,145,0060,Hsx,02,01
2014-06-22,2092,S18W63,143,0030,Cao,03,03
2014-06-22,2093,S09W06,086,0060,Dao,10,17
2014-06-22,2094,S18E02,078,0050,Hax,02,04
2014-06-23,2087,S18W90,157,0060,Cso,03,02
2014-06-23,2090,N25W78,145,0080,Hsx,02,01
2014-06-23,2092,S19W74,141,0020,Cro,02,03
2014-06-23,2093,S09W18,085,0050,Eao,12,14
2014-06-23,2094,S18W10,077,0020,Cro,03,03
2014-06-23,2096,N09E70,357,0060,Hsx,03,01
2014-06-23,2097,N13E76,351,0030,Hax,02,01
2014-06-24,2090,N25W90,143,0030,Hsx,02,01
2014-06-24,2093,S09W32,085,0020,Cro,12,08
2014-06-24,2094,S18W23,076,0010,Axx,03,03
2014-06-24,2096,N08E56,357,0080,Hsx,03,01
2014-06-24,2097,N13E62,351,0030,Hax,02,01
2014-06-25,2096,N09E42,358,0080,Hax,02,02
2014-06-25,2097,N12E49,351,0030,Hax,02,01
2014-06-25,2098,S09E18,022,0020,Dro,03,04
2014-06-26,2093,S11W53,080,0010,Axx,01,02
2014-06-26,2096,N09E30,357,0120,Cao,03,03
2014-06-26,2097,N12E35,352,0050,Hsx,01,01
2014-06-26,2098,S08E04,023,0060,Dao,03,06
2014-06-27,2093,S03W77,083,0040,Cao,11,03
2014-06-27,2094,N11W68,081,0010,Axx,01,01
2014-06-27,2096,N09E18,355,0070,Cao,06,07
2014-06-27,2097,N12E23,350,0040,Hax,01,01
2014-06-27,2098,S08W09,022,0080,Dao,03,10
2014-06-28,2096,N09E04,356,0070,Cao,06,07
2014-06-28,2097,N12E09,351,0020,Hax,01,01
2014-06-28,2098,S08W21,021,0030,Cao,07,04
2014-06-28,2099,S17W05,005,0010,Bxo,02,02
2014-06-28,2100,N10E52,308,0010,Bxo,07,03
2014-06-28,2101,S06W16,016,0010,Axx,01,01
2014-06-29,2096,N09W10,357,0070,Cso,05,05
2014-06-29,2097,N13W03,350,0030,Hax,02,01
2014-06-29,2098,S09W35,022,0010,Hrx,01,01
2014-06-29,2100,N11E39,308,0010,Bxo,08,05
2014-06-29,2102,N11E65,282,0020,Hax,01,01
2014-06-29,2103,S10E52,295,0010,Axx,02,02
2014-06-29,2104,S10E78,269,0080,Dao,04,04
2014-06-30,2096,N09W24,358,0070,Cao,04,05
2014-06-30,2097,N13W17,351,0030,Hsx,01,01
2014-06-30,2100,N11E25,309,0010,Bxo,08,05
2014-06-30,2102,N11E51,283,0010,Axx,01,01
2014-06-30,2104,S10E64,270,0260,Dki,07,07
2014-06-30,2105,S07E24,310,0010,Cro,03,03
2014-06-30,2106,N15E73,261,0020,Cro,03,04
2014-06-30,2107,S20E75,259,0250,Dhi,07,06
2014-07-01,2096,N09W36,356,0020,Cso,03,02
2014-07-01,2097,N12W30,350,0020,Hsx,01,01
2014-07-01,2100,N09E11,310,0060,Dai,09,12
2014-07-01,2102,N12E41,280,0020,Cro,06,03
2014-07-01,2104,S11E51,270,0350,Dkc,07,07
2014-07-01,2105,S06E11,310,0010,Cai,03,06
2014-07-01,2106,N15E60,261,0020,Dai,05,04
2014-07-01,2107,S20E59,262,0250,Dhi,10,09
2014-07-02,2096,N09W51,357,0010,Hsx,01,01
2014-07-02,2097,N12W44,350,0010,Hsx,01,03
2014-07-02,2100,N09W02,309,0020,Dai,06,11
2014-07-02,2102,N13E30,277,0050,Dsi,08,08
2014-07-02,2104,S11E39,268,0410,Dkc,07,16
2014-07-02,2105,S06W04,311,0010,Bxo,03,03
2014-07-02,2106,N15E46,261,0050,Dao,07,09
2014-07-02,2107,S20E46,261,0260,Dhc,10,08
2014-07-02,2108,S08E68,239,0030,Dao,06,05
2014-07-03,2096,N10W66,360,0010,Axx,01,01
2014-07-03,2097,N14W58,352,0010,Axx,01,01
2014-07-03,2100,N10W14,308,0040,Cai,07,16
2014-07-03,2102,N12E17,277,0070,Dsi,08,15
2014-07-03,2104,S12E25,269,0470,Dkc,10,23
2014-07-03,2105,S05W12,308,0010,Axx,01,01
2014-07-03,2106,N14E34,260,0070,Dao,06,09
2014-07-03,2107,S20E34,261,0340,Dko,09,07
2014-07-03,2108,S09E53,241,0090,Dao,05,06
2014-07-03,2109,S08E74,220,0150,Hsx,06,01
2014-07-04,2100,N11W27,308,0030,Dao,08,14
2014-07-04,2102,N13E04,277,0060,Dai,08,19
2014-07-04,2104,S11E12,269,0400,Dkc,08,23
2014-07-04,2106,N15E22,259,0120,Dso,06,12
2014-07-04,2107,S20E22,259,0310,Dko,07,07
2014-07-04,2108,S09E40,241,0090,Dao,06,07
2014-07-04,2109,S08E61,220,0410,Dkc,10,15
2014-07-04,2110,S16E48,233,0010,Bxo,05,02
2014-07-05,2100,N11W40,308,0030,Cro,05,09
2014-07-05,2102,N12W09,277,0070,Dai,08,13
2014-07-05,2104,S12W01,269,0470,Dkc,07,21
2014-07-05,2106,N14E08,260,0140,Dao,08,12
2014-07-05,2107,S20E10,258,0290,Eho,11,09
2014-07-05,2108,S08E28,240,0120,Dai,09,16
2014-07-05,2109,S08E49,219,0630,Ekc,11,20
2014-07-05,2110,S17E35,233,0010,Bxo,06,05
2014-07-05,2111,N05E65,203,0070,Cao,05,04
2014-07-06,2100,N10W54,309,0020,Cro,03,04
2014-07-06,2102,N11W24,279,0030,Cao,05,07
2014-07-06,2104,S12W14,269,0390,Dkc,07,21
2014-07-06,2106,N15W06,261,0120,Dao,06,05
2014-07-06,2107,S21W03,258,0260,Ehi,11,14
2014-07-06,2108,S08E16,239,0350,Dki,09,27
2014-07-06,2109,S08E36,219,0830,Ekc,13,23
2014-07-06,2110,S16E22,233,0010,Dro,06,06
2014-07-06,2111,N06E54,201,0070,Dao,09,04
2014-07-06,2112,S19W42,297,0010,Bxo,03,02
2014-07-07,2102,N11W38,279,0020,Cao,03,06
2014-07-07,2103,S13W58,299,0010,Bxo,02,05
2014-07-07,2104,S12W28,269,0280,Dkc,08,26
2014-07-07,2106,N15W21,262,0120,Cao,09,05
2014-07-07,2107,S20W16,257,0250,Ehi,12,09
2014-07-07,2108,S08E02,239,0620,Eki,12,36
2014-07-07,2109,S08E21,220,0800,Ekc,13,47
2014-07-07,2110,S16E07,234,0010,Bxo,08,06
2014-07-07,2111,N06E39,202,0070,Cao,09,04
2014-07-07,2112,S19W57,298,0000,Axx,01,01
2014-07-07,2113,N12E80,161,0050,Hax,02,01
2014-07-08,2102,N11W51,279,0000,Axx,01,02
2014-07-08,2103,S08W68,296,0010,Bxo,05,03
2014-07-08,2104,S12W40,268,0190,Dso,05,09
2014-07-08,2106,N14W33,261,0080,Hax,04,04
2014-07-08,2107,S20W30,258,0210,Cso,06,06
2014-07-08,2108,S08W12,240,0720,Ekc,11,29
2014-07-08,2109,S10E09,219,0620,Ekc,11,22
2014-07-08,2110,S18W06,234,0010,Bxo,05,04
2014-07-08,2111,N06E24,203,0060,Hsx,02,04
2014-07-08,2112,S15W71,298,0000,Bxo,04,02
2014-07-08,2113,N07E62,165,0080,Cao,03,02
2014-07-09,2104,S12W54,268,0160,Dso,04,08
2014-07-09,2106,N15W48,262,0090,Hsx,02,03
2014-07-09,2107,S18W41,255,0200,Cso,05,03
2014-07-09,2108,S07W25,239,0890,Ekc,11,26
2014-07-09,2109,S08W04,218,0710,Dkc,10,22
2014-07-09,2110,S15W21,235,0010,Bxo,05,04
2014-07-09,2111,N07E09,204,0040,Hsx,02,02
2014-07-09,2112,S16W85,299,0000,Axx,01,01
2014-07-09,2113,N10E48,166,0060,Csi,06,12
2014-07-09,2114,S19E62,151,0080,Dai,05,07
2014-07-09,2115,N08W38,252,0040,Dao,04,11
2014-07-10,2104,S12W67,269,0130,Dso,05,05
2014-07-10,2106,N14W62,264,0120,Cao,04,03
2014-07-10,2107,S20W53,255,0220,Hsx,04,02
2014-07-10,2108,S07W39,241,0830,Ekc,12,22
2014-07-10,2109,S08W17,219,0620,Eki,11,27
2014-07-10,2111,N06W02,203,0070,Dso,04,05
2014-07-10,2113,N09E35,167,0060,Dai,08,17
2014-07-10,2114,S20E52,150,0140,Dai,04,06
2014-07-10,2115,N08W53,255,0040,Dao,05,06
2014-07-11,2104,S11W80,268,0070,Dso,06,02
2014-07-11,2106,N16W75,263,0060,Cao,03,02
2014-07-11,2107,S18W68,256,0150,Hax,03,01
2014-07-11,2108,S07W52,240,0690,Ekc,12,14
2014-07-11,2109,S07W32,220,0600,Dkc,08,17
2014-07-11,2111,N05W16,204,0080,Dsi,05,08
2014-07-11,2113,N09E20,168,0040,Cao,08,06
2014-07-11,2114,S20E39,149,0070,Dao,03,04
2014-07-11,2115,N08W63,251,0010,Axx,02,02
2014-07-11,2116,S28E43,145,0020,Bxo,06,03
2014-07-12,2104,S12W92,267,0050,Dso,03,02
2014-07-12,2106,N14W90,265,0030,Cao,02,02
2014-07-12,2107,S19W80,255,0130,Hsx,03,01
2014-07-12,2108,S07W64,239,0560,Ekc,13,15
2014-07-12,2109,S08W47,222,0530,Dkc,07,12
2014-07-12,2111,N06W30,205,0050,Cao,05,09
2014-07-12,2113,N07E12,163,0030,Cro,15,10
2014-07-12,2114,S21E26,149,0080,Dao,04,07
2014-07-12,2116,S29E29,146,0010,Axx,01,01
2014-07-12,2117,N10E17,158,0020,Cao,04,07
2014-07-13,2107,S19W93,255,0090,Hsx,02,01
2014-07-13,2108,S07W77,239,0600,Ekc,13,15
2014-07-13,2109,S08W60,222,0540,Dhc,06,19
2014-07-13,2111,N06W45,207,0050,Dao,05,09
2014-07-13,2113,N07W04,166,0060,Cso,10,08
2014-07-13,2114,S20E13,149,0070,Csi,05,08
2014-07-13,2116,S28E18,144,0000,Axx,01,01
2014-07-13,2117,N09E05,157,0010,Cao,02,04
2014-07-14,2108,S07W89,238,0200,Eai,11,09
2014-07-14,2109,S08W72,221,0310,Dho,06,09
2014-07-14,2111,N06W57,206,0020,Cao,06,05
2014-07-14,2113,N07W18,167,0070,Eao,11,09
2014-07-14,2114,S20W00,149,0050,Cao,06,08
2014-07-14,2117,N08W09,158,0010,Bxo,04,02
2014-07-15,2109,S08W86,221,0300,Hhx,06,01
2014-07-15,2111,N06W71,207,0010,Axx,01,01
2014-07-15,2113,N07W32,167,0040,Dao,09,11
2014-07-15,2114,S20W14,149,0010,Bxo,06,05
2014-07-15,2117,N09W23,158,0010,Axx,02,02
2014-07-16,2113,N08W46,168,0010,Bxo,08,04
2014-07-16,2114,S19W28,150,0010,Axx,01,01
2014-07-17,2113,N12W59,168,0010,Axx,00,01
2014-07-19,2118,N07W31,114,0020,Bxo,03,04
2014-07-19,2119,S23E16,067,0010,Bxo,03,02
2014-07-20,2118,N06W44,113,0010,Hrx,02,02
2014-07-20,2119,S21W00,069,0020,Cro,03,05
2014-07-21,2118,N07W56,112,0010,Axx,01,02
2014-07-21,2119,S22W13,069,0040,Dao,06,07
2014-07-21,2120,N17W30,086,0010,Axx,01,02
2014-07-22,2119,S21W24,066,0070,Cao,06,06
2014-07-23,2119,S21W37,066,0060,Dso,06,05
2014-07-23,2121,N07E66,322,0090,Dsi,04,02
2014-07-23,2122,S12E49,339,0030,Cao,03,03
2014-07-24,2119,S20W53,069,0020,Cso,03,03
2014-07-24,2121,N06E57,319,0120,Dai,09,05
2014-07-24,2122,S15E34,341,0020,Cro,03,05
2014-07-24,2123,S13E51,324,0020,Cro,03,02
2014-07-25,2119,S21W67,069,0010,Hrx,00,01
2014-07-25,2121,N07E45,317,0210,Cao,15,09
2014-07-25,2122,S13E23,338,0020,Cro,03,03
2014-07-25,2123,S14E39,323,0040,Dao,04,02
2014-07-26,2119,S21W82,072,0010,Axx,01,01
2014-07-26,2121,N08E30,320,0160,Cai,16,18
2014-07-26,2122,S13E09,341,0010,Axx,01,02
2014-07-26,2123,S15E24,326,0040,Dso,06,04
2014-07-27,2121,N08E17,320,0150,Cai,14,11
2014-07-27,2123,S15E13,324,0030,Dso,07,03
2014-07-27,2124,S21E64,273,0010,Axx,01,01
2014-07-27,2125,S12E69,268,0020,Cro,06,03
2014-07-27,2126,S10E16,321,0030,Cro,03,08
2014-07-28,2121,N08E04,319,0130,Cao,15,12
2014-07-28,2123,S14W00,323,0040,Cao,06,09
2014-07-28,2124,S22E49,274,0010,Axx,01,01
2014-07-28,2125,S13E57,266,0040,Cao,04,04
2014-07-28,2126,S10E03,320,0050,Dao,08,10
2014-07-28,2127,S08E75,248,0080,Dao,05,03
2014-07-28,2128,S21E75,248,0030,Hrx,03,01
2014-07-29,2121,N08W11,321,0110,Cao,06,09
2014-07-29,2123,S15W12,322,0030,Cao,04,07
2014-07-29,2124,S21E36,274,0010,Axx,01,02
2014-07-29,2125,S13E46,264,0050,Cao,07,06
2014-07-29,2126,S10W11,321,0080,Dai,09,22
2014-07-29,2127,S08E62,248,0210,Dac,05,07
2014-07-29,2128,S21E61,249,0030,Hsx,02,01
2014-07-29,2129,S06W07,317,0020,Cro,04,09
2014-07-30,2121,N08W23,320,0150,Cao,06,12
2014-07-30,2123,S15W25,322,0010,Cro,03,02
2014-07-30,2124,S21E23,274,0010,Axx,01,02
2014-07-30,2125,S13E31,266,0040,Hax,07,03
2014-07-30,2126,S09W28,325,0090,Eai,11,21
2014-07-30,2127,S08E48,249,0250,Dkc,05,06
2014-07-30,2128,S20E47,250,0030,Hsx,02,01
2014-07-30,2129,S06W23,320,0010,Axx,03,02
2014-07-30,2130,S07E71,226,0290,Dki,06,08
2014-07-30,2131,S18E59,238,0010,Cao,03,03
2014-07-31,2121,N08W39,322,0100,Cao,04,10
2014-07-31,2123,S14W38,321,0010,Axx,03,02
2014-07-31,2125,S14E16,267,0020,Hax,01,01
2014-07-31,2126,S09W41,324,0120,Dai,09,16
2014-07-31,2127,S09E36,247,0300,Dkc,05,12
2014-07-31,2128,S20E33,251,0030,Hax,02,01
2014-07-31,2129,S05W36,319,0010,Axx,01,02
2014-07-31,2130,S08E56,227,0290,Dkc,08,07
2014-07-31,2131,S19E45,238,0020,Dro,05,04
2014-08-01,2121,N08W54,325,0090,Cai,05,11
2014-08-01,2125,S14E03,268,0020,Hsx,01,01
2014-08-01,2126,S09W54,325,0100,Dao,10,07
2014-08-01,2127,S09E22,249,0270,Dkc,05,10
2014-08-01,2128,S20E21,250,0030,Hsx,01,01
2014-08-01,2130,S07E42,229,0290,Dkc,08,19
2014-08-01,2131,S18E33,238,0030,Dro,05,05
2014-08-01,2132,S18E60,211,0030,Cro,04,05
2014-08-02,2121,N08W69,326,0040,Cai,05,08
2014-08-02,2125,S14W11,268,0020,Hsx,01,01
2014-08-02,2126,S09W68,325,0070,Cao,12,08
2014-08-02,2127,S09E08,249,0240,Dac,05,11
2014-08-02,2128,S21E07,250,0020,Hsx,01,01
2014-08-02,2129,S05W65,322,0010,Bxo,02,02
2014-08-02,2130,S07E27,230,0260,Ekc,14,22
2014-08-02,2131,S18E19,238,0030,Cro,05,06
2014-08-02,2132,S19E46,211,0200,Dac,07,16
2014-08-03,2121,N08W83,327,0010,Bxo,05,02
2014-08-03,2125,S14W25,269,0010,Axx,01,01
2014-08-03,2126,S09W82,326,0060,Cso,13,07
2014-08-03,2127,S08W06,250,0180,Dac,05,10
2014-08-03,2128,S21W05,249,0020,Hrx,01,01
2014-08-03,2130,S07E16,228,0200,Eac,15,18
2014-08-03,2131,S18E05,239,0040,Dai,06,09
2014-08-03,2132,S19E32,212,0220,Dai,09,23
2014-08-03,2133,N18E60,184,0020,Hrx,01,01
2014-08-03,2134,N09E69,175,0090,Dao,10,06
2014-08-04,2126,S09W96,327,0010,Bxo,05,02
2014-08-04,2127,S08W20,251,0080,Hsx,05,07
2014-08-04,2128,S21W19,250,0010,Axx,01,01
2014-08-04,2130,S07E02,229,0160,Fac,17,23
2014-08-04,2131,S19W09,240,0030,Dai,06,06
2014-08-04,2132,S19E18,213,0220,Eai,11,23
2014-08-04,2133,N18E46,185,0020,Hrx,01,01
2014-08-04,2134,N09E55,176,0150,Dao,10,09
2014-08-05,2127,S07W34,252,0040,Dso,05,08
2014-08-05,2130,S07W12,230,0110,Fac,18,18
2014-08-05,2131,S19W23,241,0010,Hsx,06,03
2014-08-05,2132,S20E04,214,0210,Eai,11,14
2014-08-05,2133,N18E32,186,0010,Hrx,01,01
2014-08-05,2134,N09E41,177,0160,Dso,08,07
2014-08-06,2127,S08W47,251,0030,Dri,07,08
2014-08-06,2130,S07W23,227,0060,Fso,19,16
2014-08-06,2132,S21W07,211,0190,Eai,12,19
2014-08-06,2134,N09E29,175,0170,Dac,08,10
2014-08-07,2127,S08W62,252,0060,Dao,06,06
2014-08-07,2128,S20W61,252,0010,Cao,01,01
2014-08-07,2130,S07W41,230,0030,Hrx,10,09
2014-08-07,2132,S20W21,212,0210,Eac,12,30
2014-08-07,2134,N09E15,175,0140,Dai,08,09
2014-08-07,2135,N11E64,127,0030,Cro,04,04
2014-08-08,2127,S11W78,255,0010,Bxo,01,03
2014-08-08,2128,S19W75,252,0010,Axx,01,02
2014-08-08,2130,S08W54,231,0010,Bxo,07,04
2014-08-08,2132,S21W33,210,0240,Eac,13,54
2014-08-08,2134,N08E03,174,0130,Dai,09,25
2014-08-08,2135,N11E50,127,0170,Dso,07,10
2014-08-09,2130,S08W68,233,0010,Axx,02,02
2014-08-09,2132,S21W47,212,0230,Eac,12,18
2014-08-09,2134,N08W11,176,0070,Cai,09,17
2014-08-09,2135,N11E36,129,0250,Dho,08,10
2014-08-09,2136,N08W43,208,0010,Bxo,04,04
2014-08-10,2130,S08W82,234,0010,Axx,01,01
2014-08-10,2132,S19W61,213,0180,Eao,12,16
2014-08-10,2134,N08W25,177,0010,Bxo,12,15
2014-08-10,2135,N12E22,130,0240,Dso,09,15
2014-08-10,2136,N08W57,209,0010,Axx,01,01
2014-08-10,2137,S19W09,161,0010,Hrx,02,03
2014-08-11,2132,S19W75,213,0060,Cao,08,07
2014-08-11,2134,N08W37,175,0010,Axx,02,02
2014-08-11,2135,N12E08,130,0220,Dso,10,10
2014-08-11,2137,S19W23,161,0030,Cao,03,05
2014-08-12,2134,N08W51,176,0010,Axx,02,02
2014-08-12,2135,N12W06,131,0220,Eso,11,09
2014-08-12,2136,N09W83,209,0020,Cso,05,02
2014-08-12,2137,S19W37,162,0030,Cso,03,05
2014-08-12,2138,N13W71,196,0020,Cso,04,02
2014-08-12,2139,N14E68,056,0100,Dso,10,02
2014-08-13,2135,N12W19,131,0170,Eao,11,06
2014-08-13,2137,S18W51,163,0010,Dro,03,05
2014-08-13,2138,N13W84,196,0030,Cso,06,02
2014-08-13,2139,N14E55,057,0120,Dso,09,13
2014-08-13,2140,N13W53,165,0010,Bxo,04,04
2014-08-14,2135,N12W31,130,0130,Cso,10,04
2014-08-14,2137,S18W63,162,0010,Bxo,04,03
2014-08-14,2139,N13E42,057,0120,Dsi,09,18
2014-08-14,2140,N13W66,165,0030,Cao,04,03
2014-08-15,2135,N13W45,130,0140,Cso,10,03
2014-08-15,2137,S18W77,162,0010,Axx,01,01
2014-08-15,2139,N13E28,057,0120,Dac,10,15
2014-08-15,2140,N13W80,165,0010,Bxo,03,02
2014-08-15,2141,N15E60,025,0030,Dao,04,09
2014-08-15,2143,S07E61,024,0010,Bxo,04,03
2014-08-15,2144,S17W19,103,0020,Cro,03,05
2014-08-16,2135,N13W59,131,0090,Cso,10,02
2014-08-16,2139,N13E14,058,0140,Eac,11,27
2014-08-16,2141,N15E46,026,0100,Dac,08,14
2014-08-16,2143,S07E47,025,0010,Bxo,04,03
2014-08-16,2144,S17W33,105,0060,Cao,04,09
2014-08-16,2145,S27E15,057,0020,Dro,03,04
2014-08-17,2135,N15W73,132,0080,Hax,03,02
2014-08-17,2139,N14W00,059,0130,Dac,10,17
2014-08-17,2141,N16E32,027,0120,Dac,09,08
2014-08-17,2144,S17W47,106,0130,Dai,08,08
2014-08-17,2145,S27E01,058,0010,Bxo,05,03
2014-08-17,2146,N09E76,343,0030,Hsx,03,01
2014-08-18,2135,N16W87,133,0060,Hax,02,02
2014-08-18,2139,N14W14,060,0100,Cai,10,13
2014-08-18,2141,N16E18,028,0110,Eso,11,13
2014-08-18,2143,S05E19,027,0030,Cro,03,03
2014-08-18,2144,S17W61,107,0220,Dsi,10,05
2014-08-18,2145,S27W13,059,0010,Axx,01,01
2014-08-18,2146,N09E62,344,0080,Hax,02,02
2014-08-18,2147,S09E73,333,0030,Cao,03,02
2014-08-19,2139,N13W24,057,0060,Cso,10,09
2014-08-19,2141,N16E08,025,0100,Esi,11,13
2014-08-19,2143,S05E04,029,0020,Cao,03,03
2014-08-19,2144,S17W73,106,0180,Dao,09,03
2014-08-19,2146,N10E48,345,0090,Hax,02,01
2014-08-19,2147,S09E61,332,0060,Hax,03,03
2014-08-20,2139,N14W39,057,0050,Cao,05,05
2014-08-20,2141,N16W05,023,0080,Esi,11,09
2014-08-20,2143,S04W12,030,0030,Dri,05,05
2014-08-20,2144,S17W87,105,0100,Dao,10,02
2014-08-20,2146,N08E35,343,0150,Hsx,02,01
2014-08-20,2147,S10E46,332,0050,Hax,02,02
2014-08-21,2139,N15W49,054,0030,Dao,09,03
2014-08-21,2141,N16W20,025,0050,Csi,07,05
2014-08-21,2143,S04W26,031,0050,Dai,06,08
2014-08-21,2146,N09E21,343,0120,Csi,04,06
2014-08-21,2147,S09E33,331,0040,Cao,03,02
2014-08-21,2148,N06E41,324,0030,Dro,07,05
2014-08-22,2139,N15W61,053,0010,Bxo,09,04
2014-08-22,2141,N15W35,027,0050,Cso,05,03
2014-08-22,2143,S05W39,030,0060,Dsi,06,15
2014-08-22,2146,N10E07,344,0140,Cso,04,07
2014-08-22,2147,S10E19,332,0020,Hax,03,02
2014-08-22,2148,N05E27,324,0100,Dac,10,23
2014-08-22,2149,N12E77,276,0070,Cso,03,04
2014-08-23,2139,N16W74,054,0010,Bxo,10,03
2014-08-23,2141,N16W49,029,0050,Hsx,02,01
2014-08-23,2143,S05W53,033,0080,Dac,06,22
2014-08-23,2146,N10W07,347,0140,Cso,04,06
2014-08-23,2147,S08E06,334,0010,Hax,02,01
2014-08-23,2148,N06E14,326,0130,Eac,11,16
2014-08-23,2149,N12E63,277,0180,Eac,12,09
2014-08-23,2150,S13E73,267,0060,Hsx,02,01
2014-08-24,2141,N16W63,029,0050,Hsx,01,01
2014-08-24,2143,S06W66,032,0120,Cai,06,09
2014-08-24,2146,N10W18,344,0170,Cso,05,09
2014-08-24,2147,S10W08,334,0010,Hax,01,01
2014-08-24,2148,N07W00,326,0110,Dao,10,12
2014-08-24,2149,N11E49,277,0120,Eac,12,10
2014-08-24,2150,S13E59,266,0130,Hsx,02,01
2014-08-24,2151,S07E71,255,0090,Hsx,02,01
2014-08-25,2141,N17W76,029,0040,Hsx,01,01
2014-08-25,2142,N09W77,030,0030,Cao,03,03
2014-08-25,2143,S04W80,033,0070,Cao,07,06
2014-08-25,2146,N09W33,346,0280,Dki,07,10
2014-08-25,2148,N07W13,326,0050,Cao,10,10
2014-08-25,2149,N11E35,278,0190,Eac,13,16
2014-08-25,2150,S13E46,267,0120,Hsx,02,01
2014-08-25,2151,S07E58,255,0110,Hax,02,01
2014-08-26,2141,N17W88,027,0010,Axx,01,01
2014-08-26,2143,S03W92,033,0010,Axx,04,02
2014-08-26,2146,N09W46,345,0290,Dki,08,11
2014-08-26,2148,N07W26,326,0060,Cao,11,11
2014-08-26,2149,N10E21,277,0190,Eai,14,14
2014-08-26,2150,S14E34,266,0110,Cso,02,01
2014-08-26,2151,S08E47,253,0140,Cso,05,02
2014-08-27,2146,N07W58,344,0300,Dki,07,09
2014-08-27,2148,N02W39,325,0010,Bxo,07,04
2014-08-27,2149,N10E08,277,0190,Eai,14,16
2014-08-27,2150,S14E19,267,0100,Hsx,02,01
2014-08-27,2151,S08E32,254,0110,Hsx,02,01
2014-08-28,2146,N07W72,344,0240,Dai,05,04
2014-08-28,2148,N08W51,324,0010,Bxo,03,06
2014-08-28,2149,N10W04,277,0160,Eai,13,13
2014-08-28,2150,S14E08,265,0120,Cao,04,08
2014-08-28,2151,S08E19,253,0140,Hax,02,01
2014-08-29,2146,N08W86,346,0190,Cso,05,02
2014-08-29,2148,N08W64,324,0010,Bxo,02,03
2014-08-29,2149,N10W21,281,0180,Cso,07,07
2014-08-29,2150,S13W05,265,0080,Hsx,02,01
2014-08-29,2151,S07E06,254,0120,Hsx,03,01
2014-08-29,2152,S18E55,205,0030,Cro,02,04
2014-08-30,2149,N09W34,281,0240,Dsi,05,12
2014-08-30,2150,S13W18,265,0080,Hsx,02,01
2014-08-30,2151,S07W07,254,0120,Hsx,03,01
2014-08-30,2152,S18E41,206,0020,Cro,04,06
2014-08-30,2153,S11E18,229,0010,Axx,02,03
2014-08-31,2149,N09W50,284,0280,Dhc,05,11
2014-08-31,2150,S14W32,266,0090,Hsx,02,01
2014-08-31,2151,S07W21,255,0120,Hsx,03,01
2014-08-31,2152,S17E27,207,0070,Dai,06,11
2014-09-01,2149,N09W63,284,0280,Dkc,06,08
2014-09-01,2150,S14W46,267,0070,Hsx,02,01
2014-09-01,2151,S07W34,255,0110,Cso,08,03
2014-09-01,2152,S16E15,206,0200,Dac,09,24
2014-09-01,2153,S11W12,233,0020,Cro,03,04
2014-09-02,2149,N09W77,284,0230,Dac,07,05
2014-09-02,2150,S13W60,267,0060,Hsx,02,01
2014-09-02,2151,S07W48,255,0100,Hsx,02,01
2014-09-02,2152,S16E01,206,0220,Dac,08,32
2014-09-02,2153,S10W24,231,0030,Cao,03,05
2014-09-03,2149,N09W89,283,0170,Dao,06,04
2014-09-03,2150,S13W73,267,0060,Hax,02,01
2014-09-03,2151,S08W62,255,0080,Hax,02,02
2014-09-03,2152,S16W12,206,0230,Eac,11,27
2014-09-03,2153,S10W38,232,0090,Dao,07,08
2014-09-03,2154,S18E36,157,0020,Cro,01,03
2014-09-04,2150,S12W85,265,0030,Hax,02,01
2014-09-04,2151,S07W74,254,0080,Hax,03,02
2014-09-04,2152,S15W26,206,0240,Eac,12,27
2014-09-04,2153,S10W52,232,0090,Dao,08,10
2014-09-04,2154,S19E22,158,0030,Cro,04,02
2014-09-05,2151,S08W88,256,0060,Hax,02,02
2014-09-05,2152,S15W38,206,0310,Eki,11,16
2014-09-05,2153,S09W65,233,0190,Dai,09,09
2014-09-05,2154,S18E09,159,0020,Cri,05,10
2014-09-05,2155,S20E59,109,0170,Dao,04,03
2014-09-05,2156,N15E56,112,0010,Bxo,04,02
2014-09-05,2157,S13E68,100,0200,Dai,05,12
2014-09-05,2158,N16E83,085,0100,Hax,03,02
2014-09-06,2152,S15W51,206,0190,Eao,12,11
2014-09-06,2153,S09W78,233,0150,Dso,09,04
2014-09-06,2154,S18W05,159,0040,Cao,05,09
2014-09-06,2155,S20E47,108,0120,Dao,02,06
2014-09-06,2157,S14E58,097,0520,Dkc,10,14
2014-09-06,2158,N15E68,087,0300,Cko,05,04
2014-09-06,2159,S19E74,081,0030,Cao,02,06
2014-09-07,2152,S15W65,207,0180,Eao,12,15
2014-09-07,2153,S09W92,234,0140,Dso,09,02
2014-09-07,2154,S18W19,161,0010,Bxo,05,03
2014-09-07,2155,S20E33,109,0120,Dao,03,05
2014-09-07,2157,S14E44,098,0540,Ekc,12,17
2014-09-07,2158,N15E54,088,0310,Dkc,05,07
2014-09-07,2159,S20E60,082,0030,Cro,02,05
2014-09-07,2160,S09W55,197,0010,Cro,01,05
2014-09-07,2161,S16W07,149,0030,Dao,02,08
2014-09-07,2162,N08W04,146,0010,Cao,04,03
2014-09-08,2152,S15W83,211,0120,Cao,05,02
2014-09-08,2155,S20E19,109,0120,Cao,03,06
2014-09-08,2157,S14E31,097,0420,Ekc,14,27
2014-09-08,2158,N16E40,088,0380,Dkc,07,10
2014-09-08,2159,S20E49,079,0020,Cro,05,05
2014-09-08,2160,S10W68,196,0070,Dao,06,05
2014-09-08,2161,S15W22,150,0020,Dao,04,03
2014-09-08,2162,N08W20,148,0010,Hrx,01,01
2014-09-08,2163,S16E65,063,0050,Cao,07,05
2014-09-09,2152,S15W92,207,0030,Hsx,01,01
2014-09-09,2155,S19E06,109,0100,Cao,03,04
2014-09-09,2157,S14E17,098,0450,Ekc,12,37
2014-09-09,2158,N15E28,087,0380,Dkc,07,10
2014-09-09,2159,S21E36,079,0030,Cro,04,03
2014-09-09,2160,S09W80,195,0040,Cro,06,05
2014-09-09,2161,S14W36,151,0020,Hsx,02,02
2014-09-09,2162,N09W34,149,0010,Hrx,01,01
2014-09-09,2163,S17E51,064,0050,Cao,07,05
2014-09-10,2155,S21W08,110,0060,Dac,05,09
2014-09-10,2157,S14E03,099,0480,Ekc,13,39
2014-09-10,2158,N15E14,088,0420,Dkc,07,25
2014-09-10,2159,S21E22,080,0010,Bxo,04,05
2014-09-10,2161,S13W50,152,0010,Hsx,01,01
2014-09-10,2162,N09W48,150,0030,Cro,04,07
2014-09-10,2163,S17E37,065,0110,Dao,08,06
2014-09-11,2155,S21W22,111,0060,Cai,05,10
2014-09-11,2157,S14W11,100,0460,Ekc,13,45
2014-09-11,2158,N15W00,089,0400,Dkc,07,22
2014-09-11,2159,S21E08,081,0010,Axx,02,03
2014-09-11,2161,S13W64,153,0010,Axx,01,01
2014-09-11,2162,N09W62,151,0040,Cao,05,04
2014-09-11,2163,S17E23,066,0090,Dao,09,06
2014-09-12,2155,S19W34,109,0030,Bxo,04,05
2014-09-12,2157,S14W24,099,0260,Ekc,13,34
2014-09-12,2158,N16W12,087,0440,Dkc,06,23
2014-09-12,2159,S21W09,084,0010,Axx,01,02
2014-09-12,2161,S12W79,154,0030,Axx,01,01
2014-09-12,2162,N10W71,146,0010,Bxo,01,02
2014-09-12,2163,S17E10,065,0050,Cao,05,02
2014-09-12,2164,S13E28,047,0020,Cro,01,02
2014-09-12,2165,S08E63,012,0020,Cao,04,03
2014-09-13,2155,S19W48,108,0010,Bxo,03,03
2014-09-13,2157,S14W38,099,0250,Ekc,13,53
2014-09-13,2158,N16W26,088,0400,Dkc,06,20
2014-09-13,2163,S16W02,064,0060,Cao,08,02
2014-09-13,2164,S13E14,048,0020,Cro,01,03
2014-09-13,2165,S08E49,013,0020,Cro,09,04
2014-09-13,2166,N12E66,356,0030,Axx,01,02
2014-09-14,2155,S19W61,110,0010,Bxo,05,02
2014-09-14,2157,S14W51,100,0220,Eai,13,26
2014-09-14,2158,N16W39,088,0180,Cai,06,29
2014-09-14,2161,S13W94,143,0030,Cao,10,02
2014-09-14,2163,S16W17,066,0030,Hax,05,03
2014-09-14,2164,S13E02,047,0040,Dsi,08,16
2014-09-14,2165,S08E37,012,0010,Bxo,09,02
2014-09-14,2166,N13E61,348,0030,Cro,11,05
2014-09-15,2157,S15W63,099,0180,Dai,09,17
2014-09-15,2158,N16W53,089,0200,Dai,04,13
2014-09-15,2163,S16W32,068,0010,Hrx,02,03
2014-09-15,2164,S14W13,049,0090,Dai,09,15
2014-09-15,2166,N13E44,352,0060,Dao,10,11
2014-09-15,2167,N07E50,346,0010,Axx,00,01
2014-09-16,2157,S15W74,097,0050,Cai,04,05
2014-09-16,2158,N16W66,089,0170,Dsi,04,71
2014-09-16,2163,S15W44,067,0010,Bxo,02,03
2014-09-16,2164,S14W26,049,0080,Dai,10,09
2014-09-16,2166,N12E28,355,0040,Cao,07,07
2014-09-16,2167,N08E39,344,0000,Axx,01,01
2014-09-17,2157,S15W88,097,0050,Cai,04,05
2014-09-17,2158,N16W81,090,0110,Cao,03,02
2014-09-17,2163,S15W58,067,0010,Bxo,02,03
2014-09-17,2164,S13W40,049,0080,Eao,11,05
2014-09-17,2165,S08W03,012,0010,Bxo,02,03
2014-09-17,2166,N12E13,356,0030,Cao,03,07
2014-09-18,2158,N15W93,088,0090,Cao,06,02
2014-09-18,2164,S13W53,048,0070,Dac,10,06
2014-09-18,2165,S08W16,011,0010,Bxo,04,02
2014-09-18,2166,N12W00,355,0030,Cao,03,07
2014-09-18,2168,S22E44,311,0010,Bxo,01,01
2014-09-18,2169,N05E66,290,0060,Cso,02,01
2014-09-18,2170,N07E64,290,0060,Hsx,03,02
2014-09-19,2164,S13W66,048,0090,Dao,10,08
2014-09-19,2166,N13W14,356,0030,Cao,05,09
2014-09-19,2168,S21E30,313,0020,Cao,05,05
2014-09-19,2169,N05E53,289,0050,Cao,06,02
2014-09-19,2170,N10E51,291,0040,Hax,01,01
2014-09-20,2164,S12W81,050,0060,Cao,10,03
2014-09-20,2166,N11W27,355,0020,Dso,02,04
2014-09-20,2167,N09W15,343,0010,Axx,01,02
2014-09-20,2168,S22E17,313,0020,Cso,04,07
2014-09-20,2169,N05E42,288,0030,Cso,08,02
2014-09-20,2170,N09E40,290,0030,Hax,02,01
2014-09-20,2171,S09E65,263,0080,Dso,06,02
2014-09-21,2168,S22E04,313,0010,Axx,01,02
2014-09-21,2169,N05E26,291,0030,Hax,02,02
2014-09-21,2170,N11E27,290,0050,Hax,02,02
2014-09-21,2171,S10E53,264,0160,Dao,08,07
2014-09-21,2172,S09E75,242,0030,Hrx,01,01
2014-09-21,2173,S15E65,252,0020,Hrx,01,01
2014-09-22,2169,N05E14,289,0040,Cao,07,02
2014-09-22,2170,N11E13,290,0050,Hax,02,01
2014-09-22,2171,S10E39,264,0160,Eai,11,08
2014-09-22,2172,S11E63,240,0320,Ekc,11,10
2014-09-22,2173,S15E51,252,0020,Hrx,01,01
2014-09-23,2169,N05W02,291,0030,Hsx,01,02
2014-09-23,2170,N11W01,290,0040,Hax,01,01
2014-09-23,2171,S10E25,264,0150,Eao,11,11
2014-09-23,2172,S11E50,239,0430,Ekc,11,11
2014-09-23,2173,S15E37,252,0010,Hrx,01,01
2014-09-23,2174,N15W79,008,0010,Axx,00,01
2014-09-24,2169,N05W15,292,0020,Hsx,01,02
2014-09-24,2170,N11W13,290,0050,Hax,02,02
2014-09-24,2171,S10E11,264,0150,Eac,12,07
2014-09-24,2172,S11E36,239,0570,Ekc,12,17
2014-09-24,2173,S15E24,251,0010,Hrx,00,01
2014-09-24,2174,N15W92,008,0030,Hsx,01,01
2014-09-25,2169,N05W28,292,0010,Axx,01,01
2014-09-25,2170,N11W26,290,0030,Hax,02,02
2014-09-25,2171,S11W01,264,0080,Eso,13,06
2014-09-25,2172,S10E24,239,0440,Ekc,12,16
2014-09-25,2174,N15W95,010,0030,Hsx,01,01
2014-09-26,2169,N06W43,294,0010,Axx,01,01
2014-09-26,2170,N11W40,291,0010,Axx,01,01
2014-09-26,2171,S12W15,266,0100,Eao,13,11
2014-09-26,2172,S11E09,242,0450,Ekc,13,29
2014-09-26,2175,N15W12,263,0080,Cai,08,25
2014-09-26,2176,N06E41,210,0010,Axx,01,01
2014-09-26,2177,N12E75,176,0030,Hsx,01,01
2014-09-27,2169,N07W56,293,0000,Axx,01,01
2014-09-27,2170,N12W52,289,0010,Axx,02,02
2014-09-27,2171,S11W28,265,0130,Eao,15,10
2014-09-27,2172,S11W05,242,0500,Ekc,15,55
2014-09-27,2173,S17W10,247,0050,Cao,07,16
2014-09-27,2175,N16W25,262,0240,Dac,09,30
2014-09-27,2176,N07E28,209,0010,Bxo,05,04
2014-09-27,2177,N12E67,170,0080,Dao,05,05
2014-09-28,2171,S10W41,265,0090,Eso,15,09
2014-09-28,2172,S11W17,241,0460,Ekc,15,40
2014-09-28,2173,S17W26,250,0130,Dac,08,23
2014-09-28,2175,N15W38,262,0360,Dkc,10,19
2014-09-28,2177,N11E56,168,0110,Eai,15,07
2014-09-28,2178,S01E75,149,0030,Hsx,05,01
2014-09-29,2171,S11W54,265,0100,Cao,14,12
2014-09-29,2172,S12W31,242,0490,Fkc,17,56
2014-09-29,2173,S17W39,250,0160,Dac,08,22
2014-09-29,2175,N16W51,262,0390,Dkc,10,23
2014-09-29,2177,N12E43,168,0120,Eai,11,12
2014-09-29,2178,S03E60,151,0050,Cao,02,04
2014-09-29,2179,S11E71,140,0060,Hsx,02,01
2014-09-30,2171,S10W66,264,0030,Cso,14,05
2014-09-30,2172,S12W43,241,0510,Fhc,16,28
2014-09-30,2173,S16W54,251,0150,Eac,12,11
2014-09-30,2175,N17W64,262,0500,Ekc,11,11
2014-09-30,2176,N08W13,211,0010,Bxo,03,04
2014-09-30,2177,N11E31,167,0200,Eac,12,17
2014-09-30,2178,S03E45,153,0120,Cso,04,03
2014-09-30,2179,S10E56,141,0040,Hsx,01,01
2014-10-01,2171,S06W83,267,0040,Hsx,01,01
2014-10-01,2172,S10W57,242,0320,Fkc,16,14
2014-10-01,2173,S14W66,251,0100,Eai,13,09
2014-10-01,2175,N17W79,264,0450,Ekc,11,11
2014-10-01,2176,N08W25,210,0030,Dro,05,03
2014-10-01,2177,N12E16,169,0140,Eac,13,19
2014-10-01,2178,S03E32,153,0120,Dao,06,05
2014-10-01,2179,S11E41,144,0030,Hax,02,01
2014-10-01,2180,N12W13,197,0010,Bxo,02,02
2014-10-01,2181,S09E23,160,0010,Hrx,01,01
2014-10-02,2172,S09W69,240,0200,Fao,16,13
2014-10-02,2173,S14W79,250,0100,Dai,09,12
2014-10-02,2175,N18W90,261,0140,Dao,09,03
2014-10-02,2176,N09W39,210,0020,Cro,06,07
2014-10-02,2177,N12E03,168,0070,Dao,09,19
2014-10-02,2178,S02E19,152,0180,Dac,06,12
2014-10-02,2179,S11E29,142,0040,Hax,02,01
2014-10-02,2180,N13W27,198,0010,Bxo,03,02
2014-10-02,2181,S12E10,161,0010,Bxo,05,05
2014-10-03,2172,S08W82,239,0150,Eso,14,04
2014-10-03,2173,S13W85,247,0050,Hax,02,01
2014-10-03,2176,N09W52,209,0030,Dro,06,06
2014-10-03,2177,N12W11,168,0030,Cso,06,09
2014-10-03,2178,S02E05,152,0140,Dai,06,12
2014-10-03,2179,S10E15,142,0020,Hax,01,01
2014-10-03,2181,S11W05,162,0010,Bxo,05,02
2014-10-04,2172,S08W91,236,0010,Axx,01,01
2014-10-04,2176,N08W66,211,0040,Cao,08,05
2014-10-04,2177,N13W27,172,0010,Axx,02,06
2014-10-04,2178,S01W08,153,0160,Cai,07,10
2014-10-04,2179,S11E04,141,0020,Hax,01,02
2014-10-04,2181,S11W17,162,0030,Dro,06,07
2014-10-04,2182,S13E25,120,0020,Cso,05,05
2014-10-04,2183,N13E54,091,0010,Axx,01,01
2014-10-04,2184,S18E66,079,0010,Hrx,01,01
2014-10-05,2176,N07W81,213,0030,Cao,07,02
2014-10-05,2177,N12W38,170,0010,Bxo,07,08
2014-10-05,2178,S01W23,155,0130,Cai,07,13
2014-10-05,2179,S10W09,141,0010,Axx,01,01
2014-10-05,2181,S11W30,162,0080,Dao,07,14
2014-10-05,2182,S14E11,121,0080,Cao,06,05
2014-10-05,2183,N13E42,090,0020,Hrx,01,01
2014-10-05,2184,S18E52,080,0010,Axx,01,01
2014-10-06,2176,N09W92,211,0020,Cao,09,03
2014-10-06,2177,N13W54,173,0010,Axx,01,01
2014-10-06,2178,S01W37,156,0110,Cao,03,04
2014-10-06,2179,S10W24,143,0010,Axx,01,01
2014-10-06,2181,S12W45,164,0070,Dai,09,09
2014-10-06,2182,S15W02,121,0090,Csi,05,06
2014-10-06,2183,N13E29,089,0010,Axx,01,01
2014-10-06,2184,S17E39,079,0010,Axx,01,01
2014-10-07,2178,S01W51,157,0100,Hax,02,03
2014-10-07,2181,S11W59,165,0080,Dsi,07,07
2014-10-07,2182,S15W16,122,0090,Dai,08,11
2014-10-07,2183,N13E16,090,0010,Axx,01,01
2014-10-07,2184,S17E26,080,0010,Axx,01,01
2014-10-07,2185,S14E43,063,0010,Bxo,04,03
2014-10-08,2178,S02W64,155,0080,Hax,02,01
2014-10-08,2181,S12W73,164,0070,Cao,07,03
2014-10-08,2182,S15W27,119,0050,Cao,07,07
2014-10-08,2183,N13E02,089,0000,Axx,01,01
2014-10-08,2184,S23E22,071,0010,Bxo,04,02
2014-10-08,2186,S19E73,019,0080,Hkx,03,01
2014-10-09,2178,S03W79,158,0070,Hsx,02,01
2014-10-09,2181,S14W88,167,0050,Hsx,10,01
2014-10-09,2182,S16W42,121,0050,Dso,07,06
2014-10-09,2184,S21E07,072,0000,Axx,00,01
2014-10-09,2186,S19E60,019,0150,Cso,05,02
2014-10-10,2178,S01W93,158,0060,Hax,02,01
2014-10-10,2182,S14W58,123,0170,Dac,08,19
2014-10-10,2185,S13E04,062,0010,Bxo,03,02
2014-10-10,2186,S22E45,020,0200,Cso,04,03
2014-10-11,2182,S15W69,121,0150,Dac,09,09
2014-10-11,2184,S13W12,065,0000,Axx,01,01
2014-10-11,2185,S13W10,063,0000,Axx,03,02
2014-10-11,2186,S20E34,019,0200,Cso,03,02
2014-10-12,2182,S15W83,124,0120,Dao,07,04
2014-10-12,2186,S20E19,021,0170,Cso,04,03
2014-10-12,2187,S08E79,320,0100,Hsx,02,01
2014-10-13,2186,S21E07,019,0200,Cao,05,05
2014-10-13,2187,S09E65,321,0120,Cso,04,03
2014-10-14,2186,S21W06,019,0180,Cso,05,05
2014-10-14,2187,S10E54,319,0210,Eso,14,03
2014-10-14,2188,N17W13,026,0010,Bxo,01,03
2014-10-15,2185,S15W59,059,0010,Bxo,03,02
2014-10-15,2186,S21W19,019,0180,Cso,04,03
2014-10-15,2187,S09E44,316,0210,Cso,12,05
2014-10-15,2188,N17W27,027,0010,Bxo,05,05
2014-10-15,2189,N21E18,342,0010,Bxo,03,05
2014-10-16,2185,S15W71,058,0010,Axx,01,01
2014-10-16,2186,S21W32,019,0150,Hsx,03,04
2014-10-16,2187,S10E29,318,0190,Cao,12,03
2014-10-16,2188,N18W42,029,0010,Bxo,01,02
2014-10-16,2189,N21E05,342,0020,Cro,03,05
2014-10-16,2190,N23E46,301,0010,Bxo,05,03
2014-10-16,2191,S13E41,306,0010,Bxo,05,02
2014-10-17,2186,S20W44,017,0170,Cso,04,03
2014-10-17,2187,S10E16,317,0220,Cso,13,06
2014-10-17,2189,N23W07,340,0010,Axx,01,01
2014-10-17,2190,N22E33,300,0010,Bxo,06,04
2014-10-17,2191,S14E30,303,0010,Axx,01,02
2014-10-18,2186,S20W57,017,0160,Hsx,03,02
2014-10-18,2187,S09W00,320,0200,Hsx,03,01
2014-10-18,2192,S13E68,252,0260,Dki,10,06
2014-10-19,2186,S20W70,017,0110,Hsx,02,01
2014-10-19,2187,S09W12,319,0210,Cso,10,10
2014-10-19,2192,S13E56,251,1240,Fkc,17,19
2014-10-20,2186,S20W84,018,0100,Hsx,01,01
2014-10-20,2187,S09W27,321,0160,Cso,09,07
2014-10-20,2192,S13E43,251,1560,Fkc,22,32
2014-10-20,2193,N05E10,284,0030,Cro,05,06
2014-10-21,2187,S08W41,321,0160,Hsx,04,01
2014-10-21,2191,S11W24,304,0010,Bxo,04,02
2014-10-21,2192,S13E30,249,2180,Fkc,20,43
2014-10-21,2193,N04W04,284,0080,Dao,06,07
2014-10-22,2187,S08W53,320,0170,Cso,04,03
2014-10-22,2192,S14E19,248,2410,Fkc,20,66
2014-10-22,2193,N04W18,284,0080,Dao,06,09
2014-10-22,2194,S13E58,208,0130,Cso,06,02
2014-10-23,2187,S10W67,321,0110,Cso,05,02
2014-10-23,2192,S12E06,248,2700,Fkc,20,55
2014-10-23,2193,N05W31,285,0120,Dao,06,11
2014-10-23,2194,S11E47,207,0130,Cso,05,02
2014-10-23,2195,N08E70,184,0060,Dso,04,03
2014-10-24,2187,S09W81,321,0110,Hsx,03,01
2014-10-24,2192,S14W06,247,2740,Fkc,21,58
2014-10-24,2193,N06W45,285,0100,Dao,07,08
2014-10-24,2194,S12E32,208,0070,Cso,06,02
2014-10-24,2195,N07E59,181,0070,Dso,10,07
2014-10-25,2187,S08W93,321,0070,Hax,02,01
2014-10-25,2192,S12W21,249,2510,Fkc,20,62
2014-10-25,2193,N07W59,287,0070,Cao,06,03
2014-10-25,2194,S12E19,208,0070,Cao,05,03
2014-10-25,2195,N08E47,180,0070,Cso,10,06
2014-10-25,2196,S03E66,161,0020,Hsx,01,01
2014-10-25,2197,S12E62,164,0010,Axx,00,01
2014-10-26,2192,S12W34,249,2570,Fkc,18,44
2014-10-26,2193,N06W74,288,0070,Hax,02,01
2014-10-26,2194,S12E05,209,0050,Hax,02,01
2014-10-26,2195,N08E33,182,0090,Dai,10,07
2014-10-26,2196,S04E53,161,0020,Hax,01,01
2014-10-26,2197,S12E48,167,0010,Axx,01,01
2014-10-27,2192,S12W46,248,2750,Fkc,17,60
2014-10-27,2193,N06W87,289,0060,Hax,02,01
2014-10-27,2194,S12W09,211,0060,Hax,02,02
2014-10-27,2195,N08E21,181,0100,Esi,11,10
2014-10-27,2196,S03E40,162,0020,Hax,01,01
2014-10-27,2197,S12E38,164,0030,Dro,05,04
2014-10-28,2192,S12W59,247,2380,Fkc,20,51
2014-10-28,2194,S12W23,211,0040,Hax,01,02
2014-10-28,2195,N07E04,184,0080,Csi,12,09
2014-10-28,2196,S04E26,162,0010,Hax,01,01
2014-10-28,2197,S13E25,163,0020,Cri,07,07
2014-10-29,2192,S13W71,246,2680,Fkc,20,36
2014-10-29,2194,S11W36,211,0030,Hax,01,01
2014-10-29,2195,N08W07,182,0050,Cso,08,05
2014-10-29,2196,S03E12,162,0010,Axx,01,01
2014-10-29,2197,S12E10,164,0010,Bxo,08,05
2014-10-29,2198,S14W18,193,0010,Axx,01,01
2014-10-30,2192,S12W84,246,1500,Fkc,16,10
2014-10-30,2194,S11W49,211,0030,Hax,01,02
2014-10-30,2195,N08W21,182,0050,Cso,05,03
2014-10-30,2196,S03W00,161,0010,Axx,01,01
2014-10-30,2197,S13E01,161,0030,Cso,06,04
2014-10-30,2198,S13W33,194,0010,Axx,05,04
2014-10-31,2192,S15W94,243,0390,Dkc,08,04
2014-10-31,2194,S13W62,211,0020,Hax,01,01
2014-10-31,2195,N08W35,184,0050,Hax,02,01
2014-10-31,2196,S04W12,161,0010,Axx,01,01
2014-10-31,2197,S12W16,165,0010,Axx,01,01
2014-10-31,2198,S13W45,194,0000,Axx,01,01
2014-10-31,2199,S17E23,126,0020,Cro,03,04
2014-10-31,2200,S16E48,101,0020,Cao,02,05
2014-10-31,2201,S05E65,084,0030,Hax,01,01
2014-10-31,2202,N13E15,134,0010,Bxo,03,02
2014-11-01,2194,S12W74,209,0020,Hrx,01,01
2014-11-01,2195,N07W50,185,0040,Hax,01,01
2014-11-01,2196,S05W24,159,0010,Axx,05,01
2014-11-01,2200,S16E33,103,0020,Hrx,02,02
2014-11-01,2201,S05E51,085,0050,Cao,01,03
2014-11-01,2202,N12E01,134,0030,Cro,04,03
2014-11-02,2195,N07W63,185,0030,Hax,01,01
2014-11-02,2200,S16E20,102,0010,Hrx,02,01
2014-11-02,2201,S05E37,085,0050,Cai,02,05
2014-11-02,2202,N12W11,133,0040,Cao,06,06
2014-11-02,2203,N12E08,114,0030,Cao,03,04
2014-11-02,2204,N06E51,071,0020,Cro,03,05
2014-11-03,2195,N07W76,185,0020,Hrx,01,01
2014-11-03,2200,S16E06,103,0010,Axx,01,02
2014-11-03,2201,S05E23,086,0050,Cai,04,07
2014-11-03,2202,N12W23,132,0050,Cao,04,07
2014-11-03,2203,N12W05,114,0150,Dao,06,09
2014-11-03,2204,N05E39,070,0030,Cro,04,05
2014-11-04,2195,N07W90,185,0010,Axx,01,01
2014-11-04,2200,S16W07,103,0020,Hrx,04,02
2014-11-04,2201,S05E10,086,0030,Cao,07,07
2014-11-04,2202,N12W36,132,0050,Cao,06,11
2014-11-04,2203,N12W19,115,0200,Dao,07,06
2014-11-04,2204,N05E25,071,0020,Cro,07,06
2014-11-05,2197,S13W78,160,0020,Hax,01,02
2014-11-05,2200,S17W20,102,0010,Axx,05,03
2014-11-05,2201,S05W06,088,0030,Dai,04,08
2014-11-05,2202,N12W49,131,0010,Bxo,03,08
2014-11-05,2203,N12W31,113,0120,Dao,08,06
2014-11-05,2204,N05E08,074,0010,Axx,01,01
2014-11-05,2205,N15E66,015,0100,Eac,11,01
2014-11-06,2197,S13W91,160,0030,Hax,01,01
2014-11-06,2200,S17W36,105,0010,Axx,01,01
2014-11-06,2201,S05W19,088,0070,Dai,07,09
2014-11-06,2202,N12W63,132,0010,Bxo,03,02
2014-11-06,2203,N12W45,114,0080,Dao,07,07
2014-11-06,2204,N05W06,075,0010,Axx,01,01
2014-11-06,2205,N16E56,014,0250,Ekc,14,10
2014-11-06,2206,S15E36,033,0010,Bxo,03,02
2014-11-07,2201,S04W33,089,0070,Dai,08,10
2014-11-07,2202,N13W77,133,0010,Axx,01,02
2014-11-07,2203,N15W59,115,0110,Cao,08,06
2014-11-07,2204,N06W15,072,0020,Cro,10,03
2014-11-07,2205,N15E46,010,0360,Ekc,15,24
2014-11-07,2206,S15E25,031,0010,Axx,02,02
2014-11-08,2201,S04W48,091,0070,Cao,08,10
2014-11-08,2203,N12W70,113,0020,Hsx,09,01
2014-11-08,2204,N06W30,073,0010,Bxo,02,05
2014-11-08,2205,N15E32,011,0410,Ekc,14,40
2014-11-09,2201,S05W62,092,0020,Bxo,04,03
2014-11-09,2203,N13W84,114,0020,Hsx,05,01
2014-11-09,2204,N06W45,075,0010,Axx,03,02
2014-11-09,2205,N15E18,012,0310,Ekc,14,35
2014-11-09,2207,S08E64,326,0040,Hax,02,01
2014-11-10,2201,S05W76,093,0010,Axx,01,01
2014-11-10,2205,N15E05,012,0350,Ekc,14,31
2014-11-10,2207,S08E52,325,0030,Hax,02,01
2014-11-10,2208,S12E71,306,0030,Cao,05,05
2014-11-11,2205,N14W08,012,0280,Dkc,09,23
2014-11-11,2207,S09E41,322,0040,Hsx,02,01
2014-11-11,2208,S11E58,305,0090,Cai,06,09
2014-11-12,2205,N15W22,012,0230,Dac,09,28
2014-11-12,2207,S09E26,324,0030,Hsx,02,01
2014-11-12,2208,S12E43,307,0070,Dso,06,11
2014-11-13,2205,N15W35,013,0150,Dac,09,23
2014-11-13,2207,S08E16,321,0030,Hax,01,05
2014-11-13,2208,S11E29,307,0160,Esc,13,20
2014-11-13,2209,S13E73,264,0030,Hsx,01,01
2014-11-14,2205,N14W52,015,0140,Dac,09,13
2014-11-14,2207,S09E02,321,0010,Hax,08,06
2014-11-14,2208,S12E15,308,0100,Dsc,08,21
2014-11-14,2209,S15E62,262,0030,Hax,01,01
2014-11-14,2210,N05E32,291,0010,Axx,01,01
2014-11-14,2211,N08W40,003,0010,Bxo,04,02
2014-11-15,2205,N14W64,015,0120,Dai,10,12
2014-11-15,2207,S09W13,324,0010,Axx,01,02
2014-11-15,2208,S12E03,308,0120,Eac,13,29
2014-11-15,2209,S15E56,255,0680,Fkc,24,09
2014-11-15,2211,N08W54,005,0020,Cro,04,03
2014-11-15,2212,N16E16,295,0010,Hrx,01,02
2014-11-16,2205,N14W78,016,0070,Dao,04,05
2014-11-16,2208,S12W10,308,0040,Cai,10,14
2014-11-16,2209,S15E45,253,0800,Fkc,23,16
2014-11-16,2211,N08W70,008,0010,Axx,01,01
2014-11-16,2212,N16E02,296,0010,Axx,01,01
2014-11-16,2213,S09E26,272,0030,Cro,04,03
2014-11-17,2205,N15W92,017,0030,Hsx,03,01
2014-11-17,2208,S11W22,307,0010,Bxo,04,04
2014-11-17,2209,S14E31,254,0940,Fkc,26,23
2014-11-17,2213,S09E12,273,0040,Dai,05,09
2014-11-17,2214,S13E59,226,0020,Cro,04,04
2014-11-18,2208,S10W40,310,0010,Bxo,13,06
2014-11-18,2209,S13E18,252,0990,Fkc,26,22
2014-11-18,2213,S10W02,274,0030,Cro,05,12
2014-11-18,2214,S12E47,223,0010,Bxo,05,04
2014-11-18,2215,N09E49,221,0010,Axx,01,01
2014-11-19,2208,S12W54,312,0010,Bxo,07,02
2014-11-19,2209,S13E07,251,1100,Fkc,27,26
2014-11-19,2213,S09W15,273,0010,Bxo,05,06
2014-11-19,2214,S13E31,226,0010,Bxo,07,06
2014-11-19,2215,N09E38,219,0010,Bxo,05,02
2014-11-20,2208,S10W68,313,0010,Bxo,07,04
2014-11-20,2209,S14W03,248,0930,Fko,19,16
2014-11-20,2213,S08W28,273,0010,Bxo,02,02
2014-11-20,2214,S12E19,225,0020,Cro,07,10
2014-11-21,2208,S11W82,314,0010,Bxo,03,02
2014-11-21,2209,S16W16,248,0970,Fko,16,24
2014-11-21,2214,S12E06,226,0010,Bxo,05,03
2014-11-21,2215,N09E10,222,0010,Axx,01,01
2014-11-21,2216,S13E68,164,0360,Dko,06,03
2014-11-22,2209,S15W29,248,0900,Fko,19,29
2014-11-22,2214,S13W05,224,0010,Axx,01,02
2014-11-22,2216,S14E54,165,0640,Dkc,10,07
2014-11-23,2209,S15W43,249,0950,Fko,19,23
2014-11-23,2214,S12W19,225,0010,Axx,01,02
2014-11-23,2216,S13E41,165,0630,Dkc,09,09
2014-11-24,2209,S15W57,250,1000,Fki,19,21
2014-11-24,2216,S13E28,165,0630,Dkc,08,12
2014-11-24,2217,S19E68,125,0180,Cao,05,03
2014-11-25,2209,S15W69,248,0950,Fko,19,16
2014-11-25,2216,S14E13,165,0720,Dkc,10,23
2014-11-25,2217,S19E53,125,0260,Cko,08,06
2014-11-25,2218,N14E64,114,0120,Cso,08,02
2014-11-25,2219,N05E20,158,0010,Bxo,03,02
2014-11-25,2220,S16E28,150,0010,Axx,01,02
2014-11-26,2209,S15W81,246,1090,Fko,18,11
2014-11-26,2216,S13E01,164,0420,Dkc,08,26
2014-11-26,2217,S19E41,124,0380,Ekc,11,10
2014-11-26,2218,N15E53,112,0130,Cso,09,02
2014-11-26,2219,N05E07,158,0030,Dri,05,08
2014-11-26,2220,S17E14,151,0010,Bxo,03,03
2014-11-27,2209,S16W91,243,0300,Hkx,06,05
2014-11-27,2216,S14W10,162,0280,Dki,08,23
2014-11-27,2217,S20E29,123,0120,Eai,12,26
2014-11-27,2218,N15E38,114,0140,Cso,09,02
2014-11-27,2219,N05W08,160,0030,Dri,06,23
2014-11-27,2220,S16E01,151,0010,Bxo,04,06
2014-11-27,2221,N04E70,081,0030,Dro,04,04
2014-11-27,2222,S20E70,082,0030,Hrx,01,01
2014-11-28,2216,S13W25,165,0200,Cai,09,20
2014-11-28,2217,S20E17,123,0130,Eai,14,15
2014-11-28,2218,N16E28,112,0140,Hsx,03,01
2014-11-28,2219,N04W21,161,0200,Dai,09,16
2014-11-28,2220,S16W13,153,0010,Axx,02,02
2014-11-28,2221,N04E56,084,0160,Dai,08,10
2014-11-28,2222,S20E59,081,0120,Dai,10,10
2014-11-28,2223,N17W11,151,0010,Bxo,03,01
2014-11-29,2216,S13W40,167,0200,Dao,06,10
2014-11-29,2217,S20E01,126,0070,Cao,04,05
2014-11-29,2218,N16E15,112,0140,Hsx,03,01
2014-11-29,2219,N04W34,161,0250,Ekc,11,16
2014-11-29,2220,S16W27,154,0010,Bxo,02,02
2014-11-29,2221,N04E43,084,0200,Eac,11,16
2014-11-29,2222,S20E44,083,0330,Ehc,11,17
2014-11-29,2223,N17W25,152,0010,Bxo,03,05
2014-11-29,2224,S24E29,098,0010,Bxo,03,04
2014-11-30,2216,S13W54,167,0140,Dao,05,08
2014-11-30,2217,S19W12,125,0070,Cao,03,03
2014-11-30,2218,N16E02,111,0130,Hsx,03,01
2014-11-30,2219,N05W47,160,0260,Ekc,11,16
2014-11-30,2220,S16W41,154,0000,Axx,01,01
2014-11-30,2221,N04E29,084,0200,Eac,11,18
2014-11-30,2222,S21E30,083,0540,Ekc,13,26
2014-11-30,2223,N17W40,153,0010,Bxo,06,03
2014-12-01,2216,S14W65,165,0160,Dao,07,08
2014-12-01,2217,S18W25,125,0080,Dao,08,09
2014-12-01,2218,N16W11,111,0140,Hsx,03,01
2014-12-01,2219,N04W60,160,0300,Dko,10,09
2014-12-01,2221,N04E16,084,0160,Dsi,09,14
2014-12-01,2222,S20E17,083,0680,Ekc,13,30
2014-12-01,2223,N16W52,152,0010,Axx,01,01
2014-12-01,2225,S17E56,044,0010,Axx,01,01
2014-12-02,2216,S14W76,163,0200,Dao,08,06
2014-12-02,2217,S17W38,125,0090,Dao,07,11
2014-12-02,2218,N16W22,109,0170,Hsx,03,01
2014-12-02,2219,N03W73,160,0130,Cao,08,05
2014-12-02,2221,N03E05,082,0070,Cao,12,15
2014-12-02,2222,S21E03,084,0650,Eki,14,20
2014-12-02,2223,N15W66,153,0010,Axx,03,02
2014-12-02,2225,S17E43,044,0010,Bxo,05,04
2014-12-02,2226,S19W22,109,0050,Cao,06,06
2014-12-03,2216,S14W90,163,0090,Hsx,05,01
2014-12-03,2217,S16W51,124,0120,Dai,08,09
2014-12-03,2218,N18W36,109,0160,Hsx,03,01
2014-12-03,2219,N03W90,163,0120,Hsx,02,02
2014-12-03,2221,N06W11,084,0070,Cao,09,08
2014-12-03,2222,S19W10,083,0620,Eki,14,27
2014-12-03,2225,S17E30,043,0010,Bxo,01,03
2014-12-03,2226,S19W36,109,0040,Cao,06,04
2014-12-03,2227,S03E71,002,0060,Hsx,05,01
2014-12-04,2217,S17W63,124,0150,Dai,09,09
2014-12-04,2218,N17W51,111,0130,Hsx,03,01
2014-12-04,2221,N05W26,086,0030,Cro,03,09
2014-12-04,2222,S20W22,082,0570,Ekc,14,22
2014-12-04,2225,S17E17,043,0010,Bxo,01,03
2014-12-04,2226,S18W48,108,0090,Cai,07,13
2014-12-04,2227,S05E59,001,0110,Hsx,01,01
2014-12-05,2217,S15W82,130,0030,Dao,09,03
2014-12-05,2218,N17W63,111,0140,Hsx,02,01
2014-12-05,2221,N05W40,088,0020,Cro,05,06
2014-12-05,2222,S19W37,085,0770,Ekc,14,32
2014-12-05,2225,S15E05,043,0010,Bxo,08,07
2014-12-05,2226,S19W61,109,0030,Cro,07,04
2014-12-05,2227,S04E45,003,0080,Hsx,01,01
2014-12-05,2228,N09W16,064,0010,Bxo,02,03
2014-12-06,2218,N17W77,110,0110,Hsx,02,01
2014-12-06,2222,S20W51,085,0560,Eki,14,23
2014-12-06,2225,S15W08,042,0010,Bxo,08,04
2014-12-06,2226,S19W75,109,0010,Bxo,07,05
2014-12-06,2227,S03E32,002,0120,Hsx,02,01
2014-12-06,2228,N08W31,065,0010,Bxo,03,03
2014-12-07,2218,N17W90,111,0090,Hsx,02,01
2014-12-07,2222,S20W64,085,0650,Cko,13,06
2014-12-07,2226,S19W88,109,0020,Hax,01,01
2014-12-07,2227,S04E18,003,0100,Hsx,03,01
2014-12-07,2229,S23E22,359,0010,Bxo,03,03
2014-12-07,2230,S14E57,324,0010,Axx,02,01
2014-12-08,2222,S19W80,088,0640,Hkx,09,04
2014-12-08,2227,S04E07,001,0100,Hax,04,02
2014-12-08,2231,S05E13,355,0040,Dao,05,08
2014-12-08,2232,N10E76,292,0080,Dao,05,04
2014-12-09,2222,S19W91,086,0450,Hkx,07,03
2014-12-09,2227,S04W07,002,0150,Cso,03,03
2014-12-09,2230,S15E36,322,0030,Cri,03,05
2014-12-09,2231,S05W01,356,0050,Dai,06,11
2014-12-09,2232,N11E60,295,0180,Dsi,08,05
2014-12-10,2227,S04W21,003,0150,Cso,03,03
2014-12-10,2230,S14E22,319,0100,Dao,05,08
2014-12-10,2231,S03W13,355,0010,Bxo,06,05
2014-12-10,2232,N10E49,293,0240,Dai,09,11
2014-12-10,2233,N02E14,328,0010,Axx,02,03
2014-12-11,2227,S03W34,001,0120,Cao,05,04
2014-12-11,2230,S15E08,319,0130,Dai,07,20
2014-12-11,2232,N10E37,290,0240,Dao,09,07
2014-12-11,2233,N03E02,325,0010,Bxo,01,02
2014-12-11,2234,N05E18,309,0030,Cro,02,03
2014-12-11,2235,S07E63,265,0140,Hsx,04,01
2014-12-12,2227,S03W47,001,0120,Cao,05,07
2014-12-12,2230,S16W06,320,0170,Dac,07,23
2014-12-12,2232,N10E23,291,0120,Dao,09,09
2014-12-12,2234,N04E03,311,0030,Dac,06,11
2014-12-12,2235,S12E55,260,0220,Dsc,09,03
2014-12-12,2236,N29E72,243,0120,Dso,07,02
2014-12-13,2227,S04W60,002,0140,Hsx,02,01
2014-12-13,2230,S16W19,321,0180,Dac,08,18
2014-12-13,2232,N10E10,292,0050,Cao,08,11
2014-12-13,2234,N04W12,314,0110,Dao,08,09
2014-12-13,2235,S08E35,267,0090,Hsx,03,01
2014-12-13,2236,N29E61,241,0180,Dao,06,05
2014-12-13,2237,S14E52,250,0090,Dso,09,04
2014-12-13,2238,N01E56,245,0010,Bxo,02,03
2014-12-14,2227,S04W72,001,0150,Hsx,02,01
2014-12-14,2230,S15W32,321,0190,Dac,07,21
2014-12-14,2232,N10W02,291,0030,Cro,08,09
2014-12-14,2234,N04W27,316,0100,Cao,07,09
2014-12-14,2235,S08E23,266,0100,Hsx,03,01
2014-12-14,2236,N30E48,241,0200,Dao,09,03
2014-12-14,2237,S15E41,248,0120,Eso,14,07
2014-12-15,2227,S04W87,003,0080,Hax,02,01
2014-12-15,2230,S15W45,321,0160,Dsc,07,08
2014-12-15,2232,N09W17,293,0010,Bxo,07,04
2014-12-15,2234,N04W43,319,0110,Cso,03,04
2014-12-15,2235,S08E09,267,0130,Cso,03,04
2014-12-15,2236,N30E34,242,0180,Cao,06,06
2014-12-15,2237,S14E28,248,0060,Cso,08,04
2014-12-15,2239,N14E25,251,0050,Cai,06,09
2014-12-15,2240,N11E58,218,0040,Hax,02,02
2014-12-15,2241,S11E59,217,0100,Dac,07,07
2014-12-15,2242,S20E38,238,0100,Dac,06,16
2014-12-16,2230,S15W60,323,0150,Cao,06,06
2014-12-16,2232,N10W31,294,0010,Bxo,07,02
2014-12-16,2234,N04W57,320,0070,Hsx,02,01
2014-12-16,2235,S07W03,264,0160,Cao,05,05
2014-12-16,2236,N31E23,240,0170,Cao,10,04
2014-12-16,2237,S13E11,250,0040,Hsx,02,01
2014-12-16,2239,N14E12,251,0060,Dai,06,10
2014-12-16,2240,N10E44,219,0060,Hax,02,01
2014-12-16,2241,S10E45,218,0150,Dai,09,07
2014-12-16,2242,S19E24,239,0360,Dkc,06,15
2014-12-17,2230,S14W74,322,0080,Hax,02,01
2014-12-17,2234,N05W71,320,0090,Hsx,01,02
2014-12-17,2235,S07W17,265,0160,Cao,03,06
2014-12-17,2236,N29E08,240,0120,Cao,03,04
2014-12-17,2237,S13W02,250,0080,Hsx,02,01
2014-12-17,2239,N13W02,251,0080,Dai,07,13
2014-12-17,2240,N10E33,216,0070,Cao,05,03
2014-12-17,2241,S10E30,218,0220,Eac,11,24
2014-12-17,2242,S19E11,237,0630,Dkc,09,25
2014-12-18,2230,S14W88,324,0060,Hax,03,01
2014-12-18,2234,N05W84,320,0080,Hsx,03,01
2014-12-18,2235,S07W29,264,0090,Cao,03,04
2014-12-18,2236,N32W04,240,0080,Cao,03,02
2014-12-18,2237,S11W14,249,0040,Hsx,02,01
2014-12-18,2239,N13W15,250,0080,Dso,08,07
2014-12-18,2240,N12E19,216,0040,Cso,04,02
2014-12-18,2241,S10E19,216,0390,Ekc,12,20
2014-12-18,2242,S18W01,237,0700,Ekc,11,26
2014-12-19,2235,S07W44,265,0060,Cao,01,04
2014-12-19,2236,N32W17,240,0100,Hax,02,01
2014-12-19,2237,S13W27,249,0030,Hax,01,02
2014-12-19,2239,N15W28,250,0030,Cso,01,03
2014-12-19,2240,N10E04,217,0060,Cso,01,02
2014-12-19,2241,S09E04,217,0620,Ekc,13,36
2014-12-19,2242,S18W16,238,0970,Ekc,12,50
2014-12-20,2235,S07W56,266,0060,Cao,02,04
2014-12-20,2236,N30W32,242,0090,Hax,02,01
2014-12-20,2237,S13W41,251,0020,Hrx,01,02
2014-12-20,2239,N15W42,252,0040,Dao,07,09
2014-12-20,2240,N11W04,214,0060,Cso,09,04
2014-12-20,2241,S09W06,215,0720,Ekc,13,21
2014-12-20,2242,S18W29,238,1080,Ekc,15,34
2014-12-20,2243,N09E28,180,0010,Axx,01,01
2014-12-21,2235,S08W70,266,0070,Hax,02,01
2014-12-21,2236,N28W43,240,0080,Hax,02,01
2014-12-21,2239,N14W55,252,0050,Cso,06,05
2014-12-21,2240,N10W18,214,0050,Cao,10,04
2014-12-21,2241,S11W21,216,0660,Ekc,12,12
2014-12-21,2242,S19W44,240,0790,Fkc,16,24
2014-12-21,2244,S05E38,159,0050,Cao,03,03
2014-12-22,2235,S08W83,267,0060,Hax,02,01
2014-12-22,2236,N30W56,240,0060,Hax,02,02
2014-12-22,2239,N15W67,251,0010,Bxo,03,02
2014-12-22,2240,N10W34,218,0020,Hax,01,01
2014-12-22,2241,S10W33,217,0550,Ehc,12,19
2014-12-22,2242,S18W57,240,0630,Ekc,13,26
2014-12-22,2244,S04E28,156,0160,Dao,08,11
2014-12-22,2245,N08E60,124,0030,Cao,03,06
2014-12-22,2246,N17E78,106,0070,Hsx,02,01
2014-12-23,2236,N29W68,238,0070,Hax,02,01
2014-12-23,2240,N10W50,219,0010,Axx,01,01
2014-12-23,2241,S10W47,216,0450,Ehi,11,16
2014-12-23,2242,S17W71,241,0490,Ekc,11,12
2014-12-23,2244,S04E14,156,0190,Dao,07,07
2014-12-23,2245,N08E47,123,0030,Cro,05,05
2014-12-23,2246,N16E62,108,0090,Hsx,02,01
2014-12-24,2236,N30W82,239,0050,Hsx,02,01
2014-12-24,2241,S08W61,218,0330,Cko,11,09
2014-12-24,2242,S16W85,242,0310,Dkc,10,05
2014-12-24,2244,S03W00,157,0130,Dao,08,20
2014-12-24,2245,N09E35,122,0050,Cao,07,09
2014-12-24,2246,N17E49,108,0070,Hsx,02,01
2014-12-24,2247,S24E59,098,0060,Hax,01,02
2014-12-24,2248,S20E75,082,0030,Hsx,04,01
2014-12-25,2241,S08W77,221,0260,Cko,03,02
2014-12-25,2244,S02W12,156,0060,Dao,09,16
2014-12-25,2245,N10E23,121,0020,Bxo,05,05
2014-12-25,2246,N18E36,108,0070,Hsx,01,01
2014-12-25,2247,S23E46,098,0020,Hsx,01,01
2014-12-25,2248,S20E60,084,0050,Hsx,01,01
2014-12-26,2241,S08W89,220,0150,Hsx,03,01
2014-12-26,2244,S03W26,157,0040,Dro,08,08
2014-12-26,2245,N09E08,123,0010,Bxo,07,07
2014-12-26,2246,N17E24,107,0060,Hsx,02,01
2014-12-26,2247,S24E34,097,0040,Hax,02,03
2014-12-26,2248,S20E47,084,0070,Hax,02,02
2014-12-26,2249,S12W33,164,0090,Dao,06,08
2014-12-27,2244,S04W41,159,0000,Axx,00,01
2014-12-27,2245,N09W06,123,0000,Axx,00,01
2014-12-27,2246,N17E10,108,0060,Hsx,02,01
2014-12-27,2247,S24E21,096,0010,Hrx,01,01
2014-12-27,2248,S21E35,082,0060,Dao,03,05
2014-12-27,2249,S12W47,165,0140,Dac,06,08
2014-12-27,2250,N08W28,146,0010,Bxo,04,05
2014-12-28,2246,N19W04,107,0080,Hsx,02,02
2014-12-28,2247,S22E06,097,0010,Hrx,01,02
2014-12-28,2248,S19E22,083,0160,Dso,07,18
2014-12-28,2249,S10W61,164,0210,Dac,06,12
2014-12-28,2250,N10W41,144,0020,Cso,06,05
2014-12-28,2251,S11E58,047,0020,Hrx,00,01
2014-12-28,2252,S19E77,028,0080,Hsx,03,01
2014-12-29,2246,N18W17,108,0080,Hsx,02,01
2014-12-29,2247,S24W07,098,0010,Axx,03,03
2014-12-29,2248,S19E07,084,0120,Dso,07,09
2014-12-29,2249,S12W74,165,0200,Dac,09,13
2014-12-29,2250,N08W55,146,0020,Cao,07,04
2014-12-29,2251,S12E45,046,0030,Cao,04,07
2014-12-29,2252,S20E62,029,0060,Hax,03,01
2014-12-30,2246,N17W30,107,0070,Hsx,02,01
2014-12-30,2247,S24W21,099,0010,Bxo,03,02
2014-12-30,2248,S21W06,084,0100,Cso,13,14
2014-12-30,2249,S11W87,165,0220,Dai,10,06
2014-12-30,2250,N08W68,146,0020,Cro,07,05
2014-12-30,2251,S15E32,045,0050,Cai,06,14
2014-12-30,2252,S22E49,029,0090,Hax,03,01
2014-12-31,2246,N23W43,107,0060,Hsx,02,01
2014-12-31,2247,S19W32,096,0000,Axx,04,01
2014-12-31,2248,S14W17,081,0070,Cso,08,05
2014-12-31,2250,N10W85,149,0030,Hrx,02,01
2014-12-31,2251,S09E18,046,0210,Dac,08,17
2014-12-31,2252,S18E37,027,0090,Cao,03,03
2014-12-31,2253,S06E63,121,0050,Dai,07,04
2015-01-01,2246,N19W56,108,0070,Hsx,01,01
2015-01-01,2248,S19W29,081,0060,Hsx,02,02
2015-01-01,2251,S13E05,047,0190,Dai,08,11
2015-01-01,2252,S20E24,028,0100,Cao,03,02
2015-01-01,2253,S06E48,004,0270,Eac,11,14
2015-01-01,2254,S22E09,043,0020,Cso,03,04
2015-01-02,2246,N19W69,108,0050,Hsx,02,01
2015-01-02,2248,S19W42,081,0050,Hax,02,01
2015-01-02,2251,S13W09,048,0140,Dao,09,06
2015-01-02,2252,S20E11,028,0090,Hax,02,02
2015-01-02,2253,S07E35,004,0460,Ekc,11,16
2015-01-02,2254,S22W05,044,0020,Cro,04,04
2015-01-02,2255,S14E76,322,0060,Hax,03,01
2015-01-03,2246,N19W83,108,0090,Hsx,02,01
2015-01-03,2248,S19W55,080,0050,Hax,01,01
2015-01-03,2251,S12W21,047,0160,Dso,09,05
2015-01-03,2252,S20W01,026,0060,Hax,01,01
2015-01-03,2253,S06E22,003,0770,Ekc,12,22
2015-01-03,2254,S22W21,046,0010,Axx,00,01
2015-01-03,2255,S14E63,322,0090,Hsx,03,01
2015-01-03,2256,S08W47,072,0020,Cro,02,01
2015-01-04,2248,S19W68,080,0030,Hax,01,01
2015-01-04,2251,S13W35,047,0160,Dao,09,06
2015-01-04,2252,S20W15,027,0060,Hsx,02,02
2015-01-04,2253,S07E09,003,0900,Ekc,15,31
2015-01-04,2254,S22W35,047,0010,Axx,02,02
2015-01-04,2255,S15E51,321,0100,Cao,03,03
2015-01-04,2256,S08W61,073,0040,Cao,06,07
2015-01-05,2248,S19W82,081,0020,Hax,01,01
2015-01-05,2251,S13W48,047,0100,Dso,08,05
2015-01-05,2252,S20W27,026,0050,Hax,02,02
2015-01-05,2253,S07W04,003,0860,Ekc,15,42
2015-01-05,2255,S16E38,321,0160,Dai,04,09
2015-01-05,2256,S08W74,073,0030,Cao,06,05
2015-01-06,2251,S13W60,045,0070,Dao,07,03
2015-01-06,2252,S19W41,026,0010,Hax,01,01
2015-01-06,2253,S07W18,003,0700,Fkc,16,26
2015-01-06,2255,S16E24,321,0080,Dai,03,08
2015-01-06,2256,S06W90,075,0060,Cao,02,01
2015-01-07,2251,S13W74,046,0060,Hax,02,01
2015-01-07,2252,S20W54,026,0010,Axx,01,01
2015-01-07,2253,S06W30,002,0460,Fkc,16,31
2015-01-07,2255,S16E11,320,0100,Dso,05,05
2015-01-07,2257,N05E12,320,0040,Dao,04,03
2015-01-07,2258,N14E71,261,0010,Axx,01,01
2015-01-08,2251,S13W89,048,0050,Hax,02,01
2015-01-08,2252,S19W66,025,0010,Axx,01,01
2015-01-08,2253,S06W44,003,0210,Fac,17,24
2015-01-08,2255,S14W02,321,0090,Cso,07,06
2015-01-08,2257,N05W01,320,0100,Dai,07,13
2015-01-08,2258,N12E58,261,0030,Hrx,01,01
2015-01-09,2253,S06W57,002,0090,Esi,14,15
2015-01-09,2255,S14W16,321,0060,Hsx,03,05
2015-01-09,2257,N05W16,321,0170,Dai,07,19
2015-01-09,2258,N13E51,254,0030,Cro,11,06
2015-01-09,2259,S18E62,244,0200,Eao,11,06
2015-01-10,2253,S06W71,004,0070,Cso,14,08
2015-01-10,2255,S14W29,322,0050,Hax,03,02
2015-01-10,2257,N07W29,322,0480,Dki,08,28
2015-01-10,2258,N13E38,255,0030,Cro,12,03
2015-01-10,2259,S18E50,243,0280,Eko,11,05
2015-01-10,2260,N09E11,282,0040,Dao,06,08
2015-01-10,2261,S10E72,221,0030,Hsx,01,01
2015-01-11,2253,S06W85,005,0010,Axx,01,01
2015-01-11,2255,S16W44,324,0070,Dao,08,06
2015-01-11,2257,N07W42,322,0470,Ekc,11,35
2015-01-11,2258,N14E25,255,0020,Cro,13,04
2015-01-11,2259,S18E38,242,0290,Eko,12,09
2015-01-11,2260,N09W02,282,0030,Cro,09,07
2015-01-11,2261,S11E57,223,0030,Hsx,02,01
2015-01-11,2262,S00W18,298,0020,Cro,03,03
2015-01-12,2255,S15W55,322,0130,Eao,12,18
2015-01-12,2257,N07W55,322,0450,Ekc,11,24
2015-01-12,2258,N16E12,255,0010,Bxo,02,03
2015-01-12,2259,S16E26,241,0310,Eko,11,08
2015-01-12,2260,N09W17,284,0030,Cro,03,04
2015-01-12,2261,S11E45,222,0030,Hsx,02,02
2015-01-12,2262,S01W31,298,0020,Cro,04,04
2015-01-13,2255,S15W68,322,0110,Eao,11,11
2015-01-13,2257,N07W68,322,0380,Ekc,11,16
2015-01-13,2259,S15E13,239,0350,Eko,12,09
2015-01-13,2260,N09W33,285,0060,Dai,06,08
2015-01-13,2261,S11E31,223,0030,Hsx,02,01
2015-01-13,2262,S00W44,298,0020,Cro,07,06
2015-01-14,2255,S16W80,319,0110,Dao,08,07
2015-01-14,2257,N07W81,320,0240,Eac,11,06
2015-01-14,2259,S15W01,241,0360,Eko,13,10
2015-01-14,2260,N09W47,286,0060,Dao,07,04
2015-01-14,2261,S11E17,223,0030,Hax,02,01
2015-01-14,2262,N01W56,296,0040,Cso,07,05
2015-01-15,2255,S16W89,316,0080,Cao,07,03
2015-01-15,2257,N07W93,320,0120,Dao,05,03
2015-01-15,2259,S15W13,240,0260,Ekc,11,15
2015-01-15,2260,N10W59,286,0070,Cao,08,06
2015-01-15,2261,S11E04,223,0030,Hsx,01,01
2015-01-15,2262,S01W68,295,0010,Axx,01,01
2015-01-16,2259,S16W24,238,0160,Dac,07,13
2015-01-16,2260,N09W74,288,0060,Cso,08,04
2015-01-16,2261,S11W09,223,0020,Hax,02,01
2015-01-16,2263,N22E50,164,0030,Cro,03,04
2015-01-17,2259,S17W36,237,0130,Dai,06,13
2015-01-17,2260,N09W86,287,0030,Cao,05,04
2015-01-17,2261,S12W22,223,0020,Hsx,02,02
2015-01-17,2263,N22E36,165,0030,Dro,05,05
2015-01-17,2264,N09E46,155,0010,Axx,01,01
2015-01-18,2259,S16W48,236,0100,Dao,05,14
2015-01-18,2261,S11W34,222,0010,Axx,01,01
2015-01-18,2263,N22E21,167,0010,Bxo,06,04
2015-01-19,2259,S16W62,237,0090,Cso,03,05
2015-01-19,2261,S11W47,222,0000,Axx,01,01
2015-01-19,2263,N21E09,166,0010,Bxo,03,02
2015-01-19,2265,S23E04,180,0020,Cro,03,04
2015-01-19,2266,S06E11,164,0030,Cri,05,13
2015-01-20,2259,S16W74,235,0070,Hsx,02,01
2015-01-20,2265,S23W10,172,0020,Cao,04,04
2015-01-20,2266,S06W03,165,0130,Dai,06,16
2015-01-20,2267,N18E58,104,0030,Hax,01,01
2015-01-21,2259,S15W89,237,0040,Hsx,03,01
2015-01-21,2265,S21W24,172,0020,Cro,02,01
2015-01-21,2266,S06W18,167,0120,Dso,07,14
2015-01-21,2267,N18E44,105,0030,Hrx,01,01
2015-01-22,2265,S21W36,171,0010,Hrx,04,02
2015-01-22,2266,S06W31,166,0130,Dao,09,17
2015-01-22,2267,N18E32,103,0020,Hrx,01,01
2015-01-23,2265,S21W51,173,0010,Axx,01,01
2015-01-23,2266,S04W45,167,0110,Dao,09,07
2015-01-23,2267,N18E17,105,0010,Hrx,01,02
2015-01-23,2268,S10E67,054,0230,Dao,03,01
2015-01-23,2269,N08E36,085,0010,Bxo,03,02
2015-01-24,2266,S05W58,167,0080,Dso,09,04
2015-01-24,2267,N18E06,103,0010,Cro,03,02
2015-01-24,2268,S10E60,049,0420,Ekc,14,07
2015-01-24,2269,N08E22,087,0010,Bxo,04,05
2015-01-24,2270,S18E55,054,0010,Axx,01,02
2015-01-25,2266,S05W70,166,0060,Dso,07,03
2015-01-25,2267,N18W07,103,0010,Bxo,04,02
2015-01-25,2268,S10E48,048,0460,Ekc,15,08
2015-01-25,2269,N09E09,087,0010,Bxo,04,04
2015-01-26,2266,S05W84,167,0050,Cao,08,03
2015-01-26,2268,S10E35,048,0360,Eki,15,10
2015-01-26,2269,N09W06,089,0010,Bxo,06,03
2015-01-26,2271,N18E09,074,0040,Cao,06,09
2015-01-27,2268,S11E22,046,0430,Eki,15,16
2015-01-27,2269,N07W22,091,0030,Cro,05,03
2015-01-27,2271,N17W04,073,0060,Dai,05,10
2015-01-27,2272,N13E60,010,0030,Cao,03,02
2015-01-27,2273,S03E03,067,0010,Bxo,03,03
2015-01-27,2274,S03W05,074,0010,Bxo,03,03
2015-01-27,2275,S16W14,083,0010,Cso,03,03
2015-01-28,2268,S10E09,046,0480,Fkc,16,24
2015-01-28,2269,N07W36,091,0020,Cai,06,05
2015-01-28,2271,N18W18,074,0120,Dai,08,10
2015-01-28,2272,N13E49,006,0040,Cso,06,03
2015-01-28,2273,S03W12,067,0090,Dao,05,06
2015-01-28,2275,S17W26,082,0090,Dai,04,11
2015-01-29,2268,S10W05,048,0410,Fkc,16,29
2015-01-29,2269,N07W51,094,0010,Axx,06,01
2015-01-29,2271,N18W30,073,0110,Dai,08,10
2015-01-29,2272,N12E31,009,0030,Hax,02,01
2015-01-29,2273,N03W26,069,0050,Cao,05,04
2015-01-29,2275,S17W40,083,0200,Dai,06,11
2015-01-29,2276,S07E25,018,0010,Bxo,03,03
2015-01-29,2277,N07E67,336,0030,Hax,02,01
2015-01-30,2268,S10W17,047,0510,Fhc,16,35
2015-01-30,2271,N17W44,074,0170,Dac,10,20
2015-01-30,2272,N12E18,012,0020,Hax,02,02
2015-01-30,2273,S04W41,071,0040,Cao,02,05
2015-01-30,2275,S17W53,083,0140,Dao,06,10
2015-01-30,2276,S07E12,018,0010,Bxo,05,06
2015-01-30,2277,N07E61,329,0260,Fhc,20,17
2015-01-30,2278,S09E24,006,0010,Bxo,06,06
2015-01-31,2268,S10W31,048,0500,Fhc,17,38
2015-01-31,2271,N17W58,075,0230,Dac,10,13
2015-01-31,2272,N12E05,012,0020,Hax,01,01
2015-01-31,2273,S03W55,072,0030,Cao,05,05
2015-01-31,2275,S17W67,084,0140,Dao,06,07
2015-01-31,2276,S07W01,018,0010,Bxo,03,03
2015-01-31,2277,N08E47,330,0510,Fkc,21,41
2015-01-31,2278,S08E10,007,0010,Bxo,05,05
2015-02-01,2268,S10W44,048,0480,Fkc,18,23
2015-02-01,2271,N17W70,074,0220,Eao,11,06
2015-02-01,2272,N12W09,013,0020,Hax,01,01
2015-02-01,2273,S03W69,073,0020,Hrx,01,02
2015-02-01,2275,S17W80,084,0080,Dao,08,05
2015-02-01,2276,S07W16,020,0010,Bxo,03,03
2015-02-01,2277,N08E33,331,0480,Fkc,22,32
2015-02-01,2278,S08W04,008,0010,Axx,01,01
2015-02-02,2268,S11W57,048,0320,Fki,18,18
2015-02-02,2271,N18W84,075,0180,Eao,12,03
2015-02-02,2272,N13W22,013,0020,Hrx,01,02
2015-02-02,2273,S03W82,073,0010,Axx,01,01
2015-02-02,2275,S17W94,085,0060,Cao,07,02
2015-02-02,2277,N08E20,331,0440,Fkc,26,46
2015-02-03,2268,S11W71,048,0220,Fai,17,12
2015-02-03,2272,N13W36,013,0010,Axx,01,03
2015-02-03,2277,N08E06,331,0400,Fki,27,40
2015-02-03,2279,S19W58,035,0030,Cro,04,06
2015-02-03,2280,S09E55,282,0020,Bxo,05,06
2015-02-04,2268,S11W85,049,0220,Fai,17,12
2015-02-04,2277,N09W06,329,0440,Fko,28,36
2015-02-04,2279,S21W71,034,0030,Cro,06,03
2015-02-04,2280,S06E42,281,0080,Dai,05,10
2015-02-04,2281,N13E75,249,0060,Cao,02,01
2015-02-05,2277,N08W18,328,0490,Fki,28,34
2015-02-05,2279,S19W85,035,0010,Axx,01,01
2015-02-05,2280,S08E30,280,0150,Dac,10,07
2015-02-05,2281,N13E61,249,0050,Cao,10,03
2015-02-06,2277,S08W32,330,0340,Fki,28,42
2015-02-06,2280,S08E15,283,0140,Dac,10,09
2015-02-06,2281,N13E46,252,0080,Cao,10,05
2015-02-07,2277,N09W44,329,0200,Fai,28,20
2015-02-07,2280,S07E01,284,0160,Dac,10,16
2015-02-07,2281,N14E34,251,0080,Cao,08,05
2015-02-08,2277,N09W57,329,0200,Fai,27,14
2015-02-08,2280,S08W13,285,0180,Dac,09,19
2015-02-08,2281,N13E23,249,0070,Dao,04,06
2015-02-08,2282,N15E76,196,0030,Hsx,02,01
2015-02-09,2277,N09W70,328,0100,Fai,25,14
2015-02-09,2280,S07W25,283,0210,Dac,09,28
2015-02-09,2281,N14E09,249,0110,Dac,06,10
2015-02-09,2282,N15E65,193,0090,Cao,03,02
2015-02-10,2277,N09W83,328,0050,Cso,05,08
2015-02-10,2280,S07W40,285,0260,Ekc,11,16
2015-02-10,2281,N14W06,251,0050,Dac,08,11
2015-02-10,2282,N14E51,194,0110,Dso,03,07
2015-02-11,2277,N08W94,326,0030,Hsx,03,01
2015-02-11,2280,S07W53,284,0300,Ekc,11,17
2015-02-11,2281,N12W20,252,0060,Eac,11,14
2015-02-11,2282,N11E48,184,0220,Dso,09,10
2015-02-12,2280,S07W66,284,0240,Dac,10,16
2015-02-12,2281,N13W34,252,0020,Cao,14,17
2015-02-12,2282,N11E31,187,0250,Eho,13,13
2015-02-13,2280,S06W81,287,0140,Cso,06,03
2015-02-13,2282,N10E16,190,0240,Eso,13,15
2015-02-13,2283,N06W11,217,0020,Cro,03,02
2015-02-14,2280,S09W95,288,0030,Cso,02,02
2015-02-14,2282,N10E04,189,0220,Csi,12,10
2015-02-14,2283,N06W24,217,0010,Bxo,03,04
2015-02-14,2284,N14E56,137,0030,Cro,04,03
2015-02-15,2282,N11W09,188,0220,Csi,11,13
2015-02-15,2283,N07W38,217,0010,Axx,01,01
2015-02-15,2284,N13E43,136,0020,Cro,06,05
2015-02-16,2282,N11W24,190,0210,Cso,10,08
2015-02-16,2284,N14E29,137,0010,Bxo,06,02
2015-02-16,2285,S09W14,180,0020,Cro,03,05
2015-02-17,2282,N11W37,190,0210,Cso,09,10
2015-02-17,2284,N15E16,137,0000,Axx,01,01
2015-02-17,2285,S09W29,182,0010,Bxo,02,03
2015-02-18,2282,N11W51,191,0170,Cao,08,07
2015-02-18,2284,N14E04,136,0000,Axx,01,01
2015-02-18,2285,S08W43,183,0010,Axx,01,02
2015-02-19,2282,N11W64,191,0140,Cao,07,06
2015-02-19,2284,N14W09,136,0000,Axx,01,01
2015-02-19,2286,S18W66,193,0030,Cao,02,04
2015-02-19,2287,N14E21,106,0030,Dro,04,06
2015-02-19,2288,S07W39,165,0030,Cro,04,06
2015-02-19,2289,S07E69,058,0010,Axx,00,01
2015-02-19,2290,N19E70,057,0010,Axx,01,01
2015-02-20,2282,N10W76,188,0090,Hsx,06,02
2015-02-20,2286,S20W80,192,0030,Hsx,02,02
2015-02-20,2287,N14E08,104,0050,Dsi,06,10
2015-02-20,2288,S07W52,164,0030,Dso,05,04
2015-02-20,2289,S07E55,057,0010,Axx,01,01
2015-02-20,2290,N19E54,058,0030,Dro,05,07
2015-02-21,2287,N14W04,104,0030,Cri,08,05
2015-02-21,2288,S08W66,166,0040,Cao,06,04
2015-02-21,2289,S07E43,057,0010,Axx,01,01
2015-02-21,2290,N19E43,057,0020,Dri,04,03
2015-02-22,2287,N14W18,105,0030,Dro,07,05
2015-02-22,2288,S08W80,167,0040,Cao,08,05
2015-02-22,2289,S07E29,058,0010,Axx,01,01
2015-02-22,2290,N19E31,056,0030,Dro,07,03
2015-02-23,2287,N15W33,107,0020,Cro,04,03
2015-02-23,2289,S07E17,057,0010,Axx,01,01
2015-02-23,2290,N20E18,056,0030,Dro,07,03
2015-02-23,2291,N13W02,076,0010,Axx,03,02
2015-02-24,2287,N14W46,107,0030,Cro,05,04
2015-02-24,2290,N20E05,056,0040,Dao,06,08
2015-02-24,2292,S09E50,011,0010,Bxo,02,02
2015-02-25,2287,N14W59,106,0030,Cro,07,06
2015-02-25,2289,S09W10,057,0010,Bxo,06,04
2015-02-25,2290,N20W08,055,0070,Dai,07,11
2015-02-25,2292,S09E38,009,0010,Bxo,02,02
2015-02-26,2287,N14W72,107,0010,Axx,07,05
2015-02-26,2289,S10W23,058,0010,Axx,02,02
2015-02-26,2290,N19W22,057,0070,Dao,08,15
2015-02-26,2292,S08E25,010,0010,Axx,01,02
2015-02-27,2289,S10W37,058,0010,Axx,02,02
2015-02-27,2290,N19W36,057,0050,Cao,08,05
2015-02-27,2293,N06E42,339,0010,Axx,02,02
2015-02-28,2290,N19W50,058,0030,Cro,08,03
2015-02-28,2293,N06E29,339,0090,Dac,07,10
2015-02-28,2294,S14W14,022,0080,Dai,09,15
2015-03-01,2290,N22W63,058,0040,Cao,08,03
2015-03-01,2292,S09W16,011,0010,Axx,01,01
2015-03-01,2293,N06E15,340,0080,Dac,07,16
2015-03-01,2294,S14W28,023,0090,Dai,06,10
2015-03-02,2290,N20W83,065,0040,Hsx,04,02
2015-03-02,2292,S09W31,013,0030,Dai,05,05
2015-03-02,2293,N06E02,340,0080,Dac,09,15
2015-03-02,2294,S14W43,025,0060,Bxo,06,04
2015-03-03,2290,N22W94,063,0030,Hsx,06,01
2015-03-03,2292,S08W44,012,0070,Dai,06,08
2015-03-03,2293,N06W12,340,0060,Dai,10,15
2015-03-03,2294,S14W56,024,0010,Axx,01,01
2015-03-04,2292,S08W59,014,0090,Dac,08,11
2015-03-04,2293,N06W26,341,0050,Dao,08,07
2015-03-05,2292,S08W70,012,0180,Cai,08,13
2015-03-05,2293,N05W38,340,0070,Cao,10,10
2015-03-06,2293,N05W53,342,0065,Cao,10,09
2015-03-06,2295,S08W53,342,0010,Bxo,02,02
2015-03-07,2293,N05W68,344,0010,Axx,03,04
2015-03-07,2296,S11E24,252,0010,Bxo,02,02
2015-03-07,2297,S17E81,195,0030,Hrx,03,01
2015-03-08,2297,S17E66,197,0180,Dsi,09,10
2015-03-09,2297,S17E52,198,0260,Dhc,10,13
2015-03-10,2297,S16E39,196,0260,Dac,10,19
2015-03-11,2297,S16E26,197,0280,Dkc,10,32
2015-03-12,2297,S16E14,196,0350,Dkc,08,19
2015-03-12,2298,S11W38,248,0010,Bxo,03,03
2015-03-13,2297,S16W00,197,0340,Dkc,09,20
2015-03-13,2298,S11W52,249,0010,Cro,04,03
2015-03-13,2299,S07E60,137,0010,Cro,02,03
2015-03-14,2297,S17W13,196,0420,Dkc,10,23
2015-03-14,2298,S11W66,249,0010,Axx,05,03
2015-03-14,2299,S07E47,136,0010,Bxo,05,04
2015-03-14,2300,N13W51,234,0010,Bxo,03,03
2015-03-14,2301,S16E13,170,0020,Cro,03,04
2015-03-15,2297,S17W25,196,0320,Ekc,13,21
2015-03-15,2299,S05E32,139,0010,Axx,01,01
2015-03-15,2301,S16W00,171,0020,Cro,03,04
2015-03-16,2297,S18W38,195,0370,Ekc,13,21
2015-03-16,2299,S05E19,138,0010,Axx,01,01
2015-03-16,2301,S17W13,170,0010,Bxo,02,02
2015-03-17,2297,S17W52,196,0380,Ekc,11,24
2015-03-17,2299,S04E05,139,0000,Axx,01,01
2015-03-17,2301,S16W27,171,0010,Axx,01,02
2015-03-18,2297,S16W64,194,0390,Fkc,16,17
2015-03-18,2301,S16W41,172,0010,Axx,01,01
2015-03-18,2302,N10W54,184,0010,Cri,01,01
2015-03-18,2303,N19E65,066,0400,Hkx,02,01
2015-03-19,2297,S17W77,193,0290,Ekc,12,06
2015-03-19,2302,N10W79,195,0080,Cai,07,09
2015-03-19,2303,N19E51,067,0100,Hax,02,01
2015-03-20,2297,S17W88,193,0250,Cko,12,06
2015-03-20,2299,S04W38,143,0010,Bxo,03,02
2015-03-20,2302,N12W84,189,0080,Cai,07,08
2015-03-20,2303,N18E39,065,0070,Hax,03,02
2015-03-20,2304,N17W31,135,0010,Cro,02,03
2015-03-21,2303,N19E25,066,0110,Hsx,02,02
2015-03-21,2304,N16W45,136,0010,Bxo,04,05
2015-03-22,2303,N19E11,067,0120,Hsx,02,01
2015-03-22,2305,S08E67,011,0120,Dao,04,05
2015-03-22,2306,S17W52,130,0020,Cro,03,04
2015-03-23,2303,N20W02,067,0100,Cso,03,04
2015-03-23,2305,S08E58,007,0220,Eac,11,10
2015-03-23,2306,S18W66,131,0010,Bxo,02,02
2015-03-23,2307,S18E24,041,0020,Cro,04,05
2015-03-23,2308,N17W46,111,0020,Cao,04,04
2015-03-23,2309,N11W11,076,0010,Bxo,04,03
2015-03-24,2303,N20W15,066,0090,Cso,02,03
2015-03-24,2305,S08E44,008,0310,Ekc,11,15
2015-03-24,2307,S18E09,043,0020,Cro,06,03
2015-03-24,2308,N17W59,111,0040,Cao,07,05
2015-03-24,2309,N15W24,076,0020,Cro,03,03
2015-03-24,2310,N05E54,358,0020,Cao,01,05
2015-03-24,2311,N11W47,098,0030,Hrx,02,03
2015-03-24,2312,N08E68,343,0010,Axx,02,02
2015-03-25,2303,N19W30,069,0100,Cao,05,07
2015-03-25,2305,S08E32,007,0340,Ekc,13,15
2015-03-25,2307,S19W04,043,0010,Bxo,03,03
2015-03-25,2308,N16W75,114,0050,Hax,04,01
2015-03-25,2309,N14W36,075,0000,Axx,01,01
2015-03-25,2310,N06E41,358,0020,Cao,03,04
2015-03-25,2311,N11W60,099,0000,Axx,01,02
2015-03-25,2312,N08E54,345,0030,Cao,03,03
2015-03-25,2313,N18E63,336,0030,Hsx,02,01
2015-03-26,2303,N20W42,067,0080,Cao,08,04
2015-03-26,2305,S08E19,007,0400,Ekc,15,26
2015-03-26,2307,S18W17,043,0020,Cro,04,06
2015-03-26,2308,N15W88,114,0050,Hsx,02,01
2015-03-26,2310,N06E27,359,0020,Cao,02,02
2015-03-26,2312,N08E38,348,0030,Cao,02,05
2015-03-26,2313,N17E50,336,0050,Hsx,02,01
2015-03-27,2303,N20W54,066,0070,Hsx,02,02
2015-03-27,2305,S08E05,007,0390,Cki,14,16
2015-03-27,2307,S18W29,041,0030,Cro,04,05
2015-03-27,2310,N05E14,358,0010,Axx,01,02
2015-03-27,2312,N08E26,346,0020,Cro,03,04
2015-03-27,2313,N17E38,334,0050,Hax,02,01
2015-03-27,2314,S23E66,306,0020,Cro,03,03
2015-03-28,2303,N18W66,065,0050,Cao,05,01
2015-03-28,2305,S09W10,009,0410,Eki,13,17
2015-03-28,2307,S19W39,038,0010,Bxo,01,03
2015-03-28,2309,N14W79,078,0060,Dao,06,02
2015-03-28,2310,N04E01,358,0010,Bxo,01,02
2015-03-28,2312,N08E12,347,0010,Axx,00,01
2015-03-28,2313,N17E26,333,0030,Hsx,01,01
2015-03-28,2314,S21E54,305,0020,Cro,02,02
2015-03-29,2303,N18W78,063,0050,Dao,06,03
2015-03-29,2305,S08W19,004,0410,Eki,14,22
2015-03-29,2309,N15W87,072,0080,Dao,05,04
2015-03-29,2313,N17E11,334,0030,Hax,01,01
2015-03-29,2315,S19W16,360,0010,Cao,02,02
2015-03-30,2303,N18W92,065,0050,Dao,06,04
2015-03-30,2305,S10W36,009,0340,Dho,10,07
2015-03-30,2313,N17W01,334,0010,Hrx,01,01
2015-03-30,2315,S20W29,002,0030,Dro,05,08
2015-03-30,2316,S21E44,289,0020,Bxo,06,03
2015-03-31,2305,S10W51,011,0440,Dho,08,07
2015-03-31,2313,N17W15,335,0010,Hrx,01,01
2015-03-31,2315,S20W41,001,0030,Cro,07,05
2015-03-31,2316,S21E30,290,0010,Bxo,04,03
2015-04-01,2305,S11W64,010,0310,Cho,08,06
2015-04-01,2313,N18W26,332,0010,Bxo,03,03
2015-04-01,2315,S21W53,359,0020,Cao,07,03
2015-04-01,2316,S21E16,290,0010,Axx,01,01
2015-04-02,2305,S10W80,013,0470,Cho,06,02
2015-04-02,2312,N08W58,351,0010,Bxo,02,03
2015-04-02,2315,S21W66,359,0010,Bxo,03,06
2015-04-02,2316,S21E06,287,0000,Axx,01,02
2015-04-02,2317,N10W32,325,0030,Dro,03,06
2015-04-03,2305,S09W91,011,0220,Hsx,04,01
2015-04-03,2317,N09W45,324,0060,Dsi,05,10
2015-04-04,2317,N11W59,326,0050,Dai,08,06
2015-04-04,2318,N09E69,198,0020,Cro,04,03
2015-04-05,2317,N11W73,327,0040,Cao,08,07
2015-04-05,2318,N09E57,197,0040,Dao,07,06
2015-04-05,2319,S11E06,248,0020,Cro,03,06
2015-04-05,2320,S12E40,214,0030,Dao,04,09
2015-04-06,2317,N11W85,325,0030,Hsx,01,01
2015-04-06,2318,N10E41,199,0050,Dao,08,09
2015-04-06,2319,S10W06,246,0010,Axx,02,02
2015-04-06,2320,S12E28,212,0140,Dai,05,14
2015-04-07,2317,N09W90,317,0030,Cao,03,02
2015-04-07,2318,N09E28,199,0040,Cai,08,10
2015-04-07,2319,S10W22,249,0000,Axx,02,02
2015-04-07,2320,S12E16,211,0150,Dai,08,24
2015-04-08,2318,N07E17,196,0100,Cao,08,04
2015-04-08,2320,S12E02,211,0180,Dac,09,15
2015-04-09,2318,N08E02,198,0030,Cao,08,04
2015-04-09,2320,S12W13,213,0140,Eai,11,16
2015-04-10,2318,N08W08,195,0010,Bxo,05,04
2015-04-10,2320,S12W25,212,0140,Eac,11,13
2015-04-11,2318,N07W23,197,0010,Axx,02,03
2015-04-11,2320,S13W39,213,0130,Dai,08,11
2015-04-12,2318,N08W38,199,0010,Axx,01,01
2015-04-12,2320,S14W50,211,0090,Dai,07,12
2015-04-12,2321,N12E68,093,0200,Eac,11,05
2015-04-12,2322,N14E40,121,0020,Cro,03,02
2015-04-12,2323,S16W32,193,0010,Bxo,03,04
2015-04-13,2320,S14W64,212,0050,Dao,08,06
2015-04-13,2321,N13E54,094,0610,Ekc,12,11
2015-04-13,2322,N14E26,122,0030,Dro,05,03
2015-04-13,2323,S16W48,196,0030,Dro,04,04
2015-04-14,2320,S14W78,213,0070,Dao,08,06
2015-04-14,2321,N13E40,095,0620,Ekc,13,14
2015-04-14,2322,N14E12,123,0030,Dao,05,04
2015-04-14,2323,S16W62,197,0020,Bxo,04,04
2015-04-15,2320,S14W92,214,0070,Dao,08,03
2015-04-15,2321,N13E26,096,0620,Ekc,13,14
2015-04-15,2322,N14W02,124,0020,Bxo,05,03
2015-04-15,2323,S16W76,198,0060,Bxo,04,05
2015-04-15,2324,N19E59,062,0390,Dki,04,11
2015-04-15,2325,N04E67,053,0130,Hsx,03,01
2015-04-16,2321,N12E16,093,0480,Ekc,14,20
2015-04-16,2322,N14W13,121,0010,Bxo,05,03
2015-04-16,2323,S17W85,195,0030,Hsx,01,01
2015-04-16,2324,N18E46,062,0430,Dko,04,07
2015-04-16,2325,N05E56,052,0200,Cso,09,04
2015-04-17,2321,N12E02,093,0380,Ekc,14,16
2015-04-17,2322,N12W25,120,0010,Bxo,05,02
2015-04-17,2324,N18E34,061,0300,Dkc,05,06
2015-04-17,2325,N05E44,051,0200,Cso,05,04
2015-04-17,2326,N15E12,083,0030,Cao,05,07
2015-04-18,2321,N11W08,090,0320,Ekc,14,17
2015-04-18,2324,N19E23,058,0250,Cki,06,09
2015-04-18,2325,N04E32,049,0140,Dai,06,08
2015-04-18,2326,N15W02,083,0030,Cri,05,06
2015-04-18,2327,S10E70,012,0140,Cso,03,03
2015-04-19,2321,N11W22,090,0180,Eac,14,16
2015-04-19,2322,N16W50,118,0010,Bxo,02,02
2015-04-19,2324,N19E08,060,0360,Dko,05,06
2015-04-19,2325,N05E18,050,0160,Cai,11,09
2015-04-19,2326,N15W16,085,0010,Bxo,05,05
2015-04-19,2327,S09E57,011,0140,Cso,03,02
2015-04-19,2328,S02W69,137,0010,Bxo,05,04
2015-04-20,2321,N11W36,092,0130,Eai,14,33
2015-04-20,2322,N13W62,118,0010,Bxo,04,03
2015-04-20,2324,N19W04,060,0330,Cki,08,12
2015-04-20,2325,N05E06,050,0220,Cai,10,12
2015-04-20,2327,S09E44,012,0140,Cso,03,05
2015-04-20,2328,S01W84,140,0010,Axx,01,01
2015-04-20,2329,S08W48,104,0040,Cso,06,06
2015-04-21,2321,N10W49,090,0080,Cso,14,09
2015-04-21,2322,N11W71,112,0030,Cro,03,03
2015-04-21,2324,N19W16,058,0230,Dki,07,09
2015-04-21,2325,N05W09,051,0220,Cko,10,08
2015-04-21,2326,N15W41,082,0010,Axx,01,01
2015-04-21,2327,S09E30,012,0110,Cso,04,04
2015-04-21,2329,S08W62,104,0040,Cro,06,08
2015-04-21,2330,N15E32,009,0030,Dso,04,03
2015-04-22,2321,N07W58,087,0030,Hsx,01,01
2015-04-22,2322,N11W87,116,0060,Dac,09,10
2015-04-22,2324,N19W33,062,0170,Cai,11,16
2015-04-22,2325,N06W24,053,0210,Dao,04,08
2015-04-22,2327,S10E17,012,0090,Hsx,03,03
2015-04-22,2329,S08W79,108,0050,Cro,08,09
2015-04-22,2330,N15E18,011,0020,Cso,05,04
2015-04-22,2331,S10E10,019,0030,Bxi,03,10
2015-04-22,2332,S13W17,046,0010,Bxo,01,02
2015-04-23,2321,N07W73,089,0030,Hsx,01,01
2015-04-23,2324,N19W47,063,0165,Cai,11,14
2015-04-23,2325,N06W39,055,0205,Cao,05,07
2015-04-23,2327,S10E03,013,0090,Hsx,03,03
2015-04-23,2329,S08W93,109,0050,Cro,08,08
2015-04-23,2331,S10W04,020,0040,Dac,05,15
2015-04-23,2332,S13W31,047,0020,Cro,02,05
2015-04-23,2333,N19E62,312,0030,Hrx,01,01
2015-04-24,2321,N08W84,086,0030,Hsx,01,01
2015-04-24,2324,N19W59,061,0060,Hax,05,05
2015-04-24,2325,N05W52,054,0240,Hsx,04,01
2015-04-24,2326,N20W83,086,0080,Cao,07,07
2015-04-24,2327,S08W10,012,0090,Hsx,03,01
2015-04-24,2331,S09W19,021,0090,Dai,07,11
2015-04-24,2332,S13W43,045,0010,Bxo,02,02
2015-04-24,2333,N20E51,311,0030,Hax,02,02
2015-04-25,2324,N19W72,061,0040,Hsx,02,01
2015-04-25,2325,N05W67,056,0160,Hsx,03,01
2015-04-25,2326,N19W96,085,0010,Bxo,04,02
2015-04-25,2327,S09W24,012,0090,Hsx,03,01
2015-04-25,2331,S10W33,021,0150,Dai,09,12
2015-04-25,2333,N20E37,312,0030,Hax,02,02
2015-04-26,2324,N19W86,062,0010,Axx,01,01
2015-04-26,2325,N04W79,055,0220,Hsx,03,01
2015-04-26,2327,S10W37,012,0080,Hsx,02,02
2015-04-26,2331,S09W47,022,0220,Dai,08,18
2015-04-26,2333,N20E25,310,0020,Hax,02,05
2015-04-27,2325,N04W94,057,0220,Hsx,03,01
2015-04-27,2327,S08W49,011,0060,Cso,05,03
2015-04-27,2331,S10W59,021,0240,Dai,10,09
2015-04-27,2333,N20E12,310,0010,Hrx,01,02
2015-04-28,2327,S08W63,013,0040,Cso,03,02
2015-04-28,2331,S09W73,022,0190,Dao,08,07
2015-04-28,2333,N20W00,309,0010,Hrx,02,03
2015-04-29,2327,S07W77,013,0020,Hsx,01,01
2015-04-29,2331,S09W87,023,0210,Dao,07,02
2015-04-29,2333,N21W12,308,0010,Axx,02,03
2015-04-30,2327,S08W90,012,0020,Hsx,02,02
2015-04-30,2333,N22W27,309,0010,Bxo,02,04
2015-05-01,2334,S19E11,259,0020,Cro,03,04
2015-05-01,2335,S15E76,194,0030,Hsx,02,03
2015-05-02,2335,S15E63,194,0070,Dao,06,03
2015-05-03,2335,S15E52,192,0220,Dai,08,15
2015-05-04,2335,S16E37,194,0170,Dac,10,20
2015-05-04,2336,N13E12,219,0010,Bxo,04,03
2015-05-04,2337,S16E56,175,0010,Axx,02,02
2015-05-04,2338,N04E56,175,0010,Axx,01,02
2015-05-05,2335,S15E24,192,0310,Eac,11,30
2015-05-05,2336,N13W00,216,0030,Dro,05,09
2015-05-05,2337,S16E42,173,0010,Bxo,02,02
2015-05-05,2338,N04E42,173,0020,Bxo,05,04
2015-05-06,2335,S16E11,192,0280,Ekc,11,25
2015-05-06,2336,N13W14,218,0040,Dso,05,10
2015-05-06,2337,S17E28,175,0010,Bxo,02,02
2015-05-06,2338,N03E29,173,0070,Dso,07,07
2015-05-06,2339,N12E70,133,0250,Ekc,11,05
2015-05-07,2335,S13W03,193,0220,Eac,13,28
2015-05-07,2336,N10W28,218,0030,Cro,05,07
2015-05-07,2337,S15E15,175,0010,Cso,03,03
2015-05-07,2338,N04E15,174,0090,Dao,08,07
2015-05-07,2339,N12E59,131,0590,Fkc,17,15
2015-05-08,2335,S16W17,195,0180,Eac,13,27
2015-05-08,2336,N11W44,222,0010,Axx,02,03
2015-05-08,2337,S18E03,175,0030,Cao,04,05
2015-05-08,2338,N03E02,176,0040,Dao,08,04
2015-05-08,2339,N13E47,131,0730,Fkc,17,20
2015-05-08,2340,S06E65,113,0030,Hrx,01,01
2015-05-08,2341,S19E73,105,0060,Hsx,01,01
2015-05-09,2335,S16W31,195,0120,Eai,13,15
2015-05-09,2336,N13W57,221,0010,Bxo,01,02
2015-05-09,2337,S18W11,175,0010,Bxo,04,03
2015-05-09,2338,N04W11,175,0050,Dso,08,07
2015-05-09,2339,N13E35,129,0900,Fkc,21,32
2015-05-09,2340,S07E52,112,0050,Cao,03,04
2015-05-09,2341,S20E60,104,0090,Hsx,02,01
2015-05-10,2335,S16W42,193,0040,Cao,11,08
2015-05-10,2337,S17W23,174,0020,Cro,04,04
2015-05-10,2338,N05W24,175,0020,Cro,08,04
2015-05-10,2339,N12E24,127,0840,Fkc,20,40
2015-05-10,2340,S09E38,113,0040,Cao,03,05
2015-05-10,2341,S20E47,104,0070,Hsx,02,01
2015-05-10,2342,N18E63,088,0030,Cro,04,04
2015-05-11,2335,S15W59,197,0030,Cro,05,04
2015-05-11,2337,S16W37,175,0030,Cso,05,04
2015-05-11,2339,N13E08,130,0820,Fkc,22,35
2015-05-11,2340,S08E26,112,0020,Cao,03,03
2015-05-11,2341,S19E33,105,0080,Hsx,02,01
2015-05-11,2342,N18E48,090,0030,Cro,04,04
2015-05-11,2343,N10E39,099,0020,Cro,02,02
2015-05-11,2344,S10E71,067,0030,Hax,03,01
2015-05-12,2335,S16W71,195,0040,Cso,05,04
2015-05-12,2339,N13W05,129,0760,Fkc,19,60
2015-05-12,2340,S08E12,113,0020,Hrx,03,05
2015-05-12,2341,S19E20,104,0100,Hsx,02,01
2015-05-12,2342,N18E35,088,0050,Dai,07,05
2015-05-12,2343,N10E25,098,0020,Cro,04,06
2015-05-12,2344,S10E58,065,0060,Cso,05,02
2015-05-12,2345,N12E02,121,0010,Axx,02,03
2015-05-12,2346,S12E69,054,0050,Hsx,01,01
2015-05-12,2347,N06E68,055,0020,Hsx,01,01
2015-05-13,2335,S14W85,196,0010,Bxo,03,02
2015-05-13,2339,N14W19,130,0670,Fkc,18,51
2015-05-13,2340,S07W00,111,0010,Axx,01,01
2015-05-13,2341,S19E07,103,0070,Hsx,02,01
2015-05-13,2342,N18E22,088,0030,Cro,07,05
2015-05-13,2343,N11E12,098,0010,Bxo,04,02
2015-05-13,2344,S10E45,065,0040,Cso,07,03
2015-05-13,2345,N15W06,116,0010,Bxo,03,03
2015-05-13,2346,S07E55,055,0050,Hsx,02,01
2015-05-13,2347,N05E54,056,0010,Axx,01,01
2015-05-14,2339,N13W34,131,0310,Fkc,19,37
2015-05-14,2340,S08W13,110,0000,Axx,02,02
2015-05-14,2341,S19W05,102,0080,Hsx,02,01
2015-05-14,2342,N18E08,089,0060,Cro,08,09
2015-05-14,2344,S10E33,064,0050,Cso,07,02
2015-05-14,2345,N16W16,113,0020,Axx,01,02
2015-05-14,2346,S06E42,055,0060,Hsx,02,01
2015-05-14,2347,N05E39,059,0010,Axx,01,01
2015-05-15,2339,N11W45,129,0400,Fac,19,21
2015-05-15,2341,S20W18,102,0080,Hsx,02,01
2015-05-15,2342,N17W06,090,0060,Cso,06,06
2015-05-15,2343,N09W13,097,0010,Bxo,02,03
2015-05-15,2344,S10E21,064,0040,Cso,08,02
2015-05-15,2346,S08E28,056,0050,Cso,07,07
2015-05-15,2347,N05E26,058,0010,Axx,01,01
2015-05-15,2348,S09E60,024,0100,Hsx,02,05
2015-05-16,2339,N12W59,131,0310,Fkc,19,26
2015-05-16,2341,S20W31,103,0070,Hsx,02,01
2015-05-16,2342,N17W22,094,0070,Hsx,02,03
2015-05-16,2344,S09E02,070,0050,Hax,02,02
2015-05-16,2346,S08E15,057,0030,Cao,07,07
2015-05-16,2347,N05E13,059,0000,Axx,01,01
2015-05-16,2348,S10E48,024,0110,Hsx,03,03
2015-05-17,2339,N11W72,131,0300,Fkc,18,20
2015-05-17,2341,S20W45,104,0060,Hsx,02,02
2015-05-17,2342,N17W35,094,0060,Hsx,02,02
2015-05-17,2344,S09W13,072,0030,Hax,02,02
2015-05-17,2346,S08W00,059,0020,Cro,07,05
2015-05-17,2347,N04W01,059,0010,Axx,01,01
2015-05-17,2348,S11E34,025,0110,Hsx,02,01
2015-05-18,2339,N12W80,125,0240,Dso,09,05
2015-05-18,2341,S19W58,103,0060,Hsx,02,02
2015-05-18,2342,N17W51,096,0080,Hsx,02,01
2015-05-18,2344,S09W26,071,0020,Hax,01,02
2015-05-18,2346,S07W13,058,0010,Bxo,04,04
2015-05-18,2348,S10E21,024,0100,Hsx,02,01
2015-05-19,2339,N11W96,127,0070,Hsx,10,01
2015-05-19,2341,S19W71,103,0070,Hsx,05,02
2015-05-19,2342,N17W64,096,0070,Hsx,03,03
2015-05-19,2344,S09W39,071,0020,Hrx,01,01
2015-05-19,2348,S10E07,025,0090,Hax,02,02
2015-05-19,2349,S20E34,357,0010,Bxo,03,02
2015-05-19,2350,S16E23,009,0010,Bxo,04,02
2015-05-20,2341,S20W83,101,0010,Axx,01,01
2015-05-20,2342,N16W73,093,0090,Cao,07,03
2015-05-20,2344,S10W53,071,0010,Cro,03,01
2015-05-20,2348,S10W06,024,0080,Hax,04,02
2015-05-20,2349,S21E18,360,0010,Bxo,07,03
2015-05-20,2350,S15E07,011,0010,Axx,01,01
2015-05-20,2351,N22E49,328,0010,Bxo,04,03
2015-05-21,2342,N18W92,096,0010,Bxo,10,01
2015-05-21,2344,S10W67,073,0010,Cro,03,01
2015-05-21,2346,S06W55,060,0010,Bxo,04,04
2015-05-21,2348,S10W20,026,0080,Hax,04,01
2015-05-21,2351,N22E34,330,0020,Cso,05,04
2015-05-22,2346,S06W69,061,0020,Cro,04,02
2015-05-22,2348,S11W32,024,0040,Hax,02,01
2015-05-22,2349,S21W10,359,0010,Bxo,04,03
2015-05-23,2346,S05W82,060,0010,Bxo,03,02
2015-05-23,2348,S11W45,024,0050,Hsx,01,01
2015-05-23,2349,S21W20,359,0020,Bxo,05,05
2015-05-23,2351,N22E05,334,0010,Axx,01,01
2015-05-23,2352,N05E10,328,0030,Bxi,06,08
2015-05-23,2353,N07W03,341,0040,Cro,06,04
2015-05-24,2348,S12W59,025,0040,Hsx,02,01
2015-05-24,2349,S21W36,002,0040,Cao,06,05
2015-05-24,2352,N05W03,329,0010,Bxo,06,04
2015-05-24,2353,N07W18,344,0050,Dao,06,07
2015-05-24,2354,S21W15,341,0010,Cro,03,02
2015-05-25,2348,S12W72,025,0030,Hsx,02,01
2015-05-25,2349,S21W49,002,0060,Dao,05,08
2015-05-25,2353,N07W31,344,0060,Dao,05,09
2015-05-25,2354,S21W30,343,0000,Axx,01,01
2015-05-25,2355,S10E41,272,0030,Cao,04,05
2015-05-26,2348,S11W84,024,0030,Hsx,02,01
2015-05-26,2349,S20W62,002,0050,Cao,06,05
2015-05-26,2353,N07W45,345,0070,Cao,05,05
2015-05-26,2354,S21W43,343,0000,Axx,01,01
2015-05-26,2355,S10E28,272,0030,Cao,03,04
2015-05-27,2349,S19W76,002,0040,Cso,03,02
2015-05-27,2353,N07W59,345,0030,Cso,03,02
2015-05-27,2354,S19W56,342,0010,Axx,00,01
2015-05-27,2355,S09E14,271,0020,Cro,02,03
2015-05-28,2353,N07W74,347,0030,Hrx,03,02
2015-05-28,2354,S19W74,345,0010,Axx,02,02
2015-05-29,2356,S15E61,199,0060,Hax,02,01
2015-05-30,2356,S15E47,200,0060,Hsx,02,01
2015-05-30,2357,N09E45,202,0010,Bxo,03,02
2015-05-31,2356,S16E34,199,0070,Cso,02,03
2015-05-31,2357,N09E33,200,0020,Cro,03,04
2015-06-01,2355,S09W54,274,0010,Bxo,01,02
2015-06-01,2356,S16E20,200,0060,Cao,03,03
2015-06-01,2357,N09E21,199,0010,Axx,01,01
2015-06-01,2358,S03E71,149,0060,Hsx,02,01
2015-06-02,2356,S16E07,200,0050,Hax,02,02
2015-06-02,2358,S03E58,149,0040,Hax,02,02
2015-06-02,2359,S14W02,208,0010,Bxo,05,04
2015-06-03,2356,S16W07,201,0060,Cao,02,03
2015-06-03,2358,S03E43,151,0040,Hax,02,02
2015-06-03,2359,S14W16,210,0010,Bxo,05,04
2015-06-04,2356,S16W20,199,0050,Hax,02,01
2015-06-04,2358,S03E30,149,0030,Cso,03,04
2015-06-04,2359,S16W26,207,0010,Bxo,03,05
2015-06-04,2360,N12E52,127,0050,Dao,07,05
2015-06-05,2356,S15W33,199,0050,Hax,01,01
2015-06-05,2358,S03E20,146,0010,Bxo,03,02
2015-06-05,2359,S14W41,207,0010,Bxo,04,02
2015-06-05,2360,N13E39,128,0100,Dai,09,09
2015-06-05,2361,N16E64,101,0080,Dai,04,03
2015-06-05,2362,N07E69,098,0090,Dao,06,03
2015-06-06,2356,S16W46,199,0070,Hsx,03,03
2015-06-06,2358,S04E09,145,0010,Axx,01,02
2015-06-06,2359,S13W55,209,0010,Axx,01,01
2015-06-06,2360,N14E23,131,0080,Dao,08,10
2015-06-06,2361,N16E51,103,0090,Dai,05,09
2015-06-06,2362,N07E55,099,0150,Dao,04,07
2015-06-06,2363,N04W16,170,0010,Bxo,03,03
2015-06-07,2356,S16W59,200,0070,Hsx,02,01
2015-06-07,2358,S04W06,147,0010,Axx,02,03
2015-06-07,2360,N15E09,132,0090,Dai,10,10
2015-06-07,2361,N16E36,105,0110,Dai,05,16
2015-06-07,2362,N07E41,100,0210,Dai,08,10
2015-06-07,2363,N04W30,171,0010,Bxo,03,03
2015-06-07,2364,S05E64,077,0010,Bxo,02,03
2015-06-07,2365,S13E64,077,0070,Cso,04,03
2015-06-08,2356,S16W72,200,0070,Hsx,02,01
2015-06-08,2358,S03W21,149,0000,Axx,02,02
2015-06-08,2360,N15W04,132,0140,Eac,11,13
2015-06-08,2361,N16E22,106,0080,Dai,05,07
2015-06-08,2362,N05E27,101,0140,Dao,08,08
2015-06-08,2363,N04W45,173,0010,Axx,02,02
2015-06-08,2364,S06E49,079,0010,Bxo,03,05
2015-06-08,2365,S13E48,080,0090,Cso,06,05
2015-06-08,2366,N17E45,083,0020,Cro,05,03
2015-06-09,2356,S16W86,200,0030,Hsx,02,01
2015-06-09,2360,N15W17,131,0130,Eac,11,20
2015-06-09,2361,N17E10,103,0040,Cao,06,05
2015-06-09,2362,N06E14,100,0120,Dao,08,11
2015-06-09,2364,S05E35,079,0010,Bxo,04,05
2015-06-09,2365,S13E36,078,0070,Cao,06,06
2015-06-09,2366,N17E33,081,0020,Cro,06,04
2015-06-10,2360,N15W31,132,0120,Eai,11,20
2015-06-10,2361,N17W04,105,0040,Cao,04,05
2015-06-10,2362,N06W01,102,0100,Dso,08,11
2015-06-10,2364,S07E24,077,0010,Axx,01,03
2015-06-10,2365,S13E22,079,0060,Cao,06,06
2015-06-10,2366,N17E19,082,0020,Cro,06,05
2015-06-11,2360,N15W43,131,0070,Eai,12,20
2015-06-11,2361,N17W16,104,0020,Cso,09,03
2015-06-11,2362,N06W13,101,0050,Cso,08,07
2015-06-11,2364,S07E11,077,0010,Axx,01,02
2015-06-11,2365,S13E07,081,0060,Cao,03,04
2015-06-11,2366,N17E05,083,0040,Dao,05,09
2015-06-12,2360,N14W55,130,0090,Eai,12,13
2015-06-12,2361,N17W30,105,0010,Axx,01,01
2015-06-12,2362,N06W26,101,0030,Cso,08,06
2015-06-12,2365,S12W05,080,0100,Cso,05,08
2015-06-12,2366,N17W08,083,0060,Dao,08,08
2015-06-12,2367,S19E70,005,0030,Dro,05,05
2015-06-13,2360,N15W68,129,0220,Eac,12,16
2015-06-13,2362,N08W39,100,0020,Cro,06,03
2015-06-13,2365,S13W18,079,0140,Cao,07,10
2015-06-13,2366,N17W20,081,0050,Dai,09,08
2015-06-13,2367,S18E58,003,0200,Dao,09,09
2015-06-14,2360,N15W82,130,0150,Eai,13,06
2015-06-14,2362,N08W51,099,0010,Hrx,01,01
2015-06-14,2365,S15W33,081,0090,Cao,07,07
2015-06-14,2366,N17W33,081,0060,Cai,09,10
2015-06-14,2367,S20E44,004,0300,Eki,11,12
2015-06-14,2369,N06E55,353,0000,Axx,01,01
2015-06-15,2360,N15W91,126,0060,Cao,05,02
2015-06-15,2362,N07W63,098,0010,Hrx,01,01
2015-06-15,2365,S15W47,082,0100,Cao,06,09
2015-06-15,2366,N16W45,080,0010,Bxo,07,06
2015-06-15,2367,S20E34,001,0340,Ekc,11,15
2015-06-15,2368,S06W65,100,0010,Bxo,03,04
2015-06-15,2370,N18E23,012,0020,Cri,04,10
2015-06-16,2365,S13W61,083,0090,Cso,05,04
2015-06-16,2366,N16W57,079,0000,Axx,00,01
2015-06-16,2367,S20E20,002,0400,Ekc,12,29
2015-06-16,2368,S06W79,101,0000,Axx,00,01
2015-06-16,2369,N06E33,349,0010,Bxo,01,02
2015-06-16,2370,N18E10,012,0020,Cro,06,10
2015-06-17,2365,S12W74,081,0060,Cao,02,02
2015-06-17,2367,S20E05,002,0360,Ehc,11,22
2015-06-17,2369,N06E16,351,0060,Hsx,03,06
2015-06-17,2370,N18W07,014,0010,Bxo,03,04
2015-06-17,2371,N11E66,301,0190,Dso,06,03
2015-06-18,2365,S13W88,082,0060,Hsx,02,01
2015-06-18,2367,S20W07,002,0340,Ekc,11,21
2015-06-18,2369,N07E03,352,0010,Bxo,04,05
2015-06-18,2370,N17W20,015,0010,Axx,01,01
2015-06-18,2371,N12E53,302,0520,Ekc,12,16
2015-06-19,2367,S20W21,003,0300,Eki,14,23
2015-06-19,2369,N06W12,354,0010,Bxo,02,03
2015-06-19,2371,N12E39,303,0810,Ekc,12,26
2015-06-20,2367,S20W35,004,0300,Eki,14,23
2015-06-20,2371,N13E27,301,1020,Ekc,14,31
2015-06-21,2367,S20W49,005,0290,Eki,12,34
2015-06-21,2371,N13E14,302,1120,Ekc,15,35
2015-06-22,2367,S18W64,006,0230,Dac,08,17
2015-06-22,2371,N13W00,302,1180,Fkc,16,42
2015-06-23,2367,S19W77,006,0240,Eac,11,09
2015-06-23,2371,N13W13,302,1070,Fkc,17,34
2015-06-23,2372,N20W68,357,0010,Bxo,03,04
2015-06-24,2367,S20W92,007,0120,Eac,12,07
2015-06-24,2371,N12W28,303,0950,Fkc,17,34
2015-06-25,2371,N11W40,302,0740,Fkc,16,29
2015-06-26,2371,N12W53,301,0580,Fkc,16,23
2015-06-27,2371,N13W64,300,0550,Fkc,16,18
2015-06-28,2371,N12W79,302,0430,Ekc,15,15
2015-06-29,2371,N13W92,302,0130,Cao,05,03
2015-06-29,2373,N15E67,143,0080,Dso,05,03
2015-06-29,2374,N08W01,211,0010,Bxo,03,03
2015-06-30,2373,N15E55,141,0120,Fso,20,04
2015-06-30,2374,N09W16,212,0010,Axx,01,01
2015-06-30,2375,S12E69,127,0050,Hsx,02,01
2015-07-01,2373,N15E41,142,0100,Cao,10,05
2015-07-01,2375,S10E56,127,0070,Hax,02,01
2015-07-01,2376,N13E57,126,0100,Eao,12,05
2015-07-02,2373,N16E29,141,0150,Dso,09,08
2015-07-02,2375,S09E44,126,0080,Hsx,02,01
2015-07-02,2376,N13E46,124,0150,Eai,14,10
2015-07-03,2373,N16E15,141,0130,Cso,08,06
2015-07-03,2375,S10E30,126,0040,Hsx,02,01
2015-07-03,2376,N13E32,124,0120,Eao,14,11
2015-07-03,2377,S11W36,192,0010,Hrx,02,01
2015-07-03,2378,S15E64,092,0040,Cso,05,04
2015-07-04,2373,N16W00,143,0110,Cso,08,07
2015-07-04,2375,S10E17,126,0030,Hsx,02,01
2015-07-04,2376,N12E16,127,0100,Eao,13,12
2015-07-04,2377,S10W52,195,0010,Axx,01,01
2015-07-04,2378,S17E56,087,0080,Dso,04,05
2015-07-04,2379,S15E45,098,0010,Bxo,04,05
2015-07-05,2373,N16W14,144,0100,Cso,08,08
2015-07-05,2375,S10E04,126,0040,Hsx,02,01
2015-07-05,2376,N12E02,128,0090,Dao,09,07
2015-07-05,2377,S10W65,195,0010,Axx,01,01
2015-07-05,2378,S16E44,086,0090,Cso,04,04
2015-07-05,2379,S14E33,097,0020,Cro,05,05
2015-07-05,2380,N08W29,159,0010,Hrx,02,01
2015-07-05,2381,N16E57,073,0030,Cro,04,04
2015-07-06,2373,N16W27,144,0070,Cso,05,05
2015-07-06,2375,S11W09,126,0060,Hsx,02,01
2015-07-06,2376,N12W10,127,0060,Dao,10,08
2015-07-06,2377,S10W79,196,0010,Axx,01,01
2015-07-06,2378,S17E32,085,0070,Cso,05,06
2015-07-06,2379,S15E21,096,0030,Dro,06,07
2015-07-06,2380,N09W42,159,0010,Axx,01,01
2015-07-06,2381,N15E44,073,0100,Dao,07,10
2015-07-06,2382,S05E02,115,0010,Bxo,01,02
2015-07-07,2373,N15W40,144,0080,Cso,03,03
2015-07-07,2375,S11W22,126,0060,Hsx,02,02
2015-07-07,2376,N12W24,128,0050,Cao,10,09
2015-07-07,2378,S17E18,086,0060,Hax,02,03
2015-07-07,2379,S15E07,097,0030,Dro,06,07
2015-07-07,2381,N14E31,072,0350,Ekc,11,14
2015-07-07,2382,S05W13,117,0000,Axx,01,01
2015-07-08,2373,N16W55,144,0050,Hsx,02,01
2015-07-08,2375,S10W36,126,0050,Hsx,02,01
2015-07-08,2376,N12W38,127,0060,Cao,13,08
2015-07-08,2378,S17E03,086,0050,Hsx,02,03
2015-07-08,2379,S13W07,097,0020,Cro,09,07
2015-07-08,2381,N14E17,073,0450,Ekc,12,25
2015-07-08,2383,S06E04,085,0020,Dro,03,03
2015-07-09,2373,N16W67,144,0040,Hsx,02,01
2015-07-09,2375,S09W49,126,0050,Hsx,02,01
2015-07-09,2376,N12W55,130,0010,Axx,02,02
2015-07-09,2378,S16W09,086,0050,Hsx,03,04
2015-07-09,2379,S11W24,100,0010,Axx,02,04
2015-07-09,2381,N14E03,074,0550,Eko,14,28
2015-07-09,2383,S07W10,087,0010,Bxo,05,09
2015-07-09,2384,S18E62,015,0120,Hsx,02,02
2015-07-10,2373,N16W81,145,0040,Hsx,01,01
2015-07-10,2375,S09W62,126,0050,Hsx,02,01
2015-07-10,2376,N12W70,133,0010,Axx,02,03
2015-07-10,2378,S10W23,087,0020,Hsx,01,02
2015-07-10,2379,S09W39,103,0010,Bxo,02,03
2015-07-10,2381,N14W11,074,0500,Eko,15,19
2015-07-10,2383,S06W24,087,0050,Dso,05,10
2015-07-10,2384,S17E47,017,0140,Hsx,02,01
2015-07-11,2373,N16W93,144,0030,Hsx,01,01
2015-07-11,2375,S09W75,126,0040,Hsx,01,01
2015-07-11,2378,S15W33,084,0010,Bxo,07,03
2015-07-11,2379,S11W52,103,0010,Axx,02,04
2015-07-11,2381,N15W24,075,0400,Fko,16,15
2015-07-11,2383,S06W37,088,0010,Bxo,06,03
2015-07-11,2384,S18E36,015,0180,Cso,02,04
2015-07-11,2385,N07W53,104,0030,Dri,03,13
2015-07-12,2375,S09W89,127,0040,Hax,01,01
2015-07-12,2378,S16W49,087,0010,Axx,01,01
2015-07-12,2381,N15W37,075,0380,Fko,16,11
2015-07-12,2383,S06W52,090,0010,Bxo,06,02
2015-07-12,2384,S18E23,015,0180,Cao,03,05
2015-07-12,2385,N08W68,106,0110,Dao,07,11
2015-07-13,2381,N15W51,075,0360,Fko,16,05
2015-07-13,2384,S18E09,015,0170,Cao,03,07
2015-07-13,2385,N08W82,106,0100,Dao,08,06
2015-07-13,2386,N11E71,312,0120,Hsx,04,01
2015-07-14,2381,N15W65,076,0360,Fko,16,05
2015-07-14,2384,S18W05,016,0170,Cso,03,08
2015-07-14,2386,N11E57,314,0060,Hsx,02,01
2015-07-15,2381,N15W79,077,0320,Fko,16,05
2015-07-15,2384,S18W18,016,0150,Cso,03,03
2015-07-15,2386,N11E43,315,0060,Hsx,02,01
2015-07-16,2381,N12W92,077,0090,Eso,14,02
2015-07-16,2384,S18W29,014,0120,Cso,04,05
2015-07-16,2386,N11E30,315,0070,Hsx,04,02
2015-07-17,2384,S18W43,014,0090,Hsx,04,04
2015-07-17,2386,N11E18,313,0070,Hsx,04,02
2015-07-17,2387,N17E61,270,0030,Cai,06,05
2015-07-17,2388,N08W53,024,0020,Cao,07,04
2015-07-18,2384,S17W57,015,0080,Hsx,02,01
2015-07-18,2386,N11E04,314,0070,Hsx,02,02
2015-07-18,2387,N17E47,271,0040,Dac,07,07
2015-07-19,2384,S17W69,014,0090,Hsx,02,01
2015-07-19,2386,N11W07,312,0090,Hsx,02,02
2015-07-19,2387,N17E34,271,0120,Dai,10,07
2015-07-19,2388,N14W81,026,0010,Bxo,04,02
2015-07-20,2384,S17W80,012,0060,Hsx,02,01
2015-07-20,2386,N11W20,312,0060,Hax,04,04
2015-07-20,2387,N17E18,274,0100,Dai,09,11
2015-07-21,2386,N11W34,312,0040,Hsx,02,01
2015-07-21,2387,N17E04,274,0120,Dai,10,18
2015-07-22,2386,N10W48,313,0040,Hsx,02,01
2015-07-22,2387,N16W10,275,0110,Dai,10,16
2015-07-23,2386,N10W61,313,0030,Hsx,02,01
2015-07-23,2387,N17W24,276,0060,Csi,09,14
2015-07-24,2386,N09W74,313,0020,Hax,01,01
2015-07-24,2387,N16W35,274,0020,Cro,10,06
2015-07-25,2386,N09W87,313,0020,Hax,02,01
2015-07-25,2387,N17W48,274,0010,Bxo,08,05
2015-07-25,2389,S11E62,164,0030,Cai,05,06
2015-07-25,2390,S15E28,198,0010,Bxo,03,02
2015-07-26,2389,S11E48,164,0080,Dai,08,11
2015-07-26,2390,S15E13,199,0050,Dai,06,10
2015-07-27,2389,S11E35,164,0060,Cai,07,08
2015-07-27,2390,S15E01,198,0130,Dac,07,10
2015-07-28,2389,S12E23,163,0030,Cro,06,07
2015-07-28,2390,S17W13,199,0170,Dai,08,15
2015-07-28,2391,N05E71,115,0040,Hsx,02,01
2015-07-29,2389,S12E09,164,0010,Bxo,07,08
2015-07-29,2390,S15W26,199,0150,Dai,08,17
2015-07-29,2391,N07E56,117,0050,Hsx,02,01
2015-07-30,2389,S11W07,166,0010,Bxo,06,06
2015-07-30,2390,S15W39,198,0110,Dai,08,18
2015-07-30,2391,N06E44,115,0060,Hsx,02,01
2015-07-30,2392,S05E50,109,0020,Hrx,01,01
2015-07-31,2389,S12W20,166,0010,Axx,07,01
2015-07-31,2390,S15W53,199,0070,Dso,10,10
2015-07-31,2391,N06E31,115,0060,Hax,02,02
2015-07-31,2392,S05E37,109,0000,Axx,01,01
2015-07-31,2393,N16E45,101,0010,Dao,05,08
2015-07-31,2394,N12E65,081,0120,Hsx,01,01
2015-08-01,2390,S15W66,199,0100,Dai,10,11
2015-08-01,2391,N07E17,116,0050,Hax,02,01
2015-08-01,2392,S04E23,110,0000,Axx,00,01
2015-08-01,2393,N17E34,099,0090,Dao,07,06
2015-08-01,2394,N12E54,079,0120,Hax,02,02
2015-08-02,2390,S14W79,199,0080,Cao,08,05
2015-08-02,2391,N06E03,117,0020,Hax,01,03
2015-08-02,2392,S05E08,112,0000,Axx,00,01
2015-08-02,2393,N17E22,098,0050,Cao,06,07
2015-08-02,2394,N12E41,079,0140,Hsx,03,04
2015-08-03,2390,S15W91,198,0050,Cso,03,02
2015-08-03,2391,N07W10,117,0010,Axx,01,01
2015-08-03,2393,N18E08,099,0030,Cro,04,05
2015-08-03,2394,N12E28,079,0140,Hax,02,03
2015-08-04,2391,N06W23,116,0001,Axx,01,01
2015-08-04,2393,N18W06,099,0020,Hax,02,02
2015-08-04,2394,N12E14,078,0120,Cao,03,04
2015-08-04,2395,N11E63,030,0030,Hsx,02,01
2015-08-04,2396,S16E56,037,0010,Hax,02,04
2015-08-05,2391,N07W32,113,0010,Axx,01,01
2015-08-05,2393,N18W20,100,0020,Hsx,01,01
2015-08-05,2394,N11E01,078,0130,Dai,04,08
2015-08-05,2395,N12E51,029,0030,Hsx,01,01
2015-08-05,2396,S18E42,037,0080,Dai,08,07
2015-08-06,2393,N18W33,100,0020,Hsx,01,01
2015-08-06,2394,N11W12,079,0120,Cao,07,12
2015-08-06,2395,N12E37,030,0030,Hsx,01,01
2015-08-06,2396,S17E28,039,0260,Dkc,08,20
2015-08-06,2397,S12W36,102,0020,Cro,04,03
2015-08-07,2393,N18W46,100,0020,Hax,01,01
2015-08-07,2394,N11W25,079,0100,Cao,04,06
2015-08-07,2395,N12E25,029,0020,Hax,01,01
2015-08-07,2396,S17E15,039,0550,Ekc,11,20
2015-08-07,2397,S11W54,107,0010,Hax,01,01
2015-08-08,2393,N19W60,100,0010,Hrx,01,01
2015-08-08,2394,N11W38,078,0080,Cao,05,08
2015-08-08,2395,N12E12,028,0010,Hrx,01,01
2015-08-08,2396,S17E02,038,0710,Ekc,11,23
2015-08-08,2397,S12W69,109,0010,Hax,01,01
2015-08-08,2398,N15E60,340,0030,Hax,01,01
2015-08-09,2393,N19W72,099,0010,Hrx,01,01
2015-08-09,2394,N12W52,079,0080,Cso,04,04
2015-08-09,2395,N12W01,028,0000,Axx,01,01
2015-08-09,2396,S17W11,038,0800,Ekc,11,23
2015-08-09,2397,S12W83,110,0010,Axx,01,01
2015-08-09,2398,N15E47,340,0020,Hax,02,02
2015-08-10,2393,N19W84,098,0000,Axx,01,01
2015-08-10,2394,N12W64,078,0050,Cso,03,02
2015-08-10,2396,S17W24,038,0840,Ekc,12,43
2015-08-10,2398,N15E33,341,0010,Hrx,01,01
2015-08-11,2394,N12W77,077,0040,Hsx,02,01
2015-08-11,2396,S18W38,038,0740,Ekc,14,35
2015-08-11,2398,N16E19,341,0010,Hrx,01,01
2015-08-12,2394,N12W90,077,0030,Hsx,02,01
2015-08-12,2396,S18W51,038,0710,Ekc,14,28
2015-08-12,2398,N16E06,341,0010,Axx,01,01
2015-08-12,2399,S16W00,347,0010,Bxo,03,03
2015-08-12,2400,N17E36,311,0010,Bxo,04,04
2015-08-13,2396,S18W65,039,0560,Ekc,14,23
2015-08-13,2398,N16W08,342,0010,Axx,01,01
2015-08-13,2399,S16W14,348,0010,Bxo,03,02
2015-08-13,2400,N17E22,312,0010,Bxo,01,02
2015-08-14,2396,S18W79,040,0230,Eac,14,09
2015-08-14,2400,N17E07,314,0050,Dao,05,07
2015-08-14,2401,S11E50,271,0010,Bxo,03,05
2015-08-15,2396,S18W91,039,0040,Cao,04,03
2015-08-15,2400,N17W05,313,0050,Cao,05,05
2015-08-15,2401,S12E37,271,0070,Cai,06,08
2015-08-16,2400,N18W18,313,0030,Cao,05,05
2015-08-16,2401,S11E22,273,0030,Cri,07,08
2015-08-17,2400,N17W33,314,0010,Axx,02,02
2015-08-17,2401,S11E10,271,0070,Dai,08,10
2015-08-18,2401,S10W03,270,0030,Cro,08,10
2015-08-19,2401,S10W17,272,0040,Cso,08,10
2015-08-19,2402,N05W38,293,0010,Axx,01,01
2015-08-19,2403,S12E64,191,0060,Cso,08,03
2015-08-20,2401,S10W30,272,0060,Dai,09,08
2015-08-20,2403,S12E50,192,0090,Dac,08,08
2015-08-21,2401,S11W42,271,0060,Dao,05,06
2015-08-21,2403,S13E37,192,0330,Dkc,08,29
2015-08-21,2404,N15E25,204,0020,Cao,03,03
2015-08-22,2401,S11W58,273,0010,Hrx,01,02
2015-08-22,2403,S14E23,192,0350,Dkc,10,43
2015-08-22,2404,N14E13,202,0020,Cro,03,03
2015-08-23,2403,S14E09,193,0400,Ekc,13,49
2015-08-23,2404,N14W01,203,0020,Cro,04,03
2015-08-24,2403,S15W04,193,0760,Ekc,15,66
2015-08-24,2404,N14W16,205,0030,Cro,04,07
2015-08-25,2403,S15W18,194,0930,Fkc,16,47
2015-08-25,2404,N14W31,207,0020,Cro,06,04
2015-08-26,2403,S15W31,193,1190,Fki,17,40
2015-08-26,2404,N14W46,208,0000,Axx,00,01
2015-08-27,2403,S16W44,193,1100,Fkc,17,35
2015-08-28,2403,S15W57,193,0890,Fkc,17,25
2015-08-28,2405,S21E45,091,0010,Axx,01,01
2015-08-29,2403,S15W69,192,0840,Fkc,17,27
2015-08-29,2405,S23E35,088,0010,Bxo,03,03
2015-08-30,2403,S15W82,192,0520,Fkc,18,16
2015-08-30,2405,S19E21,089,0020,Cro,05,03
2015-08-30,2406,N03E34,076,0010,Axx,01,01
2015-08-31,2403,S15W89,185,0080,Dao,04,02
2015-08-31,2405,S20E09,087,0010,Bxo,05,03
2015-08-31,2406,N03E22,074,0010,Axx,02,02
2015-08-31,2407,N15W48,144,0030,Cro,03,03
2015-09-01,2405,S21W03,086,0000,Axx,00,01
2015-09-01,2406,N03E09,074,0020,Cro,05,03
2015-09-01,2407,N15W62,145,0020,Cro,06,05
2015-09-01,2408,S12W77,160,0000,Axx,00,01
2015-09-02,2406,N03W05,075,0010,Bxo,04,09
2015-09-02,2407,N16W75,145,0050,Cso,07,05
2015-09-02,2409,N05E54,016,0030,Dro,04,05
2015-09-03,2406,N03W18,075,0010,Axx,01,02
2015-09-03,2407,N17W87,144,0030,Cso,06,03
2015-09-03,2409,N04E39,017,0030,Dro,04,06
2015-09-04,2409,N03E26,018,0030,Cro,04,05
2015-09-04,2410,S19E23,021,0010,Bxo,02,02
2015-09-05,2409,N06E11,019,0030,Cro,04,02
2015-09-05,2410,S19E09,021,0020,Cro,02,03
2015-09-05,2411,N14E64,326,0010,Hsx,02,01
2015-09-06,2409,N06W02,019,0010,Bxo,02,03
2015-09-06,2411,N13E50,327,0040,Hsx,01,01
2015-09-07,2409,N04W14,018,0020,Cro,03,03
2015-09-07,2411,N14E38,326,0030,Cso,03,02
2015-09-07,2412,S08E58,306,0020,Cro,03,03
2015-09-08,2409,N05W25,016,0000,Axx,00,01
2015-09-08,2411,N14E24,327,0030,Hsx,02,01
2015-09-08,2412,S07E44,307,0040,Dao,07,04
2015-09-08,2413,N02W47,038,0010,Hrx,01,01
2015-09-09,2409,N05W36,014,0010,Bxo,03,02
2015-09-09,2411,N14E10,328,0020,Hsx,01,01
2015-09-09,2412,S07E30,308,0030,Cso,08,07
2015-09-10,2409,N06W50,014,0000,Axx,00,01
2015-09-10,2411,N14W02,326,0030,Hsx,01,01
2015-09-10,2412,S08E17,307,0030,Cro,07,06
2015-09-10,2414,S10E07,317,0010,Axx,01,01
2015-09-11,2411,N14W15,326,0020,Hsx,01,02
2015-09-11,2412,S09E04,307,0030,Cro,07,06
2015-09-11,2414,S10W09,320,0010,Axx,01,01
2015-09-12,2411,N15W28,326,0020,Hax,01,01
2015-09-12,2412,S07W09,307,0020,Cri,07,09
2015-09-12,2414,S10W20,318,0080,Dai,06,10
2015-09-12,2415,S21E68,230,0100,Dao,05,07
2015-09-12,2416,S13W36,334,0010,Bxo,02,02
2015-09-13,2411,N14W41,326,0010,Hsx,01,01
2015-09-13,2412,S07W22,307,0010,Bxo,05,04
2015-09-13,2414,S11W34,319,0180,Dai,09,12
2015-09-13,2415,S21E53,232,0130,Dai,08,07
2015-09-13,2416,S14W50,335,0010,Bxo,02,02
2015-09-13,2417,N23W48,333,0010,Hrx,01,01
2015-09-14,2411,N15W54,326,0010,Axx,01,01
2015-09-14,2412,S07W35,307,0010,Axx,02,03
2015-09-14,2414,S10W49,321,0190,Dai,10,09
2015-09-14,2415,S22E41,231,0170,Dai,10,11
2015-09-14,2418,S15E69,203,0120,Hsx,03,01
2015-09-15,2414,S10W61,319,0170,Eso,11,05
2015-09-15,2415,S22E28,230,0150,Cai,09,16
2015-09-15,2418,S15E56,202,0200,Hsx,03,01
2015-09-16,2414,S10W75,320,0170,Eso,11,04
2015-09-16,2415,S22E14,231,0150,Cai,09,16
2015-09-16,2418,S15E42,203,0200,Hsx,03,01
2015-09-16,2419,N13E47,197,0010,Bxo,03,05
2015-09-17,2414,S12W84,316,0120,Hsx,02,01
2015-09-17,2415,S20W02,234,0190,Dac,10,20
2015-09-17,2418,S16E30,202,0250,Hhx,03,01
2015-09-17,2419,N12E35,197,0120,Dao,05,05
2015-09-18,2415,S20W16,235,0230,Eac,11,30
2015-09-18,2418,S14E19,200,0210,Cso,07,04
2015-09-18,2419,N12E21,198,0100,Cao,06,08
2015-09-19,2415,S19W29,235,0190,Eac,12,19
2015-09-19,2418,S14E05,201,0230,Cho,06,05
2015-09-19,2419,N12E08,198,0070,Cai,06,08
2015-09-20,2415,S19W41,233,0240,Eac,12,19
2015-09-20,2418,S14W07,199,0230,Cho,07,06
2015-09-20,2419,N13W04,196,0050,Cai,07,06
2015-09-21,2415,S19W56,235,0240,Eac,13,12
2015-09-21,2418,S15W21,200,0210,Cao,06,05
2015-09-21,2419,N12W19,198,0030,Cao,08,05
2015-09-21,2420,N09E71,108,0270,Ekc,12,12
2015-09-22,2415,S18W69,235,0160,Eao,13,04
2015-09-22,2418,S15W35,201,0180,Cao,06,04
2015-09-22,2419,N13W32,198,0020,Cro,04,04
2015-09-22,2420,N10E64,102,0290,Ekc,13,16
2015-09-23,2415,S18W81,233,0160,Dso,09,03
2015-09-23,2418,S15W49,201,0170,Cao,05,03
2015-09-23,2420,N10E50,102,0280,Ekc,13,13
2015-09-23,2421,N15E32,120,0010,Bxo,04,07
2015-09-23,2422,S20E49,103,0010,Bxo,04,03
2015-09-24,2415,S19W94,234,0010,Bxo,01,01
2015-09-24,2418,S15W62,202,0140,Hax,03,03
2015-09-24,2420,N10E34,104,0200,Eai,15,13
2015-09-24,2421,N16E19,121,0050,Cao,05,05
2015-09-24,2422,S20E36,104,0090,Dao,05,11
2015-09-24,2423,S09W09,149,0010,Bxo,03,02
2015-09-25,2418,S16W77,202,0140,Hax,03,02
2015-09-25,2420,N09E22,103,0200,Eai,14,19
2015-09-25,2421,N15E05,120,0050,Cai,05,05
2015-09-25,2422,S20E24,101,0150,Dai,08,09
2015-09-25,2423,S08W24,150,0010,Cro,01,01
2015-09-26,2418,S15W88,201,0060,Hax,03,02
2015-09-26,2420,N10E09,102,0150,Fai,16,17
2015-09-26,2421,N17W09,122,0070,Dac,05,17
2015-09-26,2422,S20E10,102,0310,Eko,11,17
2015-09-26,2423,S08W37,149,0010,Bxo,06,04
2015-09-26,2424,N12W30,142,0020,Cro,03,03
2015-09-26,2425,S06W01,114,0010,Bxi,03,02
2015-09-26,2426,N16E48,064,0010,Bxo,04,03
2015-09-27,2420,N10W04,103,0140,Fai,16,15
2015-09-27,2421,N17W21,120,0110,Dac,05,12
2015-09-27,2422,S20W03,102,0410,Ekc,13,28
2015-09-27,2423,S09W51,150,0020,Cri,06,05
2015-09-27,2424,N12W44,143,0020,Dro,03,03
2015-09-27,2425,S05W15,114,0010,Bxo,05,03
2015-09-27,2426,N16E34,066,0010,Cro,04,02
2015-09-28,2420,N11W17,103,0110,Fai,16,11
2015-09-28,2421,N16W35,121,0100,Dai,06,11
2015-09-28,2422,S20W16,102,0650,Ekc,14,25
2015-09-28,2423,S09W65,152,0100,Dai,06,14
2015-09-28,2424,N12W58,144,0010,Axx,01,01
2015-09-28,2425,S05W27,114,0000,Axx,00,01
2015-09-28,2426,N16E22,065,0010,Axx,01,01
2015-09-28,2427,N18E49,037,0030,Cro,04,10
2015-09-29,2420,N11W31,105,0100,Eso,15,09
2015-09-29,2421,N16W50,124,0010,Bxo,05,04
2015-09-29,2422,S20W30,104,0690,Fkc,16,25
2015-09-29,2423,S09W80,154,0180,Dac,10,09
2015-09-29,2427,N18E35,039,0060,Csi,06,09
2015-09-29,2428,S05W64,138,0010,Bxo,03,04
2015-09-30,2420,N11W44,104,0050,Cso,16,12
2015-09-30,2422,S18W42,102,0950,Fkc,17,35
2015-09-30,2423,S08W90,151,0010,Bxo,02,02
2015-09-30,2427,N18E23,037,0140,Cai,08,22
2015-09-30,2428,S04W76,136,0020,Cro,02,04
2015-10-01,2420,N12W57,104,0040,Cso,16,02
2015-10-01,2422,S18W55,102,0860,Fkc,18,23
2015-10-01,2427,N18E09,038,0180,Dsi,09,12
2015-10-01,2428,S04W92,139,0010,Hrx,01,01
2015-10-02,2420,N10W70,104,0020,Cro,15,03
2015-10-02,2422,S17W69,103,0750,Fkc,18,18
2015-10-02,2427,N17W04,038,0180,Dso,08,22
2015-10-03,2420,N11W84,105,0010,Bxo,03,03
2015-10-03,2422,S20W83,104,0480,Fkc,16,11
2015-10-03,2427,N18W17,038,0180,Cai,09,14
2015-10-04,2420,N14W91,099,0030,Hax,02,01
2015-10-04,2422,S20W89,097,0270,Dko,09,05
2015-10-04,2427,N18W30,038,0180,Dai,08,11
2015-10-05,2427,N18W44,038,0150,Dai,09,08
2015-10-06,2427,N18W58,039,0110,Cao,09,05
2015-10-07,2427,N16W72,040,0100,Cso,03,02
2015-10-07,2429,S17E56,272,0010,Bxo,02,02
2015-10-08,2427,N16W86,041,0100,Hsx,02,01
2015-10-08,2429,S19E42,273,0010,Bxo,04,03
2015-10-09,2429,S19E32,270,0010,Bxo,05,03
2015-10-09,2430,S17E60,242,0030,Hrx,01,01
2015-10-10,2430,S17E47,241,0030,Hsx,01,01
2015-10-11,2430,S17E33,242,0020,Hrx,01,01
2015-10-11,2431,S17E75,200,0030,Hax,01,01
2015-10-12,2430,S17E19,243,0010,Hrx,01,01
2015-10-12,2431,S18E61,201,0050,Hax,01,01
2015-10-12,2432,S23E43,219,0020,Cro,03,04
2015-10-13,2430,S17E08,241,0000,Axx,01,01
2015-10-13,2431,S17E46,203,0050,Hsx,01,01
2015-10-13,2432,S22E30,219,0020,Cro,04,05
2015-10-13,2433,N19W55,304,0030,Dri,04,04
2015-10-14,2431,S17E34,202,0030,Hsx,01,01
2015-10-14,2432,S21E17,219,0020,Cro,04,07
2015-10-14,2433,N19W69,305,0030,Dri,04,06
2015-10-14,2434,S08E74,162,0040,Cao,01,04
2015-10-15,2431,S17E20,202,0030,Hsx,01,01
2015-10-15,2432,S21E03,219,0020,Dro,06,05
2015-10-15,2433,N19W83,305,0010,Axx,03,02
2015-10-15,2434,S08E60,162,0050,Cai,07,08
2015-10-16,2431,S17E07,202,0030,Hsx,01,01
2015-10-16,2432,S21W11,220,0020,Dro,06,06
2015-10-16,2434,S10E48,163,0050,Dao,08,12
2015-10-17,2431,S18W07,203,0020,Hsx,01,01
2015-10-17,2432,S21W23,219,0010,Bxo,07,04
2015-10-17,2434,S10E34,162,0150,Dai,07,22
2015-10-17,2435,S17E74,122,0020,Hax,02,01
2015-10-18,2431,S18W19,202,0020,Cso,02,03
2015-10-18,2432,S22W38,221,0010,Bxo,07,03
2015-10-18,2434,S10E20,163,0260,Dki,07,20
2015-10-18,2435,S15E60,123,0030,Hax,01,01
2015-10-18,2436,N09E71,112,0080,Dai,09,06
2015-10-19,2431,S19W30,200,0010,Cao,02,02
2015-10-19,2434,S10E06,164,0220,Dai,08,11
2015-10-19,2435,S15E45,125,0030,Hax,01,01
2015-10-19,2436,N09E58,112,0210,Eai,12,16
2015-10-19,2437,S19E74,096,0060,Hax,02,01
2015-10-20,2431,S19W44,200,0010,Axx,01,01
2015-10-20,2434,S10W08,164,0230,Dac,08,16
2015-10-20,2435,S15E31,125,0020,Hsx,01,01
2015-10-20,2436,N09E44,112,0260,Ekc,14,20
2015-10-20,2437,S19E60,096,0060,Cao,06,06
2015-10-21,2434,S10W22,165,0210,Dai,06,14
2015-10-21,2435,S15E17,126,0020,Hsx,01,01
2015-10-21,2436,N09E30,113,0240,Eai,14,18
2015-10-21,2437,S20E46,097,0050,Cao,06,04
2015-10-22,2434,S10W36,166,0180,Cao,04,06
2015-10-22,2435,S15E03,127,0020,Cro,01,02
2015-10-22,2436,N08E16,114,0290,Eki,14,23
2015-10-22,2437,S20E32,098,0020,Hsx,02,02
2015-10-23,2434,S10W48,165,0090,Cao,03,05
2015-10-23,2435,S15W09,126,0010,Hrx,01,01
2015-10-23,2436,N08E06,111,0280,Eki,14,22
2015-10-23,2437,S20E18,099,0020,Cao,03,03
2015-10-23,2438,S18W25,142,0010,Bxo,02,02
2015-10-23,2439,N17E76,041,0060,Hax,02,01
2015-10-24,2434,S09W61,165,0090,Cao,02,06
2015-10-24,2435,S15W21,125,0010,Hrx,01,01
2015-10-24,2436,N09W06,110,0250,Eki,14,21
2015-10-24,2437,S19E05,099,0020,Hax,01,01
2015-10-24,2438,S18W38,142,0010,Axx,01,01
2015-10-24,2439,N17E63,041,0030,Hsx,02,01
2015-10-25,2434,S11W75,166,0020,Cao,02,04
2015-10-25,2435,S15W34,125,0010,Hrx,01,01
2015-10-25,2436,N09W19,110,0240,Eso,14,17
2015-10-25,2437,S19W08,099,0020,Hrx,01,01
2015-10-25,2439,N17E51,040,0030,Hax,02,01
2015-10-26,2435,S15W49,126,0010,Axx,01,01
2015-10-26,2436,N09W34,111,0230,Esi,14,20
2015-10-26,2437,S19W21,098,0010,Hrx,01,01
2015-10-26,2439,N16E37,040,0030,Hax,01,01
2015-10-27,2435,S13W62,125,0010,Axx,01,01
2015-10-27,2436,N09W46,110,0170,Esi,14,12
2015-10-27,2437,S21W33,097,0010,Axx,03,02
2015-10-27,2439,N16E24,039,0020,Hsx,01,01
2015-10-27,2440,N20W02,066,0040,Cso,02,06
2015-10-28,2436,N08W61,110,0110,Eso,13,06
2015-10-28,2437,S21W47,098,0010,Axx,01,01
2015-10-28,2439,N16E11,040,0010,Hrx,01,01
2015-10-28,2440,N19W16,067,0030,Dao,04,04
2015-10-28,2441,N14E47,003,0030,Dro,03,02
2015-10-29,2436,N08W74,110,0100,Cao,15,02
2015-10-29,2437,S18W62,098,0020,Cro,03,07
2015-10-29,2440,N19W31,067,0030,Dso,04,04
2015-10-29,2441,N14E33,003,0020,Dro,03,02
2015-10-29,2442,N16E09,027,0020,Cao,03,06
2015-10-30,2436,N09W89,112,0060,Cao,08,03
2015-10-30,2437,S17W76,100,0030,Cso,02,01
2015-10-30,2440,N20W44,068,0030,Dao,05,03
2015-10-30,2441,N14E20,003,0030,Cai,05,07
2015-10-30,2442,N15W03,027,0030,Dro,07,05
2015-10-30,2443,N05E67,316,0330,Ehc,15,09
2015-10-30,2444,S04E61,323,0010,Cro,02,03
2015-10-31,2440,N19W57,068,0010,Bxo,04,02
2015-10-31,2441,N14E08,003,0020,Cro,04,04
2015-10-31,2442,N16W17,028,0020,Cro,08,04
2015-10-31,2443,N06E56,315,0560,Ekc,15,25
2015-10-31,2444,S04E46,325,0010,Bxo,04,03
2015-11-01,2440,N18W72,070,0010,Axx,01,01
2015-11-01,2441,N15W06,004,0010,Bxo,02,03
2015-11-01,2442,N16W35,033,0010,Axx,01,01
2015-11-01,2443,N07E43,315,0640,Ekc,15,28
2015-11-02,2442,N16W50,035,0010,Hrx,01,01
2015-11-02,2443,N07E29,316,0650,Fkc,18,28
2015-11-02,2445,N15W42,027,0050,Dai,06,14
2015-11-02,2446,N15W04,349,0020,Cro,04,05
2015-11-03,2441,N15W32,004,0010,Bxo,01,02
2015-11-03,2443,N06E16,314,0590,Fkc,17,36
2015-11-03,2445,N15W55,026,0240,Dac,08,13
2015-11-03,2446,N15W17,349,0010,Bxo,04,03
2015-11-04,2443,N06E03,314,0560,Fkc,17,52
2015-11-04,2445,N16W69,026,0200,Eac,11,10
2015-11-04,2447,N03E23,295,0020,Cro,02,03
2015-11-05,2443,N06W09,314,0370,Fkc,18,40
2015-11-05,2445,N17W80,025,0140,Eai,12,06
2015-11-05,2447,N03E10,295,0010,Cro,04,04
2015-11-05,2448,N06E72,233,0060,Dso,05,03
2015-11-06,2443,N07W23,315,0280,Fhc,17,25
2015-11-06,2445,N16W90,022,0020,Hsx,01,01
2015-11-06,2447,N03W02,294,0010,Bxo,06,03
2015-11-06,2448,N06E59,233,0110,Dai,10,06
2015-11-07,2443,N07W37,316,0220,Fsc,16,21
2015-11-07,2446,N16W71,350,0020,Cro,02,05
2015-11-07,2447,N04W15,294,0000,Axx,01,01
2015-11-07,2448,N06E45,234,0140,Dao,08,05
2015-11-07,2449,S12E72,207,0030,Cro,04,04
2015-11-08,2443,N06W52,318,0190,Eso,12,09
2015-11-08,2448,N05E37,229,0080,Cao,06,07
2015-11-08,2449,S12E57,209,0150,Dao,08,06
2015-11-08,2450,S23E66,200,0010,Bxo,05,03
2015-11-08,2451,N03E24,242,0030,Cro,02,04
2015-11-09,2443,N06W69,322,0120,Cso,07,04
2015-11-09,2448,N05E25,228,0060,Cao,04,04
2015-11-09,2449,S12E46,207,0150,Dao,08,08
2015-11-09,2450,S23E50,203,0010,Bxo,05,03
2015-11-09,2451,N03E11,242,0020,Hrx,01,01
2015-11-10,2443,N05W82,321,0130,Cso,06,03
2015-11-10,2448,N06E12,226,0080,Cao,04,09
2015-11-10,2449,S11E32,206,0140,Dai,09,13
2015-11-10,2451,N03W02,241,0010,Axx,01,02
2015-11-11,2443,N07W95,321,0060,Hsx,01,01
2015-11-11,2448,N06W00,224,0060,Cao,04,08
2015-11-11,2449,S13E18,206,0120,Dai,09,14
2015-11-11,2451,N05W17,243,0010,Axx,01,02
2015-11-12,2448,N04W15,227,0030,Cao,04,07
2015-11-12,2449,S12E05,206,0060,Dai,10,14
2015-11-12,2450,S22E03,207,0010,Bxo,03,02
2015-11-12,2452,S08E42,169,0010,Axx,00,01
2015-11-13,2448,N07W26,225,0010,Bxo,03,03
2015-11-13,2449,S13W09,208,0030,Cao,09,06
2015-11-14,2448,N06W41,228,0010,Axx,01,02
2015-11-14,2449,S11W23,210,0020,Cro,05,02
2015-11-14,2453,N06E05,182,0010,Bxo,03,04
2015-11-14,2454,N08E66,121,0010,Bxo,04,02
2015-11-15,2449,S11W36,210,0010,Bxo,04,02
2015-11-15,2453,N06W08,182,0010,Bxo,02,02
2015-11-15,2454,N08E52,122,0020,Bxo,03,02
2015-11-15,2455,N15E36,138,0020,Bxo,01,02
2015-11-16,2449,S10W50,210,0010,Bxo,03,02
2015-11-16,2453,N06W21,181,0020,Bxo,04,06
2015-11-16,2454,N10E41,119,0020,Bxo,06,08
2015-11-16,2455,N15E22,138,0030,Cro,05,07
2015-11-17,2453,N06W35,182,0010,Bxo,05,04
2015-11-17,2454,N07E27,119,0010,Bxo,04,05
2015-11-17,2455,N15E09,137,0020,Dro,05,05
2015-11-18,2454,N05E12,121,0030,Dro,05,11
2015-11-18,2455,N15W04,137,0010,Bxo,04,02
2015-11-19,2454,N11E01,120,0010,Bxo,03,04
2015-11-19,2456,N06W00,120,0050,Dai,09,12
2015-11-20,2454,N11W13,121,0020,Cro,05,08
2015-11-20,2456,N06W14,122,0040,Dai,07,10
2015-11-20,2457,N12E70,038,0020,Bxo,04,03
2015-11-21,2454,N12W28,123,0020,Cro,07,06
2015-11-21,2456,N06W29,124,0020,Dro,06,08
2015-11-21,2457,N11E63,032,0110,Dso,07,08
2015-11-22,2454,N13W40,121,0090,Dac,08,14
2015-11-22,2456,N06W42,123,0030,Cao,05,05
2015-11-22,2457,N11E49,032,0130,Dsi,08,10
2015-11-23,2454,N13W53,121,0130,Dac,08,16
2015-11-23,2456,N06W53,121,0020,Bxo,03,06
2015-11-23,2457,N11E36,032,0120,Dai,08,13
2015-11-23,2458,N09E72,356,0060,Hax,02,01
2015-11-24,2454,N14W67,121,0150,Dai,07,16
2015-11-24,2456,N07W66,121,0010,Bxo,03,03
2015-11-24,2457,N11E23,032,0120,Dsi,08,14
2015-11-24,2458,N09E57,358,0120,Cso,05,04
2015-11-25,2454,N14W82,124,0030,Cao,04,04
2015-11-25,2457,N12E11,031,0070,Cao,09,11
2015-11-25,2458,N10E46,356,0160,Dao,07,08
2015-11-25,2459,N05E75,327,0030,Cao,03,03
2015-11-26,2457,N12W02,030,0030,Hsx,08,02
2015-11-26,2458,N08E33,355,0100,Dai,07,10
2015-11-26,2459,N04E59,329,0060,Cai,01,04
2015-11-26,2460,N13E29,359,0010,Bxo,03,02
2015-11-27,2457,N12W17,032,0030,Hax,08,01
2015-11-27,2458,N08E21,354,0080,Cao,09,08
2015-11-27,2459,N04E45,330,0040,Cao,02,03
2015-11-27,2460,N12E16,359,0020,Cro,04,04
2015-11-28,2457,N13W27,029,0020,Hax,06,01
2015-11-28,2458,N08E07,355,0070,Cao,03,03
2015-11-28,2459,N04E33,329,0010,Cao,02,02
2015-11-28,2460,N12W01,003,0010,Bxo,01,02
2015-11-29,2457,N12W40,029,0020,Hax,01,01
2015-11-29,2458,N08W07,356,0080,Cao,06,04
2015-11-29,2459,N04E19,330,0010,Axx,02,01
2015-11-30,2457,N12W54,030,0010,Hax,01,02
2015-11-30,2458,N08W21,357,0040,Cao,06,03
2015-11-30,2459,N04E04,332,0010,Axx,01,01
2015-11-30,2461,S07W54,029,0010,Axx,01,01
2015-12-01,2457,N12W65,028,0020,Hax,01,01
2015-12-01,2458,N09W36,359,0080,Cao,05,08
2015-12-01,2459,N04W07,330,0010,Hrx,01,01
2015-12-01,2461,S07W67,030,0010,Axx,00,01
2015-12-02,2458,N09W51,001,0060,Cao,04,06
2015-12-02,2459,N04W20,330,0010,Hrx,01,01
2015-12-03,2458,N11W66,002,0050,Cao,05,05
2015-12-03,2459,N05W34,330,0010,Axx,01,01
2015-12-04,2458,N09W79,001,0010,Bxo,07,04
2015-12-04,2459,N05W49,332,0010,Axx,01,01
2015-12-04,2462,N09E68,214,0010,Hax,01,01
2015-12-04,2463,S09E76,206,0020,Hax,04,01
2015-12-05,2462,N09E54,216,0040,Hax,01,01
2015-12-05,2463,S09E62,208,0080,Dao,06,04
2015-12-06,2462,N09E42,215,0030,Hax,02,03
2015-12-06,2463,S11E52,205,0130,Dao,10,07
2015-12-06,2464,S12E68,189,0010,Axx,01,01
2015-12-07,2462,N09E29,215,0010,Axx,02,01
2015-12-07,2463,S11E39,205,0110,Eso,12,06
2015-12-07,2464,S12E53,191,0010,Axx,02,01
2015-12-08,2462,N09E16,215,0010,Hrx,04,02
2015-12-08,2463,S11E24,207,0080,Eso,12,06
2015-12-08,2464,S12E39,192,0000,Axx,00,01
2015-12-08,2465,S05E58,173,0040,Hax,02,01
2015-12-09,2462,N08E02,215,0010,Hrx,01,01
2015-12-09,2463,S09E06,211,0050,Hax,05,03
2015-12-09,2465,S05E50,167,0080,Cao,06,06
2015-12-09,2466,S13E18,199,0020,Cro,06,08
2015-12-10,2462,N10W10,214,0000,Axx,02,02
2015-12-10,2463,S09W07,211,0030,Hsx,04,04
2015-12-10,2465,S06E35,169,0090,Cso,05,06
2015-12-10,2466,S13E05,199,0050,Dai,05,12
2015-12-10,2467,S06E16,188,0020,Cro,03,03
2015-12-11,2463,S08W20,211,0020,Cro,05,03
2015-12-11,2464,S10E03,188,0010,Bxo,01,03
2015-12-11,2465,S05E24,167,0080,Cso,07,05
2015-12-11,2466,S13W09,200,0030,Dao,06,08
2015-12-11,2467,S05E01,190,0020,Cro,04,04
2015-12-11,2468,S15E65,128,0120,Dao,04,03
2015-12-12,2463,S08W35,213,0020,Cro,06,03
2015-12-12,2464,S10W10,188,0020,Cro,02,03
2015-12-12,2465,S05E09,169,0050,Hax,02,02
2015-12-12,2466,S13W22,200,0010,Bxo,04,04
2015-12-12,2467,S05W15,193,0000,Axx,00,01
2015-12-12,2468,S14E52,126,0070,Dao,04,04
2015-12-13,2463,S09W49,214,0020,Cro,04,03
2015-12-13,2464,S09W23,188,0010,Bxo,03,03
2015-12-13,2465,S05W05,170,0030,Hax,02,03
2015-12-13,2466,S13W35,200,0010,Axx,01,01
2015-12-13,2468,S15E39,126,0040,Dao,03,05
2015-12-13,2469,N18E67,098,0100,Dso,06,03
2015-12-13,2470,N13E76,089,0080,Hsx,04,01
2015-12-14,2463,S09W62,213,0010,Cro,04,02
2015-12-14,2465,S06W17,168,0020,Cao,05,04
2015-12-14,2468,S15E26,125,0040,Cao,02,04
2015-12-14,2469,N18E56,095,0090,Dso,06,08
2015-12-14,2470,N12E64,087,0270,Dkc,06,06
2015-12-15,2463,S09W76,214,0010,Axx,01,01
2015-12-15,2465,S06W31,169,0010,Axx,02,02
2015-12-15,2468,S15E12,126,0030,Cao,02,03
2015-12-15,2469,N18E42,096,0050,Cao,06,02
2015-12-15,2470,N13E56,082,0360,Dki,10,10
2015-12-15,2471,S21E45,093,0020,Cro,03,03
2015-12-16,2468,S15W02,127,0010,Cro,01,03
2015-12-16,2469,N18E28,097,0030,Hax,01,01
2015-12-16,2470,N13E43,082,0610,Eko,14,16
2015-12-16,2471,S21E30,095,0010,Bxo,03,04
2015-12-17,2468,S16W13,125,0030,Cro,04,05
2015-12-17,2469,N18E13,099,0020,Hax,02,02
2015-12-17,2470,N14E31,081,0530,Eko,15,12
2015-12-18,2468,S17W27,126,0020,Cro,03,03
2015-12-18,2469,N18W01,100,0020,Hax,02,02
2015-12-18,2470,N15E18,081,0610,Eko,14,17
2015-12-19,2468,S16W41,127,0010,Axx,01,01
2015-12-19,2469,N19W15,101,0010,Axx,01,02
2015-12-19,2470,N15E06,080,0550,Eko,14,16
2015-12-20,2468,S15W54,126,0010,Axx,01,01
2015-12-20,2469,N19W28,100,0000,Axx,21,01
2015-12-20,2470,N14W08,080,0450,Eho,14,12
2015-12-21,2468,S14W67,126,0000,Axx,01,01
2015-12-21,2470,N15W21,080,0430,Eho,13,12
2015-12-22,2470,N14W35,081,0410,Cho,13,03
2015-12-22,2472,N04E78,328,0060,Hax,05,01
2015-12-22,2473,S22E79,327,0030,Cso,04,04
2015-12-23,2470,N13W50,083,0400,Hhx,03,01
2015-12-23,2472,N03E62,331,0150,Dao,07,10
2015-12-23,2473,S23E62,331,0230,Dac,10,12
2015-12-23,2474,N07W52,085,0010,Bxo,02,05
2015-12-24,2470,N12W66,086,0320,Hhx,03,01
2015-12-24,2472,N04E49,331,0170,Dai,08,10
2015-12-24,2473,S23E49,331,0420,Ekc,12,11
2015-12-24,2474,N08W63,083,0000,Axx,01,01
2015-12-25,2470,N12W78,085,0280,Hhx,04,01
2015-12-25,2472,N03E37,330,0100,Dai,06,08
2015-12-25,2473,S22E35,332,0500,Ekc,14,12
2015-12-26,2470,N12W90,083,0250,Hhx,05,01
2015-12-26,2472,N03E23,330,0040,Cao,06,07
2015-12-26,2473,S22E22,331,0570,Ekc,15,19
2015-12-26,2475,N08W06,358,0020,Cro,03,04
2015-12-27,2472,N04E11,329,0030,Cso,08,07
2015-12-27,2473,S22E09,331,0590,Fkc,16,36
2015-12-28,2472,N04W02,329,0030,Cro,07,09
2015-12-28,2473,S22W05,332,0530,Fhc,16,38
2015-12-29,2472,N04W16,330,0020,Cro,07,08
2015-12-29,2473,S22W19,333,0510,Fhc,16,36
2015-12-30,2472,N04W30,331,0010,Bxo,07,06
2015-12-30,2473,S21W33,334,0470,Fhc,16,28
2015-12-31,2472,N04W44,331,0010,Axx,01,01
2015-12-31,2473,S21W47,334,0240,Eac,15,13
2016-01-01,2473,S21W60,334,0130,Cao,15,08
2016-01-02,2473,S21W73,334,0110,Eso,12,08
2016-01-02,2476,S11E61,200,0010,Axx,01,01
2016-01-02,2477,N12E75,186,0020,Hsx,02,01
2016-01-03,2473,S21W89,337,0040,Cao,07,03
2016-01-03,2476,S10E47,201,0020,Cro,04,06
2016-01-03,2477,N12E61,187,0070,Hsx,03,01
2016-01-03,2478,N07E53,195,0010,Bxo,02,02
2016-01-04,2476,S10E34,201,0080,Dai,07,16
2016-01-04,2477,N12E47,188,0070,Hsx,02,01
2016-01-04,2478,N07E38,197,0020,Cro,02,03
2016-01-05,2476,S10E20,202,0070,Dao,06,12
2016-01-05,2477,N12E33,189,0070,Hsx,02,01
2016-01-05,2478,N07E24,198,0010,Bxo,03,03
2016-01-05,2479,N11E05,217,0010,Bxo,03,04
2016-01-06,2476,S10E06,202,0030,Cro,06,08
2016-01-06,2477,N12E19,189,0070,Hsx,02,01
2016-01-07,2476,S09W08,203,0010,Bxo,04,03
2016-01-07,2477,N12E05,190,0070,Hsx,02,01
2016-01-07,2480,N04E74,121,0080,Cao,05,04
2016-01-08,2476,S09W22,204,0010,Axx,01,02
2016-01-08,2477,N12W09,191,0060,Hax,02,01
2016-01-08,2480,N03E58,124,0180,Dao,10,06
2016-01-08,2481,S18W55,237,0050,Dao,04,08
2016-01-09,2477,N12W21,190,0050,Hax,02,01
2016-01-09,2478,N07W28,197,0010,Bxo,02,03
2016-01-09,2480,N03E43,126,0180,Dao,10,06
2016-01-09,2481,S18W69,238,0080,Dao,04,05
2016-01-09,2482,N03W10,178,0010,Bxo,03,02
2016-01-09,2483,N16E44,125,0010,Bxo,03,03
2016-01-10,2477,N11W33,189,0040,Hax,02,02
2016-01-10,2478,N06W40,196,0010,Bxo,04,03
2016-01-10,2480,N03E32,124,0180,Dao,10,07
2016-01-10,2481,S19W81,237,0120,Dao,07,03
2016-01-10,2482,N02W23,179,0010,Bxo,03,04
2016-01-10,2483,N17E30,126,0030,Cso,06,05
2016-01-11,2477,N12W45,187,0010,Hsx,01,02
2016-01-11,2480,N02E17,125,0190,Eso,11,07
2016-01-11,2482,N02W36,178,0010,Bxo,03,03
2016-01-11,2483,N17E17,125,0050,Dao,06,08
2016-01-11,2484,N05E48,094,0010,Bxo,02,03
2016-01-12,2477,N12W59,187,0000,Axx,00,01
2016-01-12,2480,N03E05,123,0170,Eso,11,03
2016-01-12,2483,N17E03,125,0180,Dao,07,07
2016-01-13,2480,N03W08,123,0150,Cso,09,04
2016-01-13,2483,N17W09,124,0130,Dao,08,05
2016-01-14,2480,N03W23,126,0140,Cso,06,03
2016-01-14,2483,N18W22,125,0140,Dao,08,03
2016-01-15,2480,N03W39,128,0140,Hax,04,02
2016-01-15,2483,N18W35,124,0090,Cao,07,02
2016-01-15,2485,N13E60,029,0030,Cro,04,02
2016-01-16,2480,N04W52,129,0130,Hsx,05,02
2016-01-16,2483,N17W49,126,0090,Hsx,02,01
2016-01-16,2485,N13E46,031,0030,Dro,06,05
2016-01-17,2480,N03W66,130,0130,Hsx,02,01
2016-01-17,2483,N17W65,129,0060,Hsx,02,01
2016-01-17,2485,N13E34,030,0020,Cro,05,06
2016-01-18,2480,N03W79,129,0140,Hsx,03,01
2016-01-18,2483,N17W78,128,0070,Hax,02,01
2016-01-18,2485,N14E21,029,0010,Bxo,05,05
2016-01-18,2486,S20E67,343,0040,Hax,01,01
2016-01-19,2480,N03W94,131,0140,Hsx,03,01
2016-01-19,2483,N17W92,129,0070,Hax,02,01
2016-01-19,2485,N14E07,030,0010,Axx,05,05
2016-01-19,2486,S20E53,344,0060,Hsx,01,01
2016-01-20,2484,N07W84,108,0020,Cro,03,05
2016-01-20,2485,N15W04,028,0010,Axx,02,04
2016-01-20,2486,S20E43,340,0050,Hax,02,02
2016-01-20,2487,S13E49,334,0030,Cro,02,04
2016-01-21,2484,N08W83,094,0030,Dro,05,06
2016-01-21,2486,S20E31,338,0050,Hsx,01,01
2016-01-21,2487,S13E36,334,0060,Dao,04,07
2016-01-21,2488,N04E52,317,0040,Cro,04,05
2016-01-22,2486,S20E18,340,0030,Hax,01,02
2016-01-22,2487,S13E22,336,0100,Dai,06,12
2016-01-22,2488,N04E38,320,0070,Dai,04,12
2016-01-23,2486,S21E05,339,0020,Hax,01,01
2016-01-23,2487,S13E11,333,0070,Dao,06,08
2016-01-23,2488,N04E27,317,0090,Dai,07,11
2016-01-24,2486,S19W09,340,0010,Hrx,01,01
2016-01-24,2487,S12W05,336,0040,Cao,06,10
2016-01-24,2488,N03E12,319,0120,Dai,09,13
2016-01-25,2487,S12W18,336,0030,Cro,06,07
2016-01-25,2488,N04W01,319,0200,Dai,08,20
2016-01-26,2487,S12W34,339,0020,Hsx,01,01
2016-01-26,2488,N02W15,320,0240,Dai,08,10
2016-01-26,2489,N09E54,251,0060,Dso,03,06
2016-01-26,2490,S18E75,230,0010,Bxo,05,01
2016-01-27,2487,S12W48,340,0010,Axx,00,01
2016-01-27,2488,N02W28,320,0230,Dao,07,10
2016-01-27,2489,N10E39,253,0100,Dao,09,08
2016-01-27,2490,S18E57,235,0020,Cro,05,02
2016-01-28,2487,S12W63,342,0010,Axx,01,02
2016-01-28,2488,N03W41,320,0220,Dao,08,14
2016-01-28,2489,N10E27,252,0250,Dki,09,15
2016-01-28,2490,S17E41,238,0020,Dro,10,04
2016-01-29,2488,N04W55,321,0220,Dao,08,15
2016-01-29,2489,N09E14,252,0300,Dko,10,15
2016-01-29,2490,S18E29,237,0020,Cro,08,04
2016-01-30,2488,N04W68,320,0150,Dao,08,08
2016-01-30,2489,N10W01,253,0300,Eko,11,06
2016-01-30,2490,S18E13,239,0010,Bxo,02,05
2016-01-31,2488,N04W83,322,0130,Cao,07,04
2016-01-31,2489,N10W14,253,0260,Dho,10,06
2016-02-01,2489,N10W29,255,0240,Cso,04,04
2016-02-01,2490,S20W16,242,0010,Bxo,03,03
2016-02-01,2491,N02E70,156,0010,Bxo,06,02
2016-02-02,2489,N10W43,256,0250,Cho,06,03
2016-02-02,2490,S21W29,242,0010,Bxo,03,05
2016-02-02,2491,N01E57,156,0060,Dao,09,04
2016-02-03,2489,N10W58,258,0220,Hax,04,01
2016-02-03,2490,S20W42,242,0020,Cro,05,05
2016-02-03,2491,N02E44,156,0050,Dao,08,03
2016-02-03,2492,N15E60,140,0010,Dao,07,03
2016-02-04,2489,N09W72,259,0200,Hax,04,02
2016-02-04,2490,S21W56,243,0060,Dao,07,10
2016-02-04,2491,N03E30,157,0030,Dro,08,06
2016-02-04,2492,N15E49,138,0060,Dsi,08,05
2016-02-04,2493,S06W31,218,0030,Dao,06,05
2016-02-05,2489,N09W84,257,0100,Hsx,03,01
2016-02-05,2490,S21W70,243,0130,Dao,09,09
2016-02-05,2491,N02E16,157,0020,Cro,08,06
2016-02-05,2492,N14E36,137,0050,Dai,09,07
2016-02-05,2493,S07W46,219,0050,Dao,06,05
2016-02-05,2494,S12E09,164,0150,Dai,07,07
2016-02-06,2490,S20W81,240,0080,Cao,09,05
2016-02-06,2491,N02E03,156,0010,Axx,02,02
2016-02-06,2492,N14E23,136,0050,Dso,07,08
2016-02-06,2493,S05W58,217,0010,Dro,07,05
2016-02-06,2494,S12W04,163,0230,Dai,07,16
2016-02-06,2495,S07W46,205,0010,Bxo,04,06
2016-02-06,2496,N09E56,103,0010,Axx,00,01
2016-02-07,2492,N13E10,136,0040,Dri,06,08
2016-02-07,2494,S11W17,163,0270,Dai,08,09
2016-02-07,2495,S08W61,208,0030,Cro,03,04
2016-02-07,2497,N13E58,088,0050,Dai,03,10
2016-02-08,2492,N15W04,137,0030,Dro,06,07
2016-02-08,2494,S12W29,162,0270,Dki,08,09
2016-02-08,2495,S08W74,207,0070,Dao,04,05
2016-02-08,2496,N08E34,098,0020,Bxi,05,04
2016-02-08,2497,N13E49,084,0070,Dai,07,09
2016-02-09,2492,N14W19,140,0020,Cro,12,07
2016-02-09,2494,S12W43,164,0240,Dai,08,08
2016-02-09,2495,S08W88,209,0180,Dao,08,02
2016-02-09,2496,N08E19,102,0010,Bxo,06,05
2016-02-09,2497,N13E36,085,0200,Dao,09,10
2016-02-10,2492,N14W35,143,0030,Dao,07,04
2016-02-10,2494,S12W57,165,0120,Dao,08,06
2016-02-10,2496,N08E05,103,0010,Bxo,04,02
2016-02-10,2497,N13E22,086,0180,Dai,10,14
2016-02-10,2498,N19E58,050,0010,Bxo,02,03
2016-02-11,2492,N14W49,143,0020,Cro,06,02
2016-02-11,2494,S12W70,164,0070,Dso,08,05
2016-02-11,2496,N08W09,103,0010,Bxo,05,03
2016-02-11,2497,N13E08,086,0240,Eac,12,23
2016-02-11,2498,N19E44,050,0010,Axx,01,01
2016-02-12,2492,N14W63,144,0020,Hrx,06,02
2016-02-12,2494,S12W84,165,0040,Dso,07,03
2016-02-12,2497,N13W06,087,0180,Eac,13,22
2016-02-12,2498,N18E28,052,0010,Axx,01,01
2016-02-13,2492,N14W78,146,0010,Axx,00,01
2016-02-13,2494,S14W96,164,0010,Axx,01,01
2016-02-13,2497,N13W19,087,0250,Eac,13,20
2016-02-13,2498,N18E15,053,0010,Axx,01,01
2016-02-13,2499,N11E38,030,0010,Axx,01,01
2016-02-14,2497,N12W35,089,0220,Eac,13,23
2016-02-14,2500,S18W29,083,0010,Bxo,03,03
2016-02-15,2497,N12W48,089,0200,Eac,11,18
2016-02-15,2500,S18W42,083,0020,Cro,03,03
2016-02-15,2501,N04E76,325,0060,Hsx,02,01
2016-02-16,2497,N12W62,091,0240,Eac,12,16
2016-02-16,2500,S18W56,085,0010,Axx,01,01
2016-02-16,2501,N04E62,327,0060,Hsx,02,01
2016-02-17,2497,N13W76,091,0220,Eac,12,14
2016-02-17,2501,N04E48,327,0030,Hsx,01,01
2016-02-17,2502,N08W00,015,0010,Bxo,03,04
2016-02-18,2497,N13W89,091,0220,Eac,12,14
2016-02-18,2501,N05E34,328,0050,Hsx,02,01
2016-02-18,2502,N08W14,016,0010,Bxo,04,02
2016-02-18,2503,N06W00,002,0020,Cro,02,03
2016-02-19,2501,N05E20,329,0050,Hsx,02,01
2016-02-19,2502,N09W28,017,0010,Bxo,03,03
2016-02-19,2503,N06W14,003,0010,Axx,01,01
2016-02-20,2501,N04E09,327,0080,Cso,04,03
2016-02-20,2503,N05W27,002,0020,Cro,05,06
2016-02-20,2504,N12W02,338,0010,Bxo,03,03
2016-02-21,2501,N04W04,327,0080,Cso,03,03
2016-02-21,2504,N12W17,340,0020,Cro,03,03
2016-02-21,2505,N08W32,355,0110,Dai,07,10
2016-02-22,2501,N04W18,328,0070,Cso,03,04
2016-02-22,2504,N13W30,340,0010,Bxo,03,03
2016-02-22,2505,N08W45,355,0180,Dac,09,10
2016-02-23,2501,N04W32,328,0060,Hsx,02,01
2016-02-23,2505,N08W59,355,0160,Dac,09,08
2016-02-24,2501,N05W46,329,0070,Hsx,01,01
2016-02-24,2505,N08W73,356,0160,Dac,10,06
2016-02-25,2501,N05W60,330,0060,Hsx,01,01
2016-02-25,2505,N08W87,357,0160,Dac,10,06
2016-02-25,2506,S07E48,222,0010,Bxo,03,02
2016-02-26,2501,N04W73,330,0020,Hax,01,01
2016-02-26,2506,S07E35,222,0030,Cao,05,05
2016-02-27,2501,N04W86,330,0020,Hax,01,01
2016-02-27,2506,S07E22,222,0030,Cro,08,07
2016-02-27,2507,N18W59,303,0010,Bxo,02,03
2016-02-28,2506,S06E08,223,0060,Dai,07,15
2016-02-28,2507,N19W73,304,0010,Bxo,03,02
2016-02-29,2506,S05W07,224,0110,Dai,08,15
2016-02-29,2508,N07E09,208,0010,Bxo,05,03
2016-03-01,2506,S06W20,223,0130,Dai,09,09
2016-03-01,2508,N07W05,208,0010,Axx,05,01
2016-03-01,2509,N09E17,186,0020,Bxo,03,04
2016-03-02,2506,S07W34,225,0110,Dso,09,06
2016-03-02,2508,N05W20,211,0010,Axx,00,01
2016-03-02,2509,N08W00,189,0020,Bxo,10,02
2016-03-03,2506,S07W48,226,0110,Cso,09,05
2016-03-03,2510,N05E51,127,0030,Cro,10,03
2016-03-03,2511,N05E57,121,0010,Bxo,01,03
2016-03-03,2512,N11E28,150,0010,Bxo,03,03
2016-03-03,2513,N11E84,094,0060,Hsx,01,01
2016-03-04,2506,S07W60,225,0070,Hsx,08,02
2016-03-04,2510,N05E43,124,0030,Cro,01,03
2016-03-04,2512,N12E13,152,0020,Bxo,04,04
2016-03-04,2513,N11E63,012,0030,Hsx,03,01
2016-03-05,2506,S06W76,228,0060,Cso,03,04
2016-03-05,2510,N05E30,122,0030,Cro,04,03
2016-03-05,2512,N11W00,152,0020,Cro,04,03
2016-03-05,2513,N12E49,103,0040,Hsx,02,01
2016-03-05,2514,N14W11,163,0020,Cro,06,09
2016-03-05,2515,S03W14,166,0010,Bxo,03,02
2016-03-05,2516,S04W05,157,0010,Bxo,03,03
2016-03-06,2506,S06W88,226,0040,Cso,03,03
2016-03-06,2510,N05E18,120,0030,Cao,04,04
2016-03-06,2512,N11W16,154,0010,Hrx,01,01
2016-03-06,2513,N12E36,102,0050,Hsx,02,01
2016-03-06,2514,N14W26,164,0050,Cao,06,09
2016-03-07,2510,N06E03,122,0020,Cro,04,04
2016-03-07,2512,N11W30,155,0030,Cao,02,07
2016-03-07,2513,N12E23,102,0050,Hsx,02,01
2016-03-07,2514,N14W39,164,0030,Cao,07,04
2016-03-07,2517,N24W38,163,0010,Bxo,04,02
2016-03-08,2510,N04W10,122,0010,Axx,02,01
2016-03-08,2512,N12W42,154,0050,Cao,03,04
2016-03-08,2513,N11E09,103,0040,Hsx,01,01
2016-03-08,2514,N13W54,166,0010,Axx,01,03
2016-03-08,2517,N24W51,162,0010,Bxo,02,02
2016-03-09,2511,N02W36,135,0010,Bxo,01,05
2016-03-09,2512,N10W56,155,0030,Hax,05,01
2016-03-09,2513,N10W03,102,0040,Hsx,02,01
2016-03-09,2514,N12W69,168,0010,Axx,00,01
2016-03-10,2511,N03W50,136,0020,Cao,05,02
2016-03-10,2512,N11W70,156,0030,Hsx,02,02
2016-03-10,2513,N10W17,103,0040,Hsx,02,01
2016-03-10,2518,N04W29,115,0030,Cao,03,05
2016-03-10,2519,N06E76,010,0070,Hsx,01,01
2016-03-11,2511,N03W66,138,0020,Hrx,01,02
2016-03-11,2512,N12W83,155,0030,Hsx,02,01
2016-03-11,2513,N10W31,103,0040,Hsx,02,01
2016-03-11,2518,N04W41,113,0020,Cro,04,05
2016-03-11,2519,N06E61,011,0050,Cao,02,02
2016-03-12,2511,N02W79,138,0010,Axx,01,02
2016-03-12,2513,N10W44,103,0040,Hsx,02,01
2016-03-12,2518,N04W54,113,0010,Axx,02,02
2016-03-12,2519,N06E48,011,0050,Cao,05,03
2016-03-13,2513,N10W57,103,0050,Hsx,02,01
2016-03-13,2519,N05E39,007,0080,Cso,07,04
2016-03-13,2520,N04E17,029,0010,Bxo,03,02
2016-03-13,2521,N19E18,028,0070,Cao,04,09
2016-03-14,2513,N09W72,105,0040,Hsx,01,01
2016-03-14,2519,N05E26,007,0080,Cso,11,05
2016-03-14,2521,N20E04,029,0080,Dao,05,07
2016-03-15,2513,N08W83,103,0020,Hsx,01,01
2016-03-15,2519,N05E08,012,0080,Hsx,02,01
2016-03-15,2521,N19W09,029,0080,Dao,06,12
2016-03-15,2522,N14W56,076,0040,Cao,04,03
2016-03-16,2519,N05W05,012,0060,Hsx,02,01
2016-03-16,2521,N19W21,028,0070,Dai,06,10
2016-03-16,2522,N14W71,078,0040,Cao,05,03
2016-03-17,2519,N05W17,010,0090,Dso,05,04
2016-03-17,2521,N17W37,030,0020,Cro,05,05
2016-03-17,2523,S10W22,015,0010,Bxo,03,03
2016-03-17,2524,N14E69,284,0070,Hsx,02,01
2016-03-18,2519,N04W33,013,0080,Cso,03,03
2016-03-18,2521,N18W49,029,0010,Axx,01,02
2016-03-18,2523,S09W35,015,0010,Axx,02,03
2016-03-18,2524,N14E63,277,0210,Eao,12,06
2016-03-18,2525,N12E13,327,0010,Axx,03,02
2016-03-19,2519,N04W48,015,0070,Hsx,02,02
2016-03-19,2524,N15E49,278,0230,Eao,11,07
2016-03-20,2519,N04W62,015,0070,Hsx,01,01
2016-03-20,2524,N15E36,277,0280,Eho,12,05
2016-03-21,2519,N03W74,014,0070,Hsx,01,01
2016-03-21,2524,N15E21,278,0240,Eso,12,04
2016-03-22,2519,N04W89,016,0020,Hsx,01,01
2016-03-22,2524,N15E09,278,0200,Eso,12,04
2016-03-23,2524,N15W03,277,0240,Eso,12,03
2016-03-24,2524,N15W16,277,0210,Eso,13,04
2016-03-25,2524,N14W29,277,0190,Eso,11,04
2016-03-25,2526,S05E72,176,0120,Hsx,02,01
2016-03-26,2524,N13W44,278,0100,Eso,11,03
2016-03-26,2526,S04E59,175,0180,Hsx,03,01
2016-03-27,2524,N14W61,282,0080,Hsx,03,01
2016-03-27,2526,S04E45,176,0190,Hsx,03,02
2016-03-28,2524,N14W75,283,0080,Hsx,03,01
2016-03-28,2526,S04E30,178,0190,Hsx,03,02
2016-03-29,2524,N14W88,283,0060,Hsx,02,01
2016-03-29,2526,S04E18,177,0190,Hsx,03,02
2016-03-30,2526,S05E04,178,0200,Cso,03,05
2016-03-31,2526,S05W09,178,0190,Hsx,03,02
2016-04-01,2526,S05W22,178,0200,Hsx,03,01
2016-04-02,2526,S05W36,178,0180,Hsx,03,01
2016-04-03,2526,S05W48,177,0190,Hsx,02,01
2016-04-04,2526,S05W61,177,0160,Hsx,02,01
2016-04-04,2527,N14W16,132,0000,Axx,01,02
2016-04-04,2528,N06E06,110,0010,Bxo,05,05
2016-04-05,2526,S03W76,179,0150,Hsx,02,01
2016-04-05,2528,N07W09,112,0010,Bxo,05,02
2016-04-06,2526,S03W89,179,0120,Hsx,02,01
2016-04-06,2528,N07W23,113,0030,Cro,05,04
2016-04-07,2528,N07W37,113,0020,Dro,05,03
2016-04-08,2528,N07W51,114,0040,Cao,05,05
2016-04-08,2529,N10E77,346,0330,Hkx,05,01
2016-04-09,2528,N07W64,114,0010,Bxo,05,02
2016-04-09,2529,N10E66,344,0350,Dhi,10,05
2016-04-10,2528,N07W79,116,0010,Axx,01,01
2016-04-10,2529,N10E54,343,0820,Ehi,12,08
2016-04-11,2529,N09E42,341,0820,Eki,11,16
2016-04-12,2529,N09E28,342,0850,Eki,12,19
2016-04-12,2530,N15W11,021,0030,Cso,04,03
2016-04-13,2529,N09E14,343,0800,Eho,12,12
2016-04-13,2530,N15W25,022,0020,Cro,04,02
2016-04-14,2529,N09W00,344,0780,Eko,12,08
2016-04-14,2530,N15W39,023,0020,Hrx,03,02
2016-04-14,2531,N14E59,285,0010,Axx,01,01
2016-04-15,2529,N10W13,344,0790,Eki,12,14
2016-04-15,2530,N14W53,024,0010,Axx,01,01
2016-04-15,2531,N14E45,286,0010,Axx,01,01
2016-04-16,2529,N10W24,341,0740,Eki,13,36
2016-04-16,2530,N13W67,024,0010,Axx,02,02
2016-04-16,2531,N13E34,283,0010,Axx,01,01
2016-04-17,2529,N10W37,340,0720,Eki,14,18
2016-04-17,2530,N08W80,024,0010,Axx,01,01
2016-04-17,2532,N07E62,240,0020,Cao,05,02
2016-04-18,2529,N10W52,342,0780,Eki,14,10
2016-04-18,2532,N07E53,238,0050,Cao,02,05
2016-04-19,2529,N10W67,344,0610,Cko,09,05
2016-04-19,2532,N06E40,237,0030,Hax,05,03
2016-04-20,2529,N10W81,346,0600,Cko,05,05
2016-04-20,2532,N06E27,238,0040,Cao,06,03
2016-04-21,2532,N06E13,239,0030,Cao,04,03
2016-04-21,2533,S02E68,184,0060,Hsx,02,01
2016-04-22,2532,N06W01,239,0020,Cro,04,03
2016-04-22,2533,S02E54,184,0060,Hsx,02,01
2016-04-23,2532,N06W12,237,0010,Axx,01,01
2016-04-23,2533,S02E43,182,0060,Hsx,01,01
2016-04-24,2533,S02E30,180,0080,Hsx,01,01
2016-04-25,2532,N05W41,239,0040,Cao,04,03
2016-04-25,2533,S02E15,182,0100,Hsx,02,01
2016-04-25,2534,N06E48,149,0010,Axx,01,01
2016-04-25,2535,N05E74,124,0060,Hax,01,01
2016-04-26,2532,N05W55,241,0010,Bxo,04,05
2016-04-26,2533,S02E01,185,0100,Hsx,02,01
2016-04-26,2535,N05E59,127,0030,Hax,01,01
2016-04-27,2532,N06W68,240,0010,Bxo,06,04
2016-04-27,2533,S02W10,182,0100,Hsx,02,01
2016-04-27,2535,N06E45,127,0030,Hax,01,01
2016-04-27,2536,N15E55,117,0040,Dao,03,05
2016-04-27,2537,S07W36,208,0020,Cro,03,04
2016-04-28,2532,N05W82,241,0020,Cro,03,02
2016-04-28,2533,S03W24,183,0110,Hsx,03,01
2016-04-28,2535,N06E30,129,0020,Hsx,01,02
2016-04-28,2536,N15E41,118,0080,Dao,04,09
2016-04-28,2537,S07W50,209,0040,Dao,06,09
2016-04-28,2538,S04E34,125,0010,Bxo,03,03
2016-04-29,2533,S02W37,183,0090,Hsx,02,01
2016-04-29,2535,N07E16,130,0030,Cao,04,05
2016-04-29,2536,N16E28,118,0070,Dai,06,07
2016-04-29,2537,S07W65,211,0080,Dai,08,09
2016-04-29,2538,S04E22,124,0000,Axx,00,01
2016-04-29,2539,N17E66,080,0030,Hax,02,01
2016-04-30,2533,S02W50,183,0080,Hsx,02,01
2016-04-30,2535,N06E02,131,0030,Cao,03,05
2016-04-30,2536,N16E16,117,0090,Dai,06,08
2016-04-30,2537,S09W77,210,0070,Dso,10,05
2016-04-30,2538,S04E07,126,0000,Axx,01,01
2016-04-30,2539,N17E51,082,0030,Cao,02,02
2016-05-01,2533,S03W64,183,0080,Hsx,02,01
2016-05-01,2535,N06W12,131,0030,Cao,03,03
2016-05-01,2536,N16E02,117,0100,Dai,05,09
2016-05-01,2537,S09W90,209,0020,Hax,02,01
2016-05-01,2539,N17E38,081,0050,Cao,08,06
2016-05-01,2540,N21E51,068,0020,Hrx,02,02
2016-05-02,2533,S03W78,184,0070,Hsx,02,01
2016-05-02,2535,N06W27,133,0040,Hax,02,03
2016-05-02,2536,N16W11,117,0150,Dai,05,11
2016-05-02,2539,N16E22,084,0100,Eai,12,08
2016-05-02,2540,N21E38,068,0020,Hrx,02,03
2016-05-03,2535,N07W42,135,0030,Cao,02,03
2016-05-03,2536,N16W26,119,0090,Dao,06,09
2016-05-03,2539,N16E07,086,0070,Eai,13,07
2016-05-03,2540,N22E24,069,0010,Bxo,03,03
2016-05-03,2541,N04E64,029,0010,Bxo,01,03
2016-05-04,2535,N07W55,135,0020,Hax,01,01
2016-05-04,2536,N15W38,118,0070,Dao,06,05
2016-05-04,2539,N16W05,085,0050,Eao,13,07
2016-05-04,2541,N04E52,028,0020,Cro,04,04
2016-05-05,2535,N07W68,135,0020,Hax,01,01
2016-05-05,2536,N15W51,118,0070,Dao,06,08
2016-05-05,2539,N16W18,085,0010,Bxo,13,03
2016-05-05,2541,N04E39,028,0020,Cro,04,03
2016-05-05,2542,N09E70,356,0250,Cko,03,02
2016-05-06,2536,N14W66,119,0020,Hsx,01,02
2016-05-06,2539,N16W29,082,0020,Hrx,09,04
2016-05-06,2541,N04E28,025,0030,Dro,04,06
2016-05-06,2542,N10E56,357,0120,Cso,03,03
2016-05-07,2536,N15W78,117,0010,Hsx,01,01
2016-05-07,2539,N17W38,077,0010,Axx,02,02
2016-05-07,2541,N04E14,025,0010,Bxi,07,10
2016-05-07,2542,N10E42,357,0150,Cso,04,03
2016-05-08,2536,N15W92,119,0010,Hsx,01,01
2016-05-08,2539,N16W51,078,0000,Axx,01,01
2016-05-08,2541,N04W00,027,0020,Cro,05,05
2016-05-08,2542,N11E28,359,0170,Hax,05,04
2016-05-09,2541,N04W14,028,0000,Axx,01,01
2016-05-09,2542,N12E16,358,0100,Cao,05,08
2016-05-09,2543,S06E12,002,0010,Bxo,04,03
2016-05-10,2541,N04W29,029,0000,Axx,00,01
2016-05-10,2542,N12E03,357,0150,Dai,05,16
2016-05-10,2543,S05W03,003,0030,Dso,04,07
2016-05-10,2544,N21E60,300,0030,Cro,03,04
2016-05-11,2542,N12W11,358,0130,Cao,06,15
2016-05-11,2543,S05W15,002,0090,Dao,06,10
2016-05-11,2544,N20E45,302,0040,Dso,04,04
2016-05-11,2545,S21E05,342,0010,Hrx,01,01
2016-05-12,2542,N11W23,357,0130,Cai,06,12
2016-05-12,2543,S05W27,001,0110,Dai,07,09
2016-05-12,2544,N21E33,301,0030,Cso,08,06
2016-05-12,2545,S21W09,343,0030,Cro,05,05
2016-05-13,2542,N10W36,357,0160,Dai,06,11
2016-05-13,2543,S05W40,001,0080,Dso,07,08
2016-05-13,2544,N20E21,300,0020,Cro,05,03
2016-05-13,2545,S21W21,342,0090,Dai,06,05
2016-05-14,2542,N10W50,358,0160,Dac,05,16
2016-05-14,2543,S05W54,002,0040,Dao,06,06
2016-05-14,2544,N21E11,297,0020,Cro,07,06
2016-05-14,2545,S21W35,343,0070,Cao,07,08
2016-05-15,2542,N10W64,358,0140,Dac,06,12
2016-05-15,2543,S05W69,003,0020,Cao,06,04
2016-05-15,2544,N21W01,294,0040,Dao,08,10
2016-05-15,2545,S21W49,343,0060,Cao,07,11
2016-05-15,2546,S07E71,223,0250,Hhx,06,01
2016-05-16,2542,N11W77,358,0110,Cai,04,04
2016-05-16,2543,S05W80,001,0030,Cro,05,03
2016-05-16,2544,N21W15,296,0150,Dai,09,14
2016-05-16,2545,S21W65,346,0070,Cao,04,04
2016-05-16,2546,S07E57,224,0410,Hhx,05,02
2016-05-17,2542,N11W90,358,0030,Hsx,02,01
2016-05-17,2543,S05W91,359,0010,Hsx,01,01
2016-05-17,2544,N20W27,295,0160,Dai,09,20
2016-05-17,2545,S20W79,347,0020,Cro,03,02
2016-05-17,2546,S07E43,225,0540,Hhx,06,02
2016-05-18,2544,N22W41,296,0120,Cao,08,11
2016-05-18,2546,S07E33,222,0540,Cho,05,05
2016-05-19,2544,N21W55,296,0110,Cso,06,06
2016-05-19,2546,S07E19,222,0480,Cho,06,02
2016-05-20,2544,N22W70,298,0080,Hsx,02,01
2016-05-20,2546,S07E07,221,0440,Cho,07,04
2016-05-20,2547,S18W28,256,0010,Bxo,03,03
2016-05-21,2544,N22W83,298,0080,Hsx,02,01
2016-05-21,2546,S07W07,222,0520,Cho,07,09
2016-05-21,2547,S17W42,257,0010,Bxo,04,03
2016-05-22,2546,S07W21,223,0550,Cho,07,07
2016-05-23,2546,S07W35,224,0480,Cho,06,05
2016-05-24,2546,S07W49,224,0460,Hhx,06,03
2016-05-25,2546,S07W63,225,0450,Hhx,04,01
2016-05-25,2548,N13W08,170,0010,Bxo,04,03
2016-05-26,2546,S07W75,224,0330,Hhx,04,01
2016-05-26,2548,N13W22,171,0050,Dao,06,06
2016-05-27,2546,S07W88,224,0300,Hhx,03,01
2016-05-27,2548,N13W36,172,0120,Dso,08,09
2016-05-28,2548,N13W49,171,0130,Dsi,08,09
2016-05-29,2548,N13W62,171,0120,Cso,08,08
2016-05-29,2549,S14E18,091,0020,Dro,04,03
2016-05-30,2548,N14W78,174,0060,Hsx,02,02
2016-05-30,2549,S14E03,093,0020,Cro,05,03
2016-05-31,2548,N13W91,174,0040,Hsx,02,01
2016-05-31,2549,S14W09,092,0010,Bxo,06,05
2016-05-31,2550,N15W31,114,0020,Cro,04,06
2016-05-31,2551,N04W44,127,0010,Bxo,04,04
2016-06-01,2549,S13W24,093,0000,Axx,00,01
2016-06-01,2550,N15W45,114,0020,Cro,08,04
2016-06-01,2551,N04W58,127,0040,Dso,05,05
2016-06-02,2550,N15W58,114,0010,Bxo,05,04
2016-06-02,2551,N04W71,127,0060,Cso,07,06
2016-06-03,2550,N15W72,115,0010,Bxo,05,04
2016-06-03,2551,N04W85,128,0090,Cso,08,03
2016-06-08,2552,N16W22,359,0010,Bxo,01,02
2016-06-09,2552,N17W35,359,0020,Cro,01,05
2016-06-10,2552,N15W48,358,0140,Dac,04,12
2016-06-11,2552,N14W62,359,0060,Dai,04,07
2016-06-11,2553,S06E71,226,0120,Hsx,06,01
2016-06-12,2552,N15W75,359,0150,Dao,05,05
2016-06-12,2553,S06E56,228,0270,Hhx,04,01
2016-06-12,2554,N08W33,317,0020,Dro,03,04
2016-06-13,2552,N14W91,002,0080,Cao,03,02
2016-06-13,2553,S06E43,228,0330,Hhx,03,01
2016-06-13,2554,N08W45,316,0090,Dao,04,06
2016-06-14,2553,S06E31,226,0290,Hhx,03,01
2016-06-14,2554,N08W58,315,0120,Dao,05,06
2016-06-15,2553,S07E18,226,0290,Hhx,04,01
2016-06-15,2554,N08W72,316,0100,Dso,06,05
2016-06-16,2553,S07E06,225,0300,Hhx,03,01
2016-06-16,2554,N08W85,316,0050,Hsx,02,01
2016-06-17,2553,S07W09,225,0310,Hhx,04,02
2016-06-17,2555,S09W57,273,0030,Cao,04,04
2016-06-18,2553,S07W22,226,0300,Hhx,04,01
2016-06-18,2555,S09W70,274,0080,Cao,05,04
2016-06-18,2556,N05E72,132,0030,Hsx,01,01
2016-06-19,2553,S07W36,227,0250,Hhx,04,01
2016-06-19,2555,S09W83,274,0020,Bxo,06,03
2016-06-19,2556,N05E57,134,0030,Hsx,01,01
2016-06-19,2557,N10E07,184,0010,Axx,01,01
2016-06-20,2553,S07W49,227,0260,Hhx,04,01
2016-06-20,2556,N06E43,135,0030,Hsx,02,01
2016-06-20,2557,N09W07,185,0010,Axx,01,01
2016-06-20,2558,N13W37,215,0030,Cso,05,05
2016-06-21,2553,S06W63,228,0250,Hhx,03,01
2016-06-21,2556,N06E29,136,0040,Hax,01,01
2016-06-21,2558,N13W50,215,0020,Cao,04,03
2016-06-22,2553,S07W77,229,0190,Hsx,02,01
2016-06-22,2556,N06E16,136,0010,Hax,01,01
2016-06-23,2553,S06W90,228,0150,Hsx,02,01
2016-06-23,2556,N05E03,135,0010,Hsx,01,01
2016-07-06,2559,N10W20,346,0010,Bxo,02,02
2016-07-06,2560,S08E55,270,0010,Axx,01,01
2016-07-07,2560,S08E42,270,0010,Axx,01,01
2016-07-08,2561,S16W45,344,0030,Cro,06,04
2016-07-08,2562,S05E74,225,0030,Hsx,01,01
2016-07-09,2561,S16W59,345,0020,Cro,05,05
2016-07-09,2562,S06E59,227,0050,Cao,05,05
2016-07-09,2563,N19E56,230,0010,Bxo,04,04
2016-07-09,2564,N10E79,207,0040,Hsx,01,01
2016-07-10,2561,S16W72,345,0010,Bxo,06,03
2016-07-10,2562,S06E46,227,0060,Cai,06,08
2016-07-10,2563,N19E42,231,0020,Cro,05,06
2016-07-10,2564,N09E63,210,0080,Cao,05,06
2016-07-11,2562,S05E33,227,0050,Cao,03,05
2016-07-11,2563,N19E32,228,0020,Bxo,08,04
2016-07-11,2564,N09E51,209,0120,Dai,08,07
2016-07-12,2562,S06E19,226,0030,Cri,04,07
2016-07-12,2563,N19E19,227,0020,Bxo,08,06
2016-07-12,2564,N09E38,207,0070,Dao,09,08
2016-07-12,2565,N04E71,175,0120,Hsx,05,01
2016-07-13,2562,S06E05,229,0050,Hax,04,08
2016-07-13,2563,N19E05,229,0020,Bxo,08,06
2016-07-13,2564,N09E24,210,0060,Hax,03,08
2016-07-13,2565,N04E58,174,0170,Hkx,03,01
2016-07-14,2562,S06W09,229,0030,Hrx,04,05
2016-07-14,2563,N19W09,228,0010,Bxo,06,02
2016-07-14,2564,N09E10,210,0030,Cro,03,06
2016-07-14,2565,N04E44,176,0170,Hax,04,01
2016-07-15,2562,S06W20,227,0010,Axx,04,04
2016-07-15,2563,N20W18,225,0010,Axx,01,02
2016-07-15,2564,N09W04,211,0010,Axx,05,05
2016-07-15,2565,N04E33,174,0220,Cao,05,03
2016-07-16,2562,S06W35,229,0010,Axx,03,03
2016-07-16,2565,N05E18,176,0290,Cho,04,04
2016-07-16,2566,N10E15,179,0000,Axx,00,01
2016-07-16,2567,N05E28,166,0190,Dac,06,13
2016-07-16,2568,S15E39,155,0020,Dro,03,02
2016-07-17,2565,N04E06,175,0320,Dho,06,05
2016-07-17,2567,N04E15,166,0200,Dsc,08,10
2016-07-17,2568,S16E24,157,0010,Bxo,03,02
2016-07-18,2565,N05W08,175,0350,Cko,06,06
2016-07-18,2567,N05E02,165,0330,Dhi,08,14
2016-07-18,2568,S13E10,157,0000,Axx,00,01
2016-07-20,2565,N06W35,176,0300,Cko,05,08
2016-07-20,2567,N05W24,165,0390,Dki,07,14
2016-07-20,2569,N15E15,126,0030,Cso,06,06
2016-07-21,2565,N04W48,176,0310,Cko,05,08
2016-07-21,2567,N05W37,165,0510,Dki,07,16
2016-07-21,2569,N15W00,127,0030,Hrx,03,02
2016-07-22,2565,N03W62,176,0250,Hkx,07,05
2016-07-22,2567,N05W52,166,0380,Dki,09,12
2016-07-22,2569,N16W15,129,0010,Axx,03,02
2016-07-23,2565,N04W75,176,0250,Hkx,04,04
2016-07-23,2567,N06W66,167,0330,Dko,08,12
2016-07-24,2565,N03W90,178,0250,Hkx,03,04
2016-07-24,2567,N05W80,168,0210,Dao,08,10
2016-07-25,2567,N05W92,167,0150,Dao,06,06
2016-07-29,2570,N11E66,316,0010,Bxo,02,03
2016-07-30,2570,N10E52,317,0010,Bxo,05,03
2016-07-31,2570,N11E40,315,0010,Bxo,04,03
2016-08-01,2570,N10E24,318,0010,Axx,01,02
2016-08-02,2570,N10E13,314,0010,Axx,02,03
2016-08-03,2570,N10W01,316,0010,Axx,01,01
2016-08-05,2570,N15W32,321,0010,Bxo,02,03
2016-08-05,2571,N14E22,266,0010,Bxo,03,04
2016-08-06,2571,N13E09,266,0020,Dro,04,07
2016-08-06,2572,N13W46,321,0060,Dao,05,09
2016-08-07,2571,N12W04,266,0040,Dao,05,08
2016-08-07,2572,N13W59,321,0080,Dao,08,05
2016-08-08,2571,N12W19,268,0150,Dai,08,12
2016-08-08,2572,N13W72,322,0110,Dao,09,07
2016-08-08,2573,N04E71,179,0060,Dso,05,02
2016-08-08,2574,N08E72,178,0060,Dso,04,02
2016-08-09,2571,N13W32,268,0200,Dac,07,16
2016-08-09,2572,N15W85,321,0110,Cso,06,05
2016-08-09,2573,N04E62,173,0090,Cso,07,05
2016-08-09,2574,N14E65,170,0020,Bxo,03,02
2016-08-09,2575,N16E66,170,0030,Cso,05,02
2016-08-09,2576,S11E74,162,0040,Hsx,01,01
2016-08-10,2571,N13W46,268,0110,Dac,06,08
2016-08-10,2574,N05E49,173,0290,Dho,09,06
2016-08-10,2575,N16E52,170,0050,Cso,06,02
2016-08-10,2576,S11E60,163,0040,Hsx,01,01
2016-08-11,2571,N12W60,270,0070,Cao,07,05
2016-08-11,2574,N05E35,175,0240,Cao,12,06
2016-08-11,2575,N15E37,173,0010,Hrx,01,01
2016-08-11,2576,S15E50,160,0140,Hsx,05,02
2016-08-12,2571,N12W75,272,0020,Hrx,01,02
2016-08-12,2574,N04E21,176,0240,Cao,07,07
2016-08-12,2575,N14E22,175,0010,Hrx,01,02
2016-08-12,2576,S13E35,162,0140,Hsx,03,02
2016-08-12,2577,N03E33,164,0020,Cro,04,04
2016-08-13,2571,N12W89,273,0020,Hrx,01,03
2016-08-13,2574,N04E07,177,0200,Cao,05,04
2016-08-13,2575,N14E08,176,0010,Axx,02,02
2016-08-13,2576,S13E21,162,0140,Hsx,03,02
2016-08-13,2577,N03E19,164,0130,Dso,05,10
2016-08-14,2574,N05W04,174,0160,Cao,05,06
2016-08-14,2575,N14W04,174,0010,Axx,01,02
2016-08-14,2576,S12E10,160,0130,Hsx,03,02
2016-08-14,2577,N04E07,165,0090,Dao,05,08
2016-08-15,2574,N05W17,174,0170,Cso,07,07
2016-08-15,2576,S12W03,160,0100,Hsx,03,02
2016-08-15,2577,N04W07,164,0080,Dao,05,07
2016-08-16,2574,N05W30,174,0120,Cso,07,07
2016-08-16,2575,N14W27,171,0010,Bxo,03,03
2016-08-16,2576,S12W17,161,0100,Hax,03,02
2016-08-16,2577,N04W21,165,0030,Cro,06,04
2016-08-16,2578,N08E61,083,0030,Cro,03,02
2016-08-17,2574,N05W43,174,0110,Hsx,04,04
2016-08-17,2575,N14W40,171,0010,Bxo,05,03
2016-08-17,2576,S12W29,160,0070,Hax,03,03
2016-08-17,2577,N04W34,165,0010,Bxo,05,03
2016-08-17,2578,N08E49,082,0020,Bxo,03,03
2016-08-18,2574,N05W58,175,0100,Hsx,04,03
2016-08-18,2576,S12W43,160,0060,Hax,02,03
2016-08-18,2577,N04W50,167,0010,Axx,00,01
2016-08-18,2578,N09E33,084,0010,Axx,02,02
2016-08-19,2574,N06W71,175,0090,Hsx,05,02
2016-08-19,2576,S12W56,160,0050,Hax,03,03
2016-08-19,2578,N09E20,084,0020,Cro,04,04
2016-08-20,2574,N06W84,175,0070,Hsx,04,02
2016-08-20,2576,S11W69,160,0040,Hax,02,02
2016-08-20,2578,N09E07,084,0020,Cro,02,03
2016-08-21,2578,N09W07,085,0010,Axx,01,02
2016-08-22,2578,N09W23,088,0010,Axx,01,01
2016-08-23,2579,N12E17,034,0060,Dai,05,12
2016-08-23,2580,S16E60,351,0020,Hsx,01,01
2016-08-24,2578,N09W49,087,0010,Bxo,03,05
2016-08-24,2579,N12E04,034,0090,Dao,06,11
2016-08-24,2580,S17E46,352,0020,Hsx,01,01
2016-08-25,2578,N09W62,087,0020,Cro,05,03
2016-08-25,2579,N11W08,033,0080,Dao,05,09
2016-08-25,2580,S18E34,351,0020,Hsx,01,01
2016-08-26,2579,N12W21,032,0040,Cao,04,04
2016-08-26,2580,S18E21,350,0040,Cso,06,02
2016-08-26,2581,N12E35,336,0040,Cso,03,03
2016-08-27,2579,N12W37,035,0010,Axx,02,03
2016-08-27,2580,S18E09,350,0020,Hsx,01,02
2016-08-27,2581,N12E22,337,0080,Dao,06,09
2016-08-28,2580,S18W05,350,0020,Hsx,01,01
2016-08-28,2581,N12E08,337,0100,Cai,08,17
2016-08-28,2582,N08W39,024,0010,Bxo,03,04
2016-08-29,2580,S18W19,351,0020,Hrx,03,02
2016-08-29,2581,N12W05,337,0110,Cao,09,10
2016-08-29,2582,N08W51,023,0040,Dao,05,08
2016-08-29,2583,N13W51,023,0030,Dao,03,04
2016-08-30,2580,S18W30,349,0030,Hrx,03,03
2016-08-30,2581,N12W19,338,0130,Cso,10,08
2016-08-30,2582,N08W67,026,0060,Cso,08,06
2016-08-30,2583,N13W66,025,0130,Dao,06,10
2016-08-31,2580,S17W43,349,0030,Cao,04,08
2016-08-31,2581,N11W34,340,0090,Cao,08,09
2016-08-31,2582,N09W83,029,0050,Cso,01,01
2016-08-31,2583,N14W80,026,0120,Cao,08,06
2016-09-01,2580,S16W57,349,0060,Cao,05,06
2016-09-01,2581,N11W48,340,0090,Cso,08,09
2016-09-01,2583,N14W94,026,0120,Cao,08,06
2016-09-01,2584,S06E62,230,0075,Cao,06,07
2016-09-01,2585,N08E71,221,0230,Csi,09,13
2016-09-02,2580,S16W71,350,0060,Cao,05,03
2016-09-02,2581,N12W64,343,0130,Hsx,02,01
2016-09-02,2584,S08E41,238,0010,Bxo,01,02
2016-09-02,2585,N07E56,223,0520,Eai,11,08
2016-09-02,2586,N08W03,282,0010,Bxo,03,02
2016-09-03,2581,N13W79,345,0130,Hsx,02,01
2016-09-03,2585,N06E43,223,0460,Ekc,11,17
2016-09-03,2586,N05W17,283,0030,Bxo,04,02
2016-09-04,2581,N13W92,345,0090,Hsx,01,01
2016-09-04,2585,N08E31,222,0590,Ekc,11,14
2016-09-04,2586,N05W33,286,0010,Hrx,01,01
2016-09-05,2585,N08E16,224,0550,Ekc,12,25
2016-09-05,2586,N07W47,287,0010,Bxo,02,02
2016-09-05,2587,N10E28,212,0000,Axx,01,02
2016-09-06,2585,N08E02,224,0420,Eki,12,12
2016-09-07,2585,N07W11,224,0400,Eki,13,10
2016-09-07,2588,N12E08,205,0010,Bxo,03,02
2016-09-08,2585,N08W25,225,0430,Eki,13,12
2016-09-08,2586,N07W89,289,0010,Axx,02,02
2016-09-08,2588,N12W06,206,0030,Dso,05,06
2016-09-09,2585,N08W37,224,0380,Eko,12,12
2016-09-09,2588,N12W19,206,0010,Bxo,06,04
2016-09-09,2589,N14E14,173,0010,Bxo,03,03
2016-09-10,2585,N09W50,224,0380,Eko,11,13
2016-09-10,2588,N13W33,207,0010,Axx,06,01
2016-09-10,2589,N15W01,175,0030,Cro,04,07
2016-09-10,2590,N08W20,193,0010,Bxo,03,04
2016-09-11,2585,N08W64,224,0340,Eko,12,09
2016-09-11,2588,N11W51,210,0010,Axx,00,01
2016-09-11,2589,N14W13,173,0080,Dai,06,12
2016-09-11,2591,N05E18,142,0020,Cro,05,04
2016-09-12,2585,N08W78,225,0240,Eso,11,07
2016-09-12,2588,N11W65,212,0005,Axx,00,01
2016-09-12,2589,N15W28,175,0070,Dso,06,08
2016-09-12,2591,N05E03,144,0025,Cro,06,07
2016-09-13,2585,N08W92,226,0220,Eao,11,07
2016-09-13,2589,N15W42,176,0050,Cso,06,06
2016-09-13,2590,N08W62,196,0010,Axx,01,01
2016-09-13,2591,N05W11,145,0010,Bxo,03,03
2016-09-14,2589,N14W54,175,0020,Cso,06,02
2016-09-14,2591,N04W24,145,0040,Cso,07,05
2016-09-15,2589,N12W71,178,0020,Hsx,01,01
2016-09-15,2591,N04W39,147,0010,Axx,02,03
2016-09-16,2592,N14E66,028,0010,Bxo,04,02
2016-09-17,2592,N14E53,027,0010,Bxo,02,03
2016-09-18,2592,N14E39,029,0010,Bxo,05,04
2016-09-19,2592,N14E27,027,0010,Bxo,06,05
2016-09-19,2593,N07E11,043,0020,Cri,04,09
2016-09-19,2594,N12E11,043,0010,Cro,03,03
2016-09-20,2592,N12E14,027,0020,Cro,07,02
2016-09-20,2593,N09W04,045,0060,Dao,05,08
2016-09-20,2594,N12W03,045,0010,Axx,01,01
2016-09-20,2595,N11W57,098,0010,Bxo,05,05
2016-09-21,2593,N09W18,046,0050,Cso,08,05
2016-09-21,2595,N11W71,099,0120,Dao,06,07
2016-09-22,2593,N06W32,047,0060,Dai,08,11
2016-09-22,2595,N08W90,104,0110,Dso,08,04
2016-09-23,2593,N08W45,047,0070,Dao,09,07
2016-09-23,2596,N05W58,060,0030,Cao,04,03
2016-09-24,2593,N09W59,048,0050,Eao,11,09
2016-09-24,2596,N05W73,062,0050,Cao,06,04
2016-09-24,2597,S13W00,349,0030,Cao,05,06
2016-09-25,2593,N07W72,048,0030,Cro,11,04
2016-09-25,2596,N05W87,063,0030,Hrx,01,01
2016-09-25,2597,S13W13,349,0120,Dsc,06,12
2016-09-26,2597,S13W25,347,0060,Dao,08,08
2016-09-27,2597,S14W40,349,0070,Dac,08,13
2016-09-28,2597,S14W52,348,0110,Dao,09,09
2016-09-29,2597,S14W66,349,0100,Dao,10,10
2016-09-30,2597,S14W80,350,0100,Cao,10,07
2016-10-01,2597,S14W91,347,0060,Hsx,07,02
2016-10-03,2598,N12E58,172,0010,Bxo,03,03
2016-10-04,2598,N13E44,173,0120,Cao,07,10
2016-10-04,2599,S12E71,146,0200,Hax,04,02
2016-10-05,2598,N13E30,174,0080,Cao,08,08
2016-10-05,2599,S15E59,145,0400,Cho,07,05
2016-10-06,2598,N13E16,174,0080,Dai,07,12
2016-10-06,2599,S14E46,144,0460,Cko,12,06
2016-10-07,2598,N13E03,174,0090,Dsi,07,20
2016-10-07,2599,S15E31,146,0410,Hkx,03,04
2016-10-07,2600,N11E72,105,0060,Hsx,02,01
2016-10-08,2598,N14W10,174,0140,Dai,09,15
2016-10-08,2599,S15E18,146,0370,Hkx,04,04
2016-10-08,2600,N11E60,104,0060,Hsx,02,01
2016-10-09,2598,N13W24,175,0110,Dai,09,17
2016-10-09,2599,S15E06,145,0400,Cko,08,12
2016-10-09,2600,N12E47,104,0090,Cso,02,03
2016-10-10,2598,N14W38,176,0120,Cai,08,15
2016-10-10,2599,S15W10,146,0400,Cko,12,10
2016-10-10,2600,N13E33,105,0110,Cso,04,03
2016-10-11,2598,N15W51,175,0090,Cai,08,11
2016-10-11,2599,S15W21,145,0250,Cko,10,09
2016-10-11,2600,N11E19,105,0080,Hsx,02,01
2016-10-11,2601,N06W57,181,0020,Cro,03,03
2016-10-12,2598,N15W64,174,0020,Bxo,09,05
2016-10-12,2599,S15W32,142,0270,Cko,11,06
2016-10-12,2600,N11E06,104,0100,Hsx,04,01
2016-10-12,2601,N06W71,181,0010,Bxo,03,04
2016-10-13,2599,S14W49,147,0190,Dao,04,05
2016-10-13,2600,N11W07,104,0100,Hsx,02,01
2016-10-13,2602,N06E57,041,0010,Bxo,07,04
2016-10-14,2599,S15W60,145,0140,Dao,04,05
2016-10-14,2600,N11W20,105,0090,Hsx,02,01
2016-10-14,2602,N07E45,040,0040,Cso,10,05
2016-10-15,2599,S15W74,146,0120,Dao,04,03
2016-10-15,2600,N11W34,106,0090,Hsx,02,01
2016-10-15,2602,N06E29,043,0050,Cso,05,04
2016-10-16,2599,S15W88,146,0060,Hax,03,01
2016-10-16,2600,N11W48,106,0090,Hsx,02,01
2016-10-16,2602,N06E15,043,0040,Cao,05,03
2016-10-17,2600,N11W61,106,0090,Hsx,02,01
2016-10-17,2602,N06E02,043,0040,Cao,09,03
2016-10-18,2600,N13W73,105,0050,Hsx,02,01
2016-10-18,2602,N06W11,043,0030,Cao,05,02
2016-10-19,2600,N12W89,107,0080,Hsx,03,01
2016-10-19,2602,N07W27,045,0040,Cao,07,03
2016-10-20,2602,N06W40,046,0070,Dao,07,10
2016-10-20,2603,N13E31,335,0010,Axx,01,01
2016-10-21,2602,N06W53,046,0050,Cao,07,06
2016-10-22,2602,N06W67,046,0040,Cao,07,04
2016-10-22,2603,N13E04,335,0010,Bxo,05,05
2016-10-23,2602,N06W80,046,0010,Axx,03,02
2016-10-23,2603,N13W09,335,0030,Cro,05,05
2016-10-24,2603,N13W22,335,0020,Cro,05,04
2016-10-25,2603,N13W37,337,0020,Cro,07,03
2016-10-26,2603,N13W53,340,0070,Dai,08,07
2016-10-27,2603,N13W67,340,0080,Dao,08,05
2016-10-28,2603,N13W81,341,0060,Dao,08,02
2016-10-29,2604,N06W09,256,0010,Bxo,05,04
2016-10-30,2604,N07W27,261,0010,Bxo,07,06
2016-10-31,2604,N07W41,262,0010,Bxo,01,02
2016-11-01,2605,N07E16,191,0030,Cro,03,02
2016-11-02,2605,N07E03,191,0010,Bxo,03,02
2016-11-04,2605,N08W20,188,0010,Bxo,02,02
2016-11-04,2606,N12E61,107,0010,Axx,01,01
2016-11-05,2605,N08W34,189,0020,Bxo,04,04
2016-11-05,2606,N11E50,105,0010,Axx,01,01
2016-11-06,2605,N08W48,190,0010,Bxo,03,03
2016-11-06,2606,N11E36,106,0010,Axx,01,01
2016-11-07,2605,N08W63,191,0010,Bxo,04,02
2016-11-07,2606,N10E24,104,0010,Axx,01,01
2016-11-08,2605,N08W76,191,0010,Bxo,01,02
2016-11-08,2606,N11E10,105,0010,Bxo,01,02
2016-11-10,2607,S18W53,142,0010,Bxo,01,02
2016-11-11,2607,S17W68,144,0050,Cso,05,03
2016-11-12,2607,S17W81,143,0100,Dai,07,03
2016-11-12,2608,S07W60,122,0020,Bxo,05,03
2016-11-13,2608,S08W74,123,0030,Bxo,06,03
2016-11-13,2609,S08W00,049,0030,Bxo,03,02
2016-11-13,2610,N15E27,022,0030,Cro,03,03
2016-11-14,2608,S08W85,121,0000,Axx,01,01
2016-11-14,2609,S09W15,051,0020,Cro,03,04
2016-11-14,2610,N14E15,021,0020,Cro,03,03
2016-11-15,2609,S08W30,053,0010,Bxo,04,02
2016-11-15,2610,N14W00,023,0020,Bxo,04,04
2016-11-16,2609,S08W46,056,0010,Bxo,05,02
2016-11-16,2610,N14W13,023,0020,Cro,04,07
2016-11-17,2610,N15W22,019,0040,Dai,06,08
2016-11-18,2610,N16W35,018,0050,Dao,06,06
2016-11-18,2611,N03E54,289,0010,Hrx,01,01
2016-11-19,2610,N15W48,017,0010,Bxo,05,05
2016-11-19,2611,N03E39,291,0020,Cao,03,03
2016-11-20,2610,N15W59,016,0010,Axx,01,01
2016-11-20,2611,N03E29,288,0010,Axx,01,01
2016-11-21,2611,N04E17,287,0010,Axx,01,01
2016-11-24,2612,N07E68,196,0120,Hsx,03,01
2016-11-25,2612,N09E56,194,0180,Hax,03,02
2016-11-26,2612,N09E43,194,0230,Hax,03,02
2016-11-27,2612,N08E29,195,0160,Hax,04,03
2016-11-28,2612,N08E17,195,0170,Cao,04,06
2016-11-28,2613,N12W51,263,0030,Cao,04,05
2016-11-29,2612,N08E03,195,0170,Cao,04,04
2016-11-29,2613,N12W64,262,0050,Cao,03,03
2016-11-29,2614,N06E35,162,0010,Cro,04,07
2016-11-30,2612,N09W10,194,0150,Cao,04,04
2016-11-30,2614,N05E21,163,0080,Cro,05,07
2016-11-30,2615,S08E51,132,0030,Dsi,04,02
2016-12-01,2612,N08W23,194,0110,Dso,03,34
2016-12-01,2614,N05E06,164,0060,Dao,05,03
2016-12-01,2615,S07E37,134,0060,Dai,07,08
2016-12-02,2612,N09W36,195,0120,Dao,04,05
2016-12-02,2614,N06W06,165,0030,Cao,05,04
2016-12-02,2615,S07E22,137,0110,Dai,07,10
2016-12-03,2612,N09W49,195,0090,Dao,03,05
2016-12-03,2614,N06W21,167,0010,Bxo,00,02
2016-12-03,2615,S07E08,138,0110,Dao,08,09
2016-12-03,2616,N17W18,164,0020,Bxo,01,03
2016-12-04,2612,N09W62,194,0070,Dao,04,04
2016-12-04,2614,N06W34,166,0010,Bxo,02,02
2016-12-04,2615,S07W07,139,0140,Dai,08,14
2016-12-04,2616,N18W33,165,0010,Axx,01,02
2016-12-05,2612,N09W75,194,0020,Cao,05,02
2016-12-05,2615,S07W20,139,0170,Dai,10,15
2016-12-06,2612,N09W89,195,0020,Hax,01,01
2016-12-06,2615,S07W33,139,0200,Dai,09,16
2016-12-07,2615,S07W45,138,0170,Dsi,08,14
2016-12-08,2615,S07W60,138,0170,Cso,08,08
2016-12-09,2615,S06W71,138,0060,Cao,08,04
2016-12-10,2615,S06W88,141,0060,Hsx,03,02
2016-12-12,2617,N17W44,071,0010,Bxo,03,03
2016-12-13,2617,N16W59,072,0010,Bxo,05,03
2016-12-14,2617,N16W72,073,0070,Cao,05,04
2016-12-15,2617,N16W86,074,0070,Cso,08,04
2016-12-15,2618,N13W35,022,0010,Bxo,01,01
2016-12-16,2618,N14W48,022,0010,Axx,02,02
2016-12-19,2619,N04E15,280,0020,Dso,03,03
2016-12-20,2619,N04W00,280,0010,Bxo,05,02
2016-12-21,2620,S23W37,305,0010,Bxo,04,04
2016-12-22,2620,S23W50,305,0050,Cso,05,05
2016-12-23,2620,S23W64,306,0020,Hsx,01,02
2016-12-27,2621,N11W45,234,0010,Bxo,03,03
2016-12-28,2621,N10W61,237,0030,Cro,07,04
2016-12-29,2621,N10W74,237,0010,Bxo,04,04
2016-12-31,2622,N12W59,196,0010,Axx,01,01
2017-01-01,2622,N11W71,195,0010,Axx,01,01
2017-01-04,2624,S08W57,141,0000,Axx,00,01
2017-01-13,2625,N03E72,254,0030,Hsx,01,01
2017-01-14,2625,N03E58,254,0050,Cso,04,03
2017-01-14,2626,N08E67,245,0020,Hsx,00,01
2017-01-15,2625,N03E45,254,0050,Cso,08,03
2017-01-15,2626,N08E55,244,0140,Hsx,02,02
2017-01-16,2625,N03E31,255,0040,Hsx,01,01
2017-01-16,2626,N09E42,244,0140,Hax,03,02
2017-01-17,2625,N01E18,254,0060,Hsx,01,01
2017-01-17,2626,N08E29,243,0120,Hax,03,03
2017-01-18,2625,N01E06,252,0050,Hsx,03,02
2017-01-18,2626,N08E16,242,0090,Cao,03,04
2017-01-19,2625,S00W07,252,0040,Cao,05,02
2017-01-19,2626,N07E03,243,0060,Hax,02,03
2017-01-20,2625,S00W20,253,0020,Hax,05,02
2017-01-20,2626,N08W11,244,0070,Hax,02,04
2017-01-21,2625,S00W35,255,0040,Hax,01,02
2017-01-21,2626,N08W24,244,0050,Hax,03,03
2017-01-21,2627,N05E28,192,0070,Dao,05,12
2017-01-21,2628,N12E49,171,0020,Bxo,01,04
2017-01-22,2625,N01W48,255,0030,Hax,02,03
2017-01-22,2626,N08W37,244,0040,Hsx,03,03
2017-01-22,2627,N06E15,192,0080,Dai,06,13
2017-01-22,2628,N12E36,171,0120,Dai,09,08
2017-01-23,2625,N01W62,256,0000,Axx,01,01
2017-01-23,2626,N08W50,244,0030,Hax,02,01
2017-01-23,2627,N06E01,193,0110,Dai,07,11
2017-01-23,2628,N12E21,173,0210,Dao,09,08
2017-01-24,2626,N08W63,244,0030,Hsx,02,02
2017-01-24,2627,N06W12,193,0070,Dai,07,13
2017-01-24,2628,N12E07,174,0220,Dso,09,08
2017-01-25,2626,N08W74,241,0010,Axx,01,02
2017-01-25,2627,N06W25,192,0030,Cro,07,04
2017-01-25,2628,N13W05,172,0210,Eao,11,06
2017-01-25,2629,N15E59,109,0070,Cao,05,03
2017-01-26,2627,N06W39,193,0010,Bxo,07,02
2017-01-26,2628,N12W22,175,0180,Cao,10,07
2017-01-26,2629,N15E44,110,0180,Dao,06,07
2017-01-27,2628,N11W34,175,0120,Cao,13,05
2017-01-27,2629,N15E31,110,0150,Dao,08,06
2017-01-28,2628,N12W48,175,0110,Cso,12,05
2017-01-28,2629,N15E18,110,0160,Dao,08,08
2017-01-29,2628,N12W64,179,0110,Hsx,04,03
2017-01-29,2629,N15E05,110,0130,Dso,06,05
2017-01-30,2628,N11W79,181,0110,Hsx,02,01
2017-01-30,2629,N15W10,112,0120,Cso,06,03
2017-01-31,2629,N15W22,111,0060,Hsx,03,01
2017-01-31,2630,N16E54,035,0010,Axx,01,01
2017-01-31,2631,S04W24,113,0010,Bxo,02,03
2017-02-01,2629,N15W38,113,0040,Hax,01,01
2017-02-01,2631,S05W38,113,0010,Bxo,04,05
2017-02-01,2632,N14W08,083,0010,Bxo,04,06
2017-02-02,2629,N15W51,113,0040,Hax,01,01
2017-02-02,2632,N14W22,084,0050,Dao,05,07
2017-02-03,2629,N16W65,114,0040,Hax,01,01
2017-02-03,2632,N14W36,085,0060,Dao,07,06
2017-02-03,2633,N14W51,100,0010,Bxo,02,03
2017-02-04,2629,N16W78,114,0040,Hax,01,01
2017-02-04,2632,N16W50,086,0030,Cao,08,06
2017-02-04,2633,N15W64,100,0010,Bxo,08,02
2017-02-05,2629,N16W92,115,0030,Hax,01,01
2017-02-05,2632,N16W64,087,0010,Axx,01,01
2017-02-06,2632,N14W76,086,0010,Axx,01,01
2017-02-06,2634,N02E70,300,0010,Axx,00,01
2017-02-07,2634,N05E56,300,0010,Bxo,00,05
2017-02-08,2634,N03E44,299,0010,Axx,00,01
2017-02-10,2635,N13E13,303,0070,Dao,05,05
2017-02-11,2635,N14W00,304,0110,Dai,06,08
2017-02-12,2635,N12W15,304,0090,Dai,05,07
2017-02-13,2635,N12W27,303,0090,Dai,06,08
2017-02-14,2635,N12W40,304,0060,Cso,07,06
2017-02-15,2635,N12W53,304,0050,Cso,05,05
2017-02-16,2635,N13W66,304,0020,Hrx,01,01
2017-02-16,2636,N11E53,185,0010,Axx,00,02
2017-02-17,2635,N13W80,305,0000,Axx,00,01
2017-02-17,2636,N11E40,185,0010,Hrx,01,02
2017-02-18,2636,N11E27,185,0020,Cro,03,04
2017-02-19,2636,N11E15,183,0020,Bxo,02,03
2017-02-20,2636,N11E01,184,0010,Axx,00,01
2017-02-20,2637,S03E61,124,0020,Axx,01,02
2017-02-21,2637,S04E47,125,0010,Axx,01,01
2017-02-21,2638,N18E58,114,0080,Dao,10,04
2017-02-22,2638,N18E49,110,0140,Dso,10,09
2017-02-23,2638,N19E35,111,0150,Dso,10,07
2017-02-24,2638,N18E20,113,0150,Cso,10,08
2017-02-25,2638,N18E08,111,0120,Cso,06,05
2017-02-25,2639,S09W34,153,0020,Hrx,02,02
2017-02-26,2638,N18W03,109,0100,Cso,05,02
2017-02-26,2639,S08W48,154,0020,Cro,02,03
2017-02-27,2638,N18W16,109,0100,Hsx,02,01
2017-02-27,2639,S08W61,154,0010,Bxo,02,02
2017-02-27,2640,N11E24,069,0010,Bxo,02,02
2017-02-28,2638,N16W29,109,0090,Hsx,02,01
2017-02-28,2640,N09E11,069,0020,Bxo,04,04
2017-02-28,2641,N15E46,034,0040,Cro,05,05
2017-03-01,2638,N16W43,110,0080,Hsx,02,01
2017-03-01,2640,N08W04,071,0030,Axx,04,02
2017-03-01,2641,N15E26,041,0100,Cao,11,06
2017-03-02,2638,N16W55,109,0080,Hsx,01,01
2017-03-02,2640,N09W18,072,0010,Axx,04,02
2017-03-02,2641,N14E19,035,0060,Dro,05,07
2017-03-02,2642,N14E11,043,0040,Cro,05,05
2017-03-03,2638,N16W69,109,0080,Hsx,01,01
2017-03-03,2640,N08W33,073,0010,Axx,00,01
2017-03-03,2641,N15E04,036,0030,Bxo,05,07
2017-03-03,2642,N15W03,043,0020,Bxo,05,03
2017-03-04,2638,N16W83,110,0080,Hsx,01,01
2017-03-04,2641,N15W10,037,0010,Bxo,04,03
2017-03-04,2642,N15W17,044,0010,Bxo,05,02
2017-03-06,2641,N15W38,039,0010,Axx,01,01
2017-03-22,2643,N09E72,078,0020,Hrx,01,01
2017-03-23,2643,N08E56,081,0030,Hsx,01,02
2017-03-24,2643,N08E42,081,0020,Hrx,02,02
2017-03-25,2643,N08E29,081,0010,Hrx,01,02
2017-03-26,2643,N08E16,081,0010,Axx,01,01
2017-03-27,2644,N12E30,054,0050,Dao,06,10
2017-03-28,2644,N13E17,054,0150,Dai,08,15
2017-03-28,2645,S09E59,012,0030,Cso,04,03
2017-03-28,2646,N06W60,131,0020,Hrx,01,01
2017-03-29,2644,N12E04,054,0240,Dsi,10,12
2017-03-29,2645,S09E44,014,0070,Dai,07,08
2017-03-29,2646,N07W74,132,0010,Axx,01,01
2017-03-30,2644,N12W09,053,0220,Eso,11,10
2017-03-30,2645,S10E29,015,0180,Dsi,09,12
2017-03-30,2646,N06W83,127,0000,Axx,00,01
2017-03-31,2644,N12W23,054,0190,Eso,12,03
2017-03-31,2645,S10E16,015,0260,Dki,10,10
2017-04-01,2644,N12W37,055,0190,Eao,11,04
2017-04-01,2645,S10E01,017,0380,Ekc,12,29
2017-04-01,2647,N11E01,017,0010,Bxo,02,02
2017-04-02,2644,N12W52,057,0200,Eao,12,08
2017-04-02,2645,S11W13,017,0520,Ekc,12,25
2017-04-02,2647,N11W13,018,0010,Bxo,03,04
2017-04-02,2648,S03E72,293,0010,Bxo,03,02
2017-04-03,2644,N12W65,057,0450,Fkc,17,19
2017-04-03,2645,S10W26,018,0600,Ehc,14,23
2017-04-03,2648,S03E61,291,0020,Cro,05,03
2017-04-04,2644,N13W79,057,0520,Fkc,18,12
2017-04-04,2645,S10W40,018,0700,Ekc,15,35
2017-04-04,2648,S03E50,288,0030,Dro,07,06
2017-04-04,2649,N15W58,036,0020,Cro,04,04
2017-04-05,2644,N13W92,057,0150,Eao,13,07
2017-04-05,2645,S10W53,018,0680,Ekc,15,16
2017-04-05,2648,S03E37,288,0030,Cro,08,08
2017-04-05,2649,N14W70,035,0030,Cro,05,04
2017-04-06,2645,S10W67,018,0500,Fkc,16,12
2017-04-06,2648,S02E22,288,0050,Bxo,07,05
2017-04-07,2645,S10W79,018,0380,Ekc,15,14
2017-04-07,2648,S03E07,292,0020,Bxo,04,04
2017-04-08,2645,S09W91,017,0070,Cao,06,05
2017-04-08,2648,S03W04,290,0000,Axx,03,02
2017-04-10,2650,N08E71,188,0020,Cro,04,03
2017-04-11,2650,N09E56,190,0040,Cao,06,03
2017-04-12,2650,N11E40,193,0040,Cao,06,02
2017-04-13,2650,N10E27,193,0020,Cso,07,03
2017-04-14,2650,N08E14,192,0020,Cso,07,02
2017-04-15,2650,N08W02,194,0010,Hrx,00,01
2017-04-16,2650,N08W16,196,0010,Axx,01,01
2017-04-19,2651,N12E67,072,0020,Dso,01,02
2017-04-20,2651,N13E57,069,0110,Dao,05,04
2017-04-21,2651,N12E44,070,0130,Dao,05,05
2017-04-21,2652,N13E60,054,0010,Hrx,01,01
2017-04-22,2651,N12E30,071,0130,Cao,05,07
2017-04-22,2652,N13E45,056,0010,Hrx,01,01
2017-04-22,2653,S09E76,025,0040,Hax,02,01
2017-04-23,2651,N12E17,071,0140,Cao,05,07
2017-04-23,2653,S09E57,031,0100,Hax,04,02
2017-04-24,2651,N12E04,070,0150,Cso,05,08
2017-04-24,2652,N14E17,057,0010,Bxo,03,03
2017-04-24,2653,S09E45,029,0100,Hax,04,02
2017-04-25,2651,N11W09,070,0110,Hax,05,06
2017-04-25,2652,N13E01,060,0010,Bxo,02,03
2017-04-25,2653,S08E34,027,0090,Hax,02,02
2017-04-26,2651,N11W23,071,0080,Hsx,05,03
2017-04-26,2652,N13W13,061,0010,Axx,00,01
2017-04-26,2653,S11E21,027,0060,Hax,02,02
2017-04-27,2651,N11W35,070,0080,Hsx,05,02
2017-04-27,2652,N14W26,061,0010,Axx,01,03
2017-04-27,2653,S09E08,027,0050,Hsx,03,01
2017-04-28,2651,N10W50,072,0070,Hsx,04,02
2017-04-28,2653,S09W06,028,0040,Hax,02,01
2017-04-29,2651,N12W63,071,0060,Hsx,05,02
2017-04-29,2653,S09W20,028,0030,Hsx,01,01
2017-04-29,2654,N10E52,316,0010,Axx,01,02
2017-04-30,2651,N12W76,071,0040,Hsx,04,02
2017-04-30,2653,S09W33,028,0030,Hsx,01,01
2017-04-30,2654,N11E38,317,0010,Axx,01,01
2017-05-01,2651,N13W90,072,0030,Hsx,01,01
2017-05-01,2653,S09W46,028,0020,Hrx,01,01
2017-05-01,2654,N11E25,317,0010,Axx,01,01
2017-05-02,2653,S08W59,027,0020,Hrx,01,01
2017-05-03,2653,S08W73,027,0010,Axx,00,01
2017-05-03,2654,N11E01,314,0060,Dao,05,04
2017-05-04,2654,N12W12,314,0070,Dso,05,05
2017-05-05,2654,N11W25,314,0080,Dso,06,05
2017-05-05,2655,N13E37,252,0010,Bxo,03,04
2017-05-06,2654,N11W38,314,0040,Cso,05,05
2017-05-06,2655,N14E25,251,0030,Dro,03,06
2017-05-07,2654,N11W53,316,0030,Hsx,01,01
2017-05-07,2655,N13E11,252,0020,Cro,03,05
2017-05-08,2654,N11W66,315,0020,Hsx,01,01
2017-05-08,2655,N14W04,253,0010,Bxo,05,02
2017-05-09,2654,N11W82,318,0020,Axx,01,01
2017-05-17,2656,N12E62,067,0030,Hrx,01,01
2017-05-17,2657,N07E21,109,0010,Axx,02,02
2017-05-18,2656,N11E50,066,0030,Cso,02,03
2017-05-19,2656,N12E36,068,0020,Hax,02,01
2017-05-19,2658,S08E38,066,0010,Bxo,04,03
2017-05-20,2656,N12E22,069,0020,Hax,02,01
2017-05-20,2658,S08E24,067,0010,Bxo,04,03
2017-05-21,2656,N11E08,069,0020,Hax,02,01
2017-05-21,2658,S07E09,069,0010,Hrx,01,01
2017-05-22,2656,N11W06,070,0020,Hax,02,01
2017-05-22,2658,S07W05,069,0010,Hrx,01,01
2017-05-22,2659,N14E26,038,0040,Dao,05,03
2017-05-23,2656,N11W16,067,0010,Axx,00,01
2017-05-23,2658,S08W18,069,0010,Hsx,04,02
2017-05-23,2659,N14E11,039,0020,Cro,05,02
2017-05-23,2660,S11W15,066,0012,Cro,07,10
2017-05-24,2656,N11W28,066,0010,Axx,00,01
2017-05-24,2658,S07W35,072,0010,Axx,01,01
2017-05-24,2659,N13W06,044,0020,Hrx,01,02
2017-05-24,2660,S11W26,064,0010,Bxo,05,03
2017-05-25,2659,N12W18,042,0030,Cro,06,05
2017-05-26,2659,N13W32,042,0080,Dsi,06,09
2017-05-27,2659,N14W45,043,0170,Dai,08,12
2017-05-28,2659,N13W57,042,0180,Dai,08,11
2017-05-29,2659,N13W70,041,0220,Dao,09,10
2017-05-30,2659,N13W86,044,0180,Dso,09,06
2017-06-01,2661,N06E79,213,0030,Hrx,04,01
2017-06-02,2661,N05E64,214,0060,Cai,04,08
2017-06-03,2661,N06E54,211,0200,Dao,10,09
2017-06-04,2661,N06E39,213,0180,Eao,12,12
2017-06-05,2661,N06E26,213,0130,Eao,12,13
2017-06-06,2661,N06E13,211,0170,Eao,12,12
2017-06-07,2661,N06W01,213,0130,Cao,12,08
2017-06-08,2661,N07W11,210,0040,Hax,04,03
2017-06-09,2661,N07W22,207,0010,Axx,02,02
2017-06-14,2662,N12E70,050,0170,Hsx,02,01
2017-06-15,2662,N12E55,051,0160,Hsx,02,01
2017-06-16,2662,N12E42,050,0100,Hsx,02,01
2017-06-16,2663,N14W00,092,0050,Dso,07,07
2017-06-17,2662,N12E28,051,0050,Hsx,01,01
2017-06-17,2663,N13W14,093,0090,Dso,08,07
2017-06-18,2662,N11E15,052,0070,Hsx,02,01
2017-06-18,2663,N12W28,095,0100,Dso,09,07
2017-06-19,2662,N12E02,052,0080,Hsx,02,01
2017-06-19,2663,N12W41,095,0080,Dso,09,06
2017-06-20,2662,N12W12,052,0080,Hsx,01,02
2017-06-20,2663,N13W55,095,0060,Cso,10,04
2017-06-21,2662,N12W25,051,0050,Hsx,02,02
2017-06-21,2663,N14W72,098,0040,Hsx,02,01
2017-06-21,2664,N18E72,314,0080,Cso,02,01
2017-06-22,2662,N13W38,051,0040,Hsx,03,03
2017-06-22,2663,N14W85,098,0030,Hsx,01,01
2017-06-22,2664,N17E60,314,0050,Hsx,02,01
2017-06-23,2662,N13W51,051,0030,Hsx,01,02
2017-06-23,2664,N17E47,312,0050,Hsx,01,01
2017-06-24,2662,N13W65,052,0020,Hrx,01,01
2017-06-24,2664,N18E35,312,0070,Hsx,02,01
2017-06-25,2662,N13W77,051,0010,Axx,01,01
2017-06-25,2664,N18E21,313,0070,Cso,05,07
2017-06-26,2664,N18E07,314,0090,Cso,07,10
2017-06-27,2664,N18W07,315,0090,Dsi,07,09
2017-06-28,2664,N18W19,313,0100,Dsi,04,07
2017-06-29,2664,N18W33,314,0060,Cso,05,03
2017-06-30,2664,N18W46,314,0050,Cso,05,02
2017-07-01,2664,N17W58,313,0050,Hsx,03,01
2017-07-02,2664,N18W71,313,0020,Hsx,01,01
2017-07-03,2664,N18W85,313,0020,Hsx,01,01
2017-07-06,2665,S05E78,109,0070,Hsx,06,01
2017-07-07,2665,S06E64,111,0140,Dao,09,06
2017-07-08,2665,S06E52,110,0310,Ekc,11,15
2017-07-09,2665,S06E38,111,0480,Ekc,11,14
2017-07-10,2665,S06E24,111,0710,Ekc,11,21
2017-07-11,2665,S06E11,110,0690,Ekc,12,22
2017-07-12,2665,S06W03,111,0620,Ekc,13,17
2017-07-13,2665,S06W17,112,0570,Ehi,12,17
2017-07-13,2666,N13W06,101,0020,Cro,04,06
2017-07-14,2665,S07W30,113,0440,Ehi,12,26
2017-07-14,2666,N13W20,103,0030,Cro,06,09
2017-07-15,2665,S06W43,113,0460,Ekc,11,18
2017-07-15,2666,N12W32,102,0020,Bxo,07,09
2017-07-15,2667,N12W85,155,0010,Axx,01,01
2017-07-16,2665,S05W57,113,0380,Dki,10,12
2017-07-16,2666,N13W47,103,0010,Axx,02,02
2017-07-17,2665,S06W70,113,0340,Dko,10,05
2017-07-17,2666,N15W56,099,0010,Axx,01,01
2017-07-18,2665,S06W86,115,0450,Cho,05,03
2017-07-26,2668,N03W28,311,0010,Axx,01,02
2017-07-30,2669,N18W25,256,0005,Bxo,03,02
2017-07-31,2669,N18W37,255,0010,Axx,01,01
2017-08-03,2670,S05E58,119,0160,Cso,04,02
2017-08-04,2670,S05E45,119,0150,Hsx,05,03
2017-08-05,2670,S04E32,119,0150,Hsx,08,03
2017-08-06,2670,S06E20,118,0150,Hsx,08,03
2017-08-07,2670,S05E04,120,0140,Hsx,07,03
2017-08-08,2670,S06W09,121,0140,Hsx,02,01
2017-08-09,2670,S05W21,120,0140,Hsx,02,01
2017-08-10,2670,S06W33,119,0130,Hsx,02,01
2017-08-11,2670,S07W47,119,0110,Hsx,02,01
2017-08-12,2670,S07W59,118,0110,Hsx,02,01
2017-08-13,2670,S07W72,117,0100,Hsx,02,01
2017-08-14,2670,S07W85,117,0110,Hsx,01,01
2017-08-15,2671,N11E73,306,0070,Hax,04,02
2017-08-16,2671,N10E61,305,0170,Eai,11,11
2017-08-17,2671,N11E49,304,0380,Ehc,15,20
2017-08-18,2671,N11E34,306,0280,Fkc,16,20
2017-08-19,2671,N11E22,305,0410,Fkc,18,31
2017-08-20,2671,N12E08,305,0360,Fkc,19,23
2017-08-21,2671,N12W06,306,0410,Fkc,20,20
2017-08-21,2672,N05E75,225,0120,Dao,05,04
2017-08-22,2671,N11W18,305,0430,Fkc,22,18
2017-08-22,2672,N07E61,226,0160,Dao,10,05
2017-08-23,2671,N10W31,304,0250,Fsi,22,18
2017-08-23,2672,N08E47,227,0270,Dao,10,10
2017-08-24,2671,N11W45,306,0220,Fsi,23,12
2017-08-24,2672,N08E34,227,0240,Esi,11,08
2017-08-25,2671,N11W56,303,0200,Fsi,23,11
2017-08-25,2672,N07E21,226,0240,Esi,11,12
2017-08-26,2671,N13W68,301,0140,Fai,23,07
2017-08-26,2672,N07E07,227,0140,Eai,12,12
2017-08-27,2671,N14W84,304,0120,Fai,24,05
2017-08-27,2672,N07W07,228,0130,Eai,13,10
2017-08-28,2671,N13W93,301,0070,Cao,05,05
2017-08-28,2672,N07W20,228,0150,Eso,12,12
2017-08-29,2672,N08W34,228,0100,Cso,10,07
2017-08-30,2672,N06W50,231,0060,Cso,04,03
2017-08-30,2673,S08E62,119,0070,Hsx,01,01
2017-08-30,2674,N11E70,111,0260,Dko,04,01
2017-08-31,2672,N06W63,231,0070,Dso,08,06
2017-08-31,2673,S08E48,120,0070,Hsx,01,01
2017-08-31,2674,N14E64,104,0490,Eko,13,05
2017-09-01,2672,N07W70,225,0070,Dao,10,04
2017-09-01,2673,S08E36,119,0080,Hsx,02,01
2017-09-01,2674,N13E53,102,0770,Eho,14,10
2017-09-01,2675,S07W24,179,0030,Dro,03,04
2017-09-02,2672,N08W84,226,0060,Dao,02,02
2017-09-02,2673,S08E23,119,0080,Hsx,02,01
2017-09-02,2674,N13E38,104,0770,Fhi,16,15
2017-09-02,2675,S08W37,179,0030,Cro,06,04
2017-09-03,2673,S10E09,119,0060,Cso,04,04
2017-09-03,2674,N14E25,103,0810,Fhc,16,18
2017-09-03,2675,S08W51,179,0030,Cro,06,04
2017-09-03,2676,S10W36,164,0020,Bxo,04,05
2017-09-04,2673,S10W02,117,0130,Dsc,07,12
2017-09-04,2674,N14E12,103,0930,Fhc,17,21
2017-09-04,2675,S07W63,178,0050,Cro,07,05
2017-09-04,2676,S11W51,166,0020,Bxo,06,06
2017-09-04,2677,N19E64,051,0010,Axx,01,02
2017-09-05,2673,S08W16,119,0680,Dkc,07,28
2017-09-05,2674,N14W01,104,0740,Fhi,18,34
2017-09-05,2675,S02W76,179,0010,Bxo,05,04
2017-09-05,2676,S09W65,168,0030,Cro,08,04
2017-09-05,2677,N19E51,052,0010,Axx,01,02
2017-09-06,2673,S09W30,119,0880,Dkc,09,33
2017-09-06,2674,N14W14,103,0680,Fhi,19,23
2017-09-06,2675,S07W82,171,0010,Bxo,05,01
2017-09-06,2676,S09W76,165,0030,Bxo,07,02
2017-09-06,2677,N18E39,050,0020,Axx,01,01
2017-09-06,2678,N11E45,044,0010,Bxo,04,02
2017-09-07,2673,S09W45,120,0960,Ekc,11,24
2017-09-07,2674,N14W28,104,0680,Fki,19,10
2017-09-07,2677,N18E25,051,0010,Axx,01,01
2017-09-07,2678,N11E31,045,0040,Cso,04,04
2017-09-08,2673,S09W58,120,1000,Ekc,11,21
2017-09-08,2674,N14W41,103,0600,Fko,20,13
2017-09-08,2677,N17E12,050,0010,Bxo,02,03
2017-09-08,2678,N11E18,044,0040,Hax,04,03
2017-09-08,2679,N14W27,089,0010,Bxo,03,04
2017-09-09,2673,S09W70,119,1060,Dkc,10,19
2017-09-09,2674,N13W54,103,0650,Fko,18,09
2017-09-09,2677,N17W02,051,0010,Axx,03,03
2017-09-09,2678,N11E05,044,0030,Cro,05,05
2017-09-09,2679,N15W41,090,0010,Bxo,03,03
2017-09-10,2673,S09W83,119,0530,Dkc,10,08
2017-09-10,2674,N13W67,103,0560,Fko,18,07
2017-09-10,2678,N11W07,043,0020,Cro,05,04
2017-09-11,2674,N13W80,103,0300,Fko,18,04
2017-09-11,2678,N11W22,045,0020,Cro,03,03
2017-09-11,2680,N09E66,317,0100,Hsx,02,01
2017-09-12,2674,N16W91,101,0030,Hrx,01,02
2017-09-12,2680,N09E53,317,0080,Hsx,02,01
2017-09-13,2680,N09E39,317,0140,Hsx,02,01
2017-09-14,2680,N09E26,317,0120,Hsx,02,01
2017-09-15,2680,N08E13,317,0120,Hsx,02,01
2017-09-16,2680,N08W00,317,0080,Hsx,02,03
2017-09-17,2680,N08W13,317,0090,Hsx,03,03
2017-09-18,2680,N08W27,317,0080,Hax,02,03
2017-09-19,2680,N08W40,317,0080,Hsx,02,02
2017-09-20,2680,N08W53,317,0050,Hsx,01,01
2017-09-21,2680,N08W67,318,0060,Hsx,02,01
2017-09-21,2681,S12E73,178,0060,Hsx,02,01
2017-09-22,2680,N08W80,318,0050,Hsx,02,01
2017-09-22,2681,S13E59,179,0080,Hsx,02,01
2017-09-23,2680,N07W93,319,0060,Hsx,02,01
2017-09-23,2681,S13E46,180,0080,Hsx,02,01
2017-09-24,2681,S13E32,179,0090,Cso,03,02
2017-09-25,2681,S13E19,179,0090,Hsx,02,01
2017-09-25,2682,S09E71,127,0180,Hsx,03,01
2017-09-26,2681,S12E04,179,0100,Cso,03,03
2017-09-26,2682,S10E59,126,0200,Hax,03,01
2017-09-26,2683,N11E76,109,0260,Hkx,03,02
2017-09-27,2681,S15W09,181,0120,Cso,06,07
2017-09-27,2682,S11E46,122,0180,Hax,03,01
2017-09-27,2683,N12E60,111,0160,Dao,05,02
2017-09-28,2681,S13W21,179,0080,Hsx,03,01
2017-09-28,2682,S10E31,127,0180,Hax,03,02
2017-09-28,2683,N13E46,112,0270,Hkx,04,02
2017-09-29,2681,S14W35,180,0070,Hsx,02,01
2017-09-29,2682,S09E21,124,0130,Cao,11,07
2017-09-29,2683,N14E26,119,0280,Hkx,05,02
2017-09-30,2681,S14W48,180,0070,Hsx,02,01
2017-09-30,2682,S09E08,124,0120,Cao,09,06
2017-09-30,2683,N14E21,111,0270,Hkx,04,02
2017-10-01,2681,S14W61,180,0060,Hsx,02,01
2017-10-01,2682,S11W05,124,0110,Cso,09,05
2017-10-01,2683,N13E08,111,0270,Hkx,04,02
2017-10-02,2681,S14W74,180,0060,Hsx,02,01
2017-10-02,2682,S11W18,124,0100,Hsx,03,01
2017-10-02,2683,N13W05,111,0270,Hkx,04,02
2017-10-03,2682,S10W35,127,0110,Hsx,02,01
2017-10-03,2683,N13W19,111,0290,Hkx,03,04
2017-10-04,2682,S10W47,126,0120,Hsx,02,01
2017-10-04,2683,N13W32,111,0330,Cko,04,04
2017-10-05,2682,S10W61,127,0130,Hsx,02,01
2017-10-05,2683,N13W45,111,0300,Cko,06,06
2017-10-06,2682,S10W74,127,0120,Hsx,02,01
2017-10-06,2683,N13W58,111,0280,Cko,05,05
2017-10-07,2682,S11W87,127,0120,Hsx,02,01
2017-10-07,2683,N13W71,111,0270,Hkx,05,01
2017-10-08,2683,N13W84,111,0220,Hax,04,01
2017-10-16,2684,N11W32,312,0010,Bxo,02,02
2017-10-22,2685,S11E74,128,0050,Hax,02,01
2017-10-23,2685,S09E58,131,0070,Hax,02,03
2017-10-24,2685,S09E45,130,0060,Hax,02,01
2017-10-24,2686,N12E67,108,0030,Hax,02,02
2017-10-25,2685,S09E31,131,0060,Hsx,02,01
2017-10-25,2686,N12E53,109,0030,Hax,02,02
2017-10-26,2685,S09E17,132,0050,Hsx,02,02
2017-10-26,2686,N12E39,110,0020,Hsx,01,02
2017-10-27,2685,S09E04,132,0030,Hsx,01,01
2017-10-27,2686,N12E27,109,0020,Hrx,01,02
2017-10-28,2685,S09W09,132,0030,Hrx,01,01
2017-10-28,2686,N13E15,108,0030,Hax,02,02
2017-10-29,2685,S08W22,131,0010,Hrx,01,01
2017-10-29,2686,N13E02,108,0010,Hrx,01,01
2017-10-30,2685,S09W34,130,0010,Axx,01,01
2017-10-30,2686,N13W12,108,0010,Hrx,01,02
2017-10-31,2685,S09W49,132,0000,Axx,01,01
2017-10-31,2686,N13W26,109,0010,Axx,01,01
2017-11-01,2686,N13W39,109,0000,Axx,01,01
2017-11-15,2687,S08E64,181,0050,Cao,07,04
2017-11-16,2687,S07E55,177,0090,Cao,08,04
2017-11-17,2687,S08E39,178,0090,Cao,12,05
2017-11-18,2687,S08E31,175,0060,Hax,04,04
2017-11-18,2688,N11W32,238,0010,Bxo,04,02
2017-11-19,2687,S09E18,175,0030,Hrx,02,04
2017-11-26,2689,N13W08,108,0020,Cso,05,03
2017-11-27,2689,N13W21,108,0060,Cao,06,05
2017-11-28,2689,N13W34,108,0060,Cso,05,05
2017-11-29,2689,N12W49,110,0060,Cao,04,04
2017-11-30,2689,N12W65,113,0040,Hax,02,02
2017-12-01,2689,N13W78,112,0040,Hrx,02,01
2017-12-07,2690,N07W17,332,0010,Bxo,02,03
2017-12-08,2690,N06W32,334,0010,Axx,01,01
2017-12-11,2691,S03E42,221,0010,Axx,01,01
2017-12-12,2691,S03E29,220,0010,Bxo,01,03
2017-12-13,2691,S03E16,220,0010,Bxo,04,03
2017-12-21,2692,N16E45,086,0070,Cao,04,06
2017-12-22,2692,N18E30,088,0070,Dao,08,08
2017-12-23,2692,N18E16,089,0070,Dao,08,08
2017-12-24,2692,N18E03,087,0090,Dao,10,12
2017-12-25,2692,N18W09,087,0160,Eai,12,12
2017-12-26,2692,N18W23,088,0100,Eao,11,07
2017-12-27,2692,N18W35,087,0030,Cro,06,04
2017-12-28,2692,N17W46,085,0010,Axx,01,01
2018-01-05,2693,N18W40,333,0020,Cro,03,03
2018-01-06,2693,N19W52,332,0010,Axx,01,01
2018-01-07,2693,N19W65,332,0010,Axx,01,01
2018-01-08,2693,N20W78,332,0010,Axx,01,01
2018-01-09,2694,S32W03,244,0010,Bxo,03,03
2018-01-10,2694,S32W17,245,0010,Axx,03,03
2018-01-11,2694,S32W30,244,0010,Axx,01,01
2018-01-12,2695,S08W59,260,0010,Bxo,02,02
2018-01-16,2696,S11E25,123,0020,Bxo,02,02
2018-01-17,2696,S13E12,123,0030,Cro,02,03
2018-01-18,2696,S13W02,124,0020,Bxo,02,02
2018-01-19,2696,S12W15,124,0010,Bxo,02,02
2018-01-20,2696,S12W29,124,0010,Axx,01,01
2018-01-31,2697,S10E48,263,0010,Bxo,03,05
2018-02-01,2697,S09E33,265,0000,Axx,03,03
2018-02-03,2698,S03E77,194,0010,Axx,02,01
2018-02-05,2699,S04E74,171,0080,Hsx,02,01
2018-02-06,2699,S06E64,168,0130,Cso,04,03
2018-02-07,2699,S08E51,168,0160,Dso,09,07
2018-02-08,2699,S08E39,167,0200,Dso,10,10
2018-02-09,2699,S06E25,167,0200,Dai,09,12
2018-02-10,2699,S07E13,166,0210,Dai,09,13
2018-02-11,2699,S07E01,165,0240,Dai,10,25
2018-02-12,2699,S07W14,167,0230,Dai,10,14
2018-02-13,2699,S07W29,169,0230,Dai,10,16
2018-02-14,2699,S07W44,171,0180,Dsi,10,10
2018-02-15,2699,S08W54,168,0140,Dso,10,08
2018-02-16,2699,S08W68,168,0100,Cao,11,05
2018-02-17,2699,S08W82,169,0040,Hax,03,02
2018-02-27,2700,N06W13,328,0030,Cro,04,06
2018-02-28,2700,N06W28,330,0010,Bxo,05,05
2018-03-01,2700,N07W41,330,0010,Axx,01,01
2018-03-02,2700,N08W55,330,0010,Axx,01,01
2018-03-03,2700,N07W68,330,0010,Axx,00,01
2018-03-16,2701,S12W08,099,0010,Axx,00,01
2018-03-18,2702,N21W47,112,0010,Bxo,03,05
2018-03-19,2702,N19W60,112,0010,Bxo,04,03
2018-03-31,2703,S08E60,192,0010,Axx,01,01
2018-04-01,2703,S08E47,193,0010,Axx,02,02
2018-04-13,2704,N10E51,030,0030,Bxo,02,03
2018-04-14,2704,N12E36,033,0030,Bxo,03,04
2018-04-15,2704,N12E24,031,0010,Axx,00,01
2018-04-20,2706,N04E68,281,0020,Bxo,02,04
2018-04-21,2706,N04E56,280,0040,Cao,07,04
2018-04-22,2706,N04E43,280,0110,Dao,08,13
2018-04-22,2707,S10E29,294,0010,Axx,00,01
2018-04-23,2706,N03E29,281,0130,Dao,09,10
2018-04-24,2706,N02E16,281,0080,Cao,08,12
2018-04-25,2706,N02E01,283,0050,Cao,07,09
2018-04-26,2706,N03W10,280,0050,Cro,08,07
2018-04-27,2706,N03W27,284,0020,Hrx,01,04
2018-04-28,2706,N03W40,284,0010,Axx,01,01
2018-05-05,2708,S09E53,204,0030,Cro,03,03
2018-05-06,2708,S08E39,099,0010,Bxo,05,04
2018-05-07,2708,S10E26,099,0010,Bxo,05,04
2018-05-08,2708,S11E12,100,0010,Bxo,04,04
2018-05-09,2708,S09W01,100,0010,Bxo,03,03
2018-05-09,2709,N05E65,034,0010,Axx,02,02
2018-05-10,2708,S10W13,098,0010,Axx,02,01
2018-05-10,2709,N05E52,033,0010,Axx,01,01
2018-05-11,2709,N05E38,034,0010,Axx,01,01
2018-05-12,2709,N05E24,035,0010,Axx,01,01
2018-05-13,2709,N06E11,035,0010,Axx,02,02
2018-05-14,2709,N04W02,034,0010,Axx,01,01
2018-05-22,2710,N16E64,223,0020,Cro,02,02
2018-05-23,2710,N17E52,221,0020,Bxo,05,02
2018-05-24,2710,N18E38,222,0010,Bxo,06,02
2018-05-24,2711,N06W28,288,0040,Dao,05,08
2018-05-25,2710,N17E25,222,0000,Axx,01,01
2018-05-25,2711,N06W41,288,0060,Cai,06,06
2018-05-25,2712,N13E75,172,0080,Cso,06,02
2018-05-26,2711,N06W55,289,0040,Cso,07,05
2018-05-26,2712,N14E56,178,0040,Cao,09,07
2018-05-27,2711,N07W70,291,0030,Cro,04,03
2018-05-27,2712,N15E43,178,0040,Cao,08,03
2018-05-28,2711,N05W84,291,0010,Bxo,03,02
2018-05-28,2712,N15E28,179,0040,Cro,09,05
2018-05-29,2712,N15E18,176,0080,Csi,07,10
2018-05-30,2712,N16E05,176,0070,Csi,08,12
2018-05-31,2712,N16W09,177,0030,Cro,08,08
2018-06-01,2712,N16W23,177,0050,Dro,08,11
2018-06-02,2712,N16W36,177,0060,Dro,07,12
2018-06-03,2712,N15W48,176,0030,Cro,09,10
2018-06-04,2712,N14W63,178,0010,Bxo,06,06
2018-06-05,2712,N14W77,178,0010,Axx,01,01
2018-06-13,2713,N03E69,286,0010,Bxo,05,02
2018-06-14,2713,N06E56,285,0060,Bxo,06,06
2018-06-15,2713,N05E43,285,0030,Bxi,07,06
2018-06-16,2713,N05E30,286,0010,Bxo,04,03
2018-06-17,2713,N05E15,288,0010,Axx,01,03
2018-06-18,2713,N05E02,287,0020,Bxo,06,05
2018-06-19,2713,N05W13,289,0010,Bxo,06,06
2018-06-19,2714,N08W41,317,0010,Bxo,04,02
2018-06-20,2713,N05W24,287,0010,Bxo,06,02
2018-06-20,2714,N08W54,317,0040,Cao,05,05
2018-06-20,2715,N07E32,231,0030,Cro,03,04
2018-06-21,2713,N05W38,288,0040,Dso,06,09
2018-06-21,2714,N08W67,317,0030,Cro,06,03
2018-06-21,2715,N08E20,230,0110,Dai,06,12
2018-06-22,2713,N05W52,288,0070,Dso,08,08
2018-06-22,2714,N08W80,316,0010,Bxo,05,02
2018-06-22,2715,N08E06,230,0160,Dao,06,13
2018-06-23,2713,N05W64,287,0070,Dao,09,06
2018-06-23,2715,N08W08,231,0110,Dac,05,15
2018-06-24,2713,N05W79,289,0070,Dao,10,06
2018-06-24,2715,N08W21,231,0120,Dac,05,08
2018-06-25,2715,N07W34,231,0100,Dac,05,06
2018-06-26,2715,N08W48,231,0040,Cai,04,04
2018-06-27,2715,N07W61,231,0020,Hrx,01,02
2018-07-22,2716,N16W00,199,0010,Axx,01,01
2018-08-02,2717,S07E29,025,0010,Axx,01,01
2018-08-03,2717,S08E14,027,0010,Axx,00,01
2018-08-15,2718,S08E49,192,0010,Bxo,03,02
2018-08-16,2718,S07E36,192,0010,Cro,03,02
2018-08-17,2718,S08E23,191,0010,Bxo,02,02
2018-08-18,2718,S07E10,191,0020,Hrx,01,01
2018-08-19,2718,S07W03,192,0010,Axx,01,01
2018-08-20,2719,S06E43,133,0010,Bxo,03,05
2018-08-21,2719,S07E29,134,0010,Bxo,04,05
2018-08-22,2719,S12E15,135,0010,Bxo,05,05
2018-08-23,2719,S06E03,133,0010,Axx,01,02
2018-08-24,2719,S07W08,131,0040,Cro,05,05
2018-08-25,2719,S08W21,131,0030,Cro,05,04
2018-08-25,2720,N08W24,133,0030,Dro,04,05
2018-08-26,2719,S06W36,133,0030,Cro,05,04
2018-08-26,2720,N08W39,136,0100,Dao,06,07
2018-08-27,2719,S06W53,136,0010,Axx,01,01
2018-08-27,2720,N08W55,138,0060,Cso,08,05
2018-08-28,2720,N08W68,137,0050,Hsx,06,02
2018-08-29,2720,N07W83,139,0010,Axx,04,01
2018-09-09,2721,N09W15,286,0010,Bxo,03,06
2018-09-10,2721,N10W28,286,0010,Bxo,03,02
2018-09-12,2722,S07E17,215,0010,Bxo,05,04
2018-09-13,2722,S07E01,218,0000,Axx,00,01
2018-09-30,2723,S08W01,355,0010,Bxo,01,03
2018-10-01,2723,S08W15,356,0030,Dro,05,04
2018-10-02,2723,S08W29,357,0030,Dso,06,04
2018-10-03,2723,S08W42,357,0030,Cro,07,04
2018-10-04,2723,S08W56,358,0010,Bxo,06,02
2018-10-05,2723,S12W71,000,0010,Axx,01,01
2018-10-13,2724,S08E57,126,0020,Hrx,01,01
2018-10-14,2724,S08E40,130,0010,Hsx,02,01
2018-10-14,2725,S10E59,111,0010,Axx,01,01
2018-10-15,2724,S07E27,130,0010,Axx,01,01
2018-10-15,2725,S11E44,113,0010,Axx,01,01
2018-10-16,2725,S10E32,111,0000,Axx,01,01
2018-10-18,2725,S11E05,112,0000,Axx,00,01
2018-11-13,2726,N06W01,134,0010,Bxo,04,05
2018-11-14,2726,N05W16,137,0010,Axx,01,01
2018-11-15,2726,N04W32,139,0010,Axx,00,01
2018-11-16,2727,N01W17,111,0020,Cro,04,03
2018-11-17,2727,N01W29,110,0020,Bxo,04,04
2018-11-18,2727,N01W42,110,0060,Cao,04,03
2018-11-19,2727,N01W57,112,0060,Cao,05,04
2018-11-20,2727,N01W71,113,0010,Axx,01,02
2018-11-25,2728,N06W03,339,0020,Bxo,03,04
2018-11-26,2728,N06W17,340,0020,Bxo,05,05
2018-12-06,2729,S05W38,228,0030,Cro,04,06
2018-12-07,2729,S05W51,229,0050,Cro,06,07
2018-12-08,2729,S05W67,232,0050,Bxo,07,06
2018-12-09,2729,S05W80,231,0010,Bxo,06,02
2018-12-10,2729,S05W93,231,0010,Bxo,06,02
2018-12-12,2730,N08E17,094,0010,Axx,02,01
2018-12-15,2731,N13E49,023,0010,Bxo,05,02
2018-12-16,2731,N13E35,024,0010,Axx,01,02
2019-01-02,2732,N10W20,215,0010,Bxo,04,03
2019-01-03,2732,N09W33,214,0030,Dro,06,06
2019-01-04,2732,N09W47,215,0090,Cao,08,06
2019-01-05,2732,N10W59,215,0050,Cao,08,03
2019-01-06,2732,N10W74,217,0010,Bxo,07,03
2019-01-07,2732,N09W85,213,0010,Bxo,05,02
2019-01-23,2733,N06E22,257,0020,Cro,04,08
2019-01-24,2733,N06E08,258,0030,Cro,05,09
2019-01-25,2733,N06W07,259,0030,Dro,08,09
2019-01-26,2733,N06W20,259,0050,Dri,09,17
2019-01-27,2733,N06W34,260,0080,Dsi,10,16
2019-01-28,2733,N05W48,261,0090,Dso,10,12
2019-01-29,2733,N06W61,261,0080,Cso,10,06
2019-01-30,2733,N05W76,263,0090,Cso,10,05
2019-01-31,2733,N04W89,262,0090,Cao,09,02
2019-03-06,2734,N08E27,059,0020,Cro,03,04
2019-03-07,2734,N09E13,060,0030,Cro,04,07
2019-03-08,2734,N09W01,060,0020,Cao,05,04
2019-03-09,2734,N08W17,063,0010,Hax,01,01
2019-03-10,2734,N08W30,063,0010,Hsx,01,01
2019-03-11,2734,N08W44,064,0010,Hsx,01,01
2019-03-12,2734,N08W59,066,0010,Axx,01,01
2019-03-13,2734,N08W72,065,0010,Axx,01,01
2019-03-19,2735,N03E17,257,0010,Bxo,03,03
2019-03-20,2735,N03E02,259,0020,Cro,05,05
2019-03-21,2735,N02W12,260,0010,Axx,01,02
2019-03-21,2736,N09W35,283,0050,Dac,05,06
2019-03-22,2735,N02W25,260,0010,Axx,01,01
2019-03-22,2736,N09W48,283,0210,Dac,09,28
2019-03-23,2736,N08W62,284,0420,Eki,11,17
2019-03-24,2736,N08W77,285,0280,Eki,12,12
2019-03-25,2736,N08W88,283,0060,Dso,07,04
2019-04-01,2737,N12E43,059,0010,Bxo,33,04
2019-04-02,2737,N12E29,061,0030,Cro,06,07
2019-04-03,2737,N12E14,063,0040,Cao,08,08
2019-04-04,2737,N13E02,061,0010,Bxo,06,07
2019-04-08,2738,N06E72,298,0300,Hsx,03,01
2019-04-09,2738,N06E60,297,0250,Hhx,03,02
2019-04-10,2738,N06E46,298,0300,Cho,04,02
2019-04-11,2738,N06E33,298,0350,Cho,04,03
2019-04-12,2738,N06E20,298,0260,Hhx,04,03
2019-04-13,2738,N06E07,297,0300,Cho,05,04
2019-04-14,2738,N06W06,297,0300,Cho,05,04
2019-04-15,2738,N06W19,297,0250,Hhx,06,01
2019-04-16,2738,N06W34,299,0300,Hhx,04,01
2019-04-17,2738,N06W48,300,0330,Hhx,03,01
2019-04-18,2738,N06W62,301,0400,Hhx,03,01
2019-04-18,2739,N05W17,256,0010,Bxo,03,03
2019-04-19,2738,N06W76,301,0260,Hhx,03,01
2019-04-19,2739,N05W33,258,0020,Cro,02,02
2019-04-20,2738,N06W90,302,0250,Hhx,03,01
2019-04-20,2739,N05W48,260,0020,Bxo,04,02
2019-04-21,2739,N06W67,263,0010,Axx,01,01
2019-05-04,2740,N12E80,307,0260,Hhx,04,01
2019-05-05,2740,N09E67,307,0270,Hhx,04,02
2019-05-06,2740,N08E54,307,0280,Dho,04,04
2019-05-07,2740,N07E40,308,0200,Cso,03,04
2019-05-07,2741,N05E81,267,0100,Hsx,02,01
2019-05-08,2740,N08E28,306,0240,Cso,05,06
2019-05-08,2741,N05E66,268,0170,Hsx,02,01
2019-05-09,2740,N08E14,307,0160,Cao,04,03
2019-05-09,2741,N05E52,269,0160,Hsx,03,01
2019-05-10,2740,N08W00,307,0120,Cao,03,04
2019-05-10,2741,N06E38,270,0160,Hsx,03,01
2019-05-11,2740,N08W13,308,0110,Hax,03,03
2019-05-11,2741,N06E25,270,0160,Hsx,03,01
2019-05-12,2740,N08W27,308,0100,Hax,03,03
2019-05-12,2741,N06E11,270,0160,Hsx,03,03
2019-05-13,2740,N08W40,308,0070,Hax,03,02
2019-05-13,2741,N06W02,270,0210,Hsx,03,02
2019-05-14,2740,N08W53,308,0010,Hrx,01,01
2019-05-14,2741,N05W16,271,0150,Hsx,02,02
2019-05-15,2740,N08W67,309,0010,Axx,01,01
2019-05-15,2741,N06W30,272,0160,Hsx,03,03
2019-05-16,2741,N05W44,272,0150,Hsx,02,03
2019-05-17,2741,N05W57,272,0150,Hax,03,03
2019-05-18,2741,N05W70,272,0150,Hax,03,03
2019-05-19,2741,N05W83,272,0140,Hax,02,01
2019-06-25,2742,N04W33,092,0010,Axx,01,01
2019-06-25,2743,N03W52,111,0010,Axx,02,03
2019-06-26,2743,N03W67,113,0010,Axx,01,02
2019-06-27,2743,N03W81,114,0000,Axx,00,01
2019-06-28,2743,N03W96,115,0010,Axx,01,01
2019-07-08,2744,S27E38,209,0020,Bxo,04,02
2019-07-23,2745,N02W35,084,0000,Axx,01,01
2019-08-06,2745,S05E08,219,0010,Bxo,01,02
2019-09-02,2748,N14E22,205,0010,Bxo,03,02
2019-09-03,2748,N14E07,205,0020,Hsx,02,02
2019-10-02,2749,S09E61,129,0000,Axx,00,01
2019-10-03,2749,S09E48,129,0000,Axx,00,01
2019-11-02,2750,S28E25,116,0010,Axx,01,01
2019-11-03,2751,N05W26,154,0010,Bxo,01,03
2019-12-25,2753,S29E44,119,0010,Bxo,03,02
2019-12-25,2754,N24W05,168,0010,Bxo,03,02
2019-12-26,2753,S29E28,122,0010,Bxo,06,02
2019-12-26,2754,N25W41,191,0010,Axx,02,01
2019-12-27,2753,S29E17,120,0010,Axx,01,01
2020-01-03,2755,S35E51,353,0020,Bxo,03,03
2020-01-04,2755,S34E36,355,0020,Bxo,04,03
2020-01-05,2755,S35E21,357,0010,Axx,00,01
2020-01-06,2755,S35E09,355,0010,Axx,00,01
2020-01-07,2755,S35W03,354,0010,Axx,00,01
2020-01-10,2756,N22W65,017,0030,Cro,04,04
2020-01-11,2756,N23W78,017,0010,Axx,03,01
2020-01-25,2757,N04E30,085,0010,Bxo,03,02
2020-01-26,2757,N03E14,087,0020,Bxo,03,04
2020-01-27,2757,N04W01,089,0060,Cao,05,08
2020-01-28,2757,N05W14,089,0100,Cso,05,02
2020-01-29,2757,N04W28,090,0070,Hsx,05,01
2020-01-30,2757,N04W42,091,0060,Hsx,03,01
2020-01-31,2757,N04W56,092,0060,Hsx,03,01
2020-02-01,2757,N04W70,093,0020,Hrx,01,01
2020-02-02,2757,N03W84,094,0010,Axx,01,01
2020-03-09,2758,S29E26,229,0020,Cro,03,03
2020-03-10,2758,S30E12,230,0010,Hrx,02,02
2020-04-01,2759,N28E51,261,0010,Axx,02,02
2020-04-02,2759,N28E38,261,0020,Hrx,02,03
2020-04-03,2759,N28E22,263,0030,Hrx,02,02
2020-04-04,2759,N27E10,262,0030,Hrx,01,03
2020-04-05,2759,N28W01,260,0010,Axx,02,01
2020-04-26,2760,S07E37,305,0010,Axx,01,01
2020-04-27,2760,S07E24,305,0010,Bxo,03,04
2020-04-28,2760,S07E10,304,0010,Axx,05,02
2020-04-30,2760,S06W17,306,0020,Cro,02,02
2020-04-30,2762,N24W48,336,0010,Bxo,02,02
2020-05-01,2760,S07W31,307,0020,Cro,03,02
2020-05-01,2762,N23W61,337,0010,Axx,01,01
2020-05-01,2763,N32E16,260,0010,Bxo,02,02
2020-06-02,2764,N35E47,165,0000,Axx,00,01
2020-06-04,2765,S24E71,115,0070,Hsx,03,02
2020-06-05,2765,S24E58,115,0100,Hsx,03,02
2020-06-06,2765,S24E44,116,0130,Cao,05,03
2020-06-07,2765,S22E33,114,0110,Dso,05,05
2020-06-08,2765,S23E20,113,0100,Cao,04,06
2020-06-09,2765,S24E07,113,0100,Cso,04,07
2020-06-10,2765,S24W06,113,0070,Cso,04,04
2020-06-11,2765,S24W21,114,0050,Hsx,01,01
2020-06-12,2765,S22W35,115,0050,Hsx,01,01
2020-06-13,2765,S26W46,113,0050,Hsx,01,01
2020-06-14,2765,S25W60,114,0060,Hsx,01,01
2020-06-15,2765,S25W73,114,0020,Hsx,01,01
2020-06-16,2765,S26W86,113,0010,Hrx,01,01
2020-07-05,2766,N06E19,117,0010,Bxo,04,02
2020-07-06,2766,N05E04,119,0010,Axx,01,01
2020-07-11,2766,N05W65,122,0010,Bxo,02,02
2020-07-22,2767,S22E72,197,0080,Hsx,01,01
2020-07-23,2767,S22E58,200,0120,Hsx,01,01
2020-07-24,2767,S22E44,200,0120,Hsx,03,01
2020-07-25,2767,S21E31,200,0120,Hsx,03,01
2020-07-26,2767,S21E18,200,0120,Hsx,03,01
2020-07-27,2767,S21E05,200,0120,Hsx,03,01
2020-07-28,2767,S20W07,198,0070,Hsx,01,01
2020-07-29,2767,S20W21,198,0040,Hsx,01,01
2020-07-29,2768,N25E65,113,0010,Axx,01,01
2020-07-30,2767,S16W35,200,0080,Hsx,02,01
2020-07-30,2768,N20E54,110,0005,Axx,00,01
2020-07-31,2767,S20W46,197,0090,Hsx,02,01
2020-07-31,2768,N26E40,111,0020,Hsx,00,01
2020-08-01,2767,S21W60,198,0060,Hsx,01,01
2020-08-01,2768,N26E27,111,0010,Bxo,01,02
2020-08-02,2767,S21W73,198,0050,Hsx,01,01
2020-08-02,2768,N26E14,111,0010,Axx,01,01
2020-08-03,2767,S22W85,197,0050,Hsx,02,01
2020-08-03,2769,N26E53,059,0010,Axx,01,01
2020-08-04,2769,N27E41,058,0010,Axx,02,02
2020-08-04,2770,N21E72,025,0060,Hsx,01,01
2020-08-05,2770,N23E60,026,0050,Cso,10,02
2020-08-06,2770,N22E49,024,0160,Cso,08,03
2020-08-07,2770,N23E36,023,0070,Cso,06,04
2020-08-08,2770,N23E22,024,0070,Cso,06,04
2020-08-09,2770,N22E08,024,0050,Hsx,01,01
2020-08-10,2770,N22W04,024,0030,Cso,04,03
2020-08-11,2770,N23W17,024,0020,Hrx,02,02
2020-08-12,2770,N23W30,023,0010,Axx,01,02
2020-08-13,2770,N23W44,023,0010,Axx,01,01
2020-08-13,2771,S18E43,297,0010,Bxo,00,03
2020-08-14,2771,S18E31,296,0010,Axx,01,01
2020-08-19,2772,N18W36,296,0010,Bxo,01,02
2020-08-20,2772,N18W47,295,0030,Cro,05,05
2020-08-21,2772,N17W63,297,0010,Bxo,06,03
2020-09-24,2773,N28E62,083,0010,Bxo,04,03
2020-09-26,2773,N27E32,087,0010,Axx,00,01
2020-10-10,2774,S25W15,308,0010,Axx,02,02
2020-10-10,2775,S23E24,269,0010,Bxo,03,02
2020-10-11,2774,S24W29,310,0010,Axx,01,01
2020-10-11,2775,S24E09,272,0050,Cro,06,05
2020-10-12,2774,S24W43,310,0010,Axx,01,01
2020-10-12,2775,S23W04,272,0030,Bxo,08,05
2020-10-13,2775,S23W18,273,0030,Bxo,08,05
2020-10-15,2776,S13E68,160,0010,Axx,01,02
2020-10-16,2776,S12E54,160,0030,Cro,06,04
2020-10-17,2776,S14E40,162,0060,Cao,05,04
2020-10-18,2776,S13E28,161,0080,Cao,09,05
2020-10-19,2776,S14E13,162,0100,Cso,07,06
2020-10-19,2777,S24W77,252,0010,Bxo,02,02
2020-10-20,2776,S13W03,165,0080,Cso,01,02
2020-10-21,2776,S13W16,164,0060,Hsx,03,01
2020-10-22,2776,S14W31,166,0070,Hsx,02,01
2020-10-23,2776,S14W45,167,0060,Hsx,01,01
2020-10-24,2776,S14W57,167,0060,Hsx,01,01
2020-10-25,2776,S14W70,166,0040,Hsx,01,01
2020-10-26,2776,S14W83,166,0040,Hsx,01,01
2020-10-27,2778,S19W17,087,0080,Cai,07,07
2020-10-28,2778,S19W30,086,0140,Dai,08,12
2020-10-29,2778,S20W44,086,0150,Dai,10,11
2020-10-29,2779,S15W33,076,0080,Cai,04,05
2020-10-30,2778,S20W56,086,0300,Eko,11,08
2020-10-30,2779,S17W45,075,0140,Dai,07,07
2020-10-31,2778,S20W70,087,0160,Eao,11,06
2020-10-31,2779,S15W57,074,0100,Cao,08,06
2020-11-01,2778,S22W80,084,0100,Hax,02,02
2020-11-01,2779,S16W72,076,0020,Bxo,06,04
2020-11-02,2779,S17W85,076,0010,Bxo,03,02
2020-11-03,2780,N20E57,279,0010,Bxo,01,01
2020-11-04,2781,S23E66,257,0150,Cso,05,05
2020-11-05,2781,S25E55,255,0410,Ehi,14,08
2020-11-06,2780,N20E15,283,0010,Axx,01,01
2020-11-06,2781,S24E46,252,0450,Dki,10,07
2020-11-07,2780,N19E06,281,0010,Hrx,02,02
2020-11-07,2781,S23E30,255,0475,Eki,11,13
2020-11-08,2780,N20W06,278,0010,Bxo,03,02
2020-11-08,2781,S23E16,256,0280,Dki,10,15
2020-11-09,2780,N20W17,276,0010,Bxo,03,02
2020-11-09,2781,S23E03,256,0250,Ehi,11,18
2020-11-10,2781,S23W09,254,0230,Esi,12,17
2020-11-11,2781,S23W23,255,0230,Eso,12,17
2020-11-12,2781,S23W35,254,0100,Cso,10,02
2020-11-12,2782,S31E64,154,0020,Cro,11,03
2020-11-13,2781,S24W52,257,0080,Hsx,20,01
2020-11-13,2782,S31E50,155,0030,Cro,10,06
2020-11-14,2781,S23W66,258,0080,Hsx,01,01
2020-11-14,2782,S31E37,156,0020,Bxo,10,03
2020-11-15,2781,S24W78,257,0050,Hsx,02,01
2020-11-18,2783,S22E68,071,0030,Hsx,02,01
2020-11-19,2783,S23E53,072,0080,Hsx,01,01
2020-11-20,2783,S22E40,072,0070,Hsx,02,01
2020-11-21,2783,S23E27,073,0070,Hsx,02,01
2020-11-22,2783,S23E15,072,0080,Hsx,02,01
2020-11-22,2784,N33E28,059,0030,Cro,03,02
2020-11-23,2783,S23E02,072,0070,Hsx,02,01
2020-11-23,2784,N32E14,060,0030,Bxo,05,03
2020-11-23,2785,S23E74,359,0060,Hsx,02,01
2020-11-24,2783,S18W07,067,0090,Dso,09,06
2020-11-24,2785,S22E57,002,0120,Cso,02,01
2020-11-24,2786,S16E71,349,0120,Hsx,05,01
2020-11-25,2783,S20W19,066,0100,Cso,08,04
2020-11-25,2785,S20E44,002,0140,Hsx,02,01
2020-11-25,2786,S15E59,347,0380,Cko,04,02
2020-11-26,2783,S21W34,068,0080,Cso,07,03
2020-11-26,2785,S21E31,002,0100,Hsx,02,01
2020-11-26,2786,S17E53,343,1000,Cko,11,06
2020-11-27,2783,S22W47,068,0080,Cso,08,03
2020-11-27,2785,S21E18,003,0100,Hsx,02,01
2020-11-27,2786,S17E41,340,0840,Fko,19,09
2020-11-28,2783,S22W59,067,0060,Cso,05,03
2020-11-28,2785,S22E12,356,0110,Cso,15,02
2020-11-28,2786,S18E29,339,0800,Fko,18,14
2020-11-28,2787,N29E64,304,0010,Axx,01,01
2020-11-29,2783,S22W75,070,0050,Hsx,02,01
2020-11-29,2785,S25W01,356,0120,Fso,18,08
2020-11-29,2786,S18E15,340,0780,Fko,18,17
2020-11-29,2787,N29E51,304,0010,Axx,01,01
2020-11-30,2783,S22W89,071,0020,Hsx,02,01
2020-11-30,2785,S23W22,004,0090,Hsx,03,01
2020-11-30,2786,S17E03,339,0770,Fki,18,13
2020-11-30,2787,N29E37,305,0010,Axx,01,01
2020-11-30,2788,S26W07,349,0030,Cro,06,07
2020-11-30,2789,S25E43,299,0010,Axx,01,01
2020-12-01,2785,S22W34,002,0100,Hsx,03,01
2020-12-01,2786,S17W10,338,0590,Cki,17,17
2020-12-01,2787,N30E24,303,0010,Axx,01,01
2020-12-01,2788,S29W18,346,0010,Axx,02,03
2020-12-02,2785,S22W48,002,0090,Hsx,02,01
2020-12-02,2786,S17W27,341,0430,Cko,12,12
2020-12-02,2790,S23E62,253,0100,Cso,02,03
2020-12-03,2785,S22W60,002,0080,Hsx,02,01
2020-12-03,2786,S17W40,342,0370,Hkx,13,06
2020-12-03,2790,S23E50,251,0080,Cao,03,04
2020-12-04,2785,S23W75,003,0160,Hsx,04,01
2020-12-04,2786,S17W57,345,0410,Hkx,03,03
2020-12-04,2790,S22E36,252,0110,Hsx,05,06
2020-12-05,2785,S22W88,004,0120,Hsx,02,01
2020-12-05,2786,S17W71,347,0460,Hkx,05,03
2020-12-05,2790,S23E24,252,0100,Cao,04,04
2020-12-06,2786,S17W85,348,0350,Cko,04,03
2020-12-06,2790,S23E12,251,0070,Cso,04,04
2020-12-06,2791,S16E45,218,0020,Bxo,05,05
2020-12-07,2790,S23W02,252,0060,Hsx,02,01
2020-12-07,2791,S16E30,220,0020,Bxo,05,04
2020-12-08,2790,S22W15,251,0050,Hsx,02,01
2020-12-08,2791,S15E15,221,0010,Axx,02,02
2020-12-09,2790,S21W29,252,0070,Hsx,02,01
2020-12-10,2790,S23W42,251,0050,Hsx,02,01
2020-12-11,2790,S22W55,252,0080,Hsx,02,01
2020-12-12,2790,S23W68,252,0060,Hsx,01,01
2020-12-13,2790,S23W82,252,0020,Hrx,01,01
2020-12-13,2792,S23E67,103,0010,Bxo,02,03
2020-12-14,2792,S22E52,105,0010,Bxo,01,04
2020-12-15,2792,S22E39,105,0010,Bxo,04,03
2020-12-15,2793,S16E60,084,0010,Axx,01,02
2020-12-16,2792,S22E26,103,0010,Bxo,06,02
2020-12-16,2793,S15E49,081,0020,Cro,03,03
2020-12-17,2793,S15E35,082,0030,Cro,04,02
2020-12-18,2793,S15E22,081,0010,Bxo,02,02
2020-12-21,2794,S17E78,347,0120,Hsx,02,01
2020-12-22,2794,S16E68,344,0170,Hsx,02,01
2020-12-23,2794,S17E53,346,0170,Hsx,03,01
2020-12-24,2794,S16E40,346,0180,Hsx,03,01
2020-12-24,2795,S17E67,319,0040,Cro,09,06
2020-12-25,2794,S17E26,346,0150,Hsx,02,01
2020-12-25,2795,S18E54,318,0200,Dao,09,04
2020-12-26,2794,S16E14,345,0220,Hsx,03,01
2020-12-26,2795,S17E41,318,0180,Dao,10,09
2020-12-27,2794,S16E01,345,0210,Hsx,03,01
2020-12-27,2795,S17E29,317,0180,Dao,09,10
2020-12-28,2794,S16W12,345,0210,Hsx,03,01
2020-12-28,2795,S17E15,318,0150,Dso,09,05
2020-12-29,2794,S16W26,346,0180,Hsx,03,01
2020-12-29,2795,S17E02,318,0120,Dao,09,05
2020-12-30,2794,S17W39,346,0180,Hsx,02,01
2020-12-30,2795,S19W10,317,0130,Cao,10,05
2020-12-31,2794,S15W54,347,0170,Hsx,02,01
2020-12-31,2795,S18W25,318,0040,Cro,10,05
2021-01-01,2794,S16W68,344,0180,Hsx,02,01
2021-01-01,2795,S18W38,316,0030,Bxo,10,04
2021-01-02,2794,S16W80,347,0180,Hsx,02,01
2021-01-02,2795,S17W51,318,0010,Bxo,07,02
2021-01-03,2794,S16W93,347,0120,Hsx,02,01
2021-01-03,2795,S18W68,321,0000,Axx,00,01
2021-01-16,2796,S21W07,089,0020,Cro,03,03
2021-01-17,2796,S21W20,089,0010,Bxo,04,05
2021-01-18,2796,S21W32,088,0010,Axx,01,01
2021-01-18,2797,S18E76,340,0090,Hsx,04,02
2021-01-19,2797,S17E67,336,0120,Cao,07,03
2021-01-20,2797,S17E55,335,0120,Cao,12,04
2021-01-21,2797,S18E37,340,0050,Hsx,03,02
2021-01-21,2798,S17E46,331,0060,Cao,05,03
2021-01-22,2797,S18E22,341,0070,Hax,02,02
2021-01-22,2798,S16E34,329,0040,Cao,07,04
2021-01-23,2797,S18E09,341,0070,Hax,01,02
2021-01-23,2798,S16E18,332,0020,Cro,03,05
2021-01-23,2799,N21W30,020,0010,Bxo,03,02
2021-01-24,2797,S17W04,341,0050,Hax,02,02
2021-01-24,2798,S16E05,332,0010,Axx,01,01
2021-01-24,2799,N22W45,022,0010,Axx,01,01
2021-01-25,2797,S17W16,340,0050,Hax,02,02
2021-01-25,2799,N23W59,023,0010,Axx,01,01
2021-01-26,2797,S18W29,340,0020,Hrx,02,02
2021-01-26,2799,N22W70,021,0020,Dro,04,04
2021-01-27,2797,S17W42,340,0010,Axx,02,02
2021-01-27,2799,N23W83,021,0000,Axx,01,01
2021-01-28,2797,S18W56,341,0010,Axx,02,02
2021-01-28,2800,N19W20,305,0010,Bxo,03,04
2021-02-03,2801,N31W43,249,0010,Bxo,02,02
2021-02-04,2801,N30W59,250,0000,Axx,01,01
2021-02-19,2802,N19W38,033,0015,Bxo,04,02
2021-02-20,2803,N21E62,280,0030,Axx,01,02
2021-02-21,2803,N21E49,280,0010,Axx,02,02
2021-02-22,2803,N20E38,277,0010,Axx,01,01
2021-02-23,2804,N18W08,310,0030,Cro,04,03
2021-02-23,2805,S23W02,304,0010,Bxo,03,03
2021-02-24,2804,N19W20,309,0050,Cso,06,05
2021-02-24,2805,S22W14,303,0050,Cao,04,06
2021-02-25,2804,N19W33,309,0120,Dai,07,10
2021-02-25,2805,S22W28,304,0030,Cso,05,03
2021-02-26,2804,N18W46,309,0190,Dsi,10,10
2021-02-26,2805,S22W41,304,0010,Axx,01,01
2021-02-27,2804,N18W58,307,0170,Dsi,08,06
2021-02-28,2804,N21W74,309,0190,Dso,08,04
2021-03-01,2804,N18W87,309,0120,Dso,09,03
2021-03-03,2806,S31W01,198,0010,Bxo,04,04
2021-03-03,2807,S17E43,154,0020,Bxo,03,04
2021-03-04,2806,S31W14,198,0030,Cro,04,06
2021-03-04,2807,S18E29,155,0030,Cro,05,04
2021-03-05,2806,S31W27,197,0010,Bxo,05,06
2021-03-05,2807,S18E16,154,0030,Cro,05,06
2021-03-06,2807,S18E03,153,0010,Bxo,03,04
2021-03-07,2806,S31W55,199,0010,Axx,00,01
2021-03-07,2807,S18W08,151,0010,Axx,02,02
2021-03-08,2806,S30W64,196,0010,Bxo,05,04
2021-03-09,2806,S31W77,195,0020,Cro,07,02
2021-03-10,2807,S18W50,155,0010,Bxo,02,02
2021-03-10,2808,N19E68,037,0020,Hsx,01,01
2021-03-11,2808,N19E55,037,0020,Hsx,01,01
2021-03-12,2808,N19E42,036,0050,Hsx,02,01
2021-03-12,2809,S21E13,065,0010,Bxo,03,02
2021-03-13,2808,N19E32,033,0030,Cao,08,05
2021-03-14,2808,N19E18,034,0010,Hax,06,02
2021-03-15,2808,N19E04,035,0010,Axx,01,01
2021-03-15,2809,S22W26,065,0020,Cso,03,03
2021-03-16,2808,N19W04,034,0010,Axx,03,01
2021-03-16,2809,S22W39,064,0010,Bxo,04,03
2021-03-17,2808,N19W19,031,0010,Axx,02,01
2021-03-17,2810,N17E64,308,0030,Hrx,01,02
2021-03-18,2810,N18E52,307,0050,Hax,02,02
2021-03-19,2810,N17E38,307,0200,Hax,03,02
2021-03-20,2810,N18E26,307,0030,Hrx,02,04
2021-03-21,2810,N18E13,307,0010,Axx,02,02
2021-03-22,2811,N21E58,248,0010,Bxo,01,02
2021-03-23,2811,N20E47,246,0040,Bxo,06,02
2021-03-24,2811,N19E33,245,0050,Cao,06,05
2021-03-24,2812,N21E53,225,0030,Hsx,01,01
2021-03-25,2811,N20E21,245,0010,Bxo,08,05
2021-03-25,2812,N21E41,224,0030,Hsx,01,01
2021-03-26,2811,N19E05,248,0020,Bxo,05,03
2021-03-26,2812,N21E27,227,0030,Hsx,02,01
2021-03-27,2811,N20W07,248,0010,Bxo,03,03
2021-03-27,2812,N21E15,226,0030,Hax,01,01
2021-03-28,2812,N21E01,226,0030,Hax,01,01
2021-03-29,2812,N21W12,226,0010,Hrx,01,01
2021-03-30,2812,N22W22,223,0020,Bxo,03,03
2021-04-05,2813,N21W37,159,0010,Axx,01,01
2021-04-06,2813,N20W50,158,0005,Axx,01,01
2021-04-07,2813,N20W65,160,0000,Axx,00,01
2021-04-13,2814,S22E09,007,0010,Bxo,05,06
2021-04-14,2814,S22W05,008,0030,Bxo,06,06
2021-04-15,2814,S22W18,008,0090,Cro,06,07
2021-04-16,2814,S22W31,007,0050,Dro,06,12
2021-04-17,2814,S22W44,007,0020,Bxo,05,08
2021-04-17,2815,S21W21,344,0010,Bxo,04,03
2021-04-17,2816,S24E59,264,0080,Cao,05,03
2021-04-18,2814,S22W59,009,0010,Bxo,04,04
2021-04-18,2816,S24E46,264,0020,Cao,07,04
2021-04-19,2816,S25E34,263,0050,Cao,07,05
2021-04-20,2816,S24E21,262,0120,Dai,08,08
2021-04-20,2817,N18W46,329,0060,Bxo,05,08
2021-04-21,2816,S24E08,262,0110,Cao,09,10
2021-04-21,2817,N18W62,333,0140,Dai,07,13
2021-04-21,2818,S17E66,203,0090,Hsx,01,01
2021-04-22,2816,S24W06,263,0100,Cao,09,09
2021-04-22,2817,N18W79,336,0180,Dao,10,07
2021-04-22,2818,S17E52,205,0040,Hsx,01,01
2021-04-23,2816,S24W18,261,0050,Cro,10,06
2021-04-23,2817,N18W88,331,0140,Cso,09,05
2021-04-23,2818,S17E39,204,0050,Hsx,01,01
2021-04-24,2816,S24W31,262,0050,Cro,12,08
2021-04-24,2818,S17E25,206,0050,Hsx,01,01
2021-04-25,2816,S24W44,262,0030,Cro,13,07
2021-04-25,2818,S16E12,206,0040,Hsx,01,01
2021-04-25,2819,N24W27,245,0010,Bxo,04,03
2021-04-25,2820,S22E08,210,0070,Dai,05,11
2021-04-26,2816,S22W65,270,0010,Axx,01,01
2021-04-26,2818,S16W01,205,0040,Hsx,01,01
2021-04-26,2820,S22W06,211,0080,Dso,07,12
2021-04-26,2821,S22W16,221,0030,Cro,04,03
2021-04-27,2818,S16W13,204,0040,Hsx,01,01
2021-04-27,2820,S21W18,209,0110,Dsi,08,15
2021-04-27,2821,S21W28,219,0070,Dsi,05,08
2021-04-28,2818,S17W27,204,0010,Hsx,01,01
2021-04-28,2820,S21W32,210,0070,Esi,11,11
2021-04-28,2821,S23W43,220,0060,Dai,08,05
2021-04-29,2818,S17W39,203,0010,Hsx,01,01
2021-04-29,2820,S22W44,208,0030,Dao,11,06
2021-04-29,2821,S22W56,220,0030,Cao,09,05
2021-04-30,2818,S16W53,205,0020,Hsx,01,01
2021-04-30,2820,S22W57,209,0030,Cro,10,05
2021-04-30,2821,S21W74,226,0020,Hsx,01,01
2021-05-01,2818,S16W67,205,0020,Hsx,01,01
2021-05-01,2820,S22W71,209,0020,Bxo,10,03
2021-05-01,2821,S21W89,227,0030,Hsx,01,01
2021-05-02,2818,S16W80,205,0010,Axx,01,01
2021-05-08,2822,N18E70,335,0130,Cso,04,05
2021-05-09,2822,N18E57,336,0180,Csi,05,07
2021-05-10,2822,N18E45,335,0180,Dsi,04,08
2021-05-11,2822,N18E33,333,0130,Dao,05,10
2021-05-11,2823,S21E39,326,0040,Cao,03,06
2021-05-12,2822,N18E18,335,0190,Dao,04,09
2021-05-12,2823,S22E24,329,0040,Cso,05,02
2021-05-13,2822,N18E05,335,0190,Dao,04,09
2021-05-13,2823,S22E11,329,0040,Cso,05,02
2021-05-14,2822,N18W10,335,0100,Dao,03,03
2021-05-14,2823,S22W00,326,0010,Hrx,01,01
2021-05-15,2822,N17W22,335,0060,Cao,03,03
2021-05-15,2823,S23W14,327,0010,Axx,01,01
2021-05-16,2822,N16W35,334,0050,Cao,04,03
2021-05-16,2823,S23W25,325,0010,Axx,01,01
2021-05-17,2822,N17W49,335,0050,Hsx,02,01
2021-05-18,2822,N17W64,336,0040,Hsx,02,01
2021-05-19,2822,N18W77,337,0040,Hsx,01,01
2021-05-19,2824,N19E65,194,0120,Cao,02,03
2021-05-20,2822,N18W91,338,0040,Hsx,01,01
2021-05-20,2824,N19E52,195,0130,Hsx,02,03
2021-05-21,2824,N19E39,194,0150,Hsx,02,03
2021-05-22,2824,N20E27,194,0150,Hsx,03,03
2021-05-23,2824,N21E13,195,0190,Csi,05,09
2021-05-24,2824,N19W00,194,0190,Csi,05,09
2021-05-24,2825,N16E53,141,0010,Axx,01,01
2021-05-25,2824,N19W13,194,0180,Csi,06,08
2021-05-25,2825,N17E39,142,0010,Axx,01,01
2021-05-26,2824,N20W27,195,0120,Cso,05,08
2021-05-26,2826,N24W47,214,0020,Cri,05,08
2021-05-27,2824,N20W41,196,0250,Cso,05,05
2021-05-27,2826,N24W60,215,0240,Dai,05,09
2021-05-28,2824,N20W55,196,0250,Dho,05,05
2021-05-28,2826,N24W74,215,0280,Dko,05,09
2021-05-29,2824,N19W68,196,0250,Dho,05,04
2021-05-29,2826,N23W87,214,0280,Dko,06,04
2021-05-30,2824,N18W79,194,0120,Cao,04,04
2021-05-30,2827,N11E44,071,0010,Bxo,02,02
2021-05-31,2827,N11E29,073,0060,Cro,05,05
2021-05-31,2828,S32E33,069,0010,Axx,01,02
2021-06-01,2827,N12E15,073,0110,Cai,07,10
2021-06-01,2828,S31E19,069,0010,Axx,01,01
2021-06-02,2827,N11E03,071,0100,Csi,10,10
2021-06-03,2827,N12W14,074,0070,Csi,08,08
2021-06-03,2829,S18E49,012,0010,Hrx,01,02
2021-06-04,2827,N11W27,076,0070,Cso,05,04
2021-06-04,2829,S18E35,014,0010,Cro,01,04
2021-06-05,2827,N11W41,078,0050,Dso,05,05
2021-06-05,2829,S18E23,012,0020,Cao,04,05
2021-06-06,2827,N12W56,078,0120,Hsx,06,03
2021-06-06,2829,S18E10,012,0030,Cro,06,07
2021-06-07,2827,N12W72,081,0100,Hsx,03,01
2021-06-07,2829,S18W04,013,0010,Bxo,06,05
2021-06-07,2830,S27W59,068,0070,Cao,03,06
2021-06-08,2827,N12W86,082,0050,Hsx,02,01
2021-06-08,2829,S18W17,013,0060,Dso,06,08
2021-06-08,2830,S26W73,069,0050,Cao,06,03
2021-06-08,2831,N24W83,079,0010,Hrx,04,01
2021-06-09,2829,S17W29,011,0050,Dso,10,12
2021-06-09,2830,S25W86,068,0040,Cao,08,02
2021-06-10,2829,S20W39,008,0020,Dso,01,03
2021-06-10,2832,N15W00,328,0010,Bxo,03,04
2021-06-11,2829,S20W53,009,0010,Axx,02,03
2021-06-11,2832,N14W12,328,0010,Bxo,03,06
2021-06-12,2832,N14W26,329,0010,Axx,03,03
2021-06-14,2832,N14W50,326,0000,Axx,00,01
2021-06-14,2833,N08E64,211,0140,Hsx,03,01
2021-06-15,2833,N26E51,211,0100,Hsx,02,01
2021-06-16,2833,N25E38,211,0060,Hsx,02,01
2021-06-17,2833,N24E25,211,0130,Hsx,02,01
2021-06-18,2833,N24E11,211,0130,Hsx,05,02
2021-06-19,2833,N22W00,210,0120,Hsx,02,02
2021-06-19,2834,N20W71,281,0010,Bxo,02,02
2021-06-20,2833,N24W13,210,0120,Cso,05,05
2021-06-21,2833,N25W27,210,0090,Cso,04,03
2021-06-22,2833,N23W38,208,0120,Hsx,01,01
2021-06-23,2833,N25W50,207,0130,Hsx,06,02
2021-06-24,2833,N24W65,208,0140,Hsx,02,01
2021-06-25,2833,N24W76,206,0140,Hsx,02,01
2021-06-26,2833,N24W91,207,0070,Hsx,02,01
2021-06-26,2835,S18E65,052,0150,Dso,05,04
2021-06-27,2835,S18E51,053,0130,Dso,09,06
2021-06-28,2835,S18E38,053,0230,Dso,10,07
2021-06-28,2836,S27E34,057,0020,Cro,04,05
2021-06-29,2835,S18E26,052,0240,Dsi,10,12
2021-06-29,2836,S28E21,057,0020,Cro,06,07
2021-06-29,2837,N17E69,009,0020,Hsx,01,01
2021-06-30,2835,S18E13,052,0370,Eki,11,16
2021-06-30,2836,S28E07,058,0020,Cro,07,08
2021-06-30,2837,N17E56,009,0020,Hrx,01,02
2021-07-01,2835,S18W01,052,0500,Eki,12,18
2021-07-01,2836,S27W06,057,0020,Cro,06,03
2021-07-01,2837,N17E42,009,0020,Hrx,01,02
2021-07-02,2835,S18W16,053,0770,Ekc,11,20
2021-07-02,2836,S26W22,059,0020,Hsx,03,01
2021-07-02,2837,N17E29,008,0020,Bxo,03,05
2021-07-03,2835,S18W29,054,0560,Dkc,09,31
2021-07-03,2836,S26W36,061,0010,Axx,01,02
2021-07-03,2837,N17E15,010,0030,Dro,05,09
2021-07-04,2835,S18W43,055,0620,Dkc,10,33
2021-07-04,2836,S26W50,062,0010,Axx,01,01
2021-07-04,2837,N17E01,011,0020,Bxo,06,04
2021-07-04,2838,N24W88,100,0030,Cro,04,03
2021-07-05,2835,S18W56,054,0540,Dkc,08,17
2021-07-05,2837,N17W12,010,0020,Bxo,07,09
2021-07-05,2839,N19E37,321,0030,Cro,05,04
2021-07-06,2835,S18W68,053,0470,Cko,07,07
2021-07-06,2837,N17W24,009,0010,Axx,01,01
2021-07-06,2839,N19E23,321,0050,Cao,05,05
2021-07-07,2835,S18W82,054,0300,Hkx,05,03
2021-07-07,2837,N17W36,008,0000,Axx,00,01
2021-07-07,2839,N19E10,322,0020,Cro,06,06
2021-07-07,2840,N27W63,034,0010,Bxo,02,02
2021-07-08,2839,N19W03,322,0010,Axx,06,01
2021-07-08,2840,N27W76,035,0010,Bxo,05,04
2021-07-09,2839,N19W14,319,0010,Axx,01,01
2021-07-09,2840,N27W90,035,0010,Bxo,05,02
2021-07-10,2839,N19W28,320,0010,Axx,01,01
2021-07-10,2841,S18E61,231,0020,Bxo,03,02
2021-07-11,2841,S18E45,234,0020,Bxo,02,03
2021-07-11,2842,N24E79,200,0060,Hsx,02,01
2021-07-12,2841,S18E30,236,0010,Bxo,03,02
2021-07-12,2842,N24E64,202,0060,Hsx,02,01
2021-07-13,2841,S18E15,236,0010,Axx,00,01
2021-07-13,2842,N24E51,201,0060,Hsx,01,01
2021-07-14,2842,N23E37,201,0050,Hsx,01,01
2021-07-15,2842,N24E25,201,0060,Hsx,01,01
2021-07-15,2843,S17W44,270,0010,Axx,04,02
2021-07-16,2842,N24E13,200,0030,Hsx,01,01
2021-07-16,2843,S17W56,269,0000,Axx,00,01
2021-07-17,2842,N25W00,199,0020,Hsx,01,01
2021-07-17,2843,S17W72,271,0030,Bxo,07,03
2021-07-17,2844,S43E59,140,0020,Axx,01,01
2021-07-18,2842,N26W15,201,0040,Cso,03,05
2021-07-18,2843,S18W86,272,0010,Axx,01,01
2021-07-18,2844,S43E49,137,0010,Axx,01,01
2021-07-18,2845,S15W06,192,0030,Bxi,04,06
2021-07-19,2842,N26W27,200,0040,Dso,04,05
2021-07-19,2844,S43E35,138,0010,Axx,01,01
2021-07-19,2845,S15W18,191,0030,Cso,05,06
2021-07-20,2842,N26W41,201,0090,Dsi,07,10
2021-07-20,2845,S16W34,193,0010,Hrx,02,04
2021-07-20,2846,N25E76,084,0030,Hsx,01,01
2021-07-21,2842,N25W54,201,0140,Dai,07,10
2021-07-21,2845,S15W50,196,0000,Axx,00,01
2021-07-21,2846,N25E63,084,0090,Cso,07,05
2021-07-21,2847,S29E74,073,0020,Cro,02,03
2021-07-22,2842,N25W66,200,0080,Dsi,08,07
2021-07-22,2845,S15W61,195,0060,Dso,04,04
2021-07-22,2846,N25E49,085,0090,Cso,10,07
2021-07-22,2847,S28E61,073,0020,Cro,10,03
2021-07-22,2848,N20E16,118,0010,Bxo,03,04
2021-07-22,2849,S18E75,058,0000,Axx,00,01
2021-07-23,2842,N25W80,200,0080,Cso,07,04
2021-07-23,2845,S16W75,195,0040,Cro,04,04
2021-07-23,2846,N26E35,085,0100,Cro,10,04
2021-07-23,2847,S28E47,073,0040,Hrx,02,01
2021-07-23,2848,N21E02,118,0010,Bxo,04,02
2021-07-23,2849,S18E61,058,0020,Axx,01,02
2021-07-24,2846,N22E21,084,0040,Cro,03,03
2021-07-24,2847,S38E28,078,0020,Hrx,01,01
2021-07-24,2848,N21W10,116,0010,Axx,01,01
2021-07-24,2849,S20E46,059,0010,Axx,00,01
2021-07-25,2846,N25E07,085,0030,Cro,04,03
2021-07-25,2847,S27E24,077,0010,Hrx,01,01
2021-07-26,2846,N25W05,085,0030,Cro,02,03
2021-07-26,2847,S27E13,067,0000,Axx,00,01
2021-07-27,2846,N24W20,087,0010,Bxo,04,04
2021-07-27,2847,S28W00,066,0010,Axx,00,01
2021-07-28,2846,N24W33,087,0000,Bxo,05,04
2021-07-28,2847,S28W14,068,0000,Axx,00,01
2021-08-03,2850,S32W29,004,0020,Cro,04,03
2021-08-04,2850,S32W42,005,0040,Cso,06,05
2021-08-05,2850,S31W55,003,0010,Bxo,05,04
2021-08-06,2850,S30W68,003,0010,Axx,01,01
2021-08-06,2851,N15W07,302,0010,Bxo,02,02
2021-08-06,2852,S11E42,253,0010,Bxo,03,03
2021-08-12,2854,S21W33,249,0010,Axx,00,01
2021-08-12,2855,N13E61,155,0010,Axx,00,01
2021-08-13,2855,N13E47,156,0010,Axx,01,01
2021-08-15,2853,N22W23,199,0010,Axx,05,01
2021-08-15,2855,N13E22,154,0010,Axx,01,01
2021-08-15,2856,N14W61,237,0010,Bxo,02,03
2021-08-15,2857,N18W00,175,0010,Bxo,02,02
2021-08-16,2856,N14W74,237,0010,Axx,01,01
2021-08-16,2857,N18W14,177,0010,Bxo,04,02
2021-08-17,2857,N17W27,177,0030,Dro,04,04
2021-08-18,2857,N17W41,177,0010,Bxo,04,03
2021-08-19,2858,N12W00,123,0020,Cro,04,06
2021-08-20,2857,N14W70,179,0010,Axx,01,01
2021-08-20,2858,N13W15,124,0030,Cro,04,04
2021-08-21,2858,N13W28,124,0010,Bxo,03,04
2021-08-22,2858,N13W42,124,0010,Axx,02,02
2021-08-22,2859,N20E72,012,0080,Cao,03,03
2021-08-23,2859,N19E59,010,0140,Cao,04,06
2021-08-24,2859,N19E46,011,0160,Cao,05,04
2021-08-25,2859,N19E32,012,0150,Hsx,05,04
2021-08-25,2860,S28E41,002,0110,Bxo,06,05
2021-08-26,2859,N19E18,013,0070,Hsx,03,03
2021-08-26,2860,S27E28,003,0170,Dao,05,06
2021-08-27,2859,N16E06,011,0050,Dso,01,04
2021-08-27,2860,S30E14,003,0150,Dao,06,12
2021-08-27,2861,N15E53,323,0010,Bxo,00,01
2021-08-28,2859,N17W07,011,0050,Cso,03,06
2021-08-28,2860,S28E03,001,0330,Eki,12,22
2021-08-28,2861,N15E38,326,0010,Axx,01,01
2021-08-28,2862,S28W67,071,0050,Bxo,05,04
2021-08-29,2859,N18W18,009,0040,Cao,06,07
2021-08-29,2860,S29W10,001,0340,Eki,12,27
2021-08-29,2861,N16E28,323,0010,Axx,01,01
2021-08-29,2862,S28W81,072,0010,Bxo,05,02
2021-08-30,2859,N18W34,012,0010,Hrx,01,01
2021-08-30,2860,S29W23,001,0320,Ekc,14,23
2021-08-31,2859,N18W47,012,0000,Axx,01,01
2021-08-31,2860,S29W36,001,0240,Eac,11,20
2021-09-01,2859,N18W60,010,0010,Axx,01,01
2021-09-01,2860,S27W51,001,0240,Dai,09,16
2021-09-02,2859,N18W73,011,0010,Axx,01,01
2021-09-02,2860,S27W64,002,0220,Dsi,09,14
2021-09-03,2860,S29W77,002,0220,Dai,10,06
2021-09-03,2863,S16E28,256,0070,Cao,04,07
2021-09-04,2863,S16E15,257,0160,Dso,05,09
2021-09-04,2864,S23E22,250,0030,Cro,03,04
2021-09-05,2863,S16E02,256,0090,Cso,05,05
2021-09-05,2864,N24E10,248,0050,Dao,04,07
2021-09-05,2865,N22E25,233,0010,Bxo,04,03
2021-09-05,2866,S18E63,195,0040,Bxo,02,02
2021-09-05,2867,S18W74,332,0010,Axx,01,01
2021-09-06,2863,S16W10,255,0040,Cso,06,04
2021-09-06,2864,N24W05,250,0090,Dao,07,08
2021-09-06,2866,S17E48,197,0080,Dai,06,08
2021-09-06,2868,S21E33,212,0060,Dso,07,06
2021-09-07,2863,S16W28,258,0100,Cso,03,04
2021-09-07,2864,N24W19,251,0180,Dao,08,10
2021-09-07,2866,S18E32,200,0220,Dai,07,15
2021-09-07,2868,S22E19,212,0220,Dso,07,11
2021-09-08,2863,S17W40,258,0080,Hsx,03,02
2021-09-08,2864,N24W31,249,0220,Cso,11,10
2021-09-08,2866,S18E21,197,0430,Dkc,08,23
2021-09-08,2868,S21E05,213,0240,Dso,10,10
2021-09-09,2863,S16W54,259,0080,Hsx,03,01
2021-09-09,2864,N24W45,250,0110,Hsx,11,01
2021-09-09,2866,S18E07,197,0500,Dkc,08,15
2021-09-09,2868,S21W08,213,0300,Dhi,10,17
2021-09-09,2869,S35E12,194,0010,Bxo,03,03
2021-09-10,2863,S16W66,258,0090,Hsx,03,02
2021-09-10,2864,N24W62,253,0100,Hsx,05,04
2021-09-10,2866,S18W06,199,0500,Dkc,08,29
2021-09-10,2868,S21W19,212,0260,Dhi,08,18
2021-09-10,2869,S34W01,194,0070,Cao,06,10
2021-09-10,2870,S31E56,136,0010,Axx,00,01
2021-09-11,2863,S15W81,260,0070,Hsx,02,01
2021-09-11,2864,N24W76,255,0080,Cso,02,02
2021-09-11,2866,S18W19,198,0460,Dkc,07,17
2021-09-11,2868,S22W34,213,0250,Dki,08,20
2021-09-11,2869,S34W14,193,0060,Cao,07,09
2021-09-12,2863,S17W92,258,0030,Hsx,01,01
2021-09-12,2864,N24W90,256,0050,Hsx,01,01
2021-09-12,2866,S18W33,199,0400,Dkc,06,17
2021-09-12,2868,S19W49,215,0260,Dki,08,21
2021-09-12,2869,S35W28,192,0040,Cao,06,03
2021-09-13,2866,S19W46,199,0180,Dai,05,10
2021-09-13,2868,S20W62,215,0200,Dao,07,06
2021-09-13,2869,S34W42,195,0010,Axx,00,01
2021-09-14,2866,S19W60,199,0100,Dao,04,07
2021-09-14,2868,S20W77,216,0100,Cao,06,05
2021-09-15,2866,S18W71,197,0060,Hsx,04,03
2021-09-19,2871,S28E73,001,0030,Hsx,01,01
2021-09-20,2871,S28E61,359,0060,Dao,03,03
2021-09-21,2871,S29E50,357,0240,Dao,05,06
2021-09-21,2872,N17E42,004,0030,Cro,04,07
2021-09-21,2873,N26W07,054,0010,Bxi,04,08
2021-09-22,2871,S27E36,357,0310,Dko,06,08
2021-09-22,2872,N17E27,006,0010,Bxo,03,04
2021-09-22,2873,N26W22,056,0110,Dao,07,08
2021-09-23,2871,S28E25,355,0250,Dko,06,07
2021-09-23,2872,N17E15,005,0070,Cai,07,09
2021-09-23,2873,N24W35,055,0080,Dao,09,05
2021-09-23,2874,S25W26,046,0010,Hrx,02,02
2021-09-23,2875,S32W34,055,0010,Bxo,03,03
2021-09-24,2871,S28E11,356,0210,Dao,05,11
2021-09-24,2872,N17E02,005,0120,Cai,06,15
2021-09-24,2873,N26W48,055,0010,Bxo,09,06
2021-09-24,2875,S32W47,055,0010,Bxo,04,03
2021-09-25,2871,S28E01,353,0140,Dao,06,08
2021-09-25,2872,N17W12,005,0080,Cao,06,10
2021-09-25,2873,N25W59,053,0010,Bxo,04,02
2021-09-25,2875,S33W59,053,0010,Bxo,02,02
2021-09-25,2876,S22E04,350,0010,Bxo,02,03
2021-09-26,2871,S28W13,354,0140,Dac,04,09
2021-09-26,2872,N18W24,005,0060,Cro,07,09
2021-09-27,2871,S28W27,355,0090,Dai,05,10
2021-09-27,2872,N17W38,006,0040,Cro,08,07
2021-09-27,2877,S17W00,328,0010,Bxo,04,04
2021-09-27,2878,S23E34,294,0030,Cro,06,06
2021-09-28,2871,S27W40,355,0070,Cso,05,06
2021-09-28,2877,S18W13,328,0020,Cro,02,04
2021-09-29,2871,S28W53,354,0030,Hrx,02,01
2021-09-29,2877,S18W27,329,0030,Cro,04,10
2021-09-29,2880,N30E54,246,0010,Cro,04,05
2021-09-29,2881,N16W20,321,0010,Axx,00,01
2021-09-30,2871,S28W65,353,0010,Axx,00,01
2021-09-30,2877,S16W40,327,0130,Dai,07,14
2021-09-30,2880,N29E43,244,0390,Dkc,09,18
2021-09-30,2881,N16W33,321,0010,Axx,00,01
2021-10-01,2877,S18W52,327,0200,Dao,09,13
2021-10-01,2880,N32E30,245,0210,Dao,08,13
2021-10-02,2877,S20W67,329,0200,Dao,09,04
2021-10-02,2880,N30E15,247,0260,Dho,08,04
2021-10-03,2877,S20W78,327,0150,Dao,10,02
2021-10-03,2880,N32E04,245,0230,Eso,11,03
2021-10-04,2877,S21W93,328,0030,Hsx,02,01
2021-10-04,2880,N31W07,243,0230,Dso,10,06
2021-10-04,2882,N14E77,158,0180,Hax,01,01
2021-10-05,2880,N31W20,243,0160,Eso,11,08
2021-10-05,2882,N16E66,157,0250,Hhx,02,01
2021-10-06,2880,N31W33,242,0120,Cso,10,06
2021-10-06,2882,N16E52,157,0200,Hsx,02,01
2021-10-07,2880,N32W50,246,0020,Hrx,01,01
2021-10-07,2882,N16E43,153,0240,Cso,09,01
2021-10-08,2882,N17E28,155,0230,Dso,05,03
2021-10-09,2882,N20E13,156,0240,Dso,04,03
2021-10-10,2882,N17W01,157,0280,Dho,06,04
2021-10-11,2882,N18W14,157,0260,Dho,07,04
2021-10-11,2883,N27W60,203,0030,Bxo,02,02
2021-10-11,2884,S20W27,170,0010,Bxo,02,02
2021-10-12,2882,N16W28,158,0250,Dho,07,03
2021-10-12,2883,N27W74,204,0010,Axx,01,01
2021-10-12,2884,S20W40,170,0010,Axx,01,01
2021-10-13,2882,N17W42,159,0270,Dho,07,05
2021-10-13,2883,N26W87,204,0010,Axx,01,01
2021-10-14,2882,N17W55,159,0250,Cho,06,04
2021-10-14,2885,N15W67,171,0020,Cro,03,03
2021-10-15,2882,N15W68,157,0250,Cho,06,03
2021-10-15,2885,N15W80,169,0010,Axx,01,01
2021-10-16,2882,N15W76,154,0250,Hhx,03,01
2021-10-17,2882,N15W91,154,0120,Hsx,02,01
2021-10-19,2886,S19E61,337,0170,Hsx,03,01
2021-10-20,2886,S19E47,338,0185,Hsx,03,01
2021-10-21,2886,S19E36,336,0130,Hsx,02,01
2021-10-22,2886,S19E22,336,0100,Hsx,02,01
2021-10-23,2886,S19E10,335,0100,Hsx,02,01
2021-10-23,2887,S24E65,280,0150,Dao,05,07
2021-10-24,2886,S19W02,334,0120,Hsx,02,01
2021-10-24,2887,S26E53,279,0420,Dki,08,11
2021-10-25,2886,S19W15,334,0110,Hsx,02,01
2021-10-25,2887,S25E40,278,0440,Dki,09,14
2021-10-25,2888,S15E66,253,0020,Hsx,01,01
2021-10-26,2886,S19W29,335,0110,Hsx,01,01
2021-10-26,2887,S26E27,279,0330,Dki,07,20
2021-10-26,2888,S14E52,254,0010,Axx,00,01
2021-10-26,2889,S25E58,248,0010,Bxo,05,03
2021-10-26,2890,S19W11,317,0010,Bxo,04,06
2021-10-27,2886,S20W41,333,0100,Hsx,02,01
2021-10-27,2887,S26E15,277,0370,Dhi,08,20
2021-10-27,2888,S13E39,253,0010,Axx,01,01
2021-10-27,2889,S23E43,249,0020,Bxo,04,04
2021-10-27,2890,S18W25,317,0040,Cro,05,05
2021-10-28,2886,S19W55,334,0090,Hsx,02,01
2021-10-28,2887,S26E04,275,0250,Dhi,08,26
2021-10-28,2889,S24E31,248,0040,Bxo,04,06
2021-10-28,2890,S18W39,318,0030,Bxo,05,04
2021-10-28,2891,N17E67,212,0250,Cao,04,04
2021-10-29,2886,S19W68,334,0100,Hsx,02,01
2021-10-29,2887,S26W08,274,0320,Dkc,09,28
2021-10-29,2889,S23E17,249,0030,Bxo,06,04
2021-10-29,2890,S18W52,318,0030,Bxo,06,03
2021-10-29,2891,N18E56,210,0220,Cai,09,10
2021-10-30,2886,S19W81,334,0100,Hsx,03,01
2021-10-30,2887,S26W21,274,0250,Dhi,10,22
2021-10-30,2889,S23E03,250,0010,Bxo,03,03
2021-10-30,2891,N17E41,212,0350,Dki,09,16
2021-10-31,2887,S28W33,273,0210,Dso,10,13
2021-10-31,2889,S23W10,250,0010,Axx,01,01
2021-10-31,2891,N16E29,211,0240,Eac,11,20
2021-10-31,2892,N27W15,255,0010,Bxo,03,02
2021-11-01,2887,S28W47,273,0150,Cso,08,08
2021-11-01,2889,S24W21,250,0000,Axx,00,01
2021-11-01,2891,N17E16,210,0200,Dac,09,20
2021-11-01,2892,N26W29,255,0010,Bxo,03,03
2021-11-01,2893,N16E70,156,0120,Hsx,02,01
2021-11-02,2887,S27W64,276,0160,Cso,06,05
2021-11-02,2891,N16E03,210,0230,Dai,08,17
2021-11-02,2893,N15E57,155,0180,Hsx,02,01
2021-11-03,2887,S26W78,277,0120,Hax,01,01
2021-11-03,2891,N16W13,212,0120,Dai,08,10
2021-11-03,2893,N16E44,155,0160,Hsx,02,01
2021-11-04,2887,S25W91,278,0040,Hsx,01,02
2021-11-04,2891,N16W26,213,0100,Dao,09,07
2021-11-04,2893,N17E30,157,0160,Hsx,03,02
2021-11-05,2891,N16W40,214,0090,Cao,04,07
2021-11-05,2893,N17E17,157,0120,Hsx,02,01
2021-11-06,2891,N16W51,211,0030,Dro,02,06
2021-11-06,2893,N17E05,155,0150,Cso,03,03
2021-11-06,2894,S27E66,095,0100,Hsx,02,01
2021-11-07,2891,N16W64,211,0010,Axx,01,01
2021-11-07,2893,N16W08,155,0140,Hsx,02,04
2021-11-07,2894,S27E55,092,0180,Cso,07,06
2021-11-08,2893,N18W22,156,0120,Hsx,02,04
2021-11-08,2894,S27E42,091,0120,Cso,09,04
2021-11-09,2893,N18W33,154,0110,Hsx,02,01
2021-11-09,2894,S26E28,092,0150,Cso,06,04
2021-11-09,2895,N26E50,070,0050,Dao,06,06
2021-11-10,2893,N16W47,155,0130,Hsx,02,01
2021-11-10,2894,S30E14,093,0150,Hsx,02,02
2021-11-10,2895,N24E36,071,0130,Dso,05,07
2021-11-11,2893,N16W60,154,0130,Hsx,02,01
2021-11-11,2894,S26E01,093,0150,Hsx,01,01
2021-11-11,2895,N24E21,073,0130,Dso,04,05
2021-11-12,2893,N21W76,157,0110,Hsx,02,01
2021-11-12,2894,S27W09,091,0160,Hax,02,03
2021-11-12,2895,N22E08,072,0030,Cro,06,05
2021-11-13,2893,N16W89,157,0070,Hsx,02,01
2021-11-13,2894,S27W17,085,0130,Dao,09,05
2021-11-13,2895,N23W06,074,0020,Bxo,04,03
2021-11-14,2894,S28W33,087,0100,Cso,08,03
2021-11-14,2895,N22W20,074,0010,Axx,01,01
2021-11-15,2894,S28W50,091,0110,Hsx,02,02
2021-11-15,2896,S18E72,329,0060,Hsx,01,01
2021-11-16,2894,S28W62,091,0070,Hsx,02,02
2021-11-16,2896,S18E58,331,0060,Hsx,01,01
2021-11-17,2894,S27W75,091,0160,Hsx,02,02
2021-11-17,2896,S18E44,332,0090,Hsx,02,01
2021-11-17,2897,N15E62,314,0080,Hsx,01,02
2021-11-18,2894,S28W89,091,0100,Hsx,01,01
2021-11-18,2896,S18E32,330,0090,Hsx,01,01
2021-11-18,2897,N16E48,314,0080,Hsx,01,01
2021-11-19,2896,S18E18,331,0020,Hsx,01,01
2021-11-19,2897,N17E31,318,0020,Hsx,01,01
2021-11-20,2896,S17E05,331,0020,Hsx,01,01
2021-11-20,2897,N16E17,319,0020,Hsx,01,01
2021-11-21,2896,S17W08,331,0020,Hsx,01,01
2021-11-21,2897,N17E04,318,0020,Hsx,01,01
2021-11-22,2896,S18W22,331,0010,Hrx,01,01
2021-11-22,2897,N15W09,318,0010,Hsx,01,01
2021-11-23,2896,S18W34,330,0010,Hsx,01,01
2021-11-23,2897,N15W23,319,0020,Hsx,01,01
2021-11-24,2896,S17W48,331,0020,Axx,01,01
2021-11-24,2897,N15W35,318,0030,Bxo,02,03
2021-11-24,2898,S24E45,238,0030,Cro,02,05
2021-11-25,2896,S17W62,332,0010,Axx,01,01
2021-11-25,2897,N15W48,318,0010,Axx,01,01
2021-11-25,2898,S24E31,239,0030,Cro,04,07
2021-11-26,2898,S24E17,240,0090,Dro,07,10
2021-11-27,2898,S24E04,240,0120,Dao,08,10
2021-11-27,2899,S21W62,306,0020,Bxo,04,05
2021-11-27,2900,S28W12,256,0050,Cro,04,07
2021-11-28,2898,S24W06,236,0140,Dao,10,10
2021-11-28,2899,S21W78,308,0050,Bxo,04,04
2021-11-28,2900,S27W24,254,0130,Dso,07,09
2021-11-29,2898,S24W22,239,0090,Cso,08,07
2021-11-29,2900,S26W36,253,0160,Dso,08,15
2021-11-29,2901,N16E64,153,0020,Hsx,01,01
2021-11-30,2898,S24W36,240,0090,Cso,05,05
2021-11-30,2900,S26W51,255,0240,Dao,07,11
2021-11-30,2901,N15E50,153,0030,Hsx,01,01
2021-12-01,2898,S25W52,242,0100,Hsx,02,01
2021-12-01,2900,S27W64,254,0240,Dao,07,03
2021-12-01,2901,N15E37,153,0010,Axx,01,01
2021-12-01,2902,N18W06,196,0030,Cro,04,05
2021-12-01,2903,S17E41,148,0010,Axx,02,01
2021-12-02,2898,S25W65,242,0110,Hsx,02,01
2021-12-02,2900,S27W76,253,0210,Dao,05,02
2021-12-02,2902,N18W19,197,0030,Dro,04,04
2021-12-03,2898,S25W78,243,0100,Hsx,01,01
2021-12-03,2900,S27W90,254,0000,Axx,01,01
2021-12-03,2902,N18W33,198,0100,Dsi,06,13
2021-12-04,2898,S26W88,239,0080,Cso,10,04
2021-12-04,2902,N18W46,197,0060,Cro,06,05
2021-12-05,2901,N21W19,157,0010,Bxo,03,02
2021-12-05,2902,N15W62,200,0020,Hrx,03,02
2021-12-05,2904,S26E54,084,0010,Axx,01,01
2021-12-06,2902,N13W75,200,0010,Axx,01,01
2021-12-06,2903,S18W24,149,0010,Bxo,03,02
2021-12-06,2904,S27E45,080,0030,Bxo,04,03
2021-12-07,2904,S27E29,081,0010,Bxo,04,04
2021-12-08,2904,S26E16,081,0010,Bxo,02,03
2021-12-13,2905,S11E44,349,0030,Cro,02,02
2021-12-14,2905,S11E31,349,0020,Cro,04,03
2021-12-14,2906,S29E38,343,0010,Bxo,02,04
2021-12-14,2907,S21E60,320,0010,Bxo,04,03
2021-12-15,2905,S11E16,351,0010,Hrx,01,01
2021-12-15,2906,S29E24,343,0050,Cso,07,04
2021-12-15,2907,S21E49,318,0050,Dsc,07,05
2021-12-16,2905,S11E03,350,0000,Axx,01,01
2021-12-16,2906,S29E09,344,0120,Dao,04,04
2021-12-16,2907,S21E39,314,0260,Dki,08,12
2021-12-16,2908,S21E58,295,0300,Dko,06,06
2021-12-16,2909,S21E70,283,0150,Dao,09,06
2021-12-17,2905,S12W11,351,0010,Axx,01,01
2021-12-17,2906,S29W04,344,0060,Cso,07,09
2021-12-17,2907,S20E26,314,0180,Dai,10,23
2021-12-17,2908,S20E43,297,0210,Dao,08,10
2021-12-17,2909,S21E58,282,0150,Dao,07,05
2021-12-17,2910,N13W16,356,0020,Cro,05,06
2021-12-17,2911,N19E70,270,0020,Cro,05,03
2021-12-18,2906,S29W16,343,0050,Cso,09,07
2021-12-18,2907,S19E12,315,0280,Dhi,10,19
2021-12-18,2908,S20E30,297,0270,Dki,09,18
2021-12-18,2909,S21E42,285,0210,Dso,07,06
2021-12-18,2910,N14W28,355,0030,Cro,04,05
2021-12-18,2911,N19E54,273,0080,Cao,05,04
2021-12-19,2906,S29W30,344,0020,Cro,07,04
2021-12-19,2907,S19W01,315,0310,Dki,10,24
2021-12-19,2908,S19E15,298,0270,Dki,10,15
2021-12-19,2909,S21E29,285,0210,Dao,07,06
2021-12-19,2910,N12W44,356,0010,Bxo,03,02
2021-12-19,2911,N20E39,275,0080,Cao,04,06
2021-12-20,2906,S29W45,345,0020,Hrx,01,01
2021-12-20,2907,S21W14,314,0250,Dki,10,15
2021-12-20,2908,S21E02,298,0240,Eai,12,13
2021-12-20,2909,S21E16,284,0120,Cao,06,04
2021-12-20,2910,N13W53,353,0020,Hsx,02,02
2021-12-20,2911,N20E25,275,0050,Hax,03,03
2021-12-20,2912,S12E64,236,0040,Hsx,01,01
2021-12-21,2906,S29W57,344,0010,Axx,01,01
2021-12-21,2907,S21W26,313,0150,Dai,10,13
2021-12-21,2908,S21W11,298,0100,Cai,09,10
2021-12-21,2909,S21E01,284,0100,Cso,06,05
2021-12-21,2910,N14W65,352,0010,Axx,01,02
2021-12-21,2911,N20E14,273,0020,Hrx,01,02
2021-12-21,2912,S12E52,235,0030,Hsx,01,01
2021-12-21,2913,S28E32,255,0010,Axx,01,01
2021-12-22,2907,S21W38,312,0200,Dai,10,14
2021-12-22,2908,S20W25,299,0100,Dsi,08,18
2021-12-22,2909,S21W12,286,0080,Hax,03,03
2021-12-22,2910,N15W79,353,0020,Cro,03,03
2021-12-22,2911,N20E02,272,0020,Hrx,01,01
2021-12-22,2912,S12E39,235,0030,Hsx,01,01
2021-12-22,2913,S28E19,255,0010,Axx,01,01
2021-12-22,2914,S17E23,251,0010,Bxo,02,02
2021-12-22,2915,N16E36,238,0030,Dso,04,03
2021-12-22,2916,S18E82,192,0100,Hsx,02,01
2021-12-23,2907,S21W50,311,0230,Eai,11,14
2021-12-23,2908,S20W39,300,0100,Dai,07,16
2021-12-23,2909,S21W26,287,0070,Hsx,03,03
2021-12-23,2911,N20W12,273,0010,Axx,01,01
2021-12-23,2912,S12E27,234,0020,Hrx,01,01
2021-12-23,2915,N16E22,239,0030,Dro,05,03
2021-12-23,2916,S17E69,192,0240,Dso,09,03
2021-12-23,2917,S27E30,231,0010,Bxo,02,02
2021-12-23,2918,N20E52,209,0020,Cro,06,04
2021-12-24,2907,S22W65,313,0300,Eki,13,17
2021-12-24,2908,S20W52,300,0100,Cai,08,10
2021-12-24,2909,S21W39,287,0050,Hax,02,02
2021-12-24,2911,N20W25,273,0010,Axx,01,01
2021-12-24,2912,S12E13,235,0010,Hrx,01,01
2021-12-24,2915,N17E10,238,0030,Cro,06,02
2021-12-24,2916,S16E55,193,0190,Dso,07,07
2021-12-24,2917,S27E18,230,0030,Cro,04,07
2021-12-24,2918,N20E38,210,0080,Dao,07,06
2021-12-25,2907,S22W78,313,0280,Ehi,12,15
2021-12-25,2908,S20W66,301,0020,Cro,05,04
2021-12-25,2909,S21W53,288,0020,Hrx,01,01
2021-12-25,2912,S12W00,235,0020,Hrx,01,01
2021-12-25,2915,N16W03,238,0020,Cro,07,03
2021-12-25,2916,S18E42,193,0400,Dhi,07,17
2021-12-25,2917,S27E05,230,0050,Cro,06,09
2021-12-25,2918,N19E24,211,0140,Dai,09,15
2021-12-26,2908,S20W80,302,0050,Hax,02,01
2021-12-26,2912,S13W14,236,0020,Hrx,01,01
2021-12-26,2915,N16W16,238,0010,Axx,01,01
2021-12-26,2916,S18E28,194,0450,Ekc,11,21
2021-12-26,2917,S28W06,228,0020,Cro,07,05
2021-12-26,2918,N19E11,211,0280,Dki,09,17
2021-12-26,2919,S11E59,163,0020,Hsx,01,01
2021-12-27,2912,S13W27,235,0010,Axx,01,01
2021-12-27,2916,S18E14,194,0430,Ekc,12,17
2021-12-27,2918,N19W03,211,0260,Dki,10,17
2021-12-27,2919,S11E45,163,0020,Hrx,01,01
2021-12-27,2920,S17W31,239,0030,Cro,04,09
2021-12-28,2916,S15E06,189,0480,Ekc,13,21
2021-12-28,2918,N21W12,207,0180,Dai,13,15
2021-12-28,2919,S11E40,155,0010,Hrx,01,01
2021-12-28,2920,S16W43,238,0070,Cao,04,08
2021-12-29,2916,S15W08,190,0480,Eki,13,18
2021-12-29,2917,S28W48,230,0010,Axx,05,01
2021-12-29,2918,N21W26,208,0180,Eai,13,15
2021-12-29,2919,S11E26,156,0010,Hrx,01,01
2021-12-29,2920,S16W57,239,0070,Bxo,04,08
2021-12-29,2921,N30W64,246,0110,Dao,06,04
2021-12-30,2916,S17W22,191,0420,Ehi,12,14
2021-12-30,2917,S26W62,231,0010,Axx,01,01
2021-12-30,2918,N19W40,209,0210,Cri,11,10
2021-12-30,2919,S11E12,157,0020,Hrx,01,01
2021-12-30,2921,N29W78,247,0180,Dso,07,03
2021-12-31,2916,S16W36,192,0640,Esi,12,14
2021-12-31,2917,S27W76,232,0010,Axx,01,01
2021-12-31,2918,N22W54,210,0060,Bxi,10,09
2021-12-31,2919,S11W01,157,0040,Hrx,03,01
2021-12-31,2921,N30W92,248,0300,Dso,04,02
2022-01-01,2916,S16W49,192,0420,Ehi,11,08
2022-01-01,2918,N22W67,210,0020,Bxo,08,02
2022-01-01,2919,S12W15,158,0010,Hrx,01,01
2022-01-01,2922,S17E24,119,0030,Cso,03,02
2022-01-02,2916,S18W61,190,0390,Ehi,11,04
2022-01-02,2918,N22W81,210,0010,Bxo,03,02
2022-01-02,2922,S17E11,118,0020,Bxo,02,03
2022-01-02,2923,S30W63,192,0020,Bxo,05,03
2022-01-03,2916,S18W74,190,0320,Eho,11,03
2022-01-03,2922,S17W02,118,0020,Bxo,02,02
2022-01-04,2916,S16W88,192,0140,Dso,09,02
2022-01-05,2924,S32E48,042,0030,Cro,01,02
2022-01-06,2924,S31E34,043,0030,Cao,04,01
2022-01-06,2925,S34E69,008,0240,Dso,03,03
2022-01-07,2924,S31E20,040,0190,Dai,05,12
2022-01-07,2925,S34E55,009,0080,Dso,03,03
2022-01-08,2924,S31E06,039,0430,Ehi,11,14
2022-01-08,2925,S34E41,009,0100,Cso,03,04
2022-01-09,2924,S31W01,038,0430,Ehi,12,08
2022-01-09,2925,S32E31,006,0100,Hsx,02,03
2022-01-10,2924,S31W14,038,0380,Eho,13,04
2022-01-10,2925,S33E19,005,0080,Hsx,02,01
2022-01-10,2927,S20E66,318,0080,Hsx,02,01
2022-01-11,2924,S31W27,038,0350,Eho,13,05
2022-01-11,2925,S33E06,005,0080,Hsx,02,02
2022-01-11,2927,S20E53,318,0100,Hsx,02,01
2022-01-12,2924,S31W40,038,0350,Eho,13,05
2022-01-12,2925,S33W07,005,0080,Hsx,02,02
2022-01-12,2926,N20W35,033,0050,Cso,02,03
2022-01-12,2927,S20E40,318,0080,Hsx,02,01
2022-01-13,2924,S31W53,038,0370,Eho,13,09
2022-01-13,2925,S33W20,005,0080,Hsx,02,01
2022-01-13,2926,N22W48,033,0030,Cro,02,04
2022-01-13,2927,S20E27,318,0080,Hsx,02,01
2022-01-13,2928,S19W02,347,0030,Dso,03,03
2022-01-14,2924,S31W67,038,0390,Eho,15,11
2022-01-14,2925,S33W34,005,0080,Hsx,02,01
2022-01-14,2926,N22W62,033,0030,Cro,02,06
2022-01-14,2927,S20E13,318,0080,Hsx,02,01
2022-01-14,2928,S19W16,347,0070,Dso,04,03
2022-01-14,2929,N08E09,322,0010,Bxo,03,02
2022-01-14,2930,N21E05,326,0010,Bxo,02,04
2022-01-14,2931,N13W27,358,0010,Bxo,02,03
2022-01-15,2924,S29W79,037,0220,Eso,14,04
2022-01-15,2925,S33W45,002,0050,Hsx,02,01
2022-01-15,2926,N19W79,037,0020,Hsx,01,01
2022-01-15,2927,S20E01,317,0050,Hsx,02,01
2022-01-15,2928,S21W28,345,0020,Bxo,04,04
2022-01-15,2929,N08W05,322,0100,Dso,04,07
2022-01-15,2930,N21W07,325,0020,Bxo,04,05
2022-01-15,2931,N13W43,360,0100,Dso,04,09
2022-01-16,2924,S31W93,038,0180,Eso,14,02
2022-01-16,2925,S34W57,002,0050,Hsx,02,01
2022-01-16,2926,N19W93,038,0010,Axx,01,01
2022-01-16,2927,S21W13,318,0050,Cso,09,02
2022-01-16,2929,N08W20,324,0300,Dhi,05,14
2022-01-16,2930,N21W19,323,0100,Dao,04,07
2022-01-16,2931,N13W54,359,0120,Dao,04,05
2022-01-16,2932,N32E60,245,0020,Cro,03,08
2022-01-17,2925,S34W71,002,0040,Hsx,01,01
2022-01-17,2927,S20W25,316,0050,Hsx,01,01
2022-01-17,2929,N08W30,321,0310,Dki,05,11
2022-01-17,2930,N20W28,320,0100,Dso,05,05
2022-01-17,2931,N13W68,359,0090,Cso,05,05
2022-01-17,2932,N31E49,242,0010,Bxo,03,04
2022-01-17,2933,S21E06,286,0060,Cso,03,06
2022-01-18,2925,S35W83,002,0010,Axx,01,01
2022-01-18,2927,S20W39,318,0030,Hsx,01,01
2022-01-18,2929,N07W44,323,0270,Dkc,05,08
2022-01-18,2930,N21W45,324,0170,Dac,07,08
2022-01-18,2931,N13W80,359,0010,Axx,01,01
2022-01-18,2932,N32E34,245,0010,Axx,01,02
2022-01-18,2933,S22W08,287,0080,Dso,05,08
2022-01-19,2927,S20W53,318,0030,Hsx,01,01
2022-01-19,2929,N07W58,323,0260,Dko,05,04
2022-01-19,2930,N21W59,324,0230,Dao,07,06
2022-01-19,2933,S22W22,287,0080,Cso,05,08
2022-01-20,2927,S20W66,318,0030,Hsx,01,01
2022-01-20,2929,N07W71,323,0230,Dao,05,02
2022-01-20,2930,N21W72,324,0210,Dao,07,04
2022-01-20,2933,S22W35,287,0100,Cao,06,10
2022-01-21,2927,S21W79,317,0001,Axx,01,01
2022-01-21,2929,N08W88,325,0080,Dao,06,02
2022-01-21,2930,N22W87,326,0100,Dao,07,02
2022-01-21,2933,S22W49,288,0080,Cao,06,04
2022-01-21,2934,S24E69,170,0090,Hsx,02,01
2022-01-22,2933,S20W63,289,0060,Hax,02,02
2022-01-22,2934,S24E54,172,0140,Hsx,02,01
2022-01-23,2933,S19W77,289,0040,Hsx,01,01
2022-01-23,2934,S25E41,172,0140,Hsx,02,01
2022-01-24,2933,S20W88,287,0050,Hsx,02,01
2022-01-24,2934,S25E28,172,0140,Hsx,02,01
2022-01-25,2934,S25E15,172,0140,Hsx,02,01
2022-01-25,2935,N26E05,181,0030,Cro,03,05
2022-01-26,2934,S25E01,172,0120,Hsx,02,01
2022-01-26,2935,N27W08,181,0030,Cro,03,04
2022-01-26,2936,N14E59,113,0030,Cro,08,05
2022-01-26,2937,S19E15,157,0010,Cro,03,03
2022-01-27,2934,S24W12,171,0100,Hsx,02,01
2022-01-27,2935,N27W21,180,0010,Bxo,06,02
2022-01-27,2936,N15E47,112,0100,Dsi,04,08
2022-01-27,2937,S20E01,158,0090,Dao,05,08
2022-01-27,2938,N18E68,092,0010,Bxo,02,02
2022-01-28,2934,S24W24,170,0120,Hsx,02,01
2022-01-28,2935,N27W28,177,0010,Bxo,09,03
2022-01-28,2936,N16E33,113,0110,Dai,08,18
2022-01-28,2937,S19W13,159,0030,Cro,05,10
2022-01-28,2938,N17E56,090,0010,Bxo,08,03
2022-01-29,2934,S24W35,169,0050,Hsx,02,01
2022-01-29,2935,N28W44,178,0050,Cro,04,03
2022-01-29,2936,N17E23,111,0400,Dkc,09,18
2022-01-29,2937,S19W25,159,0030,Bxo,05,03
2022-01-29,2938,N19E48,086,0010,Bxo,04,02
2022-01-30,2934,S26W49,170,0060,Hsx,02,01
2022-01-30,2935,N27W58,179,0040,Cro,05,04
2022-01-30,2936,N17E05,116,0640,Dkc,10,26
2022-01-30,2937,S20W39,160,0020,Bxo,03,03
2022-01-31,2934,S26W62,169,0070,Hsx,02,01
2022-01-31,2935,N27W72,179,0020,Bxo,03,02
2022-01-31,2936,N17W09,115,0720,Ehc,12,23
2022-01-31,2939,S15E70,037,0120,Cso,05,04
2022-02-01,2934,S25W77,171,0110,Hsx,03,01
2022-02-01,2935,N27W86,180,0010,Bxo,03,03
2022-02-01,2936,N16W22,116,0750,Ehi,12,22
2022-02-01,2938,N18W01,095,0010,Axx,01,02
2022-02-01,2939,S15E62,034,0280,Dho,05,07
2022-02-01,2940,N17E61,034,0160,Cso,04,05
2022-02-02,2934,S23W91,172,0120,Hsx,01,01
2022-02-02,2936,N16W35,116,0670,Eki,11,09
2022-02-02,2938,N18W20,095,0020,Cro,02,03
2022-02-02,2939,S15E47,034,0500,Dho,05,07
2022-02-02,2940,N22E46,035,0410,Dki,05,18
2022-02-03,2936,N17W49,117,0760,Dki,10,12
2022-02-03,2938,N16W29,095,0020,Cro,08,04
2022-02-03,2939,S16E34,028,0300,Dho,06,03
2022-02-03,2940,N18E33,034,0320,Dao,10,16
2022-02-04,2936,N17W62,117,0650,Eki,11,12
2022-02-04,2938,N14W48,103,0010,Hrx,01,01
2022-02-04,2939,S16E22,033,0260,Dho,09,04
2022-02-04,2940,N17E20,035,0180,Cai,10,14
2022-02-04,2941,N25E71,344,0180,Cao,06,03
2022-02-05,2936,N17W75,117,0500,Eko,12,06
2022-02-05,2938,N15W61,103,0030,Cro,06,04
2022-02-05,2939,S16E10,032,0220,Dso,09,04
2022-02-05,2940,N17E07,035,0150,Dai,10,17
2022-02-05,2941,N25E61,341,0280,Eho,12,06
2022-02-06,2936,N17W88,117,0450,Eko,12,06
2022-02-06,2938,N16W71,100,0030,Cro,05,04
2022-02-06,2939,S17W03,032,0200,Cso,06,04
2022-02-06,2940,N17W06,035,0200,Dao,10,18
2022-02-06,2941,N24E48,341,0300,Eho,12,09
2022-02-07,2938,N19W85,100,0030,Bxo,04,04
2022-02-07,2939,S16W20,035,0200,Cso,05,04
2022-02-07,2940,N16W19,034,0200,Dao,10,12
2022-02-07,2941,N24E35,340,0290,Eho,11,10
2022-02-07,2942,S11W62,077,0020,Bxo,03,03
2022-02-08,2939,S16W33,035,0180,Cso,04,05
2022-02-08,2940,N17W32,034,0140,Dao,10,19
2022-02-08,2941,N25E24,338,0220,Eao,14,11
2022-02-08,2942,S12W76,078,0010,Bxo,04,03
2022-02-09,2939,S17W44,032,0160,Cso,04,04
2022-02-09,2940,N17W45,033,0140,Dao,08,09
2022-02-09,2941,N23E10,338,0260,Eki,13,20
2022-02-09,2942,S11W88,077,0010,Axx,00,01
2022-02-09,2943,S19E48,300,0020,Bxo,04,02
2022-02-10,2939,S18W60,035,0180,Cso,04,03
2022-02-10,2940,N16W60,035,0140,Dao,08,09
2022-02-10,2941,N24W05,340,0370,Eki,15,24
2022-02-10,2943,S18E33,302,0010,Axx,04,02
2022-02-11,2939,S17W70,032,0160,Cso,04,03
2022-02-11,2940,N16W71,033,0130,Dao,06,06
2022-02-11,2941,N24W15,337,0370,Eki,15,28
2022-02-11,2944,S26W70,032,0020,Hrx,00,01
2022-02-12,2939,S16W85,035,0120,Hsx,03,01
2022-02-12,2940,N17W82,032,0030,Hrx,01,01
2022-02-12,2941,N24W28,338,0280,Fki,17,12
2022-02-12,2944,S25W84,034,0020,Cro,02,04
2022-02-12,2945,S21W35,345,0030,Cro,04,06
2022-02-12,2946,S09E66,244,0090,Dso,04,02
2022-02-13,2941,N24W40,336,0310,Fki,17,08
2022-02-13,2945,S20W47,343,0030,Cro,06,10
2022-02-13,2946,S08E54,242,0110,Dso,05,06
2022-02-14,2941,N24W54,337,0330,Fki,17,11
2022-02-14,2945,S21W62,345,0020,Bxo,04,04
2022-02-14,2946,S08E39,244,0090,Cso,04,08
2022-02-15,2941,N23W68,338,0320,Eki,13,10
2022-02-15,2943,S23W23,293,0030,Cro,02,04
2022-02-15,2946,S07E24,244,0060,Hsx,01,02
2022-02-15,2947,N12W57,327,0040,Bxo,02,03
2022-02-15,2948,S27E56,214,0080,Dso,05,03
2022-02-16,2941,N24W79,335,0240,Fai,17,12
2022-02-16,2943,S20W37,296,0040,Cso,03,02
2022-02-16,2946,S09E11,245,0050,Hsx,02,03
2022-02-16,2947,N15W71,327,0050,Hsx,09,03
2022-02-16,2948,S27E51,217,0040,Cso,05,03
2022-02-17,2941,N25W83,326,0150,Dao,01,01
2022-02-17,2943,S19W52,295,0020,Cro,05,08
2022-02-17,2946,S09W02,245,0030,Cro,02,05
2022-02-17,2947,N15W78,323,0010,Axx,01,01
2022-02-17,2948,S27E29,214,0080,Dao,07,08
2022-02-17,2949,N25W18,261,0020,Cro,04,05
2022-02-17,2950,N19E46,196,0020,Hrx,00,01
2022-02-17,2951,S24W02,245,0010,Cro,02,02
2022-02-18,2943,S21W66,297,0020,Bxo,07,05
2022-02-18,2946,S10W15,246,0010,Bxo,02,03
2022-02-18,2948,S27E15,216,0100,Cao,08,13
2022-02-18,2949,N24W32,263,0010,Bxo,05,06
2022-02-18,2950,N21E33,198,0020,Hrx,01,01
2022-02-18,2951,S24W15,246,0010,Bxo,05,04
2022-02-18,2952,S24E67,164,0020,Hrx,01,01
2022-02-19,2946,S10W29,246,0010,Bxo,03,03
2022-02-19,2948,S28E01,215,0070,Cao,08,08
2022-02-19,2950,N22E19,198,0010,Axx,01,01
2022-02-19,2952,S24E55,162,0010,Axx,01,01
2022-02-20,2946,S08W42,246,0010,Axx,01,01
2022-02-20,2948,S27W12,216,0050,Cso,08,06
2022-02-20,2952,S24E42,162,0010,Axx,01,01
2022-02-20,2953,N18E37,167,0010,Bxo,05,03
2022-02-21,2948,S27W24,215,0030,Cso,06,04
2022-02-21,2952,S24E29,162,0010,Axx,01,01
2022-02-21,2953,N17E22,169,0020,Bxo,06,03
2022-02-21,2954,N18E72,119,0060,Hsx,02,01
2022-02-22,2952,S23E16,161,0010,Axx,01,01
2022-02-22,2953,N18E09,167,0010,Bxo,05,05
2022-02-22,2954,N17E58,118,0120,Hsx,02,01
2022-02-22,2955,N13E70,106,0050,Hsx,02,01
2022-02-23,2953,N17W05,169,0030,Cro,06,06
2022-02-23,2954,N18E45,118,0100,Hsx,02,01
2022-02-23,2955,N14E56,107,0150,Hsx,02,01
2022-02-24,2953,N17W18,169,0010,Bxo,06,05
2022-02-24,2954,N17E31,119,0110,Hsx,02,01
2022-02-24,2955,N15E44,106,0140,Cso,04,02
2022-02-25,2954,N17E18,119,0070,Hsx,01,01
2022-02-25,2955,N14E30,107,0130,Cso,03,02
2022-02-26,2954,N17E05,120,0070,Hsx,02,01
2022-02-26,2955,N15E17,108,0090,Hsx,02,01
2022-02-27,2954,N17W06,118,0080,Hsx,02,01
2022-02-27,2955,N14E04,108,0100,Hsx,02,01
2022-02-28,2954,N17W20,119,0090,Hsx,02,01
2022-02-28,2955,N15W10,109,0110,Hsx,02,01
2022-02-28,2956,N25E19,080,0010,Axx,01,02
2022-02-28,2957,S13E57,042,0010,Bxo,03,04
2022-03-01,2954,N17W34,119,0070,Hsx,01,01
2022-03-01,2955,N15W25,109,0070,Hsx,02,01
2022-03-01,2956,N25E06,079,0010,Bxo,04,04
2022-03-01,2957,S16E49,035,0010,Bxo,03,06
2022-03-01,2958,N16E50,034,0010,Cro,02,03
2022-03-02,2954,N18W44,116,0070,Hsx,01,01
2022-03-02,2955,N16W34,105,0050,Hsx,01,01
2022-03-02,2956,N27W09,081,0010,Bxo,02,03
2022-03-02,2957,S12E34,037,0030,Cro,03,05
2022-03-02,2958,N18E37,034,0020,Cro,03,02
2022-03-03,2954,N16W58,117,0100,Hsx,01,01
2022-03-03,2955,N15W48,107,0100,Hsx,01,01
2022-03-03,2956,N25W23,082,0010,Axx,02,02
2022-03-03,2957,S15E07,052,0180,Eai,12,10
2022-03-03,2958,N20E24,034,0050,Bxo,02,02
2022-03-04,2954,N17W73,118,0110,Hsx,01,01
2022-03-04,2955,N15W60,106,0100,Hsx,01,01
2022-03-04,2957,S15E13,033,0140,Dso,08,07
2022-03-04,2958,N17E11,035,0060,Bxo,02,02
2022-03-04,2959,S19E23,023,0010,Axx,01,01
2022-03-04,2960,S21E67,339,0110,Dao,05,04
2022-03-04,2961,S13E05,041,0040,Cao,05,06
2022-03-05,2954,N18W86,119,0050,Hsx,01,01
2022-03-05,2955,N17W74,107,0070,Hsx,01,01
2022-03-05,2957,S14W04,037,0230,Dao,11,13
2022-03-05,2960,S21E57,336,0430,Dho,06,05
2022-03-05,2961,S13W15,048,0050,Cao,05,07
2022-03-06,2955,N14W89,109,0060,Hsx,01,01
2022-03-06,2957,S16W18,038,0240,Dai,10,14
2022-03-06,2958,N17W15,035,0020,Bxo,02,03
2022-03-06,2960,S20E45,335,0450,Dki,10,08
2022-03-06,2961,S14W29,049,0030,Cro,06,07
2022-03-06,2962,N26E55,325,0030,Bxo,02,02
2022-03-07,2957,S15W31,038,0200,Eai,11,13
2022-03-07,2958,N17W29,036,0010,Axx,01,01
2022-03-07,2960,S20E31,336,0420,Dhi,10,09
2022-03-07,2961,S14W43,050,0010,Axx,01,01
2022-03-07,2962,N26E43,324,0030,Cro,04,08
2022-03-08,2957,S17W46,039,0120,Dso,10,07
2022-03-08,2960,S21E18,335,0340,Ehi,11,14
2022-03-08,2961,S13W55,048,0010,Bxo,02,03
2022-03-08,2962,N28E30,323,0030,Cro,07,05
2022-03-08,2963,S18W13,006,0010,Bxo,05,05
2022-03-09,2957,S17W57,037,0100,Dso,10,03
2022-03-09,2960,S21E07,333,0320,Ehi,12,14
2022-03-09,2962,N27E18,322,0020,Cro,07,04
2022-03-09,2963,S18W26,006,0010,Bxo,05,04
2022-03-09,2964,S27W30,010,0010,Dro,06,05
2022-03-09,2965,N22E75,265,0020,Dao,04,03
2022-03-10,2957,S16W66,033,0100,Hsx,01,01
2022-03-10,2960,S20W05,332,0400,Eho,11,07
2022-03-10,2962,N27E05,322,0010,Axx,01,01
2022-03-10,2964,S19W41,010,0070,Dso,05,05
2022-03-10,2965,N23E60,267,0330,Eki,15,11
2022-03-10,2966,S23W48,015,0010,Bxo,04,04
2022-03-11,2957,S16W79,033,0090,Hsx,01,01
2022-03-11,2960,S20W18,332,0390,Eho,11,05
2022-03-11,2962,N27W08,322,0010,Axx,01,01
2022-03-11,2964,S28W54,012,0070,Dso,05,05
2022-03-11,2965,N23E47,267,0600,Eki,15,14
2022-03-11,2966,S23W61,017,0010,Bxo,04,04
2022-03-12,2957,S16W92,033,0030,Hsx,01,01
2022-03-12,2960,S20W31,332,0380,Dho,09,02
2022-03-12,2964,S28W68,009,0060,Dso,10,09
2022-03-12,2965,N23E34,267,0600,Eki,15,15
2022-03-12,2966,S23W75,016,0010,Bxo,04,04
2022-03-13,2960,S20W45,333,0320,Cho,08,02
2022-03-13,2964,S27W81,009,0060,Dso,09,05
2022-03-13,2965,N23E22,266,0620,Fki,17,34
2022-03-13,2966,S23W89,017,0010,Axx,01,01
2022-03-13,2967,N17E60,228,0030,Hsx,01,01
2022-03-14,2960,S20W61,335,0300,Cho,07,02
2022-03-14,2965,N24E09,265,0600,Fki,17,20
2022-03-14,2967,N17E46,228,0030,Hsx,01,01
2022-03-14,2968,S21E43,231,0010,Axx,01,01
2022-03-15,2960,S20W75,336,0130,Hsx,02,01
2022-03-15,2965,N24W03,264,0500,Fki,17,25
2022-03-15,2967,N17E33,228,0030,Hsx,01,01
2022-03-15,2969,S19W24,285,0000,Axx,00,01
2022-03-15,2970,S23E19,242,0010,Bxo,04,04
2022-03-16,2960,S20W89,337,0150,Hsx,02,01
2022-03-16,2965,N24W17,265,0310,Fai,18,25
2022-03-16,2967,N18E19,229,0020,Hrx,01,01
2022-03-16,2970,S23E04,244,0010,Bxo,04,04
2022-03-17,2965,N24W30,265,0270,Fai,19,20
2022-03-17,2967,N18E05,230,0020,Hrx,01,01
2022-03-18,2965,N24W44,266,0230,Fao,19,08
2022-03-18,2967,N17W09,231,0020,Hrx,01,01
2022-03-18,2968,S23W20,242,0010,Axx,01,02
2022-03-18,2971,N17E42,180,0020,Bxo,02,02
2022-03-19,2965,N25W55,264,0220,Fao,17,06
2022-03-19,2967,N17W22,231,0010,Axx,01,01
2022-03-20,2965,N26W68,263,0170,Cao,17,04
2022-03-20,2972,S28E17,178,0020,Bxo,04,05
2022-03-21,2965,N26W82,264,0040,Cao,05,02
2022-03-21,2972,S27E04,178,0040,Bxo,04,04
2022-03-21,2973,N19E45,137,0040,Bxo,05,04
2022-03-22,2972,S27W09,177,0040,Dso,05,08
2022-03-22,2973,N19E33,134,0020,Bxo,04,02
2022-03-23,2972,S27W22,177,0040,Cso,07,07
2022-03-23,2974,S17E61,094,0060,Cso,04,02
2022-03-24,2974,S18E54,090,0090,Cso,06,02
2022-03-24,2975,N13E63,078,0160,Dao,11,05
2022-03-25,2974,S19E39,090,0060,Cso,03,03
2022-03-25,2975,N14E55,075,0160,Cao,09,05
2022-03-25,2976,N15E64,066,0400,Dho,09,06
2022-03-26,2974,S19E25,091,0030,Cro,04,02
2022-03-26,2975,N12E39,077,0160,Eso,12,05
2022-03-26,2976,N16E47,068,0450,Eho,12,13
2022-03-27,2974,S19E11,092,0020,Hrx,01,02
2022-03-27,2975,N12E20,087,0040,Hsx,03,03
2022-03-27,2976,N20E27,075,0530,Eho,15,13
2022-03-28,2974,S19W02,092,0010,Axx,01,01
2022-03-28,2975,N12E05,085,0050,Csi,09,22
2022-03-28,2976,N16E22,068,0500,Eho,14,15
2022-03-28,2977,N21W11,100,0040,Dro,06,08
2022-03-28,2978,S15E75,014,0180,Hsx,02,01
2022-03-29,2974,S19W16,093,0010,Axx,01,01
2022-03-29,2975,N13W12,089,0210,Dac,10,26
2022-03-29,2976,N16E08,069,0480,Eho,13,10
2022-03-29,2977,N21W25,102,0040,Bxo,05,08
2022-03-29,2978,S17E68,009,0210,Eso,12,04
2022-03-29,2979,S21E10,067,0020,Bxo,03,04
2022-03-29,2980,N08W28,105,0010,Bxo,02,02
2022-03-30,2974,S19W27,090,0000,Axx,00,01
2022-03-30,2975,N13W25,087,0300,Dhc,10,30
2022-03-30,2976,N14W03,066,0500,Eko,13,09
2022-03-30,2977,N18W36,099,0010,Axx,06,01
2022-03-30,2978,S20E56,006,0310,Dho,10,08
2022-03-30,2979,S22W06,068,0030,Axx,05,02
2022-03-30,2980,N08W42,104,0010,Bxo,02,03
2022-03-31,2975,N13W38,088,0330,Dkc,10,20
2022-03-31,2976,N15W18,068,0550,Eko,13,04
2022-03-31,2978,S19E39,011,0670,Eko,12,08
2022-03-31,2980,N04W53,102,0010,Bxo,01,01
2022-04-01,2975,N13W52,089,0330,Dkc,10,20
2022-04-01,2976,N16W31,067,0410,Eko,12,06
2022-04-01,2978,S18E28,008,0400,Eho,11,07
2022-04-01,2981,S26E31,005,0030,Dri,04,11
2022-04-02,2975,N13W66,090,0300,Ekc,11,24
2022-04-02,2976,N16W45,069,0410,Eko,13,06
2022-04-02,2978,S18E14,010,0410,Eki,14,09
2022-04-02,2981,S26E18,006,0080,Dri,07,19
2022-04-02,2982,S19E47,337,0020,Hrx,01,01
2022-04-03,2975,N15W78,088,0260,Ekc,11,09
2022-04-03,2976,N18W58,068,0330,Eho,14,04
2022-04-03,2978,S18E03,007,0420,Chi,16,11
2022-04-03,2981,S25E06,004,0080,Cri,09,17
2022-04-03,2982,S19E34,337,0020,Axx,01,01
2022-04-03,2983,N20E42,328,0040,Hsx,02,02
2022-04-03,2984,N12W69,080,0030,Dro,03,04
2022-04-04,2975,N15W91,088,0260,Ekc,11,08
2022-04-04,2976,N20W78,074,0310,Hhx,05,02
2022-04-04,2978,S18W10,007,0440,Chi,14,14
2022-04-04,2981,S25W07,004,0120,Cri,10,16
2022-04-04,2982,S19E21,336,0010,Axx,01,01
2022-04-04,2983,N23E28,329,0030,Hrx,02,03
2022-04-04,2984,N12W83,080,0030,Dro,03,02
2022-04-04,2985,S20E68,289,0030,Hsx,02,03
2022-04-05,2976,N14W91,075,0280,Hhx,03,01
2022-04-05,2978,S18W24,008,0370,Ehi,14,12
2022-04-05,2981,S26W21,005,0110,Cro,10,08
2022-04-05,2982,S20E10,334,0040,Bxo,04,02
2022-04-05,2983,N24E15,329,0030,Hrx,03,01
2022-04-05,2985,S20E55,289,0030,Hax,01,02
2022-04-06,2978,S17W37,008,0350,Ehi,13,15
2022-04-06,2981,S25W35,006,0050,Cro,10,06
2022-04-06,2983,N24E04,327,0020,Hrx,01,01
2022-04-06,2985,S20E42,289,0050,Hax,02,02
2022-04-06,2986,N16W50,021,0010,Axx,01,01
2022-04-07,2978,S16W51,009,0290,Ehi,12,13
2022-04-07,2981,S22W49,007,0040,Bxo,05,05
2022-04-07,2983,N24W10,328,0010,Axx,01,01
2022-04-07,2985,S20E29,289,0040,Hrx,02,02
2022-04-08,2978,S18W64,009,0260,Cho,11,05
2022-04-08,2981,S25W63,008,0020,Bxo,03,03
2022-04-08,2985,S20E16,289,0030,Cro,04,03
2022-04-08,2987,S30E43,262,0010,Axx,01,01
2022-04-09,2978,S19W78,008,0250,Cho,10,03
2022-04-09,2981,S23W78,010,0020,Cao,05,04
2022-04-09,2983,N21W47,337,0030,Cro,03,04
2022-04-09,2985,S20E02,290,0030,Cro,03,04
2022-04-10,2978,S17W95,013,0060,Hsx,02,01
2022-04-10,2983,N21W62,340,0030,Bxo,01,03
2022-04-10,2985,S20W11,289,0020,Bxo,02,03
2022-04-11,2983,N21W73,338,0040,Bxo,03,03
2022-04-12,2983,N20W83,335,0010,Axx,01,01
2022-04-12,2988,N15E49,202,0010,Bxo,01,03
2022-04-13,2988,N16E37,202,0010,Bxo,01,02
2022-04-13,2989,N19E73,166,0010,Axx,00,01
2022-04-14,2988,N14E22,204,0010,Axx,04,01
2022-04-14,2989,N18E60,166,0030,Bxo,01,03
2022-04-14,2990,N16E47,179,0020,Bxo,03,03
2022-04-15,2989,N18E45,167,0020,Hrx,01,01
2022-04-15,2990,N16E32,180,0040,Dao,06,05
2022-04-15,2991,S24E63,149,0060,Hsx,02,01
2022-04-16,2989,N18E32,167,0030,Hrx,01,01
2022-04-16,2990,N16E19,180,0070,Dao,06,03
2022-04-16,2991,S24E51,148,0060,Hsx,02,01
2022-04-17,2989,N18E19,167,0020,Bxo,01,02
2022-04-17,2990,N16E07,178,0060,Dao,06,04
2022-04-17,2991,S24E39,147,0060,Hax,02,01
2022-04-17,2992,S31W62,248,0040,Cao,05,04
2022-04-17,2993,N22E75,111,0300,Cho,08,06
2022-04-17,2994,N14E75,111,0250,Hhx,05,01
2022-04-18,2990,N16W07,179,0060,Dao,06,05
2022-04-18,2991,S24E26,146,0050,Hax,02,01
2022-04-18,2992,S31W76,248,0110,Dao,06,05
2022-04-18,2993,N21E61,111,0400,Dho,09,08
2022-04-18,2994,N13E66,106,0350,Eho,12,05
2022-04-19,2990,N16W31,190,0030,Bxo,03,06
2022-04-19,2991,S24E12,147,0050,Hax,01,01
2022-04-19,2992,S28W85,244,0300,Dao,03,03
2022-04-19,2993,N18E51,108,0560,Dhi,07,12
2022-04-19,2994,N13E53,107,0450,Eko,12,07
2022-04-20,2991,S23W01,147,0030,Hsx,01,01
2022-04-20,2993,N19E36,109,0680,Ehi,12,19
2022-04-20,2994,N14E40,106,0930,Eko,13,07
2022-04-20,2995,N13E69,076,0180,Hsx,02,01
2022-04-21,2991,S23W15,148,0010,Hsx,01,01
2022-04-21,2993,N20E24,109,0490,Dhi,10,19
2022-04-21,2994,N14E25,107,0610,Dko,08,08
2022-04-21,2995,N14E56,076,0240,Hsx,03,01
2022-04-21,2996,N23E65,067,0050,Hsx,02,01
2022-04-22,2991,S21W20,139,0030,Cro,03,06
2022-04-22,2993,N22E08,111,0600,Fkc,19,35
2022-04-22,2994,N15E15,104,0770,Ekc,12,22
2022-04-22,2995,N16E44,075,0260,Cho,08,03
2022-04-22,2996,N25E56,064,0100,Cao,07,03
2022-04-23,2991,S22W33,140,0030,Cro,04,05
2022-04-23,2993,N19W04,110,0500,Ekc,11,18
2022-04-23,2994,N14W00,105,0700,Eki,12,19
2022-04-23,2995,N14E29,076,0270,Cho,07,05
2022-04-23,2996,N25E40,066,0090,Cao,04,04
2022-04-24,2991,S23W51,144,0010,Axx,02,02
2022-04-24,2993,N19W18,111,0360,Dkc,08,10
2022-04-24,2994,N14W12,105,0580,Eki,12,22
2022-04-24,2995,N15E18,074,0280,Cho,09,07
2022-04-24,2996,N25E27,065,0070,Cao,02,03
2022-04-24,2997,N14E63,030,0010,Bxo,04,03
2022-04-24,2998,S19E13,080,0120,Hsx,02,01
2022-04-25,2991,S23W63,143,0010,Axx,00,01
2022-04-25,2993,N19W32,111,0440,Dkc,07,11
2022-04-25,2994,N14W27,107,0650,Eki,12,20
2022-04-25,2995,N15E02,077,0290,Hhx,04,03
2022-04-25,2996,N26E15,064,0080,Cao,02,02
2022-04-25,2997,N13E49,031,0010,Bxo,06,04
2022-04-25,2998,S19W01,081,0120,Hax,02,01
2022-04-26,2993,N19W45,111,0200,Cao,05,07
2022-04-26,2994,N14W39,105,0670,Eko,11,12
2022-04-26,2995,N13W09,075,0210,Hsx,06,04
2022-04-26,2996,N24E03,063,0030,Cro,05,05
2022-04-26,2997,N11E34,031,0030,Cro,09,05
2022-04-26,2999,S20E49,017,0180,Hax,03,01
2022-04-27,2993,N20W56,109,0230,Cso,10,09
2022-04-27,2994,N16W54,107,0430,Eko,11,16
2022-04-27,2995,N14W24,078,0170,Hsx,02,02
2022-04-27,2996,N25W11,064,0010,Bxo,05,07
2022-04-27,2997,N12E22,031,0030,Cro,09,07
2022-04-27,2999,S20E37,016,0140,Hax,04,03
2022-04-27,3000,S16E71,342,0050,Hsx,01,01
2022-04-27,3001,S29E68,345,0110,Hsx,02,01
2022-04-28,2993,N20W71,111,0180,Hax,06,03
2022-04-28,2994,N15W66,107,0320,Eko,13,11
2022-04-28,2995,N14W38,078,0120,Hsx,03,01
2022-04-28,2997,N12E13,027,0030,Cro,12,04
2022-04-28,2999,S20E23,018,0100,Hax,04,04
2022-04-28,3000,S16E56,344,0040,Hsx,02,01
2022-04-28,3001,S26E58,343,0120,Hsx,04,01
2022-04-29,2993,N20W85,112,0080,Hax,05,03
2022-04-29,2994,N14W79,106,0300,Eko,13,10
2022-04-29,2995,N14W52,079,0130,Cso,05,11
2022-04-29,2997,N12W04,031,0020,Cro,12,04
2022-04-29,2999,S20E12,015,0110,Hsx,07,06
2022-04-29,3000,S17E44,343,0020,Hrx,01,02
2022-04-29,3001,S32E48,339,0130,Hsx,02,01
2022-04-29,3002,N13E25,357,0010,Axx,02,01
2022-04-30,2994,N15W92,106,0030,Hax,01,01
2022-04-30,2995,N14W66,080,0130,Hsx,02,01
2022-04-30,2997,N12W19,033,0020,Bxo,10,07
2022-04-30,2999,S21W00,014,0120,Cso,10,06
2022-04-30,3000,S17E31,343,0010,Hrx,02,02
2022-04-30,3001,S32E35,339,0120,Hax,02,01
2022-04-30,3003,S23E50,324,0020,Bxo,02,02
2022-05-01,2995,N15W79,080,0130,Hsx,02,01
2022-05-01,2997,N12W32,033,0010,Bxo,10,03
2022-05-01,2999,S21W13,014,0130,Cso,05,05
2022-05-01,3001,S32E22,339,0120,Hsx,02,01
2022-05-02,2995,N15W93,081,0090,Hsx,02,01
2022-05-02,2999,S20W27,014,0080,Hax,06,03
2022-05-02,3001,S32E09,339,0110,Hax,02,02
2022-05-03,2997,N12W58,033,0010,Bxo,04,03
2022-05-03,2999,S19W41,016,0070,Hsx,02,02
2022-05-03,3001,S32E01,334,0110,Hsx,07,02
2022-05-03,3004,S16E12,323,0030,Bxo,06,09
2022-05-03,3005,N20E05,330,0020,Bxo,03,03
2022-05-04,2999,S20W54,015,0090,Hsx,01,01
2022-05-04,3001,S31W14,335,0080,Hsx,02,01
2022-05-04,3004,S15W02,322,0100,Csi,07,21
2022-05-05,2999,S21W67,015,0090,Hsx,01,01
2022-05-05,3001,S32W27,335,0090,Hsx,01,01
2022-05-05,3004,S16W17,325,0300,Dkc,09,18
2022-05-05,3006,S27E62,246,0050,Cro,06,04
2022-05-06,2999,S21W80,015,0070,Hsx,01,01
2022-05-06,3001,S32W40,335,0090,Hsx,02,01
2022-05-06,3003,S24W27,322,0010,Bxo,02,03
2022-05-06,3004,S16W29,324,0500,Dkc,09,26
2022-05-06,3006,S29E50,245,0050,Cao,09,04
2022-05-07,3001,S32W53,335,0090,Hsx,02,01
2022-05-07,3004,S16W42,324,0490,Dkc,09,25
2022-05-07,3006,S29E37,245,0070,Cao,09,08
2022-05-08,3001,S32W67,335,0090,Hsx,02,01
2022-05-08,3004,S16W56,324,0490,Dkc,09,25
2022-05-08,3006,S29E23,245,0080,Cao,09,10
2022-05-09,3001,S32W80,335,0090,Hsx,02,01
2022-05-09,3004,S16W69,324,0480,Dkc,08,22
2022-05-09,3005,N20W76,331,0030,Cao,03,03
2022-05-09,3006,S29E10,245,0080,Cao,09,10
2022-05-09,3007,S23E64,190,0060,Cao,05,03
2022-05-10,3001,S32W90,332,0060,Hsx,01,01
2022-05-10,3004,S13W85,326,0180,Hsx,04,01
2022-05-10,3005,N20W90,332,0000,Axx,00,01
2022-05-10,3006,S31E04,238,0050,Cso,12,10
2022-05-10,3007,S24E58,184,0160,Dso,13,08
2022-05-11,3006,S30W07,235,0180,Eai,14,22
2022-05-11,3007,S24E45,184,0240,Esi,14,20
2022-05-12,3006,S31W20,235,0130,Eao,14,19
2022-05-12,3007,S24E32,184,0300,Ehc,15,20
2022-05-12,3008,N16E34,182,0010,Bxo,03,02
2022-05-12,3009,N14W21,237,0010,Bxo,03,03
2022-05-13,3006,S31W33,235,0140,Eao,14,20
2022-05-13,3007,S24E18,184,0350,Ekc,15,30
2022-05-13,3008,N16E20,182,0030,Cao,04,05
2022-05-13,3009,N14W35,237,0030,Cao,04,06
2022-05-13,3010,S13E71,131,0030,Hsx,02,01
2022-05-14,3006,S31W46,235,0120,Eao,14,18
2022-05-14,3007,S24E05,184,0330,Ekc,11,28
2022-05-14,3008,N16E07,182,0030,Cao,05,04
2022-05-14,3010,S15E61,128,0090,Dso,08,05
2022-05-14,3011,N16E66,123,0030,Cro,06,03
2022-05-14,3012,S19E01,188,0010,Bxo,03,02
2022-05-15,3006,S31W59,235,0010,Bxo,07,08
2022-05-15,3007,S24W08,184,0340,Ekc,12,30
2022-05-15,3010,S15E48,128,0190,Dso,09,12
2022-05-15,3011,N16E53,123,0030,Cro,04,02
2022-05-15,3013,S28E29,147,0010,Bxo,02,03
2022-05-16,3006,S31W72,235,0010,Bxo,07,03
2022-05-16,3007,S24W21,184,0340,Ekc,12,30
2022-05-16,3010,S15E35,128,0190,Dso,09,12
2022-05-16,3011,N16E40,123,0010,Bxo,05,02
2022-05-16,3013,S28E16,147,0010,Axx,01,01
2022-05-16,3014,N21E53,110,0100,Cao,05,07
2022-05-16,3015,N14E55,108,0060,Dao,04,04
2022-05-17,3007,S23W35,184,0320,Ekc,14,36
2022-05-17,3010,S16E24,125,0100,Cso,14,23
2022-05-17,3011,N16E25,124,0010,Bxo,05,03
2022-05-17,3013,S27E03,146,0000,Axx,03,02
2022-05-17,3014,N22E44,105,0140,Dac,10,13
2022-05-17,3015,N13E42,107,0110,Hsx,05,07
2022-05-17,3016,S18E73,076,0100,Hsx,02,03
2022-05-17,3017,N14E66,084,0020,Cro,06,06
2022-05-18,3007,S23W48,184,0170,Esi,13,18
2022-05-18,3010,S15E10,126,0060,Cso,15,19
2022-05-18,3011,N18E08,128,0000,Axx,00,01
2022-05-18,3014,N22E31,105,0220,Dac,10,18
2022-05-18,3015,N13E28,108,0090,Hsx,05,05
2022-05-18,3016,S18E62,074,0100,Dso,09,03
2022-05-18,3017,N14E52,084,0020,Cro,06,04
2022-05-18,3018,S12E54,082,0020,Cro,03,05
2022-05-19,3007,S22W61,184,0120,Cso,11,10
2022-05-19,3010,S15W04,127,0070,Cso,14,20
2022-05-19,3014,N21E17,106,0850,Ekc,11,30
2022-05-19,3015,N13E14,109,0100,Hsx,05,05
2022-05-19,3016,S19E49,074,0180,Dao,09,06
2022-05-19,3017,N14E40,082,0020,Cro,09,02
2022-05-19,3018,S11E41,082,0010,Axx,02,04
2022-05-20,3007,S22W75,185,0110,Hsx,05,04
2022-05-20,3010,S16W18,128,0050,Cso,11,16
2022-05-20,3014,N22E04,106,1100,Ekc,11,30
2022-05-20,3015,N14E01,109,0050,Hsx,04,05
2022-05-20,3016,S19E35,075,0140,Eao,11,04
2022-05-20,3017,N13E27,083,0030,Cro,10,09
2022-05-20,3018,S11E26,084,0000,Axx,01,03
2022-05-20,3019,N11E69,041,0020,Cro,04,03
2022-05-21,3007,S22W89,185,0020,Hsx,02,01
2022-05-21,3010,S14W31,127,0050,Cro,10,09
2022-05-21,3014,N24W09,105,1190,Dkc,10,12
2022-05-21,3015,N14W13,109,0020,Cso,01,02
2022-05-21,3016,S19E21,075,0070,Dao,09,05
2022-05-21,3017,N14E14,082,0030,Cro,06,06
2022-05-21,3019,N11E55,041,0020,Cro,02,04
2022-05-22,3010,S14W44,127,0020,Cro,06,09
2022-05-22,3011,N15W47,130,0030,Cao,03,03
2022-05-22,3014,N22W24,107,0940,Ekc,11,14
2022-05-22,3015,N14W25,108,0010,Hsx,01,01
2022-05-22,3016,S19E09,074,0040,Cao,07,02
2022-05-22,3017,N14W00,083,0030,Cro,07,07
2022-05-22,3019,N11E41,042,0030,Cro,06,04
2022-05-23,3010,S18W58,128,0010,Bxo,06,02
2022-05-23,3011,N15W61,131,0010,Axx,01,01
2022-05-23,3014,N22W38,108,0890,Ekc,11,18
2022-05-23,3015,N14W39,109,0010,Hsx,01,01
2022-05-23,3016,S19W07,077,0020,Cao,07,04
2022-05-23,3017,N14W14,084,0040,Cro,10,13
2022-05-23,3019,N11E27,043,0020,Cro,04,04
2022-05-23,3020,S20E58,012,0020,Hsx,02,01
2022-05-23,3021,N14E67,002,0020,Cro,03,04
2022-05-24,3010,S17W72,129,0010,Bxo,06,03
2022-05-24,3011,N16W74,131,0020,Cro,03,03
2022-05-24,3014,N22W50,107,0800,Ekc,13,18
2022-05-24,3016,S17W20,077,0010,Bxo,07,04
2022-05-24,3017,N13W28,085,0130,Dai,10,13
2022-05-24,3019,N12E17,040,0010,Bxo,04,04
2022-05-24,3020,S21E44,013,0040,Hsx,01,01
2022-05-24,3021,N14E54,003,0030,Dro,06,06
2022-05-25,3010,S17W86,130,0000,Bxo,06,03
2022-05-25,3011,N18W88,132,0010,Cro,03,03
2022-05-25,3014,N22W62,106,0720,Dkc,10,16
2022-05-25,3016,S18W33,077,0010,Axx,01,01
2022-05-25,3017,N13W42,086,0120,Eso,12,09
2022-05-25,3019,N14E05,039,0010,Axx,03,04
2022-05-25,3020,S21E31,013,0030,Hsx,01,01
2022-05-25,3021,N13E40,004,0010,Bxo,05,05
2022-05-25,3022,S08E57,347,0010,Bxo,03,05
2022-05-26,3014,N22W74,104,0550,Dkc,10,10
2022-05-26,3017,N12W57,087,0110,Dso,08,04
2022-05-26,3020,S21E18,012,0030,Hsx,01,01
2022-05-26,3021,N13E28,002,0010,Bxo,04,04
2022-05-26,3022,S08E43,347,0000,Axx,00,01
2022-05-26,3023,S13E65,325,0120,Hsx,03,02
2022-05-26,3024,S33E68,322,0050,Hsx,01,01
2022-05-27,3014,N22W87,104,0270,Dkc,08,06
2022-05-27,3017,N12W71,088,0110,Dso,08,04
2022-05-27,3019,N14W22,039,0000,Axx,01,01
2022-05-27,3020,S21E05,012,0020,Hsx,01,01
2022-05-27,3021,N12E14,003,0010,Bxo,02,02
2022-05-27,3023,S14E50,327,0180,Hax,03,02
2022-05-27,3024,S33E54,323,0080,Hsx,02,01
2022-05-28,3017,N12W85,089,0010,Axx,01,01
2022-05-28,3019,N14W36,040,0000,Axx,01,01
2022-05-28,3020,S21W09,013,0020,Hrx,01,01
2022-05-28,3021,N13E02,003,0010,Bxo,03,03
2022-05-28,3023,S14E38,326,0120,Hax,03,02
2022-05-28,3024,S33E43,321,0060,Hsx,02,01
2022-05-29,3021,N13W10,001,0000,Axx,00,01
2022-05-29,3023,S13E25,325,0110,Hax,03,02
2022-05-29,3024,S33E31,320,0070,Hsx,02,01
2022-05-30,3023,S12E12,325,0110,Hax,03,03
2022-05-30,3024,S33E18,319,0060,Hsx,01,01
2022-05-30,3025,N28W53,030,0030,Cro,05,08
2022-05-31,3023,S13W01,324,0130,Hax,03,02
2022-05-31,3024,S33E05,318,0040,Hsx,01,01
2022-05-31,3025,N27W63,027,0150,Dso,05,07
2022-06-01,3023,S13W14,324,0110,Hax,02,02
2022-06-01,3024,S33W07,317,0040,Hsx,01,01
2022-06-01,3025,N27W75,026,0120,Dao,05,06
2022-06-02,3023,S14W27,324,0120,Hax,02,02
2022-06-02,3024,S33W19,316,0070,Hsx,01,01
2022-06-02,3026,N16W36,333,0100,Dsi,05,11
2022-06-02,3027,S17E03,294,0040,Dso,04,05
2022-06-03,3023,S14W41,325,0110,Hsx,02,02
2022-06-03,3024,S33W31,316,0060,Hsx,01,01
2022-06-03,3026,N15W49,333,0190,Dao,07,13
2022-06-03,3027,S17W10,294,0070,Dso,05,03
2022-06-04,3023,S13W54,325,0110,Hsx,02,02
2022-06-04,3024,S33W44,315,0070,Cso,03,04
2022-06-04,3026,N16W63,334,0190,Cso,07,04
2022-06-04,3027,S16W23,294,0060,Dao,05,02
2022-06-05,3023,S14W67,325,0110,Hsx,03,02
2022-06-05,3024,S35W57,315,0060,Cso,03,04
2022-06-05,3026,N16W80,337,0160,Cso,07,04
2022-06-05,3027,S17W39,297,0070,Dao,05,03
2022-06-05,3028,N14E52,206,0010,Axx,01,01
2022-06-05,3029,S18E59,199,0010,Axx,01,01
2022-06-06,3023,S14W80,324,0080,Hsx,03,02
2022-06-06,3024,S35W68,313,0060,Hsx,02,01
2022-06-06,3026,N15W93,338,0080,Hsx,06,01
2022-06-06,3027,S17W50,295,0030,Cro,04,02
2022-06-06,3029,S17E48,197,0010,Axx,01,01
2022-06-07,3023,S14W93,324,0060,Hsx,02,01
2022-06-07,3024,S34W82,313,0040,Hsx,01,01
2022-06-07,3027,S17W66,297,0030,Cro,04,02
2022-06-07,3029,S17E34,197,0010,Axx,01,01
2022-06-08,3027,S17W78,296,0020,Bxo,03,02
2022-06-08,3029,S18E20,198,0010,Axx,01,01
2022-06-10,3029,S17W12,204,0070,Dao,04,07
2022-06-11,3029,S17W26,205,0030,Bxo,04,08
2022-06-11,3030,N20E65,114,0140,Eao,15,05
2022-06-12,3029,S17W39,204,0020,Bxo,02,02
2022-06-12,3030,N20E52,113,0180,Eao,15,07
2022-06-12,3031,S27E36,129,0030,Cro,03,02
2022-06-13,3030,N20E35,117,0040,Dao,09,09
2022-06-13,3031,S27E23,129,0030,Cro,08,05
2022-06-13,3032,N21E46,106,0090,Dai,04,05
2022-06-13,3033,N17E64,088,0030,Bxo,03,04
2022-06-14,3030,N20E21,118,0040,Dao,10,05
2022-06-14,3031,S27E09,129,0020,Cro,09,10
2022-06-14,3032,N21E33,106,0180,Dai,06,09
2022-06-14,3033,N17E52,087,0050,Dso,05,07
2022-06-14,3034,N01E69,068,0110,Dso,05,03
2022-06-14,3035,S18E68,069,0080,Dso,02,02
2022-06-15,3030,N20E09,117,0040,Dao,10,07
2022-06-15,3031,S27W04,131,0160,Dai,10,15
2022-06-15,3032,N21E19,107,0120,Dso,06,07
2022-06-15,3033,N17E39,087,0070,Dao,06,12
2022-06-15,3034,N01E55,069,0070,Cso,06,02
2022-06-15,3035,S18E54,072,0050,Cso,08,04
2022-06-15,3036,S12W56,180,0050,Dso,05,04
2022-06-16,3030,N19W03,115,0060,Dai,10,13
2022-06-16,3031,S26W18,130,0240,Eai,13,26
2022-06-16,3032,N20E08,104,0100,Cso,04,04
2022-06-16,3033,N17E28,084,0120,Dai,10,13
2022-06-16,3034,N01E41,071,0100,Hsx,02,01
2022-06-16,3035,S18E42,070,0070,Cso,08,05
2022-06-16,3036,S12W69,181,0100,Dso,09,05
2022-06-16,3037,S20W28,140,0020,Cro,03,02
2022-06-17,3030,N19W17,116,0120,Dai,10,13
2022-06-17,3031,S25W30,129,0180,Esi,13,20
2022-06-17,3032,N21W07,106,0080,Hsx,04,03
2022-06-17,3033,N18E15,083,0050,Dao,08,08
2022-06-17,3034,N01E27,072,0090,Hsx,02,01
2022-06-17,3035,S18E29,070,0100,Cao,08,09
2022-06-17,3036,S12W80,178,0060,Dso,10,04
2022-06-17,3037,S21W41,140,0040,Dso,07,08
2022-06-17,3038,N12E54,045,0010,Cro,08,03
2022-06-18,3030,N17W33,118,0080,Dai,07,17
2022-06-18,3031,S27W44,130,0140,Esi,12,15
2022-06-18,3032,N20W20,105,0070,Cso,05,02
2022-06-18,3033,N16W00,085,0020,Cro,06,06
2022-06-18,3034,N01E12,072,0060,Cso,03,01
2022-06-18,3035,S18E15,069,0020,Bxo,08,11
2022-06-18,3037,S21W55,140,0060,Csi,06,13
2022-06-18,3038,N15E35,050,0060,Dro,07,07
2022-06-19,3030,N18W47,119,0200,Dai,07,18
2022-06-19,3031,S27W57,130,0120,Esi,15,08
2022-06-19,3032,N19W33,105,0100,Cso,05,02
2022-06-19,3033,N16W14,087,0010,Axx,02,03
2022-06-19,3034,N01W00,072,0060,Hsx,01,01
2022-06-19,3035,S18E01,071,0020,Bxo,08,05
2022-06-19,3037,S21W68,140,0030,Cro,05,04
2022-06-19,3038,N15E19,052,0080,Cai,06,11
2022-06-19,3039,N13W68,139,0020,Cro,04,03
2022-06-20,3030,N18W58,117,0230,Dai,09,17
2022-06-20,3031,S25W72,131,0110,Dao,04,04
2022-06-20,3032,N20W48,107,0160,Hsx,02,02
2022-06-20,3034,N01W13,072,0100,Hsx,01,01
2022-06-20,3035,S18W12,071,0030,Cro,08,07
2022-06-20,3037,S19W83,142,0030,Cro,03,02
2022-06-20,3038,N15E06,053,0140,Dai,09,17
2022-06-21,3030,N18W72,118,0230,Dai,09,17
2022-06-21,3031,S26W86,132,0030,Cao,04,04
2022-06-21,3032,N20W62,108,0140,Hsx,02,01
2022-06-21,3034,N01W26,072,0100,Hsx,01,01
2022-06-21,3035,S18W26,072,0020,Bxo,08,05
2022-06-21,3038,N15W07,053,0280,Dki,10,24
2022-06-22,3030,N18W84,116,0220,Dai,08,04
2022-06-22,3032,N20W74,106,0100,Hsx,02,01
2022-06-22,3034,S00W40,072,0060,Hsx,01,01
2022-06-22,3035,S18W40,072,0010,Bxo,03,04
2022-06-22,3038,N14W21,053,0430,Ehc,11,33
2022-06-22,3040,S13E68,324,0060,Hsx,02,01
2022-06-23,3032,N20W87,106,0050,Hsx,01,01
2022-06-23,3034,N01W53,072,0050,Hsx,01,01
2022-06-23,3035,S18W49,069,0050,Dso,05,04
2022-06-23,3038,N15W34,053,0480,Eki,12,21
2022-06-23,3040,S13E55,325,0140,Cso,05,03
2022-06-24,3034,N01W67,073,0050,Hsx,01,01
2022-06-24,3035,S17W66,072,0030,Cro,02,03
2022-06-24,3038,N16W47,054,0500,Eki,12,21
2022-06-24,3040,S12E41,324,0130,Cso,06,04
2022-06-25,3034,N01W80,072,0080,Hsx,02,01
2022-06-25,3035,S17W80,073,0010,Axx,01,01
2022-06-25,3038,N16W61,053,0580,Ehi,11,12
2022-06-25,3040,S13E27,325,0160,Cso,06,06
2022-06-26,3038,N16W75,053,0500,Eho,14,06
2022-06-26,3040,S12E16,323,0130,Cso,08,05
2022-06-27,3038,N16W87,053,0190,Fso,16,45
2022-06-27,3040,S14E02,323,0150,Cso,05,08
2022-06-28,3040,S13W11,325,0160,Cao,04,09
2022-06-28,3041,N15W69,023,0020,Bxo,04,03
2022-06-29,3040,S12W25,324,0120,Cao,06,08
2022-06-29,3041,N15W83,023,0020,Cso,04,03
2022-06-29,3042,N09W22,321,0020,Cro,03,04
2022-06-29,3043,S13E21,278,0010,Bxo,05,04
2022-06-29,3044,S19E12,287,0010,Bxo,04,02
2022-06-30,3040,S12W39,325,0030,Dso,04,03
2022-06-30,3042,N08W35,321,0030,Cro,02,03
2022-06-30,3043,S14E09,277,0010,Axx,01,01
2022-06-30,3044,S21E01,286,0010,Axx,01,01
2022-07-01,3040,S13W50,323,0070,Dso,04,04
2022-07-01,3042,S02W49,322,0010,Bxo,02,02
2022-07-01,3045,S12E38,234,0010,Bxo,03,04
2022-07-02,3040,S13W62,323,0120,Dso,07,07
2022-07-02,3045,S11E12,249,0010,Axx,01,01
2022-07-02,3046,N17E64,197,0080,Hsx,03,01
2022-07-03,3040,S13W77,324,0120,Cso,06,05
2022-07-03,3046,N17E49,198,0130,Hsx,02,01
2022-07-03,3047,S19E04,243,0050,Cro,05,08
2022-07-03,3048,S08E36,211,0020,Bxo,03,03
2022-07-04,3046,N17E36,198,0160,Dso,09,06
2022-07-04,3047,S19W08,242,0030,Cro,05,05
2022-07-04,3049,S12E49,185,0010,Axx,01,01
2022-07-05,3045,S15W23,244,0020,Axx,02,01
2022-07-05,3046,N18E21,200,0070,Hsx,05,01
2022-07-05,3047,S20W21,242,0030,Bxo,07,09
2022-07-05,3049,S12E35,186,0010,Axx,01,01
2022-07-05,3050,N18E30,191,0020,Bxo,03,04
2022-07-05,3051,N27E24,197,0030,Cro,04,03
2022-07-06,3045,S20W33,241,0001,Axx,06,04
2022-07-06,3046,N18E09,199,0070,Hsx,02,01
2022-07-06,3047,S20W35,243,0010,Bxo,07,06
2022-07-06,3049,S12E21,187,0010,Axx,01,01
2022-07-06,3051,N27E13,195,0030,Cro,05,03
2022-07-06,3052,N15E56,151,0030,Cro,04,06
2022-07-06,3053,N14E72,136,0180,Hsx,02,01
2022-07-07,3046,N16W05,199,0240,Hsx,02,02
2022-07-07,3047,S20W45,240,0030,Dso,06,05
2022-07-07,3048,S13W20,213,0010,Axx,00,01
2022-07-07,3051,N27W00,194,0030,Cro,06,04
2022-07-07,3052,N15E40,153,0030,Cro,05,09
2022-07-07,3053,N15E59,134,0240,Dso,08,05
2022-07-07,3054,N21W27,221,0010,Cso,02,02
2022-07-08,3046,N16W18,199,0090,Hax,02,02
2022-07-08,3051,N28W13,194,0030,Cro,06,03
2022-07-08,3052,N15E28,153,0060,Cro,06,07
2022-07-08,3053,N14E47,134,0680,Eko,12,11
2022-07-08,3054,N21W40,221,0010,Hrx,01,01
2022-07-08,3055,S18E60,121,0130,Dao,07,04
2022-07-09,3046,N17W31,199,0060,Hsx,02,03
2022-07-09,3051,N28W26,194,0080,Cao,06,05
2022-07-09,3052,N15E14,154,0020,Hrx,01,02
2022-07-09,3053,N15E35,133,0700,Eko,12,13
2022-07-09,3055,S17E46,122,0230,Dai,09,08
2022-07-10,3046,N17W43,197,0040,Hsx,02,02
2022-07-10,3051,N28W39,193,0100,Cao,06,06
2022-07-10,3052,N15W01,155,0020,Hrx,01,02
2022-07-10,3053,N15E20,134,0650,Eki,13,18
2022-07-10,3055,S17E33,122,0450,Eko,11,11
2022-07-11,3046,N18W56,197,0030,Hrx,02,02
2022-07-11,3051,N28W50,191,0060,Cro,04,05
2022-07-11,3052,N15W15,156,0020,Hax,01,01
2022-07-11,3053,N15E07,134,0420,Eki,14,18
2022-07-11,3055,S17E20,121,0630,Ekc,12,22
2022-07-11,3056,S15E65,076,0060,Cro,04,05
2022-07-12,3046,N16W70,198,0010,Hrx,00,01
2022-07-12,3051,N26W62,190,0010,Axx,01,02
2022-07-12,3052,N14W28,156,0010,Hrx,02,01
2022-07-12,3053,N16W06,134,0410,Eki,14,24
2022-07-12,3055,S16E05,122,0960,Ekc,12,25
2022-07-12,3056,S17E54,074,0200,Cao,08,09
2022-07-12,3057,N17E68,059,0220,Dso,03,02
2022-07-13,3052,N15W43,157,0010,Axx,01,01
2022-07-13,3053,N15W19,133,0250,Eki,13,23
2022-07-13,3055,S16W09,123,0800,Eki,13,24
2022-07-13,3056,S16E37,076,0140,Cao,07,09
2022-07-13,3057,N16E57,057,0380,Dho,10,10
2022-07-14,3053,N15W34,135,0280,Eko,14,19
2022-07-14,3055,S17W21,122,0820,Eki,13,27
2022-07-14,3056,S17E23,078,0170,Cao,04,07
2022-07-14,3057,N15E45,055,0250,Eho,11,08
2022-07-15,3053,N16W48,136,0270,Eki,12,14
2022-07-15,3055,S21W30,119,0860,Eki,12,24
2022-07-15,3056,S17E12,075,0130,Cai,09,28
2022-07-15,3057,N15E32,055,0320,Eki,12,10
2022-07-15,3058,N15E71,017,0230,Dao,04,07
2022-07-16,3053,N17W61,136,0300,Cki,14,13
2022-07-16,3055,S18W48,123,0930,Eki,12,16
2022-07-16,3056,S18W01,076,0250,Eai,11,28
2022-07-16,3057,N16E16,058,0230,Cki,10,13
2022-07-16,3058,N14E56,018,0220,Dao,08,09
2022-07-16,3059,S07E71,004,0180,Dao,03,02
2022-07-17,3053,N15W77,138,0110,Cai,06,05
2022-07-17,3055,S16W52,124,0590,Eki,12,15
2022-07-17,3056,S17W16,078,0200,Eai,12,31
2022-07-17,3057,N16E04,057,0320,Ehi,11,16
2022-07-17,3058,N16E38,023,0060,Dai,04,09
2022-07-17,3059,S10E55,006,0180,Dso,07,05
2022-07-17,3060,N13E58,014,0050,Hsx,02,02
2022-07-18,3053,N17W90,137,0060,Cao,04,03
2022-07-18,3055,S17W71,124,0490,Ehi,14,10
2022-07-18,3056,S17W29,078,0140,Dai,10,33
2022-07-18,3057,N15W09,056,0360,Eki,11,19
2022-07-18,3058,N13E26,022,0310,Dki,08,09
2022-07-18,3059,S10E41,008,0200,Dso,09,05
2022-07-18,3060,N10E33,015,0060,Hax,04,03
2022-07-18,3061,N24W40,088,0040,Cso,04,04
2022-07-19,3055,S17W84,119,0100,Cao,04,03
2022-07-19,3056,S16W42,077,0090,Dri,08,17
2022-07-19,3057,N17W21,056,0240,Eki,11,15
2022-07-19,3058,N14E16,019,0080,Dri,08,09
2022-07-19,3059,S10E29,005,0120,Csi,09,07
2022-07-19,3060,N13E22,013,0040,Hsx,02,01
2022-07-19,3061,N23W53,089,0070,Cro,04,03
2022-07-20,3056,S16W57,079,0080,Dri,08,11
2022-07-20,3057,N15W37,059,0190,Eso,09,11
2022-07-20,3058,N13W00,021,0070,Dro,09,07
2022-07-20,3059,S07E15,006,0130,Cso,09,06
2022-07-20,3060,N14E07,015,0030,Hsx,07,06
2022-07-20,3061,N22W65,087,0010,Axx,02,02
2022-07-20,3062,S23E72,310,0060,Hsx,03,01
2022-07-21,3056,S14W73,081,0040,Cro,10,07
2022-07-21,3057,N17W48,056,0200,Hsx,10,08
2022-07-21,3058,N13W15,023,0030,Bxo,04,05
2022-07-21,3059,S08W00,008,0130,Cso,10,08
2022-07-21,3060,N13W06,014,0030,Hrx,07,06
2022-07-21,3062,S26E60,308,0070,Hsx,02,01
2022-07-21,3063,N10E09,358,0030,Bxo,04,08
2022-07-21,3064,N08E29,339,0030,Bxo,05,06
2022-07-22,3056,S14W87,083,0020,Hrx,02,01
2022-07-22,3057,N17W62,058,0160,Cso,05,05
2022-07-22,3058,N14W29,025,0020,Axx,03,02
2022-07-22,3059,S08W14,010,0100,Hsx,05,03
2022-07-22,3060,N14W20,016,0030,Hrx,05,04
2022-07-22,3062,S25E48,308,0120,Hsx,02,01
2022-07-22,3063,N11W03,359,0030,Bxo,06,07
2022-07-22,3064,N08E16,340,0040,Cso,09,08
2022-07-22,3065,S19E15,341,0010,Bxo,02,03
2022-07-23,3057,N17W79,062,0120,Hsx,03,01
2022-07-23,3058,N14W42,025,0010,Axx,02,03
2022-07-23,3059,S08W28,011,0100,Hsx,05,01
2022-07-23,3060,N12W34,017,0030,Bxo,04,05
2022-07-23,3062,S26E36,306,0100,Hsx,02,01
2022-07-23,3063,N11W18,001,0010,Axx,04,02
2022-07-23,3064,N09E03,340,0040,Cao,10,08
2022-07-23,3065,S19E01,342,0020,Bxo,03,06
2022-07-24,3057,N17W91,060,0100,Hsx,02,01
2022-07-24,3059,S08W42,011,0070,Hsx,02,01
2022-07-24,3060,N11W48,017,0020,Bxo,04,06
2022-07-24,3062,S25E23,306,0100,Hsx,02,01
2022-07-24,3063,N12W28,357,0010,Bxo,03,02
2022-07-24,3064,N09W11,340,0040,Cao,11,10
2022-07-24,3065,S19W12,341,0020,Cro,06,05
2022-07-25,3059,S08W56,012,0050,Hsx,02,01
2022-07-25,3060,N12W61,017,0030,Cro,04,05
2022-07-25,3062,S25E10,306,0090,Hsx,02,01
2022-07-25,3063,N12W41,357,0010,Axx,03,03
2022-07-25,3064,N09W26,342,0030,Cro,11,04
2022-07-25,3065,S19W26,342,0030,Cro,06,06
2022-07-26,3059,S08W70,013,0080,Hsx,02,01
2022-07-26,3060,N12W75,018,0020,Cro,04,05
2022-07-26,3062,S25W03,306,0100,Cso,04,04
2022-07-26,3063,N11W59,002,0000,Axx,01,01
2022-07-26,3064,N09W44,347,0020,Hrx,03,04
2022-07-26,3065,S19W40,342,0030,Cro,07,10
2022-07-26,3066,S16E15,288,0030,Cro,04,05
2022-07-27,3059,S07W82,011,0060,Hsx,01,01
2022-07-27,3062,S26W16,305,0100,Cso,03,02
2022-07-27,3064,N09W55,344,0000,Bxo,08,02
2022-07-27,3065,S20W51,341,0030,Cro,06,06
2022-07-27,3066,S16E01,287,0030,Cro,04,04
2022-07-27,3067,N20E65,224,0070,Cao,02,03
2022-07-28,3062,S26W28,304,0100,Hsx,02,02
2022-07-28,3065,S21W66,342,0010,Bxo,05,03
2022-07-28,3066,S16W13,289,0020,Cro,04,04
2022-07-28,3067,N20E56,221,0030,Cro,06,04
2022-07-29,3062,S25W40,303,0080,Hsx,03,01
2022-07-29,3066,S17W27,290,0010,Bxo,03,03
2022-07-29,3067,N19E40,223,0000,Bxo,02,02
2022-07-29,3068,S16E58,205,0040,Dao,04,04
2022-07-30,3062,S24W53,303,0070,Hsx,02,01
2022-07-30,3066,S16W34,292,0010,Axx,01,01
2022-07-30,3068,S15E45,205,0100,Dao,08,08
2022-07-31,3062,S24W66,303,0070,Hsx,02,01
2022-07-31,3068,S15E30,207,0100,Dao,10,06
2022-08-01,3062,S25W79,303,0060,Hsx,02,01
2022-08-01,3068,S15E16,208,0110,Eso,11,07
2022-08-01,3069,S18W36,260,0010,Axx,01,01
2022-08-02,3068,S15E02,208,0120,Esi,11,09
2022-08-02,3070,N15E50,160,0000,Bxo,03,03
2022-08-03,3068,S15W12,208,0180,Esi,12,15
2022-08-04,3068,S15W24,207,0180,Esi,12,16
2022-08-04,3071,S19E58,126,0120,Hsx,02,01
2022-08-05,3068,S15W39,210,0160,Esi,11,15
2022-08-05,3071,S19E43,128,0120,Hsx,02,01
2022-08-05,3072,S23W26,197,0020,Cro,04,06
2022-08-06,3068,S15W52,210,0210,Dso,08,07
2022-08-06,3071,S19E30,128,0120,Hsx,02,02
2022-08-06,3072,S23W40,198,0020,Bxo,05,06
2022-08-06,3073,S35W45,203,0040,Cao,04,03
2022-08-06,3074,S18E68,090,0120,Hsx,02,01
2022-08-07,3068,S15W66,210,0190,Cao,08,07
2022-08-07,3071,S19E17,127,0110,Hsx,02,01
2022-08-07,3072,S23W53,197,0040,Cao,05,04
2022-08-07,3073,S34W57,201,0040,Cao,05,04
2022-08-07,3074,S17E54,090,0120,Hsx,02,03
2022-08-08,3068,S15W83,214,0090,Hax,03,03
2022-08-08,3071,S19E04,127,0100,Hsx,02,01
2022-08-08,3072,S23W67,198,0030,Cso,05,04
2022-08-08,3073,S34W71,202,0040,Cao,05,04
2022-08-08,3074,S16E40,091,0120,Hsx,02,01
2022-08-08,3075,N21E54,077,0020,Cro,05,03
2022-08-08,3076,N16E69,062,0110,Hsx,02,01
2022-08-09,3071,S21W07,125,0110,Hsx,03,02
2022-08-09,3073,S34W76,199,0070,Hsx,03,01
2022-08-09,3074,S16E26,092,0150,Hsx,06,04
2022-08-09,3075,N22E38,080,0010,Bxo,05,05
2022-08-09,3076,N16E61,059,0180,Hsx,02,01
2022-08-10,3071,S18W24,127,0110,Hsx,03,01
2022-08-10,3074,S17E13,090,0130,Hsx,02,01
2022-08-10,3075,N18E26,077,0010,Axx,02,01
2022-08-10,3076,N13E43,060,0130,Hsx,02,01
2022-08-10,3077,S17W09,112,0010,Cro,04,04
2022-08-11,3071,S13W36,127,0070,Hsx,01,01
2022-08-11,3074,S16E01,089,0100,Hsx,03,01
2022-08-11,3076,N14E29,062,0120,Hsx,02,01
2022-08-11,3077,S15W23,114,0050,Cso,04,06
2022-08-11,3078,S22E58,033,0050,Hax,01,01
2022-08-12,3071,S17W50,128,0070,Hsx,02,01
2022-08-12,3074,S17W13,090,0130,Hsx,02,01
2022-08-12,3076,N13E16,061,0120,Cao,02,01
2022-08-12,3077,S17W37,114,0040,Cao,04,04
2022-08-12,3078,S27E45,033,0080,Hsx,01,01
2022-08-13,3071,S18W62,127,0110,Hsx,02,01
2022-08-13,3074,S17W25,090,0130,Hsx,02,01
2022-08-13,3076,N16E04,061,0170,Dao,04,08
2022-08-13,3077,S18W48,113,0020,Bxo,04,04
2022-08-13,3078,S25E32,033,0030,Cao,01,03
2022-08-13,3079,S11W13,078,0070,Dro,04,08
2022-08-13,3080,N21W37,102,0010,Bxo,03,02
2022-08-14,3071,S18W76,127,0120,Hsx,01,01
2022-08-14,3074,S18W37,088,0100,Hsx,02,01
2022-08-14,3076,N15W10,061,0170,Dao,05,10
2022-08-14,3077,S18W60,111,0010,Axx,01,02
2022-08-14,3078,S25E20,031,0020,Hax,03,02
2022-08-14,3079,S11W25,076,0120,Dao,06,09
2022-08-14,3080,N20W52,103,0010,Axx,01,02
2022-08-14,3081,N10E44,007,0240,Dai,04,09
2022-08-15,3071,S18W90,128,0120,Hsx,01,01
2022-08-15,3074,S16W52,090,0110,Hsx,02,01
2022-08-15,3076,N16W23,061,0090,Cai,05,09
2022-08-15,3078,S25E06,032,0060,Cao,03,05
2022-08-15,3079,S11W39,077,0130,Cai,08,15
2022-08-15,3081,N10E31,007,0160,Dai,07,13
2022-08-16,3074,S17W64,088,0090,Hsx,02,01
2022-08-16,3076,N16W36,060,0060,Cao,03,03
2022-08-16,3078,S24W05,030,0230,Dac,04,12
2022-08-16,3079,S11W52,076,0140,Cao,06,10
2022-08-16,3081,N12E18,006,0220,Dao,08,16
2022-08-17,3074,S17W76,088,0030,Hsx,01,02
2022-08-17,3075,N16W78,090,0020,Axx,01,01
2022-08-17,3076,N15W49,061,0010,Axx,01,02
2022-08-17,3078,S23W18,030,0270,Dao,05,10
2022-08-17,3079,S11W66,078,0080,Cao,08,07
2022-08-17,3081,N12E04,008,0120,Dao,09,10
2022-08-17,3082,N27E49,323,0010,Bxo,04,03
2022-08-17,3083,S24W29,041,0020,Cro,05,04
2022-08-18,3078,S20W34,033,0190,Dac,05,10
2022-08-18,3079,S06W78,076,0080,Cao,05,03
2022-08-18,3081,N11W08,006,0150,Cao,09,09
2022-08-18,3082,N23E37,321,0080,Dao,06,07
2022-08-18,3083,S24W42,041,0030,Dao,07,04
2022-08-19,3078,S24W47,033,0210,Dac,06,14
2022-08-19,3081,N11W23,009,0120,Cao,07,09
2022-08-19,3082,N27E22,324,0050,Dao,07,04
2022-08-19,3083,S24W56,042,0010,Bxo,08,03
2022-08-19,3084,S09E18,328,0020,Bxo,03,03
2022-08-20,3078,S24W62,034,0210,Dac,06,14
2022-08-20,3081,N16W38,010,0110,Cao,04,04
2022-08-20,3082,N23E15,321,0040,Cao,08,02
2022-08-20,3083,S24W70,042,0010,Bxo,08,02
2022-08-20,3084,S11E01,331,0020,Bxo,03,02
2022-08-21,3078,S24W74,033,0030,Dai,03,06
2022-08-21,3081,N11W52,010,0090,Hax,03,04
2022-08-21,3082,N28E02,317,0010,Cro,08,02
2022-08-21,3084,S09W12,331,0010,Bxo,04,04
2022-08-22,3081,N11W66,012,0090,Hax,02,05
2022-08-22,3082,N28W11,317,0010,Cro,09,02
2022-08-22,3084,S11W19,325,0010,Bxo,08,03
2022-08-22,3085,N29E16,290,0050,Dao,05,06
2022-08-23,3081,N13W79,011,0120,Hax,02,02
2022-08-23,3082,N29W24,316,0010,Axx,01,01
2022-08-23,3085,N30E01,291,0150,Dso,07,11
2022-08-24,3085,N25W08,287,0250,Dki,08,15
2022-08-24,3086,S21E44,235,0090,Cao,04,06
2022-08-24,3087,S15E65,214,0040,Hax,02,01
2022-08-25,3085,N30W21,287,0260,Dko,08,10
2022-08-25,3086,S24E28,238,0100,Dso,06,05
2022-08-25,3087,S17E53,213,0040,Hax,01,01
2022-08-26,3085,N32W35,287,0280,Dko,09,10
2022-08-26,3086,S24E14,238,0120,Dso,08,03
2022-08-26,3087,S16E38,213,0040,Hax,01,01
2022-08-26,3088,S26W45,298,0240,Dai,06,10
2022-08-26,3089,S24E56,196,0150,Dsi,06,09
2022-08-26,3090,N14E60,191,0010,Axx,00,01
2022-08-27,3085,N30W49,289,0140,Dso,08,04
2022-08-27,3086,S22E01,239,0050,Dao,08,06
2022-08-27,3087,S13E26,214,0030,Hrx,01,01
2022-08-27,3088,S28W58,298,0420,Dkc,07,15
2022-08-27,3089,S21E44,196,0190,Dai,08,12
2022-08-28,3085,N30W62,289,0100,Cso,08,02
2022-08-28,3086,S22W12,239,0070,Cai,05,08
2022-08-28,3087,S14E13,214,0020,Hrx,01,01
2022-08-28,3088,S27W73,300,0650,Dkc,07,09
2022-08-28,3089,S22E31,196,0280,Dki,07,14
2022-08-29,3085,N30W76,290,0080,Hsx,05,01
2022-08-29,3086,S23W25,239,0030,Cro,06,06
2022-08-29,3087,S14W01,215,0010,Axx,01,01
2022-08-29,3088,S27W87,301,0220,Dkc,06,04
2022-08-29,3089,S23E18,196,0320,Eki,11,17
2022-08-30,3085,N31W90,290,0060,Hsx,02,01
2022-08-30,3086,S24W38,238,0030,Dso,04,02
2022-08-30,3087,S14W13,213,0010,Axx,01,01
2022-08-30,3088,S27W95,301,0250,Dkc,06,04
2022-08-30,3089,S22E06,194,0580,Ekc,14,29
2022-08-31,3086,S23W53,239,0030,Dso,02,02
2022-08-31,3089,S22W06,192,0250,Eac,15,28
2022-09-01,3089,S22W20,194,0490,Ekc,14,21
2022-09-01,3090,N16W19,193,0010,Axx,01,01
2022-09-02,3086,S22W78,239,0010,Cro,04,03
2022-09-02,3089,S22W33,194,0350,Eki,12,20
2022-09-02,3091,N14W17,178,0010,Axx,01,01
2022-09-02,3092,S09E67,094,0110,Cao,03,03
2022-09-03,3089,S23W46,194,0340,Ekc,12,20
2022-09-03,3092,S09E53,095,0170,Cao,03,03
2022-09-03,3093,S26E42,106,0020,Cro,06,07
2022-09-03,3094,N22E79,069,0120,Hsx,03,01
2022-09-04,3089,S22W61,195,0510,Ekc,11,18
2022-09-04,3092,S10E38,096,0130,Cso,03,03
2022-09-04,3093,S27E26,108,0030,Bxo,05,04
2022-09-04,3094,N20E67,069,0100,Cao,04,03
2022-09-05,3089,S23W74,195,0520,Ekc,11,13
2022-09-05,3092,S10E27,094,0090,Cso,03,03
2022-09-05,3093,S27E16,105,0030,Cro,03,03
2022-09-05,3094,N21E53,068,0100,Cao,02,03
2022-09-06,3089,S23W88,195,0520,Ekc,12,10
2022-09-06,3092,S10E13,095,0120,Hsx,03,03
2022-09-06,3093,S27E04,103,0010,Bxo,05,04
2022-09-06,3094,N21E40,068,0110,Dso,04,08
2022-09-06,3095,S14W45,152,0020,Cro,04,04
2022-09-07,3092,S16W00,093,0120,Hsx,03,03
2022-09-07,3093,S27W10,105,0010,Bxo,05,04
2022-09-07,3094,N21E26,069,0110,Dso,04,08
2022-09-07,3096,N18E71,022,0030,Hsx,02,01
2022-09-08,3092,S16W14,095,0150,Hsx,03,03
2022-09-08,3093,S26W25,106,0000,Axx,00,01
2022-09-08,3094,N21E12,069,0030,Cso,04,08
2022-09-08,3096,N18E57,024,0040,Dso,05,06
2022-09-08,3097,S12E01,079,0020,Dso,04,05
2022-09-09,3092,S11W27,094,0070,Hsx,03,01
2022-09-09,3094,N17E01,066,0010,Cro,04,04
2022-09-09,3096,N16E44,023,0130,Dso,07,08
2022-09-09,3097,S12W12,079,0020,Dro,04,07
2022-09-09,3098,N15E17,049,0010,Bxi,04,05
2022-09-10,3092,S10W40,095,0050,Hsx,02,01
2022-09-10,3094,N18W12,067,0010,Axx,01,01
2022-09-10,3096,N16E33,022,0090,Dai,08,09
2022-09-10,3097,S11W25,080,0010,Bxo,05,03
2022-09-10,3098,N17E05,050,0020,Cro,04,08
2022-09-11,3092,S09W54,096,0060,Hsx,02,01
2022-09-11,3094,N20W27,069,0010,Axx,01,01
2022-09-11,3096,N16E19,023,0100,Dao,07,07
2022-09-11,3097,S11W39,081,0010,Bxo,02,03
2022-09-11,3098,N18W08,050,0060,Cao,08,12
2022-09-11,3099,N12E32,010,0020,Cro,03,02
2022-09-11,3100,S25E48,354,0070,Csi,04,11
2022-09-11,3101,N29W57,099,0010,Bxo,03,05
2022-09-12,3092,S09W68,097,0060,Hsx,02,02
2022-09-12,3094,N20W41,070,0010,Axx,01,01
2022-09-12,3096,N16E05,024,0030,Cro,05,05
2022-09-12,3098,N18W22,051,0160,Eai,12,12
2022-09-12,3099,N12E18,011,0010,Bxo,03,02
2022-09-12,3100,S25E37,352,0080,Cai,07,11
2022-09-12,3101,N29W71,100,0060,Dai,10,10
2022-09-13,3092,S10W80,095,0030,Hsx,02,01
2022-09-13,3094,N20W55,070,0010,Axx,01,01
2022-09-13,3096,N16W09,024,0000,Axx,05,01
2022-09-13,3097,S11W69,084,0020,Dro,06,06
2022-09-13,3098,N18W36,051,0160,Eac,12,12
2022-09-13,3099,N12E04,011,0000,Axx,03,01
2022-09-13,3100,S24E25,350,0060,Dso,10,10
2022-09-13,3101,N28W83,098,0090,Dso,10,05
2022-09-14,3092,S10W94,096,0030,Hsx,02,01
2022-09-14,3096,N18W19,021,0000,Axx,01,02
2022-09-14,3097,S11W85,086,0000,Axx,02,01
2022-09-14,3098,N18W51,052,0460,Ehc,13,18
2022-09-14,3100,S24E22,350,0140,Cso,11,07
2022-09-14,3102,S28E60,302,0240,Cso,04,04
2022-09-15,3098,N18W65,053,0860,Ehc,14,16
2022-09-15,3100,S25W02,351,0140,Cso,13,07
2022-09-15,3102,S26E46,302,0240,Dao,07,04
2022-09-16,3098,N19W76,052,0560,Ehc,12,10
2022-09-16,3100,S24W14,350,0160,Cso,14,09
2022-09-16,3102,S26E38,298,0250,Dko,11,05
2022-09-16,3103,S16E06,330,0030,Cro,04,07
2022-09-17,3098,N18W91,053,0540,Ehc,15,04
2022-09-17,3100,S24W28,351,0150,Cso,14,05
2022-09-17,3102,S26E24,299,0290,Eko,12,08
2022-09-17,3103,S16W09,332,0100,Dai,05,07
2022-09-18,3100,S23W42,351,0190,Eso,15,13
2022-09-18,3102,S27E11,298,0310,Eki,12,24
2022-09-18,3103,S16W22,331,0020,Bxo,05,09
2022-09-19,3100,S22W60,354,0150,Dso,09,06
2022-09-19,3102,S25W02,298,0320,Eki,12,25
2022-09-20,3100,S22W73,356,0070,Cso,08,03
2022-09-20,3102,S26W13,296,0310,Eki,14,24
2022-09-20,3104,S11W66,349,0010,Axx,01,01
2022-09-20,3105,S18E67,217,0050,Dao,04,06
2022-09-21,3100,S24W86,356,0080,Hax,06,01
2022-09-21,3102,S26W26,296,0280,Eko,13,16
2022-09-21,3105,S14E62,208,0350,Dhi,08,11
2022-09-21,3106,S10E56,214,0010,Bxo,03,02
2022-09-22,3102,S25W40,296,0310,Eho,13,07
2022-09-22,3105,S16E45,211,0200,Dai,08,08
2022-09-22,3106,S12E38,217,0010,Axx,01,01
2022-09-22,3107,S24E60,196,0120,Dso,03,02
2022-09-22,3108,S13E16,240,0010,Axx,08,02
2022-09-23,3102,S25W53,296,0240,Eao,11,08
2022-09-23,3105,S17E33,210,0490,Dki,10,22
2022-09-23,3107,S25E46,197,0190,Cao,04,06
2022-09-23,3108,S13E03,240,0030,Dao,05,07
2022-09-23,3109,N10W13,256,0030,Cro,03,06
2022-09-24,3102,S25W66,296,0160,Dao,09,04
2022-09-24,3105,S16E21,209,0370,Dki,10,20
2022-09-24,3107,S24E37,193,0230,Cao,10,10
2022-09-24,3108,S12W10,240,0090,Cso,06,06
2022-09-24,3109,N10W27,257,0040,Dro,07,07
2022-09-24,3110,N16E72,158,0160,Cao,05,04
2022-09-25,3102,S26W79,296,0100,Dao,03,03
2022-09-25,3105,S17E08,209,0300,Dki,10,24
2022-09-25,3107,S25E26,191,0240,Fai,16,17
2022-09-25,3108,S12W24,241,0070,Dso,07,07
2022-09-25,3109,N10W40,257,0030,Dro,07,06
2022-09-25,3110,N16E59,158,0240,Dsc,09,11
2022-09-26,3105,S17W06,210,0220,Dai,10,12
2022-09-26,3107,S25E13,191,0240,Eai,15,17
2022-09-26,3108,S12W38,242,0050,Cso,07,05
2022-09-26,3109,N10W53,257,0020,Cro,05,03
2022-09-26,3110,N16E46,158,0320,Dhi,10,09
2022-09-27,3105,S16W18,208,0150,Dai,10,16
2022-09-27,3107,S25E01,189,0220,Esi,14,33
2022-09-27,3108,S13W47,237,0050,Cso,06,07
2022-09-27,3109,N10W66,255,0010,Axx,01,01
2022-09-27,3110,N15E35,154,0300,Ehi,10,13
2022-09-28,3105,S16W30,207,0120,Cai,08,16
2022-09-28,3107,S24W13,190,0200,Eai,13,27
2022-09-28,3108,S13W65,242,0010,Bxo,02,02
2022-09-28,3110,N15E20,156,0220,Cai,10,14
2022-09-28,3111,N27E68,109,0100,Hax,01,01
2022-09-29,3105,S20W45,208,0090,Dao,06,06
2022-09-29,3107,S28W25,189,0190,Eai,12,17
2022-09-29,3110,N12E05,158,0240,Cso,11,08
2022-09-29,3111,N24E54,109,0130,Hsx,01,01
2022-09-30,3105,S17W57,208,0030,Cao,05,03
2022-09-30,3107,S24W39,190,0160,Eai,12,08
2022-09-30,3110,N16W09,160,0180,Cso,05,04
2022-09-30,3111,N27E43,108,0120,Hsx,02,01
2022-10-01,3105,S17W71,209,0010,Axx,01,01
2022-10-01,3107,S24W53,191,0100,Cai,07,07
2022-10-01,3110,N16W24,162,0170,Hsx,03,01
2022-10-01,3111,N27E30,108,0100,Hsx,02,01
2022-10-01,3112,N20E76,062,0100,Hsx,05,01
2022-10-01,3113,N16W14,152,0090,Cao,05,03
2022-10-02,3107,S25W68,193,0030,Cri,06,06
2022-10-02,3110,N17W38,163,0160,Cso,04,05
2022-10-02,3111,N28E18,107,0090,Hsx,02,03
2022-10-02,3112,N22E69,056,0560,Eki,15,15
2022-10-02,3113,N16W29,154,0100,Dao,05,08
2022-10-02,3114,S33E26,099,0030,Cao,06,03
2022-10-03,3107,S25W82,193,0030,Hsx,01,02
2022-10-03,3110,N17W52,163,0180,Dao,04,10
2022-10-03,3111,N28E04,107,0070,Hsx,02,01
2022-10-03,3112,N23E59,052,0750,Fki,18,18
2022-10-03,3113,N16W40,151,0080,Dai,07,08
2022-10-03,3114,S34E11,100,0020,Bxo,07,03
2022-10-04,3110,N18W65,163,0180,Dai,06,10
2022-10-04,3111,N28W08,106,0070,Hsx,02,01
2022-10-04,3112,N23E46,052,0710,Fkc,24,36
2022-10-04,3113,N16W52,150,0100,Dao,06,10
2022-10-04,3115,S18E03,095,0060,Dao,06,09
2022-10-04,3116,N30E54,044,0010,Bxo,13,06
2022-10-04,3117,S11E20,078,0020,Cro,04,02
2022-10-05,3110,N18W79,164,0180,Dai,07,06
2022-10-05,3111,N28W21,106,0060,Hsx,02,01
2022-10-05,3112,N23E32,053,0720,Fkc,24,48
2022-10-05,3113,N16W66,151,0090,Cso,07,04
2022-10-05,3115,S18W11,096,0130,Dao,06,12
2022-10-05,3116,N30E40,045,0030,Cro,08,09
2022-10-05,3117,S11E04,081,0010,Axx,02,03
2022-10-06,3110,N21W93,163,0060,Cso,03,02
2022-10-06,3111,N28W33,104,0060,Hsx,02,01
2022-10-06,3112,N22E21,050,0750,Fkc,25,55
2022-10-06,3113,N16W80,152,0090,Cso,06,03
2022-10-06,3115,S18W24,096,0180,Dao,08,08
2022-10-06,3116,N29E28,044,0060,Dai,09,09
2022-10-06,3117,S12W10,080,0010,Bxo,02,03
2022-10-07,3111,N28W47,105,0050,Hsx,01,01
2022-10-07,3112,N22E09,049,0800,Fkc,26,54
2022-10-07,3115,S18W37,096,0120,Dso,08,08
2022-10-07,3116,N30E14,045,0150,Dai,09,13
2022-10-07,3117,S12W23,082,0010,Hrx,01,01
2022-10-07,3118,N09E59,359,0010,Bxo,02,02
2022-10-08,3111,N27W61,106,0040,Hsx,01,01
2022-10-08,3112,N23W04,049,0550,Fkc,18,36
2022-10-08,3115,S18W52,097,0030,Cao,06,06
2022-10-08,3116,N29W00,045,0140,Dai,10,11
2022-10-08,3117,S11W39,084,0010,Axx,01,01
2022-10-08,3118,N09E46,359,0020,Bxo,02,03
2022-10-08,3119,N28E31,014,0030,Bxo,03,06
2022-10-08,3120,N20W20,065,0030,Hax,04,02
2022-10-09,3111,N27W73,105,0020,Hsx,01,01
2022-10-09,3112,N22W16,048,0470,Fki,16,32
2022-10-09,3115,S17W66,098,0010,Axx,02,02
2022-10-09,3116,N30W13,045,0150,Eai,12,15
2022-10-09,3118,N08E34,358,0020,Dro,03,04
2022-10-09,3119,N28E19,013,0110,Dao,07,09
2022-10-09,3120,N20W32,064,0010,Axx,03,04
2022-10-10,3111,N28W86,105,0010,Axx,01,01
2022-10-10,3112,N22W28,047,0400,Fki,16,14
2022-10-10,3115,S18W79,098,0010,Axx,01,01
2022-10-10,3116,N30W25,044,0140,Eao,11,10
2022-10-10,3118,N08E20,359,0030,Dro,03,04
2022-10-10,3119,N28E07,012,0140,Dai,08,12
2022-10-10,3120,N18W40,059,0010,Axx,02,02
2022-10-11,3112,N22W41,047,0420,Eki,12,31
2022-10-11,3116,N30W39,044,0210,Dao,09,17
2022-10-11,3118,N08E07,358,0040,Cao,03,07
2022-10-11,3119,N27W08,014,0180,Dai,09,27
2022-10-11,3120,N18W53,059,0010,Axx,02,02
2022-10-12,3112,N22W54,045,0330,Fkc,16,12
2022-10-12,3116,N29W53,045,0110,Cso,05,03
2022-10-12,3118,N09W06,358,0010,Bxo,02,03
2022-10-12,3119,N28W18,011,0150,Dsi,10,14
2022-10-13,3112,N25W65,044,0280,Eki,13,09
2022-10-13,3116,N30W54,048,0120,Cao,03,02
2022-10-13,3118,N09W19,357,0010,Axx,01,01
2022-10-13,3119,N29W30,009,0170,Dai,08,10
2022-10-14,3112,N23W80,046,0230,Esi,12,03
2022-10-14,3116,N29W81,047,0110,Hax,02,01
2022-10-14,3119,N28W43,009,0120,Dai,08,09
2022-10-14,3121,N23E54,272,0020,Bxo,05,04
2022-10-15,3112,N23W92,045,0050,Cao,06,02
2022-10-15,3116,N29W95,047,0090,Hax,02,01
2022-10-15,3119,N29W56,009,0100,Dao,07,05
2022-10-15,3121,N24E41,272,0020,Bxo,06,03
2022-10-16,3119,N29W68,009,0030,Cso,08,03
2022-10-16,3121,N24E31,269,0010,Axx,01,01
2022-10-16,3122,N25W29,329,0030,Cro,03,04
2022-10-16,3123,N27W54,354,0010,Bxo,03,02
2022-10-17,3119,N29W82,009,0030,Cso,05,03
2022-10-17,3122,N25W43,330,0020,Cro,07,05
2022-10-17,3123,N27W68,355,0030,Cao,04,06
2022-10-17,3124,S36W42,329,0030,Dro,08,05
2022-10-18,3119,N26W95,009,0010,Bxo,05,03
2022-10-18,3122,N25W57,331,0020,Cro,07,05
2022-10-18,3123,N25W82,356,0040,Cao,04,09
2022-10-18,3124,S36W56,330,0110,Dao,06,11
2022-10-18,3125,S25E01,272,0010,Cro,04,06
2022-10-19,3122,N26W64,328,0010,Axx,01,01
2022-10-19,3123,N28W93,353,0040,Hsx,02,01
2022-10-19,3124,S34W68,328,0180,Dso,08,05
2022-10-19,3125,S25W13,273,0010,Bxo,04,03
2022-10-20,3122,N26W78,325,0010,Axx,01,01
2022-10-20,3124,S33W79,325,0180,Dao,08,05
2022-10-20,3125,S25W27,273,0010,Axx,01,01
2022-10-20,3126,S11E15,231,0030,Cri,02,03
2022-10-21,3126,S11E02,232,0080,Dsi,05,10
2022-10-21,3127,S23E23,210,0020,Hax,02,03
2022-10-22,3125,S23W49,270,0010,Axx,01,01
2022-10-22,3126,S11W11,232,0050,Dri,05,11
2022-10-22,3127,S23E10,211,0030,Cro,04,06
2022-10-22,3128,S17W54,275,0020,Hrx,02,02
2022-10-23,3126,S11W25,233,0030,Cro,06,07
2022-10-23,3127,S23W05,213,0020,Axx,02,03
2022-10-23,3128,S17W67,275,0030,Cao,03,03
2022-10-23,3129,S26W72,280,0030,Cro,04,02
2022-10-24,3126,S10W38,232,0030,Cso,05,06
2022-10-24,3127,S22W19,213,0010,Axx,01,01
2022-10-24,3128,S17W81,275,0020,Cao,04,02
2022-10-24,3129,S26W86,280,0010,Axx,01,01
2022-10-24,3130,S24E09,185,0020,Cro,04,05
2022-10-25,3126,S10W51,232,0080,Dai,04,08
2022-10-25,3130,S24W03,184,0020,Cro,07,07
2022-10-25,3131,N23E70,111,0030,Hsx,02,01
2022-10-26,3126,S10W65,233,0160,Dai,04,07
2022-10-26,3130,S25W17,185,0020,Cro,07,06
2022-10-26,3131,N23E58,110,0130,Cso,06,05
2022-10-26,3132,S09W18,186,0010,Axx,03,01
2022-10-26,3133,N26E73,095,0020,Cro,02,03
2022-10-27,3126,S10W79,234,0160,Dao,04,03
2022-10-27,3130,S24W30,184,0060,Dso,07,12
2022-10-27,3131,N23E44,109,0170,Cao,08,07
2022-10-27,3132,S10W31,185,0010,Axx,01,02
2022-10-27,3133,N26E60,095,0030,Cro,06,04
2022-10-28,3126,S09W93,233,0050,Hsx,07,01
2022-10-28,3130,S25W44,185,0090,Dao,06,09
2022-10-28,3131,N23E29,111,0190,Cso,08,04
2022-10-28,3132,S10W47,188,0010,Bxo,02,02
2022-10-28,3133,N26E46,094,0030,Cro,05,06
2022-10-29,3130,S25W58,186,0080,Dai,06,10
2022-10-29,3131,N22E16,112,0150,Cso,06,03
2022-10-29,3132,S11W63,191,0010,Axx,01,01
2022-10-29,3133,N26E33,095,0140,Dao,06,08
2022-10-29,3134,N12E14,114,0010,Bxo,03,02
2022-10-29,3135,N27E65,063,0020,Bxo,06,03
2022-10-30,3130,S24W71,186,0070,Dai,06,08
2022-10-30,3131,N23E06,112,0150,Cso,07,08
2022-10-30,3132,S12W77,192,0010,Axx,01,01
2022-10-30,3133,N26E21,094,0090,Dri,07,11
2022-10-30,3134,N12W01,116,0010,Axx,02,03
2022-10-30,3135,N27E52,063,0130,Dso,09,06
2022-10-31,3130,S24W84,186,0040,Dao,05,03
2022-10-31,3131,N23W09,111,0160,Cso,06,05
2022-10-31,3133,N26E07,095,0030,Bxo,08,11
2022-10-31,3135,N27E39,063,0160,Eao,11,09
2022-11-01,3131,N23W19,108,0180,Cso,05,04
2022-11-01,3133,N26W03,092,0010,Axx,05,02
2022-11-01,3135,N27E25,063,0190,Eao,11,08
2022-11-01,3136,S06E51,037,0010,Axx,02,02
2022-11-02,3131,N22W33,111,0160,Hsx,04,03
2022-11-02,3135,N26E12,063,0160,Dso,09,05
2022-11-02,3136,S08E37,038,0010,Dso,03,03
2022-11-02,3137,N37E64,012,0020,Hsx,01,01
2022-11-02,3138,S39E08,067,0010,Dso,02,01
2022-11-03,3131,N22W47,110,0120,Hsx,04,02
2022-11-03,3135,N26W00,061,0110,Eso,11,03
2022-11-03,3136,S07E23,038,0030,Dso,04,03
2022-11-03,3137,N37E50,012,0020,Hsx,01,01
2022-11-04,3131,N22W61,110,0140,Hsx,03,02
2022-11-04,3135,N26W12,060,0120,Dso,10,04
2022-11-04,3136,S08E09,038,0030,Cso,05,04
2022-11-04,3137,N38E39,010,0030,Hsx,02,01
2022-11-04,3139,N29E48,001,0020,Cro,03,04
2022-11-05,3131,N23W76,112,0100,Hsx,03,01
2022-11-05,3135,N26W26,062,0090,Cso,09,02
2022-11-05,3136,S07W05,041,0010,Axx,01,01
2022-11-05,3137,N38E21,015,0030,Cro,09,03
2022-11-05,3139,N28E35,001,0010,Bxo,03,02
2022-11-05,3140,N26E66,330,0120,Hsx,03,01
2022-11-05,3141,N15E75,321,0150,Hsx,04,01
2022-11-06,3131,N24W90,113,0050,Hsx,02,01
2022-11-06,3135,N26W40,063,0080,Cso,04,03
2022-11-06,3136,S08W19,042,0010,Axx,01,01
2022-11-06,3137,N37E09,014,0030,Cro,03,02
2022-11-06,3139,N28E23,001,0010,Axx,01,01
2022-11-06,3140,N26E51,332,0110,Hsx,01,01
2022-11-06,3141,N14E63,320,0190,Dao,08,03
2022-11-07,3135,N26W54,064,0100,Hsx,01,01
2022-11-07,3136,S08W34,044,0010,Axx,01,01
2022-11-07,3137,N37E01,009,0010,Axx,01,01
2022-11-07,3140,N27E38,332,0100,Hsx,01,01
2022-11-07,3141,N15E51,319,0460,Eko,12,09
2022-11-07,3142,N26E21,349,0010,Bxo,06,05
2022-11-08,3135,N26W67,064,0080,Hsx,02,01
2022-11-08,3137,N37W10,006,0010,Axx,01,01
2022-11-08,3140,N26E26,329,0130,Hsx,02,01
2022-11-08,3141,N14E39,317,0600,Eko,11,07
2022-11-08,3142,N26E08,347,0020,Cro,04,08
2022-11-08,3143,S14E56,299,0020,Cro,03,02
2022-11-09,3135,N27W80,063,0050,Hsx,03,01
2022-11-09,3137,N27W22,005,0010,Axx,01,01
2022-11-09,3140,N26E14,328,0080,Hsx,03,01
2022-11-09,3141,N14E25,318,0540,Eko,12,15
2022-11-09,3142,N26W04,347,0050,Cso,04,06
2022-11-09,3143,S13E41,302,0000,Axx,00,01
2022-11-10,3135,N26W94,064,0030,Hsx,03,01
2022-11-10,3137,N37W34,004,0010,Axx,00,01
2022-11-10,3140,N26E03,326,0100,Cso,07,03
2022-11-10,3141,N14E13,316,0530,Eko,12,12
2022-11-10,3142,N25W18,349,0010,Bxo,07,03
2022-11-10,3144,S25W20,350,0005,Axx,01,01
2022-11-11,3137,N37W48,006,0010,Axx,01,01
2022-11-11,3140,N26W12,329,0120,Cso,06,03
2022-11-11,3141,N15W01,318,0600,Eko,12,21
2022-11-11,3144,S25W34,351,0010,Axx,01,01
2022-11-11,3145,N27E04,313,0010,Bxo,04,03
2022-11-12,3140,N25W23,327,0130,Dao,07,05
2022-11-12,3141,N14W14,318,0610,Eki,12,21
2022-11-12,3145,N27W08,312,0010,Axx,01,01
2022-11-13,3140,N25W36,327,0190,Dsi,08,12
2022-11-13,3141,N15W27,318,0550,Ekc,12,20
2022-11-13,3145,N27W22,313,0010,Bxo,02,03
2022-11-14,3140,N25W48,326,0230,Dai,09,11
2022-11-14,3141,N14W40,318,0270,Ekc,12,14
2022-11-14,3145,N25W33,311,0010,Cro,04,04
2022-11-14,3146,N31E30,248,0030,Dro,03,05
2022-11-15,3140,N25W62,326,0550,Ekc,11,14
2022-11-15,3141,N15W55,318,0300,Ehc,12,13
2022-11-15,3145,N25W47,311,0010,Bxo,05,04
2022-11-15,3146,N32E17,247,0030,Cro,06,06
2022-11-16,3140,N25W76,326,0550,Ekc,12,13
2022-11-16,3141,N14W69,319,0220,Cso,13,07
2022-11-16,3145,N25W60,310,0020,Dso,06,06
2022-11-16,3146,N33E03,248,0020,Cro,06,03
2022-11-17,3140,N23W89,327,0550,Ehc,15,13
2022-11-17,3141,N14W82,320,0130,Cso,10,03
2022-11-17,3145,N25W73,311,0030,Dao,07,04
2022-11-17,3146,N32W08,246,0010,Bxo,06,02
2022-11-17,3147,S11E71,167,0120,Hsx,05,01
2022-11-17,3148,S32E60,178,0010,Bxo,05,02
2022-11-18,3145,N23W87,312,0040,Dao,07,03
2022-11-18,3146,N32W21,246,0010,Axx,01,01
2022-11-18,3147,S11E57,168,0300,Hkx,03,03
2022-11-18,3148,S32E46,179,0010,Bxo,01,01
2022-11-18,3149,N22E64,161,0010,Bxo,01,06
2022-11-19,3147,S11E45,167,0280,Hkx,03,03
2022-11-19,3148,S33E32,180,0020,Hrx,01,01
2022-11-19,3149,N22E51,161,0030,Cro,02,03
2022-11-19,3150,N21W42,254,0080,Dri,06,08
2022-11-20,3147,S12E32,166,0230,Dao,04,04
2022-11-20,3148,S32E21,177,0040,Dro,04,04
2022-11-20,3149,N23E38,160,0030,Cro,03,05
2022-11-20,3150,N22W55,253,0140,Dso,08,06
2022-11-21,3147,S12E18,167,0240,Dao,05,05
2022-11-21,3148,S33E09,176,0030,Cro,04,04
2022-11-21,3149,N23E24,161,0130,Dai,06,16
2022-11-21,3150,N21W70,255,0120,Dao,10,07
2022-11-22,3147,S11E04,168,0190,Cso,04,05
2022-11-22,3148,S33W05,177,0010,Axx,01,03
2022-11-22,3149,N22E10,162,0150,Dai,08,15
2022-11-22,3150,N21W84,256,0050,Dao,09,03
2022-11-22,3151,S14E19,153,0010,Bxo,06,07
2022-11-23,3147,S12W10,169,0210,Cao,07,07
2022-11-23,3149,N21W04,163,0170,Dsi,09,15
2022-11-23,3151,S19E05,154,0030,Cri,05,09
2022-11-24,3147,S12W24,170,0250,Hkx,05,07
2022-11-24,3149,N21W18,164,0150,Eao,11,11
2022-11-24,3151,S16W09,155,0030,Dro,08,07
2022-11-24,3152,S26E57,089,0010,Axx,02,03
2022-11-25,3147,S12W37,170,0220,Hax,04,03
2022-11-25,3149,N21W30,163,0120,Dao,09,08
2022-11-25,3151,S16W21,154,0060,Dao,09,07
2022-11-25,3152,N26E45,088,0010,Bxo,04,03
2022-11-26,3147,S12W50,169,0110,Hsx,03,02
2022-11-26,3149,N22W45,164,0060,Hsx,02,02
2022-11-26,3151,S15W34,153,0020,Cro,09,04
2022-11-26,3152,N27E36,083,0020,Cro,06,07
2022-11-27,3147,S11W63,169,0070,Hsx,02,02
2022-11-27,3149,N22W57,163,0080,Cso,05,02
2022-11-27,3151,S16W47,153,0080,Cao,07,06
2022-11-27,3152,N27E23,083,0120,Cao,07,10
2022-11-28,3147,S11W77,170,0030,Hsx,01,01
2022-11-28,3149,N22W70,163,0020,Hsx,02,01
2022-11-28,3151,S15W59,152,0050,Cso,06,06
2022-11-28,3152,N26E10,083,0050,Cso,07,08
2022-11-29,3147,S11W93,172,0010,Hrx,02,01
2022-11-29,3149,N21W83,162,0030,Hsx,02,01
2022-11-29,3151,S16W73,152,0120,Cso,08,04
2022-11-29,3152,N27W05,084,0010,Bxo,07,06
2022-11-30,3151,S16W88,154,0070,Hax,01,02
2022-11-30,3152,N27W14,080,0030,Cro,04,03
2022-12-01,3152,N27W26,078,0010,Bxo,07,02
2022-12-02,3152,N28W38,078,0010,Axx,01,01
2022-12-02,3153,S19E70,329,0270,Dko,04,02
2022-12-02,3154,S38W07,047,0040,Dao,03,03
2022-12-02,3155,N22E17,023,0010,Bxo,04,03
2022-12-03,3152,N28W51,078,0010,Axx,01,01
2022-12-03,3153,S17E59,328,0750,Eko,12,06
2022-12-03,3154,S38W19,046,0030,Cro,04,03
2022-12-03,3155,N21E02,025,0040,Dro,05,05
2022-12-03,3156,N25E63,324,0180,Hax,03,01
2022-12-04,3153,S17E48,326,0750,Eko,12,08
2022-12-04,3154,S38W32,046,0020,Bxo,03,02
2022-12-04,3155,N22W11,025,0060,Dro,06,05
2022-12-04,3156,N25E55,319,0220,Dao,06,02
2022-12-04,3157,N16E75,299,0120,Hax,02,01
2022-12-05,3153,S17E33,327,1080,Fko,16,13
2022-12-05,3155,N23W25,026,0140,Dai,07,14
2022-12-05,3156,N25E39,320,0170,Cso,06,04
2022-12-05,3157,N16E61,300,0210,Dso,08,06
2022-12-05,3158,N24E06,355,0020,Cro,06,06
2022-12-06,3153,S16E19,327,0690,Fkc,17,13
2022-12-06,3155,N22W38,025,0110,Dao,08,09
2022-12-06,3156,N24E29,317,0080,Hsx,10,02
2022-12-06,3157,N17E09,217,0170,Dao,10,05
2022-12-06,3158,N24W07,354,0110,Dai,07,10
2022-12-07,3153,S16E08,325,0660,Eko,15,27
2022-12-07,3155,N22W49,023,0080,Cao,05,07
2022-12-07,3156,N25E13,321,0050,Hsx,01,01
2022-12-07,3157,N17E33,300,0150,Cso,09,07
2022-12-07,3158,N24W19,353,0070,Cro,09,09
2022-12-07,3159,N30E65,269,0020,Axx,01,01
2022-12-07,3160,N26E72,261,0030,Hsx,02,01
2022-12-08,3153,S18W05,326,0370,Fko,17,14
2022-12-08,3155,N21W62,023,0120,Hax,03,01
2022-12-08,3156,N23E02,318,0050,Cso,12,02
2022-12-08,3157,N16E19,301,0130,Csi,10,10
2022-12-08,3158,N24W34,355,0010,Bxo,09,08
2022-12-08,3159,N28E51,269,0010,Axx,01,01
2022-12-08,3160,N20E60,260,0080,Hsx,01,01
2022-12-09,3153,S17W20,327,0740,Fko,17,13
2022-12-09,3155,N22W79,026,0040,Hax,01,01
2022-12-09,3156,N25W07,315,0080,Hsx,03,01
2022-12-09,3157,N16E07,300,0150,Csi,10,09
2022-12-09,3158,N24W48,355,0030,Cro,09,04
2022-12-09,3159,N28E37,271,0010,Axx,01,01
2022-12-09,3160,N21E48,259,0080,Hax,01,01
2022-12-09,3161,N26W01,309,0010,Dro,04,05
2022-12-10,3153,S17W33,328,0730,Fho,17,09
2022-12-10,3156,N25W25,320,0080,Cso,03,02
2022-12-10,3157,N16W09,304,0220,Esi,14,20
2022-12-10,3158,N24W60,355,0010,Bxo,10,07
2022-12-10,3160,N22E34,261,0080,Hax,02,01
2022-12-10,3161,N26W17,312,0020,Dro,03,06
2022-12-10,3162,S13E56,239,0060,Hsx,02,01
2022-12-11,3153,S17W45,327,0700,Fho,17,05
2022-12-11,3156,N25W39,321,0070,Cso,02,06
2022-12-11,3157,N16W23,305,0230,Esi,12,19
2022-12-11,3160,N22E22,260,0080,Hsx,02,01
2022-12-11,3161,N26W30,312,0010,Bxo,04,04
2022-12-11,3162,S13E43,239,0070,Hsx,02,01
2022-12-11,3163,S20E64,218,0130,Dso,09,05
2022-12-12,3153,S17W59,327,0690,Fho,17,05
2022-12-12,3156,N28W54,322,0080,Dso,05,05
2022-12-12,3157,N16W37,305,0220,Esi,12,17
2022-12-12,3160,N22E08,260,0080,Hsx,02,01
2022-12-12,3162,S13E29,239,0070,Hsx,02,01
2022-12-12,3163,S20E51,217,0140,Eso,11,09
2022-12-12,3164,S18W32,300,0020,Dro,04,05
2022-12-12,3165,S18W10,278,0020,Cro,03,04
2022-12-12,3166,S07E45,222,0020,Cro,06,04
2022-12-13,3153,S17W72,327,0670,Fho,16,05
2022-12-13,3156,N28W66,321,0150,Dso,07,08
2022-12-13,3157,N16W50,305,0210,Csi,14,11
2022-12-13,3160,N22W03,258,0080,Hsx,02,01
2022-12-13,3162,S13E16,239,0080,Hsx,02,01
2022-12-13,3163,S20E39,216,0160,Eso,12,08
2022-12-13,3164,S20W47,300,0020,Dro,05,05
2022-12-13,3165,S20W23,278,0030,Dro,05,10
2022-12-13,3166,S08E32,223,0010,Bxo,05,03
2022-12-14,3153,S15W85,327,0400,Fho,17,07
2022-12-14,3156,N26W80,322,0080,Cso,06,06
2022-12-14,3157,N16W62,303,0160,Cso,08,06
2022-12-14,3160,N22W16,258,0080,Hsx,02,01
2022-12-14,3162,S13E03,238,0090,Hsx,02,01
2022-12-14,3163,S20E28,213,0200,Eso,12,14
2022-12-14,3164,S20W59,301,0010,Bxo,05,02
2022-12-14,3165,S20W38,280,0050,Dso,08,12
2022-12-14,3166,S09E16,225,0010,Axx,01,01
2022-12-14,3167,N20W01,243,0180,Dai,06,09
2022-12-15,3153,S17W95,324,0010,Axx,01,02
2022-12-15,3156,N26W95,322,0100,Hax,02,01
2022-12-15,3157,N16W76,305,0100,Hsx,03,01
2022-12-15,3160,N23W29,257,0080,Hsx,02,01
2022-12-15,3162,S13W10,237,0080,Hsx,02,01
2022-12-15,3163,S20E15,214,0350,Ekc,12,22
2022-12-15,3164,S20W73,301,0010,Bxo,05,02
2022-12-15,3165,S20W49,277,0200,Dac,08,12
2022-12-15,3166,S09E02,227,0030,Cro,06,06
2022-12-15,3167,N20W12,240,0190,Dao,07,15
2022-12-15,3168,S16E68,161,0090,Cso,02,01
2022-12-16,3160,N23W42,258,0070,Hsx,02,01
2022-12-16,3162,S12W23,239,0080,Cso,02,02
2022-12-16,3163,S19E02,213,0400,Ekc,13,23
2022-12-16,3165,S19W63,279,0340,Ekc,11,16
2022-12-16,3166,S08W11,226,0080,Dao,08,15
2022-12-16,3167,N21W26,241,0120,Dso,08,10
2022-12-16,3168,S15E53,162,0070,Hsx,04,03
2022-12-18,3160,N23W69,258,0050,Hsx,01,01
2022-12-18,3162,S14W51,240,0040,Hsx,02,02
2022-12-18,3163,S20W26,215,0530,Eki,12,22
2022-12-18,3165,S22W88,277,0150,Dao,05,06
2022-12-18,3166,S08W39,228,0170,Dso,08,09
2022-12-18,3167,N20W53,242,0120,Cao,07,05
2022-12-18,3168,S16E28,161,0050,Hsx,01,01
2022-12-18,3169,N20E69,120,0160,Dso,03,02
2022-12-18,3170,S18E72,117,0020,Hrx,01,01
2022-12-19,3160,N23W81,257,0030,Hsx,01,01
2022-12-19,3162,S13W63,239,0030,Cro,04,04
2022-12-19,3163,S20W39,215,0380,Eko,12,15
2022-12-19,3166,S07W52,228,0130,Dso,07,10
2022-12-19,3167,N20W64,240,0030,Cso,08,04
2022-12-19,3168,S16E16,160,0050,Hsx,02,01
2022-12-19,3169,N21E61,115,0240,Dso,14,07
2022-12-19,3170,S19E64,112,0040,Cso,08,06
2022-12-20,3162,S14W76,239,0010,Axx,02,03
2022-12-20,3163,S19W52,215,0350,Eko,12,14
2022-12-20,3166,S07W64,227,0180,Dso,07,04
2022-12-20,3167,N20W77,240,0040,Cao,05,07
2022-12-20,3168,S16E04,159,0050,Hsx,02,01
2022-12-20,3169,N21E48,115,0200,Eac,15,11
2022-12-20,3170,S19E51,112,0030,Cro,07,07
2022-12-20,3171,N25E65,098,0030,Cao,07,05
2022-12-21,3163,S19W66,216,0380,Eki,11,10
2022-12-21,3166,S08W78,228,0120,Dao,07,04
2022-12-21,3167,N20W91,241,0020,Cao,03,03
2022-12-21,3168,S15W10,160,0060,Hsx,02,01
2022-12-21,3169,N21E36,114,0220,Esc,15,14
2022-12-21,3170,S20E37,113,0030,Cro,07,05
2022-12-21,3171,N24E52,098,0080,Cao,12,12
2022-12-22,3163,S19W80,216,0330,Dko,06,06
2022-12-22,3168,S16W24,160,0060,Hsx,02,01
2022-12-22,3169,N19E19,116,0290,Dho,10,15
2022-12-22,3170,S19E25,110,0030,Bxo,05,11
2022-12-22,3171,N23E36,100,0150,Cao,09,09
2022-12-22,3172,S35E61,075,0020,Hsx,01,01
2022-12-23,3168,S14W40,162,0050,Hsx,06,01
2022-12-23,3169,N20E04,118,0230,Eso,11,14
2022-12-23,3170,S18E09,113,0010,Bxo,03,04
2022-12-23,3171,N24E27,095,0110,Cao,08,12
2022-12-23,3172,S34E49,074,0030,Cso,05,02
2022-12-23,3173,N26E74,050,0030,Hrx,02,01
2022-12-23,3174,N22E38,084,0010,Bxo,02,04
2022-12-24,3168,S16W53,163,0050,Hsx,03,01
2022-12-24,3169,N19W09,119,0260,Eho,12,09
2022-12-24,3170,N01W03,113,0010,Bxo,04,03
2022-12-24,3171,N24E12,098,0250,Dko,08,07
2022-12-24,3172,S34E36,074,0020,Cro,04,03
2022-12-24,3173,N25E63,047,0050,Cao,02,04
2022-12-24,3174,N23E25,085,0010,Axx,02,03
2022-12-25,3168,S15W66,161,0070,Hsx,01,01
2022-12-25,3169,N20W21,119,0260,Fsi,16,25
2022-12-25,3171,N23W01,099,0140,Cko,05,06
2022-12-25,3172,S34E24,074,0030,Hsx,03,02
2022-12-25,3173,N25E50,048,0080,Hsx,02,01
2022-12-26,3168,S16W78,161,0060,Hsx,01,01
2022-12-26,3169,N21W32,116,0200,Fac,23,30
2022-12-26,3171,N23W14,098,0120,Cao,05,08
2022-12-26,3172,S36E16,067,0040,Cro,10,04
2022-12-26,3173,N25E37,046,0050,Hsx,02,02
2022-12-26,3175,S20E56,027,0040,Cro,04,02
2022-12-27,3169,N21W45,115,0350,Fkc,19,19
2022-12-27,3171,N23W26,096,0100,Cao,07,05
2022-12-27,3172,S36E04,065,0010,Bxo,06,04
2022-12-27,3173,N25E22,047,0050,Hsx,02,01
2022-12-27,3175,S21E41,028,0010,Bxo,04,04
2022-12-27,3176,N19E61,008,0070,Dao,02,03
2022-12-28,3169,N22W60,117,0490,Fkc,19,17
2022-12-28,3171,N23W39,096,0120,Cao,07,05
2022-12-28,3173,N25E10,046,0090,Hsx,04,01
2022-12-28,3175,S20E29,028,0010,Axx,05,04
2022-12-28,3176,N19E50,006,0400,Dki,07,12
2022-12-29,3169,N22W69,114,0230,Fac,20,08
2022-12-29,3171,N24W51,096,0080,Hax,03,03
2022-12-29,3173,N24W03,047,0040,Hsx,02,02
2022-12-29,3175,S22E17,027,0010,Bxo,04,02
2022-12-29,3176,N19E38,006,0300,Eki,11,10
2022-12-29,3177,S18E71,333,0090,Hax,08,03
2022-12-30,3169,N23W84,115,0040,Hax,10,01
2022-12-30,3171,N23W65,097,0040,Hsx,02,02
2022-12-30,3172,S36W34,066,0010,Bxo,05,04
2022-12-30,3173,N25W16,046,0030,Hsx,02,03
2022-12-30,3176,N19E24,009,0380,Eki,11,14
2022-12-30,3177,S18E58,336,0120,Dso,06,03
2022-12-30,3178,S03W70,100,0060,Cso,04,02
2022-12-30,3179,N13W11,042,0030,Cao,03,04
2022-12-31,3171,N23W79,098,0030,Hax,02,02
2022-12-31,3172,S35W50,068,0010,Axx,01,01
2022-12-31,3173,N25W29,047,0020,Hsx,03,03
2022-12-31,3176,N20E10,008,0420,Eki,13,14
2022-12-31,3177,S17E44,334,0170,Dao,07,05
2022-12-31,3178,S03W84,102,0020,Cro,03,02
2022-12-31,3179,N13W24,042,0070,Dao,06,11
2022-12-31,3180,N19E68,310,0120,Dao,07,03
2023-01-01,3173,N24W42,047,0020,Hrx,01,01
2023-01-01,3176,N20W03,008,0430,Eko,13,12
2023-01-01,3177,S18E31,334,0310,Dac,08,06
2023-01-01,3179,N14W37,042,0350,Dki,08,07
2023-01-01,3180,N19E56,309,0210,Dao,06,06
2023-01-02,3173,N24W56,048,0010,Hrx,01,01
2023-01-02,3176,N20W15,007,0380,Eko,13,10
2023-01-02,3177,S18E17,335,0220,Dac,08,09
2023-01-02,3179,N14W51,043,0360,Dki,09,08
2023-01-02,3180,N19E43,309,0220,Dso,06,05
2023-01-02,3181,S19E71,281,0030,Hax,02,01
2023-01-03,3173,N24W70,049,0010,Axx,01,01
2023-01-03,3176,N19W29,008,0230,Eao,13,15
2023-01-03,3177,S18E04,335,0200,Cai,07,07
2023-01-03,3179,N14W64,043,0380,Dko,09,04
2023-01-03,3180,N19E30,309,0230,Dsi,07,06
2023-01-03,3181,S19E58,281,0050,Hax,02,01
2023-01-04,3176,N19W43,007,0110,Esi,12,12
2023-01-04,3177,S18W09,333,0190,Cai,09,11
2023-01-04,3179,N13W80,046,0290,Dko,10,02
2023-01-04,3180,N18E17,307,0240,Dsi,09,12
2023-01-04,3181,S19E44,280,0100,Hsx,02,02
2023-01-05,3176,N19W57,010,0060,Cso,10,05
2023-01-05,3177,S19W23,335,0100,Csi,08,13
2023-01-05,3179,N14W92,044,0080,Hsx,02,01
2023-01-05,3180,N19E03,308,0240,Dsi,09,11
2023-01-05,3181,S19E30,283,0070,Cso,02,06
2023-01-06,3176,N19W71,013,0030,Hsx,01,01
2023-01-06,3177,S18W36,334,0090,Cao,07,10
2023-01-06,3180,N19W10,308,0180,Cso,08,11
2023-01-06,3181,S18E18,280,0080,Dao,04,12
2023-01-06,3182,S17E72,226,0280,Dki,01,04
2023-01-06,3183,S17W08,307,0030,Cro,03,05
2023-01-07,3176,N19W91,016,0030,Hsx,01,01
2023-01-07,3177,S17W48,333,0050,Cao,06,05
2023-01-07,3180,N18W23,308,0120,Cso,08,05
2023-01-07,3181,S20E06,279,0110,Dai,09,13
2023-01-07,3182,S16E59,226,0450,Dki,10,09
2023-01-07,3183,S17W22,308,0160,Dsi,07,08
2023-01-08,3177,S18W61,334,0020,Axx,05,03
2023-01-08,3180,N18W37,310,0100,Cso,07,03
2023-01-08,3181,S21W07,280,0380,Dki,09,16
2023-01-08,3182,S17E46,227,0510,Eki,12,23
2023-01-08,3183,S17W36,309,0200,Dso,09,09
2023-01-09,3177,S18W72,332,0010,Axx,01,01
2023-01-09,3180,N18W50,310,0090,Cso,07,03
2023-01-09,3181,S20W20,280,0410,Eki,11,19
2023-01-09,3182,S17E32,228,0880,Eki,15,23
2023-01-09,3183,S17W49,309,0180,Dao,10,08
2023-01-09,3184,S13E81,179,0240,Hax,03,03
2023-01-10,3180,N18W63,310,0100,Hsx,06,03
2023-01-10,3181,S19W33,279,0700,Ekc,12,35
2023-01-10,3182,S17E20,226,0950,Ekc,15,30
2023-01-10,3183,S17W62,309,0110,Cso,10,06
2023-01-10,3184,S14E67,179,0400,Hkx,05,04
2023-01-10,3185,N20W00,246,0030,Cro,03,04
2023-01-11,3180,N17W78,311,0050,Hsx,01,01
2023-01-11,3181,S17W47,280,0700,Ekc,13,44
2023-01-11,3182,S16E06,227,0750,Fkc,17,51
2023-01-11,3183,S16W77,310,0100,Hax,10,02
2023-01-11,3184,S13E53,180,0440,Eki,14,08
2023-01-11,3185,N20W13,246,0030,Cro,03,08
2023-01-11,3186,N25E65,168,0100,Dso,02,05
2023-01-11,3187,N13E18,215,0010,Axx,01,02
2023-01-12,3181,S18W61,281,0450,Ekc,15,38
2023-01-12,3182,S17W08,228,0650,Ehi,14,49
2023-01-12,3183,S16W91,311,0050,Hsx,01,02
2023-01-12,3184,S13E40,180,0730,Ekc,12,13
2023-01-12,3185,N20W27,247,0030,Dro,06,12
2023-01-12,3186,N24E51,169,0150,Dai,09,09
2023-01-13,3181,S19W74,281,0240,Eai,15,15
2023-01-13,3182,S18W20,227,0510,Eki,14,35
2023-01-13,3184,S13E26,181,0240,Cso,15,10
2023-01-13,3185,N20W41,248,0100,Dao,08,09
2023-01-13,3186,N24E38,169,0320,Ekc,13,19
2023-01-13,3188,S23E58,149,0020,Dro,06,03
2023-01-14,3181,S21W87,281,0090,Eai,11,10
2023-01-14,3182,S18W34,228,0300,Eki,11,20
2023-01-14,3184,S12E13,181,0300,Eho,15,15
2023-01-14,3185,N19W55,249,0060,Cao,08,06
2023-01-14,3186,N25E24,170,0500,Eki,13,18
2023-01-14,3188,S23E45,149,0020,Dro,06,04
2023-01-14,3189,N23W31,225,0010,Bxo,05,02
2023-01-14,3190,S13E70,124,0180,Hsx,06,01
2023-01-14,3191,N12E71,123,0090,Cso,04,03
2023-01-14,3192,N19E75,119,0100,Dso,04,02
2023-01-15,3182,S18W48,229,0190,Dai,07,15
2023-01-15,3184,S12W00,181,0260,Eho,14,13
2023-01-15,3185,N19W69,250,0030,Cao,04,06
2023-01-15,3186,N25E10,171,0410,Eki,12,12
2023-01-15,3188,S23E33,148,0030,Dri,05,05
2023-01-15,3189,N23W45,226,0010,Axx,01,01
2023-01-15,3190,S12E58,123,0510,Eko,11,11
2023-01-15,3191,N11E55,126,0150,Dai,07,09
2023-01-15,3192,N19E61,120,0160,Dsi,08,08
2023-01-16,3182,S17W60,227,0140,Dai,07,14
2023-01-16,3184,S12W11,178,0260,Fho,16,07
2023-01-16,3186,N25W03,170,0450,Eko,11,10
2023-01-16,3188,S24E21,146,0030,Dri,05,08
2023-01-16,3190,S12E45,122,0520,Eko,11,11
2023-01-16,3191,N12E40,127,0170,Dac,09,11
2023-01-16,3192,N19E49,118,0210,Dac,10,13
2023-01-16,3193,S22W31,198,0020,Cro,04,06
2023-01-16,3194,S22E37,130,0020,Cro,04,07
2023-01-17,3182,S17W75,229,0020,Cro,06,05
2023-01-17,3184,S13W24,177,0210,Cso,14,07
2023-01-17,3186,N25W15,168,0440,Eho,13,14
2023-01-17,3188,S24E09,145,0030,Dro,08,10
2023-01-17,3190,S14E34,120,0880,Ehi,14,21
2023-01-17,3191,N12E22,130,0360,Dkc,09,13
2023-01-17,3192,N19E40,114,0400,Fki,18,13
2023-01-17,3193,S21W45,199,0060,Dso,05,06
2023-01-17,3194,S23E23,131,0010,Bxo,07,07
2023-01-18,3182,S17W89,230,0000,Axx,00,01
2023-01-18,3184,S13W38,179,0190,Hsx,07,05
2023-01-18,3186,N25W29,170,0430,Eho,13,11
2023-01-18,3188,S24W05,146,0010,Bxo,07,07
2023-01-18,3190,S14E20,121,0900,Eki,14,20
2023-01-18,3191,N11E08,133,0320,Dsi,09,13
2023-01-18,3192,N19E26,115,0380,Fki,17,13
2023-01-18,3193,S21W59,200,0030,Cro,04,03
2023-01-18,3194,S23E10,131,0000,Bxo,06,04
2023-01-18,3195,N11E04,137,0030,Dro,05,08
2023-01-19,3184,S13W51,179,0180,Cso,05,03
2023-01-19,3186,N24W41,169,0350,Eho,12,05
2023-01-19,3188,S24W16,144,0010,Bxo,03,03
2023-01-19,3190,S15E09,119,0950,Eki,12,17
2023-01-19,3191,N11W04,131,0230,Dsi,09,08
2023-01-19,3192,N16E13,115,0420,Fki,18,17
2023-01-19,3193,S22W70,198,0010,Bxo,04,02
2023-01-19,3194,S23W04,132,0000,Bxo,02,02
2023-01-19,3195,N20W09,137,0030,Cro,06,05
2023-01-19,3196,N12E44,084,0030,Dro,03,02
2023-01-20,3184,S12W65,180,0190,Cso,04,02
2023-01-20,3186,N25W55,170,0320,Eho,11,04
2023-01-20,3190,S15W04,119,0860,Eki,13,13
2023-01-20,3191,N11W15,130,0220,Dao,09,08
2023-01-20,3192,N16W01,116,0350,Fki,16,21
2023-01-20,3194,S23W18,133,0010,Bxo,03,02
2023-01-20,3195,N21W24,139,0010,Bxo,07,03
2023-01-20,3196,N12E31,084,0020,Dro,05,03
2023-01-20,3197,N24E46,069,0010,Bxo,04,04
2023-01-20,3198,N27E58,057,0030,Cao,05,06
2023-01-21,3184,S12W80,182,0090,Hsx,05,02
2023-01-21,3186,N24W67,169,0230,Eso,13,04
2023-01-21,3190,S15W18,120,0710,Eki,15,14
2023-01-21,3191,N12W30,132,0220,Dao,09,08
2023-01-21,3192,N16W15,117,0330,Fki,19,32
2023-01-21,3194,S24W31,133,0040,Cao,05,04
2023-01-21,3195,N21W36,138,0010,Bxo,06,04
2023-01-21,3196,N12E16,086,0010,Bxo,05,04
2023-01-21,3197,N24E32,070,0010,Bxo,04,04
2023-01-21,3198,N27E45,057,0030,Cao,05,06
2023-01-21,3199,N15E61,040,0040,Cao,05,05
2023-01-22,3184,S12W93,182,0020,Hsx,02,01
2023-01-22,3186,N24W81,170,0060,Hsx,02,01
2023-01-22,3190,S15W31,120,0680,Eki,13,17
2023-01-22,3191,N12W44,133,0140,Dao,07,06
2023-01-22,3192,N16W29,118,0270,Fki,18,29
2023-01-22,3194,S25W44,133,0080,Cao,06,15
2023-01-22,3196,N12E02,087,0010,Axx,01,01
2023-01-22,3197,N24E18,071,0010,Cro,04,08
2023-01-22,3198,N27E31,058,0030,Cso,05,06
2023-01-22,3199,N15E47,042,0090,Dai,05,10
2023-01-23,3190,S16W43,118,0720,Eki,12,18
2023-01-23,3191,N12W57,132,0050,Cao,04,03
2023-01-23,3192,N16W42,117,0170,Dai,09,16
2023-01-23,3194,S24W57,132,0130,Dai,05,13
2023-01-23,3196,N12W12,087,0010,Bxo,04,02
2023-01-23,3197,N24E04,071,0010,Cro,04,08
2023-01-23,3198,N27E17,058,0030,Cso,05,03
2023-01-23,3199,N15E33,042,0090,Dai,05,10
2023-01-23,3200,N21E60,015,0040,Cao,05,03
2023-01-24,3190,S14W57,121,0720,Ekc,12,14
2023-01-24,3191,N10W71,132,0040,Cao,02,02
2023-01-24,3192,N15W56,119,0130,Cao,04,05
2023-01-24,3194,S25W70,131,0140,Dao,08,08
2023-01-24,3196,N13W22,084,0020,Cso,03,04
2023-01-24,3197,N24W10,072,0010,Axx,04,04
2023-01-24,3198,N27E03,059,0030,Cso,05,03
2023-01-24,3199,N16E20,040,0080,Dai,07,12
2023-01-24,3200,N21E47,013,0070,Cao,02,02
2023-01-25,3190,S14W78,124,0880,Dkc,09,06
2023-01-25,3192,N16W70,121,0130,Cao,05,04
2023-01-25,3194,S24W84,132,0120,Dao,05,04
2023-01-25,3196,N15W34,082,0010,Cso,05,02
2023-01-25,3197,N20W24,072,0060,Dao,08,05
2023-01-25,3198,N26W10,058,0060,Cso,03,01
2023-01-25,3199,N16E05,042,0060,Cao,08,12
2023-01-25,3200,N23E35,013,0040,Cao,02,02
2023-01-25,3201,N25E58,350,0020,Hsx,01,01
2023-01-26,3190,S14W89,124,0680,Dkc,08,03
2023-01-26,3192,N15W84,121,0070,Cao,06,03
2023-01-26,3196,N19W41,077,0060,Cso,08,08
2023-01-26,3197,N20W32,094,0030,Cro,05,03
2023-01-26,3198,N25W24,059,0070,Hsx,01,01
2023-01-26,3199,N18W08,043,0040,Cao,07,06
2023-01-26,3200,N21E22,013,0050,Cao,08,07
2023-01-26,3201,N24E44,351,0070,Hsx,01,01
2023-01-26,3202,N13W47,079,0010,Cao,08,05
2023-01-26,3203,N16E32,004,0010,Bxo,08,03
2023-01-27,3196,N17W58,080,0060,Cso,01,02
2023-01-27,3197,N20W45,068,0010,Bxo,06,02
2023-01-27,3198,N26W37,059,0050,Hsx,01,01
2023-01-27,3199,N16W23,045,0010,Axx,05,01
2023-01-27,3200,N16E12,011,0030,Cao,04,06
2023-01-27,3201,N24E30,352,0060,Hsx,02,01
2023-01-27,3202,N11W65,088,0040,Cao,07,05
2023-01-27,3203,N16E16,007,0020,Cro,03,06
2023-01-28,3196,N17W71,080,0020,Cso,02,03
2023-01-28,3198,N26W50,059,0020,Hsx,02,01
2023-01-28,3199,N16W36,048,0010,Axx,01,01
2023-01-28,3200,N21W01,010,0010,Bxo,03,02
2023-01-28,3201,N25E17,352,0060,Hsx,02,01
2023-01-28,3202,N11W78,087,0040,Cao,07,03
2023-01-28,3203,N16E03,006,0010,Bxo,03,03
2023-01-29,3198,N26W63,059,0020,Hrx,01,01
2023-01-29,3200,N21W15,011,0010,Axx,06,01
2023-01-29,3201,N23E04,352,0060,Hsx,02,01
2023-01-29,3203,N17W10,006,0010,Bxo,03,06
2023-01-29,3204,N24W33,029,0010,Bxo,03,03
2023-01-29,3205,S24W36,032,0010,Bxo,03,04
2023-01-30,3198,N26W75,058,0010,Axx,01,01
2023-01-30,3199,N16W64,047,0010,Axx,01,01
2023-01-30,3201,N24W10,353,0030,Hsx,02,02
2023-01-30,3204,N25W46,029,0060,Dao,06,07
2023-01-30,3205,S24W48,031,0040,Cao,06,05
2023-01-30,3206,S22E59,284,0010,Bxo,04,04
2023-01-31,3201,N24W22,352,0060,Hsx,01,01
2023-01-31,3204,N25W59,029,0040,Dao,06,04
2023-01-31,3205,S22W62,033,0080,Cao,05,04
2023-01-31,3206,S22E47,283,0010,Bxo,05,05
2023-01-31,3207,S13E71,258,0030,Cai,01,01
2023-02-01,3201,N24W34,350,0050,Hsx,01,01
2023-02-01,3204,N24W72,031,0060,Dao,03,03
2023-02-01,3205,S23W78,034,0090,Cao,03,01
2023-02-01,3206,S22E33,282,0030,Cao,06,05
2023-02-01,3207,S11E65,254,0130,Cao,07,05
2023-02-02,3201,N24W48,351,0050,Hsx,02,12
2023-02-02,3204,N24W86,033,0080,Cao,07,03
2023-02-02,3205,S23W91,034,0060,Hsx,05,02
2023-02-02,3206,S21E19,285,0030,Bxo,04,04
2023-02-02,3207,S11E49,254,0090,Cao,07,07
2023-02-02,3208,N16E51,252,0010,Cro,03,01
2023-02-03,3201,N26W62,352,0020,Axx,01,02
2023-02-03,3206,S20E05,286,0030,Bxo,03,03
2023-02-03,3207,S12E36,253,0110,Cao,09,10
2023-02-03,3208,N16E39,250,0020,Cro,02,01
2023-02-04,3206,S21W08,285,0010,Axx,03,01
2023-02-04,3207,S12E23,254,0100,Cai,09,11
2023-02-04,3208,N16E27,250,0010,Axx,01,01
2023-02-04,3209,N18E56,221,0040,Dao,04,06
2023-02-04,3210,S15W05,282,0030,Cao,05,05
2023-02-05,3207,S13E10,254,0060,Cao,08,10
2023-02-05,3209,N18E41,223,0070,Dso,04,06
2023-02-05,3210,S15W16,280,0030,Cao,05,05
2023-02-05,3211,S16W29,293,0020,Cao,03,05
2023-02-06,3207,S14W04,255,0060,Bxo,07,10
2023-02-06,3209,N18E26,225,0060,Dso,07,06
2023-02-06,3210,S17W29,280,0020,Bxo,04,04
2023-02-06,3211,S17W41,292,0040,Cro,04,06
2023-02-06,3212,S17W56,307,0020,Bxo,05,03
2023-02-07,3207,S14W19,257,0010,Bxo,02,03
2023-02-07,3209,N18E12,226,0030,Cro,07,07
2023-02-07,3210,S15W43,281,0010,Axx,01,01
2023-02-07,3211,S17W57,295,0100,Dao,05,07
2023-02-07,3212,S17W70,308,0020,Cro,04,05
2023-02-07,3213,N29E13,225,0010,Cri,03,15
2023-02-07,3214,N10E33,205,0030,Dao,05,07
2023-02-07,3215,N21E57,181,0010,Bxo,03,03
2023-02-07,3216,N24E67,171,0040,Hsx,03,01
2023-02-08,3209,N20W01,226,0010,Bxo,07,03
2023-02-08,3210,S14W56,281,0005,Axx,01,01
2023-02-08,3211,S16W71,296,0050,Cao,05,03
2023-02-08,3212,S16W84,309,0010,Bxo,07,03
2023-02-08,3213,N31W01,226,0080,Dai,07,09
2023-02-08,3214,N13E19,206,0120,Dao,06,08
2023-02-08,3215,N23E43,182,0010,Axx,02,02
2023-02-08,3216,N27E53,172,0140,Hsx,02,01
2023-02-09,3210,S14W70,282,0010,Axx,01,01
2023-02-09,3211,S16W84,296,0050,Cao,03,04
2023-02-09,3213,N35W15,227,0290,Eki,11,26
2023-02-09,3214,N16E06,206,0290,Dho,08,14
2023-02-09,3215,N25E29,183,0030,Cro,06,03
2023-02-09,3216,N27E45,167,0250,Dko,05,05
2023-02-09,3217,S07E72,140,0300,Dko,04,07
2023-02-09,3218,N15E62,150,0060,Bxo,02,02
2023-02-10,3213,N30W28,228,0290,Ekc,13,18
2023-02-10,3214,N11W07,205,0280,Dho,09,13
2023-02-10,3215,N22E16,179,0020,Cro,05,03
2023-02-10,3216,N25E31,167,0150,Dao,07,05
2023-02-10,3217,S10E63,135,0260,Dkc,10,09
2023-02-10,3218,N12E49,149,0020,Cro,05,03
2023-02-10,3219,S17E54,144,0010,Bxo,03,05
2023-02-10,3220,S15E77,121,0080,Dso,06,02
2023-02-10,3221,N14E75,123,0080,Hax,08,02
2023-02-11,3208,N09W66,251,0020,Cro,03,05
2023-02-11,3209,N22W38,223,0010,Bxo,02,02
2023-02-11,3213,N30W39,224,0450,Fki,17,22
2023-02-11,3214,N11W20,205,0300,Dho,09,11
2023-02-11,3215,N22E03,182,0010,Axx,01,01
2023-02-11,3216,N24E19,166,0140,Hsx,02,03
2023-02-11,3217,S11E49,136,0380,Dki,09,11
2023-02-11,3218,N11E35,150,0010,Bxo,02,02
2023-02-11,3219,S07E42,143,0030,Cro,05,06
2023-02-11,3220,S15E64,121,0130,Cso,06,03
2023-02-11,3221,N16E62,123,0100,Hax,05,02
2023-02-11,3222,N35W64,249,0030,Cro,04,02
2023-02-12,3208,N08W79,251,0070,Dao,06,08
2023-02-12,3213,N29W51,223,0460,Fki,16,31
2023-02-12,3214,N12W33,205,0380,Dki,09,16
2023-02-12,3216,N24E06,166,0140,Hax,03,02
2023-02-12,3217,S09E36,135,0380,Eki,11,14
2023-02-12,3218,N11E21,151,0010,Axx,01,01
2023-02-12,3219,S07E29,143,0030,Cro,03,04
2023-02-12,3220,S14E51,121,0150,Hsx,04,02
2023-02-12,3221,N16E48,124,0050,Hax,03,02
2023-02-12,3222,N29W79,251,0030,Dao,06,04
2023-02-12,3223,N19E31,141,0010,Bxo,04,03
2023-02-12,3224,N23E50,122,0010,Cro,05,02
2023-02-13,3208,N08W92,251,0030,Cao,06,03
2023-02-13,3213,N30W64,223,0480,Fki,17,25
2023-02-13,3214,N12W46,205,0390,Dki,10,09
2023-02-13,3216,N24W08,167,0140,Hax,03,03
2023-02-13,3217,S12E22,137,0400,Dki,10,19
2023-02-13,3218,N11E05,153,0010,Hrx,01,01
2023-02-13,3219,S07E13,146,0020,Hrx,01,03
2023-02-13,3220,S15E37,122,0150,Cso,04,02
2023-02-13,3221,N15E34,125,0040,Hax,03,03
2023-02-13,3222,N30W92,251,0040,Dao,07,03
2023-02-13,3224,N22E35,124,0010,Bxo,01,03
2023-02-13,3225,S22E06,153,0020,Cro,03,03
2023-02-14,3213,N28W78,224,0140,Fao,16,09
2023-02-14,3214,N11W60,206,0360,Eko,11,06
2023-02-14,3216,N24W22,168,0090,Hsx,03,01
2023-02-14,3217,S10E08,138,0250,Dho,05,07
2023-02-14,3218,N09W09,155,0005,Axx,01,01
2023-02-14,3219,S07W01,146,0010,Axx,03,02
2023-02-14,3220,S14E23,123,0150,Hhx,04,01
2023-02-14,3221,N14E21,125,0050,Cho,05,04
2023-02-14,3224,N51E21,125,0010,Axx,05,03
2023-02-14,3225,S21W08,154,0030,Cro,05,06
2023-02-14,3226,N11E33,113,0060,Dai,06,09
2023-02-14,3227,S03E42,104,0000,Bxo,03,03
2023-02-14,3228,S25E14,132,0010,Bxo,03,03
2023-02-15,3213,N28W92,225,0140,Fao,16,09
2023-02-15,3214,N11W74,207,0320,Eho,11,06
2023-02-15,3216,N24W34,169,0090,Hsx,02,02
2023-02-15,3217,S10W06,139,0250,Hhx,05,04
2023-02-15,3218,N11W23,156,0005,Axx,01,01
2023-02-15,3219,S06W13,146,0005,Axx,01,01
2023-02-15,3220,S14E10,123,0140,Hsx,04,03
2023-02-15,3221,N16E08,125,0010,Axx,05,03
2023-02-15,3224,N23E08,125,0010,Bxo,05,05
2023-02-15,3225,S20W21,154,0030,Cri,06,11
2023-02-15,3226,N10E20,113,0480,Dki,09,26
2023-02-15,3227,S03E29,104,0010,Bxo,03,03
2023-02-15,3228,S24W00,133,0010,Axx,02,02
2023-02-16,3214,N13W89,208,0320,Eho,11,06
2023-02-16,3216,N25W47,166,0110,Hsx,02,01
2023-02-16,3217,S09W21,139,0250,Hhx,06,04
2023-02-16,3219,S06W27,146,0005,Axx,01,01
2023-02-16,3220,S14W04,123,0130,Hsx,03,02
2023-02-16,3221,N19W06,125,0010,Bxo,07,03
2023-02-16,3224,N22W07,126,0010,Bxo,04,04
2023-02-16,3225,S20W34,153,0030,Cro,06,05
2023-02-16,3226,N11E06,113,0420,Dki,10,13
2023-02-16,3227,S03E14,105,0005,Axx,03,01
2023-02-17,3216,N24W59,165,0110,Hsx,02,01
2023-02-17,3217,S10W34,140,0170,Hsx,09,03
2023-02-17,3219,S06W41,147,0010,Axx,02,03
2023-02-17,3220,S14W16,122,0150,Hsx,04,02
2023-02-17,3225,S21W47,153,0010,Bxo,05,03
2023-02-17,3226,N10W06,112,0410,Dki,10,17
2023-02-17,3229,N30E70,036,0240,Dao,06,02
2023-02-18,3216,N23W72,165,0110,Hsx,02,01
2023-02-18,3217,S11W47,140,0150,Cso,06,03
2023-02-18,3220,S14W29,122,0140,Hsx,02,01
2023-02-18,3225,S21W59,152,0070,Dao,06,03
2023-02-18,3226,N10W19,112,0390,Ehi,11,12
2023-02-18,3229,N25E58,035,0400,Dko,07,06
2023-02-19,3216,N23W85,165,0060,Hsx,02,01
2023-02-19,3217,S11W60,140,0140,Hsx,05,01
2023-02-19,3220,S14W42,122,0120,Hsx,02,01
2023-02-19,3225,S21W71,151,0080,Dao,05,04
2023-02-19,3226,N10W33,113,0330,Dko,09,14
2023-02-19,3229,N26E45,035,0280,Dki,07,14
2023-02-19,3230,S23E71,009,0090,Cao,03,04
2023-02-20,3217,S12W72,139,0130,Hsx,02,01
2023-02-20,3220,S14W55,122,0120,Hsx,02,01
2023-02-20,3225,S21W85,152,0090,Dao,07,04
2023-02-20,3226,N10W47,114,0320,Dki,10,14
2023-02-20,3229,N26E32,035,0300,Eki,11,16
2023-02-20,3230,S23E57,010,0090,Hax,02,03
2023-02-20,3231,N21W38,103,0030,Cro,05,03
2023-02-21,3217,S12W85,138,0130,Hsx,02,02
2023-02-21,3220,S13W69,122,0120,Hsx,02,01
2023-02-21,3226,N10W60,114,0280,Cko,10,08
2023-02-21,3229,N26E19,034,0310,Ekc,12,16
2023-02-21,3230,S23E44,009,0110,Hsx,02,03
2023-02-21,3231,N21W52,105,0050,Dso,06,08
2023-02-21,3232,N10W79,131,0010,Hrx,01,01
2023-02-21,3233,N14W01,053,0010,Axx,01,01
2023-02-21,3234,N24E76,337,0080,Dai,10,05
2023-02-22,3220,S12W83,122,0100,Hsx,02,01
2023-02-22,3226,N11W74,116,0210,Hax,03,02
2023-02-22,3229,N25E07,031,0240,Esi,12,18
2023-02-22,3230,S23E30,009,0100,Dso,04,03
2023-02-22,3231,N20W65,104,0030,Dro,09,07
2023-02-22,3233,N14W14,053,0000,Axx,00,01
2023-02-22,3234,N24E60,340,0080,Dao,10,04
2023-02-23,3220,S13W96,123,0030,Hrx,01,01
2023-02-23,3226,N12W90,117,0080,Hsx,01,01
2023-02-23,3229,N25W06,030,0200,Esi,14,17
2023-02-23,3230,S22E18,009,0120,Dso,04,07
2023-02-23,3231,N20W78,107,0020,Cro,06,02
2023-02-23,3234,N25E47,337,0300,Ekc,11,12
2023-02-24,3229,N25W18,032,0140,Eso,14,12
2023-02-24,3230,S22E06,008,0120,Cso,05,11
2023-02-24,3234,N25E33,340,0580,Ekc,15,25
2023-02-24,3235,N19E08,005,0040,Dao,04,06
2023-02-24,3236,S28E19,354,0010,Cro,03,04
2023-02-25,3229,N25W32,033,0150,Eso,14,12
2023-02-25,3230,S22W08,009,0120,Cso,05,11
2023-02-25,3234,N25E19,342,0580,Ekc,15,25
2023-02-25,3235,N19W06,007,0040,Dao,04,06
2023-02-25,3236,S28E05,356,0080,Dai,06,14
2023-02-25,3237,S12E23,338,0010,Bxo,03,02
2023-02-26,3229,N25W46,034,0150,Eso,14,12
2023-02-26,3230,S22W22,010,0120,Cso,05,11
2023-02-26,3234,N25E05,343,0580,Ekc,15,25
2023-02-26,3235,N19W20,008,0040,Dao,04,06
2023-02-26,3236,S28W09,357,0080,Dai,06,14
2023-02-26,3237,S12E09,339,0010,Axx,01,01
2023-02-27,3229,N25W60,034,0130,Eso,12,07
2023-02-27,3230,S22W36,010,0110,Cso,05,10
2023-02-27,3234,N25W09,343,0580,Ekc,15,25
2023-02-27,3235,N19W34,008,0030,Cao,04,05
2023-02-27,3236,S28W23,357,0070,Dai,06,11
2023-02-27,3237,S12W05,339,0010,Bxo,03,02
2023-02-28,3229,N26W74,035,0040,Cso,02,04
2023-02-28,3230,S23W46,007,0030,Cro,03,03
2023-02-28,3234,N25W22,343,0750,Fkc,17,40
2023-02-28,3235,N19W45,006,0010,Bxo,04,02
2023-02-28,3236,S27W32,353,0140,Cso,09,20
2023-02-28,3237,S08W12,333,0010,Bxo,01,03
2023-02-28,3238,N08E62,259,0050,Hsx,01,01
2023-03-01,3230,S23W58,005,0010,Axx,01,02
2023-03-01,3234,N25W36,346,0860,Fkc,18,25
2023-03-01,3236,S27W44,352,0080,Cso,09,09
2023-03-01,3237,S08W25,332,0000,Axx,02,02
2023-03-01,3238,N09E50,258,0070,Hsx,02,01
2023-03-01,3239,N30E69,238,0090,Hsx,03,01
2023-03-02,3230,S23W72,007,0000,Axx,02,02
2023-03-02,3234,N25W49,343,0850,Fkc,18,20
2023-03-02,3236,S27W58,355,0030,Cso,08,05
2023-03-02,3238,N09E36,259,0070,Hsx,02,01
2023-03-02,3239,N30E55,241,0100,Hsx,02,01
2023-03-02,3240,S16E55,240,0010,Bxo,02,03
2023-03-02,3241,N27E73,222,0050,Hsx,04,03
2023-03-03,3234,N25W63,345,0830,Ekc,14,20
2023-03-03,3236,S26W72,354,0010,Bxo,03,02
2023-03-03,3238,N09E22,260,0070,Hsx,02,01
2023-03-03,3239,N31E41,241,0100,Hsx,02,01
2023-03-03,3240,S16E41,241,0010,Bxo,02,02
2023-03-03,3241,N27E59,223,0070,Hsx,04,02
2023-03-04,3234,N25W76,345,0820,Ekc,14,18
2023-03-04,3238,N09E09,260,0070,Hsx,02,01
2023-03-04,3239,N31E28,241,0100,Hsx,02,01
2023-03-04,3240,S16E28,241,0030,Cro,04,06
2023-03-04,3241,N27E46,223,0070,Hsx,04,02
2023-03-04,3242,N10E53,216,0230,Cao,06,08
2023-03-04,3243,N18W37,306,0010,Bxo,04,04
2023-03-04,3244,S22W19,288,0020,Cro,04,02
2023-03-04,3245,S23E74,195,0080,Hsx,03,01
2023-03-05,3238,N09W05,260,0080,Hsx,03,03
2023-03-05,3239,N31E14,241,0100,Hsx,03,01
2023-03-05,3240,S16E14,241,0010,Bxo,05,06
2023-03-05,3241,N27E32,223,0060,Hsx,02,01
2023-03-05,3242,N10E39,216,0140,Cai,08,16
2023-03-05,3243,N18W51,306,0090,Cao,06,12
2023-03-05,3244,S22W33,288,0020,Hrx,02,02
2023-03-05,3245,S23E60,195,0120,Hsx,03,01
2023-03-06,3238,N09W18,260,0090,Cso,03,04
2023-03-06,3239,N31E01,241,0110,Hsx,03,01
2023-03-06,3240,S16E01,241,0010,Bxo,05,05
2023-03-06,3241,N27E19,223,0050,Hsx,02,01
2023-03-06,3242,N10E26,216,0170,Eai,14,16
2023-03-06,3243,N18W64,306,0110,Dao,08,12
2023-03-06,3244,S22W46,288,0030,Dso,06,05
2023-03-06,3245,S23E47,195,0140,Hax,04,02
2023-03-06,3246,N23E70,172,0060,Hsx,02,01
2023-03-07,3238,N11W30,259,0080,Hsx,03,01
2023-03-07,3239,N31W12,241,0120,Hsx,03,01
2023-03-07,3240,S16W13,242,0010,Cro,09,06
2023-03-07,3241,N27E05,224,0050,Hsx,01,01
2023-03-07,3242,N10E12,217,0240,Esc,13,23
2023-03-07,3243,N18W78,307,0110,Dao,08,08
2023-03-07,3244,S22W60,289,0030,Cro,06,05
2023-03-07,3245,S23E33,196,0250,Dko,04,09
2023-03-07,3246,N23E56,173,0080,Cao,04,04
2023-03-07,3247,S23E68,161,0050,Dao,02,02
2023-03-07,3248,N17W47,276,0000,Cro,04,03
2023-03-08,3238,N08W44,260,0030,Hsx,02,01
2023-03-08,3239,N33W25,241,0100,Hsx,02,01
2023-03-08,3240,S10W35,251,0010,Bxo,07,04
2023-03-08,3241,N28W08,224,0040,Hsx,01,01
2023-03-08,3242,N10W02,218,0300,Esc,15,27
2023-03-08,3243,N18W89,305,0080,Dao,01,01
2023-03-08,3244,S22W74,290,0040,Cro,05,07
2023-03-08,3245,S22E22,196,0300,Dki,04,13
2023-03-08,3246,N24E42,174,0060,Cao,06,03
2023-03-08,3247,S23E54,162,0090,Cso,03,03
2023-03-08,3248,N19W60,216,0050,Cro,06,09
2023-03-08,3249,S12E75,141,0120,Hsx,01,01
2023-03-09,3238,N09W58,261,0030,Cro,05,01
2023-03-09,3239,N33W37,240,0140,Hsx,02,01
2023-03-09,3241,N29W22,225,0070,Hsx,01,01
2023-03-09,3242,N10W15,218,0245,Esi,14,18
2023-03-09,3244,S22W88,291,0030,Cro,08,03
2023-03-09,3245,S23E07,196,0440,Dhi,05,11
2023-03-09,3246,N23E28,175,0050,Hax,06,01
2023-03-09,3247,S24E41,162,0100,Cao,04,03
2023-03-09,3248,N15W72,275,0030,Cro,06,06
2023-03-09,3249,S12E61,142,0150,Hax,02,01
2023-03-10,3238,N09W72,262,0010,Axx,01,01
2023-03-10,3239,N32W41,241,0070,Hsx,02,01
2023-03-10,3241,N28W36,226,0020,Hsx,01,01
2023-03-10,3242,N09W29,219,0170,Esi,14,13
2023-03-10,3245,S24W07,197,0250,Dho,07,11
2023-03-10,3246,N25E14,176,0040,Hax,01,01
2023-03-10,3247,S24E28,162,0070,Cso,07,05
2023-03-10,3248,N15W85,275,0020,Cro,01,06
2023-03-10,3249,S11E47,143,0030,Hax,01,01
2023-03-10,3250,S20E45,145,0010,Bxo,03,04
2023-03-10,3251,S13E69,121,0050,Hsx,02,01
2023-03-11,3239,N32W57,243,0070,Hsx,02,01
2023-03-11,3241,N28W48,224,0030,Hax,01,01
2023-03-11,3242,N10W44,220,0110,Cso,10,07
2023-03-11,3245,S23W18,194,0220,Csi,04,09
2023-03-11,3246,N25W00,176,0050,Cao,02,03
2023-03-11,3247,S23E16,160,0070,Cso,07,06
2023-03-11,3249,S11E34,142,0070,Hsx,02,01
2023-03-11,3250,S20E32,144,0010,Bxo,04,05
2023-03-11,3251,S13E55,121,0050,Hsx,03,01
2023-03-11,3252,N16E60,116,0020,Hsx,01,01
2023-03-12,3239,N32W70,233,0070,Hsx,02,01
2023-03-12,3241,N28W61,224,0030,Hsx,01,01
2023-03-12,3242,N10W57,224,0100,Hsx,02,01
2023-03-12,3245,S23W31,194,0220,Cso,04,07
2023-03-12,3246,N24W13,176,0030,Hsx,02,02
2023-03-12,3247,S23E03,160,0070,Cso,04,04
2023-03-12,3249,S11E21,142,0060,Hsx,01,01
2023-03-12,3250,S20E19,144,0070,Cao,04,07
2023-03-12,3251,S13E42,121,0050,Hsx,02,01
2023-03-12,3252,N13E47,116,0020,Hsx,01,01
2023-03-13,3239,N32W83,233,0070,Hsx,02,01
2023-03-13,3241,N28W74,224,0010,Axx,01,01
2023-03-13,3242,N11W72,222,0100,Hsx,02,01
2023-03-13,3245,S23W44,194,0210,Cso,03,02
2023-03-13,3246,N24W26,176,0030,Hsx,02,02
2023-03-13,3247,S23W10,160,0060,Cso,03,03
2023-03-13,3249,S11E08,142,0050,Hsx,02,02
2023-03-13,3250,S20E06,144,0080,Cao,05,07
2023-03-13,3251,S13E29,121,0050,Hsx,02,01
2023-03-13,3252,N13E34,116,0020,Hsx,01,01
2023-03-13,3253,S30W01,151,0010,Bxo,03,04
2023-03-14,3242,N13W86,223,0080,Hsx,02,01
2023-03-14,3245,S23W57,194,0250,Hhx,04,01
2023-03-14,3247,S19W24,161,0030,Hax,02,02
2023-03-14,3249,S11W06,143,0020,Cro,03,02
2023-03-14,3250,S18W08,145,0030,Dri,04,09
2023-03-14,3251,S13E16,121,0050,Hsx,01,01
2023-03-14,3252,N12E20,117,0020,Hrx,01,01
2023-03-15,3245,S23W70,194,0090,Hsx,03,02
2023-03-15,3247,S22W38,162,0020,Hax,01,01
2023-03-15,3249,S11W19,143,0010,Axx,01,01
2023-03-15,3250,S18W22,146,0010,Bxo,04,05
2023-03-15,3251,S13E02,122,0050,Hsx,01,01
2023-03-15,3252,N13E06,118,0010,Hrx,01,01
2023-03-15,3254,S24W28,152,0050,Cao,04,05
2023-03-15,3255,S05E39,085,0010,Bxo,03,01
2023-03-16,3245,S22W85,195,0140,Hsx,03,01
2023-03-16,3247,S23W53,163,0010,Axx,01,01
2023-03-16,3249,S11W33,143,0010,Axx,01,01
2023-03-16,3250,S19W37,147,0010,Axx,03,03
2023-03-16,3251,S13W12,122,0060,Hax,02,01
2023-03-16,3252,N13W09,119,0010,Axx,01,01
2023-03-16,3254,S25W43,153,0030,Cro,05,05
2023-03-16,3255,S05E24,086,0010,Bxo,04,03
2023-03-17,3247,S23W65,162,0010,Axx,01,01
2023-03-17,3249,S11W44,141,0010,Axx,01,01
2023-03-17,3250,S18W47,144,0010,Axx,01,01
2023-03-17,3251,S13W22,119,0040,Hsx,01,01
2023-03-17,3252,N13W21,118,0010,Axx,01,01
2023-03-17,3254,S25W55,152,0030,Bxo,05,07
2023-03-17,3255,S05E13,084,0010,Bxo,04,02
2023-03-18,3247,S24W78,162,0010,Axx,01,01
2023-03-18,3251,S13W35,119,0040,Hsx,01,01
2023-03-18,3252,N13W35,119,0010,Axx,01,01
2023-03-18,3254,S24W69,153,0030,Bxo,04,04
2023-03-18,3256,S21E73,011,0060,Hsx,02,01
2023-03-19,3251,S13W48,119,0030,Hsx,01,01
2023-03-19,3256,S22E66,009,0250,Eho,15,02
2023-03-19,3257,S27E82,349,0040,Dao,03,02
2023-03-20,3251,S13W62,120,0030,Hsx,01,01
2023-03-20,3256,S22E54,004,0270,Eko,15,03
2023-03-20,3257,S27E68,350,0120,Hax,04,02
2023-03-20,3258,N18E32,026,0010,Axx,01,02
2023-03-20,3259,S16E69,351,0020,Bxo,04,04
2023-03-20,3260,N22E70,348,0060,Hsx,02,01
2023-03-21,3251,S13W75,118,0010,Axx,00,01
2023-03-21,3256,S20E39,004,0250,Eho,15,06
2023-03-21,3257,S27E54,349,0140,Dso,03,02
2023-03-21,3258,N19E18,025,0010,Axx,00,02
2023-03-21,3259,S21E46,358,0020,Cro,02,03
2023-03-21,3260,N24E58,346,0120,Hsx,02,01
2023-03-22,3256,S23E19,011,0240,Cso,05,06
2023-03-22,3257,S28E40,351,0170,Hax,04,02
2023-03-22,3259,S23E31,359,0030,Bxo,04,04
2023-03-22,3260,N24E41,349,0160,Hsx,02,01
2023-03-22,3261,S23W66,096,0040,Cro,03,07
2023-03-23,3256,S22E07,010,0270,Cho,05,04
2023-03-23,3257,S23E27,350,0130,Cao,05,05
2023-03-23,3259,S22E20,357,0030,Bxo,05,06
2023-03-23,3260,N24E31,346,0180,Cao,03,03
2023-03-23,3261,S22W79,097,0010,Axx,05,02
2023-03-23,3262,S19E72,306,0180,Hsx,02,01
2023-03-24,3256,S22W04,009,0230,Cso,05,04
2023-03-24,3257,S27E14,350,0190,Hax,03,02
2023-03-24,3259,S22E07,357,0020,Bxo,05,08
2023-03-24,3260,N20E16,348,0140,Cso,09,07
2023-03-24,3262,S18E56,308,0130,Cao,02,02
2023-03-25,3256,S23W18,010,0240,Eao,15,15
2023-03-25,3257,S27E01,351,0180,Hsx,06,02
2023-03-25,3258,N18W37,029,0020,Cro,03,05
2023-03-25,3259,S21W05,357,0020,Cro,06,08
2023-03-25,3260,N20E04,348,0180,Cso,07,05
2023-03-25,3262,S19E43,309,0130,Hax,03,02
2023-03-25,3264,N16E70,281,0030,Hsx,02,01
2023-03-26,3256,S23W31,010,0300,Eho,15,18
2023-03-26,3257,S27W11,350,0180,Hax,04,02
2023-03-26,3258,N18W49,028,0030,Cao,04,07
2023-03-26,3259,S22W17,356,0020,Cro,03,04
2023-03-26,3260,N23W08,347,0170,Cso,03,02
2023-03-26,3262,S19E30,308,0130,Hsx,02,01
2023-03-26,3263,N17W12,351,0050,Cao,06,08
2023-03-26,3264,N16E56,283,0050,Hsx,02,01
2023-03-27,3256,S23W45,010,0280,Eho,15,18
2023-03-27,3257,S28W24,349,0160,Hax,05,05
2023-03-27,3258,N18W61,026,0040,Cao,05,06
2023-03-27,3259,S21W31,356,0010,Bxo,08,07
2023-03-27,3260,N23W21,346,0160,Cso,03,03
2023-03-27,3262,S19E17,308,0130,Hsx,02,01
2023-03-27,3263,N17W30,351,0060,Cao,06,07
2023-03-27,3264,N16E44,281,0050,Hsx,02,01
2023-03-27,3265,N21W04,329,0010,Bxo,03,04
2023-03-28,3256,S21W59,011,0250,Eho,12,11
2023-03-28,3257,S28W34,346,0050,Hax,02,03
2023-03-28,3258,N24W69,021,0020,Hsx,01,01
2023-03-28,3259,S17W32,343,0010,Axx,01,01
2023-03-28,3260,N22W32,344,0070,Hax,02,02
2023-03-28,3262,S20E06,306,0060,Hsx,03,03
2023-03-28,3263,N18W40,352,0090,Dai,07,09
2023-03-28,3264,N15E32,279,0010,Hsx,01,01
2023-03-28,3265,N20W15,327,0090,Dao,05,07
2023-03-29,3256,S22W62,001,0340,Fho,16,10
2023-03-29,3257,S28W47,346,0050,Hax,03,02
2023-03-29,3258,N25W87,026,0030,Hsx,02,01
2023-03-29,3260,N23W46,345,0140,Hax,02,02
2023-03-29,3262,S19W08,307,0100,Hsx,02,01
2023-03-29,3263,N18W54,353,0100,Dao,07,08
2023-03-29,3264,N15E18,280,0050,Hsx,01,01
2023-03-29,3265,N19W30,329,0050,Dso,06,09
2023-03-30,3256,S22W74,359,0210,Eso,11,09
2023-03-30,3257,S28W59,344,0030,Hsx,01,01
2023-03-30,3260,N23W59,344,0070,Hax,02,01
2023-03-30,3262,S19W20,306,0060,Hsx,03,04
2023-03-30,3263,N18W66,351,0060,Cao,07,08
2023-03-30,3264,N15E05,279,0030,Hsx,03,02
2023-03-30,3265,N20W43,329,0060,Dso,07,04
2023-03-30,3266,N08E42,243,0020,Bxo,03,04
2023-03-30,3267,S18E46,239,0010,Axx,01,01
2023-03-30,3268,S24E21,264,0010,Axx,02,01
2023-03-31,3256,S22W88,001,0120,Cao,13,04
2023-03-31,3257,S27W72,344,0010,Axx,01,01
2023-03-31,3260,N24W72,344,0100,Hax,02,01
2023-03-31,3262,S19W34,306,0070,Hax,04,04
2023-03-31,3263,N18W81,353,0010,Bxo,00,02
2023-03-31,3264,N15W06,278,0040,Hsx,01,01
2023-03-31,3265,N21W59,331,0060,Cso,09,04
2023-03-31,3266,N09E27,245,0010,Bxo,02,02
2023-04-01,3260,N24W85,344,0110,Hax,02,01
2023-04-01,3262,S18W47,306,0070,Hax,02,02
2023-04-01,3264,N16W19,278,0050,Hsx,01,01
2023-04-01,3265,N21W70,329,0060,Cso,06,02
2023-04-01,3266,N09E15,244,0010,Bxo,05,04
2023-04-02,3262,S19W61,307,0080,Hax,02,02
2023-04-02,3264,N16W33,279,0070,Hsx,02,01
2023-04-03,3262,S18W74,307,0060,Hax,01,02
2023-04-03,3264,N16W46,279,0060,Hsx,01,01
2023-04-03,3269,S25E42,191,0010,Axx,01,02
2023-04-03,3270,S23W04,237,0080,Dao,06,09
2023-04-04,3262,S16W86,305,0150,Hax,01,01
2023-04-04,3264,N17W60,279,0100,Hsx,01,01
2023-04-04,3266,N10W25,244,0030,Cro,04,03
2023-04-04,3270,S23W18,238,0140,Dai,08,11
2023-04-05,3264,N17W74,280,0000,Axx,00,01
2023-04-05,3270,S23W32,239,0140,Dsi,08,11
2023-04-05,3271,S17W18,224,0000,Axx,02,02
2023-04-06,3266,N11W54,247,0030,Cro,03,02
2023-04-06,3270,S23W45,238,0140,Dai,09,15
2023-04-07,3270,S23W59,238,0130,Eao,13,12
2023-04-07,3272,S21E72,107,0040,Cso,05,01
2023-04-08,3270,S24W73,239,0120,Eao,13,06
2023-04-08,3272,S22E63,104,0180,Eai,11,12
2023-04-09,3270,S24W85,239,0080,Eao,12,03
2023-04-09,3272,S21E50,104,0230,Eai,14,26
2023-04-10,3272,S21E38,102,0280,Eai,14,24
2023-04-10,3273,N10E27,113,0050,Cao,04,08
2023-04-11,3272,S22E24,102,0270,Ekc,13,31
2023-04-11,3273,N10E13,114,0120,Dso,06,06
2023-04-11,3274,S07W02,128,0010,Axx,05,01
2023-04-11,3275,N21E61,065,0040,Hsx,04,01
2023-04-11,3276,S22E75,052,0020,Dao,05,03
2023-04-12,3272,S21E10,102,0250,Fkc,16,36
2023-04-12,3273,N09W01,114,0100,Dsi,07,12
2023-04-12,3275,N20E48,065,0050,Hsx,01,01
2023-04-12,3276,S20E63,050,0080,Dao,07,03
2023-04-12,3277,N10E20,092,0010,Cro,01,01
2023-04-13,3272,S22W02,103,0250,Fkc,16,32
2023-04-13,3273,N10W14,114,0090,Cso,07,11
2023-04-13,3275,N19E35,065,0040,Hsx,01,01
2023-04-13,3276,S21E52,054,0020,Hsx,01,01
2023-04-13,3277,N10E08,092,0020,Bxo,06,03
2023-04-13,3278,N13W34,134,0010,Bxo,02,02
2023-04-13,3279,S20E60,041,0150,Dai,05,07
2023-04-14,3272,S22W14,102,0150,Eai,15,22
2023-04-14,3273,N09W29,117,0070,Cso,02,03
2023-04-14,3275,N19E22,066,0050,Hsx,01,01
2023-04-14,3276,S22E34,054,0020,Hsx,01,01
2023-04-14,3278,N12W46,134,0010,Axx,01,01
2023-04-14,3279,S20E51,037,0230,Dai,12,15
2023-04-14,3280,S09W27,115,0060,Dao,07,08
2023-04-14,3281,S23E71,017,0220,Dao,09,03
2023-04-15,3272,S23W29,103,0060,Cao,12,12
2023-04-15,3273,N09W43,117,0030,Hsx,01,01
2023-04-15,3275,N19E08,066,0030,Hax,01,01
2023-04-15,3276,S22E21,053,0010,Axx,01,01
2023-04-15,3279,S21E38,036,0180,Eai,12,22
2023-04-15,3280,S09W41,115,0180,Dai,08,20
2023-04-15,3281,S24E55,019,0350,Dko,10,08
2023-04-15,3282,N11E52,022,0280,Dko,08,08
2023-04-16,3272,S23W41,102,0030,Cro,11,06
2023-04-16,3273,N09W56,117,0020,Hrx,01,01
2023-04-16,3275,N19W04,065,0020,Hax,01,01
2023-04-16,3276,S22E08,053,0010,Bxo,01,02
2023-04-16,3279,S20E24,038,0140,Cai,14,18
2023-04-16,3280,S08W56,117,0240,Dsi,09,14
2023-04-16,3281,S24E44,017,0310,Dko,12,12
2023-04-16,3282,N11E38,023,0400,Dki,10,17
2023-04-17,3272,S22W55,103,0030,Cro,10,06
2023-04-17,3273,N08W69,117,0010,Axx,01,01
2023-04-17,3275,N19W17,065,0020,Hax,01,01
2023-04-17,3276,S23W06,054,0020,Bxi,03,05
2023-04-17,3279,S20E11,037,0180,Dsi,14,10
2023-04-17,3280,S07W71,119,0200,Csi,09,08
2023-04-17,3281,S24E32,016,0300,Eki,11,12
2023-04-17,3282,N11E24,024,0530,Eki,12,17
2023-04-17,3283,S22E48,001,0050,Cri,04,05
2023-04-18,3272,S22W71,106,0010,Bxo,04,04
2023-04-18,3275,N19W32,067,0010,Axx,00,01
2023-04-18,3276,S22W19,053,0010,Axx,05,04
2023-04-18,3279,S19W05,040,0080,Fao,16,15
2023-04-18,3280,S08W80,114,0160,Cso,05,03
2023-04-18,3281,S22E14,020,0160,Eki,10,16
2023-04-18,3282,N11E11,023,0390,Eki,14,21
2023-04-18,3283,S20E37,237,0040,Cro,04,06
2023-04-18,3284,S08E71,324,0030,Cao,03,02
2023-04-19,3272,S21W88,109,0010,Axx,01,02
2023-04-19,3275,N18W44,066,0010,Axx,01,01
2023-04-19,3276,S21W32,053,0010,Axx,02,03
2023-04-19,3279,S19W16,037,0100,Eao,15,14
2023-04-19,3281,S22E03,017,0120,Eai,11,16
2023-04-19,3282,N11W03,024,0410,Eki,15,16
2023-04-19,3283,S21E22,119,0040,Cro,05,05
2023-04-19,3284,S08E56,324,0060,Dao,06,03
2023-04-20,3272,S24W88,096,0010,Axx,01,02
2023-04-20,3276,S21W00,188,0030,Axx,06,07
2023-04-20,3279,S19W28,036,0040,Cro,09,07
2023-04-20,3281,S21W10,018,0060,Cao,10,10
2023-04-20,3282,N12W16,025,0530,Fho,16,11
2023-04-20,3283,S21E07,002,0020,Bxo,02,03
2023-04-20,3284,S08E42,327,0080,Dro,08,03
2023-04-21,3276,S21W33,028,0010,Axx,01,01
2023-04-21,3279,S19W39,034,0010,Hax,01,01
2023-04-21,3281,S22W22,017,0060,Bxo,09,06
2023-04-21,3282,N12W28,023,0380,Fhi,16,23
2023-04-21,3283,S20W01,356,0050,Bxo,05,04
2023-04-21,3284,S08E30,324,0010,Axx,06,02
2023-04-22,3275,N13W85,066,0010,Bxo,03,02
2023-04-22,3279,S22W50,031,0010,Axx,01,01
2023-04-22,3281,S21W35,017,0030,Cro,12,07
2023-04-22,3282,N11W42,023,0410,Fki,16,19
2023-04-22,3283,S22W14,359,0020,Cro,05,10
2023-04-22,3284,S00E14,326,0010,Hrx,01,01
2023-04-22,3285,S17E69,272,0140,Dso,04,04
2023-04-23,3279,S19W64,033,0020,Cro,03,04
2023-04-23,3281,S22W48,017,0010,Cro,10,03
2023-04-23,3282,N12W56,025,0320,Fki,17,12
2023-04-23,3283,S22W28,357,0010,Bxo,05,04
2023-04-23,3284,S08E01,328,0010,Axx,01,01
2023-04-23,3285,S17E57,272,0180,Dao,08,03
2023-04-24,3279,S19W78,034,0020,Cro,05,03
2023-04-24,3281,S24W58,014,0010,Axx,03,02
2023-04-24,3282,N12W70,026,0300,Fki,16,08
2023-04-24,3283,S22W41,358,0010,Bxo,07,04
2023-04-24,3284,S08W13,329,0010,Axx,01,02
2023-04-24,3285,S17E44,272,0190,Dao,09,07
2023-04-25,3279,S19W92,035,0010,Axx,01,01
2023-04-25,3282,N12W83,026,0270,Eko,15,06
2023-04-25,3283,S23W56,359,0010,Axx,01,01
2023-04-25,3284,S08W25,328,0010,Axx,01,01
2023-04-25,3285,S18E33,270,0220,Dao,10,07
2023-04-25,3286,S11E40,263,0010,Axx,01,01
2023-04-25,3287,S25E63,239,0010,Axx,01,01
2023-04-26,3284,S08W40,329,0005,Axx,01,01
2023-04-26,3285,S17E18,271,0220,Cao,09,05
2023-04-26,3287,S24E48,241,0010,Axx,01,01
2023-04-26,3288,S22E24,265,0180,Dso,07,04
2023-04-26,3289,N20E67,222,0090,Hax,01,02
2023-04-27,3285,S17E05,271,0120,Cso,06,04
2023-04-27,3286,S11E12,264,0010,Axx,01,02
2023-04-27,3288,S22E10,266,0140,Dso,08,05
2023-04-27,3289,N20E58,219,0150,Dso,06,03
2023-04-27,3290,N24W45,321,0040,Dro,05,03
2023-04-27,3291,N09E12,264,0020,Bxo,03,04
2023-04-28,3285,S19W10,273,0240,Cao,07,05
2023-04-28,3286,S11W02,265,0010,Bxo,05,03
2023-04-28,3288,S23W07,269,0380,Eki,11,29
2023-04-28,3289,N20E51,216,0180,Dao,03,05
2023-04-28,3290,N24W59,322,0010,Bxo,05,03
2023-04-28,3291,N09W02,265,0030,Cro,05,20
2023-04-28,3292,N14E62,201,0010,Hrx,01,01
2023-04-29,3285,S18W23,273,0220,Cao,07,05
2023-04-29,3286,S11W14,264,0010,Bxo,03,04
2023-04-29,3288,S23W19,269,0390,Ehi,13,23
2023-04-29,3289,N20E37,213,0180,Dsi,04,10
2023-04-29,3291,N08W15,265,0030,Cro,05,08
2023-04-29,3292,N15E43,204,0020,Hrx,01,01
2023-04-30,3285,S17W37,273,0170,Cao,04,05
2023-04-30,3288,S23W31,268,0400,Ehi,12,13
2023-04-30,3289,N20E24,213,0200,Dai,05,07
2023-04-30,3291,N08W29,266,0030,Cri,06,06
2023-04-30,3292,N14E29,205,0020,Hrx,01,01
2023-05-01,3285,S17W50,273,0140,Cao,06,07
2023-05-01,3286,S11W42,265,0010,Axx,01,01
2023-05-01,3288,S23W44,267,0420,Ehc,14,19
2023-05-01,3289,N20E10,213,0220,Dai,05,08
2023-05-01,3291,N08W43,266,0030,Cro,06,08
2023-05-01,3293,N13E82,141,0030,Cao,03,02
2023-05-02,3285,S17W62,272,0120,Cao,06,06
2023-05-02,3288,S23W56,266,0400,Ehc,15,13
2023-05-02,3289,N20W03,213,0200,Dai,05,08
2023-05-02,3291,N07W59,269,0020,Cro,03,05
2023-05-02,3293,N12E63,147,0100,Dac,09,05
2023-05-03,3285,S17W75,271,0080,Hsx,03,02
2023-05-03,3288,S23W68,268,0300,Ehi,15,08
2023-05-03,3289,N20W14,214,0150,Dsi,06,14
2023-05-03,3291,N07W74,271,0010,Axx,01,02
2023-05-03,3293,N13E51,149,0250,Dhi,10,09
2023-05-03,3294,S08E73,127,0100,Hsx,02,01
2023-05-03,3295,N15W21,221,0010,Axx,01,02
2023-05-03,3296,N15E64,133,0030,Cso,03,05
2023-05-03,3297,N08E76,124,0180,Hax,03,01
2023-05-04,3285,S17W91,274,0030,Hsx,02,02
2023-05-04,3288,S22W82,266,0120,Eso,15,06
2023-05-04,3289,N20W28,211,0030,Cro,05,07
2023-05-04,3293,N13E35,149,0290,Dhc,09,12
2023-05-04,3294,S08E59,125,0120,Hsx,02,01
2023-05-04,3295,N15W34,218,0010,Bxo,03,03
2023-05-04,3296,N16E49,135,0170,Dai,04,12
2023-05-04,3297,N08E64,120,0400,Dki,10,20
2023-05-05,3289,N20W41,212,0010,Bxo,04,04
2023-05-05,3293,N13E21,150,0240,Dac,10,14
2023-05-05,3294,S08E44,127,0120,Hsx,02,01
2023-05-05,3295,N16W47,216,0010,Bxo,04,03
2023-05-05,3296,N16E34,135,0300,Dki,05,11
2023-05-05,3297,N08E50,119,0500,Eki,11,18
2023-05-05,3298,S16E32,137,0010,Bxo,03,02
2023-05-05,3299,S06E69,101,0030,Dao,04,06
2023-05-06,3293,N13E07,150,0110,Dai,10,06
2023-05-06,3294,S08E30,127,0120,Hsx,02,01
2023-05-06,3296,N16E20,137,0280,Dki,05,11
2023-05-06,3297,N08E36,121,0460,Ekc,11,18
2023-05-06,3299,S06E55,102,0050,Dao,05,04
2023-05-07,3293,N13W06,150,0130,Dai,10,10
2023-05-07,3294,S08E17,127,0120,Hsx,04,02
2023-05-07,3296,N16E07,137,0280,Ekc,15,12
2023-05-07,3297,N08E23,121,0460,Ekc,11,18
2023-05-07,3299,S06E42,102,0060,Cao,07,07
2023-05-08,3293,N13W19,150,0130,Dai,10,10
2023-05-08,3294,S08E04,127,0120,Hsx,04,02
2023-05-08,3296,N16W06,137,0280,Ekc,15,12
2023-05-08,3297,N08E10,121,0460,Ekc,12,18
2023-05-08,3299,S06E29,102,0060,Cao,07,07
2023-05-09,3293,N10W33,151,0030,Cro,05,08
2023-05-09,3294,S08W08,126,0130,Hsx,02,01
2023-05-09,3296,N16W20,138,0300,Ekc,12,16
2023-05-09,3297,N08W03,121,0510,Ekc,13,21
2023-05-09,3299,S07E15,103,0010,Bxo,06,05
2023-05-10,3293,N09W48,154,0020,Cro,05,08
2023-05-10,3294,S08W21,125,0130,Hsx,02,01
2023-05-10,3296,N15W37,141,0280,Ekc,12,16
2023-05-10,3297,N10W15,119,0500,Eki,12,20
2023-05-10,3299,S08E01,103,0010,Bxo,02,05
2023-05-10,3300,N10W01,105,0030,Cro,05,05
2023-05-10,3301,N11E67,037,0120,Hsx,01,02
2023-05-10,3302,N18E72,032,0060,Hsx,01,01
2023-05-10,3303,S10E54,050,0030,Cro,02,03
2023-05-11,3293,N10W60,152,0010,Bxo,04,04
2023-05-11,3294,S07W33,127,0130,Cso,05,06
2023-05-11,3296,N15W49,140,0290,Ekc,11,28
2023-05-11,3297,N10W29,120,0400,Eki,12,20
2023-05-11,3300,N10W13,104,0050,Dao,05,06
2023-05-11,3301,N11E54,037,0120,Hsx,01,02
2023-05-11,3302,N18E59,032,0030,Cro,01,04
2023-05-11,3303,S10E41,050,0030,Cro,02,04
2023-05-12,3293,N10W74,152,0010,Axx,01,01
2023-05-12,3294,S07W47,125,0130,Cso,05,06
2023-05-12,3296,N15W63,141,0260,Ekc,11,16
2023-05-12,3297,N10W43,121,0320,Eki,12,14
2023-05-12,3300,N10W27,105,0050,Dao,04,04
2023-05-12,3301,N12E40,038,0120,Hsx,03,03
2023-05-12,3302,N18E45,033,0080,Cso,05,06
2023-05-12,3303,S10E27,051,0010,Bxo,05,04
2023-05-12,3304,N22E21,057,0010,Bxo,05,08
2023-05-13,3293,N10W87,152,0010,Axx,01,01
2023-05-13,3294,S07W60,125,0100,Cso,03,03
2023-05-13,3296,N15W76,141,0210,Eac,11,12
2023-05-13,3297,N09W56,121,0260,Cko,06,08
2023-05-13,3300,N09W40,105,0010,Axx,02,02
2023-05-13,3301,N14E27,038,0120,Hax,03,03
2023-05-13,3302,N19E32,033,0070,Cao,05,05
2023-05-13,3304,N22E08,057,0010,Bxo,08,07
2023-05-13,3305,N10E38,027,0030,Cao,07,03
2023-05-14,3294,S07W73,125,0100,Hsx,03,02
2023-05-14,3296,N15W89,141,0130,Dai,06,08
2023-05-14,3297,N09W69,121,0260,Cko,06,05
2023-05-14,3300,N09W53,105,0010,Axx,02,02
2023-05-14,3301,N14E14,038,0120,Hax,03,03
2023-05-14,3302,N19E19,033,0070,Cso,05,05
2023-05-14,3304,N22W05,057,0030,Cro,08,07
2023-05-14,3305,N10E25,027,0030,Cro,07,08
2023-05-15,3294,S07W87,125,0010,Axx,01,01
2023-05-15,3297,N09W83,121,0040,Cao,02,02
2023-05-15,3301,N14W00,038,0120,Hax,03,04
2023-05-15,3302,N19E05,033,0070,Cso,05,05
2023-05-15,3304,N22W19,057,0030,Cro,08,08
2023-05-15,3305,N10E11,027,0070,Dai,07,14
2023-05-15,3306,S18W36,074,0040,Cao,03,05
2023-05-16,3301,N14W14,039,0100,Hax,03,04
2023-05-16,3302,N19W09,034,0090,Dso,06,05
2023-05-16,3304,N22W33,058,0010,Bxo,03,03
2023-05-16,3305,N10W03,028,0110,Dai,10,24
2023-05-16,3306,S18W50,075,0010,Bxo,05,05
2023-05-16,3307,S09E36,349,0010,Bxo,02,02
2023-05-17,3301,N14W27,039,0030,Hrx,04,06
2023-05-17,3302,N18W22,034,0050,Hsx,06,04
2023-05-17,3304,N20W47,059,0010,Axx,01,02
2023-05-17,3305,N09W16,028,0100,Dai,09,18
2023-05-17,3306,S18W64,076,0010,Axx,02,02
2023-05-17,3307,S08E22,350,0010,Axx,04,02
2023-05-17,3308,N12W00,012,0010,Bxo,01,02
2023-05-18,3301,N15W37,036,0010,Axx,02,04
2023-05-18,3302,N18W33,032,0050,Hsx,02,01
2023-05-18,3305,N12W30,028,0110,Dai,10,19
2023-05-18,3307,S08E03,356,0010,Axx,01,01
2023-05-18,3308,N12W14,013,0020,Cro,04,04
2023-05-18,3309,S18W53,052,0020,Cro,04,04
2023-05-18,3310,S20E74,285,0250,Dho,05,03
2023-05-19,3301,N14W51,036,0005,Axx,01,03
2023-05-19,3302,N18W47,032,0030,Hsx,01,01
2023-05-19,3305,N12W43,028,0100,Dsi,09,12
2023-05-19,3307,S08W10,355,0010,Bxo,03,05
2023-05-19,3308,N12W28,013,0060,Cao,05,08
2023-05-19,3309,S19W64,049,0010,Axx,01,01
2023-05-19,3310,S20E59,286,0250,Dho,05,05
2023-05-19,3311,N18E76,269,0110,Dao,10,06
2023-05-20,3302,N18W58,030,0050,Hsx,02,01
2023-05-20,3305,N12W57,029,0240,Dai,10,18
2023-05-20,3307,S09W20,352,0010,Axx,01,01
2023-05-20,3308,N12W41,013,0070,Cao,06,15
2023-05-20,3309,S18W77,049,0010,Bxo,03,03
2023-05-20,3310,S20E48,284,0320,Cko,07,08
2023-05-20,3311,N17E60,272,0330,Ekc,13,12
2023-05-20,3312,S25E70,262,0040,Cro,05,06
2023-05-20,3313,N22E75,257,0030,Hsx,02,01
2023-05-21,3302,N18W72,031,0030,Hsx,02,01
2023-05-21,3305,N12W71,030,0250,Dki,10,15
2023-05-21,3308,N12W54,013,0050,Cao,06,08
2023-05-21,3310,S20E34,285,0310,Cko,05,06
2023-05-21,3311,N18E47,272,0410,Ekc,14,18
2023-05-21,3312,S25E57,262,0030,Cai,04,06
2023-05-21,3313,N22E63,256,0050,Hsx,01,01
2023-05-21,3314,N15E36,283,0020,Bxo,03,03
2023-05-22,3302,N18W85,031,0030,Hsx,02,01
2023-05-22,3305,N12W84,030,0210,Dai,10,07
2023-05-22,3308,N12W68,014,0040,Cao,06,06
2023-05-22,3310,S20E20,286,0300,Cko,06,04
2023-05-22,3311,N18E35,271,0420,Ekc,14,31
2023-05-22,3312,S25E44,262,0030,Cro,05,09
2023-05-22,3313,N22E50,256,0060,Hsx,02,01
2023-05-22,3314,N15E25,281,0020,Hrx,01,01
2023-05-23,3308,N11W82,014,0100,Cao,03,03
2023-05-23,3310,S20E09,283,0360,Cho,06,05
2023-05-23,3311,N18E20,272,0310,Eac,14,28
2023-05-23,3312,S23E30,262,0070,Cri,05,10
2023-05-23,3313,N23E35,257,0090,Hsx,02,01
2023-05-24,3308,N12W95,011,0050,Cao,02,01
2023-05-24,3310,S19W05,284,0350,Cho,07,09
2023-05-24,3311,N18E05,274,0250,Fai,18,43
2023-05-24,3312,S23E16,263,0030,Cro,07,12
2023-05-24,3313,N23E21,258,0120,Hsx,04,02
2023-05-24,3315,S15E45,234,0020,Bxo,03,03
2023-05-25,3310,S20W18,284,0480,Cho,07,11
2023-05-25,3311,N18W08,274,0470,Eai,14,39
2023-05-25,3312,S25E02,264,0050,Cro,06,15
2023-05-25,3313,N22E06,260,0100,Hsx,02,02
2023-05-25,3314,N12W17,283,0130,Cso,06,15
2023-05-25,3315,S17E32,234,0130,Dai,05,11
2023-05-26,3310,S18W31,284,0300,Dhi,07,13
2023-05-26,3311,N19W20,273,0340,Eki,13,22
2023-05-26,3312,S24W12,262,0030,Cro,09,07
2023-05-26,3313,N23W03,256,0100,Hsx,02,01
2023-05-26,3314,N16W31,284,0120,Cao,03,07
2023-05-26,3315,S16E19,234,0230,Dai,08,11
2023-05-27,3310,S20W45,285,0270,Cho,05,04
2023-05-27,3311,N18W32,272,0320,Eai,13,18
2023-05-27,3312,S25W23,263,0020,Bxo,06,05
2023-05-27,3313,N23W16,256,0100,Hsx,02,01
2023-05-27,3314,N15W45,285,0110,Cso,03,06
2023-05-27,3315,S17E05,235,0360,Dki,10,18
2023-05-27,3316,N09E36,204,0020,Cro,04,05
2023-05-28,3310,S20W58,284,0260,Hhx,04,01
2023-05-28,3311,N18W46,272,0180,Eao,11,08
2023-05-28,3312,S25W36,262,0010,Bxo,05,06
2023-05-28,3313,N23W28,254,0100,Hsx,02,01
2023-05-28,3314,N15W58,284,0120,Dao,03,04
2023-05-28,3315,S17W08,234,0620,Ekc,11,28
2023-05-28,3316,N09E22,204,0030,Cro,05,07
2023-05-29,3310,S20W71,284,0260,Hhx,04,02
2023-05-29,3311,N18W59,272,0200,Eao,13,09
2023-05-29,3312,S25W46,259,0010,Axx,01,02
2023-05-29,3313,N23W42,255,0080,Hsx,02,01
2023-05-29,3314,N15W72,285,0160,Dao,03,04
2023-05-29,3315,S17W22,235,0800,Ekc,12,26
2023-05-29,3316,N08E08,205,0030,Dro,06,05
2023-05-30,3310,S20W82,281,0210,Hax,03,01
2023-05-30,3311,N18W69,268,0100,Cao,12,06
2023-05-30,3313,N23W54,253,0060,Hsx,02,01
2023-05-30,3314,N14W84,283,0090,Hax,02,01
2023-05-30,3315,S16W34,233,0630,Ekc,11,22
2023-05-30,3316,N09W04,203,0030,Bxo,05,04
2023-05-30,3317,N26W41,240,0040,Dao,03,05
2023-05-30,3318,N25W33,232,0120,Dao,04,07
2023-05-30,3319,S19W01,200,0010,Bxo,05,05
2023-05-30,3320,S11E72,127,0030,Hrx,01,01
2023-05-31,3311,N21W80,266,0050,Hsx,02,01
2023-05-31,3313,N24W66,252,0020,Hsx,02,01
2023-05-31,3315,S17W48,234,0540,Eko,11,14
2023-05-31,3316,N08W20,206,0000,Axx,01,02
2023-05-31,3317,N27W54,240,0030,Dro,05,03
2023-05-31,3318,N25W46,232,0110,Dso,05,03
2023-05-31,3319,S18W15,201,0070,Dai,08,13
2023-05-31,3320,N09E58,127,0040,Hsx,02,01
2023-05-31,3321,S16E66,119,0120,Hsx,02,01
2023-05-31,3322,N16W38,224,0010,Bxo,03,05
2023-06-01,3313,N21W79,251,0030,Hsx,00,01
2023-06-01,3315,S17W58,231,0510,Dko,09,13
2023-06-01,3316,N07W34,206,0010,Axx,00,01
2023-06-01,3317,N27W65,238,0030,Cro,03,02
2023-06-01,3318,N24W58,231,0120,Dso,06,02
2023-06-01,3319,S19W27,199,0300,Dhi,10,19
2023-06-01,3320,N10E46,126,0120,Cso,04,02
2023-06-01,3321,S15E52,120,0260,Hhx,05,03
2023-06-01,3322,N17W52,225,0010,Bxo,02,01
2023-06-01,3323,S05E68,104,0200,Dao,02,03
2023-06-02,3313,N21W93,253,0030,Hsx,00,01
2023-06-02,3315,S17W74,233,0350,Dhi,10,10
2023-06-02,3316,N09W45,204,0010,Axx,01,01
2023-06-02,3317,N27W80,239,0010,Axx,00,01
2023-06-02,3318,N25W72,232,0090,Hax,06,02
2023-06-02,3319,S19W41,200,0240,Eai,11,13
2023-06-02,3320,N10E31,127,0030,Cso,09,02
2023-06-02,3321,S15E41,118,0210,Hax,04,02
2023-06-02,3322,N17W66,225,0020,Cro,03,03
2023-06-02,3323,S08E57,101,0170,Dac,10,08
2023-06-03,3315,S17W88,235,0160,Dao,08,05
2023-06-03,3318,N24W84,231,0090,Hsx,02,01
2023-06-03,3319,S19W56,203,0240,Eai,13,13
2023-06-03,3320,N10E20,127,0020,Cso,09,03
2023-06-03,3321,S15E27,120,0180,Hax,03,02
2023-06-03,3322,N16W79,226,0000,Axx,00,01
2023-06-03,3323,S07E45,102,0230,Esi,14,13
2023-06-03,3324,N15W12,159,0020,Bxo,05,06
2023-06-03,3325,N11W02,149,0010,Bxo,03,02
2023-06-03,3326,N25E73,074,0120,Hsx,01,01
2023-06-04,3319,S19W70,204,0200,Eai,13,13
2023-06-04,3320,N10E07,127,0030,Cso,08,04
2023-06-04,3321,S15E13,121,0180,Hax,05,01
2023-06-04,3323,S07E32,102,0310,Ekc,13,13
2023-06-04,3324,N15W25,159,0010,Bxo,05,06
2023-06-04,3325,N11W16,150,0030,Cao,03,04
2023-06-04,3326,N25E59,075,0120,Hsx,01,01
2023-06-05,3319,S19W82,202,0220,Eac,11,07
2023-06-05,3320,N10W04,124,0030,Cso,09,05
2023-06-05,3321,S15E01,119,0170,Hsx,03,01
2023-06-05,3323,S07E20,100,0320,Ehi,14,18
2023-06-05,3325,N11W30,150,0020,Hrx,02,01
2023-06-05,3326,N29E46,074,0070,Hsx,02,01
2023-06-05,3327,S14E67,053,0100,Dao,04,07
2023-06-06,3319,S22W91,197,0060,Hsx,06,01
2023-06-06,3320,N10W21,127,0040,Cso,07,03
2023-06-06,3321,S15W11,118,0200,Hsx,06,14
2023-06-06,3323,S08W04,110,0330,Eki,15,35
2023-06-06,3325,N09W43,150,0040,Hrx,03,02
2023-06-06,3326,N26E40,066,0190,Hsx,09,03
2023-06-06,3327,S15E56,050,0120,Dai,08,10
2023-06-06,3328,N11W03,109,0010,Axx,03,03
2023-06-07,3320,N10W35,128,0020,Hsx,04,02
2023-06-07,3321,S14W25,118,0190,Hsx,06,07
2023-06-07,3323,S08W14,107,0300,Eki,15,20
2023-06-07,3325,N09W60,153,0010,Hsx,00,01
2023-06-07,3326,N26E23,069,0070,Hsx,02,01
2023-06-07,3327,S14E40,052,0300,Dki,10,16
2023-06-07,3329,N25E42,050,0040,Dao,07,04
2023-06-07,3330,N18E27,066,0010,Bxo,05,02
2023-06-08,3320,N10W48,128,0010,Hrx,01,01
2023-06-08,3321,S14W39,119,0200,Cso,04,03
2023-06-08,3323,S08W20,100,0150,Eai,14,30
2023-06-08,3324,N15W77,158,0040,Bxo,05,02
2023-06-08,3325,N12W74,154,0010,Axx,03,01
2023-06-08,3326,N25E11,069,0060,Hsx,02,01
2023-06-08,3327,S16E28,051,0250,Eki,11,28
2023-06-08,3329,N23E28,051,0120,Dao,05,07
2023-06-08,3330,N18E14,066,0020,Dro,05,02
2023-06-08,3331,S22E62,018,0140,Hax,12,02
2023-06-09,3320,N10W62,129,0010,Hrx,01,01
2023-06-09,3321,S15W53,120,0170,Cso,05,02
2023-06-09,3323,S08W35,102,0150,Eai,13,19
2023-06-09,3326,N25W03,070,0060,Hsx,02,01
2023-06-09,3327,S16E15,052,0270,Ekc,12,26
2023-06-09,3329,N23E14,052,0120,Dao,06,05
2023-06-09,3330,N18W04,069,0010,Axx,01,01
2023-06-09,3331,S22E48,018,0170,Dso,10,03
2023-06-09,3332,S08E59,008,0020,Hsx,01,01
2023-06-10,3320,N10W75,129,0010,Axx,01,01
2023-06-10,3321,S16W66,120,0150,Hsx,03,01
2023-06-10,3323,S08W47,101,0070,Ero,13,12
2023-06-10,3326,N25W16,070,0060,Hsx,02,01
2023-06-10,3327,S17E01,053,0180,Eai,11,33
2023-06-10,3329,N23E01,053,0090,Dai,07,09
2023-06-10,3330,N18W17,071,0000,Axx,00,01
2023-06-10,3331,S22E37,017,0180,Eso,11,03
2023-06-10,3332,S08E45,009,0010,Hrx,01,01
2023-06-11,3321,S16W79,120,0150,Hsx,02,01
2023-06-11,3323,S08W61,102,0010,Bxo,13,06
2023-06-11,3326,N26W29,070,0080,Hsx,01,01
2023-06-11,3327,S15W13,054,0110,Eai,11,30
2023-06-11,3329,N23W12,053,0120,Cao,07,05
2023-06-11,3331,S22E25,016,0170,Eao,12,02
2023-06-11,3332,S08E31,010,0000,Axx,00,01
2023-06-12,3321,S15W91,119,0090,Hsx,09,01
2023-06-12,3326,N25W42,070,0120,Hsx,09,03
2023-06-12,3327,S16W27,055,0130,Eai,11,37
2023-06-12,3329,N23W24,052,0110,Cao,08,07
2023-06-12,3331,S22E13,015,0170,Eao,12,07
2023-06-12,3332,S08E17,011,0010,Axx,01,01
2023-06-13,3323,S07W90,104,0010,Axx,01,01
2023-06-13,3326,N26W54,069,0060,Hsx,02,01
2023-06-13,3327,S15W40,053,0040,Esi,13,21
2023-06-13,3329,N23W39,052,0100,Hsx,03,02
2023-06-13,3330,N18W59,074,0000,Axx,00,02
2023-06-13,3331,S23E03,012,0150,Csi,12,18
2023-06-13,3332,S08E06,009,0000,Axx,00,01
2023-06-14,3326,N26W67,068,0050,Hsx,04,01
2023-06-14,3327,S15W53,054,0010,Bxo,08,12
2023-06-14,3329,N23W52,053,0090,Hsx,03,02
2023-06-14,3331,S23W14,015,0120,Dao,10,10
2023-06-14,3333,S12E50,311,0070,Dao,06,10
2023-06-14,3334,N17E68,293,0090,Hax,01,03
2023-06-15,3326,N25W80,068,0050,Hsx,02,01
2023-06-15,3329,N23W66,053,0050,Cao,02,02
2023-06-15,3331,S23W28,015,0090,Cao,05,06
2023-06-15,3333,S11E36,311,0140,Dai,07,16
2023-06-15,3334,N17E56,291,0060,Hax,01,02
2023-06-15,3335,S15E63,284,0140,Dao,02,05
2023-06-15,3336,S20E66,281,0160,Cso,06,05
2023-06-16,3329,N24W78,052,0040,Hsx,02,01
2023-06-16,3331,S23W40,015,0050,Hax,02,02
2023-06-16,3333,S11E22,313,0130,Dai,09,07
2023-06-16,3334,N17E47,288,0010,Axx,01,01
2023-06-16,3335,S15E51,284,0150,Eso,11,09
2023-06-16,3336,S21E54,281,0130,Dao,09,09
2023-06-16,3337,N17E69,266,0010,Axx,01,01
2023-06-16,3338,N11E73,262,0020,Cao,08,02
2023-06-17,3331,S23W53,015,0070,Hsx,02,02
2023-06-17,3333,S11E10,312,0220,Dai,10,16
2023-06-17,3334,N17E36,286,0010,Axx,01,01
2023-06-17,3335,S15E37,285,0380,Ehi,11,18
2023-06-17,3336,S21E44,278,0080,Cao,06,08
2023-06-17,3337,N17E59,263,0010,Axx,01,01
2023-06-17,3338,N11E59,263,0140,Cso,06,04
2023-06-18,3331,S23W66,014,0060,Hsx,02,02
2023-06-18,3333,S11W05,313,0240,Eai,11,18
2023-06-18,3335,S15E24,284,0390,Eki,13,18
2023-06-18,3336,S21E31,277,0030,Cro,03,05
2023-06-18,3338,N11E45,263,0130,Cso,08,06
2023-06-18,3339,S19E70,238,0100,Hsx,02,01
2023-06-19,3331,S23W80,015,0050,Hsx,02,02
2023-06-19,3332,S10W71,006,0010,Axx,01,02
2023-06-19,3333,S11W19,314,0200,Eai,11,13
2023-06-19,3335,S15E10,285,0360,Eki,13,18
2023-06-19,3336,S22E17,278,0030,Cro,04,05
2023-06-19,3338,N11E31,264,0120,Cao,09,06
2023-06-19,3339,S19E56,239,0120,Hsx,02,01
2023-06-19,3340,N23E59,236,0100,Cao,04,06
2023-06-20,3332,S09W83,005,0010,Axx,01,01
2023-06-20,3333,S11W30,312,0090,Eai,11,12
2023-06-20,3335,S15W03,284,0200,Eai,13,22
2023-06-20,3336,S23E03,279,0020,Cro,09,07
2023-06-20,3337,N17E18,264,0010,Axx,01,01
2023-06-20,3338,N11E17,264,0070,Dao,10,10
2023-06-20,3339,S19E42,239,0180,Hsx,04,01
2023-06-20,3340,N23E45,237,0100,Dao,04,06
2023-06-20,3341,S13E62,219,0100,Cso,08,02
2023-06-20,3342,S22W60,342,0060,Dao,05,05
2023-06-20,3343,N16W01,282,0010,Bxo,04,04
2023-06-21,3333,S12W44,312,0060,Eai,11,11
2023-06-21,3335,S15W16,284,0200,Eai,13,18
2023-06-21,3338,N11E04,264,0050,Eso,11,08
2023-06-21,3339,S18E28,240,0140,Hax,04,02
2023-06-21,3340,N21E31,238,0080,Cao,06,07
2023-06-21,3341,S15E58,218,0110,Dao,07,04
2023-06-21,3342,S22W74,343,0070,Dao,08,08
2023-06-21,3344,N22W47,315,0010,Cao,03,04
2023-06-21,3345,N10E59,209,0030,Dso,02,03
2023-06-22,3333,S11W57,312,0080,Cao,05,05
2023-06-22,3335,S15W28,283,0220,Eai,11,17
2023-06-22,3337,N20W07,262,0120,Cso,04,10
2023-06-22,3338,N11W08,262,0040,Cso,08,05
2023-06-22,3339,S18E15,239,0140,Cao,05,05
2023-06-22,3340,N21E19,235,0120,Dai,08,12
2023-06-22,3341,S15E48,211,0190,Cso,06,07
2023-06-22,3342,S21W84,340,0200,Dao,06,06
2023-06-22,3344,N22W59,313,0080,Dao,06,03
2023-06-22,3345,N09E48,209,0080,Cso,05,05
2023-06-22,3346,N08E22,232,0020,Cao,04,05
2023-06-23,3333,S11W71,313,0030,Cao,05,05
2023-06-23,3334,N17W40,282,0020,Bxo,04,03
2023-06-23,3335,S15W44,284,0230,Esi,11,09
2023-06-23,3337,N20W24,266,0060,Dro,05,06
2023-06-23,3338,N11W22,264,0030,Cso,08,04
2023-06-23,3339,S20E03,239,0140,Cao,06,09
2023-06-23,3340,N22E07,235,0130,Dsi,10,12
2023-06-23,3341,S16E35,207,0180,Cso,06,07
2023-06-23,3344,N23W73,315,0040,Dao,09,02
2023-06-23,3345,N09E33,209,0040,Cso,05,05
2023-06-23,3346,N08E08,234,0020,Bxo,04,04
2023-06-24,3335,S15W58,287,0230,Dso,08,09
2023-06-24,3337,N20W38,267,0080,Dao,07,06
2023-06-24,3338,N11W37,266,0020,Cro,04,05
2023-06-24,3339,S20W11,240,0110,Cao,08,09
2023-06-24,3340,N22W07,236,0160,Esi,11,13
2023-06-24,3341,S16E22,207,0200,Cso,05,05
2023-06-24,3344,N24W85,314,0010,Axx,01,01
2023-06-24,3345,N08E19,210,0020,Cro,04,03
2023-06-24,3347,S17W26,255,0030,Cro,06,05
2023-06-24,3348,S31E46,183,0020,Bxo,05,03
2023-06-24,3349,N09E38,191,0020,Bxo,03,03
2023-06-24,3350,S11E39,190,0010,Axx,01,01
2023-06-24,3351,N22E59,170,0020,Hsx,02,01
2023-06-25,3335,S14W73,288,0220,Cso,06,04
2023-06-25,3337,N21W51,267,0060,Cao,07,06
2023-06-25,3338,N11W51,266,0020,Hrx,02,04
2023-06-25,3339,S20W23,239,0110,Cso,05,07
2023-06-25,3340,N22W19,235,0200,Eai,11,18
2023-06-25,3341,S16E09,207,0140,Cao,04,04
2023-06-25,3345,N09E04,212,0010,Hrx,01,01
2023-06-25,3346,N10W20,235,0020,Bxo,02,02
2023-06-25,3347,S18W38,254,0010,Bxo,03,03
2023-06-25,3348,S31E34,182,0020,Bxo,07,02
2023-06-25,3349,N09E24,192,0020,Bxo,05,02
2023-06-25,3351,N22E46,170,0030,Hsx,01,01
2023-06-25,3352,N08W59,275,0020,Cro,03,03
2023-06-25,3353,S18W12,228,0010,Bxo,03,03
2023-06-26,3335,S15W87,289,0200,Hax,02,01
2023-06-26,3337,N21W61,263,0030,Hax,03,03
2023-06-26,3338,N11W64,266,0020,Cro,02,03
2023-06-26,3339,S20W37,239,0090,Cso,04,06
2023-06-26,3340,N23W31,233,0300,Ekc,11,18
2023-06-26,3341,S16W05,207,0130,Cao,04,05
2023-06-26,3345,N09W09,211,0010,Hrx,01,01
2023-06-26,3346,N08W33,235,0010,Bxo,04,02
2023-06-26,3347,S18W50,252,0010,Axx,01,02
2023-06-26,3349,N08E11,191,0010,Bxo,06,02
2023-06-26,3351,N22E32,170,0020,Hrx,02,03
2023-06-26,3352,N09W73,275,0010,Bxo,05,03
2023-06-26,3353,S18W26,228,0010,Axx,01,01
2023-06-27,3337,N15W75,264,0010,Hrx,01,01
2023-06-27,3338,N09W78,267,0010,Axx,02,02
2023-06-27,3339,S23W51,240,0150,Cso,09,10
2023-06-27,3340,N20W45,234,0350,Eki,11,22
2023-06-27,3341,S15W19,208,0120,Cao,10,09
2023-06-27,3345,N09W23,212,0010,Hrx,01,01
2023-06-27,3347,S19W64,253,0010,Axx,01,01
2023-06-27,3348,S33E07,182,0010,Bxo,04,02
2023-06-27,3351,N20E18,171,0030,Cro,03,05
2023-06-27,3354,N15E24,164,0020,Cso,03,05
2023-06-28,3337,N15W90,266,0010,Axx,01,01
2023-06-28,3339,S20W65,241,0060,Cso,06,03
2023-06-28,3340,N23W58,234,0260,Eki,12,17
2023-06-28,3341,S15W33,209,0050,Cao,06,02
2023-06-28,3345,N09W37,213,0010,Hrx,01,01
2023-06-28,3348,S33W06,182,0010,Bxo,05,05
2023-06-28,3351,N20E05,171,0010,Bxo,04,02
2023-06-28,3354,N15E11,165,0450,Dki,09,19
2023-06-28,3355,S16E56,120,0040,Hax,01,01
2023-06-29,3339,S21W78,238,0040,Hax,02,01
2023-06-29,3340,N23W72,235,0220,Eai,11,14
2023-06-29,3341,S15W47,210,0030,Hax,02,01
2023-06-29,3345,N09W50,213,0020,Hrx,01,01
2023-06-29,3348,S33W19,182,0010,Bxo,06,03
2023-06-29,3351,N21W08,171,0010,Bxo,02,02
2023-06-29,3354,N14W03,166,0800,Ekc,11,38
2023-06-29,3355,S16E42,121,0030,Hsx,01,01
2023-06-30,3339,S19W91,239,0030,Hax,01,01
2023-06-30,3340,N23W86,236,0080,Eai,11,07
2023-06-30,3341,S15W61,211,0020,Hax,02,02
2023-06-30,3345,N09W64,214,0010,Axx,01,01
2023-06-30,3354,N15W16,166,0890,Ekc,13,40
2023-06-30,3355,S16E28,122,0030,Hax,01,01
2023-07-01,3341,S16W75,211,0010,Axx,01,01
2023-07-01,3345,N06W78,214,0010,Hrx,01,01
2023-07-01,3354,N13W30,166,0880,Fkc,16,30
2023-07-01,3355,S16E14,122,0020,Hsx,02,03
2023-07-01,3356,S08E38,098,0010,Bxo,01,02
2023-07-02,3341,S16W88,211,0010,Axx,01,01
2023-07-02,3354,N13W44,167,1100,Fkc,17,26
2023-07-02,3355,S16E03,119,0010,Hrx,02,02
2023-07-02,3356,S08E24,099,0030,Cro,03,05
2023-07-02,3357,S07E32,091,0020,Dro,02,05
2023-07-02,3358,S12E57,066,0090,Dai,03,03
2023-07-02,3359,S20E61,061,0030,Dri,05,07
2023-07-03,3354,N16W58,168,1150,Fkc,18,22
2023-07-03,3355,S16W06,116,0010,Axx,02,01
2023-07-03,3356,S07E09,101,0010,Bxo,03,03
2023-07-03,3357,S07E18,092,0030,Dao,03,06
2023-07-03,3358,S12E43,066,0070,Dai,06,15
2023-07-03,3359,S22E41,068,0060,Dai,07,07
2023-07-03,3360,N23E44,066,0020,Hsx,02,02
2023-07-04,3354,N16W72,169,1130,Fkc,18,25
2023-07-04,3356,S07W06,103,0010,Bxo,03,02
2023-07-04,3357,S07E05,092,0050,Dao,06,06
2023-07-04,3358,S13E29,068,0100,Dai,06,14
2023-07-04,3359,S22E26,071,0080,Dso,07,08
2023-07-04,3360,N23E30,067,0030,Hsx,02,02
2023-07-05,3354,N16W87,170,1130,Fkc,18,25
2023-07-05,3357,S07W09,092,0040,Dao,08,07
2023-07-05,3358,S14E14,069,0040,Dsi,09,13
2023-07-05,3359,S21E11,072,0060,Dso,08,05
2023-07-05,3360,N23E15,068,0030,Cao,05,08
2023-07-05,3361,N23E45,038,0010,Bxo,07,03
2023-07-06,3357,S06W21,091,0010,Bxo,07,09
2023-07-06,3358,S11W02,072,0010,Bxo,07,10
2023-07-06,3359,S21W00,070,0140,Dso,10,12
2023-07-06,3360,N23E07,062,0030,Cro,04,06
2023-07-06,3361,N23E31,039,0010,Cao,07,03
2023-07-06,3362,S10E60,009,0070,Hsx,02,01
2023-07-07,3355,S15W59,116,0010,Bxo,02,04
2023-07-07,3357,S07W35,092,0010,Axx,02,01
2023-07-07,3358,S11W15,072,0010,Bxo,11,11
2023-07-07,3359,S21W15,072,0240,Dao,09,10
2023-07-07,3360,N22W06,063,0030,Cro,04,07
2023-07-07,3361,N22E17,040,0230,Dai,10,17
2023-07-07,3362,S10E47,010,0040,Hsx,02,01
2023-07-07,3363,S21E68,349,0390,Hhx,05,01
2023-07-07,3364,N23E57,360,0020,Cro,02,07
2023-07-08,3358,S13W23,066,0010,Bxo,05,07
2023-07-08,3359,S22W27,071,0210,Dao,08,11
2023-07-08,3360,N23W21,065,0020,Cro,02,04
2023-07-08,3361,N24E02,042,0240,Eac,12,17
2023-07-08,3362,S09E33,011,0050,Hsx,02,01
2023-07-08,3363,S21E56,348,0320,Hkx,05,02
2023-07-08,3364,N24E43,001,0020,Cro,03,03
2023-07-08,3365,S36W21,065,0020,Bxo,03,02
2023-07-08,3366,S11W09,052,0020,Dri,03,10
2023-07-09,3355,S14W84,114,0010,Axx,01,01
2023-07-09,3358,S13W36,066,0010,Axx,01,01
2023-07-09,3359,S22W40,070,0030,Cro,08,08
2023-07-09,3360,N23W35,065,0020,Hrx,02,01
2023-07-09,3361,N24W12,042,0260,Ekc,11,21
2023-07-09,3362,S09E19,011,0050,Hsx,02,02
2023-07-09,3363,S21E43,347,0320,Cko,08,02
2023-07-09,3364,N24E29,001,0010,Axx,01,01
2023-07-09,3365,S36W35,065,0010,Bxo,06,02
2023-07-09,3366,S10W24,054,0100,Dai,06,11
2023-07-09,3367,N10E15,014,0010,Bxo,04,07
2023-07-10,3358,S13W50,067,0010,Axx,01,01
2023-07-10,3359,S22W54,071,0010,Bxo,10,06
2023-07-10,3360,N23W46,063,0030,Dri,04,06
2023-07-10,3361,N24W26,043,0250,Ehi,11,13
2023-07-10,3362,S09E06,011,0050,Hsx,02,02
2023-07-10,3363,S21E30,347,0320,Hkx,06,02
2023-07-10,3364,N24E15,002,0010,Axx,01,01
2023-07-10,3365,S36W48,065,0010,Axx,06,02
2023-07-10,3366,S10W38,055,0120,Dsi,07,10
2023-07-10,3367,N10E01,016,0080,Dai,05,10
2023-07-10,3368,S19W33,050,0030,Dri,03,05
2023-07-10,3369,S18W23,039,0030,Dro,03,05
2023-07-11,3359,S21W68,072,0010,Bxo,03,03
2023-07-11,3360,N23W60,064,0030,Dro,04,07
2023-07-11,3361,N24W38,044,0270,Ehc,11,12
2023-07-11,3362,S09W06,010,0040,Hsx,02,02
2023-07-11,3363,S21E17,347,0500,Cko,07,07
2023-07-11,3364,N24E01,003,0010,Axx,01,01
2023-07-11,3366,S10W52,056,0130,Dso,10,06
2023-07-11,3367,N10W13,017,0120,Dsi,07,13
2023-07-11,3368,S19W47,051,0100,Dao,08,09
2023-07-11,3369,S18W37,041,0050,Cso,05,07
2023-07-11,3370,S15E61,303,0030,Dso,07,04
2023-07-12,3360,N25W72,062,0010,Bxo,05,05
2023-07-12,3361,N25W51,042,0250,Dhi,10,20
2023-07-12,3362,S08W20,011,0030,Hsx,01,01
2023-07-12,3363,S21E05,346,0780,Cko,07,21
2023-07-12,3364,N25W12,003,0010,Axx,00,01
2023-07-12,3366,S11W67,058,0120,Cso,10,07
2023-07-12,3367,N10W27,018,0160,Dsi,10,22
2023-07-12,3368,S17W64,053,0100,Dao,07,14
2023-07-12,3369,S18W51,042,0060,Cso,05,04
2023-07-12,3370,S14E47,304,0050,Dao,07,08
2023-07-12,3371,S15E59,292,0020,Hax,01,01
2023-07-12,3372,N22E75,276,0270,Hkx,02,03
2023-07-13,3360,N23W89,066,0000,Axx,00,01
2023-07-13,3361,N25W65,042,0220,Dsi,10,13
2023-07-13,3362,S08W34,011,0020,Hrx,01,01
2023-07-13,3363,S21W09,346,0850,Dko,07,24
2023-07-13,3364,N25W26,003,0010,Bxo,03,05
2023-07-13,3366,S11W83,060,0090,Hsx,02,01
2023-07-13,3367,N10W41,018,0160,Dai,10,18
2023-07-13,3368,S17W78,055,0080,Dai,08,11
2023-07-13,3369,S18W65,042,0000,Axx,01,02
2023-07-13,3370,S15E33,304,0030,Dro,08,08
2023-07-13,3371,S15E48,289,0030,Hax,01,02
2023-07-13,3372,N24E65,272,0650,Eki,14,13
2023-07-14,3361,N25W75,039,0150,Cso,10,05
2023-07-14,3362,S08W45,009,0020,Hrx,01,01
2023-07-14,3363,S23W20,343,0800,Dko,08,20
2023-07-14,3364,N25W39,002,0000,Axx,00,01
2023-07-14,3367,N10W56,019,0200,Eai,11,16
2023-07-14,3370,S15E21,302,0020,Cro,08,05
2023-07-14,3371,S15E34,290,0030,Hax,02,02
2023-07-14,3372,N24E53,271,0650,Eko,15,16
2023-07-15,3361,N24W89,040,0040,Hsx,02,01
2023-07-15,3362,S08W59,010,0010,Axx,01,01
2023-07-15,3363,S22W34,345,0780,Dko,08,16
2023-07-15,3367,N10W69,020,0170,Dao,10,09
2023-07-15,3370,S15E08,303,0010,Bxo,05,04
2023-07-15,3371,S15E20,291,0030,Hax,02,02
2023-07-15,3372,N24E39,272,0770,Eko,15,11
2023-07-15,3373,N08E66,245,0120,Dao,07,06
2023-07-15,3374,S09E69,242,0030,Hsx,01,01
2023-07-16,3363,S22W47,346,0720,Dko,08,11
2023-07-16,3367,N10W83,021,0080,Dao,10,04
2023-07-16,3371,S15E07,291,0010,Hax,01,01
2023-07-16,3372,N21E26,273,0660,Eko,14,13
2023-07-16,3373,N06E52,246,0120,Dso,07,06
2023-07-16,3374,S09E55,243,0030,Hsx,01,01
2023-07-17,3363,S22W59,344,0720,Dko,10,09
2023-07-17,3371,S15W07,292,0020,Hrx,01,01
2023-07-17,3372,N23E13,272,0700,Fko,16,18
2023-07-17,3373,N07E39,246,0240,Dai,10,20
2023-07-17,3374,S08E41,244,0020,Hsx,01,01
2023-07-18,3363,S22W74,345,0700,Dko,09,10
2023-07-18,3371,S15W19,290,0020,Hrx,01,01
2023-07-18,3372,N23E01,270,0700,Fho,16,21
2023-07-18,3373,N07E25,246,0450,Ekc,11,20
2023-07-18,3374,S16E27,244,0030,Hrx,01,01
2023-07-18,3375,N12W53,324,0020,Cro,03,04
2023-07-18,3376,N24E43,228,0030,Dro,05,11
2023-07-18,3377,S09E71,200,0030,Dso,02,01
2023-07-19,3363,S21W86,343,0380,Hkx,07,03
2023-07-19,3371,S15W33,291,0000,Axx,00,01
2023-07-19,3372,N23W12,270,0560,Fho,17,20
2023-07-19,3373,N07E13,244,0500,Ekc,12,18
2023-07-19,3374,S08E15,243,0020,Hrx,01,02
2023-07-19,3375,N12W65,322,0000,Axx,00,01
2023-07-19,3376,N23E29,228,0180,Dso,07,15
2023-07-19,3377,S09E60,198,0210,Dso,06,02
2023-07-20,3372,N24W24,269,0500,Fho,17,15
2023-07-20,3373,N08W02,246,0550,Ekc,14,24
2023-07-20,3374,S07E01,244,0010,Hrx,01,01
2023-07-20,3375,N13W80,324,0000,Axx,01,01
2023-07-20,3376,N25E16,229,0150,Dso,07,07
2023-07-20,3377,S09E47,198,0240,Dso,06,04
2023-07-20,3378,S26E13,232,0030,Dro,07,06
2023-07-20,3379,N16E70,175,0180,Dso,10,03
2023-07-21,3372,N23W37,269,0380,Fko,16,13
2023-07-21,3373,N08W15,247,0520,Ekc,14,21
2023-07-21,3374,S08W12,244,0010,Axx,01,01
2023-07-21,3376,N25E03,229,0130,Dso,06,08
2023-07-21,3377,S09E34,198,0240,Dso,07,05
2023-07-21,3378,S26W01,233,0030,Cro,07,07
2023-07-21,3379,N16E63,169,0260,Fho,16,06
2023-07-22,3372,N23W51,269,0340,Eko,15,09
2023-07-22,3373,N08W30,248,0550,Ekc,14,22
2023-07-22,3376,N25W11,229,0100,Cso,06,09
2023-07-22,3377,S09E20,198,0210,Dso,07,05
2023-07-22,3378,S26W14,232,0030,Cro,08,08
2023-07-22,3379,N16E48,170,0270,Fho,17,08
2023-07-23,3372,N25W64,269,0280,Eko,14,07
2023-07-23,3373,N08W43,248,0480,Ekc,15,20
2023-07-23,3376,N23W26,231,0060,Hsx,03,01
2023-07-23,3377,S08E07,198,0200,Dao,07,04
2023-07-23,3378,S26W27,232,0040,Cso,08,04
2023-07-23,3379,N16E35,170,0260,Fho,17,07
2023-07-24,3372,N24W78,270,0260,Cko,13,04
2023-07-24,3373,N09W57,249,0400,Ekc,15,23
2023-07-24,3376,N23W39,231,0060,Hsx,02,01
2023-07-24,3377,S09W06,198,0200,Dso,07,03
2023-07-24,3378,S26W42,234,0040,Hax,02,02
2023-07-24,3379,N16E23,169,0280,Fho,17,10
2023-07-24,3380,S11E69,123,0060,Cso,03,04
2023-07-25,3372,N24W91,270,0120,Hsx,02,01
2023-07-25,3373,N08W71,250,0240,Eao,11,13
2023-07-25,3376,N23W53,232,0070,Dao,04,04
2023-07-25,3377,S09W21,199,0260,Dho,08,05
2023-07-25,3378,S26W56,235,0030,Hax,02,01
2023-07-25,3379,N14E05,174,0280,Dko,10,05
2023-07-25,3380,S11E54,125,0120,Cao,06,06
2023-07-25,3381,S18W57,236,0010,Bxo,03,04
2023-07-25,3382,N19E10,169,0010,Hsx,02,01
2023-07-25,3383,N14E20,159,0005,Axx,01,01
2023-07-26,3373,N08W86,251,0150,Dao,07,03
2023-07-26,3376,N23W68,233,0120,Dai,05,06
2023-07-26,3377,S09W35,200,0260,Dho,05,03
2023-07-26,3378,S28W70,235,0040,Hax,02,01
2023-07-26,3379,N14W10,175,0260,Dko,06,08
2023-07-26,3380,S11E39,126,0230,Cao,05,07
2023-07-26,3381,S18W71,236,0010,Axx,02,01
2023-07-26,3382,N18W05,170,0020,Hax,02,01
2023-07-26,3383,N14E05,160,0010,Bxo,03,03
2023-07-26,3384,S14E54,111,0010,Bxo,06,04
2023-07-27,3376,N23W82,234,0120,Dao,06,07
2023-07-27,3377,S09W49,201,0230,Dao,04,03
2023-07-27,3378,S28W84,236,0050,Hax,01,01
2023-07-27,3379,N14W24,176,0255,Cko,06,08
2023-07-27,3380,S11E25,127,0110,Cso,06,10
2023-07-27,3382,N18W19,171,0020,Hrx,02,01
2023-07-27,3383,N14W09,161,0010,Axx,03,01
2023-07-27,3384,S14E40,112,0010,Bxo,06,04
2023-07-27,3385,S16W16,168,0040,Cao,04,05
2023-07-27,3386,N11E60,092,0110,Dao,04,07
2023-07-28,3376,N22W96,235,0140,Dao,08,05
2023-07-28,3377,S09W62,201,0220,Dso,03,02
2023-07-28,3379,N14W37,176,0200,Cso,04,07
2023-07-28,3380,S12E12,127,0110,Cso,05,07
2023-07-28,3382,N19W32,171,0010,Axx,01,01
2023-07-28,3384,S15E29,110,0020,Bxo,07,04
2023-07-28,3385,S15W35,174,0020,Hrx,01,01
2023-07-28,3386,N12E47,092,0180,Dsi,07,11
2023-07-28,3387,N20E66,073,0060,Hax,03,02
2023-07-28,3388,S23E62,077,0030,Cso,04,03
2023-07-28,3389,S09E72,067,0020,Hsx,02,01
2023-07-29,3377,S08W74,200,0200,Dso,03,02
2023-07-29,3379,N14W50,176,0180,Hsx,03,01
2023-07-29,3380,S10E01,125,0200,Cai,08,14
2023-07-29,3384,S16E17,109,0010,Axx,03,03
2023-07-29,3385,S15W50,176,0020,Hrx,01,01
2023-07-29,3386,N12E34,092,0360,Dki,08,18
2023-07-29,3387,N20E54,072,0120,Cao,03,04
2023-07-29,3388,S23E49,077,0060,Cso,08,03
2023-07-29,3389,S09E60,066,0040,Hsx,02,01
2023-07-29,3390,S18E70,056,0020,Hrx,02,01
2023-07-30,3377,S08W87,200,0140,Dso,03,02
2023-07-30,3379,N14W63,176,0180,Hsx,03,01
2023-07-30,3380,S10W12,125,0230,Dai,09,16
2023-07-30,3385,S15W64,177,0010,Axx,01,01
2023-07-30,3386,N12E20,093,0300,Dki,09,12
2023-07-30,3387,N20E42,071,0120,Cao,03,05
2023-07-30,3388,S23E36,077,0060,Cso,08,05
2023-07-30,3389,S09E47,066,0040,Hsx,02,01
2023-07-30,3390,S19E58,055,0030,Cro,03,03
2023-07-30,3391,N25E75,038,0030,Hsx,01,01
2023-07-31,3379,N14W76,175,0180,Hsx,02,01
2023-07-31,3380,S10W25,124,0240,Dac,09,21
2023-07-31,3385,S15W78,177,0010,Axx,01,01
2023-07-31,3386,N12E07,092,0320,Dki,10,12
2023-07-31,3387,N21E29,070,0120,Cso,03,05
2023-07-31,3388,S23E21,078,0030,Hsx,03,02
2023-07-31,3389,S11E35,064,0040,Hsx,04,03
2023-07-31,3390,S19E46,053,0020,Cro,04,03
2023-07-31,3391,N25E63,036,0050,Hsx,02,01
2023-08-01,3379,N13W89,174,0100,Hsx,03,01
2023-08-01,3380,S10W39,124,0400,Dkc,10,20
2023-08-01,3384,S16W15,107,0040,Cao,02,08
2023-08-01,3386,N10W04,090,0310,Eki,13,24
2023-08-01,3387,N23E16,069,0110,Cso,08,09
2023-08-01,3388,S23E07,079,0040,Hsx,02,02
2023-08-01,3389,S09E22,064,0030,Hsx,02,02
2023-08-01,3390,S20E34,052,0020,Dso,03,02
2023-08-01,3391,N23E49,037,0130,Hsx,04,02
2023-08-01,3392,N09E50,036,0040,Dai,03,03
2023-08-01,3393,N16E26,059,0060,Hsx,03,03
2023-08-02,3380,S10W55,127,0190,Dac,10,21
2023-08-02,3384,S18W39,110,0010,Cao,03,05
2023-08-02,3386,N14W18,092,0150,Eai,11,16
2023-08-02,3387,N22E03,069,0050,Cso,03,06
2023-08-02,3388,S23W06,078,0010,Cro,02,01
2023-08-02,3389,S08E07,065,0020,Hsx,03,02
2023-08-02,3390,S18E19,053,0020,Dso,04,02
2023-08-02,3391,N25E37,035,0050,Hsx,03,01
2023-08-02,3392,N09E36,037,0040,Dao,03,03
2023-08-02,3393,N18E12,060,0010,Cso,04,03
2023-08-03,3380,S10W66,125,0430,Dkc,09,10
2023-08-03,3386,N12W33,092,0160,Eso,11,06
2023-08-03,3387,N20W10,069,0060,Cso,06,04
2023-08-03,3388,S24W18,077,0010,Axx,01,01
2023-08-03,3389,S09W05,063,0020,Hsx,04,06
2023-08-03,3390,S20E06,052,0010,Bxo,03,02
2023-08-03,3391,N23E25,033,0080,Cso,03,02
2023-08-03,3392,N09E23,035,0120,Dao,10,13
2023-08-03,3393,N16W03,061,0010,Axx,01,01
2023-08-04,3380,S11W80,126,0330,Eki,12,10
2023-08-04,3386,N12W45,091,0180,Dso,08,06
2023-08-04,3387,N22W21,067,0050,Cso,05,05
2023-08-04,3388,S23W30,076,0010,Axx,01,01
2023-08-04,3391,N23E13,033,0090,Hsx,02,01
2023-08-04,3392,N10E10,036,0160,Eso,11,07
2023-08-04,3393,N16W16,062,0010,Axx,01,01
2023-08-04,3394,S22E61,345,0130,Hsx,03,02
2023-08-04,3395,N15E75,331,0060,Hsx,02,01
2023-08-05,3380,S11W93,126,0250,Eki,12,05
2023-08-05,3386,N11W62,095,0250,Dhi,05,05
2023-08-05,3387,N22W35,068,0050,Cso,05,03
2023-08-05,3388,S23W44,077,0010,Axx,02,02
2023-08-05,3391,N24E01,032,0090,Hsx,02,02
2023-08-05,3392,N10W05,038,0200,Dao,08,08
2023-08-05,3393,N17W30,063,0010,Axx,01,01
2023-08-05,3394,S22E50,343,0160,Cso,04,04
2023-08-05,3395,N13E67,326,0080,Dso,07,02
2023-08-06,3386,N11W76,096,0250,Dki,04,05
2023-08-06,3387,N22W49,069,0080,Dso,03,04
2023-08-06,3388,S23W58,078,0010,Axx,01,01
2023-08-06,3391,N23W14,034,0080,Hsx,02,01
2023-08-06,3392,N10W20,040,0190,Cao,07,13
2023-08-06,3394,S22E36,344,0150,Hsx,04,02
2023-08-06,3395,N13E52,328,0120,Dso,06,04
2023-08-07,3386,N11W90,096,0250,Dki,05,03
2023-08-07,3387,N20W62,069,0140,Dsi,06,08
2023-08-07,3388,S23W71,078,0010,Axx,01,01
2023-08-07,3391,N23W27,034,0080,Hsx,02,01
2023-08-07,3392,N10W35,042,0130,Cao,05,06
2023-08-07,3394,S22E23,344,0160,Cso,07,04
2023-08-07,3395,N14E39,327,0090,Cso,07,04
2023-08-08,3387,N18W73,066,0080,Dsi,06,03
2023-08-08,3391,N23W39,032,0050,Hsx,02,01
2023-08-08,3392,N08W47,040,0050,Cao,03,04
2023-08-08,3394,S23E11,341,0140,Cso,05,03
2023-08-08,3395,N14E25,328,0050,Cao,05,03
2023-08-08,3396,N19E06,347,0020,Bxo,03,02
2023-08-08,3397,N18E47,306,0020,Hsx,01,01
2023-08-08,3398,S20W50,042,0020,Cso,04,04
2023-08-09,3387,N18W89,069,0090,Dso,06,04
2023-08-09,3389,S16W74,054,0000,Axx,00,01
2023-08-09,3391,N23W54,034,0040,Hax,03,01
2023-08-09,3392,N08W61,043,0020,Cao,02,01
2023-08-09,3394,S23W03,344,0090,Cso,04,03
2023-08-09,3395,N14E11,330,0030,Cao,09,06
2023-08-09,3396,N19W08,348,0005,Axx,01,04
2023-08-09,3397,N18E33,307,0020,Hsx,01,01
2023-08-09,3398,S23W56,039,0020,Cao,04,04
2023-08-10,3391,N23W68,035,0070,Hsx,01,01
2023-08-10,3392,N09W74,041,0050,Hsx,01,01
2023-08-10,3394,S22W15,342,0270,Dho,07,11
2023-08-10,3395,N13W03,330,0110,Dsi,08,15
2023-08-10,3397,N19E22,304,0010,Axx,01,01
2023-08-10,3398,S21W71,038,0010,Axx,02,02
2023-08-10,3399,S15E37,289,0020,Axx,01,02
2023-08-11,3391,N22W80,034,0040,Hsx,01,01
2023-08-11,3392,N09W90,044,0030,Hsx,02,01
2023-08-11,3394,S24W28,342,0240,Cso,05,06
2023-08-11,3395,N13W18,332,0130,Dsi,07,11
2023-08-11,3397,N20E08,306,0010,Axx,00,01
2023-08-11,3399,S15E24,290,0010,Bxo,03,03
2023-08-12,3391,N22W90,031,0030,Hsx,01,01
2023-08-12,3394,S23W43,344,0210,Cso,05,05
2023-08-12,3395,N13W31,332,0130,Dsi,08,19
2023-08-12,3397,N19W05,306,0020,Cso,04,05
2023-08-12,3399,S15E08,293,0010,Axx,01,01
2023-08-12,3400,S14W05,306,0010,Axx,01,01
2023-08-12,3401,N25W44,345,0010,Bxo,03,03
2023-08-13,3394,S22W55,342,0230,Cso,04,02
2023-08-13,3395,N13W44,331,0180,Dai,06,10
2023-08-13,3397,N19W18,305,0040,Cso,04,08
2023-08-13,3401,N25W59,346,0010,Axx,01,01
2023-08-14,3394,S23W67,341,0120,Hsx,03,01
2023-08-14,3395,N13W57,331,0100,Dso,06,09
2023-08-14,3397,N19W31,305,0120,Dao,07,10
2023-08-14,3402,S18W47,321,0010,Axx,01,01
2023-08-14,3403,N26E32,242,0050,Cao,05,07
2023-08-15,3394,S24W81,342,0150,Hsx,03,01
2023-08-15,3395,N11W70,331,0100,Dao,06,05
2023-08-15,3397,N17W44,304,0090,Dao,06,06
2023-08-15,3403,N26E18,242,0130,Dao,06,10
2023-08-15,3404,S07E59,201,0060,Hax,02,02
2023-08-15,3405,N11E75,186,0120,Hsx,02,01
2023-08-16,3395,N12W87,334,0010,Axx,08,02
2023-08-16,3397,N18W58,305,0060,Dso,07,02
2023-08-16,3403,N26E05,242,0200,Dao,07,18
2023-08-16,3404,S07E45,201,0060,Cao,07,03
2023-08-16,3405,N10E65,181,0160,Dso,09,03
2023-08-16,3406,S17W18,265,0010,Bxo,02,03
2023-08-16,3407,S18E22,224,0030,Cro,04,06
2023-08-17,3397,N16W70,304,0090,Dso,05,02
2023-08-17,3403,N22W09,243,0260,Dko,08,12
2023-08-17,3404,S11E34,199,0050,Hsx,01,02
2023-08-17,3405,N10E51,182,0180,Fso,16,05
2023-08-17,3406,S18W32,266,0010,Bxo,04,04
2023-08-17,3407,S22E09,225,0190,Dso,06,07
2023-08-17,3408,S18W03,237,0010,Bxo,03,05
2023-08-17,3409,N21W17,251,0030,Cro,04,09
2023-08-17,3410,S30W34,269,0010,Bxo,04,04
2023-08-18,3397,N17W83,304,0020,Cao,08,02
2023-08-18,3403,N25W22,243,0180,Dai,10,16
2023-08-18,3404,S09E20,201,0030,Cao,02,03
2023-08-18,3405,N11E38,183,0160,Eso,13,04
2023-08-18,3407,S18W04,225,0200,Dsi,07,08
2023-08-18,3408,S18W18,239,0010,Bxo,02,03
2023-08-18,3409,N21W30,251,0020,Cro,03,07
2023-08-18,3410,S30W48,269,0010,Axx,01,01
2023-08-18,3411,N14E54,167,0070,Hsx,02,01
2023-08-19,3403,N26W35,243,0160,Dai,10,12
2023-08-19,3404,S10E07,201,0010,Hax,01,01
2023-08-19,3405,N11E25,183,0140,Eso,14,06
2023-08-19,3407,S18W13,223,0140,Dso,06,05
2023-08-19,3409,N20W42,250,0020,Bxo,04,05
2023-08-19,3410,S30W62,270,0010,Axx,01,01
2023-08-19,3411,N15E35,173,0030,Hsx,02,01
2023-08-19,3412,N32E72,136,0060,Hsx,02,01
2023-08-20,3403,N27W48,242,0120,Dsi,10,08
2023-08-20,3404,S10W07,201,0010,Hrx,01,01
2023-08-20,3405,N09E11,183,0100,Cso,12,02
2023-08-20,3407,S18W32,226,0110,Dao,06,04
2023-08-20,3409,N22W56,250,0030,Cro,05,05
2023-08-20,3410,S30W75,270,0010,Axx,01,01
2023-08-20,3411,N13E22,171,0050,Hsx,04,02
2023-08-20,3412,N30E58,136,0040,Hsx,01,01
2023-08-21,3403,N27W61,242,0120,Cso,10,07
2023-08-21,3404,S10W20,201,0000,Axx,00,01
2023-08-21,3405,N09W04,185,0090,Cso,06,02
2023-08-21,3407,S18W45,226,0180,Dai,06,08
2023-08-21,3409,N22W70,252,0010,Bxo,04,03
2023-08-21,3411,N13E10,171,0050,Hsx,02,01
2023-08-21,3412,N30E44,137,0040,Hsx,02,01
2023-08-22,3403,N26W75,243,0110,Cso,04,03
2023-08-22,3404,S11W33,201,0020,Cao,01,02
2023-08-22,3405,N10W20,187,0110,Hsx,03,01
2023-08-22,3407,S19W58,225,0120,Dai,04,08
2023-08-22,3411,N13W03,170,0060,Hsx,02,01
2023-08-22,3412,N30E34,134,0070,Hsx,02,01
2023-08-22,3413,N10E73,094,0150,Hsx,03,01
2023-08-22,3414,S09E32,135,0020,Cro,02,05
2023-08-23,3404,S12W47,202,0010,Axx,02,02
2023-08-23,3405,N09W33,188,0110,Cso,04,03
2023-08-23,3407,S19W71,226,0030,Cso,02,01
2023-08-23,3411,N12W16,171,0040,Hsx,02,01
2023-08-23,3412,N31E20,135,0060,Hsx,02,01
2023-08-23,3413,N09E60,095,0200,Hsx,06,03
2023-08-23,3414,S08E19,136,0010,Axx,01,04
2023-08-23,3415,S09E74,081,0240,Hax,05,01
2023-08-24,3404,S11W62,203,0010,Axx,01,01
2023-08-24,3405,N10W48,189,0130,Hsx,03,04
2023-08-24,3407,S17W83,224,0030,Hsx,02,01
2023-08-24,3411,N14W28,169,0040,Hsx,03,01
2023-08-24,3412,N30E08,133,0050,Hsx,02,01
2023-08-24,3413,N10E46,095,0280,Fho,17,06
2023-08-24,3414,S11E05,136,0010,Axx,02,02
2023-08-24,3415,S11E62,079,0350,Dho,10,03
2023-08-25,3404,S09W71,200,0020,Bxo,02,03
2023-08-25,3405,N09W61,189,0140,Hsx,02,02
2023-08-25,3411,N13W43,171,0050,Hsx,01,01
2023-08-25,3412,N10W07,136,0060,Hsx,02,01
2023-08-25,3413,N11E33,095,0330,Eki,11,15
2023-08-25,3415,S09E49,079,0350,Dko,05,04
2023-08-26,3405,N10W75,191,0120,Cao,04,02
2023-08-26,3411,N14W56,172,0050,Hsx,02,01
2023-08-26,3412,N31W20,135,0060,Hsx,02,01
2023-08-26,3413,N11E16,100,0400,Dki,07,08
2023-08-26,3415,S09E35,079,0270,Dko,05,04
2023-08-26,3416,S19E71,044,0030,Hsx,02,01
2023-08-27,3405,N10W88,190,0060,Hax,02,01
2023-08-27,3411,N14W71,173,0040,Hsx,02,01
2023-08-27,3412,N31W35,137,0060,Hsx,02,01
2023-08-27,3413,N12E01,101,0250,Dko,07,06
2023-08-27,3415,S10E20,082,0200,Dao,05,05
2023-08-27,3416,S19E52,050,0030,Hsx,02,01
2023-08-28,3411,N14W84,173,0040,Hsx,02,01
2023-08-28,3412,N31W47,136,0060,Hsx,02,01
2023-08-28,3413,N10W13,102,0260,Dki,07,12
2023-08-28,3415,S10E06,083,0200,Dao,04,04
2023-08-28,3416,S19E38,051,0050,Hsx,02,01
2023-08-29,3412,N31W57,133,0040,Hsx,01,01
2023-08-29,3413,N10W25,101,0280,Dki,06,08
2023-08-29,3415,S09W07,083,0250,Dko,05,05
2023-08-29,3416,S19E28,048,0030,Hsx,01,01
2023-08-29,3417,S08E75,001,0050,Dso,10,03
2023-08-30,3412,N30W67,130,0030,Hsx,01,01
2023-08-30,3413,N09W36,098,0230,Dao,05,14
2023-08-30,3415,S10W19,080,0190,Dao,04,08
2023-08-30,3416,S20E18,045,0050,Hsx,01,01
2023-08-30,3417,S07E61,004,0140,Cao,06,08
2023-08-31,3412,N30W78,127,0030,Hsx,01,01
2023-08-31,3413,N09W48,097,0230,Dao,04,14
2023-08-31,3415,S09W31,080,0210,Dao,05,10
2023-08-31,3416,S18E06,042,0050,Hsx,01,01
2023-08-31,3417,S05E46,002,0150,Dao,07,07
2023-08-31,3418,N22E63,345,0030,Hsx,10,01
2023-09-01,3413,N09W62,098,0280,Dkc,05,12
2023-09-01,3415,S09W44,080,0200,Dao,05,05
2023-09-01,3416,S19W11,047,0020,Hsx,01,01
2023-09-01,3417,S08E35,001,0120,Cao,08,08
2023-09-01,3418,N22E50,346,0030,Hsx,01,01
2023-09-02,3413,N10W76,099,0260,Dkc,05,12
2023-09-02,3415,S09W57,080,0190,Dao,05,04
2023-09-02,3416,S19W24,047,0010,Axx,01,01
2023-09-02,3417,S08E22,001,0100,Cso,11,15
2023-09-02,3418,N22E37,346,0020,Hsx,02,01
2023-09-03,3413,N10W89,099,0150,Dso,05,05
2023-09-03,3415,S09W70,080,0120,Dso,04,02
2023-09-03,3417,S08E07,003,0080,Dsi,09,16
2023-09-03,3418,N21E24,346,0010,Hsx,01,01
2023-09-03,3419,N24W37,047,0010,Bxo,02,03
2023-09-04,3415,S09W83,080,0120,Cso,04,02
2023-09-04,3417,S08W08,005,0040,Cso,10,04
2023-09-04,3418,N21E10,347,0010,Hsx,01,01
2023-09-04,3419,N24W51,048,0010,Bxo,03,03
2023-09-04,3420,S20E16,341,0030,Cso,03,04
2023-09-04,3421,N15E14,343,0020,Bxo,03,05
2023-09-05,3417,S08W22,006,0040,Cao,10,04
2023-09-05,3418,N21W04,348,0010,Hrx,01,01
2023-09-05,3419,N24W65,049,0010,Bxo,03,03
2023-09-05,3420,S20E02,342,0020,Cro,03,01
2023-09-05,3421,N15W00,344,0020,Dai,08,09
2023-09-05,3422,N13E22,322,0030,Cro,05,06
2023-09-05,3423,N16E61,283,0010,Bxo,05,06
2023-09-06,3417,S06W34,004,0030,Cro,11,04
2023-09-06,3418,N21W18,348,0005,Axx,01,01
2023-09-06,3419,N24W80,050,0010,Bxo,05,03
2023-09-06,3420,S19W12,342,0010,Axx,02,03
2023-09-06,3421,N14W14,344,0140,Dai,09,15
2023-09-06,3422,N13E07,323,0030,Dro,06,05
2023-09-06,3423,N16E46,284,0090,Dao,05,08
2023-09-06,3424,N16E74,256,0010,Bxo,01,02
2023-09-07,3417,S07W51,007,0040,Hsx,05,01
2023-09-07,3418,N21W32,349,0010,Axx,01,01
2023-09-07,3420,S22W25,341,0010,Axx,04,03
2023-09-07,3421,N14W26,342,0220,Dai,10,19
2023-09-07,3422,N14W05,321,0020,Hsx,04,04
2023-09-07,3423,N16E36,281,0245,Dao,05,14
2023-09-07,3424,N17E61,255,0040,Cso,02,02
2023-09-07,3425,N23E70,247,0040,Cso,05,07
2023-09-08,3417,S07W64,008,0010,Hrx,01,01
2023-09-08,3418,N20W39,343,0010,Bxo,01,02
2023-09-08,3421,N15W39,343,0220,Eai,11,23
2023-09-08,3422,N14W19,323,0005,Axx,01,01
2023-09-08,3423,N17E22,282,0240,Dao,08,15
2023-09-08,3424,N17E48,255,0030,Cro,03,03
2023-09-08,3425,N23E56,248,0060,Dao,07,08
2023-09-08,3426,S16E15,289,0010,Bxo,01,02
2023-09-09,3417,S08W82,011,0010,Hsx,01,01
2023-09-09,3418,N19W52,343,0010,Bxo,03,05
2023-09-09,3421,N14W53,343,0170,Eai,12,17
2023-09-09,3423,N16E10,280,0280,Eki,11,23
2023-09-09,3424,N16E35,255,0010,Cro,04,02
2023-09-09,3425,N23E43,246,0140,Dai,08,15
2023-09-10,3418,N19W66,343,0010,Bxi,07,08
2023-09-10,3421,N11W64,340,0100,Eai,11,12
2023-09-10,3423,N12W03,279,0380,Ekc,11,32
2023-09-10,3425,N20E27,249,0120,Dai,10,13
2023-09-10,3427,S28E32,246,0010,Bxo,04,04
2023-09-11,3418,N19W80,344,0020,Cro,05,05
2023-09-11,3421,N13W78,342,0060,Eao,15,11
2023-09-11,3423,N16W16,279,0380,Ekc,13,21
2023-09-11,3425,N23E14,250,0110,Eai,11,13
2023-09-11,3427,S28E16,248,0010,Cro,05,04
2023-09-11,3428,N14W49,313,0020,Cro,03,04
2023-09-11,3429,N09E60,204,0030,Cso,09,09
2023-09-11,3430,S16E09,255,0010,Bxo,03,04
2023-09-11,3431,S08E60,203,0030,Dao,02,06
2023-09-12,3418,N20W93,344,0020,Hrx,02,01
2023-09-12,3421,N15W91,342,0010,Bxo,10,04
2023-09-12,3423,N16W30,281,0420,Ekc,13,21
2023-09-12,3425,N25E01,250,0100,Eai,12,24
2023-09-12,3427,S27E02,249,0010,Bxo,07,03
2023-09-12,3428,N14W62,313,0005,Axx,03,01
2023-09-12,3429,N10E46,205,0030,Dro,10,04
2023-09-12,3430,S16W05,256,0030,Cro,03,07
2023-09-12,3431,S07E47,204,0050,Dao,03,05
2023-09-12,3432,S24W74,325,0010,Bxo,03,03
2023-09-13,3423,N16W44,282,0340,Ekc,12,15
2023-09-13,3425,N24W13,251,0090,Eai,12,24
2023-09-13,3427,S27W12,250,0005,Axx,01,01
2023-09-13,3429,N10E31,206,0030,Cro,09,06
2023-09-13,3430,S17W19,257,0030,Dro,06,07
2023-09-13,3431,S07E33,205,0030,Cro,03,05
2023-09-13,3432,S22W88,326,0010,Bxo,02,02
2023-09-13,3433,N28E67,171,0070,Hsx,02,01
2023-09-14,3423,N16W58,283,0280,Eko,13,09
2023-09-14,3425,N23W27,252,0070,Eao,11,17
2023-09-14,3429,N10E18,207,0050,Eai,11,08
2023-09-14,3430,S17W33,258,0050,Dao,08,10
2023-09-14,3431,S08E19,206,0020,Hrx,03,04
2023-09-14,3433,N28E53,172,0080,Hsx,02,01
2023-09-15,3423,N15W72,283,0260,Eko,14,06
2023-09-15,3425,N23W41,252,0070,Eao,11,16
2023-09-15,3429,N10E05,205,0080,Eai,12,15
2023-09-15,3430,S17W47,258,0050,Dso,08,10
2023-09-15,3431,S08E05,206,0020,Hrx,03,02
2023-09-15,3433,N28E40,170,0090,Hsx,02,01
2023-09-16,3423,N16W84,282,0220,Eao,12,06
2023-09-16,3425,N23W53,251,0040,Cso,10,08
2023-09-16,3429,N11W09,207,0090,Dai,09,13
2023-09-16,3430,S18W60,258,0030,Cso,08,05
2023-09-16,3433,N28E28,170,0090,Hsx,02,01
2023-09-16,3434,N08W01,199,0020,Hsx,03,03
2023-09-17,3425,N24W65,250,0030,Cro,09,06
2023-09-17,3429,N11W22,206,0090,Dai,08,16
2023-09-17,3430,S17W74,259,0030,Hrx,01,01
2023-09-17,3433,N28E10,175,0080,Hsx,02,01
2023-09-17,3434,N08W14,199,0010,Axx,02,02
2023-09-17,3435,N10E69,116,0090,Dso,02,02
2023-09-18,3425,N23W75,247,0020,Cao,10,06
2023-09-18,3429,N11W36,207,0060,Cao,08,13
2023-09-18,3431,S14W38,209,0000,Axx,00,01
2023-09-18,3433,N28W04,176,0090,Cao,03,03
2023-09-18,3435,N10E60,113,0110,Dao,08,03
2023-09-18,3436,N19W22,194,0080,Cao,05,08
2023-09-19,3425,N23W83,242,0080,Dao,09,03
2023-09-19,3429,N12W50,209,0050,Cso,07,08
2023-09-19,3433,N28W13,172,0070,Cso,05,02
2023-09-19,3435,N09E56,103,0280,Cko,05,04
2023-09-19,3436,N19W36,195,0100,Dai,06,14
2023-09-19,3437,S18W15,174,0070,Dso,05,08
2023-09-19,3438,N11E49,109,0030,Hsx,01,01
2023-09-19,3439,S23E57,101,0060,Dao,05,07
2023-09-19,3440,N17E74,084,0060,Hsx,02,02
2023-09-20,3425,N24W88,239,0060,Hsx,02,01
2023-09-20,3429,N12W67,211,0080,Cao,02,03
2023-09-20,3433,N28W25,170,0090,Hsx,04,01
2023-09-20,3435,N09E42,102,0280,Dko,05,04
2023-09-20,3436,N20W49,193,0160,Dai,06,12
2023-09-20,3437,S17W29,173,0100,Dao,07,06
2023-09-20,3438,N10E34,110,0060,Csi,01,08
2023-09-20,3439,S24E43,101,0050,Cao,02,03
2023-09-20,3440,N17E60,084,0070,Cso,08,02
2023-09-20,3441,N09E11,133,0020,Cro,02,03
2023-09-21,3425,N24W99,238,0060,Hsx,02,01
2023-09-21,3429,N12W81,212,0100,Cao,03,03
2023-09-21,3433,N28W41,173,0090,Hsx,02,01
2023-09-21,3435,N09E29,102,0300,Dki,04,04
2023-09-21,3436,N21W64,195,0220,Dai,06,06
2023-09-21,3437,S18W43,174,0190,Dai,03,11
2023-09-21,3438,N10E20,111,0070,Cai,05,11
2023-09-21,3439,S25E32,100,0030,Cao,03,02
2023-09-21,3440,N17E46,085,0060,Hsx,01,01
2023-09-21,3441,N08W03,134,0020,Cro,03,04
2023-09-21,3442,S11E52,079,0050,Csi,01,05
2023-09-22,3433,N28W55,174,0070,Hsx,01,01
2023-09-22,3435,N08E16,103,0290,Dki,04,04
2023-09-22,3436,N23W78,197,0100,Dao,05,03
2023-09-22,3437,S18W57,176,0140,Dso,08,07
2023-09-22,3438,N11E09,112,0080,Dai,05,09
2023-09-22,3439,S25E18,101,0040,Hsx,01,01
2023-09-22,3440,N17E33,086,0060,Hsx,01,01
2023-09-22,3441,N08W16,135,0050,Dri,04,06
2023-09-22,3442,S10E39,080,0030,Csi,03,07
2023-09-22,3443,N27W26,145,0040,Dao,07,07
2023-09-22,3444,N24E37,082,0010,Bxo,06,03
2023-09-23,3433,N28W66,172,0060,Hsx,02,01
2023-09-23,3435,N09E03,103,0280,Dki,04,06
2023-09-23,3437,S18W69,175,0120,Dso,10,05
2023-09-23,3438,N11W05,111,0050,Bxi,05,12
2023-09-23,3439,S24E05,098,0030,Cao,03,02
2023-09-23,3440,N18E21,085,0060,Hsx,02,01
2023-09-23,3441,N08W30,136,0030,Cri,08,08
2023-09-23,3442,S09E25,081,0030,Hsx,02,01
2023-09-23,3443,N28W40,146,0150,Dai,10,15
2023-09-23,3444,N24E28,078,0010,Axx,01,01
2023-09-23,3445,S15E33,073,0100,Dai,06,09
2023-09-23,3446,N23E63,043,0010,Bxo,05,03
2023-09-24,3433,N28W79,172,0040,Hsx,02,01
2023-09-24,3435,N09W10,103,0270,Dki,06,10
2023-09-24,3437,S19W83,176,0030,Cso,12,02
2023-09-24,3438,N12W19,112,0010,Bxo,04,05
2023-09-24,3439,S24W08,101,0020,Hrx,01,02
2023-09-24,3440,N18E07,086,0060,Hsx,02,01
2023-09-24,3441,N07W47,140,0050,Dri,07,14
2023-09-24,3442,S09E12,081,0030,Hsx,01,01
2023-09-24,3443,N28W54,147,0260,Dki,10,15
2023-09-24,3444,N24E14,079,0010,Axx,01,01
2023-09-24,3445,S15E19,074,0180,Dri,07,24
2023-09-24,3446,N23E47,046,0010,Axx,01,02
2023-09-25,3433,N28W92,171,0040,Hsx,01,01
2023-09-25,3435,N10W23,102,0300,Dki,06,16
2023-09-25,3438,N13W33,112,0010,Bxo,02,06
2023-09-25,3439,S24W21,100,0020,Hrx,01,01
2023-09-25,3440,N18W05,084,0060,Hsx,02,01
2023-09-25,3441,N07W61,140,0040,Cai,08,12
2023-09-25,3442,S09W00,079,0020,Hrx,01,01
2023-09-25,3443,N28W68,148,0250,Eko,11,08
2023-09-25,3445,S14E05,074,0200,Dai,08,24
2023-09-25,3446,N23E34,045,0010,Axx,01,02
2023-09-26,3435,N10W37,103,0300,Dki,05,12
2023-09-26,3438,N12W46,112,0010,Hrx,01,02
2023-09-26,3439,S23W35,101,0010,Axx,01,01
2023-09-26,3440,N18W19,085,0070,Hsx,02,01
2023-09-26,3441,N06W75,141,0020,Cao,05,05
2023-09-26,3442,S09W14,080,0020,Hax,01,01
2023-09-26,3443,N28W81,147,0240,Eso,11,06
2023-09-26,3445,S14W09,075,0220,Dai,07,32
2023-09-26,3447,S23E08,058,0010,Dao,08,03
2023-09-26,3448,N14E73,353,0040,Hsx,08,01
2023-09-27,3435,N09W51,104,0200,Dai,06,16
2023-09-27,3440,N18W33,086,0040,Hsx,01,02
2023-09-27,3441,N06W89,142,0020,Cao,05,05
2023-09-27,3442,S09W28,081,0020,Hrx,01,01
2023-09-27,3443,N26W95,148,0240,Eso,11,06
2023-09-27,3444,N22W27,080,0005,Axx,01,01
2023-09-27,3445,S13W23,076,0210,Dai,09,37
2023-09-27,3447,S22W06,059,0070,Dao,07,06
2023-09-27,3448,N13E59,354,0090,Hsx,02,01
2023-09-27,3449,N15E47,006,0030,Cro,05,04
2023-09-28,3435,N10W65,105,0190,Dso,05,07
2023-09-28,3440,N18W47,087,0030,Hsx,01,01
2023-09-28,3442,S09W41,081,0005,Axx,01,01
2023-09-28,3445,S13W37,077,0200,Dai,09,22
2023-09-28,3447,S22W19,059,0180,Dao,06,14
2023-09-28,3448,N13E45,355,0130,Hsx,02,01
2023-09-28,3449,N15E33,007,0070,Cao,09,10
2023-09-28,3450,S18E66,334,0030,Cro,02,02
2023-09-29,3435,N10W77,104,0090,Cso,03,03
2023-09-29,3440,N18W58,085,0020,Hrx,01,01
2023-09-29,3445,S14W49,076,0140,Dao,08,09
2023-09-29,3447,S22W31,058,0120,Csi,07,07
2023-09-29,3448,N13E33,354,0110,Hsx,02,02
2023-09-29,3449,N15E16,011,0090,Dao,10,09
2023-09-29,3450,S19E58,329,0070,Dai,10,08
2023-09-30,3435,N10W92,105,0050,Hsx,03,01
2023-09-30,3440,N18W72,085,0010,Axx,01,01
2023-09-30,3445,S14W65,078,0060,Cao,10,03
2023-09-30,3447,S22W45,058,0090,Cao,07,03
2023-09-30,3448,N13E19,354,0100,Hsx,02,01
2023-09-30,3449,N15E03,009,0120,Csi,10,10
2023-09-30,3450,S19E43,330,0140,Eai,11,13
2023-10-01,3440,N18W85,085,0010,Axx,01,01
2023-10-01,3445,S14W79,075,0050,Hsx,02,01
2023-10-01,3447,S22W57,057,0080,Cso,04,03
2023-10-01,3448,N13E06,354,0080,Hsx,02,01
2023-10-01,3449,N15W09,009,0110,Csi,09,10
2023-10-01,3450,S19E31,329,0170,Eai,11,12
2023-10-01,3451,N14E60,300,0080,Dai,07,08
2023-10-02,3447,S23W72,059,0070,Hsx,02,01
2023-10-02,3448,N13W06,353,0080,Hsx,02,01
2023-10-02,3449,N15W22,009,0040,Cso,08,08
2023-10-02,3450,S19E18,329,0180,Eai,12,20
2023-10-02,3451,N16E48,299,0050,Dri,06,07
2023-10-02,3452,N11E47,300,0120,Dai,08,12
2023-10-02,3453,N12E11,336,0020,Cro,04,06
2023-10-02,3454,S12E64,283,0020,Hrx,01,01
2023-10-03,3447,S24W87,060,0050,Hsx,02,01
2023-10-03,3448,N13W21,354,0130,Hsx,03,02
2023-10-03,3449,N15W39,012,0030,Hsx,01,01
2023-10-03,3450,S18E04,329,0220,Eac,11,25
2023-10-03,3451,N17E34,299,0030,Dri,05,07
2023-10-03,3452,N11E33,300,0240,Dai,10,12
2023-10-03,3453,N13W02,335,0060,Cao,05,04
2023-10-03,3454,S12E50,283,0030,Cro,02,03
2023-10-03,3455,N25E58,274,0020,Cro,00,01
2023-10-04,3448,N14W33,353,0090,Hsx,02,02
2023-10-04,3449,N15W53,013,0010,Axx,01,01
2023-10-04,3450,S19W10,330,0140,Eai,13,19
2023-10-04,3451,N16E22,298,0050,Dso,06,08
2023-10-04,3452,N11E19,300,0150,Eai,11,16
2023-10-04,3453,N10W17,336,0050,Dao,06,05
2023-10-04,3454,S13E38,281,0020,Bxo,04,03
2023-10-04,3455,N25E47,273,0010,Axx,04,04
2023-10-04,3456,S31W06,326,0010,Bxo,02,02
2023-10-05,3448,N10W46,354,0090,Hsx,01,01
2023-10-05,3450,S23W23,331,0110,Eso,13,13
2023-10-05,3451,N12E08,300,0070,Dso,09,08
2023-10-05,3452,N07E07,301,0240,Eac,13,36
2023-10-05,3453,N07W29,337,0050,Cao,06,05
2023-10-05,3454,S16E26,282,0030,Cro,05,06
2023-10-05,3456,S31W19,327,0010,Axx,03,01
2023-10-05,3457,S11E62,246,0030,Hrx,01,01
2023-10-06,3448,N13W60,354,0050,Hsx,02,01
2023-10-06,3450,S18W38,332,0090,Eao,12,13
2023-10-06,3451,N17W07,301,0140,Dai,10,18
2023-10-06,3452,N11W08,302,0220,Eai,12,28
2023-10-06,3453,N11W44,338,0010,Bxo,02,04
2023-10-06,3454,S14E11,283,0010,Bxo,03,04
2023-10-06,3456,S31W34,328,0010,Axx,01,01
2023-10-06,3457,S10E47,247,0030,Hrx,01,01
2023-10-06,3458,N15E03,291,0010,Bxo,02,07
2023-10-06,3459,N10E65,229,0010,Axx,01,02
2023-10-07,3448,N13W74,355,0030,Hsx,02,01
2023-10-07,3450,S19W55,336,0010,Axx,02,02
2023-10-07,3451,N16W20,301,0160,Dai,10,17
2023-10-07,3452,N10W24,305,0180,Esi,12,12
2023-10-07,3453,N10W58,339,0010,Axx,02,03
2023-10-07,3454,S12W01,282,0020,Bxo,06,06
2023-10-07,3457,S12E38,243,0020,Hrx,01,01
2023-10-07,3458,N15W11,292,0010,Axx,01,01
2023-10-07,3459,N08E60,221,0020,Cro,05,05
2023-10-08,3448,N13W87,355,0030,Hsx,02,01
2023-10-08,3450,S19W67,335,0010,Axx,01,01
2023-10-08,3451,N16W33,301,0180,Eai,12,22
2023-10-08,3452,N11W36,304,0180,Eai,11,16
2023-10-08,3454,S11W13,281,0030,Cso,06,08
2023-10-08,3457,S11E24,244,0020,Hrx,01,01
2023-10-08,3458,N15W23,291,0010,Axx,01,01
2023-10-08,3459,N07E44,224,0020,Cro,03,03
2023-10-08,3460,S11E35,233,0010,Axx,02,02
2023-10-09,3451,N16W46,301,0240,Eai,11,21
2023-10-09,3452,N10W50,305,0150,Eao,12,12
2023-10-09,3454,S11W27,282,0030,Cso,05,04
2023-10-09,3457,S11E11,244,0020,Hrx,01,01
2023-10-09,3458,N15W37,292,0010,Bxo,02,02
2023-10-09,3459,N07E31,224,0010,Axx,01,01
2023-10-09,3460,S10E23,232,0080,Dai,07,15
2023-10-09,3461,N12E40,215,0020,Bxo,01,02
2023-10-09,3462,N22E62,193,0010,Axx,01,01
2023-10-10,3451,N17W60,302,0240,Eai,11,14
2023-10-10,3452,N09W64,306,0070,Eao,11,08
2023-10-10,3454,S11W41,283,0040,Cso,07,05
2023-10-10,3457,S11W03,245,0005,Axx,01,01
2023-10-10,3460,S09E09,233,0120,Dai,09,18
2023-10-10,3461,N11E26,216,0005,Axx,01,01
2023-10-10,3462,N19E48,194,0005,Axx,01,01
2023-10-10,3463,S17E62,180,0010,Hrx,02,01
2023-10-11,3451,N17W75,304,0270,Eki,11,05
2023-10-11,3452,N09W80,308,0005,Axx,01,01
2023-10-11,3454,S11W57,285,0030,Cso,04,02
2023-10-11,3460,S10W06,234,0140,Dai,09,18
2023-10-11,3461,N12E11,217,0005,Axx,01,01
2023-10-11,3462,N18E35,193,0040,Cao,03,06
2023-10-11,3463,S17E47,181,0040,Cao,03,03
2023-10-11,3464,N04E63,165,0030,Cro,03,04
2023-10-12,3451,N16W86,301,0270,Eki,11,03
2023-10-12,3452,N09W94,309,0005,Axx,01,01
2023-10-12,3454,S11W71,286,0050,Cso,03,01
2023-10-12,3460,S10W20,235,0110,Dai,10,11
2023-10-12,3461,N11W02,217,0020,Cro,03,03
2023-10-12,3462,N23E22,193,0070,Dao,04,08
2023-10-12,3463,S17E33,182,0050,Dai,04,07
2023-10-12,3464,N04E50,165,0080,Cao,04,06
2023-10-12,3465,N10E69,146,0120,Dso,04,03
2023-10-12,3466,N09E05,210,0030,Cro,04,06
2023-10-13,3454,S11W85,287,0040,Hsx,02,01
2023-10-13,3460,S11W31,233,0120,Dao,10,11
2023-10-13,3461,N13W16,218,0010,Bxo,02,02
2023-10-13,3462,N19E10,192,0050,Cao,05,08
2023-10-13,3463,S17E20,182,0070,Dai,04,12
2023-10-13,3464,N04E36,166,0090,Cao,07,06
2023-10-13,3465,N10E56,146,0180,Hsx,03,03
2023-10-13,3466,N09W09,211,0020,Cao,04,03
2023-10-14,3460,S10W44,233,0090,Dao,09,09
2023-10-14,3462,N19W02,191,0020,Hrx,02,02
2023-10-14,3463,S17E07,182,0040,Cao,05,06
2023-10-14,3464,N04E22,167,0070,Cao,07,08
2023-10-14,3465,N10E43,146,0200,Hsx,03,03
2023-10-14,3466,N09W22,211,0020,Cao,04,03
2023-10-15,3460,S10W57,233,0090,Dao,09,05
2023-10-15,3462,N20W13,189,0010,Axx,01,01
2023-10-15,3463,S17W05,181,0020,Cro,05,05
2023-10-15,3464,N04E09,167,0080,Cao,07,05
2023-10-15,3465,N10E30,146,0220,Hax,03,03
2023-10-15,3466,N09W36,212,0030,Cao,04,06
2023-10-15,3467,N12E66,110,0040,Cao,06,05
2023-10-16,3460,S10W70,232,0090,Cao,06,05
2023-10-16,3463,S18W17,179,0010,Bxo,07,04
2023-10-16,3464,N04W06,168,0100,Cao,04,05
2023-10-16,3465,N10E15,147,0240,Hax,03,06
2023-10-16,3466,N08W49,211,0030,Cao,06,07
2023-10-16,3467,N13E53,109,0040,Cao,07,05
2023-10-17,3460,S10W87,235,0030,Hsx,02,01
2023-10-17,3463,S17W30,179,0010,Axx,09,12
2023-10-17,3464,N04W19,167,0100,Cso,07,09
2023-10-17,3465,N11E03,145,0190,Hax,06,06
2023-10-17,3466,N08W62,210,0010,Bxo,07,05
2023-10-17,3467,N13E42,106,0010,Axx,03,02
2023-10-17,3468,S09E69,079,0080,Hax,02,01
2023-10-18,3464,N04W33,169,0090,Cso,06,07
2023-10-18,3465,N10W10,146,0220,Cao,05,19
2023-10-18,3468,S11E56,079,0130,Hax,01,01
2023-10-19,3464,N04W46,169,0080,Cso,02,03
2023-10-19,3465,N11W22,145,0140,Cao,07,18
2023-10-19,3468,S10E42,080,0110,Hsx,01,03
2023-10-20,3464,N04W62,172,0070,Hsx,02,01
2023-10-20,3465,N12W37,147,0080,Hax,04,07
2023-10-20,3468,S10E29,081,0070,Hsx,02,01
2023-10-21,3464,N04W75,171,0050,Hsx,02,01
2023-10-21,3465,N12W50,145,0030,Hrx,04,07
2023-10-21,3468,S10E15,080,0070,Hsx,02,02
2023-10-21,3469,N27W37,133,0030,Dro,04,06
2023-10-22,3464,N03W90,173,0030,Hsx,01,01
2023-10-22,3467,N14W26,109,0010,Axx,01,02
2023-10-22,3468,S10E01,082,0070,Hsx,02,01
2023-10-22,3469,N27W51,134,0030,Dro,06,06
2023-10-22,3470,N24E16,067,0020,Cro,03,05
2023-10-23,3468,S09W10,080,0060,Hsx,03,02
2023-10-23,3469,N27W63,133,0010,Bxo,05,03
2023-10-23,3470,N26E03,065,0010,Axx,02,02
2023-10-23,3471,S22E19,050,0010,Axx,00,01
2023-10-24,3468,S09W25,081,0060,Hsx,03,01
2023-10-24,3470,N26W09,065,0010,Bxo,05,04
2023-10-25,3468,S10W38,080,0030,Hsx,01,01
2023-10-25,3470,N23W25,068,0000,Axx,02,01
2023-10-25,3471,S23W06,049,0010,Bxo,03,02
2023-10-26,3468,S09W52,082,0020,Hsx,01,01
2023-10-26,3471,S23W20,050,0040,Cao,05,05
2023-10-27,3468,S09W66,083,0020,Hrx,01,01
2023-10-27,3471,S23W33,050,0030,Dro,05,09
2023-10-27,3472,N20E43,334,0030,Cro,04,06
2023-10-27,3473,N13E62,315,0010,Bxo,03,01
2023-10-28,3468,S09W80,084,0010,Axx,01,01
2023-10-28,3471,S23W46,050,0020,Cro,04,05
2023-10-28,3472,N19E29,335,0010,Cro,05,03
2023-10-28,3473,N16E57,303,0010,Bxo,02,04
2023-10-28,3474,S17E37,323,0010,Bxo,01,03
2023-10-29,3471,S23W57,048,0010,Bxo,04,06
2023-10-29,3472,N20E15,336,0010,Bxo,03,02
2023-10-29,3473,N16E44,307,0030,Cro,03,05
2023-10-29,3474,S17E25,326,0010,Bxo,04,05
2023-10-29,3475,N13W51,042,0020,Cro,02,02
2023-10-30,3472,N20E01,337,0010,Cao,05,05
2023-10-30,3473,N16E32,306,0030,Cao,04,05
2023-10-30,3474,S17E12,326,0020,Dai,07,08
2023-10-30,3475,N13W65,043,0010,Axx,02,03
2023-10-31,3472,N21W12,337,0040,Dso,08,08
2023-10-31,3473,N16E20,305,0050,Dso,07,09
2023-10-31,3474,S18W02,327,0130,Dai,07,15
2023-11-01,3472,N20W25,336,0030,Dro,08,20
2023-11-01,3473,N16E09,302,0030,Dro,07,12
2023-11-01,3474,S18W15,326,0460,Dki,08,30
2023-11-01,3476,S15E09,302,0030,Cro,03,03
2023-11-01,3477,S12E80,231,0120,Hsx,02,01
2023-11-02,3472,N20W39,337,0030,Bxi,08,10
2023-11-02,3473,N16W03,301,0020,Bxo,06,07
2023-11-02,3474,S18W29,327,0430,Dki,08,23
2023-11-02,3476,S15W04,302,0030,Cro,04,03
2023-11-02,3477,S15E66,232,0160,Hsx,03,01
2023-11-02,3478,N12E71,227,0010,Hrx,01,01
2023-11-03,3472,N20W52,337,0060,Dai,07,11
2023-11-03,3473,N16W18,303,0010,Axx,01,01
2023-11-03,3474,S18W42,327,0400,Dkc,09,20
2023-11-03,3476,S15W19,304,0010,Bxo,03,02
2023-11-03,3477,S15E53,232,0300,Cko,09,04
2023-11-03,3478,N12E57,228,0020,Hrx,02,01
2023-11-03,3479,N22E08,277,0020,Cao,04,04
2023-11-04,3472,N21W67,339,0030,Cao,07,05
2023-11-04,3473,N17W31,303,0010,Axx,01,01
2023-11-04,3474,S18W57,329,0330,Dho,10,16
2023-11-04,3477,S15E42,230,0310,Cko,09,05
2023-11-04,3478,N12E43,229,0010,Axx,01,01
2023-11-04,3479,N21W05,277,0010,Axx,01,01
2023-11-04,3480,S11E64,208,0150,Dac,07,07
2023-11-05,3472,N21W77,336,0060,Cao,04,03
2023-11-05,3474,S18W68,326,0240,Dso,09,05
2023-11-05,3477,S15E30,228,0350,Cko,11,04
2023-11-05,3478,N12E30,228,0010,Axx,01,01
2023-11-05,3479,N22W14,272,0020,Cro,02,04
2023-11-05,3480,S09E54,204,0180,Dai,07,07
2023-11-05,3481,N20E48,210,0010,Axx,01,01
2023-11-06,3474,S18W82,327,0200,Cso,07,02
2023-11-06,3477,S15E18,227,0350,Cko,11,08
2023-11-06,3478,N12E17,228,0010,Axx,01,01
2023-11-06,3479,N22W28,273,0010,Bxo,03,03
2023-11-06,3480,S09E40,205,0180,Dai,09,06
2023-11-06,3482,N02E68,177,0030,Hrx,01,01
2023-11-07,3477,S14E04,230,0250,Cko,05,07
2023-11-07,3479,N22W44,275,0010,Axx,00,01
2023-11-07,3480,S08E27,204,0080,Dao,07,06
2023-11-07,3482,N03E54,177,0000,Axx,00,01
2023-11-08,3477,S15W11,230,0260,Cko,08,08
2023-11-08,3479,N23W58,277,0030,Cao,03,05
2023-11-08,3480,S08E13,206,0050,Cao,08,05
2023-11-08,3482,N04E40,179,0010,Hrx,01,01
2023-11-08,3483,N10E02,217,0030,Cro,03,05
2023-11-09,3477,S15W25,230,0240,Cao,07,06
2023-11-09,3479,N22W72,278,0080,Cao,04,04
2023-11-09,3480,S08W00,205,0050,Cao,06,06
2023-11-09,3482,N03E28,177,0010,Axx,00,01
2023-11-09,3483,N09W09,214,0100,Dsi,06,13
2023-11-09,3484,S18W16,221,0010,Axx,02,02
2023-11-10,3477,S15W39,231,0230,Dac,06,07
2023-11-10,3479,N22W80,276,0060,Cao,05,04
2023-11-10,3480,S08W14,207,0030,Cro,02,02
2023-11-10,3481,N25W19,211,0030,Bxo,03,03
2023-11-10,3482,N04E16,177,0010,Axx,01,01
2023-11-10,3483,N09W23,216,0120,Eai,11,16
2023-11-11,3477,S15W53,233,0240,Dao,06,08
2023-11-11,3480,S09W26,206,0020,Bxo,03,03
2023-11-11,3481,N25W37,217,0010,Axx,01,01
2023-11-11,3483,N10W38,218,0180,Dai,09,12
2023-11-11,3484,S14W34,214,0030,Bxo,04,06
2023-11-11,3485,S19W25,205,0020,Bxo,03,03
2023-11-12,3477,S15W67,233,0200,Cao,04,05
2023-11-12,3481,N25W50,216,0010,Axx,01,01
2023-11-12,3483,N09W52,218,0240,Dai,09,16
2023-11-12,3484,S14W49,215,0040,Bxi,07,08
2023-11-12,3485,S19W39,205,0020,Bxo,06,05
2023-11-13,3477,S15W81,234,0160,Cao,05,02
2023-11-13,3483,N09W65,218,0290,Dki,09,08
2023-11-13,3484,S15W62,215,0080,Cai,06,08
2023-11-13,3485,S19W52,205,0080,Dai,07,06
2023-11-13,3486,S09W08,161,0100,Dao,05,04
2023-11-14,3477,S15W95,235,0060,Cao,03,01
2023-11-14,3483,N09W79,219,0260,Dko,07,04
2023-11-14,3484,S15W76,216,0070,Cao,07,03
2023-11-14,3485,S18W66,206,0070,Dao,09,05
2023-11-14,3486,S09W22,162,0070,Dso,07,05
2023-11-14,3487,S16W33,173,0030,Dro,05,07
2023-11-15,3483,N09W93,220,0260,Dko,07,04
2023-11-15,3484,S15W89,216,0030,Cao,06,03
2023-11-15,3485,S18W79,206,0090,Cao,08,03
2023-11-15,3486,S08W36,163,0140,Dao,07,09
2023-11-15,3487,S17W47,174,0030,Cro,04,06
2023-11-15,3488,N29E76,051,0030,Hrx,01,01
2023-11-16,3486,S08W49,163,0190,Dao,06,08
2023-11-16,3487,S17W61,175,0010,Bxo,03,02
2023-11-16,3488,N29E63,051,0010,Axx,01,01
2023-11-17,3486,S08W63,163,0120,Dao,07,05
2023-11-17,3487,S17W76,176,0010,Bxo,03,03
2023-11-18,3486,S08W74,160,0120,Dso,03,04
2023-11-18,3489,S15E71,015,0060,Cao,02,02
2023-11-19,3486,S09W90,163,0080,Hsx,02,01
2023-11-19,3489,S15E58,015,0180,Dao,04,03
2023-11-19,3490,N18E69,344,0080,Dao,05,05
2023-11-20,3489,S15E45,016,0220,Eac,11,12
2023-11-20,3490,N23E65,355,0150,Eac,13,08
2023-11-20,3491,N11E68,353,0030,Hsx,02,01
2023-11-21,3489,S16E32,014,0230,Dai,06,20
2023-11-21,3490,N17E47,240,0040,Hax,01,01
2023-11-21,3491,N13E55,351,0040,Hsx,01,01
2023-11-21,3492,N18E64,343,0280,Dhi,08,07
2023-11-21,3493,S12E69,338,0030,Hax,01,01
2023-11-21,3494,S15E78,330,0030,Hax,01,01
2023-11-21,3495,N27E59,348,0030,Hrx,01,02
2023-11-21,3496,N09E36,012,0010,Bxo,04,03
2023-11-21,3497,N16E50,357,0080,Hsx,01,01
2023-11-22,3489,S16E18,016,0220,Dac,07,14
2023-11-22,3490,N20E36,358,0120,Cao,06,04
2023-11-22,3491,N13E41,353,0040,Hsx,01,01
2023-11-22,3492,N18E50,345,0280,Dki,10,14
2023-11-22,3493,S12E55,339,0030,Hsx,02,01
2023-11-22,3494,S16E64,330,0030,Hsx,02,01
2023-11-22,3495,N27E45,349,0030,Hrx,01,02
2023-11-22,3496,N09E22,012,0010,Bxo,04,03
2023-11-22,3498,S11W26,060,0050,Cao,05,08
2023-11-23,3489,S16E04,017,0220,Cai,07,14
2023-11-23,3490,N20E22,359,0150,Dac,06,09
2023-11-23,3491,N13E27,354,0040,Hsx,01,01
2023-11-23,3492,N18E36,345,0310,Ekc,14,33
2023-11-23,3493,S12E43,338,0040,Cso,05,03
2023-11-23,3494,S16E50,331,0030,Hsx,02,12
2023-11-23,3495,N27E31,350,0030,Hrx,01,02
2023-11-23,3496,N09E08,013,0010,Bxo,04,02
2023-11-23,3498,S11W40,061,0050,Dao,05,08
2023-11-24,3489,S14W09,016,0120,Cai,05,07
2023-11-24,3490,N21E11,356,0160,Dac,07,10
2023-11-24,3491,N11E18,351,0060,Hsx,01,02
2023-11-24,3492,N19E24,343,0320,Ekc,14,26
2023-11-24,3493,S12E32,335,0070,Cso,03,02
2023-11-24,3494,S17E37,330,0050,Hax,01,01
2023-11-24,3495,N25E18,349,0010,Axx,02,01
2023-11-24,3498,S12W65,064,0040,Cao,08,04
2023-11-24,3499,S18E04,003,0090,Dsi,06,06
2023-11-24,3500,S18E65,302,0520,Dko,07,06
2023-11-24,3501,S10E73,295,0120,Hsx,02,01
2023-11-25,3489,S15W23,018,0060,Cai,04,06
2023-11-25,3490,N20W03,358,0180,Dai,06,06
2023-11-25,3491,N10E04,351,0060,Hax,02,02
2023-11-25,3492,N19E11,345,0380,Ehi,13,21
2023-11-25,3493,S13E17,338,0080,Cso,04,02
2023-11-25,3494,S18E23,332,0060,Hsx,02,01
2023-11-25,3495,N25E06,349,0010,Axx,02,02
2023-11-25,3498,S12W67,062,0020,Hsx,08,01
2023-11-25,3499,S17W09,004,0060,Dao,06,09
2023-11-25,3500,S19E50,305,0530,Dkc,09,06
2023-11-25,3501,S09E58,297,0060,Hsx,02,01
2023-11-25,3502,N14E13,342,0090,Dai,06,07
2023-11-26,3489,S15W36,018,0030,Hrx,03,03
2023-11-26,3490,N21W16,358,0110,Cao,04,06
2023-11-26,3491,N10W09,351,0030,Hrx,01,02
2023-11-26,3492,N19W03,345,0240,Csi,11,11
2023-11-26,3493,S13E05,337,0090,Hsx,03,04
2023-11-26,3494,S18E09,333,0060,Hsx,02,02
2023-11-26,3498,S11W87,069,0030,Hrx,01,01
2023-11-26,3499,S17W25,007,0060,Cai,07,08
2023-11-26,3500,S18E36,306,0560,Dkc,08,13
2023-11-26,3501,S09E44,298,0060,Hsx,02,01
2023-11-26,3502,N14W01,343,0110,Cao,08,06
2023-11-26,3503,N21E58,284,0020,Cro,02,02
2023-11-27,3489,S14W50,018,0010,Axx,02,03
2023-11-27,3490,N22W27,356,0090,Cai,03,06
2023-11-27,3492,N19W18,347,0210,Hax,07,09
2023-11-27,3493,S13W07,336,0100,Cso,03,04
2023-11-27,3494,S17W03,332,0070,Hsx,02,01
2023-11-27,3499,S17W37,006,0060,Cai,08,09
2023-11-27,3500,S19E23,306,0470,Dkc,06,10
2023-11-27,3501,S09E32,297,0060,Hsx,02,01
2023-11-27,3502,N15W14,343,0100,Cao,08,07
2023-11-27,3503,N21E45,284,0020,Cro,01,05
2023-11-27,3504,N14W65,033,0030,Dro,01,04
2023-11-28,3489,S15W64,019,0005,Axx,01,02
2023-11-28,3490,N22W42,357,0040,Cao,02,04
2023-11-28,3492,N19W33,348,0190,Dso,07,04
2023-11-28,3493,S13W22,337,0030,Hsx,02,03
2023-11-28,3494,S18W18,333,0060,Hsx,01,01
2023-11-28,3499,S17W52,007,0030,Dri,08,12
2023-11-28,3500,S20E08,307,0320,Dkc,06,12
2023-11-28,3501,S10E17,298,0090,Hsx,02,01
2023-11-28,3502,N14W28,343,0080,Cao,07,07
2023-11-28,3503,N15E31,284,0010,Hrx,01,01
2023-11-28,3504,N14W79,034,0030,Dro,06,02
2023-11-29,3490,N22W56,358,0005,Axx,01,01
2023-11-29,3492,N19W47,349,0070,Dso,08,03
2023-11-29,3493,S13W36,338,0010,Cso,03,02
2023-11-29,3494,S17W29,331,0010,Hsx,01,01
2023-11-29,3499,S17W59,001,0010,Bxo,01,04
2023-11-29,3500,S19W05,307,0160,Dkc,08,12
2023-11-29,3501,S09E04,298,0020,Hsx,02,01
2023-11-29,3502,N14W37,339,0020,Cao,02,04
2023-11-29,3503,N15E18,284,0010,Hrx,01,01
2023-11-29,3505,S17E69,233,0020,Hax,03,01
2023-11-30,3492,N19W60,349,0070,Dso,08,03
2023-11-30,3493,S13W50,339,0010,Hax,01,01
2023-11-30,3494,S17W43,332,0020,Hsx,01,01
2023-11-30,3499,S17W73,002,0010,Bxo,01,02
2023-11-30,3500,S18W18,307,0210,Esc,11,25
2023-11-30,3501,S09W09,298,0030,Hsx,01,01
2023-11-30,3502,N14W51,340,0030,Dao,06,04
2023-11-30,3503,N15E04,285,0010,Hrx,01,01
2023-11-30,3505,S18E55,234,0030,Hsx,03,01
2023-11-30,3506,N15W24,313,0010,Bxo,03,03
2023-11-30,3507,N08E70,219,0060,Hsx,03,01
2023-11-30,3508,S14E65,224,0040,Hsx,03,01
2023-12-01,3492,N20W75,353,0060,Cso,08,03
2023-12-01,3493,S13W61,336,0010,Hrx,01,01
2023-12-01,3494,S17W56,330,0030,Hsx,02,01
2023-12-01,3500,S18W30,304,0300,Ekc,12,24
2023-12-01,3501,S09W21,295,0040,Hsx,01,01
2023-12-01,3502,N15W68,342,0050,Cso,05,04
2023-12-01,3503,N21W06,282,0000,Axx,01,01
2023-12-01,3505,S18E41,233,0020,Hsx,01,01
2023-12-01,3507,N08E55,219,0070,Hsx,02,01
2023-12-01,3508,S15E53,221,0040,Hsx,02,01
2023-12-02,3492,N19W87,350,0050,Cso,07,02
2023-12-02,3494,S17W68,331,0030,Hsx,01,01
2023-12-02,3500,S18W44,307,0280,Ekc,11,15
2023-12-02,3501,S09W35,298,0040,Hsx,02,01
2023-12-02,3502,N14W81,344,0030,Cso,06,05
2023-12-02,3503,N19W20,283,0010,Axx,03,02
2023-12-02,3505,S17E29,234,0030,Hsx,02,01
2023-12-02,3507,N08E40,223,0080,Hsx,03,01
2023-12-02,3508,S15E38,225,0060,Hsx,02,01
2023-12-02,3509,N10W50,313,0030,Cri,10,11
2023-12-03,3494,S17W82,332,0020,Hsx,02,01
2023-12-03,3500,S18W58,308,0270,Ekc,10,12
2023-12-03,3501,S08W49,299,0030,Hsx,02,01
2023-12-03,3505,S18E16,234,0020,Hsx,01,01
2023-12-03,3507,N08E28,222,0130,Hsx,03,01
2023-12-03,3508,S15E25,225,0060,Hsx,02,01
2023-12-03,3509,N10W65,315,0050,Cso,05,05
2023-12-04,3500,S18W71,307,0250,Dkc,10,09
2023-12-04,3501,S08W62,298,0020,Hsx,01,01
2023-12-04,3505,S17E03,233,0020,Cso,02,03
2023-12-04,3507,N08E14,222,0130,Hsx,03,02
2023-12-04,3508,S15E12,224,0060,Hsx,02,01
2023-12-04,3509,N11W79,315,0030,Cro,05,02
2023-12-04,3510,S15E22,214,0030,Cri,03,06
2023-12-04,3511,S23E23,213,0010,Bxo,03,03
2023-12-05,3500,S18W84,307,0180,Dac,10,04
2023-12-05,3501,S09W76,299,0020,Hsx,02,01
2023-12-05,3505,S17W12,235,0030,Hsx,01,01
2023-12-05,3507,N08W00,223,0160,Cso,04,05
2023-12-05,3508,S15W02,225,0060,Hsx,02,01
2023-12-05,3510,S15E08,215,0130,Dai,06,12
2023-12-05,3511,S23E09,214,0060,Dao,06,08
2023-12-05,3512,S09E58,165,0020,Hrx,01,01
2023-12-06,3501,S11W88,297,0060,Hsx,02,03
2023-12-06,3505,S16W23,232,0040,Hsx,02,01
2023-12-06,3507,N09W12,221,0180,Cso,04,06
2023-12-06,3508,S15W15,224,0090,Hsx,02,01
2023-12-06,3510,S15W06,215,0150,Dai,08,22
2023-12-06,3511,S23W05,215,0170,Dao,07,15
2023-12-06,3512,S09E42,167,0030,Hsx,01,02
2023-12-06,3513,N19E67,142,0080,Cao,02,03
2023-12-07,3505,S16W37,233,0030,Hsx,01,01
2023-12-07,3507,N08W25,221,0210,Cso,05,09
2023-12-07,3508,S14W28,224,0080,Hsx,02,01
2023-12-07,3510,S15W20,216,0100,Dai,10,12
2023-12-07,3511,S22W19,215,0170,Dao,09,11
2023-12-07,3512,S09E29,167,0010,Axx,01,01
2023-12-07,3513,N19E53,142,0100,Dao,03,08
2023-12-07,3514,N09E65,131,0080,Dao,03,02
2023-12-08,3505,S16W50,234,0010,Axx,02,02
2023-12-08,3507,N07W40,224,0180,Cso,05,06
2023-12-08,3508,S15W40,224,0080,Hsx,02,01
2023-12-08,3510,S15W33,217,0090,Dso,11,09
2023-12-08,3511,S22W31,215,0160,Dso,11,07
2023-12-08,3512,S09E18,165,0010,Axx,01,01
2023-12-08,3513,N18E40,144,0120,Eai,11,12
2023-12-08,3514,N09E51,133,0060,Dso,08,03
2023-12-09,3507,N07W53,223,0150,Cso,05,06
2023-12-09,3508,S15W54,224,0060,Hsx,02,01
2023-12-09,3510,S15W48,218,0050,Hax,06,06
2023-12-09,3511,S22W45,215,0150,Esi,13,07
2023-12-09,3513,N19E27,143,0120,Eai,12,17
2023-12-09,3514,N11E36,134,0070,Dso,09,06
2023-12-09,3515,S15E74,096,0030,Hax,01,01
2023-12-09,3516,S19E74,096,0060,Hsx,02,01
2023-12-10,3507,N06W66,223,0080,Cso,04,02
2023-12-10,3508,S15W68,225,0040,Hsx,02,01
2023-12-10,3510,S15W63,220,0020,Hax,03,03
2023-12-10,3511,S22W59,216,0180,Fsi,16,11
2023-12-10,3513,N19E13,144,0150,Eai,11,17
2023-12-10,3514,N09E22,135,0030,Cso,11,07
2023-12-10,3515,S15E61,096,0030,Hsx,01,01
2023-12-10,3516,S19E64,093,0070,Cso,07,03
2023-12-11,3507,N07W80,224,0070,Hsx,02,01
2023-12-11,3508,S16W82,226,0030,Hax,02,01
2023-12-11,3510,S15W75,219,0010,Axx,03,03
2023-12-11,3511,S23W71,215,0140,Fsi,16,09
2023-12-11,3513,N19W01,145,0220,Eai,13,16
2023-12-11,3514,N10E07,137,0030,Cso,12,06
2023-12-11,3515,S15E48,096,0010,Axx,01,01
2023-12-11,3516,S18E52,092,0040,Cso,07,03
2023-12-12,3511,S22W85,216,0060,Cso,02,03
2023-12-12,3513,N19W14,145,0210,Eai,11,15
2023-12-12,3514,N06W08,139,0010,Cro,01,01
2023-12-12,3515,S14E36,095,0010,Hrx,01,01
2023-12-12,3516,S19E39,092,0060,Hax,05,03
2023-12-12,3517,N14W03,134,0010,Bxo,04,04
2023-12-13,3513,N18W28,146,0090,Dao,09,07
2023-12-13,3514,N10W22,140,0060,Dao,04,07
2023-12-13,3515,S13E22,096,0010,Hrx,01,01
2023-12-13,3516,S18E25,093,0040,Cao,03,02
2023-12-13,3517,N15W17,135,0010,Cro,02,02
2023-12-13,3518,N13E75,043,0030,Hsx,10,01
2023-12-14,3513,N28W41,146,0180,Cao,09,05
2023-12-14,3514,N07W36,141,0050,Dai,06,05
2023-12-14,3515,S14E08,097,0030,Hrx,02,02
2023-12-14,3516,S18E11,094,0010,Axx,02,03
2023-12-14,3517,N15W28,133,0010,Cro,02,03
2023-12-14,3518,N12E61,044,0040,Hax,02,01
2023-12-14,3519,S11E38,067,0050,Dao,05,04
2023-12-14,3520,N10W34,139,0210,Cao,08,11
2023-12-15,3513,N18W54,147,0100,Cao,02,02
2023-12-15,3514,N05W50,141,0470,Ekc,12,21
2023-12-15,3515,S12W01,094,0010,Axx,01,01
2023-12-15,3516,S17W01,094,0010,Axx,01,01
2023-12-15,3517,N11W41,121,0010,Hax,01,02
2023-12-15,3518,N13E51,043,0020,Cro,02,03
2023-12-15,3519,S12E28,065,0200,Dso,07,15
2023-12-15,3520,N07W46,138,0120,Hsx,08,01
2023-12-16,3513,N18W69,147,0090,Hsx,02,01
2023-12-16,3514,N05W68,146,0460,Ekc,12,22
2023-12-16,3515,S14W17,095,0010,Axx,01,01
2023-12-16,3516,S18W17,095,0010,Axx,01,01
2023-12-16,3518,N13E34,044,0020,Hax,01,02
2023-12-16,3519,S12E13,065,0150,Csi,06,18
2023-12-16,3520,N10W61,139,0060,Cso,05,04
2023-12-16,3521,N11E71,007,0020,Hsx,01,01
2023-12-17,3513,N18W82,147,0070,Hsx,02,01
2023-12-17,3514,N05W82,147,0300,Ekc,13,12
2023-12-17,3516,S18W29,094,0010,Axx,01,01
2023-12-17,3518,N13E21,044,0010,Axx,04,03
2023-12-17,3519,S12W02,067,0130,Dai,07,18
2023-12-17,3520,N08W75,140,0080,Cso,05,05
2023-12-17,3521,N12E57,008,0030,Hsx,01,01
2023-12-17,3522,S04E25,040,0010,Bxo,02,04
2023-12-17,3523,N21E62,003,0020,Hrx,01,02
2023-12-17,3524,N26E63,002,0020,Hrx,02,02
2023-12-17,3525,S09E45,020,0020,Bxo,03,04
2023-12-18,3514,N05W94,146,0120,Dac,10,04
2023-12-18,3516,S18W40,093,0010,Axx,03,02
2023-12-18,3519,S11W16,068,0130,Dsi,07,18
2023-12-18,3520,N10W86,138,0040,Cso,05,03
2023-12-18,3521,N12E44,008,0030,Hax,02,03
2023-12-18,3523,N21E50,002,0010,Hrx,01,01
2023-12-18,3524,N26E49,003,0020,Hrx,02,02
2023-12-18,3525,S09E31,021,0020,Cro,04,03
2023-12-18,3526,N15E69,343,0020,Cao,03,03
2023-12-19,3519,S11W28,067,0130,Dsi,07,11
2023-12-19,3521,N11E36,006,0050,Dao,04,08
2023-12-19,3523,N22E38,001,0010,Bxo,03,02
2023-12-19,3524,N27E36,003,0010,Axx,01,01
2023-12-19,3525,S09E17,022,0010,Axx,01,01
2023-12-19,3526,N15E57,342,0030,Cao,02,02
2023-12-19,3527,S03W56,094,0040,Cao,04,05
2023-12-19,3528,N09E12,027,0050,Dsi,04,09
2023-12-19,3529,S20E56,343,0060,Dsi,05,08
2023-12-20,3519,S10W42,068,0090,Dso,09,09
2023-12-20,3521,N12E19,007,0020,Cro,02,03
2023-12-20,3523,N25E24,002,0005,Axx,01,01
2023-12-20,3524,N26E22,004,0005,Axx,01,01
2023-12-20,3525,S05E03,023,0005,Axx,01,01
2023-12-20,3526,N15E44,342,0190,Dao,05,05
2023-12-20,3527,S01W69,095,0025,Cao,05,02
2023-12-20,3528,N08E01,025,0110,Dao,07,10
2023-12-20,3529,S19E42,344,0250,Dki,06,08
2023-12-20,3530,N09E63,323,0050,Cao,07,04
2023-12-21,3519,S11W58,070,0140,Eso,15,09
2023-12-21,3521,N11E03,009,0080,Dso,04,04
2023-12-21,3523,N25E10,002,0010,Bxo,05,02
2023-12-21,3526,N15E30,342,0200,Cao,06,06
2023-12-21,3527,S01W83,095,0025,Cao,05,02
2023-12-21,3528,N09W14,026,0140,Dai,07,09
2023-12-21,3529,S19E27,345,0450,Dko,08,06
2023-12-21,3530,N08E49,323,0180,Dao,09,04
2023-12-21,3531,S20E68,304,0060,Hax,03,01
2023-12-22,3519,S12W72,071,0180,Dai,08,09
2023-12-22,3521,N12W07,006,0100,Dsi,06,08
2023-12-22,3524,N27E05,354,0010,Bxo,04,02
2023-12-22,3526,N15E17,342,0170,Cai,04,08
2023-12-22,3528,N08W28,027,0170,Dai,07,09
2023-12-22,3529,S21E15,344,0430,Dko,10,18
2023-12-22,3530,N08E36,323,0030,Bxo,08,03
2023-12-22,3531,S21E55,304,0070,Hsx,02,01
2023-12-23,3519,S10W86,072,0060,Cai,10,04
2023-12-23,3521,N12W20,006,0070,Csi,06,10
2023-12-23,3524,N25W11,357,0010,Axx,03,02
2023-12-23,3526,N15E04,342,0150,Dai,05,08
2023-12-23,3528,N08W41,027,0190,Dai,08,11
2023-12-23,3529,S20E01,345,0420,Eho,11,08
2023-12-23,3530,N08E24,322,0030,Cro,09,05
2023-12-23,3531,S20E42,304,0080,Hsx,03,01
2023-12-23,3532,S15W58,044,0010,Bxo,03,03
2023-12-23,3533,N15E44,302,0010,Bxo,04,05
2023-12-24,3521,N11W34,007,0050,Cso,06,06
2023-12-24,3526,N15W09,342,0130,Cai,05,08
2023-12-24,3528,N08W54,027,0200,Dai,09,11
2023-12-24,3529,S20W12,345,0420,Eko,12,05
2023-12-24,3530,N08E07,326,0030,Cro,04,05
2023-12-24,3531,S20E29,304,0090,Hax,03,01
2023-12-24,3532,S15W71,044,0020,Bxo,04,02
2023-12-24,3533,N15E29,304,0020,Bxo,04,05
2023-12-25,3521,N11W50,010,0020,Hrx,01,02
2023-12-25,3526,N14W22,342,0050,Cao,05,05
2023-12-25,3528,N08W68,028,0190,Dao,09,07
2023-12-25,3529,S21W25,345,0400,Eho,14,07
2023-12-25,3530,N08W06,326,0080,Dai,05,12
2023-12-25,3531,S20E16,304,0120,Hax,03,02
2023-12-25,3533,N15E16,304,0040,Cri,05,08
2023-12-26,3521,N11W64,010,0030,Hax,01,01
2023-12-26,3526,N15W35,341,0010,Bxo,03,02
2023-12-26,3528,N07W83,029,0130,Dao,06,03
2023-12-26,3529,S20W37,343,0320,Eho,12,04
2023-12-26,3530,N08W19,325,0040,Cai,06,09
2023-12-26,3531,S20E03,302,0160,Hax,04,03
2023-12-26,3533,N15E03,304,0010,Bxo,06,06
2023-12-27,3521,N11W77,009,0030,Hsx,01,01
2023-12-27,3526,N13W50,342,0010,Bxo,02,02
2023-12-27,3528,N09W94,026,0030,Hsx,01,01
2023-12-27,3529,S21W52,344,0300,Eho,14,06
2023-12-27,3530,N08W34,326,0060,Dao,06,03
2023-12-27,3531,S19W10,302,0200,Cso,08,07
2023-12-27,3533,N15W09,301,0010,Bxo,05,04
2023-12-28,3521,N11W90,009,0020,Hsx,01,01
2023-12-28,3529,S20W62,342,0270,Dho,10,04
2023-12-28,3530,N07W46,325,0050,Cao,05,06
2023-12-28,3531,S19W22,301,0150,Cso,06,02
2023-12-28,3533,N15W22,301,0010,Axx,03,01
2023-12-28,3534,S12E60,218,0020,Cro,03,04
2023-12-29,3529,S20W76,343,0130,Eao,14,02
2023-12-29,3530,N07W60,327,0020,Cao,05,04
2023-12-29,3531,S20W36,303,0140,Cso,07,02
2023-12-29,3533,N14W36,303,0110,Dao,07,07
2023-12-29,3534,S12E47,220,0020,Cro,08,05
2023-12-29,3535,S05W18,285,0010,Bxo,03,03
2023-12-30,3529,S22W91,345,0040,Dao,03,03
2023-12-30,3530,N06W77,330,0070,Dao,04,06
2023-12-30,3531,S20W53,306,0210,Cso,09,02
2023-12-30,3533,N14W52,305,0170,Dao,08,09
2023-12-30,3534,S13E30,223,0090,Dao,09,09
2023-12-30,3535,S05W31,284,0002,Axx,01,03
2023-12-31,3531,S20W66,307,0200,Hsx,02,01
2023-12-31,3533,N14W66,307,0120,Cao,06,05
2023-12-31,3534,S13E15,226,0150,Dao,09,12
2024-01-01,3531,S20W77,304,0160,Hsx,03,01
2024-01-01,3533,N14W78,305,0020,Bxo,05,02
2024-01-01,3534,S13E03,224,0120,Dao,08,10
2024-01-01,3536,N05E75,152,0080,Hax,03,02
2024-01-02,3531,S19W94,308,0060,Hsx,10,01
2024-01-02,3534,S14W11,225,0010,Bxo,07,08
2024-01-02,3536,N06E63,151,0140,Eai,13,05
2024-01-03,3534,S12W22,222,0010,Bxo,07,04
2024-01-03,3535,S08W79,279,0010,Axx,02,02
2024-01-03,3536,N05E49,151,0240,Eai,13,11
2024-01-03,3537,N18E48,151,0040,Cao,05,02
2024-01-04,3534,S14W37,225,0010,Bxo,01,02
2024-01-04,3536,N06E37,151,0250,Eko,11,10
2024-01-04,3537,N18E34,154,0060,Cao,01,06
2024-01-04,3538,N21E11,177,0030,Dao,03,05
2024-01-05,3534,S15W51,226,0030,Dao,05,05
2024-01-05,3536,N06E24,151,0130,Dao,09,08
2024-01-05,3537,N18E21,154,0040,Dao,06,03
2024-01-05,3538,N21W02,177,0030,Dri,05,08
2024-01-06,3534,S15W61,223,0070,Dao,04,03
2024-01-06,3536,N06E11,150,0100,Dai,07,11
2024-01-06,3537,N18E03,159,0050,Hsx,02,01
2024-01-06,3538,N21W14,175,0070,Dai,06,08
2024-01-06,3539,N10E25,136,0010,Axx,01,02
2024-01-06,3540,S18E67,094,0100,Dao,09,09
2024-01-06,3541,S21E65,096,0010,Hax,02,01
2024-01-06,3542,N19E12,150,0060,Dao,05,06
2024-01-07,3534,S15W75,223,0070,Hsx,04,03
2024-01-07,3536,N05W05,153,0130,Eai,12,24
2024-01-07,3537,N18W11,159,0050,Cao,02,03
2024-01-07,3538,N21W28,176,0070,Dai,06,08
2024-01-07,3539,N11E14,134,0060,Dsi,05,09
2024-01-07,3540,S18E53,095,0350,Dki,09,12
2024-01-07,3541,S21E51,097,0030,Cao,02,04
2024-01-07,3542,N19W02,150,0060,Cao,05,06
2024-01-08,3534,S12W86,220,0080,Hsx,03,02
2024-01-08,3536,N05W20,154,0100,Eai,11,18
2024-01-08,3537,N18W23,158,0060,Hax,02,02
2024-01-08,3538,N25W42,177,0030,Cri,06,10
2024-01-08,3539,N11W01,135,0030,Dri,05,07
2024-01-08,3540,S17E47,092,0310,Eki,11,17
2024-01-08,3541,S20E43,094,0060,Cao,02,03
2024-01-08,3542,N16W15,150,0050,Cao,04,03
2024-01-08,3543,S05W21,155,0050,Dai,07,08
2024-01-08,3544,N19E60,075,0030,Hax,01,01
2024-01-09,3536,N05W31,152,0120,Eai,12,13
2024-01-09,3537,N18W35,156,0030,Hax,02,01
2024-01-09,3538,N25W54,175,0040,Cai,09,11
2024-01-09,3539,N11W12,133,0040,Cao,06,05
2024-01-09,3540,S17E31,090,0290,Dki,10,15
2024-01-09,3541,S20E29,092,0050,Dai,03,03
2024-01-09,3542,N19W29,150,0020,Hax,02,01
2024-01-09,3543,S05W34,155,0080,Dai,06,12
2024-01-09,3544,N19E47,074,0030,Hax,01,01
2024-01-10,3536,N06W42,151,0170,Eao,11,13
2024-01-10,3537,N18W47,156,0030,Hax,01,01
2024-01-10,3538,N20W67,176,0080,Cai,07,10
2024-01-10,3539,N10W27,136,0060,Dai,05,08
2024-01-10,3540,S18E18,091,0240,Cao,09,14
2024-01-10,3541,S21E17,092,0080,Dai,06,05
2024-01-10,3542,N18W43,152,0010,Axx,01,01
2024-01-10,3543,S06W48,157,0110,Dso,08,08
2024-01-10,3544,N18E32,077,0020,Hsx,01,01
2024-01-10,3545,S06E67,042,0190,Hax,03,01
2024-01-10,3546,S24E50,058,0070,Cao,03,11
2024-01-11,3536,N06W57,153,0060,Dao,08,04
2024-01-11,3537,N18W61,157,0030,Hax,01,01
2024-01-11,3538,N20W81,177,0200,Cao,07,10
2024-01-11,3539,N10W41,137,0220,Dao,07,09
2024-01-11,3540,S18E04,092,0240,Cao,09,14
2024-01-11,3541,S23E07,089,0060,Eai,13,24
2024-01-11,3543,S06W63,159,0110,Cso,08,08
2024-01-11,3544,N18E18,078,0020,Hsx,01,01
2024-01-11,3545,S06E52,044,0190,Hax,03,01
2024-01-11,3546,S24E36,060,0070,Cai,03,11
2024-01-12,3536,N07W72,155,0010,Axx,01,01
2024-01-12,3539,N10W56,139,0230,Dai,08,13
2024-01-12,3540,S18W10,093,0150,Cao,08,12
2024-01-12,3541,S22W04,087,0100,Esi,12,15
2024-01-12,3543,S06W78,161,0050,Cso,09,04
2024-01-12,3544,N18E04,079,0010,Axx,01,01
2024-01-12,3545,S06E40,043,0150,Hsx,03,01
2024-01-12,3546,S24E22,061,0070,Dai,07,11
2024-01-12,3547,N19E19,064,0040,Dso,05,03
2024-01-13,3539,N10W69,138,0130,Dao,06,08
2024-01-13,3540,S17W22,091,0060,Cao,07,08
2024-01-13,3541,S22W22,091,0050,Dai,09,12
2024-01-13,3544,N18W11,080,0010,Axx,01,01
2024-01-13,3545,S07E30,039,0160,Cho,07,04
2024-01-13,3546,S24E09,060,0060,Dai,07,11
2024-01-13,3547,N19E05,064,0050,Cso,07,05
2024-01-13,3548,N12E41,028,0090,Dso,04,05
2024-01-13,3549,S20E62,007,0140,Dso,05,03
2024-01-13,3550,S16E21,048,0010,Bxo,06,03
2024-01-13,3551,N25E50,019,0010,Bxo,07,03
2024-01-13,3552,S23W14,083,0030,Cso,07,05
2024-01-14,3539,N13W82,138,0110,Cao,03,03
2024-01-14,3540,S18W37,093,0080,Cai,08,13
2024-01-14,3541,S22W33,089,0070,Dao,06,04
2024-01-14,3544,N18W24,080,0010,Axx,01,01
2024-01-14,3545,S06E17,039,0250,Cho,06,03
2024-01-14,3546,S24W03,059,0040,Cro,08,09
2024-01-14,3547,N18W09,065,0030,Cao,08,06
2024-01-14,3548,N12E28,028,0070,Dao,04,05
2024-01-14,3549,S21E50,006,0180,Dsi,05,07
2024-01-14,3550,S18E09,047,0010,Axx,01,01
2024-01-14,3551,N26E39,017,0010,Bxo,03,03
2024-01-14,3552,S22W25,081,0010,Cao,06,05
2024-01-14,3553,N05E68,348,0120,Hsx,01,01
2024-01-15,3539,N13W96,139,0110,Cao,03,03
2024-01-15,3540,S19W51,094,0110,Dai,10,16
2024-01-15,3541,S22W48,091,0050,Cso,05,04
2024-01-15,3545,S06E02,041,0250,Cho,06,04
2024-01-15,3546,S24W17,060,0010,Bxi,08,09
2024-01-15,3547,N18W23,066,0010,Bxo,08,02
2024-01-15,3548,N12E14,029,0040,Cao,04,05
2024-01-15,3549,S21E36,007,0250,Chi,06,07
2024-01-15,3550,S18W03,046,0010,Axx,02,03
2024-01-15,3551,N26E25,018,0010,Bxo,03,03
2024-01-15,3552,S22W39,082,0010,Axx,03,04
2024-01-15,3553,N05E54,349,0080,Hsx,02,03
2024-01-16,3540,S17W59,090,0160,Cai,05,08
2024-01-16,3541,S20W61,090,0120,Cao,05,09
2024-01-16,3545,S06W10,039,0290,Cko,10,10
2024-01-16,3548,N12W00,030,0030,Cao,04,02
2024-01-16,3549,S17E23,006,0240,Cso,06,08
2024-01-16,3550,S18W17,047,0010,Axx,02,03
2024-01-16,3552,S22W53,083,0010,Cao,03,02
2024-01-16,3553,N05E42,347,0150,Hax,03,03
2024-01-16,3554,N07E53,336,0070,Hsx,02,02
2024-01-16,3555,S11E72,318,0040,Dao,07,03
2024-01-17,3540,S20W81,097,0080,Cao,10,04
2024-01-17,3541,S22W77,093,0060,Cao,05,03
2024-01-17,3545,S07W26,041,0110,Hax,03,02
2024-01-17,3548,N02W19,033,0010,Axx,01,01
2024-01-17,3549,S21E10,005,0180,Cso,06,07
2024-01-17,3552,S24W67,085,0100,Cao,03,02
2024-01-17,3553,N05E28,347,0070,Cao,04,05
2024-01-17,3554,N07E37,339,0040,Hsx,02,01
2024-01-17,3555,S11E56,319,0080,Dso,08,02
2024-01-17,3556,N16E62,313,0070,Hsx,02,01
2024-01-17,3557,S13E74,057,0010,Hax,02,01
2024-01-17,3558,S10W65,081,0010,Hsx,03,01
2024-01-18,3545,S07W39,042,0120,Cao,03,02
2024-01-18,3548,N15W24,028,0010,Bxo,02,03
2024-01-18,3549,S22W01,004,0180,Cso,06,05
2024-01-18,3551,N28W12,018,0030,Hsx,01,02
2024-01-18,3552,S24W81,085,0100,Cao,03,02
2024-01-18,3553,N09E17,346,0090,Cao,04,35
2024-01-18,3554,N07E24,339,0040,Hsx,01,01
2024-01-18,3555,S10E45,318,0180,Dso,05,04
2024-01-18,3556,N17E52,311,0080,Hsx,01,01
2024-01-18,3558,S11W81,084,0050,Cao,02,03
2024-01-19,3545,S07W51,041,0180,Hax,03,02
2024-01-19,3549,S21W14,004,0200,Cao,04,05
2024-01-19,3553,N05E03,347,0110,Cao,04,10
2024-01-19,3554,N07E12,338,0030,Hrx,02,02
2024-01-19,3555,S11E31,319,0160,Dai,09,08
2024-01-19,3556,N16E39,311,0090,Hax,02,02
2024-01-19,3559,N27E60,290,0160,Dso,10,03
2024-01-19,3560,S11E66,284,0020,Hrx,01,01
2024-01-20,3545,S06W66,042,0180,Hax,03,02
2024-01-20,3549,S21W28,005,0200,Cao,04,03
2024-01-20,3551,N26W36,013,0020,Bxo,02,03
2024-01-20,3553,N05W11,348,0080,Cao,05,06
2024-01-20,3554,N07W01,338,0010,Axx,02,02
2024-01-20,3555,S11E16,321,0150,Dai,09,08
2024-01-20,3556,N16E25,312,0090,Hax,02,02
2024-01-20,3559,N26E46,291,0170,Dao,10,06
2024-01-20,3560,S11E52,285,0010,Axx,01,01
2024-01-20,3561,S16E11,326,0020,Cao,04,04
2024-01-21,3545,S06W79,043,0130,Hax,03,02
2024-01-21,3549,S21W41,005,0180,Cso,03,03
2024-01-21,3553,N05W23,347,0040,Hax,02,01
2024-01-21,3555,S12E04,320,0150,Cso,10,06
2024-01-21,3556,N15E12,312,0090,Hax,02,01
2024-01-21,3559,N27E35,289,0220,Eai,14,22
2024-01-21,3560,S10E35,289,0040,Bxi,06,08
2024-01-21,3561,S16W03,327,0080,Dao,05,06
2024-01-21,3562,S09W14,338,0030,Cro,03,05
2024-01-22,3545,S06W91,042,0120,Hsx,03,01
2024-01-22,3549,S21W55,006,0170,Hsx,02,01
2024-01-22,3553,N05W38,349,0020,Hrx,01,01
2024-01-22,3555,S12W09,320,0110,Cso,05,05
2024-01-22,3556,N15W01,312,0070,Hax,02,01
2024-01-22,3559,N27E22,289,0300,Fkc,18,28
2024-01-22,3560,S10E22,289,0060,Cri,08,10
2024-01-22,3561,S16W16,327,0090,Dri,07,08
2024-01-22,3562,S08W27,338,0110,Dao,05,05
2024-01-23,3549,S17W69,006,0160,Hsx,03,01
2024-01-23,3553,N05W51,348,0010,Axx,01,01
2024-01-23,3555,S12W26,321,0080,Hsx,03,02
2024-01-23,3556,N17W16,313,0040,Hax,05,02
2024-01-23,3559,N27E11,287,0360,Fkc,20,32
2024-01-23,3560,S11E08,289,0040,Cao,08,04
2024-01-23,3561,S15W28,325,0090,Dai,06,14
2024-01-23,3562,S09W42,339,0090,Dao,04,03
2024-01-24,3549,S22W82,007,0170,Hsx,02,01
2024-01-24,3555,S12W38,323,0080,Cao,03,03
2024-01-24,3556,N16W29,314,0030,Hrx,01,02
2024-01-24,3559,N27W03,288,0520,Fki,20,20
2024-01-24,3560,S10W06,291,0080,Cao,09,08
2024-01-24,3561,S17W42,327,0220,Dac,09,18
2024-01-24,3562,S08W54,339,0030,Cro,02,01
2024-01-25,3555,S12W53,324,0060,Cao,03,04
2024-01-25,3556,N16W44,315,0030,Hrx,01,01
2024-01-25,3559,N27W18,289,0480,Fki,20,20
2024-01-25,3560,S10W21,292,0070,Cao,07,04
2024-01-25,3561,S17W57,328,0200,Dac,09,18
2024-01-25,3562,S08W69,340,0010,Axx,01,01
2024-01-26,3555,S12W67,325,0060,Cao,03,02
2024-01-26,3556,N16W58,316,0010,Axx,01,01
2024-01-26,3559,N27W32,290,0400,Fki,23,15
2024-01-26,3560,S10W35,293,0050,Cao,07,04
2024-01-26,3561,S17W71,329,0100,Dac,09,18
2024-01-26,3562,S08W83,341,0010,Axx,01,01
2024-01-27,3555,S26W81,326,0140,Cao,03,03
2024-01-27,3559,N25W46,291,0480,Fki,16,17
2024-01-27,3560,S22W48,293,0040,Dai,05,08
2024-01-27,3561,S17W85,330,0180,Dac,05,06
2024-01-27,3562,S08W97,342,0010,Axx,01,01
2024-01-27,3563,S06E32,213,0010,Bxo,02,02
2024-01-28,3559,N26W56,288,0310,Fki,16,14
2024-01-28,3560,S11W61,293,0120,Dai,06,06
2024-01-28,3563,S06E17,215,0010,Bxo,02,02
2024-01-29,3559,N26W70,289,0280,Fko,16,11
2024-01-29,3560,S11W75,294,0130,Dai,06,07
2024-01-29,3563,S07E03,215,0010,Bxo,03,05
2024-01-29,3564,S09E54,165,0010,Axx,01,01
2024-01-29,3565,N07E62,155,0010,Hrx,02,01
2024-01-30,3559,N26W83,289,0180,Eao,15,06
2024-01-30,3560,S11W89,295,0050,Cai,06,08
2024-01-30,3565,N08E50,156,0030,Cro,02,04
2024-01-31,3565,N07E36,156,0050,Dao,04,05
2024-01-31,3566,S13W61,253,0010,Bxo,04,02
2024-01-31,3567,N20E70,124,0210,Dso,09,04
2024-01-31,3568,S09W38,230,0010,Bxo,01,02
2024-02-01,3565,N07E23,156,0050,Dso,04,05
2024-02-01,3566,S13W75,254,0080,Dao,02,03
2024-02-01,3567,N19E54,125,0220,Dai,09,12
2024-02-01,3568,S10W51,230,0030,Bxo,04,04
2024-02-01,3569,S12W10,189,0010,Axx,01,01
2024-02-02,3565,N07E12,154,0020,Cro,05,08
2024-02-02,3566,S13W89,254,0010,Axx,01,01
2024-02-02,3567,N19E40,126,0240,Dai,06,13
2024-02-02,3570,S04E50,116,0020,Dro,05,01
2024-02-02,3571,S16E61,105,0090,Hsx,03,02
2024-02-02,3572,S12E22,144,0010,Axx,01,02
2024-02-02,3573,N23E08,158,0030,Cao,02,04
2024-02-02,3574,N15E70,096,0090,Dao,02,02
2024-02-03,3565,N07W01,153,0020,Dri,05,08
2024-02-03,3567,N19E22,130,0180,Dai,10,21
2024-02-03,3570,S04E35,117,0020,Dro,05,05
2024-02-03,3571,S17E49,103,0110,Hsx,03,02
2024-02-03,3572,S12E08,144,0010,Axx,01,02
2024-02-03,3573,N23W06,158,0040,Cso,06,03
2024-02-03,3574,N15E58,094,0090,Dso,05,02
2024-02-03,3575,S37W25,177,0020,Bxi,03,08
2024-02-04,3565,N05W15,155,0020,Cri,05,07
2024-02-04,3567,N18E09,131,0030,Eri,11,08
2024-02-04,3570,S04E21,119,0020,Dro,06,07
2024-02-04,3571,S18E37,103,0120,Hsx,02,02
2024-02-04,3573,N22W18,158,0010,Cro,04,02
2024-02-04,3574,N15E44,096,0090,Dso,06,02
2024-02-04,3575,S37W37,177,0280,Dkc,07,12
2024-02-04,3576,S17E82,058,0200,Dac,06,03
2024-02-05,3565,N05W29,156,0020,Cro,04,08
2024-02-05,3567,N18W06,133,0030,Cri,11,08
2024-02-05,3570,S05E08,119,0020,Dro,06,04
2024-02-05,3571,S17E23,104,0130,Cso,02,03
2024-02-05,3573,N22W32,158,0010,Cro,06,02
2024-02-05,3574,N16E32,095,0060,Cso,05,03
2024-02-05,3575,S37W51,178,0350,Dkc,09,12
2024-02-05,3576,S16E72,055,0700,Ekc,14,18
2024-02-06,3565,N06W43,156,0010,Bxo,03,04
2024-02-06,3567,N16W21,134,0010,Bxo,09,04
2024-02-06,3570,S05W07,120,0010,Bxo,05,02
2024-02-06,3571,S17E08,105,0100,Hsx,03,03
2024-02-06,3572,S12W34,147,0005,Axx,01,01
2024-02-06,3573,N22W46,159,0010,Bxo,02,02
2024-02-06,3574,N16E17,096,0030,Cao,05,02
2024-02-06,3575,S36W64,177,0270,Dkc,08,07
2024-02-06,3576,S15E57,056,0610,Ekc,11,13
2024-02-06,3577,N25E20,093,0005,Bxo,03,03
2024-02-06,3578,S03E67,046,0005,Axx,01,01
2024-02-07,3564,S13W72,172,0030,Cao,04,03
2024-02-07,3565,N05W57,157,0010,Bxo,05,05
2024-02-07,3571,S17W05,105,0110,Hsx,04,05
2024-02-07,3572,S12W48,148,0010,Bxo,02,02
2024-02-07,3573,N21W61,161,0010,Bxo,02,02
2024-02-07,3574,N17E03,097,0030,Cso,06,03
2024-02-07,3575,S36W78,178,0250,Dki,10,07
2024-02-07,3576,S16E46,054,0540,Fki,16,41
2024-02-07,3577,N25E06,094,0010,Bxo,06,04
2024-02-07,3578,S05E53,047,0020,Cro,05,03
2024-02-08,3564,S13W83,170,0040,Cao,04,03
2024-02-08,3565,N05W68,155,0010,Bxo,05,02
2024-02-08,3571,S17W17,104,0120,Hax,03,05
2024-02-08,3572,S12W61,148,0010,Bxo,03,02
2024-02-08,3574,N17W08,095,0020,Cro,05,03
2024-02-08,3575,S37W90,177,0250,Cko,09,03
2024-02-08,3576,S16E33,054,0670,Fkc,16,37
2024-02-08,3577,N25W07,094,0010,Bxo,05,04
2024-02-08,3578,S05E40,047,0030,Cro,04,04
2024-02-08,3579,S14E60,027,0050,Hax,02,01
2024-02-09,3571,S19W28,102,0080,Hax,02,02
2024-02-09,3572,S12W74,148,0020,Hsx,04,01
2024-02-09,3574,N16W22,096,0020,Hsx,02,02
2024-02-09,3576,S16E17,057,0670,Fkc,16,44
2024-02-09,3577,N25W18,092,0010,Hsx,02,01
2024-02-09,3578,S04E26,048,0020,Cso,04,03
2024-02-09,3579,S12E37,037,0030,Cro,05,03
2024-02-09,3580,N23W50,124,0030,Hax,02,02
2024-02-09,3581,S20E68,046,0060,Hsx,02,01
2024-02-10,3571,S18W43,103,0070,Hax,03,02
2024-02-10,3574,N17W33,093,0010,Axx,02,02
2024-02-10,3576,S16E05,056,0710,Fkc,16,27
2024-02-10,3577,N22W29,090,0010,Axx,01,01
2024-02-10,3579,S11E17,044,0020,Hsx,01,01
2024-02-10,3580,N21W66,127,0010,Axx,01,01
2024-02-10,3581,S21E58,003,0080,Hsx,02,01
2024-02-11,3571,S17W54,104,0080,Hsx,05,03
2024-02-11,3574,N16W46,094,0010,Axx,01,01
2024-02-11,3576,S16W09,057,0730,Fkc,18,36
2024-02-11,3579,S10E04,044,0020,Hsx,01,01
2024-02-11,3580,N21W78,126,0010,Axx,01,01
2024-02-11,3581,S21E44,004,0100,Hsx,01,01
2024-02-11,3582,N06E14,034,0040,Cao,04,06
2024-02-11,3583,N09E42,006,0020,Cro,04,06
2024-02-11,3584,S15E71,337,0020,Hsx,01,01
2024-02-12,3571,S17W68,102,0060,Hsx,05,03
2024-02-12,3576,S16W23,057,0740,Fkc,19,44
2024-02-12,3579,S09W10,044,0020,Hsx,01,01
2024-02-12,3581,S21E31,002,0080,Hsx,01,02
2024-02-12,3582,N06E01,033,0060,Cao,07,09
2024-02-12,3583,N09E29,005,0110,Dso,07,14
2024-02-12,3584,S15E57,337,0020,Hsx,01,01
2024-02-13,3571,S17W82,103,0030,Cso,04,02
2024-02-13,3576,S17W37,058,0420,Fkc,20,40
2024-02-13,3579,S09W24,045,0010,Axx,01,01
2024-02-13,3581,S21E18,002,0050,Hsx,02,02
2024-02-13,3582,N07W13,034,0120,Dai,08,15
2024-02-13,3583,N09E15,006,0250,Dki,09,22
2024-02-13,3584,S15E43,338,0030,Hsx,01,01
2024-02-14,3576,S17W51,059,0600,Eki,15,19
2024-02-14,3581,S21E05,003,0050,Hsx,03,01
2024-02-14,3582,N06W27,035,0240,Dai,09,19
2024-02-14,3583,N09E01,007,0270,Eki,11,19
2024-02-14,3584,S13E30,338,0040,Cao,04,03
2024-02-14,3585,N14E61,307,0050,Hax,02,01
2024-02-15,3576,S16W65,060,0660,Fkc,18,18
2024-02-15,3581,S21W07,002,0060,Hsx,02,01
2024-02-15,3582,N06W40,035,0170,Eai,11,13
2024-02-15,3583,N09W13,008,0260,Eho,13,13
2024-02-15,3584,S13E16,339,0020,Hsx,03,03
2024-02-15,3585,N15E47,308,0020,Cro,02,04
2024-02-15,3586,N29E68,287,0050,Hsx,03,01
2024-02-16,3576,S16W82,064,0510,Fkc,17,12
2024-02-16,3581,S22W20,002,0050,Hsx,02,01
2024-02-16,3582,N07W53,035,0140,Eai,11,12
2024-02-16,3583,N09W26,008,0270,Eso,14,10
2024-02-16,3584,S15E07,335,0020,Hrx,01,01
2024-02-16,3585,N13E33,309,0010,Bxo,04,03
2024-02-16,3586,N27E57,285,0100,Hsx,02,01
2024-02-16,3587,S21E37,305,0020,Cro,02,05
2024-02-16,3588,S03E30,312,0010,Bxo,05,02
2024-02-16,3589,S08W52,034,0020,Bxi,03,04
2024-02-17,3581,S22W33,002,0040,Hsx,01,01
2024-02-17,3582,N07W65,034,0060,Cai,11,07
2024-02-17,3583,N09W40,009,0290,Fko,16,09
2024-02-17,3584,S15W07,336,0010,Axx,01,01
2024-02-17,3586,N27E45,284,0160,Hsx,02,01
2024-02-17,3587,S22E23,306,0020,Bxo,03,04
2024-02-17,3589,S07W65,034,0020,Bxo,05,04
2024-02-18,3581,S21W46,001,0030,Hsx,01,01
2024-02-18,3582,N06W78,033,0030,Cro,10,02
2024-02-18,3583,N09W53,008,0270,Fki,16,11
2024-02-18,3584,S14W21,336,0020,Cro,06,06
2024-02-18,3586,N27E33,282,0150,Hsx,02,01
2024-02-18,3587,S21E10,305,0010,Bxo,05,06
2024-02-18,3589,S07W78,033,0010,Bxo,05,03
2024-02-19,3581,S21W59,001,0020,Hsx,01,01
2024-02-19,3583,N09W67,009,0250,Fki,17,11
2024-02-19,3584,S15W33,335,0020,Bxo,04,06
2024-02-19,3586,N27E20,282,0140,Hsx,02,02
2024-02-19,3587,S20W02,304,0010,Bxo,05,03
2024-02-19,3590,N19E78,224,0250,Hhx,04,01
2024-02-20,3581,S21W73,121,0010,Axx,01,01
2024-02-20,3583,N08W78,006,0170,Fso,17,06
2024-02-20,3584,S14W47,335,0010,Axx,03,02
2024-02-20,3586,N27E07,282,0160,Cso,02,01
2024-02-20,3590,N18E61,226,0530,Eho,14,04
2024-02-21,3581,S21W87,002,0010,Axx,03,01
2024-02-21,3584,S15W61,336,0010,Axx,00,01
2024-02-21,3586,N27W07,282,0090,Hsx,02,01
2024-02-21,3590,N17E51,223,0760,Fki,20,07
2024-02-22,3586,N27W20,282,0070,Hsx,03,02
2024-02-22,3590,N17E38,224,0740,Fki,17,23
2024-02-23,3586,N27W32,281,0080,Hsx,02,02
2024-02-23,3590,N18E26,222,0900,Fkc,17,24
2024-02-24,3586,N28W46,282,0080,Hsx,02,01
2024-02-24,3590,N18E13,223,1150,Fkc,18,44
2024-02-24,3591,S35E71,165,0060,Hsx,03,01
2024-02-24,3592,S10E69,167,0080,Dso,07,02
2024-02-24,3593,S07W69,305,0010,Bxo,03,03
2024-02-24,3594,N06E68,168,0030,Cao,05,05
2024-02-25,3586,N27W58,281,0080,Hsx,02,01
2024-02-25,3590,N18W01,224,1400,Fkc,20,45
2024-02-25,3591,S36E60,163,0040,Hsx,03,01
2024-02-25,3592,S12E58,165,0140,Dso,04,05
2024-02-25,3594,N05E55,168,0050,Cao,02,04
2024-02-26,3586,N27W70,280,0120,Hsx,02,01
2024-02-26,3590,N18W13,223,1450,Fkc,20,29
2024-02-26,3591,S36E46,164,0070,Hsx,03,01
2024-02-26,3592,S13E45,165,0130,Dao,07,07
2024-02-26,3594,N05E43,167,0060,Cao,05,06
2024-02-26,3595,N20E46,164,0080,Cai,05,10
2024-02-27,3586,N27W83,279,0080,Hsx,02,01
2024-02-27,3590,N18W31,227,1130,Fkc,17,42
2024-02-27,3591,S35E33,163,0040,Hsx,02,01
2024-02-27,3592,S13E30,165,0040,Cro,07,07
2024-02-27,3594,N05E26,169,0040,Hax,01,02
2024-02-27,3595,N20E29,167,0040,Bxo,05,06
2024-02-27,3596,N17E62,135,0050,Cao,03,04
2024-02-28,3590,N18W40,223,0900,Fkc,18,19
2024-02-28,3591,S35E20,163,0050,Hsx,02,01
2024-02-28,3592,S11E15,167,0020,Cro,07,05
2024-02-28,3594,N05E13,169,0020,Hax,01,01
2024-02-28,3595,N20E18,164,0060,Cai,09,13
2024-02-28,3596,N17E48,134,0080,Dao,04,04
2024-02-29,3590,N18W53,222,0930,Fko,18,24
2024-02-29,3591,S36E09,161,0090,Hsx,02,01
2024-02-29,3592,S14E04,165,0010,Axx,09,08
2024-02-29,3594,N05W00,169,0030,Hax,01,01
2024-02-29,3595,N20E04,165,0170,Dao,10,15
2024-02-29,3596,N18E36,133,0100,Dao,07,05
2024-02-29,3597,N07E16,154,0010,Bxo,02,03
2024-03-01,3590,N18W65,222,1000,Fkc,18,12
2024-03-01,3591,S36W04,161,0090,Hsx,02,01
2024-03-01,3594,N05W13,170,0020,Hrx,01,01
2024-03-01,3595,N20W10,167,0320,Dko,10,12
2024-03-01,3596,N18E24,133,0110,Cao,05,06
2024-03-01,3597,N07E02,155,0010,Bxo,02,04
2024-03-01,3598,S13W18,175,0010,Hrx,03,01
2024-03-02,3590,N18W80,224,0680,Ekc,12,07
2024-03-02,3591,S36W17,161,0060,Hsx,02,01
2024-03-02,3592,S14W20,164,0010,Axx,01,01
2024-03-02,3594,N05W27,171,0010,Axx,01,01
2024-03-02,3595,N20W23,167,0370,Eko,11,09
2024-03-02,3596,N19E09,135,0040,Cao,04,04
2024-03-02,3597,N08W13,157,0010,Axx,01,01
2024-03-02,3598,S13W33,177,0080,Dai,06,05
2024-03-02,3599,S13E75,069,0040,Hax,02,01
2024-03-03,3591,S36W28,159,0070,Cso,04,03
2024-03-03,3595,N20W35,166,0380,Eko,11,08
2024-03-03,3596,N19W03,134,0030,Cao,04,03
2024-03-03,3598,S13W45,176,0110,Dai,08,12
2024-03-03,3599,S13E60,071,0030,Cro,07,04
2024-03-03,3600,S18E73,058,0080,Hsx,02,01
2024-03-04,3591,S36W40,158,0060,Hsx,02,01
2024-03-04,3595,N20W48,165,0220,Eso,11,04
2024-03-04,3596,N19W18,135,0020,Hrx,01,01
2024-03-04,3598,S13W58,176,0110,Dai,09,08
2024-03-04,3599,S13E48,070,0030,Cro,09,03
2024-03-04,3600,S18E59,059,0080,Hsx,02,01
2024-03-04,3601,N13W07,125,0010,Bxo,03,02
2024-03-05,3591,S36W53,158,0030,Hsx,02,01
2024-03-05,3592,S14W60,165,0010,Axx,01,01
2024-03-05,3595,N20W62,167,0180,Eso,12,02
2024-03-05,3596,N20W31,136,0010,Axx,01,01
2024-03-05,3598,S13W72,177,0100,Dsi,09,05
2024-03-05,3599,S14E38,067,0030,Cso,03,03
2024-03-05,3600,S18E46,059,0080,Hsx,03,01
2024-03-05,3602,N19E29,076,0030,Dao,04,08
2024-03-05,3603,N14E53,052,0010,Axx,01,01
2024-03-06,3591,S35W66,157,0040,Hsx,01,01
2024-03-06,3595,N21W74,165,0190,Dso,10,02
2024-03-06,3596,N20W45,136,0010,Axx,00,01
2024-03-06,3598,S11W88,179,0010,Bxo,04,01
2024-03-06,3599,S13E25,066,0070,Dsi,04,06
2024-03-06,3600,S18E33,057,0070,Hsx,02,01
2024-03-06,3601,N14W37,128,0010,Bxo,02,03
2024-03-06,3602,N20E16,074,0050,Cso,07,04
2024-03-06,3603,N14E40,050,0040,Hsx,03,01
2024-03-06,3604,N08E71,020,0070,Hax,02,01
2024-03-07,3591,S35W79,156,0050,Hsx,02,01
2024-03-07,3595,N21W85,162,0120,Dso,07,02
2024-03-07,3596,N20W59,137,0010,Axx,01,01
2024-03-07,3599,S12E13,064,0130,Dsi,06,12
2024-03-07,3600,S18E21,055,0070,Hsx,02,02
2024-03-07,3602,N17E01,075,0040,Cso,02,03
2024-03-07,3603,N13E28,049,0060,Cso,06,03
2024-03-07,3604,N08E65,013,0030,Hsx,02,01
2024-03-08,3591,S37W89,153,0030,Hsx,02,01
2024-03-08,3599,S12W02,066,0140,Dai,06,16
2024-03-08,3600,S18E08,055,0070,Hsx,02,03
2024-03-08,3602,N17W13,077,0030,Cso,03,02
2024-03-08,3603,N14E13,051,0060,Hax,02,02
2024-03-08,3604,N08E43,021,0020,Hsx,01,01
2024-03-08,3605,S15E26,038,0020,Dao,03,04
2024-03-09,3599,S12W15,067,0150,Dai,07,18
2024-03-09,3600,S18W04,056,0040,Hsx,02,03
2024-03-09,3602,N16W26,078,0020,Hax,01,02
2024-03-09,3603,N14W01,053,0020,Hsx,01,01
2024-03-09,3604,N07E29,023,0010,Bxo,02,03
2024-03-09,3605,S15E13,039,0020,Cro,06,04
2024-03-10,3599,S13W28,067,0220,Dai,07,25
2024-03-10,3600,S18W18,057,0030,Hsx,02,02
2024-03-10,3602,N16W41,080,0010,Hax,01,01
2024-03-10,3603,N13W16,055,0010,Hrx,01,02
2024-03-10,3604,N08E15,024,0020,Cro,02,04
2024-03-10,3605,S15W01,040,0020,Cro,07,05
2024-03-11,3599,S13W41,067,0210,Dai,08,15
2024-03-11,3600,S19W31,057,0020,Hrx,02,03
2024-03-11,3602,N15W53,079,0010,Hrx,01,01
2024-03-11,3604,N08E01,025,0010,Bxo,03,03
2024-03-11,3605,S15W14,040,0030,Cro,05,05
2024-03-12,3599,S12W55,067,0160,Dai,07,13
2024-03-12,3600,S17W44,056,0010,Axx,01,01
2024-03-12,3602,N16W66,078,0010,Axx,01,01
2024-03-12,3605,S15W31,042,0010,Bxo,01,01
2024-03-13,3599,S12W67,065,0230,Dao,07,07
2024-03-13,3600,S17W57,056,0010,Axx,02,02
2024-03-13,3605,S14W46,044,0010,Axx,00,01
2024-03-13,3606,N08E27,330,0040,Dao,04,05
2024-03-13,3607,S18E44,314,0030,Dso,02,03
2024-03-14,3599,S14W81,067,0140,Cao,07,02
2024-03-14,3605,S13W58,044,0010,Axx,01,01
2024-03-14,3606,N09E13,331,0030,Dao,05,05
2024-03-14,3607,S17E32,313,0110,Dao,06,05
2024-03-14,3608,N12E40,305,0010,Axx,00,01
2024-03-14,3609,N07E48,298,0010,Axx,01,01
2024-03-14,3610,S16E68,278,0010,Hax,01,01
2024-03-15,3599,S13W94,067,0070,Cao,05,02
2024-03-15,3606,N09E01,332,0020,Cro,06,03
2024-03-15,3607,S18E19,314,0080,Dao,07,08
2024-03-15,3608,N11E28,305,0010,Axx,01,01
2024-03-15,3609,N06E37,296,0010,Axx,01,01
2024-03-15,3610,S16E55,278,0020,Hrx,01,02
2024-03-15,3611,N26E59,274,0030,Hsx,01,01
2024-03-16,3607,S17E06,314,0040,Dro,08,06
2024-03-16,3610,S16E42,278,0010,Axx,01,01
2024-03-16,3611,N28E48,272,0020,Hrx,01,01
2024-03-16,3612,N23W57,017,0010,Axx,01,01
2024-03-17,3606,N09W26,332,0010,Axx,01,02
2024-03-17,3607,S17W08,314,0020,Cro,09,06
2024-03-17,3611,N28E35,271,0030,Hrx,01,01
2024-03-17,3612,N23W68,015,0010,Axx,01,01
2024-03-17,3613,S23W17,323,0070,Cao,06,07
2024-03-18,3607,S17W21,314,0020,Bxo,09,05
2024-03-18,3608,N11W10,303,0030,Dro,05,10
2024-03-18,3611,N28E21,272,0020,Hrx,01,01
2024-03-18,3612,N22W80,013,0010,Axx,02,02
2024-03-18,3613,S22W30,323,0130,Dai,06,07
2024-03-18,3614,N16E70,223,0080,Hax,02,01
2024-03-19,3607,S17W34,314,0050,Dao,05,07
2024-03-19,3608,N10W24,304,0010,Bxo,05,07
2024-03-19,3611,N28E09,271,0010,Hrx,01,01
2024-03-19,3613,S22W44,324,0110,Dai,07,08
2024-03-19,3614,N16E56,224,0170,Dai,04,09
2024-03-19,3615,S12E62,218,0180,Eao,11,13
2024-03-19,3616,N02W31,311,0050,Dai,05,12
2024-03-20,3607,S17W48,315,0080,Dao,06,11
2024-03-20,3608,N10W38,305,0020,Cao,05,05
2024-03-20,3611,N28W03,270,0010,Hrx,01,01
2024-03-20,3613,S22W57,324,0080,Dai,05,09
2024-03-20,3614,N16E43,224,0200,Dao,05,06
2024-03-20,3615,S12E48,219,0240,Eac,11,28
2024-03-20,3616,N02W45,312,0050,Cao,07,09
2024-03-21,3607,S18W62,316,0070,Dai,06,10
2024-03-21,3608,N10W52,306,0010,Axx,02,02
2024-03-21,3613,S22W71,325,0060,Dao,05,05
2024-03-21,3614,N17E32,222,0200,Dao,03,04
2024-03-21,3615,S12E39,215,0300,Ekc,13,20
2024-03-21,3616,N02W59,313,0030,Cao,08,06
2024-03-21,3617,S15E70,184,0060,Hax,04,03
2024-03-22,3607,S19W76,317,0120,Dso,08,05
2024-03-22,3608,N10W66,307,0020,Cro,02,03
2024-03-22,3613,S24W82,323,0070,Cao,06,02
2024-03-22,3614,N17E18,223,0180,Dso,08,04
2024-03-22,3615,S12E25,216,0310,Ekc,13,24
2024-03-22,3616,N02W73,314,0020,Hsx,02,01
2024-03-22,3617,S15E56,185,0150,Cao,06,02
2024-03-22,3618,S20W62,303,0060,Dao,05,05
2024-03-22,3619,N17E61,179,0130,Cao,04,05
2024-03-23,3607,S18W91,318,0150,Dso,06,02
2024-03-23,3608,N11W81,308,0010,Bxo,05,02
2024-03-23,3614,N17E03,224,0210,Dso,05,04
2024-03-23,3615,S13E10,217,0370,Ekc,15,52
2024-03-23,3616,N03W88,315,0010,Bxo,03,01
2024-03-23,3617,S14E41,186,0100,Cao,06,06
2024-03-23,3618,S19W77,304,0100,Cao,10,06
2024-03-23,3619,N20E46,181,0100,Cao,06,05
2024-03-23,3620,S10E74,153,0030,Cro,02,03
2024-03-24,3614,N17W07,221,0170,Dso,06,05
2024-03-24,3615,S13W01,215,0730,Fkc,16,53
2024-03-24,3617,S14E29,185,0090,Cao,04,04
2024-03-24,3618,S18W90,304,0120,Cao,06,04
2024-03-24,3619,N19E31,183,0120,Cao,03,03
2024-03-24,3620,S10E61,153,0030,Hrx,02,03
2024-03-24,3621,N17W38,252,0020,Cro,04,04
2024-03-25,3614,N17W21,222,0150,Dso,05,03
2024-03-25,3615,S13W14,215,0810,Fkc,16,54
2024-03-25,3617,S13E17,184,0060,Cao,03,05
2024-03-25,3619,N19E16,185,0100,Cso,02,03
2024-03-25,3620,S10E46,155,0030,Hax,02,02
2024-03-25,3621,N17W52,253,0020,Cso,03,03
2024-03-25,3622,N19E61,139,0060,Dao,03,05
2024-03-26,3614,N16W34,222,0110,Cso,06,02
2024-03-26,3615,S13W27,215,1120,Fkc,19,63
2024-03-26,3617,S13E04,184,0060,Cao,02,02
2024-03-26,3619,N19E04,184,0130,Cso,07,03
2024-03-26,3620,S09E32,156,0030,Hsx,03,02
2024-03-26,3621,N17W66,254,0040,Cso,06,05
2024-03-26,3622,N20E46,142,0040,Cso,05,04
2024-03-26,3623,S19W35,222,0010,Bxo,03,02
2024-03-27,3614,N18W48,223,0080,Hsx,03,01
2024-03-27,3615,S13W41,216,1140,Fkc,17,53
2024-03-27,3617,S14W10,185,0050,Hsx,05,01
2024-03-27,3619,N19W10,185,0140,Cso,08,07
2024-03-27,3620,S08E19,156,0020,Hrx,01,01
2024-03-27,3621,N15W80,255,0030,Cso,04,03
2024-03-27,3622,N19E32,143,0010,Bxo,04,02
2024-03-27,3623,S19W47,222,0010,Axx,01,01
2024-03-28,3614,N16W62,224,0090,Hsx,03,01
2024-03-28,3615,S13W55,217,0960,Fkc,16,41
2024-03-28,3617,S14W24,186,0030,Hsx,01,01
2024-03-28,3619,N18W24,186,0140,Dso,08,06
2024-03-28,3620,S09E05,157,0020,Hrx,01,02
2024-03-28,3621,N15W94,256,0030,Cso,04,03
2024-03-29,3614,N18W75,223,0060,Hsx,02,01
2024-03-29,3615,S13W69,217,0990,Fkc,17,40
2024-03-29,3617,S14W38,186,0030,Cso,01,03
2024-03-29,3619,N19W39,187,0060,Hax,06,05
2024-03-29,3620,S08W10,158,0010,Axx,01,02
2024-03-30,3614,N17W88,223,0050,Hsx,02,01
2024-03-30,3615,S13W81,216,0960,Fkc,19,34
2024-03-30,3617,S13W51,186,0030,Cso,05,02
2024-03-30,3619,N17W52,187,0050,Hsx,03,02
2024-03-31,3615,S13W94,216,0850,Fkc,21,15
2024-03-31,3617,S13W63,185,0020,Cro,01,02
2024-03-31,3619,N18W66,188,0050,Hsx,02,01
2024-03-31,3624,N16E50,072,0010,Bxo,03,02
2024-04-01,3617,S13W76,185,0010,Axx,01,01
2024-04-01,3619,N18W79,188,0050,Hsx,02,01
2024-04-01,3624,N16E39,070,0010,Hrx,04,01
2024-04-01,3625,N12W65,173,0040,Dai,05,07
2024-04-02,3619,N18W93,189,0030,Hsx,02,01
2024-04-02,3624,N15E25,071,0001,Axx,01,01
2024-04-02,3625,N13W78,174,0080,Dai,07,06
2024-04-02,3626,N11W33,129,0001,Bxo,03,02
2024-04-03,3625,N10W93,175,0070,Dao,08,02
2024-04-03,3626,N13W48,130,0001,Bxo,03,02
2024-04-03,3627,N09E58,024,0005,Axx,01,01
2024-04-04,3624,N15W04,073,0005,Axx,01,01
2024-04-04,3626,N13W62,131,0001,Bxo,03,02
2024-04-04,3627,N10E44,025,0005,Axx,01,01
2024-04-04,3628,N07E67,002,0090,Hsx,02,01
2024-04-05,3626,N11W75,130,0030,Cao,04,02
2024-04-05,3627,N11E30,026,0010,Axx,01,01
2024-04-05,3628,N10E54,002,0110,Hsx,02,01
2024-04-05,3629,N07W12,068,0020,Cro,03,03
2024-04-06,3627,N09E19,024,0010,Axx,01,01
2024-04-06,3628,N08E41,002,0190,Hax,03,04
2024-04-06,3629,N06W28,071,0030,Cao,04,06
2024-04-06,3630,S11W24,067,0030,Bxi,05,05
2024-04-06,3631,N11W08,051,0010,Axx,01,02
2024-04-06,3632,N26E44,359,0040,Cao,03,03
2024-04-07,3628,N07E28,002,0240,Hax,04,02
2024-04-07,3629,N05W41,071,0060,Dai,04,08
2024-04-07,3630,S11W38,068,0020,Bxi,05,05
2024-04-07,3632,N26E30,359,0030,Cao,03,03
2024-04-07,3633,S09E71,319,0050,Hsx,04,03
2024-04-08,3628,N08E14,002,0250,Cko,05,06
2024-04-08,3629,N05W55,071,0040,Cao,04,06
2024-04-08,3630,S11W53,069,0005,Axx,01,01
2024-04-08,3631,N11W37,053,0005,Axx,02,01
2024-04-08,3632,N26E16,360,0010,Cao,01,01
2024-04-08,3633,S08E59,320,0070,Dso,05,04
2024-04-09,3628,N08W00,003,0260,Cho,05,05
2024-04-09,3629,N06W69,072,0020,Cao,02,03
2024-04-09,3631,N11W48,051,0010,Axx,01,01
2024-04-09,3632,N28E04,359,0010,Hsx,02,02
2024-04-09,3633,S07E44,319,0160,Dsi,08,06
2024-04-09,3634,N27E54,309,0010,Axx,02,02
2024-04-10,3628,N08W14,004,0260,Cho,05,04
2024-04-10,3629,N05W83,073,0010,Cao,01,01
2024-04-10,3632,N26W09,359,0005,Axx,00,01
2024-04-10,3633,S07E30,320,0120,Dso,08,06
2024-04-10,3634,N27E40,310,0010,Axx,02,02
2024-04-11,3628,N08W28,004,0260,Hhx,04,04
2024-04-11,3633,S08E19,317,0130,Dso,08,06
2024-04-11,3634,N26E23,313,0010,Bxo,03,02
2024-04-11,3635,N19E48,289,0010,Bxo,07,02
2024-04-12,3628,N08W38,002,0260,Cko,04,06
2024-04-12,3633,S08E05,319,0120,Cso,07,05
2024-04-12,3634,N26E09,315,0120,Dsi,06,10
2024-04-12,3635,N20E38,286,0030,Cso,10,08
2024-04-12,3636,S21E72,252,0030,Hsx,02,02
2024-04-13,3628,N07W51,001,0240,Hax,03,03
2024-04-13,3633,S08W10,320,0110,Cso,05,06
2024-04-13,3634,N26W05,315,0120,Dsi,07,13
2024-04-13,3635,N21E26,284,0050,Csi,10,09
2024-04-13,3636,S21E58,252,0050,Hsx,03,02
2024-04-14,3628,N08W64,001,0180,Hax,03,04
2024-04-14,3633,S08W23,320,0110,Cso,06,08
2024-04-14,3634,N27W17,314,0280,Dki,09,17
2024-04-14,3635,N23E13,284,0030,Cao,10,07
2024-04-14,3636,S21E46,251,0100,Cso,05,05
2024-04-14,3637,S11E66,231,0020,Cro,04,03
2024-04-14,3638,S17E70,227,0030,Hsx,01,01
2024-04-15,3628,N08W77,001,0120,Hax,02,02
2024-04-15,3633,S08W38,322,0080,Cso,04,02
2024-04-15,3634,N26W30,314,0290,Dki,09,18
2024-04-15,3635,N21W00,284,0020,Cso,06,05
2024-04-15,3636,S21E33,251,0080,Cso,03,04
2024-04-15,3637,S12E53,231,0040,Cso,04,04
2024-04-15,3638,S17E58,226,0030,Hsx,01,01
2024-04-15,3639,N29E62,222,0030,Cao,05,07
2024-04-15,3640,N21E58,226,0010,Axx,01,01
2024-04-15,3641,N11E13,271,0070,Dao,05,08
2024-04-16,3628,N05W91,001,0060,Hsx,02,01
2024-04-16,3633,S10W51,322,0080,Hsx,02,01
2024-04-16,3634,N25W42,313,0300,Ehi,13,23
2024-04-16,3635,N22W14,285,0010,Bxo,05,03
2024-04-16,3636,S18E20,251,0090,Cso,04,03
2024-04-16,3637,S12E39,232,0010,Bxo,04,02
2024-04-16,3638,S17E44,227,0080,Cao,03,04
2024-04-16,3639,N30E48,223,0240,Eai,11,14
2024-04-16,3641,N11W01,272,0090,Dao,07,19
2024-04-16,3642,N18W11,282,0010,Bxo,04,05
2024-04-16,3643,S10E63,208,0100,Dai,06,08
2024-04-17,3633,S09W65,323,0080,Cso,03,03
2024-04-17,3634,N26W56,314,0310,Dhi,09,09
2024-04-17,3635,N22W28,286,0010,Axx,05,03
2024-04-17,3636,S20E08,250,0090,Cso,04,03
2024-04-17,3637,S13E27,231,0020,Dro,04,02
2024-04-17,3638,S17E32,226,0080,Cai,04,08
2024-04-17,3639,N29E36,220,0310,Eki,11,19
2024-04-17,3641,N12W14,271,0110,Dao,09,06
2024-04-17,3642,N18W25,283,0010,Bxo,04,05
2024-04-17,3643,S13E48,210,0100,Dai,07,06
2024-04-17,3644,N12E72,183,0080,Dso,04,02
2024-04-18,3633,S07W78,322,0080,Cso,04,03
2024-04-18,3634,N27W70,314,0290,Eki,11,08
2024-04-18,3635,N22W42,286,0010,Axx,04,03
2024-04-18,3636,S20W05,249,0070,Cso,03,04
2024-04-18,3637,S13E13,231,0020,Cro,04,04
2024-04-18,3638,S17E15,228,0030,Cri,07,05
2024-04-18,3639,N29E22,222,0320,Eki,11,16
2024-04-18,3641,N12W28,272,0060,Dao,08,03
2024-04-18,3643,S13E34,210,0130,Fai,16,20
2024-04-18,3644,N12E60,184,0080,Dso,04,02
2024-04-18,3645,S10E24,220,0030,Cai,05,08
2024-04-18,3646,N21E59,185,0030,Cso,08,03
2024-04-19,3633,S08W92,323,0080,Cso,04,03
2024-04-19,3634,N28W82,313,0220,Dso,10,06
2024-04-19,3635,N22W56,287,0020,Cro,03,03
2024-04-19,3636,S21W18,249,0060,Cao,03,04
2024-04-19,3637,S14E01,230,0010,Bxo,06,06
2024-04-19,3638,S18E03,228,0030,Cri,05,05
2024-04-19,3639,N29E11,220,0290,Eai,12,16
2024-04-19,3641,N09W45,276,0030,Hsx,01,01
2024-04-19,3643,S12E17,213,0160,Dai,10,29
2024-04-19,3644,N12E49,182,0120,Dso,05,02
2024-04-19,3645,S09E10,221,0140,Dai,07,12
2024-04-19,3646,N21E50,181,0070,Cro,08,08
2024-04-19,3647,S10E12,218,0140,Dac,04,10
2024-04-19,3648,N19E39,192,0010,Bxo,03,02
2024-04-20,3635,N22W70,288,0010,Cro,04,02
2024-04-20,3636,S21W31,249,0030,Cao,03,03
2024-04-20,3637,S15W13,231,0010,Axx,01,01
2024-04-20,3638,S18W08,226,0060,Cai,04,13
2024-04-20,3639,N29W02,220,0300,Ekc,12,19
2024-04-20,3641,N09W59,277,0010,Axx,01,01
2024-04-20,3643,S13E05,213,0130,Dai,10,18
2024-04-20,3644,N13E37,181,0120,Dso,05,02
2024-04-20,3645,S09W04,222,0210,Dai,08,16
2024-04-20,3646,N21E38,180,0020,Bxo,08,05
2024-04-20,3647,S13W00,218,0160,Dac,05,09
2024-04-20,3649,N16W24,242,0020,Bxi,05,08
2024-04-20,3650,S11E21,197,0030,Cro,03,04
2024-04-20,3651,N13E25,192,0010,Bxo,02,02
2024-04-22,3636,S21W58,250,0010,Axx,01,01
2024-04-22,3637,S13W43,234,0010,Axx,02,02
2024-04-22,3638,S18W35,227,0080,Cri,05,11
2024-04-22,3639,N28W29,221,0260,Eki,12,22
2024-04-22,3641,N10W87,278,0010,Axx,01,01
2024-04-22,3643,S13W16,208,0080,Cro,07,10
2024-04-22,3644,N13E10,181,0150,Dso,06,02
2024-04-22,3645,S09W34,226,0290,Dki,10,20
2024-04-22,3646,N21E14,178,0030,Cao,05,08
2024-04-22,3647,S13W28,219,0220,Dac,06,12
2024-04-22,3648,N18W02,193,0010,Axx,01,01
2024-04-22,3650,S11W08,199,0070,Cai,06,08
2024-04-22,3652,N15E31,160,0060,Cai,04,07
2024-04-22,3653,N03E60,132,0010,Axx,01,01
2024-04-22,3654,S07E60,132,0010,Bxo,02,03
2024-04-22,3655,S27E62,130,0020,Cro,03,03
2024-04-22,3656,S12E72,120,0020,Hsx,02,01
2024-04-23,3636,S21W70,248,0010,Axx,01,01
2024-04-23,3637,S13W55,233,0010,Bxo,02,02
2024-04-23,3638,S18W51,229,0010,Bxo,05,09
2024-04-23,3639,N28W44,222,0200,Eai,12,12
2024-04-23,3643,S13W32,210,0020,Cro,07,07
2024-04-23,3644,N14W04,182,0150,Dao,07,03
2024-04-23,3645,S09W50,228,0260,Dkc,10,18
2024-04-23,3646,N21W01,179,0100,Cai,07,14
2024-04-23,3647,S13W44,222,0200,Dac,06,17
2024-04-23,3649,N15W68,246,0020,Cso,04,03
2024-04-23,3650,S10W23,201,0100,Cai,06,08
2024-04-23,3652,N15E17,161,0120,Dao,06,06
2024-04-23,3653,N02E45,133,0010,Axx,01,01
2024-04-23,3654,S09E45,133,0020,Cro,01,02
2024-04-23,3655,S28E50,127,0030,Cro,07,06
2024-04-23,3656,S12E60,118,0010,Bxo,01,02
2024-04-23,3657,S11E31,146,0010,Bxo,03,02
2024-04-24,3638,S18W65,230,0010,Bxo,06,10
2024-04-24,3639,N28W58,223,0160,Eai,12,09
2024-04-24,3643,S13W46,211,0010,Bxo,04,06
2024-04-24,3644,N13W18,183,0080,Dao,07,06
2024-04-24,3645,S08W64,229,0250,Dkc,10,17
2024-04-24,3646,N21W15,180,0200,Dai,09,18
2024-04-24,3647,S13W58,223,0190,Dac,07,20
2024-04-24,3648,N18W30,195,0010,Bxo,04,05
2024-04-24,3649,N16W81,246,0020,Cso,04,03
2024-04-24,3650,S11W37,202,0110,Cai,08,12
2024-04-24,3652,N15E02,163,0120,Dso,09,05
2024-04-24,3654,S08E31,134,0160,Dai,08,13
2024-04-24,3655,S28E36,129,0130,Dao,08,04
2024-04-24,3656,S12E46,119,0010,Cro,01,03
2024-04-24,3657,S12E17,147,0010,Bxo,02,01
2024-04-25,3638,S17W74,233,0030,Cai,05,06
2024-04-25,3639,N29W66,217,0080,Eao,12,04
2024-04-25,3643,S12W57,209,0240,Eac,12,16
2024-04-25,3644,N13W21,180,0060,Hsx,06,02
2024-04-25,3645,S08W71,230,0260,Dkc,10,15
2024-04-25,3646,N21W20,179,0230,Dai,10,12
2024-04-25,3647,S14W61,220,0140,Dai,07,12
2024-04-25,3648,N18W38,197,0070,Dai,09,11
2024-04-25,3650,S11W45,204,0010,Bxo,06,02
2024-04-25,3652,N14W05,164,0080,Cso,08,05
2024-04-25,3653,N03E15,136,0000,Axx,00,01
2024-04-25,3654,S08E25,134,0130,Eac,11,18
2024-04-25,3655,S28E30,129,0120,Eso,11,05
2024-04-25,3656,S12E42,117,0020,Cro,03,05
2024-04-25,3657,S12E10,149,0020,Cro,07,07
2024-04-25,3658,S21W32,183,0010,Bxo,02,02
2024-04-26,3639,N30W78,217,0020,Cao,02,02
2024-04-26,3643,S12W72,211,0020,Cao,04,05
2024-04-26,3644,N13W42,181,0040,Hsx,06,02
2024-04-26,3645,S08W84,223,0220,Dai,10,12
2024-04-26,3646,N21W40,179,0130,Dao,10,09
2024-04-26,3647,S13W82,221,0120,Dac,06,08
2024-04-26,3648,N18W60,199,0080,Dai,10,08
2024-04-26,3652,N14W26,165,0080,Hsx,02,01
2024-04-26,3654,S08E06,133,0210,Eai,11,12
2024-04-26,3655,S27E11,128,0100,Dso,09,04
2024-04-26,3656,S12E20,119,0010,Axx,01,01
2024-04-26,3657,S13W05,144,0030,Bxo,07,03
2024-04-26,3658,S21W47,186,0020,Cro,03,03
2024-04-26,3659,S13E34,105,0010,Axx,01,01
2024-04-27,3639,N30W90,215,0010,Axx,01,01
2024-04-27,3644,N13W57,182,0040,Hsx,06,02
2024-04-27,3646,N21W53,178,0090,Cao,10,05
2024-04-27,3648,N18W72,197,0080,Dri,09,06
2024-04-27,3652,N14W42,167,0070,Hsx,02,01
2024-04-27,3654,S08W08,133,0160,Eai,12,19
2024-04-27,3655,S27W03,128,0060,Hsx,09,01
2024-04-27,3656,S12E07,118,0010,Axx,01,01
2024-04-27,3657,S15W19,144,0010,Bxo,02,03
2024-04-27,3658,S23W60,185,0060,Dro,06,04
2024-04-27,3659,S13E20,105,0010,Axx,01,01
2024-04-28,3644,N13W70,182,0010,Bxo,03,02
2024-04-28,3646,N22W61,173,0030,Cao,02,02
2024-04-28,3648,N18W85,197,0010,Bxo,02,02
2024-04-28,3652,N14W57,169,0070,Hsx,02,01
2024-04-28,3654,S08W23,135,0230,Esi,13,18
2024-04-28,3655,S26W20,132,0060,Hax,02,01
2024-04-28,3657,S15W32,144,0010,Bxo,02,03
2024-04-28,3658,S23W71,183,0050,Cro,06,06
2024-04-28,3660,N10E62,050,0030,Hsx,01,01
2024-04-29,3644,N13W83,182,0010,Bxo,02,02
2024-04-29,3646,N22W74,173,0010,Axx,01,01
2024-04-29,3652,N14W70,169,0050,Hsx,02,02
2024-04-29,3654,S07W36,135,0310,Ekc,15,25
2024-04-29,3655,S26W33,132,0060,Hsx,02,01
2024-04-29,3657,S14W46,145,0010,Axx,01,01
2024-04-29,3658,S22W84,183,0050,Cao,03,04
2024-04-29,3660,N10E50,049,0010,Bxo,03,03
2024-04-30,3652,N14W85,171,0050,Hsx,02,01
2024-04-30,3654,S07W50,136,0480,Ekc,15,20
2024-04-30,3655,S26W47,133,0060,Hsx,01,01
2024-04-30,3660,N11E37,049,0010,Hrx,02,02
2024-04-30,3661,N24E62,024,0030,Hsx,03,01
2024-04-30,3662,N30E39,047,0020,Cro,01,03
2024-05-01,3654,S07W63,134,0550,Fkc,16,20
2024-05-01,3655,S26W58,130,0040,Hsx,02,01
2024-05-01,3661,N24E50,022,0040,Hsx,02,01
2024-05-01,3662,N30E10,063,0030,Cro,06,06
2024-05-01,3663,N25E34,038,0010,Bxo,06,07
2024-05-02,3654,S07W76,135,0400,Fkc,17,18
2024-05-02,3655,S27W71,130,0030,Hsx,02,01
2024-05-02,3661,N24E39,020,0040,Hsx,02,01
2024-05-02,3662,N30W01,060,0070,Dao,08,10
2024-05-02,3663,N26E25,035,0060,Dso,05,09
2024-05-02,3664,S18E64,355,0040,Dao,04,05
2024-05-03,3654,S07W90,136,0240,Eai,11,06
2024-05-03,3655,S26W83,129,0020,Hrx,01,01
2024-05-03,3661,N22E27,019,0050,Cso,09,05
2024-05-03,3662,N30W15,061,0090,Dao,09,11
2024-05-03,3663,N26E10,036,0230,Dac,10,18
2024-05-03,3664,S18E52,354,0120,Dai,08,13
2024-05-03,3665,S05E71,335,0010,Axx,01,01
2024-05-04,3661,N23E15,018,0050,Cso,09,02
2024-05-04,3662,N30W28,061,0100,Dao,10,04
2024-05-04,3663,N26W03,036,0480,Ekc,12,28
2024-05-04,3664,S18E41,352,0240,Eai,11,16
2024-05-04,3665,S05E57,336,0010,Hrx,01,01
2024-05-04,3666,N07E16,017,0120,Cai,06,10
2024-05-05,3661,N23W01,021,0050,Hsx,01,01
2024-05-05,3662,N29W40,060,0050,Cso,10,03
2024-05-05,3663,N26W16,036,0580,Ekc,13,30
2024-05-05,3664,S19E28,352,0310,Ekc,11,20
2024-05-05,3665,S05E44,336,0010,Hrx,01,01
2024-05-05,3666,N07E02,018,0130,Cai,06,10
2024-05-05,3667,N28E73,307,0080,Hsx,03,01
2024-05-06,3661,N23W15,021,0040,Hsx,01,01
2024-05-06,3662,N29W59,065,0030,Hsx,02,01
2024-05-06,3663,N26W31,037,0580,Fkc,16,27
2024-05-06,3664,S19E14,352,0580,Ekc,11,20
2024-05-06,3665,S05E30,336,0010,Axx,01,01
2024-05-06,3666,N07W13,019,0120,Cso,08,04
2024-05-06,3667,N27E59,307,0130,Hsx,03,01
2024-05-06,3668,S17E29,337,0040,Cao,04,06
2024-05-06,3669,S08E43,323,0010,Hrx,01,01
2024-05-07,3661,N23W28,021,0020,Hsx,02,01
2024-05-07,3662,N27W71,064,0010,Axx,01,01
2024-05-07,3663,N25W45,038,0600,Fkc,17,18
2024-05-07,3664,S19E02,350,0560,Ekc,13,22
2024-05-07,3666,N07W27,020,0070,Cso,02,02
2024-05-07,3667,N27E44,308,0130,Hsx,03,01
2024-05-07,3668,S17E13,339,0050,Dao,07,11
2024-05-07,3669,S08E29,323,0010,Axx,00,01
2024-05-07,3670,N17E66,286,0020,Hax,00,01
2024-05-08,3661,N22W42,021,0010,Axx,01,01
2024-05-08,3663,N25W57,037,0400,Fkc,16,15
2024-05-08,3664,S20W09,349,0630,Fkc,16,37
2024-05-08,3666,N07W40,020,0080,Hsx,02,02
2024-05-08,3667,N26E32,307,0150,Hsx,03,01
2024-05-08,3668,S16E01,338,0030,Cso,06,06
2024-05-08,3669,S09E15,324,0010,Axx,01,01
2024-05-08,3670,N16E55,284,0040,Hsx,02,01
2024-05-09,3663,N26W70,036,0400,Fkc,17,10
2024-05-09,3664,S19W24,350,1200,Fkc,20,62
2024-05-09,3666,N07W52,018,0070,Hsx,02,02
2024-05-09,3667,N26E20,306,0150,Hsx,03,01
2024-05-09,3668,S15W13,339,0030,Cao,04,05
2024-05-09,3670,N16E43,282,0040,Cso,05,02
2024-05-10,3663,N25W83,037,0300,Fkc,17,10
2024-05-10,3664,S19W34,348,1090,Fkc,20,81
2024-05-10,3666,N08W65,019,0050,Hsx,02,01
2024-05-10,3667,N27E07,307,0130,Hsx,02,01
2024-05-10,3670,N16E31,283,0040,Hsx,03,01
2024-05-10,3671,N20E33,281,0040,Hax,50,01
2024-05-10,3672,N18E58,256,0030,Cro,04,05
2024-05-11,3663,N27W92,037,0300,Fkc,17,10
2024-05-11,3664,S17W48,347,2400,Fkc,20,58
2024-05-11,3666,N08W80,019,0050,Hsx,02,01
2024-05-11,3667,N28W05,304,0140,Hsx,03,01
2024-05-11,3670,N17E14,285,0050,Hax,03,06
2024-05-11,3671,N19E17,281,0030,Hsx,40,01
2024-05-11,3672,N18E45,254,0140,Cai,08,09
2024-05-12,3664,S18W62,349,2100,Fkc,23,43
2024-05-12,3667,N27W18,305,0140,Hsx,03,01
2024-05-12,3670,N18E02,285,0030,Cso,03,04
2024-05-12,3671,N24E04,283,0030,Cro,08,07
2024-05-12,3672,N18E30,257,0090,Dao,05,04
2024-05-12,3673,S09E54,233,0030,Hsx,02,01
2024-05-12,3674,S14E64,223,0080,Cso,05,03
2024-05-12,3675,S15W29,316,0030,Cro,03,05
2024-05-13,3664,S19W75,349,1920,Fkc,18,28
2024-05-13,3667,N27W32,306,0090,Hax,03,02
2024-05-13,3670,N19W09,283,0020,Cso,03,02
2024-05-13,3671,N24W10,284,0030,Dro,05,08
2024-05-13,3672,N18E17,257,0080,Cso,06,04
2024-05-13,3673,S10E41,233,0030,Hsx,02,01
2024-05-13,3674,S14E53,221,0110,Cso,06,03
2024-05-13,3675,S14W43,317,0060,Dsi,05,05
2024-05-13,3676,S22E09,265,0080,Dai,06,10
2024-05-13,3677,S02W38,312,0010,Axx,01,01
2024-05-13,3678,N08E65,209,0010,Hsx,01,01
2024-05-13,3679,S09E73,201,0020,Hsx,01,01
2024-05-14,3664,S19W87,348,1170,Fkc,24,15
2024-05-14,3667,N27W46,307,0080,Hsx,03,04
2024-05-14,3670,N19W23,284,0020,Dao,03,05
2024-05-14,3671,N24W24,285,0020,Dro,05,06
2024-05-14,3672,N19E03,258,0060,Cso,06,04
2024-05-14,3673,S11E27,234,0010,Hsx,01,01
2024-05-14,3674,S11E39,222,0090,Cao,05,06
2024-05-14,3675,S05W57,318,0140,Dsi,06,13
2024-05-14,3676,S21W05,266,0100,Dsi,08,12
2024-05-14,3678,N09E51,210,0010,Hrx,01,01
2024-05-14,3679,S08E59,202,0060,Dao,07,04
2024-05-14,3680,N17E65,196,0030,Dao,05,03
2024-05-14,3681,S07W20,281,0010,Axx,02,03
2024-05-15,3667,N27W60,308,0080,Hsx,03,04
2024-05-15,3670,N19W37,285,0020,Dao,03,05
2024-05-15,3671,N23W38,286,0020,Cro,05,06
2024-05-15,3672,N19W11,259,0060,Cso,06,04
2024-05-15,3673,S09E13,235,0010,Hrx,01,01
2024-05-15,3674,S12E25,223,0140,Cso,07,11
2024-05-15,3675,S15W71,319,0030,Dro,04,08
2024-05-15,3676,S22W19,267,0120,Cso,08,09
2024-05-15,3678,N09E37,211,0010,Axx,01,03
2024-05-15,3679,S09E46,202,0230,Dso,06,06
2024-05-15,3680,N18E51,197,0010,Dao,01,03
2024-05-15,3682,N15E59,189,0130,Dao,04,05
2024-05-16,3667,N27W74,308,0120,Hsx,02,01
2024-05-16,3670,N20W51,285,0010,Dao,06,07
2024-05-16,3671,N23W52,286,0030,Cro,05,07
2024-05-16,3672,N19W23,257,0040,Hax,01,01
2024-05-16,3673,S09W01,235,0020,Hrx,01,01
2024-05-16,3674,S13E11,223,0120,Cso,07,10
2024-05-16,3675,S14W86,320,0020,Dro,03,02
2024-05-16,3676,S22W34,268,0090,Cso,07,04
2024-05-16,3679,S09E32,202,0240,Dso,09,07
2024-05-16,3680,N17E36,198,0010,Axx,01,02
2024-05-16,3682,N13E44,190,0080,Cso,07,06
2024-05-16,3683,S23W08,242,0030,Dro,05,05
2024-05-17,3667,N28W88,309,0050,Hsx,03,01
2024-05-17,3670,N21W62,283,0020,Dao,05,02
2024-05-17,3671,N21W64,285,0010,Bxo,05,05
2024-05-17,3672,N18W37,258,0050,Cao,06,05
2024-05-17,3673,S08W14,235,0020,Hax,01,01
2024-05-17,3674,S12W03,222,0130,Cso,07,18
2024-05-17,3676,S20W47,268,0090,Cso,02,05
2024-05-17,3679,S10E18,203,0230,Eso,11,13
2024-05-17,3680,N18E22,199,0010,Axx,01,02
2024-05-17,3682,N16E30,191,0030,Cro,05,07
2024-05-17,3683,S23W21,242,0030,Dro,07,08
2024-05-17,3684,S06E51,170,0010,Bxo,02,04
2024-05-17,3685,S13E64,157,0180,Dso,07,07
2024-05-18,3670,N21W76,284,0010,Bxo,05,02
2024-05-18,3671,N21W78,286,0010,Bxo,05,02
2024-05-18,3672,N18W51,259,0040,Hsx,02,01
2024-05-18,3673,S08W28,236,0020,Hsx,01,01
2024-05-18,3674,S12W17,222,0120,Cso,07,08
2024-05-18,3676,S20W61,269,0100,Hax,03,01
2024-05-18,3679,S10E04,204,0230,Eso,11,13
2024-05-18,3680,N18E08,200,0010,Axx,01,02
2024-05-18,3682,N16E16,192,0010,Axx,01,01
2024-05-18,3683,S23W35,242,0060,Dso,08,08
2024-05-18,3685,S13E50,158,0220,Dso,07,07
2024-05-18,3686,S07E66,140,0190,Hax,02,02
2024-05-19,3672,N20W59,256,0020,Hsx,02,21
2024-05-19,3673,S08W39,234,0010,Hrx,01,01
2024-05-19,3674,S12W27,221,0180,Csi,06,13
2024-05-19,3676,S20W72,267,0080,Hax,02,01
2024-05-19,3679,S08W07,202,0260,Eho,11,13
2024-05-19,3682,N15E02,193,0010,Axx,01,01
2024-05-19,3683,S23W46,241,0120,Dsi,07,14
2024-05-19,3685,S13E42,155,0380,Ehi,12,10
2024-05-19,3686,S06E54,141,0120,Hax,02,02
2024-05-20,3672,N19W73,254,0010,Axx,01,01
2024-05-20,3674,S13W40,221,0120,Csi,05,07
2024-05-20,3676,S21W83,264,0010,Axx,01,01
2024-05-20,3679,S08W18,199,0170,Esi,12,11
2024-05-20,3683,S24W58,239,0110,Dai,08,17
2024-05-20,3684,S06E10,171,0010,Bxo,03,03
2024-05-20,3685,S13E29,152,0420,Ehi,13,17
2024-05-20,3686,S06E39,142,0130,Hax,03,02
2024-05-20,3687,N15E01,180,0010,Bxo,03,05
2024-05-21,3674,S13W55,223,0100,Cso,04,05
2024-05-21,3679,S08W31,199,0150,Esi,11,11
2024-05-21,3683,S24W72,240,0100,Dai,08,15
2024-05-21,3684,S07W04,172,0020,Cao,05,05
2024-05-21,3685,S12E15,153,0350,Ehc,11,20
2024-05-21,3686,S06E25,143,0120,Cao,04,08
2024-05-22,3674,S14W69,223,0080,Hsx,02,01
2024-05-22,3679,S09W46,200,0250,Eki,12,13
2024-05-22,3682,N13W36,191,0000,Axx,01,02
2024-05-22,3683,S23W87,241,0070,Dso,10,04
2024-05-22,3684,S06W19,173,0080,Dao,08,08
2024-05-22,3685,S12E02,151,0380,Ehc,11,17
2024-05-22,3686,S07E12,142,0120,Cao,04,05
2024-05-22,3688,S12E28,126,0010,Bxo,04,03
2024-05-22,3689,S08E55,100,0030,Cro,03,03
2024-05-23,3674,S14W82,223,0080,Hax,03,01
2024-05-23,3679,S09W59,200,0500,Ekc,12,14
2024-05-23,3684,S06W32,173,0080,Cao,09,10
2024-05-23,3685,S13W09,150,0400,Ehc,12,20
2024-05-23,3686,S07W01,142,0120,Cao,03,09
2024-05-23,3689,S08E42,098,0050,Dso,08,06
2024-05-24,3679,S09W73,201,0480,Ekc,15,10
2024-05-24,3684,S06W48,176,0100,Cso,10,08
2024-05-24,3685,S13W22,150,0400,Ehc,15,23
2024-05-24,3686,S07W15,143,0100,Cao,04,11
2024-05-24,3687,N17W56,184,0010,Axx,01,01
2024-05-24,3689,S08E31,097,0030,Cro,08,06
2024-05-24,3690,N17E75,053,0030,Hsx,01,01
2024-05-25,3679,S08W86,200,0360,Ekc,12,08
2024-05-25,3684,S07W65,179,0080,Cso,07,06
2024-05-25,3685,S13W36,150,0320,Ehc,11,14
2024-05-25,3686,S08W28,142,0080,Cao,03,06
2024-05-25,3689,S08E17,097,0010,Cro,08,05
2024-05-25,3690,N17E60,054,0040,Hsx,02,01
2024-05-26,3684,S06W74,175,0050,Hsx,03,01
2024-05-26,3685,S13W49,150,0210,Eso,15,09
2024-05-26,3686,S08W38,139,0110,Cao,08,08
2024-05-26,3689,S07E05,095,0010,Bxo,08,05
2024-05-26,3690,N17E49,052,0030,Hsx,02,01
2024-05-26,3691,N25E60,041,0300,Dkc,11,08
2024-05-26,3692,S09E18,084,0020,Cro,03,04
2024-05-27,3685,S13W62,150,0270,Eho,12,05
2024-05-27,3686,S08W54,142,0100,Cao,06,04
2024-05-27,3689,S07W10,098,0010,Axx,01,01
2024-05-27,3690,N18E34,054,0030,Cso,03,02
2024-05-27,3691,N29E48,041,0570,Ekc,11,17
2024-05-27,3692,S09E04,084,0070,Dao,04,08
2024-05-27,3693,N06E35,053,0020,Cro,03,03
2024-05-27,3694,S12E45,044,0010,Axx,01,01
2024-05-27,3695,N27E60,029,0020,Bxo,04,06
2024-05-27,3696,N09E66,023,0010,Hrx,01,01
2024-05-28,3685,S14W75,151,0150,Dso,08,03
2024-05-28,3686,S09W67,143,0060,Cao,02,02
2024-05-28,3690,N17E21,055,0030,Hsx,02,01
2024-05-28,3691,N25E34,042,0480,Ekc,12,15
2024-05-28,3692,S08W09,085,0040,Cao,04,06
2024-05-28,3693,N06E22,054,0040,Dao,05,04
2024-05-28,3695,N27E46,030,0020,Cro,06,04
2024-05-28,3696,N09E52,024,0010,Hrx,01,01
2024-05-29,3685,S13W90,152,0110,Dso,07,03
2024-05-29,3686,S09W81,143,0050,Cao,02,03
2024-05-29,3690,N17E06,056,0030,Hsx,02,01
2024-05-29,3691,N27E20,042,0400,Ekc,12,20
2024-05-29,3692,S08W24,086,0030,Cro,06,06
2024-05-29,3693,N05E07,055,0050,Dao,06,08
2024-05-29,3695,N28E33,029,0020,Cro,06,04
2024-05-29,3696,N09E38,024,0010,Hrx,01,01
2024-05-29,3697,S18E69,353,0250,Eho,11,05
2024-05-30,3686,S09W95,144,0020,Hrx,01,01
2024-05-30,3690,N17W08,057,0030,Hsx,02,01
2024-05-30,3691,N27E06,043,0300,Ekc,11,27
2024-05-30,3692,S08W39,088,0010,Axx,02,02
2024-05-30,3693,N05W07,056,0040,Dao,07,05
2024-05-30,3695,N24E19,030,0010,Bxo,09,08
2024-05-30,3696,N08E26,023,0010,Axx,01,01
2024-05-30,3697,S18E56,353,0400,Eki,14,06
2024-05-31,3690,N17W19,055,0030,Hsx,02,01
2024-05-31,3691,N27W06,042,0300,Dkc,10,27
2024-05-31,3692,S08W53,089,0010,Axx,02,03
2024-05-31,3693,N04W18,054,0030,Cso,06,05
2024-05-31,3695,N27E08,028,0010,Bxo,08,08
2024-05-31,3696,N08E14,022,0010,Axx,01,01
2024-05-31,3697,S18E49,350,0420,Eki,14,14
2024-05-31,3698,N22E36,358,0050,Cso,02,05
2024-06-01,3690,N17W32,055,0020,Hrx,02,02
2024-06-01,3691,N25W18,041,0280,Dkc,10,21
2024-06-01,3693,N04W32,055,0010,Hax,01,02
2024-06-01,3695,N27W05,028,0010,Bxo,05,02
2024-06-01,3697,S18E35,348,0380,Eki,13,18
2024-06-01,3698,N22E24,359,0050,Csi,06,11
2024-06-01,3699,N04W06,028,0050,Cao,04,09
2024-06-02,3690,N17W46,055,0010,Axx,01,01
2024-06-02,3691,N25W32,041,0220,Dsc,10,21
2024-06-02,3693,N04W47,056,0010,Bxo,02,02
2024-06-02,3695,N27W19,028,0030,Cao,05,05
2024-06-02,3697,S18E21,348,0380,Ekc,13,26
2024-06-02,3698,N22E10,359,0160,Dsi,06,11
2024-06-02,3699,N04W21,030,0120,Dao,04,12
2024-06-02,3700,S04W37,046,0140,Dai,05,17
2024-06-02,3701,S04E30,339,0060,Cai,03,09
2024-06-03,3690,N17W60,056,0010,Axx,01,01
2024-06-03,3691,N25W46,042,0180,Dso,10,18
2024-06-03,3695,N27W33,029,0030,Cao,05,11
2024-06-03,3697,S18E07,349,0410,Ekc,13,33
2024-06-03,3698,N22W04,000,0160,Dsi,06,11
2024-06-03,3699,N04W36,032,0070,Cso,04,08
2024-06-03,3700,S04W52,048,0180,Dai,07,08
2024-06-03,3701,S04E15,341,0040,Cao,03,05
2024-06-03,3702,N17E71,285,0050,Hsx,02,01
2024-06-04,3691,N26W60,043,0080,Dso,10,08
2024-06-04,3695,N27W47,030,0050,Cao,05,11
2024-06-04,3697,S18W07,350,0410,Fkc,16,33
2024-06-04,3698,N23W18,001,0080,Eai,11,11
2024-06-04,3699,N04W47,029,0030,Cao,07,06
2024-06-04,3700,S04W65,047,0100,Dao,09,07
2024-06-04,3701,S04W00,343,0040,Dao,05,09
2024-06-04,3702,N17E57,285,0020,Hsx,02,01
2024-06-04,3703,S08E18,325,0040,Dao,04,07
2024-06-04,3704,S18E65,278,0020,Cao,03,03
2024-06-04,3705,N17W47,030,0010,Bxo,03,02
2024-06-05,3691,N24W74,044,0020,Cao,10,04
2024-06-05,3695,N25W60,030,0020,Cro,03,03
2024-06-05,3697,S18W20,350,0240,Fac,18,42
2024-06-05,3698,N22W29,359,0090,Dso,10,15
2024-06-05,3699,N04W59,029,0030,Cao,06,06
2024-06-05,3700,S06W78,048,0080,Dao,12,04
2024-06-05,3701,S05W10,340,0050,Dao,06,14
2024-06-05,3702,N17E43,287,0020,Hsx,02,01
2024-06-05,3703,S07E04,326,0090,Dai,06,08
2024-06-05,3704,S18E50,280,0020,Cro,01,01
2024-06-05,3705,N17W61,031,0010,Bxo,03,02
2024-06-05,3706,S11E26,304,0010,Bxo,04,04
2024-06-06,3691,N24W86,042,0030,Cro,08,02
2024-06-06,3695,N26W70,026,0010,Bxo,02,02
2024-06-06,3697,S18W33,349,0250,Ekc,16,32
2024-06-06,3698,N21W42,358,0130,Dai,10,08
2024-06-06,3699,N03W75,031,0020,Cro,03,02
2024-06-06,3700,S05W89,044,0110,Dao,06,03
2024-06-06,3701,S05W25,341,0060,Dai,06,08
2024-06-06,3702,N17E28,287,0020,Hsx,03,01
2024-06-06,3703,S07W09,325,0150,Dai,07,08
2024-06-06,3704,S17E34,282,0030,Hsx,01,01
2024-06-06,3705,N21W73,029,0005,Axx,01,01
2024-06-06,3706,S12E15,301,0020,Bxo,06,05
2024-06-07,3697,S17W46,348,0280,Dkc,10,20
2024-06-07,3698,N22W56,358,0120,Dai,10,11
2024-06-07,3699,N03W90,033,0010,Bxo,03,02
2024-06-07,3701,S06W39,341,0050,Dao,07,07
2024-06-07,3702,N17E15,287,0030,Hsx,02,01
2024-06-07,3703,S07W25,327,0110,Dac,07,14
2024-06-07,3704,S18E19,282,0020,Hsx,01,01
2024-06-07,3707,S15E57,245,0040,Cso,06,02
2024-06-07,3708,S22E74,234,0100,Hsx,03,01
2024-06-08,3697,S17W58,348,0320,Dkc,10,19
2024-06-08,3698,N22W68,358,0130,Dai,10,08
2024-06-08,3701,S06W53,343,0050,Cao,08,04
2024-06-08,3702,N17E03,287,0080,Hsx,02,01
2024-06-08,3703,S08W37,327,0200,Dac,08,13
2024-06-08,3704,S18E08,282,0030,Hrx,01,01
2024-06-08,3707,S15E46,244,0080,Dai,07,10
2024-06-08,3708,S23E59,231,0060,Hsx,02,01
2024-06-08,3709,S10E74,221,0080,Cai,03,03
2024-06-09,3697,S17W72,349,0360,Ekc,15,19
2024-06-09,3698,N22W82,359,0130,Eao,12,04
2024-06-09,3701,S06W68,345,0040,Cao,08,03
2024-06-09,3702,N16W08,285,0100,Cso,07,04
2024-06-09,3703,S08W52,329,0160,Dac,09,07
2024-06-09,3704,S18W06,283,0010,Axx,01,01
2024-06-09,3707,S15E32,245,0080,Dai,07,06
2024-06-09,3708,S23E45,232,0050,Cao,02,03
2024-06-09,3709,S10E60,219,0080,Cai,05,06
2024-06-10,3697,S19W86,349,0270,Ekc,12,13
2024-06-10,3701,S06W83,347,0010,Hsx,01,01
2024-06-10,3702,N16W22,286,0110,Cso,07,02
2024-06-10,3703,S08W66,330,0100,Dao,09,05
2024-06-10,3704,S18W20,284,0010,Axx,01,01
2024-06-10,3707,S15E18,246,0080,Cao,07,06
2024-06-10,3708,S23E31,233,0050,Cao,02,02
2024-06-10,3709,S10E46,218,0140,Cai,05,09
2024-06-10,3710,S15W51,315,0060,Cao,06,06
2024-06-10,3711,S09E52,212,0060,Dao,03,03
2024-06-11,3697,S19W99,349,0250,Ekc,12,13
2024-06-11,3702,N17W35,285,0080,Cso,05,03
2024-06-11,3703,S07W74,324,0070,Dao,08,02
2024-06-11,3704,S18W32,282,0010,Axx,01,01
2024-06-11,3707,S15E03,247,0040,Cso,09,05
2024-06-11,3708,S22E18,232,0060,Hsx,02,02
2024-06-11,3709,S08E28,222,0250,Dki,06,23
2024-06-11,3710,S16W64,314,0020,Cso,02,04
2024-06-11,3711,S08E39,211,0060,Dao,03,03
2024-06-12,3702,N16W49,286,0030,Hsx,02,01
2024-06-12,3703,S07W89,326,0030,Hax,08,02
2024-06-12,3707,S15W07,244,0010,Cso,03,04
2024-06-12,3708,S22E07,230,0020,Hax,02,01
2024-06-12,3709,S09E13,223,0100,Dao,04,10
2024-06-12,3711,S08E25,211,0020,Dro,03,03
2024-06-13,3702,N17W63,287,0050,Cso,03,02
2024-06-13,3707,S14W19,243,0010,Cao,03,04
2024-06-13,3708,S21W05,229,0040,Hax,02,02
2024-06-13,3709,S10E02,222,0140,Cai,09,09
2024-06-13,3711,S09E12,212,0010,Bxo,03,03
2024-06-13,3712,S24E52,172,0180,Dao,06,11
2024-06-13,3713,S13E68,156,0150,Dso,08,03
2024-06-13,3714,N14E24,200,0010,Bxo,03,05
2024-06-13,3715,N17E49,175,0010,Bxo,02,03
2024-06-13,3716,N10E62,162,0020,Cro,03,03
2024-06-14,3702,N17W77,288,0050,Hsx,03,01
2024-06-14,3707,S14W33,244,0010,Axx,01,01
2024-06-14,3708,S21W19,230,0040,Hax,02,01
2024-06-14,3709,S10W12,223,0120,Cai,09,08
2024-06-14,3711,S09W02,213,0010,Axx,01,01
2024-06-14,3712,S24E38,173,0240,Dac,09,18
2024-06-14,3713,S13E54,157,0170,Dso,08,09
2024-06-14,3716,N10E48,163,0060,Dao,03,05
2024-06-15,3702,N17W90,286,0030,Hrx,02,01
2024-06-15,3708,S21W36,232,0040,Hax,02,02
2024-06-15,3709,S10W26,222,0100,Cao,08,06
2024-06-15,3711,S10W14,212,0010,Bxo,02,03
2024-06-15,3712,S24E25,171,0300,Ekc,11,23
2024-06-15,3713,S11E37,159,0100,Dso,06,07
2024-06-15,3716,N11E34,162,0080,Dso,05,05
2024-06-16,3708,S21W45,229,0040,Hsx,02,01
2024-06-16,3709,S10W37,221,0100,Cao,08,08
2024-06-16,3711,S10W27,211,0010,Bxo,03,05
2024-06-16,3712,S25E14,170,0850,Ekc,12,18
2024-06-16,3713,S14E29,155,0130,Dso,10,10
2024-06-16,3716,N10E23,161,0140,Dsi,08,19
2024-06-16,3717,N08W33,217,0020,Cro,03,03
2024-06-17,3708,S21W58,228,0020,Hsx,01,01
2024-06-17,3709,S08W53,223,0010,Cao,03,03
2024-06-17,3711,S11W42,213,0020,Hrx,02,05
2024-06-17,3712,S26E01,169,1000,Ekc,14,31
2024-06-17,3713,S15E15,155,0200,Eso,11,18
2024-06-17,3716,N09E09,161,0180,Dac,09,20
2024-06-17,3717,N08W47,217,0010,Bxo,03,04
2024-06-18,3708,S21W71,228,0040,Hax,01,01
2024-06-18,3709,S08W66,224,0030,Cao,02,03
2024-06-18,3711,S11W53,211,0010,Bxo,02,04
2024-06-18,3712,S26W12,170,1100,Ekc,14,40
2024-06-18,3713,S16E01,157,0150,Eso,11,15
2024-06-18,3716,N10W05,163,0480,Dkc,10,35
2024-06-18,3717,N07W63,220,0010,Bxo,02,03
2024-06-19,3708,S21W85,229,0040,Hax,01,01
2024-06-19,3709,S08W80,224,0010,Axx,01,01
2024-06-19,3711,S11W67,211,0010,Bxo,02,04
2024-06-19,3712,S26W26,170,1150,Ekc,14,40
2024-06-19,3713,S16W13,157,0170,Esi,11,20
2024-06-19,3716,N10W19,163,0310,Dki,10,24
2024-06-20,3711,S11W81,212,0010,Axx,02,01
2024-06-20,3712,S24W39,170,1160,Ekc,14,21
2024-06-20,3713,S15W27,158,0460,Ekc,12,49
2024-06-20,3716,N10W32,163,0370,Dki,10,25
2024-06-20,3718,N15E13,118,0020,Cro,03,03
2024-06-20,3719,S12E68,063,0020,Cro,03,07
2024-06-20,3720,S04E77,054,0030,Dao,03,05
2024-06-21,3712,S24W52,170,1050,Ekc,15,15
2024-06-21,3713,S14W39,157,0740,Ekc,11,29
2024-06-21,3716,N10W46,164,0430,Ekc,12,22
2024-06-21,3718,N14W00,118,0020,Hrx,01,01
2024-06-21,3719,S13E55,063,0070,Dao,08,06
2024-06-21,3720,S05E62,055,0060,Dao,09,05
2024-06-22,3712,S26W65,170,0750,Ekc,15,09
2024-06-22,3713,S14W53,158,0950,Ekc,11,24
2024-06-22,3716,N10W59,164,0500,Ekc,12,14
2024-06-22,3719,S13E41,064,0090,Dao,08,05
2024-06-22,3720,S05E49,056,0080,Cao,04,08
2024-06-22,3721,N27E59,046,0020,Hsx,01,01
2024-06-22,3722,S09E59,162,0030,Dso,03,02
2024-06-23,3712,S25W77,168,0720,Ekc,15,09
2024-06-23,3713,S14W65,156,0910,Ekc,11,24
2024-06-23,3716,N10W72,163,0450,Ekc,12,10
2024-06-23,3719,S14E24,067,0150,Dso,09,10
2024-06-23,3720,S05E36,055,0120,Dai,08,13
2024-06-23,3721,N26E59,032,0090,Hsx,01,01
2024-06-23,3722,S13E62,029,0110,Dso,04,02
2024-06-24,3712,S25W90,168,0220,Eao,11,04
2024-06-24,3713,S14W78,156,0440,Ekc,13,11
2024-06-24,3716,N10W85,163,0230,Eao,12,06
2024-06-24,3719,S15E11,067,0230,Dao,10,14
2024-06-24,3720,S05E23,055,0140,Dai,09,13
2024-06-24,3721,N26E50,028,0100,Hsx,03,01
2024-06-24,3722,S14E50,028,0060,Hsx,03,01
2024-06-24,3723,S18E67,011,0150,Dao,08,05
2024-06-24,3724,S11E48,030,0060,Hsx,03,01
2024-06-24,3725,N18E41,037,0090,Dai,05,04
2024-06-24,3726,S02E57,057,0030,Cao,03,06
2024-06-25,3713,S14W88,153,0360,Ekc,12,06
2024-06-25,3716,N09W95,160,0200,Eao,11,04
2024-06-25,3719,S14E02,063,0250,Cki,09,14
2024-06-25,3720,S06E11,054,0150,Dai,08,15
2024-06-25,3721,N25E38,026,0100,Hax,04,01
2024-06-25,3722,S12E34,029,0050,Hsx,02,01
2024-06-25,3723,S19E54,011,0180,Dso,09,07
2024-06-25,3724,S14E35,028,0050,Hsx,02,01
2024-06-25,3726,S04E51,013,0000,Bxo,06,02
2024-06-26,3719,S14W12,064,0150,Dso,10,13
2024-06-26,3720,S06W03,055,0130,Dai,08,15
2024-06-26,3721,N25E24,028,0100,Hax,03,02
2024-06-26,3722,S12E22,030,0050,Hsx,02,01
2024-06-26,3723,S19E44,008,0210,Fai,17,12
2024-06-26,3724,S14E22,030,0050,Hsx,02,01
2024-06-26,3727,S18E59,353,0080,Hsx,02,01
2024-06-26,3728,S25E55,357,0010,Bxo,02,04
2024-06-27,3719,S15W25,063,0170,Cso,08,07
2024-06-27,3720,S06W16,054,0130,Dai,08,18
2024-06-27,3721,N25E11,027,0100,Hax,03,02
2024-06-27,3722,S12E09,029,0060,Hsx,02,01
2024-06-27,3723,S19E30,008,0170,Fai,17,07
2024-06-27,3724,S14E08,030,0050,Hsx,02,01
2024-06-27,3727,S18E46,352,0100,Cso,03,03
2024-06-27,3728,S27E42,356,0010,Bxo,02,02
2024-06-27,3729,S03E65,333,0060,Dso,05,04
2024-06-28,3719,S15W39,064,0140,Cso,04,03
2024-06-28,3720,S06W30,055,0090,Dao,08,06
2024-06-28,3721,N25W02,027,0090,Hax,03,02
2024-06-28,3722,S12W05,030,0060,Hsx,02,01
2024-06-28,3723,S19E21,006,0110,Dao,09,10
2024-06-28,3724,S14W04,029,0050,Hsx,02,01
2024-06-28,3727,S18E32,353,0110,Cso,05,07
2024-06-28,3728,S27E28,357,0030,Cao,03,04
2024-06-28,3729,S03E52,333,0110,Dai,10,07
2024-06-28,3730,S18E09,016,0030,Cso,05,05
2024-06-29,3719,S16W55,067,0240,Cso,04,03
2024-06-29,3720,S05W43,055,0080,Dao,08,05
2024-06-29,3721,N26W15,027,0110,Hax,03,03
2024-06-29,3722,S11W17,029,0090,Hsx,02,01
2024-06-29,3723,S20E07,005,0050,Cro,06,06
2024-06-29,3724,S14W17,029,0080,Hsx,02,01
2024-06-29,3727,S18E20,352,0230,Hsx,04,02
2024-06-29,3728,S27E17,355,0100,Dso,05,05
2024-06-29,3729,S04E42,330,0240,Eao,14,08
2024-06-29,3730,S18W05,017,0050,Cao,05,05
2024-06-29,3731,S16E49,323,0010,Axx,01,01
2024-06-29,3732,S19E14,358,0040,Hax,02,02
2024-06-30,3719,S16W69,068,0240,Cso,04,04
2024-06-30,3720,S05W56,055,0030,Cro,08,03
2024-06-30,3721,N26W28,027,0090,Hax,03,03
2024-06-30,3722,S11W30,029,0090,Hsx,02,01
2024-06-30,3723,S20W07,006,0020,Bxo,04,04
2024-06-30,3724,S15W30,029,0080,Hsx,02,01
2024-06-30,3727,S18E09,350,0220,Cso,05,06
2024-06-30,3728,S27E04,355,0080,Dao,05,07
2024-06-30,3729,S05E29,330,0220,Eao,14,10
2024-06-30,3730,S18W20,019,0020,Cro,04,04
2024-06-30,3731,S16E35,324,0010,Axx,01,01
2024-06-30,3732,S19E02,357,0040,Hax,02,02
2024-06-30,3733,N05E28,331,0030,Cao,05,05
2024-06-30,3734,N08E70,289,0060,Cao,07,03
2024-06-30,3735,N17E75,284,0020,Hsx,02,01
2024-07-01,3719,S16W81,067,0220,Cso,04,02
2024-07-01,3720,S05W67,053,0030,Bxo,04,03
2024-07-01,3721,N26W41,027,0060,Hax,02,03
2024-07-01,3722,S11W43,029,0080,Hsx,02,01
2024-07-01,3723,S20W21,007,0010,Bxo,01,02
2024-07-01,3724,S15W43,029,0060,Hsx,01,01
2024-07-01,3727,S19W02,348,0220,Cao,06,05
2024-07-01,3728,S27W09,355,0060,Dao,05,05
2024-07-01,3729,S04E14,332,0200,Eai,14,12
2024-07-01,3730,S18W33,019,0010,Axx,01,01
2024-07-01,3731,S16E21,325,0010,Axx,01,01
2024-07-01,3732,S19W11,357,0030,Cao,03,04
2024-07-01,3733,N05E14,332,0040,Dao,07,04
2024-07-01,3734,N08E59,287,0060,Dao,09,04
2024-07-01,3735,N17E62,284,0060,Hsx,02,01
2024-07-02,3719,S17W94,066,0090,Hax,02,01
2024-07-02,3721,N26W55,027,0060,Hax,02,02
2024-07-02,3722,S12W57,029,0070,Hsx,02,01
2024-07-02,3724,S16W56,028,0060,Hsx,02,01
2024-07-02,3727,S18W19,351,0130,Cao,06,07
2024-07-02,3728,S27W22,354,0030,Cao,05,03
2024-07-02,3729,S04W00,332,0240,Fsi,16,24
2024-07-02,3730,S17W47,019,0030,Dro,04,04
2024-07-02,3731,S15E07,325,0010,Axx,01,01
2024-07-02,3732,S18W25,357,0050,Dao,03,04
2024-07-02,3733,N05W00,332,0040,Dao,07,06
2024-07-02,3734,N09E42,290,0080,Eai,14,07
2024-07-02,3735,N17E47,285,0050,Hsx,02,01
2024-07-03,3721,N26W67,026,0020,Hax,02,02
2024-07-03,3722,S12W70,029,0060,Hsx,02,01
2024-07-03,3724,S16W70,029,0050,Hsx,02,01
2024-07-03,3727,S19W33,352,0130,Cao,05,05
2024-07-03,3728,S27W38,357,0020,Hrx,01,02
2024-07-03,3729,S05W12,331,0200,Eai,15,34
2024-07-03,3730,S18W58,017,0030,Cro,07,06
2024-07-03,3731,S15W07,326,0010,Axx,01,01
2024-07-03,3732,S20W40,359,0030,Cro,08,06
2024-07-03,3733,N04W14,333,0020,Cri,08,04
2024-07-03,3734,N08E31,288,0080,Cai,15,09
2024-07-03,3735,N17E34,285,0040,Hsx,01,01
2024-07-04,3722,S11W82,028,0040,Hsx,02,01
2024-07-04,3724,S15W83,029,0030,Hsx,02,01
2024-07-04,3727,S19W46,352,0120,Cao,05,04
2024-07-04,3729,S05W26,332,0240,Fai,17,35
2024-07-04,3730,S18W72,018,0010,Bxo,07,04
2024-07-04,3731,S16W20,326,0010,Axx,03,04
2024-07-04,3732,S20W54,360,0010,Dro,06,05
2024-07-04,3733,N05W29,335,0050,Dsi,06,08
2024-07-04,3734,N09E18,288,0060,Cao,15,07
2024-07-04,3735,N17E20,286,0040,Hsx,01,01
2024-07-04,3736,S18E65,240,0060,Cso,07,02
2024-07-05,3727,S18W58,351,0110,Hax,02,02
2024-07-05,3729,S05W40,333,0150,Fai,16,25
2024-07-05,3733,N05W41,334,0230,Dai,08,08
2024-07-05,3734,N09W04,297,0020,Hrx,02,02
2024-07-05,3735,N17E09,284,0030,Hsx,01,01
2024-07-05,3736,S18E54,239,0090,Dso,08,02
2024-07-05,3737,S14W76,009,0100,Dso,06,03
2024-07-06,3727,S18W69,348,0080,Hax,02,02
2024-07-06,3729,S04W52,331,0100,Eao,14,10
2024-07-06,3733,N03W55,334,0460,Dkc,09,08
2024-07-06,3734,N09W18,297,0020,Hrx,02,02
2024-07-06,3735,N16W04,283,0030,Hax,01,01
2024-07-06,3736,S19E42,237,0120,Dso,10,03
2024-07-06,3737,S13W88,007,0100,Dso,05,02
2024-07-06,3738,S08E70,209,0080,Dao,07,03
2024-07-07,3727,S18W85,351,0030,Hax,02,01
2024-07-07,3729,S05W72,338,0080,Hax,04,02
2024-07-07,3733,N05W68,334,0300,Dki,09,10
2024-07-07,3734,N09W31,297,0010,Axx,01,01
2024-07-07,3735,N17W17,283,0020,Hrx,01,01
2024-07-07,3736,S19E27,239,0120,Cso,10,05
2024-07-07,3738,S09E58,208,0290,Ekc,13,15
2024-07-07,3739,N03W17,283,0010,Bxo,02,03
2024-07-07,3740,S20W03,269,0010,Bxo,02,04
2024-07-08,3729,S05W84,337,0040,Cso,04,03
2024-07-08,3733,N05W81,334,0150,Dso,08,03
2024-07-08,3734,N09W45,298,0010,Axx,01,01
2024-07-08,3735,N17W31,284,0010,Axx,01,01
2024-07-08,3736,S19E16,237,0120,Cso,08,02
2024-07-08,3738,S09E44,209,0280,Ekc,13,15
2024-07-08,3739,N04W26,279,0010,Axx,01,01
2024-07-08,3740,S18W18,271,0020,Cro,03,02
2024-07-08,3741,N09E63,190,0010,Axx,01,01
2024-07-09,3734,N09W59,299,0010,Axx,01,01
2024-07-09,3736,S18W00,240,0110,Cso,06,03
2024-07-09,3738,S08E30,210,0330,Ekc,14,32
2024-07-09,3740,S17W32,272,0010,Bxo,02,03
2024-07-09,3741,N09E48,192,0010,Hrx,01,01
2024-07-10,3736,S19W14,240,0040,Hsx,03,03
2024-07-10,3738,S10E15,211,0320,Eki,14,50
2024-07-10,3739,N04W56,282,0010,Axx,01,01
2024-07-10,3740,S18W47,273,0010,Bxo,02,02
2024-07-10,3741,N09E33,193,0010,Axx,01,01
2024-07-10,3742,S24E56,172,0060,Cso,17,02
2024-07-10,3743,S09E62,164,0030,Cao,01,03
2024-07-10,3744,N16E76,150,0090,Hsx,02,01
2024-07-11,3736,S19W28,241,0040,Hsx,03,03
2024-07-11,3738,S10E01,212,0870,Fhc,17,83
2024-07-11,3739,N04W71,284,0010,Bxo,01,01
2024-07-11,3740,S18W61,274,0010,Axx,02,02
2024-07-11,3741,N09E19,194,0010,Axx,01,01
2024-07-11,3742,S24E42,171,0080,Eso,15,02
2024-07-11,3743,S09E48,165,0060,Dao,06,03
2024-07-11,3744,N15E65,148,0170,Cso,04,03
2024-07-11,3745,S17E58,155,0020,Cro,05,02
2024-07-12,3736,S20W41,241,0050,Hsx,04,02
2024-07-12,3738,S08W13,213,0940,Fkc,17,67
2024-07-12,3740,S18W75,275,0010,Bxo,02,02
2024-07-12,3742,S23E29,171,0010,Axx,02,01
2024-07-12,3743,S09E34,166,0140,Dai,08,13
2024-07-12,3744,N16E51,149,0160,Dao,10,06
2024-07-12,3745,S17E44,156,0020,Dro,09,03
2024-07-12,3746,N23W23,223,0010,Bxo,02,02
2024-07-12,3747,S24E44,156,0100,Hsx,04,02
2024-07-13,3736,S21W54,241,0020,Hax,01,01
2024-07-13,3738,S09W26,213,1100,Fki,17,50
2024-07-13,3742,S23E16,171,0010,Bxo,03,04
2024-07-13,3743,S09E24,163,0200,Dsi,09,12
2024-07-13,3744,N16E43,144,0180,Dso,06,07
2024-07-13,3745,S17E31,156,0020,Bxo,09,02
2024-07-13,3747,S25E32,155,0180,Hsx,03,02
2024-07-13,3748,N15E57,130,0030,Bxo,07,04
2024-07-14,3736,S20W69,242,0010,Axx,01,01
2024-07-14,3738,S09W40,213,1100,Fkc,19,52
2024-07-14,3742,S23E02,171,0010,Axx,01,01
2024-07-14,3743,S08E11,162,0220,Dai,10,23
2024-07-14,3744,N16E25,147,0160,Dso,08,08
2024-07-14,3745,S15E20,153,0020,Dro,07,03
2024-07-14,3747,S24E18,155,0180,Cso,04,02
2024-07-14,3748,N15E43,130,0010,Bxo,05,04
2024-07-14,3749,S32E66,106,0050,Cso,04,02
2024-07-14,3750,S20E65,108,0110,Cso,07,07
2024-07-14,3751,S07E75,098,0090,Hsx,02,01
2024-07-15,3736,S20W83,243,0010,Axx,01,01
2024-07-15,3738,S09W53,213,1140,Fkc,19,40
2024-07-15,3742,S23W12,171,0010,Axx,01,02
2024-07-15,3743,S08W05,164,0160,Dai,09,20
2024-07-15,3744,N15E13,146,0150,Dso,06,08
2024-07-15,3745,S15E03,156,0020,Dro,08,05
2024-07-15,3747,S25E04,155,0140,Hsx,04,01
2024-07-15,3748,N14E27,133,0010,Axx,01,02
2024-07-15,3749,S32E52,108,0050,Cso,05,03
2024-07-15,3750,S20E52,107,0100,Cso,08,06
2024-07-15,3751,S07E66,095,0230,Eai,11,07
2024-07-15,3752,N22E67,093,0030,Hax,02,02
2024-07-16,3738,S09W68,215,1010,Fkc,20,19
2024-07-16,3743,S08W17,164,0140,Dai,09,15
2024-07-16,3744,N16W01,148,0120,Cso,05,07
2024-07-16,3745,S18W11,158,0020,Cso,06,03
2024-07-16,3747,S25W07,154,0130,Hsx,02,02
2024-07-16,3748,N14E14,133,0010,Bxo,03,04
2024-07-16,3749,S32E35,112,0040,Cao,12,04
2024-07-16,3750,S20E38,109,0090,Cao,10,09
2024-07-16,3751,S08E54,093,0220,Dsi,10,10
2024-07-16,3752,N22E53,094,0030,Hsx,02,01
2024-07-16,3753,N12W22,169,0050,Dao,03,07
2024-07-16,3754,N23E69,078,0030,Cro,04,04
2024-07-17,3738,N09W83,217,0450,Fki,18,11
2024-07-17,3743,S11W30,164,0150,Eai,15,22
2024-07-17,3744,N16W16,150,0090,Cao,03,05
2024-07-17,3745,S19W23,157,0030,Dro,05,07
2024-07-17,3747,S26W20,154,0120,Hsx,02,02
2024-07-17,3748,N15E01,133,0020,Cro,04,06
2024-07-17,3749,S33E29,105,0020,Hrx,01,04
2024-07-17,3750,S20E27,107,0080,Dao,08,06
2024-07-17,3751,S08E41,093,0280,Ekc,11,12
2024-07-17,3752,N23E40,094,0030,Hsx,01,01
2024-07-17,3753,N12W36,170,0100,Dai,05,11
2024-07-17,3754,N24E53,081,0050,Eao,11,07
2024-07-17,3755,N03E61,073,0050,Dao,04,04
2024-07-17,3756,S18E68,066,0040,Hsx,02,01
2024-07-17,3757,N17E74,060,0030,Hsx,02,01
2024-07-18,3742,S16W53,174,0050,Dao,08,07
2024-07-18,3743,S09W43,164,0060,Dai,10,22
2024-07-18,3744,N16W30,151,0070,Cao,04,06
2024-07-18,3745,S20W37,158,0060,Dao,05,06
2024-07-18,3747,S25W34,155,0100,Hax,02,03
2024-07-18,3748,N15W13,134,0010,Axx,01,02
2024-07-18,3749,S33E17,104,0020,Hrx,03,02
2024-07-18,3750,S20E13,108,0040,Cao,09,07
2024-07-18,3751,S08E27,094,0340,Ekc,12,22
2024-07-18,3752,N23E26,095,0020,Hrx,01,01
2024-07-18,3753,N11W50,171,0050,Cai,09,10
2024-07-18,3754,N25E39,082,0050,Cao,07,04
2024-07-18,3755,N03E47,074,0100,Dao,08,06
2024-07-18,3756,S18E54,067,0100,Hsx,05,01
2024-07-18,3757,N18E60,061,0060,Hax,03,01
2024-07-18,3758,S07W37,156,0060,Cso,03,02
2024-07-18,3759,S05E03,116,0000,Bxo,02,03
2024-07-19,3742,S15W65,172,0030,Cro,03,03
2024-07-19,3743,S09W57,164,0040,Cro,05,06
2024-07-19,3744,N16W43,150,0040,Cai,03,05
2024-07-19,3745,S20W50,157,0070,Cao,06,06
2024-07-19,3747,S25W45,152,0110,Hax,03,02
2024-07-19,3748,N16W24,131,0010,Bxo,04,03
2024-07-19,3749,S33E04,103,0010,Axx,01,01
2024-07-19,3750,S19W01,108,0020,Cro,09,03
2024-07-19,3751,S08E14,093,0400,Ekc,11,28
2024-07-19,3752,N22E14,093,0010,Hrx,01,02
2024-07-19,3753,N15W62,169,0050,Cao,14,04
2024-07-19,3754,N25E30,077,0040,Cao,03,04
2024-07-19,3755,N02E35,072,0080,Cao,05,08
2024-07-19,3756,S17E40,067,0100,Hsx,03,01
2024-07-19,3757,N18E47,060,0040,Hsx,02,01
2024-07-19,3758,S08W50,157,0050,Cao,06,05
2024-07-19,3759,S06W10,117,0110,Dao,06,12
2024-07-19,3760,N20W05,112,0020,Cro,02,02
2024-07-20,3742,S16W80,173,0010,Axx,01,01
2024-07-20,3743,S11W72,165,0010,Bxo,03,02
2024-07-20,3744,N16W55,148,0020,Cro,02,04
2024-07-20,3745,S23W61,154,0020,Cro,05,06
2024-07-20,3747,S25W59,152,0060,Hax,01,02
2024-07-20,3748,N15W40,133,0010,Axx,01,02
2024-07-20,3750,S20W21,111,0010,Axx,01,01
2024-07-20,3751,S08E01,092,0410,Ekc,11,32
2024-07-20,3752,N22E01,092,0010,Hrx,01,01
2024-07-20,3753,N12W76,169,0080,Cao,02,04
2024-07-20,3754,N24E17,076,0010,Cro,02,03
2024-07-20,3755,N02E19,073,0050,Cao,05,08
2024-07-20,3756,S26E25,068,0090,Cso,01,02
2024-07-20,3757,N17E33,060,0020,Cso,02,03
2024-07-20,3758,S07W68,160,0010,Bxo,02,02
2024-07-20,3759,S07W23,116,0110,Dao,06,12
2024-07-20,3760,N18W17,110,0010,Axx,01,01
2024-07-20,3761,S10E13,079,0100,Dai,04,03
2024-07-21,3744,N15W70,151,0030,Cro,03,05
2024-07-21,3745,S23W75,156,0020,Cro,04,02
2024-07-21,3747,S25W74,155,0050,Hax,02,02
2024-07-21,3751,S09W15,096,0380,Ekc,13,28
2024-07-21,3752,N22W13,094,0010,Axx,01,01
2024-07-21,3754,N25E04,077,0010,Bxo,03,03
2024-07-21,3755,N02E06,075,0030,Cro,03,05
2024-07-21,3756,S18E13,068,0100,Hsx,02,01
2024-07-21,3757,N17E22,059,0040,Cao,05,05
2024-07-21,3759,S07W37,118,0230,Dao,08,12
2024-07-21,3760,N20W33,114,0010,Bxo,05,03
2024-07-21,3761,S10W01,082,0200,Dai,07,12
2024-07-21,3762,S14E64,017,0050,Cao,08,03
2024-07-22,3744,N15W83,149,0080,Dai,05,05
2024-07-22,3745,S23W89,155,0030,Cro,03,02
2024-07-22,3747,S25W86,152,0050,Hax,02,01
2024-07-22,3751,S08W28,094,0380,Ekc,13,28
2024-07-22,3754,N25W10,077,0010,Axx,02,01
2024-07-22,3755,N02W08,075,0030,Cso,04,03
2024-07-22,3756,S17W00,067,0100,Hsx,02,01
2024-07-22,3757,N17E08,058,0040,Cao,05,05
2024-07-22,3759,S06W50,117,0200,Dao,09,08
2024-07-22,3760,N20W46,112,0010,Axx,05,01
2024-07-22,3761,S10W15,081,0300,Dki,09,17
2024-07-22,3762,S13E51,015,0130,Dao,09,08
2024-07-23,3751,S08W42,095,0180,Eac,11,21
2024-07-23,3755,N04W22,075,0020,Cro,04,04
2024-07-23,3756,S17W14,067,0100,Hsx,02,01
2024-07-23,3757,N18W06,059,0040,Cao,06,05
2024-07-23,3759,S06W64,117,0120,Cso,11,08
2024-07-23,3760,N20W60,114,0010,Axx,02,02
2024-07-23,3761,S10W29,082,0330,Dki,09,16
2024-07-23,3762,S13E37,016,0170,Eai,14,14
2024-07-23,3763,N03E70,343,0080,Hsx,02,01
2024-07-23,3764,S03E76,338,0030,Hsx,01,01
2024-07-24,3751,S08W56,097,0150,Eso,11,08
2024-07-24,3755,N04W35,076,0015,Cro,05,03
2024-07-24,3756,S17W27,068,0090,Hsx,02,01
2024-07-24,3757,N17W19,060,0030,Hrx,04,02
2024-07-24,3759,S04W78,119,0110,Eao,11,01
2024-07-24,3761,S10W42,083,0300,Dki,09,23
2024-07-24,3762,S12E24,017,0220,Eai,13,25
2024-07-24,3763,N03E61,340,0110,Dso,05,02
2024-07-24,3764,S04E62,339,0030,Hax,01,01
2024-07-24,3765,S11E74,327,0120,Hsx,02,01
2024-07-25,3751,S08W70,098,0100,Dao,09,06
2024-07-25,3755,N02W49,077,0010,Axx,01,01
2024-07-25,3756,S17W41,069,0080,Hsx,02,01
2024-07-25,3757,N17W32,060,0010,Hrx,01,01
2024-07-25,3761,S10W56,084,0170,Dao,08,10
2024-07-25,3762,S12E10,018,0230,Eai,14,29
2024-07-25,3763,N03E48,340,0100,Cso,09,02
2024-07-25,3764,S03E48,340,0040,Hax,08,03
2024-07-25,3765,S12E59,329,0110,Hsx,02,01
2024-07-25,3766,S08E58,330,0030,Cro,05,06
2024-07-26,3751,S08W84,099,0050,Dao,05,02
2024-07-26,3755,N02W63,078,0010,Axx,01,01
2024-07-26,3756,S17W55,070,0060,Hsx,01,01
2024-07-26,3757,N16W46,061,0010,Hrx,01,01
2024-07-26,3761,S10W70,085,0090,Dao,08,04
2024-07-26,3762,S12W04,019,0230,Fac,16,35
2024-07-26,3763,N03E34,341,0100,Cso,08,02
2024-07-26,3764,S04E37,338,0050,Cso,07,04
2024-07-26,3765,S11E45,330,0060,Hsx,02,01
2024-07-26,3766,S08E51,324,0010,Bxo,05,05
2024-07-26,3767,S09E57,318,0060,Cao,04,05
2024-07-27,3756,S17W70,071,0060,Hsx,04,01
2024-07-27,3757,N18W61,062,0010,Axx,01,01
2024-07-27,3761,S09W86,086,0100,Dao,08,06
2024-07-27,3762,S12W20,020,0240,Fac,16,36
2024-07-27,3763,N03E24,342,0120,Cso,09,02
2024-07-27,3764,S04E23,339,0080,Hsx,02,01
2024-07-27,3765,S12E33,331,0120,Hsx,03,01
2024-07-27,3766,S07E28,326,0060,Cso,07,11
2024-07-27,3767,S10E47,319,0160,Dso,09,09
2024-07-27,3768,S16W00,121,0010,Axx,02,02
2024-07-27,3769,N22E78,283,0100,Hsx,04,01
2024-07-28,3756,S18W80,068,0080,Hsx,05,01
2024-07-28,3757,N18W74,062,0010,Axx,01,01
2024-07-28,3762,S12W30,018,0330,Fkc,18,31
2024-07-28,3763,N03E08,340,0160,Cso,08,03
2024-07-28,3764,S03E08,340,0090,Hsx,03,03
2024-07-28,3765,S12E20,328,0180,Dso,07,11
2024-07-28,3766,S07E19,329,0130,Dso,08,11
2024-07-28,3767,S10E30,318,0220,Dso,10,10
2024-07-28,3768,S17W16,004,0020,Bxo,05,06
2024-07-28,3769,N23E60,285,0100,Hsx,09,01
2024-07-29,3756,S17W92,067,0030,Hsx,03,01
2024-07-29,3762,S11W45,020,0440,Fkc,18,25
2024-07-29,3763,N02W06,341,0120,Cso,09,02
2024-07-29,3764,S03W06,341,0100,Cso,03,02
2024-07-29,3765,S11E07,328,0380,Dkc,07,15
2024-07-29,3766,S07E04,331,0150,Dac,08,13
2024-07-29,3767,S11E19,316,0200,Dsi,07,10
2024-07-29,3768,S16W29,004,0200,Dai,09,10
2024-07-29,3769,N23E49,286,0100,Hsx,04,01
2024-07-29,3770,N07E08,326,0200,Dai,08,10
2024-07-30,3762,S10W59,021,0230,Eac,11,16
2024-07-30,3763,N04W20,342,0110,Cso,08,02
2024-07-30,3764,S03W19,341,0070,Hsx,02,01
2024-07-30,3765,S11W07,329,0460,Dkc,08,19
2024-07-30,3766,S07W11,333,0200,Eai,11,23
2024-07-30,3767,S09E04,318,0140,Dai,07,15
2024-07-30,3768,S16W43,005,0180,Eai,12,18
2024-07-30,3769,N20E35,287,0080,Cso,03,01
2024-07-30,3770,N07W05,327,0240,Dai,07,15
2024-07-30,3771,N02W43,005,0010,Axx,01,01
2024-07-31,3762,S11W73,022,0180,Eac,11,08
2024-07-31,3763,N02W34,343,0070,Hsx,03,02
2024-07-31,3764,S03W33,342,0080,Dso,02,04
2024-07-31,3765,S11W21,330,0480,Dkc,08,29
2024-07-31,3766,S07W25,334,0230,Eai,12,26
2024-07-31,3767,S09W10,319,0120,Cao,07,15
2024-07-31,3768,S16W57,006,0200,Eac,13,20
2024-07-31,3769,N22E22,287,0080,Hsx,03,03
2024-07-31,3770,N07W19,328,0260,Dho,08,12
2024-07-31,3771,N01W58,007,0010,Axx,03,05
2024-07-31,3772,S25E59,250,0170,Dai,09,09
2024-07-31,3773,S06W43,352,0030,Cro,03,08
2024-08-01,3762,S11W87,022,0180,Dac,10,07
2024-08-01,3763,N05W49,344,0060,Hsx,03,01
2024-08-01,3764,S03W47,342,0070,Cso,02,03
2024-08-01,3765,S11W33,328,0450,Ekc,11,28
2024-08-01,3766,S07W40,335,0220,Eai,13,26
2024-08-01,3767,S09W24,319,0130,Dai,06,15
2024-08-01,3768,S16W71,006,0450,Fkc,16,22
2024-08-01,3769,N22E10,285,0080,Hsx,02,01
2024-08-01,3770,N07W30,325,0340,Dho,08,12
2024-08-01,3772,S25E48,247,0240,Eai,12,12
2024-08-01,3773,S06W58,353,0030,Cro,03,08
2024-08-01,3774,S06E70,225,0250,Eki,12,02
2024-08-01,3775,N17E60,234,0040,Cso,04,04
2024-08-02,3763,N05W64,346,0060,Hsx,03,01
2024-08-02,3764,S03W62,344,0070,Cso,02,03
2024-08-02,3765,S11W47,329,0450,Ekc,11,28
2024-08-02,3766,S07W55,337,0180,Eai,13,21
2024-08-02,3767,S09W38,320,0130,Dai,06,15
2024-08-02,3768,S16W85,007,0500,Fkc,16,24
2024-08-02,3769,N22W04,286,0080,Hsx,02,01
2024-08-02,3770,N07W45,327,0310,Dho,08,12
2024-08-02,3772,S25E34,248,0240,Eac,12,12
2024-08-02,3773,S06W73,355,0020,Bxo,03,03
2024-08-02,3774,S06E55,227,0250,Eki,12,02
2024-08-02,3775,N17E46,236,0040,Cso,04,04
2024-08-02,3776,N10E34,247,0030,Cro,05,04
2024-08-03,3763,N05W79,348,0060,Hsx,03,01
2024-08-03,3764,S03W77,346,0070,Cso,02,03
2024-08-03,3765,S11W61,330,0450,Ekc,11,28
2024-08-03,3766,S07W70,339,0140,Eai,13,16
2024-08-03,3767,S09W52,321,0130,Dai,06,15
2024-08-03,3769,N22W18,287,0080,Hsx,02,01
2024-08-03,3770,N07W60,329,0270,Dho,08,10
2024-08-03,3772,S25E20,249,0350,Ekc,13,12
2024-08-03,3774,S06E40,229,0250,Eki,12,02
2024-08-03,3775,N17E32,237,0040,Dac,06,06
2024-08-03,3776,N10E20,249,0030,Cro,07,04
2024-08-03,3777,S09E61,207,0010,Axx,01,01
2024-08-03,3778,S18W49,317,0010,Bxo,04,03
2024-08-04,3763,N05W91,347,0060,Hsx,02,01
2024-08-04,3764,S03W90,346,0040,Hsx,02,01
2024-08-04,3765,S11W76,332,0140,Dai,06,07
2024-08-04,3766,S07W83,339,0160,Eai,11,07
2024-08-04,3767,S09W65,321,0200,Dai,05,13
2024-08-04,3769,N22W29,285,0100,Hsx,02,01
2024-08-04,3770,N07W75,331,0260,Dho,08,05
2024-08-04,3772,S25E06,250,0380,Ekc,14,23
2024-08-04,3774,S05E27,229,0350,Ekc,11,19
2024-08-04,3775,N17E18,238,0120,Dai,08,12
2024-08-04,3776,N10E06,250,0010,Axx,01,01
2024-08-04,3777,S09E48,208,0020,Cso,05,07
2024-08-05,3765,S13W92,334,0060,Hsx,09,01
2024-08-05,3767,S09W78,320,0080,Hsx,02,01
2024-08-05,3769,N23W42,284,0110,Hsx,02,03
2024-08-05,3770,N08W86,328,0130,Cso,13,02
2024-08-05,3772,S25W07,249,0420,Ekc,14,21
2024-08-05,3774,S10E14,228,0370,Ekc,14,31
2024-08-05,3775,N18E05,237,0120,Dai,08,10
2024-08-05,3777,S10E35,207,0070,Cao,10,02
2024-08-05,3779,S01E24,218,0070,Dao,02,04
2024-08-05,3780,S10E71,171,0190,Dai,05,07
2024-08-06,3769,N23W55,284,0130,Hsx,03,01
2024-08-06,3772,S25W20,249,0330,Eki,14,17
2024-08-06,3774,S07E03,226,0400,Ekc,14,28
2024-08-06,3775,N18W07,236,0060,Dai,09,15
2024-08-06,3777,S09E21,208,0130,Dao,10,10
2024-08-06,3779,S15E10,219,0060,Dao,04,03
2024-08-06,3780,S13E58,171,0930,Fkc,22,33
2024-08-06,3781,N13E67,162,0160,Dso,06,02
2024-08-07,3769,N23W69,285,0100,Hsx,02,01
2024-08-07,3772,S25W34,250,0320,Eko,14,12
2024-08-07,3774,S07W10,226,0440,Ekc,14,46
2024-08-07,3775,N18W21,237,0040,Cso,09,06
2024-08-07,3777,S09E07,209,0210,Eai,11,20
2024-08-07,3779,S15W04,220,0030,Cro,04,08
2024-08-07,3780,S13E44,172,1220,Fkc,22,44
2024-08-07,3781,N13E53,163,0160,Dao,04,05
2024-08-08,3769,N23W83,286,0090,Hsx,02,02
2024-08-08,3772,S25W45,248,0260,Eko,14,08
2024-08-08,3774,S07W24,227,0420,Ekc,13,39
2024-08-08,3775,N18W34,236,0040,Cso,09,08
2024-08-08,3777,S09W06,209,0310,Eki,11,17
2024-08-08,3779,S13W21,223,0005,Axx,02,01
2024-08-08,3780,S09E27,175,1110,Fkc,23,67
2024-08-08,3781,N13E36,166,0140,Dso,07,07
2024-08-08,3782,N02E65,136,0100,Eao,12,03
2024-08-09,3772,S25W58,248,0310,Cko,15,13
2024-08-09,3774,S07W38,228,0400,Ekc,12,47
2024-08-09,3775,N17W48,238,0070,Csi,04,10
2024-08-09,3777,S09W19,209,0400,Ekc,14,45
2024-08-09,3780,S12E17,172,1250,Fkc,26,103
2024-08-09,3781,N14E26,164,0160,Dsc,06,05
2024-08-09,3782,N03E57,133,0260,Eki,14,12
2024-08-09,3783,N09E17,173,0080,Dai,05,11
2024-08-10,3772,S25W72,248,0230,Hsx,15,08
2024-08-10,3774,S07W53,229,0260,Eki,12,51
2024-08-10,3775,N17W62,238,0030,Cao,03,04
2024-08-10,3777,S09W33,209,0460,Ekc,14,56
2024-08-10,3780,S12E03,173,1280,Fkc,26,128
2024-08-10,3781,N14E12,164,0220,Dso,06,14
2024-08-10,3782,N03E42,134,0220,Eai,11,11
2024-08-10,3783,N09E03,173,0110,Dai,06,15
2024-08-10,3784,N15E61,115,0450,Cko,04,05
2024-08-11,3772,S24W90,253,0100,Hsx,04,01
2024-08-11,3774,S76W64,227,0170,Dai,10,24
2024-08-11,3775,N18W72,235,0010,Axx,01,01
2024-08-11,3777,S08W47,210,0320,Fkc,14,26
2024-08-11,3780,S10W09,172,1200,Fkc,26,64
2024-08-11,3781,N14W01,164,0160,Cso,05,04
2024-08-11,3782,N03E28,135,0190,Eai,15,14
2024-08-11,3783,N10W10,173,0020,Cro,06,04
2024-08-11,3784,N15E48,115,0460,Cki,04,06
2024-08-12,3774,S06W76,226,0140,Cao,10,08
2024-08-12,3777,S10W60,210,0300,Ekc,11,15
2024-08-12,3780,S11W20,170,1100,Fki,25,20
2024-08-12,3781,N14W13,163,0150,Cso,06,04
2024-08-12,3782,N02E16,134,0100,Cao,10,10
2024-08-12,3783,N10W23,173,0020,Cro,06,03
2024-08-12,3784,N15E35,115,0460,Dki,04,05
2024-08-12,3785,S11E49,101,0030,Cao,05,05
2024-08-12,3786,S23E01,149,0030,Cao,05,04
2024-08-12,3787,N16W00,150,0030,Cao,02,03
2024-08-12,3788,S06E64,086,0140,Cao,03,07
2024-08-13,3774,S06W88,225,0090,Cao,05,07
2024-08-13,3777,S10W74,211,0270,Dkc,09,14
2024-08-13,3780,S10W34,171,1100,Fki,25,40
2024-08-13,3781,N15W28,165,0130,Hsx,03,02
2024-08-13,3782,N03E02,135,0080,Cao,09,12
2024-08-13,3783,N11W37,174,0010,Bxo,05,02
2024-08-13,3784,N15E21,116,0510,Dkc,09,25
2024-08-13,3785,S12E34,103,0010,Bxo,04,06
2024-08-13,3786,S22W13,150,0060,Cai,07,12
2024-08-13,3787,N18W14,151,0040,Dao,03,03
2024-08-13,3788,S07E50,086,0150,Dao,05,12
2024-08-14,3777,S09W86,209,0250,Dkc,10,06
2024-08-14,3780,S08W49,172,1170,Fkc,22,30
2024-08-14,3781,N15W44,167,0120,Cso,04,03
2024-08-14,3782,N04W14,137,0040,Cao,05,06
2024-08-14,3783,N11W53,176,0010,Axx,01,01
2024-08-14,3784,N15E07,116,0540,Dkc,08,23
2024-08-14,3785,S12E20,103,0020,Bxi,04,08
2024-08-14,3786,S22W28,151,0090,Dso,09,09
2024-08-14,3787,N17W29,152,0010,Bxo,05,02
2024-08-14,3788,S08E36,087,0160,Dao,08,11
2024-08-15,3777,S09W99,209,0250,Dkc,01,01
2024-08-15,3780,S08W63,173,0930,Fkc,20,26
2024-08-15,3781,N15W56,166,0090,Hsx,02,01
2024-08-15,3782,N03W27,137,0030,Cao,07,04
2024-08-15,3783,N12W67,177,0010,Axx,01,01
2024-08-15,3784,N14W05,115,0700,Dkc,09,30
2024-08-15,3785,S11E07,103,0020,Bxi,06,12
2024-08-15,3786,S22W41,151,0080,Cao,08,09
2024-08-15,3788,S08E21,089,0130,Dso,08,07
2024-08-15,3789,N25E26,084,0010,Bxo,04,03
2024-08-16,3780,S09W74,171,0410,Fki,19,15
2024-08-16,3781,N15W69,166,0070,Hsx,02,01
2024-08-16,3782,N03W44,140,0020,Hax,02,02
2024-08-16,3783,N11W82,179,0010,Axx,01,01
2024-08-16,3784,N15W19,116,0680,Ekc,11,23
2024-08-16,3785,S12W06,103,0010,Bxo,11,10
2024-08-16,3786,S22W54,151,0080,Dsi,10,13
2024-08-16,3788,S07E09,089,0100,Cso,09,04
2024-08-16,3790,S14E72,025,0040,Cso,04,05
2024-08-17,3780,S08W87,170,0170,Cso,10,03
2024-08-17,3781,N15W82,166,0050,Hsx,02,01
2024-08-17,3782,N04W57,141,0010,Axx,01,01
2024-08-17,3784,N15W34,118,0600,Ekc,11,17
2024-08-17,3785,S12W19,103,0030,Cao,08,10
2024-08-17,3786,S22W67,151,0060,Cso,10,06
2024-08-17,3788,S08W04,088,0120,Cso,07,03
2024-08-17,3789,N26W01,085,0020,Cao,05,07
2024-08-17,3790,S13E59,025,0070,Dsi,08,06
2024-08-17,3791,S20E47,037,0020,Cao,03,04
2024-08-17,3792,S17E75,009,0070,Hsx,02,01
2024-08-18,3784,N15W47,118,0680,Dkc,08,16
2024-08-18,3785,S13W34,105,0090,Eai,11,17
2024-08-18,3786,S22W83,154,0090,Hsx,04,01
2024-08-18,3788,S08W18,089,0130,Cso,06,03
2024-08-18,3789,N27W15,086,0050,Dai,07,12
2024-08-18,3790,S13E46,025,0120,Dsi,09,12
2024-08-18,3791,S18E34,037,0010,Bxo,02,03
2024-08-18,3792,S16E60,011,0220,Hsx,05,01
2024-08-18,3793,N22E47,024,0040,Dso,03,04
2024-08-18,3794,N19E33,038,0010,Hax,01,01
2024-08-19,3784,N16W60,117,0650,Dkc,10,14
2024-08-19,3785,S15W50,107,0100,Dai,10,13
2024-08-19,3788,S08W32,089,0100,Hsx,02,01
2024-08-19,3789,N27W27,084,0050,Cai,06,07
2024-08-19,3790,S12E33,024,0280,Dkc,10,13
2024-08-19,3792,S16E47,010,0260,Hhx,04,01
2024-08-19,3793,N22E34,023,0080,Dao,05,06
2024-08-19,3794,N18E17,040,0060,Cao,06,08
2024-08-19,3795,N04E69,348,0010,Axx,01,01
2024-08-19,3796,S05E72,345,0050,Cao,04,06
2024-08-20,3784,N16W72,116,0650,Dkc,10,14
2024-08-20,3785,S14W63,107,0080,Cai,09,10
2024-08-20,3788,S08W48,092,0090,Hsx,02,01
2024-08-20,3789,N27W41,085,0040,Cai,06,10
2024-08-20,3790,S12E19,025,0400,Dkc,10,20
2024-08-20,3792,S17E33,011,0350,Cho,05,01
2024-08-20,3793,N22E20,024,0180,Dao,05,08
2024-08-20,3794,N18E03,041,0180,Dao,08,16
2024-08-20,3796,S03E55,349,0180,Dac,08,14
2024-08-20,3797,S05W26,070,0040,Dai,04,08
2024-08-20,3798,N06E74,330,0050,Hsx,04,01
2024-08-21,3784,N16W84,115,0310,Dkc,06,05
2024-08-21,3785,S13W75,106,0080,Cao,05,06
2024-08-21,3788,S08W62,093,0090,Hsx,02,01
2024-08-21,3789,N26W51,082,0120,Cai,05,09
2024-08-21,3790,S13E04,027,0400,Dkc,10,25
2024-08-21,3792,S17E20,011,0400,Cko,05,02
2024-08-21,3793,N22E09,022,0050,Dao,05,08
2024-08-21,3794,N17W09,040,0240,Dai,08,15
2024-08-21,3796,S04E41,350,0240,Dac,06,14
2024-08-21,3797,S04W41,072,0030,Dao,05,04
2024-08-21,3798,N06E59,332,0050,Hsx,04,01
2024-08-22,3785,S12W89,107,0010,Bxo,03,02
2024-08-22,3788,S08W75,093,0040,Hsx,02,01
2024-08-22,3789,N27W68,086,0060,Cao,05,04
2024-08-22,3790,S11W08,026,0500,Dkc,10,18
2024-08-22,3792,S18E07,011,0400,Cko,05,01
2024-08-22,3793,N22W07,024,0010,Bxo,03,02
2024-08-22,3794,N18W25,043,0180,Dai,09,05
2024-08-22,3796,S03E26,352,0350,Dkc,08,16
2024-08-22,3797,S04W55,073,0010,Bxo,04,02
2024-08-22,3798,N06E48,330,0060,Hsx,02,01
2024-08-22,3799,S09E59,319,0110,Cso,08,14
2024-08-23,3788,S08W86,090,0050,Hsx,02,01
2024-08-23,3790,S12W21,025,0470,Dkc,10,20
2024-08-23,3792,S17W06,010,0400,Cko,05,04
2024-08-23,3793,N22W18,022,0010,Bxo,02,03
2024-08-23,3794,N18W36,040,0150,Dao,09,10
2024-08-23,3796,S02E12,352,0340,Dki,10,24
2024-08-23,3798,N06E34,330,0050,Hsx,01,01
2024-08-23,3799,S09E48,316,0130,Cao,09,07
2024-08-23,3800,S27E31,333,0030,Cao,04,03
2024-08-23,3801,N07E62,301,0060,Cso,03,02
2024-08-24,3790,S11W35,026,0370,Dkc,10,17
2024-08-24,3792,S18W21,012,0260,Cko,04,04
2024-08-24,3793,N22W32,023,0010,Axx,02,03
2024-08-24,3794,N19W49,040,0170,Cao,08,09
2024-08-24,3796,S03W03,353,0380,Dki,10,28
2024-08-24,3798,N06E21,330,0040,Hsx,01,01
2024-08-24,3799,S10E35,316,0280,Dki,07,13
2024-08-24,3800,S28E17,334,0080,Cao,08,11
2024-08-24,3801,N07E51,300,0140,Cso,05,04
2024-08-25,3790,S11W48,026,0430,Dkc,09,13
2024-08-25,3792,S17W32,010,0310,Cko,03,04
2024-08-25,3793,N23W46,023,0010,Axx,01,01
2024-08-25,3794,N18W65,043,0130,Cao,06,05
2024-08-25,3796,S04W14,352,0280,Dki,10,18
2024-08-25,3798,N06E08,330,0030,Hsx,01,01
2024-08-25,3799,S10E22,316,0400,Dki,10,18
2024-08-25,3800,S28E05,333,0080,Eai,13,16
2024-08-25,3801,N07E39,299,0110,Cso,04,06
2024-08-26,3790,S11W60,025,0370,Dkc,09,10
2024-08-26,3792,S17W45,010,0310,Hhx,03,02
2024-08-26,3793,N22W58,023,0010,Bxo,02,04
2024-08-26,3794,N18W78,043,0110,Cao,04,03
2024-08-26,3796,S04W26,351,0200,Dso,09,12
2024-08-26,3798,N06W04,329,0040,Hsx,01,01
2024-08-26,3799,S10E10,315,0350,Dki,10,14
2024-08-26,3800,S27W06,331,0160,Eai,13,24
2024-08-26,3801,N08E27,298,0080,Cso,03,05
2024-08-26,3802,N13W34,359,0010,Bxo,04,03
2024-08-27,3790,S13W74,026,0350,Dkc,09,12
2024-08-27,3792,S17W59,011,0310,Hhx,03,03
2024-08-27,3794,N19W92,044,0030,Cao,03,02
2024-08-27,3796,S04W40,352,0280,Dki,10,18
2024-08-27,3798,N06W18,330,0040,Hsx,01,01
2024-08-27,3799,S10W04,316,0360,Eki,11,17
2024-08-27,3800,S27W20,332,0360,Eki,14,20
2024-08-27,3801,N08E13,299,0130,Dso,10,11
2024-08-27,3802,N13W49,001,0010,Bxo,04,03
2024-08-27,3803,N12E69,243,0050,Dao,04,04
2024-08-27,3804,S25E63,249,0030,Hsx,01,01
2024-08-28,3790,S13W88,026,0280,Dki,07,12
2024-08-28,3792,S17W73,011,0320,Hhx,03,02
2024-08-28,3796,S04W53,351,0240,Dsi,09,14
2024-08-28,3798,N06W32,330,0030,Hsx,01,01
2024-08-28,3799,S10W18,316,0350,Eki,11,11
2024-08-28,3800,S27W34,332,0420,Ehi,12,15
2024-08-28,3801,N09W01,299,0120,Cso,04,05
2024-08-28,3802,N13W63,001,0010,Bxo,03,02
2024-08-28,3803,N12E57,241,0060,Dao,04,07
2024-08-28,3804,S25E49,249,0040,Hsx,02,01
2024-08-29,3792,S18W87,012,0280,Hhx,04,02
2024-08-29,3796,S04W68,353,0140,Dsi,09,09
2024-08-29,3798,N06W46,331,0020,Hsx,01,01
2024-08-29,3799,S11W30,315,0320,Cko,11,11
2024-08-29,3800,S27W46,331,0410,Ehi,12,13
2024-08-29,3801,N08W16,301,0120,Cso,04,03
2024-08-29,3802,N13W79,004,0010,Axx,01,01
2024-08-29,3803,N13E44,241,0070,Dao,05,08
2024-08-29,3804,S25E36,249,0040,Hsx,01,01
2024-08-29,3805,N08E35,250,0010,Axx,01,01
2024-08-29,3806,S10E68,217,0100,Dao,05,03
2024-08-30,3796,S04W81,353,0030,Cso,07,03
2024-08-30,3798,N04W59,331,0040,Hsx,02,01
2024-08-30,3799,S11W42,314,0320,Cko,06,05
2024-08-30,3800,S27W58,330,0450,Fki,16,13
2024-08-30,3801,N08W24,296,0120,Cso,09,06
2024-08-30,3803,N14E30,242,0090,Cso,07,07
2024-08-30,3804,S25E24,248,0100,Hsx,03,01
2024-08-30,3806,S10E56,216,0380,Dkc,07,08
2024-08-31,3798,N04W73,332,0010,Axx,01,01
2024-08-31,3799,S11W56,315,0270,Cko,06,04
2024-08-31,3800,S28W74,333,0260,Fko,16,04
2024-08-31,3801,N07W39,298,0100,Cao,04,04
2024-08-31,3803,N13E18,241,0010,Axx,01,01
2024-08-31,3804,S26E11,248,0050,Hsx,03,01
2024-08-31,3806,S11E40,219,0450,Fkc,24,11
2024-08-31,3807,S18W04,263,0070,Dsi,06,10
2024-08-31,3808,S08E60,199,0060,Dao,04,04
2024-09-01,3799,S11W73,319,0280,Cko,04,05
2024-09-01,3800,S28W88,334,0220,Eso,15,03
2024-09-01,3801,N08W55,301,0040,Cao,03,04
2024-09-01,3803,N14E06,240,0040,Cao,04,05
2024-09-01,3804,S24W02,248,0050,Hsx,03,01
2024-09-01,3806,S11E34,212,0480,Ekc,13,25
2024-09-01,3807,S16W18,264,0320,Eki,11,20
2024-09-01,3808,S09E44,202,0060,Cao,06,02
2024-09-01,3809,S20E39,207,0020,Hsx,02,01
2024-09-01,3810,N16E35,210,0010,Bxo,03,03
2024-09-01,3811,S09E73,173,0120,Hsx,05,01
2024-09-02,3799,S11W86,318,0220,Hsx,04,01
2024-09-02,3801,N08W68,300,0030,Bxo,03,02
2024-09-02,3803,N14W08,240,0020,Bxo,04,04
2024-09-02,3804,S24W14,246,0020,Hsx,02,01
2024-09-02,3806,S11E20,212,0380,Ekc,12,22
2024-09-02,3807,S16W31,263,0550,Eki,12,15
2024-09-02,3808,S10E31,201,0090,Cao,07,03
2024-09-02,3809,S21E26,206,0010,Axx,01,01
2024-09-02,3810,N16E24,208,0020,Bxo,03,03
2024-09-02,3811,S10E56,176,0220,Cso,08,04
2024-09-03,3801,N09W83,302,0010,Axx,01,01
2024-09-03,3803,N15W23,242,0010,Axx,01,01
2024-09-03,3804,S24W28,247,0010,Axx,01,01
2024-09-03,3806,S11E06,213,0330,Ekc,12,48
2024-09-03,3807,S16W45,264,0580,Eki,12,26
2024-09-03,3808,S11E16,203,0080,Cso,08,04
2024-09-03,3810,N16E10,209,0010,Bxo,03,03
2024-09-03,3811,S10E42,177,0220,Cso,08,06
2024-09-03,3812,N14E32,186,0010,Bxo,02,02
2024-09-03,3813,S22E58,160,0240,Dac,10,08
2024-09-04,3803,N16W37,242,0010,Axx,01,01
2024-09-04,3806,S10W09,214,0240,Eai,11,24
2024-09-04,3807,S15W57,262,0510,Ekc,15,14
2024-09-04,3808,S08E02,203,0060,Cso,04,04
2024-09-04,3810,N16W04,209,0010,Axx,01,01
2024-09-04,3811,S10E28,177,0220,Cao,05,06
2024-09-04,3813,S22E44,161,0270,Ekc,11,13
2024-09-05,3806,S12W23,216,0250,Ekc,11,34
2024-09-05,3807,S15W72,265,0340,Eki,15,11
2024-09-05,3808,S10W13,206,0080,Cso,05,10
2024-09-05,3811,S11E18,175,0290,Dki,04,11
2024-09-05,3813,S23E35,158,0350,Ekc,12,24
2024-09-05,3814,N16E75,117,0180,Hax,02,01
2024-09-06,3806,S12W37,217,0280,Ekc,11,39
2024-09-06,3807,S15W86,266,0330,Eki,15,10
2024-09-06,3808,S10W27,207,0090,Dsi,05,10
2024-09-06,3811,S11E04,176,0240,Dsi,10,12
2024-09-06,3813,S23E21,159,0370,Fkc,25,35
2024-09-06,3814,N16E61,119,0180,Hsx,03,01
2024-09-07,3806,S11W53,219,0170,Dai,08,20
2024-09-07,3808,S10W44,210,0090,Dao,03,08
2024-09-07,3811,S09W13,179,0290,Ehi,11,21
2024-09-07,3813,S24E17,149,0490,Fki,22,34
2024-09-07,3814,N13E52,114,0190,Cao,03,01
2024-09-07,3815,S30E23,143,0040,Eko,12,31
2024-09-07,3816,S11E20,146,0010,Bxo,02,03
2024-09-08,3806,S08W67,220,0090,Dsi,08,10
2024-09-08,3808,S09W58,211,0060,Cao,03,04
2024-09-08,3811,S10W22,175,0250,Cho,06,09
2024-09-08,3813,S25E03,150,0430,Fki,26,20
2024-09-08,3814,N15E38,115,0240,Cso,03,05
2024-09-08,3815,S28E15,138,0200,Eso,16,16
2024-09-08,3816,S12E04,149,0005,Axx,01,01
2024-09-08,3817,S14E37,116,0005,Axx,01,01
2024-09-08,3818,S13W34,187,0020,Cao,05,03
2024-09-08,3819,S12E41,112,0040,Cao,06,10
2024-09-09,3806,S08W81,221,0090,Cso,08,10
2024-09-09,3808,S09W72,212,0060,Cao,03,04
2024-09-09,3811,S10W36,176,0240,Dso,06,09
2024-09-09,3813,S22W11,151,0220,Esi,11,10
2024-09-09,3814,N15E24,116,0230,Dso,05,10
2024-09-09,3815,S27E01,139,0170,Cso,07,05
2024-09-09,3816,S12W10,150,0005,Cro,01,01
2024-09-09,3818,S12W49,189,0020,Cro,02,03
2024-09-09,3819,S30E06,134,0010,Csi,03,08
2024-09-09,3820,S22W10,150,0020,Hsx,01,01
2024-09-09,3821,N14W37,177,0030,Cso,04,05
2024-09-10,3806,S11W95,221,0070,Cai,05,05
2024-09-10,3811,S11W50,176,0230,Dsi,08,19
2024-09-10,3813,S22W25,151,0130,Dsi,09,12
2024-09-10,3814,N16E10,116,0250,Eho,13,12
2024-09-10,3815,S27W13,139,0140,Hsx,03,02
2024-09-10,3816,S11W24,150,0060,Cao,09,12
2024-09-10,3818,S13W63,189,0005,Bxo,03,02
2024-09-10,3819,S27W08,134,0020,Bxi,12,17
2024-09-10,3820,S19W24,150,0020,Hsx,07,04
2024-09-10,3821,N13W51,177,0040,Dso,04,06
2024-09-10,3822,N14E23,104,0060,Dao,03,12
2024-09-11,3811,S12W64,178,0240,Dsi,08,08
2024-09-11,3813,S22W39,152,0090,Cao,09,03
2024-09-11,3814,N16W02,117,0270,Dki,08,15
2024-09-11,3815,S26W27,140,0130,Hsx,02,01
2024-09-11,3816,S10W38,151,0100,Dso,08,08
2024-09-11,3819,S27W22,135,0010,Axx,01,01
2024-09-11,3820,S18W38,151,0010,Hax,01,01
2024-09-11,3821,N14W65,178,0060,Dsi,04,05
2024-09-11,3822,N14E09,104,0100,Dai,05,15
2024-09-12,3811,S13W78,178,0160,Dso,06,05
2024-09-12,3813,S24W53,153,0070,Cso,03,05
2024-09-12,3814,N15W16,116,0300,Dhi,07,13
2024-09-12,3815,S26W41,141,0130,Hsx,02,01
2024-09-12,3816,S10W52,152,0060,Cso,06,05
2024-09-12,3819,S27W36,136,0010,Axx,01,01
2024-09-12,3820,S21W52,152,0010,Axx,01,01
2024-09-12,3822,N14W05,105,0120,Dac,06,20
2024-09-12,3823,S19W65,165,0150,Dai,06,13
2024-09-12,3824,S04E30,070,0140,Dai,06,15
2024-09-13,3811,S13W92,179,0150,Dsi,05,07
2024-09-13,3813,S25W66,153,0020,Hax,02,03
2024-09-13,3814,N16W29,116,0280,Dhi,07,13
2024-09-13,3815,S26W55,142,0140,Hsx,02,01
2024-09-13,3816,S10W62,149,0070,Cso,05,03
2024-09-13,3820,S21W62,149,0010,Axx,03,04
2024-09-13,3822,N14W17,104,0130,Dai,06,13
2024-09-13,3823,S19W79,166,0050,Cro,06,06
2024-09-13,3824,S04E16,071,0170,Dai,08,20
2024-09-14,3813,S24W80,154,0030,Hax,01,01
2024-09-14,3814,N16W43,117,0110,Cso,07,06
2024-09-14,3815,S25W69,143,0040,Hsx,02,01
2024-09-14,3816,S08W76,150,0010,Axx,01,01
2024-09-14,3822,N14W31,105,0140,Dai,07,13
2024-09-14,3824,S05E01,073,0110,Dsi,10,13
2024-09-14,3825,S18E63,011,0240,Dac,06,06
2024-09-15,3814,N16W56,117,0180,Hsx,03,03
2024-09-15,3815,S24W83,144,0120,Hsx,02,01
2024-09-15,3816,S08W90,151,0010,Axx,01,01
2024-09-15,3822,N15W45,106,0030,Dai,04,09
2024-09-15,3824,S05W13,074,0120,Cai,10,19
2024-09-15,3825,S18E48,013,0240,Dac,06,23
2024-09-15,3826,S28W17,078,0050,Dsi,04,10
2024-09-16,3814,N16W70,118,0090,Cso,03,02
2024-09-16,3822,N14W56,104,0010,Cro,02,02
2024-09-16,3824,S04W26,073,0040,Csi,11,02
2024-09-16,3825,S15E35,013,0140,Eai,12,10
2024-09-16,3826,S28W31,079,0010,Dri,04,02
2024-09-17,3814,N17W84,118,0130,Hsx,01,02
2024-09-17,3822,N15W71,104,0030,Cro,02,01
2024-09-17,3824,S04W40,073,0070,Csi,12,13
2024-09-17,3825,S16E20,013,0180,Eai,12,13
2024-09-17,3826,S26W44,077,0010,Bxo,04,02
2024-09-17,3827,S28E65,031,0120,Hsx,03,01
2024-09-17,3828,S13E75,041,0120,Hhx,03,01
2024-09-18,3822,N14W85,106,0010,Bxo,02,02
2024-09-18,3824,S04W54,075,0100,Eai,13,25
2024-09-18,3825,S15E06,015,0180,Ekc,12,35
2024-09-18,3826,S26W58,079,0010,Axx,01,01
2024-09-18,3827,S27E51,030,0120,Hhx,03,01
2024-09-18,3828,S13E61,040,0120,Hhx,03,01
2024-09-18,3829,N11W59,080,0050,Cro,05,05
2024-09-19,3824,S04W69,076,0100,Eai,13,12
2024-09-19,3825,S15W07,014,0200,Ehi,13,25
2024-09-19,3827,S26E33,334,0100,Cko,04,03
2024-09-19,3828,S13E47,039,0140,Cho,04,01
2024-09-19,3829,N11W73,081,0030,Bxo,05,04
2024-09-19,3830,N12W68,078,0010,Axx,01,01
2024-09-20,3824,S04W83,078,0080,Eao,13,10
2024-09-20,3825,S16W21,015,0130,Esi,13,13
2024-09-20,3827,S27E19,336,0110,Cao,05,03
2024-09-20,3828,S13E33,322,0150,Cai,06,11
2024-09-20,3829,N12W87,082,0010,Bxo,01,02
2024-09-20,3831,N12E03,351,0100,Cro,03,10
2024-09-21,3825,S16W33,013,0110,Eso,12,08
2024-09-21,3827,S26E07,333,0120,Cao,04,04
2024-09-21,3828,S12E19,320,0150,Cai,05,16
2024-09-21,3831,N12W09,349,0080,Dao,04,07
2024-09-21,3832,N13W45,025,0020,Cro,03,03
2024-09-21,3833,N21W02,343,0010,Bxo,02,03
2024-09-21,3834,S14E65,275,0110,Dso,02,02
2024-09-22,3825,S16W47,015,0110,Eso,12,08
2024-09-22,3827,S26W07,335,0120,Cao,04,04
2024-09-22,3828,S12E05,323,0150,Cai,05,16
2024-09-22,3831,N12W23,351,0080,Dao,04,07
2024-09-22,3832,N13W59,027,0020,Cro,03,03
2024-09-22,3833,N21W16,344,0050,Dai,02,07
2024-09-22,3834,S14E51,277,0110,Dso,02,02
2024-09-23,3825,S16W61,016,0110,Eso,12,03
2024-09-23,3827,S26W21,336,0120,Hsx,03,01
2024-09-23,3828,S12W09,324,0150,Dai,05,16
2024-09-23,3831,N12W37,352,0080,Dao,04,07
2024-09-23,3833,N21W30,345,0050,Dai,02,07
2024-09-23,3834,S14E37,278,0110,Dso,02,02
2024-09-23,3835,S22E63,252,0030,Dao,03,08
2024-09-24,3825,S17W75,016,0080,Hsx,02,01
2024-09-24,3827,S26W35,337,0120,Cao,03,03
2024-09-24,3828,S12W23,325,0180,Dko,07,20
2024-09-24,3831,N14W51,353,0080,Cao,05,03
2024-09-24,3833,N22W44,346,0060,Dao,10,10
2024-09-24,3834,S16E23,279,0040,Cao,03,04
2024-09-24,3835,S25E49,253,0050,Dso,05,03
2024-09-24,3836,S12E72,230,0080,Dsi,05,100
2024-09-25,3825,S17W79,008,0060,Hsx,02,01
2024-09-25,3827,S26W44,333,0110,Hax,02,02
2024-09-25,3828,S11W34,323,0160,Hax,03,05
2024-09-25,3831,N15W62,351,0060,Cao,04,03
2024-09-25,3833,N22W53,342,0050,Cro,03,06
2024-09-25,3834,S15E14,275,0040,Cao,03,05
2024-09-25,3835,S22E38,251,0100,Dao,10,12
2024-09-25,3836,S10E59,230,0150,Dac,08,09
2024-09-26,3827,S26W58,333,0090,Hax,02,02
2024-09-26,3828,S11W48,323,0150,Hax,03,08
2024-09-26,3831,N15W76,351,0030,Cro,01,04
2024-09-26,3833,N22W67,342,0090,Dro,05,14
2024-09-26,3834,S15W00,275,0060,Cso,05,12
2024-09-26,3835,S22E24,251,0110,Dao,10,13
2024-09-26,3836,S10E45,230,0180,Dai,07,25
2024-09-26,3837,S11W19,294,0010,Axx,01,02
2024-09-27,3827,S26W72,334,0080,Hax,02,02
2024-09-27,3828,S11W62,324,0140,Dao,03,05
2024-09-27,3831,N15W90,352,0020,Cro,01,02
2024-09-27,3833,N22W81,343,0070,Cso,04,05
2024-09-27,3834,S15W14,276,0050,Dsi,07,15
2024-09-27,3835,S22E10,251,0100,Dai,07,20
2024-09-27,3836,S10E31,231,0200,Dai,07,30
2024-09-27,3837,S11W33,295,0030,Cro,03,04
2024-09-27,3838,N16E42,220,0030,Cro,04,05
2024-09-27,3839,S14E73,189,0020,Hsx,02,01
2024-09-28,3827,S28W83,332,0030,Hsx,03,01
2024-09-28,3828,S12W74,323,0030,Cro,03,02
2024-09-28,3834,S15W25,274,0030,Cro,07,04
2024-09-28,3835,S09E01,248,0030,Dai,08,05
2024-09-28,3836,S12E18,231,0210,Dai,07,10
2024-09-28,3837,S11W45,294,0010,Hrx,01,01
2024-09-28,3838,N15E30,219,0010,Axx,01,01
2024-09-28,3839,S14E63,186,0170,Fai,17,07
2024-09-28,3840,N16E16,233,0010,Axx,01,01
2024-09-29,3828,S12W88,324,0010,Axx,01,01
2024-09-29,3834,S15W40,276,0040,Cao,06,08
2024-09-29,3835,S22W15,251,0100,Dai,07,10
2024-09-29,3836,S10E02,234,0150,Dai,06,16
2024-09-29,3837,S11W59,295,0010,Axx,01,01
2024-09-29,3839,S14E48,187,0050,Cso,04,02
2024-09-29,3840,N15E01,235,0010,Axx,01,01
2024-09-29,3841,N14E55,191,0040,Cao,03,05
2024-09-29,3842,S14E57,177,0220,Dai,09,14
2024-09-30,3834,S16W54,277,0040,Cao,05,06
2024-09-30,3835,S22W30,253,0130,Dai,09,11
2024-09-30,3836,S10W10,233,0120,Cai,05,13
2024-09-30,3837,S11W73,296,0010,Axx,01,01
2024-09-30,3839,S15E34,189,0030,Cso,03,03
2024-09-30,3840,N15W13,236,0010,Bxo,03,02
2024-09-30,3841,N14E32,191,0030,Cri,04,05
2024-09-30,3842,S15E45,178,0230,Dai,07,15
2024-09-30,3843,S07E15,207,0060,Cao,04,08
2024-10-01,3834,S13W65,275,0010,Bxo,02,03
2024-10-01,3835,S21W44,254,0100,Dao,08,12
2024-10-01,3836,S09W22,232,0080,Cai,06,09
2024-10-01,3839,S15E20,190,0060,Hsx,02,01
2024-10-01,3840,N14W28,238,0010,Axx,01,01
2024-10-01,3841,N12E20,190,0050,Cao,05,07
2024-10-01,3842,S15E31,179,0220,Eai,11,16
2024-10-01,3843,S08E01,209,0040,Cai,05,08
2024-10-01,3844,S15E09,199,0010,Bxo,03,03
2024-10-02,3834,S17W77,273,0010,Axx,01,01
2024-10-02,3835,S23W56,252,0030,Cro,09,08
2024-10-02,3836,S12W35,231,0070,Cai,05,08
2024-10-02,3839,S14E06,190,0060,Hsx,02,01
2024-10-02,3841,N13E04,192,0120,Dai,06,16
2024-10-02,3842,S15E18,178,0300,Ekc,11,24
2024-10-02,3843,S08W11,207,0110,Dai,07,12
2024-10-02,3844,S15W02,198,0070,Dso,06,06
2024-10-02,3845,N19W46,242,0030,Cro,05,05
2024-10-02,3846,S09W57,242,0010,Bxo,04,04
2024-10-02,3847,S28E59,137,0030,Hrx,01,01
2024-10-03,3836,S12W48,231,0030,Hax,02,03
2024-10-03,3839,S15W08,191,0060,Cso,03,02
2024-10-03,3841,N13W08,191,0220,Dai,07,17
2024-10-03,3842,S15E06,177,0380,Ekc,11,27
2024-10-03,3843,S09W25,208,0180,Dai,07,17
2024-10-03,3844,S15W16,199,0160,Dai,06,11
2024-10-03,3845,N19W60,243,0010,Bxo,07,06
2024-10-03,3846,S09W65,248,0020,Cro,06,05
2024-10-03,3847,S28E45,138,0020,Hrx,01,01
2024-10-03,3848,N14E70,113,0280,Dhc,06,05
2024-10-04,3836,S11W62,232,0010,Bxo,03,05
2024-10-04,3839,S14W22,192,0060,Hsx,02,01
2024-10-04,3841,N13W22,192,0200,Dai,09,25
2024-10-04,3842,S15W08,178,0530,Ekc,12,35
2024-10-04,3843,S09W39,209,0250,Ehi,11,19
2024-10-04,3844,S15W30,200,0350,Dki,10,25
2024-10-04,3845,N17W74,244,0010,Axx,01,01
2024-10-04,3846,S09W79,249,0020,Cro,06,02
2024-10-04,3847,S28E31,139,0020,Hrx,01,01
2024-10-04,3848,N13E56,114,0330,Dkc,07,15
2024-10-05,3839,S13W36,193,0040,Hsx,02,01
2024-10-05,3841,N13W36,193,0080,Dai,09,11
2024-10-05,3842,S14W22,179,0710,Ekc,13,28
2024-10-05,3843,S08W53,210,0210,Eao,11,09
2024-10-05,3844,S15W44,201,0660,Ekc,11,14
2024-10-05,3845,N18W88,245,0010,Axx,01,01
2024-10-05,3847,S27E18,139,0010,Axx,01,01
2024-10-05,3848,N13E42,115,0520,Dkc,06,12
2024-10-05,3849,S06E62,095,0150,Dao,08,04
2024-10-06,3839,S13W49,193,0050,Hsx,02,01
2024-10-06,3841,N13W50,194,0050,Dai,09,10
2024-10-06,3842,S14W35,179,1040,Ekc,11,29
2024-10-06,3843,S09W68,212,0130,Dso,08,07
2024-10-06,3844,S15W57,201,0840,Ekc,11,17
2024-10-06,3847,S27E05,139,0010,Axx,01,01
2024-10-06,3848,N13E28,116,0980,Dkc,07,14
2024-10-06,3849,S06E51,093,0320,Dac,08,14
2024-10-07,3839,S15W63,193,0020,Hsx,02,01
2024-10-07,3841,N12W65,195,0030,Dri,09,06
2024-10-07,3842,S16W50,180,0460,Eki,12,23
2024-10-07,3843,S10W83,213,0120,Dso,09,03
2024-10-07,3844,S16W72,202,0600,Eki,13,10
2024-10-07,3848,N13E14,116,0900,Dki,06,16
2024-10-07,3849,S06E37,093,0350,Dki,09,22
2024-10-07,3850,S03E33,097,0160,Dai,05,06
2024-10-08,3839,S12W77,194,0020,Hsx,01,01
2024-10-08,3841,N14W77,194,0010,Bxo,03,04
2024-10-08,3842,S15W63,180,0730,Eki,11,10
2024-10-08,3844,S13W84,201,0300,Dko,04,04
2024-10-08,3848,N13E01,116,0770,Dki,08,28
2024-10-08,3849,S07E23,094,0250,Dki,08,20
2024-10-08,3850,S10E20,097,0130,Cao,04,03
2024-10-08,3851,S09W11,128,0010,Axx,01,01
2024-10-08,3852,S12E67,050,0250,Dho,10,03
2024-10-09,3839,S11W93,197,0020,Hsx,01,01
2024-10-09,3841,N14W91,195,0010,Bxo,03,03
2024-10-09,3842,S13W76,180,0630,Eki,11,09
2024-10-09,3844,S15W96,200,0300,Dko,04,04
2024-10-09,3848,N12W11,115,0600,Dki,06,14
2024-10-09,3849,S07E13,091,0310,Dki,08,24
2024-10-09,3850,S10E08,096,0150,Cao,06,11
2024-10-09,3851,S08W27,131,0010,Axx,01,01
2024-10-09,3852,S14E54,050,0350,Dko,10,08
2024-10-10,3842,S13W90,181,0630,Eki,11,09
2024-10-10,3848,N12W25,116,0600,Dki,06,14
2024-10-10,3849,S07W02,093,0240,Eai,11,18
2024-10-10,3850,S10W06,095,0100,Cao,04,08
2024-10-10,3852,S14E40,051,0350,Dki,10,08
2024-10-11,3848,N13W39,117,0600,Dki,06,20
2024-10-11,3849,S06W16,094,0240,Dai,09,25
2024-10-11,3850,S08W19,097,0100,Cao,03,04
2024-10-11,3852,S10E26,052,0360,Eki,11,20
2024-10-11,3853,N20E37,041,0010,Hrx,01,01
2024-10-11,3854,S05E34,044,0150,Dai,08,20
2024-10-12,3848,N13W53,117,0600,Dko,07,14
2024-10-12,3849,S07W30,094,0200,Dai,09,19
2024-10-12,3850,S09W31,095,0110,Hax,05,03
2024-10-12,3852,S09E12,052,0320,Ehi,11,16
2024-10-12,3853,N22E23,041,0005,Axx,01,01
2024-10-12,3854,S04E20,044,0210,Dai,08,17
2024-10-13,3848,N14W67,118,0370,Dko,06,04
2024-10-13,3849,S07W44,095,0200,Dai,09,19
2024-10-13,3850,S09W45,096,0110,Hsx,05,03
2024-10-13,3852,S11W02,053,0260,Dki,10,08
2024-10-13,3854,S05E07,045,0140,Dai,10,11
2024-10-14,3848,N13W79,117,0350,Dhi,08,04
2024-10-14,3849,S06W56,094,0240,Dai,05,05
2024-10-14,3850,S08W57,095,0090,Hsx,04,01
2024-10-14,3852,S10W15,053,0300,Dki,10,08
2024-10-14,3854,S04W05,043,0260,Eki,11,15
2024-10-14,3855,N14W33,071,0020,Cso,03,04
2024-10-14,3856,N09E37,001,0010,Bxo,03,01
2024-10-15,3848,N15W90,115,0350,Cko,06,08
2024-10-15,3849,S06W68,093,0230,Hax,05,04
2024-10-15,3850,S08W72,097,0080,Hax,02,01
2024-10-15,3852,S10W23,048,0360,Dki,09,15
2024-10-15,3854,S05W18,043,0280,Eki,13,15
2024-10-15,3855,N16W48,073,0020,Cro,05,06
2024-10-15,3856,N09E23,002,0010,Axx,01,01
2024-10-15,3857,S09E66,319,0030,Cao,06,03
2024-10-15,3858,S15E61,324,0020,Cao,06,03
2024-10-16,3849,S06W83,095,0230,Hax,05,04
2024-10-16,3850,S08W86,098,0080,Hax,02,01
2024-10-16,3852,S10W37,049,0440,Eki,11,13
2024-10-16,3854,S05W33,045,0340,Eki,13,15
2024-10-16,3855,N16W62,074,0020,Cro,05,06
2024-10-16,3856,N09E09,003,0010,Axx,01,01
2024-10-16,3857,S09E52,320,0090,Cao,06,03
2024-10-16,3858,S15E47,325,0040,Cao,05,03
2024-10-16,3859,S14E25,346,0040,Dso,03,05
2024-10-17,3852,S11W51,049,0250,Cko,10,07
2024-10-17,3854,S06W47,045,0300,Eki,15,25
2024-10-17,3855,N15W76,074,0020,Cro,05,06
2024-10-17,3856,N10W05,003,0150,Dai,07,18
2024-10-17,3857,S07E38,320,0100,Dso,09,02
2024-10-17,3858,S15E33,325,0020,Hax,01,02
2024-10-17,3859,S12E11,347,0060,Dao,05,05
2024-10-18,3852,S13W65,050,0190,Cao,06,09
2024-10-18,3854,S06W60,045,0300,Ehi,14,16
2024-10-18,3855,N15W90,075,0020,Cro,02,03
2024-10-18,3856,N10W19,004,0190,Dac,08,12
2024-10-18,3857,S07E25,320,0130,Dao,10,06
2024-10-18,3858,S15E20,325,0010,Bxo,04,04
2024-10-18,3859,S12W01,346,0110,Dao,07,10
2024-10-18,3860,S07E15,330,0070,Dai,06,06
2024-10-19,3852,S14W78,050,0120,Hax,02,01
2024-10-19,3854,S06W73,044,0190,Eao,11,07
2024-10-19,3856,N10W33,005,0150,Dai,08,05
2024-10-19,3857,S07E13,319,0100,Dao,10,06
2024-10-19,3858,S15E07,325,0020,Hax,02,02
2024-10-19,3859,S12W14,346,0140,Dai,06,07
2024-10-19,3860,S07E02,330,0020,Hax,01,01
2024-10-19,3861,S05W38,010,0010,Axx,01,01
2024-10-19,3862,S18E71,261,0010,Axx,01,01
2024-10-19,3863,S02E69,263,0060,Hsx,01,01
2024-10-20,3854,S06W85,044,0070,Hsx,02,01
2024-10-20,3856,N10W47,006,0150,Dso,07,04
2024-10-20,3857,S07W02,321,0070,Dso,09,08
2024-10-20,3859,S12W28,347,0160,Dai,07,09
2024-10-20,3860,S07W13,332,0040,Cso,07,06
2024-10-20,3862,S18E57,262,0010,Axx,01,01
2024-10-20,3863,S02E54,265,0070,Cso,04,02
2024-10-21,3856,N10W61,007,0150,Dso,09,04
2024-10-21,3857,S07W15,321,0030,Ero,11,05
2024-10-21,3859,S12W41,347,0210,Dai,08,12
2024-10-21,3860,S07W27,333,0040,Cso,04,03
2024-10-21,3862,S18E43,263,0020,Hrx,02,01
2024-10-21,3863,S02E41,265,0120,Csi,08,06
2024-10-21,3864,N25E48,258,0010,Axx,01,01
2024-10-21,3865,S22E62,244,0030,Hsx,02,01
2024-10-22,3856,N10W73,006,0120,Dso,07,04
2024-10-22,3857,S06W26,319,0030,Cao,09,04
2024-10-22,3859,S12W54,347,0220,Csi,08,17
2024-10-22,3860,S06W42,334,0030,Cso,03,02
2024-10-22,3862,S16E24,269,0010,Axx,01,02
2024-10-22,3863,S08E31,262,0220,Dai,07,16
2024-10-22,3864,N25E33,260,0010,Axx,01,01
2024-10-22,3865,S22E51,242,0020,Cso,03,03
2024-10-22,3866,S12E58,235,0030,Cai,05,06
2024-10-22,3867,S23E32,261,0010,Bxo,03,02
2024-10-22,3868,S11E75,218,0180,Hsx,03,01
2024-10-23,3856,N10W90,009,0060,Dao,06,02
2024-10-23,3857,S05W43,322,0020,Hrx,02,02
2024-10-23,3859,S12W69,348,0120,Cao,08,08
2024-10-23,3860,S06W56,335,0020,Hrx,01,01
2024-10-23,3862,S15E11,268,0010,Axx,01,01
2024-10-23,3863,S09E19,260,0130,Dai,07,10
2024-10-23,3865,S22E38,241,0030,Cso,03,04
2024-10-23,3866,S12E45,234,0040,Cao,06,11
2024-10-23,3868,S12E61,218,0180,Hsx,03,01
2024-10-24,3859,S12W82,347,0040,Cao,07,04
2024-10-24,3860,S06W70,336,0010,Axx,01,01
2024-10-24,3863,S09E07,259,0100,Dao,08,06
2024-10-24,3865,S22E23,243,0010,Hsx,01,01
2024-10-24,3866,S12E32,234,0020,Bxi,07,11
2024-10-24,3868,S11E47,218,0180,Hsx,03,02
2024-10-24,3869,S17E71,203,0250,Ehi,15,09
2024-10-25,3860,S06W85,338,0010,Cro,01,02
2024-10-25,3863,S08W09,262,0110,Dso,03,04
2024-10-25,3865,S22E11,242,0020,Hax,01,01
2024-10-25,3866,S12E18,235,0010,Bxo,07,07
2024-10-25,3868,S11E33,220,0150,Hsx,03,01
2024-10-25,3869,S17E58,195,0460,Eki,15,11
2024-10-25,3870,S22W38,291,0010,Axx,01,01
2024-10-25,3871,S10E46,207,0010,Hax,01,01
2024-10-25,3872,S15E58,195,0280,Dhi,09,07
2024-10-25,3873,S10E77,176,0240,Dai,05,03
2024-10-26,3863,S08W23,263,0090,Cso,03,04
2024-10-26,3865,S22W02,242,0020,Hrx,01,01
2024-10-26,3866,S12E06,234,0010,Bxo,05,03
2024-10-26,3868,S11E20,220,0150,Hsx,02,01
2024-10-26,3869,S17E43,197,0410,Dki,10,08
2024-10-26,3871,S09E33,207,0010,Axx,01,01
2024-10-26,3872,S15E44,196,0280,Dki,09,10
2024-10-26,3873,S10E63,177,0120,Dai,06,05
2024-10-26,3874,N27E20,220,0020,Cro,03,06
2024-10-26,3875,N29E31,209,0010,Bxo,03,03
2024-10-26,3876,S01E35,205,0020,Cro,04,05
2024-10-27,3863,S08W37,263,0120,Dai,05,11
2024-10-27,3865,S22W16,242,0020,Hsx,01,01
2024-10-27,3866,S12W08,234,0010,Bxo,04,02
2024-10-27,3868,S11E06,220,0150,Hsx,02,01
2024-10-27,3869,S17E28,198,0410,Eki,12,15
2024-10-27,3870,S22W66,292,0040,Cao,07,05
2024-10-27,3872,S18E40,186,0280,Dki,09,10
2024-10-27,3873,S10E49,177,0120,Dai,06,05
2024-10-27,3874,N27E06,220,0030,Cao,04,10
2024-10-27,3875,N29E17,209,0020,Cao,04,06
2024-10-27,3876,S01E20,206,0020,Dai,04,05
2024-10-28,3863,S08W49,262,0080,Dso,05,05
2024-10-28,3866,S12W22,235,0010,Bxo,02,02
2024-10-28,3868,S11W08,221,0150,Hsx,02,01
2024-10-28,3869,S16E14,199,0350,Eki,12,15
2024-10-28,3870,S19W78,291,0040,Dao,07,02
2024-10-28,3872,S17E28,185,0300,Dki,09,12
2024-10-28,3873,S10E36,177,0090,Cao,06,05
2024-10-28,3874,N27W06,219,0070,Dai,07,10
2024-10-28,3875,N28E04,209,0030,Cro,06,07
2024-10-28,3876,S01E08,205,0120,Dsi,07,14
2024-10-28,3877,S15E52,161,0010,Axx,01,01
2024-10-28,3878,N18E72,141,0080,Dso,03,04
2024-10-29,3863,S08W63,263,0060,Dso,05,07
2024-10-29,3866,S12W36,236,0010,Bxo,02,04
2024-10-29,3868,S11W22,222,0150,Hsx,03,01
2024-10-29,3869,S15W00,200,0270,Eki,12,45
2024-10-29,3870,S18W92,292,0060,Cao,05,02
2024-10-29,3872,S16E14,186,0390,Eko,12,16
2024-10-29,3873,S12E22,178,0100,Cai,07,15
2024-10-29,3874,N24W20,220,0120,Dai,09,25
2024-10-29,3875,N27W10,210,0020,Cao,06,07
2024-10-29,3876,S05W06,206,0220,Dai,09,30
2024-10-29,3877,S15E38,162,0010,Axx,01,01
2024-10-29,3878,N18E61,139,0200,Eai,12,08
2024-10-30,3863,S08W77,264,0010,Axx,04,03
2024-10-30,3868,S11W32,219,0150,Hsx,03,01
2024-10-30,3869,S16W12,200,0280,Ekc,13,27
2024-10-30,3872,S16E02,185,0380,Dko,05,06
2024-10-30,3873,S12E10,177,0070,Hrx,05,10
2024-10-30,3874,N27W31,218,0190,Dac,10,25
2024-10-30,3875,N29W19,207,0010,Bxo,03,03
2024-10-30,3876,S05W18,205,0290,Dkc,09,25
2024-10-30,3877,S15E23,164,0010,Axx,01,01
2024-10-30,3878,N16E51,136,0290,Eki,13,08
2024-10-30,3879,N14E74,113,0450,Hkx,05,01
2024-10-31,3868,S11W46,220,0150,Hsx,02,01
2024-10-31,3869,S16W26,200,0290,Ekc,11,19
2024-10-31,3872,S16W12,186,0320,Dko,05,04
2024-10-31,3873,S11W04,178,0040,Hax,06,09
2024-10-31,3874,N25W46,220,0140,Eai,12,12
2024-10-31,3875,N28W29,203,0030,Cri,05,13
2024-10-31,3876,S05W33,207,0340,Ekc,11,25
2024-10-31,3877,S16E09,165,0010,Axx,01,01
2024-10-31,3878,N16E37,137,0350,Eki,12,15
2024-10-31,3879,N15E60,114,0450,Hhx,05,01
2024-11-01,3868,S11W59,220,0150,Hsx,02,01
2024-11-01,3869,S18W33,194,0260,Dkc,09,12
2024-11-01,3872,S17W24,185,0240,Dko,06,06
2024-11-01,3873,S12W15,176,0040,Cao,03,04
2024-11-01,3874,N25W60,221,0200,Eai,11,07
2024-11-01,3875,N28W41,202,0150,Dai,07,15
2024-11-01,3876,S06W46,207,0200,Dki,10,18
2024-11-01,3877,S16W04,165,0010,Axx,01,01
2024-11-01,3878,N16E23,138,0400,Eki,11,11
2024-11-01,3879,N15E50,111,0570,Hhx,04,01
2024-11-01,3880,S13E55,106,0010,Axx,01,01
2024-11-02,3868,S11W73,220,0120,Hsx,02,01
2024-11-02,3869,S18W45,192,0260,Eki,12,14
2024-11-02,3871,S09W62,209,0180,Dsi,08,10
2024-11-02,3872,S17W36,183,0220,Hax,05,02
2024-11-02,3873,S10W30,177,0030,Hax,02,01
2024-11-02,3874,N25W72,219,0180,Eao,11,07
2024-11-02,3875,N28W53,200,0170,Dai,09,13
2024-11-02,3876,S06W60,207,0180,Dao,09,07
2024-11-02,3877,S17W18,165,0010,Axx,01,01
2024-11-02,3878,N16E10,137,0400,Eko,13,16
2024-11-02,3879,N15E36,111,0480,Hhx,05,01
2024-11-02,3880,S13E41,106,0010,Axx,01,02
2024-11-02,3881,S09E26,121,0050,Dai,04,05
2024-11-03,3868,S11W86,220,0110,Hsx,02,01
2024-11-03,3869,S18W60,194,0230,Eai,12,12
2024-11-03,3871,S09W76,210,0180,Dao,09,08
2024-11-03,3872,S17W51,185,0180,Hax,03,05
2024-11-03,3873,S10W45,179,0020,Hax,01,01
2024-11-03,3874,N26W86,220,0140,Eao,11,05
2024-11-03,3875,N27W69,203,0130,Dsi,11,12
2024-11-03,3876,S05W75,209,0130,Dao,09,05
2024-11-03,3878,N16W03,137,0400,Eko,13,15
2024-11-03,3879,N15E23,111,0500,Hhx,05,01
2024-11-03,3880,S14E30,104,0020,Bxo,03,04
2024-11-03,3881,S09E12,122,0200,Dao,07,12
2024-11-03,3882,N23W55,189,0020,Bxo,02,04
2024-11-03,3883,S06E66,068,0060,Cao,07,06
2024-11-03,3884,S06E76,058,0060,Hsx,02,01
2024-11-04,3869,S18W74,195,0210,Dai,10,10
2024-11-04,3871,S09W89,210,0180,Dao,09,02
2024-11-04,3872,S16W62,183,0130,Hax,03,04
2024-11-04,3873,S10W56,177,0020,Hax,01,02
2024-11-04,3875,N28W85,206,0110,Eso,11,06
2024-11-04,3876,S04W90,211,0120,Dao,09,02
2024-11-04,3878,N16W16,137,0320,Eko,12,18
2024-11-04,3879,N15E10,111,0500,Hhx,06,01
2024-11-04,3881,S09W01,122,0240,Dai,08,15
2024-11-04,3883,S06E51,070,0160,Eai,12,20
2024-11-04,3884,S06E65,056,0070,Cso,03,02
2024-11-04,3885,S10W43,169,0050,Dro,05,06
2024-11-04,3886,S05E76,045,0090,Dao,06,02
2024-11-05,3869,S18W88,196,0200,Dsi,09,10
2024-11-05,3872,S16W76,184,0120,Dai,03,05
2024-11-05,3873,S09W70,178,0020,Hrx,01,01
2024-11-05,3878,N16W30,138,0240,Eai,12,15
2024-11-05,3879,N15W04,112,0500,Hhx,06,01
2024-11-05,3881,S09W15,123,0240,Dao,08,10
2024-11-05,3883,S06E37,071,0260,Eki,12,30
2024-11-05,3884,S07E51,057,0050,Cso,02,02
2024-11-05,3885,S10W58,166,0030,Dro,07,05
2024-11-05,3886,S05E62,046,0150,Eao,11,12
2024-11-06,3872,S15W90,185,0080,Dai,03,04
2024-11-06,3878,N16W43,138,0140,Dso,09,04
2024-11-06,3879,N15W17,112,0440,Hhx,05,01
2024-11-06,3881,S09W28,123,0180,Dso,08,09
2024-11-06,3883,S06E21,068,0270,Eki,13,22
2024-11-06,3884,S07E39,056,0060,Hsx,01,01
2024-11-06,3885,S10W71,166,0030,Cao,04,04
2024-11-06,3886,S07E51,044,0250,Eki,12,24
2024-11-07,3878,N16W54,136,0150,Dao,05,04
2024-11-07,3879,N16W30,112,0440,Hhx,05,01
2024-11-07,3881,S09W41,123,0170,Dso,08,07
2024-11-07,3883,S06E07,075,0360,Ekc,14,24
2024-11-07,3884,S07E25,057,0050,Hsx,02,01
2024-11-07,3886,S08E37,045,0320,Eki,12,28
2024-11-07,3887,N16W69,151,0140,Dsi,07,08
2024-11-07,3888,N04W51,133,0020,Bxo,03,02
2024-11-08,3878,N16W66,134,0130,Hax,03,03
2024-11-08,3879,N15W44,112,0450,Cho,06,03
2024-11-08,3881,S09W57,125,0130,Dao,07,04
2024-11-08,3883,S07W07,075,0400,Fkc,16,23
2024-11-08,3884,S07E11,056,0040,Hsx,01,01
2024-11-08,3886,S08E23,045,0370,Fki,17,36
2024-11-08,3887,N16W84,152,0130,Dao,08,04
2024-11-08,3889,S10E66,002,0250,Ekc,13,10
2024-11-09,3878,N16W80,135,0100,Hax,03,02
2024-11-09,3879,N15W58,113,0450,Hhx,05,02
2024-11-09,3881,S09W71,126,0120,Dso,07,07
2024-11-09,3883,S06W21,076,0420,Fkc,16,35
2024-11-09,3884,S07W03,058,0020,Hsx,01,01
2024-11-09,3886,S08E09,046,0170,Eai,14,32
2024-11-09,3889,S10E52,003,0400,Eko,13,18
2024-11-10,3879,N15W72,114,0430,Hhx,05,02
2024-11-10,3881,S09W85,127,0080,Cso,06,05
2024-11-10,3883,S06W35,077,0380,Fki,16,30
2024-11-10,3884,S07W17,059,0020,Hsx,01,01
2024-11-10,3886,S06W05,047,0110,Eai,14,18
2024-11-10,3889,S10E38,004,0450,Eko,14,20
2024-11-10,3890,S13E02,044,0060,Cro,08,18
2024-11-11,3879,N15W83,112,0320,Hhx,04,01
2024-11-11,3883,S06W49,078,0300,Eki,14,12
2024-11-11,3884,S07W28,057,0010,Hsx,01,01
2024-11-11,3886,S06W17,046,0100,Eao,13,12
2024-11-11,3889,S10E28,001,0480,Fko,20,20
2024-11-11,3890,S12W13,042,0030,Bxo,05,06
2024-11-12,3879,N16W95,111,0300,Hhx,05,01
2024-11-12,3883,S06W61,077,0240,Fao,16,07
2024-11-12,3884,S07W42,058,0020,Cro,03,03
2024-11-12,3886,S06W31,047,0100,Cso,13,12
2024-11-12,3889,S10E11,005,0460,Fki,17,25
2024-11-12,3890,S13W28,044,0010,Bxo,06,05
2024-11-12,3891,S15E02,014,0030,Cro,03,03
2024-11-12,3892,S11E25,351,0020,Dro,05,02
2024-11-13,3883,S06W74,076,0140,Eao,14,04
2024-11-13,3884,S07W56,058,0010,Axx,01,01
2024-11-13,3886,S07W43,045,0010,Bxo,03,02
2024-11-13,3889,S09W02,004,0420,Fki,18,30
2024-11-13,3890,S12W40,042,0010,Bxo,03,03
2024-11-13,3891,S15W12,014,0010,Axx,01,01
2024-11-13,3892,S11E11,351,0020,Cro,05,05
2024-11-14,3883,S05W91,080,0090,Hsx,03,01
2024-11-14,3884,S07W69,058,0010,Axx,03,02
2024-11-14,3886,S07W62,051,0010,Hrx,03,02
2024-11-14,3889,S10W15,004,0430,Fki,18,26
2024-11-14,3891,S15W28,017,0000,Axx,01,01
2024-11-14,3892,S11W01,350,0030,Cro,06,06
2024-11-14,3893,S19E62,287,0030,Hsx,01,01
2024-11-15,3886,S07W76,052,0010,Axx,01,01
2024-11-15,3889,S09W29,005,0430,Fki,19,25
2024-11-15,3892,S11W15,351,0020,Bxo,02,04
2024-11-15,3893,S19E48,288,0040,Cso,03,04
2024-11-15,3894,N24E44,292,0030,Bxo,06,12
2024-11-16,3889,S09W43,006,0540,Fki,19,20
2024-11-16,3892,S11W29,352,0010,Bxo,02,02
2024-11-16,3893,S19E34,289,0050,Cso,03,04
2024-11-16,3894,N24E30,293,0030,Cro,07,05
2024-11-17,3889,S09W57,007,0450,Fko,19,12
2024-11-17,3892,S11W43,353,0010,Axx,01,01
2024-11-17,3893,S19E20,290,0050,Cso,03,02
2024-11-17,3894,N23E16,294,0010,Cro,06,02
2024-11-17,3895,S03W35,345,0020,Cro,03,04
2024-11-18,3889,S09W71,008,0430,Fko,21,12
2024-11-18,3893,S19E06,291,0030,Hsx,02,01
2024-11-18,3894,N21E02,295,0010,Axx,01,01
2024-11-18,3895,S03W49,346,0005,Axx,01,01
2024-11-18,3896,N05W04,301,0050,Cao,03,05
2024-11-18,3897,S12W47,344,0070,Cao,05,09
2024-11-18,3898,S15E19,278,0050,Cao,06,05
2024-11-18,3899,S13E60,237,0010,Bxo,05,03
2024-11-19,3889,S09W81,004,0320,Fko,18,07
2024-11-19,3893,S19W05,288,0030,Hsx,02,01
2024-11-19,3896,N05W19,302,0050,Cao,04,05
2024-11-19,3897,S12W62,345,0080,Dao,03,10
2024-11-19,3898,S16E02,281,0010,Bxo,05,04
2024-11-19,3899,S13E43,240,0030,Cao,05,04
2024-11-19,3900,N24E62,221,0030,Cso,04,02
2024-11-19,3901,S07E63,220,0180,Dai,06,05
2024-11-20,3892,S11W88,357,0070,Hsx,03,01
2024-11-20,3893,S19W17,286,0050,Hsx,01,01
2024-11-20,3896,N06W31,300,0060,Dao,04,05
2024-11-20,3897,S10W75,345,0140,Dai,03,10
2024-11-20,3898,S17W11,280,0030,Cro,06,07
2024-11-20,3899,S12E27,242,0030,Hax,02,01
2024-11-20,3900,N22E47,222,0030,Cro,01,01
2024-11-20,3901,S08E51,218,0200,Dao,06,03
2024-11-21,3893,S19W31,288,0020,Hrx,01,01
2024-11-21,3896,N05W46,303,0060,Dao,04,04
2024-11-21,3897,S12W90,347,0220,Dao,05,06
2024-11-21,3898,S16W27,283,0050,Cao,06,08
2024-11-21,3899,S13E12,245,0030,Hsx,01,01
2024-11-21,3900,N22E34,223,0020,Hax,01,01
2024-11-21,3901,S07E35,221,0180,Dao,06,10
2024-11-21,3902,S17E70,187,0070,Cso,11,02
2024-11-22,3893,S19W45,289,0020,Hrx,01,01
2024-11-22,3896,N05W60,304,0050,Dso,07,06
2024-11-22,3898,S16W41,285,0040,Dao,07,08
2024-11-22,3899,S12W02,246,0030,Hax,01,01
2024-11-22,3900,N22E20,224,0010,Bxo,02,02
2024-11-22,3901,S07E21,223,0190,Dai,06,12
2024-11-22,3902,S16E56,188,0070,Hsx,02,01
2024-11-22,3903,S11W17,261,0020,Cai,04,06
2024-11-22,3904,S13W63,307,0030,Cao,05,08
2024-11-22,3905,S09E78,164,0060,Dao,09,03
2024-11-23,3893,S19W59,290,0010,Axx,01,01
2024-11-23,3896,N05W74,305,0010,Bxo,04,06
2024-11-23,3898,S16W55,286,0030,Cao,08,10
2024-11-23,3899,S12W16,247,0020,Hsx,01,01
2024-11-23,3900,N22E06,225,0010,Cao,02,02
2024-11-23,3901,S08E07,224,0150,Cao,07,08
2024-11-23,3902,S16E42,189,0070,Hsx,02,01
2024-11-23,3903,S11W31,262,0050,Dao,07,06
2024-11-23,3904,S14W77,308,0050,Cao,08,08
2024-11-23,3905,S09E64,166,0080,Dao,10,06
2024-11-23,3906,S16E73,158,0160,Dao,09,11
2024-11-24,3898,S15W69,286,0010,Cao,09,04
2024-11-24,3899,S11W30,247,0010,Hsx,01,01
2024-11-24,3900,N22W08,225,0010,Bxo,02,02
2024-11-24,3901,S07W07,224,0090,Cao,05,05
2024-11-24,3902,S16E28,189,0060,Hsx,02,01
2024-11-24,3903,S11W45,262,0040,Dao,08,05
2024-11-24,3904,S14W91,308,0050,Cao,08,08
2024-11-24,3905,S09E53,164,0120,Eso,12,08
2024-11-24,3906,S16E59,158,0240,Dai,10,11
2024-11-24,3907,S21E15,202,0025,Cro,07,11
2024-11-25,3898,S15W83,287,0010,Bxo,04,03
2024-11-25,3899,S11W41,245,0010,Hsx,01,01
2024-11-25,3901,S07W16,221,0090,Cao,08,10
2024-11-25,3902,S16E22,182,0060,Hsx,02,01
2024-11-25,3903,S11W60,264,0030,Dao,08,05
2024-11-25,3905,S09E40,164,0250,Eko,12,08
2024-11-25,3906,S16E47,157,0500,Ekc,11,15
2024-11-25,3907,S21E01,203,0025,Cro,07,11
2024-11-25,3908,N14E65,139,0040,Bxo,06,06
2024-11-25,3909,N25W04,208,0010,Bxo,04,04
2024-11-26,3899,S10W55,246,0010,Axx,01,01
2024-11-26,3901,S08W31,222,0080,Cao,06,06
2024-11-26,3902,S18E08,183,0060,Hsx,02,01
2024-11-26,3903,S10W74,265,0030,Dao,05,04
2024-11-26,3905,S10E26,165,0330,Eki,12,15
2024-11-26,3906,S17E33,158,0550,Ekc,11,16
2024-11-26,3907,S21W13,204,0030,Cro,06,04
2024-11-26,3908,N13E54,137,0010,Axx,01,01
2024-11-26,3909,N25W18,209,0010,Bxo,03,02
2024-11-27,3901,S09W46,224,0100,Hax,03,01
2024-11-27,3902,S17W03,181,0040,Hsx,02,01
2024-11-27,3903,S10W88,266,0030,Dao,05,04
2024-11-27,3905,S09E12,166,0450,Eki,12,19
2024-11-27,3906,S16E19,159,0520,Eki,13,16
2024-11-27,3907,S22W24,202,0060,Dao,06,05
2024-11-27,3908,N13E40,138,0010,Axx,01,01
2024-11-27,3909,N25W32,210,0010,Bxo,03,02
2024-11-27,3910,N16E69,108,0250,Dko,08,06
2024-11-27,3911,S14W33,213,0030,Cro,05,08
2024-11-28,3901,S09W58,223,0040,Hax,01,01
2024-11-28,3902,S16W16,181,0040,Hsx,02,01
2024-11-28,3905,S09W03,168,0320,Eko,14,15
2024-11-28,3906,S16E07,158,0400,Eki,12,26
2024-11-28,3907,S22W35,199,0040,Dao,10,06
2024-11-28,3908,N13E26,139,0010,Bxo,03,03
2024-11-28,3910,N17E55,110,0250,Dko,07,01
2024-11-28,3911,S14W47,212,0030,Cro,05,08
2024-11-29,3901,S09W72,224,0040,Hsx,02,01
2024-11-29,3902,S16W31,180,0040,Hsx,02,01
2024-11-29,3905,S09W16,167,0380,Eko,14,17
2024-11-29,3906,S16W07,159,0420,Eki,14,22
2024-11-29,3907,S20W51,202,0020,Dao,07,04
2024-11-29,3908,N13E13,139,0010,Bxo,03,03
2024-11-29,3910,N16E42,111,0250,Dko,06,06
2024-11-29,3911,S14W62,213,0030,Cso,03,03
2024-11-29,3912,S04E66,087,0110,Eso,11,02
2024-11-30,3901,S09W85,223,0060,Hsx,03,02
2024-11-30,3902,S16W43,181,0040,Hsx,02,01
2024-11-30,3905,S09W30,168,0400,Eko,14,17
2024-11-30,3906,S16W21,159,0500,Eki,12,36
2024-11-30,3907,S21W63,201,0010,Bxo,04,03
2024-11-30,3908,N13W00,138,0010,Bxo,10,03
2024-11-30,3910,N16E28,110,0250,Cko,05,06
2024-11-30,3911,S16W74,212,0040,Cso,02,02
2024-11-30,3912,S04E50,088,0120,Dso,09,02
2024-12-01,3902,S16W57,182,0010,Hsx,01,01
2024-12-01,3905,S09W44,169,0300,Eki,14,10
2024-12-01,3906,S16W35,160,0450,Eko,11,16
2024-12-01,3910,N16E14,111,0230,Cso,04,03
2024-12-01,3911,S16W88,213,0010,Cso,01,02
2024-12-01,3912,S04E36,089,0190,Eso,13,11
2024-12-02,3905,S09W58,170,0200,Eso,14,06
2024-12-02,3906,S16W49,161,0450,Eko,11,15
2024-12-02,3910,N16W00,112,0220,Hsx,04,01
2024-12-02,3912,S05E41,071,0090,Esi,11,09
2024-12-02,3913,S06E24,088,0040,Cro,03,02
2024-12-03,3905,S09W72,171,0180,Eso,11,05
2024-12-03,3906,S16W63,162,0350,Eko,11,13
2024-12-03,3910,N16W14,113,0230,Cso,08,04
2024-12-03,3912,S05E27,072,0100,Esi,12,10
2024-12-03,3913,S06E10,089,0030,Cro,05,02
2024-12-03,3914,N07W13,111,0010,Bxo,03,05
2024-12-03,3915,N13E67,031,0010,Bxo,03,04
2024-12-04,3905,S09W83,169,0140,Eso,11,04
2024-12-04,3906,S16W76,162,0310,Eko,11,07
2024-12-04,3910,N16W25,111,0170,Cso,08,09
2024-12-04,3912,S05E11,075,0160,Eai,14,16
2024-12-04,3913,S06W06,092,0010,Hrx,01,01
2024-12-04,3914,N07W28,114,0010,Axx,02,01
2024-12-04,3915,N15E56,030,0010,Bxo,04,03
2024-12-04,3916,S16E72,015,0040,Cai,08,05
2024-12-05,3906,S17W90,162,0280,Eko,11,04
2024-12-05,3910,N15W39,111,0140,Dso,07,03
2024-12-05,3912,S06W02,074,0180,Eai,14,12
2024-12-05,3913,S07W20,092,0010,Bxo,06,03
2024-12-05,3915,N14E41,031,0010,Bxo,04,02
2024-12-05,3916,S16E58,014,0040,Cai,08,06
2024-12-05,3917,S09E61,010,0030,Cao,04,05
2024-12-06,3910,N16W47,106,0140,Hax,04,01
2024-12-06,3912,S06W16,075,0180,Dai,10,09
2024-12-06,3913,S07W33,092,0030,Bxo,07,06
2024-12-06,3915,N14E27,032,0010,Bxo,03,02
2024-12-06,3916,S16E42,017,0160,Dai,08,06
2024-12-06,3917,S08E51,008,0090,Dri,07,06
2024-12-06,3918,N13W47,106,0030,Hrx,02,01
2024-12-07,3910,N16W61,107,0140,Hax,03,01
2024-12-07,3912,S06W30,076,0200,Cao,07,13
2024-12-07,3913,S07W47,093,0010,Bxo,02,03
2024-12-07,3915,N12E12,034,0010,Bxo,03,02
2024-12-07,3916,S16E28,018,0170,Dai,09,06
2024-12-07,3917,S08E37,009,0180,Dao,08,07
2024-12-07,3918,N13W61,107,0030,Hsx,01,01
2024-12-08,3910,N16W73,106,0150,Hsx,01,01
2024-12-08,3912,S07W47,080,0220,Dai,07,12
2024-12-08,3915,N12W02,035,0010,Axx,01,01
2024-12-08,3916,S15E15,018,0150,Dac,08,04
2024-12-08,3917,S07E24,009,0200,Dac,08,12
2024-12-08,3918,N13W75,108,0010,Axx,01,01
2024-12-09,3910,N16W86,106,0150,Hsx,03,01
2024-12-09,3912,S06W61,081,0200,Dao,07,07
2024-12-09,3916,S15E01,019,0170,Dac,08,12
2024-12-09,3917,S07E11,009,0210,Dac,10,15
2024-12-09,3919,S14E08,012,0050,Cso,04,02
2024-12-09,3920,N22E52,326,0090,Csi,09,06
2024-12-10,3912,S06W75,081,0220,Dai,05,05
2024-12-10,3916,S15W12,018,0040,Cro,08,08
2024-12-10,3917,S08W02,008,0220,Dao,10,12
2024-12-10,3919,S14W06,012,0010,Bxo,02,02
2024-12-10,3920,N22E38,329,0070,Cso,07,06
2024-12-10,3921,S07E12,355,0020,Hrx,01,01
2024-12-11,3912,S06W91,083,0180,Dai,04,05
2024-12-11,3916,S15W28,020,0030,Cri,08,10
2024-12-11,3917,S08W14,007,0230,Eac,11,20
2024-12-11,3920,N22E24,329,0060,Dso,07,12
2024-12-11,3921,S07W01,354,0010,Hrx,01,01
2024-12-11,3922,S17E59,294,0020,Cro,03,04
2024-12-11,3923,N24W30,023,0010,Bxo,03,03
2024-12-12,3916,S15W40,020,0010,Bxo,06,03
2024-12-12,3917,S08W28,008,0280,Dki,09,23
2024-12-12,3920,N22E10,330,0250,Eki,11,21
2024-12-12,3921,S06W13,353,0010,Axx,01,01
2024-12-12,3922,S18E48,292,0050,Cso,06,05
2024-12-12,3923,N24W40,020,0010,Axx,01,01
2024-12-13,3917,S08W42,009,0290,Dkc,09,16
2024-12-13,3920,N22W02,329,0250,Eki,13,18
2024-12-13,3921,S06W28,355,0010,Axx,01,01
2024-12-13,3922,S18E36,291,0030,Cao,06,03
2024-12-13,3924,S20E12,315,0030,Cro,05,03
2024-12-14,3917,S08W56,010,0260,Dkc,06,13
2024-12-14,3920,N23W16,330,0260,Eki,12,14
2024-12-14,3922,S18E22,292,0020,Cso,05,05
2024-12-14,3924,S20W02,316,0050,Dao,06,10
2024-12-15,3917,S07W70,011,0270,Dko,07,09
2024-12-15,3920,N22W29,330,0180,Eao,12,12
2024-12-15,3924,S19W16,317,0200,Dai,09,23
2024-12-15,3925,N10E49,252,0010,Axx,02,02
2024-12-16,3917,S07W83,010,0260,Dko,07,06
2024-12-16,3920,N22W42,329,0160,Eao,11,06
2024-12-16,3922,S18W03,290,0030,Cso,04,05
2024-12-16,3924,S19W29,316,0190,Dsi,10,18
2024-12-16,3925,N10E36,251,0010,Axx,01,01
2024-12-16,3926,S20E67,220,0110,Hsx,03,01
2024-12-17,3917,S07W96,010,0160,Cao,04,04
2024-12-17,3920,N23W55,329,0140,Dao,08,05
2024-12-17,3922,S18W16,290,0050,Dai,06,10
2024-12-17,3924,S19W42,316,0280,Eki,13,18
2024-12-17,3926,S20E56,218,0120,Cso,09,03
2024-12-18,3920,N22W67,328,0090,Hsx,02,01
2024-12-18,3922,S18W27,288,0140,Dai,08,12
2024-12-18,3924,S19W57,318,0280,Eko,13,21
2024-12-18,3925,N10E05,256,0010,Bxo,06,01
2024-12-18,3926,S21E41,220,0160,Cso,09,03
2024-12-19,3920,N22W81,329,0060,Hsx,02,01
2024-12-19,3922,S19W40,288,0200,Dai,08,08
2024-12-19,3924,S18W69,317,0300,Eko,13,08
2024-12-19,3925,N10W10,258,0010,Axx,01,01
2024-12-19,3926,S21E28,220,0140,Hsx,02,01
2024-12-19,3927,S08E69,179,0150,Dai,10,03
2024-12-20,3920,N22W93,328,0040,Hsx,01,01
2024-12-20,3922,S19W53,288,0230,Dai,08,08
2024-12-20,3924,S19W82,317,0280,Eko,11,04
2024-12-20,3925,N10W22,257,0010,Axx,01,01
2024-12-20,3926,S20E16,222,0100,Hsx,02,01
2024-12-20,3927,S10E57,178,0140,Dai,09,07
2024-12-20,3928,S14E60,175,0080,Dao,05,04
2024-12-21,3922,S19W64,285,0250,Eko,11,10
2024-12-21,3924,S19W95,317,0160,Dao,07,02
2024-12-21,3925,N10W32,254,0010,Axx,01,01
2024-12-21,3926,S20E04,219,0150,Hax,03,02
2024-12-21,3927,S11E44,178,0280,Eki,13,10
2024-12-21,3928,S17E49,173,0150,Dai,10,06
2024-12-21,3929,N17E31,191,0020,Hsx,02,01
2024-12-21,3930,S20W36,258,0100,Cai,03,05
2024-12-21,3931,N23E32,190,0010,Bxo,02,03
2024-12-21,3932,S18E62,160,0180,Dai,07,08
2024-12-22,3922,S19W78,286,0240,Dao,10,05
2024-12-22,3926,S20W10,218,0120,Hax,03,02
2024-12-22,3927,S08E25,183,0100,Hsx,02,01
2024-12-22,3928,S14E34,174,0220,Dai,09,12
2024-12-22,3929,N17E18,190,0010,Axx,01,01
2024-12-22,3930,S22W49,257,0080,Cai,05,05
2024-12-22,3931,N24E18,190,0020,Bxo,04,03
2024-12-22,3932,S17E54,154,0310,Ekc,13,12
2024-12-22,3933,S08E34,174,0200,Dao,10,07
2024-12-22,3934,N12E60,148,0060,Dro,09,04
2024-12-23,3922,S19W91,286,0120,Dao,10,02
2024-12-23,3926,S21W23,218,0100,Hsx,03,01
2024-12-23,3927,S08E11,184,0090,Hsx,02,01
2024-12-23,3928,S13E20,175,0260,Dki,09,18
2024-12-23,3929,N17E04,191,0010,Axx,01,01
2024-12-23,3930,S22W62,257,0090,Dai,06,07
2024-12-23,3931,N25E05,190,0010,Axx,01,01
2024-12-23,3932,S17E42,153,0480,Ekc,12,17
2024-12-23,3933,S07E21,174,0260,Dko,09,09
2024-12-23,3934,N13E47,148,0150,Fao,17,08
2024-12-23,3935,S18E67,128,0140,Hsx,03,01
2024-12-24,3926,S19W35,217,0100,Hsx,03,01
2024-12-24,3927,S08W03,185,0090,Hsx,02,01
2024-12-24,3928,S14E06,176,0260,Dko,09,18
2024-12-24,3929,N15W10,192,0020,Bxo,04,04
2024-12-24,3930,S23W76,258,0180,Eai,10,06
2024-12-24,3932,S17E27,155,0480,Fkc,19,25
2024-12-24,3933,S08E07,175,0300,Fki,16,18
2024-12-24,3934,N12E30,152,0040,Cso,07,04
2024-12-24,3935,S18E57,124,0150,Cso,05,02
2024-12-24,3936,N13E41,142,0260,Dko,08,09
2024-12-24,3937,S11E66,116,0040,Hrx,02,01
2024-12-25,3926,S21W48,217,0080,Hax,03,01
2024-12-25,3927,S08W16,185,0090,Hax,02,01
2024-12-25,3928,S14W07,176,0280,Dkc,09,20
2024-12-25,3929,N15W24,193,0010,Bxo,04,02
2024-12-25,3930,S23W89,258,0180,Eai,11,06
2024-12-25,3932,S18E13,156,0380,Fkc,17,30
2024-12-25,3933,S08W06,175,0350,Ekc,14,18
2024-12-25,3934,N13E13,156,0040,Cso,01,02
2024-12-25,3935,S18E43,126,0150,Cso,04,02
2024-12-25,3936,N13E27,142,0350,Dkc,10,09
2024-12-25,3937,S12E52,117,0040,Hsx,01,01
2024-12-25,3938,N20E66,103,0180,Dsi,09,07
2024-12-26,3926,S21W62,218,0090,Hax,03,01
2024-12-26,3927,S08W30,185,0060,Hax,02,02
2024-12-26,3928,S14W22,177,0280,Dkc,09,26
2024-12-26,3932,S18E01,154,0380,Fkc,17,34
2024-12-26,3933,S08W21,176,0350,Ekc,14,18
2024-12-26,3934,N13W01,156,0040,Hax,01,01
2024-12-26,3935,S18E29,126,0150,Cso,03,02
2024-12-26,3936,N13E12,143,0350,Dkc,09,09
2024-12-26,3937,S12E38,117,0040,Hsx,01,01
2024-12-26,3938,N20E53,102,0180,Dsi,08,12
2024-12-26,3939,S17E74,082,0030,Cso,03,02
2024-12-27,3926,S21W76,219,0090,Hax,03,01
2024-12-27,3927,S08W43,186,0040,Hax,02,01
2024-12-27,3928,S14W35,178,0200,Eac,13,16
2024-12-27,3932,S17W08,151,0280,Ekc,12,21
2024-12-27,3933,S08W34,177,0300,Eko,13,12
2024-12-27,3934,N13W15,158,0020,Hax,01,01
2024-12-27,3935,S18E15,128,0150,Cao,04,02
2024-12-27,3936,N14W01,144,0400,Ekc,12,23
2024-12-27,3937,S12E25,118,0040,Hsx,02,01
2024-12-27,3938,N21E40,103,0210,Eac,12,22
2024-12-27,3939,S17E60,083,0040,Hsx,04,01
2024-12-28,3927,S08W58,187,0005,Axx,01,01
2024-12-28,3928,S14W50,179,0120,Dai,09,17
2024-12-28,3929,N18W67,196,0010,Bxo,04,02
2024-12-28,3932,S17W23,152,0120,Dac,06,24
2024-12-28,3933,S07W48,177,0200,Dac,10,16
2024-12-28,3935,S18E01,128,0060,Hsx,02,01
2024-12-28,3936,N14W16,145,0330,Ekc,11,25
2024-12-28,3937,S13E10,119,0020,Hsx,01,01
2024-12-28,3938,N19E25,104,0150,Dac,07,21
2024-12-28,3939,S17E45,084,0080,Hsx,02,02
2024-12-28,3940,S05E38,091,0005,Axx,01,01
2024-12-28,3941,S05E50,079,0020,Hax,02,02
2024-12-29,3927,S08W71,187,0005,Axx,01,01
2024-12-29,3928,S15W61,177,0100,Dao,06,06
2024-12-29,3929,N17W80,196,0030,Cao,04,03
2024-12-29,3932,S17W37,153,0140,Dac,07,13
2024-12-29,3933,S08W61,177,0140,Eai,11,09
2024-12-29,3935,S19W12,128,0080,Hsx,02,01
2024-12-29,3936,N13W29,145,0350,Ekc,11,30
2024-12-29,3937,S12W01,117,0030,Hsx,01,01
2024-12-29,3938,N19E12,104,0210,Dai,09,20
2024-12-29,3939,S17E34,082,0110,Dso,05,06
2024-12-29,3940,S06E38,078,0010,Axx,01,01
2024-12-29,3941,S06E37,079,0020,Bxo,05,02
2024-12-30,3928,S14W75,178,0010,Hrx,01,01
2024-12-30,3929,N18W93,196,0030,Cao,04,03
2024-12-30,3932,S17W50,153,0040,Dai,08,13
2024-12-30,3933,S08W75,178,0180,Eai,15,08
2024-12-30,3935,S19W24,127,0060,Hsx,02,01
2024-12-30,3936,N13W41,144,0380,Ekc,15,20
2024-12-30,3937,S12W14,117,0020,Hsx,01,01
2024-12-30,3938,N20W01,104,0170,Dai,08,21
2024-12-30,3939,S17E20,083,0120,Dso,07,14
2024-12-30,3941,S06E26,077,0070,Dai,09,16
2024-12-30,3942,S13E54,049,0010,Axx,01,01
2024-12-31,3928,S14W89,179,0010,Axx,01,01
2024-12-31,3932,S16W62,152,0040,Cao,07,04
2024-12-31,3933,S08W87,177,0180,Eao,11,05
2024-12-31,3935,S19W38,127,0070,Hsx,03,01
2024-12-31,3936,N12W55,144,0400,Ekc,15,22
2024-12-31,3937,S12W27,117,0020,Hsx,01,01
2024-12-31,3938,N20W14,104,0150,Dao,10,12
2024-12-31,3939,S17E06,084,0110,Dac,07,12
2024-12-31,3941,S06E14,076,0070,Eac,11,13
2024-12-31,3942,S13E40,050,0010,Axx,01,01
2024-12-31,3943,S15E73,017,0040,Hax,03,01
2025-01-01,3932,S15W76,153,0010,Axx,02,02
2025-01-01,3935,S19W51,128,0070,Hax,02,01
2025-01-01,3936,N13W69,146,0360,Fkc,16,20
2025-01-01,3937,S12W41,118,0020,Hsx,01,01
2025-01-01,3938,N19W28,105,0140,Dai,09,14
2025-01-01,3939,S17W07,084,0130,Dac,07,14
2025-01-01,3941,S06W00,077,0080,Cai,11,10
2025-01-01,3943,S15E62,015,0090,Dao,08,06
2025-01-01,3944,S14E33,044,0140,Dao,07,04
