gev_20170104_0234,2017-01-04 02:34:00,2017-01-04 02:39:00,2017-01-04 02:50:00,B1.8,POINT(58 -8),2624
gev_20170105_0238,2017-01-05 02:38:00,2017-01-05 02:49:00,2017-01-05 03:08:00,B1.2,POINT(72 -8),2624
gev_20170105_1820,2017-01-05 18:20:00,2017-01-05 18:31:00,2017-01-05 18:39:00,B1.4,POINT(84 -8),2624
gev_20170106_0751,2017-01-06 07:51:00,2017-01-06 08:03:00,2017-01-06 09:30:00,A7.1,POINT(89 -8),2624
gev_20170110_1025,2017-01-10 10:25:00,2017-01-10 10:30:00,2017-01-10 10:33:00,B7.3,POINT(75 14),0
gev_20170110_1256,2017-01-10 12:56:00,2017-01-10 13:00:00,2017-01-10 13:04:00,B8.8,POINT(77 13),0
gev_20170110_1510,2017-01-10 15:10:00,2017-01-10 15:13:00,2017-01-10 15:21:00,B3.9,POINT(78 14),0
gev_20170110_1521,2017-01-10 15:21:00,2017-01-10 15:25:00,2017-01-10 15:31:00,B4.1,POINT(78 15),0
gev_20170110_1559,2017-01-10 15:59:00,2017-01-10 16:03:00,2017-01-10 16:10:00,B2.4,POINT(76 14),0
gev_20170110_1636,2017-01-10 16:36:00,2017-01-10 16:46:00,2017-01-10 16:49:00,B6.6,POINT(79 15),0
gev_20170110_1803,2017-01-10 18:03:00,2017-01-10 18:08:00,2017-01-10 18:13:00,B5.4,POINT(79 15),0
gev_20170110_2107,2017-01-10 21:07:00,2017-01-10 21:12:00,2017-01-10 21:15:00,B1.2,POINT(82 16),0
gev_20170110_2236,2017-01-10 22:36:00,2017-01-10 22:47:00,2017-01-10 22:54:00,B2.5,POINT(84 15),0
gev_20170111_0153,2017-01-11 01:53:00,2017-01-11 01:58:00,2017-01-11 02:01:00,B3.2,POINT(84 16),0
gev_20170111_1452,2017-01-11 14:52:00,2017-01-11 15:00:00,2017-01-11 15:40:00,B2.3,POINT(88 13),0
gev_20170111_1551,2017-01-11 15:51:00,2017-01-11 15:54:00,2017-01-11 15:56:00,B2.4,POINT(-89 3),2625
gev_20170111_1604,2017-01-11 16:04:00,2017-01-11 16:07:00,2017-01-11 16:10:00,B4.0,POINT(88 12),0
gev_20170111_1923,2017-01-11 19:23:00,2017-01-11 19:35:00,2017-01-11 20:01:00,B2.4,POINT(-89 2),2625
gev_20170111_2135,2017-01-11 21:35:00,2017-01-11 21:43:00,2017-01-11 21:53:00,B5.0,POINT(88 12),0
gev_20170112_0521,2017-01-12 05:21:00,2017-01-12 05:53:00,2017-01-12 06:09:00,B2.0,POINT(88 13),0
gev_20170112_0656,2017-01-12 06:56:00,2017-01-12 07:05:00,2017-01-12 07:12:00,B3.4,POINT(88 13),0
gev_20170112_1554,2017-01-12 15:54:00,2017-01-12 16:18:00,2017-01-12 16:41:00,C3.8,POINT(-89 5),2626
gev_20170114_0708,2017-01-14 07:08:00,2017-01-14 07:16:00,2017-01-14 07:20:00,B2.1,POINT(-65 9),2626
gev_20170116_0141,2017-01-16 01:41:00,2017-01-16 01:44:00,2017-01-16 01:48:00,B1.3,POINT(-41 9),2626
gev_20170116_1737,2017-01-16 17:37:00,2017-01-16 17:48:00,2017-01-16 17:57:00,B1.3,POINT(-32 8),2626
gev_20170116_1811,2017-01-16 18:11:00,2017-01-16 18:23:00,2017-01-16 18:51:00,B2.0,POINT(-26 2),2625
gev_20170116_1812,2017-01-16 18:12:00,2017-01-16 18:23:00,2017-01-16 18:35:00,B1.4,POINT(-26 2),2625
gev_20170118_1833,2017-01-18 18:33:00,2017-01-18 18:36:00,2017-01-18 18:39:00,B1.3,POINT(-86 -39),0
gev_20170120_0648,2017-01-20 06:48:00,2017-01-20 07:15:00,2017-01-20 07:39:00,B1.8,POINT(-62 10),0
gev_20170120_0750,2017-01-20 07:50:00,2017-01-20 08:36:00,2017-01-20 08:50:00,B2.7,POINT(-61 11),0
gev_20170120_0933,2017-01-20 09:33:00,2017-01-20 09:39:00,2017-01-20 09:42:00,B4.3,POINT(-57 12),0
gev_20170120_1037,2017-01-20 10:37:00,2017-01-20 10:46:00,2017-01-20 10:52:00,B5.3,POINT(-58 11),0
gev_20170120_1509,2017-01-20 15:09:00,2017-01-20 15:16:00,2017-01-20 15:20:00,B3.1,POINT(-56 11),0
gev_20170120_1709,2017-01-20 17:09:00,2017-01-20 17:12:00,2017-01-20 17:16:00,B4.1,POINT(-34 5),0
gev_20170120_2057,2017-01-20 20:57:00,2017-01-20 21:00:00,2017-01-20 21:04:00,B2.6,POINT(-31 4),0
gev_20170121_0228,2017-01-21 02:28:00,2017-01-21 02:31:00,2017-01-21 02:36:00,B7.1,POINT(-49 10),0
gev_20170121_0300,2017-01-21 03:00:00,2017-01-21 03:05:00,2017-01-21 03:07:00,B7.6,POINT(-47 11),0
gev_20170121_0402,2017-01-21 04:02:00,2017-01-21 04:05:00,2017-01-21 04:07:00,B3.6,POINT(-47 11),0
gev_20170121_0623,2017-01-21 06:23:00,2017-01-21 06:29:00,2017-01-21 06:36:00,C1.2,POINT(-45 10),0
gev_20170121_0702,2017-01-21 07:02:00,2017-01-21 07:05:00,2017-01-21 07:09:00,B8.4,POINT(-46 11),0
gev_20170121_0714,2017-01-21 07:14:00,2017-01-21 07:26:00,2017-01-21 07:29:00,C9.3,POINT(-44 10),0
gev_20170121_0823,2017-01-21 08:23:00,2017-01-21 08:26:00,2017-01-21 08:29:00,B3.5,POINT(-44 10),0
gev_20170121_0858,2017-01-21 08:58:00,2017-01-21 09:06:00,2017-01-21 09:10:00,B3.8,POINT(-43 10),0
gev_20170121_0912,2017-01-21 09:12:00,2017-01-21 09:17:00,2017-01-21 09:26:00,B5.1,POINT(-44 10),0
gev_20170121_0940,2017-01-21 09:40:00,2017-01-21 09:46:00,2017-01-21 09:52:00,C1.0,POINT(-44 11),0
gev_20170121_1019,2017-01-21 10:19:00,2017-01-21 10:23:00,2017-01-21 10:27:00,C1.1,POINT(-43 10),0
gev_20170121_1059,2017-01-21 10:59:00,2017-01-21 11:08:00,2017-01-21 11:11:00,C6.1,POINT(-42 10),0
gev_20170121_1319,2017-01-21 13:19:00,2017-01-21 13:26:00,2017-01-21 13:30:00,C1.8,POINT(-41 10),0
gev_20170121_1408,2017-01-21 14:08:00,2017-01-21 14:10:00,2017-01-21 14:13:00,B5.1,POINT(-41 10),0
gev_20170122_1223,2017-01-22 12:23:00,2017-01-22 12:27:00,2017-01-22 12:34:00,B2.4,POINT(-9 4),0
gev_20170124_1603,2017-01-24 16:03:00,2017-01-24 16:08:00,2017-01-24 16:11:00,B1.9,POINT(-66 15),0
gev_20170124_1747,2017-01-24 17:47:00,2017-01-24 17:55:00,2017-01-24 18:01:00,B5.2,POINT(-64 15),2629
gev_20170124_1839,2017-01-24 18:39:00,2017-01-24 18:45:00,2017-01-24 18:56:00,B2.6,POINT(-64 16),2629
gev_20170124_2344,2017-01-24 23:44:00,2017-01-24 23:49:00,2017-01-24 23:49:00,B3.2,POINT(-61 16),2629
gev_20170125_0215,2017-01-25 02:15:00,2017-01-25 02:20:00,2017-01-25 02:24:00,B4.6,POINT(-59 15),2629
gev_20170125_0354,2017-01-25 03:54:00,2017-01-25 03:58:00,2017-01-25 04:02:00,B2.4,POINT(-56 15),2629
gev_20170125_0416,2017-01-25 04:16:00,2017-01-25 04:20:00,2017-01-25 04:24:00,B3.0,POINT(-56 15),2629
gev_20170125_0943,2017-01-25 09:43:00,2017-01-25 09:48:00,2017-01-25 09:54:00,B4.0,POINT(-55 16),2630
gev_20170125_1048,2017-01-25 10:48:00,2017-01-25 10:51:00,2017-01-25 10:55:00,B2.3,POINT(-53 15),2630
gev_20170125_1519,2017-01-25 15:19:00,2017-01-25 15:31:00,2017-01-25 15:36:00,B6.5,POINT(-50 15),2629
gev_20170125_1648,2017-01-25 16:48:00,2017-01-25 16:53:00,2017-01-25 16:59:00,B4.6,POINT(-42 8),2629
gev_20170125_1755,2017-01-25 17:55:00,2017-01-25 18:01:00,2017-01-25 18:11:00,B3.0,POINT(-49 16),2629
gev_20170125_1922,2017-01-25 19:22:00,2017-01-25 19:32:00,2017-01-25 19:42:00,B3.8,POINT(-48 15),2629
gev_20170125_2009,2017-01-25 20:09:00,2017-01-25 20:12:00,2017-01-25 20:16:00,B2.2,POINT(-51 16),2630
gev_20170125_2122,2017-01-25 21:22:00,2017-01-25 21:28:00,2017-01-25 21:32:00,B8.5,POINT(-36 13),2629
gev_20170125_2248,2017-01-25 22:48:00,2017-01-25 22:51:00,2017-01-25 22:56:00,B2.2,POINT(15 11),2628
gev_20170126_0348,2017-01-26 03:48:00,2017-01-26 03:52:00,2017-01-26 03:57:00,B2.2,POINT(-44 16),2629
gev_20170126_0406,2017-01-26 04:06:00,2017-01-26 04:12:00,2017-01-26 04:15:00,B4.1,POINT(-42 15),2629
gev_20170126_0440,2017-01-26 04:40:00,2017-01-26 04:43:00,2017-01-26 04:46:00,B2.1,POINT(-42 15),2629
gev_20170126_0523,2017-01-26 05:23:00,2017-01-26 05:28:00,2017-01-26 05:33:00,B2.3,POINT(-43 16),2629
gev_20170126_0608,2017-01-26 06:08:00,2017-01-26 06:13:00,2017-01-26 06:18:00,B3.9,POINT(-42 15),2629
gev_20170126_1218,2017-01-26 12:18:00,2017-01-26 12:21:00,2017-01-26 12:23:00,B2.0,POINT(-37 15),2629
gev_20170126_1626,2017-01-26 16:26:00,2017-01-26 16:33:00,2017-01-26 16:39:00,B2.6,POINT(-36 15),2629
gev_20170126_1648,2017-01-26 16:48:00,2017-01-26 16:51:00,2017-01-26 16:54:00,B2.2,POINT(-36 16),2629
gev_20170127_1038,2017-01-27 10:38:00,2017-01-27 10:45:00,2017-01-27 10:52:00,B5.4,POINT(58 5),2627
gev_20170127_1535,2017-01-27 15:35:00,2017-01-27 15:39:00,2017-01-27 15:43:00,B2.3,POINT(-24 16),2629
gev_20170128_2056,2017-01-28 20:56:00,2017-01-28 21:09:00,2017-01-28 21:21:00,C2.8,POINT(79 6),2627
gev_20170204_0557,2017-02-04 05:57:00,2017-02-04 06:00:00,2017-02-04 06:04:00,B1.2,POINT(80 -4),2631
gev_20170204_1259,2017-02-04 12:59:00,2017-02-04 13:12:00,2017-02-04 13:45:00,B1.6,POINT(57 17),2632
gev_20170206_1616,2017-02-06 16:16:00,2017-02-06 16:22:00,2017-02-06 16:31:00,B1.5,POINT(-67 4),2634
gev_20170208_2308,2017-02-08 23:08:00,2017-02-08 23:11:00,2017-02-08 23:18:00,B1.1,POINT(-27 13),2635
gev_20170208_2338,2017-02-08 23:38:00,2017-02-08 23:57:00,2017-02-09 00:10:00,B1.7,POINT(-27 13),2635
gev_20170209_0042,2017-02-09 00:42:00,2017-02-09 00:50:00,2017-02-09 00:55:00,B2.7,POINT(-26 13),2635
gev_20170209_0135,2017-02-09 01:35:00,2017-02-09 01:40:00,2017-02-09 01:42:00,B3.1,POINT(-25 12),2635
gev_20170209_0145,2017-02-09 01:45:00,2017-02-09 01:51:00,2017-02-09 01:56:00,C1.1,POINT(-26 13),2635
gev_20170209_0256,2017-02-09 02:56:00,2017-02-09 03:09:00,2017-02-09 03:09:00,B6.0,POINT(-25 13),2635
gev_20170209_0320,2017-02-09 03:20:00,2017-02-09 03:26:00,2017-02-09 03:29:00,C1.3,POINT(-26 13),2635
gev_20170209_0531,2017-02-09 05:31:00,2017-02-09 05:42:00,2017-02-09 05:49:00,B6.1,POINT(-24 13),2635
gev_20170209_0605,2017-02-09 06:05:00,2017-02-09 06:12:00,2017-02-09 06:15:00,B3.8,POINT(-22 12),2635
gev_20170209_0631,2017-02-09 06:31:00,2017-02-09 06:35:00,2017-02-09 06:37:00,B3.3,POINT(-23 13),2635
gev_20170209_0655,2017-02-09 06:55:00,2017-02-09 07:02:00,2017-02-09 07:04:00,C1.1,POINT(-22 12),2635
gev_20170209_0739,2017-02-09 07:39:00,2017-02-09 07:48:00,2017-02-09 07:50:00,B3.0,POINT(-22 13),2635
gev_20170209_0932,2017-02-09 09:32:00,2017-02-09 09:37:00,2017-02-09 09:39:00,B3.0,POINT(-21 12),2635
gev_20170209_1032,2017-02-09 10:32:00,2017-02-09 10:35:00,2017-02-09 10:37:00,B1.5,POINT(-20 11),2635
gev_20170209_1056,2017-02-09 10:56:00,2017-02-09 10:59:00,2017-02-09 11:03:00,B1.1,POINT(-20 13),2635
gev_20170209_1154,2017-02-09 11:54:00,2017-02-09 12:04:00,2017-02-09 12:31:00,B1.7,POINT(-21 13),2635
gev_20170212_0430,2017-02-12 04:30:00,2017-02-12 04:34:00,2017-02-12 04:38:00,B1.5,POINT(16 12),2635
gev_20170213_0626,2017-02-13 06:26:00,2017-02-13 06:36:00,2017-02-13 06:50:00,B1.8,POINT(30 11),2635
gev_20170215_1234,2017-02-15 12:34:00,2017-02-15 12:42:00,2017-02-15 12:46:00,B2.3,POINT(-62 10),2636
gev_20170215_2048,2017-02-15 20:48:00,2017-02-15 20:51:00,2017-02-15 20:54:00,B1.0,POINT(66 12),2635
gev_20170217_0927,2017-02-17 09:27:00,2017-02-17 09:32:00,2017-02-17 09:38:00,B1.6,POINT(-37 10),2636
gev_20170217_0953,2017-02-17 09:53:00,2017-02-17 09:56:00,2017-02-17 09:58:00,B1.3,POINT(-36 11),2636
gev_20170218_0042,2017-02-18 00:42:00,2017-02-18 01:45:00,2017-02-18 02:33:00,B2.8,POINT(-87 16),0
gev_20170218_0053,2017-02-18 00:53:00,2017-02-18 01:45:00,2017-02-18 02:20:00,B2.8,POINT(-87 16),0
gev_20170218_0253,2017-02-18 02:53:00,2017-02-18 03:19:00,2017-02-18 03:50:00,B3.1,POINT(-87 16),0
gev_20170218_0256,2017-02-18 02:56:00,2017-02-18 03:19:00,2017-02-18 03:41:00,B3.1,POINT(-87 16),0
gev_20170219_0537,2017-02-19 05:37:00,2017-02-19 05:41:00,2017-02-19 05:48:00,B3.0,POINT(-86 21),2638
gev_20170219_1647,2017-02-19 16:47:00,2017-02-19 16:50:00,2017-02-19 16:55:00,B2.6,POINT(-87 19),2638
gev_20170220_1122,2017-02-20 11:22:00,2017-02-20 11:29:00,2017-02-20 11:37:00,B4.5,POINT(-75 20),2638
gev_20170220_1151,2017-02-20 11:51:00,2017-02-20 11:56:00,2017-02-20 12:01:00,B3.7,POINT(-86 23),2638
gev_20170220_1343,2017-02-20 13:43:00,2017-02-20 13:48:00,2017-02-20 13:51:00,B5.4,POINT(-76 15),2638
gev_20170220_1414,2017-02-20 14:14:00,2017-02-20 14:25:00,2017-02-20 14:32:00,B7.5,POINT(-69 19),2638
gev_20170220_1656,2017-02-20 16:56:00,2017-02-20 17:03:00,2017-02-20 17:11:00,B3.7,POINT(-68 19),2638
gev_20170220_2310,2017-02-20 23:10:00,2017-02-20 23:14:00,2017-02-20 23:20:00,B2.5,POINT(-62 18),2638
gev_20170221_0514,2017-02-21 05:14:00,2017-02-21 05:22:00,2017-02-21 05:26:00,B3.0,POINT(-68 14),2638
gev_20170221_0641,2017-02-21 06:41:00,2017-02-21 06:45:00,2017-02-21 06:50:00,B2.8,POINT(-5 -83),0
gev_20170221_1120,2017-02-21 11:20:00,2017-02-21 11:23:00,2017-02-21 11:25:00,B2.3,POINT(-60 18),2638
gev_20170221_1127,2017-02-21 11:27:00,2017-02-21 11:31:00,2017-02-21 11:33:00,B2.7,POINT(-60 18),2638
gev_20170221_1358,2017-02-21 13:58:00,2017-02-21 14:01:00,2017-02-21 14:05:00,B2.9,POINT(-59 20),2638
gev_20170221_2247,2017-02-21 22:47:00,2017-02-21 22:53:00,2017-02-21 23:04:00,B3.0,POINT(-52 19),2638
gev_20170222_0140,2017-02-22 01:40:00,2017-02-22 01:51:00,2017-02-22 02:02:00,B6.8,POINT(-56 18),2638
gev_20170222_1303,2017-02-22 13:03:00,2017-02-22 13:27:00,2017-02-22 13:38:00,C4.1,POINT(-48 19),2641
gev_20170222_2107,2017-02-22 21:07:00,2017-02-22 21:13:00,2017-02-22 21:18:00,B4.9,POINT(-41 19),2638
gev_20170223_0045,2017-02-23 00:45:00,2017-02-23 01:05:00,2017-02-23 01:20:00,B4.4,POINT(-43 19),2638
gev_20170223_1042,2017-02-23 10:42:00,2017-02-23 10:54:00,2017-02-23 11:04:00,B4.8,POINT(-31 18),2638
gev_20170223_1418,2017-02-23 14:18:00,2017-02-23 14:28:00,2017-02-23 14:42:00,B2.4,POINT(-33 18),2638
gev_20170223_2017,2017-02-23 20:17:00,2017-02-23 20:24:00,2017-02-23 20:27:00,B5.8,POINT(-29 19),2638
gev_20170223_2036,2017-02-23 20:36:00,2017-02-23 20:53:00,2017-02-23 21:17:00,C1.3,POINT(-27 19),2638
gev_20170224_0004,2017-02-24 00:04:00,2017-02-24 00:12:00,2017-02-24 00:14:00,C1.1,POINT(-27 19),2638
gev_20170226_2311,2017-02-26 23:11:00,2017-02-26 23:18:00,2017-02-26 23:25:00,B3.2,POINT(-26 9),2640
gev_20170227_0457,2017-02-27 04:57:00,2017-02-27 05:00:00,2017-02-27 05:04:00,B1.5,POINT(-24 9),2640
gev_20170227_1712,2017-02-27 17:12:00,2017-02-27 17:23:00,2017-02-27 18:04:00,B2.9,POINT(-51 14),2641
gev_20170227_1713,2017-02-27 17:13:00,2017-02-27 17:24:00,2017-02-27 17:35:00,B3.5,POINT(-51 14),0
gev_20170227_2007,2017-02-27 20:07:00,2017-02-27 20:17:00,2017-02-27 20:25:00,B9.3,POINT(-49 14),2641
gev_20170227_2136,2017-02-27 21:36:00,2017-02-27 21:39:00,2017-02-27 21:42:00,B2.6,POINT(-46 14),2641
gev_20170228_0030,2017-02-28 00:30:00,2017-02-28 00:45:00,2017-02-28 00:54:00,B5.1,POINT(-46 15),2641
gev_20170228_0430,2017-02-28 04:30:00,2017-02-28 04:38:00,2017-02-28 04:45:00,B3.3,POINT(-44 15),2641
gev_20170228_0623,2017-02-28 06:23:00,2017-02-28 06:29:00,2017-02-28 06:32:00,B3.5,POINT(-42 15),2641
gev_20170228_1142,2017-02-28 11:42:00,2017-02-28 11:51:00,2017-02-28 12:15:00,B7.7,POINT(-42 14),2641
gev_20170301_0407,2017-03-01 04:07:00,2017-03-01 04:12:00,2017-03-01 04:19:00,B2.1,POINT(-30 14),2641
gev_20170301_0430,2017-03-01 04:30:00,2017-03-01 04:33:00,2017-03-01 04:37:00,B1.9,POINT(-29 14),2641
gev_20170301_0739,2017-03-01 07:39:00,2017-03-01 07:43:00,2017-03-01 07:49:00,B1.2,POINT(-26 14),2641
gev_20170301_0757,2017-03-01 07:57:00,2017-03-01 08:00:00,2017-03-01 08:02:00,B2.8,POINT(-26 14),2641
gev_20170301_0803,2017-03-01 08:03:00,2017-03-01 08:07:00,2017-03-01 08:10:00,B2.6,POINT(-27 14),2641
gev_20170302_0116,2017-03-02 01:16:00,2017-03-02 01:19:00,2017-03-02 01:26:00,B1.2,POINT(-80 4),0
gev_20170302_2312,2017-03-02 23:12:00,2017-03-02 23:53:00,2017-03-03 00:08:00,B1.7,POINT(-8 15),2641
gev_20170303_0535,2017-03-03 05:35:00,2017-03-03 05:40:00,2017-03-03 05:43:00,B2.1,POINT(-4 15),2641
gev_20170303_0655,2017-03-03 06:55:00,2017-03-03 07:32:00,2017-03-03 07:46:00,B1.7,POINT(-8 -82),0
gev_20170304_0533,2017-03-04 05:33:00,2017-03-04 05:38:00,2017-03-04 05:44:00,B1.1,POINT(7 16),2641
gev_20170304_1012,2017-03-04 10:12:00,2017-03-04 10:18:00,2017-03-04 10:27:00,B1.7,POINT(10 16),2641
gev_20170304_2255,2017-03-04 22:55:00,2017-03-04 22:59:00,2017-03-04 23:08:00,B1.3,POINT(22 15),2641
gev_20170306_0909,2017-03-06 09:09:00,2017-03-06 09:12:00,2017-03-06 09:14:00,B1.9,POINT(-89 0),0
gev_20170306_0922,2017-03-06 09:22:00,2017-03-06 09:25:00,2017-03-06 09:27:00,B2.2,POINT(74 13),2638
gev_20170306_1158,2017-03-06 11:58:00,2017-03-06 12:03:00,2017-03-06 12:10:00,B1.5,POINT(38 17),2641
gev_20170307_0954,2017-03-07 09:54:00,2017-03-07 09:57:00,2017-03-07 09:59:00,B1.9,POINT(-89 -7),0
gev_20170307_1026,2017-03-07 10:26:00,2017-03-07 10:29:00,2017-03-07 10:31:00,B1.8,POINT(59 -9),0
gev_20170308_0005,2017-03-08 00:05:00,2017-03-08 00:09:00,2017-03-08 00:11:00,B1.8,POINT(88 7),2638
gev_20170308_0349,2017-03-08 03:49:00,2017-03-08 03:52:00,2017-03-08 03:54:00,B2.0,POINT(85 -31),0
gev_20170308_0413,2017-03-08 04:13:00,2017-03-08 04:17:00,2017-03-08 04:19:00,B2.0,POINT(11 -45),0
gev_20170308_0437,2017-03-08 04:37:00,2017-03-08 05:42:00,2017-03-08 05:54:00,B5.1,POINT(72 15),2642
gev_20170308_0601,2017-03-08 06:01:00,2017-03-08 06:04:00,2017-03-08 06:06:00,B3.0,POINT(69 14),2642
gev_20170308_0846,2017-03-08 08:46:00,2017-03-08 08:49:00,2017-03-08 08:51:00,B1.8,POINT(69 14),2641
gev_20170308_0937,2017-03-08 09:37:00,2017-03-08 09:41:00,2017-03-08 09:43:00,B2.1,POINT(-85 -35),0
gev_20170308_1015,2017-03-08 10:15:00,2017-03-08 10:18:00,2017-03-08 10:20:00,B1.8,POINT(72 14),2642
gev_20170308_1138,2017-03-08 11:38:00,2017-03-08 11:41:00,2017-03-08 11:43:00,B1.8,POINT(-86 -29),0
gev_20170308_2334,2017-03-08 23:34:00,2017-03-08 23:37:00,2017-03-08 23:39:00,B1.9,POINT(87 14),2642
gev_20170309_1914,2017-03-09 19:14:00,2017-03-09 19:17:00,2017-03-09 19:19:00,B1.8,POINT(88 -11),0
gev_20170309_2228,2017-03-09 22:28:00,2017-03-09 22:31:00,2017-03-09 22:33:00,B1.9,POINT(-83 -42),0
gev_20170309_2357,2017-03-09 23:57:00,2017-03-10 00:01:00,2017-03-10 00:03:00,B2.2,POINT(27 3),0
gev_20170310_0004,2017-03-10 00:04:00,2017-03-10 00:08:00,2017-03-10 00:10:00,B2.2,POINT(-83 -23),0
gev_20170310_0117,2017-03-10 01:17:00,2017-03-10 01:20:00,2017-03-10 01:22:00,B1.9,POINT(-10 -82),0
gev_20170310_0155,2017-03-10 01:55:00,2017-03-10 01:58:00,2017-03-10 02:00:00,B1.9,POINT(-88 -13),0
gev_20170310_0205,2017-03-10 02:05:00,2017-03-10 02:08:00,2017-03-10 02:10:00,B2.3,POINT(87 17),2638
gev_20170310_0246,2017-03-10 02:46:00,2017-03-10 02:49:00,2017-03-10 02:51:00,B2.4,POINT(29 5),0
gev_20170310_0320,2017-03-10 03:20:00,2017-03-10 03:23:00,2017-03-10 03:26:00,B2.6,POINT(-86 -26),0
gev_20170310_0342,2017-03-10 03:42:00,2017-03-10 03:45:00,2017-03-10 03:47:00,B2.4,POINT(87 14),2638
gev_20170310_0400,2017-03-10 04:00:00,2017-03-10 04:03:00,2017-03-10 04:05:00,B1.8,POINT(29 6),0
gev_20170310_0406,2017-03-10 04:06:00,2017-03-10 04:12:00,2017-03-10 04:14:00,B2.2,POINT(-89 4),0
gev_20170315_0014,2017-03-15 00:14:00,2017-03-15 00:18:00,2017-03-15 00:21:00,B2.4,POINT(-88 -10),0
gev_20170315_0023,2017-03-15 00:23:00,2017-03-15 00:26:00,2017-03-15 00:28:00,B2.1,POINT(3 15),0
gev_20170315_0129,2017-03-15 01:29:00,2017-03-15 01:32:00,2017-03-15 01:34:00,B2.0,POINT(-9 -83),0
gev_20170315_0201,2017-03-15 02:01:00,2017-03-15 02:04:00,2017-03-15 02:06:00,B2.2,POINT(-85 -32),0
gev_20170315_0243,2017-03-15 02:43:00,2017-03-15 02:46:00,2017-03-15 02:48:00,B1.9,POINT(-88 -13),0
gev_20170315_0331,2017-03-15 03:31:00,2017-03-15 03:34:00,2017-03-15 03:36:00,B1.9,POINT(-89 -8),0
gev_20170315_0638,2017-03-15 06:38:00,2017-03-15 06:41:00,2017-03-15 06:43:00,B2.2,POINT(-87 -20),0
gev_20170315_0645,2017-03-15 06:45:00,2017-03-15 06:48:00,2017-03-15 06:50:00,B2.0,POINT(86 -28),0
gev_20170315_0702,2017-03-15 07:02:00,2017-03-15 07:05:00,2017-03-15 07:07:00,B2.1,POINT(-89 -9),0
gev_20170315_0717,2017-03-15 07:17:00,2017-03-15 07:25:00,2017-03-15 07:28:00,B2.5,POINT(-89 -8),0
gev_20170315_0803,2017-03-15 08:03:00,2017-03-15 08:07:00,2017-03-15 08:09:00,B2.4,POINT(-89 -9),0
gev_20170315_0844,2017-03-15 08:44:00,2017-03-15 08:52:00,2017-03-15 08:54:00,B2.3,POINT(88 -17),0
gev_20170315_0918,2017-03-15 09:18:00,2017-03-15 09:24:00,2017-03-15 09:26:00,B2.2,POINT(88 -12),0
gev_20170315_1006,2017-03-15 10:06:00,2017-03-15 10:09:00,2017-03-15 10:12:00,B3.1,POINT(-89 -9),0
gev_20170315_1102,2017-03-15 11:02:00,2017-03-15 11:06:00,2017-03-15 11:08:00,B2.4,POINT(-89 -9),0
gev_20170315_1113,2017-03-15 11:13:00,2017-03-15 11:16:00,2017-03-15 11:18:00,B2.6,POINT(88 -17),0
gev_20170315_1149,2017-03-15 11:49:00,2017-03-15 11:52:00,2017-03-15 11:54:00,B2.7,POINT(-89 -7),0
gev_20170316_0430,2017-03-16 04:30:00,2017-03-16 05:58:00,2017-03-16 06:05:00,A4.7,POINT(-87 -9),0
gev_20170318_0222,2017-03-18 02:22:00,2017-03-18 02:29:00,2017-03-18 02:46:00,A8.7,POINT(-87 19),0
gev_20170319_0010,2017-03-19 00:10:00,2017-03-19 00:20:00,2017-03-19 00:34:00,A6.5,POINT(-40 -8),0
gev_20170320_1552,2017-03-20 15:52:00,2017-03-20 15:59:00,2017-03-20 16:06:00,B1.5,POINT(-88 6),2643
gev_20170322_1821,2017-03-22 18:21:00,2017-03-22 18:58:00,2017-03-22 19:15:00,B3.3,POINT(-63 6),2643
gev_20170325_2204,2017-03-25 22:04:00,2017-03-25 22:12:00,2017-03-25 22:19:00,B2.8,POINT(-48 12),2644
gev_20170325_2331,2017-03-25 23:31:00,2017-03-25 23:38:00,2017-03-25 23:46:00,B2.3,POINT(-47 12),2644
gev_20170326_0229,2017-03-26 02:29:00,2017-03-26 02:34:00,2017-03-26 02:41:00,B4.0,POINT(-44 13),2644
gev_20170326_0320,2017-03-26 03:20:00,2017-03-26 03:28:00,2017-03-26 03:35:00,B1.3,POINT(-44 13),2644
gev_20170326_1029,2017-03-26 10:29:00,2017-03-26 10:32:00,2017-03-26 10:37:00,B1.0,POINT(-39 12),2644
gev_20170326_1307,2017-03-26 13:07:00,2017-03-26 13:12:00,2017-03-26 13:25:00,B1.6,POINT(-38 12),2644
gev_20170326_1523,2017-03-26 15:23:00,2017-03-26 15:27:00,2017-03-26 15:29:00,B1.3,POINT(-38 12),2644
gev_20170326_1554,2017-03-26 15:54:00,2017-03-26 15:58:00,2017-03-26 16:05:00,B1.8,POINT(-37 13),2644
gev_20170326_1809,2017-03-26 18:09:00,2017-03-26 18:25:00,2017-03-26 18:52:00,B1.9,POINT(-36 12),2644
gev_20170326_1902,2017-03-26 19:02:00,2017-03-26 19:05:00,2017-03-26 19:11:00,B1.7,POINT(-35 13),2644
gev_20170326_2121,2017-03-26 21:21:00,2017-03-26 21:28:00,2017-03-26 21:41:00,B4.0,POINT(-34 15),2644
gev_20170326_2300,2017-03-26 23:00:00,2017-03-26 23:17:00,2017-03-26 23:26:00,B2.0,POINT(-33 13),2644
gev_20170326_2349,2017-03-26 23:49:00,2017-03-26 23:59:00,2017-03-27 00:08:00,C1.3,POINT(-33 12),2644
gev_20170327_0606,2017-03-27 06:06:00,2017-03-27 06:12:00,2017-03-27 06:21:00,B2.6,POINT(-29 12),2644
gev_20170327_0918,2017-03-27 09:18:00,2017-03-27 09:23:00,2017-03-27 09:29:00,B4.7,POINT(-67 -9),2645
gev_20170327_1107,2017-03-27 11:07:00,2017-03-27 11:12:00,2017-03-27 11:18:00,C3.2,POINT(-66 -9),2645
gev_20170327_1333,2017-03-27 13:33:00,2017-03-27 13:43:00,2017-03-27 13:48:00,B4.9,POINT(-65 -9),2645
gev_20170327_1410,2017-03-27 14:10:00,2017-03-27 14:16:00,2017-03-27 14:19:00,B4.6,POINT(-64 -9),2645
gev_20170327_1440,2017-03-27 14:40:00,2017-03-27 14:45:00,2017-03-27 14:51:00,B2.5,POINT(-65 -9),2645
gev_20170327_1459,2017-03-27 14:59:00,2017-03-27 15:16:00,2017-03-27 15:23:00,B4.8,POINT(-63 -9),2645
gev_20170327_1652,2017-03-27 16:52:00,2017-03-27 17:12:00,2017-03-27 17:18:00,C1.6,POINT(-62 -9),2645
gev_20170327_1739,2017-03-27 17:39:00,2017-03-27 17:43:00,2017-03-27 17:47:00,B4.1,POINT(-65 -9),2645
gev_20170327_1755,2017-03-27 17:55:00,2017-03-27 18:20:00,2017-03-27 18:24:00,C5.1,POINT(-62 -9),2645
gev_20170327_1944,2017-03-27 19:44:00,2017-03-27 20:02:00,2017-03-27 20:11:00,B5.5,POINT(-61 -9),2645
gev_20170327_2037,2017-03-27 20:37:00,2017-03-27 20:47:00,2017-03-27 20:52:00,B8.4,POINT(-61 -9),2645
gev_20170327_2137,2017-03-27 21:37:00,2017-03-27 21:40:00,2017-03-27 21:43:00,B4.1,POINT(-21 11),2644
gev_20170327_2214,2017-03-27 22:14:00,2017-03-27 22:26:00,2017-03-27 22:45:00,B8.7,POINT(-60 -9),2645
gev_20170327_2303,2017-03-27 23:03:00,2017-03-27 23:20:00,2017-03-27 23:34:00,B5.2,POINT(-60 -9),2645
gev_20170327_2336,2017-03-27 23:36:00,2017-03-27 23:45:00,2017-03-27 23:52:00,B6.8,POINT(-17 13),2644
gev_20170327_2341,2017-03-27 23:41:00,2017-03-27 23:45:00,2017-03-27 23:49:00,B6.8,POINT(-17 13),2644
gev_20170328_0016,2017-03-28 00:16:00,2017-03-28 00:27:00,2017-03-28 00:40:00,C1.2,POINT(-16 13),2644
gev_20170328_0019,2017-03-28 00:19:00,2017-03-28 00:27:00,2017-03-28 00:35:00,C1.1,POINT(-16 13),2644
gev_20170328_0049,2017-03-28 00:49:00,2017-03-28 00:53:00,2017-03-28 00:57:00,B9.1,POINT(-58 -9),2645
gev_20170328_0050,2017-03-28 00:50:00,2017-03-28 00:53:00,2017-03-28 00:55:00,B9.1,POINT(-58 -9),2645
gev_20170328_0152,2017-03-28 01:52:00,2017-03-28 02:00:00,2017-03-28 02:04:00,B6.6,POINT(-15 13),2644
gev_20170328_0256,2017-03-28 02:56:00,2017-03-28 03:00:00,2017-03-28 03:03:00,B3.1,POINT(-56 -10),2645
gev_20170328_0318,2017-03-28 03:18:00,2017-03-28 03:23:00,2017-03-28 03:25:00,C3.1,POINT(-56 -10),2645
gev_20170328_0320,2017-03-28 03:20:00,2017-03-28 03:23:00,2017-03-28 03:30:00,C3.1,POINT(-56 -10),2645
gev_20170328_0351,2017-03-28 03:51:00,2017-03-28 03:57:00,2017-03-28 04:16:00,B6.6,POINT(-13 13),2644
gev_20170328_0352,2017-03-28 03:52:00,2017-03-28 03:57:00,2017-03-28 04:07:00,B6.6,POINT(-13 13),2644
gev_20170328_0447,2017-03-28 04:47:00,2017-03-28 04:56:00,2017-03-28 05:03:00,C3.2,POINT(-56 -9),2645
gev_20170328_0712,2017-03-28 07:12:00,2017-03-28 07:19:00,2017-03-28 07:23:00,C1.1,POINT(-54 -10),2645
gev_20170328_0901,2017-03-28 09:01:00,2017-03-28 09:10:00,2017-03-28 09:16:00,B7.0,POINT(-53 -10),2645
gev_20170328_0938,2017-03-28 09:38:00,2017-03-28 09:44:00,2017-03-28 09:50:00,B4.0,POINT(-53 -10),2645
gev_20170328_0955,2017-03-28 09:55:00,2017-03-28 10:01:00,2017-03-28 10:04:00,C1.0,POINT(-53 -10),2645
gev_20170328_1318,2017-03-28 13:18:00,2017-03-28 13:22:00,2017-03-28 13:25:00,B2.8,POINT(-51 -10),2645
gev_20170328_1351,2017-03-28 13:51:00,2017-03-28 13:55:00,2017-03-28 13:59:00,B2.5,POINT(-51 -8),2645
gev_20170328_1546,2017-03-28 15:46:00,2017-03-28 15:51:00,2017-03-28 15:56:00,B2.1,POINT(68 7),2646
gev_20170328_1618,2017-03-28 16:18:00,2017-03-28 16:32:00,2017-03-28 16:38:00,B2.4,POINT(-6 12),2644
gev_20170328_1644,2017-03-28 16:44:00,2017-03-28 16:57:00,2017-03-28 17:06:00,B3.0,POINT(-47 -9),2645
gev_20170328_1724,2017-03-28 17:24:00,2017-03-28 17:33:00,2017-03-28 17:48:00,B3.5,POINT(-6 12),2644
gev_20170328_1912,2017-03-28 19:12:00,2017-03-28 19:22:00,2017-03-28 19:40:00,B2.4,POINT(-6 12),2644
gev_20170328_2048,2017-03-28 20:48:00,2017-03-28 20:54:00,2017-03-28 21:00:00,B2.1,POINT(70 7),2646
gev_20170328_2102,2017-03-28 21:02:00,2017-03-28 21:05:00,2017-03-28 21:07:00,B2.0,POINT(71 7),2646
gev_20170329_0038,2017-03-29 00:38:00,2017-03-29 00:43:00,2017-03-29 00:48:00,B3.2,POINT(-43 -10),2645
gev_20170329_0126,2017-03-29 01:26:00,2017-03-29 01:40:00,2017-03-29 01:45:00,B4.5,POINT(75 5),2646
gev_20170329_0218,2017-03-29 02:18:00,2017-03-29 02:22:00,2017-03-29 02:26:00,B3.5,POINT(-42 -11),2645
gev_20170329_0425,2017-03-29 04:25:00,2017-03-29 04:49:00,2017-03-29 05:08:00,B5.6,POINT(80 5),2646
gev_20170329_1259,2017-03-29 12:59:00,2017-03-29 13:09:00,2017-03-29 13:20:00,B3.3,POINT(1 17),2644
gev_20170329_2026,2017-03-29 20:26:00,2017-03-29 20:30:00,2017-03-29 20:32:00,B4.3,POINT(-29 -8),2645
gev_20170329_2314,2017-03-29 23:14:00,2017-03-29 23:32:00,2017-03-29 23:54:00,B6.6,POINT(10 12),2644
gev_20170329_2319,2017-03-29 23:19:00,2017-03-29 23:32:00,2017-03-29 23:50:00,B6.5,POINT(10 12),2644
gev_20170330_0004,2017-03-30 00:04:00,2017-03-30 00:12:00,2017-03-30 00:30:00,B3.9,POINT(9 11),2644
gev_20170330_0658,2017-03-30 06:58:00,2017-03-30 07:03:00,2017-03-30 07:10:00,B2.6,POINT(88 7),2646
gev_20170330_1300,2017-03-30 13:00:00,2017-03-30 13:03:00,2017-03-30 13:05:00,B2.7,POINT(-20 -8),2645
gev_20170330_1757,2017-03-30 17:57:00,2017-03-30 18:01:00,2017-03-30 18:03:00,B2.6,POINT(23 12),2644
gev_20170330_1944,2017-03-30 19:44:00,2017-03-30 19:53:00,2017-03-30 20:00:00,B2.1,POINT(23 13),2644
gev_20170331_0339,2017-03-31 03:39:00,2017-03-31 03:46:00,2017-03-31 03:50:00,B5.0,POINT(-12 -10),2645
gev_20170331_0449,2017-03-31 04:49:00,2017-03-31 04:53:00,2017-03-31 04:55:00,B4.1,POINT(-12 -10),2645
gev_20170331_0545,2017-03-31 05:45:00,2017-03-31 05:50:00,2017-03-31 05:53:00,B3.3,POINT(31 14),2644
gev_20170331_0615,2017-03-31 06:15:00,2017-03-31 06:19:00,2017-03-31 06:24:00,B2.7,POINT(-11 -10),2645
gev_20170331_1339,2017-03-31 13:39:00,2017-03-31 13:42:00,2017-03-31 13:44:00,B3.2,POINT(-7 -11),2645
gev_20170331_1441,2017-03-31 14:41:00,2017-03-31 14:47:00,2017-03-31 14:52:00,B3.7,POINT(-7 -12),2645
gev_20170331_1728,2017-03-31 17:28:00,2017-03-31 17:37:00,2017-03-31 17:50:00,C1.8,POINT(-3 -12),2645
gev_20170331_1912,2017-03-31 19:12:00,2017-03-31 19:19:00,2017-03-31 19:23:00,B2.9,POINT(-5 -9),2645
gev_20170331_2109,2017-03-31 21:09:00,2017-03-31 21:12:00,2017-03-31 21:16:00,B3.6,POINT(40 14),2644
gev_20170331_2240,2017-03-31 22:40:00,2017-03-31 23:01:00,2017-03-31 23:22:00,C1.2,POINT(-3 -10),2645
gev_20170331_2254,2017-03-31 22:54:00,2017-03-31 23:01:00,2017-03-31 23:10:00,C1.1,POINT(-3 -10),2645
gev_20170401_0120,2017-04-01 01:20:00,2017-04-01 01:26:00,2017-04-01 01:34:00,B3.8,POINT(0 -10),2645
gev_20170401_0136,2017-04-01 01:36:00,2017-04-01 01:47:00,2017-04-01 01:55:00,B5.0,POINT(-1 -9),2645
gev_20170401_0138,2017-04-01 01:38:00,2017-04-01 01:47:00,2017-04-01 01:53:00,B5.0,POINT(-1 -9),2645
gev_20170401_0344,2017-04-01 03:44:00,2017-04-01 03:51:00,2017-04-01 04:00:00,B5.1,POINT(0 -9),2645
gev_20170401_0347,2017-04-01 03:47:00,2017-04-01 03:51:00,2017-04-01 03:56:00,B5.1,POINT(0 -9),2645
gev_20170401_0412,2017-04-01 04:12:00,2017-04-01 04:15:00,2017-04-01 04:20:00,B6.4,POINT(-1 -10),2645
gev_20170401_1017,2017-04-01 10:17:00,2017-04-01 10:20:00,2017-04-01 10:22:00,B6.2,POINT(20 15),0
gev_20170401_1031,2017-04-01 10:31:00,2017-04-01 10:36:00,2017-04-01 10:39:00,B9.8,POINT(21 15),0
gev_20170401_1459,2017-04-01 14:59:00,2017-04-01 15:02:00,2017-04-01 15:09:00,B3.5,POINT(51 13),2644
gev_20170401_1523,2017-04-01 15:23:00,2017-04-01 15:49:00,2017-04-01 16:18:00,B8.1,POINT(5 -8),2645
gev_20170401_1807,2017-04-01 18:07:00,2017-04-01 18:10:00,2017-04-01 18:14:00,B7.4,POINT(51 14),2644
gev_20170401_1930,2017-04-01 19:30:00,2017-04-01 19:56:00,2017-04-01 20:13:00,C3.7,POINT(53 14),2644
gev_20170401_2135,2017-04-01 21:35:00,2017-04-01 21:48:00,2017-04-01 22:05:00,M4.4,POINT(54 13),2644
gev_20170401_2259,2017-04-01 22:59:00,2017-04-01 23:03:00,2017-04-01 23:05:00,C5.1,POINT(5 -11),2645
gev_20170401_2350,2017-04-01 23:50:00,2017-04-01 23:54:00,2017-04-01 23:57:00,B9.0,POINT(28 15),0
gev_20170402_0026,2017-04-02 00:26:00,2017-04-02 00:29:00,2017-04-02 00:31:00,B4.8,POINT(57 14),2644
gev_20170402_0206,2017-04-02 02:06:00,2017-04-02 02:10:00,2017-04-02 02:13:00,C1.0,POINT(7 -11),2645
gev_20170402_0241,2017-04-02 02:41:00,2017-04-02 02:46:00,2017-04-02 02:48:00,C8.0,POINT(8 -11),2645
gev_20170402_0455,2017-04-02 04:55:00,2017-04-02 04:58:00,2017-04-02 05:00:00,C1.2,POINT(57 14),2644
gev_20170402_0750,2017-04-02 07:50:00,2017-04-02 08:02:00,2017-04-02 08:45:00,M5.4,POINT(60 12),2644
gev_20170402_1042,2017-04-02 10:42:00,2017-04-02 11:03:00,2017-04-02 11:11:00,C1.7,POINT(65 14),2644
gev_20170402_1252,2017-04-02 12:52:00,2017-04-02 13:00:00,2017-04-02 13:11:00,M2.3,POINT(61 13),2644
gev_20170402_1444,2017-04-02 14:44:00,2017-04-02 15:08:00,2017-04-02 15:25:00,C4.2,POINT(64 13),2644
gev_20170402_1620,2017-04-02 16:20:00,2017-04-02 16:27:00,2017-04-02 16:38:00,C3.0,POINT(64 15),2644
gev_20170402_1818,2017-04-02 18:18:00,2017-04-02 18:38:00,2017-04-02 19:28:00,M2.1,POINT(66 12),2644
gev_20170402_2026,2017-04-02 20:26:00,2017-04-02 20:33:00,2017-04-02 20:38:00,M5.7,POINT(66 15),2644
gev_20170402_2027,2017-04-02 20:27:00,2017-04-02 20:33:00,2017-04-02 20:45:00,M5.7,POINT(66 15),2644
gev_20170402_2107,2017-04-02 21:07:00,2017-04-02 21:10:00,2017-04-02 21:13:00,C4.7,POINT(64 14),2644
gev_20170403_0056,2017-04-03 00:56:00,2017-04-03 01:05:00,2017-04-03 01:12:00,M1.2,POINT(68 15),2644
gev_20170403_0419,2017-04-03 04:19:00,2017-04-03 04:26:00,2017-04-03 04:31:00,C2.3,POINT(70 12),2644
gev_20170403_0455,2017-04-03 04:55:00,2017-04-03 05:27:00,2017-04-03 05:36:00,C5.7,POINT(70 13),2644
gev_20170403_0809,2017-04-03 08:09:00,2017-04-03 08:14:00,2017-04-03 08:21:00,C3.8,POINT(33 -10),2645
gev_20170403_0915,2017-04-03 09:15:00,2017-04-03 09:19:00,2017-04-03 09:21:00,C2.5,POINT(87 15),2644
gev_20170403_1107,2017-04-03 11:07:00,2017-04-03 11:13:00,2017-04-03 11:25:00,C3.9,POINT(35 -11),2645
gev_20170403_1140,2017-04-03 11:40:00,2017-04-03 11:43:00,2017-04-03 11:45:00,C2.6,POINT(35 -10),2645
gev_20170403_1216,2017-04-03 12:16:00,2017-04-03 12:20:00,2017-04-03 12:26:00,C2.6,POINT(73 13),2644
gev_20170403_1301,2017-04-03 13:01:00,2017-04-03 13:06:00,2017-04-03 13:09:00,C3.4,POINT(36 -11),2645
gev_20170403_1318,2017-04-03 13:18:00,2017-04-03 13:24:00,2017-04-03 13:28:00,C7.3,POINT(74 13),2644
gev_20170403_1419,2017-04-03 14:19:00,2017-04-03 14:29:00,2017-04-03 14:34:00,M5.8,POINT(78 16),2644
gev_20170403_1906,2017-04-03 19:06:00,2017-04-03 19:10:00,2017-04-03 19:14:00,C2.5,POINT(87 15),2644
gev_20170403_2007,2017-04-03 20:07:00,2017-04-03 20:13:00,2017-04-03 20:20:00,C5.0,POINT(78 13),2644
gev_20170403_2113,2017-04-03 21:13:00,2017-04-03 21:16:00,2017-04-03 21:18:00,C1.6,POINT(80 14),2644
gev_20170403_2251,2017-04-03 22:51:00,2017-04-03 23:02:00,2017-04-03 23:06:00,C2.3,POINT(88 14),2644
gev_20170403_2343,2017-04-03 23:43:00,2017-04-03 23:52:00,2017-04-03 23:56:00,C1.7,POINT(85 15),2644
gev_20170404_0035,2017-04-04 00:35:00,2017-04-04 00:39:00,2017-04-04 00:54:00,C1.4,POINT(36 -11),2645
gev_20170404_0128,2017-04-04 01:28:00,2017-04-04 01:32:00,2017-04-04 01:36:00,C1.9,POINT(-48 -3),2648
gev_20170404_0609,2017-04-04 06:09:00,2017-04-04 06:16:00,2017-04-04 06:19:00,C1.1,POINT(36 -10),2645
gev_20170404_0702,2017-04-04 07:02:00,2017-04-04 07:12:00,2017-04-04 07:25:00,C3.7,POINT(88 13),2644
gev_20170404_0946,2017-04-04 09:46:00,2017-04-04 09:51:00,2017-04-04 09:58:00,C2.3,POINT(78 14),2644
gev_20170404_1145,2017-04-04 11:45:00,2017-04-04 11:48:00,2017-04-04 11:50:00,B9.5,POINT(87 16),2644
gev_20170404_1212,2017-04-04 12:12:00,2017-04-04 12:16:00,2017-04-04 12:18:00,C1.9,POINT(83 14),2644
gev_20170404_1331,2017-04-04 13:31:00,2017-04-04 13:41:00,2017-04-04 13:56:00,C2.3,POINT(87 16),2644
gev_20170404_1614,2017-04-04 16:14:00,2017-04-04 16:17:00,2017-04-04 16:19:00,C1.0,POINT(43 -10),2645
gev_20170404_1623,2017-04-04 16:23:00,2017-04-04 16:27:00,2017-04-04 16:34:00,B9.1,POINT(43 -10),2645
gev_20170404_1655,2017-04-04 16:55:00,2017-04-04 17:01:00,2017-04-04 17:03:00,C1.9,POINT(87 15),2644
gev_20170404_1921,2017-04-04 19:21:00,2017-04-04 19:25:00,2017-04-04 19:27:00,C1.1,POINT(44 -10),2645
gev_20170404_1942,2017-04-04 19:42:00,2017-04-04 19:45:00,2017-04-04 19:48:00,B9.4,POINT(45 -10),2645
gev_20170404_2131,2017-04-04 21:31:00,2017-04-04 21:36:00,2017-04-04 21:39:00,C2.1,POINT(46 -10),2645
gev_20170404_2144,2017-04-04 21:44:00,2017-04-04 21:48:00,2017-04-04 21:50:00,B9.9,POINT(46 -11),2645
gev_20170404_2222,2017-04-04 22:22:00,2017-04-04 22:25:00,2017-04-04 22:27:00,C1.2,POINT(85 15),2644
gev_20170404_2330,2017-04-04 23:30:00,2017-04-04 23:42:00,2017-04-04 23:46:00,C4.9,POINT(47 -10),2645
gev_20170405_0118,2017-04-05 01:18:00,2017-04-05 01:21:00,2017-04-05 01:23:00,B5.7,POINT(48 -10),2645
gev_20170405_0245,2017-04-05 02:45:00,2017-04-05 02:50:00,2017-04-05 02:53:00,B9.8,POINT(88 14),2644
gev_20170405_0318,2017-04-05 03:18:00,2017-04-05 03:22:00,2017-04-05 03:27:00,B5.0,POINT(49 -10),2645
gev_20170405_0451,2017-04-05 04:51:00,2017-04-05 04:55:00,2017-04-05 04:58:00,C1.1,POINT(50 -10),2645
gev_20170405_0837,2017-04-05 08:37:00,2017-04-05 09:37:00,2017-04-05 09:42:00,C1.0,POINT(52 -10),2645
gev_20170405_1224,2017-04-05 12:24:00,2017-04-05 12:29:00,2017-04-05 12:38:00,B4.3,POINT(55 -11),2645
gev_20170405_1551,2017-04-05 15:51:00,2017-04-05 15:55:00,2017-04-05 15:58:00,B5.9,POINT(56 -10),2645
gev_20170405_1734,2017-04-05 17:34:00,2017-04-05 17:40:00,2017-04-05 17:45:00,B9.1,POINT(57 -10),2645
gev_20170406_0647,2017-04-06 06:47:00,2017-04-06 06:50:00,2017-04-06 06:52:00,B2.9,POINT(64 -9),2645
gev_20170406_0723,2017-04-06 07:23:00,2017-04-06 07:32:00,2017-04-06 07:43:00,B8.4,POINT(66 -11),2645
gev_20170406_0839,2017-04-06 08:39:00,2017-04-06 09:34:00,2017-04-06 09:45:00,B4.0,POINT(66 -10),2645
gev_20170406_1015,2017-04-06 10:15:00,2017-04-06 10:26:00,2017-04-06 10:29:00,C1.1,POINT(66 -10),2645
gev_20170406_1201,2017-04-06 12:01:00,2017-04-06 12:10:00,2017-04-06 12:20:00,C5.5,POINT(68 -11),2645
gev_20170406_1721,2017-04-06 17:21:00,2017-04-06 17:27:00,2017-04-06 17:34:00,B5.5,POINT(71 -11),2645
gev_20170406_2106,2017-04-06 21:06:00,2017-04-06 21:16:00,2017-04-06 21:21:00,B4.8,POINT(74 -11),2645
gev_20170406_2259,2017-04-06 22:59:00,2017-04-06 23:04:00,2017-04-06 23:11:00,B4.7,POINT(75 -11),2645
gev_20170407_0013,2017-04-07 00:13:00,2017-04-07 00:25:00,2017-04-07 00:33:00,C2.7,POINT(75 -11),2645
gev_20170407_0849,2017-04-07 08:49:00,2017-04-07 08:55:00,2017-04-07 09:03:00,B9.8,POINT(82 -11),2645
gev_20170407_1713,2017-04-07 17:13:00,2017-04-07 17:20:00,2017-04-07 17:24:00,B2.6,POINT(89 -8),2645
gev_20170407_1942,2017-04-07 19:42:00,2017-04-07 19:49:00,2017-04-07 19:52:00,C4.3,POINT(89 -10),2645
gev_20170408_0038,2017-04-08 00:38:00,2017-04-08 00:47:00,2017-04-08 00:51:00,B4.0,POINT(89 -10),2645
gev_20170408_0142,2017-04-08 01:42:00,2017-04-08 01:47:00,2017-04-08 01:53:00,B3.0,POINT(-88 7),2650
gev_20170408_0255,2017-04-08 02:55:00,2017-04-08 03:09:00,2017-04-08 03:17:00,C1.1,POINT(89 -11),2645
gev_20170408_0847,2017-04-08 08:47:00,2017-04-08 09:05:00,2017-04-08 09:12:00,C1.2,POINT(88 -12),2645
gev_20170408_1323,2017-04-08 13:23:00,2017-04-08 13:28:00,2017-04-08 13:35:00,B3.2,POINT(-88 9),2650
gev_20170408_1414,2017-04-08 14:14:00,2017-04-08 14:17:00,2017-04-08 14:23:00,B3.3,POINT(88 -12),2645
gev_20170408_1505,2017-04-08 15:05:00,2017-04-08 15:10:00,2017-04-08 15:16:00,B3.6,POINT(-88 8),2650
gev_20170408_1703,2017-04-08 17:03:00,2017-04-08 17:14:00,2017-04-08 17:26:00,B3.1,POINT(-88 8),2650
gev_20170408_1918,2017-04-08 19:18:00,2017-04-08 19:29:00,2017-04-08 19:45:00,B4.9,POINT(88 -13),2645
gev_20170408_2351,2017-04-08 23:51:00,2017-04-09 00:16:00,2017-04-09 00:23:00,B2.3,POINT(-88 8),2650
gev_20170409_1721,2017-04-09 17:21:00,2017-04-09 17:26:00,2017-04-09 17:30:00,B1.8,POINT(26 -2),2648
gev_20170410_0423,2017-04-10 04:23:00,2017-04-10 04:36:00,2017-04-10 04:47:00,B2.7,POINT(-73 10),2650
gev_20170410_0836,2017-04-10 08:36:00,2017-04-10 08:39:00,2017-04-10 08:47:00,B1.1,POINT(-65 9),2650
gev_20170410_0953,2017-04-10 09:53:00,2017-04-10 09:58:00,2017-04-10 10:12:00,B1.3,POINT(-64 9),2650
gev_20170410_1816,2017-04-10 18:16:00,2017-04-10 18:23:00,2017-04-10 18:28:00,B4.8,POINT(-65 13),2650
gev_20170410_2117,2017-04-10 21:17:00,2017-04-10 21:22:00,2017-04-10 21:26:00,B1.6,POINT(-61 10),2650
gev_20170411_0256,2017-04-11 02:56:00,2017-04-11 03:00:00,2017-04-11 03:04:00,B3.9,POINT(-56 9),2650
gev_20170411_0345,2017-04-11 03:45:00,2017-04-11 04:00:00,2017-04-11 04:12:00,B1.3,POINT(-56 9),2650
gev_20170411_1059,2017-04-11 10:59:00,2017-04-11 11:11:00,2017-04-11 11:16:00,B1.3,POINT(-52 9),2650
gev_20170411_1846,2017-04-11 18:46:00,2017-04-11 18:50:00,2017-04-11 18:54:00,B1.0,POINT(-51 -11),0
gev_20170411_1938,2017-04-11 19:38:00,2017-04-11 19:45:00,2017-04-11 19:53:00,B1.4,POINT(-50 13),2650
gev_20170412_0007,2017-04-12 00:07:00,2017-04-12 00:11:00,2017-04-12 00:32:00,B1.3,POINT(-44 9),2650
gev_20170412_1427,2017-04-12 14:27:00,2017-04-12 14:32:00,2017-04-12 14:38:00,B2.1,POINT(-40 13),2650
gev_20170414_1618,2017-04-14 16:18:00,2017-04-14 16:21:00,2017-04-14 16:25:00,B1.2,POINT(-12 12),2650
gev_20170416_2153,2017-04-16 21:53:00,2017-04-16 21:58:00,2017-04-16 22:10:00,B2.6,POINT(-87 23),2651
gev_20170416_2228,2017-04-16 22:28:00,2017-04-16 23:00:00,2017-04-16 23:50:00,B3.9,POINT(-87 19),2651
gev_20170416_2238,2017-04-16 22:38:00,2017-04-16 23:05:00,2017-04-16 23:39:00,B4.0,POINT(-87 18),2651
gev_20170417_0128,2017-04-17 01:28:00,2017-04-17 01:39:00,2017-04-17 01:46:00,B3.6,POINT(-87 23),2651
gev_20170417_0217,2017-04-17 02:17:00,2017-04-17 02:46:00,2017-04-17 03:10:00,C2.0,POINT(-88 13),2651
gev_20170417_0554,2017-04-17 05:54:00,2017-04-17 05:58:00,2017-04-17 06:02:00,B4.0,POINT(-88 9),2651
gev_20170417_0713,2017-04-17 07:13:00,2017-04-17 07:21:00,2017-04-17 07:27:00,B7.1,POINT(-88 9),0
gev_20170417_1440,2017-04-17 14:40:00,2017-04-17 14:46:00,2017-04-17 14:50:00,B3.6,POINT(-88 8),2651
gev_20170417_1624,2017-04-17 16:24:00,2017-04-17 16:30:00,2017-04-17 16:33:00,B3.2,POINT(-88 9),2651
gev_20170417_1846,2017-04-17 18:46:00,2017-04-17 18:53:00,2017-04-17 19:06:00,B5.7,POINT(-79 23),2652
gev_20170417_2121,2017-04-17 21:21:00,2017-04-17 21:42:00,2017-04-17 21:53:00,B7.5,POINT(-88 9),2651
gev_20170417_2339,2017-04-17 23:39:00,2017-04-17 23:44:00,2017-04-17 23:48:00,B2.0,POINT(-88 10),2651
gev_20170418_0024,2017-04-18 00:24:00,2017-04-18 00:28:00,2017-04-18 00:32:00,B2.4,POINT(-88 10),2651
gev_20170418_0218,2017-04-18 02:18:00,2017-04-18 02:22:00,2017-04-18 02:26:00,B1.7,POINT(-86 14),2651
gev_20170418_0531,2017-04-18 05:31:00,2017-04-18 05:37:00,2017-04-18 05:42:00,B5.6,POINT(-82 14),2651
gev_20170418_0551,2017-04-18 05:51:00,2017-04-18 05:54:00,2017-04-18 06:00:00,B2.1,POINT(-82 9),2651
gev_20170418_0631,2017-04-18 06:31:00,2017-04-18 06:40:00,2017-04-18 06:46:00,B6.9,POINT(-83 10),2651
gev_20170418_0929,2017-04-18 09:29:00,2017-04-18 09:41:00,2017-04-18 09:55:00,C3.3,POINT(-84 9),2651
gev_20170418_1921,2017-04-18 19:21:00,2017-04-18 20:10:00,2017-04-18 20:49:00,C5.5,POINT(-88 16),2652
gev_20170419_1001,2017-04-19 10:01:00,2017-04-19 10:05:00,2017-04-19 10:07:00,B5.4,POINT(-65 12),2651
gev_20170419_1231,2017-04-19 12:31:00,2017-04-19 12:34:00,2017-04-19 12:37:00,B2.5,POINT(-64 12),2651
gev_20170419_1632,2017-04-19 16:32:00,2017-04-19 16:35:00,2017-04-19 16:39:00,B7.2,POINT(-61 13),2651
gev_20170419_1753,2017-04-19 17:53:00,2017-04-19 17:56:00,2017-04-19 18:00:00,B1.6,POINT(-63 9),2651
gev_20170420_0649,2017-04-20 06:49:00,2017-04-20 06:56:00,2017-04-20 07:04:00,B8.0,POINT(-53 13),2651
gev_20170420_0842,2017-04-20 08:42:00,2017-04-20 08:46:00,2017-04-20 08:53:00,B1.9,POINT(-42 25),0
gev_20170420_1043,2017-04-20 10:43:00,2017-04-20 10:49:00,2017-04-20 10:58:00,B2.6,POINT(-51 13),2651
gev_20170420_2117,2017-04-20 21:17:00,2017-04-20 21:23:00,2017-04-20 21:27:00,B3.7,POINT(-44 13),2651
gev_20170421_0258,2017-04-21 02:58:00,2017-04-21 03:01:00,2017-04-21 03:04:00,B2.4,POINT(-39 12),2651
gev_20170421_1206,2017-04-21 12:06:00,2017-04-21 12:16:00,2017-04-21 12:26:00,B6.2,POINT(-36 13),2651
gev_20170421_1705,2017-04-21 17:05:00,2017-04-21 17:10:00,2017-04-21 17:17:00,B2.0,POINT(-33 12),2651
gev_20170421_1723,2017-04-21 17:23:00,2017-04-21 17:30:00,2017-04-21 17:41:00,B4.1,POINT(-33 13),2651
gev_20170421_1935,2017-04-21 19:35:00,2017-04-21 19:40:00,2017-04-21 19:44:00,B4.1,POINT(-32 12),2651
gev_20170421_2203,2017-04-21 22:03:00,2017-04-21 22:07:00,2017-04-21 22:09:00,B2.2,POINT(-78 -8),2653
gev_20170422_0022,2017-04-22 00:22:00,2017-04-22 00:34:00,2017-04-22 00:42:00,B9.6,POINT(-29 14),2651
gev_20170422_1007,2017-04-22 10:07:00,2017-04-22 10:10:00,2017-04-22 10:13:00,B1.8,POINT(-22 13),2651
gev_20170422_1208,2017-04-22 12:08:00,2017-04-22 12:13:00,2017-04-22 12:16:00,B2.0,POINT(-69 -8),2653
gev_20170422_1452,2017-04-22 14:52:00,2017-04-22 14:56:00,2017-04-22 15:01:00,B2.1,POINT(-20 12),2651
gev_20170423_0200,2017-04-23 02:00:00,2017-04-23 02:04:00,2017-04-23 02:07:00,B2.2,POINT(-17 13),2651
gev_20170423_0302,2017-04-23 03:02:00,2017-04-23 03:06:00,2017-04-23 03:09:00,B3.7,POINT(-16 13),2651
gev_20170423_1547,2017-04-23 15:47:00,2017-04-23 15:57:00,2017-04-23 16:12:00,B1.8,POINT(1 25),0
gev_20170424_0120,2017-04-24 01:20:00,2017-04-24 01:30:00,2017-04-24 02:00:00,B2.4,POINT(-51 -11),2653
gev_20170424_2131,2017-04-24 21:31:00,2017-04-24 21:36:00,2017-04-24 21:41:00,B2.2,POINT(-40 -11),2653
gev_20170424_2215,2017-04-24 22:15:00,2017-04-24 22:19:00,2017-04-24 22:25:00,B2.6,POINT(-2 14),2652
gev_20170425_0016,2017-04-25 00:16:00,2017-04-25 00:24:00,2017-04-25 00:32:00,B1.1,POINT(-1 14),2652
gev_20170425_0539,2017-04-25 05:39:00,2017-04-25 05:42:00,2017-04-25 05:50:00,B1.0,POINT(22 25),0
gev_20170425_0656,2017-04-25 06:56:00,2017-04-25 07:01:00,2017-04-25 07:14:00,B1.2,POINT(-35 -11),2653
gev_20170425_2014,2017-04-25 20:14:00,2017-04-25 20:25:00,2017-04-25 20:37:00,B7.2,POINT(9 12),2652
gev_20170426_0229,2017-04-26 02:29:00,2017-04-26 02:32:00,2017-04-26 02:36:00,B1.4,POINT(-23 -12),2653
gev_20170426_1224,2017-04-26 12:24:00,2017-04-26 12:30:00,2017-04-26 12:46:00,B2.9,POINT(18 12),2652
gev_20170426_1400,2017-04-26 14:00:00,2017-04-26 14:46:00,2017-04-26 15:22:00,B2.3,POINT(29 19),2651
gev_20170426_1528,2017-04-26 15:28:00,2017-04-26 15:38:00,2017-04-26 15:50:00,B3.4,POINT(22 14),2652
gev_20170426_1724,2017-04-26 17:24:00,2017-04-26 17:49:00,2017-04-26 18:22:00,B5.0,POINT(-15 -12),2653
gev_20170426_1736,2017-04-26 17:36:00,2017-04-26 17:48:00,2017-04-26 17:59:00,B4.5,POINT(-15 -12),2653
gev_20170427_0530,2017-04-27 05:30:00,2017-04-27 06:56:00,2017-04-27 08:58:00,B1.6,POINT(37 18),2651
gev_20170427_2232,2017-04-27 22:32:00,2017-04-27 23:06:00,2017-04-27 23:50:00,B1.5,POINT(49 20),2651
gev_20170428_1709,2017-04-28 17:09:00,2017-04-28 17:12:00,2017-04-28 17:15:00,B1.3,POINT(12 -12),2653
gev_20170430_0012,2017-04-30 00:12:00,2017-04-30 00:57:00,2017-04-30 02:25:00,B3.0,POINT(30 -14),2653
gev_20170430_1827,2017-04-30 18:27:00,2017-04-30 18:32:00,2017-04-30 18:37:00,B1.9,POINT(71 21),2652
gev_20170430_2344,2017-04-30 23:44:00,2017-04-30 23:48:00,2017-04-30 23:50:00,B1.1,POINT(-88 12),0
gev_20170501_0355,2017-05-01 03:55:00,2017-05-01 04:00:00,2017-05-01 04:05:00,B9.9,POINT(76 21),2652
gev_20170501_0905,2017-05-01 09:05:00,2017-05-01 09:11:00,2017-05-01 09:15:00,B1.4,POINT(79 21),2652
gev_20170501_1258,2017-05-01 12:58:00,2017-05-01 13:03:00,2017-05-01 13:09:00,B2.9,POINT(81 21),2652
gev_20170501_1620,2017-05-01 16:20:00,2017-05-01 16:45:00,2017-05-01 17:38:00,B1.1,POINT(52 -13),2653
gev_20170502_1933,2017-05-02 19:33:00,2017-05-02 19:36:00,2017-05-02 19:41:00,B1.3,POINT(-5 10),2654
gev_20170504_0030,2017-05-04 00:30:00,2017-05-04 00:43:00,2017-05-04 01:06:00,B1.3,POINT(12 12),2654
gev_20170505_0330,2017-05-05 03:30:00,2017-05-05 03:38:00,2017-05-05 03:43:00,B1.4,POINT(-38 13),2655
gev_20170505_0418,2017-05-05 04:18:00,2017-05-05 04:37:00,2017-05-05 04:42:00,B4.7,POINT(-36 13),2655
gev_20170505_0609,2017-05-05 06:09:00,2017-05-05 06:14:00,2017-05-05 06:18:00,B1.5,POINT(28 11),2654
gev_20170505_0841,2017-05-05 08:41:00,2017-05-05 08:45:00,2017-05-05 08:50:00,B1.5,POINT(-33 13),2655
gev_20170505_1025,2017-05-05 10:25:00,2017-05-05 10:33:00,2017-05-05 10:39:00,B4.2,POINT(-33 13),2655
gev_20170505_1223,2017-05-05 12:23:00,2017-05-05 12:29:00,2017-05-05 12:36:00,B3.4,POINT(-32 13),2655
gev_20170505_1423,2017-05-05 14:23:00,2017-05-05 14:28:00,2017-05-05 14:36:00,B1.7,POINT(32 10),2654
gev_20170505_1526,2017-05-05 15:26:00,2017-05-05 15:35:00,2017-05-05 15:43:00,B2.8,POINT(-30 13),2655
gev_20170505_2250,2017-05-05 22:50:00,2017-05-05 22:57:00,2017-05-05 23:12:00,B3.3,POINT(-26 13),2655
gev_20170506_0104,2017-05-06 01:04:00,2017-05-06 01:09:00,2017-05-06 01:14:00,B3.1,POINT(-24 13),2655
gev_20170506_1110,2017-05-06 11:10:00,2017-05-06 11:14:00,2017-05-06 11:20:00,B1.1,POINT(43 10),2654
gev_20170506_1827,2017-05-06 18:27:00,2017-05-06 18:31:00,2017-05-06 18:34:00,B1.0,POINT(48 11),2654
gev_20170506_1955,2017-05-06 19:55:00,2017-05-06 20:09:00,2017-05-06 20:23:00,B3.5,POINT(52 13),2654
gev_20170514_0920,2017-05-14 09:20:00,2017-05-14 09:30:00,2017-05-14 09:40:00,A5.2,POINT(-88 -26),0
gev_20170516_0407,2017-05-16 04:07:00,2017-05-16 04:16:00,2017-05-16 04:26:00,B2.2,POINT(-33 7),2657
gev_20170516_1806,2017-05-16 18:06:00,2017-05-16 18:09:00,2017-05-16 18:13:00,B1.2,POINT(-24 6),2657
gev_20170518_1634,2017-05-18 16:34:00,2017-05-18 16:39:00,2017-05-18 16:44:00,B1.1,POINT(-38 10),2656
gev_20170521_0737,2017-05-21 07:37:00,2017-05-21 07:44:00,2017-05-21 07:48:00,B1.4,POINT(-2 -6),2658
gev_20170522_2201,2017-05-22 22:01:00,2017-05-22 22:05:00,2017-05-22 22:09:00,B1.5,POINT(11 -10),2660
gev_20170523_1404,2017-05-23 14:04:00,2017-05-23 14:21:00,2017-05-23 14:37:00,B4.4,POINT(22 -9),2660
gev_20170524_0233,2017-05-24 02:33:00,2017-05-24 02:36:00,2017-05-24 02:42:00,B1.2,POINT(28 -9),2660
gev_20170524_1331,2017-05-24 13:31:00,2017-05-24 13:44:00,2017-05-24 13:56:00,B3.8,POINT(34 -9),2660
gev_20170525_1322,2017-05-25 13:22:00,2017-05-25 13:26:00,2017-05-25 13:31:00,B2.2,POINT(25 13),2659
gev_20170525_1522,2017-05-25 15:22:00,2017-05-25 15:27:00,2017-05-25 15:33:00,B2.2,POINT(24 12),2659
gev_20170525_2110,2017-05-25 21:10:00,2017-05-25 21:17:00,2017-05-25 21:27:00,B5.0,POINT(28 13),2659
gev_20170526_0133,2017-05-26 01:33:00,2017-05-26 01:36:00,2017-05-26 01:40:00,B1.8,POINT(31 12),2659
gev_20170526_0925,2017-05-26 09:25:00,2017-05-26 09:28:00,2017-05-26 09:30:00,B1.2,POINT(34 13),2659
gev_20170526_2118,2017-05-26 21:18:00,2017-05-26 21:23:00,2017-05-26 21:32:00,B2.9,POINT(44 13),2659
gev_20170527_0848,2017-05-27 08:48:00,2017-05-27 08:51:00,2017-05-27 08:57:00,B2.2,POINT(50 13),2659
gev_20170527_1022,2017-05-27 10:22:00,2017-05-27 10:37:00,2017-05-27 10:53:00,B3.1,POINT(53 14),2659
gev_20170527_1747,2017-05-27 17:47:00,2017-05-27 18:30:00,2017-05-27 19:04:00,B9.2,POINT(56 12),2659
gev_20170527_2118,2017-05-27 21:18:00,2017-05-27 21:24:00,2017-05-27 21:28:00,B4.4,POINT(55 13),2659
gev_20170527_2208,2017-05-27 22:08:00,2017-05-27 22:10:00,2017-05-27 22:14:00,B7.2,POINT(54 13),2659
gev_20170528_0055,2017-05-28 00:55:00,2017-05-28 01:00:00,2017-05-28 01:03:00,B3.8,POINT(56 13),2659
gev_20170528_0634,2017-05-28 06:34:00,2017-05-28 06:39:00,2017-05-28 06:51:00,B6.7,POINT(59 13),2659
gev_20170528_0845,2017-05-28 08:45:00,2017-05-28 08:49:00,2017-05-28 09:03:00,B1.6,POINT(60 13),2659
gev_20170528_1046,2017-05-28 10:46:00,2017-05-28 10:50:00,2017-05-28 10:54:00,B8.0,POINT(61 14),2659
gev_20170528_1139,2017-05-28 11:39:00,2017-05-28 11:47:00,2017-05-28 11:54:00,B6.6,POINT(62 14),2659
gev_20170528_1318,2017-05-28 13:18:00,2017-05-28 13:23:00,2017-05-28 13:29:00,B4.0,POINT(63 14),2659
gev_20170528_1422,2017-05-28 14:22:00,2017-05-28 14:25:00,2017-05-28 14:30:00,B1.6,POINT(64 13),2659
gev_20170528_1542,2017-05-28 15:42:00,2017-05-28 15:52:00,2017-05-28 15:57:00,B3.0,POINT(64 13),2659
gev_20170528_1855,2017-05-28 18:55:00,2017-05-28 18:59:00,2017-05-28 19:04:00,B2.7,POINT(67 13),2659
gev_20170528_1922,2017-05-28 19:22:00,2017-05-28 19:28:00,2017-05-28 19:37:00,C3.3,POINT(67 13),2659
gev_20170528_2305,2017-05-28 23:05:00,2017-05-28 23:13:00,2017-05-28 23:26:00,C1.0,POINT(70 13),2659
gev_20170529_0930,2017-05-29 09:30:00,2017-05-29 09:34:00,2017-05-29 09:37:00,B2.3,POINT(78 13),2659
gev_20170529_1135,2017-05-29 11:35:00,2017-05-29 11:41:00,2017-05-29 11:47:00,B2.3,POINT(78 13),2659
gev_20170529_1440,2017-05-29 14:40:00,2017-05-29 14:48:00,2017-05-29 14:57:00,B6.8,POINT(83 13),2659
gev_20170529_1655,2017-05-29 16:55:00,2017-05-29 16:58:00,2017-05-29 17:00:00,B1.7,POINT(81 14),2659
gev_20170529_1820,2017-05-29 18:20:00,2017-05-29 18:24:00,2017-05-29 18:31:00,B2.8,POINT(81 14),2659
gev_20170530_0401,2017-05-30 04:01:00,2017-05-30 04:07:00,2017-05-30 04:15:00,B2.9,POINT(89 13),2659
gev_20170530_0558,2017-05-30 05:58:00,2017-05-30 06:01:00,2017-05-30 06:03:00,B1.3,POINT(89 14),2659
gev_20170530_0630,2017-05-30 06:30:00,2017-05-30 06:38:00,2017-05-30 06:54:00,B1.4,POINT(89 13),2659
gev_20170530_1839,2017-05-30 18:39:00,2017-05-30 18:44:00,2017-05-30 18:47:00,B4.3,POINT(89 14),2659
gev_20170530_1944,2017-05-30 19:44:00,2017-05-30 19:47:00,2017-05-30 19:51:00,B6.8,POINT(89 14),2659
gev_20170531_0211,2017-05-31 02:11:00,2017-05-31 02:16:00,2017-05-31 02:19:00,B6.3,POINT(89 14),2659
gev_20170531_0852,2017-05-31 08:52:00,2017-05-31 09:26:00,2017-05-31 09:48:00,B4.4,POINT(-89 7),2661
gev_20170531_1133,2017-05-31 11:33:00,2017-05-31 11:40:00,2017-05-31 11:46:00,B6.4,POINT(-89 5),2661
gev_20170531_1440,2017-05-31 14:40:00,2017-05-31 14:45:00,2017-05-31 14:50:00,B2.4,POINT(-89 4),2661
gev_20170531_1551,2017-05-31 15:51:00,2017-05-31 15:56:00,2017-05-31 16:12:00,B3.0,POINT(-89 5),2661
gev_20170531_1723,2017-05-31 17:23:00,2017-05-31 17:31:00,2017-05-31 17:36:00,B3.1,POINT(-89 5),2661
gev_20170531_1748,2017-05-31 17:48:00,2017-05-31 17:54:00,2017-05-31 17:56:00,B4.1,POINT(-89 4),2661
gev_20170531_1814,2017-05-31 18:14:00,2017-05-31 18:18:00,2017-05-31 18:25:00,B3.5,POINT(-89 6),2661
gev_20170531_1841,2017-05-31 18:41:00,2017-05-31 18:48:00,2017-05-31 18:57:00,C1.3,POINT(-89 4),2661
gev_20170531_2053,2017-05-31 20:53:00,2017-05-31 21:06:00,2017-05-31 21:17:00,C1.3,POINT(-89 7),2661
gev_20170531_2306,2017-05-31 23:06:00,2017-05-31 23:15:00,2017-05-31 23:23:00,C2.0,POINT(-89 6),2661
gev_20170601_0112,2017-06-01 01:12:00,2017-06-01 01:43:00,2017-06-01 01:53:00,C6.6,POINT(-89 7),2661
gev_20170601_0447,2017-06-01 04:47:00,2017-06-01 05:38:00,2017-06-01 06:05:00,B7.8,POINT(-89 6),2661
gev_20170601_0448,2017-06-01 04:48:00,2017-06-01 05:38:00,2017-06-01 06:01:00,B7.8,POINT(-89 6),2661
gev_20170601_0652,2017-06-01 06:52:00,2017-06-01 07:53:00,2017-06-01 09:15:00,C1.4,POINT(-88 5),2661
gev_20170601_0653,2017-06-01 06:53:00,2017-06-01 07:53:00,2017-06-01 08:09:00,C1.4,POINT(-88 5),2661
gev_20170601_0922,2017-06-01 09:22:00,2017-06-01 09:25:00,2017-06-01 09:29:00,C2.5,POINT(-85 5),2661
gev_20170601_1734,2017-06-01 17:34:00,2017-06-01 17:38:00,2017-06-01 17:41:00,C1.0,POINT(-77 5),2661
gev_20170601_1756,2017-06-01 17:56:00,2017-06-01 18:09:00,2017-06-01 18:33:00,C1.4,POINT(-76 5),2661
gev_20170601_2022,2017-06-01 20:22:00,2017-06-01 20:28:00,2017-06-01 20:32:00,C1.0,POINT(-75 5),2661
gev_20170601_2131,2017-06-01 21:31:00,2017-06-01 22:59:00,2017-06-01 23:22:00,C3.0,POINT(-74 5),2661
gev_20170601_2132,2017-06-01 21:32:00,2017-06-01 22:59:00,2017-06-01 23:40:00,C3.0,POINT(-73 5),2661
gev_20170602_0129,2017-06-02 01:29:00,2017-06-02 01:33:00,2017-06-02 01:36:00,B8.5,POINT(-71 5),2661
gev_20170602_0142,2017-06-02 01:42:00,2017-06-02 01:48:00,2017-06-02 01:51:00,C1.1,POINT(-72 4),2661
gev_20170602_0258,2017-06-02 02:58:00,2017-06-02 03:03:00,2017-06-02 03:08:00,B5.9,POINT(-70 5),2661
gev_20170602_0550,2017-06-02 05:50:00,2017-06-02 05:55:00,2017-06-02 06:04:00,B8.4,POINT(-68 5),2661
gev_20170602_0947,2017-06-02 09:47:00,2017-06-02 09:53:00,2017-06-02 09:56:00,B4.6,POINT(-69 6),2661
gev_20170602_1122,2017-06-02 11:22:00,2017-06-02 11:27:00,2017-06-02 11:36:00,B4.8,POINT(-69 5),2661
gev_20170602_1215,2017-06-02 12:15:00,2017-06-02 12:23:00,2017-06-02 12:29:00,C1.2,POINT(-68 6),2661
gev_20170602_1332,2017-06-02 13:32:00,2017-06-02 13:57:00,2017-06-02 14:05:00,B4.0,POINT(-67 5),2661
gev_20170602_1443,2017-06-02 14:43:00,2017-06-02 14:52:00,2017-06-02 15:01:00,B8.1,POINT(-67 5),2661
gev_20170602_1527,2017-06-02 15:27:00,2017-06-02 15:31:00,2017-06-02 15:36:00,B4.2,POINT(-63 5),2661
gev_20170602_1750,2017-06-02 17:50:00,2017-06-02 17:57:00,2017-06-02 18:01:00,C8.0,POINT(-63 4),2661
gev_20170602_1949,2017-06-02 19:49:00,2017-06-02 19:56:00,2017-06-02 20:02:00,B6.9,POINT(-64 6),2661
gev_20170603_0937,2017-06-03 09:37:00,2017-06-03 09:57:00,2017-06-03 10:05:00,C2.1,POINT(-55 6),2661
gev_20170603_1447,2017-06-03 14:47:00,2017-06-03 14:56:00,2017-06-03 15:00:00,C2.5,POINT(-52 6),2661
gev_20170603_1752,2017-06-03 17:52:00,2017-06-03 17:57:00,2017-06-03 18:01:00,B3.0,POINT(-52 7),2661
gev_20170603_1921,2017-06-03 19:21:00,2017-06-03 19:34:00,2017-06-03 19:41:00,C2.5,POINT(-50 6),2661
gev_20170603_2140,2017-06-03 21:40:00,2017-06-03 21:43:00,2017-06-03 21:46:00,B1.6,POINT(-47 4),2661
gev_20170603_2154,2017-06-03 21:54:00,2017-06-03 21:59:00,2017-06-03 22:09:00,B1.9,POINT(-44 5),2661
gev_20170603_2344,2017-06-03 23:44:00,2017-06-03 23:51:00,2017-06-03 23:58:00,B6.4,POINT(-43 6),2661
gev_20170604_0101,2017-06-04 01:01:00,2017-06-04 01:09:00,2017-06-04 01:16:00,B2.2,POINT(-43 6),2661
gev_20170604_0245,2017-06-04 02:45:00,2017-06-04 02:49:00,2017-06-04 02:54:00,B4.3,POINT(-42 5),2661
gev_20170604_0628,2017-06-04 06:28:00,2017-06-04 06:32:00,2017-06-04 06:36:00,B1.8,POINT(-44 6),2661
gev_20170604_0716,2017-06-04 07:16:00,2017-06-04 07:20:00,2017-06-04 07:30:00,B1.1,POINT(-40 8),2661
gev_20170604_1900,2017-06-04 19:00:00,2017-06-04 19:04:00,2017-06-04 19:08:00,B1.6,POINT(-30 5),2661
gev_20170604_2102,2017-06-04 21:02:00,2017-06-04 21:05:00,2017-06-04 21:09:00,B1.1,POINT(-32 8),2661
gev_20170605_0514,2017-06-05 05:14:00,2017-06-05 05:31:00,2017-06-05 05:41:00,C2.7,POINT(-30 4),2661
gev_20170605_0702,2017-06-05 07:02:00,2017-06-05 07:15:00,2017-06-05 07:27:00,B8.1,POINT(73 18),2659
gev_20170605_0753,2017-06-05 07:53:00,2017-06-05 07:59:00,2017-06-05 08:05:00,B5.9,POINT(74 18),2659
gev_20170605_0936,2017-06-05 09:36:00,2017-06-05 09:55:00,2017-06-05 10:05:00,C1.2,POINT(76 18),2659
gev_20170605_1132,2017-06-05 11:32:00,2017-06-05 11:37:00,2017-06-05 11:41:00,B3.6,POINT(78 18),2659
gev_20170605_1252,2017-06-05 12:52:00,2017-06-05 12:55:00,2017-06-05 13:00:00,B3.3,POINT(77 18),2659
gev_20170605_1433,2017-06-05 14:33:00,2017-06-05 14:37:00,2017-06-05 14:42:00,B1.6,POINT(79 18),2659
gev_20170605_1600,2017-06-05 16:00:00,2017-06-05 16:10:00,2017-06-05 16:15:00,B5.8,POINT(-17 5),2661
gev_20170605_1838,2017-06-05 18:38:00,2017-06-05 18:44:00,2017-06-05 18:50:00,B3.0,POINT(86 18),2659
gev_20170605_1914,2017-06-05 19:14:00,2017-06-05 19:22:00,2017-06-05 19:26:00,B9.4,POINT(-16 5),2661
gev_20170606_0103,2017-06-06 01:03:00,2017-06-06 01:06:00,2017-06-06 01:16:00,B1.2,POINT(-12 5),2661
gev_20170606_0312,2017-06-06 03:12:00,2017-06-06 03:15:00,2017-06-06 03:18:00,B1.0,POINT(-17 4),2661
gev_20170606_0511,2017-06-06 05:11:00,2017-06-06 05:14:00,2017-06-06 05:16:00,B1.0,POINT(89 18),0
gev_20170606_0927,2017-06-06 09:27:00,2017-06-06 09:31:00,2017-06-06 09:34:00,B1.6,POINT(89 18),0
gev_20170606_1111,2017-06-06 11:11:00,2017-06-06 11:24:00,2017-06-06 11:29:00,B1.8,POINT(89 17),0
gev_20170606_1155,2017-06-06 11:55:00,2017-06-06 11:56:00,2017-06-06 12:00:00,B1.8,POINT(89 17),0
gev_20170606_1234,2017-06-06 12:34:00,2017-06-06 12:37:00,2017-06-06 12:39:00,B1.8,POINT(89 18),0
gev_20170606_1305,2017-06-06 13:05:00,2017-06-06 13:08:00,2017-06-06 13:10:00,B1.6,POINT(89 18),0
gev_20170606_1318,2017-06-06 13:18:00,2017-06-06 13:22:00,2017-06-06 13:25:00,B1.3,POINT(83 17),0
gev_20170606_1509,2017-06-06 15:09:00,2017-06-06 15:14:00,2017-06-06 15:19:00,B4.1,POINT(89 18),0
gev_20170606_2027,2017-06-06 20:27:00,2017-06-06 20:47:00,2017-06-06 20:59:00,B5.9,POINT(-7 4),2661
gev_20170607_0212,2017-06-07 02:12:00,2017-06-07 03:33:00,2017-06-07 03:56:00,C1.3,POINT(5 7),2661
gev_20170607_0840,2017-06-07 08:40:00,2017-06-07 08:47:00,2017-06-07 08:57:00,B2.4,POINT(89 19),0
gev_20170607_1003,2017-06-07 10:03:00,2017-06-07 10:20:00,2017-06-07 10:22:00,C1.2,POINT(89 20),0
gev_20170607_1214,2017-06-07 12:14:00,2017-06-07 12:15:00,2017-06-07 12:34:00,B1.6,POINT(1 4),2661
gev_20170607_1622,2017-06-07 16:22:00,2017-06-07 16:58:00,2017-06-07 17:24:00,B4.4,POINT(3 4),2661
gev_20170608_0338,2017-06-08 03:38:00,2017-06-08 03:50:00,2017-06-08 04:09:00,B2.9,POINT(11 4),2661
gev_20170609_1152,2017-06-09 11:52:00,2017-06-09 12:53:00,2017-06-09 13:19:00,B4.1,POINT(34 7),2661
gev_20170610_1018,2017-06-10 10:18:00,2017-06-10 10:23:00,2017-06-10 10:29:00,B1.7,POINT(44 4),2661
gev_20170611_0107,2017-06-11 01:07:00,2017-06-11 01:44:00,2017-06-11 02:23:00,B1.5,POINT(29 10),0
gev_20170611_2143,2017-06-11 21:43:00,2017-06-11 23:16:00,2017-06-12 01:22:00,B1.3,POINT(63 2),2661
gev_20170613_1845,2017-06-13 18:45:00,2017-06-13 19:40:00,2017-06-13 20:22:00,B3.8,POINT(89 4),2661
gev_20170614_1859,2017-06-14 18:59:00,2017-06-14 19:07:00,2017-06-14 19:12:00,B1.9,POINT(89 8),0
gev_20170615_0157,2017-06-15 01:57:00,2017-06-15 03:12:00,2017-06-15 03:57:00,B3.9,POINT(89 9),0
gev_20170615_0515,2017-06-15 05:15:00,2017-06-15 05:18:00,2017-06-15 05:20:00,B1.6,POINT(-11 14),2663
gev_20170615_0626,2017-06-15 06:26:00,2017-06-15 06:29:00,2017-06-15 06:31:00,B1.4,POINT(-10 13),2663
gev_20170615_0730,2017-06-15 07:30:00,2017-06-15 07:33:00,2017-06-15 07:35:00,B1.8,POINT(-10 13),2663
gev_20170615_0903,2017-06-15 09:03:00,2017-06-15 09:05:00,2017-06-15 09:08:00,B2.1,POINT(-9 13),2663
gev_20170615_1657,2017-06-15 16:57:00,2017-06-15 17:00:00,2017-06-15 17:06:00,B2.9,POINT(-5 14),2663
gev_20170617_0251,2017-06-17 02:51:00,2017-06-17 02:57:00,2017-06-17 03:01:00,B1.4,POINT(15 13),2663
gev_20170618_0910,2017-06-18 09:10:00,2017-06-18 09:20:00,2017-06-18 09:32:00,B2.5,POINT(34 14),2663
gev_20170618_1235,2017-06-18 12:35:00,2017-06-18 12:40:00,2017-06-18 12:59:00,B1.4,POINT(33 14),2663
gev_20170618_1333,2017-06-18 13:33:00,2017-06-18 13:44:00,2017-06-18 13:54:00,B2.9,POINT(36 13),2663
gev_20170618_2130,2017-06-18 21:30:00,2017-06-18 21:40:00,2017-06-18 21:48:00,B2.1,POINT(39 14),2663
gev_20170619_0424,2017-06-19 04:24:00,2017-06-19 04:29:00,2017-06-19 04:36:00,B3.0,POINT(-89 17),0
gev_20170619_1303,2017-06-19 13:03:00,2017-06-19 13:05:00,2017-06-19 13:09:00,B1.0,POINT(47 13),2663
gev_20170619_1558,2017-06-19 15:58:00,2017-06-19 16:04:00,2017-06-19 16:09:00,B5.0,POINT(-89 17),0
gev_20170620_0532,2017-06-20 05:32:00,2017-06-20 05:40:00,2017-06-20 05:50:00,B1.4,POINT(57 13),2663
gev_20170620_0554,2017-06-20 05:54:00,2017-06-20 06:24:00,2017-06-20 08:15:00,B2.4,POINT(-89 19),2664
gev_20170620_0601,2017-06-20 06:01:00,2017-06-20 07:18:00,2017-06-20 08:48:00,B1.5,POINT(-89 22),2664
gev_20170622_0036,2017-06-22 00:36:00,2017-06-22 00:49:00,2017-06-22 01:02:00,B1.5,POINT(-65 19),2664
gev_20170626_0723,2017-06-26 07:23:00,2017-06-26 07:28:00,2017-06-26 07:32:00,B1.2,POINT(-3 19),2664
gev_20170627_0729,2017-06-27 07:29:00,2017-06-27 07:35:00,2017-06-27 07:41:00,B1.2,POINT(10 20),2664
gev_20170627_0730,2017-06-27 07:30:00,2017-06-27 07:34:00,2017-06-27 07:39:00,B1.0,POINT(10 20),2664
gev_20170627_2049,2017-06-27 20:49:00,2017-06-27 20:53:00,2017-06-27 20:56:00,B1.2,POINT(18 18),2664
gev_20170627_2109,2017-06-27 21:09:00,2017-06-27 21:10:00,2017-06-27 21:19:00,B2.5,POINT(18 18),2664
gev_20170628_1221,2017-06-28 12:21:00,2017-06-28 15:23:00,2017-06-28 16:00:00,B1.2,POINT(24 20),2664
gev_20170628_1227,2017-06-28 12:27:00,2017-06-28 15:24:00,2017-06-28 18:35:00,B1.3,POINT(24 20),2664
gev_20170702_1223,2017-07-02 12:23:00,2017-07-02 12:39:00,2017-07-02 12:59:00,B3.1,POINT(89 16),2664
gev_20170703_0617,2017-07-03 06:17:00,2017-07-03 06:21:00,2017-07-03 06:25:00,B3.5,POINT(89 2),0
gev_20170703_0633,2017-07-03 06:33:00,2017-07-03 06:37:00,2017-07-03 06:39:00,B8.0,POINT(84 2),0
gev_20170703_0706,2017-07-03 07:06:00,2017-07-03 07:10:00,2017-07-03 07:12:00,B1.9,POINT(89 2),0
gev_20170703_0728,2017-07-03 07:28:00,2017-07-03 07:31:00,2017-07-03 07:34:00,B1.3,POINT(89 2),0
gev_20170703_0847,2017-07-03 08:47:00,2017-07-03 09:00:00,2017-07-03 09:08:00,B2.4,POINT(89 2),0
gev_20170703_0943,2017-07-03 09:43:00,2017-07-03 09:50:00,2017-07-03 10:04:00,B2.2,POINT(89 2),0
gev_20170703_1031,2017-07-03 10:31:00,2017-07-03 10:51:00,2017-07-03 11:03:00,B2.7,POINT(89 2),0
gev_20170703_1121,2017-07-03 11:21:00,2017-07-03 11:25:00,2017-07-03 11:29:00,B2.6,POINT(85 2),0
gev_20170703_1236,2017-07-03 12:36:00,2017-07-03 12:47:00,2017-07-03 12:53:00,B4.0,POINT(89 2),0
gev_20170703_1331,2017-07-03 13:31:00,2017-07-03 13:35:00,2017-07-03 13:37:00,B6.2,POINT(89 2),0
gev_20170703_1537,2017-07-03 15:37:00,2017-07-03 16:15:00,2017-07-03 16:18:00,M1.3,POINT(89 3),0
gev_20170703_1747,2017-07-03 17:47:00,2017-07-03 17:58:00,2017-07-03 18:02:00,B9.2,POINT(89 2),0
gev_20170703_1812,2017-07-03 18:12:00,2017-07-03 18:17:00,2017-07-03 18:21:00,B8.7,POINT(89 3),0
gev_20170703_1913,2017-07-03 19:13:00,2017-07-03 19:17:00,2017-07-03 19:22:00,B2.6,POINT(89 3),0
gev_20170703_2051,2017-07-03 20:51:00,2017-07-03 20:52:00,2017-07-03 20:56:00,B1.5,POINT(89 2),0
gev_20170704_0143,2017-07-04 01:43:00,2017-07-04 01:53:00,2017-07-04 02:23:00,B6.9,POINT(89 2),0
gev_20170704_0405,2017-07-04 04:05:00,2017-07-04 04:25:00,2017-07-04 04:44:00,C1.1,POINT(89 2),0
gev_20170705_0925,2017-07-05 09:25:00,2017-07-05 09:29:00,2017-07-05 09:31:00,B2.0,POINT(-89 -6),2665
gev_20170705_1249,2017-07-05 12:49:00,2017-07-05 13:59:00,2017-07-05 14:03:00,B3.5,POINT(-89 4),2665
gev_20170705_1355,2017-07-05 13:55:00,2017-07-05 13:59:00,2017-07-05 14:02:00,B3.8,POINT(-89 3),2665
gev_20170705_1633,2017-07-05 16:33:00,2017-07-05 16:36:00,2017-07-05 16:39:00,B1.1,POINT(-89 -4),2665
gev_20170705_2251,2017-07-05 22:51:00,2017-07-05 22:52:00,2017-07-05 22:57:00,B2.4,POINT(-89 -4),2665
gev_20170706_1428,2017-07-06 14:28:00,2017-07-06 14:31:00,2017-07-06 14:34:00,B1.0,POINT(-74 -6),2665
gev_20170706_1726,2017-07-06 17:26:00,2017-07-06 17:32:00,2017-07-06 17:40:00,B1.7,POINT(-72 -6),2665
gev_20170707_0122,2017-07-07 01:22:00,2017-07-07 01:40:00,2017-07-07 01:52:00,B2.6,POINT(-69 -5),2665
gev_20170707_0158,2017-07-07 01:58:00,2017-07-07 02:20:00,2017-07-07 02:21:00,B8.5,POINT(-68 -6),2665
gev_20170707_0354,2017-07-07 03:54:00,2017-07-07 04:03:00,2017-07-07 04:09:00,B9.2,POINT(-67 -5),2665
gev_20170707_0746,2017-07-07 07:46:00,2017-07-07 07:50:00,2017-07-07 07:53:00,B2.1,POINT(-63 -5),2665
gev_20170707_1040,2017-07-07 10:40:00,2017-07-07 10:49:00,2017-07-07 10:52:00,B2.5,POINT(-61 -5),2665
gev_20170707_1126,2017-07-07 11:26:00,2017-07-07 11:33:00,2017-07-07 11:38:00,B3.6,POINT(-61 -5),2665
gev_20170707_1246,2017-07-07 12:46:00,2017-07-07 12:55:00,2017-07-07 12:58:00,B5.7,POINT(-58 -5),2665
gev_20170707_1313,2017-07-07 13:13:00,2017-07-07 13:16:00,2017-07-07 13:19:00,B3.7,POINT(-59 -5),2665
gev_20170707_1337,2017-07-07 13:37:00,2017-07-07 13:49:00,2017-07-07 13:53:00,C1.0,POINT(-60 -5),2665
gev_20170707_1507,2017-07-07 15:07:00,2017-07-07 15:10:00,2017-07-07 15:15:00,B8.1,POINT(-57 -5),2665
gev_20170707_2000,2017-07-07 20:00:00,2017-07-07 20:04:00,2017-07-07 20:09:00,B2.1,POINT(-56 -5),2665
gev_20170708_0506,2017-07-08 05:06:00,2017-07-08 05:09:00,2017-07-08 05:11:00,B3.9,POINT(-49 -5),2665
gev_20170708_0538,2017-07-08 05:38:00,2017-07-08 06:01:00,2017-07-08 06:31:00,B6.8,POINT(-50 -5),2665
gev_20170708_0757,2017-07-08 07:57:00,2017-07-08 08:04:00,2017-07-08 08:10:00,B5.2,POINT(-47 -7),2665
gev_20170708_1045,2017-07-08 10:45:00,2017-07-08 11:05:00,2017-07-08 11:19:00,B6.5,POINT(-46 -5),2665
gev_20170708_1346,2017-07-08 13:46:00,2017-07-08 13:51:00,2017-07-08 13:55:00,B5.1,POINT(-44 -7),2665
gev_20170708_1634,2017-07-08 16:34:00,2017-07-08 16:41:00,2017-07-08 17:02:00,B3.4,POINT(-44 -4),2665
gev_20170708_1832,2017-07-08 18:32:00,2017-07-08 18:51:00,2017-07-08 19:13:00,B2.6,POINT(-41 -6),2665
gev_20170708_2118,2017-07-08 21:18:00,2017-07-08 21:23:00,2017-07-08 21:27:00,B6.0,POINT(-39 -6),2665
gev_20170708_2133,2017-07-08 21:33:00,2017-07-08 21:37:00,2017-07-08 21:41:00,B4.5,POINT(-40 -8),2665
gev_20170708_2147,2017-07-08 21:47:00,2017-07-08 22:00:00,2017-07-08 22:02:00,B6.0,POINT(-39 -6),2665
gev_20170708_2223,2017-07-08 22:23:00,2017-07-08 22:26:00,2017-07-08 22:29:00,B5.8,POINT(-38 -6),2665
gev_20170708_2307,2017-07-08 23:07:00,2017-07-08 23:10:00,2017-07-08 23:12:00,B4.5,POINT(-38 -6),2665
gev_20170708_2350,2017-07-08 23:50:00,2017-07-08 23:53:00,2017-07-08 23:57:00,C3.4,POINT(-38 -6),2665
gev_20170709_0120,2017-07-09 01:20:00,2017-07-09 01:27:00,2017-07-09 01:29:00,B6.6,POINT(-37 -6),2665
gev_20170709_0222,2017-07-09 02:22:00,2017-07-09 02:25:00,2017-07-09 02:30:00,B3.4,POINT(-36 -6),2665
gev_20170709_0302,2017-07-09 03:02:00,2017-07-09 03:06:00,2017-07-09 03:08:00,B7.5,POINT(-36 -6),2665
gev_20170709_0309,2017-07-09 03:09:00,2017-07-09 03:18:00,2017-07-09 03:37:00,M1.3,POINT(-37 -6),2665
gev_20170709_0615,2017-07-09 06:15:00,2017-07-09 06:30:00,2017-07-09 06:40:00,C1.6,POINT(-35 -8),2665
gev_20170709_0728,2017-07-09 07:28:00,2017-07-09 07:33:00,2017-07-09 07:49:00,C1.2,POINT(-32 -7),2665
gev_20170709_0855,2017-07-09 08:55:00,2017-07-09 09:12:00,2017-07-09 09:17:00,C4.0,POINT(-32 -8),2665
gev_20170709_1020,2017-07-09 10:20:00,2017-07-09 10:39:00,2017-07-09 10:49:00,B9.8,POINT(-31 -8),2665
gev_20170709_1144,2017-07-09 11:44:00,2017-07-09 12:00:00,2017-07-09 12:28:00,C5.3,POINT(-30 -7),2665
gev_20170709_1405,2017-07-09 14:05:00,2017-07-09 14:09:00,2017-07-09 14:12:00,B4.4,POINT(-30 -7),2665
gev_20170709_1435,2017-07-09 14:35:00,2017-07-09 14:42:00,2017-07-09 14:49:00,B8.7,POINT(-28 -7),2665
gev_20170709_1519,2017-07-09 15:19:00,2017-07-09 15:27:00,2017-07-09 15:32:00,B4.5,POINT(-30 -7),2665
gev_20170709_1539,2017-07-09 15:39:00,2017-07-09 15:44:00,2017-07-09 15:48:00,B4.6,POINT(-28 -8),2665
gev_20170709_1620,2017-07-09 16:20:00,2017-07-09 16:26:00,2017-07-09 16:32:00,B3.3,POINT(-29 -7),2665
gev_20170709_1710,2017-07-09 17:10:00,2017-07-09 17:38:00,2017-07-09 17:44:00,B5.0,POINT(-27 -7),2665
gev_20170709_1829,2017-07-09 18:29:00,2017-07-09 18:47:00,2017-07-09 18:49:00,B6.6,POINT(-27 -6),2665
gev_20170709_1930,2017-07-09 19:30:00,2017-07-09 19:33:00,2017-07-09 19:38:00,B2.4,POINT(-27 -7),2665
gev_20170709_2008,2017-07-09 20:08:00,2017-07-09 20:12:00,2017-07-09 20:15:00,B5.2,POINT(-26 -6),2665
gev_20170709_2133,2017-07-09 21:33:00,2017-07-09 21:54:00,2017-07-09 22:01:00,B9.0,POINT(-26 -7),2665
gev_20170709_2206,2017-07-09 22:06:00,2017-07-09 22:11:00,2017-07-09 22:15:00,B7.0,POINT(-26 -7),2665
gev_20170709_2325,2017-07-09 23:25:00,2017-07-09 23:33:00,2017-07-09 23:37:00,B3.6,POINT(-24 -8),2665
gev_20170710_0000,2017-07-10 00:00:00,2017-07-10 00:31:00,2017-07-10 00:38:00,C1.5,POINT(-25 -8),2665
gev_20170710_0409,2017-07-10 04:09:00,2017-07-10 04:51:00,2017-07-10 06:50:00,B5.4,POINT(-23 -5),2665
gev_20170710_0752,2017-07-10 07:52:00,2017-07-10 07:55:00,2017-07-10 07:59:00,B3.8,POINT(-14 -7),2665
gev_20170711_0109,2017-07-11 01:09:00,2017-07-11 01:13:00,2017-07-11 01:17:00,B3.2,POINT(-9 -4),2665
gev_20170711_0158,2017-07-11 01:58:00,2017-07-11 02:05:00,2017-07-11 02:07:00,B4.9,POINT(-8 -7),2665
gev_20170711_0432,2017-07-11 04:32:00,2017-07-11 04:35:00,2017-07-11 04:39:00,B2.1,POINT(-7 -7),2665
gev_20170711_1257,2017-07-11 12:57:00,2017-07-11 13:04:00,2017-07-11 13:10:00,B8.5,POINT(-11 -6),2665
gev_20170711_1655,2017-07-11 16:55:00,2017-07-11 16:58:00,2017-07-11 17:03:00,B2.8,POINT(0 -4),2665
gev_20170711_1750,2017-07-11 17:50:00,2017-07-11 17:54:00,2017-07-11 17:57:00,B2.2,POINT(0 -4),2665
gev_20170711_1823,2017-07-11 18:23:00,2017-07-11 18:27:00,2017-07-11 18:31:00,B9.4,POINT(0 -4),2665
gev_20170711_2018,2017-07-11 20:18:00,2017-07-11 20:31:00,2017-07-11 20:35:00,C1.2,POINT(-6 -5),2665
gev_20170713_0449,2017-07-13 04:49:00,2017-07-13 05:12:00,2017-07-13 05:41:00,B5.5,POINT(21 -9),2665
gev_20170713_1641,2017-07-13 16:41:00,2017-07-13 16:44:00,2017-07-13 16:50:00,B3.4,POINT(15 12),2666
gev_20170713_1738,2017-07-13 17:38:00,2017-07-13 17:43:00,2017-07-13 17:50:00,B4.8,POINT(29 -8),2665
gev_20170713_1750,2017-07-13 17:50:00,2017-07-13 17:55:00,2017-07-13 18:02:00,B6.1,POINT(68 11),2667
gev_20170713_1932,2017-07-13 19:32:00,2017-07-13 19:40:00,2017-07-13 19:49:00,B5.8,POINT(70 11),2667
gev_20170713_2001,2017-07-13 20:01:00,2017-07-13 20:05:00,2017-07-13 20:11:00,C8.4,POINT(68 11),2667
gev_20170713_2044,2017-07-13 20:44:00,2017-07-13 20:48:00,2017-07-13 20:52:00,B5.7,POINT(69 12),2667
gev_20170713_2127,2017-07-13 21:27:00,2017-07-13 21:31:00,2017-07-13 21:33:00,C2.0,POINT(69 12),2667
gev_20170713_2146,2017-07-13 21:46:00,2017-07-13 21:55:00,2017-07-13 21:58:00,C5.9,POINT(70 11),2667
gev_20170713_2330,2017-07-13 23:30:00,2017-07-13 23:40:00,2017-07-13 23:44:00,C3.0,POINT(71 11),2667
gev_20170714_0012,2017-07-14 00:12:00,2017-07-14 00:50:00,2017-07-14 01:00:00,C1.4,POINT(30 -5),2665
gev_20170714_0107,2017-07-14 01:07:00,2017-07-14 02:09:00,2017-07-14 03:24:00,M2.4,POINT(33 -9),2665
gev_20170714_1918,2017-07-14 19:18:00,2017-07-14 19:25:00,2017-07-14 19:44:00,C1.4,POINT(44 -7),2665
gev_20170715_0020,2017-07-15 00:20:00,2017-07-15 00:28:00,2017-07-15 00:38:00,C1.7,POINT(46 -8),2665
gev_20170715_0222,2017-07-15 02:22:00,2017-07-15 02:26:00,2017-07-15 02:32:00,B2.7,POINT(48 -8),2665
gev_20170715_0235,2017-07-15 02:35:00,2017-07-15 02:38:00,2017-07-15 02:42:00,B4.1,POINT(49 -8),2665
gev_20170715_0346,2017-07-15 03:46:00,2017-07-15 03:55:00,2017-07-15 04:01:00,C1.0,POINT(46 -8),2665
gev_20170715_0406,2017-07-15 04:06:00,2017-07-15 04:10:00,2017-07-15 04:18:00,B8.5,POINT(49 -8),2665
gev_20170715_0739,2017-07-15 07:39:00,2017-07-15 07:43:00,2017-07-15 07:46:00,B3.4,POINT(53 -3),2665
gev_20170715_0901,2017-07-15 09:01:00,2017-07-15 09:16:00,2017-07-15 09:20:00,B3.0,POINT(54 -3),2665
gev_20170715_1050,2017-07-15 10:50:00,2017-07-15 10:53:00,2017-07-15 10:55:00,C1.4,POINT(53 -2),2665
gev_20170715_1539,2017-07-15 15:39:00,2017-07-15 15:42:00,2017-07-15 15:44:00,B4.4,POINT(54 -4),2665
gev_20170715_1622,2017-07-15 16:22:00,2017-07-15 16:34:00,2017-07-15 16:39:00,C1.1,POINT(58 -3),2665
gev_20170715_1926,2017-07-15 19:26:00,2017-07-15 19:36:00,2017-07-15 19:44:00,C5.8,POINT(60 -3),2665
gev_20170716_0158,2017-07-16 01:58:00,2017-07-16 02:35:00,2017-07-16 02:57:00,C3.1,POINT(65 -9),2665
gev_20170716_0544,2017-07-16 05:44:00,2017-07-16 05:47:00,2017-07-16 05:49:00,B7.6,POINT(62 -4),2665
gev_20170716_0723,2017-07-16 07:23:00,2017-07-16 07:26:00,2017-07-16 07:28:00,C1.1,POINT(63 -5),2665
gev_20170716_1025,2017-07-16 10:25:00,2017-07-16 10:30:00,2017-07-16 10:32:00,B6.1,POINT(64 -4),2665
gev_20170716_1032,2017-07-16 10:32:00,2017-07-16 10:35:00,2017-07-16 10:37:00,C1.3,POINT(64 -5),2665
gev_20170716_1053,2017-07-16 10:53:00,2017-07-16 10:57:00,2017-07-16 10:59:00,C1.5,POINT(64 -4),2665
gev_20170716_1213,2017-07-16 12:13:00,2017-07-16 12:17:00,2017-07-16 12:19:00,B8.7,POINT(65 -4),2665
gev_20170716_1233,2017-07-16 12:33:00,2017-07-16 12:37:00,2017-07-16 12:39:00,B8.3,POINT(65 -4),2665
gev_20170716_1754,2017-07-16 17:54:00,2017-07-16 18:04:00,2017-07-16 18:10:00,C1.2,POINT(73 -3),2665
gev_20170716_2048,2017-07-16 20:48:00,2017-07-16 20:51:00,2017-07-16 20:59:00,B4.7,POINT(69 -4),2665
gev_20170716_2128,2017-07-16 21:28:00,2017-07-16 21:32:00,2017-07-16 21:36:00,B5.5,POINT(70 -4),2665
gev_20170716_2232,2017-07-16 22:32:00,2017-07-16 22:35:00,2017-07-16 22:39:00,B4.6,POINT(71 -5),2665
gev_20170716_2319,2017-07-16 23:19:00,2017-07-16 23:24:00,2017-07-16 23:28:00,B5.8,POINT(72 -5),2665
gev_20170717_0057,2017-07-17 00:57:00,2017-07-17 01:04:00,2017-07-17 01:08:00,B6.3,POINT(71 -7),2665
gev_20170717_0223,2017-07-17 02:23:00,2017-07-17 02:28:00,2017-07-17 02:32:00,B3.3,POINT(73 -5),2665
gev_20170717_0324,2017-07-17 03:24:00,2017-07-17 03:28:00,2017-07-17 03:31:00,C2.3,POINT(75 -3),2665
gev_20170717_0403,2017-07-17 04:03:00,2017-07-17 04:07:00,2017-07-17 04:09:00,B3.2,POINT(73 -4),2665
gev_20170717_0528,2017-07-17 05:28:00,2017-07-17 05:32:00,2017-07-17 05:36:00,B4.9,POINT(74 -4),2665
gev_20170717_0900,2017-07-17 09:00:00,2017-07-17 09:04:00,2017-07-17 09:09:00,B3.1,POINT(76 -4),2665
gev_20170717_0916,2017-07-17 09:16:00,2017-07-17 09:20:00,2017-07-17 09:25:00,B4.0,POINT(76 -4),2665
gev_20170717_1013,2017-07-17 10:13:00,2017-07-17 10:17:00,2017-07-17 10:20:00,B4.4,POINT(77 -4),2665
gev_20170717_1709,2017-07-17 17:09:00,2017-07-17 18:42:00,2017-07-17 20:50:00,C1.2,POINT(88 -11),2665
gev_20170718_0006,2017-07-18 00:06:00,2017-07-18 00:11:00,2017-07-18 00:14:00,B7.3,POINT(89 -5),2665
gev_20170718_0031,2017-07-18 00:31:00,2017-07-18 00:40:00,2017-07-18 00:48:00,C2.1,POINT(89 -5),2665
gev_20170718_0431,2017-07-18 04:31:00,2017-07-18 04:35:00,2017-07-18 04:41:00,B5.6,POINT(89 -4),2665
gev_20170718_0500,2017-07-18 05:00:00,2017-07-18 05:04:00,2017-07-18 05:07:00,B5.0,POINT(89 -4),2665
gev_20170718_0511,2017-07-18 05:11:00,2017-07-18 05:15:00,2017-07-18 05:17:00,B8.7,POINT(89 -4),2665
gev_20170718_0532,2017-07-18 05:32:00,2017-07-18 05:44:00,2017-07-18 05:49:00,C1.3,POINT(89 -4),2665
gev_20170718_0621,2017-07-18 06:21:00,2017-07-18 06:33:00,2017-07-18 06:50:00,C1.3,POINT(89 -4),2665
gev_20170718_0820,2017-07-18 08:20:00,2017-07-18 08:29:00,2017-07-18 08:34:00,C1.7,POINT(89 -4),2665
gev_20170718_2211,2017-07-18 22:11:00,2017-07-18 22:34:00,2017-07-18 22:46:00,C1.1,POINT(89 -7),2665
gev_20170718_2322,2017-07-18 23:22:00,2017-07-19 00:06:00,2017-07-19 00:35:00,C2.8,POINT(89 -6),2665
gev_20170718_2354,2017-07-18 23:54:00,2017-07-19 00:07:00,2017-07-19 00:18:00,C2.8,POINT(89 -6),2665
gev_20170719_1254,2017-07-19 12:54:00,2017-07-19 13:42:00,2017-07-19 15:25:00,B2.7,POINT(89 -4),2665
gev_20170719_2115,2017-07-19 21:15:00,2017-07-20 00:01:00,2017-07-20 01:45:00,C1.3,POINT(89 -6),2665
gev_20170719_2236,2017-07-19 22:36:00,2017-07-20 00:01:00,2017-07-20 00:46:00,C1.4,POINT(89 -6),2665
gev_20170720_0912,2017-07-20 09:12:00,2017-07-20 10:51:00,2017-07-20 13:00:00,B2.4,POINT(88 -9),2665
gev_20170720_1440,2017-07-20 14:40:00,2017-07-20 15:30:00,2017-07-20 16:58:00,B1.5,POINT(89 -6),2665
gev_20170720_1920,2017-07-20 19:20:00,2017-07-20 23:15:00,2017-07-21 01:55:00,B1.7,POINT(89 -7),2665
gev_20170723_0734,2017-07-23 07:34:00,2017-07-23 07:35:00,2017-07-23 07:39:00,B1.5,POINT(-89 3),0
gev_20170723_2231,2017-07-23 22:31:00,2017-07-23 22:39:00,2017-07-23 22:45:00,B1.3,POINT(-89 2),0
gev_20170727_2107,2017-07-27 21:07:00,2017-07-27 21:36:00,2017-07-27 21:49:00,B1.5,POINT(-30 7),0
gev_20170731_0316,2017-07-31 03:16:00,2017-07-31 03:21:00,2017-07-31 03:29:00,B1.4,POINT(-88 -9),0
gev_20170731_0902,2017-07-31 09:02:00,2017-07-31 09:12:00,2017-07-31 09:30:00,B9.2,POINT(-89 -6),0
gev_20170731_0904,2017-07-31 09:04:00,2017-07-31 09:13:00,2017-07-31 09:20:00,B9.2,POINT(-89 -6),0
gev_20170731_1130,2017-07-31 11:30:00,2017-07-31 12:09:00,2017-07-31 12:35:00,B3.0,POINT(-88 -9),2670
gev_20170731_1553,2017-07-31 15:53:00,2017-07-31 15:59:00,2017-07-31 16:08:00,B3.3,POINT(-88 -7),2670
gev_20170731_1717,2017-07-31 17:17:00,2017-07-31 17:21:00,2017-07-31 17:27:00,B1.3,POINT(-88 -8),2670
gev_20170731_1845,2017-07-31 18:45:00,2017-07-31 18:57:00,2017-07-31 19:05:00,B4.1,POINT(-88 -7),2670
gev_20170731_2215,2017-07-31 22:15:00,2017-07-31 22:25:00,2017-07-31 22:30:00,B4.2,POINT(-89 -4),2670
gev_20170731_2322,2017-07-31 23:22:00,2017-07-31 23:28:00,2017-07-31 23:41:00,B2.5,POINT(-88 -7),2670
gev_20170731_2348,2017-07-31 23:48:00,2017-08-01 00:01:00,2017-08-01 00:11:00,B5.6,POINT(-89 -4),2670
gev_20170801_0025,2017-08-01 00:25:00,2017-08-01 00:29:00,2017-08-01 00:32:00,B4.5,POINT(-89 -4),2670
gev_20170801_0115,2017-08-01 01:15:00,2017-08-01 01:18:00,2017-08-01 01:24:00,B2.4,POINT(-88 -7),2670
gev_20170801_0319,2017-08-01 03:19:00,2017-08-01 03:26:00,2017-08-01 03:35:00,B7.9,POINT(-89 -4),2670
gev_20170801_0739,2017-08-01 07:39:00,2017-08-01 07:47:00,2017-08-01 07:55:00,C1.4,POINT(-89 -4),2670
gev_20170801_0950,2017-08-01 09:50:00,2017-08-01 09:55:00,2017-08-01 10:01:00,B2.0,POINT(-89 -4),2670
gev_20170801_1308,2017-08-01 13:08:00,2017-08-01 13:14:00,2017-08-01 13:21:00,B2.6,POINT(-89 -4),2670
gev_20170801_1954,2017-08-01 19:54:00,2017-08-01 19:59:00,2017-08-01 20:04:00,B2.8,POINT(-89 -6),2670
gev_20170801_2251,2017-08-01 22:51:00,2017-08-01 22:57:00,2017-08-01 23:01:00,B1.2,POINT(-82 -4),2670
gev_20170802_0002,2017-08-02 00:02:00,2017-08-02 00:11:00,2017-08-02 00:18:00,B2.3,POINT(-75 -3),2670
gev_20170802_1926,2017-08-02 19:26:00,2017-08-02 19:32:00,2017-08-02 19:37:00,B1.1,POINT(-69 -6),2670
gev_20170802_2137,2017-08-02 21:37:00,2017-08-02 21:44:00,2017-08-02 21:48:00,B1.5,POINT(-68 -6),2670
gev_20170802_2353,2017-08-02 23:53:00,2017-08-02 23:59:00,2017-08-03 00:04:00,B9.4,POINT(-66 -6),2670
gev_20170803_0019,2017-08-03 00:19:00,2017-08-03 00:23:00,2017-08-03 00:26:00,B2.4,POINT(-66 -5),2670
gev_20170803_1817,2017-08-03 18:17:00,2017-08-03 18:26:00,2017-08-03 18:33:00,B2.3,POINT(-56 -6),2670
gev_20170803_1855,2017-08-03 18:55:00,2017-08-03 19:04:00,2017-08-03 19:23:00,B1.6,POINT(-54 -3),2670
gev_20170805_1743,2017-08-05 17:43:00,2017-08-05 17:50:00,2017-08-05 17:53:00,B1.4,POINT(-26 -9),2670
gev_20170805_2300,2017-08-05 23:00:00,2017-08-05 23:05:00,2017-08-05 23:09:00,B1.3,POINT(-25 -6),2670
gev_20170806_0222,2017-08-06 02:22:00,2017-08-06 02:26:00,2017-08-06 02:31:00,B1.5,POINT(-24 -7),2670
gev_20170806_0952,2017-08-06 09:52:00,2017-08-06 09:56:00,2017-08-06 09:59:00,B1.3,POINT(-20 -6),2670
gev_20170813_1231,2017-08-13 12:31:00,2017-08-13 12:51:00,2017-08-13 13:07:00,A6.4,POINT(84 -6),2670
gev_20170814_0205,2017-08-14 02:05:00,2017-08-14 02:13:00,2017-08-14 02:16:00,C1.8,POINT(-89 9),2671
gev_20170814_0339,2017-08-14 03:39:00,2017-08-14 03:48:00,2017-08-14 03:55:00,B6.4,POINT(-89 10),2671
gev_20170814_0525,2017-08-14 05:25:00,2017-08-14 05:51:00,2017-08-14 06:11:00,B7.5,POINT(-89 10),2671
gev_20170814_0821,2017-08-14 08:21:00,2017-08-14 08:26:00,2017-08-14 08:31:00,B3.2,POINT(-89 10),2671
gev_20170814_0923,2017-08-14 09:23:00,2017-08-14 09:27:00,2017-08-14 09:37:00,B1.3,POINT(-89 10),2671
gev_20170814_1039,2017-08-14 10:39:00,2017-08-14 10:46:00,2017-08-14 10:49:00,C2.7,POINT(-89 10),2671
gev_20170814_1331,2017-08-14 13:31:00,2017-08-14 13:37:00,2017-08-14 13:42:00,B2.4,POINT(-89 10),2671
gev_20170814_1404,2017-08-14 14:04:00,2017-08-14 14:11:00,2017-08-14 14:15:00,B3.9,POINT(-89 10),2671
gev_20170814_1442,2017-08-14 14:42:00,2017-08-14 14:45:00,2017-08-14 14:47:00,B2.8,POINT(-89 10),2671
gev_20170814_1620,2017-08-14 16:20:00,2017-08-14 16:24:00,2017-08-14 16:27:00,C1.1,POINT(-89 9),2671
gev_20170814_1818,2017-08-14 18:18:00,2017-08-14 18:22:00,2017-08-14 18:27:00,B3.7,POINT(-85 10),2671
gev_20170814_1900,2017-08-14 19:00:00,2017-08-14 19:05:00,2017-08-14 19:09:00,B4.1,POINT(-86 10),2671
gev_20170814_1924,2017-08-14 19:24:00,2017-08-14 19:27:00,2017-08-14 19:30:00,B2.8,POINT(-81 11),2671
gev_20170814_2056,2017-08-14 20:56:00,2017-08-14 21:04:00,2017-08-14 21:09:00,C1.2,POINT(-83 10),2671
gev_20170814_2123,2017-08-14 21:23:00,2017-08-14 21:27:00,2017-08-14 21:30:00,B7.4,POINT(-81 11),2671
gev_20170814_2146,2017-08-14 21:46:00,2017-08-14 22:10:00,2017-08-14 22:17:00,C2.3,POINT(-80 11),2671
gev_20170815_0208,2017-08-15 02:08:00,2017-08-15 02:15:00,2017-08-15 02:17:00,C1.0,POINT(-80 10),2671
gev_20170815_0424,2017-08-15 04:24:00,2017-08-15 04:31:00,2017-08-15 04:33:00,B8.7,POINT(-78 11),2671
gev_20170815_0500,2017-08-15 05:00:00,2017-08-15 05:07:00,2017-08-15 05:09:00,B7.1,POINT(-78 11),2671
gev_20170815_0751,2017-08-15 07:51:00,2017-08-15 07:55:00,2017-08-15 07:59:00,B2.5,POINT(-76 10),2671
gev_20170815_0958,2017-08-15 09:58:00,2017-08-15 10:05:00,2017-08-15 10:12:00,B4.1,POINT(-69 8),2671
gev_20170815_1045,2017-08-15 10:45:00,2017-08-15 10:51:00,2017-08-15 10:58:00,B3.2,POINT(-70 9),2671
gev_20170815_1106,2017-08-15 11:06:00,2017-08-15 11:11:00,2017-08-15 11:14:00,B3.4,POINT(-75 11),2671
gev_20170815_1120,2017-08-15 11:20:00,2017-08-15 11:26:00,2017-08-15 11:30:00,B5.7,POINT(-68 8),2671
gev_20170815_1145,2017-08-15 11:45:00,2017-08-15 11:49:00,2017-08-15 11:51:00,B8.5,POINT(-73 10),2671
gev_20170815_1220,2017-08-15 12:20:00,2017-08-15 13:51:00,2017-08-15 14:50:00,C1.1,POINT(-73 8),2671
gev_20170815_1611,2017-08-15 16:11:00,2017-08-15 16:15:00,2017-08-15 16:17:00,B8.3,POINT(-64 9),2671
gev_20170815_1815,2017-08-15 18:15:00,2017-08-15 18:18:00,2017-08-15 18:20:00,B3.0,POINT(-67 9),2671
gev_20170816_0133,2017-08-16 01:33:00,2017-08-16 01:39:00,2017-08-16 01:43:00,B2.8,POINT(-66 10),2671
gev_20170816_0157,2017-08-16 01:57:00,2017-08-16 02:07:00,2017-08-16 02:20:00,B3.7,POINT(-66 10),2671
gev_20170816_0627,2017-08-16 06:27:00,2017-08-16 06:32:00,2017-08-16 06:35:00,B2.4,POINT(-59 9),2671
gev_20170816_0829,2017-08-16 08:29:00,2017-08-16 08:38:00,2017-08-16 08:40:00,B5.2,POINT(-53 12),2671
gev_20170816_1011,2017-08-16 10:11:00,2017-08-16 10:15:00,2017-08-16 10:21:00,B3.6,POINT(-58 10),2671
gev_20170816_1106,2017-08-16 11:06:00,2017-08-16 11:11:00,2017-08-16 11:16:00,B4.4,POINT(-57 10),2671
gev_20170816_1133,2017-08-16 11:33:00,2017-08-16 11:38:00,2017-08-16 11:45:00,B3.5,POINT(-57 10),2671
gev_20170816_1713,2017-08-16 17:13:00,2017-08-16 17:17:00,2017-08-16 17:19:00,B3.2,POINT(-44 11),2671
gev_20170816_1945,2017-08-16 19:45:00,2017-08-16 19:48:00,2017-08-16 19:54:00,B2.4,POINT(-56 12),2671
gev_20170816_2149,2017-08-16 21:49:00,2017-08-16 21:55:00,2017-08-16 21:59:00,B2.5,POINT(-51 10),2671
gev_20170816_2251,2017-08-16 22:51:00,2017-08-16 22:55:00,2017-08-16 23:05:00,B2.1,POINT(-53 12),2671
gev_20170816_2359,2017-08-16 23:59:00,2017-08-17 00:03:00,2017-08-17 00:08:00,B1.9,POINT(-50 10),2671
gev_20170817_0031,2017-08-17 00:31:00,2017-08-17 00:35:00,2017-08-17 00:41:00,B2.0,POINT(-53 12),2671
gev_20170817_0057,2017-08-17 00:57:00,2017-08-17 01:02:00,2017-08-17 01:05:00,B2.5,POINT(-52 12),2671
gev_20170817_0230,2017-08-17 02:30:00,2017-08-17 02:36:00,2017-08-17 02:39:00,B6.8,POINT(-51 12),2671
gev_20170817_0616,2017-08-17 06:16:00,2017-08-17 06:19:00,2017-08-17 06:21:00,B1.6,POINT(-51 11),2671
gev_20170817_1127,2017-08-17 11:27:00,2017-08-17 11:40:00,2017-08-17 11:46:00,B2.9,POINT(-48 13),2671
gev_20170817_1435,2017-08-17 14:35:00,2017-08-17 14:39:00,2017-08-17 14:41:00,B1.3,POINT(-45 10),2671
gev_20170817_1613,2017-08-17 16:13:00,2017-08-17 16:16:00,2017-08-17 16:18:00,B1.2,POINT(-37 10),2671
gev_20170818_0042,2017-08-18 00:42:00,2017-08-18 00:56:00,2017-08-18 01:07:00,B1.8,POINT(-41 13),2671
gev_20170818_0230,2017-08-18 02:30:00,2017-08-18 02:37:00,2017-08-18 02:46:00,B2.4,POINT(-34 10),2671
gev_20170818_0538,2017-08-18 05:38:00,2017-08-18 05:44:00,2017-08-18 05:48:00,B2.2,POINT(-29 10),2671
gev_20170818_0849,2017-08-18 08:49:00,2017-08-18 08:52:00,2017-08-18 08:54:00,B9.5,POINT(-34 12),2671
gev_20170818_1256,2017-08-18 12:56:00,2017-08-18 13:00:00,2017-08-18 13:04:00,B3.0,POINT(-29 11),2671
gev_20170818_1344,2017-08-18 13:44:00,2017-08-18 13:51:00,2017-08-18 14:02:00,B8.1,POINT(-25 10),2671
gev_20170818_1949,2017-08-18 19:49:00,2017-08-18 20:02:00,2017-08-18 20:33:00,C4.4,POINT(-89 8),0
gev_20170818_2101,2017-08-18 21:01:00,2017-08-18 21:04:00,2017-08-18 21:10:00,C2.9,POINT(-19 10),2671
gev_20170819_0128,2017-08-19 01:28:00,2017-08-19 01:37:00,2017-08-19 01:50:00,C3.5,POINT(-89 7),0
gev_20170819_0410,2017-08-19 04:10:00,2017-08-19 04:51:00,2017-08-19 05:15:00,C3.1,POINT(-89 8),0
gev_20170819_0859,2017-08-19 08:59:00,2017-08-19 09:05:00,2017-08-19 09:12:00,C1.1,POINT(-89 7),0
gev_20170819_1055,2017-08-19 10:55:00,2017-08-19 11:05:00,2017-08-19 11:13:00,C1.7,POINT(-89 6),0
gev_20170819_1204,2017-08-19 12:04:00,2017-08-19 12:18:00,2017-08-19 12:46:00,C1.0,POINT(-10 11),2671
gev_20170819_1440,2017-08-19 14:40:00,2017-08-19 14:45:00,2017-08-19 14:48:00,B7.2,POINT(-89 6),2672
gev_20170819_1448,2017-08-19 14:48:00,2017-08-19 14:57:00,2017-08-19 15:01:00,C2.0,POINT(-89 7),2672
gev_20170819_1541,2017-08-19 15:41:00,2017-08-19 15:47:00,2017-08-19 15:54:00,C1.4,POINT(-89 6),2672
gev_20170819_1710,2017-08-19 17:10:00,2017-08-19 18:13:00,2017-08-19 18:29:00,B9.9,POINT(-16 14),2671
gev_20170819_1948,2017-08-19 19:48:00,2017-08-19 19:52:00,2017-08-19 19:57:00,C1.3,POINT(-89 7),2672
gev_20170819_2054,2017-08-19 20:54:00,2017-08-19 21:55:00,2017-08-19 22:05:00,C7.0,POINT(-6 10),2671
gev_20170820_0136,2017-08-20 01:36:00,2017-08-20 01:52:00,2017-08-20 02:03:00,M1.1,POINT(-89 6),2672
gev_20170820_0422,2017-08-20 04:22:00,2017-08-20 04:40:00,2017-08-20 04:53:00,C1.8,POINT(-10 11),2671
gev_20170820_0623,2017-08-20 06:23:00,2017-08-20 06:27:00,2017-08-20 06:31:00,B6.6,POINT(-89 5),2672
gev_20170820_0745,2017-08-20 07:45:00,2017-08-20 07:50:00,2017-08-20 07:54:00,C2.9,POINT(-1 10),2671
gev_20170820_1216,2017-08-20 12:16:00,2017-08-20 12:21:00,2017-08-20 12:26:00,B6.1,POINT(-89 3),2672
gev_20170820_1440,2017-08-20 14:40:00,2017-08-20 14:45:00,2017-08-20 14:52:00,C1.0,POINT(-89 6),2672
gev_20170820_1920,2017-08-20 19:20:00,2017-08-20 19:39:00,2017-08-20 19:49:00,C9.4,POINT(-85 6),2672
gev_20170821_0050,2017-08-21 00:50:00,2017-08-21 01:02:00,2017-08-21 01:07:00,B4.9,POINT(-78 4),2672
gev_20170821_0229,2017-08-21 02:29:00,2017-08-21 02:34:00,2017-08-21 02:42:00,B7.3,POINT(-84 5),2672
gev_20170821_0305,2017-08-21 03:05:00,2017-08-21 03:16:00,2017-08-21 03:30:00,C5.9,POINT(-78 6),2672
gev_20170821_0559,2017-08-21 05:59:00,2017-08-21 06:10:00,2017-08-21 06:18:00,B5.0,POINT(-77 5),2672
gev_20170821_0722,2017-08-21 07:22:00,2017-08-21 07:40:00,2017-08-21 07:46:00,B9.3,POINT(-77 7),2672
gev_20170821_0948,2017-08-21 09:48:00,2017-08-21 09:51:00,2017-08-21 09:54:00,B3.4,POINT(17 9),2671
gev_20170821_1031,2017-08-21 10:31:00,2017-08-21 11:03:00,2017-08-21 11:38:00,B8.6,POINT(13 10),2671
gev_20170821_1739,2017-08-21 17:39:00,2017-08-21 17:57:00,2017-08-21 18:01:00,C3.0,POINT(-70 7),2672
gev_20170821_2012,2017-08-21 20:12:00,2017-08-21 20:22:00,2017-08-21 20:26:00,C1.5,POINT(22 8),2671
gev_20170821_2147,2017-08-21 21:47:00,2017-08-21 22:37:00,2017-08-21 22:58:00,C1.5,POINT(18 9),2671
gev_20170822_0153,2017-08-22 01:53:00,2017-08-22 02:01:00,2017-08-22 02:09:00,B4.3,POINT(25 9),2671
gev_20170822_0415,2017-08-22 04:15:00,2017-08-22 04:20:00,2017-08-22 04:24:00,B6.2,POINT(30 9),2671
gev_20170822_0702,2017-08-22 07:02:00,2017-08-22 07:08:00,2017-08-22 07:11:00,B6.3,POINT(-8 -82),0
gev_20170822_0831,2017-08-22 08:31:00,2017-08-22 08:36:00,2017-08-22 08:39:00,B5.5,POINT(32 8),2671
gev_20170822_0936,2017-08-22 09:36:00,2017-08-22 10:17:00,2017-08-22 10:54:00,B7.2,POINT(21 10),2671
gev_20170822_1109,2017-08-22 11:09:00,2017-08-22 11:13:00,2017-08-22 11:16:00,C1.0,POINT(33 8),2671
gev_20170822_1430,2017-08-22 14:30:00,2017-08-22 14:38:00,2017-08-22 14:45:00,B6.7,POINT(-55 7),2672
gev_20170822_1511,2017-08-22 15:11:00,2017-08-22 15:17:00,2017-08-22 15:25:00,B6.6,POINT(23 11),2671
gev_20170822_1605,2017-08-22 16:05:00,2017-08-22 16:08:00,2017-08-22 16:11:00,B5.6,POINT(26 11),2671
gev_20170822_1742,2017-08-22 17:42:00,2017-08-22 17:50:00,2017-08-22 17:53:00,C1.9,POINT(37 9),2671
gev_20170822_1932,2017-08-22 19:32:00,2017-08-22 19:37:00,2017-08-22 19:43:00,C1.9,POINT(38 9),2671
gev_20170822_2317,2017-08-22 23:17:00,2017-08-22 23:20:00,2017-08-22 23:22:00,B1.9,POINT(-49 5),2672
gev_20170822_2323,2017-08-22 23:23:00,2017-08-22 23:28:00,2017-08-22 23:32:00,B4.0,POINT(-48 5),2672
gev_20170823_0025,2017-08-23 00:25:00,2017-08-23 00:45:00,2017-08-23 00:49:00,B3.0,POINT(41 9),2671
gev_20170823_0145,2017-08-23 01:45:00,2017-08-23 01:53:00,2017-08-23 01:56:00,B3.3,POINT(31 11),2671
gev_20170823_0624,2017-08-23 06:24:00,2017-08-23 06:46:00,2017-08-23 06:57:00,C1.6,POINT(31 9),2671
gev_20170823_1324,2017-08-23 13:24:00,2017-08-23 13:42:00,2017-08-23 13:55:00,C2.2,POINT(-41 6),2672
gev_20170823_1743,2017-08-23 17:43:00,2017-08-23 17:55:00,2017-08-23 18:22:00,C1.9,POINT(45 9),2671
gev_20170823_1910,2017-08-23 19:10:00,2017-08-23 19:31:00,2017-08-23 19:41:00,C1.2,POINT(-38 7),2672
gev_20170824_0006,2017-08-24 00:06:00,2017-08-24 00:14:00,2017-08-24 00:18:00,B8.1,POINT(-35 6),2672
gev_20170824_0030,2017-08-24 00:30:00,2017-08-24 00:37:00,2017-08-24 00:45:00,C3.0,POINT(44 10),2671
gev_20170824_0119,2017-08-24 01:19:00,2017-08-24 01:26:00,2017-08-24 01:44:00,C1.6,POINT(48 9),2671
gev_20170824_1547,2017-08-24 15:47:00,2017-08-24 15:58:00,2017-08-24 16:07:00,B8.4,POINT(-26 6),2672
gev_20170824_2109,2017-08-24 21:09:00,2017-08-24 21:15:00,2017-08-24 21:20:00,B1.8,POINT(55 10),2671
gev_20170824_2111,2017-08-24 21:11:00,2017-08-24 21:15:00,2017-08-24 21:19:00,B2.1,POINT(56 10),2671
gev_20170824_2249,2017-08-24 22:49:00,2017-08-24 22:53:00,2017-08-24 22:58:00,B1.9,POINT(-25 6),2672
gev_20170825_0007,2017-08-25 00:07:00,2017-08-25 00:12:00,2017-08-25 00:21:00,B3.0,POINT(58 11),2671
gev_20170825_0207,2017-08-25 02:07:00,2017-08-25 02:14:00,2017-08-25 02:25:00,B4.6,POINT(59 10),2671
gev_20170825_0308,2017-08-25 03:08:00,2017-08-25 03:12:00,2017-08-25 03:15:00,B5.3,POINT(-23 6),2672
gev_20170825_0555,2017-08-25 05:55:00,2017-08-25 06:00:00,2017-08-25 06:06:00,B3.4,POINT(-22 6),2672
gev_20170825_0715,2017-08-25 07:15:00,2017-08-25 07:27:00,2017-08-25 07:46:00,C5.5,POINT(-8 -82),0
gev_20170825_1002,2017-08-25 10:02:00,2017-08-25 10:05:00,2017-08-25 10:08:00,B1.9,POINT(-17 10),2672
gev_20170825_1210,2017-08-25 12:10:00,2017-08-25 12:18:00,2017-08-25 12:30:00,B3.8,POINT(-13 8),2672
gev_20170825_1406,2017-08-25 14:06:00,2017-08-25 15:01:00,2017-08-25 16:11:00,B4.0,POINT(-16 4),2672
gev_20170825_2146,2017-08-25 21:46:00,2017-08-25 21:49:00,2017-08-25 21:57:00,B2.7,POINT(-11 5),2672
gev_20170826_0106,2017-08-26 01:06:00,2017-08-26 01:11:00,2017-08-26 01:17:00,B2.9,POINT(-10 6),2672
gev_20170826_0208,2017-08-26 02:08:00,2017-08-26 02:15:00,2017-08-26 02:31:00,B3.7,POINT(73 10),2671
gev_20170826_0258,2017-08-26 02:58:00,2017-08-26 03:01:00,2017-08-26 03:05:00,B3.4,POINT(-10 6),2672
gev_20170826_0839,2017-08-26 08:39:00,2017-08-26 08:43:00,2017-08-26 08:45:00,B1.4,POINT(68 12),2671
gev_20170826_1334,2017-08-26 13:34:00,2017-08-26 13:38:00,2017-08-26 13:50:00,B2.0,POINT(80 11),2671
gev_20170826_1854,2017-08-26 18:54:00,2017-08-26 19:03:00,2017-08-26 19:09:00,B3.5,POINT(74 10),2671
gev_20170826_2017,2017-08-26 20:17:00,2017-08-26 21:00:00,2017-08-26 21:27:00,B5.4,POINT(1 4),2672
gev_20170827_0011,2017-08-27 00:11:00,2017-08-27 00:29:00,2017-08-27 00:38:00,B1.6,POINT(77 11),2671
gev_20170827_0113,2017-08-27 01:13:00,2017-08-27 01:18:00,2017-08-27 01:20:00,B3.0,POINT(77 10),2671
gev_20170827_0602,2017-08-27 06:02:00,2017-08-27 06:07:00,2017-08-27 06:12:00,B4.3,POINT(83 12),2671
gev_20170827_0732,2017-08-27 07:32:00,2017-08-27 07:37:00,2017-08-27 07:46:00,B1.7,POINT(84 10),2671
gev_20170827_0925,2017-08-27 09:25:00,2017-08-27 09:29:00,2017-08-27 09:34:00,B2.0,POINT(11 6),2672
gev_20170827_1111,2017-08-27 11:11:00,2017-08-27 11:14:00,2017-08-27 11:18:00,B1.4,POINT(13 5),2672
gev_20170827_1511,2017-08-27 15:11:00,2017-08-27 15:16:00,2017-08-27 15:41:00,C6.3,POINT(89 12),2671
gev_20170827_1656,2017-08-27 16:56:00,2017-08-27 17:03:00,2017-08-27 17:16:00,B3.0,POINT(-89 -5),0
gev_20170827_1746,2017-08-27 17:46:00,2017-08-27 18:11:00,2017-08-27 18:30:00,B3.5,POINT(-88 -8),0
gev_20170828_0053,2017-08-28 00:53:00,2017-08-28 00:56:00,2017-08-28 01:03:00,B1.6,POINT(21 5),2672
gev_20170828_0239,2017-08-28 02:39:00,2017-08-28 04:18:00,2017-08-28 04:38:00,B3.6,POINT(88 10),2671
gev_20170828_0612,2017-08-28 06:12:00,2017-08-28 06:16:00,2017-08-28 06:20:00,B2.7,POINT(88 10),2671
gev_20170828_0923,2017-08-28 09:23:00,2017-08-28 09:28:00,2017-08-28 09:38:00,B2.8,POINT(-88 15),2674
gev_20170828_1441,2017-08-28 14:41:00,2017-08-28 14:59:00,2017-08-28 15:06:00,B5.5,POINT(30 5),2672
gev_20170828_1530,2017-08-28 15:30:00,2017-08-28 15:40:00,2017-08-28 16:11:00,B9.5,POINT(-88 14),2674
gev_20170828_1533,2017-08-28 15:33:00,2017-08-28 15:40:00,2017-08-28 15:58:00,B9.4,POINT(-88 14),2674
gev_20170828_1630,2017-08-28 16:30:00,2017-08-28 16:38:00,2017-08-28 16:49:00,B8.3,POINT(-88 14),2674
gev_20170828_1631,2017-08-28 16:31:00,2017-08-28 16:42:00,2017-08-28 16:58:00,B8.6,POINT(-88 14),2674
gev_20170828_1957,2017-08-28 19:57:00,2017-08-28 20:02:00,2017-08-28 20:06:00,B6.8,POINT(-88 15),2674
gev_20170828_2333,2017-08-28 23:33:00,2017-08-28 23:43:00,2017-08-28 23:44:00,C1.0,POINT(-88 14),2674
gev_20170829_0255,2017-08-29 02:55:00,2017-08-29 03:00:00,2017-08-29 03:07:00,C2.8,POINT(-88 13),2674
gev_20170829_0427,2017-08-29 04:27:00,2017-08-29 04:30:00,2017-08-29 04:54:00,B9.0,POINT(-88 14),2674
gev_20170829_0616,2017-08-29 06:16:00,2017-08-29 06:21:00,2017-08-29 06:29:00,C1.0,POINT(-88 15),2674
gev_20170829_1020,2017-08-29 10:20:00,2017-08-29 10:26:00,2017-08-29 10:31:00,B4.2,POINT(-88 14),2674
gev_20170829_1058,2017-08-29 10:58:00,2017-08-29 11:02:00,2017-08-29 11:17:00,B4.1,POINT(-88 13),2674
gev_20170829_1238,2017-08-29 12:38:00,2017-08-29 12:46:00,2017-08-29 12:56:00,B3.9,POINT(-88 14),2674
gev_20170829_1356,2017-08-29 13:56:00,2017-08-29 13:59:00,2017-08-29 14:01:00,B3.6,POINT(-89 12),2674
gev_20170829_1623,2017-08-29 16:23:00,2017-08-29 16:25:00,2017-08-29 16:32:00,B6.4,POINT(-85 13),2674
gev_20170829_1916,2017-08-29 19:16:00,2017-08-29 19:21:00,2017-08-29 19:28:00,B5.2,POINT(-89 12),2674
gev_20170829_2214,2017-08-29 22:14:00,2017-08-29 22:18:00,2017-08-29 22:23:00,C1.3,POINT(-85 13),2674
gev_20170830_0405,2017-08-30 04:05:00,2017-08-30 04:12:00,2017-08-30 04:21:00,C1.1,POINT(-81 12),2674
gev_20170830_0451,2017-08-30 04:51:00,2017-08-30 05:09:00,2017-08-30 05:15:00,B5.5,POINT(-80 12),2674
gev_20170830_0831,2017-08-30 08:31:00,2017-08-30 08:35:00,2017-08-30 08:37:00,C1.3,POINT(-78 14),2674
gev_20170830_1100,2017-08-30 11:00:00,2017-08-30 11:05:00,2017-08-30 11:50:00,B8.0,POINT(-70 13),2674
gev_20170830_1254,2017-08-30 12:54:00,2017-08-30 13:18:00,2017-08-30 13:32:00,B7.3,POINT(-75 13),2674
gev_20170830_1607,2017-08-30 16:07:00,2017-08-30 16:36:00,2017-08-30 16:57:00,B5.4,POINT(61 3),2672
gev_20170830_1740,2017-08-30 17:40:00,2017-08-30 17:44:00,2017-08-30 17:50:00,B3.6,POINT(-65 13),2674
gev_20170830_1838,2017-08-30 18:38:00,2017-08-30 18:45:00,2017-08-30 18:50:00,C5.2,POINT(-72 14),2674
gev_20170830_2220,2017-08-30 22:20:00,2017-08-30 23:11:00,2017-08-30 23:19:00,C1.3,POINT(-69 14),2674
gev_20170831_0237,2017-08-31 02:37:00,2017-08-31 02:40:00,2017-08-31 02:42:00,B2.5,POINT(59 7),2672
gev_20170831_0344,2017-08-31 03:44:00,2017-08-31 03:48:00,2017-08-31 03:51:00,B5.3,POINT(-67 15),2674
gev_20170831_0533,2017-08-31 05:33:00,2017-08-31 05:37:00,2017-08-31 05:41:00,B3.2,POINT(-66 14),2674
gev_20170831_0821,2017-08-31 08:21:00,2017-08-31 08:24:00,2017-08-31 08:27:00,B7.9,POINT(69 4),2672
gev_20170831_1439,2017-08-31 14:39:00,2017-08-31 14:40:00,2017-08-31 14:44:00,B3.1,POINT(-61 14),2674
gev_20170831_1640,2017-08-31 16:40:00,2017-08-31 16:44:00,2017-08-31 16:47:00,B2.3,POINT(67 9),2672
gev_20170831_1945,2017-08-31 19:45:00,2017-08-31 19:55:00,2017-08-31 20:14:00,B3.1,POINT(-56 12),2674
gev_20170901_0126,2017-09-01 01:26:00,2017-09-01 01:29:00,2017-09-01 01:32:00,B4.9,POINT(72 8),2672
gev_20170901_0207,2017-09-01 02:07:00,2017-09-01 02:12:00,2017-09-01 02:24:00,B3.4,POINT(-53 15),2674
gev_20170901_0630,2017-09-01 06:30:00,2017-09-01 06:37:00,2017-09-01 06:48:00,B4.6,POINT(-12 -82),0
gev_20170901_0937,2017-09-01 09:37:00,2017-09-01 09:43:00,2017-09-01 09:52:00,B7.1,POINT(-50 14),2674
gev_20170901_1025,2017-09-01 10:25:00,2017-09-01 10:28:00,2017-09-01 10:30:00,B3.7,POINT(-48 14),2674
gev_20170901_1504,2017-09-01 15:04:00,2017-09-01 15:07:00,2017-09-01 15:09:00,B4.8,POINT(-45 14),2674
gev_20170901_1510,2017-09-01 15:10:00,2017-09-01 15:13:00,2017-09-01 15:15:00,B5.1,POINT(-45 14),2674
gev_20170901_1531,2017-09-01 15:31:00,2017-09-01 15:37:00,2017-09-01 15:41:00,C2.0,POINT(-45 14),2674
gev_20170901_1708,2017-09-01 17:08:00,2017-09-01 17:14:00,2017-09-01 17:19:00,C1.2,POINT(-44 13),2674
gev_20170901_1732,2017-09-01 17:32:00,2017-09-01 17:35:00,2017-09-01 17:38:00,B8.0,POINT(-44 13),2674
gev_20170901_2058,2017-09-01 20:58:00,2017-09-01 21:02:00,2017-09-01 21:06:00,B5.4,POINT(-42 15),2674
gev_20170901_2157,2017-09-01 21:57:00,2017-09-01 22:00:00,2017-09-01 22:09:00,B4.6,POINT(-42 14),2674
gev_20170901_2344,2017-09-01 23:44:00,2017-09-01 23:51:00,2017-09-01 23:59:00,C1.4,POINT(-41 15),2674
gev_20170902_0025,2017-09-02 00:25:00,2017-09-02 00:28:00,2017-09-02 00:32:00,B7.9,POINT(-39 15),2674
gev_20170902_0222,2017-09-02 02:22:00,2017-09-02 02:30:00,2017-09-02 02:35:00,C1.1,POINT(-39 13),2674
gev_20170902_0302,2017-09-02 03:02:00,2017-09-02 03:06:00,2017-09-02 03:26:00,C1.0,POINT(-39 13),2674
gev_20170902_0403,2017-09-02 04:03:00,2017-09-02 04:07:00,2017-09-02 04:10:00,B6.2,POINT(-38 15),2674
gev_20170902_0516,2017-09-02 05:16:00,2017-09-02 05:19:00,2017-09-02 05:21:00,B4.1,POINT(-38 14),2674
gev_20170902_1011,2017-09-02 10:11:00,2017-09-02 10:15:00,2017-09-02 10:17:00,B4.3,POINT(-30 13),2674
gev_20170902_1031,2017-09-02 10:31:00,2017-09-02 10:35:00,2017-09-02 10:39:00,B4.2,POINT(89 7),2672
gev_20170902_1148,2017-09-02 11:48:00,2017-09-02 12:05:00,2017-09-02 12:32:00,B8.5,POINT(-35 15),2674
gev_20170902_1303,2017-09-02 13:03:00,2017-09-02 13:07:00,2017-09-02 13:09:00,B5.7,POINT(89 9),2672
gev_20170902_1526,2017-09-02 15:26:00,2017-09-02 15:41:00,2017-09-02 15:56:00,C7.7,POINT(89 4),2672
gev_20170902_2156,2017-09-02 21:56:00,2017-09-02 22:03:00,2017-09-02 22:33:00,C1.5,POINT(88 10),2671
gev_20170903_0418,2017-09-03 04:18:00,2017-09-03 04:41:00,2017-09-03 04:54:00,C1.0,POINT(-24 14),2674
gev_20170903_0839,2017-09-03 08:39:00,2017-09-03 09:26:00,2017-09-03 09:48:00,B7.5,POINT(88 11),2671
gev_20170903_1019,2017-09-03 10:19:00,2017-09-03 10:22:00,2017-09-03 10:34:00,B5.9,POINT(-20 12),2674
gev_20170903_2045,2017-09-03 20:45:00,2017-09-03 20:50:00,2017-09-03 20:55:00,C1.1,POINT(-1 -9),2673
gev_20170904_0218,2017-09-04 02:18:00,2017-09-04 02:22:00,2017-09-04 02:29:00,C1.1,POINT(-5 8),2674
gev_20170904_0333,2017-09-04 03:33:00,2017-09-04 03:38:00,2017-09-04 03:42:00,C1.2,POINT(2 -9),2673
gev_20170904_0405,2017-09-04 04:05:00,2017-09-04 04:11:00,2017-09-04 04:17:00,C1.8,POINT(3 -9),2673
gev_20170904_0536,2017-09-04 05:36:00,2017-09-04 05:49:00,2017-09-04 06:05:00,M1.2,POINT(4 -10),2673
gev_20170904_0808,2017-09-04 08:08:00,2017-09-04 08:19:00,2017-09-04 08:24:00,C2.9,POINT(4 -9),2673
gev_20170904_1133,2017-09-04 11:33:00,2017-09-04 11:38:00,2017-09-04 11:42:00,C2.4,POINT(7 -8),2673
gev_20170904_1149,2017-09-04 11:49:00,2017-09-04 12:25:00,2017-09-04 12:46:00,C8.4,POINT(7 -9),2673
gev_20170904_1212,2017-09-04 12:12:00,2017-09-04 12:25:00,2017-09-04 12:33:00,C8.3,POINT(7 -10),2673
gev_20170904_1511,2017-09-04 15:11:00,2017-09-04 15:30:00,2017-09-04 15:33:00,M1.5,POINT(8 -10),2673
gev_20170904_1629,2017-09-04 16:29:00,2017-09-04 16:46:00,2017-09-04 16:50:00,C4.1,POINT(9 -8),2673
gev_20170904_1720,2017-09-04 17:20:00,2017-09-04 17:39:00,2017-09-04 17:48:00,C6.0,POINT(10 -8),2673
gev_20170904_1805,2017-09-04 18:05:00,2017-09-04 18:22:00,2017-09-04 18:31:00,M1.0,POINT(11 -7),2673
gev_20170904_1846,2017-09-04 18:46:00,2017-09-04 19:37:00,2017-09-04 19:52:00,M1.7,POINT(11 -9),2673
gev_20170904_1959,2017-09-04 19:59:00,2017-09-04 20:02:00,2017-09-04 20:06:00,M1.5,POINT(11 -10),2673
gev_20170904_2028,2017-09-04 20:28:00,2017-09-04 20:33:00,2017-09-04 20:37:00,M5.5,POINT(11 -10),2673
gev_20170904_2210,2017-09-04 22:10:00,2017-09-04 22:14:00,2017-09-04 22:19:00,M2.1,POINT(12 -9),2673
gev_20170905_0030,2017-09-05 00:30:00,2017-09-05 00:35:00,2017-09-05 00:41:00,C9.8,POINT(16 -11),2673
gev_20170905_0103,2017-09-05 01:03:00,2017-09-05 01:08:00,2017-09-05 01:11:00,M4.2,POINT(14 -9),2673
gev_20170905_0342,2017-09-05 03:42:00,2017-09-05 03:51:00,2017-09-05 04:04:00,M1.0,POINT(15 -9),2673
gev_20170905_0433,2017-09-05 04:33:00,2017-09-05 04:53:00,2017-09-05 05:07:00,M3.2,POINT(18 -11),2673
gev_20170905_0633,2017-09-05 06:33:00,2017-09-05 06:40:00,2017-09-05 06:43:00,M3.8,POINT(-8 -82),0
gev_20170905_1013,2017-09-05 10:13:00,2017-09-05 10:19:00,2017-09-05 10:25:00,C5.4,POINT(18 -10),2673
gev_20170905_1230,2017-09-05 12:30:00,2017-09-05 12:34:00,2017-09-05 12:39:00,C2.2,POINT(21 -12),2673
gev_20170905_1326,2017-09-05 13:26:00,2017-09-05 13:34:00,2017-09-05 13:51:00,C6.9,POINT(20 -10),2673
gev_20170905_1614,2017-09-05 16:14:00,2017-09-05 16:19:00,2017-09-05 16:22:00,C3.7,POINT(22 -10),2673
gev_20170905_1711,2017-09-05 17:11:00,2017-09-05 17:15:00,2017-09-05 17:19:00,C4.6,POINT(28 -7),2673
gev_20170905_1737,2017-09-05 17:37:00,2017-09-05 17:43:00,2017-09-05 17:51:00,M2.3,POINT(23 -10),2673
gev_20170905_2000,2017-09-05 20:00:00,2017-09-05 21:12:00,2017-09-05 21:20:00,C1.5,POINT(31 -7),2673
gev_20170906_0617,2017-09-06 06:17:00,2017-09-06 06:22:00,2017-09-06 06:29:00,C1.6,POINT(-43 12),2678
gev_20170906_0729,2017-09-06 07:29:00,2017-09-06 07:34:00,2017-09-06 07:48:00,C2.7,POINT(33 -11),2673
gev_20170906_0835,2017-09-06 08:35:00,2017-09-06 09:27:00,2017-09-06 11:00:00,M7.7,POINT(33 -8),2673
gev_20170906_0857,2017-09-06 08:57:00,2017-09-06 09:10:00,2017-09-06 09:17:00,X2.2,POINT(32 -8),2673
gev_20170906_1153,2017-09-06 11:53:00,2017-09-06 12:02:00,2017-09-06 12:10:00,X9.3,POINT(34 -9),2673
gev_20170906_1551,2017-09-06 15:51:00,2017-09-06 15:56:00,2017-09-06 16:03:00,M2.5,POINT(36 -8),2673
gev_20170906_1921,2017-09-06 19:21:00,2017-09-06 19:30:00,2017-09-06 19:35:00,M1.4,POINT(38 -8),2673
gev_20170906_2333,2017-09-06 23:33:00,2017-09-06 23:39:00,2017-09-06 23:44:00,M1.2,POINT(40 -8),2673
gev_20170907_0459,2017-09-07 04:59:00,2017-09-07 05:02:00,2017-09-07 05:08:00,M2.4,POINT(44 -8),2673
gev_20170907_0619,2017-09-07 06:19:00,2017-09-07 06:28:00,2017-09-07 06:42:00,C8.2,POINT(43 -11),2673
gev_20170907_0916,2017-09-07 09:16:00,2017-09-07 09:20:00,2017-09-07 09:24:00,C2.3,POINT(45 -7),2673
gev_20170907_0949,2017-09-07 09:49:00,2017-09-07 09:54:00,2017-09-07 09:58:00,M1.4,POINT(46 -7),2673
gev_20170907_1011,2017-09-07 10:11:00,2017-09-07 10:15:00,2017-09-07 10:18:00,M7.3,POINT(46 -7),2673
gev_20170907_1200,2017-09-07 12:00:00,2017-09-07 12:14:00,2017-09-07 12:28:00,C3.0,POINT(49 -12),2673
gev_20170907_1420,2017-09-07 14:20:00,2017-09-07 14:36:00,2017-09-07 14:55:00,X1.3,POINT(48 -8),2673
gev_20170907_1804,2017-09-07 18:04:00,2017-09-07 18:28:00,2017-09-07 18:36:00,C5.2,POINT(51 -11),2673
gev_20170907_1840,2017-09-07 18:40:00,2017-09-07 18:44:00,2017-09-07 18:49:00,C4.5,POINT(50 -7),2673
gev_20170907_2054,2017-09-07 20:54:00,2017-09-07 20:57:00,2017-09-07 20:59:00,C2.5,POINT(52 -7),2673
gev_20170907_2124,2017-09-07 21:24:00,2017-09-07 21:37:00,2017-09-07 21:47:00,C5.4,POINT(53 -12),2673
gev_20170907_2257,2017-09-07 22:57:00,2017-09-07 23:00:00,2017-09-07 23:02:00,C2.7,POINT(52 -7),2673
gev_20170907_2350,2017-09-07 23:50:00,2017-09-07 23:59:00,2017-09-08 00:14:00,M3.9,POINT(54 -11),2673
gev_20170908_0136,2017-09-08 01:36:00,2017-09-08 01:40:00,2017-09-08 01:42:00,C5.3,POINT(54 -7),2673
gev_20170908_0210,2017-09-08 02:10:00,2017-09-08 02:13:00,2017-09-08 02:15:00,C1.2,POINT(54 -7),2673
gev_20170908_0219,2017-09-08 02:19:00,2017-09-08 02:24:00,2017-09-08 02:29:00,M1.3,POINT(55 -9),2673
gev_20170908_0330,2017-09-08 03:30:00,2017-09-08 03:34:00,2017-09-08 03:37:00,C1.4,POINT(56 -7),2673
gev_20170908_0339,2017-09-08 03:39:00,2017-09-08 03:43:00,2017-09-08 03:45:00,M1.2,POINT(55 -7),2673
gev_20170908_0531,2017-09-08 05:31:00,2017-09-08 05:48:00,2017-09-08 05:53:00,C8.3,POINT(57 -12),2673
gev_20170908_0624,2017-09-08 06:24:00,2017-09-08 06:27:00,2017-09-08 06:29:00,C2.9,POINT(-15 11),2678
gev_20170908_0635,2017-09-08 06:35:00,2017-09-08 06:38:00,2017-09-08 06:41:00,C1.7,POINT(-10 -82),0
gev_20170908_0704,2017-09-08 07:04:00,2017-09-08 07:08:00,2017-09-08 07:10:00,C6.0,POINT(57 -7),2673
gev_20170908_0740,2017-09-08 07:40:00,2017-09-08 07:49:00,2017-09-08 07:58:00,M8.1,POINT(57 -9),2673
gev_20170908_0936,2017-09-08 09:36:00,2017-09-08 09:39:00,2017-09-08 09:41:00,C1.3,POINT(59 -7),2673
gev_20170908_1045,2017-09-08 10:45:00,2017-09-08 10:49:00,2017-09-08 10:51:00,C1.6,POINT(60 -6),2673
gev_20170908_1121,2017-09-08 11:21:00,2017-09-08 11:27:00,2017-09-08 11:34:00,C1.7,POINT(65 -8),2673
gev_20170908_1209,2017-09-08 12:09:00,2017-09-08 12:13:00,2017-09-08 12:15:00,C5.9,POINT(60 -7),2673
gev_20170908_1229,2017-09-08 12:29:00,2017-09-08 12:33:00,2017-09-08 12:40:00,C1.2,POINT(65 -8),2673
gev_20170908_1509,2017-09-08 15:09:00,2017-09-08 15:47:00,2017-09-08 16:04:00,M2.9,POINT(63 -9),2673
gev_20170908_1815,2017-09-08 18:15:00,2017-09-08 18:18:00,2017-09-08 18:20:00,C1.7,POINT(64 -10),2673
gev_20170908_2010,2017-09-08 20:10:00,2017-09-08 20:14:00,2017-09-08 20:16:00,C1.7,POINT(65 -7),2673
gev_20170908_2218,2017-09-08 22:18:00,2017-09-08 22:24:00,2017-09-08 22:30:00,C2.4,POINT(69 -7),2673
gev_20170908_2316,2017-09-08 23:16:00,2017-09-08 23:21:00,2017-09-08 23:23:00,C2.0,POINT(68 -7),2673
gev_20170908_2333,2017-09-08 23:33:00,2017-09-08 23:45:00,2017-09-08 23:56:00,M2.1,POINT(69 -8),2673
gev_20170909_0036,2017-09-09 00:36:00,2017-09-09 00:39:00,2017-09-09 00:46:00,C1.0,POINT(70 -13),2673
gev_20170909_0302,2017-09-09 03:02:00,2017-09-09 03:09:00,2017-09-09 03:25:00,C6.3,POINT(69 -8),2673
gev_20170909_0357,2017-09-09 03:57:00,2017-09-09 04:01:00,2017-09-09 04:07:00,C4.2,POINT(68 -9),2673
gev_20170909_0414,2017-09-09 04:14:00,2017-09-09 04:28:00,2017-09-09 04:43:00,M1.1,POINT(70 -11),2673
gev_20170909_0623,2017-09-09 06:23:00,2017-09-09 06:29:00,2017-09-09 06:40:00,C1.4,POINT(73 -8),2676
gev_20170909_0651,2017-09-09 06:51:00,2017-09-09 06:56:00,2017-09-09 06:58:00,C1.7,POINT(68 -7),2673
gev_20170909_0717,2017-09-09 07:17:00,2017-09-09 07:27:00,2017-09-09 07:40:00,C1.5,POINT(75 -8),2676
gev_20170909_1050,2017-09-09 10:50:00,2017-09-09 11:04:00,2017-09-09 11:42:00,M3.7,POINT(74 -8),2676
gev_20170909_1449,2017-09-09 14:49:00,2017-09-09 14:53:00,2017-09-09 14:58:00,C1.4,POINT(88 -9),2673
gev_20170909_1620,2017-09-09 16:20:00,2017-09-09 16:32:00,2017-09-09 16:40:00,C1.7,POINT(83 -8),2673
gev_20170909_1909,2017-09-09 19:09:00,2017-09-09 19:15:00,2017-09-09 19:20:00,C1.8,POINT(84 -8),2673
gev_20170909_2100,2017-09-09 21:00:00,2017-09-09 21:11:00,2017-09-09 21:25:00,C4.7,POINT(88 -9),2673
gev_20170909_2204,2017-09-09 22:04:00,2017-09-09 23:53:00,2017-09-10 01:30:00,M1.2,POINT(88 -9),2673
gev_20170910_0240,2017-09-10 02:40:00,2017-09-10 03:09:00,2017-09-10 03:25:00,C9.0,POINT(88 -9),2673
gev_20170910_0902,2017-09-10 09:02:00,2017-09-10 09:20:00,2017-09-10 09:34:00,C2.9,POINT(88 -8),2673
gev_20170910_1031,2017-09-10 10:31:00,2017-09-10 11:14:00,2017-09-10 11:42:00,C1.3,POINT(88 -8),2673
gev_20170910_1238,2017-09-10 12:38:00,2017-09-10 12:54:00,2017-09-10 13:24:00,C1.9,POINT(88 -9),2673
gev_20170910_1419,2017-09-10 14:19:00,2017-09-10 14:23:00,2017-09-10 14:25:00,C1.6,POINT(88 -8),2673
gev_20170910_1523,2017-09-10 15:23:00,2017-09-10 15:26:00,2017-09-10 15:28:00,C1.0,POINT(88 -8),2673
gev_20170910_1535,2017-09-10 15:35:00,2017-09-10 16:06:00,2017-09-10 16:31:00,X8.2,POINT(88 -8),2673
gev_20170911_0943,2017-09-11 09:43:00,2017-09-11 10:10:00,2017-09-11 10:17:00,B9.8,POINT(88 11),2679
gev_20170912_0722,2017-09-12 07:22:00,2017-09-12 07:27:00,2017-09-12 07:34:00,C3.0,POINT(-48 7),2680
gev_20170912_1357,2017-09-12 13:57:00,2017-09-12 14:00:00,2017-09-12 14:08:00,B3.4,POINT(43 17),2677
gev_20170912_1528,2017-09-12 15:28:00,2017-09-12 15:31:00,2017-09-12 15:39:00,B3.5,POINT(-44 10),2680
gev_20170912_1554,2017-09-12 15:54:00,2017-09-12 15:59:00,2017-09-12 16:06:00,B1.7,POINT(-43 7),2680
gev_20170912_1903,2017-09-12 19:03:00,2017-09-12 19:20:00,2017-09-12 19:28:00,C1.6,POINT(-41 7),2680
gev_20170913_0538,2017-09-13 05:38:00,2017-09-13 05:41:00,2017-09-13 05:51:00,B1.1,POINT(-35 7),2680
gev_20170913_0739,2017-09-13 07:39:00,2017-09-13 07:48:00,2017-09-13 08:09:00,B1.4,POINT(-34 6),2680
gev_20170917_1300,2017-09-17 13:00:00,2017-09-17 15:13:00,2017-09-17 18:00:00,A7.5,POINT(16 8),2680
gev_20170920_0130,2017-09-20 01:30:00,2017-09-20 01:37:00,2017-09-20 01:43:00,B1.2,POINT(-87 -15),2681
gev_20170920_0251,2017-09-20 02:51:00,2017-09-20 02:57:00,2017-09-20 03:21:00,B1.7,POINT(-87 -15),2681
gev_20170920_0525,2017-09-20 05:25:00,2017-09-20 05:31:00,2017-09-20 05:40:00,B1.4,POINT(-87 -15),2681
gev_20170920_0836,2017-09-20 08:36:00,2017-09-20 08:43:00,2017-09-20 08:48:00,B1.5,POINT(-87 -16),2681
gev_20170920_0942,2017-09-20 09:42:00,2017-09-20 09:50:00,2017-09-20 09:55:00,B3.2,POINT(-87 -14),2681
gev_20170920_1231,2017-09-20 12:31:00,2017-09-20 12:43:00,2017-09-20 12:52:00,B5.4,POINT(-87 -16),2681
gev_20170920_1926,2017-09-20 19:26:00,2017-09-20 19:32:00,2017-09-20 19:37:00,B8.4,POINT(65 7),2680
gev_20170920_1927,2017-09-20 19:27:00,2017-09-20 19:32:00,2017-09-20 19:40:00,B8.4,POINT(65 7),2680
gev_20170920_2000,2017-09-20 20:00:00,2017-09-20 20:03:00,2017-09-20 20:09:00,B1.0,POINT(-84 -12),2681
gev_20170920_2158,2017-09-20 21:58:00,2017-09-20 22:01:00,2017-09-20 22:04:00,B1.0,POINT(67 7),2680
gev_20170923_0551,2017-09-23 05:51:00,2017-09-23 06:03:00,2017-09-23 06:10:00,B3.0,POINT(-88 -7),0
gev_20170924_0013,2017-09-24 00:13:00,2017-09-24 00:19:00,2017-09-24 00:26:00,B2.1,POINT(-88 -9),2682
gev_20170924_1118,2017-09-24 11:18:00,2017-09-24 11:22:00,2017-09-24 11:24:00,B2.8,POINT(-83 -13),2682
gev_20170924_2320,2017-09-24 23:20:00,2017-09-24 23:27:00,2017-09-24 23:37:00,B2.7,POINT(-18 -13),2681
gev_20170925_0214,2017-09-25 02:14:00,2017-09-25 02:35:00,2017-09-25 02:46:00,B5.7,POINT(-17 -13),2681
gev_20170925_1251,2017-09-25 12:51:00,2017-09-25 12:56:00,2017-09-25 12:59:00,B3.3,POINT(-65 -13),2682
gev_20170925_1435,2017-09-25 14:35:00,2017-09-25 15:14:00,2017-09-25 15:32:00,B5.9,POINT(-10 -12),2681
gev_20170925_1709,2017-09-25 17:09:00,2017-09-25 17:12:00,2017-09-25 17:14:00,B2.9,POINT(-77 12),2683
gev_20170925_2038,2017-09-25 20:38:00,2017-09-25 20:46:00,2017-09-25 20:58:00,B2.5,POINT(-61 -9),2682
gev_20170926_0216,2017-09-26 02:16:00,2017-09-26 02:20:00,2017-09-26 02:25:00,B2.3,POINT(-71 13),2683
gev_20170926_0229,2017-09-26 02:29:00,2017-09-26 02:34:00,2017-09-26 02:38:00,C1.8,POINT(-71 13),2683
gev_20170926_0601,2017-09-26 06:01:00,2017-09-26 06:05:00,2017-09-26 06:08:00,B4.6,POINT(-55 -13),2682
gev_20170926_0747,2017-09-26 07:47:00,2017-09-26 07:51:00,2017-09-26 07:56:00,B2.7,POINT(-68 13),2683
gev_20170926_0923,2017-09-26 09:23:00,2017-09-26 09:26:00,2017-09-26 09:30:00,B2.1,POINT(-67 13),2683
gev_20170926_1341,2017-09-26 13:41:00,2017-09-26 13:45:00,2017-09-26 13:49:00,B3.0,POINT(-65 15),2683
gev_20170927_0050,2017-09-27 00:50:00,2017-09-27 01:01:00,2017-09-27 01:07:00,C1.7,POINT(-60 15),2683
gev_20170927_1351,2017-09-27 13:51:00,2017-09-27 14:06:00,2017-09-27 14:29:00,B2.4,POINT(-45 -9),2682
gev_20170927_1746,2017-09-27 17:46:00,2017-09-27 17:50:00,2017-09-27 18:03:00,B2.1,POINT(-40 -10),2682
gev_20170928_1409,2017-09-28 14:09:00,2017-09-28 14:34:00,2017-09-28 15:33:00,B2.9,POINT(30 -11),2681
gev_20170929_1325,2017-09-29 13:25:00,2017-09-29 13:31:00,2017-09-29 13:38:00,B2.2,POINT(-17 -10),2682
gev_20170929_1428,2017-09-29 14:28:00,2017-09-29 14:32:00,2017-09-29 14:37:00,B2.5,POINT(-15 -12),2682
gev_20170930_1704,2017-09-30 17:04:00,2017-09-30 17:11:00,2017-09-30 17:15:00,B3.5,POINT(0 -12),2682
gev_20171003_0116,2017-10-03 01:16:00,2017-10-03 01:19:00,2017-10-03 01:21:00,B2.2,POINT(18 11),2683
gev_20171004_0125,2017-10-04 01:25:00,2017-10-04 01:28:00,2017-10-04 01:38:00,B1.1,POINT(32 11),2683
gev_20171004_0246,2017-10-04 02:46:00,2017-10-04 02:49:00,2017-10-04 02:51:00,B1.7,POINT(33 11),2683
gev_20171004_0347,2017-10-04 03:47:00,2017-10-04 03:54:00,2017-10-04 03:58:00,B2.4,POINT(33 11),2683
gev_20171004_1004,2017-10-04 10:04:00,2017-10-04 10:08:00,2017-10-04 10:10:00,B1.2,POINT(38 15),2683
gev_20171005_0243,2017-10-05 02:43:00,2017-10-05 02:48:00,2017-10-05 02:50:00,B2.4,POINT(64 -11),2682
gev_20171005_0456,2017-10-05 04:56:00,2017-10-05 05:03:00,2017-10-05 05:09:00,B2.4,POINT(48 10),2683
gev_20171005_0611,2017-10-05 06:11:00,2017-10-05 06:19:00,2017-10-05 06:25:00,B3.5,POINT(48 10),2683
gev_20171005_1059,2017-10-05 10:59:00,2017-10-05 11:04:00,2017-10-05 11:11:00,B1.2,POINT(51 10),2683
gev_20171005_1125,2017-10-05 11:25:00,2017-10-05 11:29:00,2017-10-05 11:31:00,B1.4,POINT(69 -12),2682
gev_20171005_1326,2017-10-05 13:26:00,2017-10-05 13:41:00,2017-10-05 13:49:00,C1.0,POINT(52 10),2683
gev_20171005_1949,2017-10-05 19:49:00,2017-10-05 19:59:00,2017-10-05 20:20:00,B2.9,POINT(56 10),2683
gev_20171005_1951,2017-10-05 19:51:00,2017-10-05 20:02:00,2017-10-05 20:10:00,B3.3,POINT(56 10),2683
gev_20171005_2312,2017-10-05 23:12:00,2017-10-05 23:27:00,2017-10-05 23:42:00,B5.6,POINT(57 10),2683
gev_20171005_2319,2017-10-05 23:19:00,2017-10-05 23:27:00,2017-10-05 23:33:00,B5.5,POINT(57 10),2683
gev_20171006_0036,2017-10-06 00:36:00,2017-10-06 00:39:00,2017-10-06 00:41:00,B1.6,POINT(58 11),2683
gev_20171006_0252,2017-10-06 02:52:00,2017-10-06 02:55:00,2017-10-06 03:04:00,B1.6,POINT(59 10),2683
gev_20171006_0554,2017-10-06 05:54:00,2017-10-06 05:58:00,2017-10-06 06:01:00,B1.5,POINT(60 8),2683
gev_20171006_1118,2017-10-06 11:18:00,2017-10-06 11:21:00,2017-10-06 11:23:00,B2.2,POINT(62 11),2683
gev_20171006_1535,2017-10-06 15:35:00,2017-10-06 15:38:00,2017-10-06 15:40:00,B2.8,POINT(66 11),2683
gev_20171006_1631,2017-10-06 16:31:00,2017-10-06 16:34:00,2017-10-06 16:36:00,B9.8,POINT(67 11),2683
gev_20171006_1921,2017-10-06 19:21:00,2017-10-06 19:24:00,2017-10-06 19:26:00,B4.5,POINT(67 10),2683
gev_20171006_1937,2017-10-06 19:37:00,2017-10-06 19:40:00,2017-10-06 19:42:00,B2.9,POINT(67 10),2683
gev_20171006_2227,2017-10-06 22:27:00,2017-10-06 22:31:00,2017-10-06 22:33:00,B3.2,POINT(68 10),2683
gev_20171006_2323,2017-10-06 23:23:00,2017-10-07 00:16:00,2017-10-07 01:30:00,B4.4,POINT(70 10),2683
gev_20171006_2326,2017-10-06 23:26:00,2017-10-07 00:28:00,2017-10-07 01:12:00,B4.6,POINT(71 10),2683
gev_20171007_0219,2017-10-07 02:19:00,2017-10-07 02:23:00,2017-10-07 02:28:00,B4.9,POINT(71 10),2683
gev_20171007_0522,2017-10-07 05:22:00,2017-10-07 05:25:00,2017-10-07 05:27:00,B1.2,POINT(74 11),2683
gev_20171007_0530,2017-10-07 05:30:00,2017-10-07 05:35:00,2017-10-07 05:38:00,B1.4,POINT(75 10),2683
gev_20171007_0559,2017-10-07 05:59:00,2017-10-07 06:02:00,2017-10-07 06:06:00,B1.6,POINT(74 11),2683
gev_20171008_0347,2017-10-08 03:47:00,2017-10-08 03:50:00,2017-10-08 03:52:00,B1.1,POINT(87 9),2683
gev_20171008_0642,2017-10-08 06:42:00,2017-10-08 06:47:00,2017-10-08 06:50:00,B5.0,POINT(89 9),2683
gev_20171008_1254,2017-10-08 12:54:00,2017-10-08 12:59:00,2017-10-08 13:08:00,B1.7,POINT(88 12),2683
gev_20171008_1617,2017-10-08 16:17:00,2017-10-08 16:21:00,2017-10-08 16:23:00,B1.8,POINT(88 11),2683
gev_20171008_2004,2017-10-08 20:04:00,2017-10-08 20:07:00,2017-10-08 20:10:00,B1.3,POINT(88 12),2683
gev_20171008_2047,2017-10-08 20:47:00,2017-10-08 20:50:00,2017-10-08 20:52:00,B1.3,POINT(89 10),2683
gev_20171009_0321,2017-10-09 03:21:00,2017-10-09 03:24:00,2017-10-09 03:31:00,B1.4,POINT(89 10),2683
gev_20171009_0928,2017-10-09 09:28:00,2017-10-09 10:57:00,2017-10-09 12:30:00,B2.1,POINT(89 -3),2682
gev_20171015_1050,2017-10-15 10:50:00,2017-10-15 11:27:00,2017-10-15 11:45:00,A5.3,POINT(77 -64),0
gev_20171018_0818,2017-10-18 08:18:00,2017-10-18 10:31:00,2017-10-18 11:45:00,B2.4,POINT(-89 -6),0
gev_20171020_0006,2017-10-20 00:06:00,2017-10-20 00:49:00,2017-10-20 01:01:00,B1.4,POINT(-88 -13),0
gev_20171020_1352,2017-10-20 13:52:00,2017-10-20 14:03:00,2017-10-20 14:09:00,B3.4,POINT(-88 -13),2685
gev_20171020_2245,2017-10-20 22:45:00,2017-10-20 22:53:00,2017-10-20 22:58:00,B3.9,POINT(-88 -13),2685
gev_20171020_2310,2017-10-20 23:10:00,2017-10-20 23:28:00,2017-10-20 23:37:00,M1.1,POINT(-88 -12),2685
gev_20171021_1907,2017-10-21 19:07:00,2017-10-21 21:06:00,2017-10-21 21:54:00,B3.3,POINT(-88 16),0
gev_20171022_1208,2017-10-22 12:08:00,2017-10-22 12:41:00,2017-10-22 13:01:00,B2.2,POINT(-88 16),2686
gev_20171027_0036,2017-10-27 00:36:00,2017-10-27 00:44:00,2017-10-27 00:50:00,B1.8,POINT(-33 13),2686
gev_20171103_0911,2017-11-03 09:11:00,2017-11-03 12:33:00,2017-11-03 13:47:00,A7.8,POINT(-81 8),0
gev_20171109_0520,2017-11-09 05:20:00,2017-11-09 07:15:00,2017-11-09 07:30:00,A4.9,POINT(3 -14),0
gev_20171112_2000,2017-11-12 20:00:00,2017-11-12 20:20:00,2017-11-12 20:29:00,B1.8,POINT(-89 -4),0
gev_20171112_2256,2017-11-12 22:56:00,2017-11-12 23:00:00,2017-11-12 23:03:00,B2.4,POINT(-89 -8),0
gev_20171113_0639,2017-11-13 06:39:00,2017-11-13 06:48:00,2017-11-13 06:52:00,B7.5,POINT(-89 -6),0
gev_20171113_0758,2017-11-13 07:58:00,2017-11-13 08:04:00,2017-11-13 08:09:00,B2.4,POINT(-89 -6),0
gev_20171113_1034,2017-11-13 10:34:00,2017-11-13 10:42:00,2017-11-13 10:47:00,B1.3,POINT(-89 -6),0
gev_20171114_1009,2017-11-14 10:09:00,2017-11-14 10:12:00,2017-11-14 10:15:00,B1.4,POINT(-73 -5),2687
gev_20171116_1302,2017-11-16 13:02:00,2017-11-16 13:06:00,2017-11-16 13:10:00,B3.7,POINT(-52 -10),2687
gev_20171116_1303,2017-11-16 13:03:00,2017-11-16 13:06:00,2017-11-16 13:12:00,B3.8,POINT(-52 -10),2687
gev_20171116_1854,2017-11-16 18:54:00,2017-11-16 18:57:00,2017-11-16 18:59:00,B1.0,POINT(-49 -10),2687
gev_20171117_0021,2017-11-17 00:21:00,2017-11-17 00:28:00,2017-11-17 00:30:00,B6.2,POINT(-46 -10),2687
gev_20171118_1748,2017-11-18 17:48:00,2017-11-18 17:53:00,2017-11-18 17:58:00,B1.1,POINT(-19 -8),2687
gev_20171121_0158,2017-11-21 01:58:00,2017-11-21 02:03:00,2017-11-21 02:11:00,B1.7,POINT(74 11),2688
gev_20171123_0906,2017-11-23 09:06:00,2017-11-23 09:14:00,2017-11-23 09:22:00,B1.7,POINT(42 -10),2687
gev_20171125_0515,2017-11-25 05:15:00,2017-11-25 07:46:00,2017-11-25 11:00:00,B1.6,POINT(-9 18),2689
gev_20171125_0521,2017-11-25 05:21:00,2017-11-25 07:46:00,2017-11-25 09:54:00,B1.6,POINT(-9 18),0
gev_20171127_1047,2017-11-27 10:47:00,2017-11-27 11:17:00,2017-11-27 11:44:00,B2.9,POINT(27 15),2689
gev_20171127_1106,2017-11-27 11:06:00,2017-11-27 11:17:00,2017-11-27 11:25:00,B2.9,POINT(27 15),2689
gev_20171128_0651,2017-11-28 06:51:00,2017-11-28 07:01:00,2017-11-28 07:25:00,A8.2,POINT(38 14),2689
gev_20171201_1407,2017-12-01 14:07:00,2017-12-01 14:10:00,2017-12-01 14:12:00,B1.0,POINT(89 14),2689
gev_20171207_0320,2017-12-07 03:20:00,2017-12-07 03:23:00,2017-12-07 03:28:00,B1.0,POINT(17 6),2690
gev_20171210_1046,2017-12-10 10:46:00,2017-12-10 10:54:00,2017-12-10 11:13:00,B1.5,POINT(-89 -9),0
gev_20171211_0040,2017-12-11 00:40:00,2017-12-11 00:52:00,2017-12-11 00:59:00,B6.2,POINT(-89 -10),0
gev_20171213_2141,2017-12-13 21:41:00,2017-12-13 21:44:00,2017-12-13 21:48:00,B1.2,POINT(-43 -8),0
gev_20171214_0510,2017-12-14 05:10:00,2017-12-14 05:24:00,2017-12-14 06:15:00,B1.2,POINT(-43 -7),0
gev_20171214_1400,2017-12-14 14:00:00,2017-12-14 14:27:00,2017-12-14 15:30:00,A8.5,POINT(-89 14),0
gev_20171214_2128,2017-12-14 21:28:00,2017-12-14 22:02:00,2017-12-14 22:58:00,B1.2,POINT(-89 15),0
gev_20171214_2144,2017-12-14 21:44:00,2017-12-14 22:08:00,2017-12-14 22:25:00,B1.1,POINT(-89 15),0
gev_20171219_1952,2017-12-19 19:52:00,2017-12-19 19:58:00,2017-12-19 20:03:00,B2.4,POINT(-61 17),2692
gev_20171220_0756,2017-12-20 07:56:00,2017-12-20 08:00:00,2017-12-20 08:06:00,B1.6,POINT(-54 17),2692
gev_20171220_1814,2017-12-20 18:14:00,2017-12-20 18:15:00,2017-12-20 18:27:00,B3.0,POINT(-47 16),2692
gev_20171220_2049,2017-12-20 20:49:00,2017-12-20 20:53:00,2017-12-20 21:01:00,B1.2,POINT(-46 16),2692
gev_20171220_2328,2017-12-20 23:28:00,2017-12-20 23:31:00,2017-12-20 23:34:00,B1.0,POINT(-45 17),2692
gev_20171221_2325,2017-12-21 23:25:00,2017-12-21 23:30:00,2017-12-21 23:34:00,B1.2,POINT(-32 18),2692
gev_20171222_0017,2017-12-22 00:17:00,2017-12-22 00:21:00,2017-12-22 00:23:00,B1.7,POINT(-31 17),2692
gev_20171222_0111,2017-12-22 01:11:00,2017-12-22 01:15:00,2017-12-22 01:17:00,B3.3,POINT(-30 16),2692
gev_20171222_0140,2017-12-22 01:40:00,2017-12-22 01:50:00,2017-12-22 02:05:00,B7.2,POINT(-28 18),2692
gev_20171222_0228,2017-12-22 02:28:00,2017-12-22 02:31:00,2017-12-22 02:33:00,B2.4,POINT(-30 15),2692
gev_20171222_0243,2017-12-22 02:43:00,2017-12-22 02:50:00,2017-12-22 03:06:00,B4.7,POINT(-27 19),2692
gev_20171222_0331,2017-12-22 03:31:00,2017-12-22 03:36:00,2017-12-22 03:44:00,B2.6,POINT(-27 19),2692
gev_20171222_0403,2017-12-22 04:03:00,2017-12-22 04:06:00,2017-12-22 04:08:00,B1.2,POINT(-28 16),2692
gev_20171222_0628,2017-12-22 06:28:00,2017-12-22 06:30:00,2017-12-22 06:36:00,B1.5,POINT(-25 19),2692
gev_20171222_1136,2017-12-22 11:36:00,2017-12-22 11:40:00,2017-12-22 11:44:00,B3.0,POINT(-22 19),2692
gev_20171223_0624,2017-12-23 06:24:00,2017-12-23 06:29:00,2017-12-23 06:31:00,B3.3,POINT(-14 17),2692
gev_20171223_2033,2017-12-23 20:33:00,2017-12-23 20:36:00,2017-12-23 20:43:00,B1.0,POINT(0 17),2692
gev_20171225_0711,2017-12-25 07:11:00,2017-12-25 07:16:00,2017-12-25 07:28:00,B1.6,POINT(12 18),2692
gev_20171228_2225,2017-12-28 22:25:00,2017-12-28 22:29:00,2017-12-28 22:33:00,B8.3,POINT(-89 13),0
gev_20171229_0114,2017-12-29 01:14:00,2017-12-29 01:18:00,2017-12-29 01:21:00,B1.1,POINT(-84 13),0
