gev_20160101_0438,2016-01-01 04:38:00,2016-01-01 04:41:00,2016-01-01 04:51:00,B6.2,POINT(67.0 -19.0),2473
gev_20160101_0633,2016-01-01 06:33:00,2016-01-01 06:38:00,2016-01-01 06:43:00,C2.3,POINT(67.0 -18.0),2473
gev_20160101_0936,2016-01-01 09:36:00,2016-01-01 09:48:00,2016-01-01 09:56:00,C2.4,POINT(-8.0 11.0),0
gev_20160101_1730,2016-01-01 17:30:00,2016-01-01 17:36:00,2016-01-01 17:43:00,B8.4,POINT(70.0 -18.0),2473
gev_20160101_2018,2016-01-01 20:18:00,2016-01-01 20:21:00,2016-01-01 20:23:00,B5.5,POINT(72.0 -20.0),2473
gev_20160101_2225,2016-01-01 22:25:00,2016-01-01 22:30:00,2016-01-01 22:33:00,C2.7,POINT(nan nan),0
gev_20160101_2310,2016-01-01 23:10:00,2016-01-02 00:11:00,2016-01-02 01:01:00,M2.3,POINT(82.0 -25.0),2473
gev_20160103_2020,2016-01-03 20:20:00,2016-01-03 20:24:00,2016-01-03 20:27:00,B4.7,POINT(-38.0 -9.0),2476
gev_20160104_0617,2016-01-04 06:17:00,2016-01-04 06:21:00,2016-01-04 06:24:00,B4.1,POINT(-13.0 10.0),2479
gev_20160105_0230,2016-01-05 02:30:00,2016-01-05 03:34:00,2016-01-05 04:45:00,B3.9,POINT(-86.0 -44.0),0
gev_20160105_1632,2016-01-05 16:32:00,2016-01-05 16:48:00,2016-01-05 16:59:00,B3.8,POINT(-36.0 -6.0),0
gev_20160105_2333,2016-01-05 23:33:00,2016-01-05 23:37:00,2016-01-05 23:38:00,B6.3,POINT(-11.0 -11.0),2476
gev_20160106_0014,2016-01-06 00:14:00,2016-01-06 00:25:00,2016-01-06 00:37:00,B4.4,POINT(-10.0 -10.0),2476
gev_20160106_0327,2016-01-06 03:27:00,2016-01-06 03:48:00,2016-01-06 04:03:00,B6.6,POINT(-82.0 2.0),2480
gev_20160106_0613,2016-01-06 06:13:00,2016-01-06 06:16:00,2016-01-06 06:20:00,B5.6,POINT(-10.0 4.0),2478
gev_20160106_0920,2016-01-06 09:20:00,2016-01-06 09:25:00,2016-01-06 09:28:00,B8.2,POINT(-82.0 2.0),2480
gev_20160106_1131,2016-01-06 11:31:00,2016-01-06 11:37:00,2016-01-06 11:39:00,C1.8,POINT(-81.0 2.0),2480
gev_20160106_1235,2016-01-06 12:35:00,2016-01-06 13:41:00,2016-01-06 14:16:00,B6.6,POINT(-27.0 -8.0),2482
gev_20160106_1444,2016-01-06 14:44:00,2016-01-06 14:45:00,2016-01-06 14:46:00,B9.3,POINT(-81.0 1.0),2480
gev_20160106_1925,2016-01-06 19:25:00,2016-01-06 19:30:00,2016-01-06 19:34:00,B6.8,POINT(-80.0 0.0),2480
gev_20160106_2146,2016-01-06 21:46:00,2016-01-06 22:00:00,2016-01-06 22:14:00,B7.0,POINT(-80.0 2.0),2480
gev_20160106_2147,2016-01-06 21:47:00,2016-01-06 22:00:00,2016-01-06 22:17:00,B7.0,POINT(-80.0 2.0),2480
gev_20160106_2300,2016-01-06 23:00:00,2016-01-06 23:09:00,2016-01-06 23:23:00,B5.8,POINT(-79.0 2.0),2480
gev_20160107_0145,2016-01-07 01:45:00,2016-01-07 01:48:00,2016-01-07 01:51:00,B6.0,POINT(-76.0 1.0),2480
gev_20160107_0239,2016-01-07 02:39:00,2016-01-07 02:42:00,2016-01-07 02:44:00,B7.0,POINT(-77.0 2.0),2480
gev_20160107_0348,2016-01-07 03:48:00,2016-01-07 03:52:00,2016-01-07 03:59:00,B8.1,POINT(-76.0 2.0),2480
gev_20160107_0611,2016-01-07 06:11:00,2016-01-07 06:17:00,2016-01-07 06:23:00,C1.0,POINT(-73.0 0.0),2480
gev_20160107_1236,2016-01-07 12:36:00,2016-01-07 12:39:00,2016-01-07 12:41:00,B4.3,POINT(-71.0 1.0),2480
gev_20160108_0004,2016-01-08 00:04:00,2016-01-08 00:21:00,2016-01-08 00:28:00,B4.2,POINT(56.0 -19.0),2481
gev_20160108_0409,2016-01-08 04:09:00,2016-01-08 04:14:00,2016-01-08 04:18:00,B4.5,POINT(58.0 -19.0),2481
gev_20160108_1123,2016-01-08 11:23:00,2016-01-08 11:31:00,2016-01-08 11:41:00,B8.6,POINT(2.0 2.0),2482
gev_20160110_1709,2016-01-10 17:09:00,2016-01-10 17:13:00,2016-01-10 17:17:00,B4.2,POINT(-20.0 15.0),2483
gev_20160111_1118,2016-01-11 11:18:00,2016-01-11 11:21:00,2016-01-11 11:24:00,B4.0,POINT(81.0 -1.0),0
gev_20160111_1700,2016-01-11 17:00:00,2016-01-11 17:14:00,2016-01-11 17:33:00,B4.4,POINT(-9.0 3.0),2480
gev_20160111_2041,2016-01-11 20:41:00,2016-01-11 21:14:00,2016-01-11 21:36:00,B4.9,POINT(-6.0 1.0),2480
gev_20160112_0903,2016-01-12 09:03:00,2016-01-12 09:07:00,2016-01-12 09:12:00,B6.8,POINT(1.0 16.0),2483
gev_20160112_1339,2016-01-12 13:39:00,2016-01-12 13:53:00,2016-01-12 14:09:00,B5.3,POINT(1.0 1.0),2480
gev_20160112_1919,2016-01-12 19:19:00,2016-01-12 19:31:00,2016-01-12 19:54:00,B3.3,POINT(5.0 2.0),2480
gev_20160112_2151,2016-01-12 21:51:00,2016-01-12 22:31:00,2016-01-12 22:44:00,B4.0,POINT(7.0 1.0),2480
gev_20160113_0705,2016-01-13 07:05:00,2016-01-13 07:25:00,2016-01-13 07:43:00,B3.9,POINT(12.0 20.0),2483
gev_20160113_0708,2016-01-13 07:08:00,2016-01-13 07:25:00,2016-01-13 07:48:00,B4.0,POINT(12.0 20.0),2483
gev_20160113_1113,2016-01-13 11:13:00,2016-01-13 11:22:00,2016-01-13 11:27:00,B2.5,POINT(14.0 4.0),2480
gev_20160113_1333,2016-01-13 13:33:00,2016-01-13 13:51:00,2016-01-13 14:10:00,B2.4,POINT(15.0 20.0),2483
gev_20160113_1457,2016-01-13 14:57:00,2016-01-13 15:05:00,2016-01-13 15:13:00,B2.4,POINT(76.0 -9.0),0
gev_20160113_1659,2016-01-13 16:59:00,2016-01-13 17:05:00,2016-01-13 17:08:00,B2.3,POINT(74.0 -9.0),2482
gev_20160113_1827,2016-01-13 18:27:00,2016-01-13 18:34:00,2016-01-13 18:41:00,B4.4,POINT(71.0 -10.0),0
gev_20160113_2351,2016-01-13 23:51:00,2016-01-14 00:01:00,2016-01-14 00:11:00,B2.5,POINT(22.0 3.0),2480
gev_20160114_1004,2016-01-14 10:04:00,2016-01-14 10:08:00,2016-01-14 10:17:00,B3.7,POINT(32.0 4.0),2480
gev_20160115_0234,2016-01-15 02:34:00,2016-01-15 02:39:00,2016-01-15 02:41:00,C2.8,POINT(41.0 3.0),2480
gev_20160115_1135,2016-01-15 11:35:00,2016-01-15 11:40:00,2016-01-15 11:44:00,B4.2,POINT(47.0 3.0),2480
gev_20160115_1210,2016-01-15 12:10:00,2016-01-15 12:16:00,2016-01-15 12:18:00,C1.0,POINT(47.0 3.0),2480
gev_20160115_1325,2016-01-15 13:25:00,2016-01-15 13:28:00,2016-01-15 13:31:00,B5.1,POINT(47.0 3.0),2480
gev_20160115_1352,2016-01-15 13:52:00,2016-01-15 13:55:00,2016-01-15 14:01:00,B3.2,POINT(48.0 2.0),2480
gev_20160115_1518,2016-01-15 15:18:00,2016-01-15 15:25:00,2016-01-15 15:31:00,C1.7,POINT(48.0 3.0),2480
gev_20160115_1741,2016-01-15 17:41:00,2016-01-15 17:45:00,2016-01-15 17:48:00,B4.4,POINT(48.0 4.0),2480
gev_20160115_1956,2016-01-15 19:56:00,2016-01-15 20:02:00,2016-01-15 20:05:00,B8.6,POINT(50.0 2.0),2480
gev_20160115_2009,2016-01-15 20:09:00,2016-01-15 20:16:00,2016-01-15 20:36:00,B8.8,POINT(51.0 4.0),2480
gev_20160115_2159,2016-01-15 21:59:00,2016-01-15 22:03:00,2016-01-15 22:05:00,C1.1,POINT(51.0 1.0),2480
gev_20160116_0014,2016-01-16 00:14:00,2016-01-16 00:17:00,2016-01-16 00:19:00,B5.6,POINT(52.0 4.0),2480
gev_20160116_0128,2016-01-16 01:28:00,2016-01-16 01:31:00,2016-01-16 01:33:00,B3.2,POINT(53.0 0.0),2480
gev_20160116_0332,2016-01-16 03:32:00,2016-01-16 03:36:00,2016-01-16 03:39:00,B8.7,POINT(55.0 1.0),2480
gev_20160116_0640,2016-01-16 06:40:00,2016-01-16 06:57:00,2016-01-16 07:05:00,B6.0,POINT(-44.0 11.0),2485
gev_20160116_1115,2016-01-16 11:15:00,2016-01-16 11:18:00,2016-01-16 11:21:00,B4.5,POINT(59.0 1.0),2480
gev_20160116_1320,2016-01-16 13:20:00,2016-01-16 13:24:00,2016-01-16 13:27:00,B3.5,POINT(61.0 1.0),2480
gev_20160116_2005,2016-01-16 20:05:00,2016-01-16 20:09:00,2016-01-16 20:11:00,B4.2,POINT(65.0 1.0),2480
gev_20160117_1036,2016-01-17 10:36:00,2016-01-17 10:49:00,2016-01-17 11:12:00,B3.7,POINT(-29.0 15.0),2485
gev_20160118_1558,2016-01-18 15:58:00,2016-01-18 16:24:00,2016-01-18 16:25:00,B3.9,POINT(-14.0 15.0),2485
gev_20160119_0328,2016-01-19 03:28:00,2016-01-19 03:38:00,2016-01-19 03:42:00,B2.6,POINT(-46.0 2.0),0
gev_20160119_0849,2016-01-19 08:49:00,2016-01-19 09:00:00,2016-01-19 09:06:00,B2.9,POINT(-2.0 12.0),2485
gev_20160119_1033,2016-01-19 10:33:00,2016-01-19 10:36:00,2016-01-19 10:41:00,B4.1,POINT(-42.0 2.0),0
gev_20160119_2047,2016-01-19 20:47:00,2016-01-19 21:12:00,2016-01-19 21:44:00,B5.5,POINT(-51.0 -14.0),2487
gev_20160120_0058,2016-01-20 00:58:00,2016-01-20 01:02:00,2016-01-20 01:04:00,B3.7,POINT(-68.0 3.0),2488
gev_20160120_0440,2016-01-20 04:40:00,2016-01-20 04:46:00,2016-01-20 04:52:00,B6.6,POINT(70.0 7.0),2484
gev_20160120_0730,2016-01-20 07:30:00,2016-01-20 07:34:00,2016-01-20 07:36:00,C1.3,POINT(71.0 7.0),2484
gev_20160120_0809,2016-01-20 08:09:00,2016-01-20 08:13:00,2016-01-20 08:18:00,B4.9,POINT(72.0 7.0),2484
gev_20160120_0845,2016-01-20 08:45:00,2016-01-20 08:49:00,2016-01-20 09:00:00,B5.2,POINT(73.0 7.0),2484
gev_20160120_0911,2016-01-20 09:11:00,2016-01-20 09:18:00,2016-01-20 09:21:00,B8.4,POINT(73.0 7.0),2484
gev_20160120_1115,2016-01-20 11:15:00,2016-01-20 11:19:00,2016-01-20 11:24:00,B9.6,POINT(-46.0 -12.0),2487
gev_20160120_1425,2016-01-20 14:25:00,2016-01-20 14:32:00,2016-01-20 14:34:00,C1.3,POINT(-45.0 -12.0),2487
gev_20160120_1637,2016-01-20 16:37:00,2016-01-20 16:40:00,2016-01-20 16:42:00,B4.1,POINT(-43.0 -12.0),2487
gev_20160120_1704,2016-01-20 17:04:00,2016-01-20 17:09:00,2016-01-20 17:13:00,B4.8,POINT(-42.0 -12.0),2487
gev_20160120_1738,2016-01-20 17:38:00,2016-01-20 17:41:00,2016-01-20 17:44:00,B3.8,POINT(-43.0 -12.0),2487
gev_20160121_0117,2016-01-21 01:17:00,2016-01-21 01:45:00,2016-01-21 01:53:00,C2.9,POINT(-36.0 -12.0),2487
gev_20160121_0536,2016-01-21 05:36:00,2016-01-21 05:42:00,2016-01-21 05:52:00,C1.3,POINT(-51.0 6.0),2488
gev_20160121_0801,2016-01-21 08:01:00,2016-01-21 08:13:00,2016-01-21 08:27:00,C1.1,POINT(80.0 7.0),2484
gev_20160121_1322,2016-01-21 13:22:00,2016-01-21 13:51:00,2016-01-21 14:19:00,C1.4,POINT(-30.0 -13.0),2487
gev_20160122_0222,2016-01-22 02:22:00,2016-01-22 02:43:00,2016-01-22 03:00:00,B3.9,POINT(13.0 -17.0),0
gev_20160122_0223,2016-01-22 02:23:00,2016-01-22 02:43:00,2016-01-22 02:51:00,B3.8,POINT(-39.0 1.0),2488
gev_20160122_2347,2016-01-22 23:47:00,2016-01-22 23:52:00,2016-01-22 23:55:00,B7.1,POINT(-27.0 6.0),2488
gev_20160123_0053,2016-01-23 00:53:00,2016-01-23 00:57:00,2016-01-23 01:04:00,B4.3,POINT(-9.0 -12.0),2487
gev_20160124_0001,2016-01-24 00:01:00,2016-01-24 00:05:00,2016-01-24 00:09:00,B4.5,POINT(3.0 -14.0),2487
gev_20160124_0406,2016-01-24 04:06:00,2016-01-24 04:54:00,2016-01-24 06:45:00,C1.4,POINT(-10.0 7.0),2488
gev_20160124_0407,2016-01-24 04:07:00,2016-01-24 04:55:00,2016-01-24 05:38:00,C1.4,POINT(-10.0 6.0),2488
gev_20160124_0820,2016-01-24 08:20:00,2016-01-24 08:24:00,2016-01-24 08:30:00,B5.9,POINT(-85.0 -19.0),2490
gev_20160124_1021,2016-01-24 10:21:00,2016-01-24 10:55:00,2016-01-24 11:09:00,B5.7,POINT(-8.0 7.0),2488
gev_20160124_1142,2016-01-24 11:42:00,2016-01-24 12:00:00,2016-01-24 12:16:00,B6.1,POINT(-81.0 10.0),2489
gev_20160124_1248,2016-01-24 12:48:00,2016-01-24 13:00:00,2016-01-24 13:18:00,B5.9,POINT(-79.0 10.0),2489
gev_20160124_1403,2016-01-24 14:03:00,2016-01-24 14:15:00,2016-01-24 14:27:00,B4.6,POINT(-78.0 9.0),2489
gev_20160124_2212,2016-01-24 22:12:00,2016-01-24 22:17:00,2016-01-24 22:22:00,B7.4,POINT(-1.0 0.0),2488
gev_20160125_0650,2016-01-25 06:50:00,2016-01-25 06:54:00,2016-01-25 07:01:00,B8.0,POINT(-64.0 9.0),2489
gev_20160125_0752,2016-01-25 07:52:00,2016-01-25 07:54:00,2016-01-25 07:57:00,B4.9,POINT(-63.0 9.0),2489
gev_20160125_0814,2016-01-25 08:14:00,2016-01-25 08:17:00,2016-01-25 08:20:00,B4.6,POINT(-64.0 10.0),2489
gev_20160125_0900,2016-01-25 09:00:00,2016-01-25 09:07:00,2016-01-25 09:11:00,C1.4,POINT(-63.0 9.0),2489
gev_20160125_1027,2016-01-25 10:27:00,2016-01-25 10:33:00,2016-01-25 10:35:00,C1.0,POINT(-63.0 9.0),2489
gev_20160125_1258,2016-01-25 12:58:00,2016-01-25 13:11:00,2016-01-25 13:30:00,B8.0,POINT(-74.0 -22.0),2490
gev_20160125_1355,2016-01-25 13:55:00,2016-01-25 13:56:00,2016-01-25 13:57:00,B5.2,POINT(7.0 1.0),2488
gev_20160125_2154,2016-01-25 21:54:00,2016-01-25 21:58:00,2016-01-25 22:01:00,B4.7,POINT(-66.0 -21.0),2490
gev_20160126_0157,2016-01-26 01:57:00,2016-01-26 02:01:00,2016-01-26 02:04:00,B5.3,POINT(-52.0 8.0),2489
gev_20160126_0301,2016-01-26 03:01:00,2016-01-26 03:05:00,2016-01-26 03:10:00,B7.3,POINT(-51.0 9.0),2489
gev_20160126_0453,2016-01-26 04:53:00,2016-01-26 04:56:00,2016-01-26 04:59:00,B5.3,POINT(-50.0 9.0),2489
gev_20160126_1654,2016-01-26 16:54:00,2016-01-26 17:51:00,2016-01-26 18:45:00,C1.3,POINT(29.0 -30.0),0
gev_20160126_1704,2016-01-26 17:04:00,2016-01-26 17:15:00,2016-01-26 18:40:00,C1.3,POINT(40.0 -18.0),2486
gev_20160126_2352,2016-01-26 23:52:00,2016-01-27 01:02:00,2016-01-27 01:35:00,B7.4,POINT(-42.0 9.0),2489
gev_20160127_0136,2016-01-27 01:36:00,2016-01-27 01:48:00,2016-01-27 02:06:00,B5.8,POINT(-38.0 9.0),2489
gev_20160127_0526,2016-01-27 05:26:00,2016-01-27 05:37:00,2016-01-27 05:52:00,B9.4,POINT(-38.0 10.0),2489
gev_20160127_1326,2016-01-27 13:26:00,2016-01-27 13:30:00,2016-01-27 13:34:00,C1.0,POINT(-31.0 8.0),2489
gev_20160127_1922,2016-01-27 19:22:00,2016-01-27 19:27:00,2016-01-27 19:33:00,B5.3,POINT(-38.0 -21.0),2490
gev_20160127_2028,2016-01-27 20:28:00,2016-01-27 20:31:00,2016-01-27 20:36:00,B5.2,POINT(-48.0 -18.0),2490
gev_20160128_0318,2016-01-28 03:18:00,2016-01-28 03:22:00,2016-01-28 03:25:00,B6.1,POINT(42.0 1.0),2488
gev_20160128_0517,2016-01-28 05:17:00,2016-01-28 05:23:00,2016-01-28 05:28:00,C5.3,POINT(44.0 1.0),2488
gev_20160128_0652,2016-01-28 06:52:00,2016-01-28 07:02:00,2016-01-28 07:12:00,C2.8,POINT(41.0 8.0),2488
gev_20160128_1148,2016-01-28 11:48:00,2016-01-28 12:00:00,2016-01-28 12:16:00,C9.6,POINT(47.0 3.0),2488
gev_20160128_2148,2016-01-28 21:48:00,2016-01-28 21:57:00,2016-01-28 22:02:00,C3.3,POINT(50.0 7.0),2488
gev_20160129_0314,2016-01-29 03:14:00,2016-01-29 03:38:00,2016-01-29 04:04:00,B8.7,POINT(-30.0 -20.0),2490
gev_20160129_0415,2016-01-29 04:15:00,2016-01-29 04:28:00,2016-01-29 04:36:00,C2.0,POINT(54.0 7.0),2488
gev_20160129_0757,2016-01-29 07:57:00,2016-01-29 08:18:00,2016-01-29 08:26:00,C3.5,POINT(55.0 7.0),2488
gev_20160129_0803,2016-01-29 08:03:00,2016-01-29 08:06:00,2016-01-29 08:10:00,C1.0,POINT(59.0 4.0),2488
gev_20160129_1453,2016-01-29 14:53:00,2016-01-29 15:00:00,2016-01-29 15:11:00,B8.8,POINT(62.0 3.0),2488
gev_20160129_1633,2016-01-29 16:33:00,2016-01-29 16:41:00,2016-01-29 16:49:00,C1.2,POINT(60.0 8.0),2488
gev_20160129_1741,2016-01-29 17:41:00,2016-01-29 17:44:00,2016-01-29 17:47:00,B4.1,POINT(60.0 7.0),2488
gev_20160129_2048,2016-01-29 20:48:00,2016-01-29 21:46:00,2016-01-29 22:57:00,C2.0,POINT(83.0 -20.0),2487
gev_20160129_2051,2016-01-29 20:51:00,2016-01-29 21:43:00,2016-01-29 22:40:00,C2.0,POINT(83.0 -20.0),2487
gev_20160130_2120,2016-01-30 21:20:00,2016-01-30 21:25:00,2016-01-30 21:28:00,B9.1,POINT(80.0 4.0),2488
gev_20160131_0809,2016-01-31 08:09:00,2016-01-31 08:13:00,2016-01-31 08:16:00,B5.3,POINT(81.0 4.0),2488
gev_20160131_0956,2016-01-31 09:56:00,2016-01-31 10:02:00,2016-01-31 10:07:00,B6.0,POINT(80.0 7.0),2488
gev_20160131_1558,2016-01-31 15:58:00,2016-01-31 16:01:00,2016-01-31 16:10:00,B4.3,POINT(23.0 10.0),2489
gev_20160131_1901,2016-01-31 19:01:00,2016-01-31 19:07:00,2016-01-31 19:11:00,B8.6,POINT(11.0 -21.0),2490
gev_20160131_2341,2016-01-31 23:41:00,2016-01-31 23:44:00,2016-01-31 23:47:00,B5.6,POINT(5.0 -17.0),2490
gev_20160201_0109,2016-02-01 01:09:00,2016-02-01 01:14:00,2016-02-01 01:17:00,C1.6,POINT(14.0 -22.0),2490
gev_20160201_0331,2016-02-01 03:31:00,2016-02-01 03:36:00,2016-02-01 03:39:00,B9.4,POINT(-80.0 11.0),2492
gev_20160201_1515,2016-02-01 15:15:00,2016-02-01 15:22:00,2016-02-01 15:29:00,B3.9,POINT(36.0 10.0),2489
gev_20160201_1610,2016-02-01 16:10:00,2016-02-01 16:13:00,2016-02-01 16:17:00,B3.6,POINT(36.0 10.0),2489
gev_20160202_0452,2016-02-02 04:52:00,2016-02-02 05:00:00,2016-02-02 05:14:00,B4.6,POINT(-80.0 13.0),2492
gev_20160202_1125,2016-02-02 11:25:00,2016-02-02 11:30:00,2016-02-02 11:37:00,B3.6,POINT(-74.0 14.0),2492
gev_20160202_1422,2016-02-02 14:22:00,2016-02-02 14:52:00,2016-02-02 15:53:00,C1.2,POINT(-89.0 6.0),0
gev_20160202_1834,2016-02-02 18:34:00,2016-02-02 19:02:00,2016-02-02 19:36:00,B6.5,POINT(-42.0 1.0),2491
gev_20160203_0209,2016-02-03 02:09:00,2016-02-03 02:35:00,2016-02-03 02:45:00,B7.8,POINT(45.0 -21.0),2490
gev_20160203_0212,2016-02-03 02:12:00,2016-02-03 02:35:00,2016-02-03 03:38:00,B7.8,POINT(45.0 -21.0),2490
gev_20160203_0439,2016-02-03 04:39:00,2016-02-03 04:59:00,2016-02-03 05:24:00,B6.8,POINT(46.0 -22.0),2490
gev_20160203_0443,2016-02-03 04:43:00,2016-02-03 04:59:00,2016-02-03 05:15:00,B6.8,POINT(46.0 -22.0),2490
gev_20160203_1121,2016-02-03 11:21:00,2016-02-03 12:23:00,2016-02-03 13:24:00,C1.0,POINT(-61.0 17.0),2492
gev_20160203_1203,2016-02-03 12:03:00,2016-02-03 12:23:00,2016-02-03 12:42:00,C1.0,POINT(-62.0 17.0),2492
gev_20160203_1447,2016-02-03 14:47:00,2016-02-03 14:53:00,2016-02-03 14:53:00,C1.0,POINT(-31.0 0.0),2491
gev_20160203_1512,2016-02-03 15:12:00,2016-02-03 15:23:00,2016-02-03 15:31:00,C1.8,POINT(-81.0 5.0),2496
gev_20160203_1629,2016-02-03 16:29:00,2016-02-03 16:34:00,2016-02-03 16:39:00,C1.4,POINT(25.0 -7.0),2493
gev_20160203_1825,2016-02-03 18:25:00,2016-02-03 18:33:00,2016-02-03 18:40:00,B7.5,POINT(26.0 -7.0),2493
gev_20160203_2205,2016-02-03 22:05:00,2016-02-03 22:10:00,2016-02-03 22:17:00,C1.1,POINT(28.0 -7.0),2493
gev_20160204_0211,2016-02-04 02:11:00,2016-02-04 02:14:00,2016-02-04 02:17:00,C1.0,POINT(-20.0 -11.0),2494
gev_20160204_0709,2016-02-04 07:09:00,2016-02-04 07:13:00,2016-02-04 07:16:00,C1.1,POINT(58.0 -19.0),2490
gev_20160204_0916,2016-02-04 09:16:00,2016-02-04 09:20:00,2016-02-04 09:25:00,B8.9,POINT(-21.0 -11.0),2494
gev_20160204_1216,2016-02-04 12:16:00,2016-02-04 12:21:00,2016-02-04 12:25:00,C2.4,POINT(-19.0 -11.0),2494
gev_20160204_1434,2016-02-04 14:34:00,2016-02-04 14:42:00,2016-02-04 14:48:00,C2.1,POINT(-16.0 -11.0),2494
gev_20160204_1644,2016-02-04 16:44:00,2016-02-04 16:49:00,2016-02-04 16:53:00,C3.6,POINT(-14.0 -13.0),2494
gev_20160204_1815,2016-02-04 18:15:00,2016-02-04 18:22:00,2016-02-04 18:28:00,C5.1,POINT(-13.0 -11.0),2494
gev_20160204_1946,2016-02-04 19:46:00,2016-02-04 19:55:00,2016-02-04 19:59:00,C1.1,POINT(67.0 -19.0),2490
gev_20160204_2239,2016-02-04 22:39:00,2016-02-04 22:44:00,2016-02-04 22:48:00,B8.6,POINT(-10.0 -13.0),2494
gev_20160205_0029,2016-02-05 00:29:00,2016-02-05 00:33:00,2016-02-05 00:40:00,C1.4,POINT(-88.0 12.0),2497
gev_20160205_0049,2016-02-05 00:49:00,2016-02-05 00:56:00,2016-02-05 01:03:00,C3.0,POINT(-10.0 -11.0),2494
gev_20160205_0322,2016-02-05 03:22:00,2016-02-05 03:26:00,2016-02-05 03:32:00,B8.4,POINT(-88.0 11.0),2497
gev_20160205_0715,2016-02-05 07:15:00,2016-02-05 07:22:00,2016-02-05 07:30:00,C2.9,POINT(-6.0 -11.0),2494
gev_20160205_0845,2016-02-05 08:45:00,2016-02-05 08:50:00,2016-02-05 08:59:00,B9.3,POINT(-6.0 -11.0),2494
gev_20160205_1305,2016-02-05 13:05:00,2016-02-05 13:11:00,2016-02-05 13:17:00,C1.1,POINT(-88.0 13.0),2497
gev_20160205_1802,2016-02-05 18:02:00,2016-02-05 18:07:00,2016-02-05 18:13:00,B7.7,POINT(-88.0 13.0),2497
gev_20160205_1900,2016-02-05 19:00:00,2016-02-05 21:20:00,2016-02-06 00:15:00,C1.1,POINT(1.0 -11.0),2494
gev_20160206_0240,2016-02-06 02:40:00,2016-02-06 03:11:00,2016-02-06 03:30:00,C1.1,POINT(4.0 -10.0),2494
gev_20160206_0248,2016-02-06 02:48:00,2016-02-06 03:11:00,2016-02-06 03:35:00,C1.2,POINT(4.0 -10.0),2494
gev_20160206_0356,2016-02-06 03:56:00,2016-02-06 04:21:00,2016-02-06 04:38:00,B8.6,POINT(6.0 -11.0),2494
gev_20160206_1548,2016-02-06 15:48:00,2016-02-06 15:51:00,2016-02-06 15:53:00,B6.6,POINT(8.0 -13.0),2494
gev_20160206_1933,2016-02-06 19:33:00,2016-02-06 19:38:00,2016-02-06 19:42:00,C1.0,POINT(10.0 -13.0),2494
gev_20160206_2148,2016-02-06 21:48:00,2016-02-06 21:51:00,2016-02-06 21:53:00,B7.8,POINT(16.0 -11.0),2494
gev_20160206_2237,2016-02-06 22:37:00,2016-02-06 22:44:00,2016-02-06 22:48:00,C1.5,POINT(12.0 -13.0),2494
gev_20160207_0152,2016-02-07 01:52:00,2016-02-07 01:58:00,2016-02-07 02:03:00,B8.2,POINT(14.0 -13.0),2494
gev_20160207_0439,2016-02-07 04:39:00,2016-02-07 04:45:00,2016-02-07 04:49:00,C1.7,POINT(-48.0 6.0),2496
gev_20160207_0655,2016-02-07 06:55:00,2016-02-07 06:58:00,2016-02-07 07:01:00,B7.0,POINT(66.0 -8.0),2495
gev_20160207_1029,2016-02-07 10:29:00,2016-02-07 10:35:00,2016-02-07 10:41:00,C1.1,POINT(-44.0 6.0),2496
gev_20160207_1154,2016-02-07 11:54:00,2016-02-07 12:00:00,2016-02-07 12:12:00,C2.7,POINT(-38.0 12.0),2496
gev_20160208_0344,2016-02-08 03:44:00,2016-02-08 03:47:00,2016-02-08 03:50:00,B6.4,POINT(-87.0 19.0),2498
gev_20160208_0522,2016-02-08 05:22:00,2016-02-08 05:29:00,2016-02-08 05:43:00,C1.6,POINT(8.0 14.0),2492
gev_20160208_0849,2016-02-08 08:49:00,2016-02-08 08:52:00,2016-02-08 08:54:00,B5.7,POINT(-44.0 10.0),2497
gev_20160208_1613,2016-02-08 16:13:00,2016-02-08 16:18:00,2016-02-08 16:31:00,B7.8,POINT(14.0 14.0),2492
gev_20160209_0026,2016-02-09 00:26:00,2016-02-09 00:31:00,2016-02-09 00:39:00,B7.4,POINT(21.0 13.0),2492
gev_20160209_0125,2016-02-09 01:25:00,2016-02-09 01:35:00,2016-02-09 01:46:00,B6.9,POINT(44.0 -11.0),2494
gev_20160209_0227,2016-02-09 02:27:00,2016-02-09 02:35:00,2016-02-09 02:42:00,B7.9,POINT(22.0 13.0),2492
gev_20160209_0309,2016-02-09 03:09:00,2016-02-09 03:14:00,2016-02-09 03:20:00,B6.2,POINT(23.0 13.0),2492
gev_20160209_0354,2016-02-09 03:54:00,2016-02-09 04:00:00,2016-02-09 04:03:00,B6.0,POINT(22.0 13.0),2492
gev_20160209_0525,2016-02-09 05:25:00,2016-02-09 06:48:00,2016-02-09 07:40:00,C1.3,POINT(42.0 2.0),0
gev_20160209_0558,2016-02-09 05:58:00,2016-02-09 06:01:00,2016-02-09 06:06:00,C1.0,POINT(-69.0 20.0),2498
gev_20160209_1158,2016-02-09 11:58:00,2016-02-09 12:06:00,2016-02-09 12:21:00,B5.6,POINT(51.0 -12.0),2494
gev_20160209_1224,2016-02-09 12:24:00,2016-02-09 12:28:00,2016-02-09 12:33:00,B6.7,POINT(25.0 14.0),2492
gev_20160209_1744,2016-02-09 17:44:00,2016-02-09 17:47:00,2016-02-09 17:49:00,B5.6,POINT(89.0 -9.0),2495
gev_20160209_1926,2016-02-09 19:26:00,2016-02-09 19:39:00,2016-02-09 19:47:00,B9.1,POINT(53.0 -13.0),2494
gev_20160209_2151,2016-02-09 21:51:00,2016-02-09 22:05:00,2016-02-09 22:08:00,B6.2,POINT(-24.0 12.0),2497
gev_20160210_0243,2016-02-10 02:43:00,2016-02-10 02:50:00,2016-02-10 02:55:00,B9.1,POINT(-21.0 11.0),2497
gev_20160210_0750,2016-02-10 07:50:00,2016-02-10 08:01:00,2016-02-10 08:08:00,B6.3,POINT(-18.0 11.0),2497
gev_20160210_1439,2016-02-10 14:39:00,2016-02-10 14:42:00,2016-02-10 14:44:00,B4.0,POINT(-14.0 12.0),2497
gev_20160210_1512,2016-02-10 15:12:00,2016-02-10 15:22:00,2016-02-10 15:34:00,C1.3,POINT(-14.0 11.0),2497
gev_20160210_2041,2016-02-10 20:41:00,2016-02-10 20:48:00,2016-02-10 21:03:00,B5.9,POINT(6.0 7.0),2496
gev_20160210_2229,2016-02-10 22:29:00,2016-02-10 22:35:00,2016-02-10 22:43:00,B5.8,POINT(5.0 9.0),2496
gev_20160211_0408,2016-02-11 04:08:00,2016-02-11 04:13:00,2016-02-11 04:19:00,B4.7,POINT(-1.0 11.0),2497
gev_20160211_1622,2016-02-11 16:22:00,2016-02-11 16:49:00,2016-02-11 17:04:00,C2.6,POINT(-0.0 11.0),2497
gev_20160211_2018,2016-02-11 20:18:00,2016-02-11 21:03:00,2016-02-11 21:28:00,C8.9,POINT(11.0 11.0),2497
gev_20160211_2354,2016-02-11 23:54:00,2016-02-11 23:59:00,2016-02-12 00:02:00,C1.2,POINT(65.0 13.0),2492
gev_20160212_0049,2016-02-12 00:49:00,2016-02-12 00:53:00,2016-02-12 00:56:00,C1.2,POINT(9.0 12.0),2497
gev_20160212_0627,2016-02-12 06:27:00,2016-02-12 06:36:00,2016-02-12 06:55:00,C2.1,POINT(64.0 13.0),2492
gev_20160212_0759,2016-02-12 07:59:00,2016-02-12 08:12:00,2016-02-12 08:24:00,B8.3,POINT(14.0 12.0),2497
gev_20160212_1036,2016-02-12 10:36:00,2016-02-12 10:47:00,2016-02-12 10:53:00,M1.0,POINT(14.0 11.0),2497
gev_20160212_1710,2016-02-12 17:10:00,2016-02-12 17:21:00,2016-02-12 17:27:00,C6.8,POINT(18.0 11.0),2497
gev_20160212_2105,2016-02-12 21:05:00,2016-02-12 21:10:00,2016-02-12 21:20:00,B7.5,POINT(17.0 11.0),2497
gev_20160212_2204,2016-02-12 22:04:00,2016-02-12 22:15:00,2016-02-12 22:25:00,B7.7,POINT(18.0 11.0),2497
gev_20160212_2234,2016-02-12 22:34:00,2016-02-12 22:39:00,2016-02-12 22:43:00,C3.0,POINT(21.0 10.0),2497
gev_20160213_0020,2016-02-13 00:20:00,2016-02-13 00:26:00,2016-02-13 00:32:00,B8.9,POINT(20.0 11.0),2497
gev_20160213_0059,2016-02-13 00:59:00,2016-02-13 01:00:00,2016-02-13 01:06:00,B8.0,POINT(21.0 14.0),2497
gev_20160213_0646,2016-02-13 06:46:00,2016-02-13 06:50:00,2016-02-13 06:54:00,B6.6,POINT(23.0 11.0),2497
gev_20160213_0825,2016-02-13 08:25:00,2016-02-13 08:31:00,2016-02-13 08:34:00,C1.3,POINT(25.0 13.0),2497
gev_20160213_1004,2016-02-13 10:04:00,2016-02-13 10:09:00,2016-02-13 10:13:00,C2.8,POINT(25.0 13.0),2497
gev_20160213_1058,2016-02-13 10:58:00,2016-02-13 11:00:00,2016-02-13 11:06:00,B8.5,POINT(26.0 13.0),2497
gev_20160213_1332,2016-02-13 13:32:00,2016-02-13 13:43:00,2016-02-13 13:58:00,B6.9,POINT(27.0 13.0),2497
gev_20160213_1516,2016-02-13 15:16:00,2016-02-13 15:24:00,2016-02-13 15:26:00,M1.8,POINT(28.0 14.0),2497
gev_20160213_1850,2016-02-13 18:50:00,2016-02-13 18:55:00,2016-02-13 19:02:00,C1.6,POINT(30.0 14.0),2497
gev_20160213_2045,2016-02-13 20:45:00,2016-02-13 21:00:00,2016-02-13 21:12:00,C2.5,POINT(35.0 12.0),2497
gev_20160213_2129,2016-02-13 21:29:00,2016-02-13 21:34:00,2016-02-13 21:40:00,C1.1,POINT(32.0 13.0),2497
gev_20160213_2157,2016-02-13 21:57:00,2016-02-13 22:01:00,2016-02-13 22:06:00,B9.5,POINT(29.0 11.0),2497
gev_20160213_2207,2016-02-13 22:07:00,2016-02-13 22:12:00,2016-02-13 22:16:00,C2.1,POINT(-89.0 5.0),2501
gev_20160213_2341,2016-02-13 23:41:00,2016-02-13 23:54:00,2016-02-14 00:02:00,B8.6,POINT(33.0 13.0),2497
gev_20160214_0051,2016-02-14 00:51:00,2016-02-14 00:58:00,2016-02-14 01:02:00,B9.6,POINT(36.0 12.0),2497
gev_20160214_0118,2016-02-14 01:18:00,2016-02-14 01:21:00,2016-02-14 01:26:00,C1.3,POINT(29.0 -17.0),2500
gev_20160214_0306,2016-02-14 03:06:00,2016-02-14 03:17:00,2016-02-14 03:31:00,C1.1,POINT(-88.0 6.0),2501
gev_20160214_0427,2016-02-14 04:27:00,2016-02-14 04:39:00,2016-02-14 04:52:00,C3.4,POINT(36.0 13.0),2497
gev_20160214_0830,2016-02-14 08:30:00,2016-02-14 08:33:00,2016-02-14 08:36:00,C1.0,POINT(38.0 12.0),2497
gev_20160214_0952,2016-02-14 09:52:00,2016-02-14 09:58:00,2016-02-14 10:30:00,C6.9,POINT(42.0 12.0),2497
gev_20160214_1153,2016-02-14 11:53:00,2016-02-14 11:57:00,2016-02-14 12:01:00,C1.4,POINT(40.0 12.0),2497
gev_20160214_1918,2016-02-14 19:18:00,2016-02-14 19:26:00,2016-02-14 19:29:00,M1.0,POINT(47.0 13.0),2497
gev_20160214_2110,2016-02-14 21:10:00,2016-02-14 21:18:00,2016-02-14 21:27:00,C2.4,POINT(47.0 11.0),2497
gev_20160215_0402,2016-02-15 04:02:00,2016-02-15 04:18:00,2016-02-15 04:24:00,C3.9,POINT(52.0 13.0),2497
gev_20160215_0527,2016-02-15 05:27:00,2016-02-15 05:33:00,2016-02-15 05:38:00,C1.4,POINT(54.0 11.0),2497
gev_20160215_0635,2016-02-15 06:35:00,2016-02-15 06:38:00,2016-02-15 06:40:00,B6.4,POINT(53.0 13.0),2497
gev_20160215_0720,2016-02-15 07:20:00,2016-02-15 07:23:00,2016-02-15 07:32:00,B9.1,POINT(53.0 13.0),2497
gev_20160215_0826,2016-02-15 08:26:00,2016-02-15 08:41:00,2016-02-15 08:46:00,C5.2,POINT(54.0 13.0),2497
gev_20160215_0929,2016-02-15 09:29:00,2016-02-15 09:34:00,2016-02-15 09:44:00,C2.3,POINT(56.0 13.0),2497
gev_20160215_1041,2016-02-15 10:41:00,2016-02-15 11:00:00,2016-02-15 11:06:00,M1.1,POINT(54.0 11.0),2497
gev_20160215_1440,2016-02-15 14:40:00,2016-02-15 15:04:00,2016-02-15 15:13:00,C3.3,POINT(60.0 11.0),2497
gev_20160215_1714,2016-02-15 17:14:00,2016-02-15 17:23:00,2016-02-15 17:27:00,C2.5,POINT(57.0 11.0),2497
gev_20160215_1732,2016-02-15 17:32:00,2016-02-15 17:34:00,2016-02-15 17:36:00,C1.6,POINT(62.0 11.0),2497
gev_20160215_1746,2016-02-15 17:46:00,2016-02-15 17:52:00,2016-02-15 18:00:00,C4.2,POINT(57.0 11.0),2497
gev_20160215_1808,2016-02-15 18:08:00,2016-02-15 18:12:00,2016-02-15 18:15:00,C2.2,POINT(62.0 11.0),2497
gev_20160215_1842,2016-02-15 18:42:00,2016-02-15 18:46:00,2016-02-15 18:49:00,C2.9,POINT(58.0 11.0),2497
gev_20160215_1931,2016-02-15 19:31:00,2016-02-15 19:37:00,2016-02-15 19:41:00,C1.2,POINT(60.0 14.0),2497
gev_20160215_1946,2016-02-15 19:46:00,2016-02-15 19:52:00,2016-02-15 19:55:00,C1.7,POINT(63.0 11.0),2497
gev_20160215_2002,2016-02-15 20:02:00,2016-02-15 20:06:00,2016-02-15 20:10:00,C1.6,POINT(61.0 11.0),2497
gev_20160215_2053,2016-02-15 20:53:00,2016-02-15 20:58:00,2016-02-15 21:05:00,C1.2,POINT(64.0 12.0),2497
gev_20160215_2114,2016-02-15 21:14:00,2016-02-15 21:40:00,2016-02-15 21:49:00,C4.1,POINT(59.0 12.0),2497
gev_20160216_0145,2016-02-16 01:45:00,2016-02-16 01:59:00,2016-02-16 02:04:00,C3.5,POINT(66.0 11.0),2497
gev_20160216_0224,2016-02-16 02:24:00,2016-02-16 02:28:00,2016-02-16 02:30:00,C1.2,POINT(68.0 12.0),2497
gev_20160216_0637,2016-02-16 06:37:00,2016-02-16 06:45:00,2016-02-16 06:50:00,C2.4,POINT(70.0 12.0),2497
gev_20160216_0749,2016-02-16 07:49:00,2016-02-16 07:53:00,2016-02-16 07:59:00,C1.1,POINT(65.0 12.0),2497
gev_20160216_1036,2016-02-16 10:36:00,2016-02-16 10:39:00,2016-02-16 10:41:00,B7.7,POINT(70.0 12.0),2497
gev_20160216_1134,2016-02-16 11:34:00,2016-02-16 11:38:00,2016-02-16 11:46:00,B5.4,POINT(70.0 14.0),2497
gev_20160216_1336,2016-02-16 13:36:00,2016-02-16 13:52:00,2016-02-16 13:57:00,C1.9,POINT(72.0 14.0),2497
gev_20160216_1529,2016-02-16 15:29:00,2016-02-16 15:48:00,2016-02-16 15:53:00,C2.1,POINT(75.0 12.0),2497
gev_20160216_1647,2016-02-16 16:47:00,2016-02-16 16:50:00,2016-02-16 16:57:00,C1.2,POINT(74.0 12.0),2497
gev_20160216_1844,2016-02-16 18:44:00,2016-02-16 18:50:00,2016-02-16 18:53:00,C2.8,POINT(75.0 12.0),2497
gev_20160216_2210,2016-02-16 22:10:00,2016-02-16 22:15:00,2016-02-16 22:32:00,B8.2,POINT(80.0 14.0),2497
gev_20160216_2251,2016-02-16 22:51:00,2016-02-16 22:58:00,2016-02-16 23:01:00,C1.3,POINT(78.0 12.0),2497
gev_20160216_2332,2016-02-16 23:32:00,2016-02-16 23:37:00,2016-02-16 23:40:00,B9.8,POINT(77.0 14.0),2497
gev_20160217_0041,2016-02-17 00:41:00,2016-02-17 00:46:00,2016-02-17 00:46:00,B9.6,POINT(79.0 13.0),2497
gev_20160217_0103,2016-02-17 01:03:00,2016-02-17 01:10:00,2016-02-17 01:14:00,C1.4,POINT(78.0 14.0),2497
gev_20160217_0144,2016-02-17 01:44:00,2016-02-17 01:48:00,2016-02-17 01:50:00,C2.2,POINT(80.0 12.0),2497
gev_20160217_0217,2016-02-17 02:17:00,2016-02-17 02:20:00,2016-02-17 02:25:00,B9.8,POINT(78.0 13.0),2497
gev_20160217_0233,2016-02-17 02:33:00,2016-02-17 02:47:00,2016-02-17 02:55:00,C2.0,POINT(80.0 12.0),2497
gev_20160217_0420,2016-02-17 04:20:00,2016-02-17 04:23:00,2016-02-17 04:27:00,C1.0,POINT(81.0 11.0),2497
gev_20160217_0433,2016-02-17 04:33:00,2016-02-17 04:39:00,2016-02-17 04:43:00,B9.5,POINT(79.0 14.0),2497
gev_20160217_0454,2016-02-17 04:54:00,2016-02-17 05:01:00,2016-02-17 05:07:00,C9.4,POINT(82.0 13.0),2497
gev_20160217_0543,2016-02-17 05:43:00,2016-02-17 05:50:00,2016-02-17 05:53:00,C2.0,POINT(80.0 11.0),2497
gev_20160217_0617,2016-02-17 06:17:00,2016-02-17 06:22:00,2016-02-17 06:25:00,C2.9,POINT(83.0 12.0),2497
gev_20160217_0752,2016-02-17 07:52:00,2016-02-17 07:56:00,2016-02-17 07:59:00,B9.1,POINT(81.0 12.0),2497
gev_20160217_0839,2016-02-17 08:39:00,2016-02-17 08:43:00,2016-02-17 08:46:00,C1.7,POINT(79.0 14.0),2497
gev_20160217_0954,2016-02-17 09:54:00,2016-02-17 10:01:00,2016-02-17 10:09:00,C2.0,POINT(87.0 16.0),2497
gev_20160217_1059,2016-02-17 10:59:00,2016-02-17 11:00:00,2016-02-17 11:09:00,C1.0,POINT(83.0 14.0),2497
gev_20160217_1130,2016-02-17 11:30:00,2016-02-17 11:34:00,2016-02-17 11:37:00,C1.2,POINT(87.0 15.0),2497
gev_20160217_1148,2016-02-17 11:48:00,2016-02-17 11:52:00,2016-02-17 11:57:00,B8.1,POINT(80.0 14.0),2497
gev_20160217_1228,2016-02-17 12:28:00,2016-02-17 12:40:00,2016-02-17 12:56:00,C1.3,POINT(87.0 15.0),2497
gev_20160217_1745,2016-02-17 17:45:00,2016-02-17 17:51:00,2016-02-17 18:02:00,C1.2,POINT(-3.0 5.0),2503
gev_20160217_1806,2016-02-17 18:06:00,2016-02-17 18:13:00,2016-02-17 18:19:00,C7.4,POINT(88.0 13.0),2497
gev_20160217_2005,2016-02-17 20:05:00,2016-02-17 20:22:00,2016-02-17 20:50:00,C4.6,POINT(88.0 11.0),2497
gev_20160217_2152,2016-02-17 21:52:00,2016-02-17 21:58:00,2016-02-17 22:02:00,C2.1,POINT(88.0 13.0),2497
gev_20160218_0149,2016-02-18 01:49:00,2016-02-18 01:58:00,2016-02-18 02:04:00,C7.2,POINT(86.0 13.0),2497
gev_20160218_0401,2016-02-18 04:01:00,2016-02-18 04:07:00,2016-02-18 04:21:00,C1.0,POINT(88.0 13.0),2497
gev_20160218_0720,2016-02-18 07:20:00,2016-02-18 07:27:00,2016-02-18 07:32:00,B7.8,POINT(88.0 13.0),2497
gev_20160218_1607,2016-02-18 16:07:00,2016-02-18 16:44:00,2016-02-18 17:21:00,C1.1,POINT(87.0 14.0),2497
gev_20160218_1959,2016-02-18 19:59:00,2016-02-18 20:25:00,2016-02-18 20:58:00,C1.2,POINT(88.0 11.0),2497
gev_20160218_2108,2016-02-18 21:08:00,2016-02-18 21:13:00,2016-02-18 21:17:00,C1.8,POINT(-23.0 3.0),2501
gev_20160218_2235,2016-02-18 22:35:00,2016-02-18 23:30:00,2016-02-19 00:10:00,B7.1,POINT(88.0 11.0),2497
gev_20160218_2310,2016-02-18 23:10:00,2016-02-18 23:15:00,2016-02-18 23:17:00,B4.9,POINT(88.0 11.0),2497
gev_20160218_2318,2016-02-18 23:18:00,2016-02-18 23:30:00,2016-02-18 23:45:00,B7.1,POINT(88.0 11.0),2497
gev_20160219_0003,2016-02-19 00:03:00,2016-02-19 00:19:00,2016-02-19 00:53:00,C1.6,POINT(88.0 10.0),2497
gev_20160219_0117,2016-02-19 01:17:00,2016-02-19 01:40:00,2016-02-19 02:10:00,C1.3,POINT(88.0 10.0),2497
gev_20160219_0306,2016-02-19 03:06:00,2016-02-19 03:20:00,2016-02-19 03:52:00,C2.0,POINT(-86.0 -29.0),0
gev_20160219_0433,2016-02-19 04:33:00,2016-02-19 05:08:00,2016-02-19 05:51:00,C2.1,POINT(88.0 8.0),2497
gev_20160219_0849,2016-02-19 08:49:00,2016-02-19 09:02:00,2016-02-19 09:21:00,C1.4,POINT(88.0 8.0),2497
gev_20160219_1236,2016-02-19 12:36:00,2016-02-19 12:40:00,2016-02-19 12:52:00,B4.0,POINT(88.0 9.0),2497
gev_20160219_1749,2016-02-19 17:49:00,2016-02-19 17:57:00,2016-02-19 18:06:00,C1.0,POINT(-86.0 -28.0),0
gev_20160219_2249,2016-02-19 22:49:00,2016-02-19 23:10:00,2016-02-19 23:18:00,C2.7,POINT(-87.0 -23.0),0
gev_20160220_0020,2016-02-20 00:20:00,2016-02-20 01:31:00,2016-02-20 01:50:00,B8.9,POINT(-86.0 -27.0),0
gev_20160220_0049,2016-02-20 00:49:00,2016-02-20 01:31:00,2016-02-20 01:42:00,B8.9,POINT(-86.0 -27.0),0
gev_20160220_0649,2016-02-20 06:49:00,2016-02-20 06:58:00,2016-02-20 07:11:00,B9.6,POINT(-87.0 -24.0),0
gev_20160220_0804,2016-02-20 08:04:00,2016-02-20 08:09:00,2016-02-20 08:13:00,B4.6,POINT(-87.0 -24.0),0
gev_20160221_0423,2016-02-21 04:23:00,2016-02-21 04:24:00,2016-02-21 04:29:00,B2.5,POINT(34.0 7.0),2505
gev_20160221_0743,2016-02-21 07:43:00,2016-02-21 07:53:00,2016-02-21 07:55:00,B5.1,POINT(38.0 8.0),2505
gev_20160221_1010,2016-02-21 10:10:00,2016-02-21 10:13:00,2016-02-21 10:21:00,B2.9,POINT(37.0 7.0),2505
gev_20160221_1300,2016-02-21 13:00:00,2016-02-21 13:04:00,2016-02-21 13:08:00,B5.1,POINT(39.0 7.0),2505
gev_20160221_1442,2016-02-21 14:42:00,2016-02-21 15:41:00,2016-02-21 16:42:00,B3.7,POINT(40.0 8.0),2505
gev_20160222_1627,2016-02-22 16:27:00,2016-02-22 16:31:00,2016-02-22 16:33:00,B4.0,POINT(-86.0 -7.0),2506
gev_20160222_1841,2016-02-22 18:41:00,2016-02-22 18:44:00,2016-02-22 18:47:00,B4.3,POINT(-85.0 -7.0),2506
gev_20160222_2043,2016-02-22 20:43:00,2016-02-22 20:55:00,2016-02-22 20:59:00,B8.7,POINT(-82.0 -7.0),2506
gev_20160223_0101,2016-02-23 01:01:00,2016-02-23 01:09:00,2016-02-23 01:13:00,B9.7,POINT(-79.0 -7.0),2506
gev_20160224_0054,2016-02-24 00:54:00,2016-02-24 01:01:00,2016-02-24 01:04:00,B3.0,POINT(-64.0 -7.0),2506
gev_20160224_0113,2016-02-24 01:13:00,2016-02-24 01:18:00,2016-02-24 01:20:00,B3.5,POINT(-64.0 -7.0),2506
gev_20160224_0343,2016-02-24 03:43:00,2016-02-24 03:48:00,2016-02-24 03:50:00,B2.6,POINT(-64.0 -7.0),2506
gev_20160224_0527,2016-02-24 05:27:00,2016-02-24 05:30:00,2016-02-24 05:32:00,B1.9,POINT(48.0 4.0),2501
gev_20160224_0657,2016-02-24 06:57:00,2016-02-24 07:02:00,2016-02-24 07:05:00,B2.9,POINT(-8.0 -83.0),0
gev_20160224_0808,2016-02-24 08:08:00,2016-02-24 08:12:00,2016-02-24 08:15:00,B3.0,POINT(50.0 4.0),2501
gev_20160224_1223,2016-02-24 12:23:00,2016-02-24 12:29:00,2016-02-24 12:32:00,C1.4,POINT(-55.0 -6.0),2506
gev_20160224_1641,2016-02-24 16:41:00,2016-02-24 16:46:00,2016-02-24 16:49:00,B4.4,POINT(-52.0 -6.0),2506
gev_20160224_1717,2016-02-24 17:17:00,2016-02-24 17:20:00,2016-02-24 17:22:00,B4.5,POINT(-54.0 -7.0),2506
gev_20160224_1840,2016-02-24 18:40:00,2016-02-24 18:44:00,2016-02-24 18:48:00,B4.3,POINT(-53.0 -7.0),2506
gev_20160224_2124,2016-02-24 21:24:00,2016-02-24 21:34:00,2016-02-24 21:46:00,B3.4,POINT(-52.0 -7.0),2506
gev_20160225_0915,2016-02-25 09:15:00,2016-02-25 09:23:00,2016-02-25 09:43:00,B3.2,POINT(-46.0 -6.0),2506
gev_20160225_1013,2016-02-25 10:13:00,2016-02-25 10:16:00,2016-02-25 10:19:00,B3.4,POINT(-46.0 -7.0),2506
gev_20160225_1259,2016-02-25 12:59:00,2016-02-25 13:00:00,2016-02-25 13:06:00,B2.4,POINT(-25.0 -29.0),0
gev_20160225_1911,2016-02-25 19:11:00,2016-02-25 19:56:00,2016-02-25 20:09:00,B8.0,POINT(-43.0 -7.0),2506
gev_20160225_1917,2016-02-25 19:17:00,2016-02-25 19:56:00,2016-02-25 20:30:00,B8.0,POINT(-43.0 -7.0),2506
gev_20160226_0510,2016-02-26 05:10:00,2016-02-26 05:13:00,2016-02-26 05:17:00,B2.8,POINT(-35.0 -6.0),2506
gev_20160226_0943,2016-02-26 09:43:00,2016-02-26 09:51:00,2016-02-26 10:06:00,C1.0,POINT(-32.0 -7.0),2506
gev_20160226_2158,2016-02-26 21:58:00,2016-02-26 22:02:00,2016-02-26 22:06:00,B3.0,POINT(58.0 19.0),2507
gev_20160227_0451,2016-02-27 04:51:00,2016-02-27 04:56:00,2016-02-27 05:01:00,B6.5,POINT(-18.0 -7.0),2506
gev_20160227_0516,2016-02-27 05:16:00,2016-02-27 05:21:00,2016-02-27 05:26:00,B6.3,POINT(-21.0 -8.0),2506
gev_20160227_0544,2016-02-27 05:44:00,2016-02-27 05:55:00,2016-02-27 06:01:00,C3.3,POINT(-21.0 -8.0),2506
gev_20160227_1130,2016-02-27 11:30:00,2016-02-27 11:34:00,2016-02-27 11:37:00,B2.5,POINT(-19.0 -7.0),2506
gev_20160227_1511,2016-02-27 15:11:00,2016-02-27 15:15:00,2016-02-27 15:18:00,B2.8,POINT(-13.0 -8.0),2506
gev_20160228_0630,2016-02-28 06:30:00,2016-02-28 06:56:00,2016-02-28 07:11:00,B4.5,POINT(-10.0 -8.0),2506
gev_20160228_1131,2016-02-28 11:31:00,2016-02-28 11:38:00,2016-02-28 11:52:00,B4.1,POINT(-2.0 -7.0),2506
gev_20160228_1717,2016-02-28 17:17:00,2016-02-28 17:21:00,2016-02-28 17:32:00,B2.6,POINT(1.0 -6.0),2506
gev_20160229_0419,2016-02-29 04:19:00,2016-02-29 04:29:00,2016-02-29 04:41:00,B6.9,POINT(3.0 -9.0),2506
gev_20160229_1643,2016-02-29 16:43:00,2016-02-29 17:06:00,2016-02-29 17:27:00,B5.2,POINT(-89.0 4.0),2510
gev_20160301_0046,2016-03-01 00:46:00,2016-03-01 00:52:00,2016-03-01 00:56:00,B6.2,POINT(-89.0 5.0),2510
gev_20160301_0750,2016-03-01 07:50:00,2016-03-01 09:36:00,2016-03-01 09:50:00,B2.7,POINT(-63.0 12.0),2512
gev_20160301_1612,2016-03-01 16:12:00,2016-03-01 16:17:00,2016-03-01 16:33:00,B2.4,POINT(29.0 -8.0),2506
gev_20160301_1734,2016-03-01 17:34:00,2016-03-01 17:57:00,2016-03-01 18:03:00,B3.4,POINT(-80.0 4.0),2511
gev_20160301_1744,2016-03-01 17:44:00,2016-03-01 17:57:00,2016-03-01 18:08:00,B3.5,POINT(-80.0 4.0),2511
gev_20160302_2108,2016-03-02 21:08:00,2016-03-02 21:45:00,2016-03-02 22:20:00,B2.7,POINT(46.0 -10.0),2506
gev_20160303_0136,2016-03-03 01:36:00,2016-03-03 02:03:00,2016-03-03 02:57:00,B4.6,POINT(-64.0 6.0),2511
gev_20160303_1519,2016-03-03 15:19:00,2016-03-03 15:50:00,2016-03-03 16:08:00,B5.2,POINT(-70.0 9.0),2513
gev_20160303_1522,2016-03-03 15:22:00,2016-03-03 15:50:00,2016-03-03 16:12:00,B5.2,POINT(-70.0 9.0),2513
gev_20160304_0615,2016-03-04 06:15:00,2016-03-04 06:30:00,2016-03-04 06:49:00,B3.0,POINT(-45.0 6.0),2511
gev_20160304_0747,2016-03-04 07:47:00,2016-03-04 07:51:00,2016-03-04 07:54:00,B3.2,POINT(2.0 14.0),2514
gev_20160304_0828,2016-03-04 08:28:00,2016-03-04 09:00:00,2016-03-04 09:21:00,C1.1,POINT(67.0 -9.0),2506
gev_20160305_0035,2016-03-05 00:35:00,2016-03-05 00:40:00,2016-03-05 00:47:00,B3.6,POINT(77.0 -6.0),2506
gev_20160305_0316,2016-03-05 03:16:00,2016-03-05 03:22:00,2016-03-05 03:36:00,B4.4,POINT(16.0 -2.0),2515
gev_20160305_1048,2016-03-05 10:48:00,2016-03-05 10:56:00,2016-03-05 11:04:00,B4.7,POINT(88.0 -8.0),2506
gev_20160305_2037,2016-03-05 20:37:00,2016-03-05 21:29:00,2016-03-05 22:10:00,B4.1,POINT(88.0 -10.0),2506
gev_20160306_0458,2016-03-06 04:58:00,2016-03-06 05:12:00,2016-03-06 05:19:00,B7.2,POINT(18.0 11.0),2512
gev_20160306_0623,2016-03-06 06:23:00,2016-03-06 06:27:00,2016-03-06 06:30:00,B2.8,POINT(19.0 11.0),2512
gev_20160306_0726,2016-03-06 07:26:00,2016-03-06 07:30:00,2016-03-06 07:33:00,B3.1,POINT(-14.0 -82.0),0
gev_20160306_0734,2016-03-06 07:34:00,2016-03-06 07:43:00,2016-03-06 07:45:00,B7.0,POINT(19.0 11.0),2512
gev_20160306_0923,2016-03-06 09:23:00,2016-03-06 09:27:00,2016-03-06 09:31:00,B5.1,POINT(19.0 11.0),2512
gev_20160306_1233,2016-03-06 12:33:00,2016-03-06 12:46:00,2016-03-06 13:07:00,B4.3,POINT(20.0 11.0),2512
gev_20160306_1802,2016-03-06 18:02:00,2016-03-06 18:04:00,2016-03-06 18:08:00,B2.7,POINT(26.0 11.0),2512
gev_20160308_0326,2016-03-08 03:26:00,2016-03-08 03:30:00,2016-03-08 03:37:00,B2.4,POINT(24.0 1.0),2511
gev_20160308_1059,2016-03-08 10:59:00,2016-03-08 11:19:00,2016-03-08 11:45:00,B2.8,POINT(-88.0 6.0),2520
gev_20160308_1303,2016-03-08 13:03:00,2016-03-08 13:06:00,2016-03-08 13:08:00,C1.5,POINT(31.0 1.0),2511
gev_20160308_1309,2016-03-08 13:09:00,2016-03-08 13:12:00,2016-03-08 13:14:00,B8.4,POINT(31.0 1.0),2511
gev_20160308_1400,2016-03-08 14:00:00,2016-03-08 14:11:00,2016-03-08 14:24:00,B3.2,POINT(-89.0 1.0),2520
gev_20160308_1434,2016-03-08 14:34:00,2016-03-08 14:39:00,2016-03-08 14:45:00,B3.9,POINT(-88.0 5.0),2520
gev_20160308_1812,2016-03-08 18:12:00,2016-03-08 18:16:00,2016-03-08 18:22:00,B7.1,POINT(33.0 1.0),2511
gev_20160308_2234,2016-03-08 22:34:00,2016-03-08 22:39:00,2016-03-08 22:42:00,B4.1,POINT(-88.0 6.0),2520
gev_20160309_0242,2016-03-09 02:42:00,2016-03-09 02:57:00,2016-03-09 03:11:00,C1.3,POINT(-89.0 5.0),2519
gev_20160309_0500,2016-03-09 05:00:00,2016-03-09 05:04:00,2016-03-09 05:08:00,B4.0,POINT(-88.0 7.0),2519
gev_20160309_1226,2016-03-09 12:26:00,2016-03-09 12:30:00,2016-03-09 12:32:00,B4.1,POINT(-88.0 7.0),2519
gev_20160309_1236,2016-03-09 12:36:00,2016-03-09 12:50:00,2016-03-09 13:06:00,C3.3,POINT(-88.0 7.0),2519
gev_20160310_1827,2016-03-10 18:27:00,2016-03-10 18:30:00,2016-03-10 18:32:00,B3.3,POINT(-76.0 5.0),2519
gev_20160310_1842,2016-03-10 18:42:00,2016-03-10 18:54:00,2016-03-10 19:06:00,B8.4,POINT(87.0 14.0),2512
gev_20160311_0211,2016-03-11 02:11:00,2016-03-11 02:16:00,2016-03-11 02:20:00,B3.4,POINT(79.0 5.0),2511
gev_20160311_0312,2016-03-11 03:12:00,2016-03-11 03:15:00,2016-03-11 03:17:00,B2.7,POINT(-82.0 -46.0),0
gev_20160312_0343,2016-03-12 03:43:00,2016-03-12 04:05:00,2016-03-12 04:20:00,B8.8,POINT(-57.0 8.0),2524
gev_20160312_0615,2016-03-12 06:15:00,2016-03-12 06:19:00,2016-03-12 06:23:00,C1.1,POINT(44.0 11.0),2513
gev_20160313_2144,2016-03-13 21:44:00,2016-03-13 21:48:00,2016-03-13 21:52:00,B6.4,POINT(-4.0 18.0),2521
gev_20160314_1103,2016-03-14 11:03:00,2016-03-14 11:11:00,2016-03-14 11:20:00,B6.9,POINT(52.0 14.0),2522
gev_20160314_1752,2016-03-14 17:52:00,2016-03-14 17:58:00,2016-03-14 18:02:00,B6.4,POINT(56.0 13.0),2522
gev_20160314_2241,2016-03-14 22:41:00,2016-03-14 22:46:00,2016-03-14 22:53:00,B5.1,POINT(60.0 13.0),2522
gev_20160315_0347,2016-03-15 03:47:00,2016-03-15 04:21:00,2016-03-15 04:52:00,B4.3,POINT(-87.0 17.0),0
gev_20160315_0923,2016-03-15 09:23:00,2016-03-15 09:29:00,2016-03-15 09:34:00,C1.2,POINT(12.0 21.0),2521
gev_20160315_1532,2016-03-15 15:32:00,2016-03-15 15:38:00,2016-03-15 15:43:00,C1.0,POINT(16.0 18.0),2521
gev_20160315_1647,2016-03-15 16:47:00,2016-03-15 16:51:00,2016-03-15 16:54:00,B6.4,POINT(15.0 19.0),2521
gev_20160315_1805,2016-03-15 18:05:00,2016-03-15 18:11:00,2016-03-15 18:20:00,B8.6,POINT(16.0 19.0),2521
gev_20160315_2037,2016-03-15 20:37:00,2016-03-15 20:40:00,2016-03-15 20:48:00,B5.2,POINT(18.0 22.0),2521
gev_20160316_0634,2016-03-16 06:34:00,2016-03-16 06:45:00,2016-03-16 06:57:00,C2.2,POINT(88.0 12.0),2522
gev_20160316_1952,2016-03-16 19:52:00,2016-03-16 19:54:00,2016-03-16 19:57:00,B4.3,POINT(18.0 3.0),2519
gev_20160317_1613,2016-03-17 16:13:00,2016-03-17 16:16:00,2016-03-17 16:22:00,B3.5,POINT(-70.0 14.0),2524
gev_20160318_0011,2016-03-18 00:11:00,2016-03-18 00:17:00,2016-03-18 00:24:00,B5.1,POINT(35.0 -9.0),2523
gev_20160318_1852,2016-03-18 18:52:00,2016-03-18 18:56:00,2016-03-18 19:00:00,B3.4,POINT(58.0 19.0),2521
gev_20160318_2303,2016-03-18 23:03:00,2016-03-18 23:18:00,2016-03-18 23:31:00,B6.7,POINT(-54.0 16.0),2524
gev_20160319_1307,2016-03-19 13:07:00,2016-03-19 13:11:00,2016-03-19 13:14:00,B2.1,POINT(-45.0 16.0),2524
gev_20160320_0040,2016-03-20 00:40:00,2016-03-20 00:49:00,2016-03-20 01:05:00,C1.2,POINT(76.0 21.0),2521
gev_20160320_0122,2016-03-20 01:22:00,2016-03-20 01:33:00,2016-03-20 01:38:00,C3.7,POINT(76.0 19.0),2521
gev_20160320_1133,2016-03-20 11:33:00,2016-03-20 11:40:00,2016-03-20 11:44:00,B3.5,POINT(-78.0 -2.0),2526
gev_20160320_1759,2016-03-20 17:59:00,2016-03-20 18:02:00,2016-03-20 18:08:00,B2.1,POINT(-73.0 -2.0),2526
gev_20160323_0236,2016-03-23 02:36:00,2016-03-23 03:51:00,2016-03-23 04:45:00,C1.1,POINT(3.0 20.0),2524
gev_20160323_0259,2016-03-23 02:59:00,2016-03-23 03:54:00,2016-03-23 04:45:00,C1.1,POINT(4.0 20.0),2524
gev_20160323_2205,2016-03-23 22:05:00,2016-03-23 22:09:00,2016-03-23 22:12:00,B2.8,POINT(-89.0 -5.0),2526
gev_20160323_2241,2016-03-23 22:41:00,2016-03-23 22:51:00,2016-03-23 22:56:00,B4.2,POINT(-89.0 -2.0),2526
gev_20160324_1255,2016-03-24 12:55:00,2016-03-24 12:58:00,2016-03-24 13:01:00,B2.0,POINT(-85.0 -6.0),2526
gev_20160324_1659,2016-03-24 16:59:00,2016-03-24 17:02:00,2016-03-24 17:05:00,B3.3,POINT(28.0 16.0),2524
gev_20160325_1455,2016-03-25 14:55:00,2016-03-25 15:00:00,2016-03-25 15:02:00,B6.5,POINT(-67.0 -4.0),2526
gev_20160326_0719,2016-03-26 07:19:00,2016-03-26 07:22:00,2016-03-26 07:24:00,B1.6,POINT(-57.0 -5.0),2526
gev_20160326_0734,2016-03-26 07:34:00,2016-03-26 07:37:00,2016-03-26 07:41:00,B1.7,POINT(-58.0 -4.0),2526
gev_20160326_2312,2016-03-26 23:12:00,2016-03-26 23:17:00,2016-03-26 23:27:00,B1.9,POINT(-46.0 -8.0),2526
gev_20160327_0600,2016-03-27 06:00:00,2016-03-27 06:07:00,2016-03-27 06:11:00,B3.5,POINT(66.0 15.0),2524
gev_20160327_1028,2016-03-27 10:28:00,2016-03-27 10:31:00,2016-03-27 10:38:00,B1.7,POINT(-40.0 -6.0),2526
gev_20160327_1102,2016-03-27 11:02:00,2016-03-27 11:27:00,2016-03-27 11:33:00,B2.1,POINT(-63.0 7.0),0
gev_20160327_1213,2016-03-27 12:13:00,2016-03-27 12:19:00,2016-03-27 12:26:00,B4.2,POINT(70.0 15.0),2524
gev_20160327_1633,2016-03-27 16:33:00,2016-03-27 16:38:00,2016-03-27 16:42:00,B4.8,POINT(72.0 15.0),2524
gev_20160327_1943,2016-03-27 19:43:00,2016-03-27 19:48:00,2016-03-27 19:50:00,B4.8,POINT(73.0 15.0),2524
gev_20160328_0218,2016-03-28 02:18:00,2016-03-28 02:28:00,2016-03-28 02:32:00,C2.1,POINT(76.0 16.0),2524
gev_20160328_0254,2016-03-28 02:54:00,2016-03-28 02:59:00,2016-03-28 03:04:00,B3.3,POINT(-31.0 -8.0),2526
gev_20160328_0752,2016-03-28 07:52:00,2016-03-28 07:57:00,2016-03-28 08:10:00,B3.7,POINT(-27.0 -6.0),2526
gev_20160328_1838,2016-03-28 18:38:00,2016-03-28 18:44:00,2016-03-28 19:00:00,B3.4,POINT(87.0 16.0),2524
gev_20160328_2341,2016-03-28 23:41:00,2016-03-28 23:45:00,2016-03-28 23:47:00,B2.4,POINT(87.0 16.0),2524
gev_20160329_0347,2016-03-29 03:47:00,2016-03-29 03:59:00,2016-03-29 04:09:00,B2.6,POINT(87.0 16.0),2524
gev_20160329_1448,2016-03-29 14:48:00,2016-03-29 14:56:00,2016-03-29 15:10:00,B3.5,POINT(87.0 17.0),2524
gev_20160330_1604,2016-03-30 16:04:00,2016-03-30 16:11:00,2016-03-30 16:16:00,B1.5,POINT(1.0 -7.0),2526
gev_20160401_0250,2016-04-01 02:50:00,2016-04-01 02:54:00,2016-04-01 02:56:00,B1.1,POINT(22.0 -7.0),2526
gev_20160401_0300,2016-04-01 03:00:00,2016-04-01 03:04:00,2016-04-01 03:07:00,B1.3,POINT(23.0 -7.0),2526
gev_20160401_0338,2016-04-01 03:38:00,2016-04-01 03:41:00,2016-04-01 03:44:00,B1.0,POINT(23.0 -7.0),2526
gev_20160402_1211,2016-04-02 12:11:00,2016-04-02 12:17:00,2016-04-02 12:22:00,B2.1,POINT(60.0 6.0),0
gev_20160403_1335,2016-04-03 13:35:00,2016-04-03 13:38:00,2016-04-03 13:41:00,B2.2,POINT(81.0 8.0),2526
gev_20160403_2352,2016-04-03 23:52:00,2016-04-04 00:06:00,2016-04-04 00:17:00,B3.1,POINT(-6.0 5.0),2528
gev_20160404_0940,2016-04-04 09:40:00,2016-04-04 09:43:00,2016-04-04 09:48:00,B1.3,POINT(2.0 6.0),2528
gev_20160404_1243,2016-04-04 12:43:00,2016-04-04 12:48:00,2016-04-04 12:56:00,B2.0,POINT(-89.0 4.0),2529
gev_20160404_1925,2016-04-04 19:25:00,2016-04-04 19:39:00,2016-04-04 19:49:00,B4.1,POINT(3.0 6.0),2528
gev_20160405_0427,2016-04-05 04:27:00,2016-04-05 04:30:00,2016-04-05 04:33:00,B1.5,POINT(-89.0 4.0),2529
gev_20160405_0731,2016-04-05 07:31:00,2016-04-05 07:37:00,2016-04-05 07:42:00,B4.6,POINT(11.0 6.0),2528
gev_20160405_1546,2016-04-05 15:46:00,2016-04-05 15:49:00,2016-04-05 15:54:00,B2.5,POINT(16.0 6.0),2528
gev_20160405_1745,2016-04-05 17:45:00,2016-04-05 17:48:00,2016-04-05 17:51:00,B2.8,POINT(17.0 6.0),2528
gev_20160406_0957,2016-04-06 09:57:00,2016-04-06 10:00:00,2016-04-06 10:30:00,C1.1,POINT(89.0 -3.0),2526
gev_20160406_1340,2016-04-06 13:40:00,2016-04-06 14:19:00,2016-04-06 15:06:00,B5.3,POINT(-89.0 6.0),2529
gev_20160406_1639,2016-04-06 16:39:00,2016-04-06 16:51:00,2016-04-06 17:13:00,C1.4,POINT(-88.0 8.0),2529
gev_20160406_1905,2016-04-06 19:05:00,2016-04-06 19:23:00,2016-04-06 19:43:00,B5.5,POINT(-88.0 8.0),2529
gev_20160407_0110,2016-04-07 01:10:00,2016-04-07 01:17:00,2016-04-07 01:26:00,C1.4,POINT(-88.0 9.0),2529
gev_20160407_0550,2016-04-07 05:50:00,2016-04-07 05:53:00,2016-04-07 05:55:00,C1.4,POINT(-84.0 9.0),2529
gev_20160407_0945,2016-04-07 09:45:00,2016-04-07 09:48:00,2016-04-07 09:50:00,B8.6,POINT(-88.0 9.0),2529
gev_20160407_1106,2016-04-07 11:06:00,2016-04-07 11:13:00,2016-04-07 11:21:00,C1.9,POINT(-88.0 9.0),2529
gev_20160407_1332,2016-04-07 13:32:00,2016-04-07 13:37:00,2016-04-07 13:44:00,B7.7,POINT(-88.0 10.0),2529
gev_20160407_2357,2016-04-07 23:57:00,2016-04-08 01:56:00,2016-04-08 03:30:00,B8.3,POINT(-88.0 9.0),2529
gev_20160408_0501,2016-04-08 05:01:00,2016-04-08 05:05:00,2016-04-08 05:09:00,B7.2,POINT(-85.0 10.0),2529
gev_20160408_1610,2016-04-08 16:10:00,2016-04-08 16:14:00,2016-04-08 16:18:00,B6.1,POINT(-77.0 11.0),2529
gev_20160408_1631,2016-04-08 16:31:00,2016-04-08 16:38:00,2016-04-08 16:45:00,C1.1,POINT(-77.0 11.0),2529
gev_20160409_0525,2016-04-09 05:25:00,2016-04-09 05:30:00,2016-04-09 05:35:00,C1.5,POINT(-69.0 11.0),2529
gev_20160409_1140,2016-04-09 11:40:00,2016-04-09 13:42:00,2016-04-09 15:10:00,C2.8,POINT(-64.0 12.0),2529
gev_20160409_1215,2016-04-09 12:15:00,2016-04-09 13:42:00,2016-04-09 14:44:00,C2.8,POINT(-64.0 12.0),2529
gev_20160409_1609,2016-04-09 16:09:00,2016-04-09 16:13:00,2016-04-09 16:16:00,C1.7,POINT(-62.0 11.0),2529
gev_20160409_1747,2016-04-09 17:47:00,2016-04-09 17:55:00,2016-04-09 17:58:00,C1.6,POINT(-61.0 9.0),2529
gev_20160409_1840,2016-04-09 18:40:00,2016-04-09 18:44:00,2016-04-09 18:46:00,C1.5,POINT(-58.0 9.0),2529
gev_20160409_2029,2016-04-09 20:29:00,2016-04-09 20:34:00,2016-04-09 20:43:00,C1.5,POINT(-59.0 9.0),2529
gev_20160409_2201,2016-04-09 22:01:00,2016-04-09 22:04:00,2016-04-09 22:07:00,C1.4,POINT(-57.0 9.0),2529
gev_20160409_2250,2016-04-09 22:50:00,2016-04-09 22:55:00,2016-04-09 23:05:00,C1.8,POINT(-58.0 10.0),2529
gev_20160410_0031,2016-04-10 00:31:00,2016-04-10 00:44:00,2016-04-10 00:47:00,C1.1,POINT(-57.0 9.0),2529
gev_20160410_0523,2016-04-10 05:23:00,2016-04-10 09:34:00,2016-04-10 10:45:00,C1.5,POINT(-61.0 8.0),2531
gev_20160410_0549,2016-04-10 05:49:00,2016-04-10 09:34:00,2016-04-10 13:04:00,C1.5,POINT(-61.0 8.0),2529
gev_20160411_0134,2016-04-11 01:34:00,2016-04-11 02:02:00,2016-04-11 03:07:00,C1.1,POINT(-41.0 16.0),2531
gev_20160411_0136,2016-04-11 01:36:00,2016-04-11 01:59:00,2016-04-11 03:20:00,C1.1,POINT(-41.0 16.0),2531
gev_20160411_1316,2016-04-11 13:16:00,2016-04-11 13:20:00,2016-04-11 13:26:00,B8.1,POINT(-34.0 6.0),2529
gev_20160411_1828,2016-04-11 18:28:00,2016-04-11 18:34:00,2016-04-11 18:41:00,C1.0,POINT(-31.0 6.0),2529
gev_20160411_2019,2016-04-11 20:19:00,2016-04-11 20:27:00,2016-04-11 20:35:00,C1.4,POINT(-23.0 12.0),2529
gev_20160411_2159,2016-04-11 21:59:00,2016-04-11 22:12:00,2016-04-11 22:19:00,B9.3,POINT(-29.0 6.0),2529
gev_20160411_2356,2016-04-11 23:56:00,2016-04-12 00:06:00,2016-04-12 00:13:00,C1.3,POINT(-27.0 6.0),2529
gev_20160412_0740,2016-04-12 07:40:00,2016-04-12 07:51:00,2016-04-12 08:10:00,C1.8,POINT(-24.0 6.0),2529
gev_20160412_1556,2016-04-12 15:56:00,2016-04-12 15:59:00,2016-04-12 16:03:00,B4.1,POINT(-13.0 12.0),2529
gev_20160413_0735,2016-04-13 07:35:00,2016-04-13 07:57:00,2016-04-13 08:16:00,B8.6,POINT(-15.0 10.0),2529
gev_20160413_1153,2016-04-13 11:53:00,2016-04-13 11:58:00,2016-04-13 12:06:00,B6.0,POINT(-1.0 12.0),2529
gev_20160413_1703,2016-04-13 17:03:00,2016-04-13 17:14:00,2016-04-13 17:22:00,B4.3,POINT(1.0 12.0),2529
gev_20160413_1726,2016-04-13 17:26:00,2016-04-13 17:34:00,2016-04-13 17:40:00,B4.2,POINT(-9.0 9.0),2529
gev_20160413_2246,2016-04-13 22:46:00,2016-04-13 22:53:00,2016-04-13 23:07:00,B6.0,POINT(5.0 10.0),2529
gev_20160413_2328,2016-04-13 23:28:00,2016-04-13 23:43:00,2016-04-14 00:01:00,C2.9,POINT(5.0 11.0),2529
gev_20160414_0150,2016-04-14 01:50:00,2016-04-14 01:54:00,2016-04-14 01:57:00,B7.2,POINT(-59.0 15.0),2531
gev_20160414_1321,2016-04-14 13:21:00,2016-04-14 13:32:00,2016-04-14 13:44:00,C1.8,POINT(13.0 10.0),2529
gev_20160414_1437,2016-04-14 14:37:00,2016-04-14 14:59:00,2016-04-14 15:10:00,B4.8,POINT(13.0 11.0),2529
gev_20160414_1759,2016-04-14 17:59:00,2016-04-14 18:07:00,2016-04-14 18:16:00,C1.3,POINT(5.0 13.0),2529
gev_20160414_2016,2016-04-14 20:16:00,2016-04-14 20:29:00,2016-04-14 20:44:00,B5.1,POINT(6.0 10.0),2529
gev_20160414_2145,2016-04-14 21:45:00,2016-04-14 21:52:00,2016-04-14 21:55:00,B7.0,POINT(9.0 11.0),2529
gev_20160414_2300,2016-04-14 23:00:00,2016-04-14 23:02:00,2016-04-14 23:04:00,B4.9,POINT(12.0 12.0),2529
gev_20160415_0246,2016-04-15 02:46:00,2016-04-15 02:50:00,2016-04-15 03:03:00,B7.6,POINT(9.0 11.0),2529
gev_20160415_0614,2016-04-15 06:14:00,2016-04-15 06:26:00,2016-04-15 06:34:00,B7.7,POINT(13.0 12.0),2529
gev_20160415_0811,2016-04-15 08:11:00,2016-04-15 08:15:00,2016-04-15 08:18:00,B6.8,POINT(-89.0 5.0),2532
gev_20160415_0925,2016-04-15 09:25:00,2016-04-15 09:28:00,2016-04-15 10:01:00,B8.3,POINT(17.0 13.0),2529
gev_20160415_1237,2016-04-15 12:37:00,2016-04-15 12:42:00,2016-04-15 12:44:00,B7.7,POINT(19.0 13.0),2529
gev_20160415_1404,2016-04-15 14:04:00,2016-04-15 14:30:00,2016-04-15 14:43:00,C4.1,POINT(17.0 13.0),2529
gev_20160415_2357,2016-04-15 23:57:00,2016-04-16 00:05:00,2016-04-16 00:16:00,B7.9,POINT(34.0 10.0),2529
gev_20160416_0506,2016-04-16 05:06:00,2016-04-16 05:13:00,2016-04-16 05:38:00,B7.0,POINT(35.0 11.0),2529
gev_20160416_1230,2016-04-16 12:30:00,2016-04-16 12:33:00,2016-04-16 12:35:00,B4.8,POINT(38.0 11.0),2529
gev_20160416_1430,2016-04-16 14:30:00,2016-04-16 14:39:00,2016-04-16 14:53:00,C1.0,POINT(41.0 11.0),2529
gev_20160416_1914,2016-04-16 19:14:00,2016-04-16 19:20:00,2016-04-16 19:23:00,C1.4,POINT(41.0 13.0),2529
gev_20160416_1942,2016-04-16 19:42:00,2016-04-16 19:58:00,2016-04-16 20:12:00,C5.8,POINT(44.0 11.0),2529
gev_20160416_2306,2016-04-16 23:06:00,2016-04-16 23:12:00,2016-04-16 23:16:00,B5.8,POINT(44.0 12.0),2529
gev_20160417_0053,2016-04-17 00:53:00,2016-04-17 00:57:00,2016-04-17 01:00:00,B9.6,POINT(44.0 13.0),2529
gev_20160417_0357,2016-04-17 03:57:00,2016-04-17 04:01:00,2016-04-17 04:05:00,B7.9,POINT(46.0 13.0),2529
gev_20160417_1648,2016-04-17 16:48:00,2016-04-17 17:02:00,2016-04-17 17:15:00,B8.4,POINT(48.0 10.0),2529
gev_20160417_1717,2016-04-17 17:17:00,2016-04-17 17:30:00,2016-04-17 17:47:00,C2.4,POINT(56.0 10.0),2529
gev_20160417_2156,2016-04-17 21:56:00,2016-04-17 22:00:00,2016-04-17 22:07:00,B4.8,POINT(50.0 9.0),2529
gev_20160418_0014,2016-04-18 00:14:00,2016-04-18 00:29:00,2016-04-18 00:39:00,M6.7,POINT(60.0 11.0),2529
gev_20160418_1230,2016-04-18 12:30:00,2016-04-18 12:46:00,2016-04-18 12:58:00,B4.0,POINT(-46.0 6.0),2532
gev_20160418_1318,2016-04-18 13:18:00,2016-04-18 13:34:00,2016-04-18 13:39:00,B5.0,POINT(68.0 10.0),2529
gev_20160418_1411,2016-04-18 14:11:00,2016-04-18 14:23:00,2016-04-18 14:36:00,B4.3,POINT(-44.0 8.0),2532
gev_20160418_1444,2016-04-18 14:44:00,2016-04-18 14:52:00,2016-04-18 15:00:00,B5.7,POINT(63.0 15.0),2529
gev_20160418_1755,2016-04-18 17:55:00,2016-04-18 18:00:00,2016-04-18 18:02:00,B5.1,POINT(69.0 7.0),2530
gev_20160419_1218,2016-04-19 12:18:00,2016-04-19 12:34:00,2016-04-19 12:42:00,B5.4,POINT(77.0 15.0),2529
gev_20160419_1249,2016-04-19 12:49:00,2016-04-19 12:57:00,2016-04-19 13:05:00,B6.6,POINT(78.0 15.0),2529
gev_20160419_1812,2016-04-19 18:12:00,2016-04-19 18:17:00,2016-04-19 18:22:00,B4.4,POINT(72.0 13.0),2529
gev_20160419_1926,2016-04-19 19:26:00,2016-04-19 19:34:00,2016-04-19 19:42:00,B4.3,POINT(74.0 13.0),2529
gev_20160419_2252,2016-04-19 22:52:00,2016-04-19 23:02:00,2016-04-19 23:09:00,C1.0,POINT(76.0 13.0),2529
gev_20160420_0224,2016-04-20 02:24:00,2016-04-20 02:36:00,2016-04-20 02:46:00,B8.5,POINT(88.0 13.0),2529
gev_20160420_0627,2016-04-20 06:27:00,2016-04-20 06:30:00,2016-04-20 06:32:00,B3.8,POINT(88.0 13.0),2529
gev_20160420_0731,2016-04-20 07:31:00,2016-04-20 07:41:00,2016-04-20 07:46:00,B4.7,POINT(89.0 -2.0),0
gev_20160420_1433,2016-04-20 14:33:00,2016-04-20 14:36:00,2016-04-20 14:39:00,B3.2,POINT(88.0 13.0),2529
gev_20160420_1452,2016-04-20 14:52:00,2016-04-20 15:37:00,2016-04-20 16:37:00,B6.4,POINT(89.0 6.0),2529
gev_20160420_2122,2016-04-20 21:22:00,2016-04-20 21:44:00,2016-04-20 21:59:00,B4.6,POINT(88.0 9.0),2529
gev_20160421_0426,2016-04-21 04:26:00,2016-04-21 04:39:00,2016-04-21 04:54:00,B3.6,POINT(88.0 9.0),2529
gev_20160421_0428,2016-04-21 04:28:00,2016-04-21 04:39:00,2016-04-21 04:54:00,B3.5,POINT(88.0 9.0),2529
gev_20160421_0458,2016-04-21 04:58:00,2016-04-21 05:10:00,2016-04-21 05:23:00,B4.7,POINT(88.0 8.0),2529
gev_20160421_0459,2016-04-21 04:59:00,2016-04-21 05:10:00,2016-04-21 05:45:00,B4.7,POINT(88.0 8.0),2529
gev_20160423_2118,2016-04-23 21:18:00,2016-04-23 21:21:00,2016-04-23 21:25:00,B1.3,POINT(25.0 6.0),2532
gev_20160424_0221,2016-04-24 02:21:00,2016-04-24 02:24:00,2016-04-24 02:26:00,B1.7,POINT(-89.0 3.0),2535
gev_20160424_1556,2016-04-24 15:56:00,2016-04-24 16:03:00,2016-04-24 16:09:00,B5.9,POINT(37.0 6.0),2532
gev_20160425_0817,2016-04-25 08:17:00,2016-04-25 08:21:00,2016-04-25 08:28:00,B2.0,POINT(49.0 6.0),2532
gev_20160425_1522,2016-04-25 15:22:00,2016-04-25 15:27:00,2016-04-25 15:32:00,B2.9,POINT(51.0 4.0),2532
gev_20160425_2004,2016-04-25 20:04:00,2016-04-25 20:11:00,2016-04-25 20:15:00,B3.0,POINT(-75.0 16.0),2536
gev_20160426_0253,2016-04-26 02:53:00,2016-04-26 02:58:00,2016-04-26 03:03:00,B4.0,POINT(-68.0 16.0),2536
gev_20160426_0401,2016-04-26 04:01:00,2016-04-26 04:07:00,2016-04-26 04:10:00,B4.9,POINT(-67.0 16.0),2536
gev_20160426_0613,2016-04-26 06:13:00,2016-04-26 06:16:00,2016-04-26 06:20:00,B3.5,POINT(-66.0 16.0),2536
gev_20160426_0657,2016-04-26 06:57:00,2016-04-26 07:01:00,2016-04-26 07:07:00,B4.0,POINT(-66.0 15.0),2536
gev_20160426_0955,2016-04-26 09:55:00,2016-04-26 10:00:00,2016-04-26 10:11:00,B2.5,POINT(-65.0 15.0),2536
gev_20160426_1137,2016-04-26 11:37:00,2016-04-26 11:44:00,2016-04-26 11:49:00,B5.7,POINT(-63.0 15.0),2536
gev_20160426_1252,2016-04-26 12:52:00,2016-04-26 12:58:00,2016-04-26 13:03:00,B3.3,POINT(-88.0 16.0),2536
gev_20160426_1328,2016-04-26 13:28:00,2016-04-26 13:32:00,2016-04-26 13:36:00,B7.6,POINT(-62.0 15.0),2536
gev_20160426_2037,2016-04-26 20:37:00,2016-04-26 20:43:00,2016-04-26 20:46:00,B8.0,POINT(-88.0 16.0),2539
gev_20160426_2128,2016-04-26 21:28:00,2016-04-26 21:31:00,2016-04-26 21:33:00,B4.5,POINT(-55.0 16.0),2536
gev_20160427_0003,2016-04-27 00:03:00,2016-04-27 00:08:00,2016-04-27 00:11:00,B4.3,POINT(-53.0 13.0),2536
gev_20160427_0050,2016-04-27 00:50:00,2016-04-27 00:57:00,2016-04-27 01:05:00,B5.1,POINT(-54.0 16.0),2536
gev_20160427_0347,2016-04-27 03:47:00,2016-04-27 03:51:00,2016-04-27 03:54:00,B7.2,POINT(-51.0 13.0),2536
gev_20160427_1011,2016-04-27 10:11:00,2016-04-27 10:15:00,2016-04-27 10:20:00,B3.5,POINT(78.0 5.0),2532
gev_20160427_1314,2016-04-27 13:14:00,2016-04-27 13:21:00,2016-04-27 13:26:00,B5.7,POINT(79.0 5.0),2532
gev_20160427_1543,2016-04-27 15:43:00,2016-04-27 15:48:00,2016-04-27 15:55:00,B4.9,POINT(82.0 5.0),2532
gev_20160427_1918,2016-04-27 19:18:00,2016-04-27 19:23:00,2016-04-27 19:27:00,B6.9,POINT(81.0 5.0),2532
gev_20160427_2113,2016-04-27 21:13:00,2016-04-27 21:19:00,2016-04-27 21:26:00,B7.5,POINT(-85.0 -44.0),0
gev_20160428_0118,2016-04-28 01:18:00,2016-04-28 01:25:00,2016-04-28 01:36:00,B8.1,POINT(-29.0 4.0),2535
gev_20160428_0336,2016-04-28 03:36:00,2016-04-28 03:42:00,2016-04-28 03:46:00,C1.1,POINT(-27.0 5.0),2535
gev_20160428_0557,2016-04-28 05:57:00,2016-04-28 06:02:00,2016-04-28 06:05:00,C1.8,POINT(-25.0 5.0),2535
gev_20160428_0845,2016-04-28 08:45:00,2016-04-28 08:52:00,2016-04-28 08:55:00,C1.7,POINT(-23.0 5.0),2535
gev_20160428_0927,2016-04-28 09:27:00,2016-04-28 09:32:00,2016-04-28 09:37:00,B6.2,POINT(-24.0 7.0),2535
gev_20160428_1246,2016-04-28 12:46:00,2016-04-28 12:51:00,2016-04-28 12:54:00,C1.9,POINT(-21.0 5.0),2535
gev_20160428_1952,2016-04-28 19:52:00,2016-04-28 19:54:00,2016-04-28 19:57:00,B5.0,POINT(-16.0 4.0),2535
gev_20160428_1953,2016-04-28 19:53:00,2016-04-28 19:57:00,2016-04-28 20:00:00,B5.6,POINT(-17.0 5.0),2535
gev_20160428_2318,2016-04-28 23:18:00,2016-04-28 23:22:00,2016-04-28 23:25:00,B3.4,POINT(-14.0 4.0),2535
gev_20160429_0351,2016-04-29 03:51:00,2016-04-29 03:59:00,2016-04-29 04:07:00,B6.2,POINT(70.0 -8.0),2537
gev_20160429_0739,2016-04-29 07:39:00,2016-04-29 07:43:00,2016-04-29 07:47:00,B4.1,POINT(71.0 -8.0),2537
gev_20160429_1319,2016-04-29 13:19:00,2016-04-29 13:23:00,2016-04-29 13:26:00,B4.2,POINT(75.0 -7.0),2537
gev_20160429_1327,2016-04-29 13:27:00,2016-04-29 13:31:00,2016-04-29 13:34:00,B4.7,POINT(73.0 -7.0),2537
gev_20160429_1328,2016-04-29 13:28:00,2016-04-29 13:31:00,2016-04-29 13:34:00,B5.4,POINT(74.0 -7.0),2537
gev_20160429_1424,2016-04-29 14:24:00,2016-04-29 14:29:00,2016-04-29 14:37:00,B5.3,POINT(76.0 -7.0),2537
gev_20160429_1657,2016-04-29 16:57:00,2016-04-29 17:01:00,2016-04-29 17:03:00,B5.5,POINT(-4.0 6.0),2535
gev_20160429_1936,2016-04-29 19:36:00,2016-04-29 19:43:00,2016-04-29 19:52:00,B4.3,POINT(-21.0 16.0),2536
gev_20160429_2133,2016-04-29 21:33:00,2016-04-29 21:38:00,2016-04-29 21:41:00,B6.7,POINT(81.0 -7.0),2537
gev_20160430_0246,2016-04-30 02:46:00,2016-04-30 02:51:00,2016-04-30 02:56:00,B3.6,POINT(85.0 -7.0),2537
gev_20160430_0429,2016-04-30 04:29:00,2016-04-30 04:34:00,2016-04-30 04:42:00,B4.7,POINT(86.0 -6.0),2537
gev_20160430_0740,2016-04-30 07:40:00,2016-04-30 07:47:00,2016-04-30 07:53:00,B6.2,POINT(89.0 -6.0),2537
gev_20160430_1040,2016-04-30 10:40:00,2016-04-30 10:47:00,2016-04-30 10:52:00,C1.2,POINT(-41.0 16.0),2539
gev_20160430_1210,2016-04-30 12:10:00,2016-04-30 12:17:00,2016-04-30 12:21:00,B5.2,POINT(-8.0 17.0),2536
gev_20160430_1232,2016-04-30 12:32:00,2016-04-30 12:35:00,2016-04-30 12:38:00,B4.7,POINT(-44.0 18.0),2539
gev_20160430_1442,2016-04-30 14:42:00,2016-04-30 14:51:00,2016-04-30 14:59:00,B5.7,POINT(-58.0 21.0),2540
gev_20160430_1651,2016-04-30 16:51:00,2016-04-30 17:12:00,2016-04-30 17:24:00,B4.8,POINT(89.0 -6.0),2537
gev_20160430_2004,2016-04-30 20:04:00,2016-04-30 20:22:00,2016-04-30 20:44:00,B6.9,POINT(89.0 -7.0),2537
gev_20160501_0157,2016-05-01 01:57:00,2016-05-01 02:00:00,2016-05-01 02:15:00,B8.6,POINT(89.0 -5.0),2537
gev_20160501_0914,2016-05-01 09:14:00,2016-05-01 09:22:00,2016-05-01 09:27:00,C2.4,POINT(-34.0 18.0),2539
gev_20160501_1003,2016-05-01 10:03:00,2016-05-01 10:09:00,2016-05-01 10:20:00,B4.8,POINT(-33.0 18.0),2539
gev_20160501_1238,2016-05-01 12:38:00,2016-05-01 12:42:00,2016-05-01 12:49:00,B3.0,POINT(-31.0 19.0),2539
gev_20160501_1406,2016-05-01 14:06:00,2016-05-01 14:15:00,2016-05-01 14:28:00,B5.8,POINT(-44.0 22.0),2540
gev_20160501_2250,2016-05-01 22:50:00,2016-05-01 23:11:00,2016-05-01 23:16:00,B5.0,POINT(-27.0 18.0),2539
gev_20160501_2330,2016-05-01 23:30:00,2016-05-01 23:38:00,2016-05-01 23:47:00,C2.5,POINT(-27.0 18.0),2539
gev_20160502_0301,2016-05-02 03:01:00,2016-05-02 03:10:00,2016-05-02 03:13:00,B3.1,POINT(29.0 6.0),2535
gev_20160502_0712,2016-05-02 07:12:00,2016-05-02 07:20:00,2016-05-02 07:35:00,B4.5,POINT(-21.0 19.0),2539
gev_20160502_0832,2016-05-02 08:32:00,2016-05-02 08:42:00,2016-05-02 08:47:00,C3.5,POINT(-33.0 21.0),2540
gev_20160503_0054,2016-05-03 00:54:00,2016-05-03 01:00:00,2016-05-03 01:05:00,B6.4,POINT(-10.0 19.0),2539
gev_20160503_0810,2016-05-03 08:10:00,2016-05-03 08:17:00,2016-05-03 08:44:00,B6.2,POINT(-68.0 1.0),2541
gev_20160503_1624,2016-05-03 16:24:00,2016-05-03 16:27:00,2016-05-03 16:30:00,B3.2,POINT(-89.0 10.0),2542
gev_20160503_2310,2016-05-03 23:10:00,2016-05-03 23:13:00,2016-05-03 23:15:00,B3.1,POINT(-88.0 12.0),2542
gev_20160503_2355,2016-05-03 23:55:00,2016-05-04 00:01:00,2016-05-04 00:04:00,B7.5,POINT(-89.0 9.0),2542
gev_20160504_0103,2016-05-04 01:03:00,2016-05-04 01:22:00,2016-05-04 01:35:00,B6.9,POINT(-57.0 1.0),2541
gev_20160504_1341,2016-05-04 13:41:00,2016-05-04 13:51:00,2016-05-04 14:07:00,C1.3,POINT(61.0 6.0),2535
gev_20160504_1821,2016-05-04 18:21:00,2016-05-04 18:24:00,2016-05-04 18:28:00,B3.2,POINT(11.0 19.0),2539
gev_20160504_1959,2016-05-04 19:59:00,2016-05-04 20:03:00,2016-05-04 20:06:00,B3.0,POINT(-74.0 12.0),2542
gev_20160504_2243,2016-05-04 22:43:00,2016-05-04 22:48:00,2016-05-04 22:51:00,C1.7,POINT(-73.0 12.0),2542
gev_20160505_0721,2016-05-05 07:21:00,2016-05-05 07:26:00,2016-05-05 07:33:00,B4.1,POINT(55.0 16.0),2536
gev_20160505_2209,2016-05-05 22:09:00,2016-05-05 22:14:00,2016-05-05 22:27:00,B4.1,POINT(26.0 16.0),2539
gev_20160506_1004,2016-05-06 10:04:00,2016-05-06 10:10:00,2016-05-06 10:24:00,B4.4,POINT(-24.0 3.0),2541
gev_20160506_1228,2016-05-06 12:28:00,2016-05-06 12:32:00,2016-05-06 12:37:00,B5.3,POINT(-23.0 3.0),2541
gev_20160507_0635,2016-05-07 06:35:00,2016-05-07 06:40:00,2016-05-07 06:47:00,B5.4,POINT(-11.0 3.0),2541
gev_20160507_1248,2016-05-07 12:48:00,2016-05-07 13:01:00,2016-05-07 13:43:00,B5.8,POINT(88.0 16.0),2536
gev_20160507_1704,2016-05-07 17:04:00,2016-05-07 17:13:00,2016-05-07 17:24:00,C1.9,POINT(-5.0 4.0),2541
gev_20160508_0225,2016-05-08 02:25:00,2016-05-08 02:30:00,2016-05-08 02:38:00,B5.3,POINT(-0.0 3.0),2541
gev_20160509_0511,2016-05-09 05:11:00,2016-05-09 05:22:00,2016-05-09 05:34:00,B9.4,POINT(15.0 2.0),2541
gev_20160509_1617,2016-05-09 16:17:00,2016-05-09 16:20:00,2016-05-09 16:22:00,B3.3,POINT(-5.0 9.0),2542
gev_20160509_1739,2016-05-09 17:39:00,2016-05-09 17:48:00,2016-05-09 18:00:00,B6.8,POINT(-6.0 9.0),2542
gev_20160509_2333,2016-05-09 23:33:00,2016-05-09 23:43:00,2016-05-09 23:43:00,B8.1,POINT(-2.0 -4.0),2543
gev_20160511_1056,2016-05-11 10:56:00,2016-05-11 10:59:00,2016-05-11 11:01:00,B5.7,POINT(14.0 9.0),2542
gev_20160511_1119,2016-05-11 11:19:00,2016-05-11 11:22:00,2016-05-11 11:24:00,B4.2,POINT(14.0 9.0),2542
gev_20160511_1414,2016-05-11 14:14:00,2016-05-11 14:22:00,2016-05-11 14:27:00,B8.2,POINT(18.0 8.0),2542
gev_20160512_1220,2016-05-12 12:20:00,2016-05-12 12:23:00,2016-05-12 12:27:00,B5.3,POINT(-30.0 20.0),2544
gev_20160512_1606,2016-05-12 16:06:00,2016-05-12 16:10:00,2016-05-12 16:14:00,B4.7,POINT(32.0 9.0),2542
gev_20160512_1607,2016-05-12 16:07:00,2016-05-12 16:10:00,2016-05-12 16:14:00,B3.9,POINT(32.0 9.0),2542
gev_20160513_0508,2016-05-13 05:08:00,2016-05-13 05:09:00,2016-05-13 05:11:00,B3.1,POINT(37.0 9.0),2542
gev_20160513_1616,2016-05-13 16:16:00,2016-05-13 16:21:00,2016-05-13 16:24:00,B7.4,POINT(-19.0 18.0),2544
gev_20160513_2047,2016-05-13 20:47:00,2016-05-13 20:50:00,2016-05-13 20:52:00,B4.6,POINT(-16.0 21.0),2544
gev_20160513_2233,2016-05-13 22:33:00,2016-05-13 22:38:00,2016-05-13 22:42:00,B5.4,POINT(-9.0 20.0),2544
gev_20160514_0051,2016-05-14 00:51:00,2016-05-14 00:54:00,2016-05-14 00:56:00,B6.4,POINT(51.0 -5.0),2543
gev_20160514_0342,2016-05-14 03:42:00,2016-05-14 03:44:00,2016-05-14 03:47:00,B5.0,POINT(52.0 -5.0),2543
gev_20160514_0534,2016-05-14 05:34:00,2016-05-14 05:37:00,2016-05-14 05:39:00,B3.8,POINT(53.0 -5.0),2543
gev_20160514_0618,2016-05-14 06:18:00,2016-05-14 06:22:00,2016-05-14 06:24:00,B6.9,POINT(53.0 -5.0),2543
gev_20160514_0744,2016-05-14 07:44:00,2016-05-14 07:52:00,2016-05-14 07:57:00,B8.3,POINT(52.0 8.0),2542
gev_20160514_0921,2016-05-14 09:21:00,2016-05-14 09:31:00,2016-05-14 09:34:00,C2.5,POINT(55.0 -6.0),2543
gev_20160514_0926,2016-05-14 09:26:00,2016-05-14 09:31:00,2016-05-14 09:34:00,C2.8,POINT(56.0 -6.0),2543
gev_20160514_0939,2016-05-14 09:39:00,2016-05-14 09:52:00,2016-05-14 10:02:00,B9.0,POINT(-5.0 19.0),2544
gev_20160514_1052,2016-05-14 10:52:00,2016-05-14 10:54:00,2016-05-14 10:59:00,B6.3,POINT(56.0 -5.0),2543
gev_20160514_1128,2016-05-14 11:28:00,2016-05-14 11:34:00,2016-05-14 11:37:00,C8.4,POINT(56.0 -6.0),2543
gev_20160514_1515,2016-05-14 15:15:00,2016-05-14 15:19:00,2016-05-14 15:22:00,C5.4,POINT(59.0 -6.0),2543
gev_20160514_1737,2016-05-14 17:37:00,2016-05-14 17:41:00,2016-05-14 17:43:00,B9.3,POINT(61.0 -6.0),2543
gev_20160514_1922,2016-05-14 19:22:00,2016-05-14 19:27:00,2016-05-14 19:30:00,B6.9,POINT(62.0 -6.0),2543
gev_20160514_2311,2016-05-14 23:11:00,2016-05-14 23:15:00,2016-05-14 23:22:00,B7.3,POINT(-0.0 20.0),2544
gev_20160515_0340,2016-05-15 03:40:00,2016-05-15 03:45:00,2016-05-15 03:52:00,B9.7,POINT(1.0 22.0),2544
gev_20160515_0358,2016-05-15 03:58:00,2016-05-15 04:08:00,2016-05-15 04:16:00,C5.2,POINT(68.0 -5.0),2543
gev_20160515_0457,2016-05-15 04:57:00,2016-05-15 05:02:00,2016-05-15 05:05:00,C1.4,POINT(2.0 22.0),2544
gev_20160515_0818,2016-05-15 08:18:00,2016-05-15 08:24:00,2016-05-15 08:29:00,C3.1,POINT(71.0 -5.0),2543
gev_20160515_0947,2016-05-15 09:47:00,2016-05-15 09:51:00,2016-05-15 09:54:00,C1.3,POINT(5.0 21.0),2544
gev_20160515_0948,2016-05-15 09:48:00,2016-05-15 09:51:00,2016-05-15 09:54:00,C1.3,POINT(5.0 21.0),2544
gev_20160515_1151,2016-05-15 11:51:00,2016-05-15 11:59:00,2016-05-15 12:04:00,C1.2,POINT(5.0 21.0),2544
gev_20160515_1355,2016-05-15 13:55:00,2016-05-15 14:00:00,2016-05-15 14:06:00,C1.2,POINT(7.0 21.0),2544
gev_20160515_1444,2016-05-15 14:44:00,2016-05-15 14:48:00,2016-05-15 14:51:00,B6.6,POINT(6.0 21.0),2544
gev_20160515_1500,2016-05-15 15:00:00,2016-05-15 16:03:00,2016-05-15 17:45:00,C3.4,POINT(6.0 21.0),2544
gev_20160515_1519,2016-05-15 15:19:00,2016-05-15 16:03:00,2016-05-15 17:33:00,C3.2,POINT(6.0 21.0),2544
gev_20160515_1910,2016-05-15 19:10:00,2016-05-15 19:13:00,2016-05-15 19:17:00,C1.5,POINT(11.0 20.0),2544
gev_20160516_0051,2016-05-16 00:51:00,2016-05-16 00:58:00,2016-05-16 01:07:00,C1.1,POINT(18.0 18.0),2544
gev_20160516_0438,2016-05-16 04:38:00,2016-05-16 04:42:00,2016-05-16 04:48:00,B6.7,POINT(67.0 -21.0),2545
gev_20160516_0534,2016-05-16 05:34:00,2016-05-16 05:38:00,2016-05-16 05:43:00,B4.7,POINT(68.0 -21.0),2545
gev_20160516_0535,2016-05-16 05:35:00,2016-05-16 05:38:00,2016-05-16 05:43:00,B5.3,POINT(68.0 -21.0),2545
gev_20160516_1521,2016-05-16 15:21:00,2016-05-16 15:25:00,2016-05-16 15:30:00,C1.9,POINT(20.0 19.0),2544
gev_20160516_1546,2016-05-16 15:46:00,2016-05-16 15:50:00,2016-05-16 15:52:00,B5.7,POINT(27.0 19.0),2544
gev_20160516_1547,2016-05-16 15:47:00,2016-05-16 15:50:00,2016-05-16 15:52:00,B5.1,POINT(27.0 19.0),2544
gev_20160516_2217,2016-05-16 22:17:00,2016-05-16 22:21:00,2016-05-16 22:23:00,B4.6,POINT(27.0 21.0),2544
gev_20160517_0400,2016-05-17 04:00:00,2016-05-17 04:08:00,2016-05-17 04:10:00,C1.2,POINT(89.0 9.0),2542
gev_20160517_0738,2016-05-17 07:38:00,2016-05-17 07:42:00,2016-05-17 07:44:00,B6.1,POINT(33.0 21.0),2544
gev_20160517_0750,2016-05-17 07:50:00,2016-05-17 07:54:00,2016-05-17 07:57:00,B7.0,POINT(36.0 20.0),2544
gev_20160517_2007,2016-05-17 20:07:00,2016-05-17 20:11:00,2016-05-17 20:13:00,B4.1,POINT(-82.0 16.0),0
gev_20160518_1752,2016-05-18 17:52:00,2016-05-18 17:58:00,2016-05-18 18:07:00,B5.1,POINT(51.0 24.0),2544
gev_20160520_0055,2016-05-20 00:55:00,2016-05-20 00:59:00,2016-05-20 01:02:00,B2.6,POINT(-7.0 -6.0),2546
gev_20160520_0414,2016-05-20 04:14:00,2016-05-20 04:18:00,2016-05-20 04:23:00,B3.9,POINT(-6.0 -6.0),2546
gev_20160520_0435,2016-05-20 04:35:00,2016-05-20 04:40:00,2016-05-20 04:43:00,B3.7,POINT(-5.0 -5.0),2546
gev_20160520_0834,2016-05-20 08:34:00,2016-05-20 08:42:00,2016-05-20 08:47:00,B3.9,POINT(-0.0 -11.0),2546
gev_20160520_1136,2016-05-20 11:36:00,2016-05-20 11:39:00,2016-05-20 11:41:00,B2.5,POINT(3.0 -7.0),2546
gev_20160520_1219,2016-05-20 12:19:00,2016-05-20 12:23:00,2016-05-20 12:28:00,B4.4,POINT(-2.0 -7.0),2546
gev_20160520_1941,2016-05-20 19:41:00,2016-05-20 19:45:00,2016-05-20 19:48:00,B3.0,POINT(2.0 -6.0),2546
gev_20160521_0843,2016-05-21 08:43:00,2016-05-21 08:46:00,2016-05-21 08:50:00,B5.9,POINT(9.0 -8.0),2546
gev_20160521_1056,2016-05-21 10:56:00,2016-05-21 11:00:00,2016-05-21 11:03:00,B7.3,POINT(11.0 -6.0),2546
gev_20160521_1355,2016-05-21 13:55:00,2016-05-21 14:00:00,2016-05-21 14:07:00,C1.0,POINT(18.0 -9.0),2546
gev_20160521_2230,2016-05-21 22:30:00,2016-05-21 22:34:00,2016-05-21 22:40:00,B2.4,POINT(23.0 -9.0),2546
gev_20160522_0121,2016-05-22 01:21:00,2016-05-22 01:25:00,2016-05-22 01:29:00,B2.5,POINT(19.0 -4.0),2546
gev_20160522_0443,2016-05-22 04:43:00,2016-05-22 04:47:00,2016-05-22 04:51:00,B2.5,POINT(21.0 -4.0),2546
gev_20160522_0912,2016-05-22 09:12:00,2016-05-22 09:21:00,2016-05-22 09:28:00,B5.9,POINT(29.0 -9.0),2546
gev_20160523_0741,2016-05-23 07:41:00,2016-05-23 07:45:00,2016-05-23 07:47:00,B2.0,POINT(41.0 -9.0),2546
gev_20160523_0813,2016-05-23 08:13:00,2016-05-23 08:18:00,2016-05-23 08:24:00,B3.0,POINT(43.0 -10.0),2546
gev_20160523_1334,2016-05-23 13:34:00,2016-05-23 13:38:00,2016-05-23 13:42:00,B3.4,POINT(44.0 -9.0),2546
gev_20160523_1705,2016-05-23 17:05:00,2016-05-23 17:08:00,2016-05-23 17:11:00,B2.2,POINT(46.0 -5.0),2546
gev_20160523_2005,2016-05-23 20:05:00,2016-05-23 20:09:00,2016-05-23 20:12:00,B2.5,POINT(44.0 -4.0),2546
gev_20160523_2013,2016-05-23 20:13:00,2016-05-23 20:17:00,2016-05-23 20:22:00,B6.9,POINT(44.0 -4.0),2546
gev_20160523_2255,2016-05-23 22:55:00,2016-05-23 22:58:00,2016-05-23 23:02:00,B2.5,POINT(49.0 -10.0),2546
gev_20160524_0722,2016-05-24 07:22:00,2016-05-24 07:24:00,2016-05-24 07:28:00,B2.7,POINT(55.0 -10.0),2546
gev_20160524_0819,2016-05-24 08:19:00,2016-05-24 08:24:00,2016-05-24 08:28:00,B5.3,POINT(55.0 -10.0),2546
gev_20160524_0831,2016-05-24 08:31:00,2016-05-24 08:36:00,2016-05-24 08:40:00,B9.6,POINT(51.0 -4.0),2546
gev_20160524_1016,2016-05-24 10:16:00,2016-05-24 10:20:00,2016-05-24 10:23:00,C1.3,POINT(57.0 -7.0),2546
gev_20160524_1329,2016-05-24 13:29:00,2016-05-24 13:33:00,2016-05-24 13:36:00,B2.0,POINT(54.0 -4.0),2546
gev_20160524_1702,2016-05-24 17:02:00,2016-05-24 17:05:00,2016-05-24 17:12:00,B4.0,POINT(55.0 -4.0),2546
gev_20160524_2049,2016-05-24 20:49:00,2016-05-24 21:07:00,2016-05-24 21:10:00,B9.5,POINT(63.0 -8.0),2546
gev_20160524_2218,2016-05-24 22:18:00,2016-05-24 22:21:00,2016-05-24 22:26:00,B2.6,POINT(64.0 -7.0),2546
gev_20160524_2324,2016-05-24 23:24:00,2016-05-24 23:34:00,2016-05-24 23:39:00,B5.5,POINT(60.0 -4.0),2546
gev_20160525_0159,2016-05-25 01:59:00,2016-05-25 02:03:00,2016-05-25 02:06:00,B3.8,POINT(65.0 -8.0),2546
gev_20160525_2104,2016-05-25 21:04:00,2016-05-25 21:17:00,2016-05-25 21:29:00,B9.3,POINT(23.0 16.0),2548
gev_20160526_0335,2016-05-26 03:35:00,2016-05-26 03:39:00,2016-05-26 03:44:00,B2.0,POINT(27.0 16.0),2548
gev_20160526_1331,2016-05-26 13:31:00,2016-05-26 13:34:00,2016-05-26 13:36:00,C1.1,POINT(30.0 13.0),2548
gev_20160526_1345,2016-05-26 13:45:00,2016-05-26 13:51:00,2016-05-26 13:57:00,C1.0,POINT(89.0 -9.0),2546
gev_20160526_1628,2016-05-26 16:28:00,2016-05-26 16:33:00,2016-05-26 16:37:00,B4.0,POINT(32.0 13.0),2548
gev_20160527_1629,2016-05-27 16:29:00,2016-05-27 16:45:00,2016-05-27 16:54:00,B3.9,POINT(-89.0 15.0),0
gev_20160527_1705,2016-05-27 17:05:00,2016-05-27 17:20:00,2016-05-27 17:40:00,B4.6,POINT(50.0 18.0),2548
gev_20160528_1149,2016-05-28 11:49:00,2016-05-28 11:55:00,2016-05-28 12:17:00,B3.5,POINT(-27.0 -16.0),2549
gev_20160528_2119,2016-05-28 21:19:00,2016-05-28 21:23:00,2016-05-28 21:25:00,B2.8,POINT(89.0 11.0),2548
gev_20160529_0233,2016-05-29 02:33:00,2016-05-29 03:21:00,2016-05-29 04:30:00,B3.4,POINT(-89.0 13.0),0
gev_20160529_0650,2016-05-29 06:50:00,2016-05-29 06:56:00,2016-05-29 07:02:00,B7.2,POINT(70.0 17.0),2548
gev_20160529_0856,2016-05-29 08:56:00,2016-05-29 09:04:00,2016-05-29 09:11:00,B6.5,POINT(69.0 15.0),2548
gev_20160529_1447,2016-05-29 14:47:00,2016-05-29 14:50:00,2016-05-29 14:57:00,B1.7,POINT(71.0 15.0),2548
gev_20160530_0410,2016-05-30 04:10:00,2016-05-30 04:14:00,2016-05-30 04:22:00,B2.1,POINT(18.0 13.0),2550
gev_20160530_0733,2016-05-30 07:33:00,2016-05-30 07:37:00,2016-05-30 07:42:00,C1.4,POINT(20.0 13.0),2550
gev_20160530_1206,2016-05-30 12:06:00,2016-05-30 12:12:00,2016-05-30 12:17:00,B3.0,POINT(23.0 14.0),2550
gev_20160530_1318,2016-05-30 13:18:00,2016-05-30 13:24:00,2016-05-30 13:28:00,C1.0,POINT(23.0 14.0),2550
gev_20160530_1502,2016-05-30 15:02:00,2016-05-30 15:07:00,2016-05-30 15:11:00,B4.1,POINT(24.0 14.0),2550
gev_20160530_1703,2016-05-30 17:03:00,2016-05-30 17:10:00,2016-05-30 17:12:00,B4.1,POINT(26.0 13.0),2550
gev_20160531_1934,2016-05-31 19:34:00,2016-05-31 19:41:00,2016-05-31 19:47:00,B2.9,POINT(57.0 4.0),2551
gev_20160531_2234,2016-05-31 22:34:00,2016-05-31 22:37:00,2016-05-31 22:43:00,B1.8,POINT(58.0 4.0),2551
gev_20160601_1433,2016-06-01 14:33:00,2016-06-01 14:37:00,2016-06-01 14:41:00,B1.8,POINT(67.0 5.0),2551
gev_20160601_1615,2016-06-01 16:15:00,2016-06-01 16:19:00,2016-06-01 16:23:00,B2.3,POINT(69.0 5.0),2551
gev_20160601_2220,2016-06-01 22:20:00,2016-06-01 22:35:00,2016-06-01 22:57:00,B7.9,POINT(-73.0 13.0),0
gev_20160607_0549,2016-06-07 05:49:00,2016-06-07 06:06:00,2016-06-07 06:15:00,B1.9,POINT(-32.0 -23.0),0
gev_20160608_0404,2016-06-08 04:04:00,2016-06-08 04:16:00,2016-06-08 04:28:00,B2.3,POINT(20.0 12.0),2552
gev_20160609_0456,2016-06-09 04:56:00,2016-06-09 05:01:00,2016-06-09 05:05:00,B2.8,POINT(37.0 15.0),2552
gev_20160609_0624,2016-06-09 06:24:00,2016-06-09 06:27:00,2016-06-09 06:30:00,B3.5,POINT(38.0 15.0),2552
gev_20160609_0636,2016-06-09 06:36:00,2016-06-09 06:39:00,2016-06-09 06:43:00,B2.6,POINT(38.0 15.0),2552
gev_20160609_0733,2016-06-09 07:33:00,2016-06-09 07:37:00,2016-06-09 07:44:00,B2.1,POINT(-89.0 4.0),2553
gev_20160609_1017,2016-06-09 10:17:00,2016-06-09 10:25:00,2016-06-09 10:29:00,B2.7,POINT(40.0 15.0),2552
gev_20160609_1043,2016-06-09 10:43:00,2016-06-09 10:47:00,2016-06-09 10:51:00,B2.4,POINT(40.0 15.0),2552
gev_20160609_1044,2016-06-09 10:44:00,2016-06-09 10:47:00,2016-06-09 10:52:00,B2.6,POINT(41.0 15.0),2552
gev_20160609_1209,2016-06-09 12:09:00,2016-06-09 12:18:00,2016-06-09 12:23:00,B9.9,POINT(42.0 15.0),2552
gev_20160609_1211,2016-06-09 12:11:00,2016-06-09 12:17:00,2016-06-09 12:23:00,B9.6,POINT(42.0 15.0),2552
gev_20160609_1228,2016-06-09 12:28:00,2016-06-09 12:34:00,2016-06-09 12:37:00,C1.4,POINT(42.0 15.0),2552
gev_20160609_1256,2016-06-09 12:56:00,2016-06-09 13:06:00,2016-06-09 13:11:00,B5.6,POINT(42.0 15.0),2552
gev_20160609_1323,2016-06-09 13:23:00,2016-06-09 13:26:00,2016-06-09 13:32:00,B3.0,POINT(42.0 15.0),2552
gev_20160609_1503,2016-06-09 15:03:00,2016-06-09 15:14:00,2016-06-09 15:17:00,C1.1,POINT(43.0 15.0),2552
gev_20160610_0047,2016-06-10 00:47:00,2016-06-10 00:52:00,2016-06-10 00:55:00,B3.2,POINT(-89.0 3.0),2553
gev_20160610_0551,2016-06-10 05:51:00,2016-06-10 05:54:00,2016-06-10 05:56:00,B2.1,POINT(51.0 15.0),2552
gev_20160610_0947,2016-06-10 09:47:00,2016-06-10 09:52:00,2016-06-10 09:56:00,B2.2,POINT(-81.0 -3.0),2553
gev_20160610_2048,2016-06-10 20:48:00,2016-06-10 21:04:00,2016-06-10 21:16:00,B4.9,POINT(60.0 16.0),2552
gev_20160610_2202,2016-06-10 22:02:00,2016-06-10 22:04:00,2016-06-10 22:07:00,B2.5,POINT(62.0 14.0),2552
gev_20160611_0017,2016-06-11 00:17:00,2016-06-11 00:20:00,2016-06-11 00:23:00,B2.8,POINT(63.0 14.0),2552
gev_20160611_0632,2016-06-11 06:32:00,2016-06-11 06:36:00,2016-06-11 06:39:00,B2.6,POINT(65.0 14.0),2552
gev_20160611_0818,2016-06-11 08:18:00,2016-06-11 08:23:00,2016-06-11 08:26:00,B4.6,POINT(67.0 14.0),2552
gev_20160611_0920,2016-06-11 09:20:00,2016-06-11 10:41:00,2016-06-11 11:30:00,B5.3,POINT(68.0 14.0),2552
gev_20160611_1324,2016-06-11 13:24:00,2016-06-11 13:28:00,2016-06-11 13:32:00,B4.2,POINT(70.0 14.0),2552
gev_20160611_1355,2016-06-11 13:55:00,2016-06-11 13:59:00,2016-06-11 14:04:00,B3.5,POINT(70.0 14.0),2552
gev_20160611_1513,2016-06-11 15:13:00,2016-06-11 15:18:00,2016-06-11 15:24:00,B5.9,POINT(71.0 14.0),2552
gev_20160611_2037,2016-06-11 20:37:00,2016-06-11 20:41:00,2016-06-11 20:44:00,B4.5,POINT(74.0 14.0),2552
gev_20160611_2050,2016-06-11 20:50:00,2016-06-11 20:57:00,2016-06-11 21:02:00,B9.7,POINT(74.0 14.0),2552
gev_20160611_2159,2016-06-11 21:59:00,2016-06-11 22:28:00,2016-06-11 22:43:00,C6.5,POINT(79.0 14.0),2552
gev_20160612_0151,2016-06-12 01:51:00,2016-06-12 01:55:00,2016-06-12 02:02:00,B4.0,POINT(78.0 14.0),2552
gev_20160612_0809,2016-06-12 08:09:00,2016-06-12 08:12:00,2016-06-12 08:15:00,B2.8,POINT(87.0 15.0),2552
gev_20160612_0904,2016-06-12 09:04:00,2016-06-12 09:10:00,2016-06-12 09:18:00,B5.8,POINT(37.0 7.0),2554
gev_20160612_2030,2016-06-12 20:30:00,2016-06-12 20:40:00,2016-06-12 20:52:00,C1.8,POINT(89.0 14.0),2552
gev_20160613_0145,2016-06-13 01:45:00,2016-06-13 01:53:00,2016-06-13 01:58:00,B4.9,POINT(89.0 14.0),2552
gev_20160613_0249,2016-06-13 02:49:00,2016-06-13 02:53:00,2016-06-13 02:57:00,B5.0,POINT(46.0 9.0),2554
gev_20160613_0404,2016-06-13 04:04:00,2016-06-13 04:15:00,2016-06-13 04:23:00,B9.3,POINT(89.0 14.0),2552
gev_20160613_0435,2016-06-13 04:35:00,2016-06-13 04:49:00,2016-06-13 05:02:00,B9.2,POINT(89.0 15.0),2552
gev_20160613_0533,2016-06-13 05:33:00,2016-06-13 05:52:00,2016-06-13 06:18:00,C3.0,POINT(89.0 14.0),2552
gev_20160613_1843,2016-06-13 18:43:00,2016-06-13 18:55:00,2016-06-13 19:07:00,B4.9,POINT(89.0 14.0),2552
gev_20160615_1053,2016-06-15 10:53:00,2016-06-15 10:55:00,2016-06-15 10:58:00,B1.7,POINT(-18.0 5.0),0
gev_20160615_1300,2016-06-15 13:00:00,2016-06-15 13:10:00,2016-06-15 13:30:00,B4.2,POINT(81.0 9.0),2554
gev_20160615_2043,2016-06-15 20:43:00,2016-06-15 20:47:00,2016-06-15 20:49:00,B2.2,POINT(-13.0 5.0),0
gev_20160616_0020,2016-06-16 00:20:00,2016-06-16 00:25:00,2016-06-16 00:34:00,B3.2,POINT(-3.0 -4.0),2553
gev_20160616_0944,2016-06-16 09:44:00,2016-06-16 09:48:00,2016-06-16 09:52:00,B2.1,POINT(-7.0 5.0),0
gev_20160616_1040,2016-06-16 10:40:00,2016-06-16 10:44:00,2016-06-16 10:46:00,B3.8,POINT(46.0 -9.0),2555
gev_20160616_1158,2016-06-16 11:58:00,2016-06-16 12:00:00,2016-06-16 12:03:00,B2.6,POINT(47.0 -8.0),2555
gev_20160616_1212,2016-06-16 12:12:00,2016-06-16 12:18:00,2016-06-16 12:21:00,B3.5,POINT(47.0 -9.0),2555
gev_20160616_1317,2016-06-16 13:17:00,2016-06-16 13:24:00,2016-06-16 13:27:00,B8.8,POINT(49.0 -8.0),2555
gev_20160616_1517,2016-06-16 15:17:00,2016-06-16 15:23:00,2016-06-16 15:32:00,B3.8,POINT(50.0 -8.0),2555
gev_20160616_1609,2016-06-16 16:09:00,2016-06-16 16:13:00,2016-06-16 16:17:00,B2.9,POINT(-3.0 6.0),2558
gev_20160616_1746,2016-06-16 17:46:00,2016-06-16 17:53:00,2016-06-16 18:06:00,B4.0,POINT(-63.0 4.0),2556
gev_20160617_0404,2016-06-17 04:04:00,2016-06-17 04:21:00,2016-06-17 04:28:00,B2.3,POINT(0.0 8.0),2558
gev_20160617_0456,2016-06-17 04:56:00,2016-06-17 05:19:00,2016-06-17 05:40:00,B2.7,POINT(58.0 -9.0),2555
gev_20160617_0825,2016-06-17 08:25:00,2016-06-17 08:31:00,2016-06-17 08:38:00,B3.4,POINT(60.0 -9.0),2555
gev_20160617_0916,2016-06-17 09:16:00,2016-06-17 09:26:00,2016-06-17 09:34:00,B4.0,POINT(61.0 -9.0),2555
gev_20160617_1224,2016-06-17 12:24:00,2016-06-17 12:29:00,2016-06-17 12:34:00,B3.3,POINT(63.0 -7.0),2555
gev_20160617_1310,2016-06-17 13:10:00,2016-06-17 13:14:00,2016-06-17 13:16:00,B1.7,POINT(64.0 -7.0),2555
gev_20160617_1400,2016-06-17 14:00:00,2016-06-17 14:03:00,2016-06-17 14:05:00,B1.9,POINT(64.0 -7.0),2555
gev_20160617_2034,2016-06-17 20:34:00,2016-06-17 20:40:00,2016-06-17 20:49:00,B2.7,POINT(69.0 -8.0),2555
gev_20160618_1144,2016-06-18 11:44:00,2016-06-18 11:48:00,2016-06-18 11:51:00,B3.8,POINT(77.0 -8.0),2555
gev_20160618_1430,2016-06-18 14:30:00,2016-06-18 14:35:00,2016-06-18 14:39:00,B3.1,POINT(80.0 -8.0),2555
gev_20160618_1604,2016-06-18 16:04:00,2016-06-18 16:11:00,2016-06-18 16:15:00,B2.7,POINT(82.0 -8.0),2555
gev_20160618_2031,2016-06-18 20:31:00,2016-06-18 20:45:00,2016-06-18 20:50:00,B3.2,POINT(24.0 7.0),2558
gev_20160619_0731,2016-06-19 07:31:00,2016-06-19 07:57:00,2016-06-19 08:23:00,B2.3,POINT(28.0 11.0),2558
gev_20160619_1144,2016-06-19 11:44:00,2016-06-19 11:58:00,2016-06-19 12:09:00,C1.7,POINT(30.0 11.0),2558
gev_20160619_2308,2016-06-19 23:08:00,2016-06-19 23:47:00,2016-06-20 01:13:00,B5.0,POINT(89.0 -6.0),2555
gev_20160620_0249,2016-06-20 02:49:00,2016-06-20 03:00:00,2016-06-20 03:09:00,B9.6,POINT(39.0 11.0),2558
gev_20160621_0358,2016-06-21 03:58:00,2016-06-21 05:42:00,2016-06-21 07:50:00,B3.9,POINT(66.0 -4.0),2553
gev_20160621_0438,2016-06-21 04:38:00,2016-06-21 05:34:00,2016-06-21 07:09:00,B3.8,POINT(65.0 -4.0),2553
gev_20160624_0017,2016-06-24 00:17:00,2016-06-24 00:34:00,2016-06-24 00:44:00,B3.7,POINT(58.0 9.0),0
gev_20160624_2242,2016-06-24 22:42:00,2016-06-24 22:56:00,2016-06-24 23:21:00,B3.9,POINT(-81.0 14.0),0
gev_20160625_0207,2016-06-25 02:07:00,2016-06-25 03:15:00,2016-06-25 04:26:00,B4.4,POINT(-89.0 20.0),0
gev_20160625_1101,2016-06-25 11:01:00,2016-06-25 11:11:00,2016-06-25 11:25:00,B4.9,POINT(-70.0 14.0),0
gev_20160625_1527,2016-06-25 15:27:00,2016-06-25 15:44:00,2016-06-25 15:53:00,B4.4,POINT(-89.0 16.0),0
gev_20160626_0406,2016-06-26 04:06:00,2016-06-26 04:11:00,2016-06-26 04:17:00,B2.1,POINT(-56.0 12.0),0
gev_20160626_1046,2016-06-26 10:46:00,2016-06-26 10:50:00,2016-06-26 10:55:00,B1.3,POINT(-55.0 14.0),0
gev_20160626_1557,2016-06-26 15:57:00,2016-06-26 16:04:00,2016-06-26 16:23:00,B3.8,POINT(-51.0 13.0),0
gev_20160627_0405,2016-06-27 04:05:00,2016-06-27 04:20:00,2016-06-27 04:28:00,B3.2,POINT(-44.0 12.0),0
gev_20160627_0942,2016-06-27 09:42:00,2016-06-27 09:58:00,2016-06-27 10:24:00,B5.8,POINT(-42.0 14.0),0
gev_20160629_0239,2016-06-29 02:39:00,2016-06-29 02:56:00,2016-06-29 03:13:00,B2.2,POINT(-17.0 12.0),0
gev_20160702_0400,2016-07-02 04:00:00,2016-07-02 04:05:00,2016-07-02 04:10:00,B1.6,POINT(-32.0 -17.0),2561
gev_20160703_0755,2016-07-03 07:55:00,2016-07-03 08:06:00,2016-07-03 08:40:00,B1.5,POINT(-89.0 -5.0),2562
gev_20160703_0952,2016-07-03 09:52:00,2016-07-03 09:58:00,2016-07-03 10:03:00,B1.6,POINT(3.0 15.0),0
gev_20160704_0157,2016-07-04 01:57:00,2016-07-04 02:01:00,2016-07-04 02:04:00,B1.7,POINT(12.0 16.0),0
gev_20160704_0831,2016-07-04 08:31:00,2016-07-04 08:45:00,2016-07-04 09:20:00,B1.6,POINT(16.0 15.0),0
gev_20160705_1910,2016-07-05 19:10:00,2016-07-05 21:47:00,2016-07-06 02:30:00,B3.7,POINT(37.0 19.0),0
gev_20160707_0303,2016-07-07 03:03:00,2016-07-07 03:08:00,2016-07-07 03:14:00,B3.9,POINT(32.0 -16.0),2561
gev_20160707_0411,2016-07-07 04:11:00,2016-07-07 04:16:00,2016-07-07 04:20:00,B4.4,POINT(32.0 -16.0),2561
gev_20160707_0431,2016-07-07 04:31:00,2016-07-07 04:39:00,2016-07-07 04:50:00,B4.9,POINT(33.0 -16.0),2561
gev_20160707_0749,2016-07-07 07:49:00,2016-07-07 07:56:00,2016-07-07 08:06:00,C5.1,POINT(35.0 -16.0),2561
gev_20160707_1203,2016-07-07 12:03:00,2016-07-07 12:33:00,2016-07-07 13:20:00,B3.9,POINT(-89.0 7.0),2563
gev_20160708_0048,2016-07-08 00:48:00,2016-07-08 00:56:00,2016-07-08 01:05:00,C2.7,POINT(-89.0 9.0),2564
gev_20160708_0234,2016-07-08 02:34:00,2016-07-08 03:16:00,2016-07-08 03:24:00,B9.1,POINT(-89.0 11.0),2564
gev_20160708_0516,2016-07-08 05:16:00,2016-07-08 05:20:00,2016-07-08 05:31:00,B4.3,POINT(-89.0 9.0),2564
gev_20160708_0609,2016-07-08 06:09:00,2016-07-08 06:24:00,2016-07-08 06:31:00,B6.3,POINT(-89.0 10.0),2564
gev_20160708_1731,2016-07-08 17:31:00,2016-07-08 17:36:00,2016-07-08 17:40:00,B4.7,POINT(55.0 -16.0),2561
gev_20160708_1945,2016-07-08 19:45:00,2016-07-08 19:50:00,2016-07-08 19:56:00,B5.5,POINT(-89.0 7.0),2564
gev_20160708_2305,2016-07-08 23:05:00,2016-07-08 23:11:00,2016-07-08 23:13:00,B7.6,POINT(-88.0 9.0),2564
gev_20160709_0901,2016-07-09 09:01:00,2016-07-09 09:04:00,2016-07-09 09:07:00,B9.8,POINT(-75.0 7.0),2564
gev_20160709_1549,2016-07-09 15:49:00,2016-07-09 16:07:00,2016-07-09 16:11:00,C2.6,POINT(-73.0 12.0),2564
gev_20160709_2124,2016-07-09 21:24:00,2016-07-09 21:29:00,2016-07-09 21:32:00,B6.6,POINT(-69.0 12.0),2564
gev_20160710_0053,2016-07-10 00:53:00,2016-07-10 00:59:00,2016-07-10 01:03:00,C8.6,POINT(-67.0 12.0),2564
gev_20160710_0840,2016-07-10 08:40:00,2016-07-10 08:43:00,2016-07-10 08:45:00,B3.4,POINT(-64.0 8.0),2564
gev_20160710_0947,2016-07-10 09:47:00,2016-07-10 09:53:00,2016-07-10 09:59:00,B4.1,POINT(-44.0 -8.0),2562
gev_20160711_2127,2016-07-11 21:27:00,2016-07-11 21:33:00,2016-07-11 21:37:00,B9.4,POINT(-44.0 11.0),2564
gev_20160712_1059,2016-07-12 10:59:00,2016-07-12 11:03:00,2016-07-12 11:08:00,B3.9,POINT(-71.0 5.0),2567
gev_20160713_1440,2016-07-13 14:40:00,2016-07-13 14:44:00,2016-07-13 14:49:00,B4.3,POINT(-1.0 -9.0),2562
gev_20160713_1948,2016-07-13 19:48:00,2016-07-13 21:02:00,2016-07-13 21:33:00,B8.7,POINT(-58.0 2.0),2567
gev_20160714_2135,2016-07-14 21:35:00,2016-07-14 21:38:00,2016-07-14 21:40:00,B3.1,POINT(-44.0 5.0),2567
gev_20160715_0223,2016-07-15 02:23:00,2016-07-15 02:28:00,2016-07-15 02:32:00,B3.9,POINT(-43.0 4.0),2567
gev_20160715_0351,2016-07-15 03:51:00,2016-07-15 03:54:00,2016-07-15 03:56:00,B5.9,POINT(-42.0 4.0),2567
gev_20160715_0506,2016-07-15 05:06:00,2016-07-15 05:12:00,2016-07-15 05:14:00,B7.4,POINT(-41.0 4.0),2567
gev_20160715_1423,2016-07-15 14:23:00,2016-07-15 14:26:00,2016-07-15 14:29:00,B5.3,POINT(-35.0 5.0),2567
gev_20160715_1507,2016-07-15 15:07:00,2016-07-15 15:11:00,2016-07-15 15:14:00,C2.0,POINT(-35.0 4.0),2567
gev_20160715_1642,2016-07-15 16:42:00,2016-07-15 16:44:00,2016-07-15 16:48:00,B7.9,POINT(-34.0 4.0),2567
gev_20160715_1712,2016-07-15 17:12:00,2016-07-15 17:14:00,2016-07-15 17:17:00,B7.7,POINT(-33.0 5.0),2567
gev_20160715_1830,2016-07-15 18:30:00,2016-07-15 18:31:00,2016-07-15 18:37:00,B7.1,POINT(-28.0 5.0),2567
gev_20160716_0028,2016-07-16 00:28:00,2016-07-16 00:34:00,2016-07-16 00:38:00,C2.1,POINT(-29.0 5.0),2567
gev_20160716_0113,2016-07-16 01:13:00,2016-07-16 01:19:00,2016-07-16 01:23:00,C1.0,POINT(-28.0 5.0),2567
gev_20160716_0207,2016-07-16 02:07:00,2016-07-16 02:16:00,2016-07-16 02:20:00,C1.6,POINT(-28.0 4.0),2567
gev_20160716_0246,2016-07-16 02:46:00,2016-07-16 02:50:00,2016-07-16 02:52:00,C1.7,POINT(-28.0 4.0),2567
gev_20160716_0300,2016-07-16 03:00:00,2016-07-16 03:05:00,2016-07-16 03:08:00,C1.5,POINT(-28.0 4.0),2567
gev_20160716_0339,2016-07-16 03:39:00,2016-07-16 03:43:00,2016-07-16 03:50:00,B8.8,POINT(-27.0 4.0),2567
gev_20160716_0525,2016-07-16 05:25:00,2016-07-16 05:29:00,2016-07-16 05:36:00,B9.0,POINT(-27.0 4.0),2567
gev_20160716_0540,2016-07-16 05:40:00,2016-07-16 05:44:00,2016-07-16 05:48:00,C2.0,POINT(-26.0 5.0),2567
gev_20160716_0557,2016-07-16 05:57:00,2016-07-16 06:00:00,2016-07-16 06:03:00,C1.1,POINT(-25.0 5.0),2567
gev_20160716_0657,2016-07-16 06:57:00,2016-07-16 07:04:00,2016-07-16 07:07:00,C6.8,POINT(-25.0 4.0),2567
gev_20160716_0746,2016-07-16 07:46:00,2016-07-16 07:49:00,2016-07-16 07:56:00,B7.7,POINT(-25.0 5.0),2567
gev_20160716_0817,2016-07-16 08:17:00,2016-07-16 08:23:00,2016-07-16 08:27:00,C1.5,POINT(-25.0 5.0),2567
gev_20160716_0919,2016-07-16 09:19:00,2016-07-16 09:45:00,2016-07-16 09:49:00,C1.0,POINT(-24.0 5.0),2567
gev_20160716_1026,2016-07-16 10:26:00,2016-07-16 10:33:00,2016-07-16 10:38:00,C1.1,POINT(-23.0 5.0),2567
gev_20160716_1254,2016-07-16 12:54:00,2016-07-16 12:59:00,2016-07-16 13:05:00,B9.3,POINT(-22.0 5.0),2567
gev_20160716_1352,2016-07-16 13:52:00,2016-07-16 13:58:00,2016-07-16 14:02:00,B6.9,POINT(-22.0 5.0),2567
gev_20160716_2054,2016-07-16 20:54:00,2016-07-16 21:17:00,2016-07-16 22:15:00,B8.4,POINT(-11.0 6.0),2565
gev_20160717_0136,2016-07-17 01:36:00,2016-07-17 01:40:00,2016-07-17 01:43:00,C1.3,POINT(-16.0 5.0),2567
gev_20160717_0536,2016-07-17 05:36:00,2016-07-17 08:03:00,2016-07-17 11:26:00,C1.4,POINT(-3.0 1.0),2565
gev_20160717_0539,2016-07-17 05:39:00,2016-07-17 06:42:00,2016-07-17 07:15:00,C1.0,POINT(-7.0 4.0),2567
gev_20160717_0758,2016-07-17 07:58:00,2016-07-17 08:03:00,2016-07-17 08:13:00,C1.4,POINT(-3.0 4.0),2565
gev_20160717_1634,2016-07-17 16:34:00,2016-07-17 17:10:00,2016-07-17 17:28:00,C1.0,POINT(-1.0 3.0),2567
gev_20160717_1859,2016-07-17 18:59:00,2016-07-17 19:15:00,2016-07-17 19:26:00,B8.4,POINT(1.0 4.0),2565
gev_20160717_2131,2016-07-17 21:31:00,2016-07-17 23:35:00,2016-07-18 00:01:00,C6.6,POINT(-0.0 2.0),2567
gev_20160718_0809,2016-07-18 08:09:00,2016-07-18 08:23:00,2016-07-18 08:32:00,C4.4,POINT(7.0 5.0),2567
gev_20160718_1834,2016-07-18 18:34:00,2016-07-18 18:39:00,2016-07-18 18:45:00,B5.6,POINT(14.0 7.0),2565
gev_20160719_0013,2016-07-19 00:13:00,2016-07-19 00:22:00,2016-07-19 00:34:00,C1.0,POINT(17.0 6.0),2565
gev_20160719_0225,2016-07-19 02:25:00,2016-07-19 02:45:00,2016-07-19 03:03:00,B4.7,POINT(19.0 5.0),2565
gev_20160719_0312,2016-07-19 03:12:00,2016-07-19 04:03:00,2016-07-19 04:35:00,B6.3,POINT(12.0 7.0),2567
gev_20160719_1000,2016-07-19 10:00:00,2016-07-19 11:53:00,2016-07-19 12:34:00,C2.2,POINT(22.0 2.0),2565
gev_20160719_1004,2016-07-19 10:04:00,2016-07-19 11:52:00,2016-07-19 12:58:00,C2.3,POINT(22.0 2.0),2565
gev_20160719_1358,2016-07-19 13:58:00,2016-07-19 14:13:00,2016-07-19 14:25:00,C1.4,POINT(23.0 5.0),2565
gev_20160720_0120,2016-07-20 01:20:00,2016-07-20 01:27:00,2016-07-20 01:42:00,C1.3,POINT(31.0 6.0),2565
gev_20160720_0240,2016-07-20 02:40:00,2016-07-20 02:49:00,2016-07-20 02:59:00,C1.6,POINT(29.0 2.0),2567
gev_20160720_0308,2016-07-20 03:08:00,2016-07-20 03:17:00,2016-07-20 03:26:00,C4.2,POINT(30.0 2.0),2567
gev_20160720_0332,2016-07-20 03:32:00,2016-07-20 03:34:00,2016-07-20 03:38:00,C2.5,POINT(33.0 3.0),2565
gev_20160720_0813,2016-07-20 08:13:00,2016-07-20 08:20:00,2016-07-20 08:34:00,B6.6,POINT(32.0 1.0),2567
gev_20160720_1432,2016-07-20 14:32:00,2016-07-20 14:42:00,2016-07-20 14:51:00,B6.6,POINT(35.0 7.0),2567
gev_20160720_1933,2016-07-20 19:33:00,2016-07-20 19:37:00,2016-07-20 19:47:00,B7.5,POINT(40.0 3.0),2565
gev_20160720_2158,2016-07-20 21:58:00,2016-07-20 22:17:00,2016-07-20 23:18:00,C4.7,POINT(42.0 4.0),2565
gev_20160720_2203,2016-07-20 22:03:00,2016-07-20 22:17:00,2016-07-20 22:54:00,C4.6,POINT(42.0 4.0),2565
gev_20160720_2330,2016-07-20 23:30:00,2016-07-20 23:35:00,2016-07-20 23:39:00,C3.6,POINT(41.0 3.0),2567
gev_20160720_2345,2016-07-20 23:45:00,2016-07-20 23:51:00,2016-07-20 23:54:00,C3.4,POINT(42.0 4.0),2565
gev_20160721_0019,2016-07-21 00:19:00,2016-07-21 00:26:00,2016-07-21 00:37:00,C3.7,POINT(42.0 3.0),2567
gev_20160721_0042,2016-07-21 00:42:00,2016-07-21 00:46:00,2016-07-21 00:50:00,M1.2,POINT(42.0 3.0),2567
gev_20160721_0134,2016-07-21 01:34:00,2016-07-21 01:48:00,2016-07-21 02:04:00,M1.0,POINT(42.0 2.0),2567
gev_20160721_0409,2016-07-21 04:09:00,2016-07-21 04:13:00,2016-07-21 04:16:00,C1.6,POINT(44.0 3.0),2567
gev_20160721_0901,2016-07-21 09:01:00,2016-07-21 09:08:00,2016-07-21 09:09:00,B6.6,POINT(47.0 5.0),2567
gev_20160721_0940,2016-07-21 09:40:00,2016-07-21 09:44:00,2016-07-21 09:48:00,C1.0,POINT(47.0 2.0),2567
gev_20160721_1106,2016-07-21 11:06:00,2016-07-21 11:19:00,2016-07-21 11:22:00,C7.2,POINT(48.0 2.0),2567
gev_20160721_1247,2016-07-21 12:47:00,2016-07-21 12:55:00,2016-07-21 13:03:00,C9.1,POINT(49.0 3.0),2567
gev_20160721_1330,2016-07-21 13:30:00,2016-07-21 13:34:00,2016-07-21 13:37:00,C2.2,POINT(49.0 5.0),2567
gev_20160721_1405,2016-07-21 14:05:00,2016-07-21 14:08:00,2016-07-21 14:10:00,B6.4,POINT(49.0 6.0),2567
gev_20160721_1412,2016-07-21 14:12:00,2016-07-21 14:15:00,2016-07-21 14:19:00,B6.0,POINT(50.0 6.0),2567
gev_20160721_1538,2016-07-21 15:38:00,2016-07-21 15:42:00,2016-07-21 15:47:00,C1.2,POINT(51.0 5.0),2567
gev_20160721_1602,2016-07-21 16:02:00,2016-07-21 16:07:00,2016-07-21 16:13:00,B7.2,POINT(51.0 5.0),2567
gev_20160721_1700,2016-07-21 17:00:00,2016-07-21 17:04:00,2016-07-21 17:16:00,C1.2,POINT(52.0 5.0),2567
gev_20160721_1736,2016-07-21 17:36:00,2016-07-21 17:41:00,2016-07-21 17:44:00,B9.7,POINT(52.0 5.0),2567
gev_20160721_1827,2016-07-21 18:27:00,2016-07-21 18:31:00,2016-07-21 18:34:00,B7.3,POINT(52.0 4.0),2567
gev_20160721_1852,2016-07-21 18:52:00,2016-07-21 18:57:00,2016-07-21 18:59:00,B6.5,POINT(53.0 4.0),2567
gev_20160721_2015,2016-07-21 20:15:00,2016-07-21 20:20:00,2016-07-21 20:24:00,B8.6,POINT(54.0 4.0),2565
gev_20160721_2037,2016-07-21 20:37:00,2016-07-21 20:40:00,2016-07-21 20:44:00,B4.6,POINT(54.0 4.0),2567
gev_20160721_2135,2016-07-21 21:35:00,2016-07-21 21:38:00,2016-07-21 21:43:00,B5.9,POINT(54.0 4.0),2567
gev_20160721_2234,2016-07-21 22:34:00,2016-07-21 22:46:00,2016-07-21 22:58:00,C3.6,POINT(55.0 7.0),2567
gev_20160722_0634,2016-07-22 06:34:00,2016-07-22 06:51:00,2016-07-22 06:58:00,C6.6,POINT(60.0 4.0),2565
gev_20160722_0723,2016-07-22 07:23:00,2016-07-22 07:26:00,2016-07-22 07:31:00,C1.2,POINT(60.0 3.0),2567
gev_20160722_0830,2016-07-22 08:30:00,2016-07-22 08:34:00,2016-07-22 08:38:00,B6.8,POINT(62.0 4.0),2567
gev_20160722_1114,2016-07-22 11:14:00,2016-07-22 11:31:00,2016-07-22 11:45:00,B9.1,POINT(62.0 7.0),2567
gev_20160722_2009,2016-07-22 20:09:00,2016-07-22 20:20:00,2016-07-22 20:31:00,C2.4,POINT(69.0 6.0),2567
gev_20160722_2226,2016-07-22 22:26:00,2016-07-22 22:30:00,2016-07-22 22:34:00,B5.6,POINT(73.0 5.0),2565
gev_20160722_2309,2016-07-22 23:09:00,2016-07-22 23:15:00,2016-07-22 23:27:00,B7.6,POINT(71.0 3.0),2565
gev_20160723_0140,2016-07-23 01:40:00,2016-07-23 05:16:00,2016-07-23 05:45:00,M7.6,POINT(73.0 5.0),2565
gev_20160723_0146,2016-07-23 01:46:00,2016-07-23 02:11:00,2016-07-23 02:23:00,M5.0,POINT(73.0 5.0),2567
gev_20160723_0338,2016-07-23 03:38:00,2016-07-23 03:42:00,2016-07-23 03:45:00,C1.4,POINT(71.0 7.0),2567
gev_20160723_0500,2016-07-23 05:00:00,2016-07-23 05:16:00,2016-07-23 05:24:00,M7.6,POINT(73.0 5.0),2567
gev_20160723_0527,2016-07-23 05:27:00,2016-07-23 05:31:00,2016-07-23 05:33:00,M5.5,POINT(75.0 2.0),2565
gev_20160723_0904,2016-07-23 09:04:00,2016-07-23 09:11:00,2016-07-23 09:16:00,C1.0,POINT(77.0 3.0),2565
gev_20160723_1020,2016-07-23 10:20:00,2016-07-23 10:32:00,2016-07-23 10:35:00,C1.1,POINT(76.0 4.0),2567
gev_20160723_1248,2016-07-23 12:48:00,2016-07-23 12:57:00,2016-07-23 13:05:00,C1.8,POINT(78.0 7.0),2567
gev_20160723_1738,2016-07-23 17:38:00,2016-07-23 17:55:00,2016-07-23 18:04:00,C2.4,POINT(89.0 5.0),2565
gev_20160723_2153,2016-07-23 21:53:00,2016-07-23 22:00:00,2016-07-23 22:04:00,B6.2,POINT(81.0 3.0),2565
gev_20160723_2306,2016-07-23 23:06:00,2016-07-23 23:11:00,2016-07-23 23:14:00,B7.8,POINT(89.0 2.0),2565
gev_20160723_2330,2016-07-23 23:30:00,2016-07-23 23:36:00,2016-07-23 23:45:00,C1.3,POINT(89.0 5.0),2565
gev_20160723_2355,2016-07-23 23:55:00,2016-07-23 23:58:00,2016-07-24 00:01:00,B8.5,POINT(84.0 7.0),2567
gev_20160724_0050,2016-07-24 00:50:00,2016-07-24 00:55:00,2016-07-24 00:59:00,C1.2,POINT(89.0 5.0),2567
gev_20160724_0108,2016-07-24 01:08:00,2016-07-24 01:13:00,2016-07-24 01:17:00,C1.9,POINT(89.0 3.0),2565
gev_20160724_0348,2016-07-24 03:48:00,2016-07-24 03:52:00,2016-07-24 03:56:00,B6.6,POINT(88.0 7.0),2567
gev_20160724_0450,2016-07-24 04:50:00,2016-07-24 05:01:00,2016-07-24 05:22:00,C1.5,POINT(89.0 6.0),2567
gev_20160724_0609,2016-07-24 06:09:00,2016-07-24 06:20:00,2016-07-24 06:32:00,M2.0,POINT(89.0 6.0),2567
gev_20160724_0756,2016-07-24 07:56:00,2016-07-24 08:04:00,2016-07-24 08:10:00,C1.5,POINT(89.0 6.0),2567
gev_20160724_1028,2016-07-24 10:28:00,2016-07-24 10:32:00,2016-07-24 10:35:00,C1.0,POINT(89.0 6.0),2567
gev_20160724_1135,2016-07-24 11:35:00,2016-07-24 11:41:00,2016-07-24 11:48:00,B9.2,POINT(89.0 5.0),2567
gev_20160724_1156,2016-07-24 11:56:00,2016-07-24 12:00:00,2016-07-24 12:10:00,B9.6,POINT(89.0 7.0),2567
gev_20160724_1218,2016-07-24 12:18:00,2016-07-24 12:28:00,2016-07-24 12:36:00,C1.5,POINT(89.0 6.0),2567
gev_20160724_1256,2016-07-24 12:56:00,2016-07-24 13:02:00,2016-07-24 13:03:00,C2.5,POINT(89.0 6.0),2567
gev_20160724_1315,2016-07-24 13:15:00,2016-07-24 13:23:00,2016-07-24 13:23:00,C3.5,POINT(89.0 7.0),2567
gev_20160724_1334,2016-07-24 13:34:00,2016-07-24 14:04:00,2016-07-24 14:11:00,C6.9,POINT(89.0 6.0),2567
gev_20160724_1730,2016-07-24 17:30:00,2016-07-24 17:43:00,2016-07-24 18:12:00,M1.9,POINT(89.0 7.0),2567
gev_20160724_2254,2016-07-24 22:54:00,2016-07-24 22:58:00,2016-07-24 23:03:00,B4.8,POINT(89.0 6.0),2567
gev_20160725_0651,2016-07-25 06:51:00,2016-07-25 06:57:00,2016-07-25 07:01:00,B3.6,POINT(89.0 6.0),2567
gev_20160725_0859,2016-07-25 08:59:00,2016-07-25 09:09:00,2016-07-25 09:26:00,C1.8,POINT(89.0 9.0),2567
gev_20160725_1846,2016-07-25 18:46:00,2016-07-25 18:53:00,2016-07-25 19:01:00,B2.9,POINT(89.0 7.0),2567
gev_20160726_0208,2016-07-26 02:08:00,2016-07-26 02:14:00,2016-07-26 02:19:00,B2.2,POINT(88.0 -13.0),0
gev_20160726_0243,2016-07-26 02:43:00,2016-07-26 03:13:00,2016-07-26 03:28:00,B3.9,POINT(89.0 7.0),2567
gev_20160726_0434,2016-07-26 04:34:00,2016-07-26 04:37:00,2016-07-26 04:43:00,B2.4,POINT(88.0 -12.0),0
gev_20160726_0507,2016-07-26 05:07:00,2016-07-26 05:12:00,2016-07-26 05:21:00,B2.0,POINT(88.0 -12.0),0
gev_20160726_0619,2016-07-26 06:19:00,2016-07-26 06:26:00,2016-07-26 06:45:00,B3.0,POINT(88.0 -12.0),0
gev_20160726_0737,2016-07-26 07:37:00,2016-07-26 07:41:00,2016-07-26 07:43:00,B2.2,POINT(88.0 -12.0),0
gev_20160726_0846,2016-07-26 08:46:00,2016-07-26 08:56:00,2016-07-26 09:11:00,B2.5,POINT(88.0 -13.0),0
gev_20160726_1309,2016-07-26 13:09:00,2016-07-26 13:19:00,2016-07-26 13:35:00,B4.6,POINT(88.0 -13.0),0
gev_20160726_1523,2016-07-26 15:23:00,2016-07-26 15:35:00,2016-07-26 16:05:00,B9.3,POINT(88.0 -13.0),0
gev_20160726_1708,2016-07-26 17:08:00,2016-07-26 17:22:00,2016-07-26 17:45:00,B4.5,POINT(88.0 -12.0),0
gev_20160728_1344,2016-07-28 13:44:00,2016-07-28 13:48:00,2016-07-28 13:51:00,B1.1,POINT(-36.0 -17.0),0
gev_20160730_0920,2016-07-30 09:20:00,2016-07-30 09:34:00,2016-07-30 09:41:00,B5.3,POINT(-11.0 -18.0),0
gev_20160731_2125,2016-07-31 21:25:00,2016-07-31 21:40:00,2016-07-31 21:56:00,B2.9,POINT(3.0 -16.0),0
gev_20160804_2224,2016-08-04 22:24:00,2016-08-04 22:28:00,2016-08-04 22:30:00,B1.4,POINT(-89.0 4.0),0
gev_20160804_2249,2016-08-04 22:49:00,2016-08-04 22:54:00,2016-08-04 22:56:00,B2.0,POINT(-89.0 3.0),0
gev_20160805_0006,2016-08-05 00:06:00,2016-08-05 00:09:00,2016-08-05 00:11:00,B1.6,POINT(-89.0 6.0),0
gev_20160805_0039,2016-08-05 00:39:00,2016-08-05 00:44:00,2016-08-05 00:46:00,B8.8,POINT(-89.0 4.0),0
gev_20160805_0053,2016-08-05 00:53:00,2016-08-05 00:54:00,2016-08-05 00:58:00,B2.3,POINT(-89.0 7.0),0
gev_20160805_0219,2016-08-05 02:19:00,2016-08-05 02:24:00,2016-08-05 02:27:00,B5.2,POINT(-89.0 5.0),0
gev_20160805_0350,2016-08-05 03:50:00,2016-08-05 03:54:00,2016-08-05 03:57:00,B3.4,POINT(-89.0 7.0),0
gev_20160805_0429,2016-08-05 04:29:00,2016-08-05 04:34:00,2016-08-05 04:36:00,B2.8,POINT(-89.0 8.0),0
gev_20160805_0510,2016-08-05 05:10:00,2016-08-05 05:14:00,2016-08-05 05:21:00,B3.8,POINT(-89.0 4.0),0
gev_20160805_0816,2016-08-05 08:16:00,2016-08-05 08:19:00,2016-08-05 08:22:00,B1.1,POINT(-89.0 4.0),0
gev_20160805_0920,2016-08-05 09:20:00,2016-08-05 09:29:00,2016-08-05 09:34:00,B3.8,POINT(-89.0 6.0),0
gev_20160805_1008,2016-08-05 10:08:00,2016-08-05 10:12:00,2016-08-05 10:14:00,C1.4,POINT(-89.0 5.0),0
gev_20160805_1220,2016-08-05 12:20:00,2016-08-05 12:23:00,2016-08-05 12:25:00,B1.7,POINT(-89.0 0.0),0
gev_20160805_1806,2016-08-05 18:06:00,2016-08-05 18:10:00,2016-08-05 18:15:00,B2.0,POINT(43.0 17.0),2570
gev_20160805_2055,2016-08-05 20:55:00,2016-08-05 21:23:00,2016-08-05 21:55:00,B3.4,POINT(43.0 16.0),2570
gev_20160806_0030,2016-08-06 00:30:00,2016-08-06 00:43:00,2016-08-06 00:59:00,B3.0,POINT(-89.0 11.0),2574
gev_20160806_0148,2016-08-06 01:48:00,2016-08-06 02:13:00,2016-08-06 03:27:00,B2.9,POINT(48.0 14.0),2572
gev_20160806_0149,2016-08-06 01:49:00,2016-08-06 02:13:00,2016-08-06 03:17:00,B2.9,POINT(48.0 14.0),2572
gev_20160806_2358,2016-08-06 23:58:00,2016-08-07 00:28:00,2016-08-07 00:37:00,B8.8,POINT(5.0 13.0),2571
gev_20160807_0154,2016-08-07 01:54:00,2016-08-07 01:58:00,2016-08-07 02:00:00,B5.5,POINT(-89.0 5.0),0
gev_20160807_0528,2016-08-07 05:28:00,2016-08-07 05:35:00,2016-08-07 05:40:00,C1.3,POINT(8.0 9.0),2571
gev_20160807_1018,2016-08-07 10:18:00,2016-08-07 10:24:00,2016-08-07 10:29:00,C1.6,POINT(87.0 -17.0),0
gev_20160807_1137,2016-08-07 11:37:00,2016-08-07 11:42:00,2016-08-07 11:47:00,B4.7,POINT(75.0 -13.0),0
gev_20160807_1244,2016-08-07 12:44:00,2016-08-07 12:49:00,2016-08-07 12:54:00,B6.9,POINT(-89.0 2.0),2573
gev_20160807_1310,2016-08-07 13:10:00,2016-08-07 13:13:00,2016-08-07 13:16:00,B5.5,POINT(70.0 -12.0),0
gev_20160807_1328,2016-08-07 13:28:00,2016-08-07 13:38:00,2016-08-07 13:49:00,C2.4,POINT(69.0 11.0),2572
gev_20160807_1437,2016-08-07 14:37:00,2016-08-07 14:44:00,2016-08-07 14:48:00,M1.3,POINT(70.0 -12.0),0
gev_20160807_1503,2016-08-07 15:03:00,2016-08-07 15:09:00,2016-08-07 15:16:00,C8.5,POINT(-89.0 4.0),2574
gev_20160807_2000,2016-08-07 20:00:00,2016-08-07 20:11:00,2016-08-07 20:27:00,C1.0,POINT(81.0 8.0),2572
gev_20160807_2143,2016-08-07 21:43:00,2016-08-07 21:49:00,2016-08-07 21:56:00,C2.0,POINT(71.0 -16.0),0
gev_20160807_2226,2016-08-07 22:26:00,2016-08-07 22:32:00,2016-08-07 22:40:00,C5.6,POINT(18.0 13.0),2571
gev_20160808_0119,2016-08-08 01:19:00,2016-08-08 01:23:00,2016-08-08 01:29:00,B7.8,POINT(73.0 -19.0),0
gev_20160808_0235,2016-08-08 02:35:00,2016-08-08 03:01:00,2016-08-08 03:17:00,C3.3,POINT(76.0 11.0),2572
gev_20160808_0734,2016-08-08 07:34:00,2016-08-08 07:37:00,2016-08-08 07:43:00,C1.6,POINT(-89.0 8.0),0
gev_20160808_0836,2016-08-08 08:36:00,2016-08-08 08:44:00,2016-08-08 08:44:00,C2.8,POINT(66.0 12.0),2570
gev_20160808_0905,2016-08-08 09:05:00,2016-08-08 09:21:00,2016-08-08 09:27:00,C3.1,POINT(-83.0 48.0),0
gev_20160808_1036,2016-08-08 10:36:00,2016-08-08 10:44:00,2016-08-08 10:50:00,C5.6,POINT(-89.0 6.0),0
gev_20160808_1451,2016-08-08 14:51:00,2016-08-08 15:13:00,2016-08-08 16:18:00,B9.8,POINT(80.0 14.0),2570
gev_20160808_1453,2016-08-08 14:53:00,2016-08-08 15:13:00,2016-08-08 16:18:00,B9.8,POINT(81.0 14.0),2572
gev_20160808_2013,2016-08-08 20:13:00,2016-08-08 20:18:00,2016-08-08 20:46:00,C1.7,POINT(31.0 14.0),2571
gev_20160809_0034,2016-08-09 00:34:00,2016-08-09 00:42:00,2016-08-09 00:52:00,C8.9,POINT(-82.0 -8.0),2576
gev_20160809_0155,2016-08-09 01:55:00,2016-08-09 01:58:00,2016-08-09 02:09:00,B7.5,POINT(88.0 12.0),2570
gev_20160809_0739,2016-08-09 07:39:00,2016-08-09 07:42:00,2016-08-09 07:45:00,B3.5,POINT(-89.0 5.0),0
gev_20160809_0847,2016-08-09 08:47:00,2016-08-09 08:55:00,2016-08-09 09:00:00,C2.5,POINT(-89.0 3.0),0
gev_20160809_1439,2016-08-09 14:39:00,2016-08-09 14:54:00,2016-08-09 15:01:00,B4.3,POINT(-56.0 4.0),2574
gev_20160809_1627,2016-08-09 16:27:00,2016-08-09 16:31:00,2016-08-09 16:35:00,B3.5,POINT(-89.0 2.0),0
gev_20160809_2227,2016-08-09 22:27:00,2016-08-09 22:34:00,2016-08-09 22:37:00,B8.2,POINT(-54.0 2.0),2573
gev_20160809_2232,2016-08-09 22:32:00,2016-08-09 22:37:00,2016-08-09 22:43:00,B8.7,POINT(-53.0 3.0),2574
gev_20160810_0149,2016-08-10 01:49:00,2016-08-10 02:12:00,2016-08-10 02:22:00,B5.7,POINT(-52.0 3.0),2574
gev_20160810_0938,2016-08-10 09:38:00,2016-08-10 09:41:00,2016-08-10 09:43:00,B3.0,POINT(-44.0 7.0),2574
gev_20160810_1121,2016-08-10 11:21:00,2016-08-10 11:24:00,2016-08-10 11:27:00,B4.7,POINT(-43.0 7.0),2574
gev_20160810_1431,2016-08-10 14:31:00,2016-08-10 14:51:00,2016-08-10 15:18:00,B8.4,POINT(88.0 16.0),2572
gev_20160810_2211,2016-08-10 22:11:00,2016-08-10 22:14:00,2016-08-10 22:16:00,B2.4,POINT(58.0 11.0),2571
gev_20160811_0834,2016-08-11 08:34:00,2016-08-11 08:38:00,2016-08-11 08:42:00,B5.6,POINT(-32.0 8.0),2574
gev_20160811_1324,2016-08-11 13:24:00,2016-08-11 13:27:00,2016-08-11 13:29:00,B3.0,POINT(-29.0 8.0),2574
gev_20160811_1632,2016-08-11 16:32:00,2016-08-11 16:44:00,2016-08-11 17:03:00,C2.4,POINT(-31.0 2.0),2574
gev_20160811_1924,2016-08-11 19:24:00,2016-08-11 19:28:00,2016-08-11 19:34:00,B4.0,POINT(-29.0 7.0),2574
gev_20160812_0412,2016-08-12 04:12:00,2016-08-12 04:21:00,2016-08-12 04:26:00,B4.5,POINT(-21.0 8.0),2574
gev_20160812_0650,2016-08-12 06:50:00,2016-08-12 06:58:00,2016-08-12 07:02:00,B7.0,POINT(-23.0 6.0),2577
gev_20160812_1011,2016-08-12 10:11:00,2016-08-12 10:16:00,2016-08-12 10:22:00,B4.5,POINT(-18.0 9.0),2575
gev_20160812_1153,2016-08-12 11:53:00,2016-08-12 12:22:00,2016-08-12 12:41:00,B4.8,POINT(-28.0 3.0),2577
gev_20160812_1623,2016-08-12 16:23:00,2016-08-12 16:27:00,2016-08-12 16:38:00,B4.3,POINT(-14.0 9.0),2574
gev_20160813_0609,2016-08-13 06:09:00,2016-08-13 06:15:00,2016-08-13 06:27:00,B2.5,POINT(-19.0 3.0),2578
gev_20160813_1936,2016-08-13 19:36:00,2016-08-13 19:40:00,2016-08-13 19:44:00,B2.9,POINT(-1.0 8.0),2574
gev_20160814_0434,2016-08-14 04:34:00,2016-08-14 04:46:00,2016-08-14 04:54:00,B2.5,POINT(-28.0 3.0),0
gev_20160814_1806,2016-08-14 18:06:00,2016-08-14 18:11:00,2016-08-14 18:14:00,B2.7,POINT(-80.0 6.0),2578
gev_20160814_1929,2016-08-14 19:29:00,2016-08-14 19:36:00,2016-08-14 19:39:00,C1.1,POINT(-78.0 6.0),2578
gev_20160814_2000,2016-08-14 20:00:00,2016-08-14 20:03:00,2016-08-14 20:06:00,B1.9,POINT(-75.0 7.0),2578
gev_20160814_2311,2016-08-14 23:11:00,2016-08-14 23:17:00,2016-08-14 23:24:00,B3.7,POINT(-76.0 6.0),2578
gev_20160815_0017,2016-08-15 00:17:00,2016-08-15 00:23:00,2016-08-15 00:29:00,C1.1,POINT(-74.0 7.0),2578
gev_20160816_0808,2016-08-16 08:08:00,2016-08-16 08:18:00,2016-08-16 08:24:00,B8.1,POINT(-56.0 6.0),2578
gev_20160817_0230,2016-08-17 02:30:00,2016-08-17 02:34:00,2016-08-17 02:38:00,B2.2,POINT(-46.0 6.0),2578
gev_20160817_0956,2016-08-17 09:56:00,2016-08-17 10:01:00,2016-08-17 10:06:00,B3.5,POINT(31.0 -13.0),2576
gev_20160818_1411,2016-08-18 14:11:00,2016-08-18 14:14:00,2016-08-18 14:17:00,B1.3,POINT(63.0 13.0),2575
gev_20160820_0551,2016-08-20 05:51:00,2016-08-20 06:00:00,2016-08-20 06:07:00,B4.4,POINT(-4.0 9.0),2578
gev_20160822_0935,2016-08-22 09:35:00,2016-08-22 09:38:00,2016-08-22 09:46:00,B1.3,POINT(-82.0 -19.0),2580
gev_20160822_1424,2016-08-22 14:24:00,2016-08-22 14:36:00,2016-08-22 15:06:00,B1.9,POINT(-24.0 11.0),2579
gev_20160822_1536,2016-08-22 15:36:00,2016-08-22 15:52:00,2016-08-22 16:21:00,B2.0,POINT(-23.0 11.0),2579
gev_20160822_1904,2016-08-22 19:04:00,2016-08-22 19:23:00,2016-08-22 19:28:00,B2.2,POINT(-21.0 11.0),2579
gev_20160822_2148,2016-08-22 21:48:00,2016-08-22 21:52:00,2016-08-22 21:57:00,B2.8,POINT(-18.0 11.0),2579
gev_20160823_0219,2016-08-23 02:19:00,2016-08-23 02:23:00,2016-08-23 02:26:00,B2.2,POINT(-16.0 10.0),2579
gev_20160823_0335,2016-08-23 03:35:00,2016-08-23 03:39:00,2016-08-23 03:42:00,B3.0,POINT(-16.0 10.0),2579
gev_20160823_0414,2016-08-23 04:14:00,2016-08-23 04:35:00,2016-08-23 04:52:00,B2.2,POINT(-17.0 12.0),2579
gev_20160823_0600,2016-08-23 06:00:00,2016-08-23 06:03:00,2016-08-23 06:05:00,B2.8,POINT(-16.0 11.0),2579
gev_20160823_0847,2016-08-23 08:47:00,2016-08-23 08:51:00,2016-08-23 08:57:00,B2.8,POINT(-61.0 -17.0),2580
gev_20160824_0824,2016-08-24 08:24:00,2016-08-24 08:56:00,2016-08-24 09:15:00,B2.6,POINT(-50.0 -17.0),2580
gev_20160826_0128,2016-08-26 01:28:00,2016-08-26 01:37:00,2016-08-26 01:46:00,B5.8,POINT(24.0 11.0),2579
gev_20160826_0650,2016-08-26 06:50:00,2016-08-26 07:01:00,2016-08-26 07:27:00,B6.6,POINT(26.0 12.0),2579
gev_20160827_1424,2016-08-27 14:24:00,2016-08-27 14:29:00,2016-08-27 14:34:00,B2.5,POINT(30.0 7.0),2582
gev_20160828_1958,2016-08-28 19:58:00,2016-08-28 20:01:00,2016-08-28 20:05:00,B2.6,POINT(49.0 13.0),2583
gev_20160828_2012,2016-08-28 20:12:00,2016-08-28 20:17:00,2016-08-28 20:26:00,B3.0,POINT(49.0 14.0),2583
gev_20160828_2125,2016-08-28 21:25:00,2016-08-28 21:28:00,2016-08-28 21:30:00,C1.0,POINT(50.0 13.0),2583
gev_20160828_2314,2016-08-28 23:14:00,2016-08-28 23:17:00,2016-08-28 23:19:00,B3.6,POINT(51.0 13.0),2583
gev_20160829_0229,2016-08-29 02:29:00,2016-08-29 02:36:00,2016-08-29 02:39:00,B5.0,POINT(53.0 13.0),2583
gev_20160829_0334,2016-08-29 03:34:00,2016-08-29 03:46:00,2016-08-29 04:02:00,C2.2,POINT(51.0 13.0),2583
gev_20160829_0420,2016-08-29 04:20:00,2016-08-29 04:27:00,2016-08-29 04:36:00,C1.3,POINT(55.0 13.0),2583
gev_20160829_0726,2016-08-29 07:26:00,2016-08-29 07:31:00,2016-08-29 07:40:00,B5.2,POINT(-12.0 -82.0),0
gev_20160829_1035,2016-08-29 10:35:00,2016-08-29 10:39:00,2016-08-29 10:44:00,B5.1,POINT(54.0 14.0),2583
gev_20160829_1733,2016-08-29 17:33:00,2016-08-29 17:36:00,2016-08-29 17:38:00,C1.1,POINT(58.0 14.0),2583
gev_20160829_2305,2016-08-29 23:05:00,2016-08-29 23:09:00,2016-08-29 23:17:00,B5.7,POINT(-89.0 8.0),0
gev_20160829_2348,2016-08-29 23:48:00,2016-08-29 23:55:00,2016-08-30 00:00:00,B8.9,POINT(-89.0 9.0),0
gev_20160830_0240,2016-08-30 02:40:00,2016-08-30 02:45:00,2016-08-30 02:51:00,B5.6,POINT(-89.0 8.0),0
gev_20160830_0524,2016-08-30 05:24:00,2016-08-30 05:41:00,2016-08-30 05:51:00,B7.6,POINT(-89.0 8.0),0
gev_20160830_0958,2016-08-30 09:58:00,2016-08-30 10:06:00,2016-08-30 10:15:00,C1.0,POINT(-89.0 4.0),2585
gev_20160830_1815,2016-08-30 18:15:00,2016-08-30 18:46:00,2016-08-30 19:45:00,C2.7,POINT(-89.0 9.0),2585
gev_20160830_2241,2016-08-30 22:41:00,2016-08-30 22:45:00,2016-08-30 22:48:00,C1.5,POINT(62.0 10.0),2578
gev_20160831_0812,2016-08-31 08:12:00,2016-08-31 08:19:00,2016-08-31 08:26:00,C1.1,POINT(85.0 12.0),2583
gev_20160831_2010,2016-08-31 20:10:00,2016-08-31 20:19:00,2016-08-31 20:39:00,C2.2,POINT(-74.0 12.0),2587
gev_20160901_0227,2016-09-01 02:27:00,2016-09-01 02:31:00,2016-09-01 02:37:00,B5.8,POINT(-71.0 8.0),2585
gev_20160901_1253,2016-09-01 12:53:00,2016-09-01 12:58:00,2016-09-01 13:06:00,B6.1,POINT(-64.0 5.0),2585
gev_20160902_0438,2016-09-02 04:38:00,2016-09-02 04:41:00,2016-09-02 04:43:00,B9.1,POINT(-58.0 8.0),2587
gev_20160902_0616,2016-09-02 06:16:00,2016-09-02 06:20:00,2016-09-02 06:22:00,B5.9,POINT(-7.0 -82.0),0
gev_20160902_1336,2016-09-02 13:36:00,2016-09-02 13:39:00,2016-09-02 13:42:00,B5.9,POINT(-50.0 5.0),2585
gev_20160902_1846,2016-09-02 18:46:00,2016-09-02 18:49:00,2016-09-02 18:52:00,B8.9,POINT(-47.0 5.0),2585
gev_20160903_0042,2016-09-03 00:42:00,2016-09-03 01:03:00,2016-09-03 01:13:00,B6.4,POINT(-54.0 8.0),2587
gev_20160903_0525,2016-09-03 05:25:00,2016-09-03 05:30:00,2016-09-03 05:33:00,B7.1,POINT(-50.0 8.0),2587
gev_20160904_1804,2016-09-04 18:04:00,2016-09-04 18:17:00,2016-09-04 18:31:00,B9.2,POINT(-22.0 10.0),2585
gev_20160905_0834,2016-09-05 08:34:00,2016-09-05 09:26:00,2016-09-05 09:30:00,B2.2,POINT(-19.0 9.0),2587
gev_20160905_0907,2016-09-05 09:07:00,2016-09-05 09:12:00,2016-09-05 09:22:00,B6.4,POINT(-19.0 9.0),2587
gev_20160905_2135,2016-09-05 21:35:00,2016-09-05 21:46:00,2016-09-05 21:52:00,B3.0,POINT(-5.0 7.0),2585
gev_20160906_1105,2016-09-06 11:05:00,2016-09-06 11:54:00,2016-09-06 12:51:00,B3.5,POINT(0.0 10.0),2585
gev_20160907_0228,2016-09-07 02:28:00,2016-09-07 02:33:00,2016-09-07 02:38:00,B3.0,POINT(-8.0 11.0),2588
gev_20160907_0411,2016-09-07 04:11:00,2016-09-07 04:17:00,2016-09-07 04:22:00,B3.6,POINT(9.0 6.0),2585
gev_20160907_0929,2016-09-07 09:29:00,2016-09-07 09:33:00,2016-09-07 09:36:00,B2.3,POINT(77.0 9.0),0
gev_20160907_1035,2016-09-07 10:35:00,2016-09-07 10:40:00,2016-09-07 10:50:00,B6.6,POINT(12.0 6.0),2585
gev_20160907_1211,2016-09-07 12:11:00,2016-09-07 12:14:00,2016-09-07 12:17:00,B2.9,POINT(20.0 6.0),2585
gev_20160908_0225,2016-09-08 02:25:00,2016-09-08 02:28:00,2016-09-08 02:31:00,B2.2,POINT(21.0 7.0),2585
gev_20160908_0352,2016-09-08 03:52:00,2016-09-08 03:54:00,2016-09-08 03:58:00,B2.6,POINT(21.0 7.0),2585
gev_20160908_0414,2016-09-08 04:14:00,2016-09-08 04:22:00,2016-09-08 04:25:00,B3.4,POINT(22.0 6.0),2585
gev_20160908_0443,2016-09-08 04:43:00,2016-09-08 04:47:00,2016-09-08 04:51:00,B8.3,POINT(22.0 6.0),2585
gev_20160908_0604,2016-09-08 06:04:00,2016-09-08 06:09:00,2016-09-08 06:13:00,B5.1,POINT(23.0 7.0),2585
gev_20160908_0637,2016-09-08 06:37:00,2016-09-08 06:42:00,2016-09-08 06:46:00,B4.1,POINT(-88.0 13.0),0
gev_20160908_0732,2016-09-08 07:32:00,2016-09-08 07:35:00,2016-09-08 07:39:00,B2.8,POINT(24.0 8.0),2585
gev_20160908_1241,2016-09-08 12:41:00,2016-09-08 12:46:00,2016-09-08 12:53:00,B3.7,POINT(26.0 6.0),2585
gev_20160908_1619,2016-09-08 16:19:00,2016-09-08 16:24:00,2016-09-08 16:27:00,B3.1,POINT(32.0 8.0),2585
gev_20160908_1913,2016-09-08 19:13:00,2016-09-08 19:17:00,2016-09-08 19:21:00,B8.2,POINT(33.0 7.0),2585
gev_20160909_0302,2016-09-09 03:02:00,2016-09-09 03:23:00,2016-09-09 03:34:00,B7.9,POINT(24.0 10.0),2588
gev_20160909_0428,2016-09-09 04:28:00,2016-09-09 04:31:00,2016-09-09 04:35:00,B2.8,POINT(-11.0 16.0),2589
gev_20160909_0656,2016-09-09 06:56:00,2016-09-09 07:01:00,2016-09-09 07:06:00,B3.8,POINT(41.0 7.0),2585
gev_20160909_1837,2016-09-09 18:37:00,2016-09-09 18:42:00,2016-09-09 18:49:00,B3.6,POINT(44.0 8.0),2585
gev_20160909_2024,2016-09-09 20:24:00,2016-09-09 20:27:00,2016-09-09 20:30:00,B3.7,POINT(45.0 8.0),2585
gev_20160909_2217,2016-09-09 22:17:00,2016-09-09 22:21:00,2016-09-09 22:27:00,B3.9,POINT(47.0 8.0),2585
gev_20160910_0659,2016-09-10 06:59:00,2016-09-10 07:06:00,2016-09-10 07:13:00,B3.6,POINT(3.0 15.0),2589
gev_20160910_0818,2016-09-10 08:18:00,2016-09-10 08:23:00,2016-09-10 08:26:00,B5.3,POINT(52.0 8.0),2585
gev_20160910_1336,2016-09-10 13:36:00,2016-09-10 13:39:00,2016-09-10 13:50:00,B2.3,POINT(6.0 14.0),2589
gev_20160910_1853,2016-09-10 18:53:00,2016-09-10 19:22:00,2016-09-10 19:30:00,B9.2,POINT(-19.0 4.0),2591
gev_20160910_1854,2016-09-10 18:54:00,2016-09-10 18:58:00,2016-09-10 19:07:00,B4.8,POINT(-19.0 4.0),2591
gev_20160910_1915,2016-09-10 19:15:00,2016-09-10 19:22:00,2016-09-10 19:28:00,B9.6,POINT(-19.0 4.0),2591
gev_20160910_2049,2016-09-10 20:49:00,2016-09-10 20:59:00,2016-09-10 21:05:00,B2.1,POINT(10.0 14.0),2589
gev_20160913_0440,2016-09-13 04:40:00,2016-09-13 04:44:00,2016-09-13 04:47:00,B2.7,POINT(89.0 9.0),2585
gev_20160914_1540,2016-09-14 15:40:00,2016-09-14 15:44:00,2016-09-14 15:50:00,B1.9,POINT(66.0 14.0),2589
gev_20160914_1906,2016-09-14 19:06:00,2016-09-14 19:11:00,2016-09-14 19:24:00,B2.4,POINT(67.0 14.0),2589
gev_20160915_0315,2016-09-15 03:15:00,2016-09-15 03:20:00,2016-09-15 03:26:00,B2.3,POINT(-88.0 11.0),2592
gev_20160915_0427,2016-09-15 04:27:00,2016-09-15 04:38:00,2016-09-15 04:43:00,B4.1,POINT(-81.0 12.0),2592
gev_20160916_0743,2016-09-16 07:43:00,2016-09-16 07:47:00,2016-09-16 07:57:00,B2.4,POINT(88.0 12.0),2589
gev_20160916_1200,2016-09-16 12:00:00,2016-09-16 12:21:00,2016-09-16 14:15:00,B3.0,POINT(-66.0 5.0),2592
gev_20160916_1203,2016-09-16 12:03:00,2016-09-16 12:21:00,2016-09-16 13:58:00,B2.9,POINT(-66.0 5.0),2592
gev_20160917_0555,2016-09-17 05:55:00,2016-09-17 06:05:00,2016-09-17 06:18:00,B4.0,POINT(-54.0 13.0),2592
gev_20160917_0700,2016-09-17 07:00:00,2016-09-17 07:03:00,2016-09-17 07:09:00,B2.1,POINT(-52.0 13.0),2592
gev_20160917_0808,2016-09-17 08:08:00,2016-09-17 08:11:00,2016-09-17 08:17:00,B1.9,POINT(-49.0 13.0),2592
gev_20160918_0244,2016-09-18 02:44:00,2016-09-18 02:51:00,2016-09-18 02:57:00,B4.1,POINT(-43.0 12.0),2592
gev_20160918_1041,2016-09-18 10:41:00,2016-09-18 11:00:00,2016-09-18 11:47:00,B6.8,POINT(-36.0 13.0),2592
gev_20160918_1939,2016-09-18 19:39:00,2016-09-18 19:48:00,2016-09-18 19:55:00,B2.0,POINT(-32.0 14.0),2592
gev_20160919_0459,2016-09-19 04:59:00,2016-09-19 05:02:00,2016-09-19 05:04:00,B1.8,POINT(47.0 11.0),2595
gev_20160919_0732,2016-09-19 07:32:00,2016-09-19 07:42:00,2016-09-19 07:52:00,B5.3,POINT(-24.0 14.0),2592
gev_20160919_1946,2016-09-19 19:46:00,2016-09-19 19:53:00,2016-09-19 20:01:00,B4.5,POINT(55.0 12.0),0
gev_20160919_2106,2016-09-19 21:06:00,2016-09-19 21:11:00,2016-09-19 21:14:00,B3.2,POINT(57.0 12.0),0
gev_20160920_0245,2016-09-20 02:45:00,2016-09-20 02:48:00,2016-09-20 02:54:00,B3.5,POINT(58.0 12.0),0
gev_20160921_0143,2016-09-21 01:43:00,2016-09-21 01:56:00,2016-09-21 02:07:00,B4.4,POINT(19.0 6.0),2593
gev_20160921_1023,2016-09-21 10:23:00,2016-09-21 10:39:00,2016-09-21 11:19:00,C1.6,POINT(77.0 11.0),2589
gev_20160921_1145,2016-09-21 11:45:00,2016-09-21 11:51:00,2016-09-21 11:54:00,C1.7,POINT(78.0 10.0),0
gev_20160921_1334,2016-09-21 13:34:00,2016-09-21 13:38:00,2016-09-21 13:46:00,B7.2,POINT(83.0 11.0),0
gev_20160921_1429,2016-09-21 14:29:00,2016-09-21 14:38:00,2016-09-21 14:46:00,B7.2,POINT(84.0 11.0),0
gev_20160921_1945,2016-09-21 19:45:00,2016-09-21 19:50:00,2016-09-21 19:58:00,B4.4,POINT(88.0 10.0),0
gev_20160921_2344,2016-09-21 23:44:00,2016-09-21 23:50:00,2016-09-21 23:56:00,B3.4,POINT(85.0 10.0),0
gev_20160922_0024,2016-09-22 00:24:00,2016-09-22 00:29:00,2016-09-22 00:33:00,B4.6,POINT(86.0 10.0),0
gev_20160922_0055,2016-09-22 00:55:00,2016-09-22 00:59:00,2016-09-22 01:03:00,B6.5,POINT(86.0 10.0),0
gev_20160922_0117,2016-09-22 01:17:00,2016-09-22 01:23:00,2016-09-22 01:27:00,B6.8,POINT(89.0 9.0),0
gev_20160922_0323,2016-09-22 03:23:00,2016-09-22 03:27:00,2016-09-22 03:32:00,B4.7,POINT(89.0 10.0),0
gev_20160922_0342,2016-09-22 03:42:00,2016-09-22 04:08:00,2016-09-22 04:17:00,B4.6,POINT(88.0 10.0),0
gev_20160922_0510,2016-09-22 05:10:00,2016-09-22 05:15:00,2016-09-22 05:19:00,B6.7,POINT(89.0 10.0),0
gev_20160922_0540,2016-09-22 05:40:00,2016-09-22 05:47:00,2016-09-22 05:52:00,C5.6,POINT(89.0 10.0),0
gev_20160922_0644,2016-09-22 06:44:00,2016-09-22 06:50:00,2016-09-22 06:56:00,B9.7,POINT(88.0 10.0),0
gev_20160922_0824,2016-09-22 08:24:00,2016-09-22 08:29:00,2016-09-22 08:32:00,C1.9,POINT(88.0 10.0),0
gev_20160922_0947,2016-09-22 09:47:00,2016-09-22 09:54:00,2016-09-22 10:51:00,B4.7,POINT(88.0 10.0),0
gev_20160922_1146,2016-09-22 11:46:00,2016-09-22 11:52:00,2016-09-22 12:07:00,C1.5,POINT(88.0 10.0),0
gev_20160922_1530,2016-09-22 15:30:00,2016-09-22 15:36:00,2016-09-22 15:47:00,B4.2,POINT(88.0 11.0),0
gev_20160922_1735,2016-09-22 17:35:00,2016-09-22 17:53:00,2016-09-22 18:09:00,C1.9,POINT(88.0 11.0),0
gev_20160922_1905,2016-09-22 19:05:00,2016-09-22 19:16:00,2016-09-22 19:45:00,C2.6,POINT(88.0 11.0),0
gev_20160923_0033,2016-09-23 00:33:00,2016-09-23 00:42:00,2016-09-23 00:58:00,B2.5,POINT(88.0 11.0),0
gev_20160923_0335,2016-09-23 03:35:00,2016-09-23 05:25:00,2016-09-23 06:45:27,B6.3,POINT(28.0 16.0),2592
gev_20160923_0438,2016-09-23 04:38:00,2016-09-23 05:25:00,2016-09-23 05:57:00,B6.2,POINT(28.0 15.0),2592
gev_20160923_1411,2016-09-23 14:11:00,2016-09-23 14:24:00,2016-09-23 14:38:00,B3.3,POINT(88.0 12.0),0
gev_20160923_2138,2016-09-23 21:38:00,2016-09-23 22:01:00,2016-09-23 22:21:00,B4.2,POINT(88.0 12.0),0
gev_20160924_0628,2016-09-24 06:28:00,2016-09-24 06:32:00,2016-09-24 06:39:00,B1.9,POINT(1.0 -15.0),2597
gev_20160924_1540,2016-09-24 15:40:00,2016-09-24 15:43:00,2016-09-24 15:47:00,B3.9,POINT(8.0 -14.0),2597
gev_20160924_1810,2016-09-24 18:10:00,2016-09-24 18:16:00,2016-09-24 18:21:00,B6.9,POINT(10.0 -14.0),2597
gev_20160925_0306,2016-09-25 03:06:00,2016-09-25 03:31:00,2016-09-25 03:55:00,B2.8,POINT(78.0 8.0),2595
gev_20160925_0412,2016-09-25 04:12:00,2016-09-25 04:22:00,2016-09-25 04:29:00,B3.2,POINT(78.0 8.0),2595
gev_20160925_0713,2016-09-25 07:13:00,2016-09-25 07:17:00,2016-09-25 07:28:00,B2.0,POINT(15.0 -14.0),2597
gev_20160925_1905,2016-09-25 19:05:00,2016-09-25 19:14:00,2016-09-25 19:21:00,C1.3,POINT(22.0 -14.0),2597
gev_20160925_2325,2016-09-25 23:25:00,2016-09-25 23:34:00,2016-09-25 23:37:00,B5.1,POINT(25.0 -13.0),2597
gev_20160926_0353,2016-09-26 03:53:00,2016-09-26 03:59:00,2016-09-26 04:08:00,B4.2,POINT(89.0 6.0),2593
gev_20160926_0643,2016-09-26 06:43:00,2016-09-26 06:44:00,2016-09-26 06:48:00,B5.0,POINT(28.0 -14.0),2597
gev_20160926_0752,2016-09-26 07:52:00,2016-09-26 07:55:00,2016-09-26 07:57:00,B3.1,POINT(29.0 -14.0),2597
gev_20160926_2346,2016-09-26 23:46:00,2016-09-26 23:54:00,2016-09-27 00:07:00,B3.4,POINT(39.0 -15.0),2597
gev_20160927_0115,2016-09-27 01:15:00,2016-09-27 01:21:00,2016-09-27 01:27:00,B4.1,POINT(40.0 -14.0),2597
gev_20160927_0536,2016-09-27 05:36:00,2016-09-27 05:44:00,2016-09-27 05:58:00,B3.6,POINT(43.0 -15.0),2597
gev_20160927_0733,2016-09-27 07:33:00,2016-09-27 07:48:00,2016-09-27 08:05:00,C1.0,POINT(44.0 -15.0),2597
gev_20160927_0951,2016-09-27 09:51:00,2016-09-27 09:58:00,2016-09-27 10:09:00,B4.3,POINT(45.0 -14.0),2597
gev_20160927_1249,2016-09-27 12:49:00,2016-09-27 12:54:00,2016-09-27 12:58:00,B2.5,POINT(46.0 -14.0),2597
gev_20160927_1757,2016-09-27 17:57:00,2016-09-27 18:03:00,2016-09-27 18:06:00,B6.7,POINT(47.0 -14.0),2597
gev_20160928_1555,2016-09-28 15:55:00,2016-09-28 16:01:00,2016-09-28 16:09:00,B3.9,POINT(62.0 -15.0),2597
gev_20160928_1702,2016-09-28 17:02:00,2016-09-28 17:07:00,2016-09-28 17:12:00,B7.5,POINT(62.0 -15.0),2597
gev_20160928_1743,2016-09-28 17:43:00,2016-09-28 17:46:00,2016-09-28 17:49:00,B5.3,POINT(62.0 -13.0),2597
gev_20160928_2110,2016-09-28 21:10:00,2016-09-28 21:48:00,2016-09-28 22:23:00,B4.2,POINT(68.0 -15.0),2597
gev_20160929_1431,2016-09-29 14:31:00,2016-09-29 14:35:00,2016-09-29 14:39:00,B2.8,POINT(73.0 -15.0),2597
gev_20161001_0215,2016-10-01 02:15:00,2016-10-01 02:19:00,2016-10-01 02:24:00,B3.4,POINT(-88.0 13.0),2598
gev_20161002_0449,2016-10-02 04:49:00,2016-10-02 04:59:00,2016-10-02 05:08:00,B4.8,POINT(-69.0 12.0),2598
gev_20161002_1627,2016-10-02 16:27:00,2016-10-02 16:32:00,2016-10-02 16:41:00,B3.7,POINT(-87.0 -17.0),2599
gev_20161002_1741,2016-10-02 17:41:00,2016-10-02 17:44:00,2016-10-02 17:49:00,B2.8,POINT(-63.0 13.0),2598
gev_20161002_1853,2016-10-02 18:53:00,2016-10-02 18:57:00,2016-10-02 18:59:00,B3.4,POINT(-62.0 10.0),2600
gev_20161004_0353,2016-10-04 03:53:00,2016-10-04 04:09:00,2016-10-04 04:24:00,B6.1,POINT(-44.0 13.0),2598
gev_20161005_0110,2016-10-05 01:10:00,2016-10-05 01:14:00,2016-10-05 01:16:00,B5.6,POINT(-32.0 13.0),2600
gev_20161006_1134,2016-10-06 11:34:00,2016-10-06 11:37:00,2016-10-06 11:41:00,B2.8,POINT(-9.0 14.0),2598
gev_20161007_0036,2016-10-07 00:36:00,2016-10-07 00:40:00,2016-10-07 00:44:00,B3.5,POINT(-3.0 14.0),2598
gev_20161008_0215,2016-10-08 02:15:00,2016-10-08 02:19:00,2016-10-08 02:25:00,B5.3,POINT(11.0 15.0),2598
gev_20161009_1858,2016-10-09 18:58:00,2016-10-09 19:03:00,2016-10-09 19:10:00,B5.1,POINT(32.0 11.0),2598
gev_20161010_0054,2016-10-10 00:54:00,2016-10-10 01:04:00,2016-10-10 01:10:00,B4.1,POINT(11.0 -14.0),2599
gev_20161010_0117,2016-10-10 01:17:00,2016-10-10 01:25:00,2016-10-10 01:31:00,B4.6,POINT(33.0 17.0),2598
gev_20161010_1736,2016-10-10 17:36:00,2016-10-10 17:40:00,2016-10-10 17:43:00,B3.8,POINT(-89.0 7.0),2602
gev_20161010_1953,2016-10-10 19:53:00,2016-10-10 19:57:00,2016-10-10 20:00:00,B4.0,POINT(48.0 14.0),2598
gev_20161011_0945,2016-10-11 09:45:00,2016-10-11 09:48:00,2016-10-11 09:51:00,B3.7,POINT(-89.0 6.0),2602
gev_20161012_0534,2016-10-12 05:34:00,2016-10-12 05:37:00,2016-10-12 05:39:00,B5.3,POINT(69.0 17.0),2598
gev_20161012_1151,2016-10-12 11:51:00,2016-10-12 11:55:00,2016-10-12 11:59:00,C1.1,POINT(38.0 -14.0),2599
gev_20161012_1403,2016-10-12 14:03:00,2016-10-12 14:18:00,2016-10-12 14:35:00,B4.8,POINT(89.0 5.0),2601
gev_20161012_1724,2016-10-12 17:24:00,2016-10-12 17:29:00,2016-10-12 17:38:00,B4.4,POINT(-62.0 6.0),2602
gev_20161012_2100,2016-10-12 21:00:00,2016-10-12 21:04:00,2016-10-12 21:07:00,B5.3,POINT(43.0 -15.0),2599
gev_20161013_0236,2016-10-13 02:36:00,2016-10-13 02:40:00,2016-10-13 02:52:00,B5.6,POINT(48.0 -13.0),2599
gev_20161013_0330,2016-10-13 03:30:00,2016-10-13 03:34:00,2016-10-13 03:37:00,B5.5,POINT(47.0 -15.0),2599
gev_20161013_0429,2016-10-13 04:29:00,2016-10-13 04:38:00,2016-10-13 04:41:00,B8.8,POINT(47.0 -14.0),2599
gev_20161013_0430,2016-10-13 04:30:00,2016-10-13 04:38:00,2016-10-13 04:45:00,B8.9,POINT(47.0 -14.0),2599
gev_20161013_0538,2016-10-13 05:38:00,2016-10-13 05:41:00,2016-10-13 05:45:00,B3.7,POINT(-54.0 6.0),2602
gev_20161013_0825,2016-10-13 08:25:00,2016-10-13 08:33:00,2016-10-13 09:00:00,B8.7,POINT(49.0 -14.0),2599
gev_20161013_0828,2016-10-13 08:28:00,2016-10-13 08:33:00,2016-10-13 08:40:00,B8.6,POINT(49.0 -14.0),2599
gev_20161013_1714,2016-10-13 17:14:00,2016-10-13 17:20:00,2016-10-13 17:29:00,B7.4,POINT(89.0 8.0),2598
gev_20161013_2040,2016-10-13 20:40:00,2016-10-13 21:05:00,2016-10-13 21:21:00,C1.3,POINT(-88.0 -14.0),0
gev_20161014_0357,2016-10-14 03:57:00,2016-10-14 04:06:00,2016-10-14 04:19:00,B5.6,POINT(-87.0 -19.0),0
gev_20161014_0853,2016-10-14 08:53:00,2016-10-14 09:00:00,2016-10-14 09:06:00,B8.6,POINT(-40.0 5.0),2602
gev_20161014_1102,2016-10-14 11:02:00,2016-10-14 11:26:00,2016-10-14 11:46:00,B9.4,POINT(67.0 -13.0),2599
gev_20161014_1119,2016-10-14 11:19:00,2016-10-14 11:26:00,2016-10-14 11:33:00,B9.4,POINT(67.0 -12.0),2599
gev_20161014_1148,2016-10-14 11:48:00,2016-10-14 12:01:00,2016-10-14 12:28:00,B8.4,POINT(70.0 -16.0),2599
gev_20161014_1328,2016-10-14 13:28:00,2016-10-14 13:31:00,2016-10-14 13:34:00,B4.9,POINT(-36.0 5.0),2602
gev_20161014_1443,2016-10-14 14:43:00,2016-10-14 14:49:00,2016-10-14 14:54:00,C1.0,POINT(-87.0 -17.0),0
gev_20161015_0308,2016-10-15 03:08:00,2016-10-15 03:24:00,2016-10-15 03:40:00,B3.3,POINT(88.0 -16.0),2599
gev_20161015_0445,2016-10-15 04:45:00,2016-10-15 04:55:00,2016-10-15 05:05:00,B3.0,POINT(-30.0 5.0),2602
gev_20161015_0833,2016-10-15 08:33:00,2016-10-15 14:10:00,2016-10-15 15:29:00,B2.6,POINT(87.0 -17.0),2599
gev_20161015_2323,2016-10-15 23:23:00,2016-10-15 23:45:00,2016-10-16 00:04:00,B4.2,POINT(88.0 -15.0),2599
gev_20161016_0838,2016-10-16 08:38:00,2016-10-16 10:57:00,2016-10-16 10:57:00,B5.5,POINT(88.0 -15.0),2599
gev_20161016_1036,2016-10-16 10:36:00,2016-10-16 10:57:00,2016-10-16 11:10:00,B5.5,POINT(88.0 -15.0),2599
gev_20161016_1127,2016-10-16 11:27:00,2016-10-16 11:35:00,2016-10-16 11:42:00,B7.5,POINT(88.0 -14.0),2599
gev_20161016_1329,2016-10-16 13:29:00,2016-10-16 13:56:00,2016-10-16 14:04:00,B3.5,POINT(-9.0 5.0),2602
gev_20161016_1702,2016-10-16 17:02:00,2016-10-16 17:25:00,2016-10-16 17:58:00,B7.5,POINT(88.0 -16.0),2599
gev_20161016_1703,2016-10-16 17:03:00,2016-10-16 17:25:00,2016-10-16 17:38:00,B7.4,POINT(88.0 -16.0),2599
gev_20161016_2242,2016-10-16 22:42:00,2016-10-16 23:02:00,2016-10-16 23:15:00,B8.4,POINT(88.0 -15.0),2599
gev_20161017_0008,2016-10-17 00:08:00,2016-10-17 00:37:00,2016-10-17 00:52:00,C4.2,POINT(88.0 -15.0),2599
gev_20161017_0601,2016-10-17 06:01:00,2016-10-17 06:21:00,2016-10-17 06:43:00,B2.0,POINT(88.0 -16.0),2599
gev_20161021_0946,2016-10-21 09:46:00,2016-10-21 09:49:00,2016-10-21 09:51:00,B1.2,POINT(-12.0 13.0),2603
gev_20161021_1639,2016-10-21 16:39:00,2016-10-21 16:42:00,2016-10-21 16:46:00,B1.6,POINT(-8.0 13.0),2603
gev_20161023_0641,2016-10-23 06:41:00,2016-10-23 06:45:00,2016-10-23 06:47:00,B1.3,POINT(84.0 5.0),2602
gev_20161024_1230,2016-10-24 12:30:00,2016-10-24 12:41:00,2016-10-24 14:25:00,B1.4,POINT(89.0 10.0),2600
gev_20161025_0054,2016-10-25 00:54:00,2016-10-25 01:04:00,2016-10-25 01:13:00,B2.0,POINT(38.0 13.0),2603
gev_20161025_0856,2016-10-25 08:56:00,2016-10-25 09:00:00,2016-10-25 09:05:00,B1.3,POINT(42.0 11.0),2603
gev_20161025_1425,2016-10-25 14:25:00,2016-10-25 14:29:00,2016-10-25 14:36:00,B1.3,POINT(-34.0 -24.0),0
gev_20161025_2037,2016-10-25 20:37:00,2016-10-25 20:42:00,2016-10-25 20:47:00,B1.9,POINT(49.0 14.0),2603
gev_20161026_0354,2016-10-26 03:54:00,2016-10-26 03:57:00,2016-10-26 03:59:00,B1.5,POINT(57.0 14.0),2603
gev_20161026_0524,2016-10-26 05:24:00,2016-10-26 05:29:00,2016-10-26 05:32:00,B1.2,POINT(58.0 14.0),2603
gev_20161026_0534,2016-10-26 05:34:00,2016-10-26 05:40:00,2016-10-26 05:46:00,B1.7,POINT(56.0 12.0),2603
gev_20161028_0127,2016-10-28 01:27:00,2016-10-28 01:31:00,2016-10-28 01:35:00,B1.6,POINT(80.0 12.0),2603
gev_20161028_0424,2016-10-28 04:24:00,2016-10-28 04:27:00,2016-10-28 04:30:00,B1.6,POINT(80.0 13.0),2603
gev_20161028_0713,2016-10-28 07:13:00,2016-10-28 07:17:00,2016-10-28 07:21:00,B3.1,POINT(84.0 13.0),2603
gev_20161028_0858,2016-10-28 08:58:00,2016-10-28 09:05:00,2016-10-28 09:10:00,B2.0,POINT(89.0 13.0),2603
gev_20161028_2116,2016-10-28 21:16:00,2016-10-28 21:21:00,2016-10-28 21:24:00,B2.1,POINT(63.0 7.0),2602
gev_20161028_2338,2016-10-28 23:38:00,2016-10-28 23:51:00,2016-10-29 00:12:00,B2.6,POINT(66.0 8.0),2602
gev_20161029_2300,2016-10-29 23:00:00,2016-10-29 23:05:00,2016-10-29 23:11:00,B2.0,POINT(88.0 17.0),0
gev_20161101_0330,2016-11-01 03:30:00,2016-11-01 03:41:00,2016-11-01 03:47:00,B1.8,POINT(-16.0 7.0),2605
gev_20161101_2016,2016-11-01 20:16:00,2016-11-01 20:23:00,2016-11-01 20:30:00,B2.5,POINT(64.0 5.0),2604
gev_20161104_1226,2016-11-04 12:26:00,2016-11-04 12:47:00,2016-11-04 13:21:00,B2.2,POINT(17.0 12.0),0
gev_20161105_0320,2016-11-05 03:20:00,2016-11-05 04:52:00,2016-11-05 06:50:00,B1.1,POINT(27.0 17.0),0
gev_20161107_0448,2016-11-07 04:48:00,2016-11-07 05:02:00,2016-11-07 05:05:00,B1.5,POINT(68.0 6.0),2605
gev_20161110_2244,2016-11-10 22:44:00,2016-11-10 22:47:00,2016-11-10 22:50:00,B1.7,POINT(72.0 -17.0),2607
gev_20161112_1606,2016-11-12 16:06:00,2016-11-12 16:10:00,2016-11-12 16:14:00,B2.9,POINT(-34.0 14.0),2610
gev_20161113_0130,2016-11-13 01:30:00,2016-11-13 01:41:00,2016-11-13 01:55:00,B1.8,POINT(-29.0 15.0),2610
gev_20161113_1729,2016-11-13 17:29:00,2016-11-13 17:32:00,2016-11-13 17:36:00,B1.5,POINT(-18.0 13.0),2610
gev_20161114_2337,2016-11-14 23:37:00,2016-11-14 23:41:00,2016-11-14 23:44:00,B1.2,POINT(-3.0 14.0),2610
gev_20161115_0028,2016-11-15 00:28:00,2016-11-15 00:35:00,2016-11-15 00:42:00,B6.1,POINT(-0.0 13.0),2610
gev_20161115_1653,2016-11-15 16:53:00,2016-11-15 16:58:00,2016-11-15 17:01:00,B4.2,POINT(8.0 13.0),2610
gev_20161115_2041,2016-11-15 20:41:00,2016-11-15 20:50:00,2016-11-15 21:13:00,B1.8,POINT(-89.0 2.0),2611
gev_20161117_1953,2016-11-17 19:53:00,2016-11-17 19:57:00,2016-11-17 19:57:00,B1.5,POINT(-72.0 -16.0),0
gev_20161119_0710,2016-11-19 07:10:00,2016-11-19 07:15:00,2016-11-19 07:20:00,B1.9,POINT(-39.0 3.0),2611
gev_20161119_2246,2016-11-19 22:46:00,2016-11-19 22:50:00,2016-11-19 22:54:00,B1.1,POINT(-32.0 3.0),2611
gev_20161121_0024,2016-11-21 00:24:00,2016-11-21 00:27:00,2016-11-21 00:30:00,B1.2,POINT(78.0 15.0),2610
gev_20161122_0005,2016-11-22 00:05:00,2016-11-22 00:10:00,2016-11-22 00:16:00,B1.6,POINT(-89.0 10.0),0
gev_20161122_0727,2016-11-22 07:27:00,2016-11-22 07:32:00,2016-11-22 07:41:00,B2.3,POINT(89.0 15.0),2610
gev_20161122_0822,2016-11-22 08:22:00,2016-11-22 09:23:00,2016-11-22 14:00:00,B1.7,POINT(-89.0 10.0),0
gev_20161122_2345,2016-11-22 23:45:00,2016-11-23 00:10:00,2016-11-23 00:23:00,B6.0,POINT(-89.0 11.0),2612
gev_20161123_0618,2016-11-23 06:18:00,2016-11-23 06:22:00,2016-11-23 06:31:00,B1.4,POINT(-89.0 7.0),2612
gev_20161123_1454,2016-11-23 14:54:00,2016-11-23 15:01:00,2016-11-23 15:09:00,B2.2,POINT(-79.0 10.0),2612
gev_20161123_2228,2016-11-23 22:28:00,2016-11-23 22:34:00,2016-11-23 22:40:00,B2.7,POINT(-75.0 11.0),2612
gev_20161125_1217,2016-11-25 12:17:00,2016-11-25 12:38:00,2016-11-25 12:51:00,B2.5,POINT(-54.0 9.0),2612
gev_20161126_0405,2016-11-26 04:05:00,2016-11-26 04:09:00,2016-11-26 04:14:00,B1.8,POINT(-43.0 6.0),2612
gev_20161127_0618,2016-11-27 06:18:00,2016-11-27 06:24:00,2016-11-27 06:27:00,B1.4,POINT(74.0 9.0),2611
gev_20161127_0833,2016-11-27 08:33:00,2016-11-27 08:37:00,2016-11-27 08:42:00,B2.4,POINT(76.0 9.0),2611
gev_20161127_1355,2016-11-27 13:55:00,2016-11-27 14:02:00,2016-11-27 14:05:00,B3.1,POINT(-25.0 7.0),2612
gev_20161127_1913,2016-11-27 19:13:00,2016-11-27 19:18:00,2016-11-27 19:24:00,B2.0,POINT(48.0 13.0),2613
gev_20161127_2200,2016-11-27 22:00:00,2016-11-27 22:06:00,2016-11-27 22:13:00,B3.2,POINT(85.0 8.0),2611
gev_20161127_2246,2016-11-27 22:46:00,2016-11-27 22:49:00,2016-11-27 22:52:00,B1.9,POINT(85.0 8.0),2611
gev_20161127_2300,2016-11-27 23:00:00,2016-11-27 23:04:00,2016-11-27 23:07:00,B1.9,POINT(86.0 8.0),2611
gev_20161128_0205,2016-11-28 02:05:00,2016-11-28 02:12:00,2016-11-28 02:26:00,B3.6,POINT(89.0 8.0),0
gev_20161128_0335,2016-11-28 03:35:00,2016-11-28 03:39:00,2016-11-28 03:44:00,B4.7,POINT(89.0 8.0),0
gev_20161128_0531,2016-11-28 05:31:00,2016-11-28 05:34:00,2016-11-28 05:38:00,B2.2,POINT(89.0 8.0),0
gev_20161128_0755,2016-11-28 07:55:00,2016-11-28 08:01:00,2016-11-28 08:03:00,C1.4,POINT(89.0 8.0),0
gev_20161128_0840,2016-11-28 08:40:00,2016-11-28 08:46:00,2016-11-28 08:50:00,B3.8,POINT(89.0 7.0),0
gev_20161128_1145,2016-11-28 11:45:00,2016-11-28 11:49:00,2016-11-28 11:53:00,B3.5,POINT(89.0 7.0),0
gev_20161128_1731,2016-11-28 17:31:00,2016-11-28 17:34:00,2016-11-28 17:36:00,B3.1,POINT(-72.0 -7.0),2615
gev_20161129_0150,2016-11-29 01:50:00,2016-11-29 01:55:00,2016-11-29 01:58:00,B9.3,POINT(89.0 9.0),2613
gev_20161129_0333,2016-11-29 03:33:00,2016-11-29 03:40:00,2016-11-29 03:44:00,B5.9,POINT(-64.0 -8.0),2615
gev_20161129_0540,2016-11-29 05:40:00,2016-11-29 05:45:00,2016-11-29 05:48:00,B5.5,POINT(-63.0 -8.0),2615
gev_20161129_0703,2016-11-29 07:03:00,2016-11-29 07:10:00,2016-11-29 07:12:00,C7.5,POINT(-62.0 -8.0),2615
gev_20161129_0953,2016-11-29 09:53:00,2016-11-29 09:57:00,2016-11-29 10:02:00,B3.8,POINT(-61.0 -5.0),2615
gev_20161129_1008,2016-11-29 10:08:00,2016-11-29 10:14:00,2016-11-29 10:24:00,B5.4,POINT(-60.0 -7.0),2615
gev_20161129_1205,2016-11-29 12:05:00,2016-11-29 12:13:00,2016-11-29 12:34:00,C2.6,POINT(-59.0 -7.0),2615
gev_20161129_1547,2016-11-29 15:47:00,2016-11-29 15:56:00,2016-11-29 16:06:00,B7.8,POINT(-58.0 -7.0),2615
gev_20161129_1618,2016-11-29 16:18:00,2016-11-29 16:23:00,2016-11-29 16:23:00,B7.5,POINT(-56.0 -7.0),2615
gev_20161129_1636,2016-11-29 16:36:00,2016-11-29 16:41:00,2016-11-29 16:48:00,C1.1,POINT(-56.0 -7.0),2615
gev_20161129_1719,2016-11-29 17:19:00,2016-11-29 17:23:00,2016-11-29 17:26:00,M1.0,POINT(-56.0 -7.0),2615
gev_20161129_1858,2016-11-29 18:58:00,2016-11-29 19:01:00,2016-11-29 19:03:00,B5.9,POINT(-54.0 -7.0),2615
gev_20161129_2049,2016-11-29 20:49:00,2016-11-29 20:54:00,2016-11-29 21:04:00,B3.5,POINT(-54.0 -7.0),2615
gev_20161129_2234,2016-11-29 22:34:00,2016-11-29 22:44:00,2016-11-29 22:51:00,B4.4,POINT(-53.0 -7.0),2615
gev_20161129_2257,2016-11-29 22:57:00,2016-11-29 23:17:00,2016-11-29 23:26:00,C1.9,POINT(-52.0 -7.0),2615
gev_20161129_2329,2016-11-29 23:29:00,2016-11-29 23:38:00,2016-11-29 23:40:00,M1.2,POINT(-51.0 -7.0),2615
gev_20161130_0100,2016-11-30 01:00:00,2016-11-30 01:04:00,2016-11-30 01:08:00,B3.4,POINT(-51.0 -7.0),2615
gev_20161130_0114,2016-11-30 01:14:00,2016-11-30 01:19:00,2016-11-30 01:23:00,C6.0,POINT(-51.0 -7.0),2615
gev_20161130_0209,2016-11-30 02:09:00,2016-11-30 02:22:00,2016-11-30 02:24:00,C3.1,POINT(-51.0 -7.0),2615
gev_20161130_0248,2016-11-30 02:48:00,2016-11-30 02:53:00,2016-11-30 02:57:00,B4.7,POINT(-51.0 -7.0),2615
gev_20161130_0438,2016-11-30 04:38:00,2016-11-30 04:45:00,2016-11-30 04:47:00,B3.7,POINT(-50.0 -7.0),2615
gev_20161130_0506,2016-11-30 05:06:00,2016-11-30 05:11:00,2016-11-30 05:18:00,B3.8,POINT(-49.0 -7.0),2615
gev_20161130_0522,2016-11-30 05:22:00,2016-11-30 05:26:00,2016-11-30 05:28:00,B3.9,POINT(-17.0 5.0),2614
gev_20161130_0709,2016-11-30 07:09:00,2016-11-30 07:12:00,2016-11-30 07:14:00,B2.4,POINT(-47.0 -7.0),2615
gev_20161130_1105,2016-11-30 11:05:00,2016-11-30 11:11:00,2016-11-30 11:19:00,B1.7,POINT(-46.0 -6.0),2615
gev_20161130_1145,2016-11-30 11:45:00,2016-11-30 11:50:00,2016-11-30 11:53:00,B4.3,POINT(-44.0 -7.0),2615
gev_20161130_1312,2016-11-30 13:12:00,2016-11-30 13:18:00,2016-11-30 13:21:00,B4.0,POINT(-43.0 -7.0),2615
gev_20161130_1500,2016-11-30 15:00:00,2016-11-30 15:07:00,2016-11-30 15:11:00,C1.0,POINT(-43.0 -7.0),2615
gev_20161130_1522,2016-11-30 15:22:00,2016-11-30 15:25:00,2016-11-30 15:27:00,C2.3,POINT(-42.0 -7.0),2615
gev_20161130_2013,2016-11-30 20:13:00,2016-11-30 20:17:00,2016-11-30 20:22:00,B2.0,POINT(-39.0 -7.0),2615
gev_20161201_1140,2016-12-01 11:40:00,2016-12-01 11:47:00,2016-12-01 11:59:00,B3.7,POINT(-31.0 -5.0),2615
gev_20161201_1612,2016-12-01 16:12:00,2016-12-01 17:11:00,2016-12-01 17:18:00,B2.9,POINT(29.0 11.0),2612
gev_20161201_1928,2016-12-01 19:28:00,2016-12-01 19:31:00,2016-12-01 19:33:00,B2.7,POINT(1.0 17.0),2616
gev_20161202_1817,2016-12-02 18:17:00,2016-12-02 18:22:00,2016-12-02 18:38:00,B2.4,POINT(43.0 11.0),2612
gev_20161203_1703,2016-12-03 17:03:00,2016-12-03 17:16:00,2016-12-03 17:24:00,B2.1,POINT(1.0 -5.0),2615
gev_20161203_1733,2016-12-03 17:33:00,2016-12-03 18:01:00,2016-12-03 18:13:00,B2.8,POINT(1.0 -4.0),2615
gev_20161203_2347,2016-12-03 23:47:00,2016-12-03 23:50:00,2016-12-03 23:52:00,B1.7,POINT(1.0 -6.0),2615
gev_20161204_0122,2016-12-04 01:22:00,2016-12-04 01:26:00,2016-12-04 01:29:00,B4.0,POINT(2.0 -6.0),2615
gev_20161204_0153,2016-12-04 01:53:00,2016-12-04 01:57:00,2016-12-04 02:02:00,B5.3,POINT(2.0 -5.0),2615
gev_20161204_0247,2016-12-04 02:47:00,2016-12-04 02:51:00,2016-12-04 02:51:00,C1.1,POINT(3.0 -6.0),2615
gev_20161204_0424,2016-12-04 04:24:00,2016-12-04 04:27:00,2016-12-04 04:30:00,B4.2,POINT(4.0 -5.0),2615
gev_20161204_0715,2016-12-04 07:15:00,2016-12-04 07:23:00,2016-12-04 07:25:00,C1.2,POINT(5.0 -5.0),2615
gev_20161204_0821,2016-12-04 08:21:00,2016-12-04 08:25:00,2016-12-04 08:30:00,B2.8,POINT(6.0 -5.0),2615
gev_20161204_1022,2016-12-04 10:22:00,2016-12-04 10:25:00,2016-12-04 10:27:00,B2.8,POINT(6.0 -5.0),2615
gev_20161204_1047,2016-12-04 10:47:00,2016-12-04 10:50:00,2016-12-04 10:53:00,B2.5,POINT(7.0 -5.0),2615
gev_20161204_1218,2016-12-04 12:18:00,2016-12-04 12:24:00,2016-12-04 12:29:00,B2.3,POINT(8.0 -5.0),2615
gev_20161204_1612,2016-12-04 16:12:00,2016-12-04 16:15:00,2016-12-04 16:19:00,B2.7,POINT(14.0 -6.0),2615
gev_20161204_1735,2016-12-04 17:35:00,2016-12-04 17:55:00,2016-12-04 18:14:00,C1.8,POINT(15.0 -6.0),2615
gev_20161205_0400,2016-12-05 04:00:00,2016-12-05 04:05:00,2016-12-05 04:13:00,B3.5,POINT(18.0 -5.0),2615
gev_20161205_0557,2016-12-05 05:57:00,2016-12-05 06:07:00,2016-12-05 06:14:00,C1.2,POINT(21.0 -8.0),2615
gev_20161205_1710,2016-12-05 17:10:00,2016-12-05 17:15:00,2016-12-05 17:19:00,B2.5,POINT(26.0 -5.0),2615
gev_20161206_1008,2016-12-06 10:08:00,2016-12-06 10:11:00,2016-12-06 10:15:00,B1.7,POINT(37.0 -6.0),2615
gev_20161206_1037,2016-12-06 10:37:00,2016-12-06 10:39:00,2016-12-06 10:43:00,B1.6,POINT(38.0 -6.0),2615
gev_20161206_1907,2016-12-06 19:07:00,2016-12-06 19:11:00,2016-12-06 19:14:00,B2.9,POINT(48.0 -8.0),2615
gev_20161207_0114,2016-12-07 01:14:00,2016-12-07 01:17:00,2016-12-07 01:28:00,B1.6,POINT(48.0 -7.0),2615
gev_20161207_0334,2016-12-07 03:34:00,2016-12-07 03:45:00,2016-12-07 03:54:00,B1.6,POINT(49.0 -7.0),2615
gev_20161207_0957,2016-12-07 09:57:00,2016-12-07 10:00:00,2016-12-07 10:03:00,B1.7,POINT(52.0 -7.0),2615
gev_20161207_1119,2016-12-07 11:19:00,2016-12-07 11:23:00,2016-12-07 11:32:00,B1.7,POINT(51.0 -8.0),2615
gev_20161207_1552,2016-12-07 15:52:00,2016-12-07 15:56:00,2016-12-07 16:00:00,B1.6,POINT(55.0 -5.0),2615
gev_20161207_1752,2016-12-07 17:52:00,2016-12-07 18:09:00,2016-12-07 18:20:00,B3.6,POINT(56.0 -7.0),2615
gev_20161208_1814,2016-12-08 18:14:00,2016-12-08 19:03:00,2016-12-08 19:42:00,B2.2,POINT(81.0 -6.0),2615
gev_20161209_0721,2016-12-09 07:21:00,2016-12-09 07:25:00,2016-12-09 07:27:00,B1.5,POINT(77.0 -5.0),2615
gev_20161210_1648,2016-12-10 16:48:00,2016-12-10 17:15:00,2016-12-10 17:37:00,C4.0,POINT(89.0 -7.0),2615
gev_20161211_1710,2016-12-11 17:10:00,2016-12-11 17:15:00,2016-12-11 17:18:00,B1.3,POINT(40.0 15.0),2617
gev_20161211_1916,2016-12-11 19:16:00,2016-12-11 19:25:00,2016-12-11 19:29:00,B1.2,POINT(42.0 16.0),2617
gev_20161215_0324,2016-12-15 03:24:00,2016-12-15 03:30:00,2016-12-15 03:34:00,B2.5,POINT(89.0 18.0),2617
gev_20161215_2051,2016-12-15 20:51:00,2016-12-15 20:56:00,2016-12-15 20:59:00,B1.8,POINT(86.0 13.0),2617
gev_20161215_2119,2016-12-15 21:19:00,2016-12-15 21:25:00,2016-12-15 21:29:00,B1.3,POINT(89.0 13.0),2617
gev_20161216_0426,2016-12-16 04:26:00,2016-12-16 04:29:00,2016-12-16 04:36:00,B1.1,POINT(89.0 13.0),2617
gev_20161216_0938,2016-12-16 09:38:00,2016-12-16 09:43:00,2016-12-16 09:53:00,B2.1,POINT(89.0 13.0),2617
gev_20161221_1412,2016-12-21 14:12:00,2016-12-21 14:19:00,2016-12-21 14:26:00,B2.7,POINT(45.0 -22.0),2620
gev_20161226_1847,2016-12-26 18:47:00,2016-12-26 18:52:00,2016-12-26 18:58:00,B3.0,POINT(43.0 9.0),2621
gev_20161226_2056,2016-12-26 20:56:00,2016-12-26 21:01:00,2016-12-26 21:05:00,B8.3,POINT(44.0 9.0),2621
gev_20161226_2158,2016-12-26 21:58:00,2016-12-26 22:02:00,2016-12-26 22:27:00,B2.9,POINT(45.0 9.0),2621
gev_20161226_2325,2016-12-26 23:25:00,2016-12-26 23:29:00,2016-12-26 23:32:00,B3.3,POINT(46.0 9.0),2621
gev_20161227_0820,2016-12-27 08:20:00,2016-12-27 08:46:00,2016-12-27 08:58:00,B3.1,POINT(51.0 9.0),2621
gev_20161227_1004,2016-12-27 10:04:00,2016-12-27 10:12:00,2016-12-27 10:18:00,B1.6,POINT(51.0 9.0),2621
gev_20161227_1233,2016-12-27 12:33:00,2016-12-27 12:38:00,2016-12-27 12:42:00,B1.5,POINT(53.0 9.0),2621
gev_20161229_2011,2016-12-29 20:11:00,2016-12-29 20:15:00,2016-12-29 20:20:00,B1.3,POINT(89.0 8.0),2621
gev_20161230_0130,2016-12-30 01:30:00,2016-12-30 01:33:00,2016-12-30 01:36:00,B1.0,POINT(89.0 9.0),2621
gev_20161230_1222,2016-12-30 12:22:00,2016-12-30 12:29:00,2016-12-30 12:39:00,B2.2,POINT(89.0 8.0),2621
gev_20161231_0132,2016-12-31 01:32:00,2016-12-31 03:50:00,2016-12-31 04:17:00,B2.4,POINT(89.0 8.0),2621
gev_20161231_0738,2016-12-31 07:38:00,2016-12-31 08:12:00,2016-12-31 08:36:00,B1.8,POINT(89.0 8.0),2621
