gev_20120101_0445,2012-01-01 04:45:00,2012-01-01 04:50:00,2012-01-01 04:57:00,B8.1,POINT(-35.0 -25.0),1389
gev_20120101_0724,2012-01-01 07:24:00,2012-01-01 07:34:00,2012-01-01 07:44:00,C3.2,POINT(-34.0 -25.0),1389
gev_20120101_1322,2012-01-01 13:22:00,2012-01-01 13:26:00,2012-01-01 13:33:00,B8.0,POINT(88.0 14.0),1384
gev_20120101_1854,2012-01-01 18:54:00,2012-01-01 18:59:00,2012-01-01 19:06:00,B8.9,POINT(89.0 8.0),1383
gev_20120101_2328,2012-01-01 23:28:00,2012-01-01 23:36:00,2012-01-01 23:46:00,C1.3,POINT(-27.0 -27.0),1389
gev_20120102_0255,2012-01-02 02:55:00,2012-01-02 03:00:00,2012-01-02 03:07:00,B7.6,POINT(-89.0 12.0),0
gev_20120102_0523,2012-01-02 05:23:00,2012-01-02 05:28:00,2012-01-02 05:34:00,C1.6,POINT(-89.0 11.0),0
gev_20120102_0705,2012-01-02 07:05:00,2012-01-02 07:24:00,2012-01-02 07:32:00,C1.5,POINT(-22.0 -27.0),0
gev_20120102_0756,2012-01-02 07:56:00,2012-01-02 08:02:00,2012-01-02 08:09:00,B8.4,POINT(-89.0 12.0),0
gev_20120102_0927,2012-01-02 09:27:00,2012-01-02 09:30:00,2012-01-02 09:32:00,B6.1,POINT(-21.0 -26.0),0
gev_20120102_1111,2012-01-02 11:11:00,2012-01-02 11:18:00,2012-01-02 11:26:00,B8.2,POINT(-89.0 11.0),0
gev_20120102_1431,2012-01-02 14:31:00,2012-01-02 15:24:00,2012-01-02 16:04:00,C2.4,POINT(89.0 7.0),0
gev_20120103_0135,2012-01-03 01:35:00,2012-01-03 01:54:00,2012-01-03 02:20:00,B9.3,POINT(62.0 -19.0),1386
gev_20120103_0331,2012-01-03 03:31:00,2012-01-03 03:34:00,2012-01-03 03:38:00,B6.7,POINT(-11.0 -24.0),1389
gev_20120103_0414,2012-01-03 04:14:00,2012-01-03 04:19:00,2012-01-03 04:27:00,B8.0,POINT(-85.0 12.0),1391
gev_20120103_2050,2012-01-03 20:50:00,2012-01-03 20:53:00,2012-01-03 20:55:00,B7.7,POINT(40.0 10.0),1390
gev_20120104_0219,2012-01-04 02:19:00,2012-01-04 02:22:00,2012-01-04 02:26:00,B6.4,POINT(-67.0 11.0),1391
gev_20120104_0857,2012-01-04 08:57:00,2012-01-04 09:02:00,2012-01-04 09:05:00,C1.5,POINT(-20.0 18.0),1393
gev_20120104_1059,2012-01-04 10:59:00,2012-01-04 11:00:00,2012-01-04 11:14:00,C1.3,POINT(13.0 -18.0),1389
gev_20120105_0701,2012-01-05 07:01:00,2012-01-05 07:22:00,2012-01-05 07:43:00,C1.9,POINT(72.0 7.0),1390
gev_20120105_1151,2012-01-05 11:51:00,2012-01-05 12:38:00,2012-01-05 13:15:00,C2.2,POINT(16.0 27.0),1392
gev_20120106_0604,2012-01-06 06:04:00,2012-01-06 06:08:00,2012-01-06 06:11:00,C1.4,POINT(41.0 -17.0),1389
gev_20120106_1114,2012-01-06 11:14:00,2012-01-06 11:25:00,2012-01-06 11:35:00,C2.2,POINT(26.0 21.0),1392
gev_20120106_1703,2012-01-06 17:03:00,2012-01-06 17:06:00,2012-01-06 17:09:00,B6.8,POINT(82.0 7.0),1390
gev_20120106_1716,2012-01-06 17:16:00,2012-01-06 17:19:00,2012-01-06 17:22:00,C1.4,POINT(83.0 9.0),1390
gev_20120106_2354,2012-01-06 23:54:00,2012-01-07 00:09:00,2012-01-07 00:23:00,C2.7,POINT(32.0 22.0),1392
gev_20120107_0220,2012-01-07 02:20:00,2012-01-07 02:30:00,2012-01-07 02:38:00,C1.1,POINT(76.0 -21.0),1386
gev_20120107_0439,2012-01-07 04:39:00,2012-01-07 04:53:00,2012-01-07 05:07:00,C1.6,POINT(42.0 -26.0),1389
gev_20120107_1039,2012-01-07 10:39:00,2012-01-07 10:42:00,2012-01-07 10:47:00,B9.9,POINT(88.0 15.0),0
gev_20120107_1712,2012-01-07 17:12:00,2012-01-07 17:40:00,2012-01-07 18:10:00,C1.3,POINT(26.0 15.0),0
gev_20120108_0209,2012-01-08 02:09:00,2012-01-08 02:27:00,2012-01-08 02:46:00,C4.9,POINT(88.0 -20.0),0
gev_20120108_0321,2012-01-08 03:21:00,2012-01-08 03:25:00,2012-01-08 03:29:00,C2.9,POINT(31.0 18.0),0
gev_20120108_0433,2012-01-08 04:33:00,2012-01-08 04:38:00,2012-01-08 04:49:00,C1.2,POINT(32.0 18.0),0
gev_20120108_0608,2012-01-08 06:08:00,2012-01-08 06:13:00,2012-01-08 06:16:00,C1.9,POINT(33.0 18.0),0
gev_20120108_1313,2012-01-08 13:13:00,2012-01-08 13:15:00,2012-01-08 13:25:00,C1.8,POINT(60.0 -27.0),0
gev_20120108_1456,2012-01-08 14:56:00,2012-01-08 15:00:00,2012-01-08 15:02:00,C1.3,POINT(39.0 17.0),0
gev_20120108_1720,2012-01-08 17:20:00,2012-01-08 17:26:00,2012-01-08 17:33:00,C1.4,POINT(64.0 -27.0),0
gev_20120108_1914,2012-01-08 19:14:00,2012-01-08 19:18:00,2012-01-08 19:26:00,B9.2,POINT(39.0 17.0),0
gev_20120108_2017,2012-01-08 20:17:00,2012-01-08 20:22:00,2012-01-08 20:38:00,B7.6,POINT(40.0 17.0),0
gev_20120109_0830,2012-01-09 08:30:00,2012-01-09 08:45:00,2012-01-09 09:15:00,B8.3,POINT(-13.0 17.0),0
gev_20120109_1031,2012-01-09 10:31:00,2012-01-09 10:42:00,2012-01-09 10:47:00,C1.1,POINT(48.0 17.0),0
gev_20120109_1451,2012-01-09 14:51:00,2012-01-09 14:56:00,2012-01-09 14:58:00,C1.4,POINT(3.0 14.0),0
gev_20120109_1715,2012-01-09 17:15:00,2012-01-09 17:18:00,2012-01-09 17:21:00,C1.3,POINT(3.0 14.0),0
gev_20120109_1830,2012-01-09 18:30:00,2012-01-09 18:35:00,2012-01-09 18:45:00,B9.5,POINT(5.0 13.0),0
gev_20120109_1902,2012-01-09 19:02:00,2012-01-09 19:11:00,2012-01-09 19:24:00,B9.8,POINT(5.0 13.0),0
gev_20120109_2001,2012-01-09 20:01:00,2012-01-09 20:13:00,2012-01-09 20:28:00,C2.6,POINT(-53.0 17.0),0
gev_20120110_0149,2012-01-10 01:49:00,2012-01-10 01:53:00,2012-01-10 01:56:00,C1.0,POINT(57.0 15.0),1393
gev_20120110_0414,2012-01-10 04:14:00,2012-01-10 04:18:00,2012-01-10 04:24:00,B7.1,POINT(9.0 14.0),1391
gev_20120110_1726,2012-01-10 17:26:00,2012-01-10 17:45:00,2012-01-10 18:26:00,B9.7,POINT(88.0 21.0),1392
gev_20120110_2234,2012-01-10 22:34:00,2012-01-10 23:01:00,2012-01-10 23:12:00,C1.7,POINT(88.0 20.0),1392
gev_20120111_0001,2012-01-11 00:01:00,2012-01-11 00:11:00,2012-01-11 00:23:00,C2.2,POINT(85.0 20.0),0
gev_20120111_0140,2012-01-11 01:40:00,2012-01-11 01:47:00,2012-01-11 01:55:00,C1.6,POINT(88.0 19.0),1392
gev_20120111_0431,2012-01-11 04:31:00,2012-01-11 04:46:00,2012-01-11 05:09:00,C3.7,POINT(71.0 18.0),1393
gev_20120111_1104,2012-01-11 11:04:00,2012-01-11 11:12:00,2012-01-11 11:19:00,C1.6,POINT(-27.0 19.0),1395
gev_20120111_1306,2012-01-11 13:06:00,2012-01-11 13:11:00,2012-01-11 13:29:00,B7.6,POINT(88.0 18.0),1393
gev_20120111_1345,2012-01-11 13:45:00,2012-01-11 13:58:00,2012-01-11 14:10:00,B8.1,POINT(-80.0 -16.0),1403
gev_20120111_1426,2012-01-11 14:26:00,2012-01-11 14:51:00,2012-01-11 15:30:00,C1.2,POINT(-58.0 12.0),1405
gev_20120111_1542,2012-01-11 15:42:00,2012-01-11 16:22:00,2012-01-11 16:40:00,C1.3,POINT(83.0 17.0),1393
gev_20120111_2045,2012-01-11 20:45:00,2012-01-11 20:50:00,2012-01-11 20:54:00,C1.2,POINT(85.0 17.0),1393
gev_20120112_0049,2012-01-12 00:49:00,2012-01-12 00:58:00,2012-01-12 01:06:00,C1.5,POINT(-19.0 18.0),0
gev_20120112_0212,2012-01-12 02:12:00,2012-01-12 02:16:00,2012-01-12 02:28:00,B8.9,POINT(88.0 17.0),0
gev_20120112_0419,2012-01-12 04:19:00,2012-01-12 04:23:00,2012-01-12 04:27:00,B9.0,POINT(88.0 16.0),0
gev_20120112_0747,2012-01-12 07:47:00,2012-01-12 09:00:00,2012-01-12 10:00:00,C2.3,POINT(88.0 18.0),0
gev_20120112_0754,2012-01-12 07:54:00,2012-01-12 10:01:00,2012-01-12 12:16:00,C2.5,POINT(-87.0 30.0),0
gev_20120112_1311,2012-01-12 13:11:00,2012-01-12 13:15:00,2012-01-12 13:33:00,C3.3,POINT(88.0 16.0),0
gev_20120113_0144,2012-01-13 01:44:00,2012-01-13 02:27:00,2012-01-13 03:30:00,C1.3,POINT(-88.0 16.0),1401
gev_20120113_0601,2012-01-13 06:01:00,2012-01-13 06:05:00,2012-01-13 06:08:00,C2.2,POINT(57.0 9.0),1391
gev_20120113_0919,2012-01-13 09:19:00,2012-01-13 09:23:00,2012-01-13 09:26:00,B8.2,POINT(-84.0 -21.0),1399
gev_20120114_0319,2012-01-14 03:19:00,2012-01-14 03:35:00,2012-01-14 04:03:00,C2.1,POINT(-18.0 25.0),1396
gev_20120114_1200,2012-01-14 12:00:00,2012-01-14 12:09:00,2012-01-14 12:20:00,C4.1,POINT(-88.0 17.0),1401
gev_20120114_1233,2012-01-14 12:33:00,2012-01-14 13:12:00,2012-01-14 13:14:00,C5.8,POINT(-88.0 19.0),1401
gev_20120114_1314,2012-01-14 13:14:00,2012-01-14 13:18:00,2012-01-14 13:20:00,M1.4,POINT(-88.0 14.0),1401
gev_20120114_1835,2012-01-14 18:35:00,2012-01-14 18:40:00,2012-01-14 18:43:00,C2.8,POINT(-88.0 15.0),1401
gev_20120114_2141,2012-01-14 21:41:00,2012-01-14 21:54:00,2012-01-14 22:10:00,C2.1,POINT(-87.0 21.0),1401
gev_20120114_2321,2012-01-14 23:21:00,2012-01-14 23:25:00,2012-01-14 23:30:00,C1.1,POINT(-88.0 15.0),1401
gev_20120115_0123,2012-01-15 01:23:00,2012-01-15 01:30:00,2012-01-15 01:38:00,C1.5,POINT(-88.0 17.0),1401
gev_20120115_0206,2012-01-15 02:06:00,2012-01-15 02:09:00,2012-01-15 02:13:00,C2.3,POINT(88.0 9.0),1391
gev_20120115_0248,2012-01-15 02:48:00,2012-01-15 02:52:00,2012-01-15 02:59:00,C2.1,POINT(-88.0 15.0),1401
gev_20120115_1057,2012-01-15 10:57:00,2012-01-15 11:01:00,2012-01-15 11:03:00,C1.0,POINT(85.0 8.0),1391
gev_20120115_2356,2012-01-15 23:56:00,2012-01-15 23:59:00,2012-01-16 00:05:00,C1.1,POINT(-73.0 19.0),1401
gev_20120116_0014,2012-01-16 00:14:00,2012-01-16 00:18:00,2012-01-16 00:22:00,C2.5,POINT(-71.0 19.0),1401
gev_20120116_0025,2012-01-16 00:25:00,2012-01-16 00:48:00,2012-01-16 01:30:00,C4.1,POINT(-88.0 19.0),1401
gev_20120116_0228,2012-01-16 02:28:00,2012-01-16 04:00:00,2012-01-16 04:20:00,C6.2,POINT(-86.0 34.0),1402
gev_20120116_0236,2012-01-16 02:36:00,2012-01-16 04:44:00,2012-01-16 06:46:00,C6.5,POINT(-86.0 34.0),1402
gev_20120116_0808,2012-01-16 08:08:00,2012-01-16 08:12:00,2012-01-16 08:18:00,C3.9,POINT(-67.0 19.0),1401
gev_20120116_1031,2012-01-16 10:31:00,2012-01-16 10:38:00,2012-01-16 10:38:00,C5.5,POINT(-64.0 18.0),1401
gev_20120116_1546,2012-01-16 15:46:00,2012-01-16 16:06:00,2012-01-16 16:44:00,C3.0,POINT(-62.0 18.0),1401
gev_20120116_2250,2012-01-16 22:50:00,2012-01-16 23:16:00,2012-01-17 00:10:00,C3.9,POINT(-57.0 18.0),1401
gev_20120117_0441,2012-01-17 04:41:00,2012-01-17 04:53:00,2012-01-17 05:07:00,M1.0,POINT(-53.0 18.0),1401
gev_20120117_1719,2012-01-17 17:19:00,2012-01-17 17:23:00,2012-01-17 17:25:00,C1.4,POINT(-58.0 16.0),1405
gev_20120117_1832,2012-01-17 18:32:00,2012-01-17 18:37:00,2012-01-17 18:40:00,C2.2,POINT(-41.0 19.0),1409
gev_20120117_2353,2012-01-17 23:53:00,2012-01-17 23:57:00,2012-01-18 00:03:00,C1.0,POINT(-37.0 19.0),1409
gev_20120118_0117,2012-01-18 01:17:00,2012-01-18 01:21:00,2012-01-18 01:26:00,B8.5,POINT(-1.0 -18.0),1403
gev_20120118_0809,2012-01-18 08:09:00,2012-01-18 08:14:00,2012-01-18 08:18:00,B9.7,POINT(-38.0 18.0),1409
gev_20120118_0905,2012-01-18 09:05:00,2012-01-18 09:10:00,2012-01-18 09:17:00,B8.6,POINT(-40.0 28.0),1402
gev_20120118_0951,2012-01-18 09:51:00,2012-01-18 09:54:00,2012-01-18 09:56:00,C1.0,POINT(-32.0 18.0),1401
gev_20120118_1016,2012-01-18 10:16:00,2012-01-18 10:30:00,2012-01-18 10:45:00,C2.4,POINT(-38.0 19.0),1409
gev_20120118_1210,2012-01-18 12:10:00,2012-01-18 12:30:00,2012-01-18 12:33:00,B9.6,POINT(-37.0 27.0),1402
gev_20120118_1904,2012-01-18 19:04:00,2012-01-18 19:12:00,2012-01-18 19:27:00,M1.7,POINT(-32.0 17.0),1401
gev_20120118_2257,2012-01-18 22:57:00,2012-01-18 23:20:00,2012-01-18 23:33:00,C5.1,POINT(44.0 25.0),1396
gev_20120119_0115,2012-01-19 01:15:00,2012-01-19 02:12:00,2012-01-19 03:00:00,C1.1,POINT(-29.0 18.0),1401
gev_20120119_0352,2012-01-19 03:52:00,2012-01-19 03:55:00,2012-01-19 03:57:00,C1.2,POINT(-28.0 29.0),1402
gev_20120119_1022,2012-01-19 10:22:00,2012-01-19 10:26:00,2012-01-19 10:31:00,B8.9,POINT(-27.0 30.0),1402
gev_20120119_1241,2012-01-19 12:41:00,2012-01-19 12:50:00,2012-01-19 13:00:00,C3.2,POINT(51.0 26.0),1396
gev_20120119_1343,2012-01-19 13:43:00,2012-01-19 15:30:00,2012-01-19 16:30:00,M2.6,POINT(-27.0 32.0),1402
gev_20120119_1344,2012-01-19 13:44:00,2012-01-19 16:05:00,2012-01-19 17:50:00,M3.2,POINT(-27.0 32.0),1402
gev_20120120_1458,2012-01-20 14:58:00,2012-01-20 15:01:00,2012-01-20 15:04:00,B9.1,POINT(-8.0 18.0),1401
gev_20120120_2101,2012-01-20 21:01:00,2012-01-20 21:12:00,2012-01-20 21:22:00,C1.3,POINT(71.0 25.0),1396
gev_20120120_2148,2012-01-20 21:48:00,2012-01-20 23:33:00,2012-01-21 00:36:00,C1.4,POINT(4.0 14.0),1401
gev_20120120_2150,2012-01-20 21:50:00,2012-01-20 23:15:00,2012-01-21 00:00:00,C1.5,POINT(4.0 13.0),1401
gev_20120121_0434,2012-01-21 04:34:00,2012-01-21 04:57:00,2012-01-21 05:30:00,C1.2,POINT(-2.0 27.0),1402
gev_20120121_1335,2012-01-21 13:35:00,2012-01-21 13:42:00,2012-01-21 13:47:00,C2.4,POINT(82.0 25.0),1396
gev_20120121_2044,2012-01-21 20:44:00,2012-01-21 21:20:00,2012-01-21 21:43:00,C1.3,POINT(10.0 17.0),1401
gev_20120122_0232,2012-01-22 02:32:00,2012-01-22 02:57:00,2012-01-22 03:06:00,C7.1,POINT(13.0 17.0),1401
gev_20120122_0336,2012-01-22 03:36:00,2012-01-22 04:00:00,2012-01-22 05:10:00,C3.4,POINT(11.0 21.0),1402
gev_20120122_0847,2012-01-22 08:47:00,2012-01-22 08:54:00,2012-01-22 09:01:00,C2.2,POINT(14.0 18.0),1401
gev_20120122_1238,2012-01-22 12:38:00,2012-01-22 12:55:00,2012-01-22 13:47:00,C3.7,POINT(17.0 18.0),1401
gev_20120122_1915,2012-01-22 19:15:00,2012-01-22 19:18:00,2012-01-22 19:20:00,B9.5,POINT(21.0 29.0),1402
gev_20120122_2022,2012-01-22 20:22:00,2012-01-22 20:26:00,2012-01-22 20:31:00,B9.8,POINT(17.0 32.0),1402
gev_20120122_2047,2012-01-22 20:47:00,2012-01-22 20:53:00,2012-01-22 20:59:00,C2.0,POINT(21.0 19.0),1401
gev_20120123_0039,2012-01-23 00:39:00,2012-01-23 01:30:00,2012-01-23 02:30:00,C1.9,POINT(21.0 29.0),1402
gev_20120123_0338,2012-01-23 03:38:00,2012-01-23 03:59:00,2012-01-23 03:59:00,M8.7,POINT(21.0 33.0),1402
gev_20120123_1940,2012-01-23 19:40:00,2012-01-23 20:11:00,2012-01-23 20:26:00,C1.4,POINT(35.0 17.0),1401
gev_20120123_1942,2012-01-23 19:42:00,2012-01-23 20:11:00,2012-01-23 20:38:00,C1.5,POINT(35.0 17.0),0
gev_20120124_0429,2012-01-24 04:29:00,2012-01-24 04:33:00,2012-01-24 04:37:00,C1.0,POINT(33.0 30.0),1402
gev_20120124_0508,2012-01-24 05:08:00,2012-01-24 05:12:00,2012-01-24 05:18:00,B8.6,POINT(34.0 29.0),1402
gev_20120124_0946,2012-01-24 09:46:00,2012-01-24 09:53:00,2012-01-24 09:59:00,C2.5,POINT(39.0 31.0),1402
gev_20120124_1657,2012-01-24 16:57:00,2012-01-24 17:00:00,2012-01-24 17:10:00,C1.3,POINT(40.0 32.0),1402
gev_20120124_1724,2012-01-24 17:24:00,2012-01-24 18:13:00,2012-01-24 19:04:00,C1.8,POINT(54.0 18.0),1401
gev_20120125_0148,2012-01-25 01:48:00,2012-01-25 01:57:00,2012-01-25 02:10:00,B9.5,POINT(51.0 18.0),1401
gev_20120125_0505,2012-01-25 05:05:00,2012-01-25 05:15:00,2012-01-25 05:25:00,B7.3,POINT(52.0 27.0),1402
gev_20120125_1852,2012-01-25 18:52:00,2012-01-25 19:02:00,2012-01-25 19:10:00,B8.0,POINT(57.0 33.0),1402
gev_20120126_0000,2012-01-26 00:00:00,2012-01-26 00:05:00,2012-01-26 00:10:00,C1.5,POINT(60.0 33.0),1402
gev_20120126_0026,2012-01-26 00:26:00,2012-01-26 00:36:00,2012-01-26 00:59:00,C5.8,POINT(56.0 30.0),1402
gev_20120126_0140,2012-01-26 01:40:00,2012-01-26 01:45:00,2012-01-26 02:00:00,C7.9,POINT(59.0 32.0),1402
gev_20120126_0356,2012-01-26 03:56:00,2012-01-26 05:15:00,2012-01-26 06:30:00,C5.2,POINT(78.0 41.0),1402
gev_20120126_0358,2012-01-26 03:58:00,2012-01-26 05:42:00,2012-01-26 07:03:00,C6.4,POINT(84.0 41.0),1402
gev_20120126_0958,2012-01-26 09:58:00,2012-01-26 10:11:00,2012-01-26 10:42:00,C2.7,POINT(65.0 32.0),1402
gev_20120126_1001,2012-01-26 10:01:00,2012-01-26 10:11:00,2012-01-26 10:21:00,C2.7,POINT(65.0 32.0),1402
gev_20120126_2038,2012-01-26 20:38:00,2012-01-26 20:44:00,2012-01-26 20:51:00,C2.8,POINT(72.0 32.0),1402
gev_20120126_2155,2012-01-26 21:55:00,2012-01-26 22:02:00,2012-01-26 22:10:00,C1.8,POINT(73.0 33.0),1402
gev_20120127_0111,2012-01-27 01:11:00,2012-01-27 01:24:00,2012-01-27 01:32:00,C1.7,POINT(73.0 33.0),1402
gev_20120127_0401,2012-01-27 04:01:00,2012-01-27 04:10:00,2012-01-27 04:26:00,C2.1,POINT(80.0 18.0),1401
gev_20120127_0624,2012-01-27 06:24:00,2012-01-27 06:42:00,2012-01-27 06:53:00,C5.5,POINT(80.0 33.0),1402
gev_20120127_1158,2012-01-27 11:58:00,2012-01-27 12:00:00,2012-01-27 12:16:00,C1.4,POINT(87.0 19.0),1401
gev_20120127_1302,2012-01-27 13:02:00,2012-01-27 13:05:00,2012-01-27 13:09:00,C1.0,POINT(24.0 13.0),1409
gev_20120127_1737,2012-01-27 17:37:00,2012-01-27 18:37:00,2012-01-27 18:56:00,X1.7,POINT(85.0 33.0),1402
gev_20120128_1530,2012-01-28 15:30:00,2012-01-28 15:34:00,2012-01-28 15:40:00,C1.0,POINT(-54.0 8.0),1413
gev_20120129_0439,2012-01-29 04:39:00,2012-01-29 05:01:00,2012-01-29 05:24:00,B5.9,POINT(-54.0 17.0),1410
gev_20120129_0533,2012-01-29 05:33:00,2012-01-29 06:04:00,2012-01-29 06:33:00,B7.9,POINT(-54.0 19.0),1410
gev_20120130_0043,2012-01-30 00:43:00,2012-01-30 00:54:00,2012-01-30 01:05:00,B5.2,POINT(88.0 10.0),0
gev_20120130_0315,2012-01-30 03:15:00,2012-01-30 03:23:00,2012-01-30 03:30:00,B5.1,POINT(88.0 10.0),0
gev_20120130_0435,2012-01-30 04:35:00,2012-01-30 04:40:00,2012-01-30 04:43:00,C1.3,POINT(88.0 10.0),0
gev_20120130_1808,2012-01-30 18:08:00,2012-01-30 19:01:00,2012-01-30 19:18:00,B4.2,POINT(13.0 -25.0),1411
gev_20120130_2143,2012-01-30 21:43:00,2012-01-30 21:48:00,2012-01-30 21:54:00,B4.9,POINT(-24.0 6.0),1413
gev_20120131_0616,2012-01-31 06:16:00,2012-01-31 06:24:00,2012-01-31 06:41:00,B6.7,POINT(50.0 14.0),1408
gev_20120131_1404,2012-01-31 14:04:00,2012-01-31 14:15:00,2012-01-31 14:28:00,B9.9,POINT(54.0 13.0),1408
gev_20120131_2208,2012-01-31 22:08:00,2012-01-31 23:22:00,2012-01-31 23:44:00,B4.9,POINT(-11.0 21.0),1410
gev_20120201_0144,2012-02-01 01:44:00,2012-02-01 02:28:00,2012-02-01 02:48:00,B4.5,POINT(26.0 -28.0),1411
gev_20120201_0413,2012-02-01 04:13:00,2012-02-01 04:41:00,2012-02-01 05:07:00,C1.0,POINT(69.0 11.0),1408
gev_20120201_0850,2012-02-01 08:50:00,2012-02-01 09:16:00,2012-02-01 09:37:00,B6.4,POINT(69.0 11.0),1408
gev_20120201_0958,2012-02-01 09:58:00,2012-02-01 10:17:00,2012-02-01 10:38:00,B5.9,POINT(72.0 11.0),1408
gev_20120202_0330,2012-02-02 03:30:00,2012-02-02 03:41:00,2012-02-02 03:55:00,B5.4,POINT(77.0 16.0),1408
gev_20120202_0857,2012-02-02 08:57:00,2012-02-02 09:00:00,2012-02-02 09:17:00,B7.8,POINT(82.0 12.0),1408
gev_20120202_1151,2012-02-02 11:51:00,2012-02-02 11:54:00,2012-02-02 11:56:00,B5.0,POINT(12.0 8.0),1413
gev_20120202_1806,2012-02-02 18:06:00,2012-02-02 18:15:00,2012-02-02 18:21:00,B8.9,POINT(16.0 7.0),1413
gev_20120203_0439,2012-02-03 04:39:00,2012-02-03 04:47:00,2012-02-03 04:52:00,B7.4,POINT(18.0 20.0),1410
gev_20120205_0725,2012-02-05 07:25:00,2012-02-05 07:29:00,2012-02-05 07:34:00,B3.1,POINT(46.0 21.0),1410
gev_20120205_1243,2012-02-05 12:43:00,2012-02-05 12:47:00,2012-02-05 12:51:00,B2.4,POINT(48.0 19.0),1410
gev_20120205_2224,2012-02-05 22:24:00,2012-02-05 22:31:00,2012-02-05 23:00:00,B3.7,POINT(49.0 19.0),1410
gev_20120206_0106,2012-02-06 01:06:00,2012-02-06 01:25:00,2012-02-06 01:42:00,B5.5,POINT(55.0 19.0),1410
gev_20120206_0428,2012-02-06 04:28:00,2012-02-06 04:49:00,2012-02-06 05:20:00,B6.6,POINT(-55.0 -8.0),0
gev_20120206_0723,2012-02-06 07:23:00,2012-02-06 07:33:00,2012-02-06 07:46:00,B9.3,POINT(56.0 19.0),0
gev_20120206_1120,2012-02-06 11:20:00,2012-02-06 11:23:00,2012-02-06 11:30:00,B3.9,POINT(53.0 18.0),0
gev_20120206_1310,2012-02-06 13:10:00,2012-02-06 13:14:00,2012-02-06 13:19:00,B6.8,POINT(55.0 19.0),0
gev_20120206_1442,2012-02-06 14:42:00,2012-02-06 14:47:00,2012-02-06 14:52:00,B7.9,POINT(56.0 19.0),0
gev_20120206_1515,2012-02-06 15:15:00,2012-02-06 15:18:00,2012-02-06 15:21:00,B5.2,POINT(65.0 19.0),0
gev_20120206_1618,2012-02-06 16:18:00,2012-02-06 16:23:00,2012-02-06 16:26:00,B6.2,POINT(61.0 19.0),1410
gev_20120206_1649,2012-02-06 16:49:00,2012-02-06 16:54:00,2012-02-06 17:12:00,B6.6,POINT(62.0 18.0),1410
gev_20120206_1720,2012-02-06 17:20:00,2012-02-06 17:27:00,2012-02-06 17:37:00,C1.2,POINT(58.0 19.0),1410
gev_20120206_1843,2012-02-06 18:43:00,2012-02-06 19:46:00,2012-02-06 20:00:00,C7.2,POINT(62.0 20.0),1410
gev_20120206_1931,2012-02-06 19:31:00,2012-02-06 20:00:00,2012-02-06 20:17:00,M1.0,POINT(62.0 19.0),1410
gev_20120207_0115,2012-02-07 01:15:00,2012-02-07 01:23:00,2012-02-07 01:30:00,C3.5,POINT(62.0 19.0),1410
gev_20120207_0232,2012-02-07 02:32:00,2012-02-07 02:37:00,2012-02-07 02:42:00,B4.0,POINT(73.0 16.0),0
gev_20120207_0417,2012-02-07 04:17:00,2012-02-07 04:24:00,2012-02-07 04:24:00,C1.7,POINT(63.0 19.0),0
gev_20120207_1034,2012-02-07 10:34:00,2012-02-07 10:39:00,2012-02-07 10:42:00,B8.0,POINT(72.0 17.0),0
gev_20120207_1056,2012-02-07 10:56:00,2012-02-07 11:03:00,2012-02-07 11:11:00,C5.1,POINT(66.0 20.0),0
gev_20120207_1233,2012-02-07 12:33:00,2012-02-07 12:38:00,2012-02-07 12:52:00,B5.2,POINT(68.0 18.0),1410
gev_20120207_1611,2012-02-07 16:11:00,2012-02-07 17:34:00,2012-02-07 17:42:00,C6.8,POINT(70.0 20.0),1410
gev_20120207_2011,2012-02-07 20:11:00,2012-02-07 22:19:00,2012-02-07 23:21:00,C6.8,POINT(87.0 18.0),1410
gev_20120207_2015,2012-02-07 20:15:00,2012-02-07 22:15:00,2012-02-07 22:45:00,C7.2,POINT(87.0 18.0),1410
gev_20120207_2018,2012-02-07 20:18:00,2012-02-07 22:19:00,2012-02-07 23:21:00,C7.3,POINT(87.0 18.0),1410
gev_20120208_0220,2012-02-08 02:20:00,2012-02-08 02:43:00,2012-02-08 03:15:00,C1.5,POINT(87.0 17.0),1410
gev_20120208_0336,2012-02-08 03:36:00,2012-02-08 04:17:00,2012-02-08 04:40:00,C2.6,POINT(50.0 9.0),1415
gev_20120208_0707,2012-02-08 07:07:00,2012-02-08 07:14:00,2012-02-08 07:22:00,B8.1,POINT(52.0 10.0),1415
gev_20120208_2148,2012-02-08 21:48:00,2012-02-08 22:17:00,2012-02-08 22:28:00,C2.9,POINT(59.0 10.0),1415
gev_20120209_0300,2012-02-09 03:00:00,2012-02-09 03:06:00,2012-02-09 03:20:00,B4.7,POINT(-35.0 -18.0),1416
gev_20120209_0459,2012-02-09 04:59:00,2012-02-09 05:00:00,2012-02-09 05:14:00,B9.3,POINT(-34.0 -18.0),1416
gev_20120209_0920,2012-02-09 09:20:00,2012-02-09 09:33:00,2012-02-09 09:50:00,C1.1,POINT(64.0 12.0),1415
gev_20120209_1200,2012-02-09 12:00:00,2012-02-09 12:16:00,2012-02-09 12:27:00,C1.0,POINT(-30.0 -18.0),1416
gev_20120209_1800,2012-02-09 18:00:00,2012-02-09 21:14:00,2012-02-09 22:00:00,B3.7,POINT(-78.0 26.0),1419
gev_20120209_2201,2012-02-09 22:01:00,2012-02-09 22:07:00,2012-02-09 22:17:00,B7.5,POINT(73.0 10.0),1415
gev_20120210_0006,2012-02-10 00:06:00,2012-02-10 00:27:00,2012-02-10 00:47:00,B7.7,POINT(-24.0 -19.0),1416
gev_20120210_0110,2012-02-10 01:10:00,2012-02-10 01:16:00,2012-02-10 01:26:00,B6.2,POINT(-24.0 -18.0),1416
gev_20120210_0134,2012-02-10 01:34:00,2012-02-10 01:53:00,2012-02-10 02:00:00,B6.3,POINT(-23.0 -18.0),0
gev_20120210_0246,2012-02-10 02:46:00,2012-02-10 02:56:00,2012-02-10 03:08:00,B5.0,POINT(-23.0 -17.0),0
gev_20120210_0433,2012-02-10 04:33:00,2012-02-10 04:35:00,2012-02-10 04:43:00,B8.8,POINT(-23.0 -18.0),1416
gev_20120210_0434,2012-02-10 04:34:00,2012-02-10 04:35:00,2012-02-10 04:37:00,B8.8,POINT(-23.0 -18.0),0
gev_20120210_0810,2012-02-10 08:10:00,2012-02-10 08:13:00,2012-02-10 08:15:00,B3.2,POINT(-21.0 -18.0),0
gev_20120210_1205,2012-02-10 12:05:00,2012-02-10 12:12:00,2012-02-10 12:19:00,C1.0,POINT(88.0 11.0),0
gev_20120210_1520,2012-02-10 15:20:00,2012-02-10 15:36:00,2012-02-10 16:00:00,C1.1,POINT(87.0 15.0),0
gev_20120210_1827,2012-02-10 18:27:00,2012-02-10 18:31:00,2012-02-10 18:33:00,B9.9,POINT(-14.0 -17.0),0
gev_20120210_2055,2012-02-10 20:55:00,2012-02-10 21:00:00,2012-02-10 21:19:00,B8.6,POINT(88.0 11.0),0
gev_20120210_2321,2012-02-10 23:21:00,2012-02-10 23:26:00,2012-02-10 23:30:00,B8.4,POINT(-11.0 -17.0),0
gev_20120210_2348,2012-02-10 23:48:00,2012-02-10 23:52:00,2012-02-10 23:54:00,B7.5,POINT(-12.0 -18.0),0
gev_20120211_0803,2012-02-11 08:03:00,2012-02-11 08:20:00,2012-02-11 08:35:00,B8.4,POINT(-85.0 29.0),1417
gev_20120211_0849,2012-02-11 08:49:00,2012-02-11 08:55:00,2012-02-11 09:01:00,C1.4,POINT(-86.0 28.0),1417
gev_20120211_0955,2012-02-11 09:55:00,2012-02-11 10:04:00,2012-02-11 10:11:00,C7.9,POINT(-86.0 28.0),1417
gev_20120211_1041,2012-02-11 10:41:00,2012-02-11 10:44:00,2012-02-11 10:49:00,C1.5,POINT(-86.0 25.0),1417
gev_20120211_1210,2012-02-11 12:10:00,2012-02-11 12:14:00,2012-02-11 12:18:00,B7.2,POINT(-86.0 28.0),1419
gev_20120211_1512,2012-02-11 15:12:00,2012-02-11 15:26:00,2012-02-11 15:32:00,B6.0,POINT(-85.0 29.0),1419
gev_20120211_1555,2012-02-11 15:55:00,2012-02-11 16:00:00,2012-02-11 16:09:00,C2.7,POINT(-85.0 30.0),1419
gev_20120211_1847,2012-02-11 18:47:00,2012-02-11 18:54:00,2012-02-11 19:06:00,C7.7,POINT(-85.0 29.0),1419
gev_20120211_1908,2012-02-11 19:08:00,2012-02-11 19:12:00,2012-02-11 19:20:00,C5.3,POINT(-85.0 29.0),1419
gev_20120211_2038,2012-02-11 20:38:00,2012-02-11 20:44:00,2012-02-11 20:50:00,C2.7,POINT(-85.0 28.0),1419
gev_20120211_2326,2012-02-11 23:26:00,2012-02-11 23:33:00,2012-02-11 23:36:00,C2.7,POINT(-85.0 28.0),1419
gev_20120212_0442,2012-02-12 04:42:00,2012-02-12 04:46:00,2012-02-12 04:51:00,C1.3,POINT(-85.0 29.0),0
gev_20120212_0653,2012-02-12 06:53:00,2012-02-12 07:01:00,2012-02-12 07:05:00,C1.6,POINT(-86.0 27.0),0
gev_20120212_0732,2012-02-12 07:32:00,2012-02-12 07:38:00,2012-02-12 07:46:00,B9.7,POINT(-85.0 29.0),0
gev_20120212_1103,2012-02-12 11:03:00,2012-02-12 11:06:00,2012-02-12 11:08:00,B5.2,POINT(-80.0 28.0),0
gev_20120212_1437,2012-02-12 14:37:00,2012-02-12 14:43:00,2012-02-12 14:46:00,C3.9,POINT(-81.0 31.0),0
gev_20120212_1618,2012-02-12 16:18:00,2012-02-12 16:22:00,2012-02-12 16:24:00,B5.5,POINT(-18.0 -24.0),0
gev_20120212_1851,2012-02-12 18:51:00,2012-02-12 18:55:00,2012-02-12 18:58:00,B4.8,POINT(-77.0 29.0),0
gev_20120212_2152,2012-02-12 21:52:00,2012-02-12 21:55:00,2012-02-12 21:57:00,B5.1,POINT(-15.0 -23.0),0
gev_20120212_2302,2012-02-12 23:02:00,2012-02-12 23:10:00,2012-02-12 23:13:00,B3.4,POINT(-75.0 29.0),0
gev_20120212_2342,2012-02-12 23:42:00,2012-02-12 23:46:00,2012-02-12 23:49:00,B4.5,POINT(-74.0 29.0),0
gev_20120213_0018,2012-02-13 00:18:00,2012-02-13 00:22:00,2012-02-13 00:26:00,B3.7,POINT(-75.0 31.0),1419
gev_20120214_1017,2012-02-14 10:17:00,2012-02-14 10:23:00,2012-02-14 10:27:00,B2.8,POINT(33.0 -17.0),1416
gev_20120214_1131,2012-02-14 11:31:00,2012-02-14 11:43:00,2012-02-14 11:51:00,B3.3,POINT(33.0 -17.0),1416
gev_20120214_1853,2012-02-14 18:53:00,2012-02-14 18:57:00,2012-02-14 19:00:00,B3.5,POINT(-11.0 18.0),1417
gev_20120214_2206,2012-02-14 22:06:00,2012-02-14 22:27:00,2012-02-14 22:54:00,B2.6,POINT(38.0 -16.0),1416
gev_20120214_2307,2012-02-14 23:07:00,2012-02-14 23:24:00,2012-02-14 23:37:00,B5.4,POINT(-10.0 26.0),1417
gev_20120215_0115,2012-02-15 01:15:00,2012-02-15 01:26:00,2012-02-15 01:35:00,B3.3,POINT(39.0 -16.0),1416
gev_20120215_0740,2012-02-15 07:40:00,2012-02-15 07:45:00,2012-02-15 07:51:00,B4.0,POINT(43.0 -16.0),1416
gev_20120215_1518,2012-02-15 15:18:00,2012-02-15 15:49:00,2012-02-15 16:25:00,B2.4,POINT(-1.0 17.0),1417
gev_20120217_0352,2012-02-17 03:52:00,2012-02-17 03:58:00,2012-02-17 04:20:00,B2.7,POINT(21.0 18.0),0
gev_20120217_1152,2012-02-17 11:52:00,2012-02-17 12:03:00,2012-02-17 12:18:00,B2.7,POINT(-22.0 10.0),1420
gev_20120218_0448,2012-02-18 04:48:00,2012-02-18 05:12:00,2012-02-18 05:22:00,B4.0,POINT(35.0 17.0),0
gev_20120218_0902,2012-02-18 09:02:00,2012-02-18 09:24:00,2012-02-18 09:51:00,B2.5,POINT(67.0 -26.0),1418
gev_20120218_0953,2012-02-18 09:53:00,2012-02-18 10:15:00,2012-02-18 10:40:00,B3.0,POINT(-1.0 30.0),1419
gev_20120218_1312,2012-02-18 13:12:00,2012-02-18 13:16:00,2012-02-18 13:21:00,B3.7,POINT(-67.0 15.0),1423
gev_20120218_1838,2012-02-18 18:38:00,2012-02-18 18:46:00,2012-02-18 18:54:00,B2.8,POINT(-66.0 18.0),1423
gev_20120218_1856,2012-02-18 18:56:00,2012-02-18 19:06:00,2012-02-18 19:18:00,B3.4,POINT(-68.0 16.0),1423
gev_20120218_1924,2012-02-18 19:24:00,2012-02-18 19:30:00,2012-02-18 19:34:00,B3.2,POINT(-17.0 15.0),1422
gev_20120219_0255,2012-02-19 02:55:00,2012-02-19 03:13:00,2012-02-19 03:28:00,B4.1,POINT(-62.0 17.0),1423
gev_20120219_0841,2012-02-19 08:41:00,2012-02-19 08:51:00,2012-02-19 09:00:00,C1.0,POINT(-11.0 17.0),1422
gev_20120219_1818,2012-02-19 18:18:00,2012-02-19 18:21:00,2012-02-19 18:28:00,B3.1,POINT(-3.0 14.0),1422
gev_20120219_1856,2012-02-19 18:56:00,2012-02-19 19:00:00,2012-02-19 19:02:00,B3.6,POINT(-4.0 14.0),1422
gev_20120219_1946,2012-02-19 19:46:00,2012-02-19 19:49:00,2012-02-19 19:55:00,B3.7,POINT(-4.0 13.0),1422
gev_20120220_0141,2012-02-20 01:41:00,2012-02-20 01:45:00,2012-02-20 01:58:00,B7.2,POINT(86.0 -24.0),1418
gev_20120220_0339,2012-02-20 03:39:00,2012-02-20 03:46:00,2012-02-20 03:52:00,C1.1,POINT(1.0 14.0),1422
gev_20120220_0441,2012-02-20 04:41:00,2012-02-20 05:09:00,2012-02-20 05:35:00,C4.1,POINT(-49.0 19.0),1421
gev_20120220_1120,2012-02-20 11:20:00,2012-02-20 11:27:00,2012-02-20 11:32:00,C1.1,POINT(4.0 13.0),1422
gev_20120220_1248,2012-02-20 12:48:00,2012-02-20 13:38:00,2012-02-20 14:00:00,B7.7,POINT(3.0 14.0),1422
gev_20120220_1911,2012-02-20 19:11:00,2012-02-20 19:44:00,2012-02-20 20:15:00,B4.9,POINT(86.0 -26.0),1418
gev_20120220_2339,2012-02-20 23:39:00,2012-02-20 23:45:00,2012-02-20 23:53:00,B9.3,POINT(10.0 12.0),1422
gev_20120221_0358,2012-02-21 03:58:00,2012-02-21 04:22:00,2012-02-21 05:00:00,B4.3,POINT(13.0 15.0),0
gev_20120221_1142,2012-02-21 11:42:00,2012-02-21 11:48:00,2012-02-21 11:55:00,C1.0,POINT(16.0 15.0),0
gev_20120221_1932,2012-02-21 19:32:00,2012-02-21 19:37:00,2012-02-21 19:41:00,B5.0,POINT(21.0 14.0),0
gev_20120221_2037,2012-02-21 20:37:00,2012-02-21 20:41:00,2012-02-21 20:45:00,B4.5,POINT(21.0 19.0),0
gev_20120221_2153,2012-02-21 21:53:00,2012-02-21 22:13:00,2012-02-21 22:45:00,B4.3,POINT(-87.0 16.0),0
gev_20120222_2250,2012-02-22 22:50:00,2012-02-22 23:12:00,2012-02-22 23:22:00,B3.3,POINT(36.0 15.0),1422
gev_20120223_0750,2012-02-23 07:50:00,2012-02-23 08:50:00,2012-02-23 09:20:00,B6.4,POINT(-79.0 20.0),0
gev_20120223_1146,2012-02-23 11:46:00,2012-02-23 11:55:00,2012-02-23 12:04:00,B4.7,POINT(-1.0 15.0),0
gev_20120224_0045,2012-02-24 00:45:00,2012-02-24 00:49:00,2012-02-24 00:55:00,B4.5,POINT(-88.0 10.0),0
gev_20120224_1321,2012-02-24 13:21:00,2012-02-24 13:24:00,2012-02-24 13:30:00,B4.7,POINT(-88.0 11.0),0
gev_20120224_1525,2012-02-24 15:25:00,2012-02-24 15:52:00,2012-02-24 16:20:00,B4.2,POINT(-88.0 11.0),0
gev_20120225_1420,2012-02-25 14:20:00,2012-02-25 15:00:00,2012-02-25 15:25:00,B5.9,POINT(-87.0 14.0),1427
gev_20120225_1553,2012-02-25 15:53:00,2012-02-25 15:56:00,2012-02-25 15:58:00,B4.6,POINT(72.0 14.0),1422
gev_20120225_2046,2012-02-25 20:46:00,2012-02-25 20:50:00,2012-02-25 20:58:00,B4.0,POINT(30.0 14.0),1421
gev_20120225_2205,2012-02-25 22:05:00,2012-02-25 22:11:00,2012-02-25 22:16:00,B4.8,POINT(79.0 18.0),1422
gev_20120226_0211,2012-02-26 02:11:00,2012-02-26 02:15:00,2012-02-26 02:18:00,B4.2,POINT(76.0 14.0),1422
gev_20120226_0407,2012-02-26 04:07:00,2012-02-26 04:10:00,2012-02-26 04:14:00,B3.5,POINT(-24.0 10.0),1426
gev_20120226_0503,2012-02-26 05:03:00,2012-02-26 05:13:00,2012-02-26 05:20:00,B3.8,POINT(-24.0 10.0),1426
gev_20120226_0545,2012-02-26 05:45:00,2012-02-26 06:44:00,2012-02-26 07:20:00,B6.4,POINT(87.0 18.0),1422
gev_20120226_0909,2012-02-26 09:09:00,2012-02-26 09:55:00,2012-02-26 10:33:00,B5.2,POINT(-45.0 20.0),1423
gev_20120226_1119,2012-02-26 11:19:00,2012-02-26 11:25:00,2012-02-26 11:34:00,C1.3,POINT(39.0 14.0),1421
gev_20120226_2135,2012-02-26 21:35:00,2012-02-26 21:41:00,2012-02-26 21:49:00,C2.3,POINT(45.0 14.0),1421
gev_20120226_2329,2012-02-26 23:29:00,2012-02-26 23:33:00,2012-02-26 23:35:00,B7.0,POINT(-88.0 -13.0),0
gev_20120227_1340,2012-02-27 13:40:00,2012-02-27 16:04:00,2012-02-27 16:45:00,B5.3,POINT(87.0 17.0),1422
gev_20120227_1806,2012-02-27 18:06:00,2012-02-27 18:13:00,2012-02-27 18:22:00,B9.9,POINT(-43.0 10.0),1427
gev_20120228_0006,2012-02-28 00:06:00,2012-02-28 00:19:00,2012-02-28 00:32:00,B6.6,POINT(-0.0 12.0),1426
gev_20120228_0501,2012-02-28 05:01:00,2012-02-28 05:11:00,2012-02-28 05:23:00,B2.3,POINT(-36.0 10.0),1427
gev_20120228_0757,2012-02-28 07:57:00,2012-02-28 08:07:00,2012-02-28 08:20:00,B6.7,POINT(-34.0 9.0),1427
gev_20120228_1436,2012-02-28 14:36:00,2012-02-28 15:17:00,2012-02-28 15:40:00,B2.6,POINT(-31.0 9.0),1427
gev_20120228_2118,2012-02-28 21:18:00,2012-02-28 23:26:00,2012-02-28 23:40:00,B2.9,POINT(-5.0 20.0),1423
gev_20120228_2343,2012-02-28 23:43:00,2012-02-28 23:48:00,2012-02-28 23:59:00,B2.7,POINT(43.0 -15.0),0
gev_20120229_0733,2012-02-29 07:33:00,2012-02-29 07:38:00,2012-02-29 07:41:00,B5.3,POINT(-25.0 13.0),1427
gev_20120229_1425,2012-02-29 14:25:00,2012-02-29 14:28:00,2012-02-29 14:34:00,B2.4,POINT(6.0 15.0),1423
gev_20120229_1520,2012-02-29 15:20:00,2012-02-29 15:25:00,2012-02-29 15:55:00,B4.3,POINT(-20.0 13.0),1427
gev_20120229_2115,2012-02-29 21:15:00,2012-02-29 21:22:00,2012-02-29 21:28:00,B8.6,POINT(-18.0 14.0),1427
gev_20120229_2234,2012-02-29 22:34:00,2012-02-29 22:40:00,2012-02-29 22:51:00,B9.2,POINT(-15.0 13.0),1427
gev_20120301_0852,2012-03-01 08:52:00,2012-03-01 10:10:00,2012-03-01 11:16:00,B5.5,POINT(-10.0 8.0),1427
gev_20120301_1510,2012-03-01 15:10:00,2012-03-01 15:15:00,2012-03-01 15:26:00,C3.3,POINT(12.0 20.0),1423
gev_20120301_2040,2012-03-01 20:40:00,2012-03-01 21:44:00,2012-03-01 21:58:00,B5.9,POINT(0.0 14.0),1427
gev_20120302_0309,2012-03-02 03:09:00,2012-03-02 03:13:00,2012-03-02 03:21:00,B4.1,POINT(-87.0 17.0),1430
gev_20120302_0524,2012-03-02 05:24:00,2012-03-02 05:38:00,2012-03-02 06:10:00,B5.8,POINT(-87.0 17.0),1430
gev_20120302_1729,2012-03-02 17:29:00,2012-03-02 17:46:00,2012-03-02 18:07:00,M3.3,POINT(-87.0 18.0),1429
gev_20120302_2337,2012-03-02 23:37:00,2012-03-02 23:43:00,2012-03-02 23:43:00,B7.7,POINT(-87.0 18.0),1429
gev_20120303_0056,2012-03-03 00:56:00,2012-03-03 01:02:00,2012-03-03 01:27:00,C1.4,POINT(-87.0 18.0),1429
gev_20120303_0301,2012-03-03 03:01:00,2012-03-03 03:08:00,2012-03-03 03:11:00,C1.3,POINT(17.0 14.0),1427
gev_20120303_0515,2012-03-03 05:15:00,2012-03-03 05:20:00,2012-03-03 05:25:00,C1.2,POINT(-87.0 19.0),1429
gev_20120303_0532,2012-03-03 05:32:00,2012-03-03 06:09:00,2012-03-03 06:30:00,C2.8,POINT(-87.0 19.0),0
gev_20120303_0534,2012-03-03 05:34:00,2012-03-03 06:09:00,2012-03-03 06:37:00,C2.8,POINT(-87.0 19.0),1429
gev_20120303_1512,2012-03-03 15:12:00,2012-03-03 15:15:00,2012-03-03 15:17:00,B3.8,POINT(-57.0 -18.0),1428
gev_20120303_1756,2012-03-03 17:56:00,2012-03-03 18:03:00,2012-03-03 18:05:00,C1.1,POINT(-73.0 17.0),1429
gev_20120303_1813,2012-03-03 18:13:00,2012-03-03 19:48:00,2012-03-03 20:46:00,C1.9,POINT(-87.0 18.0),0
gev_20120304_0030,2012-03-04 00:30:00,2012-03-04 00:34:00,2012-03-04 00:37:00,B7.0,POINT(-68.0 16.0),0
gev_20120304_0140,2012-03-04 01:40:00,2012-03-04 01:45:00,2012-03-04 01:48:00,C1.4,POINT(-70.0 18.0),0
gev_20120304_0205,2012-03-04 02:05:00,2012-03-04 02:10:00,2012-03-04 02:13:00,B7.2,POINT(-70.0 18.0),0
gev_20120304_0328,2012-03-04 03:28:00,2012-03-04 03:33:00,2012-03-04 03:38:00,C2.8,POINT(-69.0 18.0),0
gev_20120304_0644,2012-03-04 06:44:00,2012-03-04 06:45:00,2012-03-04 06:59:00,C1.3,POINT(-66.0 16.0),0
gev_20120304_1029,2012-03-04 10:29:00,2012-03-04 10:52:00,2012-03-04 12:16:00,M2.0,POINT(-65.0 16.0),0
gev_20120304_1724,2012-03-04 17:24:00,2012-03-04 17:31:00,2012-03-04 17:35:00,C3.2,POINT(39.0 13.0),0
gev_20120305_0023,2012-03-05 00:23:00,2012-03-05 00:36:00,2012-03-05 00:47:00,C3.4,POINT(-57.0 17.0),0
gev_20120305_0058,2012-03-05 00:58:00,2012-03-05 01:06:00,2012-03-05 01:19:00,C4.7,POINT(-57.0 18.0),0
gev_20120305_0230,2012-03-05 02:30:00,2012-03-05 04:05:00,2012-03-05 04:43:00,X1.1,POINT(-58.0 19.0),1429
gev_20120305_1029,2012-03-05 10:29:00,2012-03-05 10:32:00,2012-03-05 10:36:00,C2.3,POINT(-50.0 16.0),0
gev_20120305_1205,2012-03-05 12:05:00,2012-03-05 12:13:00,2012-03-05 12:21:00,C5.8,POINT(-49.0 16.0),1429
gev_20120305_1426,2012-03-05 14:26:00,2012-03-05 14:29:00,2012-03-05 14:33:00,C1.2,POINT(-47.0 16.0),1429
gev_20120305_1454,2012-03-05 14:54:00,2012-03-05 15:00:00,2012-03-05 15:09:00,C5.4,POINT(-47.0 16.0),1429
gev_20120305_1524,2012-03-05 15:24:00,2012-03-05 15:29:00,2012-03-05 15:33:00,C7.8,POINT(-47.0 16.0),1429
gev_20120305_1616,2012-03-05 16:16:00,2012-03-05 16:22:00,2012-03-05 16:26:00,C9.8,POINT(-46.0 16.0),1429
gev_20120305_1644,2012-03-05 16:44:00,2012-03-05 16:45:00,2012-03-05 16:52:00,C4.6,POINT(-46.0 16.0),1429
gev_20120305_1725,2012-03-05 17:25:00,2012-03-05 17:28:00,2012-03-05 17:38:00,C1.5,POINT(-46.0 16.0),1429
gev_20120305_1833,2012-03-05 18:33:00,2012-03-05 18:37:00,2012-03-05 18:41:00,C6.8,POINT(-45.0 16.0),1429
gev_20120305_1910,2012-03-05 19:10:00,2012-03-05 19:16:00,2012-03-05 19:21:00,M2.1,POINT(-45.0 16.0),1429
gev_20120305_1927,2012-03-05 19:27:00,2012-03-05 19:30:00,2012-03-05 19:32:00,M1.8,POINT(-45.0 16.0),1429
gev_20120305_2010,2012-03-05 20:10:00,2012-03-05 20:15:00,2012-03-05 20:17:00,C1.7,POINT(-43.0 16.0),1429
gev_20120305_2226,2012-03-05 22:26:00,2012-03-05 22:34:00,2012-03-05 22:42:00,M1.3,POINT(-43.0 16.0),1429
gev_20120305_2253,2012-03-05 22:53:00,2012-03-05 22:56:00,2012-03-05 22:59:00,C2.5,POINT(-41.0 17.0),1429
gev_20120305_2317,2012-03-05 23:17:00,2012-03-05 23:20:00,2012-03-05 23:25:00,C1.6,POINT(-40.0 15.0),1429
gev_20120305_2353,2012-03-05 23:53:00,2012-03-06 00:04:00,2012-03-06 00:09:00,C2.4,POINT(-43.0 17.0),1429
gev_20120306_0022,2012-03-06 00:22:00,2012-03-06 00:28:00,2012-03-06 00:31:00,M1.3,POINT(-42.0 16.0),1429
gev_20120306_0113,2012-03-06 01:13:00,2012-03-06 01:18:00,2012-03-06 01:25:00,C3.5,POINT(-40.0 16.0),1429
gev_20120306_0136,2012-03-06 01:36:00,2012-03-06 01:44:00,2012-03-06 01:50:00,M1.2,POINT(-41.0 16.0),1429
gev_20120306_0226,2012-03-06 02:26:00,2012-03-06 02:33:00,2012-03-06 02:37:00,C2.4,POINT(-41.0 16.0),1429
gev_20120306_0324,2012-03-06 03:24:00,2012-03-06 03:28:00,2012-03-06 03:31:00,C9.2,POINT(-39.0 16.0),1429
gev_20120306_0401,2012-03-06 04:01:00,2012-03-06 04:05:00,2012-03-06 04:08:00,M1.0,POINT(-39.0 16.0),1429
gev_20120306_0519,2012-03-06 05:19:00,2012-03-06 05:28:00,2012-03-06 05:31:00,C2.9,POINT(-43.0 20.0),1429
gev_20120306_0548,2012-03-06 05:48:00,2012-03-06 05:52:00,2012-03-06 05:58:00,C3.0,POINT(-24.0 21.0),1430
gev_20120306_0647,2012-03-06 06:47:00,2012-03-06 06:50:00,2012-03-06 06:53:00,C2.6,POINT(-38.0 16.0),1429
gev_20120306_0731,2012-03-06 07:31:00,2012-03-06 07:43:00,2012-03-06 07:47:00,C5.3,POINT(-37.0 16.0),1429
gev_20120306_0752,2012-03-06 07:52:00,2012-03-06 07:55:00,2012-03-06 08:00:00,M1.0,POINT(-40.0 17.0),1429
gev_20120306_1110,2012-03-06 11:10:00,2012-03-06 11:17:00,2012-03-06 11:22:00,C2.8,POINT(-36.0 16.0),1429
gev_20120306_1223,2012-03-06 12:23:00,2012-03-06 12:41:00,2012-03-06 12:54:00,M2.1,POINT(-40.0 21.0),1429
gev_20120306_1645,2012-03-06 16:45:00,2012-03-06 16:50:00,2012-03-06 16:54:00,C4.2,POINT(-32.0 17.0),1429
gev_20120306_1717,2012-03-06 17:17:00,2012-03-06 17:20:00,2012-03-06 17:22:00,C1.5,POINT(-33.0 16.0),1429
gev_20120306_1943,2012-03-06 19:43:00,2012-03-06 19:46:00,2012-03-06 19:49:00,C2.7,POINT(-17.0 21.0),1430
gev_20120306_2104,2012-03-06 21:04:00,2012-03-06 21:11:00,2012-03-06 21:14:00,M1.3,POINT(-30.0 16.0),1429
gev_20120306_2152,2012-03-06 21:52:00,2012-03-06 21:56:00,2012-03-06 22:11:00,C1.8,POINT(-32.0 17.0),1429
gev_20120306_2249,2012-03-06 22:49:00,2012-03-06 22:53:00,2012-03-06 23:11:00,M1.0,POINT(-32.0 19.0),1429
gev_20120307_0002,2012-03-07 00:02:00,2012-03-07 00:24:00,2012-03-07 00:40:00,X5.4,POINT(-31.0 18.0),1429
gev_20120307_0105,2012-03-07 01:05:00,2012-03-07 01:14:00,2012-03-07 01:23:00,X1.3,POINT(-26.0 15.0),1429
gev_20120307_0433,2012-03-07 04:33:00,2012-03-07 04:43:00,2012-03-07 05:00:00,C8.3,POINT(-11.0 22.0),0
gev_20120307_1619,2012-03-07 16:19:00,2012-03-07 16:22:00,2012-03-07 16:26:00,C1.6,POINT(-20.0 16.0),0
gev_20120308_0249,2012-03-08 02:49:00,2012-03-08 02:53:00,2012-03-08 02:56:00,C7.2,POINT(2.0 -16.0),1428
gev_20120308_1019,2012-03-08 10:19:00,2012-03-08 10:23:00,2012-03-08 10:26:00,C1.7,POINT(3.0 24.0),1430
gev_20120308_1617,2012-03-08 16:17:00,2012-03-08 16:23:00,2012-03-08 16:27:00,C1.1,POINT(-7.0 17.0),0
gev_20120308_1928,2012-03-08 19:28:00,2012-03-08 19:31:00,2012-03-08 19:34:00,C2.0,POINT(-4.0 16.0),0
gev_20120308_2322,2012-03-08 23:22:00,2012-03-08 23:27:00,2012-03-08 23:31:00,C1.4,POINT(12.0 21.0),0
gev_20120309_0034,2012-03-09 00:34:00,2012-03-09 00:37:00,2012-03-09 00:46:00,C1.0,POINT(-1.0 17.0),0
gev_20120309_0123,2012-03-09 01:23:00,2012-03-09 01:28:00,2012-03-09 01:34:00,C2.0,POINT(-1.0 16.0),1429
gev_20120309_0155,2012-03-09 01:55:00,2012-03-09 02:00:00,2012-03-09 02:06:00,C4.7,POINT(-1.0 16.0),1429
gev_20120309_0301,2012-03-09 03:01:00,2012-03-09 03:04:00,2012-03-09 03:08:00,C1.2,POINT(-82.0 15.0),1432
gev_20120309_0322,2012-03-09 03:22:00,2012-03-09 03:53:00,2012-03-09 04:18:00,M6.3,POINT(3.0 15.0),1429
gev_20120309_1020,2012-03-09 10:20:00,2012-03-09 10:23:00,2012-03-09 10:26:00,C2.7,POINT(78.0 -28.0),1431
gev_20120309_1602,2012-03-09 16:02:00,2012-03-09 16:06:00,2012-03-09 16:10:00,C1.5,POINT(82.0 -26.0),1431
gev_20120309_1612,2012-03-09 16:12:00,2012-03-09 16:17:00,2012-03-09 16:26:00,C2.0,POINT(21.0 18.0),1430
gev_20120309_1800,2012-03-09 18:00:00,2012-03-09 18:03:00,2012-03-09 18:05:00,C1.8,POINT(4.0 20.0),1429
gev_20120309_1959,2012-03-09 19:59:00,2012-03-09 20:25:00,2012-03-09 20:49:00,C9.7,POINT(-79.0 17.0),1432
gev_20120309_2145,2012-03-09 21:45:00,2012-03-09 21:50:00,2012-03-09 21:56:00,C5.1,POINT(27.0 -19.0),1428
gev_20120310_0019,2012-03-10 00:19:00,2012-03-10 01:19:00,2012-03-10 01:45:00,C3.8,POINT(-68.0 15.0),0
gev_20120310_0233,2012-03-10 02:33:00,2012-03-10 02:39:00,2012-03-10 02:45:00,C3.5,POINT(13.0 17.0),0
gev_20120310_0443,2012-03-10 04:43:00,2012-03-10 04:46:00,2012-03-10 04:50:00,C1.1,POINT(-65.0 15.0),0
gev_20120310_0550,2012-03-10 05:50:00,2012-03-10 05:55:00,2012-03-10 06:01:00,C1.8,POINT(32.0 -19.0),0
gev_20120310_0653,2012-03-10 06:53:00,2012-03-10 07:02:00,2012-03-10 07:06:00,C1.9,POINT(-13.0 -62.0),0
gev_20120310_0731,2012-03-10 07:31:00,2012-03-10 07:46:00,2012-03-10 08:01:00,C1.9,POINT(18.0 17.0),0
gev_20120310_0802,2012-03-10 08:02:00,2012-03-10 08:05:00,2012-03-10 08:09:00,C2.0,POINT(86.0 -26.0),0
gev_20120310_1322,2012-03-10 13:22:00,2012-03-10 13:26:00,2012-03-10 13:29:00,C1.2,POINT(-59.0 15.0),0
gev_20120310_1443,2012-03-10 14:43:00,2012-03-10 15:52:00,2012-03-10 16:16:00,C8.0,POINT(36.0 18.0),0
gev_20120310_1715,2012-03-10 17:15:00,2012-03-10 17:44:00,2012-03-10 18:30:00,M8.4,POINT(24.0 17.0),0
gev_20120311_0321,2012-03-11 03:21:00,2012-03-11 03:23:00,2012-03-11 03:26:00,C2.3,POINT(23.0 19.0),1429
gev_20120311_0426,2012-03-11 04:26:00,2012-03-11 04:28:00,2012-03-11 04:32:00,C1.6,POINT(47.0 -16.0),1428
gev_20120311_0638,2012-03-11 06:38:00,2012-03-11 06:44:00,2012-03-11 06:46:00,C1.2,POINT(16.0 -47.0),0
gev_20120311_0723,2012-03-11 07:23:00,2012-03-11 07:28:00,2012-03-11 07:35:00,C1.0,POINT(-13.0 -82.0),0
gev_20120311_1058,2012-03-11 10:58:00,2012-03-11 11:03:00,2012-03-11 11:13:00,B9.6,POINT(-77.0 15.0),1433
gev_20120311_1359,2012-03-11 13:59:00,2012-03-11 14:02:00,2012-03-11 14:04:00,B8.8,POINT(-71.0 14.0),1433
gev_20120312_0007,2012-03-12 00:07:00,2012-03-12 00:11:00,2012-03-12 00:14:00,C1.4,POINT(-38.0 14.0),1432
gev_20120312_0134,2012-03-12 01:34:00,2012-03-12 01:55:00,2012-03-12 02:08:00,C2.3,POINT(55.0 18.0),1430
gev_20120312_0245,2012-03-12 02:45:00,2012-03-12 02:51:00,2012-03-12 03:10:00,C1.4,POINT(-37.0 14.0),0
gev_20120312_1050,2012-03-12 10:50:00,2012-03-12 10:55:00,2012-03-12 11:01:00,B8.8,POINT(-57.0 12.0),1433
gev_20120312_1157,2012-03-12 11:57:00,2012-03-12 12:09:00,2012-03-12 12:19:00,C1.6,POINT(-36.0 12.0),1432
gev_20120312_2220,2012-03-12 22:20:00,2012-03-12 23:00:00,2012-03-12 23:09:00,C1.5,POINT(52.0 19.0),1429
gev_20120313_0145,2012-03-13 01:45:00,2012-03-13 01:50:00,2012-03-13 01:56:00,C1.2,POINT(-48.0 11.0),1433
gev_20120313_0655,2012-03-13 06:55:00,2012-03-13 08:00:00,2012-03-13 08:35:00,C3.1,POINT(57.0 20.0),1429
gev_20120313_1712,2012-03-13 17:12:00,2012-03-13 17:30:00,2012-03-13 17:41:00,M7.9,POINT(66.0 17.0),1429
gev_20120314_1508,2012-03-14 15:08:00,2012-03-14 15:21:00,2012-03-14 15:36:00,M2.8,POINT(-5.0 13.0),1432
gev_20120315_0127,2012-03-15 01:27:00,2012-03-15 01:34:00,2012-03-15 01:39:00,C1.1,POINT(86.0 21.0),1429
gev_20120315_0501,2012-03-15 05:01:00,2012-03-15 05:47:00,2012-03-15 06:40:00,B8.1,POINT(87.0 -17.0),1428
gev_20120315_0723,2012-03-15 07:23:00,2012-03-15 07:52:00,2012-03-15 08:08:00,M1.8,POINT(3.0 14.0),1432
gev_20120315_1404,2012-03-15 14:04:00,2012-03-15 14:10:00,2012-03-15 14:15:00,C1.1,POINT(87.0 17.0),1429
gev_20120315_1851,2012-03-15 18:51:00,2012-03-15 18:57:00,2012-03-15 19:00:00,B6.7,POINT(86.0 21.0),1429
gev_20120316_0221,2012-03-16 02:21:00,2012-03-16 02:31:00,2012-03-16 02:43:00,C1.2,POINT(18.0 14.0),1432
gev_20120316_0303,2012-03-16 03:03:00,2012-03-16 03:09:00,2012-03-16 03:17:00,B9.2,POINT(-6.0 14.0),0
gev_20120316_0746,2012-03-16 07:46:00,2012-03-16 07:50:00,2012-03-16 07:53:00,B5.5,POINT(-5.0 14.0),1433
gev_20120316_0824,2012-03-16 08:24:00,2012-03-16 08:28:00,2012-03-16 08:33:00,B6.4,POINT(17.0 18.0),1432
gev_20120316_1234,2012-03-16 12:34:00,2012-03-16 12:40:00,2012-03-16 12:45:00,C1.1,POINT(18.0 14.0),1432
gev_20120316_1314,2012-03-16 13:14:00,2012-03-16 13:18:00,2012-03-16 13:21:00,B8.8,POINT(-69.0 -12.0),1436
gev_20120316_1705,2012-03-16 17:05:00,2012-03-16 17:38:00,2012-03-16 18:00:00,C1.8,POINT(26.0 15.0),1432
gev_20120316_2051,2012-03-16 20:51:00,2012-03-16 21:08:00,2012-03-16 21:21:00,B6.0,POINT(24.0 14.0),1432
gev_20120317_0300,2012-03-17 03:00:00,2012-03-17 03:12:00,2012-03-17 03:18:00,C1.0,POINT(31.0 14.0),1432
gev_20120317_0833,2012-03-17 08:33:00,2012-03-17 11:20:00,2012-03-17 11:59:00,B3.8,POINT(29.0 -27.0),1435
gev_20120317_1804,2012-03-17 18:04:00,2012-03-17 18:14:00,2012-03-17 18:25:00,B6.0,POINT(39.0 14.0),1432
gev_20120317_2032,2012-03-17 20:32:00,2012-03-17 20:39:00,2012-03-17 20:42:00,M1.3,POINT(25.0 -20.0),1434
gev_20120317_2320,2012-03-17 23:20:00,2012-03-17 23:28:00,2012-03-17 23:41:00,B8.1,POINT(87.0 19.0),1429
gev_20120318_0228,2012-03-18 02:28:00,2012-03-18 02:37:00,2012-03-18 02:44:00,C1.9,POINT(28.0 -20.0),1434
gev_20120318_0807,2012-03-18 08:07:00,2012-03-18 08:18:00,2012-03-18 08:32:00,B8.6,POINT(48.0 16.0),1432
gev_20120318_1939,2012-03-18 19:39:00,2012-03-18 19:42:00,2012-03-18 19:47:00,B4.4,POINT(38.0 -20.0),1434
gev_20120318_2135,2012-03-18 21:35:00,2012-03-18 21:38:00,2012-03-18 21:45:00,B2.9,POINT(37.0 -19.0),1434
gev_20120318_2225,2012-03-18 22:25:00,2012-03-18 22:28:00,2012-03-18 22:32:00,B3.0,POINT(39.0 -20.0),1434
gev_20120318_2335,2012-03-18 23:35:00,2012-03-18 23:36:00,2012-03-18 23:43:00,B3.4,POINT(-88.0 -14.0),1438
gev_20120319_0005,2012-03-19 00:05:00,2012-03-19 00:08:00,2012-03-19 00:10:00,B3.5,POINT(49.0 -25.0),1435
gev_20120319_0024,2012-03-19 00:24:00,2012-03-19 00:29:00,2012-03-19 00:31:00,B5.7,POINT(41.0 -20.0),1434
gev_20120319_0213,2012-03-19 02:13:00,2012-03-19 02:19:00,2012-03-19 02:23:00,B7.1,POINT(42.0 -20.0),1434
gev_20120319_0228,2012-03-19 02:28:00,2012-03-19 02:31:00,2012-03-19 02:35:00,B5.9,POINT(42.0 -22.0),1434
gev_20120319_0341,2012-03-19 03:41:00,2012-03-19 03:45:00,2012-03-19 03:48:00,B7.0,POINT(43.0 -20.0),1434
gev_20120319_0437,2012-03-19 04:37:00,2012-03-19 04:41:00,2012-03-19 04:44:00,B9.8,POINT(43.0 -20.0),1434
gev_20120319_0832,2012-03-19 08:32:00,2012-03-19 11:02:00,2012-03-19 11:07:00,B3.9,POINT(59.0 14.0),1432
gev_20120319_1248,2012-03-19 12:48:00,2012-03-19 13:07:00,2012-03-19 13:15:00,B5.5,POINT(62.0 15.0),1432
gev_20120319_1341,2012-03-19 13:41:00,2012-03-19 13:51:00,2012-03-19 13:51:00,C1.2,POINT(64.0 15.0),1432
gev_20120319_1706,2012-03-19 17:06:00,2012-03-19 17:09:00,2012-03-19 17:11:00,B4.0,POINT(63.0 14.0),1432
gev_20120319_2155,2012-03-19 21:55:00,2012-03-19 22:04:00,2012-03-19 22:16:00,C3.5,POINT(49.0 -22.0),1434
gev_20120320_0147,2012-03-20 01:47:00,2012-03-20 01:51:00,2012-03-20 01:54:00,B4.1,POINT(57.0 -23.0),1434
gev_20120320_1450,2012-03-20 14:50:00,2012-03-20 14:54:00,2012-03-20 14:57:00,B4.3,POINT(4.0 -27.0),1440
gev_20120320_2343,2012-03-20 23:43:00,2012-03-20 23:50:00,2012-03-20 23:50:00,C1.1,POINT(87.0 17.0),1432
gev_20120321_0320,2012-03-21 03:20:00,2012-03-21 03:25:00,2012-03-21 03:32:00,B5.1,POINT(88.0 13.0),1432
gev_20120321_0625,2012-03-21 06:25:00,2012-03-21 06:28:00,2012-03-21 06:31:00,B3.7,POINT(-10.0 -83.0),0
gev_20120321_0632,2012-03-21 06:32:00,2012-03-21 06:44:00,2012-03-21 06:52:00,B9.5,POINT(-16.0 -80.0),0
gev_20120321_0955,2012-03-21 09:55:00,2012-03-21 10:03:00,2012-03-21 10:12:00,B9.4,POINT(18.0 -26.0),1440
gev_20120321_1238,2012-03-21 12:38:00,2012-03-21 12:52:00,2012-03-21 13:01:00,C2.9,POINT(20.0 -26.0),1440
gev_20120321_1354,2012-03-21 13:54:00,2012-03-21 13:59:00,2012-03-21 14:04:00,C1.2,POINT(20.0 -26.0),1440
gev_20120321_1542,2012-03-21 15:42:00,2012-03-21 15:50:00,2012-03-21 15:56:00,C1.1,POINT(22.0 -26.0),1440
gev_20120321_1807,2012-03-21 18:07:00,2012-03-21 18:11:00,2012-03-21 18:17:00,B6.7,POINT(87.0 -25.0),1435
gev_20120322_1739,2012-03-22 17:39:00,2012-03-22 17:50:00,2012-03-22 17:56:00,C1.1,POINT(86.0 -26.0),1435
gev_20120323_1631,2012-03-23 16:31:00,2012-03-23 16:35:00,2012-03-23 16:43:00,C6.5,POINT(-87.0 -22.0),1445
gev_20120323_1934,2012-03-23 19:34:00,2012-03-23 19:40:00,2012-03-23 19:44:00,M1.0,POINT(-87.0 -23.0),1445
gev_20120323_2149,2012-03-23 21:49:00,2012-03-23 21:54:00,2012-03-23 21:58:00,B7.0,POINT(-87.0 -23.0),1445
gev_20120323_2226,2012-03-23 22:26:00,2012-03-23 22:29:00,2012-03-23 22:31:00,B5.8,POINT(69.0 -29.0),1441
gev_20120323_2326,2012-03-23 23:26:00,2012-03-23 23:29:00,2012-03-23 23:31:00,B3.8,POINT(-87.0 -23.0),1445
gev_20120324_0830,2012-03-24 08:30:00,2012-03-24 09:46:00,2012-03-24 10:00:00,C3.1,POINT(-87.0 -24.0),1445
gev_20120324_0839,2012-03-24 08:39:00,2012-03-24 09:01:00,2012-03-24 09:35:00,C7.2,POINT(-87.0 -24.0),0
gev_20120324_1914,2012-03-24 19:14:00,2012-03-24 19:17:00,2012-03-24 19:20:00,B3.7,POINT(-73.0 -22.0),0
gev_20120324_2251,2012-03-24 22:51:00,2012-03-24 22:55:00,2012-03-24 22:58:00,B3.6,POINT(-69.0 -22.0),0
gev_20120325_0015,2012-03-25 00:15:00,2012-03-25 00:28:00,2012-03-25 00:38:00,C3.0,POINT(-25.0 20.0),0
gev_20120325_0138,2012-03-25 01:38:00,2012-03-25 01:57:00,2012-03-25 02:20:00,C2.5,POINT(-78.0 -24.0),0
gev_20120325_0832,2012-03-25 08:32:00,2012-03-25 08:59:00,2012-03-25 09:22:00,C1.2,POINT(-19.0 19.0),0
gev_20120325_1119,2012-03-25 11:19:00,2012-03-25 11:57:00,2012-03-25 12:21:00,B9.0,POINT(-14.0 20.0),0
gev_20120325_1437,2012-03-25 14:37:00,2012-03-25 14:58:00,2012-03-25 15:25:00,B5.8,POINT(-52.0 -23.0),0
gev_20120326_0250,2012-03-26 02:50:00,2012-03-26 02:55:00,2012-03-26 02:58:00,B5.1,POINT(-0.0 -13.0),1438
gev_20120326_0623,2012-03-26 06:23:00,2012-03-26 06:42:00,2012-03-26 07:14:00,C1.4,POINT(-33.0 -10.0),1449
gev_20120326_1117,2012-03-26 11:17:00,2012-03-26 11:23:00,2012-03-26 11:37:00,B4.0,POINT(-87.0 -18.0),1448
gev_20120326_1317,2012-03-26 13:17:00,2012-03-26 13:20:00,2012-03-26 13:22:00,B4.0,POINT(35.0 24.0),1446
gev_20120326_1530,2012-03-26 15:30:00,2012-03-26 15:35:00,2012-03-26 15:38:00,B4.3,POINT(-6.0 12.0),1442
gev_20120326_1643,2012-03-26 16:43:00,2012-03-26 16:48:00,2012-03-26 16:55:00,B4.0,POINT(-5.0 11.0),1442
gev_20120326_2332,2012-03-26 23:32:00,2012-03-26 23:38:00,2012-03-26 23:40:00,C2.7,POINT(-1.0 11.0),1442
gev_20120327_0250,2012-03-27 02:50:00,2012-03-27 03:08:00,2012-03-27 03:22:00,C5.3,POINT(2.0 20.0),0
gev_20120327_0421,2012-03-27 04:21:00,2012-03-27 04:30:00,2012-03-27 04:41:00,C1.7,POINT(2.0 21.0),0
gev_20120327_0609,2012-03-27 06:09:00,2012-03-27 06:12:00,2012-03-27 06:15:00,B3.3,POINT(45.0 -24.0),0
gev_20120327_0627,2012-03-27 06:27:00,2012-03-27 06:31:00,2012-03-27 06:35:00,B3.8,POINT(-0.0 -3.0),0
gev_20120327_1132,2012-03-27 11:32:00,2012-03-27 11:36:00,2012-03-27 11:39:00,B6.9,POINT(5.0 12.0),0
gev_20120327_2342,2012-03-27 23:42:00,2012-03-27 23:45:00,2012-03-27 23:48:00,B5.6,POINT(24.0 -14.0),0
gev_20120328_0018,2012-03-28 00:18:00,2012-03-28 00:25:00,2012-03-28 00:28:00,B7.9,POINT(25.0 -13.0),1438
gev_20120328_1131,2012-03-28 11:31:00,2012-03-28 11:34:00,2012-03-28 11:36:00,B4.7,POINT(61.0 -28.0),1447
gev_20120328_1938,2012-03-28 19:38:00,2012-03-28 19:42:00,2012-03-28 19:48:00,B6.8,POINT(32.0 -15.0),1438
gev_20120328_2142,2012-03-28 21:42:00,2012-03-28 21:58:00,2012-03-28 22:07:00,C1.4,POINT(26.0 20.0),1444
gev_20120329_0830,2012-03-29 08:30:00,2012-03-29 09:53:00,2012-03-29 09:55:00,C7.7,POINT(-87.0 19.0),0
gev_20120329_0942,2012-03-29 09:42:00,2012-03-29 09:53:00,2012-03-29 09:55:00,C7.7,POINT(-87.0 19.0),0
gev_20120329_1146,2012-03-29 11:46:00,2012-03-29 11:51:00,2012-03-29 11:54:00,C1.8,POINT(73.0 -27.0),0
gev_20120329_1236,2012-03-29 12:36:00,2012-03-29 12:39:00,2012-03-29 12:43:00,C1.1,POINT(74.0 -27.0),0
gev_20120329_1312,2012-03-29 13:12:00,2012-03-29 13:21:00,2012-03-29 13:23:00,C5.0,POINT(-87.0 19.0),0
gev_20120329_1635,2012-03-29 16:35:00,2012-03-29 16:40:00,2012-03-29 16:42:00,C1.4,POINT(-87.0 19.0),0
gev_20120329_1823,2012-03-29 18:23:00,2012-03-29 18:30:00,2012-03-29 18:34:00,B7.6,POINT(-87.0 20.0),0
gev_20120329_2319,2012-03-29 23:19:00,2012-03-29 23:23:00,2012-03-29 23:26:00,B6.2,POINT(-82.0 20.0),0
gev_20120330_0058,2012-03-30 00:58:00,2012-03-30 01:02:00,2012-03-30 01:04:00,B5.9,POINT(-87.0 20.0),0
gev_20120330_0202,2012-03-30 02:02:00,2012-03-30 02:05:00,2012-03-30 02:07:00,B7.3,POINT(-87.0 20.0),0
gev_20120330_0706,2012-03-30 07:06:00,2012-03-30 07:09:00,2012-03-30 07:11:00,B4.1,POINT(-84.0 20.0),0
gev_20120330_1254,2012-03-30 12:54:00,2012-03-30 12:57:00,2012-03-30 12:59:00,B4.1,POINT(-80.0 19.0),0
gev_20120330_1417,2012-03-30 14:17:00,2012-03-30 15:10:00,2012-03-30 16:01:00,B6.4,POINT(-70.0 23.0),0
gev_20120330_2106,2012-03-30 21:06:00,2012-03-30 21:12:00,2012-03-30 21:16:00,C1.2,POINT(-83.0 20.0),0
gev_20120331_2101,2012-03-31 21:01:00,2012-03-31 21:09:00,2012-03-31 21:20:00,B8.9,POINT(65.0 22.0),0
gev_20120402_0228,2012-04-02 02:28:00,2012-04-02 02:34:00,2012-04-02 02:41:00,B7.9,POINT(-45.0 20.0),1451
gev_20120402_2153,2012-04-02 21:53:00,2012-04-02 22:20:00,2012-04-02 22:53:00,B4.9,POINT(-13.0 21.0),1450
gev_20120403_1225,2012-04-03 12:25:00,2012-04-03 12:28:00,2012-04-03 12:35:00,B4.2,POINT(-2.0 15.0),1450
gev_20120403_1516,2012-04-03 15:16:00,2012-04-03 15:35:00,2012-04-03 15:50:00,B3.7,POINT(-22.0 18.0),1451
gev_20120403_2115,2012-04-03 21:15:00,2012-04-03 21:23:00,2012-04-03 21:38:00,B4.3,POINT(5.0 14.0),1450
gev_20120404_0018,2012-04-04 00:18:00,2012-04-04 00:35:00,2012-04-04 01:44:00,B3.3,POINT(4.0 15.0),1450
gev_20120404_0323,2012-04-04 03:23:00,2012-04-04 03:50:00,2012-04-04 04:03:00,B4.1,POINT(-15.0 17.0),1452
gev_20120404_0336,2012-04-04 03:36:00,2012-04-04 03:50:00,2012-04-04 04:15:00,B4.2,POINT(-15.0 17.0),0
gev_20120404_0529,2012-04-04 05:29:00,2012-04-04 05:57:00,2012-04-04 06:15:00,B7.1,POINT(6.0 15.0),0
gev_20120404_0530,2012-04-04 05:30:00,2012-04-04 05:57:00,2012-04-04 06:31:00,B7.0,POINT(6.0 15.0),1450
gev_20120404_0614,2012-04-04 06:14:00,2012-04-04 06:22:00,2012-04-04 06:50:00,B5.4,POINT(5.0 15.0),1450
gev_20120404_1617,2012-04-04 16:17:00,2012-04-04 16:27:00,2012-04-04 16:51:00,C1.2,POINT(12.0 15.0),1450
gev_20120405_0321,2012-04-05 03:21:00,2012-04-05 03:40:00,2012-04-05 04:01:00,B7.2,POINT(18.0 15.0),1450
gev_20120405_0503,2012-04-05 05:03:00,2012-04-05 05:21:00,2012-04-05 05:49:00,B6.4,POINT(19.0 15.0),1450
gev_20120405_1011,2012-04-05 10:11:00,2012-04-05 10:30:00,2012-04-05 10:49:00,B6.9,POINT(26.0 13.0),1450
gev_20120405_1318,2012-04-05 13:18:00,2012-04-05 13:27:00,2012-04-05 13:41:00,B9.8,POINT(28.0 13.0),1450
gev_20120405_1616,2012-04-05 16:16:00,2012-04-05 16:24:00,2012-04-05 16:32:00,C3.1,POINT(30.0 12.0),1450
gev_20120405_2049,2012-04-05 20:49:00,2012-04-05 21:10:00,2012-04-05 21:57:00,C1.5,POINT(32.0 18.0),1450
gev_20120405_2350,2012-04-05 23:50:00,2012-04-06 00:00:00,2012-04-06 00:05:00,C1.1,POINT(34.0 12.0),1450
gev_20120406_0040,2012-04-06 00:40:00,2012-04-06 01:11:00,2012-04-06 01:50:00,B5.5,POINT(32.0 12.0),0
gev_20120406_0358,2012-04-06 03:58:00,2012-04-06 04:09:00,2012-04-06 04:25:00,B5.7,POINT(31.0 15.0),0
gev_20120407_0021,2012-04-07 00:21:00,2012-04-07 00:26:00,2012-04-07 00:35:00,B3.0,POINT(6.0 19.0),0
gev_20120407_0822,2012-04-07 08:22:00,2012-04-07 08:27:00,2012-04-07 08:35:00,B2.1,POINT(13.0 18.0),0
gev_20120407_0927,2012-04-07 09:27:00,2012-04-07 09:36:00,2012-04-07 09:41:00,B7.4,POINT(48.0 15.0),0
gev_20120407_1659,2012-04-07 16:59:00,2012-04-07 17:08:00,2012-04-07 17:15:00,C2.4,POINT(29.0 20.0),0
gev_20120407_1908,2012-04-07 19:08:00,2012-04-07 19:55:00,2012-04-07 20:16:00,B6.8,POINT(43.0 14.0),0
gev_20120408_0101,2012-04-08 01:01:00,2012-04-08 01:05:00,2012-04-08 01:11:00,B3.7,POINT(56.0 15.0),1450
gev_20120408_0249,2012-04-08 02:49:00,2012-04-08 02:54:00,2012-04-08 03:01:00,B3.7,POINT(67.0 12.0),1450
gev_20120408_1126,2012-04-08 11:26:00,2012-04-08 11:29:00,2012-04-08 11:32:00,B7.1,POINT(62.0 16.0),1450
gev_20120408_1419,2012-04-08 14:19:00,2012-04-08 14:24:00,2012-04-08 14:27:00,B2.7,POINT(64.0 16.0),1450
gev_20120408_1453,2012-04-08 14:53:00,2012-04-08 15:47:00,2012-04-08 16:07:00,B7.2,POINT(41.0 20.0),1452
gev_20120408_1846,2012-04-08 18:46:00,2012-04-08 18:53:00,2012-04-08 19:00:00,B6.8,POINT(42.0 20.0),1452
gev_20120408_2016,2012-04-08 20:16:00,2012-04-08 20:23:00,2012-04-08 20:29:00,B3.7,POINT(80.0 12.0),1450
gev_20120408_2334,2012-04-08 23:34:00,2012-04-08 23:35:00,2012-04-08 23:49:00,B4.1,POINT(78.0 13.0),1450
gev_20120409_0111,2012-04-09 01:11:00,2012-04-09 01:22:00,2012-04-09 01:31:00,C2.6,POINT(84.0 13.0),1450
gev_20120409_0620,2012-04-09 06:20:00,2012-04-09 06:24:00,2012-04-09 06:41:00,B2.8,POINT(80.0 13.0),1450
gev_20120409_0825,2012-04-09 08:25:00,2012-04-09 08:28:00,2012-04-09 08:33:00,B2.2,POINT(-86.0 -30.0),0
gev_20120409_1212,2012-04-09 12:12:00,2012-04-09 12:44:00,2012-04-09 12:44:00,C3.9,POINT(65.0 20.0),1450
gev_20120410_0344,2012-04-10 03:44:00,2012-04-10 03:49:00,2012-04-10 03:54:00,B2.4,POINT(88.0 11.0),1450
gev_20120410_1119,2012-04-10 11:19:00,2012-04-10 11:22:00,2012-04-10 11:24:00,B2.1,POINT(-87.0 -23.0),1459
gev_20120410_1133,2012-04-10 11:33:00,2012-04-10 11:37:00,2012-04-10 11:40:00,B6.5,POINT(-87.0 -23.0),1459
gev_20120411_1023,2012-04-11 10:23:00,2012-04-11 10:30:00,2012-04-11 10:39:00,B2.7,POINT(-16.0 6.0),1455
gev_20120411_2258,2012-04-11 22:58:00,2012-04-11 23:29:00,2012-04-11 23:50:00,B2.0,POINT(-8.0 6.0),1455
gev_20120412_0158,2012-04-12 01:58:00,2012-04-12 02:35:00,2012-04-12 02:42:00,B3.2,POINT(-6.0 7.0),0
gev_20120412_0243,2012-04-12 02:43:00,2012-04-12 02:49:00,2012-04-12 03:10:00,B3.4,POINT(-59.0 -13.0),0
gev_20120412_0500,2012-04-12 05:00:00,2012-04-12 05:35:00,2012-04-12 06:06:00,B3.3,POINT(87.0 17.0),0
gev_20120412_0610,2012-04-12 06:10:00,2012-04-12 06:22:00,2012-04-12 06:40:00,B3.3,POINT(-6.0 8.0),0
gev_20120412_0809,2012-04-12 08:09:00,2012-04-12 08:48:00,2012-04-12 09:17:00,B5.1,POINT(-6.0 8.0),0
gev_20120412_0929,2012-04-12 09:29:00,2012-04-12 09:32:00,2012-04-12 09:34:00,B4.7,POINT(-3.0 7.0),0
gev_20120412_2324,2012-04-12 23:24:00,2012-04-12 23:28:00,2012-04-12 23:30:00,B3.2,POINT(-57.0 21.0),0
gev_20120413_0411,2012-04-13 04:11:00,2012-04-13 04:21:00,2012-04-13 04:39:00,B4.7,POINT(-50.0 -32.0),0
gev_20120413_0502,2012-04-13 05:02:00,2012-04-13 05:07:00,2012-04-13 05:12:00,B5.6,POINT(8.0 7.0),0
gev_20120413_1434,2012-04-13 14:34:00,2012-04-13 14:38:00,2012-04-13 14:47:00,B3.1,POINT(12.0 7.0),0
gev_20120413_2330,2012-04-13 23:30:00,2012-04-13 23:33:00,2012-04-13 23:39:00,B3.3,POINT(16.0 4.0),0
gev_20120414_0035,2012-04-14 00:35:00,2012-04-14 00:47:00,2012-04-14 01:02:00,B9.8,POINT(18.0 6.0),1455
gev_20120414_0805,2012-04-14 08:05:00,2012-04-14 08:11:00,2012-04-14 08:18:00,B5.1,POINT(23.0 6.0),1455
gev_20120414_1245,2012-04-14 12:45:00,2012-04-14 13:54:00,2012-04-14 14:40:00,B3.4,POINT(-78.0 6.0),1458
gev_20120414_1948,2012-04-14 19:48:00,2012-04-14 20:06:00,2012-04-14 20:40:00,B2.6,POINT(-88.0 -17.0),1459
gev_20120414_2210,2012-04-14 22:10:00,2012-04-14 22:18:00,2012-04-14 23:06:00,B7.6,POINT(-88.0 -17.0),1459
gev_20120415_0057,2012-04-15 00:57:00,2012-04-15 01:40:00,2012-04-15 02:05:00,C2.7,POINT(-88.0 11.0),1458
gev_20120415_0216,2012-04-15 02:16:00,2012-04-15 02:34:00,2012-04-15 02:45:00,C1.7,POINT(-88.0 15.0),1460
gev_20120415_0407,2012-04-15 04:07:00,2012-04-15 04:23:00,2012-04-15 04:47:00,B8.3,POINT(-88.0 -16.0),1459
gev_20120415_0905,2012-04-15 09:05:00,2012-04-15 09:08:00,2012-04-15 09:10:00,B9.6,POINT(-79.0 -18.0),1459
gev_20120415_2238,2012-04-15 22:38:00,2012-04-15 22:41:00,2012-04-15 22:46:00,B3.7,POINT(-72.0 -16.0),1459
gev_20120416_0024,2012-04-16 00:24:00,2012-04-16 00:46:00,2012-04-16 01:08:00,C1.8,POINT(-88.0 12.0),0
gev_20120416_1435,2012-04-16 14:35:00,2012-04-16 14:41:00,2012-04-16 14:45:00,B4.9,POINT(-88.0 9.0),1461
gev_20120416_1724,2012-04-16 17:24:00,2012-04-16 17:40:00,2012-04-16 18:00:00,M1.7,POINT(-88.0 14.0),1461
gev_20120417_0306,2012-04-17 03:06:00,2012-04-17 03:13:00,2012-04-17 03:23:00,B5.3,POINT(66.0 4.0),1455
gev_20120417_0606,2012-04-17 06:06:00,2012-04-17 08:09:00,2012-04-17 08:52:00,C1.1,POINT(-88.0 13.0),1461
gev_20120417_0608,2012-04-17 06:08:00,2012-04-17 06:33:00,2012-04-17 06:48:00,B8.0,POINT(-88.0 13.0),1461
gev_20120417_0648,2012-04-17 06:48:00,2012-04-17 07:12:00,2012-04-17 07:32:00,C1.1,POINT(-88.0 12.0),1461
gev_20120417_1115,2012-04-17 11:15:00,2012-04-17 11:29:00,2012-04-17 11:50:00,B7.6,POINT(67.0 7.0),1455
gev_20120417_2025,2012-04-17 20:25:00,2012-04-17 20:30:00,2012-04-17 20:32:00,B7.0,POINT(-45.0 -14.0),1459
gev_20120417_2207,2012-04-17 22:07:00,2012-04-17 22:25:00,2012-04-17 22:40:00,B9.7,POINT(81.0 5.0),1455
gev_20120418_0259,2012-04-18 02:59:00,2012-04-18 03:07:00,2012-04-18 03:10:00,C3.1,POINT(24.0 -26.0),1463
gev_20120418_0526,2012-04-18 05:26:00,2012-04-18 05:30:00,2012-04-18 05:33:00,C1.1,POINT(26.0 -27.0),1463
gev_20120418_0640,2012-04-18 06:40:00,2012-04-18 06:43:00,2012-04-18 06:45:00,B9.0,POINT(26.0 -27.0),1463
gev_20120418_0752,2012-04-18 07:52:00,2012-04-18 08:01:00,2012-04-18 08:36:00,B7.7,POINT(28.0 -27.0),1463
gev_20120418_0938,2012-04-18 09:38:00,2012-04-18 09:43:00,2012-04-18 09:51:00,B8.9,POINT(7.0 -25.0),1462
gev_20120418_1128,2012-04-18 11:28:00,2012-04-18 11:44:00,2012-04-18 11:54:00,C1.5,POINT(30.0 -27.0),1463
gev_20120418_1232,2012-04-18 12:32:00,2012-04-18 12:39:00,2012-04-18 12:50:00,C8.9,POINT(29.0 -27.0),1463
gev_20120418_1416,2012-04-18 14:16:00,2012-04-18 14:21:00,2012-04-18 14:25:00,B9.7,POINT(31.0 -27.0),1463
gev_20120418_1451,2012-04-18 14:51:00,2012-04-18 15:13:00,2012-04-18 15:18:00,C5.9,POINT(32.0 -27.0),1463
gev_20120418_1654,2012-04-18 16:54:00,2012-04-18 17:06:00,2012-04-18 17:18:00,C5.3,POINT(30.0 -27.0),1463
gev_20120418_1812,2012-04-18 18:12:00,2012-04-18 18:15:00,2012-04-18 18:20:00,C1.3,POINT(-34.0 -16.0),1459
gev_20120418_2257,2012-04-18 22:57:00,2012-04-18 23:01:00,2012-04-18 23:04:00,B9.6,POINT(-31.0 -16.0),1459
gev_20120419_0000,2012-04-19 00:00:00,2012-04-19 00:11:00,2012-04-19 00:18:00,C1.4,POINT(-15.0 15.0),1460
gev_20120419_0254,2012-04-19 02:54:00,2012-04-19 03:01:00,2012-04-19 03:05:00,C2.9,POINT(35.0 -27.0),1463
gev_20120419_0501,2012-04-19 05:01:00,2012-04-19 05:06:00,2012-04-19 05:16:00,C1.1,POINT(88.0 8.0),1455
gev_20120419_0600,2012-04-19 06:00:00,2012-04-19 06:39:00,2012-04-19 07:02:00,C1.1,POINT(41.0 -27.0),1463
gev_20120419_0706,2012-04-19 07:06:00,2012-04-19 07:11:00,2012-04-19 07:20:00,C1.0,POINT(-7.0 16.0),1460
gev_20120419_0746,2012-04-19 07:46:00,2012-04-19 07:57:00,2012-04-19 08:10:00,B8.6,POINT(41.0 -26.0),1463
gev_20120419_0840,2012-04-19 08:40:00,2012-04-19 08:52:00,2012-04-19 09:02:00,B9.3,POINT(-7.0 16.0),1460
gev_20120419_1008,2012-04-19 10:08:00,2012-04-19 10:20:00,2012-04-19 10:45:00,B7.5,POINT(39.0 -28.0),1463
gev_20120419_1105,2012-04-19 11:05:00,2012-04-19 11:26:00,2012-04-19 11:44:00,C7.0,POINT(89.0 5.0),1455
gev_20120419_1442,2012-04-19 14:42:00,2012-04-19 15:15:00,2012-04-19 15:26:00,C1.8,POINT(42.0 -28.0),1463
gev_20120420_0155,2012-04-20 01:55:00,2012-04-20 02:02:00,2012-04-20 02:09:00,B9.0,POINT(52.0 -27.0),1463
gev_20120420_0315,2012-04-20 03:15:00,2012-04-20 03:22:00,2012-04-20 03:28:00,C1.1,POINT(38.0 -29.0),1462
gev_20120420_1449,2012-04-20 14:49:00,2012-04-20 15:01:00,2012-04-20 15:32:00,C1.6,POINT(58.0 -27.0),1463
gev_20120420_1617,2012-04-20 16:17:00,2012-04-20 16:25:00,2012-04-20 16:29:00,C1.5,POINT(-44.0 -17.0),1465
gev_20120420_1646,2012-04-20 16:46:00,2012-04-20 16:47:00,2012-04-20 16:49:00,C3.3,POINT(-46.0 -17.0),0
gev_20120420_1722,2012-04-20 17:22:00,2012-04-20 17:26:00,2012-04-20 17:36:00,C1.6,POINT(-6.0 -16.0),0
gev_20120420_2000,2012-04-20 20:00:00,2012-04-20 20:07:00,2012-04-20 20:10:00,C1.0,POINT(-41.0 -17.0),0
gev_20120420_2044,2012-04-20 20:44:00,2012-04-20 20:48:00,2012-04-20 20:51:00,C1.6,POINT(-41.0 -16.0),0
gev_20120420_2225,2012-04-20 22:25:00,2012-04-20 22:35:00,2012-04-20 22:44:00,C1.4,POINT(-42.0 -17.0),0
gev_20120421_0127,2012-04-21 01:27:00,2012-04-21 01:32:00,2012-04-21 01:34:00,C2.4,POINT(14.0 17.0),0
gev_20120421_1100,2012-04-21 11:00:00,2012-04-21 11:14:00,2012-04-21 11:24:00,C1.0,POINT(53.0 -27.0),1462
gev_20120421_1211,2012-04-21 12:11:00,2012-04-21 12:15:00,2012-04-21 12:22:00,B9.2,POINT(-34.0 -16.0),1465
gev_20120421_2010,2012-04-21 20:10:00,2012-04-21 20:14:00,2012-04-21 20:19:00,C1.8,POINT(7.0 -15.0),1459
gev_20120422_0705,2012-04-22 07:05:00,2012-04-22 07:08:00,2012-04-22 07:10:00,C1.3,POINT(-24.0 -14.0),1465
gev_20120422_0802,2012-04-22 08:02:00,2012-04-22 08:15:00,2012-04-22 08:29:00,C1.3,POINT(31.0 14.0),1460
gev_20120422_0911,2012-04-22 09:11:00,2012-04-22 09:15:00,2012-04-22 09:22:00,B9.9,POINT(-23.0 -18.0),1465
gev_20120422_0926,2012-04-22 09:26:00,2012-04-22 09:28:00,2012-04-22 09:30:00,C1.0,POINT(21.0 -15.0),1459
gev_20120422_0948,2012-04-22 09:48:00,2012-04-22 09:52:00,2012-04-22 10:00:00,B8.5,POINT(31.0 14.0),1460
gev_20120422_1359,2012-04-22 13:59:00,2012-04-22 14:05:00,2012-04-22 14:13:00,C1.8,POINT(84.0 -28.0),1463
gev_20120422_1632,2012-04-22 16:32:00,2012-04-22 16:39:00,2012-04-22 16:48:00,C1.2,POINT(22.0 -14.0),1459
gev_20120422_1748,2012-04-22 17:48:00,2012-04-22 17:54:00,2012-04-22 18:00:00,C1.7,POINT(-21.0 -18.0),1465
gev_20120422_2052,2012-04-22 20:52:00,2012-04-22 20:56:00,2012-04-22 21:00:00,C1.9,POINT(24.0 -15.0),1459
gev_20120422_2105,2012-04-22 21:05:00,2012-04-22 21:10:00,2012-04-22 21:17:00,C1.7,POINT(23.0 -15.0),1459
gev_20120422_2142,2012-04-22 21:42:00,2012-04-22 21:48:00,2012-04-22 21:53:00,C2.4,POINT(-16.0 -17.0),1465
gev_20120423_0158,2012-04-23 01:58:00,2012-04-23 02:01:00,2012-04-23 02:03:00,C2.0,POINT(-16.0 -17.0),1465
gev_20120423_0555,2012-04-23 05:55:00,2012-04-23 05:59:00,2012-04-23 06:03:00,B7.5,POINT(28.0 -15.0),1459
gev_20120423_0718,2012-04-23 07:18:00,2012-04-23 07:22:00,2012-04-23 07:26:00,B7.9,POINT(-13.0 -17.0),1465
gev_20120423_1209,2012-04-23 12:09:00,2012-04-23 12:13:00,2012-04-23 12:15:00,C1.0,POINT(-11.0 -18.0),1465
gev_20120423_1537,2012-04-23 15:37:00,2012-04-23 15:41:00,2012-04-23 15:45:00,B8.9,POINT(34.0 -15.0),1459
gev_20120423_1738,2012-04-23 17:38:00,2012-04-23 17:51:00,2012-04-23 18:05:00,C2.0,POINT(17.0 13.0),1461
gev_20120424_0232,2012-04-24 02:32:00,2012-04-24 02:37:00,2012-04-24 02:42:00,B9.5,POINT(1.0 -16.0),0
gev_20120424_0426,2012-04-24 04:26:00,2012-04-24 04:35:00,2012-04-24 04:44:00,C1.1,POINT(-88.0 -17.0),0
gev_20120424_0551,2012-04-24 05:51:00,2012-04-24 06:11:00,2012-04-24 07:04:00,B8.4,POINT(-88.0 -18.0),0
gev_20120424_0738,2012-04-24 07:38:00,2012-04-24 07:45:00,2012-04-24 07:45:00,C3.7,POINT(-83.0 12.0),0
gev_20120424_1139,2012-04-24 11:39:00,2012-04-24 11:51:00,2012-04-24 12:02:00,C1.1,POINT(88.0 -23.0),0
gev_20120424_1306,2012-04-24 13:06:00,2012-04-24 13:10:00,2012-04-24 13:13:00,C1.1,POINT(-80.0 -18.0),0
gev_20120424_1635,2012-04-24 16:35:00,2012-04-24 16:44:00,2012-04-24 16:56:00,C2.6,POINT(-78.0 -20.0),0
gev_20120424_2048,2012-04-24 20:48:00,2012-04-24 20:53:00,2012-04-24 20:58:00,C1.2,POINT(88.0 -24.0),0
gev_20120425_0156,2012-04-25 01:56:00,2012-04-25 02:24:00,2012-04-25 02:31:00,C1.3,POINT(-69.0 -19.0),0
gev_20120425_0648,2012-04-25 06:48:00,2012-04-25 06:53:00,2012-04-25 06:56:00,B9.1,POINT(67.0 13.0),1460
gev_20120425_0845,2012-04-25 08:45:00,2012-04-25 08:49:00,2012-04-25 09:00:00,B9.5,POINT(69.0 14.0),1460
gev_20120425_1207,2012-04-25 12:07:00,2012-04-25 12:15:00,2012-04-25 12:19:00,C3.7,POINT(72.0 14.0),1460
gev_20120425_2236,2012-04-25 22:36:00,2012-04-25 22:42:00,2012-04-25 22:50:00,C1.3,POINT(84.0 15.0),1460
gev_20120426_1715,2012-04-26 17:15:00,2012-04-26 17:23:00,2012-04-26 17:30:00,C1.2,POINT(35.0 -18.0),1465
gev_20120426_2356,2012-04-26 23:56:00,2012-04-27 00:11:00,2012-04-27 00:31:00,C1.8,POINT(25.0 12.0),1466
gev_20120427_0159,2012-04-27 01:59:00,2012-04-27 02:02:00,2012-04-27 02:05:00,C1.0,POINT(-45.0 -16.0),1469
gev_20120427_0302,2012-04-27 03:02:00,2012-04-27 03:07:00,2012-04-27 03:18:00,C1.1,POINT(86.0 -12.0),1459
gev_20120427_0454,2012-04-27 04:54:00,2012-04-27 05:01:00,2012-04-27 05:09:00,B9.5,POINT(28.0 12.0),1466
gev_20120427_0538,2012-04-27 05:38:00,2012-04-27 05:51:00,2012-04-27 06:05:00,B9.7,POINT(89.0 -12.0),1459
gev_20120427_0815,2012-04-27 08:15:00,2012-04-27 08:24:00,2012-04-27 08:29:00,M1.0,POINT(29.0 13.0),1466
gev_20120427_1053,2012-04-27 10:53:00,2012-04-27 11:02:00,2012-04-27 11:08:00,C2.4,POINT(47.0 -17.0),1465
gev_20120427_1318,2012-04-27 13:18:00,2012-04-27 13:22:00,2012-04-27 13:27:00,C2.0,POINT(-38.0 11.0),1467
gev_20120427_2101,2012-04-27 21:01:00,2012-04-27 21:05:00,2012-04-27 21:09:00,C1.6,POINT(89.0 -14.0),1459
gev_20120427_2300,2012-04-27 23:00:00,2012-04-27 23:03:00,2012-04-27 23:06:00,C1.5,POINT(-78.0 -15.0),1470
gev_20120427_2335,2012-04-27 23:35:00,2012-04-27 23:39:00,2012-04-27 23:43:00,C2.2,POINT(89.0 -12.0),1459
gev_20120428_0038,2012-04-28 00:38:00,2012-04-28 00:43:00,2012-04-28 00:53:00,C1.5,POINT(89.0 -14.0),1459
gev_20120428_0148,2012-04-28 01:48:00,2012-04-28 01:54:00,2012-04-28 02:00:00,C1.4,POINT(89.0 -14.0),1459
gev_20120428_0854,2012-04-28 08:54:00,2012-04-28 09:01:00,2012-04-28 09:04:00,C1.7,POINT(-26.0 -20.0),1469
gev_20120428_1212,2012-04-28 12:12:00,2012-04-28 12:15:00,2012-04-28 12:18:00,B7.3,POINT(41.0 11.0),1466
gev_20120428_1345,2012-04-28 13:45:00,2012-04-28 14:14:00,2012-04-28 14:34:00,C1.1,POINT(-73.0 -15.0),1470
gev_20120428_2010,2012-04-28 20:10:00,2012-04-28 20:13:00,2012-04-28 20:16:00,C1.1,POINT(-22.0 11.0),1467
gev_20120428_2148,2012-04-28 21:48:00,2012-04-28 22:14:00,2012-04-28 22:24:00,C1.1,POINT(-20.0 11.0),1467
gev_20120429_0052,2012-04-29 00:52:00,2012-04-29 00:55:00,2012-04-29 00:58:00,C1.8,POINT(53.0 10.0),1466
gev_20120429_0116,2012-04-29 01:16:00,2012-04-29 01:20:00,2012-04-29 01:23:00,B7.5,POINT(53.0 10.0),1466
gev_20120429_0549,2012-04-29 05:49:00,2012-04-29 05:52:00,2012-04-29 05:54:00,B9.4,POINT(-52.0 -28.0),1472
gev_20120429_1358,2012-04-29 13:58:00,2012-04-29 14:08:00,2012-04-29 14:15:00,C1.0,POINT(74.0 -16.0),1465
gev_20120429_1427,2012-04-29 14:27:00,2012-04-29 14:32:00,2012-04-29 14:38:00,C1.1,POINT(-9.0 -19.0),0
gev_20120429_1509,2012-04-29 15:09:00,2012-04-29 15:17:00,2012-04-29 15:24:00,C1.1,POINT(78.0 -17.0),0
gev_20120429_1629,2012-04-29 16:29:00,2012-04-29 16:33:00,2012-04-29 16:39:00,C1.1,POINT(76.0 -18.0),0
gev_20120429_1654,2012-04-29 16:54:00,2012-04-29 16:57:00,2012-04-29 17:00:00,B8.9,POINT(-45.0 -29.0),0
gev_20120430_0029,2012-04-30 00:29:00,2012-04-30 00:33:00,2012-04-30 00:35:00,B7.6,POINT(-64.0 -23.0),0
gev_20120430_0253,2012-04-30 02:53:00,2012-04-30 02:59:00,2012-04-30 03:02:00,C2.4,POINT(-63.0 -23.0),0
gev_20120430_0505,2012-04-30 05:05:00,2012-04-30 05:08:00,2012-04-30 05:12:00,B7.4,POINT(-62.0 -23.0),0
gev_20120430_0602,2012-04-30 06:02:00,2012-04-30 06:06:00,2012-04-30 06:10:00,B8.9,POINT(-62.0 -22.0),0
gev_20120430_0656,2012-04-30 06:56:00,2012-04-30 07:38:00,2012-04-30 08:19:00,C3.9,POINT(88.0 -18.0),0
gev_20120430_0913,2012-04-30 09:13:00,2012-04-30 09:17:00,2012-04-30 09:21:00,C2.4,POINT(-59.0 -23.0),0
gev_20120430_1021,2012-04-30 10:21:00,2012-04-30 10:26:00,2012-04-30 10:32:00,C5.6,POINT(-59.0 -22.0),0
gev_20120430_1037,2012-04-30 10:37:00,2012-04-30 10:41:00,2012-04-30 10:43:00,C6.0,POINT(-60.0 -22.0),0
gev_20120430_1430,2012-04-30 14:30:00,2012-04-30 14:36:00,2012-04-30 14:41:00,C1.2,POINT(-56.0 -24.0),0
gev_20120501_0213,2012-05-01 02:13:00,2012-05-01 02:38:00,2012-05-01 03:01:00,C1.1,POINT(88.0 -17.0),0
gev_20120501_0435,2012-05-01 04:35:00,2012-05-01 04:43:00,2012-05-01 04:47:00,C3.9,POINT(-37.0 -19.0),0
gev_20120501_0515,2012-05-01 05:15:00,2012-05-01 05:45:00,2012-05-01 05:52:00,C1.2,POINT(89.0 -17.0),0
gev_20120501_0522,2012-05-01 05:22:00,2012-05-01 05:45:00,2012-05-01 05:55:00,C1.3,POINT(89.0 -17.0),1459
gev_20120501_1711,2012-05-01 17:11:00,2012-05-01 17:14:00,2012-05-01 17:17:00,B5.7,POINT(-36.0 -20.0),0
gev_20120501_1826,2012-05-01 18:26:00,2012-05-01 18:31:00,2012-05-01 18:36:00,B8.4,POINT(36.0 -20.0),0
gev_20120501_2246,2012-05-01 22:46:00,2012-05-01 22:50:00,2012-05-01 22:52:00,C1.2,POINT(86.0 10.0),0
gev_20120502_0131,2012-05-02 01:31:00,2012-05-02 01:33:00,2012-05-02 01:41:00,C1.8,POINT(88.0 10.0),0
gev_20120502_0812,2012-05-02 08:12:00,2012-05-02 08:27:00,2012-05-02 08:50:00,B4.9,POINT(44.0 -20.0),0
gev_20120502_0928,2012-05-02 09:28:00,2012-05-02 09:42:00,2012-05-02 09:58:00,B4.5,POINT(30.0 -22.0),0
gev_20120502_1132,2012-05-02 11:32:00,2012-05-02 11:39:00,2012-05-02 11:46:00,C3.2,POINT(89.0 9.0),0
gev_20120502_1435,2012-05-02 14:35:00,2012-05-02 14:41:00,2012-05-02 14:46:00,B7.5,POINT(30.0 -25.0),0
gev_20120502_1755,2012-05-02 17:55:00,2012-05-02 18:05:00,2012-05-02 18:13:00,C2.2,POINT(31.0 -27.0),0
gev_20120502_1855,2012-05-02 18:55:00,2012-05-02 19:02:00,2012-05-02 19:11:00,C2.1,POINT(32.0 -27.0),0
gev_20120502_2038,2012-05-02 20:38:00,2012-05-02 20:50:00,2012-05-02 21:02:00,C1.9,POINT(32.0 -27.0),0
gev_20120503_0028,2012-05-03 00:28:00,2012-05-03 01:00:00,2012-05-03 01:18:00,B8.7,POINT(-89.0 3.0),1475
gev_20120503_0521,2012-05-03 05:21:00,2012-05-03 05:26:00,2012-05-03 05:37:00,B7.6,POINT(-23.0 -22.0),1471
gev_20120503_1042,2012-05-03 10:42:00,2012-05-03 11:06:00,2012-05-03 11:23:00,C1.0,POINT(40.0 -26.0),1469
gev_20120503_1319,2012-05-03 13:19:00,2012-05-03 14:16:00,2012-05-03 14:35:00,C1.4,POINT(-78.0 8.0),1476
gev_20120503_1324,2012-05-03 13:24:00,2012-05-03 14:32:00,2012-05-03 15:11:00,C1.6,POINT(-89.0 9.0),1476
gev_20120503_1639,2012-05-03 16:39:00,2012-05-03 16:56:00,2012-05-03 17:23:00,C2.3,POINT(-88.0 12.0),1476
gev_20120504_0250,2012-05-04 02:50:00,2012-05-04 02:55:00,2012-05-04 02:59:00,B7.6,POINT(47.0 -27.0),1469
gev_20120504_0448,2012-05-04 04:48:00,2012-05-04 04:54:00,2012-05-04 04:58:00,C1.3,POINT(55.0 -21.0),1469
gev_20120504_0750,2012-05-04 07:50:00,2012-05-04 07:54:00,2012-05-04 07:58:00,B7.4,POINT(50.0 -27.0),1469
gev_20120504_1446,2012-05-04 14:46:00,2012-05-04 14:50:00,2012-05-04 14:57:00,C1.5,POINT(-88.0 11.0),1476
gev_20120504_1520,2012-05-04 15:20:00,2012-05-04 15:47:00,2012-05-04 16:20:00,C1.7,POINT(-88.0 10.0),1476
gev_20120504_1922,2012-05-04 19:22:00,2012-05-04 19:24:00,2012-05-04 19:32:00,C1.8,POINT(-88.0 11.0),1476
gev_20120504_1934,2012-05-04 19:34:00,2012-05-04 19:37:00,2012-05-04 19:40:00,C2.3,POINT(-88.0 12.0),1476
gev_20120504_2058,2012-05-04 20:58:00,2012-05-04 21:02:00,2012-05-04 21:04:00,C1.6,POINT(-88.0 12.0),1476
gev_20120504_2350,2012-05-04 23:50:00,2012-05-04 23:56:00,2012-05-05 00:02:00,C1.9,POINT(58.0 -27.0),1469
gev_20120505_0100,2012-05-05 01:00:00,2012-05-05 01:05:00,2012-05-05 01:09:00,C1.6,POINT(-88.0 13.0),1476
gev_20120505_0257,2012-05-05 02:57:00,2012-05-05 03:02:00,2012-05-05 03:05:00,C1.9,POINT(-88.0 15.0),1476
gev_20120505_0519,2012-05-05 05:19:00,2012-05-05 05:22:00,2012-05-05 05:33:00,C1.0,POINT(-88.0 13.0),1476
gev_20120505_0555,2012-05-05 05:55:00,2012-05-05 06:39:00,2012-05-05 07:01:00,C2.0,POINT(15.0 -18.0),1471
gev_20120505_0831,2012-05-05 08:31:00,2012-05-05 08:34:00,2012-05-05 08:42:00,C2.1,POINT(-88.0 12.0),1476
gev_20120505_0930,2012-05-05 09:30:00,2012-05-05 09:35:00,2012-05-05 09:40:00,C6.8,POINT(-88.0 14.0),1476
gev_20120505_1056,2012-05-05 10:56:00,2012-05-05 10:59:00,2012-05-05 11:01:00,C2.3,POINT(-77.0 11.0),1476
gev_20120505_1312,2012-05-05 13:12:00,2012-05-05 13:16:00,2012-05-05 13:18:00,C2.7,POINT(-84.0 11.0),1476
gev_20120505_1319,2012-05-05 13:19:00,2012-05-05 13:23:00,2012-05-05 13:29:00,M1.4,POINT(-78.0 11.0),1476
gev_20120505_1642,2012-05-05 16:42:00,2012-05-05 16:48:00,2012-05-05 16:51:00,C1.8,POINT(-80.0 11.0),1476
gev_20120505_1717,2012-05-05 17:17:00,2012-05-05 17:21:00,2012-05-05 17:25:00,C2.8,POINT(-83.0 11.0),1476
gev_20120505_1756,2012-05-05 17:56:00,2012-05-05 18:07:00,2012-05-05 18:16:00,C3.4,POINT(-87.0 12.0),0
gev_20120505_1824,2012-05-05 18:24:00,2012-05-05 18:28:00,2012-05-05 18:30:00,C3.7,POINT(-77.0 11.0),0
gev_20120505_2037,2012-05-05 20:37:00,2012-05-05 21:14:00,2012-05-05 21:17:00,C1.2,POINT(22.0 -21.0),0
gev_20120505_2124,2012-05-05 21:24:00,2012-05-05 21:28:00,2012-05-05 21:31:00,C1.3,POINT(-88.0 14.0),1476
gev_20120505_2234,2012-05-05 22:34:00,2012-05-05 22:38:00,2012-05-05 22:40:00,C1.0,POINT(-76.0 11.0),1476
gev_20120505_2241,2012-05-05 22:41:00,2012-05-05 22:45:00,2012-05-05 22:49:00,C1.6,POINT(-76.0 11.0),1476
gev_20120505_2256,2012-05-05 22:56:00,2012-05-05 23:01:00,2012-05-05 23:04:00,M1.3,POINT(-73.0 11.0),1476
gev_20120505_2328,2012-05-05 23:28:00,2012-05-05 23:33:00,2012-05-05 23:36:00,C2.0,POINT(-77.0 12.0),1476
gev_20120506_0112,2012-05-06 01:12:00,2012-05-06 01:18:00,2012-05-06 01:30:00,M1.2,POINT(-73.0 11.0),1476
gev_20120506_0246,2012-05-06 02:46:00,2012-05-06 02:50:00,2012-05-06 02:55:00,C1.5,POINT(-72.0 11.0),1476
gev_20120506_0313,2012-05-06 03:13:00,2012-05-06 03:25:00,2012-05-06 03:37:00,C2.9,POINT(30.0 -15.0),1470
gev_20120506_0431,2012-05-06 04:31:00,2012-05-06 04:36:00,2012-05-06 04:43:00,C3.9,POINT(-71.0 11.0),1476
gev_20120506_0524,2012-05-06 05:24:00,2012-05-06 05:30:00,2012-05-06 05:50:00,C1.2,POINT(-74.0 12.0),1476
gev_20120506_0701,2012-05-06 07:01:00,2012-05-06 07:04:00,2012-05-06 07:07:00,C1.7,POINT(32.0 -15.0),1470
gev_20120506_1133,2012-05-06 11:33:00,2012-05-06 11:42:00,2012-05-06 11:47:00,C1.4,POINT(-74.0 10.0),1476
gev_20120506_1337,2012-05-06 13:37:00,2012-05-06 13:42:00,2012-05-06 13:46:00,C1.4,POINT(-73.0 10.0),1476
gev_20120506_1614,2012-05-06 16:14:00,2012-05-06 16:20:00,2012-05-06 16:23:00,C1.1,POINT(-64.0 11.0),1476
gev_20120506_1639,2012-05-06 16:39:00,2012-05-06 16:53:00,2012-05-06 16:59:00,C3.2,POINT(-70.0 10.0),1476
gev_20120506_1705,2012-05-06 17:05:00,2012-05-06 17:09:00,2012-05-06 17:12:00,C3.0,POINT(-64.0 11.0),1476
gev_20120506_1731,2012-05-06 17:31:00,2012-05-06 17:35:00,2012-05-06 17:37:00,C2.6,POINT(-71.0 13.0),1476
gev_20120506_1741,2012-05-06 17:41:00,2012-05-06 17:47:00,2012-05-06 17:52:00,M1.3,POINT(-63.0 11.0),1476
gev_20120506_1922,2012-05-06 19:22:00,2012-05-06 19:26:00,2012-05-06 19:32:00,C2.3,POINT(-64.0 11.0),1476
gev_20120506_2005,2012-05-06 20:05:00,2012-05-06 20:15:00,2012-05-06 20:20:00,C4.3,POINT(-62.0 11.0),1476
gev_20120506_2227,2012-05-06 22:27:00,2012-05-06 22:31:00,2012-05-06 22:38:00,C1.1,POINT(-63.0 12.0),1476
gev_20120506_2311,2012-05-06 23:11:00,2012-05-06 23:14:00,2012-05-06 23:21:00,C1.1,POINT(-86.0 -16.0),1477
gev_20120507_0033,2012-05-07 00:33:00,2012-05-07 00:36:00,2012-05-07 00:39:00,C1.3,POINT(-59.0 11.0),1476
gev_20120507_0046,2012-05-07 00:46:00,2012-05-07 01:15:00,2012-05-07 01:40:00,C2.0,POINT(35.0 -18.0),1471
gev_20120507_0237,2012-05-07 02:37:00,2012-05-07 02:50:00,2012-05-07 02:59:00,C7.1,POINT(-59.0 12.0),1476
gev_20120507_0320,2012-05-07 03:20:00,2012-05-07 03:25:00,2012-05-07 03:29:00,C2.7,POINT(-68.0 13.0),1476
gev_20120507_0339,2012-05-07 03:39:00,2012-05-07 03:42:00,2012-05-07 03:45:00,C1.2,POINT(-65.0 12.0),1476
gev_20120507_0349,2012-05-07 03:49:00,2012-05-07 03:52:00,2012-05-07 03:54:00,C1.2,POINT(-61.0 11.0),1476
gev_20120507_0609,2012-05-07 06:09:00,2012-05-07 06:20:00,2012-05-07 06:25:00,C1.3,POINT(41.0 -20.0),1470
gev_20120507_0645,2012-05-07 06:45:00,2012-05-07 07:03:00,2012-05-07 07:08:00,C4.0,POINT(-61.0 10.0),1476
gev_20120507_0826,2012-05-07 08:26:00,2012-05-07 08:30:00,2012-05-07 08:33:00,C1.4,POINT(-55.0 12.0),1476
gev_20120507_1028,2012-05-07 10:28:00,2012-05-07 10:33:00,2012-05-07 10:37:00,C1.1,POINT(43.0 -19.0),1470
gev_20120507_1102,2012-05-07 11:02:00,2012-05-07 11:08:00,2012-05-07 11:11:00,C7.9,POINT(-60.0 13.0),1476
gev_20120507_1237,2012-05-07 12:37:00,2012-05-07 12:41:00,2012-05-07 12:45:00,C1.1,POINT(-58.0 14.0),1476
gev_20120507_1403,2012-05-07 14:03:00,2012-05-07 14:31:00,2012-05-07 14:52:00,M1.9,POINT(49.0 -20.0),1470
gev_20120507_1720,2012-05-07 17:20:00,2012-05-07 17:21:00,2012-05-07 17:30:00,C7.4,POINT(-58.0 12.0),0
gev_20120507_2133,2012-05-07 21:33:00,2012-05-07 21:36:00,2012-05-07 21:41:00,B7.4,POINT(-53.0 15.0),0
gev_20120508_0800,2012-05-08 08:00:00,2012-05-08 08:04:00,2012-05-08 08:07:00,B7.3,POINT(-40.0 8.0),0
gev_20120508_0823,2012-05-08 08:23:00,2012-05-08 08:36:00,2012-05-08 08:40:00,C1.9,POINT(-47.0 13.0),0
gev_20120508_0921,2012-05-08 09:21:00,2012-05-08 09:24:00,2012-05-08 09:31:00,C1.7,POINT(-40.0 8.0),0
gev_20120508_1036,2012-05-08 10:36:00,2012-05-08 10:39:00,2012-05-08 10:42:00,C1.8,POINT(-46.0 12.0),0
gev_20120508_1302,2012-05-08 13:02:00,2012-05-08 13:08:00,2012-05-08 13:12:00,M1.4,POINT(-46.0 13.0),0
gev_20120508_1932,2012-05-08 19:32:00,2012-05-08 19:39:00,2012-05-08 19:44:00,C1.5,POINT(-41.0 14.0),0
gev_20120508_2137,2012-05-08 21:37:00,2012-05-08 21:41:00,2012-05-08 21:43:00,B5.4,POINT(-33.0 8.0),0
gev_20120509_0027,2012-05-09 00:27:00,2012-05-09 00:30:00,2012-05-09 00:32:00,B4.7,POINT(-30.0 7.0),0
gev_20120509_0220,2012-05-09 02:20:00,2012-05-09 02:23:00,2012-05-09 02:26:00,B5.3,POINT(-43.0 14.0),0
gev_20120509_0410,2012-05-09 04:10:00,2012-05-09 04:15:00,2012-05-09 04:20:00,B7.4,POINT(-30.0 7.0),0
gev_20120509_0602,2012-05-09 06:02:00,2012-05-09 06:08:00,2012-05-09 06:15:00,B5.6,POINT(-35.0 12.0),0
gev_20120509_0716,2012-05-09 07:16:00,2012-05-09 07:20:00,2012-05-09 07:22:00,B8.7,POINT(-29.0 10.0),0
gev_20120509_0735,2012-05-09 07:35:00,2012-05-09 07:39:00,2012-05-09 07:42:00,B9.3,POINT(-24.0 6.0),0
gev_20120509_0837,2012-05-09 08:37:00,2012-05-09 08:41:00,2012-05-09 08:43:00,C1.3,POINT(-28.0 8.0),0
gev_20120509_0947,2012-05-09 09:47:00,2012-05-09 09:50:00,2012-05-09 09:52:00,C1.3,POINT(-27.0 11.0),0
gev_20120509_1024,2012-05-09 10:24:00,2012-05-09 10:27:00,2012-05-09 10:31:00,B6.8,POINT(-35.0 13.0),0
gev_20120509_1132,2012-05-09 11:32:00,2012-05-09 11:39:00,2012-05-09 11:39:00,B9.4,POINT(-33.0 12.0),0
gev_20120509_1221,2012-05-09 12:21:00,2012-05-09 12:32:00,2012-05-09 12:36:00,M4.7,POINT(-31.0 13.0),0
gev_20120509_1402,2012-05-09 14:02:00,2012-05-09 14:08:00,2012-05-09 14:14:00,M1.8,POINT(-22.0 6.0),0
gev_20120509_1626,2012-05-09 16:26:00,2012-05-09 16:42:00,2012-05-09 16:45:00,C2.1,POINT(-20.0 6.0),0
gev_20120509_1710,2012-05-09 17:10:00,2012-05-09 17:14:00,2012-05-09 17:17:00,B7.7,POINT(-23.0 9.0),1476
gev_20120509_1951,2012-05-09 19:51:00,2012-05-09 19:55:00,2012-05-09 19:58:00,C1.5,POINT(-27.0 13.0),1476
gev_20120509_2045,2012-05-09 20:45:00,2012-05-09 20:52:00,2012-05-09 20:55:00,C9.1,POINT(-32.0 13.0),1476
gev_20120509_2101,2012-05-09 21:01:00,2012-05-09 21:05:00,2012-05-09 21:09:00,M4.1,POINT(-26.0 12.0),1476
gev_20120509_2228,2012-05-09 22:28:00,2012-05-09 22:32:00,2012-05-09 22:36:00,C1.2,POINT(-21.0 9.0),1476
gev_20120509_2243,2012-05-09 22:43:00,2012-05-09 22:46:00,2012-05-09 22:49:00,C1.4,POINT(-16.0 6.0),1476
gev_20120509_2258,2012-05-09 22:58:00,2012-05-09 23:01:00,2012-05-09 23:04:00,C1.0,POINT(-26.0 12.0),1476
gev_20120509_2357,2012-05-09 23:57:00,2012-05-10 00:01:00,2012-05-10 00:04:00,B7.7,POINT(-15.0 6.0),1476
gev_20120510_0010,2012-05-10 00:10:00,2012-05-10 00:14:00,2012-05-10 00:16:00,C1.4,POINT(-14.0 8.0),1476
gev_20120510_0048,2012-05-10 00:48:00,2012-05-10 00:51:00,2012-05-10 00:53:00,B8.5,POINT(-20.0 11.0),0
gev_20120510_0144,2012-05-10 01:44:00,2012-05-10 01:48:00,2012-05-10 01:52:00,C2.4,POINT(-20.0 12.0),1476
gev_20120510_0157,2012-05-10 01:57:00,2012-05-10 02:00:00,2012-05-10 02:04:00,C1.9,POINT(-20.0 11.0),1476
gev_20120510_0209,2012-05-10 02:09:00,2012-05-10 02:13:00,2012-05-10 02:16:00,C1.2,POINT(-29.0 14.0),1476
gev_20120510_0411,2012-05-10 04:11:00,2012-05-10 04:18:00,2012-05-10 04:23:00,M5.7,POINT(-22.0 12.0),1476
gev_20120510_0504,2012-05-10 05:04:00,2012-05-10 05:10:00,2012-05-10 05:16:00,C7.9,POINT(-17.0 10.0),1476
gev_20120510_0517,2012-05-10 05:17:00,2012-05-10 05:22:00,2012-05-10 05:25:00,C8.3,POINT(-16.0 11.0),1476
gev_20120510_0555,2012-05-10 05:55:00,2012-05-10 06:01:00,2012-05-10 06:06:00,C3.1,POINT(-17.0 12.0),1476
gev_20120510_0619,2012-05-10 06:19:00,2012-05-10 06:22:00,2012-05-10 06:29:00,C3.6,POINT(-17.0 11.0),1476
gev_20120510_0732,2012-05-10 07:32:00,2012-05-10 07:35:00,2012-05-10 07:38:00,C1.4,POINT(-12.0 6.0),1476
gev_20120510_0808,2012-05-10 08:08:00,2012-05-10 08:11:00,2012-05-10 08:14:00,B8.9,POINT(-13.0 8.0),1476
gev_20120510_1022,2012-05-10 10:22:00,2012-05-10 10:35:00,2012-05-10 10:39:00,C1.0,POINT(-15.0 10.0),1476
gev_20120510_1210,2012-05-10 12:10:00,2012-05-10 12:15:00,2012-05-10 12:21:00,C1.1,POINT(-12.0 9.0),1476
gev_20120510_1234,2012-05-10 12:34:00,2012-05-10 12:37:00,2012-05-10 12:42:00,C2.2,POINT(-14.0 12.0),1476
gev_20120510_1310,2012-05-10 13:10:00,2012-05-10 13:15:00,2012-05-10 13:26:00,C1.9,POINT(-9.0 6.0),0
gev_20120510_1334,2012-05-10 13:34:00,2012-05-10 13:40:00,2012-05-10 13:44:00,C4.7,POINT(-9.0 7.0),0
gev_20120510_1352,2012-05-10 13:52:00,2012-05-10 13:57:00,2012-05-10 14:01:00,C4.2,POINT(-9.0 7.0),0
gev_20120510_1655,2012-05-10 16:55:00,2012-05-10 16:59:00,2012-05-10 17:04:00,C3.3,POINT(-7.0 7.0),0
gev_20120510_1910,2012-05-10 19:10:00,2012-05-10 19:18:00,2012-05-10 19:28:00,C1.4,POINT(-5.0 6.0),1476
gev_20120510_2020,2012-05-10 20:20:00,2012-05-10 20:26:00,2012-05-10 20:30:00,M1.7,POINT(-12.0 12.0),0
gev_20120511_0335,2012-05-11 03:35:00,2012-05-11 03:42:00,2012-05-11 03:46:00,C3.1,POINT(-12.0 14.0),0
gev_20120511_0418,2012-05-11 04:18:00,2012-05-11 04:21:00,2012-05-11 04:27:00,C1.0,POINT(-0.0 6.0),0
gev_20120511_0428,2012-05-11 04:28:00,2012-05-11 04:35:00,2012-05-11 04:39:00,C1.9,POINT(-2.0 7.0),0
gev_20120511_0524,2012-05-11 05:24:00,2012-05-11 05:27:00,2012-05-11 05:30:00,C1.1,POINT(-88.0 14.0),0
gev_20120511_0533,2012-05-11 05:33:00,2012-05-11 05:37:00,2012-05-11 05:41:00,C1.3,POINT(-1.0 8.0),0
gev_20120511_0700,2012-05-11 07:00:00,2012-05-11 07:05:00,2012-05-11 07:18:00,C1.2,POINT(1.0 14.0),1476
gev_20120511_0739,2012-05-11 07:39:00,2012-05-11 07:43:00,2012-05-11 07:45:00,C1.2,POINT(0.0 7.0),0
gev_20120511_0809,2012-05-11 08:09:00,2012-05-11 08:16:00,2012-05-11 08:20:00,C1.7,POINT(1.0 7.0),0
gev_20120511_0829,2012-05-11 08:29:00,2012-05-11 08:35:00,2012-05-11 08:35:00,C2.8,POINT(-5.0 12.0),1476
gev_20120511_0937,2012-05-11 09:37:00,2012-05-11 09:46:00,2012-05-11 09:52:00,C2.3,POINT(2.0 7.0),1476
gev_20120511_1013,2012-05-11 10:13:00,2012-05-11 10:16:00,2012-05-11 10:19:00,C1.3,POINT(3.0 6.0),0
gev_20120511_1035,2012-05-11 10:35:00,2012-05-11 10:36:00,2012-05-11 10:42:00,B9.6,POINT(-89.0 -15.0),0
gev_20120511_1102,2012-05-11 11:02:00,2012-05-11 11:22:00,2012-05-11 11:33:00,C1.2,POINT(2.0 7.0),0
gev_20120511_1200,2012-05-11 12:00:00,2012-05-11 12:03:00,2012-05-11 12:05:00,C1.3,POINT(3.0 7.0),0
gev_20120511_1210,2012-05-11 12:10:00,2012-05-11 12:16:00,2012-05-11 12:25:00,C1.5,POINT(2.0 6.0),0
gev_20120511_1258,2012-05-11 12:58:00,2012-05-11 13:05:00,2012-05-11 13:14:00,C4.3,POINT(4.0 6.0),0
gev_20120511_1418,2012-05-11 14:18:00,2012-05-11 14:23:00,2012-05-11 14:25:00,C3.5,POINT(-6.0 13.0),0
gev_20120511_1708,2012-05-11 17:08:00,2012-05-11 17:16:00,2012-05-11 17:20:00,C2.1,POINT(-2.0 13.0),0
gev_20120511_1731,2012-05-11 17:31:00,2012-05-11 17:38:00,2012-05-11 17:46:00,C6.1,POINT(7.0 7.0),1476
gev_20120511_1852,2012-05-11 18:52:00,2012-05-11 18:56:00,2012-05-11 19:00:00,C1.6,POINT(-0.0 12.0),1476
gev_20120511_1954,2012-05-11 19:54:00,2012-05-11 20:16:00,2012-05-11 20:38:00,C4.1,POINT(7.0 5.0),1476
gev_20120511_2302,2012-05-11 23:02:00,2012-05-11 23:44:00,2012-05-12 00:33:00,C3.2,POINT(12.0 5.0),1476
gev_20120512_0317,2012-05-12 03:17:00,2012-05-12 03:21:00,2012-05-12 03:26:00,C1.2,POINT(9.0 11.0),1476
gev_20120512_0436,2012-05-12 04:36:00,2012-05-12 04:39:00,2012-05-12 04:43:00,C1.3,POINT(4.0 12.0),1476
gev_20120512_0507,2012-05-12 05:07:00,2012-05-12 05:17:00,2012-05-12 05:23:00,C1.9,POINT(14.0 6.0),1476
gev_20120512_0649,2012-05-12 06:49:00,2012-05-12 06:55:00,2012-05-12 07:00:00,C1.7,POINT(15.0 7.0),1476
gev_20120512_0711,2012-05-12 07:11:00,2012-05-12 07:15:00,2012-05-12 07:19:00,C1.5,POINT(16.0 6.0),1476
gev_20120512_0918,2012-05-12 09:18:00,2012-05-12 09:24:00,2012-05-12 09:30:00,C1.4,POINT(17.0 7.0),0
gev_20120512_1237,2012-05-12 12:37:00,2012-05-12 12:48:00,2012-05-12 12:51:00,C1.4,POINT(18.0 6.0),0
gev_20120512_1319,2012-05-12 13:19:00,2012-05-12 13:25:00,2012-05-12 13:37:00,C2.5,POINT(15.0 7.0),0
gev_20120513_0155,2012-05-13 01:55:00,2012-05-13 02:02:00,2012-05-13 02:09:00,C1.1,POINT(22.0 7.0),0
gev_20120513_0251,2012-05-13 02:51:00,2012-05-13 02:57:00,2012-05-13 03:02:00,B8.7,POINT(22.0 8.0),0
gev_20120513_0401,2012-05-13 04:01:00,2012-05-13 04:08:00,2012-05-13 04:15:00,C4.4,POINT(24.0 8.0),0
gev_20120513_0721,2012-05-13 07:21:00,2012-05-13 08:14:00,2012-05-13 08:20:00,C7.0,POINT(24.0 8.0),0
gev_20120513_2226,2012-05-13 22:26:00,2012-05-13 22:32:00,2012-05-13 22:43:00,B9.9,POINT(33.0 14.0),1476
gev_20120514_0038,2012-05-14 00:38:00,2012-05-14 00:45:00,2012-05-14 00:52:00,C1.0,POINT(35.0 8.0),1476
gev_20120514_0424,2012-05-14 04:24:00,2012-05-14 04:29:00,2012-05-14 04:35:00,B8.0,POINT(37.0 9.0),1476
gev_20120514_0714,2012-05-14 07:14:00,2012-05-14 07:38:00,2012-05-14 07:43:00,C4.1,POINT(39.0 8.0),1476
gev_20120514_0935,2012-05-14 09:35:00,2012-05-14 09:39:00,2012-05-14 09:46:00,C2.5,POINT(45.0 7.0),1476
gev_20120514_1025,2012-05-14 10:25:00,2012-05-14 10:28:00,2012-05-14 10:31:00,B8.2,POINT(39.0 10.0),1476
gev_20120514_1333,2012-05-14 13:33:00,2012-05-14 13:38:00,2012-05-14 13:42:00,C1.0,POINT(-46.0 -26.0),1483
gev_20120514_1542,2012-05-14 15:42:00,2012-05-14 15:48:00,2012-05-14 15:52:00,B7.0,POINT(42.0 10.0),1476
gev_20120514_1609,2012-05-14 16:09:00,2012-05-14 16:15:00,2012-05-14 16:20:00,C3.2,POINT(43.0 9.0),1476
gev_20120514_1835,2012-05-14 18:35:00,2012-05-14 18:45:00,2012-05-14 18:56:00,B9.2,POINT(50.0 6.0),1476
gev_20120514_1922,2012-05-14 19:22:00,2012-05-14 19:26:00,2012-05-14 19:31:00,C1.7,POINT(-43.0 -26.0),1483
gev_20120514_2020,2012-05-14 20:20:00,2012-05-14 20:23:00,2012-05-14 20:28:00,B8.1,POINT(-68.0 9.0),1484
gev_20120514_2204,2012-05-14 22:04:00,2012-05-14 22:09:00,2012-05-14 22:19:00,B9.6,POINT(46.0 8.0),1476
gev_20120514_2351,2012-05-14 23:51:00,2012-05-15 00:03:00,2012-05-15 00:13:00,C1.5,POINT(48.0 8.0),1476
gev_20120515_0937,2012-05-15 09:37:00,2012-05-15 09:45:00,2012-05-15 10:04:00,C1.7,POINT(52.0 7.0),1476
gev_20120515_1146,2012-05-15 11:46:00,2012-05-15 11:50:00,2012-05-15 11:55:00,B8.2,POINT(55.0 8.0),1476
gev_20120515_1630,2012-05-15 16:30:00,2012-05-15 17:03:00,2012-05-15 17:20:00,C1.3,POINT(-27.0 14.0),1482
gev_20120515_1724,2012-05-15 17:24:00,2012-05-15 17:47:00,2012-05-15 18:30:00,C1.6,POINT(-27.0 15.0),1482
gev_20120515_1941,2012-05-15 19:41:00,2012-05-15 19:45:00,2012-05-15 19:47:00,B9.0,POINT(-25.0 14.0),1482
gev_20120515_1954,2012-05-15 19:54:00,2012-05-15 19:57:00,2012-05-15 19:57:00,C1.0,POINT(58.0 11.0),1476
gev_20120515_2211,2012-05-15 22:11:00,2012-05-15 22:16:00,2012-05-15 22:18:00,C3.0,POINT(61.0 12.0),1476
gev_20120516_0014,2012-05-16 00:14:00,2012-05-16 00:18:00,2012-05-16 00:21:00,C1.7,POINT(-52.0 10.0),1484
gev_20120516_0910,2012-05-16 09:10:00,2012-05-16 09:21:00,2012-05-16 09:33:00,C2.5,POINT(65.0 10.0),1476
gev_20120516_1221,2012-05-16 12:21:00,2012-05-16 12:26:00,2012-05-16 12:30:00,C1.0,POINT(69.0 8.0),1476
gev_20120517_0125,2012-05-17 01:25:00,2012-05-17 01:47:00,2012-05-17 02:14:00,M5.1,POINT(88.0 7.0),0
gev_20120517_1150,2012-05-17 11:50:00,2012-05-17 11:54:00,2012-05-17 12:00:00,C1.1,POINT(89.0 16.0),0
gev_20120517_1852,2012-05-17 18:52:00,2012-05-17 19:02:00,2012-05-17 19:37:00,C1.3,POINT(88.0 17.0),0
gev_20120517_1947,2012-05-17 19:47:00,2012-05-17 19:58:00,2012-05-17 20:17:00,C1.4,POINT(89.0 9.0),0
gev_20120517_2117,2012-05-17 21:17:00,2012-05-17 21:32:00,2012-05-17 21:44:00,C1.3,POINT(89.0 16.0),0
gev_20120517_2245,2012-05-17 22:45:00,2012-05-17 23:03:00,2012-05-17 23:25:00,C1.3,POINT(89.0 16.0),0
gev_20120518_0445,2012-05-18 04:45:00,2012-05-18 04:51:00,2012-05-18 04:55:00,B7.7,POINT(10.0 13.0),0
gev_20120518_0753,2012-05-18 07:53:00,2012-05-18 08:23:00,2012-05-18 08:39:00,C3.6,POINT(89.0 15.0),0
gev_20120518_1252,2012-05-18 12:52:00,2012-05-18 13:15:00,2012-05-18 13:34:00,C2.0,POINT(89.0 15.0),0
gev_20120518_1336,2012-05-18 13:36:00,2012-05-18 13:47:00,2012-05-18 13:55:00,C2.1,POINT(89.0 15.0),0
gev_20120518_1447,2012-05-18 14:47:00,2012-05-18 14:57:00,2012-05-18 15:11:00,C1.3,POINT(89.0 15.0),0
gev_20120518_1544,2012-05-18 15:44:00,2012-05-18 15:56:00,2012-05-18 16:14:00,C1.9,POINT(89.0 14.0),0
gev_20120518_1830,2012-05-18 18:30:00,2012-05-18 18:59:00,2012-05-18 19:21:00,C1.9,POINT(89.0 15.0),0
gev_20120518_2341,2012-05-18 23:41:00,2012-05-18 23:59:00,2012-05-19 00:22:00,C2.2,POINT(89.0 15.0),0
gev_20120519_0115,2012-05-19 01:15:00,2012-05-19 01:23:00,2012-05-19 01:31:00,C1.1,POINT(24.0 16.0),0
gev_20120519_0526,2012-05-19 05:26:00,2012-05-19 05:50:00,2012-05-19 06:30:00,B9.6,POINT(89.0 14.0),0
gev_20120519_1203,2012-05-19 12:03:00,2012-05-19 12:18:00,2012-05-19 12:46:00,C1.0,POINT(28.0 12.0),0
gev_20120519_1204,2012-05-19 12:04:00,2012-05-19 12:18:00,2012-05-19 12:31:00,C1.0,POINT(28.0 12.0),0
gev_20120522_0400,2012-05-22 04:00:00,2012-05-22 04:04:00,2012-05-22 04:10:00,B4.8,POINT(30.0 11.0),0
gev_20120522_0731,2012-05-22 07:31:00,2012-05-22 07:35:00,2012-05-22 07:38:00,B5.9,POINT(32.0 11.0),0
gev_20120522_2337,2012-05-22 23:37:00,2012-05-22 23:50:00,2012-05-23 00:05:00,B5.6,POINT(43.0 10.0),0
gev_20120523_0015,2012-05-23 00:15:00,2012-05-23 00:27:00,2012-05-23 00:35:00,C1.2,POINT(42.0 11.0),1484
gev_20120523_0140,2012-05-23 01:40:00,2012-05-23 01:45:00,2012-05-23 01:49:00,B9.7,POINT(-53.0 12.0),1488
gev_20120523_1102,2012-05-23 11:02:00,2012-05-23 11:08:00,2012-05-23 11:15:00,B7.1,POINT(75.0 -25.0),1483
gev_20120524_1042,2012-05-24 10:42:00,2012-05-24 11:07:00,2012-05-24 11:26:00,C1.0,POINT(67.0 11.0),0
gev_20120524_1133,2012-05-24 11:33:00,2012-05-24 11:37:00,2012-05-24 11:43:00,C1.1,POINT(89.0 15.0),0
gev_20120524_1444,2012-05-24 14:44:00,2012-05-24 14:55:00,2012-05-24 15:10:00,C1.1,POINT(11.0 21.0),0
gev_20120524_1607,2012-05-24 16:07:00,2012-05-24 16:11:00,2012-05-24 16:15:00,B9.0,POINT(-89.0 -9.0),0
gev_20120524_1733,2012-05-24 17:33:00,2012-05-24 17:37:00,2012-05-24 17:39:00,B9.8,POINT(-89.0 -9.0),0
gev_20120524_1841,2012-05-24 18:41:00,2012-05-24 18:45:00,2012-05-24 18:49:00,C1.3,POINT(-89.0 -11.0),0
gev_20120524_1957,2012-05-24 19:57:00,2012-05-24 20:09:00,2012-05-24 20:14:00,C3.9,POINT(-89.0 -14.0),0
gev_20120525_0156,2012-05-25 01:56:00,2012-05-25 02:01:00,2012-05-25 02:05:00,C1.5,POINT(-89.0 -10.0),1492
gev_20120525_1009,2012-05-25 10:09:00,2012-05-25 10:14:00,2012-05-25 10:22:00,C1.6,POINT(-89.0 -10.0),1492
gev_20120525_1054,2012-05-25 10:54:00,2012-05-25 11:01:00,2012-05-25 11:08:00,C1.2,POINT(-84.0 -14.0),1492
gev_20120525_1124,2012-05-25 11:24:00,2012-05-25 11:27:00,2012-05-25 11:33:00,B9.5,POINT(76.0 9.0),1484
gev_20120525_1253,2012-05-25 12:53:00,2012-05-25 13:10:00,2012-05-25 13:25:00,B7.2,POINT(-86.0 -10.0),1492
gev_20120525_1549,2012-05-25 15:49:00,2012-05-25 15:55:00,2012-05-25 16:05:00,C1.4,POINT(-79.0 -15.0),1492
gev_20120525_1953,2012-05-25 19:53:00,2012-05-25 19:58:00,2012-05-25 20:00:00,C2.1,POINT(-80.0 -12.0),1492
gev_20120525_2002,2012-05-25 20:02:00,2012-05-25 20:07:00,2012-05-25 20:09:00,C2.0,POINT(-82.0 -12.0),1492
gev_20120525_2307,2012-05-25 23:07:00,2012-05-25 23:10:00,2012-05-25 23:12:00,C1.1,POINT(-13.0 11.0),1488
gev_20120526_0136,2012-05-26 01:36:00,2012-05-26 01:39:00,2012-05-26 01:39:00,B8.6,POINT(-76.0 -12.0),0
gev_20120526_0438,2012-05-26 04:38:00,2012-05-26 04:42:00,2012-05-26 04:44:00,B8.2,POINT(-76.0 -12.0),0
gev_20120526_0539,2012-05-26 05:39:00,2012-05-26 05:42:00,2012-05-26 05:44:00,B5.7,POINT(-75.0 -13.0),0
gev_20120526_0604,2012-05-26 06:04:00,2012-05-26 06:07:00,2012-05-26 06:09:00,B6.6,POINT(-41.0 -12.0),0
gev_20120526_0905,2012-05-26 09:05:00,2012-05-26 09:07:00,2012-05-26 09:18:00,C1.5,POINT(89.0 10.0),0
gev_20120526_1110,2012-05-26 11:10:00,2012-05-26 11:14:00,2012-05-26 11:18:00,B6.8,POINT(-11.0 11.0),0
gev_20120526_1604,2012-05-26 16:04:00,2012-05-26 16:05:00,2012-05-26 16:13:00,C2.7,POINT(89.0 10.0),0
gev_20120526_1826,2012-05-26 18:26:00,2012-05-26 18:29:00,2012-05-26 18:32:00,B5.7,POINT(40.0 22.0),0
gev_20120526_1848,2012-05-26 18:48:00,2012-05-26 18:56:00,2012-05-26 19:03:00,B6.3,POINT(-62.0 -13.0),0
gev_20120526_2126,2012-05-26 21:26:00,2012-05-26 21:29:00,2012-05-26 21:32:00,B5.5,POINT(-33.0 -13.0),0
gev_20120526_2258,2012-05-26 22:58:00,2012-05-26 23:01:00,2012-05-26 23:03:00,B5.7,POINT(-66.0 -13.0),0
gev_20120527_0250,2012-05-27 02:50:00,2012-05-27 02:58:00,2012-05-27 03:05:00,B8.3,POINT(-58.0 -12.0),0
gev_20120527_0435,2012-05-27 04:35:00,2012-05-27 05:51:00,2012-05-27 07:00:00,C3.1,POINT(-60.0 -11.0),0
gev_20120527_0442,2012-05-27 04:42:00,2012-05-27 05:52:00,2012-05-27 06:32:00,C3.1,POINT(-60.0 -11.0),0
gev_20120528_0527,2012-05-28 05:27:00,2012-05-28 05:32:00,2012-05-28 05:43:00,B5.2,POINT(-16.0 -11.0),1494
gev_20120528_1144,2012-05-28 11:44:00,2012-05-28 11:47:00,2012-05-28 11:50:00,B6.1,POINT(-9.0 -10.0),1494
gev_20120528_1233,2012-05-28 12:33:00,2012-05-28 12:49:00,2012-05-28 13:10:00,B7.4,POINT(64.0 22.0),1491
gev_20120528_1409,2012-05-28 14:09:00,2012-05-28 14:19:00,2012-05-28 14:36:00,B6.8,POINT(-10.0 -11.0),1494
gev_20120529_0451,2012-05-29 04:51:00,2012-05-29 04:55:00,2012-05-29 05:00:00,B3.5,POINT(-31.0 -14.0),1492
gev_20120530_0143,2012-05-30 01:43:00,2012-05-30 02:26:00,2012-05-30 02:54:00,B9.3,POINT(46.0 11.0),1488
gev_20120530_0836,2012-05-30 08:36:00,2012-05-30 08:50:00,2012-05-30 09:07:00,C1.0,POINT(-89.0 13.0),1493
gev_20120530_1856,2012-05-30 18:56:00,2012-05-30 19:07:00,2012-05-30 19:30:00,B8.7,POINT(-89.0 11.0),1493
gev_20120530_2155,2012-05-30 21:55:00,2012-05-30 21:59:00,2012-05-30 22:03:00,C1.0,POINT(-89.0 -18.0),1494
gev_20120531_0103,2012-05-31 01:03:00,2012-05-31 01:27:00,2012-05-31 01:40:00,C1.5,POINT(-78.0 13.0),0
gev_20120531_0515,2012-05-31 05:15:00,2012-05-31 05:49:00,2012-05-31 06:20:00,C1.3,POINT(-89.0 15.0),0
gev_20120531_0635,2012-05-31 06:35:00,2012-05-31 06:43:00,2012-05-31 06:55:00,C1.2,POINT(-89.0 11.0),0
gev_20120531_1326,2012-05-31 13:26:00,2012-05-31 14:32:00,2012-05-31 14:46:00,C2.2,POINT(-25.0 -13.0),0
gev_20120531_1530,2012-05-31 15:30:00,2012-05-31 15:36:00,2012-05-31 15:41:00,C2.5,POINT(-89.0 11.0),0
gev_20120531_1736,2012-05-31 17:36:00,2012-05-31 17:40:00,2012-05-31 17:42:00,C1.4,POINT(-68.0 15.0),0
gev_20120531_2253,2012-05-31 22:53:00,2012-05-31 22:56:00,2012-05-31 23:25:00,B6.6,POINT(-89.0 11.0),0
gev_20120531_2254,2012-05-31 22:54:00,2012-05-31 23:17:00,2012-05-31 23:22:00,C1.3,POINT(-64.0 13.0),0
gev_20120531_2327,2012-05-31 23:27:00,2012-05-31 23:36:00,2012-05-31 23:48:00,C1.2,POINT(-64.0 12.0),0
gev_20120601_0526,2012-06-01 05:26:00,2012-06-01 05:30:00,2012-06-01 05:41:00,C2.1,POINT(-84.0 12.0),0
gev_20120601_0737,2012-06-01 07:37:00,2012-06-01 07:40:00,2012-06-01 07:43:00,C1.1,POINT(-59.0 14.0),0
gev_20120601_1702,2012-06-01 17:02:00,2012-06-01 17:10:00,2012-06-01 17:16:00,C2.4,POINT(-74.0 11.0),0
gev_20120601_1937,2012-06-01 19:37:00,2012-06-01 19:40:00,2012-06-01 19:43:00,C1.8,POINT(81.0 11.0),0
gev_20120601_2230,2012-06-01 22:30:00,2012-06-01 22:41:00,2012-06-01 23:02:00,C3.3,POINT(89.0 12.0),0
gev_20120602_0101,2012-06-02 01:01:00,2012-06-02 01:05:00,2012-06-02 01:08:00,C2.2,POINT(-70.0 6.0),1498
gev_20120602_0415,2012-06-02 04:15:00,2012-06-02 04:31:00,2012-06-02 04:55:00,C1.5,POINT(-42.0 16.0),1493
gev_20120603_1206,2012-06-03 12:06:00,2012-06-03 12:09:00,2012-06-03 12:11:00,C1.6,POINT(-40.0 16.0),1496
gev_20120603_1748,2012-06-03 17:48:00,2012-06-03 17:55:00,2012-06-03 17:57:00,M3.3,POINT(-38.0 16.0),1496
gev_20120604_0931,2012-06-04 09:31:00,2012-06-04 09:36:00,2012-06-04 09:38:00,C1.0,POINT(-30.0 16.0),1496
gev_20120604_1535,2012-06-04 15:35:00,2012-06-04 15:42:00,2012-06-04 16:05:00,B9.9,POINT(-27.0 -19.0),1494
gev_20120604_1646,2012-06-04 16:46:00,2012-06-04 16:58:00,2012-06-04 17:16:00,C1.1,POINT(-36.0 13.0),1499
gev_20120605_0746,2012-06-05 07:46:00,2012-06-05 07:55:00,2012-06-05 08:08:00,C1.1,POINT(-14.0 -17.0),1494
gev_20120605_1153,2012-06-05 11:53:00,2012-06-05 11:57:00,2012-06-05 11:59:00,C1.5,POINT(-30.0 15.0),1499
gev_20120605_1756,2012-06-05 17:56:00,2012-06-05 17:59:00,2012-06-05 18:02:00,B8.3,POINT(-27.0 15.0),0
gev_20120605_1910,2012-06-05 19:10:00,2012-06-05 19:35:00,2012-06-05 20:05:00,B9.8,POINT(-6.0 -18.0),0
gev_20120605_2006,2012-06-05 20:06:00,2012-06-05 20:26:00,2012-06-05 20:38:00,C1.2,POINT(-25.0 15.0),1499
gev_20120605_2049,2012-06-05 20:49:00,2012-06-05 20:59:00,2012-06-05 21:09:00,C4.2,POINT(-20.0 18.0),1499
gev_20120605_2145,2012-06-05 21:45:00,2012-06-05 21:54:00,2012-06-05 21:57:00,C1.0,POINT(-24.0 15.0),1499
gev_20120605_2306,2012-06-05 23:06:00,2012-06-05 23:13:00,2012-06-05 23:26:00,C1.0,POINT(-13.0 6.0),1498
gev_20120606_0212,2012-06-06 02:12:00,2012-06-06 02:19:00,2012-06-06 02:26:00,C1.8,POINT(73.0 -13.0),1490
gev_20120606_1309,2012-06-06 13:09:00,2012-06-06 13:30:00,2012-06-06 13:40:00,B8.6,POINT(55.0 -16.0),1495
gev_20120606_1614,2012-06-06 16:14:00,2012-06-06 16:20:00,2012-06-06 16:25:00,C1.2,POINT(-13.0 15.0),1499
gev_20120606_1703,2012-06-06 17:03:00,2012-06-06 17:06:00,2012-06-06 17:11:00,C1.0,POINT(1.0 -19.0),1494
gev_20120606_1755,2012-06-06 17:55:00,2012-06-06 18:05:00,2012-06-06 18:10:00,C1.0,POINT(84.0 -21.0),1492
gev_20120606_1954,2012-06-06 19:54:00,2012-06-06 20:06:00,2012-06-06 20:13:00,M2.1,POINT(4.0 -18.0),1494
gev_20120606_2128,2012-06-06 21:28:00,2012-06-06 21:32:00,2012-06-06 21:48:00,C1.2,POINT(-12.0 15.0),1499
gev_20120606_2229,2012-06-06 22:29:00,2012-06-06 22:36:00,2012-06-06 22:41:00,C1.1,POINT(-11.0 15.0),1499
gev_20120606_2300,2012-06-06 23:00:00,2012-06-06 23:04:00,2012-06-06 23:11:00,C1.1,POINT(5.0 -18.0),1494
gev_20120606_2356,2012-06-06 23:56:00,2012-06-06 23:59:00,2012-06-07 00:05:00,C1.0,POINT(6.0 -18.0),0
gev_20120607_0005,2012-06-07 00:05:00,2012-06-07 00:15:00,2012-06-07 00:30:00,C1.7,POINT(-1.0 5.0),0
gev_20120607_0006,2012-06-07 00:06:00,2012-06-07 00:15:00,2012-06-07 00:27:00,C1.6,POINT(-1.0 5.0),1498
gev_20120607_0036,2012-06-07 00:36:00,2012-06-07 00:41:00,2012-06-07 00:50:00,C1.2,POINT(89.0 -13.0),0
gev_20120607_0037,2012-06-07 00:37:00,2012-06-07 00:41:00,2012-06-07 00:44:00,C1.2,POINT(89.0 -13.0),1490
gev_20120607_0147,2012-06-07 01:47:00,2012-06-07 01:58:00,2012-06-07 02:07:00,C1.1,POINT(-4.0 7.0),0
gev_20120607_0149,2012-06-07 01:49:00,2012-06-07 01:58:00,2012-06-07 02:06:00,C1.0,POINT(-4.0 6.0),1498
gev_20120607_0223,2012-06-07 02:23:00,2012-06-07 02:39:00,2012-06-07 02:55:00,C1.2,POINT(-6.0 9.0),1498
gev_20120607_0311,2012-06-07 03:11:00,2012-06-07 03:29:00,2012-06-07 03:36:00,C1.0,POINT(89.0 -20.0),1492
gev_20120607_0551,2012-06-07 05:51:00,2012-06-07 05:56:00,2012-06-07 06:10:00,C1.5,POINT(10.0 -17.0),1494
gev_20120607_1206,2012-06-07 12:06:00,2012-06-07 12:16:00,2012-06-07 12:26:00,C2.0,POINT(2.0 14.0),1499
gev_20120607_1302,2012-06-07 13:02:00,2012-06-07 13:05:00,2012-06-07 13:18:00,C1.1,POINT(1.0 13.0),1499
gev_20120607_1419,2012-06-07 14:19:00,2012-06-07 14:28:00,2012-06-07 14:37:00,C2.7,POINT(2.0 14.0),1499
gev_20120607_1529,2012-06-07 15:29:00,2012-06-07 15:43:00,2012-06-07 15:55:00,C9.1,POINT(4.0 13.0),1499
gev_20120607_1927,2012-06-07 19:27:00,2012-06-07 19:32:00,2012-06-07 19:35:00,C1.1,POINT(33.0 13.0),1493
gev_20120607_1936,2012-06-07 19:36:00,2012-06-07 19:42:00,2012-06-07 19:45:00,C1.8,POINT(34.0 13.0),1493
gev_20120608_0251,2012-06-08 02:51:00,2012-06-08 03:07:00,2012-06-08 03:22:00,C7.7,POINT(21.0 -19.0),1494
gev_20120608_0711,2012-06-08 07:11:00,2012-06-08 07:16:00,2012-06-08 07:18:00,C4.8,POINT(40.0 13.0),1493
gev_20120609_0300,2012-06-09 03:00:00,2012-06-09 03:08:00,2012-06-09 03:20:00,C1.5,POINT(19.0 16.0),1499
gev_20120609_1027,2012-06-09 10:27:00,2012-06-09 10:32:00,2012-06-09 10:37:00,C1.5,POINT(-81.0 -15.0),1504
gev_20120609_1120,2012-06-09 11:20:00,2012-06-09 11:32:00,2012-06-09 11:35:00,M1.9,POINT(-80.0 -15.0),1504
gev_20120609_1523,2012-06-09 15:23:00,2012-06-09 15:27:00,2012-06-09 15:31:00,C1.7,POINT(69.0 -22.0),1497
gev_20120609_1645,2012-06-09 16:45:00,2012-06-09 16:53:00,2012-06-09 16:56:00,M1.8,POINT(-76.0 -16.0),1504
gev_20120609_1830,2012-06-09 18:30:00,2012-06-09 18:34:00,2012-06-09 18:36:00,C1.2,POINT(72.0 -22.0),1497
gev_20120609_2311,2012-06-09 23:11:00,2012-06-09 23:14:00,2012-06-09 23:16:00,B8.7,POINT(73.0 -23.0),1497
gev_20120610_0019,2012-06-10 00:19:00,2012-06-10 00:26:00,2012-06-10 00:32:00,B8.6,POINT(32.0 16.0),1499
gev_20120610_0127,2012-06-10 01:27:00,2012-06-10 02:08:00,2012-06-10 02:20:00,C1.0,POINT(31.0 16.0),1499
gev_20120610_0439,2012-06-10 04:39:00,2012-06-10 04:51:00,2012-06-10 04:59:00,C1.1,POINT(-70.0 -16.0),1504
gev_20120610_0639,2012-06-10 06:39:00,2012-06-10 06:45:00,2012-06-10 06:50:00,M1.3,POINT(-66.0 -15.0),1504
gev_20120610_1810,2012-06-10 18:10:00,2012-06-10 18:15:00,2012-06-10 18:21:00,C1.3,POINT(-60.0 -15.0),1504
gev_20120610_1942,2012-06-10 19:42:00,2012-06-10 19:46:00,2012-06-10 19:58:00,C2.3,POINT(-59.0 -16.0),1504
gev_20120610_2316,2012-06-10 23:16:00,2012-06-10 23:21:00,2012-06-10 23:25:00,C1.1,POINT(-57.0 -15.0),1504
gev_20120611_0412,2012-06-11 04:12:00,2012-06-11 04:27:00,2012-06-11 04:43:00,C1.1,POINT(53.0 14.0),1499
gev_20120611_1125,2012-06-11 11:25:00,2012-06-11 11:29:00,2012-06-11 11:35:00,C1.1,POINT(-21.0 -24.0),1507
gev_20120611_1232,2012-06-11 12:32:00,2012-06-11 12:37:00,2012-06-11 13:06:00,B9.8,POINT(-21.0 -24.0),1507
gev_20120611_1443,2012-06-11 14:43:00,2012-06-11 14:47:00,2012-06-11 14:52:00,C1.0,POINT(-27.0 -25.0),1507
gev_20120611_1535,2012-06-11 15:35:00,2012-06-11 15:42:00,2012-06-11 15:50:00,C1.5,POINT(-20.0 -24.0),1507
gev_20120611_1701,2012-06-11 17:01:00,2012-06-11 17:04:00,2012-06-11 17:08:00,C1.5,POINT(-19.0 -24.0),1507
gev_20120611_1859,2012-06-11 18:59:00,2012-06-11 19:03:00,2012-06-11 19:11:00,C1.5,POINT(-18.0 -24.0),1507
gev_20120611_2101,2012-06-11 21:01:00,2012-06-11 21:05:00,2012-06-11 21:10:00,C1.5,POINT(56.0 15.0),1499
gev_20120612_0213,2012-06-12 02:13:00,2012-06-12 02:17:00,2012-06-12 02:20:00,C1.0,POINT(-48.0 10.0),1506
gev_20120612_0234,2012-06-12 02:34:00,2012-06-12 02:38:00,2012-06-12 02:49:00,C1.1,POINT(-49.0 10.0),1506
gev_20120612_0311,2012-06-12 03:11:00,2012-06-12 03:15:00,2012-06-12 03:19:00,C2.1,POINT(-49.0 12.0),1506
gev_20120612_0412,2012-06-12 04:12:00,2012-06-12 04:20:00,2012-06-12 04:22:00,C1.0,POINT(-48.0 11.0),1506
gev_20120612_0512,2012-06-12 05:12:00,2012-06-12 05:16:00,2012-06-12 05:24:00,B8.5,POINT(-48.0 12.0),1506
gev_20120612_0531,2012-06-12 05:31:00,2012-06-12 05:33:00,2012-06-12 05:35:00,C1.0,POINT(-48.0 11.0),1506
gev_20120612_0547,2012-06-12 05:47:00,2012-06-12 05:55:00,2012-06-12 05:59:00,C1.0,POINT(-41.0 -17.0),1504
gev_20120612_0638,2012-06-12 06:38:00,2012-06-12 06:43:00,2012-06-12 06:48:00,C2.0,POINT(-36.0 -17.0),1504
gev_20120612_0710,2012-06-12 07:10:00,2012-06-12 07:14:00,2012-06-12 07:16:00,C1.3,POINT(-47.0 12.0),1506
gev_20120612_0900,2012-06-12 09:00:00,2012-06-12 09:10:00,2012-06-12 09:15:00,C1.6,POINT(-34.0 -17.0),1504
gev_20120612_1215,2012-06-12 12:15:00,2012-06-12 12:18:00,2012-06-12 12:20:00,C1.1,POINT(-32.0 -17.0),1504
gev_20120612_1317,2012-06-12 13:17:00,2012-06-12 13:22:00,2012-06-12 13:30:00,B8.0,POINT(65.0 15.0),1499
gev_20120612_1601,2012-06-12 16:01:00,2012-06-12 17:32:00,2012-06-12 17:42:00,C1.4,POINT(-24.0 -31.0),1508
gev_20120612_1904,2012-06-12 19:04:00,2012-06-12 19:09:00,2012-06-12 19:12:00,C1.5,POINT(-40.0 12.0),1506
gev_20120612_2250,2012-06-12 22:50:00,2012-06-12 23:11:00,2012-06-12 23:19:00,C1.3,POINT(71.0 15.0),1499
gev_20120612_2340,2012-06-12 23:40:00,2012-06-12 23:57:00,2012-06-13 00:05:00,C1.6,POINT(-27.0 -16.0),1504
gev_20120613_0032,2012-06-13 00:32:00,2012-06-13 00:36:00,2012-06-13 00:38:00,C1.9,POINT(-29.0 -18.0),1504
gev_20120613_0138,2012-06-13 01:38:00,2012-06-13 01:49:00,2012-06-13 01:56:00,C1.1,POINT(89.0 19.0),1496
gev_20120613_0210,2012-06-13 02:10:00,2012-06-13 02:27:00,2012-06-13 02:35:00,C1.2,POINT(89.0 19.0),1496
gev_20120613_0315,2012-06-13 03:15:00,2012-06-13 03:20:00,2012-06-13 03:31:00,C2.2,POINT(-29.0 -17.0),1504
gev_20120613_0540,2012-06-13 05:40:00,2012-06-13 06:21:00,2012-06-13 06:31:00,C1.3,POINT(-22.0 -16.0),1504
gev_20120613_0913,2012-06-13 09:13:00,2012-06-13 09:15:00,2012-06-13 09:24:00,C2.7,POINT(89.0 13.0),0
gev_20120613_0936,2012-06-13 09:36:00,2012-06-13 09:39:00,2012-06-13 09:41:00,C1.3,POINT(-25.0 -17.0),0
gev_20120613_1129,2012-06-13 11:29:00,2012-06-13 13:17:00,2012-06-13 14:31:00,M1.2,POINT(-21.0 -18.0),0
gev_20120613_1441,2012-06-13 14:41:00,2012-06-13 14:48:00,2012-06-13 14:59:00,C7.0,POINT(-23.0 -19.0),0
gev_20120613_1525,2012-06-13 15:25:00,2012-06-13 15:27:00,2012-06-13 15:30:00,C6.2,POINT(-20.0 -19.0),0
gev_20120613_1847,2012-06-13 18:47:00,2012-06-13 18:52:00,2012-06-13 18:57:00,C2.7,POINT(-15.0 -16.0),0
gev_20120613_1917,2012-06-13 19:17:00,2012-06-13 19:26:00,2012-06-13 19:55:00,C6.8,POINT(-21.0 -19.0),0
gev_20120613_2259,2012-06-13 22:59:00,2012-06-13 23:02:00,2012-06-13 23:05:00,C1.8,POINT(7.0 -27.0),1508
gev_20120613_2325,2012-06-13 23:25:00,2012-06-14 00:02:00,2012-06-14 00:21:00,C1.2,POINT(9.0 -25.0),1507
gev_20120614_0143,2012-06-14 01:43:00,2012-06-14 01:47:00,2012-06-14 01:50:00,C1.3,POINT(-11.0 -16.0),1504
gev_20120614_0249,2012-06-14 02:49:00,2012-06-14 02:52:00,2012-06-14 02:54:00,C1.2,POINT(9.0 -27.0),0
gev_20120614_0459,2012-06-14 04:59:00,2012-06-14 05:04:00,2012-06-14 05:09:00,C1.7,POINT(-9.0 -16.0),0
gev_20120614_0731,2012-06-14 07:31:00,2012-06-14 07:37:00,2012-06-14 07:42:00,C2.0,POINT(-8.0 -15.0),0
gev_20120614_0802,2012-06-14 08:02:00,2012-06-14 08:06:00,2012-06-14 08:10:00,C1.6,POINT(-7.0 -16.0),0
gev_20120614_1045,2012-06-14 10:45:00,2012-06-14 10:50:00,2012-06-14 10:56:00,C2.5,POINT(-6.0 -16.0),0
gev_20120614_1105,2012-06-14 11:05:00,2012-06-14 11:12:00,2012-06-14 11:22:00,C5.0,POINT(-13.0 -18.0),0
gev_20120614_1233,2012-06-14 12:33:00,2012-06-14 12:37:00,2012-06-14 12:39:00,C2.6,POINT(-5.0 -17.0),0
gev_20120614_1247,2012-06-14 12:47:00,2012-06-14 14:08:00,2012-06-14 15:00:00,M1.5,POINT(-7.0 -19.0),1504
gev_20120614_1252,2012-06-14 12:52:00,2012-06-14 14:35:00,2012-06-14 15:56:00,M1.9,POINT(-6.0 -19.0),0
gev_20120614_2047,2012-06-14 20:47:00,2012-06-14 20:52:00,2012-06-14 21:02:00,C4.0,POINT(-2.0 -11.0),0
gev_20120615_0032,2012-06-15 00:32:00,2012-06-15 00:52:00,2012-06-15 01:06:00,C3.0,POINT(-4.0 -19.0),0
gev_20120615_1004,2012-06-15 10:04:00,2012-06-15 10:13:00,2012-06-15 10:25:00,C1.3,POINT(7.0 -13.0),0
gev_20120615_1031,2012-06-15 10:31:00,2012-06-15 10:47:00,2012-06-15 11:00:00,C2.2,POINT(1.0 -19.0),0
gev_20120615_1307,2012-06-15 13:07:00,2012-06-15 13:24:00,2012-06-15 13:33:00,C3.4,POINT(6.0 -17.0),0
gev_20120615_1539,2012-06-15 15:39:00,2012-06-15 15:50:00,2012-06-15 15:54:00,C1.1,POINT(9.0 -14.0),0
gev_20120615_1805,2012-06-15 18:05:00,2012-06-15 18:16:00,2012-06-15 18:27:00,C2.0,POINT(5.0 -19.0),0
gev_20120616_0043,2012-06-16 00:43:00,2012-06-16 00:48:00,2012-06-16 00:50:00,C2.4,POINT(6.0 -17.0),0
gev_20120616_0120,2012-06-16 01:20:00,2012-06-16 01:25:00,2012-06-16 01:34:00,B8.8,POINT(16.0 -14.0),0
gev_20120616_0216,2012-06-16 02:16:00,2012-06-16 02:25:00,2012-06-16 02:54:00,B6.9,POINT(11.0 -19.0),0
gev_20120616_0328,2012-06-16 03:28:00,2012-06-16 03:38:00,2012-06-16 04:00:00,B6.9,POINT(14.0 -16.0),0
gev_20120616_0425,2012-06-16 04:25:00,2012-06-16 04:50:00,2012-06-16 05:04:00,C1.2,POINT(15.0 -16.0),0
gev_20120616_0620,2012-06-16 06:20:00,2012-06-16 06:29:00,2012-06-16 06:35:00,C1.3,POINT(16.0 -11.0),0
gev_20120616_1311,2012-06-16 13:11:00,2012-06-16 13:24:00,2012-06-16 13:29:00,B9.2,POINT(19.0 -16.0),0
gev_20120616_1330,2012-06-16 13:30:00,2012-06-16 13:38:00,2012-06-16 13:54:00,C1.2,POINT(40.0 -26.0),0
gev_20120616_1444,2012-06-16 14:44:00,2012-06-16 14:53:00,2012-06-16 14:59:00,C1.8,POINT(20.0 -16.0),0
gev_20120616_1831,2012-06-16 18:31:00,2012-06-16 18:35:00,2012-06-16 18:40:00,C1.0,POINT(45.0 -28.0),0
gev_20120617_1725,2012-06-17 17:25:00,2012-06-17 17:28:00,2012-06-17 17:31:00,C1.0,POINT(34.0 -18.0),0
gev_20120617_1736,2012-06-17 17:36:00,2012-06-17 17:40:00,2012-06-17 17:46:00,C3.9,POINT(33.0 -18.0),0
gev_20120617_1951,2012-06-17 19:51:00,2012-06-17 19:53:00,2012-06-17 19:57:00,C1.0,POINT(60.0 -26.0),0
gev_20120617_2132,2012-06-17 21:32:00,2012-06-17 21:39:00,2012-06-17 21:47:00,C1.8,POINT(35.0 -18.0),0
gev_20120617_2215,2012-06-17 22:15:00,2012-06-17 22:18:00,2012-06-17 22:20:00,C1.1,POINT(37.0 -17.0),0
gev_20120617_2303,2012-06-17 23:03:00,2012-06-17 23:07:00,2012-06-17 23:11:00,C1.2,POINT(63.0 -24.0),0
gev_20120617_2337,2012-06-17 23:37:00,2012-06-17 23:42:00,2012-06-17 23:45:00,C1.2,POINT(36.0 -18.0),0
gev_20120618_0052,2012-06-18 00:52:00,2012-06-18 00:59:00,2012-06-18 01:04:00,C1.6,POINT(37.0 -19.0),0
gev_20120618_0201,2012-06-18 02:01:00,2012-06-18 02:05:00,2012-06-18 02:08:00,B9.9,POINT(39.0 -17.0),0
gev_20120618_0641,2012-06-18 06:41:00,2012-06-18 07:14:00,2012-06-18 08:01:00,C1.0,POINT(58.0 -30.0),0
gev_20120618_2132,2012-06-18 21:32:00,2012-06-18 21:36:00,2012-06-18 21:39:00,B6.5,POINT(77.0 -24.0),0
gev_20120619_0400,2012-06-19 04:00:00,2012-06-19 04:45:00,2012-06-19 05:23:00,C1.1,POINT(79.0 -29.0),0
gev_20120619_1327,2012-06-19 13:27:00,2012-06-19 13:35:00,2012-06-19 14:11:00,C1.2,POINT(88.0 -25.0),0
gev_20120619_1415,2012-06-19 14:15:00,2012-06-19 14:18:00,2012-06-19 14:28:00,C1.0,POINT(88.0 -24.0),0
gev_20120619_1848,2012-06-19 18:48:00,2012-06-19 18:52:00,2012-06-19 18:56:00,B6.4,POINT(89.0 -22.0),0
gev_20120620_0146,2012-06-20 01:46:00,2012-06-20 02:03:00,2012-06-20 02:23:00,C1.2,POINT(88.0 -26.0),0
gev_20120620_0415,2012-06-20 04:15:00,2012-06-20 04:21:00,2012-06-20 04:30:00,C1.0,POINT(67.0 -18.0),0
gev_20120620_0549,2012-06-20 05:49:00,2012-06-20 05:58:00,2012-06-20 06:10:00,C1.3,POINT(66.0 -19.0),0
gev_20120620_0634,2012-06-20 06:34:00,2012-06-20 06:40:00,2012-06-20 06:45:00,B6.7,POINT(70.0 -17.0),0
gev_20120620_1059,2012-06-20 10:59:00,2012-06-20 11:08:00,2012-06-20 11:25:00,C1.5,POINT(88.0 -27.0),0
gev_20120620_1545,2012-06-20 15:45:00,2012-06-20 15:53:00,2012-06-20 16:00:00,B7.8,POINT(75.0 -19.0),0
gev_20120620_1614,2012-06-20 16:14:00,2012-06-20 16:28:00,2012-06-20 16:37:00,C3.1,POINT(88.0 -27.0),0
gev_20120621_1716,2012-06-21 17:16:00,2012-06-21 18:14:00,2012-06-21 19:15:00,B7.0,POINT(88.0 -21.0),1507
gev_20120621_1724,2012-06-21 17:24:00,2012-06-21 18:04:00,2012-06-21 19:00:00,B6.6,POINT(88.0 -21.0),0
gev_20120623_0702,2012-06-23 07:02:00,2012-06-23 07:50:00,2012-06-23 08:44:00,C2.7,POINT(89.0 14.0),0
gev_20120623_1752,2012-06-23 17:52:00,2012-06-23 18:03:00,2012-06-23 18:38:00,B2.1,POINT(-88.0 -27.0),1515
gev_20120624_0032,2012-06-24 00:32:00,2012-06-24 01:39:00,2012-06-24 02:10:00,B2.5,POINT(88.0 -18.0),1504
gev_20120624_1455,2012-06-24 14:55:00,2012-06-24 15:15:00,2012-06-24 15:35:00,B2.0,POINT(-47.0 -24.0),1514
gev_20120625_1145,2012-06-25 11:45:00,2012-06-25 11:50:00,2012-06-25 11:58:00,B3.2,POINT(-47.0 -15.0),1512
gev_20120625_1641,2012-06-25 16:41:00,2012-06-25 16:45:00,2012-06-25 16:53:00,B3.1,POINT(-44.0 -14.0),1512
gev_20120625_1803,2012-06-25 18:03:00,2012-06-25 18:14:00,2012-06-25 18:22:00,B5.2,POINT(-89.0 -14.0),1514
gev_20120625_1826,2012-06-25 18:26:00,2012-06-25 18:48:00,2012-06-25 18:48:00,B5.4,POINT(-89.0 -14.0),0
gev_20120625_2040,2012-06-25 20:40:00,2012-06-25 20:44:00,2012-06-25 20:52:00,B7.5,POINT(-41.0 -15.0),0
gev_20120625_2055,2012-06-25 20:55:00,2012-06-25 20:59:00,2012-06-25 21:05:00,C1.4,POINT(-40.0 -16.0),0
gev_20120625_2215,2012-06-25 22:15:00,2012-06-25 22:23:00,2012-06-25 22:29:00,B7.0,POINT(-40.0 -16.0),0
gev_20120625_2341,2012-06-25 23:41:00,2012-06-26 00:07:00,2012-06-26 00:29:00,C1.0,POINT(-89.0 18.0),0
gev_20120626_0342,2012-06-26 03:42:00,2012-06-26 03:48:00,2012-06-26 03:56:00,B4.1,POINT(-89.0 18.0),0
gev_20120626_0901,2012-06-26 09:01:00,2012-06-26 09:12:00,2012-06-26 09:26:00,B6.1,POINT(-89.0 19.0),1513
gev_20120626_1006,2012-06-26 10:06:00,2012-06-26 10:27:00,2012-06-26 10:45:00,B5.6,POINT(-89.0 19.0),1513
gev_20120626_1241,2012-06-26 12:41:00,2012-06-26 12:55:00,2012-06-26 13:06:00,C1.3,POINT(-81.0 18.0),1513
gev_20120626_1933,2012-06-26 19:33:00,2012-06-26 19:44:00,2012-06-26 19:56:00,C1.2,POINT(-29.0 -17.0),1512
gev_20120627_0140,2012-06-27 01:40:00,2012-06-27 01:50:00,2012-06-27 02:00:00,B8.9,POINT(-74.0 12.0),1516
gev_20120627_0258,2012-06-27 02:58:00,2012-06-27 03:03:00,2012-06-27 03:10:00,B7.7,POINT(-89.0 -16.0),1515
gev_20120627_0518,2012-06-27 05:18:00,2012-06-27 05:27:00,2012-06-27 05:35:00,C3.4,POINT(-71.0 13.0),1516
gev_20120627_0757,2012-06-27 07:57:00,2012-06-27 08:08:00,2012-06-27 08:18:00,C3.2,POINT(-22.0 -17.0),1512
gev_20120627_1100,2012-06-27 11:00:00,2012-06-27 11:06:00,2012-06-27 11:12:00,C1.6,POINT(-67.0 13.0),1516
gev_20120627_1233,2012-06-27 12:33:00,2012-06-27 12:38:00,2012-06-27 12:40:00,C3.4,POINT(-64.0 14.0),1516
gev_20120627_1919,2012-06-27 19:19:00,2012-06-27 19:23:00,2012-06-27 19:28:00,B8.5,POINT(-14.0 -16.0),1512
gev_20120628_0146,2012-06-28 01:46:00,2012-06-28 01:54:00,2012-06-28 02:04:00,C1.0,POINT(-10.0 -16.0),1512
gev_20120628_0210,2012-06-28 02:10:00,2012-06-28 02:14:00,2012-06-28 02:16:00,C2.6,POINT(-55.0 16.0),1513
gev_20120628_0318,2012-06-28 03:18:00,2012-06-28 03:23:00,2012-06-28 03:33:00,B6.2,POINT(-74.0 -16.0),1515
gev_20120628_0445,2012-06-28 04:45:00,2012-06-28 04:52:00,2012-06-28 04:55:00,C4.2,POINT(-8.0 -16.0),1512
gev_20120628_0557,2012-06-28 05:57:00,2012-06-28 06:01:00,2012-06-28 06:04:00,B5.1,POINT(-53.0 17.0),1513
gev_20120628_0909,2012-06-28 09:09:00,2012-06-28 09:23:00,2012-06-28 09:27:00,B8.8,POINT(-6.0 -16.0),1512
gev_20120628_1112,2012-06-28 11:12:00,2012-06-28 11:16:00,2012-06-28 11:18:00,B7.2,POINT(-52.0 14.0),1513
gev_20120628_1302,2012-06-28 13:02:00,2012-06-28 13:06:00,2012-06-28 13:08:00,B5.3,POINT(-5.0 -16.0),1512
gev_20120628_1603,2012-06-28 16:03:00,2012-06-28 16:06:00,2012-06-28 16:08:00,B6.4,POINT(-47.0 15.0),1513
gev_20120628_1607,2012-06-28 16:07:00,2012-06-28 16:12:00,2012-06-28 16:15:00,M2.4,POINT(-46.0 16.0),1513
gev_20120628_1927,2012-06-28 19:27:00,2012-06-28 19:48:00,2012-06-28 19:48:00,C2.8,POINT(-49.0 19.0),1513
gev_20120628_1938,2012-06-28 19:38:00,2012-06-28 19:42:00,2012-06-28 20:16:00,C1.7,POINT(-47.0 20.0),1513
gev_20120628_2141,2012-06-28 21:41:00,2012-06-28 21:47:00,2012-06-28 21:49:00,C3.4,POINT(-43.0 15.0),1513
gev_20120629_0033,2012-06-29 00:33:00,2012-06-29 00:38:00,2012-06-29 00:41:00,C1.4,POINT(-42.0 16.0),1513
gev_20120629_0118,2012-06-29 01:18:00,2012-06-29 01:25:00,2012-06-29 01:28:00,C6.7,POINT(-41.0 15.0),1513
gev_20120629_0409,2012-06-29 04:09:00,2012-06-29 04:14:00,2012-06-29 04:16:00,C4.6,POINT(-61.0 -17.0),1515
gev_20120629_0510,2012-06-29 05:10:00,2012-06-29 05:14:00,2012-06-29 05:28:00,B6.3,POINT(5.0 -15.0),1512
gev_20120629_0555,2012-06-29 05:55:00,2012-06-29 05:59:00,2012-06-29 06:01:00,C1.3,POINT(-38.0 15.0),1513
gev_20120629_0643,2012-06-29 06:43:00,2012-06-29 06:47:00,2012-06-29 06:50:00,C6.2,POINT(-60.0 -18.0),1515
gev_20120629_0819,2012-06-29 08:19:00,2012-06-29 08:22:00,2012-06-29 08:24:00,C2.9,POINT(-57.0 -17.0),1515
gev_20120629_0913,2012-06-29 09:13:00,2012-06-29 09:20:00,2012-06-29 09:22:00,M2.2,POINT(-37.0 15.0),1513
gev_20120629_1627,2012-06-29 16:27:00,2012-06-29 16:33:00,2012-06-29 16:43:00,C1.0,POINT(-49.0 13.0),1516
gev_20120629_1835,2012-06-29 18:35:00,2012-06-29 18:44:00,2012-06-29 18:50:00,C1.1,POINT(11.0 -16.0),1512
gev_20120629_2330,2012-06-29 23:30:00,2012-06-29 23:38:00,2012-06-29 23:49:00,C1.8,POINT(-33.0 18.0),1513
gev_20120630_0435,2012-06-30 04:35:00,2012-06-30 04:38:00,2012-06-30 04:40:00,C1.0,POINT(-45.0 -18.0),1515
gev_20120630_0822,2012-06-30 08:22:00,2012-06-30 08:30:00,2012-06-30 08:37:00,C4.4,POINT(-23.0 -13.0),1514
gev_20120630_0948,2012-06-30 09:48:00,2012-06-30 09:53:00,2012-06-30 09:56:00,C1.6,POINT(-23.0 15.0),1513
gev_20120630_1008,2012-06-30 10:08:00,2012-06-30 10:11:00,2012-06-30 10:15:00,B8.6,POINT(-40.0 -16.0),1515
gev_20120630_1048,2012-06-30 10:48:00,2012-06-30 10:57:00,2012-06-30 11:02:00,C2.7,POINT(-22.0 15.0),1513
gev_20120630_1248,2012-06-30 12:48:00,2012-06-30 12:52:00,2012-06-30 12:54:00,M1.0,POINT(-21.0 15.0),1513
gev_20120630_1602,2012-06-30 16:02:00,2012-06-30 16:08:00,2012-06-30 16:12:00,C1.3,POINT(-59.0 6.0),0
gev_20120630_1826,2012-06-30 18:26:00,2012-06-30 18:32:00,2012-06-30 18:34:00,M1.6,POINT(-18.0 14.0),1513
gev_20120630_2121,2012-06-30 21:21:00,2012-06-30 21:25:00,2012-06-30 21:27:00,C1.4,POINT(-16.0 17.0),1513
gev_20120630_2222,2012-06-30 22:22:00,2012-06-30 22:37:00,2012-06-30 23:22:00,C1.2,POINT(-17.0 -17.0),1514
gev_20120701_0102,2012-07-01 01:02:00,2012-07-01 01:07:00,2012-07-01 01:10:00,C1.3,POINT(-14.0 14.0),1513
gev_20120701_0127,2012-07-01 01:27:00,2012-07-01 01:30:00,2012-07-01 01:32:00,B6.4,POINT(-27.0 -15.0),1515
gev_20120701_0711,2012-07-01 07:11:00,2012-07-01 07:16:00,2012-07-01 07:20:00,C5.4,POINT(-10.0 16.0),1513
gev_20120701_1012,2012-07-01 10:12:00,2012-07-01 10:23:00,2012-07-01 10:40:00,C1.3,POINT(-35.0 20.0),1517
gev_20120701_1526,2012-07-01 15:26:00,2012-07-01 15:32:00,2012-07-01 15:37:00,C2.4,POINT(-6.0 15.0),1513
gev_20120701_1541,2012-07-01 15:41:00,2012-07-01 15:45:00,2012-07-01 15:52:00,C8.2,POINT(-20.0 -18.0),1515
gev_20120701_1800,2012-07-01 18:00:00,2012-07-01 18:04:00,2012-07-01 18:06:00,C1.2,POINT(-14.0 -16.0),1515
gev_20120701_1807,2012-07-01 18:07:00,2012-07-01 18:12:00,2012-07-01 18:15:00,C2.7,POINT(-15.0 -16.0),0
gev_20120701_1911,2012-07-01 19:11:00,2012-07-01 19:18:00,2012-07-01 19:21:00,M2.8,POINT(-4.0 15.0),0
gev_20120702_0026,2012-07-02 00:26:00,2012-07-02 00:35:00,2012-07-02 00:40:00,M1.1,POINT(-1.0 15.0),0
gev_20120702_0238,2012-07-02 02:38:00,2012-07-02 02:42:00,2012-07-02 02:44:00,C1.5,POINT(0.0 17.0),0
gev_20120702_0251,2012-07-02 02:51:00,2012-07-02 02:54:00,2012-07-02 02:57:00,B9.5,POINT(0.0 17.0),0
gev_20120702_0356,2012-07-02 03:56:00,2012-07-02 04:00:00,2012-07-02 04:03:00,B8.4,POINT(-2.0 -14.0),1514
gev_20120702_0447,2012-07-02 04:47:00,2012-07-02 04:51:00,2012-07-02 04:56:00,C1.0,POINT(1.0 17.0),1513
gev_20120702_0501,2012-07-02 05:01:00,2012-07-02 05:08:00,2012-07-02 05:14:00,C3.5,POINT(-9.0 -18.0),1515
gev_20120702_0703,2012-07-02 07:03:00,2012-07-02 07:07:00,2012-07-02 07:10:00,C2.1,POINT(-9.0 -17.0),1515
gev_20120702_0850,2012-07-02 08:50:00,2012-07-02 08:55:00,2012-07-02 08:58:00,C2.4,POINT(-8.0 -17.0),1515
gev_20120702_1033,2012-07-02 10:33:00,2012-07-02 10:37:00,2012-07-02 10:41:00,C2.9,POINT(-7.0 -18.0),1515
gev_20120702_1043,2012-07-02 10:43:00,2012-07-02 10:52:00,2012-07-02 10:57:00,M5.6,POINT(-6.0 -17.0),1515
gev_20120702_1219,2012-07-02 12:19:00,2012-07-02 12:28:00,2012-07-02 12:42:00,C1.8,POINT(-20.0 21.0),1517
gev_20120702_1432,2012-07-02 14:32:00,2012-07-02 14:46:00,2012-07-02 14:52:00,C1.7,POINT(6.0 14.0),1513
gev_20120702_1637,2012-07-02 16:37:00,2012-07-02 16:44:00,2012-07-02 16:52:00,C2.0,POINT(-3.0 -17.0),1515
gev_20120702_1742,2012-07-02 17:42:00,2012-07-02 17:50:00,2012-07-02 17:54:00,C3.7,POINT(-3.0 -17.0),1515
gev_20120702_1803,2012-07-02 18:03:00,2012-07-02 18:12:00,2012-07-02 18:22:00,C4.5,POINT(8.0 14.0),1513
gev_20120702_1845,2012-07-02 18:45:00,2012-07-02 18:56:00,2012-07-02 19:02:00,C7.4,POINT(-1.0 -18.0),0
gev_20120702_1927,2012-07-02 19:27:00,2012-07-02 19:31:00,2012-07-02 19:34:00,C1.4,POINT(9.0 14.0),0
gev_20120702_1934,2012-07-02 19:34:00,2012-07-02 19:43:00,2012-07-02 19:47:00,C2.5,POINT(-2.0 -16.0),0
gev_20120702_1959,2012-07-02 19:59:00,2012-07-02 20:07:00,2012-07-02 20:13:00,M3.8,POINT(-0.0 -17.0),0
gev_20120702_2133,2012-07-02 21:33:00,2012-07-02 21:36:00,2012-07-02 21:38:00,C1.9,POINT(-4.0 -18.0),0
gev_20120702_2205,2012-07-02 22:05:00,2012-07-02 22:12:00,2012-07-02 22:15:00,C3.4,POINT(-1.0 -17.0),1515
gev_20120702_2317,2012-07-02 23:17:00,2012-07-02 23:39:00,2012-07-02 23:46:00,C6.5,POINT(11.0 14.0),1513
gev_20120702_2326,2012-07-02 23:26:00,2012-07-02 23:28:00,2012-07-02 23:29:00,C6.5,POINT(-0.0 -17.0),0
gev_20120702_2349,2012-07-02 23:49:00,2012-07-02 23:56:00,2012-07-03 00:12:00,M2.0,POINT(2.0 -16.0),1515
gev_20120703_0043,2012-07-03 00:43:00,2012-07-03 00:47:00,2012-07-03 00:49:00,C1.9,POINT(3.0 -13.0),1515
gev_20120703_0053,2012-07-03 00:53:00,2012-07-03 00:57:00,2012-07-03 00:59:00,C2.6,POINT(0.0 -17.0),1515
gev_20120703_0238,2012-07-03 02:38:00,2012-07-03 02:41:00,2012-07-03 02:44:00,C2.7,POINT(2.0 -17.0),1515
gev_20120703_0336,2012-07-03 03:36:00,2012-07-03 03:42:00,2012-07-03 03:48:00,C9.9,POINT(3.0 -17.0),1515
gev_20120703_0414,2012-07-03 04:14:00,2012-07-03 04:18:00,2012-07-03 04:20:00,C2.4,POINT(3.0 -17.0),1515
gev_20120703_0605,2012-07-03 06:05:00,2012-07-03 06:09:00,2012-07-03 06:12:00,C2.8,POINT(3.0 -17.0),1515
gev_20120703_1212,2012-07-03 12:12:00,2012-07-03 12:15:00,2012-07-03 12:18:00,C2.0,POINT(5.0 -18.0),1515
gev_20120703_1302,2012-07-03 13:02:00,2012-07-03 13:06:00,2012-07-03 13:09:00,C2.2,POINT(6.0 -17.0),1515
gev_20120703_1356,2012-07-03 13:56:00,2012-07-03 13:59:00,2012-07-03 14:02:00,C4.2,POINT(6.0 -17.0),1515
gev_20120703_1436,2012-07-03 14:36:00,2012-07-03 14:41:00,2012-07-03 14:43:00,C8.2,POINT(7.0 -17.0),1515
gev_20120703_1519,2012-07-03 15:19:00,2012-07-03 15:22:00,2012-07-03 15:24:00,C4.1,POINT(7.0 -17.0),1515
gev_20120703_1658,2012-07-03 16:58:00,2012-07-03 17:02:00,2012-07-03 17:09:00,C9.0,POINT(8.0 -17.0),1515
gev_20120703_2014,2012-07-03 20:14:00,2012-07-03 20:17:00,2012-07-03 20:19:00,C3.5,POINT(17.0 -13.0),1514
gev_20120703_2036,2012-07-03 20:36:00,2012-07-03 20:45:00,2012-07-03 20:51:00,C9.3,POINT(22.0 14.0),1513
gev_20120703_2147,2012-07-03 21:47:00,2012-07-03 21:51:00,2012-07-03 21:54:00,C2.9,POINT(10.0 -17.0),1515
gev_20120703_2326,2012-07-03 23:26:00,2012-07-03 23:30:00,2012-07-03 23:36:00,C4.9,POINT(11.0 -17.0),0
gev_20120704_0130,2012-07-04 01:30:00,2012-07-04 01:45:00,2012-07-04 01:49:00,C5.1,POINT(13.0 -17.0),0
gev_20120704_0403,2012-07-04 04:03:00,2012-07-04 04:10:00,2012-07-04 04:21:00,C6.1,POINT(14.0 -17.0),0
gev_20120704_0428,2012-07-04 04:28:00,2012-07-04 04:37:00,2012-07-04 04:45:00,M2.3,POINT(18.0 -16.0),0
gev_20120704_0900,2012-07-04 09:00:00,2012-07-04 09:06:00,2012-07-04 09:09:00,C6.7,POINT(17.0 -18.0),0
gev_20120704_0947,2012-07-04 09:47:00,2012-07-04 09:55:00,2012-07-04 09:57:00,M5.3,POINT(18.0 -17.0),0
gev_20120704_1113,2012-07-04 11:13:00,2012-07-04 11:17:00,2012-07-04 11:19:00,C5.8,POINT(17.0 -17.0),0
gev_20120704_1207,2012-07-04 12:07:00,2012-07-04 12:24:00,2012-07-04 12:32:00,M2.3,POINT(22.0 -17.0),0
gev_20120704_1410,2012-07-04 14:10:00,2012-07-04 14:13:00,2012-07-04 14:17:00,C5.6,POINT(19.0 -17.0),0
gev_20120704_1435,2012-07-04 14:35:00,2012-07-04 14:40:00,2012-07-04 14:42:00,M1.3,POINT(20.0 -18.0),0
gev_20120704_1445,2012-07-04 14:45:00,2012-07-04 14:49:00,2012-07-04 14:52:00,C8.2,POINT(20.0 -17.0),0
gev_20120704_1547,2012-07-04 15:47:00,2012-07-04 15:50:00,2012-07-04 15:52:00,C6.4,POINT(23.0 -17.0),0
gev_20120704_1608,2012-07-04 16:08:00,2012-07-04 16:12:00,2012-07-04 16:15:00,C6.9,POINT(21.0 -17.0),0
gev_20120704_1633,2012-07-04 16:33:00,2012-07-04 16:39:00,2012-07-04 16:48:00,M1.8,POINT(33.0 14.0),0
gev_20120704_1930,2012-07-04 19:30:00,2012-07-04 19:34:00,2012-07-04 19:37:00,C2.9,POINT(29.0 -15.0),0
gev_20120704_2123,2012-07-04 21:23:00,2012-07-04 21:27:00,2012-07-04 21:29:00,C9.5,POINT(21.0 -16.0),0
gev_20120704_2203,2012-07-04 22:03:00,2012-07-04 22:09:00,2012-07-04 22:15:00,M4.6,POINT(28.0 -16.0),0
gev_20120704_2239,2012-07-04 22:39:00,2012-07-04 22:45:00,2012-07-04 22:47:00,C7.4,POINT(25.0 -18.0),0
gev_20120704_2347,2012-07-04 23:47:00,2012-07-04 23:55:00,2012-07-05 00:02:00,M1.2,POINT(-9.0 -86.0),0
gev_20120705_0105,2012-07-05 01:05:00,2012-07-05 01:10:00,2012-07-05 01:15:00,M2.4,POINT(27.0 -17.0),1515
gev_20120705_0201,2012-07-05 02:01:00,2012-07-05 02:05:00,2012-07-05 02:32:00,C7.0,POINT(26.0 -18.0),1515
gev_20120705_0235,2012-07-05 02:35:00,2012-07-05 02:42:00,2012-07-05 02:47:00,M2.2,POINT(27.0 -18.0),1515
gev_20120705_0325,2012-07-05 03:25:00,2012-07-05 03:36:00,2012-07-05 03:39:00,M4.7,POINT(29.0 -18.0),1515
gev_20120705_0442,2012-07-05 04:42:00,2012-07-05 04:45:00,2012-07-05 04:49:00,C9.1,POINT(29.0 -18.0),1515
gev_20120705_0649,2012-07-05 06:49:00,2012-07-05 06:58:00,2012-07-05 07:05:00,M1.1,POINT(29.0 -17.0),1515
gev_20120705_0740,2012-07-05 07:40:00,2012-07-05 07:45:00,2012-07-05 07:48:00,M1.3,POINT(30.0 -18.0),1515
gev_20120705_0905,2012-07-05 09:05:00,2012-07-05 09:08:00,2012-07-05 09:11:00,C5.0,POINT(32.0 -19.0),1515
gev_20120705_0917,2012-07-05 09:17:00,2012-07-05 09:20:00,2012-07-05 09:24:00,C5.8,POINT(30.0 -18.0),1515
gev_20120705_1044,2012-07-05 10:44:00,2012-07-05 10:48:00,2012-07-05 10:50:00,M1.8,POINT(30.0 -18.0),1515
gev_20120705_1139,2012-07-05 11:39:00,2012-07-05 11:44:00,2012-07-05 11:49:00,M6.1,POINT(32.0 -18.0),1515
gev_20120705_1305,2012-07-05 13:05:00,2012-07-05 13:18:00,2012-07-05 13:32:00,M1.2,POINT(42.0 -15.0),1514
gev_20120705_1341,2012-07-05 13:41:00,2012-07-05 13:52:00,2012-07-05 13:58:00,C7.4,POINT(-69.0 -26.0),1519
gev_20120705_1415,2012-07-05 14:15:00,2012-07-05 14:18:00,2012-07-05 14:20:00,C4.0,POINT(36.0 -17.0),1515
gev_20120705_1441,2012-07-05 14:41:00,2012-07-05 14:45:00,2012-07-05 14:50:00,C8.3,POINT(33.0 -17.0),1515
gev_20120705_1556,2012-07-05 15:56:00,2012-07-05 15:59:00,2012-07-05 16:01:00,C6.2,POINT(34.0 -17.0),1515
gev_20120705_1751,2012-07-05 17:51:00,2012-07-05 17:54:00,2012-07-05 17:57:00,C5.1,POINT(30.0 -18.0),1515
gev_20120705_1812,2012-07-05 18:12:00,2012-07-05 18:20:00,2012-07-05 18:24:00,C6.1,POINT(36.0 -17.0),1515
gev_20120705_1939,2012-07-05 19:39:00,2012-07-05 19:44:00,2012-07-05 19:53:00,C4.8,POINT(40.0 -15.0),1515
gev_20120705_2009,2012-07-05 20:09:00,2012-07-05 20:14:00,2012-07-05 20:28:00,M1.6,POINT(37.0 -18.0),1515
gev_20120705_2137,2012-07-05 21:37:00,2012-07-05 21:45:00,2012-07-05 21:51:00,M1.6,POINT(45.0 -12.0),1514
gev_20120705_2334,2012-07-05 23:34:00,2012-07-05 23:39:00,2012-07-05 23:41:00,C5.0,POINT(39.0 -18.0),1515
gev_20120706_0013,2012-07-06 00:13:00,2012-07-06 00:21:00,2012-07-06 00:24:00,C6.8,POINT(38.0 -17.0),1515
gev_20120706_0137,2012-07-06 01:37:00,2012-07-06 01:40:00,2012-07-06 01:42:00,M2.9,POINT(39.0 -17.0),1515
gev_20120706_0228,2012-07-06 02:28:00,2012-07-06 02:31:00,2012-07-06 02:37:00,C5.0,POINT(48.0 -12.0),1514
gev_20120706_0244,2012-07-06 02:44:00,2012-07-06 02:51:00,2012-07-06 02:58:00,M1.0,POINT(48.0 -12.0),1514
gev_20120706_0428,2012-07-06 04:28:00,2012-07-06 04:33:00,2012-07-06 04:37:00,C5.8,POINT(41.0 -17.0),1515
gev_20120706_0452,2012-07-06 04:52:00,2012-07-06 04:59:00,2012-07-06 05:24:00,C7.7,POINT(-88.0 -17.0),1520
gev_20120706_0702,2012-07-06 07:02:00,2012-07-06 07:07:00,2012-07-06 07:10:00,C7.4,POINT(44.0 -18.0),1515
gev_20120706_0817,2012-07-06 08:17:00,2012-07-06 08:23:00,2012-07-06 08:27:00,M1.5,POINT(-9.0 -86.0),0
gev_20120706_0913,2012-07-06 09:13:00,2012-07-06 09:18:00,2012-07-06 09:29:00,C3.8,POINT(41.0 -18.0),1515
gev_20120706_1024,2012-07-06 10:24:00,2012-07-06 10:29:00,2012-07-06 10:32:00,M1.8,POINT(44.0 -17.0),1515
gev_20120706_1326,2012-07-06 13:26:00,2012-07-06 13:30:00,2012-07-06 13:32:00,M1.2,POINT(-85.0 -17.0),1520
gev_20120706_1450,2012-07-06 14:50:00,2012-07-06 15:00:00,2012-07-06 15:12:00,C7.8,POINT(-88.0 -15.0),1520
gev_20120706_1601,2012-07-06 16:01:00,2012-07-06 16:05:00,2012-07-06 16:10:00,C5.0,POINT(58.0 -17.0),1514
gev_20120706_1707,2012-07-06 17:07:00,2012-07-06 17:10:00,2012-07-06 17:15:00,C3.4,POINT(44.0 -17.0),1515
gev_20120706_1738,2012-07-06 17:38:00,2012-07-06 17:43:00,2012-07-06 17:48:00,C7.2,POINT(57.0 -13.0),1514
gev_20120706_1848,2012-07-06 18:48:00,2012-07-06 18:55:00,2012-07-06 19:05:00,M1.3,POINT(-88.0 -15.0),1520
gev_20120706_1920,2012-07-06 19:20:00,2012-07-06 19:24:00,2012-07-06 19:26:00,C9.2,POINT(51.0 -17.0),1515
gev_20120706_2301,2012-07-06 23:01:00,2012-07-06 23:08:00,2012-07-06 23:14:00,X1.1,POINT(59.0 -13.0),1514
gev_20120707_0310,2012-07-07 03:10:00,2012-07-07 03:15:00,2012-07-07 03:23:00,M1.2,POINT(55.0 -17.0),1515
gev_20120707_0413,2012-07-07 04:13:00,2012-07-07 04:19:00,2012-07-07 04:27:00,C6.7,POINT(-76.0 -16.0),1520
gev_20120707_0818,2012-07-07 08:18:00,2012-07-07 08:28:00,2012-07-07 08:39:00,M1.0,POINT(-76.0 -16.0),1520
gev_20120707_1036,2012-07-07 10:36:00,2012-07-07 10:44:00,2012-07-07 10:49:00,C6.4,POINT(60.0 -17.0),1515
gev_20120707_1057,2012-07-07 10:57:00,2012-07-07 11:03:00,2012-07-07 11:07:00,M2.6,POINT(59.0 -17.0),1515
gev_20120707_1210,2012-07-07 12:10:00,2012-07-07 12:13:00,2012-07-07 12:15:00,C2.4,POINT(60.0 -17.0),1515
gev_20120707_1302,2012-07-07 13:02:00,2012-07-07 13:06:00,2012-07-07 13:09:00,C3.2,POINT(61.0 -17.0),1515
gev_20120707_1310,2012-07-07 13:10:00,2012-07-07 13:14:00,2012-07-07 13:16:00,C3.9,POINT(62.0 -17.0),1515
gev_20120707_1345,2012-07-07 13:45:00,2012-07-07 13:49:00,2012-07-07 13:52:00,C3.7,POINT(13.0 -10.0),0
gev_20120707_1433,2012-07-07 14:33:00,2012-07-07 14:36:00,2012-07-07 14:38:00,C3.0,POINT(65.0 -11.0),1515
gev_20120707_1442,2012-07-07 14:42:00,2012-07-07 14:47:00,2012-07-07 14:54:00,C3.6,POINT(61.0 -17.0),1515
gev_20120707_2356,2012-07-07 23:56:00,2012-07-08 00:09:00,2012-07-08 00:16:00,C8.4,POINT(67.0 -17.0),1515
gev_20120708_0203,2012-07-08 02:03:00,2012-07-08 02:09:00,2012-07-08 02:14:00,C3.6,POINT(68.0 -17.0),1515
gev_20120708_0328,2012-07-08 03:28:00,2012-07-08 03:32:00,2012-07-08 03:35:00,C4.4,POINT(71.0 -17.0),1515
gev_20120708_0414,2012-07-08 04:14:00,2012-07-08 04:19:00,2012-07-08 04:24:00,C6.6,POINT(68.0 -17.0),1515
gev_20120708_0528,2012-07-08 05:28:00,2012-07-08 05:34:00,2012-07-08 05:40:00,C5.9,POINT(69.0 -17.0),1515
gev_20120708_0541,2012-07-08 05:41:00,2012-07-08 05:46:00,2012-07-08 05:52:00,M1.3,POINT(70.0 -16.0),1515
gev_20120708_0621,2012-07-08 06:21:00,2012-07-08 06:25:00,2012-07-08 06:28:00,C6.8,POINT(69.0 -17.0),0
gev_20120708_0944,2012-07-08 09:44:00,2012-07-08 09:53:00,2012-07-08 09:57:00,M1.1,POINT(70.0 -16.0),0
gev_20120708_1021,2012-07-08 10:21:00,2012-07-08 10:30:00,2012-07-08 10:39:00,C6.9,POINT(85.0 -16.0),0
gev_20120708_1044,2012-07-08 10:44:00,2012-07-08 10:50:00,2012-07-08 10:56:00,C5.4,POINT(88.0 -16.0),0
gev_20120708_1206,2012-07-08 12:06:00,2012-07-08 12:10:00,2012-07-08 12:13:00,M1.4,POINT(72.0 -16.0),0
gev_20120708_1254,2012-07-08 12:54:00,2012-07-08 13:02:00,2012-07-08 13:13:00,C6.1,POINT(-60.0 -16.0),0
gev_20120708_1435,2012-07-08 14:35:00,2012-07-08 14:43:00,2012-07-08 14:55:00,C6.7,POINT(75.0 -17.0),0
gev_20120708_1623,2012-07-08 16:23:00,2012-07-08 16:32:00,2012-07-08 16:42:00,M6.9,POINT(86.0 -14.0),0
gev_20120708_1729,2012-07-08 17:29:00,2012-07-08 17:34:00,2012-07-08 17:47:00,C8.8,POINT(-47.0 -17.0),0
gev_20120708_1748,2012-07-08 17:48:00,2012-07-08 18:03:00,2012-07-08 18:09:00,C9.2,POINT(-31.0 -15.0),0
gev_20120708_1921,2012-07-08 19:21:00,2012-07-08 19:24:00,2012-07-08 19:28:00,C6.6,POINT(-46.0 -16.0),0
gev_20120709_0706,2012-07-09 07:06:00,2012-07-09 07:13:00,2012-07-09 07:22:00,C4.5,POINT(88.0 -16.0),0
gev_20120709_0805,2012-07-09 08:05:00,2012-07-09 08:30:00,2012-07-09 08:58:00,C7.9,POINT(-35.0 -15.0),1520
gev_20120709_0921,2012-07-09 09:21:00,2012-07-09 09:32:00,2012-07-09 10:05:00,C6.5,POINT(88.0 -19.0),0
gev_20120709_1946,2012-07-09 19:46:00,2012-07-09 19:52:00,2012-07-09 19:56:00,C5.0,POINT(88.0 -16.0),0
gev_20120709_2207,2012-07-09 22:07:00,2012-07-09 22:17:00,2012-07-09 22:28:00,C2.2,POINT(-38.0 -22.0),0
gev_20120709_2303,2012-07-09 23:03:00,2012-07-09 23:07:00,2012-07-09 23:11:00,M1.1,POINT(-38.0 -17.0),0
gev_20120710_0337,2012-07-10 03:37:00,2012-07-10 03:43:00,2012-07-10 03:48:00,C3.9,POINT(-33.0 -16.0),0
gev_20120710_0431,2012-07-10 04:31:00,2012-07-10 04:39:00,2012-07-10 04:45:00,C7.0,POINT(-34.0 -16.0),0
gev_20120710_0458,2012-07-10 04:58:00,2012-07-10 05:14:00,2012-07-10 05:31:00,M1.7,POINT(-35.0 -16.0),0
gev_20120710_0605,2012-07-10 06:05:00,2012-07-10 06:27:00,2012-07-10 06:47:00,M2.0,POINT(-30.0 -16.0),0
gev_20120710_0816,2012-07-10 08:16:00,2012-07-10 08:34:00,2012-07-10 08:38:00,C4.5,POINT(-6.0 -18.0),0
gev_20120710_0900,2012-07-10 09:00:00,2012-07-10 09:04:00,2012-07-10 09:08:00,C4.1,POINT(-17.0 -22.0),0
gev_20120710_1208,2012-07-10 12:08:00,2012-07-10 12:24:00,2012-07-10 12:31:00,C5.5,POINT(-28.0 -16.0),0
gev_20120710_1237,2012-07-10 12:37:00,2012-07-10 12:44:00,2012-07-10 12:49:00,C4.6,POINT(-30.0 -17.0),0
gev_20120710_1339,2012-07-10 13:39:00,2012-07-10 13:45:00,2012-07-10 13:49:00,C8.2,POINT(-15.0 -22.0),0
gev_20120710_1527,2012-07-10 15:27:00,2012-07-10 15:45:00,2012-07-10 15:50:00,C5.6,POINT(-29.0 -14.0),1520
gev_20120710_2007,2012-07-10 20:07:00,2012-07-10 20:14:00,2012-07-10 20:16:00,C3.2,POINT(-24.0 -16.0),1520
gev_20120710_2357,2012-07-10 23:57:00,2012-07-11 00:09:00,2012-07-11 00:23:00,C3.0,POINT(88.0 -19.0),1515
gev_20120711_0526,2012-07-11 05:26:00,2012-07-11 05:33:00,2012-07-11 05:38:00,C3.4,POINT(-6.0 -22.0),1521
gev_20120711_0824,2012-07-11 08:24:00,2012-07-11 08:31:00,2012-07-11 08:37:00,C9.9,POINT(-4.0 -22.0),1521
gev_20120711_1435,2012-07-11 14:35:00,2012-07-11 14:42:00,2012-07-11 14:49:00,C1.7,POINT(9.0 -18.0),0
gev_20120711_1557,2012-07-11 15:57:00,2012-07-11 16:02:00,2012-07-11 16:06:00,C1.9,POINT(-14.0 -18.0),0
gev_20120711_2124,2012-07-11 21:24:00,2012-07-11 22:27:00,2012-07-11 22:49:00,C5.6,POINT(-11.0 -22.0),0
gev_20120711_2130,2012-07-11 21:30:00,2012-07-11 22:27:00,2012-07-11 23:30:00,C5.7,POINT(-11.0 -22.0),1520
gev_20120712_0105,2012-07-12 01:05:00,2012-07-12 01:09:00,2012-07-12 01:17:00,C1.3,POINT(9.0 -15.0),0
gev_20120712_0123,2012-07-12 01:23:00,2012-07-12 01:36:00,2012-07-12 01:43:00,C4.0,POINT(-10.0 -19.0),0
gev_20120712_0723,2012-07-12 07:23:00,2012-07-12 07:27:00,2012-07-12 07:46:00,C1.0,POINT(8.0 -22.0),0
gev_20120712_0746,2012-07-12 07:46:00,2012-07-12 08:05:00,2012-07-12 08:21:00,C3.1,POINT(-6.0 -21.0),0
gev_20120712_1537,2012-07-12 15:37:00,2012-07-12 16:49:00,2012-07-12 17:30:00,X1.4,POINT(3.0 -13.0),0
gev_20120713_0623,2012-07-13 06:23:00,2012-07-13 06:29:00,2012-07-13 06:37:00,C2.4,POINT(24.0 -21.0),0
gev_20120713_1107,2012-07-13 11:07:00,2012-07-13 11:11:00,2012-07-13 11:13:00,C1.5,POINT(9.0 -16.0),0
gev_20120713_1215,2012-07-13 12:15:00,2012-07-13 12:19:00,2012-07-13 12:22:00,C1.5,POINT(28.0 -21.0),0
gev_20120713_1900,2012-07-13 19:00:00,2012-07-13 19:04:00,2012-07-13 19:04:00,C1.3,POINT(16.0 -12.0),0
gev_20120713_2201,2012-07-13 22:01:00,2012-07-13 22:10:00,2012-07-13 22:19:00,C2.4,POINT(19.0 -13.0),0
gev_20120713_2228,2012-07-13 22:28:00,2012-07-13 22:35:00,2012-07-13 22:42:00,C2.1,POINT(19.0 -13.0),0
gev_20120714_0332,2012-07-14 03:32:00,2012-07-14 04:58:00,2012-07-14 05:07:00,M1.0,POINT(18.0 -15.0),0
gev_20120714_0333,2012-07-14 03:33:00,2012-07-14 04:11:00,2012-07-14 04:50:00,C5.0,POINT(30.0 -18.0),0
gev_20120714_0451,2012-07-14 04:51:00,2012-07-14 04:58:00,2012-07-14 05:05:00,M1.0,POINT(18.0 -15.0),0
gev_20120714_0731,2012-07-14 07:31:00,2012-07-14 07:34:00,2012-07-14 07:37:00,C2.0,POINT(16.0 -11.0),0
gev_20120714_0907,2012-07-14 09:07:00,2012-07-14 09:12:00,2012-07-14 09:16:00,C1.4,POINT(38.0 12.0),0
gev_20120714_1029,2012-07-14 10:29:00,2012-07-14 10:39:00,2012-07-14 10:51:00,C3.2,POINT(27.0 -12.0),0
gev_20120714_1408,2012-07-14 14:08:00,2012-07-14 14:16:00,2012-07-14 14:23:00,C2.4,POINT(28.0 -13.0),0
gev_20120714_1538,2012-07-14 15:38:00,2012-07-14 15:44:00,2012-07-14 15:49:00,C2.5,POINT(23.0 -16.0),0
gev_20120714_2150,2012-07-14 21:50:00,2012-07-14 22:19:00,2012-07-14 22:50:00,C1.0,POINT(31.0 -13.0),0
gev_20120715_1432,2012-07-15 14:32:00,2012-07-15 14:36:00,2012-07-15 14:40:00,C1.1,POINT(56.0 -20.0),0
gev_20120715_1725,2012-07-15 17:25:00,2012-07-15 17:30:00,2012-07-15 17:35:00,C1.0,POINT(64.0 -17.0),0
gev_20120715_1838,2012-07-15 18:38:00,2012-07-15 18:47:00,2012-07-15 18:49:00,C3.8,POINT(65.0 -17.0),0
gev_20120715_1947,2012-07-15 19:47:00,2012-07-15 19:51:00,2012-07-15 19:53:00,C2.8,POINT(66.0 -17.0),0
gev_20120715_2027,2012-07-15 20:27:00,2012-07-15 20:46:00,2012-07-15 20:51:00,C1.2,POINT(66.0 -17.0),0
gev_20120715_2052,2012-07-15 20:52:00,2012-07-15 20:56:00,2012-07-15 20:58:00,C1.6,POINT(66.0 -17.0),0
gev_20120715_2143,2012-07-15 21:43:00,2012-07-15 21:49:00,2012-07-15 21:52:00,C3.5,POINT(44.0 -14.0),0
gev_20120715_2353,2012-07-15 23:53:00,2012-07-15 23:59:00,2012-07-16 00:03:00,C2.4,POINT(63.0 -16.0),0
gev_20120716_0110,2012-07-16 01:10:00,2012-07-16 01:21:00,2012-07-16 01:34:00,C1.8,POINT(69.0 -18.0),0
gev_20120716_0140,2012-07-16 01:40:00,2012-07-16 01:46:00,2012-07-16 01:54:00,C1.4,POINT(64.0 -15.0),0
gev_20120716_0219,2012-07-16 02:19:00,2012-07-16 02:31:00,2012-07-16 02:42:00,C1.3,POINT(66.0 12.0),0
gev_20120716_0241,2012-07-16 02:41:00,2012-07-16 03:44:00,2012-07-16 04:07:00,C2.3,POINT(74.0 -18.0),0
gev_20120716_0452,2012-07-16 04:52:00,2012-07-16 04:58:00,2012-07-16 05:09:00,C3.0,POINT(63.0 12.0),0
gev_20120716_1301,2012-07-16 13:01:00,2012-07-16 13:10:00,2012-07-16 13:19:00,C2.2,POINT(81.0 -18.0),0
gev_20120716_1542,2012-07-16 15:42:00,2012-07-16 16:07:00,2012-07-16 16:40:00,C1.8,POINT(73.0 -17.0),0
gev_20120716_1829,2012-07-16 18:29:00,2012-07-16 18:36:00,2012-07-16 18:40:00,C1.8,POINT(60.0 -18.0),0
gev_20120716_1919,2012-07-16 19:19:00,2012-07-16 20:03:00,2012-07-16 20:43:00,C7.5,POINT(68.0 -15.0),0
gev_20120716_2135,2012-07-16 21:35:00,2012-07-16 21:39:00,2012-07-16 21:45:00,C3.8,POINT(-68.0 -17.0),0
gev_20120717_0403,2012-07-17 04:03:00,2012-07-17 04:15:00,2012-07-17 04:21:00,C2.4,POINT(65.0 -19.0),0
gev_20120717_0552,2012-07-17 05:52:00,2012-07-17 06:05:00,2012-07-17 06:10:00,C1.5,POINT(83.0 -16.0),0
gev_20120717_1203,2012-07-17 12:03:00,2012-07-17 17:15:00,2012-07-17 19:04:00,M1.7,POINT(88.0 -15.0),0
gev_20120718_0257,2012-07-18 02:57:00,2012-07-18 03:09:00,2012-07-18 03:17:00,C3.9,POINT(82.0 -19.0),0
gev_20120718_0555,2012-07-18 05:55:00,2012-07-18 06:02:00,2012-07-18 06:09:00,C3.0,POINT(88.0 -14.0),0
gev_20120718_2203,2012-07-18 22:03:00,2012-07-18 22:18:00,2012-07-18 22:33:00,C4.5,POINT(88.0 -14.0),0
gev_20120719_0000,2012-07-19 00:00:00,2012-07-19 00:09:00,2012-07-19 00:14:00,C2.4,POINT(-38.0 -16.0),0
gev_20120719_0134,2012-07-19 01:34:00,2012-07-19 01:37:00,2012-07-19 01:39:00,C1.3,POINT(-37.0 -16.0),0
gev_20120719_0413,2012-07-19 04:13:00,2012-07-19 05:41:00,2012-07-19 07:45:00,M6.7,POINT(88.0 -13.0),0
gev_20120719_0417,2012-07-19 04:17:00,2012-07-19 05:58:00,2012-07-19 06:56:00,M7.7,POINT(88.0 -13.0),0
gev_20120719_0513,2012-07-19 05:13:00,2012-07-19 05:58:00,2012-07-19 05:58:00,M7.7,POINT(88.0 -13.0),0
gev_20120719_1832,2012-07-19 18:32:00,2012-07-19 18:36:00,2012-07-19 18:38:00,C1.5,POINT(-25.0 -22.0),0
gev_20120719_2144,2012-07-19 21:44:00,2012-07-19 21:48:00,2012-07-19 21:51:00,C1.1,POINT(-23.0 -22.0),0
gev_20120720_1851,2012-07-20 18:51:00,2012-07-20 19:13:00,2012-07-20 19:52:00,B4.8,POINT(88.0 -13.0),0
gev_20120720_2131,2012-07-20 21:31:00,2012-07-20 21:37:00,2012-07-20 21:45:00,B5.0,POINT(-14.0 -19.0),0
gev_20120720_2218,2012-07-20 22:18:00,2012-07-20 22:22:00,2012-07-20 22:26:00,B4.2,POINT(-8.0 -22.0),0
gev_20120721_2319,2012-07-21 23:19:00,2012-07-21 23:24:00,2012-07-21 23:29:00,C1.4,POINT(-51.0 -16.0),1526
gev_20120722_0801,2012-07-22 08:01:00,2012-07-22 08:26:00,2012-07-22 09:45:00,B5.4,POINT(7.0 -20.0),1525
gev_20120722_2219,2012-07-22 22:19:00,2012-07-22 22:31:00,2012-07-22 22:39:00,B6.1,POINT(-88.0 14.0),1528
gev_20120722_2344,2012-07-22 23:44:00,2012-07-23 00:32:00,2012-07-23 01:44:00,B4.3,POINT(-88.0 -16.0),1529
gev_20120723_0000,2012-07-23 00:00:00,2012-07-23 00:32:00,2012-07-23 03:00:00,B4.3,POINT(-88.0 -16.0),1529
gev_20120723_0948,2012-07-23 09:48:00,2012-07-23 10:27:00,2012-07-23 10:58:00,B8.2,POINT(-87.0 -23.0),1530
gev_20120723_1121,2012-07-23 11:21:00,2012-07-23 11:27:00,2012-07-23 11:48:00,C2.0,POINT(-80.0 24.0),0
gev_20120723_1529,2012-07-23 15:29:00,2012-07-23 15:39:00,2012-07-23 15:50:00,B7.3,POINT(-87.0 -19.0),0
gev_20120723_1640,2012-07-23 16:40:00,2012-07-23 17:00:00,2012-07-23 17:06:00,C1.0,POINT(-88.0 -17.0),0
gev_20120723_2215,2012-07-23 22:15:00,2012-07-23 22:25:00,2012-07-23 22:36:00,B7.9,POINT(-87.0 -19.0),0
gev_20120723_2310,2012-07-23 23:10:00,2012-07-23 23:25:00,2012-07-23 23:33:00,C1.4,POINT(-87.0 -18.0),0
gev_20120724_0533,2012-07-24 05:33:00,2012-07-24 05:56:00,2012-07-24 05:56:00,C1.4,POINT(-87.0 -19.0),0
gev_20120724_0854,2012-07-24 08:54:00,2012-07-24 09:13:00,2012-07-24 09:32:00,B4.4,POINT(-88.0 -17.0),0
gev_20120724_1022,2012-07-24 10:22:00,2012-07-24 10:31:00,2012-07-24 10:31:00,B8.0,POINT(-87.0 -20.0),0
gev_20120724_1128,2012-07-24 11:28:00,2012-07-24 11:49:00,2012-07-24 11:49:00,C1.6,POINT(-87.0 -19.0),0
gev_20120724_1343,2012-07-24 13:43:00,2012-07-24 13:55:00,2012-07-24 14:15:00,C1.1,POINT(-87.0 -20.0),0
gev_20120724_1616,2012-07-24 16:16:00,2012-07-24 16:21:00,2012-07-24 16:27:00,B6.2,POINT(-18.0 -19.0),0
gev_20120724_1856,2012-07-24 18:56:00,2012-07-24 19:05:00,2012-07-24 19:05:00,C4.2,POINT(-87.0 -20.0),0
gev_20120725_0558,2012-07-25 05:58:00,2012-07-25 06:02:00,2012-07-25 06:07:00,B5.9,POINT(-53.0 18.0),0
gev_20120725_1035,2012-07-25 10:35:00,2012-07-25 10:40:00,2012-07-25 10:44:00,B9.9,POINT(-82.0 -20.0),0
gev_20120725_1609,2012-07-25 16:09:00,2012-07-25 16:33:00,2012-07-25 16:46:00,B5.9,POINT(-87.0 -22.0),0
gev_20120725_1610,2012-07-25 16:10:00,2012-07-25 16:33:00,2012-07-25 17:00:00,B5.9,POINT(-87.0 -22.0),0
gev_20120725_2139,2012-07-25 21:39:00,2012-07-25 21:42:00,2012-07-25 21:47:00,B8.1,POINT(-87.0 -25.0),0
gev_20120726_0959,2012-07-26 09:59:00,2012-07-26 10:02:00,2012-07-26 10:04:00,B6.8,POINT(-32.0 16.0),0
gev_20120726_1946,2012-07-26 19:46:00,2012-07-26 19:53:00,2012-07-26 20:09:00,C1.3,POINT(-87.0 -20.0),0
gev_20120726_2301,2012-07-26 23:01:00,2012-07-26 23:05:00,2012-07-26 23:12:00,B9.5,POINT(-78.0 -20.0),0
gev_20120727_0017,2012-07-27 00:17:00,2012-07-27 00:24:00,2012-07-27 00:28:00,C1.3,POINT(59.0 12.0),0
gev_20120727_0224,2012-07-27 02:24:00,2012-07-27 02:29:00,2012-07-27 02:31:00,C1.7,POINT(61.0 12.0),0
gev_20120727_0328,2012-07-27 03:28:00,2012-07-27 03:36:00,2012-07-27 03:42:00,C1.3,POINT(-81.0 -25.0),0
gev_20120727_0358,2012-07-27 03:58:00,2012-07-27 04:02:00,2012-07-27 04:04:00,C5.0,POINT(-21.0 16.0),0
gev_20120727_1005,2012-07-27 10:05:00,2012-07-27 10:08:00,2012-07-27 10:11:00,B7.7,POINT(-17.0 17.0),1528
gev_20120727_1144,2012-07-27 11:44:00,2012-07-27 11:49:00,2012-07-27 11:53:00,C2.5,POINT(-17.0 16.0),1528
gev_20120727_1219,2012-07-27 12:19:00,2012-07-27 12:22:00,2012-07-27 12:24:00,C1.0,POINT(-17.0 18.0),1528
gev_20120727_1357,2012-07-27 13:57:00,2012-07-27 14:02:00,2012-07-27 14:08:00,C1.5,POINT(-37.0 -20.0),1530
gev_20120727_1717,2012-07-27 17:17:00,2012-07-27 17:26:00,2012-07-27 17:32:00,M2.7,POINT(-71.0 -24.0),1536
gev_20120727_2018,2012-07-27 20:18:00,2012-07-27 20:27:00,2012-07-27 20:40:00,C2.1,POINT(-34.0 -20.0),1530
gev_20120728_0721,2012-07-28 07:21:00,2012-07-28 07:29:00,2012-07-28 07:42:00,C1.7,POINT(-22.0 -21.0),1530
gev_20120728_1310,2012-07-28 13:10:00,2012-07-28 13:19:00,2012-07-28 13:26:00,C1.1,POINT(-88.0 14.0),1535
gev_20120728_1824,2012-07-28 18:24:00,2012-07-28 18:31:00,2012-07-28 18:40:00,C1.7,POINT(-88.0 18.0),0
gev_20120728_2044,2012-07-28 20:44:00,2012-07-28 20:56:00,2012-07-28 21:04:00,M6.1,POINT(-53.0 -23.0),0
gev_20120729_0312,2012-07-29 03:12:00,2012-07-29 03:18:00,2012-07-29 03:30:00,C2.3,POINT(-51.0 -24.0),0
gev_20120729_0556,2012-07-29 05:56:00,2012-07-29 06:00:00,2012-07-29 06:05:00,C1.4,POINT(-49.0 -25.0),0
gev_20120729_0615,2012-07-29 06:15:00,2012-07-29 06:22:00,2012-07-29 06:29:00,M2.3,POINT(-46.0 -23.0),0
gev_20120729_1156,2012-07-29 11:56:00,2012-07-29 12:03:00,2012-07-29 12:07:00,C3.1,POINT(-45.0 -25.0),0
gev_20120729_1504,2012-07-29 15:04:00,2012-07-29 15:08:00,2012-07-29 15:11:00,C2.2,POINT(-31.0 -21.0),0
gev_20120729_2151,2012-07-29 21:51:00,2012-07-29 21:57:00,2012-07-29 22:03:00,C1.9,POINT(-84.0 19.0),0
gev_20120730_0047,2012-07-30 00:47:00,2012-07-30 00:54:00,2012-07-30 01:01:00,C1.5,POINT(16.0 15.0),0
gev_20120730_0149,2012-07-30 01:49:00,2012-07-30 01:53:00,2012-07-30 01:56:00,C1.1,POINT(-25.0 -21.0),0
gev_20120730_0416,2012-07-30 04:16:00,2012-07-30 04:24:00,2012-07-30 04:28:00,C2.4,POINT(18.0 14.0),0
gev_20120730_0514,2012-07-30 05:14:00,2012-07-30 05:17:00,2012-07-30 05:21:00,C1.3,POINT(-81.0 18.0),0
gev_20120730_0603,2012-07-30 06:03:00,2012-07-30 06:12:00,2012-07-30 06:22:00,C4.0,POINT(-80.0 19.0),0
gev_20120730_0706,2012-07-30 07:06:00,2012-07-30 07:10:00,2012-07-30 07:16:00,C2.4,POINT(-79.0 18.0),0
gev_20120730_0754,2012-07-30 07:54:00,2012-07-30 07:58:00,2012-07-30 08:01:00,C1.6,POINT(-79.0 19.0),0
gev_20120730_0821,2012-07-30 08:21:00,2012-07-30 08:26:00,2012-07-30 08:31:00,C2.1,POINT(21.0 15.0),0
gev_20120730_1028,2012-07-30 10:28:00,2012-07-30 10:35:00,2012-07-30 10:41:00,C2.3,POINT(-77.0 19.0),0
gev_20120730_1104,2012-07-30 11:04:00,2012-07-30 11:07:00,2012-07-30 11:09:00,C1.5,POINT(-20.0 -21.0),0
gev_20120730_1355,2012-07-30 13:55:00,2012-07-30 14:03:00,2012-07-30 14:05:00,C8.8,POINT(-29.0 -22.0),0
gev_20120730_1539,2012-07-30 15:39:00,2012-07-30 15:48:00,2012-07-30 15:53:00,M1.1,POINT(-28.0 -21.0),1536
gev_20120730_2019,2012-07-30 20:19:00,2012-07-30 20:23:00,2012-07-30 20:27:00,B9.4,POINT(-69.0 17.0),0
gev_20120730_2310,2012-07-30 23:10:00,2012-07-30 23:18:00,2012-07-30 23:28:00,C1.8,POINT(66.0 -20.0),0
gev_20120730_2350,2012-07-30 23:50:00,2012-07-30 23:59:00,2012-07-31 00:04:00,C6.3,POINT(-87.0 -24.0),0
gev_20120731_0148,2012-07-31 01:48:00,2012-07-31 01:51:00,2012-07-31 01:54:00,C1.8,POINT(-11.0 -21.0),0
gev_20120731_0328,2012-07-31 03:28:00,2012-07-31 03:34:00,2012-07-31 03:35:00,C1.0,POINT(-66.0 19.0),0
gev_20120731_0935,2012-07-31 09:35:00,2012-07-31 09:40:00,2012-07-31 09:57:00,C1.1,POINT(-64.0 20.0),0
gev_20120731_1046,2012-07-31 10:46:00,2012-07-31 11:30:00,2012-07-31 12:30:00,C5.7,POINT(-64.0 16.0),0
gev_20120731_1417,2012-07-31 14:17:00,2012-07-31 14:25:00,2012-07-31 14:30:00,C5.0,POINT(-79.0 -24.0),0
gev_20120731_1510,2012-07-31 15:10:00,2012-07-31 15:15:00,2012-07-31 15:22:00,C1.6,POINT(-21.0 -25.0),0
gev_20120731_1554,2012-07-31 15:54:00,2012-07-31 16:02:00,2012-07-31 16:07:00,C1.3,POINT(-78.0 -24.0),0
gev_20120731_1710,2012-07-31 17:10:00,2012-07-31 17:27:00,2012-07-31 17:32:00,C4.0,POINT(-20.0 -25.0),0
gev_20120731_1925,2012-07-31 19:25:00,2012-07-31 19:30:00,2012-07-31 19:35:00,C1.2,POINT(-73.0 -23.0),0
gev_20120731_2159,2012-07-31 21:59:00,2012-07-31 22:05:00,2012-07-31 22:08:00,C2.4,POINT(39.0 15.0),0
gev_20120731_2329,2012-07-31 23:29:00,2012-07-31 23:33:00,2012-07-31 23:36:00,C1.3,POINT(-71.0 -24.0),0
gev_20120731_2354,2012-07-31 23:54:00,2012-07-31 23:59:00,2012-08-01 00:04:00,C1.3,POINT(-17.0 -25.0),0
gev_20120801_0120,2012-08-01 01:20:00,2012-08-01 01:31:00,2012-08-01 01:35:00,C1.0,POINT(nan nan),0
gev_20120801_0357,2012-08-01 03:57:00,2012-08-01 04:02:00,2012-08-01 04:06:00,C2.4,POINT(-20.0 28.0),0
gev_20120801_0526,2012-08-01 05:26:00,2012-08-01 05:29:00,2012-08-01 05:32:00,C1.0,POINT(nan nan),0
gev_20120801_0618,2012-08-01 06:18:00,2012-08-01 06:22:00,2012-08-01 06:27:00,C1.0,POINT(nan nan),0
gev_20120801_0945,2012-08-01 09:45:00,2012-08-01 09:50:00,2012-08-01 10:03:00,C1.5,POINT(nan nan),0
gev_20120801_1247,2012-08-01 12:47:00,2012-08-01 12:52:00,2012-08-01 12:58:00,C2.3,POINT(45.0 19.0),1528
gev_20120801_1401,2012-08-01 14:01:00,2012-08-01 14:04:00,2012-08-01 14:09:00,C1.1,POINT(-63.0 -21.0),0
gev_20120801_1419,2012-08-01 14:19:00,2012-08-01 14:23:00,2012-08-01 14:27:00,C1.1,POINT(nan nan),0
gev_20120801_1446,2012-08-01 14:46:00,2012-08-01 14:48:00,2012-08-01 14:53:00,B8.6,POINT(36.0 -30.0),1533
gev_20120801_1840,2012-08-01 18:40:00,2012-08-01 18:46:00,2012-08-01 18:54:00,C1.8,POINT(5.0 -19.0),0
gev_20120801_2339,2012-08-01 23:39:00,2012-08-01 23:45:00,2012-08-01 23:49:00,C1.2,POINT(-38.0 19.0),0
gev_20120802_0453,2012-08-02 04:53:00,2012-08-02 04:56:00,2012-08-02 04:59:00,C1.5,POINT(15.0 -20.0),0
gev_20120802_1210,2012-08-02 12:10:00,2012-08-02 13:10:00,2012-08-02 13:35:00,C1.5,POINT(87.0 -20.0),0
gev_20120802_1517,2012-08-02 15:17:00,2012-08-02 15:29:00,2012-08-02 15:35:00,B9.6,POINT(67.0 13.0),0
gev_20120803_0452,2012-08-03 04:52:00,2012-08-03 04:56:00,2012-08-03 05:04:00,B8.7,POINT(-46.0 -21.0),0
gev_20120803_0551,2012-08-03 05:51:00,2012-08-03 06:00:00,2012-08-03 06:08:00,C2.8,POINT(-55.0 -23.0),0
gev_20120803_0752,2012-08-03 07:52:00,2012-08-03 08:11:00,2012-08-03 08:23:00,C1.4,POINT(-41.0 -20.0),1538
gev_20120803_1152,2012-08-03 11:52:00,2012-08-03 12:22:00,2012-08-03 13:00:00,C1.3,POINT(27.0 -20.0),1532
gev_20120803_1605,2012-08-03 16:05:00,2012-08-03 16:27:00,2012-08-03 16:49:00,C1.4,POINT(-65.0 -27.0),1540
gev_20120803_2120,2012-08-03 21:20:00,2012-08-03 21:27:00,2012-08-03 21:31:00,C3.0,POINT(-12.0 17.0),1535
gev_20120804_0125,2012-08-04 01:25:00,2012-08-04 01:30:00,2012-08-04 01:34:00,C1.3,POINT(-13.0 19.0),1535
gev_20120804_0413,2012-08-04 04:13:00,2012-08-04 04:18:00,2012-08-04 04:22:00,C2.7,POINT(-11.0 19.0),1535
gev_20120804_0603,2012-08-04 06:03:00,2012-08-04 06:08:00,2012-08-04 06:11:00,C1.3,POINT(-10.0 19.0),1535
gev_20120804_0642,2012-08-04 06:42:00,2012-08-04 08:18:00,2012-08-04 09:01:00,C1.2,POINT(87.0 -19.0),1530
gev_20120804_1104,2012-08-04 11:04:00,2012-08-04 15:00:00,2012-08-04 16:49:00,C3.5,POINT(-56.0 -21.0),1541
gev_20120805_0220,2012-08-05 02:20:00,2012-08-05 02:30:00,2012-08-05 02:33:00,C1.8,POINT(45.0 -21.0),1536
gev_20120805_0546,2012-08-05 05:46:00,2012-08-05 06:25:00,2012-08-05 08:03:00,C1.1,POINT(-87.0 22.0),0
gev_20120806_0039,2012-08-06 00:39:00,2012-08-06 00:45:00,2012-08-06 00:48:00,C9.4,POINT(-88.0 -14.0),0
gev_20120806_0329,2012-08-06 03:29:00,2012-08-06 03:33:00,2012-08-06 03:37:00,C1.0,POINT(-88.0 -14.0),0
gev_20120806_0433,2012-08-06 04:33:00,2012-08-06 04:38:00,2012-08-06 04:41:00,M1.6,POINT(-88.0 -14.0),0
gev_20120806_0709,2012-08-06 07:09:00,2012-08-06 07:14:00,2012-08-06 07:18:00,C1.1,POINT(-88.0 -12.0),0
gev_20120806_0810,2012-08-06 08:10:00,2012-08-06 08:17:00,2012-08-06 08:21:00,C6.3,POINT(-88.0 -14.0),0
gev_20120806_0844,2012-08-06 08:44:00,2012-08-06 08:48:00,2012-08-06 08:51:00,B9.3,POINT(-88.0 -14.0),0
gev_20120806_1016,2012-08-06 10:16:00,2012-08-06 10:24:00,2012-08-06 10:29:00,C1.7,POINT(-88.0 -14.0),0
gev_20120806_1130,2012-08-06 11:30:00,2012-08-06 11:38:00,2012-08-06 11:43:00,C1.6,POINT(-88.0 -14.0),0
gev_20120806_1401,2012-08-06 14:01:00,2012-08-06 14:08:00,2012-08-06 14:12:00,C2.3,POINT(-85.0 -14.0),0
gev_20120806_1651,2012-08-06 16:51:00,2012-08-06 16:56:00,2012-08-06 17:01:00,C2.8,POINT(-79.0 -12.0),0
gev_20120806_1950,2012-08-06 19:50:00,2012-08-06 19:55:00,2012-08-06 20:00:00,C1.1,POINT(-27.0 -14.0),0
gev_20120807_0131,2012-08-07 01:31:00,2012-08-07 01:34:00,2012-08-07 01:36:00,C1.0,POINT(-75.0 -11.0),0
gev_20120807_0308,2012-08-07 03:08:00,2012-08-07 03:17:00,2012-08-07 03:23:00,C2.0,POINT(-26.0 -87.0),0
gev_20120807_0701,2012-08-07 07:01:00,2012-08-07 07:06:00,2012-08-07 07:10:00,C1.1,POINT(-89.0 19.0),0
gev_20120807_0813,2012-08-07 08:13:00,2012-08-07 08:18:00,2012-08-07 08:24:00,C2.2,POINT(-89.0 -15.0),0
gev_20120807_1019,2012-08-07 10:19:00,2012-08-07 10:25:00,2012-08-07 10:31:00,C1.5,POINT(-89.0 16.0),0
gev_20120807_1322,2012-08-07 13:22:00,2012-08-07 13:30:00,2012-08-07 13:34:00,C4.1,POINT(-66.0 -13.0),0
gev_20120807_1838,2012-08-07 18:38:00,2012-08-07 18:41:00,2012-08-07 18:42:00,B9.0,POINT(-63.0 -12.0),0
gev_20120807_2117,2012-08-07 21:17:00,2012-08-07 21:37:00,2012-08-07 21:42:00,C1.2,POINT(-64.0 -12.0),0
gev_20120807_2314,2012-08-07 23:14:00,2012-08-07 23:18:00,2012-08-07 23:22:00,C1.1,POINT(-63.0 -12.0),0
gev_20120807_2340,2012-08-07 23:40:00,2012-08-07 23:49:00,2012-08-07 23:49:00,C2.1,POINT(-63.0 -11.0),0
gev_20120808_0356,2012-08-08 03:56:00,2012-08-08 04:06:00,2012-08-08 04:13:00,C1.7,POINT(-3.0 -25.0),0
gev_20120808_0726,2012-08-08 07:26:00,2012-08-08 07:31:00,2012-08-08 07:35:00,C1.3,POINT(-58.0 -15.0),0
gev_20120808_1005,2012-08-08 10:05:00,2012-08-08 10:09:00,2012-08-08 10:12:00,B9.0,POINT(-61.0 -16.0),1542
gev_20120808_1117,2012-08-08 11:17:00,2012-08-08 11:32:00,2012-08-08 11:42:00,C4.9,POINT(-61.0 -17.0),1542
gev_20120808_1359,2012-08-08 13:59:00,2012-08-08 14:04:00,2012-08-08 14:10:00,C1.3,POINT(-59.0 -16.0),1542
gev_20120808_1442,2012-08-08 14:42:00,2012-08-08 14:46:00,2012-08-08 14:50:00,C1.5,POINT(-59.0 -16.0),1542
gev_20120808_1610,2012-08-08 16:10:00,2012-08-08 16:21:00,2012-08-08 16:28:00,C1.9,POINT(-58.0 -17.0),1542
gev_20120808_2007,2012-08-08 20:07:00,2012-08-08 20:11:00,2012-08-08 20:19:00,B9.5,POINT(-55.0 -16.0),1542
gev_20120808_2154,2012-08-08 21:54:00,2012-08-08 22:21:00,2012-08-08 22:31:00,C1.1,POINT(-8.0 -29.0),1544
gev_20120809_0008,2012-08-09 00:08:00,2012-08-09 00:14:00,2012-08-09 00:25:00,C2.7,POINT(-7.0 -28.0),1544
gev_20120809_0109,2012-08-09 01:09:00,2012-08-09 02:24:00,2012-08-09 02:58:00,C1.9,POINT(-54.0 -14.0),1542
gev_20120809_0527,2012-08-09 05:27:00,2012-08-09 05:33:00,2012-08-09 05:35:00,C3.2,POINT(33.0 -22.0),1538
gev_20120809_0622,2012-08-09 06:22:00,2012-08-09 06:29:00,2012-08-09 06:41:00,B9.6,POINT(-5.0 -29.0),1544
gev_20120809_0700,2012-08-09 07:00:00,2012-08-09 07:10:00,2012-08-09 07:20:00,C1.1,POINT(-3.0 -28.0),1544
gev_20120809_1136,2012-08-09 11:36:00,2012-08-09 11:47:00,2012-08-09 12:00:00,C8.4,POINT(-47.0 -17.0),1542
gev_20120809_1654,2012-08-09 16:54:00,2012-08-09 16:58:00,2012-08-09 17:01:00,C1.1,POINT(0.0 -29.0),1544
gev_20120809_1918,2012-08-09 19:18:00,2012-08-09 19:21:00,2012-08-09 19:24:00,C1.4,POINT(-37.0 -14.0),1542
gev_20120809_2126,2012-08-09 21:26:00,2012-08-09 21:52:00,2012-08-09 22:19:00,C1.1,POINT(42.0 -27.0),1538
gev_20120809_2242,2012-08-09 22:42:00,2012-08-09 22:47:00,2012-08-09 22:55:00,C1.4,POINT(-38.0 -13.0),1542
gev_20120810_0407,2012-08-10 04:07:00,2012-08-10 04:16:00,2012-08-10 04:16:00,C4.2,POINT(-36.0 -14.0),1542
gev_20120810_0458,2012-08-10 04:58:00,2012-08-10 05:02:00,2012-08-10 05:05:00,C2.4,POINT(-36.0 -17.0),1542
gev_20120810_0635,2012-08-10 06:35:00,2012-08-10 06:40:00,2012-08-10 06:54:00,B8.2,POINT(-33.0 -12.0),1542
gev_20120810_1544,2012-08-10 15:44:00,2012-08-10 15:47:00,2012-08-10 15:50:00,B8.8,POINT(-39.0 19.0),1543
gev_20120810_1732,2012-08-10 17:32:00,2012-08-10 17:40:00,2012-08-10 17:46:00,C2.7,POINT(12.0 -29.0),1544
gev_20120810_1838,2012-08-10 18:38:00,2012-08-10 19:13:00,2012-08-10 20:04:00,C1.4,POINT(-28.0 -14.0),1542
gev_20120811_0113,2012-08-11 01:13:00,2012-08-11 01:19:00,2012-08-11 01:19:00,C1.1,POINT(16.0 -29.0),1544
gev_20120811_0635,2012-08-11 06:35:00,2012-08-11 06:38:00,2012-08-11 06:41:00,B5.5,POINT(64.0 -22.0),1538
gev_20120811_0718,2012-08-11 07:18:00,2012-08-11 07:22:00,2012-08-11 07:28:00,B7.2,POINT(-21.0 -15.0),1542
gev_20120811_0902,2012-08-11 09:02:00,2012-08-11 09:08:00,2012-08-11 09:14:00,B6.7,POINT(88.0 18.0),1535
gev_20120811_1155,2012-08-11 11:55:00,2012-08-11 12:20:00,2012-08-11 12:57:00,M1.0,POINT(41.0 -25.0),1540
gev_20120811_1628,2012-08-11 16:28:00,2012-08-11 16:42:00,2012-08-11 17:03:00,C2.0,POINT(-17.0 -19.0),1542
gev_20120812_1328,2012-08-12 13:28:00,2012-08-12 13:34:00,2012-08-12 13:34:00,B8.1,POINT(87.0 20.0),1535
gev_20120812_1346,2012-08-12 13:46:00,2012-08-12 13:51:00,2012-08-12 13:57:00,B7.9,POINT(-3.0 -14.0),1542
gev_20120813_0405,2012-08-13 04:05:00,2012-08-13 04:13:00,2012-08-13 04:27:00,C1.0,POINT(-0.0 24.0),1543
gev_20120813_0919,2012-08-13 09:19:00,2012-08-13 09:30:00,2012-08-13 09:41:00,C1.4,POINT(86.0 -25.0),1538
gev_20120813_1233,2012-08-13 12:33:00,2012-08-13 12:40:00,2012-08-13 12:49:00,C2.8,POINT(3.0 22.0),1543
gev_20120813_2144,2012-08-13 21:44:00,2012-08-13 21:59:00,2012-08-13 22:08:00,B6.3,POINT(87.0 -19.0),1539
gev_20120814_0023,2012-08-14 00:23:00,2012-08-14 00:31:00,2012-08-14 00:42:00,C3.5,POINT(10.0 23.0),1543
gev_20120814_0218,2012-08-14 02:18:00,2012-08-14 03:03:00,2012-08-14 03:03:00,C1.1,POINT(86.0 -25.0),1540
gev_20120814_1128,2012-08-14 11:28:00,2012-08-14 11:37:00,2012-08-14 11:43:00,C1.1,POINT(16.0 23.0),1543
gev_20120814_1833,2012-08-14 18:33:00,2012-08-14 18:41:00,2012-08-14 19:04:00,B3.9,POINT(25.0 -15.0),1539
gev_20120814_1912,2012-08-14 19:12:00,2012-08-14 20:26:00,2012-08-14 21:43:00,C1.2,POINT(15.0 21.0),1543
gev_20120814_2223,2012-08-14 22:23:00,2012-08-14 22:32:00,2012-08-14 22:32:00,C1.6,POINT(26.0 -20.0),1539
gev_20120815_0337,2012-08-15 03:37:00,2012-08-15 03:46:00,2012-08-15 03:54:00,B8.5,POINT(25.0 24.0),1543
gev_20120815_1448,2012-08-15 14:48:00,2012-08-15 14:54:00,2012-08-15 15:12:00,B6.8,POINT(40.0 -11.0),1542
gev_20120919_0543,2012-09-19 05:43:00,2012-09-19 05:48:00,2012-09-19 05:51:00,B5.3,POINT(-84.0 10.0),1575
gev_20120919_1027,2012-09-19 10:27:00,2012-09-19 10:31:00,2012-09-19 10:34:00,B3.9,POINT(-77.0 -21.0),1576
gev_20120919_1504,2012-09-19 15:04:00,2012-09-19 15:12:00,2012-09-19 15:21:00,C2.6,POINT(-78.0 -21.0),1576
gev_20120919_1627,2012-09-19 16:27:00,2012-09-19 16:31:00,2012-09-19 16:36:00,B4.4,POINT(-87.0 18.0),1578
gev_20120919_1637,2012-09-19 16:37:00,2012-09-19 16:42:00,2012-09-19 16:52:00,C1.2,POINT(-69.0 -20.0),1576
gev_20120920_0118,2012-09-20 01:18:00,2012-09-20 01:25:00,2012-09-20 01:31:00,B6.8,POINT(-83.0 18.0),1578
gev_20120920_0918,2012-09-20 09:18:00,2012-09-20 09:22:00,2012-09-20 09:26:00,B7.7,POINT(62.0 -22.0),1574
gev_20120920_1127,2012-09-20 11:27:00,2012-09-20 11:39:00,2012-09-20 11:52:00,C1.0,POINT(64.0 -24.0),1574
gev_20120921_1156,2012-09-21 11:56:00,2012-09-21 12:21:00,2012-09-21 12:48:00,B8.7,POINT(-5.0 20.0),1573
gev_20120921_1928,2012-09-21 19:28:00,2012-09-21 19:32:00,2012-09-21 19:38:00,B4.8,POINT(86.0 -24.0),1574
gev_20120922_1930,2012-09-22 19:30:00,2012-09-22 20:10:00,2012-09-22 21:00:00,B9.3,POINT(-88.0 -10.0),1579
gev_20120923_0712,2012-09-23 07:12:00,2012-09-23 07:25:00,2012-09-23 07:31:00,B7.7,POINT(-88.0 16.0),1580
gev_20120923_1310,2012-09-23 13:10:00,2012-09-23 13:15:00,2012-09-23 13:27:00,B9.5,POINT(-87.0 19.0),1580
gev_20120923_1502,2012-09-23 15:02:00,2012-09-23 15:56:00,2012-09-23 18:55:00,C1.7,POINT(-88.0 -7.0),1579
gev_20120924_0944,2012-09-24 09:44:00,2012-09-24 09:49:00,2012-09-24 09:54:00,B9.6,POINT(-10.0 8.0),1575
gev_20120924_1539,2012-09-24 15:39:00,2012-09-24 15:42:00,2012-09-24 15:45:00,C1.6,POINT(-20.0 20.0),1581
gev_20120924_1923,2012-09-24 19:23:00,2012-09-24 19:31:00,2012-09-24 19:39:00,C1.9,POINT(-88.0 15.0),1580
gev_20120925_0151,2012-09-25 01:51:00,2012-09-25 01:55:00,2012-09-25 01:59:00,C1.1,POINT(-83.0 15.0),1580
gev_20120925_0240,2012-09-25 02:40:00,2012-09-25 02:47:00,2012-09-25 02:55:00,C1.7,POINT(-0.0 8.0),1575
gev_20120925_0424,2012-09-25 04:24:00,2012-09-25 04:35:00,2012-09-25 04:49:00,C3.6,POINT(-81.0 15.0),1580
gev_20120925_0634,2012-09-25 06:34:00,2012-09-25 06:58:00,2012-09-25 07:24:00,C1.0,POINT(-14.0 -82.0),0
gev_20120925_0937,2012-09-25 09:37:00,2012-09-25 09:43:00,2012-09-25 09:51:00,C1.1,POINT(4.0 8.0),1575
gev_20120925_1747,2012-09-25 17:47:00,2012-09-25 17:53:00,2012-09-25 17:56:00,C4.5,POINT(-72.0 16.0),1580
gev_20120925_2205,2012-09-25 22:05:00,2012-09-25 22:08:00,2012-09-25 22:11:00,B9.3,POINT(57.0 15.0),1573
gev_20120926_1214,2012-09-26 12:14:00,2012-09-26 12:40:00,2012-09-26 13:31:00,C1.2,POINT(-83.0 -18.0),1579
gev_20120927_0653,2012-09-27 06:53:00,2012-09-27 06:56:00,2012-09-27 06:59:00,B7.5,POINT(-66.0 -12.0),1582
gev_20120927_1704,2012-09-27 17:04:00,2012-09-27 17:20:00,2012-09-27 17:30:00,C4.4,POINT(-39.0 -22.0),0
gev_20120927_2336,2012-09-27 23:36:00,2012-09-27 23:57:00,2012-09-28 00:34:00,C3.7,POINT(32.0 9.0),1577
gev_20120928_2115,2012-09-28 21:15:00,2012-09-28 21:18:00,2012-09-28 21:20:00,B8.5,POINT(30.0 10.0),1577
gev_20120929_0617,2012-09-29 06:17:00,2012-09-29 07:53:00,2012-09-29 07:59:00,C1.2,POINT(45.0 7.0),1577
gev_20120929_0750,2012-09-29 07:50:00,2012-09-29 07:53:00,2012-09-29 07:56:00,C1.2,POINT(45.0 7.0),1577
gev_20120929_0852,2012-09-29 08:52:00,2012-09-29 08:57:00,2012-09-29 09:05:00,C1.2,POINT(45.0 9.0),1577
gev_20120929_1024,2012-09-29 10:24:00,2012-09-29 10:30:00,2012-09-29 10:36:00,C1.2,POINT(89.0 6.0),1575
gev_20120929_1323,2012-09-29 13:23:00,2012-09-29 13:39:00,2012-09-29 13:49:00,C1.1,POINT(55.0 7.0),1575
gev_20120929_1537,2012-09-29 15:37:00,2012-09-29 15:42:00,2012-09-29 15:47:00,C1.6,POINT(89.0 6.0),1575
gev_20120929_1709,2012-09-29 17:09:00,2012-09-29 17:19:00,2012-09-29 17:23:00,C1.4,POINT(74.0 10.0),1583
gev_20120929_1734,2012-09-29 17:34:00,2012-09-29 17:38:00,2012-09-29 17:43:00,C1.2,POINT(77.0 10.0),1583
gev_20120929_1746,2012-09-29 17:46:00,2012-09-29 18:09:00,2012-09-29 18:21:00,C1.4,POINT(80.0 9.0),1583
gev_20120929_1837,2012-09-29 18:37:00,2012-09-29 18:47:00,2012-09-29 18:57:00,C1.2,POINT(89.0 9.0),1583
gev_20120929_2055,2012-09-29 20:55:00,2012-09-29 20:58:00,2012-09-29 21:04:00,C1.3,POINT(75.0 10.0),1583
gev_20120930_0007,2012-09-30 00:07:00,2012-09-30 00:10:00,2012-09-30 00:12:00,C1.0,POINT(80.0 10.0),1583
gev_20120930_0042,2012-09-30 00:42:00,2012-09-30 00:45:00,2012-09-30 00:48:00,C1.0,POINT(78.0 10.0),1583
gev_20120930_0108,2012-09-30 01:08:00,2012-09-30 01:11:00,2012-09-30 01:13:00,B8.5,POINT(78.0 11.0),1583
gev_20120930_0427,2012-09-30 04:27:00,2012-09-30 04:33:00,2012-09-30 04:42:00,M1.3,POINT(81.0 12.0),1583
gev_20120930_0634,2012-09-30 06:34:00,2012-09-30 06:45:00,2012-09-30 07:10:00,C2.9,POINT(66.0 6.0),1575
gev_20120930_1229,2012-09-30 12:29:00,2012-09-30 12:33:00,2012-09-30 12:36:00,C1.0,POINT(-9.0 17.0),1580
gev_20120930_1421,2012-09-30 14:21:00,2012-09-30 14:22:00,2012-09-30 14:26:00,C2.3,POINT(88.0 11.0),1583
gev_20120930_1501,2012-09-30 15:01:00,2012-09-30 15:10:00,2012-09-30 15:14:00,C2.5,POINT(88.0 11.0),1583
gev_20120930_2004,2012-09-30 20:04:00,2012-09-30 20:08:00,2012-09-30 20:10:00,C2.3,POINT(-31.0 -23.0),1584
gev_20120930_2057,2012-09-30 20:57:00,2012-09-30 21:01:00,2012-09-30 21:04:00,C1.6,POINT(-33.0 -23.0),1584
gev_20120930_2116,2012-09-30 21:16:00,2012-09-30 21:20:00,2012-09-30 21:23:00,C7.1,POINT(88.0 11.0),1583
gev_20120930_2201,2012-09-30 22:01:00,2012-09-30 22:06:00,2012-09-30 22:09:00,C2.8,POINT(88.0 11.0),1583
gev_20120930_2239,2012-09-30 22:39:00,2012-09-30 22:43:00,2012-09-30 22:47:00,C1.9,POINT(88.0 11.0),1583
gev_20120930_2317,2012-09-30 23:17:00,2012-09-30 23:19:00,2012-09-30 23:22:00,C1.4,POINT(88.0 12.0),1583
gev_20121001_0129,2012-10-01 01:29:00,2012-10-01 01:35:00,2012-10-01 01:37:00,C1.7,POINT(88.0 12.0),1583
gev_20121001_0142,2012-10-01 01:42:00,2012-10-01 01:47:00,2012-10-01 01:50:00,C4.8,POINT(88.0 12.0),1583
gev_20121001_0348,2012-10-01 03:48:00,2012-10-01 03:51:00,2012-10-01 03:54:00,C1.6,POINT(89.0 9.0),1583
gev_20121001_0458,2012-10-01 04:58:00,2012-10-01 05:04:00,2012-10-01 05:09:00,C1.8,POINT(78.0 9.0),1575
gev_20121001_0557,2012-10-01 05:57:00,2012-10-01 06:27:00,2012-10-01 06:50:00,C2.1,POINT(89.0 9.0),1583
gev_20121001_0617,2012-10-01 06:17:00,2012-10-01 10:06:00,2012-10-01 11:47:00,C1.8,POINT(89.0 10.0),1583
gev_20121001_0816,2012-10-01 08:16:00,2012-10-01 09:29:00,2012-10-01 09:32:00,C1.2,POINT(88.0 15.0),1583
gev_20121001_1300,2012-10-01 13:00:00,2012-10-01 13:13:00,2012-10-01 13:50:00,C4.9,POINT(89.0 9.0),1583
gev_20121001_1516,2012-10-01 15:16:00,2012-10-01 15:22:00,2012-10-01 15:29:00,C2.3,POINT(89.0 9.0),1583
gev_20121001_1612,2012-10-01 16:12:00,2012-10-01 16:39:00,2012-10-01 17:00:00,C3.4,POINT(89.0 8.0),1575
gev_20121001_1701,2012-10-01 17:01:00,2012-10-01 17:26:00,2012-10-01 17:48:00,C3.7,POINT(89.0 9.0),1583
gev_20121002_0152,2012-10-02 01:52:00,2012-10-02 01:55:00,2012-10-02 01:58:00,B9.8,POINT(88.0 15.0),1583
gev_20121002_0900,2012-10-02 09:00:00,2012-10-02 09:04:00,2012-10-02 09:06:00,C1.1,POINT(5.0 -12.0),1582
gev_20121002_2225,2012-10-02 22:25:00,2012-10-02 22:54:00,2012-10-02 23:08:00,B6.5,POINT(88.0 16.0),1578
gev_20121003_1335,2012-10-03 13:35:00,2012-10-03 13:37:00,2012-10-03 13:41:00,B3.4,POINT(89.0 4.0),1575
gev_20121003_1418,2012-10-03 14:18:00,2012-10-03 14:22:00,2012-10-03 14:24:00,B4.3,POINT(-57.0 -15.0),0
gev_20121004_0048,2012-10-04 00:48:00,2012-10-04 00:53:00,2012-10-04 00:58:00,B6.0,POINT(86.0 3.0),1575
gev_20121004_1349,2012-10-04 13:49:00,2012-10-04 13:54:00,2012-10-04 13:59:00,B3.0,POINT(89.0 4.0),1575
gev_20121004_1507,2012-10-04 15:07:00,2012-10-04 15:09:00,2012-10-04 15:12:00,B3.3,POINT(89.0 5.0),1575
gev_20121004_1631,2012-10-04 16:31:00,2012-10-04 16:37:00,2012-10-04 16:42:00,B3.5,POINT(54.0 -10.0),1579
gev_20121005_0245,2012-10-05 02:45:00,2012-10-05 06:16:00,2012-10-05 07:00:00,B6.9,POINT(60.0 18.0),1580
gev_20121005_0317,2012-10-05 03:17:00,2012-10-05 07:30:00,2012-10-05 10:46:00,B7.8,POINT(31.0 -23.0),1584
gev_20121006_0037,2012-10-06 00:37:00,2012-10-06 00:41:00,2012-10-06 00:45:00,B3.0,POINT(78.0 -13.0),1579
gev_20121006_0205,2012-10-06 02:05:00,2012-10-06 02:10:00,2012-10-06 02:15:00,B3.2,POINT(78.0 -12.0),1579
gev_20121006_0523,2012-10-06 05:23:00,2012-10-06 05:27:00,2012-10-06 05:35:00,B4.0,POINT(-24.0 -20.0),0
gev_20121006_0706,2012-10-06 07:06:00,2012-10-06 07:13:00,2012-10-06 07:17:00,B3.2,POINT(-23.0 -20.0),0
gev_20121006_0819,2012-10-06 08:19:00,2012-10-06 11:24:00,2012-10-06 11:30:00,B5.3,POINT(-21.0 -20.0),0
gev_20121006_1119,2012-10-06 11:19:00,2012-10-06 11:24:00,2012-10-06 11:30:00,B5.3,POINT(-21.0 -20.0),1585
gev_20121007_0316,2012-10-07 03:16:00,2012-10-07 03:17:00,2012-10-07 03:27:00,B4.3,POINT(-86.0 -25.0),0
gev_20121007_1222,2012-10-07 12:22:00,2012-10-07 12:46:00,2012-10-07 13:12:00,B4.9,POINT(-9.0 -20.0),1585
gev_20121007_2021,2012-10-07 20:21:00,2012-10-07 20:46:00,2012-10-07 20:46:00,C1.2,POINT(-87.0 19.0),0
gev_20121008_0557,2012-10-08 05:57:00,2012-10-08 07:43:00,2012-10-08 07:51:00,B9.5,POINT(-86.0 -26.0),0
gev_20121008_0737,2012-10-08 07:37:00,2012-10-08 07:43:00,2012-10-08 07:49:00,B9.9,POINT(-88.0 15.0),0
gev_20121008_0801,2012-10-08 08:01:00,2012-10-08 08:06:00,2012-10-08 08:11:00,C1.2,POINT(-88.0 15.0),0
gev_20121008_0841,2012-10-08 08:41:00,2012-10-08 09:03:00,2012-10-08 09:12:00,C2.2,POINT(-88.0 15.0),0
gev_20121008_1105,2012-10-08 11:05:00,2012-10-08 11:07:00,2012-10-08 11:17:00,M2.3,POINT(-88.0 17.0),0
gev_20121008_1352,2012-10-08 13:52:00,2012-10-08 13:55:00,2012-10-08 13:55:00,C1.0,POINT(-86.0 -29.0),0
gev_20121008_1814,2012-10-08 18:14:00,2012-10-08 18:17:00,2012-10-08 18:18:00,B8.3,POINT(-88.0 13.0),0
gev_20121008_1841,2012-10-08 18:41:00,2012-10-08 18:47:00,2012-10-08 18:56:00,B8.8,POINT(-88.0 14.0),0
gev_20121008_2300,2012-10-08 23:00:00,2012-10-08 23:08:00,2012-10-08 23:10:00,C2.2,POINT(-86.0 -26.0),0
gev_20121009_0325,2012-10-09 03:25:00,2012-10-09 03:27:00,2012-10-09 03:35:00,C1.7,POINT(-86.0 -27.0),0
gev_20121009_0417,2012-10-09 04:17:00,2012-10-09 04:23:00,2012-10-09 04:33:00,C1.0,POINT(-86.0 -27.0),0
gev_20121009_0613,2012-10-09 06:13:00,2012-10-09 06:37:00,2012-10-09 06:48:00,C1.2,POINT(-86.0 -27.0),0
gev_20121009_1134,2012-10-09 11:34:00,2012-10-09 11:47:00,2012-10-09 11:51:00,C1.0,POINT(-86.0 -28.0),0
gev_20121009_1448,2012-10-09 14:48:00,2012-10-09 14:56:00,2012-10-09 15:01:00,C1.9,POINT(-88.0 14.0),0
gev_20121009_1517,2012-10-09 15:17:00,2012-10-09 15:25:00,2012-10-09 15:33:00,C5.9,POINT(-86.0 -29.0),0
gev_20121009_2043,2012-10-09 20:43:00,2012-10-09 20:47:00,2012-10-09 20:50:00,C3.4,POINT(-86.0 -28.0),0
gev_20121009_2132,2012-10-09 21:32:00,2012-10-09 21:47:00,2012-10-09 21:51:00,C3.6,POINT(-86.0 -28.0),0
gev_20121009_2214,2012-10-09 22:14:00,2012-10-09 22:19:00,2012-10-09 22:29:00,C3.0,POINT(-86.0 -27.0),0
gev_20121009_2322,2012-10-09 23:22:00,2012-10-09 23:27:00,2012-10-09 23:31:00,M1.7,POINT(-86.0 -29.0),0
gev_20121010_0057,2012-10-10 00:57:00,2012-10-10 01:01:00,2012-10-10 01:06:00,C1.3,POINT(79.0 -8.0),1579
gev_20121010_0138,2012-10-10 01:38:00,2012-10-10 01:44:00,2012-10-10 01:48:00,C2.6,POINT(-86.0 -28.0),0
gev_20121010_0250,2012-10-10 02:50:00,2012-10-10 02:57:00,2012-10-10 03:01:00,C1.6,POINT(-86.0 -29.0),0
gev_20121010_0451,2012-10-10 04:51:00,2012-10-10 05:04:00,2012-10-10 05:04:00,M1.0,POINT(-86.0 -29.0),0
gev_20121010_0640,2012-10-10 06:40:00,2012-10-10 06:44:00,2012-10-10 06:46:00,C2.1,POINT(-86.0 -28.0),0
gev_20121010_0659,2012-10-10 06:59:00,2012-10-10 07:06:00,2012-10-10 07:10:00,C4.6,POINT(-86.0 -28.0),0
gev_20121010_0832,2012-10-10 08:32:00,2012-10-10 08:36:00,2012-10-10 08:38:00,B9.0,POINT(-86.0 -28.0),1590
gev_20121010_1044,2012-10-10 10:44:00,2012-10-10 10:47:00,2012-10-10 10:52:00,B8.4,POINT(34.0 -17.0),1585
gev_20121010_1056,2012-10-10 10:56:00,2012-10-10 10:57:00,2012-10-10 11:02:00,B8.6,POINT(-86.0 -29.0),0
gev_20121010_1411,2012-10-10 14:11:00,2012-10-10 14:14:00,2012-10-10 14:16:00,C1.1,POINT(-86.0 -29.0),0
gev_20121010_1425,2012-10-10 14:25:00,2012-10-10 14:27:00,2012-10-10 14:31:00,C2.1,POINT(-86.0 -29.0),0
gev_20121010_1513,2012-10-10 15:13:00,2012-10-10 15:16:00,2012-10-10 15:19:00,B8.3,POINT(-73.0 12.0),0
gev_20121010_1534,2012-10-10 15:34:00,2012-10-10 15:37:00,2012-10-10 15:40:00,B7.9,POINT(-86.0 -29.0),0
gev_20121010_1848,2012-10-10 18:48:00,2012-10-10 18:53:00,2012-10-10 18:56:00,C1.4,POINT(-83.0 -44.0),0
gev_20121010_1907,2012-10-10 19:07:00,2012-10-10 19:10:00,2012-10-10 19:13:00,B9.3,POINT(-67.0 13.0),0
gev_20121010_2140,2012-10-10 21:40:00,2012-10-10 21:45:00,2012-10-10 21:47:00,C1.5,POINT(39.0 -17.0),1585
gev_20121011_0423,2012-10-11 04:23:00,2012-10-11 04:27:00,2012-10-11 04:31:00,C1.2,POINT(42.0 -16.0),1585
gev_20121011_0758,2012-10-11 07:58:00,2012-10-11 08:04:00,2012-10-11 08:08:00,C4.6,POINT(-58.0 14.0),0
gev_20121011_0920,2012-10-11 09:20:00,2012-10-11 09:24:00,2012-10-11 09:30:00,C1.2,POINT(-72.0 -30.0),0
gev_20121011_1016,2012-10-11 10:16:00,2012-10-11 10:17:00,2012-10-11 10:22:00,C1.3,POINT(48.0 -18.0),1585
gev_20121011_2230,2012-10-11 22:30:00,2012-10-11 22:46:00,2012-10-11 22:55:00,C2.1,POINT(-52.0 10.0),0
gev_20121012_0252,2012-10-12 02:52:00,2012-10-12 03:03:00,2012-10-12 03:16:00,C1.0,POINT(-63.0 -27.0),1590
gev_20121012_0548,2012-10-12 05:48:00,2012-10-12 06:37:00,2012-10-12 06:45:00,C1.0,POINT(-51.0 13.0),1589
gev_20121012_0744,2012-10-12 07:44:00,2012-10-12 07:48:00,2012-10-12 07:54:00,C1.6,POINT(-50.0 13.0),0
gev_20121012_0808,2012-10-12 08:08:00,2012-10-12 08:17:00,2012-10-12 08:20:00,C9.0,POINT(-44.0 13.0),0
gev_20121012_0900,2012-10-12 09:00:00,2012-10-12 09:04:00,2012-10-12 09:07:00,B9.9,POINT(-45.0 9.0),1589
gev_20121012_1252,2012-10-12 12:52:00,2012-10-12 12:54:00,2012-10-12 12:57:00,B7.9,POINT(63.0 -18.0),1585
gev_20121012_1847,2012-10-12 18:47:00,2012-10-12 18:51:00,2012-10-12 18:57:00,B7.5,POINT(-51.0 -28.0),0
gev_20121012_1945,2012-10-12 19:45:00,2012-10-12 19:47:00,2012-10-12 19:52:00,C1.0,POINT(-39.0 11.0),0
gev_20121013_1211,2012-10-13 12:11:00,2012-10-13 12:58:00,2012-10-13 13:31:00,B8.2,POINT(-86.0 -29.0),0
gev_20121014_0000,2012-10-14 00:00:00,2012-10-14 00:00:00,2012-10-14 00:18:00,C1.5,POINT(-27.0 11.0),0
gev_20121014_0215,2012-10-14 02:15:00,2012-10-14 02:30:00,2012-10-14 03:09:00,C4.8,POINT(-88.0 13.0),0
gev_20121014_0627,2012-10-14 06:27:00,2012-10-14 06:32:00,2012-10-14 06:37:00,C1.1,POINT(-88.0 15.0),0
gev_20121014_0753,2012-10-14 07:53:00,2012-10-14 07:59:00,2012-10-14 08:06:00,C1.0,POINT(-88.0 15.0),0
gev_20121014_1230,2012-10-14 12:30:00,2012-10-14 12:32:00,2012-10-14 12:36:00,B9.6,POINT(-88.0 13.0),0
gev_20121014_1248,2012-10-14 12:48:00,2012-10-14 12:52:00,2012-10-14 12:55:00,C1.0,POINT(-55.0 7.0),0
gev_20121014_1635,2012-10-14 16:35:00,2012-10-14 16:39:00,2012-10-14 16:46:00,B7.2,POINT(-26.0 -31.0),1590
gev_20121014_1845,2012-10-14 18:45:00,2012-10-14 18:47:00,2012-10-14 18:50:00,B9.8,POINT(-88.0 13.0),0
gev_20121014_2028,2012-10-14 20:28:00,2012-10-14 20:34:00,2012-10-14 20:38:00,C1.5,POINT(-53.0 7.0),0
gev_20121014_2154,2012-10-14 21:54:00,2012-10-14 21:57:00,2012-10-14 21:59:00,C3.0,POINT(-52.0 7.0),1591
gev_20121015_0218,2012-10-15 02:18:00,2012-10-15 02:22:00,2012-10-15 02:26:00,B8.1,POINT(-6.0 14.0),1589
gev_20121015_0326,2012-10-15 03:26:00,2012-10-15 03:27:00,2012-10-15 03:33:00,C2.2,POINT(-88.0 13.0),0
gev_20121015_0415,2012-10-15 04:15:00,2012-10-15 04:17:00,2012-10-15 04:24:00,C4.0,POINT(-88.0 13.0),0
gev_20121015_0804,2012-10-15 08:04:00,2012-10-15 08:07:00,2012-10-15 08:13:00,C1.1,POINT(-46.0 7.0),1591
gev_20121015_1455,2012-10-15 14:55:00,2012-10-15 15:42:00,2012-10-15 16:13:00,C4.4,POINT(-88.0 14.0),1593
gev_20121015_1844,2012-10-15 18:44:00,2012-10-15 18:59:00,2012-10-15 19:06:00,C1.4,POINT(-2.0 13.0),1589
gev_20121015_2251,2012-10-15 22:51:00,2012-10-15 22:57:00,2012-10-15 23:05:00,B9.2,POINT(-38.0 7.0),1591
gev_20121015_2356,2012-10-15 23:56:00,2012-10-15 23:59:00,2012-10-16 00:04:00,B7.5,POINT(-36.0 8.0),1591
gev_20121016_0144,2012-10-16 01:44:00,2012-10-16 01:47:00,2012-10-16 01:51:00,B8.4,POINT(-36.0 7.0),1591
gev_20121016_0613,2012-10-16 06:13:00,2012-10-16 06:17:00,2012-10-16 06:21:00,B8.2,POINT(-33.0 7.0),1591
gev_20121016_0646,2012-10-16 06:46:00,2012-10-16 06:47:00,2012-10-16 06:58:00,C1.8,POINT(-52.0 -23.0),0
gev_20121016_1612,2012-10-16 16:12:00,2012-10-16 16:27:00,2012-10-16 16:39:00,C3.3,POINT(10.0 13.0),1589
gev_20121016_2306,2012-10-16 23:06:00,2012-10-16 23:07:00,2012-10-16 23:13:00,C1.0,POINT(-50.0 -29.0),0
gev_20121017_0044,2012-10-17 00:44:00,2012-10-17 00:47:00,2012-10-17 00:49:00,C1.1,POINT(17.0 14.0),1589
gev_20121017_0556,2012-10-17 05:56:00,2012-10-17 06:05:00,2012-10-17 06:05:00,C1.2,POINT(-89.0 6.0),0
gev_20121017_0752,2012-10-17 07:52:00,2012-10-17 08:02:00,2012-10-17 08:16:00,C7.4,POINT(-89.0 6.0),0
gev_20121017_1216,2012-10-17 12:16:00,2012-10-17 12:17:00,2012-10-17 12:21:00,C1.3,POINT(-89.0 6.0),0
gev_20121017_1427,2012-10-17 14:27:00,2012-10-17 14:34:00,2012-10-17 14:40:00,C2.0,POINT(-89.0 5.0),0
gev_20121017_1550,2012-10-17 15:50:00,2012-10-17 15:56:00,2012-10-17 16:03:00,C1.0,POINT(-89.0 5.0),0
gev_20121017_1617,2012-10-17 16:17:00,2012-10-17 16:28:00,2012-10-17 17:05:00,C1.3,POINT(-89.0 6.0),0
gev_20121017_1856,2012-10-17 18:56:00,2012-10-17 19:10:00,2012-10-17 19:50:00,C1.1,POINT(-89.0 5.0),0
gev_20121018_1959,2012-10-18 19:59:00,2012-10-18 20:12:00,2012-10-18 20:22:00,B7.3,POINT(39.0 13.0),1589
gev_20121018_2230,2012-10-18 22:30:00,2012-10-18 22:59:00,2012-10-18 23:21:00,C1.4,POINT(-89.0 11.0),1596
gev_20121019_0106,2012-10-19 01:06:00,2012-10-19 01:07:00,2012-10-19 01:15:00,C1.3,POINT(48.0 11.0),1589
gev_20121019_0437,2012-10-19 04:37:00,2012-10-19 04:41:00,2012-10-19 04:51:00,B8.6,POINT(-33.0 14.0),0
gev_20121019_0510,2012-10-19 05:10:00,2012-10-19 05:18:00,2012-10-19 05:36:00,C1.8,POINT(-75.0 7.0),0
gev_20121019_1842,2012-10-19 18:42:00,2012-10-19 18:47:00,2012-10-19 18:51:00,C1.7,POINT(-10.0 -23.0),0
gev_20121019_2046,2012-10-19 20:46:00,2012-10-19 20:52:00,2012-10-19 20:55:00,C3.6,POINT(-88.0 -14.0),0
gev_20121020_1428,2012-10-20 14:28:00,2012-10-20 14:48:00,2012-10-20 15:20:00,C1.9,POINT(-88.0 -12.0),0
gev_20121020_1429,2012-10-20 14:29:00,2012-10-20 14:48:00,2012-10-20 15:03:00,C1.8,POINT(-88.0 -12.0),1598
gev_20121020_1718,2012-10-20 17:18:00,2012-10-20 17:37:00,2012-10-20 17:46:00,C2.4,POINT(-88.0 -12.0),0
gev_20121020_1805,2012-10-20 18:05:00,2012-10-20 18:14:00,2012-10-20 18:19:00,M9.0,POINT(-88.0 -12.0),0
gev_20121020_2002,2012-10-20 20:02:00,2012-10-20 20:10:00,2012-10-20 20:22:00,C2.7,POINT(-88.0 -14.0),1598
gev_20121021_0254,2012-10-21 02:54:00,2012-10-21 03:07:00,2012-10-21 03:08:00,C7.8,POINT(-88.0 -12.0),1598
gev_20121021_0524,2012-10-21 05:24:00,2012-10-21 05:34:00,2012-10-21 05:46:00,C5.6,POINT(-88.0 -14.0),1598
gev_20121021_0710,2012-10-21 07:10:00,2012-10-21 07:23:00,2012-10-21 07:35:00,C1.4,POINT(-88.0 -12.0),1598
gev_20121021_1106,2012-10-21 11:06:00,2012-10-21 11:07:00,2012-10-21 11:09:00,C1.1,POINT(-80.0 -13.0),1598
gev_20121021_1258,2012-10-21 12:58:00,2012-10-21 13:06:00,2012-10-21 13:06:00,C1.7,POINT(-88.0 -13.0),1598
gev_20121021_1752,2012-10-21 17:52:00,2012-10-21 18:18:00,2012-10-21 18:31:00,C1.1,POINT(-81.0 -12.0),1598
gev_20121021_1842,2012-10-21 18:42:00,2012-10-21 18:45:00,2012-10-21 18:48:00,C1.2,POINT(-79.0 -12.0),1598
gev_20121021_1946,2012-10-21 19:46:00,2012-10-21 20:03:00,2012-10-21 20:20:00,M1.3,POINT(-78.0 -13.0),1598
gev_20121021_2145,2012-10-21 21:45:00,2012-10-21 21:51:00,2012-10-21 21:59:00,C1.1,POINT(-78.0 -14.0),1598
gev_20121021_2238,2012-10-21 22:38:00,2012-10-21 23:00:00,2012-10-21 23:08:00,C1.2,POINT(-77.0 -13.0),1598
gev_20121021_2339,2012-10-21 23:39:00,2012-10-21 23:48:00,2012-10-21 23:53:00,C1.2,POINT(-76.0 -14.0),1598
gev_20121022_0021,2012-10-22 00:21:00,2012-10-22 00:26:00,2012-10-22 00:36:00,C3.4,POINT(-75.0 -14.0),1598
gev_20121022_0137,2012-10-22 01:37:00,2012-10-22 01:40:00,2012-10-22 01:42:00,C1.6,POINT(-73.0 -11.0),1598
gev_20121022_0904,2012-10-22 09:04:00,2012-10-22 09:07:00,2012-10-22 09:11:00,B9.4,POINT(-33.0 3.0),1596
gev_20121022_1552,2012-10-22 15:52:00,2012-10-22 16:03:00,2012-10-22 16:10:00,C6.3,POINT(-66.0 -13.0),1598
gev_20121022_1838,2012-10-22 18:38:00,2012-10-22 18:47:00,2012-10-22 18:51:00,M5.0,POINT(-64.0 -14.0),1598
gev_20121022_2235,2012-10-22 22:35:00,2012-10-22 22:39:00,2012-10-22 22:44:00,C1.3,POINT(-61.0 -14.0),1598
gev_20121023_0313,2012-10-23 03:13:00,2012-10-23 03:17:00,2012-10-23 03:21:00,X1.8,POINT(-58.0 -13.0),1598
gev_20121023_0603,2012-10-23 06:03:00,2012-10-23 06:10:00,2012-10-23 06:15:00,C1.6,POINT(-57.0 -15.0),1598
gev_20121023_0740,2012-10-23 07:40:00,2012-10-23 08:21:00,2012-10-23 08:56:00,C3.0,POINT(26.0 16.0),1593
gev_20121023_1310,2012-10-23 13:10:00,2012-10-23 13:15:00,2012-10-23 13:18:00,C2.3,POINT(-53.0 -14.0),1598
gev_20121023_1457,2012-10-23 14:57:00,2012-10-23 15:00:00,2012-10-23 15:05:00,C3.0,POINT(-52.0 -14.0),1598
gev_20121023_1826,2012-10-23 18:26:00,2012-10-23 18:28:00,2012-10-23 18:32:00,C1.2,POINT(-50.0 -12.0),1598
gev_20121023_1954,2012-10-23 19:54:00,2012-10-23 19:58:00,2012-10-23 20:04:00,C1.1,POINT(-46.0 -11.0),1598
gev_20121024_0111,2012-10-24 01:11:00,2012-10-24 01:18:00,2012-10-24 01:26:00,C2.4,POINT(34.0 15.0),1593
gev_20121024_0526,2012-10-24 05:26:00,2012-10-24 05:38:00,2012-10-24 05:46:00,C4.2,POINT(-43.0 -13.0),1598
gev_20121024_0705,2012-10-24 07:05:00,2012-10-24 07:08:00,2012-10-24 07:10:00,C1.7,POINT(-41.0 -13.0),1598
gev_20121024_0906,2012-10-24 09:06:00,2012-10-24 09:28:00,2012-10-24 09:34:00,C2.9,POINT(-41.0 -12.0),1598
gev_20121024_1318,2012-10-24 13:18:00,2012-10-24 13:23:00,2012-10-24 13:28:00,C1.3,POINT(-39.0 -12.0),1598
gev_20121024_1414,2012-10-24 14:14:00,2012-10-24 14:18:00,2012-10-24 14:19:00,C1.4,POINT(-38.0 -12.0),1598
gev_20121024_1522,2012-10-24 15:22:00,2012-10-24 15:26:00,2012-10-24 15:36:00,C1.0,POINT(-37.0 -13.0),1598
gev_20121024_1827,2012-10-24 18:27:00,2012-10-24 18:28:00,2012-10-24 18:32:00,B8.9,POINT(-36.0 -13.0),1598
gev_20121024_2051,2012-10-24 20:51:00,2012-10-24 20:54:00,2012-10-24 21:00:00,B7.2,POINT(-35.0 -12.0),1598
gev_20121025_0336,2012-10-25 03:36:00,2012-10-25 03:38:00,2012-10-25 03:42:00,B9.0,POINT(-30.0 -13.0),1598
gev_20121025_0404,2012-10-25 04:04:00,2012-10-25 04:18:00,2012-10-25 04:22:00,C2.5,POINT(46.0 15.0),1593
gev_20121025_0730,2012-10-25 07:30:00,2012-10-25 07:34:00,2012-10-25 07:37:00,C1.0,POINT(64.0 -24.0),1597
gev_20121025_0932,2012-10-25 09:32:00,2012-10-25 09:35:00,2012-10-25 09:37:00,B7.9,POINT(66.0 -23.0),1597
gev_20121025_1014,2012-10-25 10:14:00,2012-10-25 10:21:00,2012-10-25 10:30:00,B7.4,POINT(-26.0 -13.0),1598
gev_20121025_1429,2012-10-25 14:29:00,2012-10-25 14:51:00,2012-10-25 15:10:00,B9.1,POINT(14.0 4.0),1596
gev_20121025_1432,2012-10-25 14:32:00,2012-10-25 14:51:00,2012-10-25 15:11:00,B9.0,POINT(14.0 4.0),1596
gev_20121026_0354,2012-10-26 03:54:00,2012-10-26 03:58:00,2012-10-26 04:00:00,C1.3,POINT(21.0 4.0),1596
gev_20121026_0600,2012-10-26 06:00:00,2012-10-26 06:04:00,2012-10-26 06:10:00,B7.3,POINT(-14.0 -10.0),1598
gev_20121026_0636,2012-10-26 06:36:00,2012-10-26 06:43:00,2012-10-26 07:03:00,C1.5,POINT(66.0 13.0),1593
gev_20121026_1023,2012-10-26 10:23:00,2012-10-26 10:32:00,2012-10-26 10:39:00,C1.5,POINT(26.0 5.0),1596
gev_20121026_1024,2012-10-26 10:24:00,2012-10-26 10:32:00,2012-10-26 10:40:00,C1.5,POINT(26.0 5.0),1596
gev_20121026_1050,2012-10-26 10:50:00,2012-10-26 11:04:00,2012-10-26 11:20:00,C1.8,POINT(69.0 13.0),1593
gev_20121026_1052,2012-10-26 10:52:00,2012-10-26 11:04:00,2012-10-26 11:15:00,C1.8,POINT(69.0 13.0),1593
gev_20121026_1130,2012-10-26 11:30:00,2012-10-26 11:43:00,2012-10-26 11:55:00,C1.8,POINT(87.0 -24.0),1597
gev_20121026_1244,2012-10-26 12:44:00,2012-10-26 13:04:00,2012-10-26 13:32:00,C1.7,POINT(71.0 13.0),1593
gev_20121026_1248,2012-10-26 12:48:00,2012-10-26 13:04:00,2012-10-26 13:21:00,C1.6,POINT(87.0 -26.0),1594
gev_20121026_1549,2012-10-26 15:49:00,2012-10-26 16:07:00,2012-10-26 16:44:00,C1.1,POINT(-11.0 -15.0),1598
gev_20121026_2132,2012-10-26 21:32:00,2012-10-26 21:59:00,2012-10-26 22:34:00,C1.0,POINT(87.0 -24.0),1597
gev_20121027_0343,2012-10-27 03:43:00,2012-10-27 04:11:00,2012-10-27 04:43:00,C1.1,POINT(87.0 -26.0),1594
gev_20121027_0725,2012-10-27 07:25:00,2012-10-27 07:48:00,2012-10-27 08:14:00,B7.2,POINT(87.0 -25.0),1594
gev_20121027_1138,2012-10-27 11:38:00,2012-10-27 12:35:00,2012-10-27 12:56:00,B9.7,POINT(-0.0 -15.0),1598
gev_20121027_1646,2012-10-27 16:46:00,2012-10-27 16:51:00,2012-10-27 16:57:00,B7.3,POINT(87.0 -25.0),1597
gev_20121028_0626,2012-10-28 06:26:00,2012-10-28 08:05:00,2012-10-28 10:48:00,C1.7,POINT(87.0 -26.0),1597
gev_20121028_0630,2012-10-28 06:30:00,2012-10-28 08:05:00,2012-10-28 08:30:00,C1.7,POINT(87.0 -26.0),1597
gev_20121029_0255,2012-10-29 02:55:00,2012-10-29 03:02:00,2012-10-29 03:05:00,B6.9,POINT(64.0 8.0),1596
gev_20121030_0116,2012-10-30 01:16:00,2012-10-30 01:37:00,2012-10-30 01:50:00,B8.4,POINT(34.0 -15.0),1598
gev_20121031_0459,2012-10-31 04:59:00,2012-10-31 05:07:00,2012-10-31 05:13:00,C1.2,POINT(89.0 9.0),1596
gev_20121031_0650,2012-10-31 06:50:00,2012-10-31 06:54:00,2012-10-31 06:56:00,B3.9,POINT(52.0 -11.0),1598
gev_20121031_0713,2012-10-31 07:13:00,2012-10-31 07:18:00,2012-10-31 07:23:00,B4.8,POINT(52.0 -11.0),1598
gev_20121031_1133,2012-10-31 11:33:00,2012-10-31 11:38:00,2012-10-31 11:39:00,C1.1,POINT(54.0 -11.0),1598
gev_20121031_1306,2012-10-31 13:06:00,2012-10-31 13:11:00,2012-10-31 13:18:00,B3.9,POINT(56.0 -11.0),1598
gev_20121101_0012,2012-11-01 00:12:00,2012-11-01 00:39:00,2012-11-01 02:15:00,B5.3,POINT(89.0 9.0),1596
gev_20121101_1400,2012-11-01 14:00:00,2012-11-01 14:04:00,2012-11-01 14:12:00,B4.3,POINT(70.0 -11.0),1598
gev_20121101_1458,2012-11-01 14:58:00,2012-11-01 15:05:00,2012-11-01 15:12:00,B7.0,POINT(71.0 -11.0),1598
gev_20121101_1612,2012-11-01 16:12:00,2012-11-01 16:26:00,2012-11-01 16:45:00,B3.4,POINT(73.0 -11.0),1598
gev_20121102_0658,2012-11-02 06:58:00,2012-11-02 07:03:00,2012-11-02 07:07:00,B6.9,POINT(83.0 -9.0),1598
gev_20121102_1858,2012-11-02 18:58:00,2012-11-02 19:20:00,2012-11-02 19:28:00,B5.8,POINT(88.0 -11.0),1598
gev_20121102_2318,2012-11-02 23:18:00,2012-11-02 23:25:00,2012-11-02 23:33:00,B5.7,POINT(88.0 -12.0),1598
gev_20121103_0328,2012-11-03 03:28:00,2012-11-03 05:53:00,2012-11-03 07:00:00,B4.9,POINT(89.0 -6.0),1598
gev_20121103_1920,2012-11-03 19:20:00,2012-11-03 19:25:00,2012-11-03 19:34:00,B3.2,POINT(78.0 -10.0),1598
gev_20121104_2238,2012-11-04 22:38:00,2012-11-04 22:41:00,2012-11-04 22:43:00,B2.6,POINT(32.0 12.0),0
gev_20121105_1000,2012-11-05 10:00:00,2012-11-05 10:06:00,2012-11-05 10:15:00,B4.0,POINT(-88.0 -14.0),0
gev_20121105_1156,2012-11-05 11:56:00,2012-11-05 11:58:00,2012-11-05 12:01:00,B6.6,POINT(-87.0 -25.0),0
gev_20121105_1830,2012-11-05 18:30:00,2012-11-05 18:39:00,2012-11-05 18:47:00,C2.3,POINT(-88.0 -14.0),0
gev_20121106_0017,2012-11-06 00:17:00,2012-11-06 00:18:00,2012-11-06 00:21:00,B3.0,POINT(-88.0 -15.0),1608
gev_20121106_0452,2012-11-06 04:52:00,2012-11-06 04:58:00,2012-11-06 04:59:00,B7.6,POINT(-88.0 -14.0),1608
gev_20121106_0507,2012-11-06 05:07:00,2012-11-06 05:11:00,2012-11-06 05:21:00,B7.5,POINT(-88.0 -15.0),1608
gev_20121106_1539,2012-11-06 15:39:00,2012-11-06 16:39:00,2012-11-06 17:30:00,B7.1,POINT(-89.0 14.0),0
gev_20121107_1017,2012-11-07 10:17:00,2012-11-07 10:27:00,2012-11-07 10:39:00,B6.2,POINT(-89.0 13.0),0
gev_20121107_1229,2012-11-07 12:29:00,2012-11-07 12:37:00,2012-11-07 12:47:00,B5.1,POINT(-89.0 13.0),0
gev_20121107_1700,2012-11-07 17:00:00,2012-11-07 17:05:00,2012-11-07 17:05:00,B3.6,POINT(-89.0 13.0),0
gev_20121108_0208,2012-11-08 02:08:00,2012-11-08 02:23:00,2012-11-08 02:23:00,M1.7,POINT(-89.0 13.0),0
gev_20121108_1505,2012-11-08 15:05:00,2012-11-08 15:07:00,2012-11-08 15:15:00,B3.3,POINT(89.0 11.0),1607
gev_20121108_1601,2012-11-08 16:01:00,2012-11-08 16:14:00,2012-11-08 16:30:00,B6.6,POINT(89.0 11.0),1607
gev_20121108_2219,2012-11-08 22:19:00,2012-11-08 22:38:00,2012-11-08 22:57:00,B6.6,POINT(-72.0 14.0),1611
gev_20121108_2334,2012-11-08 23:34:00,2012-11-08 23:38:00,2012-11-08 23:40:00,B6.2,POINT(-68.0 12.0),1611
gev_20121109_0010,2012-11-09 00:10:00,2012-11-09 01:08:00,2012-11-09 02:00:00,C1.0,POINT(-87.0 -30.0),0
gev_20121109_0012,2012-11-09 00:12:00,2012-11-09 01:51:00,2012-11-09 02:41:00,C1.0,POINT(19.0 8.0),1604
gev_20121109_1041,2012-11-09 10:41:00,2012-11-09 10:54:00,2012-11-09 11:01:00,B5.2,POINT(-89.0 16.0),1611
gev_20121109_1802,2012-11-09 18:02:00,2012-11-09 18:18:00,2012-11-09 18:27:00,B7.6,POINT(-34.0 -26.0),1610
gev_20121109_2315,2012-11-09 23:15:00,2012-11-09 23:53:00,2012-11-10 00:16:00,B7.5,POINT(-31.0 -25.0),1610
gev_20121110_0122,2012-11-10 01:22:00,2012-11-10 01:32:00,2012-11-10 01:44:00,C1.0,POINT(-89.0 15.0),0
gev_20121110_0422,2012-11-10 04:22:00,2012-11-10 05:04:00,2012-11-10 05:47:00,C2.0,POINT(-10.0 -24.0),1608
gev_20121110_0425,2012-11-10 04:25:00,2012-11-10 05:04:00,2012-11-10 06:30:00,C2.1,POINT(-10.0 -24.0),1608
gev_20121110_1053,2012-11-10 10:53:00,2012-11-10 11:03:00,2012-11-10 11:03:00,C1.3,POINT(-89.0 18.0),0
gev_20121110_1615,2012-11-10 16:15:00,2012-11-10 16:18:00,2012-11-10 16:20:00,C1.0,POINT(-89.0 17.0),0
gev_20121110_1715,2012-11-10 17:15:00,2012-11-10 17:24:00,2012-11-10 17:44:00,C1.0,POINT(-89.0 16.0),0
gev_20121110_2013,2012-11-10 20:13:00,2012-11-10 20:18:00,2012-11-10 20:19:00,C1.2,POINT(89.0 15.0),1607
gev_20121110_2130,2012-11-10 21:30:00,2012-11-10 21:33:00,2012-11-10 21:37:00,C1.5,POINT(89.0 15.0),1607
gev_20121110_2315,2012-11-10 23:15:00,2012-11-10 23:34:00,2012-11-10 23:51:00,C1.1,POINT(-89.0 15.0),0
gev_20121111_0045,2012-11-11 00:45:00,2012-11-11 00:54:00,2012-11-11 01:04:00,C1.3,POINT(-89.0 15.0),0
gev_20121111_0211,2012-11-11 02:11:00,2012-11-11 02:28:00,2012-11-11 02:33:00,M1.0,POINT(-89.0 15.0),0
gev_20121111_0518,2012-11-11 05:18:00,2012-11-11 05:30:00,2012-11-11 05:46:00,C1.6,POINT(89.0 15.0),1607
gev_20121111_1902,2012-11-11 19:02:00,2012-11-11 19:06:00,2012-11-11 19:09:00,C1.2,POINT(-76.0 15.0),0
gev_20121112_0757,2012-11-12 07:57:00,2012-11-12 07:58:00,2012-11-12 08:01:00,B8.2,POINT(-55.0 -24.0),1613
gev_20121112_0806,2012-11-12 08:06:00,2012-11-12 08:08:00,2012-11-12 08:12:00,C1.1,POINT(-55.0 -25.0),1613
gev_20121112_1017,2012-11-12 10:17:00,2012-11-12 10:22:00,2012-11-12 10:25:00,C2.9,POINT(-51.0 -25.0),1613
gev_20121112_1149,2012-11-12 11:49:00,2012-11-12 11:53:00,2012-11-12 11:53:00,C1.3,POINT(6.0 -23.0),1610
gev_20121112_1427,2012-11-12 14:27:00,2012-11-12 14:33:00,2012-11-12 14:41:00,C1.0,POINT(-67.0 11.0),1614
gev_20121112_1843,2012-11-12 18:43:00,2012-11-12 18:48:00,2012-11-12 18:51:00,C2.0,POINT(-46.0 -24.0),1613
gev_20121112_2133,2012-11-12 21:33:00,2012-11-12 21:39:00,2012-11-12 21:41:00,C2.5,POINT(-47.0 -26.0),1613
gev_20121112_2236,2012-11-12 22:36:00,2012-11-12 22:41:00,2012-11-12 22:46:00,C1.2,POINT(-48.0 -25.0),1613
gev_20121112_2313,2012-11-12 23:13:00,2012-11-12 23:28:00,2012-11-12 23:33:00,M2.0,POINT(-47.0 -25.0),1613
gev_20121113_0017,2012-11-13 00:17:00,2012-11-13 00:18:00,2012-11-13 00:22:00,C4.3,POINT(-47.0 -25.0),1613
gev_20121113_0112,2012-11-13 01:12:00,2012-11-13 01:18:00,2012-11-13 01:26:00,C3.5,POINT(-44.0 -26.0),1613
gev_20121113_0158,2012-11-13 01:58:00,2012-11-13 02:04:00,2012-11-13 02:06:00,M6.0,POINT(-46.0 -25.0),1613
gev_20121113_0431,2012-11-13 04:31:00,2012-11-13 04:34:00,2012-11-13 04:40:00,C1.0,POINT(-44.0 -25.0),1613
gev_20121113_0542,2012-11-13 05:42:00,2012-11-13 05:48:00,2012-11-13 05:50:00,M2.5,POINT(-44.0 -26.0),1613
gev_20121113_0651,2012-11-13 06:51:00,2012-11-13 06:56:00,2012-11-13 07:02:00,C3.4,POINT(-42.0 -26.0),1613
gev_20121113_0802,2012-11-13 08:02:00,2012-11-13 08:06:00,2012-11-13 08:10:00,C2.2,POINT(-55.0 16.0),1614
gev_20121113_1005,2012-11-13 10:05:00,2012-11-13 10:08:00,2012-11-13 10:12:00,C3.1,POINT(-41.0 -26.0),1613
gev_20121113_1053,2012-11-13 10:53:00,2012-11-13 10:57:00,2012-11-13 11:00:00,B9.5,POINT(-89.0 17.0),0
gev_20121113_1734,2012-11-13 17:34:00,2012-11-13 17:43:00,2012-11-13 17:48:00,C1.8,POINT(-35.0 -26.0),1613
gev_20121113_1954,2012-11-13 19:54:00,2012-11-13 19:58:00,2012-11-13 20:00:00,C1.1,POINT(-32.0 -24.0),1613
gev_20121113_2050,2012-11-13 20:50:00,2012-11-13 20:54:00,2012-11-13 20:57:00,M2.8,POINT(-31.0 -23.0),1613
gev_20121114_0214,2012-11-14 02:14:00,2012-11-14 02:19:00,2012-11-14 02:25:00,C1.6,POINT(-32.0 -26.0),1613
gev_20121114_0311,2012-11-14 03:11:00,2012-11-14 03:16:00,2012-11-14 03:19:00,C1.7,POINT(-30.0 -26.0),1613
gev_20121114_0359,2012-11-14 03:59:00,2012-11-14 04:04:00,2012-11-14 04:07:00,M1.1,POINT(-27.0 -23.0),1613
gev_20121114_0456,2012-11-14 04:56:00,2012-11-14 05:02:00,2012-11-14 05:07:00,C1.0,POINT(-31.0 -26.0),1613
gev_20121114_0544,2012-11-14 05:44:00,2012-11-14 06:17:00,2012-11-14 07:00:00,B6.0,POINT(-44.0 16.0),1614
gev_20121114_0734,2012-11-14 07:34:00,2012-11-14 07:46:00,2012-11-14 08:28:00,B7.1,POINT(-36.0 -27.0),1613
gev_20121114_1322,2012-11-14 13:22:00,2012-11-14 13:27:00,2012-11-14 13:33:00,C1.3,POINT(-40.0 17.0),1614
gev_20121114_1335,2012-11-14 13:35:00,2012-11-14 13:38:00,2012-11-14 13:41:00,C3.5,POINT(-40.0 18.0),1614
gev_20121114_1658,2012-11-14 16:58:00,2012-11-14 17:04:00,2012-11-14 17:10:00,B9.5,POINT(-37.0 14.0),1614
gev_20121114_1821,2012-11-14 18:21:00,2012-11-14 18:29:00,2012-11-14 18:45:00,B9.0,POINT(29.0 -21.0),1610
gev_20121114_2333,2012-11-14 23:33:00,2012-11-14 23:38:00,2012-11-14 23:41:00,C1.3,POINT(-16.0 -24.0),1613
gev_20121115_0330,2012-11-15 03:30:00,2012-11-15 03:34:00,2012-11-15 03:34:00,B8.2,POINT(16.0 13.0),1611
gev_20121115_0422,2012-11-15 04:22:00,2012-11-15 04:28:00,2012-11-15 04:37:00,C6.3,POINT(34.0 -22.0),1610
gev_20121115_0756,2012-11-15 07:56:00,2012-11-15 08:02:00,2012-11-15 08:06:00,C2.8,POINT(-11.0 -25.0),1613
gev_20121115_1240,2012-11-15 12:40:00,2012-11-15 12:48:00,2012-11-15 12:54:00,C3.2,POINT(-15.0 10.0),1615
gev_20121115_1423,2012-11-15 14:23:00,2012-11-15 14:28:00,2012-11-15 14:30:00,C2.1,POINT(-7.0 -25.0),1613
gev_20121115_2014,2012-11-15 20:14:00,2012-11-15 20:21:00,2012-11-15 20:25:00,C1.0,POINT(-6.0 -24.0),1613
gev_20121115_2200,2012-11-15 22:00:00,2012-11-15 22:14:00,2012-11-15 22:47:00,B8.3,POINT(29.0 14.0),1611
gev_20121116_0641,2012-11-16 06:41:00,2012-11-16 07:51:00,2012-11-16 10:21:00,C1.4,POINT(-9.0 -27.0),1613
gev_20121116_0659,2012-11-16 06:59:00,2012-11-16 07:51:00,2012-11-16 09:10:00,C1.4,POINT(-9.0 -27.0),1613
gev_20121116_1444,2012-11-16 14:44:00,2012-11-16 14:47:00,2012-11-16 15:03:00,B6.8,POINT(-22.0 -25.0),0
gev_20121116_1534,2012-11-16 15:34:00,2012-11-16 15:38:00,2012-11-16 15:42:00,C8.4,POINT(-79.0 8.0),0
gev_20121116_1949,2012-11-16 19:49:00,2012-11-16 19:55:00,2012-11-16 20:01:00,C1.0,POINT(63.0 -24.0),1610
gev_20121116_2155,2012-11-16 21:55:00,2012-11-16 22:00:00,2012-11-16 22:19:00,C1.4,POINT(-7.0 17.0),1614
gev_20121117_0259,2012-11-17 02:59:00,2012-11-17 03:08:00,2012-11-17 03:08:00,C1.7,POINT(6.0 9.0),1615
gev_20121117_0402,2012-11-17 04:02:00,2012-11-17 04:08:00,2012-11-17 04:08:00,C1.2,POINT(5.0 -25.0),1613
gev_20121117_0455,2012-11-17 04:55:00,2012-11-17 05:22:00,2012-11-17 05:44:00,B9.1,POINT(88.0 -28.0),1610
gev_20121117_1558,2012-11-17 15:58:00,2012-11-17 16:06:00,2012-11-17 16:06:00,C1.3,POINT(-64.0 9.0),0
gev_20121117_1802,2012-11-17 18:02:00,2012-11-17 18:10:00,2012-11-17 18:14:00,C2.8,POINT(19.0 -24.0),1613
gev_20121118_0355,2012-11-18 03:55:00,2012-11-18 04:07:00,2012-11-18 04:07:00,C5.7,POINT(21.0 7.0),1615
gev_20121118_0811,2012-11-18 08:11:00,2012-11-18 08:15:00,2012-11-18 08:18:00,C1.0,POINT(27.0 -24.0),1613
gev_20121118_1103,2012-11-18 11:03:00,2012-11-18 11:07:00,2012-11-18 11:12:00,B7.6,POINT(-9.0 10.0),1619
gev_20121118_1303,2012-11-18 13:03:00,2012-11-18 13:07:00,2012-11-18 13:09:00,C4.3,POINT(-7.0 10.0),1619
gev_20121118_1528,2012-11-18 15:28:00,2012-11-18 15:32:00,2012-11-18 15:37:00,C1.3,POINT(-46.0 7.0),1618
gev_20121118_1921,2012-11-18 19:21:00,2012-11-18 19:26:00,2012-11-18 19:37:00,C1.1,POINT(-88.0 -20.0),0
gev_20121118_2116,2012-11-18 21:16:00,2012-11-18 21:22:00,2012-11-18 21:30:00,C1.0,POINT(-42.0 7.0),1618
gev_20121119_0002,2012-11-19 00:02:00,2012-11-19 00:08:00,2012-11-19 00:12:00,C1.1,POINT(-4.0 10.0),1619
gev_20121119_0220,2012-11-19 02:20:00,2012-11-19 02:28:00,2012-11-19 02:31:00,C7.0,POINT(-39.0 7.0),1618
gev_20121119_1055,2012-11-19 10:55:00,2012-11-19 11:00:00,2012-11-19 11:15:00,C1.4,POINT(88.0 -26.0),1610
gev_20121120_0137,2012-11-20 01:37:00,2012-11-20 02:07:00,2012-11-20 03:05:00,C3.0,POINT(-25.0 6.0),1618
gev_20121120_0404,2012-11-20 04:04:00,2012-11-20 04:08:00,2012-11-20 04:10:00,C1.3,POINT(-25.0 6.0),1618
gev_20121120_0625,2012-11-20 06:25:00,2012-11-20 06:33:00,2012-11-20 06:44:00,C3.9,POINT(-24.0 6.0),1618
gev_20121120_1236,2012-11-20 12:36:00,2012-11-20 12:38:00,2012-11-20 12:41:00,M1.7,POINT(-20.0 6.0),1618
gev_20121120_1348,2012-11-20 13:48:00,2012-11-20 13:51:00,2012-11-20 13:54:00,C1.6,POINT(-17.0 8.0),1618
gev_20121120_1518,2012-11-20 15:18:00,2012-11-20 15:28:00,2012-11-20 15:29:00,C3.1,POINT(-19.0 5.0),1618
gev_20121120_1740,2012-11-20 17:40:00,2012-11-20 17:43:00,2012-11-20 17:47:00,B9.9,POINT(-21.0 6.0),1618
gev_20121120_1921,2012-11-20 19:21:00,2012-11-20 19:28:00,2012-11-20 19:32:00,M1.6,POINT(-16.0 5.0),1618
gev_20121120_2252,2012-11-20 22:52:00,2012-11-20 23:06:00,2012-11-20 23:07:00,C3.9,POINT(89.0 12.0),1611
gev_20121121_0645,2012-11-21 06:45:00,2012-11-21 06:48:00,2012-11-21 06:56:00,M1.4,POINT(-6.0 7.0),1618
gev_20121121_0852,2012-11-21 08:52:00,2012-11-21 08:57:00,2012-11-21 09:00:00,C1.2,POINT(-5.0 6.0),1618
gev_20121121_0917,2012-11-21 09:17:00,2012-11-21 09:41:00,2012-11-21 09:43:00,C4.1,POINT(-5.0 6.0),1618
gev_20121121_1510,2012-11-21 15:10:00,2012-11-21 15:28:00,2012-11-21 15:30:00,M3.5,POINT(-5.0 5.0),1618
gev_20121121_2039,2012-11-21 20:39:00,2012-11-21 20:43:00,2012-11-21 20:50:00,C1.3,POINT(-1.0 7.0),1618
gev_20121121_2112,2012-11-21 21:12:00,2012-11-21 21:16:00,2012-11-21 21:21:00,C2.5,POINT(-1.0 7.0),1618
gev_20121121_2309,2012-11-21 23:09:00,2012-11-21 23:12:00,2012-11-21 23:14:00,C1.1,POINT(1.0 6.0),1618
gev_20121122_0749,2012-11-22 07:49:00,2012-11-22 07:53:00,2012-11-22 07:55:00,B6.3,POINT(3.0 7.0),1618
gev_20121122_1535,2012-11-22 15:35:00,2012-11-22 15:46:00,2012-11-22 15:57:00,B9.5,POINT(3.0 8.0),1618
gev_20121123_1206,2012-11-23 12:06:00,2012-11-23 12:08:00,2012-11-23 12:12:00,C1.2,POINT(89.0 18.0),1614
gev_20121123_1829,2012-11-23 18:29:00,2012-11-23 18:32:00,2012-11-23 18:36:00,B7.6,POINT(24.0 6.0),1618
gev_20121123_1917,2012-11-23 19:17:00,2012-11-23 19:18:00,2012-11-23 19:21:00,C1.2,POINT(27.0 7.0),1618
gev_20121123_1927,2012-11-23 19:27:00,2012-11-23 19:28:00,2012-11-23 19:32:00,C2.5,POINT(27.0 7.0),1618
gev_20121123_1936,2012-11-23 19:36:00,2012-11-23 19:38:00,2012-11-23 19:42:00,C1.2,POINT(27.0 7.0),1618
gev_20121123_1944,2012-11-23 19:44:00,2012-11-23 19:47:00,2012-11-23 19:49:00,C1.2,POINT(28.0 9.0),1618
gev_20121123_1953,2012-11-23 19:53:00,2012-11-23 19:56:00,2012-11-23 19:58:00,C1.7,POINT(27.0 8.0),1618
gev_20121123_2001,2012-11-23 20:01:00,2012-11-23 20:05:00,2012-11-23 20:07:00,C1.0,POINT(23.0 6.0),1618
gev_20121123_2055,2012-11-23 20:55:00,2012-11-23 21:00:00,2012-11-23 21:06:00,B8.1,POINT(-89.0 13.0),0
gev_20121123_2336,2012-11-23 23:36:00,2012-11-23 23:57:00,2012-11-24 00:13:00,C1.0,POINT(29.0 11.0),1618
gev_20121124_1333,2012-11-24 13:33:00,2012-11-24 13:38:00,2012-11-24 13:40:00,C3.3,POINT(28.0 7.0),1615
gev_20121124_1531,2012-11-24 15:31:00,2012-11-24 15:36:00,2012-11-24 15:45:00,B4.5,POINT(-84.0 13.0),0
gev_20121125_0612,2012-11-25 06:12:00,2012-11-25 06:17:00,2012-11-25 06:22:00,B9.5,POINT(43.0 8.0),1618
gev_20121125_2010,2012-11-25 20:10:00,2012-11-25 20:14:00,2012-11-25 20:21:00,C1.7,POINT(89.0 17.0),1616
gev_20121125_2214,2012-11-25 22:14:00,2012-11-25 22:18:00,2012-11-25 22:18:00,C1.4,POINT(15.0 -13.0),1620
gev_20121126_0037,2012-11-26 00:37:00,2012-11-26 00:38:00,2012-11-26 00:42:00,C1.9,POINT(17.0 -13.0),1620
gev_20121126_0209,2012-11-26 02:09:00,2012-11-26 02:13:00,2012-11-26 02:15:00,C1.0,POINT(51.0 9.0),1618
gev_20121126_0846,2012-11-26 08:46:00,2012-11-26 08:48:00,2012-11-26 08:50:00,C1.5,POINT(22.0 -12.0),1620
gev_20121126_1007,2012-11-26 10:07:00,2012-11-26 10:08:00,2012-11-26 10:10:00,C1.5,POINT(23.0 -12.0),1620
gev_20121126_1139,2012-11-26 11:39:00,2012-11-26 11:43:00,2012-11-26 11:48:00,C1.8,POINT(24.0 -12.0),1620
gev_20121126_1201,2012-11-26 12:01:00,2012-11-26 12:04:00,2012-11-26 12:12:00,C1.9,POINT(24.0 -11.0),1620
gev_20121126_1232,2012-11-26 12:32:00,2012-11-26 12:37:00,2012-11-26 12:40:00,C1.9,POINT(25.0 -12.0),1620
gev_20121126_1311,2012-11-26 13:11:00,2012-11-26 13:14:00,2012-11-26 13:17:00,B9.9,POINT(26.0 -12.0),1620
gev_20121126_1429,2012-11-26 14:29:00,2012-11-26 14:32:00,2012-11-26 14:34:00,B9.0,POINT(26.0 -11.0),1620
gev_20121126_1455,2012-11-26 14:55:00,2012-11-26 15:06:00,2012-11-26 15:06:00,C1.7,POINT(24.0 -12.0),1620
gev_20121126_1522,2012-11-26 15:22:00,2012-11-26 15:26:00,2012-11-26 15:29:00,C2.3,POINT(22.0 -12.0),1620
gev_20121126_1949,2012-11-26 19:49:00,2012-11-26 19:53:00,2012-11-26 19:56:00,C1.2,POINT(25.0 -12.0),1620
gev_20121126_2045,2012-11-26 20:45:00,2012-11-26 20:49:00,2012-11-26 20:54:00,C1.1,POINT(26.0 -12.0),1620
gev_20121126_2113,2012-11-26 21:13:00,2012-11-26 21:24:00,2012-11-26 21:29:00,C2.1,POINT(27.0 -11.0),1620
gev_20121126_2248,2012-11-26 22:48:00,2012-11-26 22:53:00,2012-11-26 22:58:00,C1.3,POINT(27.0 -12.0),1620
gev_20121127_0006,2012-11-27 00:06:00,2012-11-27 00:17:00,2012-11-27 00:25:00,B9.8,POINT(28.0 -12.0),1620
gev_20121127_0210,2012-11-27 02:10:00,2012-11-27 02:15:00,2012-11-27 02:20:00,C5.9,POINT(29.0 -12.0),1620
gev_20121127_0454,2012-11-27 04:54:00,2012-11-27 04:58:00,2012-11-27 05:01:00,C1.7,POINT(67.0 9.0),1618
gev_20121127_0801,2012-11-27 08:01:00,2012-11-27 08:04:00,2012-11-27 08:06:00,C1.0,POINT(38.0 -12.0),1620
gev_20121127_0913,2012-11-27 09:13:00,2012-11-27 09:17:00,2012-11-27 09:21:00,C1.5,POINT(-89.0 11.0),0
gev_20121127_1125,2012-11-27 11:25:00,2012-11-27 11:28:00,2012-11-27 11:31:00,C1.6,POINT(34.0 -12.0),1620
gev_20121127_1214,2012-11-27 12:14:00,2012-11-27 12:18:00,2012-11-27 12:27:00,B9.4,POINT(-89.0 7.0),0
gev_20121127_1257,2012-11-27 12:57:00,2012-11-27 13:05:00,2012-11-27 13:10:00,B8.3,POINT(37.0 -13.0),1620
gev_20121127_1325,2012-11-27 13:25:00,2012-11-27 13:28:00,2012-11-27 13:32:00,C1.9,POINT(39.0 -12.0),1620
gev_20121127_1432,2012-11-27 14:32:00,2012-11-27 14:38:00,2012-11-27 14:39:00,C1.1,POINT(-89.0 7.0),0
gev_20121127_1512,2012-11-27 15:12:00,2012-11-27 15:16:00,2012-11-27 15:22:00,C1.0,POINT(37.0 -13.0),1620
gev_20121127_1552,2012-11-27 15:52:00,2012-11-27 15:57:00,2012-11-27 16:03:00,M1.6,POINT(72.0 6.0),1618
gev_20121127_1658,2012-11-27 16:58:00,2012-11-27 17:03:00,2012-11-27 17:13:00,C1.3,POINT(39.0 -12.0),1620
gev_20121127_1812,2012-11-27 18:12:00,2012-11-27 18:17:00,2012-11-27 18:19:00,C3.2,POINT(44.0 -11.0),1620
gev_20121127_2030,2012-11-27 20:30:00,2012-11-27 20:31:00,2012-11-27 20:36:00,C1.6,POINT(41.0 -13.0),1620
gev_20121127_2105,2012-11-27 21:05:00,2012-11-27 21:26:00,2012-11-27 21:30:00,M1.0,POINT(41.0 -13.0),1620
gev_20121127_2302,2012-11-27 23:02:00,2012-11-27 23:18:00,2012-11-27 23:24:00,C7.1,POINT(42.0 -13.0),1620
gev_20121128_0138,2012-11-28 01:38:00,2012-11-28 01:48:00,2012-11-28 01:55:00,B7.9,POINT(45.0 -13.0),1620
gev_20121128_0246,2012-11-28 02:46:00,2012-11-28 02:50:00,2012-11-28 02:57:00,C3.1,POINT(-77.0 8.0),1623
gev_20121128_0804,2012-11-28 08:04:00,2012-11-28 08:08:00,2012-11-28 08:10:00,B7.7,POINT(49.0 -13.0),1620
gev_20121128_0853,2012-11-28 08:53:00,2012-11-28 08:58:00,2012-11-28 09:04:00,B8.1,POINT(47.0 -13.0),1620
gev_20121128_0928,2012-11-28 09:28:00,2012-11-28 09:55:00,2012-11-28 10:02:00,C1.1,POINT(49.0 -13.0),1620
gev_20121128_1102,2012-11-28 11:02:00,2012-11-28 11:09:00,2012-11-28 11:12:00,B8.6,POINT(-77.0 10.0),1623
gev_20121128_1132,2012-11-28 11:32:00,2012-11-28 11:38:00,2012-11-28 11:38:00,C1.1,POINT(51.0 -13.0),1620
gev_20121128_1213,2012-11-28 12:13:00,2012-11-28 12:18:00,2012-11-28 12:24:00,C4.8,POINT(50.0 -13.0),1620
gev_20121128_1501,2012-11-28 15:01:00,2012-11-28 15:04:00,2012-11-28 15:07:00,B8.4,POINT(51.0 -13.0),1620
gev_20121128_1738,2012-11-28 17:38:00,2012-11-28 17:44:00,2012-11-28 17:44:00,C2.4,POINT(53.0 -12.0),1620
gev_20121128_2120,2012-11-28 21:20:00,2012-11-28 21:36:00,2012-11-28 21:48:00,M2.2,POINT(56.0 -12.0),1620
gev_20121128_2307,2012-11-28 23:07:00,2012-11-28 23:08:00,2012-11-28 23:12:00,C1.1,POINT(58.0 -13.0),1620
gev_20121129_0059,2012-11-29 00:59:00,2012-11-29 01:03:00,2012-11-29 01:06:00,B7.0,POINT(59.0 -16.0),1620
gev_20121129_0112,2012-11-29 01:12:00,2012-11-29 01:16:00,2012-11-29 01:19:00,C1.0,POINT(59.0 -12.0),1620
gev_20121129_0227,2012-11-29 02:27:00,2012-11-29 02:29:00,2012-11-29 02:37:00,C1.9,POINT(59.0 -13.0),1620
gev_20121129_0555,2012-11-29 05:55:00,2012-11-29 05:58:00,2012-11-29 06:01:00,C1.7,POINT(-61.0 9.0),1623
gev_20121129_0703,2012-11-29 07:03:00,2012-11-29 07:08:00,2012-11-29 07:10:00,C3.7,POINT(63.0 -12.0),1620
gev_20121129_0845,2012-11-29 08:45:00,2012-11-29 08:48:00,2012-11-29 08:51:00,C1.1,POINT(63.0 -12.0),1620
gev_20121129_1113,2012-11-29 11:13:00,2012-11-29 11:18:00,2012-11-29 11:23:00,C2.0,POINT(-57.0 11.0),1623
gev_20121129_1140,2012-11-29 11:40:00,2012-11-29 11:47:00,2012-11-29 11:47:00,C4.6,POINT(-58.0 14.0),1623
gev_20121129_1747,2012-11-29 17:47:00,2012-11-29 17:49:00,2012-11-29 17:50:00,B7.3,POINT(-55.0 14.0),1623
gev_20121129_1833,2012-11-29 18:33:00,2012-11-29 18:38:00,2012-11-29 18:43:00,C1.4,POINT(-54.0 12.0),1623
gev_20121129_1859,2012-11-29 18:59:00,2012-11-29 19:06:00,2012-11-29 19:09:00,C2.8,POINT(-51.0 13.0),1623
gev_20121129_2035,2012-11-29 20:35:00,2012-11-29 20:38:00,2012-11-29 20:41:00,C1.3,POINT(-50.0 12.0),1623
gev_20121129_2146,2012-11-29 21:46:00,2012-11-29 21:50:00,2012-11-29 21:54:00,C1.5,POINT(-50.0 13.0),1623
gev_20121129_2237,2012-11-29 22:37:00,2012-11-29 22:44:00,2012-11-29 22:52:00,C1.0,POINT(-50.0 13.0),1623
gev_20121129_2352,2012-11-29 23:52:00,2012-11-30 00:19:00,2012-11-30 00:32:00,C2.5,POINT(72.0 -14.0),1620
gev_20121130_0111,2012-11-30 01:11:00,2012-11-30 01:15:00,2012-11-30 01:19:00,C1.7,POINT(72.0 -12.0),1620
gev_20121130_0402,2012-11-30 04:02:00,2012-11-30 04:06:00,2012-11-30 04:06:00,B6.2,POINT(-46.0 13.0),1625
gev_20121130_0841,2012-11-30 08:41:00,2012-11-30 09:26:00,2012-11-30 09:45:00,C1.2,POINT(-45.0 13.0),1625
gev_20121130_1030,2012-11-30 10:30:00,2012-11-30 10:35:00,2012-11-30 10:35:00,B6.9,POINT(-46.0 12.0),1625
gev_20121130_1432,2012-11-30 14:32:00,2012-11-30 14:37:00,2012-11-30 14:42:00,B7.6,POINT(-43.0 12.0),1625
gev_20121130_1656,2012-11-30 16:56:00,2012-11-30 17:48:00,2012-11-30 17:48:00,C5.4,POINT(89.0 -13.0),1620
gev_20121201_0607,2012-12-01 06:07:00,2012-12-01 06:08:00,2012-12-01 06:12:00,B6.2,POINT(89.0 -13.0),1620
gev_20121201_0831,2012-12-01 08:31:00,2012-12-01 08:36:00,2012-12-01 08:36:00,C1.3,POINT(-33.0 12.0),1625
gev_20121201_0914,2012-12-01 09:14:00,2012-12-01 09:17:00,2012-12-01 09:20:00,B6.2,POINT(87.0 -15.0),1620
gev_20121201_1017,2012-12-01 10:17:00,2012-12-01 10:30:00,2012-12-01 10:42:00,C1.9,POINT(89.0 -13.0),1620
gev_20121201_1526,2012-12-01 15:26:00,2012-12-01 15:28:00,2012-12-01 15:30:00,B4.4,POINT(89.0 -13.0),1620
gev_20121201_1555,2012-12-01 15:55:00,2012-12-01 15:58:00,2012-12-01 16:01:00,B7.1,POINT(89.0 -14.0),1620
gev_20121201_2127,2012-12-01 21:27:00,2012-12-01 21:28:00,2012-12-01 21:32:00,B5.8,POINT(89.0 -13.0),1620
gev_20121201_2237,2012-12-01 22:37:00,2012-12-01 22:38:00,2012-12-01 22:47:00,B8.0,POINT(89.0 -13.0),1620
gev_20121202_0018,2012-12-02 00:18:00,2012-12-02 00:21:00,2012-12-02 00:25:00,B3.4,POINT(89.0 -13.0),1620
gev_20121202_0212,2012-12-02 02:12:00,2012-12-02 02:36:00,2012-12-02 03:10:00,B4.6,POINT(89.0 -15.0),1620
gev_20121202_1357,2012-12-02 13:57:00,2012-12-02 14:01:00,2012-12-02 14:04:00,B2.8,POINT(-15.0 6.0),1623
gev_20121203_0023,2012-12-03 00:23:00,2012-12-03 00:36:00,2012-12-03 00:50:00,C1.1,POINT(-89.0 11.0),0
gev_20121203_0310,2012-12-03 03:10:00,2012-12-03 04:00:00,2012-12-03 04:45:00,B4.0,POINT(-89.0 11.0),0
gev_20121203_0313,2012-12-03 03:13:00,2012-12-03 04:00:00,2012-12-03 04:36:00,B3.9,POINT(-89.0 11.0),0
gev_20121203_1004,2012-12-03 10:04:00,2012-12-03 10:31:00,2012-12-03 10:42:00,B3.3,POINT(-5.0 9.0),1623
gev_20121203_1129,2012-12-03 11:29:00,2012-12-03 11:38:00,2012-12-03 11:38:00,B3.9,POINT(-3.0 8.0),1623
gev_20121203_1851,2012-12-03 18:51:00,2012-12-03 18:56:00,2012-12-03 19:03:00,B2.7,POINT(-89.0 12.0),0
gev_20121203_2336,2012-12-03 23:36:00,2012-12-03 23:38:00,2012-12-03 23:41:00,B2.2,POINT(-89.0 10.0),0
gev_20121204_0157,2012-12-04 01:57:00,2012-12-04 02:09:00,2012-12-04 02:12:00,B7.0,POINT(4.0 8.0),1623
gev_20121204_0310,2012-12-04 03:10:00,2012-12-04 03:15:00,2012-12-04 03:20:00,B2.1,POINT(-89.0 11.0),0
gev_20121204_0413,2012-12-04 04:13:00,2012-12-04 04:18:00,2012-12-04 04:18:00,B2.2,POINT(3.0 10.0),1623
gev_20121204_0441,2012-12-04 04:41:00,2012-12-04 04:48:00,2012-12-04 04:49:00,B3.2,POINT(-89.0 12.0),0
gev_20121204_0810,2012-12-04 08:10:00,2012-12-04 08:24:00,2012-12-04 08:30:00,B4.8,POINT(8.0 8.0),1623
gev_20121204_1030,2012-12-04 10:30:00,2012-12-04 10:38:00,2012-12-04 10:39:00,B3.6,POINT(9.0 8.0),1623
gev_20121204_1418,2012-12-04 14:18:00,2012-12-04 14:23:00,2012-12-04 14:28:00,B2.9,POINT(11.0 8.0),1623
gev_20121204_2042,2012-12-04 20:42:00,2012-12-04 20:46:00,2012-12-04 20:51:00,B2.6,POINT(-89.0 10.0),0
gev_20121205_0012,2012-12-05 00:12:00,2012-12-05 00:28:00,2012-12-05 00:28:00,C1.7,POINT(-83.0 14.0),0
gev_20121205_0514,2012-12-05 05:14:00,2012-12-05 05:56:00,2012-12-05 06:45:00,B4.1,POINT(-70.0 -29.0),0
gev_20121205_0520,2012-12-05 05:20:00,2012-12-05 05:56:00,2012-12-05 06:12:00,B4.1,POINT(-70.0 -29.0),0
gev_20121205_1739,2012-12-05 17:39:00,2012-12-05 17:51:00,2012-12-05 18:05:00,B8.6,POINT(68.0 14.0),1621
gev_20121206_0334,2012-12-06 03:34:00,2012-12-06 03:37:00,2012-12-06 03:41:00,B2.6,POINT(40.0 7.0),1623
gev_20121206_0411,2012-12-06 04:11:00,2012-12-06 04:20:00,2012-12-06 04:27:00,B3.3,POINT(35.0 6.0),1623
gev_20121206_1740,2012-12-06 17:40:00,2012-12-06 17:56:00,2012-12-06 18:08:00,B6.4,POINT(-54.0 11.0),1628
gev_20121206_2154,2012-12-06 21:54:00,2012-12-06 22:23:00,2012-12-06 22:31:00,B2.5,POINT(-63.0 11.0),1628
gev_20121206_2155,2012-12-06 21:55:00,2012-12-06 22:23:00,2012-12-06 22:35:00,B2.5,POINT(-63.0 11.0),1628
gev_20121207_0513,2012-12-07 05:13:00,2012-12-07 05:18:00,2012-12-07 05:19:00,B2.0,POINT(89.0 15.0),1621
gev_20121207_0902,2012-12-07 09:02:00,2012-12-07 10:07:00,2012-12-07 10:48:00,B4.8,POINT(89.0 14.0),1621
gev_20121207_1426,2012-12-07 14:26:00,2012-12-07 14:28:00,2012-12-07 14:32:00,B2.6,POINT(-79.0 -20.0),0
gev_20121207_2113,2012-12-07 21:13:00,2012-12-07 21:21:00,2012-12-07 21:27:00,C3.9,POINT(89.0 14.0),1621
gev_20121208_0042,2012-12-08 00:42:00,2012-12-08 00:47:00,2012-12-08 00:51:00,B2.8,POINT(60.0 13.0),1625
gev_20121208_0420,2012-12-08 04:20:00,2012-12-08 04:25:00,2012-12-08 04:27:00,B9.5,POINT(-43.0 12.0),1628
gev_20121208_0516,2012-12-08 05:16:00,2012-12-08 05:18:00,2012-12-08 05:22:00,B3.1,POINT(-69.0 -20.0),0
gev_20121208_0717,2012-12-08 07:17:00,2012-12-08 07:18:00,2012-12-08 07:20:00,B2.2,POINT(-68.0 -20.0),0
gev_20121208_0859,2012-12-08 08:59:00,2012-12-08 09:03:00,2012-12-08 09:06:00,B3.6,POINT(-24.0 18.0),0
gev_20121208_1010,2012-12-08 10:10:00,2012-12-08 10:14:00,2012-12-08 10:17:00,B2.9,POINT(-31.0 10.0),1628
gev_20121208_1017,2012-12-08 10:17:00,2012-12-08 10:22:00,2012-12-08 10:24:00,B8.4,POINT(-39.0 12.0),1628
gev_20121208_1135,2012-12-08 11:35:00,2012-12-08 11:38:00,2012-12-08 11:41:00,B3.2,POINT(-38.0 12.0),1628
gev_20121208_1323,2012-12-08 13:23:00,2012-12-08 13:28:00,2012-12-08 13:33:00,B3.7,POINT(-37.0 12.0),1628
gev_20121208_1506,2012-12-08 15:06:00,2012-12-08 15:08:00,2012-12-08 15:12:00,B4.5,POINT(-89.0 20.0),0
gev_20121208_1700,2012-12-08 17:00:00,2012-12-08 17:03:00,2012-12-08 17:07:00,B2.5,POINT(-35.0 12.0),1628
gev_20121208_1833,2012-12-08 18:33:00,2012-12-08 18:37:00,2012-12-08 18:40:00,B5.2,POINT(-35.0 12.0),1628
gev_20121209_0152,2012-12-09 01:52:00,2012-12-09 01:56:00,2012-12-09 02:00:00,B1.9,POINT(-20.0 -22.0),0
gev_20121209_1036,2012-12-09 10:36:00,2012-12-09 10:48:00,2012-12-09 10:51:00,B4.0,POINT(-10.0 19.0),0
gev_20121209_1741,2012-12-09 17:41:00,2012-12-09 17:47:00,2012-12-09 17:52:00,C1.4,POINT(-5.0 18.0),0
gev_20121209_1914,2012-12-09 19:14:00,2012-12-09 19:18:00,2012-12-09 19:24:00,B3.8,POINT(-4.0 18.0),0
gev_20121209_1955,2012-12-09 19:55:00,2012-12-09 19:59:00,2012-12-09 20:01:00,B7.4,POINT(-5.0 18.0),0
gev_20121209_2044,2012-12-09 20:44:00,2012-12-09 20:47:00,2012-12-09 20:50:00,B6.6,POINT(-5.0 19.0),0
gev_20121209_2056,2012-12-09 20:56:00,2012-12-09 20:58:00,2012-12-09 21:03:00,B7.9,POINT(-4.0 19.0),0
gev_20121209_2206,2012-12-09 22:06:00,2012-12-09 22:08:00,2012-12-09 22:10:00,B2.5,POINT(89.0 7.0),1623
gev_20121210_0044,2012-12-10 00:44:00,2012-12-10 00:48:00,2012-12-10 00:52:00,B6.3,POINT(-2.0 18.0),1630
gev_20121210_0332,2012-12-10 03:32:00,2012-12-10 03:38:00,2012-12-10 03:42:00,B4.7,POINT(0.0 18.0),1630
gev_20121210_0549,2012-12-10 05:49:00,2012-12-10 05:58:00,2012-12-10 06:01:00,C5.5,POINT(1.0 18.0),1630
gev_20121210_0931,2012-12-10 09:31:00,2012-12-10 09:35:00,2012-12-10 09:38:00,B3.6,POINT(3.0 18.0),1630
gev_20121210_1325,2012-12-10 13:25:00,2012-12-10 13:43:00,2012-12-10 13:51:00,B4.2,POINT(89.0 7.0),1623
gev_20121211_0040,2012-12-11 00:40:00,2012-12-11 00:46:00,2012-12-11 00:49:00,B5.7,POINT(-3.0 12.0),1629
gev_20121211_0302,2012-12-11 03:02:00,2012-12-11 03:10:00,2012-12-11 03:15:00,B5.6,POINT(11.0 18.0),1630
gev_20121211_0816,2012-12-11 08:16:00,2012-12-11 08:31:00,2012-12-11 08:42:00,B3.8,POINT(89.0 12.0),1625
gev_20121211_0910,2012-12-11 09:10:00,2012-12-11 09:24:00,2012-12-11 09:38:00,B3.8,POINT(89.0 12.0),1625
gev_20121211_0953,2012-12-11 09:53:00,2012-12-11 10:19:00,2012-12-11 10:57:00,B6.0,POINT(89.0 11.0),1625
gev_20121211_1435,2012-12-11 14:35:00,2012-12-11 14:49:00,2012-12-11 15:05:00,B5.5,POINT(-13.0 -20.0),0
gev_20121211_2341,2012-12-11 23:41:00,2012-12-11 23:46:00,2012-12-11 23:49:00,B5.7,POINT(11.0 11.0),1629
gev_20121212_0002,2012-12-12 00:02:00,2012-12-12 00:08:00,2012-12-12 00:11:00,B5.7,POINT(24.0 17.0),1630
gev_20121212_0105,2012-12-12 01:05:00,2012-12-12 01:08:00,2012-12-12 01:12:00,B4.7,POINT(12.0 11.0),1629
gev_20121212_0302,2012-12-12 03:02:00,2012-12-12 03:06:00,2012-12-12 03:09:00,B3.3,POINT(24.0 18.0),1630
gev_20121212_0722,2012-12-12 07:22:00,2012-12-12 07:27:00,2012-12-12 07:30:00,C5.7,POINT(16.0 11.0),1629
gev_20121212_1226,2012-12-12 12:26:00,2012-12-12 12:39:00,2012-12-12 12:44:00,B5.0,POINT(31.0 17.0),1630
gev_20121212_1328,2012-12-12 13:28:00,2012-12-12 13:35:00,2012-12-12 13:46:00,B9.5,POINT(19.0 11.0),1629
gev_20121212_1835,2012-12-12 18:35:00,2012-12-12 18:38:00,2012-12-12 18:47:00,B7.9,POINT(22.0 12.0),1629
gev_20121212_1943,2012-12-12 19:43:00,2012-12-12 19:46:00,2012-12-12 19:48:00,B4.3,POINT(80.0 19.0),0
gev_20121213_1157,2012-12-13 11:57:00,2012-12-13 11:58:00,2012-12-13 12:02:00,B4.6,POINT(43.0 -20.0),0
gev_20121213_1338,2012-12-13 13:38:00,2012-12-13 13:50:00,2012-12-13 13:54:00,B4.5,POINT(33.0 12.0),1629
gev_20121213_1403,2012-12-13 14:03:00,2012-12-13 14:07:00,2012-12-13 14:15:00,B5.0,POINT(-89.0 -10.0),0
gev_20121213_1911,2012-12-13 19:11:00,2012-12-13 19:18:00,2012-12-13 19:22:00,C1.2,POINT(21.0 17.0),1631
gev_20121214_0929,2012-12-14 09:29:00,2012-12-14 09:32:00,2012-12-14 09:36:00,B7.3,POINT(-89.0 -7.0),1633
gev_20121214_1213,2012-12-14 12:13:00,2012-12-14 12:17:00,2012-12-14 12:23:00,C1.0,POINT(-89.0 -7.0),1633
gev_20121214_1405,2012-12-14 14:05:00,2012-12-14 14:12:00,2012-12-14 14:25:00,B6.8,POINT(37.0 17.0),1632
gev_20121214_1406,2012-12-14 14:06:00,2012-12-14 14:12:00,2012-12-14 14:21:00,B6.7,POINT(37.0 17.0),1632
gev_20121214_2158,2012-12-14 21:58:00,2012-12-14 22:24:00,2012-12-14 22:42:00,B9.0,POINT(49.0 14.0),1629
gev_20121215_0906,2012-12-15 09:06:00,2012-12-15 09:08:00,2012-12-15 09:11:00,B7.8,POINT(-81.0 -12.0),1634
gev_20121215_0952,2012-12-15 09:52:00,2012-12-15 09:56:00,2012-12-15 09:59:00,B6.2,POINT(-85.0 -10.0),1634
gev_20121215_1037,2012-12-15 10:37:00,2012-12-15 10:47:00,2012-12-15 10:52:00,B4.7,POINT(-89.0 -5.0),1633
gev_20121215_1144,2012-12-15 11:44:00,2012-12-15 11:51:00,2012-12-15 11:55:00,B5.8,POINT(40.0 19.0),1631
gev_20121215_1214,2012-12-15 12:14:00,2012-12-15 12:24:00,2012-12-15 12:29:00,B6.2,POINT(38.0 18.0),1631
gev_20121215_1234,2012-12-15 12:34:00,2012-12-15 12:39:00,2012-12-15 12:42:00,B5.6,POINT(-76.0 -6.0),1633
gev_20121215_1243,2012-12-15 12:43:00,2012-12-15 12:44:00,2012-12-15 12:46:00,B5.6,POINT(-77.0 -6.0),1633
gev_20121215_1257,2012-12-15 12:57:00,2012-12-15 13:05:00,2012-12-15 13:08:00,B5.5,POINT(55.0 12.0),1629
gev_20121215_1350,2012-12-15 13:50:00,2012-12-15 13:58:00,2012-12-15 14:06:00,B5.2,POINT(57.0 13.0),1629
gev_20121215_1446,2012-12-15 14:46:00,2012-12-15 14:52:00,2012-12-15 14:57:00,B4.5,POINT(-75.0 -10.0),1634
gev_20121215_1618,2012-12-15 16:18:00,2012-12-15 16:19:00,2012-12-15 16:24:00,B6.6,POINT(54.0 12.0),1629
gev_20121215_1942,2012-12-15 19:42:00,2012-12-15 19:47:00,2012-12-15 19:54:00,C1.2,POINT(45.0 18.0),1631
gev_20121215_2109,2012-12-15 21:09:00,2012-12-15 21:19:00,2012-12-15 21:36:00,B6.5,POINT(-74.0 -6.0),1633
gev_20121215_2219,2012-12-15 22:19:00,2012-12-15 22:23:00,2012-12-15 22:26:00,B7.7,POINT(56.0 17.0),1632
gev_20121216_0111,2012-12-16 01:11:00,2012-12-16 01:15:00,2012-12-16 01:20:00,B5.5,POINT(-69.0 -6.0),1633
gev_20121216_1044,2012-12-16 10:44:00,2012-12-16 10:47:00,2012-12-16 10:49:00,B6.4,POINT(62.0 17.0),1632
gev_20121216_1452,2012-12-16 14:52:00,2012-12-16 14:55:00,2012-12-16 14:58:00,B5.4,POINT(-62.0 -6.0),1633
gev_20121216_1518,2012-12-16 15:18:00,2012-12-16 15:21:00,2012-12-16 15:23:00,B5.3,POINT(67.0 17.0),1632
gev_20121216_2028,2012-12-16 20:28:00,2012-12-16 21:03:00,2012-12-16 21:32:00,C1.1,POINT(67.0 17.0),1632
gev_20121216_2207,2012-12-16 22:07:00,2012-12-16 22:08:00,2012-12-16 22:11:00,C1.0,POINT(68.0 17.0),1632
gev_20121216_2320,2012-12-16 23:20:00,2012-12-16 23:23:00,2012-12-16 23:25:00,B6.5,POINT(68.0 16.0),1632
gev_20121217_0016,2012-12-17 00:16:00,2012-12-17 00:18:00,2012-12-17 00:27:00,C1.3,POINT(71.0 16.0),1632
gev_20121217_0115,2012-12-17 01:15:00,2012-12-17 01:18:00,2012-12-17 01:21:00,C1.0,POINT(71.0 16.0),1632
gev_20121217_0132,2012-12-17 01:32:00,2012-12-17 02:20:00,2012-12-17 04:39:00,C1.3,POINT(81.0 15.0),1629
gev_20121217_0731,2012-12-17 07:31:00,2012-12-17 07:37:00,2012-12-17 07:43:00,B7.4,POINT(-59.0 -13.0),1634
gev_20121217_0807,2012-12-17 08:07:00,2012-12-17 08:08:00,2012-12-17 08:12:00,B6.7,POINT(89.0 18.0),1632
gev_20121217_1216,2012-12-17 12:16:00,2012-12-17 12:18:00,2012-12-17 12:23:00,B7.5,POINT(78.0 16.0),1632
gev_20121217_1344,2012-12-17 13:44:00,2012-12-17 13:48:00,2012-12-17 13:51:00,B9.5,POINT(89.0 14.0),1629
gev_20121217_1422,2012-12-17 14:22:00,2012-12-17 15:02:00,2012-12-17 15:22:00,C1.4,POINT(85.0 16.0),1632
gev_20121217_1441,2012-12-17 14:41:00,2012-12-17 15:02:00,2012-12-17 15:17:00,C1.3,POINT(89.0 17.0),1632
gev_20121217_2219,2012-12-17 22:19:00,2012-12-17 22:23:00,2012-12-17 22:27:00,B9.1,POINT(72.0 19.0),1632
gev_20121218_1300,2012-12-18 13:00:00,2012-12-18 13:08:00,2012-12-18 13:12:00,C1.4,POINT(89.0 11.0),1629
gev_20121218_1637,2012-12-18 16:37:00,2012-12-18 16:39:00,2012-12-18 16:42:00,C1.3,POINT(-89.0 8.0),1635
gev_20121218_1959,2012-12-18 19:59:00,2012-12-18 20:03:00,2012-12-18 20:07:00,B9.5,POINT(-44.0 -12.0),1634
gev_20121219_0443,2012-12-19 04:43:00,2012-12-19 04:47:00,2012-12-19 04:53:00,B5.8,POINT(-79.0 8.0),1635
gev_20121219_1350,2012-12-19 13:50:00,2012-12-19 14:02:00,2012-12-19 14:55:00,B5.2,POINT(-83.0 13.0),1635
gev_20121219_2239,2012-12-19 22:39:00,2012-12-19 22:42:00,2012-12-19 22:44:00,B4.4,POINT(-69.0 9.0),1635
gev_20121220_0719,2012-12-20 07:19:00,2012-12-20 07:22:00,2012-12-20 07:26:00,B4.1,POINT(-60.0 13.0),1635
gev_20121220_0943,2012-12-20 09:43:00,2012-12-20 09:46:00,2012-12-20 09:49:00,B4.9,POINT(-67.0 6.0),1635
gev_20121220_1621,2012-12-20 16:21:00,2012-12-20 16:34:00,2012-12-20 16:40:00,B4.4,POINT(-56.0 8.0),1635
gev_20121221_0450,2012-12-21 04:50:00,2012-12-21 04:54:00,2012-12-21 04:58:00,B6.0,POINT(-48.0 14.0),1635
gev_20121221_0607,2012-12-21 06:07:00,2012-12-21 06:09:00,2012-12-21 06:18:00,B6.8,POINT(-52.0 14.0),1635
gev_20121221_1216,2012-12-21 12:16:00,2012-12-21 12:18:00,2012-12-21 12:22:00,B4.3,POINT(-39.0 10.0),1635
gev_20121221_1408,2012-12-21 14:08:00,2012-12-21 14:11:00,2012-12-21 14:15:00,B3.8,POINT(-38.0 11.0),1635
gev_20121221_1504,2012-12-21 15:04:00,2012-12-21 15:08:00,2012-12-21 15:15:00,B3.0,POINT(-38.0 10.0),1635
gev_20121221_1703,2012-12-21 17:03:00,2012-12-21 17:08:00,2012-12-21 17:11:00,B5.4,POINT(-37.0 10.0),1635
gev_20121221_1929,2012-12-21 19:29:00,2012-12-21 19:34:00,2012-12-21 19:39:00,B6.5,POINT(-36.0 10.0),1635
gev_20121221_2028,2012-12-21 20:28:00,2012-12-21 20:39:00,2012-12-21 20:41:00,B6.4,POINT(-41.0 8.0),1635
gev_20121221_2226,2012-12-21 22:26:00,2012-12-21 22:28:00,2012-12-21 22:33:00,B5.9,POINT(-34.0 11.0),1635
gev_20121221_2352,2012-12-21 23:52:00,2012-12-21 23:55:00,2012-12-22 00:00:00,C1.9,POINT(-33.0 10.0),1635
gev_20121222_0127,2012-12-22 01:27:00,2012-12-22 01:28:00,2012-12-22 01:32:00,B6.8,POINT(-34.0 11.0),1635
gev_20121222_0357,2012-12-22 03:57:00,2012-12-22 04:05:00,2012-12-22 04:09:00,C1.9,POINT(-30.0 10.0),1635
gev_20121222_0924,2012-12-22 09:24:00,2012-12-22 09:28:00,2012-12-22 09:30:00,B5.2,POINT(-28.0 11.0),1635
gev_20121222_1356,2012-12-22 13:56:00,2012-12-22 14:07:00,2012-12-22 14:07:00,B8.0,POINT(-33.0 8.0),1635
gev_20121222_1725,2012-12-22 17:25:00,2012-12-22 17:26:00,2012-12-22 17:27:00,B8.6,POINT(26.0 -7.0),1633
gev_20121222_1731,2012-12-22 17:31:00,2012-12-22 17:32:00,2012-12-22 17:33:00,C1.4,POINT(26.0 -7.0),1633
gev_20121222_1802,2012-12-22 18:02:00,2012-12-22 18:08:00,2012-12-22 18:09:00,B8.4,POINT(-22.0 11.0),1635
gev_20121222_2042,2012-12-22 20:42:00,2012-12-22 20:47:00,2012-12-22 20:50:00,C1.1,POINT(28.0 -7.0),1633
gev_20121222_2215,2012-12-22 22:15:00,2012-12-22 22:18:00,2012-12-22 22:23:00,C1.9,POINT(30.0 -7.0),1633
gev_20121222_2256,2012-12-22 22:56:00,2012-12-22 23:04:00,2012-12-22 23:09:00,C1.0,POINT(29.0 -6.0),1633
gev_20121222_2331,2012-12-22 23:31:00,2012-12-22 23:34:00,2012-12-22 23:38:00,B7.1,POINT(29.0 -6.0),1633
gev_20121223_0012,2012-12-23 00:12:00,2012-12-23 00:18:00,2012-12-23 00:20:00,C1.1,POINT(25.0 -13.0),1634
gev_20121223_0222,2012-12-23 02:22:00,2012-12-23 02:28:00,2012-12-23 02:30:00,C1.5,POINT(-23.0 11.0),1635
gev_20121223_0304,2012-12-23 03:04:00,2012-12-23 03:07:00,2012-12-23 03:09:00,B8.2,POINT(31.0 -6.0),1633
gev_20121223_0543,2012-12-23 05:43:00,2012-12-23 05:48:00,2012-12-23 05:52:00,C1.3,POINT(33.0 -6.0),1633
gev_20121223_1250,2012-12-23 12:50:00,2012-12-23 12:56:00,2012-12-23 13:01:00,B4.4,POINT(-16.0 8.0),1635
gev_20121223_1423,2012-12-23 14:23:00,2012-12-23 14:28:00,2012-12-23 14:29:00,B7.5,POINT(-14.0 9.0),1635
gev_20121223_1613,2012-12-23 16:13:00,2012-12-23 16:17:00,2012-12-23 16:17:00,B4.2,POINT(-15.0 13.0),1635
gev_20121223_2000,2012-12-23 20:00:00,2012-12-23 20:44:00,2012-12-23 20:57:00,B9.3,POINT(-12.0 16.0),1635
gev_20121224_0940,2012-12-24 09:40:00,2012-12-24 09:44:00,2012-12-24 09:48:00,B3.9,POINT(40.0 -6.0),1634
gev_20121224_1607,2012-12-24 16:07:00,2012-12-24 16:08:00,2012-12-24 16:14:00,C1.7,POINT(-80.0 12.0),1636
gev_20121224_2219,2012-12-24 22:19:00,2012-12-24 22:26:00,2012-12-24 22:34:00,C1.2,POINT(59.0 -8.0),1633
gev_20121225_0043,2012-12-25 00:43:00,2012-12-25 00:46:00,2012-12-25 00:49:00,B4.6,POINT(-0.0 10.0),1635
gev_20121225_0240,2012-12-25 02:40:00,2012-12-25 02:45:00,2012-12-25 02:52:00,B6.7,POINT(2.0 11.0),1635
gev_20121225_0358,2012-12-25 03:58:00,2012-12-25 04:01:00,2012-12-25 04:23:00,B4.4,POINT(3.0 10.0),1635
gev_20121225_0459,2012-12-25 04:59:00,2012-12-25 05:04:00,2012-12-25 05:08:00,C1.1,POINT(3.0 11.0),1635
gev_20121225_0531,2012-12-25 05:31:00,2012-12-25 05:35:00,2012-12-25 05:40:00,B7.2,POINT(3.0 11.0),1635
gev_20121225_0638,2012-12-25 06:38:00,2012-12-25 06:43:00,2012-12-25 06:47:00,C1.8,POINT(10.0 11.0),1635
gev_20121225_0902,2012-12-25 09:02:00,2012-12-25 09:05:00,2012-12-25 09:10:00,B5.7,POINT(6.0 11.0),1635
gev_20121225_1026,2012-12-25 10:26:00,2012-12-25 10:38:00,2012-12-25 10:39:00,C1.1,POINT(-89.0 -13.0),0
gev_20121225_1258,2012-12-25 12:58:00,2012-12-25 13:04:00,2012-12-25 13:07:00,C4.1,POINT(13.0 12.0),1635
gev_20121225_1547,2012-12-25 15:47:00,2012-12-25 15:48:00,2012-12-25 15:51:00,B5.7,POINT(-89.0 -16.0),0
gev_20121225_1804,2012-12-25 18:04:00,2012-12-25 18:08:00,2012-12-25 18:10:00,C3.0,POINT(16.0 12.0),1635
gev_20121225_2145,2012-12-25 21:45:00,2012-12-25 21:55:00,2012-12-25 22:16:00,B4.7,POINT(19.0 10.0),1635
gev_20121225_2218,2012-12-25 22:18:00,2012-12-25 22:29:00,2012-12-25 22:45:00,B4.5,POINT(18.0 9.0),1635
gev_20121226_0424,2012-12-26 04:24:00,2012-12-26 04:28:00,2012-12-26 04:30:00,B9.4,POINT(17.0 11.0),1635
gev_20121226_0448,2012-12-26 04:48:00,2012-12-26 04:55:00,2012-12-26 04:58:00,C3.9,POINT(23.0 12.0),1635
gev_20121226_0833,2012-12-26 08:33:00,2012-12-26 08:38:00,2012-12-26 08:40:00,C1.4,POINT(24.0 10.0),1635
gev_20121226_1118,2012-12-26 11:18:00,2012-12-26 11:25:00,2012-12-26 11:28:00,C1.6,POINT(26.0 12.0),1635
gev_20121226_1348,2012-12-26 13:48:00,2012-12-26 13:53:00,2012-12-26 14:07:00,C1.0,POINT(24.0 10.0),1635
gev_20121226_1645,2012-12-26 16:45:00,2012-12-26 16:48:00,2012-12-26 16:50:00,B8.4,POINT(25.0 10.0),1635
gev_20121226_1658,2012-12-26 16:58:00,2012-12-26 17:08:00,2012-12-26 17:14:00,C1.6,POINT(24.0 12.0),1635
gev_20121226_2042,2012-12-26 20:42:00,2012-12-26 20:48:00,2012-12-26 20:53:00,C1.2,POINT(25.0 11.0),1635
gev_20121226_2135,2012-12-26 21:35:00,2012-12-26 21:38:00,2012-12-26 21:40:00,B4.5,POINT(27.0 12.0),1635
gev_20121227_0217,2012-12-27 02:17:00,2012-12-27 02:19:00,2012-12-27 02:24:00,C1.6,POINT(-89.0 -15.0),1639
gev_20121227_0526,2012-12-27 05:26:00,2012-12-27 05:28:00,2012-12-27 05:32:00,B4.4,POINT(-89.0 -15.0),1639
gev_20121227_0858,2012-12-27 08:58:00,2012-12-27 09:02:00,2012-12-27 09:05:00,B5.6,POINT(89.0 -14.0),1634
gev_20121227_1312,2012-12-27 13:12:00,2012-12-27 13:18:00,2012-12-27 13:20:00,B9.4,POINT(35.0 12.0),1635
gev_20121227_1429,2012-12-27 14:29:00,2012-12-27 14:32:00,2012-12-27 14:40:00,B4.5,POINT(89.0 -13.0),1634
gev_20121227_2139,2012-12-27 21:39:00,2012-12-27 21:43:00,2012-12-27 21:47:00,B4.1,POINT(39.0 12.0),1635
gev_20121228_0139,2012-12-28 01:39:00,2012-12-28 01:58:00,2012-12-28 03:15:00,B3.8,POINT(-61.0 -17.0),1639
gev_20121228_1105,2012-12-28 11:05:00,2012-12-28 11:08:00,2012-12-28 11:10:00,B3.5,POINT(48.0 12.0),1635
gev_20121228_2138,2012-12-28 21:38:00,2012-12-28 21:42:00,2012-12-28 21:48:00,B3.7,POINT(-46.0 -18.0),1642
gev_20121229_1203,2012-12-29 12:03:00,2012-12-29 12:09:00,2012-12-29 12:14:00,B6.3,POINT(-55.0 11.0),1646
gev_20121229_1927,2012-12-29 19:27:00,2012-12-29 19:28:00,2012-12-29 19:33:00,C1.5,POINT(61.0 10.0),1635
gev_20121230_0157,2012-12-30 01:57:00,2012-12-30 02:43:00,2012-12-30 02:59:00,B5.4,POINT(79.0 18.0),1635
gev_20121230_0201,2012-12-30 02:01:00,2012-12-30 02:24:00,2012-12-30 02:45:00,B5.4,POINT(80.0 18.0),1635
gev_20121230_0550,2012-12-30 05:50:00,2012-12-30 05:55:00,2012-12-30 06:02:00,B3.7,POINT(-11.0 13.0),1636
gev_20121230_1916,2012-12-30 19:16:00,2012-12-30 19:18:00,2012-12-30 19:21:00,B7.1,POINT(-88.0 -24.0),1642
gev_20121231_1504,2012-12-31 15:04:00,2012-12-31 15:33:00,2012-12-31 16:02:00,B5.6,POINT(8.0 14.0),1637
gev_20121231_1617,2012-12-31 16:17:00,2012-12-31 16:37:00,2012-12-31 16:49:00,B7.3,POINT(-88.0 17.0),0
gev_20121231_1859,2012-12-31 18:59:00,2012-12-31 19:03:00,2012-12-31 19:06:00,B5.5,POINT(-9.0 26.0),1640
gev_20121231_2212,2012-12-31 22:12:00,2012-12-31 22:17:00,2012-12-31 22:22:00,B8.9,POINT(-6.0 26.0),1640
