gev_20150101_0457,2015-01-01 04:57:00,2015-01-01 05:00:00,2015-01-01 05:17:00,C2.1,POINT(-50 -6),2253
gev_20150101_0722,2015-01-01 07:22:00,2015-01-01 07:30:00,2015-01-01 07:38:00,C2.1,POINT(-49 -5),2253
gev_20150101_1903,2015-01-01 19:03:00,2015-01-01 19:05:00,2015-01-01 19:07:00,C1.8,POINT(-38 -5),2253
gev_20150102_0433,2015-01-02 04:33:00,2015-01-02 04:36:00,2015-01-02 04:38:00,B7.0,POINT(-33 -5),2253
gev_20150102_0950,2015-01-02 09:50:00,2015-01-02 09:53:00,2015-01-02 09:55:00,B9.3,POINT(-30 -5),2253
gev_20150102_1405,2015-01-02 14:05:00,2015-01-02 14:08:00,2015-01-02 14:11:00,B9.7,POINT(-27 -5),2253
gev_20150102_1412,2015-01-02 14:12:00,2015-01-02 14:15:00,2015-01-02 14:17:00,C1.0,POINT(-28 -5),2253
gev_20150102_1935,2015-01-02 19:35:00,2015-01-02 19:38:00,2015-01-02 19:39:00,C1.1,POINT(-24 -6),2253
gev_20150102_1947,2015-01-02 19:47:00,2015-01-02 19:48:00,2015-01-02 19:49:00,C1.2,POINT(48 -21),2248
gev_20150103_0113,2015-01-03 01:13:00,2015-01-03 01:17:00,2015-01-03 01:21:00,C1.7,POINT(-21 -5),2253
gev_20150103_0552,2015-01-03 05:52:00,2015-01-03 05:57:00,2015-01-03 06:00:00,C1.1,POINT(-18 -5),2253
gev_20150103_0601,2015-01-03 06:01:00,2015-01-03 06:04:00,2015-01-03 06:06:00,C2.9,POINT(-19 -5),2253
gev_20150103_0613,2015-01-03 06:13:00,2015-01-03 06:17:00,2015-01-03 06:20:00,C4.6,POINT(-19 -5),2253
gev_20150103_0643,2015-01-03 06:43:00,2015-01-03 06:49:00,2015-01-03 06:53:00,C3.8,POINT(-18 -5),2253
gev_20150103_0705,2015-01-03 07:05:00,2015-01-03 07:15:00,2015-01-03 07:28:00,C2.4,POINT(-17 -5),2253
gev_20150103_0940,2015-01-03 09:40:00,2015-01-03 09:47:00,2015-01-03 09:50:00,M1.1,POINT(-16 -5),2253
gev_20150103_1028,2015-01-03 10:28:00,2015-01-03 10:39:00,2015-01-03 10:44:00,C1.7,POINT(-15 -5),2253
gev_20150103_1337,2015-01-03 13:37:00,2015-01-03 14:13:00,2015-01-03 14:26:00,C1.8,POINT(-15 -5),2253
gev_20150103_2126,2015-01-03 21:26:00,2015-01-03 22:23:00,2015-01-03 22:42:00,C1.3,POINT(-11 -5),2253
gev_20150103_2305,2015-01-03 23:05:00,2015-01-03 23:22:00,2015-01-03 23:39:00,C1.0,POINT(-14 -9),2253
gev_20150104_0005,2015-01-04 00:05:00,2015-01-04 00:09:00,2015-01-04 00:12:00,C1.1,POINT(-4 -5),2253
gev_20150104_0032,2015-01-04 00:32:00,2015-01-04 00:53:00,2015-01-04 01:28:00,C1.5,POINT(-11 -9),2253
gev_20150104_0416,2015-01-04 04:16:00,2015-01-04 04:52:00,2015-01-04 05:20:00,C2.1,POINT(-9 -9),2253
gev_20150104_1518,2015-01-04 15:18:00,2015-01-04 15:36:00,2015-01-04 15:53:00,M1.3,POINT(-1 -5),2253
gev_20150104_2121,2015-01-04 21:21:00,2015-01-04 21:26:00,2015-01-04 21:35:00,C1.1,POINT(1 -5),2253
gev_20150104_2341,2015-01-04 23:41:00,2015-01-04 23:45:00,2015-01-04 23:48:00,C1.9,POINT(3 -5),2253
gev_20150105_0204,2015-01-05 02:04:00,2015-01-05 02:09:00,2015-01-05 02:11:00,C2.0,POINT(6 -5),2253
gev_20150105_0819,2015-01-05 08:19:00,2015-01-05 08:22:00,2015-01-05 08:25:00,C3.5,POINT(2 -8),2253
gev_20150105_1452,2015-01-05 14:52:00,2015-01-05 14:59:00,2015-01-05 15:17:00,C3.9,POINT(-89 -17),0
gev_20150105_1734,2015-01-05 17:34:00,2015-01-05 17:47:00,2015-01-05 17:47:00,C7.4,POINT(10 -7),2253
gev_20150105_2203,2015-01-05 22:03:00,2015-01-05 22:13:00,2015-01-05 22:20:00,C4.1,POINT(16 -6),2253
gev_20150105_2307,2015-01-05 23:07:00,2015-01-05 23:20:00,2015-01-05 23:36:00,C4.4,POINT(-89 -17),2259
gev_20150106_0516,2015-01-06 05:16:00,2015-01-06 05:31:00,2015-01-06 05:31:00,C6.0,POINT(16 -8),2253
gev_20150106_0934,2015-01-06 09:34:00,2015-01-06 09:43:00,2015-01-06 09:51:00,C2.2,POINT(18 -8),2253
gev_20150106_1140,2015-01-06 11:40:00,2015-01-06 11:48:00,2015-01-06 11:53:00,C9.7,POINT(-89 -17),2259
gev_20150106_1325,2015-01-06 13:25:00,2015-01-06 13:30:00,2015-01-06 13:36:00,C1.4,POINT(-17 5),2257
gev_20150106_1710,2015-01-06 17:10:00,2015-01-06 17:14:00,2015-01-06 17:18:00,C1.7,POINT(22 -8),2253
gev_20150106_2158,2015-01-06 21:58:00,2015-01-06 22:04:00,2015-01-06 22:11:00,C1.9,POINT(-89 -16),2259
gev_20150107_0038,2015-01-07 00:38:00,2015-01-07 00:58:00,2015-01-07 01:35:00,C1.2,POINT(-89 -13),2259
gev_20150107_0306,2015-01-07 03:06:00,2015-01-07 03:12:00,2015-01-07 03:30:00,C1.2,POINT(28 -8),2253
gev_20150107_0559,2015-01-07 05:59:00,2015-01-07 06:06:00,2015-01-07 06:12:00,C1.8,POINT(-89 -16),2259
gev_20150107_0958,2015-01-07 09:58:00,2015-01-07 10:05:00,2015-01-07 10:16:00,C1.2,POINT(-89 -14),2259
gev_20150107_1030,2015-01-07 10:30:00,2015-01-07 10:36:00,2015-01-07 10:40:00,C1.3,POINT(-89 -17),2259
gev_20150107_1143,2015-01-07 11:43:00,2015-01-07 11:51:00,2015-01-07 11:51:00,C4.3,POINT(33 -8),2253
gev_20150107_1455,2015-01-07 14:55:00,2015-01-07 15:00:00,2015-01-07 15:07:00,C2.1,POINT(-89 -16),2259
gev_20150108_0020,2015-01-08 00:20:00,2015-01-08 00:24:00,2015-01-08 00:26:00,C1.6,POINT(-89 -17),2259
gev_20150108_0411,2015-01-08 04:11:00,2015-01-08 04:13:00,2015-01-08 04:16:00,C1.3,POINT(89 -11),2251
gev_20150108_0425,2015-01-08 04:25:00,2015-01-08 04:34:00,2015-01-08 04:39:00,C4.2,POINT(42 -9),2253
gev_20150108_1541,2015-01-08 15:41:00,2015-01-08 15:48:00,2015-01-08 15:56:00,C2.6,POINT(-53 16),2258
gev_20150108_1958,2015-01-08 19:58:00,2015-01-08 20:10:00,2015-01-08 20:15:00,C1.6,POINT(-72 -17),2259
gev_20150109_0546,2015-01-09 05:46:00,2015-01-09 05:53:00,2015-01-09 05:59:00,C3.4,POINT(-65 -17),2259
gev_20150109_0804,2015-01-09 08:04:00,2015-01-09 08:17:00,2015-01-09 08:34:00,C9.6,POINT(17 7),2257
gev_20150109_1726,2015-01-09 17:26:00,2015-01-09 17:48:00,2015-01-09 18:01:00,C1.8,POINT(24 8),2257
gev_20150109_1842,2015-01-09 18:42:00,2015-01-09 18:53:00,2015-01-09 19:00:00,C1.3,POINT(-49 -14),2259
gev_20150109_2216,2015-01-09 22:16:00,2015-01-09 22:28:00,2015-01-09 22:40:00,C1.9,POINT(26 7),2257
gev_20150110_0143,2015-01-10 01:43:00,2015-01-10 01:53:00,2015-01-10 02:06:00,C2.1,POINT(28 7),2257
gev_20150110_0245,2015-01-10 02:45:00,2015-01-10 02:52:00,2015-01-10 02:56:00,C1.2,POINT(30 5),2257
gev_20150110_0458,2015-01-10 04:58:00,2015-01-10 05:08:00,2015-01-10 05:14:00,C1.1,POINT(-43 -15),2259
gev_20150110_1114,2015-01-10 11:14:00,2015-01-10 11:33:00,2015-01-10 11:33:00,C3.3,POINT(33 6),2257
gev_20150110_2300,2015-01-10 23:00:00,2015-01-10 23:18:00,2015-01-10 23:30:00,C1.6,POINT(89 -4),2253
gev_20150111_0152,2015-01-11 01:52:00,2015-01-11 02:53:00,2015-01-11 03:30:00,C3.3,POINT(44 10),2257
gev_20150111_0156,2015-01-11 01:56:00,2015-01-11 02:53:00,2015-01-11 03:30:00,C3.3,POINT(44 10),2257
gev_20150111_0511,2015-01-11 05:11:00,2015-01-11 05:43:00,2015-01-11 06:00:00,C4.2,POINT(89 -5),2253
gev_20150111_0814,2015-01-11 08:14:00,2015-01-11 09:24:00,2015-01-11 10:25:00,C3.4,POINT(48 6),2257
gev_20150111_1149,2015-01-11 11:49:00,2015-01-11 12:10:00,2015-01-11 12:23:00,C1.5,POINT(51 6),2257
gev_20150111_1442,2015-01-11 14:42:00,2015-01-11 15:14:00,2015-01-11 15:34:00,C1.6,POINT(44 -17),2255
gev_20150111_1820,2015-01-11 18:20:00,2015-01-11 18:28:00,2015-01-11 18:33:00,C1.3,POINT(53 8),2257
gev_20150111_1954,2015-01-11 19:54:00,2015-01-11 20:46:00,2015-01-11 21:03:00,C1.6,POINT(17 8),2260
gev_20150111_2329,2015-01-11 23:29:00,2015-01-11 23:32:00,2015-01-11 23:35:00,C1.4,POINT(29 -2),2262
gev_20150112_0218,2015-01-12 02:18:00,2015-01-12 02:25:00,2015-01-12 02:32:00,C3.1,POINT(58 8),2257
gev_20150112_0426,2015-01-12 04:26:00,2015-01-12 04:32:00,2015-01-12 04:36:00,C6.1,POINT(21 8),2260
gev_20150112_0742,2015-01-12 07:42:00,2015-01-12 07:51:00,2015-01-12 07:56:00,C3.1,POINT(52 -17),2255
gev_20150112_1240,2015-01-12 12:40:00,2015-01-12 12:43:00,2015-01-12 12:45:00,C2.0,POINT(55 -17),2255
gev_20150112_1247,2015-01-12 12:47:00,2015-01-12 12:55:00,2015-01-12 13:01:00,C5.6,POINT(25 8),2260
gev_20150112_1408,2015-01-12 14:08:00,2015-01-12 14:44:00,2015-01-12 16:05:00,C7.1,POINT(59 -17),2255
gev_20150112_1518,2015-01-12 15:18:00,2015-01-12 15:21:00,2015-01-12 15:24:00,C3.7,POINT(56 -17),2255
gev_20150113_0413,2015-01-13 04:13:00,2015-01-13 04:24:00,2015-01-13 04:38:00,M5.6,POINT(70 6),2257
gev_20150113_0446,2015-01-13 04:46:00,2015-01-13 04:58:00,2015-01-13 05:10:00,M4.9,POINT(76 5),2257
gev_20150113_1309,2015-01-13 13:09:00,2015-01-13 13:14:00,2015-01-13 13:21:00,C2.4,POINT(79 6),2257
gev_20150113_1932,2015-01-13 19:32:00,2015-01-13 19:35:00,2015-01-13 19:39:00,C1.3,POINT(81 8),2257
gev_20150113_2302,2015-01-13 23:02:00,2015-01-13 23:06:00,2015-01-13 23:09:00,C1.4,POINT(84 8),2257
gev_20150114_0019,2015-01-14 00:19:00,2015-01-14 00:27:00,2015-01-14 00:33:00,C1.7,POINT(89 8),2257
gev_20150114_0154,2015-01-14 01:54:00,2015-01-14 01:57:00,2015-01-14 01:59:00,C1.6,POINT(-2 -12),2259
gev_20150114_0225,2015-01-14 02:25:00,2015-01-14 02:33:00,2015-01-14 02:40:00,C4.7,POINT(89 7),2257
gev_20150114_0334,2015-01-14 03:34:00,2015-01-14 03:47:00,2015-01-14 03:54:00,C9.7,POINT(89 7),2257
gev_20150114_0444,2015-01-14 04:44:00,2015-01-14 04:56:00,2015-01-14 05:05:00,C7.7,POINT(89 7),2257
gev_20150114_0631,2015-01-14 06:31:00,2015-01-14 06:36:00,2015-01-14 06:39:00,C1.8,POINT(89 8),2257
gev_20150114_0646,2015-01-14 06:46:00,2015-01-14 06:51:00,2015-01-14 06:57:00,C2.3,POINT(89 8),2257
gev_20150114_0839,2015-01-14 08:39:00,2015-01-14 08:45:00,2015-01-14 08:52:00,C2.6,POINT(89 8),2257
gev_20150114_0917,2015-01-14 09:17:00,2015-01-14 09:43:00,2015-01-14 09:52:00,C5.3,POINT(89 8),2257
gev_20150114_1038,2015-01-14 10:38:00,2015-01-14 10:42:00,2015-01-14 10:51:00,C1.9,POINT(3 -14),2259
gev_20150114_1230,2015-01-14 12:30:00,2015-01-14 12:58:00,2015-01-14 13:08:00,M2.2,POINT(89 8),2257
gev_20150114_1817,2015-01-14 18:17:00,2015-01-14 18:26:00,2015-01-14 18:39:00,C2.3,POINT(89 4),2257
gev_20150114_1940,2015-01-14 19:40:00,2015-01-14 19:43:00,2015-01-14 19:48:00,C1.7,POINT(89 7),2257
gev_20150114_2247,2015-01-14 22:47:00,2015-01-14 23:24:00,2015-01-14 23:45:00,C3.0,POINT(88 10),2257
gev_20150114_2355,2015-01-14 23:55:00,2015-01-14 23:58:00,2015-01-15 00:01:00,C1.8,POINT(89 8),2257
gev_20150115_0230,2015-01-15 02:30:00,2015-01-15 02:39:00,2015-01-15 02:49:00,C2.1,POINT(88 -20),2255
gev_20150115_0306,2015-01-15 03:06:00,2015-01-15 03:34:00,2015-01-15 04:12:00,C2.4,POINT(88 9),2257
gev_20150115_1449,2015-01-15 14:49:00,2015-01-15 14:59:00,2015-01-15 15:09:00,C2.4,POINT(88 -20),2255
gev_20150115_1639,2015-01-15 16:39:00,2015-01-15 16:49:00,2015-01-15 17:05:00,C2.6,POINT(89 2),2262
gev_20150115_2149,2015-01-15 21:49:00,2015-01-15 21:55:00,2015-01-15 22:02:00,C1.2,POINT(89 -1),2262
gev_20150116_0318,2015-01-16 03:18:00,2015-01-16 03:29:00,2015-01-16 03:53:00,C1.8,POINT(88 -21),2255
gev_20150118_0541,2015-01-18 05:41:00,2015-01-18 05:52:00,2015-01-18 06:01:00,C1.0,POINT(-89 7),2267
gev_20150118_2246,2015-01-18 22:46:00,2015-01-18 22:51:00,2015-01-18 22:53:00,C1.0,POINT(58 -17),2259
gev_20150119_0902,2015-01-19 09:02:00,2015-01-19 09:06:00,2015-01-19 09:12:00,C1.0,POINT(-89 8),0
gev_20150119_1007,2015-01-19 10:07:00,2015-01-19 10:13:00,2015-01-19 10:15:00,C1.3,POINT(65 -17),2259
gev_20150119_1356,2015-01-19 13:56:00,2015-01-19 14:00:00,2015-01-19 14:06:00,B8.6,POINT(-88 8),0
gev_20150119_2041,2015-01-19 20:41:00,2015-01-19 20:48:00,2015-01-19 20:52:00,C3.3,POINT(-3 -6),2266
gev_20150120_0459,2015-01-20 04:59:00,2015-01-20 05:11:00,2015-01-20 05:19:00,C1.0,POINT(-76 8),2269
gev_20150120_0946,2015-01-20 09:46:00,2015-01-20 09:49:00,2015-01-20 09:51:00,B8.3,POINT(84 -14),2259
gev_20150120_2257,2015-01-20 22:57:00,2015-01-20 23:18:00,2015-01-20 23:36:00,C2.9,POINT(-89 -12),2268
gev_20150121_0503,2015-01-21 05:03:00,2015-01-21 05:15:00,2015-01-21 05:24:00,C1.0,POINT(-89 -12),2268
gev_20150121_1035,2015-01-21 10:35:00,2015-01-21 10:49:00,2015-01-21 10:49:00,C4.3,POINT(-89 -12),2268
gev_20150121_1132,2015-01-21 11:32:00,2015-01-21 11:42:00,2015-01-21 11:48:00,C9.9,POINT(-89 -11),2268
gev_20150121_1524,2015-01-21 15:24:00,2015-01-21 15:34:00,2015-01-21 15:34:00,C5.0,POINT(-89 -11),2268
gev_20150121_1617,2015-01-21 16:17:00,2015-01-21 16:44:00,2015-01-21 16:54:00,C5.4,POINT(-89 -11),2268
gev_20150121_2135,2015-01-21 21:35:00,2015-01-21 21:41:00,2015-01-21 21:47:00,C1.2,POINT(-89 -11),2268
gev_20150121_2221,2015-01-21 22:21:00,2015-01-21 22:30:00,2015-01-21 22:30:00,C5.4,POINT(-89 -10),2268
gev_20150122_0213,2015-01-22 02:13:00,2015-01-22 02:20:00,2015-01-22 02:26:00,C1.7,POINT(-89 -11),2268
gev_20150122_0247,2015-01-22 02:47:00,2015-01-22 02:52:00,2015-01-22 02:59:00,C1.2,POINT(-89 -11),2268
gev_20150122_0400,2015-01-22 04:00:00,2015-01-22 04:05:00,2015-01-22 04:16:00,C1.1,POINT(-89 -10),2268
gev_20150122_0443,2015-01-22 04:43:00,2015-01-22 04:52:00,2015-01-22 05:02:00,M1.4,POINT(-89 -11),2268
gev_20150122_0750,2015-01-22 07:50:00,2015-01-22 07:53:00,2015-01-22 07:56:00,C1.0,POINT(-89 -11),2268
gev_20150122_0842,2015-01-22 08:42:00,2015-01-22 08:48:00,2015-01-22 08:48:00,C2.1,POINT(-89 -10),2268
gev_20150122_1616,2015-01-22 16:16:00,2015-01-22 16:20:00,2015-01-22 16:24:00,B8.9,POINT(-84 -11),2268
gev_20150122_1716,2015-01-22 17:16:00,2015-01-22 17:23:00,2015-01-22 17:31:00,B9.7,POINT(-85 -11),2268
gev_20150122_1826,2015-01-22 18:26:00,2015-01-22 18:30:00,2015-01-22 18:34:00,C1.3,POINT(89 2),0
gev_20150123_0220,2015-01-23 02:20:00,2015-01-23 02:23:00,2015-01-23 02:28:00,B7.8,POINT(-76 -11),2268
gev_20150123_0248,2015-01-23 02:48:00,2015-01-23 02:53:00,2015-01-23 03:01:00,C4.3,POINT(-77 -11),2268
gev_20150123_0843,2015-01-23 08:43:00,2015-01-23 08:46:00,2015-01-23 08:49:00,B6.3,POINT(-74 -11),2268
gev_20150123_1233,2015-01-23 12:33:00,2015-01-23 12:37:00,2015-01-23 12:40:00,C1.1,POINT(-71 -11),2268
gev_20150123_1507,2015-01-23 15:07:00,2015-01-23 15:11:00,2015-01-23 15:11:00,C1.0,POINT(-66 -19),2270
gev_20150123_1524,2015-01-23 15:24:00,2015-01-23 15:29:00,2015-01-23 15:35:00,C1.2,POINT(-69 -11),2268
gev_20150123_1553,2015-01-23 15:53:00,2015-01-23 16:00:00,2015-01-23 16:09:00,C3.7,POINT(-69 -11),2268
gev_20150123_1743,2015-01-23 17:43:00,2015-01-23 17:46:00,2015-01-23 17:48:00,C1.1,POINT(-64 -20),2270
gev_20150123_1930,2015-01-23 19:30:00,2015-01-23 19:38:00,2015-01-23 19:50:00,B8.8,POINT(-68 -11),2268
gev_20150124_0707,2015-01-24 07:07:00,2015-01-24 07:11:00,2015-01-24 07:15:00,B6.7,POINT(-59 -11),2268
gev_20150124_0732,2015-01-24 07:32:00,2015-01-24 07:40:00,2015-01-24 07:46:00,C2.0,POINT(-60 -11),2268
gev_20150124_1015,2015-01-24 10:15:00,2015-01-24 10:20:00,2015-01-24 10:27:00,C1.3,POINT(-58 -11),2268
gev_20150124_1155,2015-01-24 11:55:00,2015-01-24 12:00:00,2015-01-24 12:03:00,B7.9,POINT(-61 -6),2268
gev_20150124_1602,2015-01-24 16:02:00,2015-01-24 16:08:00,2015-01-24 16:13:00,B7.4,POINT(88 12),0
gev_20150124_1822,2015-01-24 18:22:00,2015-01-24 18:23:00,2015-01-24 18:28:00,B7.0,POINT(-89 -9),0
gev_20150124_2041,2015-01-24 20:41:00,2015-01-24 20:46:00,2015-01-24 20:52:00,C1.2,POINT(88 12),0
gev_20150125_0155,2015-01-25 01:55:00,2015-01-25 02:01:00,2015-01-25 02:06:00,C1.1,POINT(88 11),0
gev_20150125_0226,2015-01-25 02:26:00,2015-01-25 02:29:00,2015-01-25 02:32:00,C1.1,POINT(88 12),0
gev_20150125_0747,2015-01-25 07:47:00,2015-01-25 07:51:00,2015-01-25 07:56:00,C1.0,POINT(-44 -12),2268
gev_20150125_1156,2015-01-25 11:56:00,2015-01-25 12:12:00,2015-01-25 12:21:00,C1.4,POINT(-89 -8),0
gev_20150125_1811,2015-01-25 18:11:00,2015-01-25 18:18:00,2015-01-25 18:21:00,B9.6,POINT(-46 -8),2268
gev_20150126_0050,2015-01-26 00:50:00,2015-01-26 00:53:00,2015-01-26 00:55:00,B7.3,POINT(-40 -9),2268
gev_20150126_0507,2015-01-26 05:07:00,2015-01-26 05:35:00,2015-01-26 05:54:00,C1.1,POINT(-6 18),2271
gev_20150126_0608,2015-01-26 06:08:00,2015-01-26 06:27:00,2015-01-26 06:49:00,C1.8,POINT(-6 18),2271
gev_20150126_0720,2015-01-26 07:20:00,2015-01-26 07:43:00,2015-01-26 07:56:00,C1.6,POINT(-4 18),2271
gev_20150126_0808,2015-01-26 08:08:00,2015-01-26 08:35:00,2015-01-26 08:43:00,C1.7,POINT(-5 18),2271
gev_20150126_0854,2015-01-26 08:54:00,2015-01-26 09:04:00,2015-01-26 09:06:00,C1.7,POINT(-36 -9),2268
gev_20150126_1646,2015-01-26 16:46:00,2015-01-26 16:53:00,2015-01-26 16:58:00,M1.1,POINT(-32 -9),2268
gev_20150126_2345,2015-01-26 23:45:00,2015-01-26 23:48:00,2015-01-26 23:50:00,C1.2,POINT(-28 -10),2268
gev_20150127_0454,2015-01-27 04:54:00,2015-01-27 04:57:00,2015-01-27 04:59:00,C1.6,POINT(-25 -10),2268
gev_20150127_0543,2015-01-27 05:43:00,2015-01-27 05:47:00,2015-01-27 05:49:00,C2.4,POINT(-1 -3),2273
gev_20150127_0713,2015-01-27 07:13:00,2015-01-27 07:33:00,2015-01-27 08:27:00,C2.1,POINT(-89 6),2277
gev_20150127_0911,2015-01-27 09:11:00,2015-01-27 09:24:00,2015-01-27 09:40:00,C1.9,POINT(-89 6),2277
gev_20150127_2352,2015-01-27 23:52:00,2015-01-27 23:59:00,2015-01-28 00:05:00,C5.7,POINT(-52 -9),2276
gev_20150128_0055,2015-01-28 00:55:00,2015-01-28 01:28:00,2015-01-28 01:48:00,C4.7,POINT(-89 6),2277
gev_20150128_0421,2015-01-28 04:21:00,2015-01-28 04:41:00,2015-01-28 04:55:00,M1.4,POINT(-8 -10),2268
gev_20150128_0520,2015-01-28 05:20:00,2015-01-28 05:30:00,2015-01-28 05:38:00,C9.8,POINT(-9 -11),2268
gev_20150128_1038,2015-01-28 10:38:00,2015-01-28 10:43:00,2015-01-28 10:46:00,C2.7,POINT(-83 7),2277
gev_20150128_1307,2015-01-28 13:07:00,2015-01-28 13:12:00,2015-01-28 13:16:00,C2.5,POINT(-81 10),2277
gev_20150128_1824,2015-01-28 18:24:00,2015-01-28 18:35:00,2015-01-28 19:06:00,C2.2,POINT(-83 45),0
gev_20150128_2132,2015-01-28 21:32:00,2015-01-28 21:37:00,2015-01-28 21:40:00,M1.0,POINT(-74 7),2277
gev_20150128_2332,2015-01-28 23:32:00,2015-01-28 23:36:00,2015-01-28 23:40:00,C1.7,POINT(-88 10),2277
gev_20150129_0242,2015-01-29 02:42:00,2015-01-29 02:52:00,2015-01-29 02:55:00,C3.2,POINT(-71 7),2277
gev_20150129_0308,2015-01-29 03:08:00,2015-01-29 03:13:00,2015-01-29 03:16:00,C4.1,POINT(-72 7),2277
gev_20150129_0348,2015-01-29 03:48:00,2015-01-29 03:52:00,2015-01-29 03:55:00,C2.6,POINT(-71 7),2277
gev_20150129_0420,2015-01-29 04:20:00,2015-01-29 04:33:00,2015-01-29 04:47:00,C3.1,POINT(-71 9),2277
gev_20150129_0515,2015-01-29 05:15:00,2015-01-29 05:23:00,2015-01-29 05:23:00,C8.2,POINT(3 -13),2268
gev_20150129_0918,2015-01-29 09:18:00,2015-01-29 09:22:00,2015-01-29 09:29:00,C1.9,POINT(-79 10),2277
gev_20150129_0953,2015-01-29 09:53:00,2015-01-29 09:57:00,2015-01-29 10:02:00,C2.9,POINT(-67 7),2277
gev_20150129_1036,2015-01-29 10:36:00,2015-01-29 10:43:00,2015-01-29 10:51:00,C2.1,POINT(-66 7),2277
gev_20150129_1132,2015-01-29 11:32:00,2015-01-29 11:42:00,2015-01-29 11:52:00,M2.1,POINT(9 -12),2268
gev_20150129_1221,2015-01-29 12:21:00,2015-01-29 12:26:00,2015-01-29 12:30:00,C7.6,POINT(-78 10),2277
gev_20150129_1330,2015-01-29 13:30:00,2015-01-29 13:33:00,2015-01-29 13:40:00,C2.4,POINT(-68 8),2277
gev_20150129_1407,2015-01-29 14:07:00,2015-01-29 14:16:00,2015-01-29 14:20:00,C2.2,POINT(-61 8),2277
gev_20150129_1437,2015-01-29 14:37:00,2015-01-29 14:44:00,2015-01-29 14:48:00,C1.7,POINT(-19 -7),2276
gev_20150129_1649,2015-01-29 16:49:00,2015-01-29 16:52:00,2015-01-29 16:56:00,C1.6,POINT(-74 11),2277
gev_20150129_1812,2015-01-29 18:12:00,2015-01-29 18:15:00,2015-01-29 18:24:00,C5.0,POINT(-63 8),2277
gev_20150129_1930,2015-01-29 19:30:00,2015-01-29 19:53:00,2015-01-29 20:23:00,C6.4,POINT(13 -13),2268
gev_20150129_1935,2015-01-29 19:35:00,2015-01-29 19:53:00,2015-01-29 19:53:00,C6.4,POINT(13 -13),2268
gev_20150129_2341,2015-01-29 23:41:00,2015-01-29 23:43:00,2015-01-29 23:47:00,C8.4,POINT(-61 7),2277
gev_20150130_0032,2015-01-30 00:32:00,2015-01-30 00:44:00,2015-01-30 01:02:00,M2.0,POINT(16 -13),2268
gev_20150130_0451,2015-01-30 04:51:00,2015-01-30 05:01:00,2015-01-30 05:09:00,C2.3,POINT(21 -12),2268
gev_20150130_0529,2015-01-30 05:29:00,2015-01-30 05:36:00,2015-01-30 06:35:00,M1.7,POINT(19 -12),2268
gev_20150130_0819,2015-01-30 08:19:00,2015-01-30 08:25:00,2015-01-30 08:29:00,C3.8,POINT(-8 -6),2276
gev_20150130_1210,2015-01-30 12:10:00,2015-01-30 12:16:00,2015-01-30 12:21:00,M2.4,POINT(-52 7),2277
gev_20150130_1743,2015-01-30 17:43:00,2015-01-30 17:56:00,2015-01-30 18:20:00,C2.0,POINT(27 -10),2268
gev_20150130_2018,2015-01-30 20:18:00,2015-01-30 20:21:00,2015-01-30 20:24:00,C1.2,POINT(44 18),2271
gev_20150131_0027,2015-01-31 00:27:00,2015-01-31 00:30:00,2015-01-31 00:33:00,B9.9,POINT(56 18),2271
gev_20150131_0746,2015-01-31 07:46:00,2015-01-31 08:01:00,2015-01-31 08:27:00,C1.2,POINT(38 -11),2268
gev_20150131_1153,2015-01-31 11:53:00,2015-01-31 11:57:00,2015-01-31 12:00:00,C1.0,POINT(-34 8),2277
gev_20150131_1635,2015-01-31 16:35:00,2015-01-31 16:40:00,2015-01-31 16:50:00,C1.6,POINT(-36 7),2277
gev_20150131_2047,2015-01-31 20:47:00,2015-01-31 21:03:00,2015-01-31 21:09:00,C1.2,POINT(-28 7),2277
gev_20150131_2124,2015-01-31 21:24:00,2015-01-31 21:35:00,2015-01-31 21:44:00,C1.7,POINT(43 -10),2268
gev_20150201_0319,2015-02-01 03:19:00,2015-02-01 03:55:00,2015-02-01 04:15:00,C1.9,POINT(45 -13),2268
gev_20150201_0324,2015-02-01 03:24:00,2015-02-01 04:36:00,2015-02-01 05:14:00,C2.8,POINT(47 -12),2268
gev_20150201_0419,2015-02-01 04:19:00,2015-02-01 04:36:00,2015-02-01 06:10:00,C2.8,POINT(47 -12),2268
gev_20150201_0639,2015-02-01 06:39:00,2015-02-01 06:45:00,2015-02-01 06:47:00,C2.2,POINT(-19 6),2277
gev_20150201_0841,2015-02-01 08:41:00,2015-02-01 08:46:00,2015-02-01 08:51:00,C1.8,POINT(88 -17),2275
gev_20150201_1126,2015-02-01 11:26:00,2015-02-01 11:33:00,2015-02-01 11:45:00,C3.2,POINT(48 -13),2268
gev_20150201_1925,2015-02-01 19:25:00,2015-02-01 19:30:00,2015-02-01 19:32:00,C1.5,POINT(-12 6),2277
gev_20150201_2113,2015-02-01 21:13:00,2015-02-01 21:26:00,2015-02-01 21:36:00,C3.0,POINT(55 -13),2268
gev_20150202_0621,2015-02-02 06:21:00,2015-02-02 06:24:00,2015-02-02 06:27:00,C1.0,POINT(-9 7),2277
gev_20150202_1426,2015-02-02 14:26:00,2015-02-02 14:37:00,2015-02-02 14:44:00,C1.7,POINT(-63 -8),2280
gev_20150202_2302,2015-02-02 23:02:00,2015-02-02 23:12:00,2015-02-02 23:24:00,C2.6,POINT(-13 11),2277
gev_20150203_0906,2015-02-03 09:06:00,2015-02-03 09:12:00,2015-02-03 09:17:00,C1.4,POINT(2 6),2277
gev_20150203_0942,2015-02-03 09:42:00,2015-02-03 09:47:00,2015-02-03 09:56:00,C2.7,POINT(-51 -9),2280
gev_20150203_1045,2015-02-03 10:45:00,2015-02-03 10:53:00,2015-02-03 10:59:00,C3.9,POINT(3 6),2277
gev_20150203_1508,2015-02-03 15:08:00,2015-02-03 15:12:00,2015-02-03 15:18:00,C1.4,POINT(6 7),2277
gev_20150203_1721,2015-02-03 17:21:00,2015-02-03 17:26:00,2015-02-03 17:31:00,C1.5,POINT(-48 -8),2280
gev_20150203_2059,2015-02-03 20:59:00,2015-02-03 21:11:00,2015-02-03 21:39:00,C1.9,POINT(8 7),2277
gev_20150203_2251,2015-02-03 22:51:00,2015-02-03 22:58:00,2015-02-03 23:13:00,C2.1,POINT(9 7),2277
gev_20150204_0208,2015-02-04 02:08:00,2015-02-04 02:15:00,2015-02-04 02:21:00,M1.2,POINT(10 8),2277
gev_20150204_1003,2015-02-04 10:03:00,2015-02-04 10:07:00,2015-02-04 10:09:00,C2.2,POINT(20 4),0
gev_20150204_1843,2015-02-04 18:43:00,2015-02-04 19:11:00,2015-02-04 19:37:00,C3.0,POINT(-35 -10),2280
gev_20150205_0507,2015-02-05 05:07:00,2015-02-05 05:16:00,2015-02-05 05:20:00,C1.1,POINT(10 12),2277
gev_20150205_0723,2015-02-05 07:23:00,2015-02-05 07:26:00,2015-02-05 07:31:00,C1.3,POINT(11 12),2277
gev_20150205_0945,2015-02-05 09:45:00,2015-02-05 09:53:00,2015-02-05 10:04:00,C3.3,POINT(15 11),2277
gev_20150206_0305,2015-02-06 03:05:00,2015-02-06 03:15:00,2015-02-06 03:24:00,C1.1,POINT(-53 13),2281
gev_20150206_1002,2015-02-06 10:02:00,2015-02-06 10:17:00,2015-02-06 10:29:00,C1.4,POINT(-11 -9),2280
gev_20150206_2256,2015-02-06 22:56:00,2015-02-06 23:02:00,2015-02-06 23:14:00,C1.5,POINT(38 10),2277
gev_20150207_0105,2015-02-07 01:05:00,2015-02-07 01:21:00,2015-02-07 01:29:00,C1.4,POINT(-2 -7),2280
gev_20150207_1042,2015-02-07 10:42:00,2015-02-07 10:50:00,2015-02-07 10:57:00,C1.8,POINT(45 9),2277
gev_20150207_1136,2015-02-07 11:36:00,2015-02-07 11:51:00,2015-02-07 11:55:00,C1.2,POINT(3 -7),2280
gev_20150207_1218,2015-02-07 12:18:00,2015-02-07 12:22:00,2015-02-07 12:25:00,C1.9,POINT(2 -9),2280
gev_20150207_1307,2015-02-07 13:07:00,2015-02-07 13:35:00,2015-02-07 13:43:00,C1.4,POINT(-88 -12),0
gev_20150207_1744,2015-02-07 17:44:00,2015-02-07 17:54:00,2015-02-07 18:04:00,C2.3,POINT(-88 -12),0
gev_20150207_1928,2015-02-07 19:28:00,2015-02-07 19:38:00,2015-02-07 19:51:00,C2.3,POINT(56 9),2277
gev_20150208_0507,2015-02-08 05:07:00,2015-02-08 05:18:00,2015-02-08 05:23:00,C2.6,POINT(56 9),2277
gev_20150208_0541,2015-02-08 05:41:00,2015-02-08 05:58:00,2015-02-08 06:33:00,C2.6,POINT(13 -9),2280
gev_20150208_0846,2015-02-08 08:46:00,2015-02-08 09:13:00,2015-02-08 09:25:00,C1.8,POINT(-87 18),2282
gev_20150208_1031,2015-02-08 10:31:00,2015-02-08 10:35:00,2015-02-08 10:39:00,C1.7,POINT(16 -7),2280
gev_20150208_1032,2015-02-08 10:32:00,2015-02-08 11:00:00,2015-02-08 11:16:00,C2.6,POINT(17 -6),2280
gev_20150208_1428,2015-02-08 14:28:00,2015-02-08 15:06:00,2015-02-08 15:25:00,C1.7,POINT(21 -6),2280
gev_20150208_2023,2015-02-08 20:23:00,2015-02-08 21:04:00,2015-02-08 21:16:00,C3.1,POINT(23 -6),2280
gev_20150209_0126,2015-02-09 01:26:00,2015-02-09 01:48:00,2015-02-09 02:02:00,C2.1,POINT(26 -6),2280
gev_20150209_0311,2015-02-09 03:11:00,2015-02-09 03:31:00,2015-02-09 03:51:00,C1.5,POINT(26 -7),2280
gev_20150209_0521,2015-02-09 05:21:00,2015-02-09 05:28:00,2015-02-09 05:32:00,C1.7,POINT(-70 13),2282
gev_20150209_0557,2015-02-09 05:57:00,2015-02-09 06:07:00,2015-02-09 06:14:00,C3.7,POINT(-66 -12),0
gev_20150209_0704,2015-02-09 07:04:00,2015-02-09 07:13:00,2015-02-09 07:16:00,C1.7,POINT(-4 13),2281
gev_20150209_0822,2015-02-09 08:22:00,2015-02-09 08:27:00,2015-02-09 08:32:00,C1.4,POINT(-70 7),2282
gev_20150209_0902,2015-02-09 09:02:00,2015-02-09 09:05:00,2015-02-09 09:08:00,C1.5,POINT(-72 7),2282
gev_20150209_1822,2015-02-09 18:22:00,2015-02-09 19:10:00,2015-02-09 19:20:00,C3.1,POINT(37 -7),2280
gev_20150209_2219,2015-02-09 22:19:00,2015-02-09 23:35:00,2015-02-09 23:35:00,M2.4,POINT(-61 12),2282
gev_20150209_2236,2015-02-09 22:36:00,2015-02-09 22:40:00,2015-02-09 22:45:00,C1.8,POINT(-65 7),2282
gev_20150209_2259,2015-02-09 22:59:00,2015-02-09 23:35:00,2015-02-10 00:14:00,M2.4,POINT(-61 12),2282
gev_20150209_2302,2015-02-09 23:02:00,2015-02-09 23:35:00,2015-02-10 00:12:00,M2.3,POINT(-61 12),2282
gev_20150210_0158,2015-02-10 01:58:00,2015-02-10 02:02:00,2015-02-10 02:07:00,C8.3,POINT(40 -7),2280
gev_20150210_0311,2015-02-10 03:11:00,2015-02-10 03:31:00,2015-02-10 03:51:00,C1.5,POINT(-52 -12),2285
gev_20150210_0417,2015-02-10 04:17:00,2015-02-10 04:21:00,2015-02-10 04:30:00,C2.9,POINT(41 -7),2280
gev_20150210_0829,2015-02-10 08:29:00,2015-02-10 08:44:00,2015-02-10 08:53:00,C2.7,POINT(-67 10),2284
gev_20150210_1356,2015-02-10 13:56:00,2015-02-10 14:07:00,2015-02-10 14:19:00,C1.5,POINT(89 4),2277
gev_20150211_0137,2015-02-11 01:37:00,2015-02-11 02:06:00,2015-02-11 02:20:00,C1.0,POINT(-44 5),2282
gev_20150211_0517,2015-02-11 05:17:00,2015-02-11 05:21:00,2015-02-11 05:32:00,C1.0,POINT(-41 7),2282
gev_20150212_0203,2015-02-12 02:03:00,2015-02-12 02:12:00,2015-02-12 02:17:00,C6.0,POINT(67 -6),2280
gev_20150212_0405,2015-02-12 04:05:00,2015-02-12 04:08:00,2015-02-12 04:10:00,B8.7,POINT(-26 8),2282
gev_20150212_0753,2015-02-12 07:53:00,2015-02-12 07:56:00,2015-02-12 08:09:00,B7.4,POINT(-38 12),0
gev_20150212_1406,2015-02-12 14:06:00,2015-02-12 14:18:00,2015-02-12 14:28:00,C1.0,POINT(-23 5),2282
gev_20150213_0220,2015-02-13 02:20:00,2015-02-13 02:28:00,2015-02-13 02:28:00,B9.6,POINT(-16 11),2282
gev_20150214_1236,2015-02-14 12:36:00,2015-02-14 12:41:00,2015-02-14 12:47:00,B7.1,POINT(3 15),2282
gev_20150214_2249,2015-02-14 22:49:00,2015-02-14 22:54:00,2015-02-14 22:57:00,B6.9,POINT(-47 11),2284
gev_20150215_0046,2015-02-15 00:46:00,2015-02-15 00:51:00,2015-02-15 00:56:00,B9.0,POINT(36 6),2283
gev_20150215_0902,2015-02-15 09:02:00,2015-02-15 09:07:00,2015-02-15 09:14:00,B6.2,POINT(17 11),2282
gev_20150216_1548,2015-02-16 15:48:00,2015-02-16 16:00:00,2015-02-16 16:06:00,B8.8,POINT(29 8),2282
gev_20150217_0635,2015-02-17 06:35:00,2015-02-17 06:44:00,2015-02-17 06:55:00,B7.3,POINT(38 7),2282
gev_20150218_1100,2015-02-18 11:00:00,2015-02-18 11:03:00,2015-02-18 11:11:00,B5.7,POINT(-31 14),2287
gev_20150218_1617,2015-02-18 16:17:00,2015-02-18 16:21:00,2015-02-18 16:24:00,B8.7,POINT(-77 -8),2289
gev_20150218_1912,2015-02-18 19:12:00,2015-02-18 19:17:00,2015-02-18 19:20:00,B7.9,POINT(-75 -9),2289
gev_20150218_2138,2015-02-18 21:38:00,2015-02-18 21:45:00,2015-02-18 21:51:00,C1.1,POINT(63 14),2282
gev_20150218_2153,2015-02-18 21:53:00,2015-02-18 22:08:00,2015-02-18 22:13:00,C3.5,POINT(62 14),2282
gev_20150219_0053,2015-02-19 00:53:00,2015-02-19 00:58:00,2015-02-19 01:01:00,C1.2,POINT(60 8),2282
gev_20150219_0108,2015-02-19 01:08:00,2015-02-19 01:12:00,2015-02-19 01:15:00,B9.5,POINT(-71 -8),2289
gev_20150219_1742,2015-02-19 17:42:00,2015-02-19 18:06:00,2015-02-19 18:25:00,C1.1,POINT(88 -17),2286
gev_20150220_0106,2015-02-20 01:06:00,2015-02-20 01:10:00,2015-02-20 01:15:00,B6.1,POINT(-5 12),2287
gev_20150220_1001,2015-02-20 10:01:00,2015-02-20 10:27:00,2015-02-20 10:51:00,C1.5,POINT(87 -19),2286
gev_20150220_1504,2015-02-20 15:04:00,2015-02-20 15:22:00,2015-02-20 15:54:00,C2.3,POINT(88 -17),2286
gev_20150220_1817,2015-02-20 18:17:00,2015-02-20 18:25:00,2015-02-20 18:35:00,B8.6,POINT(87 -18),2286
gev_20150220_2010,2015-02-20 20:10:00,2015-02-20 20:15:00,2015-02-20 20:21:00,C1.3,POINT(87 -18),2286
gev_20150220_2156,2015-02-20 21:56:00,2015-02-20 21:59:00,2015-02-20 22:03:00,B6.6,POINT(87 -20),2286
gev_20150220_2316,2015-02-20 23:16:00,2015-02-20 23:19:00,2015-02-20 23:22:00,B7.2,POINT(88 -17),2286
gev_20150221_0038,2015-02-21 00:38:00,2015-02-21 00:42:00,2015-02-21 00:45:00,B8.8,POINT(88 -17),2286
gev_20150221_0328,2015-02-21 03:28:00,2015-02-21 03:33:00,2015-02-21 03:50:00,C1.0,POINT(88 -17),2286
gev_20150221_0456,2015-02-21 04:56:00,2015-02-21 05:02:00,2015-02-21 05:11:00,C1.2,POINT(87 -20),2286
gev_20150221_1820,2015-02-21 18:20:00,2015-02-21 18:50:00,2015-02-21 19:41:00,B7.1,POINT(-14 20),2291
gev_20150222_2002,2015-02-22 20:02:00,2015-02-22 20:21:00,2015-02-22 21:02:00,B9.2,POINT(89 -8),2288
gev_20150223_0010,2015-02-23 00:10:00,2015-02-23 00:26:00,2015-02-23 00:42:00,C1.1,POINT(89 -8),2288
gev_20150223_0307,2015-02-23 03:07:00,2015-02-23 03:15:00,2015-02-23 03:23:00,B7.2,POINT(-62 -8),2292
gev_20150223_0929,2015-02-23 09:29:00,2015-02-23 09:39:00,2015-02-23 09:47:00,B4.8,POINT(-61 -8),2292
gev_20150223_1157,2015-02-23 11:57:00,2015-02-23 12:02:00,2015-02-23 12:06:00,B5.2,POINT(-61 -6),2292
gev_20150223_1158,2015-02-23 11:58:00,2015-02-23 12:02:00,2015-02-23 12:06:00,B5.2,POINT(-61 -6),2292
gev_20150224_0954,2015-02-24 09:54:00,2015-02-24 10:57:00,2015-02-24 11:53:00,C1.4,POINT(-87 -21),0
gev_20150224_1000,2015-02-24 10:00:00,2015-02-24 10:57:00,2015-02-24 12:30:00,C1.5,POINT(-87 -21),0
gev_20150224_2219,2015-02-24 22:19:00,2015-02-24 22:23:00,2015-02-24 22:27:00,B7.1,POINT(-65 1),2293
gev_20150226_1747,2015-02-26 17:47:00,2015-02-26 17:57:00,2015-02-26 18:05:00,B4.1,POINT(-47 5),2293
gev_20150226_2230,2015-02-26 22:30:00,2015-02-26 22:37:00,2015-02-26 22:45:00,B4.2,POINT(-44 5),2293
gev_20150227_0902,2015-02-27 09:02:00,2015-02-27 09:54:00,2015-02-27 10:03:00,B9.6,POINT(87 15),2287
gev_20150227_2305,2015-02-27 23:05:00,2015-02-27 23:09:00,2015-02-27 23:12:00,C1.0,POINT(52 20),2290
gev_20150228_0521,2015-02-28 05:21:00,2015-02-28 05:28:00,2015-02-28 05:40:00,C2.5,POINT(17 -14),2294
gev_20150228_0733,2015-02-28 07:33:00,2015-02-28 07:47:00,2015-02-28 07:55:00,C1.1,POINT(59 20),2290
gev_20150228_0804,2015-02-28 08:04:00,2015-02-28 08:08:00,2015-02-28 08:11:00,C1.0,POINT(58 19),2290
gev_20150228_0858,2015-02-28 08:58:00,2015-02-28 09:39:00,2015-02-28 09:39:00,C5.6,POINT(16 -12),2294
gev_20150228_1335,2015-02-28 13:35:00,2015-02-28 13:40:00,2015-02-28 13:46:00,C2.2,POINT(61 19),2290
gev_20150228_2112,2015-02-28 21:12:00,2015-02-28 21:42:00,2015-02-28 22:01:00,B9.7,POINT(26 -13),2294
gev_20150228_2232,2015-02-28 22:32:00,2015-02-28 22:37:00,2015-02-28 22:44:00,C1.4,POINT(66 20),2290
gev_20150228_2300,2015-02-28 23:00:00,2015-02-28 23:05:00,2015-02-28 23:10:00,C1.5,POINT(68 20),2290
gev_20150301_0158,2015-03-01 01:58:00,2015-03-01 02:10:00,2015-03-01 02:32:00,C1.0,POINT(69 21),2290
gev_20150301_0504,2015-03-01 05:04:00,2015-03-01 05:13:00,2015-03-01 05:21:00,C3.7,POINT(67 20),2290
gev_20150301_0855,2015-03-01 08:55:00,2015-03-01 09:56:00,2015-03-01 09:56:00,B7.4,POINT(71 21),2290
gev_20150301_1533,2015-03-01 15:33:00,2015-03-01 16:13:00,2015-03-01 16:31:00,C6.8,POINT(86 22),2290
gev_20150302_0140,2015-03-02 01:40:00,2015-03-02 01:46:00,2015-03-02 01:57:00,C1.1,POINT(86 21),2290
gev_20150302_0234,2015-03-02 02:34:00,2015-03-02 03:01:00,2015-03-02 03:07:00,C2.3,POINT(82 22),2290
gev_20150302_0340,2015-03-02 03:40:00,2015-03-02 03:43:00,2015-03-02 03:45:00,C1.3,POINT(87 20),2290
gev_20150302_0513,2015-03-02 05:13:00,2015-03-02 05:18:00,2015-03-02 05:26:00,C2.5,POINT(86 20),2290
gev_20150302_0550,2015-03-02 05:50:00,2015-03-02 05:55:00,2015-03-02 06:04:00,C2.9,POINT(-88 -11),0
gev_20150302_0631,2015-03-02 06:31:00,2015-03-02 06:39:00,2015-03-02 06:44:00,M1.0,POINT(86 22),2290
gev_20150302_0704,2015-03-02 07:04:00,2015-03-02 07:10:00,2015-03-02 07:20:00,C3.2,POINT(-14 -82),0
gev_20150302_0743,2015-03-02 07:43:00,2015-03-02 07:48:00,2015-03-02 07:54:00,C5.2,POINT(87 19),2290
gev_20150302_0837,2015-03-02 08:37:00,2015-03-02 08:41:00,2015-03-02 08:49:00,C3.2,POINT(-88 -11),0
gev_20150302_0852,2015-03-02 08:52:00,2015-03-02 09:48:00,2015-03-02 09:58:00,M1.1,POINT(86 20),2290
gev_20150302_0912,2015-03-02 09:12:00,2015-03-02 09:16:00,2015-03-02 09:18:00,C3.1,POINT(86 20),2290
gev_20150302_0937,2015-03-02 09:37:00,2015-03-02 09:48:00,2015-03-02 09:58:00,M1.1,POINT(86 20),2290
gev_20150302_1024,2015-03-02 10:24:00,2015-03-02 10:34:00,2015-03-02 10:58:00,C5.5,POINT(86 21),2290
gev_20150302_1259,2015-03-02 12:59:00,2015-03-02 13:07:00,2015-03-02 13:13:00,C3.4,POINT(86 20),2290
gev_20150302_1407,2015-03-02 14:07:00,2015-03-02 14:13:00,2015-03-02 14:21:00,C2.1,POINT(87 18),2290
gev_20150302_1510,2015-03-02 15:10:00,2015-03-02 15:28:00,2015-03-02 15:37:00,M3.7,POINT(86 21),2290
gev_20150302_1723,2015-03-02 17:23:00,2015-03-02 17:37:00,2015-03-02 17:51:00,C3.9,POINT(87 20),2290
gev_20150302_1921,2015-03-02 19:21:00,2015-03-02 19:31:00,2015-03-02 19:36:00,M4.1,POINT(87 19),2290
gev_20150302_2259,2015-03-02 22:59:00,2015-03-02 23:16:00,2015-03-02 23:16:00,C6.0,POINT(87 19),2290
gev_20150303_0017,2015-03-03 00:17:00,2015-03-03 00:27:00,2015-03-03 00:34:00,C3.5,POINT(87 19),2290
gev_20150303_0125,2015-03-03 01:25:00,2015-03-03 01:35:00,2015-03-03 01:42:00,M8.2,POINT(86 20),2290
gev_20150303_0608,2015-03-03 06:08:00,2015-03-03 06:34:00,2015-03-03 06:45:00,C1.9,POINT(87 20),2290
gev_20150303_0744,2015-03-03 07:44:00,2015-03-03 07:50:00,2015-03-03 07:55:00,C1.3,POINT(48 -9),2292
gev_20150303_0849,2015-03-03 08:49:00,2015-03-03 08:55:00,2015-03-03 09:07:00,C1.1,POINT(87 19),2290
gev_20150303_1321,2015-03-03 13:21:00,2015-03-03 13:37:00,2015-03-03 13:37:00,C4.0,POINT(87 16),2290
gev_20150304_0625,2015-03-04 06:25:00,2015-03-04 06:31:00,2015-03-04 06:31:00,C1.0,POINT(63 -8),2292
gev_20150304_0944,2015-03-04 09:44:00,2015-03-04 10:39:00,2015-03-04 10:50:00,C2.8,POINT(66 -8),2292
gev_20150304_1012,2015-03-04 10:12:00,2015-03-04 10:39:00,2015-03-04 10:50:00,C2.8,POINT(67 -9),2292
gev_20150304_1335,2015-03-04 13:35:00,2015-03-04 13:42:00,2015-03-04 13:49:00,C1.1,POINT(33 6),2293
gev_20150304_1708,2015-03-04 17:08:00,2015-03-04 17:13:00,2015-03-04 17:19:00,B9.5,POINT(69 -8),2292
gev_20150305_0413,2015-03-05 04:13:00,2015-03-05 04:19:00,2015-03-05 04:26:00,C1.3,POINT(-49 -12),2296
gev_20150305_0846,2015-03-05 08:46:00,2015-03-05 09:47:00,2015-03-05 09:47:00,C3.5,POINT(-87 -19),2297
gev_20150305_1705,2015-03-05 17:05:00,2015-03-05 17:24:00,2015-03-05 17:39:00,C3.5,POINT(88 -12),2292
gev_20150305_1706,2015-03-05 17:06:00,2015-03-05 18:11:00,2015-03-05 18:11:00,M1.2,POINT(-88 -14),2297
gev_20150305_1935,2015-03-05 19:35:00,2015-03-05 19:55:00,2015-03-05 20:04:00,C4.0,POINT(-87 -18),0
gev_20150305_2245,2015-03-05 22:45:00,2015-03-05 22:59:00,2015-03-05 23:06:00,C1.9,POINT(-87 -18),2297
gev_20150306_0414,2015-03-06 04:14:00,2015-03-06 04:57:00,2015-03-06 04:57:00,M3.0,POINT(-87 -20),2297
gev_20150306_0655,2015-03-06 06:55:00,2015-03-06 08:15:00,2015-03-06 08:28:00,M1.5,POINT(-87 -20),2297
gev_20150306_1504,2015-03-06 15:04:00,2015-03-06 15:08:00,2015-03-06 15:13:00,C2.5,POINT(-87 -18),2297
gev_20150306_1548,2015-03-06 15:48:00,2015-03-06 15:51:00,2015-03-06 15:57:00,C2.6,POINT(-87 -18),2297
gev_20150306_1600,2015-03-06 16:00:00,2015-03-06 16:06:00,2015-03-06 16:22:00,C2.7,POINT(-88 -17),2297
gev_20150306_2106,2015-03-06 21:06:00,2015-03-06 21:11:00,2015-03-06 21:16:00,C2.2,POINT(-87 -18),2297
gev_20150306_2128,2015-03-06 21:28:00,2015-03-06 21:32:00,2015-03-06 21:32:00,C1.8,POINT(-89 -14),2297
gev_20150306_2336,2015-03-06 23:36:00,2015-03-06 23:41:00,2015-03-06 23:46:00,C2.2,POINT(-89 -18),2297
gev_20150307_0358,2015-03-07 03:58:00,2015-03-07 04:02:00,2015-03-07 04:06:00,C1.0,POINT(-86 -18),2297
gev_20150307_0632,2015-03-07 06:32:00,2015-03-07 06:36:00,2015-03-07 06:40:00,C1.7,POINT(-14 -82),0
gev_20150307_0935,2015-03-07 09:35:00,2015-03-07 09:39:00,2015-03-07 09:41:00,C1.2,POINT(-71 -13),2297
gev_20150307_0959,2015-03-07 09:59:00,2015-03-07 10:30:00,2015-03-07 11:14:00,C1.8,POINT(-83 -19),2297
gev_20150307_2145,2015-03-07 21:45:00,2015-03-07 22:22:00,2015-03-07 22:58:00,M9.2,POINT(-74 -19),2297
gev_20150307_2159,2015-03-07 21:59:00,2015-03-07 22:00:00,2015-03-07 22:49:00,M9.2,POINT(-72 -19),2297
gev_20150308_0909,2015-03-08 09:09:00,2015-03-08 09:25:00,2015-03-08 09:37:00,C2.5,POINT(-58 -13),2297
gev_20150308_1438,2015-03-08 14:38:00,2015-03-08 14:45:00,2015-03-08 14:47:00,C1.1,POINT(-60 -13),2297
gev_20150309_0003,2015-03-09 00:03:00,2015-03-09 00:04:00,2015-03-09 00:09:00,C1.1,POINT(-57 -15),2297
gev_20150309_0012,2015-03-09 00:12:00,2015-03-09 00:15:00,2015-03-09 00:17:00,C3.0,POINT(-56 -16),2297
gev_20150309_0107,2015-03-09 01:07:00,2015-03-09 01:14:00,2015-03-09 01:17:00,C1.8,POINT(-56 -16),2297
gev_20150309_0235,2015-03-09 02:35:00,2015-03-09 02:56:00,2015-03-09 03:17:00,C1.5,POINT(-55 -15),2297
gev_20150309_0416,2015-03-09 04:16:00,2015-03-09 04:20:00,2015-03-09 04:24:00,C1.3,POINT(-52 -15),2297
gev_20150309_0441,2015-03-09 04:41:00,2015-03-09 06:02:00,2015-03-09 06:29:00,C2.7,POINT(-46 -13),2297
gev_20150309_0543,2015-03-09 05:43:00,2015-03-09 06:02:00,2015-03-09 06:02:00,C2.9,POINT(-46 -13),2297
gev_20150309_1002,2015-03-09 10:02:00,2015-03-09 10:08:00,2015-03-09 10:16:00,C4.0,POINT(-49 -15),2297
gev_20150309_1113,2015-03-09 11:13:00,2015-03-09 11:17:00,2015-03-09 11:21:00,C1.1,POINT(-50 -16),2297
gev_20150309_1225,2015-03-09 12:25:00,2015-03-09 12:28:00,2015-03-09 12:31:00,B7.9,POINT(-14 -20),0
gev_20150309_1422,2015-03-09 14:22:00,2015-03-09 14:33:00,2015-03-09 14:37:00,M4.5,POINT(-48 -16),2297
gev_20150309_1736,2015-03-09 17:36:00,2015-03-09 17:42:00,2015-03-09 17:52:00,C9.1,POINT(-45 -15),2297
gev_20150309_1815,2015-03-09 18:15:00,2015-03-09 18:19:00,2015-03-09 18:21:00,B8.2,POINT(-46 -16),2297
gev_20150309_1848,2015-03-09 18:48:00,2015-03-09 19:01:00,2015-03-09 19:05:00,B7.3,POINT(-43 -18),2297
gev_20150309_2205,2015-03-09 22:05:00,2015-03-09 22:11:00,2015-03-09 22:15:00,C1.3,POINT(-41 -17),2297
gev_20150309_2219,2015-03-09 22:19:00,2015-03-09 22:25:00,2015-03-09 22:37:00,C1.2,POINT(-37 -16),2297
gev_20150309_2300,2015-03-09 23:00:00,2015-03-09 23:11:00,2015-03-09 23:14:00,C1.6,POINT(-43 -16),2297
gev_20150309_2329,2015-03-09 23:29:00,2015-03-09 23:53:00,2015-03-10 00:12:00,M5.8,POINT(-46 -19),2297
gev_20150310_0319,2015-03-10 03:19:00,2015-03-10 03:24:00,2015-03-10 03:28:00,M5.1,POINT(-39 -15),2297
gev_20150310_0408,2015-03-10 04:08:00,2015-03-10 04:13:00,2015-03-10 04:19:00,C1.3,POINT(-40 -16),2297
gev_20150310_0421,2015-03-10 04:21:00,2015-03-10 04:25:00,2015-03-10 04:28:00,C4.5,POINT(-41 -16),2297
gev_20150310_0628,2015-03-10 06:28:00,2015-03-10 06:37:00,2015-03-10 06:37:00,C1.4,POINT(-11 -82),0
gev_20150310_0647,2015-03-10 06:47:00,2015-03-10 06:50:00,2015-03-10 06:53:00,C1.4,POINT(-11 -82),0
gev_20150310_0718,2015-03-10 07:18:00,2015-03-10 07:27:00,2015-03-10 07:29:00,C2.7,POINT(-11 -82),0
gev_20150310_0848,2015-03-10 08:48:00,2015-03-10 08:51:00,2015-03-10 08:53:00,C1.5,POINT(-38 -16),2297
gev_20150310_1151,2015-03-10 11:51:00,2015-03-10 11:55:00,2015-03-10 11:58:00,B8.0,POINT(-35 -16),2297
gev_20150310_1241,2015-03-10 12:41:00,2015-03-10 12:45:00,2015-03-10 12:51:00,B7.9,POINT(-32 -18),2297
gev_20150310_1305,2015-03-10 13:05:00,2015-03-10 13:10:00,2015-03-10 13:14:00,C1.0,POINT(-36 -16),2297
gev_20150310_1345,2015-03-10 13:45:00,2015-03-10 13:48:00,2015-03-10 13:50:00,B9.7,POINT(-35 -15),2297
gev_20150310_1457,2015-03-10 14:57:00,2015-03-10 15:01:00,2015-03-10 15:05:00,C1.2,POINT(-35 -16),2297
gev_20150310_1715,2015-03-10 17:15:00,2015-03-10 17:18:00,2015-03-10 17:21:00,C1.1,POINT(-32 -15),2297
gev_20150310_1914,2015-03-10 19:14:00,2015-03-10 19:18:00,2015-03-10 19:21:00,B9.4,POINT(-30 -15),2297
gev_20150310_2038,2015-03-10 20:38:00,2015-03-10 20:56:00,2015-03-10 20:56:00,C4.7,POINT(-30 -15),2297
gev_20150310_2214,2015-03-10 22:14:00,2015-03-10 22:19:00,2015-03-10 22:22:00,C1.3,POINT(-27 -17),2297
gev_20150310_2300,2015-03-10 23:00:00,2015-03-10 23:12:00,2015-03-10 23:18:00,C2.3,POINT(-28 -15),2297
gev_20150310_2319,2015-03-10 23:19:00,2015-03-10 23:27:00,2015-03-10 23:32:00,C3.3,POINT(-30 -16),2297
gev_20150310_2346,2015-03-10 23:46:00,2015-03-11 00:02:00,2015-03-11 00:06:00,M2.9,POINT(-28 -15),2297
gev_20150311_0116,2015-03-11 01:16:00,2015-03-11 01:19:00,2015-03-11 01:23:00,C1.1,POINT(-28 -15),2297
gev_20150311_0212,2015-03-11 02:12:00,2015-03-11 02:19:00,2015-03-11 02:25:00,C2.8,POINT(-28 -16),2297
gev_20150311_0447,2015-03-11 04:47:00,2015-03-11 05:03:00,2015-03-11 05:11:00,C4.5,POINT(-25 -15),2297
gev_20150311_0511,2015-03-11 05:11:00,2015-03-11 05:15:00,2015-03-11 05:18:00,C4.0,POINT(-26 -15),2297
gev_20150311_0551,2015-03-11 05:51:00,2015-03-11 05:57:00,2015-03-11 05:57:00,C1.3,POINT(-24 -15),2297
gev_20150311_0605,2015-03-11 06:05:00,2015-03-11 06:09:00,2015-03-11 06:14:00,C2.7,POINT(-24 -15),2297
gev_20150311_0645,2015-03-11 06:45:00,2015-03-11 06:48:00,2015-03-11 06:51:00,C1.0,POINT(-6 -82),0
gev_20150311_0710,2015-03-11 07:10:00,2015-03-11 07:18:00,2015-03-11 07:43:00,M1.8,POINT(-6 -82),0
gev_20150311_0751,2015-03-11 07:51:00,2015-03-11 07:57:00,2015-03-11 08:03:00,M2.6,POINT(-23 -15),2297
gev_20150311_0921,2015-03-11 09:21:00,2015-03-11 09:25:00,2015-03-11 09:31:00,C1.8,POINT(-24 -15),2297
gev_20150311_1121,2015-03-11 11:21:00,2015-03-11 11:34:00,2015-03-11 11:34:00,C5.8,POINT(-24 -16),2297
gev_20150311_1305,2015-03-11 13:05:00,2015-03-11 13:16:00,2015-03-11 13:23:00,C2.3,POINT(-25 -17),2297
gev_20150311_1430,2015-03-11 14:30:00,2015-03-11 14:38:00,2015-03-11 14:46:00,C2.0,POINT(-21 -17),2297
gev_20150311_1515,2015-03-11 15:15:00,2015-03-11 15:26:00,2015-03-11 15:38:00,C1.7,POINT(-21 -15),2297
gev_20150311_1611,2015-03-11 16:11:00,2015-03-11 16:22:00,2015-03-11 16:29:00,X2.1,POINT(-22 -17),2297
gev_20150311_1837,2015-03-11 18:37:00,2015-03-11 18:51:00,2015-03-11 18:57:00,M1.0,POINT(-18 -15),2297
gev_20150311_2208,2015-03-11 22:08:00,2015-03-11 22:19:00,2015-03-11 22:37:00,C7.8,POINT(-16 -15),2297
gev_20150311_2332,2015-03-11 23:32:00,2015-03-11 23:45:00,2015-03-11 23:55:00,C6.7,POINT(-17 -17),2297
gev_20150312_0210,2015-03-12 02:10:00,2015-03-12 02:18:00,2015-03-12 02:25:00,C7.1,POINT(-76 -7),2299
gev_20150312_0318,2015-03-12 03:18:00,2015-03-12 03:23:00,2015-03-12 03:39:00,C5.7,POINT(-13 -15),2297
gev_20150312_0441,2015-03-12 04:41:00,2015-03-12 04:46:00,2015-03-12 04:50:00,M3.2,POINT(-11 -15),2297
gev_20150312_0726,2015-03-12 07:26:00,2015-03-12 07:33:00,2015-03-12 07:41:00,C2.7,POINT(-11 -16),2297
gev_20150312_0809,2015-03-12 08:09:00,2015-03-12 08:15:00,2015-03-12 08:25:00,C4.3,POINT(-12 -16),2297
gev_20150312_0859,2015-03-12 08:59:00,2015-03-12 09:14:00,2015-03-12 09:46:00,C8.4,POINT(-13 -16),2297
gev_20150312_1138,2015-03-12 11:38:00,2015-03-12 11:50:00,2015-03-12 11:50:00,M1.6,POINT(-11 -17),2297
gev_20150312_1209,2015-03-12 12:09:00,2015-03-12 12:14:00,2015-03-12 12:18:00,M1.4,POINT(-5 -18),2297
gev_20150312_1350,2015-03-12 13:50:00,2015-03-12 14:08:00,2015-03-12 14:13:00,M4.2,POINT(-6 -15),2297
gev_20150312_1759,2015-03-12 17:59:00,2015-03-12 18:03:00,2015-03-12 18:13:00,B9.0,POINT(-6 -16),2297
gev_20150312_1948,2015-03-12 19:48:00,2015-03-12 19:51:00,2015-03-12 19:53:00,C1.6,POINT(-64 -6),2299
gev_20150312_2024,2015-03-12 20:24:00,2015-03-12 20:34:00,2015-03-12 20:48:00,C4.8,POINT(-5 -17),2297
gev_20150312_2144,2015-03-12 21:44:00,2015-03-12 21:51:00,2015-03-12 21:56:00,M2.7,POINT(-1 -15),2297
gev_20150312_2233,2015-03-12 22:33:00,2015-03-12 22:38:00,2015-03-12 22:44:00,C3.6,POINT(-5 -17),2297
gev_20150312_2254,2015-03-12 22:54:00,2015-03-12 22:58:00,2015-03-12 23:02:00,C3.4,POINT(-1 -15),2297
gev_20150312_2324,2015-03-12 23:24:00,2015-03-12 23:30:00,2015-03-12 23:39:00,C1.9,POINT(-5 -17),2297
gev_20150313_0102,2015-03-13 01:02:00,2015-03-13 01:07:00,2015-03-13 01:13:00,C2.0,POINT(-5 -17),2297
gev_20150313_0347,2015-03-13 03:47:00,2015-03-13 04:00:00,2015-03-13 04:16:00,M1.2,POINT(-4 -17),2297
gev_20150313_0549,2015-03-13 05:49:00,2015-03-13 06:07:00,2015-03-13 06:12:00,M1.8,POINT(2 -14),2297
gev_20150313_0732,2015-03-13 07:32:00,2015-03-13 07:37:00,2015-03-13 07:40:00,C6.9,POINT(4 -15),2297
gev_20150313_1050,2015-03-13 10:50:00,2015-03-13 10:54:00,2015-03-13 10:59:00,C1.6,POINT(5 -15),2297
gev_20150313_1107,2015-03-13 11:07:00,2015-03-13 11:23:00,2015-03-13 11:47:00,C1.9,POINT(5 -14),2297
gev_20150313_2036,2015-03-13 20:36:00,2015-03-13 20:46:00,2015-03-13 20:55:00,C6.2,POINT(10 -15),2297
gev_20150313_2207,2015-03-13 22:07:00,2015-03-13 22:19:00,2015-03-13 22:31:00,C2.0,POINT(12 -19),2297
gev_20150314_0144,2015-03-14 01:44:00,2015-03-14 01:53:00,2015-03-14 02:06:00,C2.3,POINT(14 -14),2297
gev_20150314_0404,2015-03-14 04:04:00,2015-03-14 04:10:00,2015-03-14 04:17:00,C1.3,POINT(13 -15),2297
gev_20150314_0423,2015-03-14 04:23:00,2015-03-14 04:40:00,2015-03-14 04:54:00,M1.3,POINT(13 -15),2297
gev_20150314_0603,2015-03-14 06:03:00,2015-03-14 06:08:00,2015-03-14 06:13:00,C1.4,POINT(14 -16),2297
gev_20150314_0756,2015-03-14 07:56:00,2015-03-14 08:01:00,2015-03-14 08:06:00,C1.3,POINT(15 -16),2297
gev_20150314_0811,2015-03-14 08:11:00,2015-03-14 08:24:00,2015-03-14 08:35:00,C2.1,POINT(13 -16),2297
gev_20150314_1144,2015-03-14 11:44:00,2015-03-14 11:55:00,2015-03-14 11:55:00,C2.6,POINT(20 -19),2297
gev_20150314_1321,2015-03-14 13:21:00,2015-03-14 13:26:00,2015-03-14 13:30:00,C1.7,POINT(18 -15),2297
gev_20150314_1517,2015-03-14 15:17:00,2015-03-14 15:21:00,2015-03-14 15:26:00,B7.3,POINT(14 -19),2297
gev_20150314_1625,2015-03-14 16:25:00,2015-03-14 16:29:00,2015-03-14 16:32:00,B5.7,POINT(15 -19),2297
gev_20150314_1837,2015-03-14 18:37:00,2015-03-14 18:45:00,2015-03-14 18:48:00,C5.3,POINT(22 -16),2297
gev_20150314_1912,2015-03-14 19:12:00,2015-03-14 19:16:00,2015-03-14 19:21:00,C1.4,POINT(21 -15),2297
gev_20150314_2041,2015-03-14 20:41:00,2015-03-14 20:48:00,2015-03-14 20:56:00,C1.6,POINT(23 -16),2297
gev_20150314_2215,2015-03-14 22:15:00,2015-03-14 22:19:00,2015-03-14 22:22:00,C1.1,POINT(24 -16),2297
gev_20150314_2309,2015-03-14 23:09:00,2015-03-14 23:14:00,2015-03-14 23:17:00,C1.9,POINT(24 -15),2297
gev_20150315_0035,2015-03-15 00:35:00,2015-03-15 00:41:00,2015-03-15 00:44:00,C2.4,POINT(27 -17),2297
gev_20150315_0115,2015-03-15 01:15:00,2015-03-15 02:13:00,2015-03-15 02:13:00,C9.1,POINT(29 -22),2297
gev_20150315_0920,2015-03-15 09:20:00,2015-03-15 09:30:00,2015-03-15 09:35:00,B9.3,POINT(24 -19),2297
gev_20150315_0936,2015-03-15 09:36:00,2015-03-15 09:40:00,2015-03-15 09:46:00,M1.0,POINT(24 -18),2297
gev_20150315_1017,2015-03-15 10:17:00,2015-03-15 10:23:00,2015-03-15 10:27:00,C1.3,POINT(25 -18),2297
gev_20150315_1131,2015-03-15 11:31:00,2015-03-15 12:03:00,2015-03-15 12:20:00,C6.8,POINT(26 -19),2297
gev_20150315_1303,2015-03-15 13:03:00,2015-03-15 13:06:00,2015-03-15 13:09:00,C2.4,POINT(32 -17),2297
gev_20150315_1401,2015-03-15 14:01:00,2015-03-15 14:06:00,2015-03-15 14:09:00,C1.2,POINT(33 -16),2297
gev_20150315_2144,2015-03-15 21:44:00,2015-03-15 21:49:00,2015-03-15 21:53:00,C1.0,POINT(39 -17),2297
gev_20150315_2242,2015-03-15 22:42:00,2015-03-15 23:22:00,2015-03-15 23:38:00,M1.2,POINT(32 -19),2297
gev_20150316_0417,2015-03-16 04:17:00,2015-03-16 04:21:00,2015-03-16 04:24:00,B8.0,POINT(34 -20),2297
gev_20150316_0721,2015-03-16 07:21:00,2015-03-16 07:25:00,2015-03-16 07:31:00,B6.4,POINT(37 -20),2297
gev_20150316_0818,2015-03-16 08:18:00,2015-03-16 08:23:00,2015-03-16 08:28:00,B8.7,POINT(37 -18),2297
gev_20150316_0833,2015-03-16 08:33:00,2015-03-16 09:52:00,2015-03-16 09:59:00,C1.8,POINT(38 -18),2297
gev_20150316_0938,2015-03-16 09:38:00,2015-03-16 09:52:00,2015-03-16 09:59:00,C1.9,POINT(38 -18),2297
gev_20150316_1016,2015-03-16 10:16:00,2015-03-16 10:20:00,2015-03-16 10:24:00,B9.6,POINT(43 -16),2297
gev_20150316_1039,2015-03-16 10:39:00,2015-03-16 10:58:00,2015-03-16 10:58:00,M1.6,POINT(38 -17),2297
gev_20150316_1255,2015-03-16 12:55:00,2015-03-16 12:59:00,2015-03-16 13:01:00,C1.1,POINT(45 -16),2297
gev_20150316_1349,2015-03-16 13:49:00,2015-03-16 13:54:00,2015-03-16 13:59:00,C2.8,POINT(40 -17),2297
gev_20150316_1755,2015-03-16 17:55:00,2015-03-16 17:59:00,2015-03-16 18:01:00,B8.7,POINT(42 -17),2297
gev_20150316_1842,2015-03-16 18:42:00,2015-03-16 18:45:00,2015-03-16 18:47:00,B6.2,POINT(42 -17),2297
gev_20150316_1943,2015-03-16 19:43:00,2015-03-16 20:07:00,2015-03-16 20:07:00,C2.1,POINT(44 -17),2297
gev_20150316_2012,2015-03-16 20:12:00,2015-03-16 20:15:00,2015-03-16 20:20:00,C5.5,POINT(43 -17),2297
gev_20150316_2038,2015-03-16 20:38:00,2015-03-16 20:49:00,2015-03-16 20:49:00,C8.1,POINT(48 -21),2297
gev_20150317_0145,2015-03-17 01:45:00,2015-03-17 01:52:00,2015-03-17 01:54:00,C1.9,POINT(47 -17),2297
gev_20150317_2114,2015-03-17 21:14:00,2015-03-17 21:19:00,2015-03-17 21:25:00,C1.1,POINT(57 -20),2297
gev_20150317_2249,2015-03-17 22:49:00,2015-03-17 23:34:00,2015-03-17 23:34:00,M1.0,POINT(65 -15),2297
gev_20150318_0218,2015-03-18 02:18:00,2015-03-18 02:32:00,2015-03-18 02:35:00,C1.7,POINT(60 -19),2297
gev_20150318_0340,2015-03-18 03:40:00,2015-03-18 03:59:00,2015-03-18 03:59:00,C6.1,POINT(62 -17),2297
gev_20150318_0641,2015-03-18 06:41:00,2015-03-18 06:59:00,2015-03-18 07:07:00,C3.9,POINT(60 10),2302
gev_20150318_0740,2015-03-18 07:40:00,2015-03-18 07:51:00,2015-03-18 07:59:00,C9.3,POINT(60 10),2302
gev_20150318_0832,2015-03-18 08:32:00,2015-03-18 09:51:00,2015-03-18 09:51:00,C2.8,POINT(61 10),2302
gev_20150318_1018,2015-03-18 10:18:00,2015-03-18 10:30:00,2015-03-18 10:30:00,C5.5,POINT(62 11),2302
gev_20150318_1115,2015-03-18 11:15:00,2015-03-18 11:20:00,2015-03-18 11:25:00,C1.1,POINT(61 10),2302
gev_20150318_1221,2015-03-18 12:21:00,2015-03-18 12:27:00,2015-03-18 12:30:00,C1.0,POINT(67 -20),2297
gev_20150318_1247,2015-03-18 12:47:00,2015-03-18 13:14:00,2015-03-18 13:25:00,C3.8,POINT(64 11),2302
gev_20150318_1353,2015-03-18 13:53:00,2015-03-18 13:57:00,2015-03-18 14:03:00,B7.4,POINT(66 -19),2297
gev_20150318_1419,2015-03-18 14:19:00,2015-03-18 14:24:00,2015-03-18 14:27:00,C1.3,POINT(66 -19),2297
gev_20150318_1427,2015-03-18 14:27:00,2015-03-18 14:32:00,2015-03-18 14:36:00,C1.4,POINT(64 10),2302
gev_20150318_1605,2015-03-18 16:05:00,2015-03-18 16:10:00,2015-03-18 16:15:00,C3.5,POINT(67 -19),2297
gev_20150318_1618,2015-03-18 16:18:00,2015-03-18 16:31:00,2015-03-18 16:31:00,C7.6,POINT(68 -18),2297
gev_20150318_1756,2015-03-18 17:56:00,2015-03-18 18:00:00,2015-03-18 18:02:00,C2.3,POINT(67 10),2302
gev_20150318_1831,2015-03-18 18:31:00,2015-03-18 18:36:00,2015-03-18 18:40:00,C2.2,POINT(71 -16),2297
gev_20150318_2059,2015-03-18 20:59:00,2015-03-18 21:02:00,2015-03-18 21:04:00,C1.3,POINT(65 10),2302
gev_20150318_2230,2015-03-18 22:30:00,2015-03-18 22:36:00,2015-03-18 22:41:00,C2.0,POINT(68 11),2302
gev_20150318_2255,2015-03-18 22:55:00,2015-03-18 23:01:00,2015-03-18 23:05:00,C3.4,POINT(69 10),2302
gev_20150319_0059,2015-03-19 00:59:00,2015-03-19 01:07:00,2015-03-19 01:13:00,B9.5,POINT(70 11),2302
gev_20150319_0120,2015-03-19 01:20:00,2015-03-19 01:31:00,2015-03-19 01:34:00,C2.2,POINT(69 10),2302
gev_20150319_0815,2015-03-19 08:15:00,2015-03-19 08:23:00,2015-03-19 08:23:00,C1.8,POINT(79 -16),2297
gev_20150319_1233,2015-03-19 12:33:00,2015-03-19 12:58:00,2015-03-19 13:14:00,C1.2,POINT(75 10),2302
gev_20150319_2349,2015-03-19 23:49:00,2015-03-19 23:52:00,2015-03-19 23:55:00,B5.6,POINT(77 10),2302
gev_20150320_0057,2015-03-20 00:57:00,2015-03-20 01:33:00,2015-03-20 01:33:00,C7.9,POINT(84 -19),2297
gev_20150320_2159,2015-03-20 21:59:00,2015-03-20 22:06:00,2015-03-20 22:17:00,B7.9,POINT(81 -15),2301
gev_20150321_0000,2015-03-21 00:00:00,2015-03-21 00:04:00,2015-03-21 00:07:00,B6.8,POINT(-41 21),0
gev_20150321_0013,2015-03-21 00:13:00,2015-03-21 00:18:00,2015-03-21 00:23:00,C1.4,POINT(84 -21),2297
gev_20150321_0734,2015-03-21 07:34:00,2015-03-21 08:00:00,2015-03-21 08:11:00,C1.8,POINT(-80 -14),2305
gev_20150321_0735,2015-03-21 07:35:00,2015-03-21 08:09:00,2015-03-21 09:25:00,C1.7,POINT(-19 19),2303
gev_20150322_2133,2015-03-22 21:33:00,2015-03-22 21:39:00,2015-03-22 21:46:00,C1.1,POINT(-72 6),2310
gev_20150322_2212,2015-03-22 22:12:00,2015-03-22 22:18:00,2015-03-22 22:24:00,C1.3,POINT(-72 6),2310
gev_20150323_0720,2015-03-23 07:20:00,2015-03-23 07:24:00,2015-03-23 07:28:00,B8.8,POINT(-88 -25),0
gev_20150323_0849,2015-03-23 08:49:00,2015-03-23 09:11:00,2015-03-23 09:20:00,C3.6,POINT(-86 -25),0
gev_20150323_1712,2015-03-23 17:12:00,2015-03-23 17:17:00,2015-03-23 17:22:00,C1.1,POINT(-87 -25),0
gev_20150323_1743,2015-03-23 17:43:00,2015-03-23 17:47:00,2015-03-23 17:56:00,B8.6,POINT(-50 -8),2305
gev_20150323_2002,2015-03-23 20:02:00,2015-03-23 20:06:00,2015-03-23 20:11:00,C1.4,POINT(-83 -25),0
gev_20150323_2302,2015-03-23 23:02:00,2015-03-23 23:13:00,2015-03-23 23:15:00,B9.1,POINT(-84 -25),0
gev_20150324_0155,2015-03-24 01:55:00,2015-03-24 01:58:00,2015-03-24 02:06:00,B9.4,POINT(-67 8),2312
gev_20150324_0548,2015-03-24 05:48:00,2015-03-24 05:54:00,2015-03-24 06:01:00,C1.5,POINT(-79 -25),0
gev_20150324_1621,2015-03-24 16:21:00,2015-03-24 16:23:00,2015-03-24 16:26:00,C1.0,POINT(-76 -27),2314
gev_20150325_0134,2015-03-25 01:34:00,2015-03-25 01:44:00,2015-03-25 01:53:00,C2.6,POINT(-22 -8),2305
gev_20150325_0320,2015-03-25 03:20:00,2015-03-25 03:24:00,2015-03-25 03:28:00,C1.3,POINT(31 20),2303
gev_20150325_0436,2015-03-25 04:36:00,2015-03-25 04:46:00,2015-03-25 04:46:00,C8.7,POINT(-30 -8),2305
gev_20150325_0720,2015-03-25 07:20:00,2015-03-25 07:27:00,2015-03-25 07:30:00,C1.8,POINT(-26 -10),2305
gev_20150325_0823,2015-03-25 08:23:00,2015-03-25 08:29:00,2015-03-25 08:32:00,C3.2,POINT(-50 9),2312
gev_20150325_1338,2015-03-25 13:38:00,2015-03-25 14:04:00,2015-03-25 14:23:00,C1.0,POINT(-26 -9),2305
gev_20150325_1630,2015-03-25 16:30:00,2015-03-25 16:45:00,2015-03-25 17:01:00,C3.3,POINT(-24 -8),2305
gev_20150325_1813,2015-03-25 18:13:00,2015-03-25 18:18:00,2015-03-25 18:20:00,C1.1,POINT(-19 -9),2305
gev_20150326_0006,2015-03-26 00:06:00,2015-03-26 00:21:00,2015-03-26 00:38:00,C2.8,POINT(-21 -8),2305
gev_20150326_0437,2015-03-26 04:37:00,2015-03-26 04:45:00,2015-03-26 04:56:00,B9.0,POINT(-18 -8),2305
gev_20150326_0808,2015-03-26 08:08:00,2015-03-26 08:11:00,2015-03-26 08:13:00,B7.0,POINT(-11 -10),2305
gev_20150326_0926,2015-03-26 09:26:00,2015-03-26 09:35:00,2015-03-26 09:43:00,B7.0,POINT(-84 -23),2314
gev_20150326_1052,2015-03-26 10:52:00,2015-03-26 11:00:00,2015-03-26 11:08:00,B6.5,POINT(-30 5),2312
gev_20150326_1130,2015-03-26 11:30:00,2015-03-26 11:38:00,2015-03-26 11:46:00,B6.0,POINT(-32 5),2312
gev_20150326_1157,2015-03-26 11:57:00,2015-03-26 12:05:00,2015-03-26 12:13:00,B7.7,POINT(-33 9),2312
gev_20150326_1419,2015-03-26 14:19:00,2015-03-26 14:32:00,2015-03-26 14:34:00,B8.5,POINT(-7 -10),2305
gev_20150326_1518,2015-03-26 15:18:00,2015-03-26 15:21:00,2015-03-26 15:23:00,C1.1,POINT(-6 -8),2305
gev_20150326_1605,2015-03-26 16:05:00,2015-03-26 16:13:00,2015-03-26 16:22:00,B9.3,POINT(51 23),2303
gev_20150326_1905,2015-03-26 19:05:00,2015-03-26 19:21:00,2015-03-26 19:21:00,C1.4,POINT(-11 -8),2305
gev_20150326_2337,2015-03-26 23:37:00,2015-03-26 23:51:00,2015-03-27 00:04:00,C1.2,POINT(-6 -8),2305
gev_20150327_0630,2015-03-27 06:30:00,2015-03-27 06:36:00,2015-03-27 06:41:00,C1.0,POINT(51 19),2303
gev_20150327_1237,2015-03-27 12:37:00,2015-03-27 12:43:00,2015-03-27 12:46:00,C1.6,POINT(76 14),2309
gev_20150327_1430,2015-03-27 14:30:00,2015-03-27 14:33:00,2015-03-27 14:37:00,C1.1,POINT(74 14),2308
gev_20150327_1506,2015-03-27 15:06:00,2015-03-27 15:09:00,2015-03-27 15:12:00,C1.8,POINT(76 14),2308
gev_20150327_1632,2015-03-27 16:32:00,2015-03-27 16:36:00,2015-03-27 16:38:00,C1.3,POINT(76 14),2308
gev_20150328_0448,2015-03-28 04:48:00,2015-03-28 05:26:00,2015-03-28 05:48:00,C2.2,POINT(10 -9),2305
gev_20150328_0645,2015-03-28 06:45:00,2015-03-28 06:55:00,2015-03-28 07:04:00,C1.5,POINT(11 -7),2305
gev_20150328_0757,2015-03-28 07:57:00,2015-03-28 08:12:00,2015-03-28 08:29:00,C2.0,POINT(12 -7),2305
gev_20150328_1027,2015-03-28 10:27:00,2015-03-28 10:43:00,2015-03-28 10:49:00,C1.0,POINT(69 19),2303
gev_20150328_1127,2015-03-28 11:27:00,2015-03-28 11:34:00,2015-03-28 11:44:00,C1.1,POINT(68 19),2303
gev_20150328_1227,2015-03-28 12:27:00,2015-03-28 12:30:00,2015-03-28 12:33:00,C2.0,POINT(4 4),2310
gev_20150328_1351,2015-03-28 13:51:00,2015-03-28 14:02:00,2015-03-28 14:11:00,C1.2,POINT(69 17),2303
gev_20150328_1506,2015-03-28 15:06:00,2015-03-28 15:11:00,2015-03-28 15:20:00,C1.3,POINT(-5 10),2312
gev_20150328_1603,2015-03-28 16:03:00,2015-03-28 16:07:00,2015-03-28 16:14:00,C2.4,POINT(70 17),2303
gev_20150328_2044,2015-03-28 20:44:00,2015-03-28 20:51:00,2015-03-28 20:54:00,C1.8,POINT(79 10),2308
gev_20150329_0650,2015-03-29 06:50:00,2015-03-29 06:56:00,2015-03-29 07:26:00,C3.0,POINT(79 17),2303
gev_20150329_1037,2015-03-29 10:37:00,2015-03-29 10:42:00,2015-03-29 10:44:00,C2.3,POINT(79 16),2303
gev_20150329_1128,2015-03-29 11:28:00,2015-03-29 11:32:00,2015-03-29 11:36:00,C1.5,POINT(79 17),2303
gev_20150329_1318,2015-03-29 13:18:00,2015-03-29 13:23:00,2015-03-29 13:31:00,C2.7,POINT(79 17),2303
gev_20150329_1413,2015-03-29 14:13:00,2015-03-29 14:19:00,2015-03-29 14:23:00,C1.8,POINT(87 17),2303
gev_20150329_1524,2015-03-29 15:24:00,2015-03-29 15:30:00,2015-03-29 15:38:00,C3.2,POINT(79 17),2303
gev_20150329_1739,2015-03-29 17:39:00,2015-03-29 17:43:00,2015-03-29 17:46:00,C1.4,POINT(79 19),2303
gev_20150329_1845,2015-03-29 18:45:00,2015-03-29 19:42:00,2015-03-29 20:21:00,C1.6,POINT(34 -13),2305
gev_20150330_0138,2015-03-30 01:38:00,2015-03-30 01:52:00,2015-03-30 01:52:00,C4.7,POINT(78 15),2303
gev_20150330_1246,2015-03-30 12:46:00,2015-03-30 12:55:00,2015-03-30 13:02:00,C2.4,POINT(78 17),2303
gev_20150330_1534,2015-03-30 15:34:00,2015-03-30 15:47:00,2015-03-30 16:03:00,C1.5,POINT(25 7),2312
gev_20150330_2021,2015-03-30 20:21:00,2015-03-30 20:27:00,2015-03-30 20:33:00,C1.6,POINT(77 16),2303
gev_20150330_2058,2015-03-30 20:58:00,2015-03-30 21:16:00,2015-03-30 21:30:00,C1.2,POINT(53 -11),2305
gev_20150330_2134,2015-03-30 21:34:00,2015-03-30 22:05:00,2015-03-30 22:25:00,C4.2,POINT(48 -7),2305
gev_20150330_2138,2015-03-30 21:38:00,2015-03-30 22:05:00,2015-03-30 22:16:00,C4.1,POINT(48 -7),2305
gev_20150331_0431,2015-03-31 04:31:00,2015-03-31 05:58:00,2015-03-31 10:29:00,B7.5,POINT(67 -13),2305
gev_20150331_0830,2015-03-31 08:30:00,2015-03-31 09:56:00,2015-03-31 12:20:00,B6.8,POINT(12 -26),0
gev_20150402_0419,2015-04-02 04:19:00,2015-04-02 05:34:00,2015-04-02 06:26:00,C1.3,POINT(60 8),2312
gev_20150402_1342,2015-04-02 13:42:00,2015-04-02 13:47:00,2015-04-02 13:53:00,B8.3,POINT(75 -20),2315
gev_20150402_2157,2015-04-02 21:57:00,2015-04-02 22:02:00,2015-04-02 22:07:00,C1.0,POINT(82 -9),2305
gev_20150403_0651,2015-04-03 06:51:00,2015-04-03 07:26:00,2015-04-03 07:58:00,C1.7,POINT(-81 -1),2318
gev_20150403_2010,2015-04-03 20:10:00,2015-04-03 20:35:00,2015-04-03 21:01:00,B8.9,POINT(74 22),2313
gev_20150404_0017,2015-04-04 00:17:00,2015-04-04 00:22:00,2015-04-04 00:25:00,B6.1,POINT(77 22),0
gev_20150404_0030,2015-04-04 00:30:00,2015-04-04 00:33:00,2015-04-04 00:35:00,B9.8,POINT(-71 7),2318
gev_20150404_1138,2015-04-04 11:38:00,2015-04-04 11:54:00,2015-04-04 12:10:00,C1.0,POINT(-66 9),2318
gev_20150404_1610,2015-04-04 16:10:00,2015-04-04 16:13:00,2015-04-04 16:15:00,B8.5,POINT(-48 -14),2320
gev_20150404_1629,2015-04-04 16:29:00,2015-04-04 16:49:00,2015-04-04 17:09:00,B8.6,POINT(71 -25),2315
gev_20150404_1920,2015-04-04 19:20:00,2015-04-04 20:14:00,2015-04-04 21:11:00,C1.0,POINT(-49 -19),2320
gev_20150404_2216,2015-04-04 22:16:00,2015-04-05 00:07:00,2015-04-05 01:45:00,C3.8,POINT(-21 -30),0
gev_20150404_2217,2015-04-04 22:17:00,2015-04-04 23:04:00,2015-04-05 00:00:00,C2.7,POINT(76 11),2317
gev_20150405_0308,2015-04-05 03:08:00,2015-04-05 03:36:00,2015-04-05 03:57:00,C1.9,POINT(-10 -27),0
gev_20150405_1826,2015-04-05 18:26:00,2015-04-05 18:34:00,2015-04-05 18:42:00,B7.5,POINT(71 7),2317
gev_20150405_2039,2015-04-05 20:39:00,2015-04-05 21:00:00,2015-04-05 21:29:00,C3.0,POINT(-34 -11),2320
gev_20150406_0546,2015-04-06 05:46:00,2015-04-06 05:50:00,2015-04-06 05:52:00,C1.2,POINT(-48 5),2318
gev_20150406_1305,2015-04-06 13:05:00,2015-04-06 13:08:00,2015-04-06 13:10:00,B8.0,POINT(81 23),0
gev_20150406_1835,2015-04-06 18:35:00,2015-04-06 19:06:00,2015-04-06 19:14:00,C3.0,POINT(-22 -14),2320
gev_20150407_0226,2015-04-07 02:26:00,2015-04-07 02:34:00,2015-04-07 02:55:00,B8.6,POINT(-30 8),2318
gev_20150407_0332,2015-04-07 03:32:00,2015-04-07 03:37:00,2015-04-07 03:43:00,B8.2,POINT(-29 9),2318
gev_20150407_1439,2015-04-07 14:39:00,2015-04-07 14:42:00,2015-04-07 14:48:00,B6.6,POINT(-9 -14),2320
gev_20150407_2127,2015-04-07 21:27:00,2015-04-07 21:31:00,2015-04-07 21:35:00,C1.1,POINT(0 -13),2320
gev_20150408_0002,2015-04-08 00:02:00,2015-04-08 00:07:00,2015-04-08 00:09:00,C1.0,POINT(1 -13),2320
gev_20150408_1437,2015-04-08 14:37:00,2015-04-08 14:43:00,2015-04-08 14:47:00,M1.4,POINT(4 -13),2320
gev_20150409_0033,2015-04-09 00:33:00,2015-04-09 00:39:00,2015-04-09 00:39:00,B5.7,POINT(10 -14),2320
gev_20150409_0451,2015-04-09 04:51:00,2015-04-09 04:54:00,2015-04-09 04:56:00,B3.8,POINT(9 -15),2320
gev_20150409_0602,2015-04-09 06:02:00,2015-04-09 06:07:00,2015-04-09 06:09:00,B9.0,POINT(10 -14),2320
gev_20150409_0625,2015-04-09 06:25:00,2015-04-09 06:35:00,2015-04-09 06:43:00,C5.4,POINT(13 -13),2320
gev_20150409_0724,2015-04-09 07:24:00,2015-04-09 07:27:00,2015-04-09 07:29:00,C1.6,POINT(11 -14),2320
gev_20150409_0835,2015-04-09 08:35:00,2015-04-09 08:39:00,2015-04-09 08:41:00,B4.8,POINT(-46 11),0
gev_20150409_0931,2015-04-09 09:31:00,2015-04-09 09:34:00,2015-04-09 09:37:00,B4.7,POINT(13 -15),2320
gev_20150409_1057,2015-04-09 10:57:00,2015-04-09 11:02:00,2015-04-09 11:05:00,B7.1,POINT(-2 -21),2323
gev_20150409_1256,2015-04-09 12:56:00,2015-04-09 13:01:00,2015-04-09 13:16:00,B5.1,POINT(16 -14),2320
gev_20150409_1433,2015-04-09 14:33:00,2015-04-09 14:44:00,2015-04-09 14:53:00,B6.7,POINT(18 -13),2320
gev_20150409_1713,2015-04-09 17:13:00,2015-04-09 17:29:00,2015-04-09 17:38:00,C5.9,POINT(21 -13),2320
gev_20150409_1851,2015-04-09 18:51:00,2015-04-09 19:01:00,2015-04-09 19:05:00,C6.2,POINT(21 -14),2320
gev_20150409_2015,2015-04-09 20:15:00,2015-04-09 20:19:00,2015-04-09 20:22:00,B6.9,POINT(19 -15),2320
gev_20150409_2336,2015-04-09 23:36:00,2015-04-09 23:45:00,2015-04-09 23:51:00,C3.3,POINT(20 -14),2320
gev_20150410_0405,2015-04-10 04:05:00,2015-04-10 04:23:00,2015-04-10 04:26:00,B8.3,POINT(27 -13),2320
gev_20150410_0757,2015-04-10 07:57:00,2015-04-10 08:03:00,2015-04-10 08:06:00,C7.9,POINT(29 -13),2320
gev_20150410_0811,2015-04-10 08:11:00,2015-04-10 08:15:00,2015-04-10 08:18:00,C2.9,POINT(29 -14),2320
gev_20150410_0933,2015-04-10 09:33:00,2015-04-10 09:52:00,2015-04-10 10:00:00,C2.8,POINT(29 -13),2320
gev_20150410_1919,2015-04-10 19:19:00,2015-04-10 19:27:00,2015-04-10 19:36:00,C2.7,POINT(35 -13),2320
gev_20150411_0229,2015-04-11 02:29:00,2015-04-11 02:41:00,2015-04-11 02:55:00,C4.7,POINT(-81 13),2321
gev_20150411_0941,2015-04-11 09:41:00,2015-04-11 09:44:00,2015-04-11 09:46:00,B8.7,POINT(43 -13),2320
gev_20150411_1546,2015-04-11 15:46:00,2015-04-11 15:50:00,2015-04-11 15:54:00,B9.4,POINT(-72 13),2321
gev_20150411_1618,2015-04-11 16:18:00,2015-04-11 16:26:00,2015-04-11 16:37:00,C1.4,POINT(-74 13),2321
gev_20150411_1712,2015-04-11 17:12:00,2015-04-11 17:41:00,2015-04-11 17:54:00,C2.1,POINT(-77 13),2321
gev_20150411_2014,2015-04-11 20:14:00,2015-04-11 21:00:00,2015-04-11 21:50:00,C1.8,POINT(-80 10),2321
gev_20150412_0024,2015-04-12 00:24:00,2015-04-12 00:29:00,2015-04-12 00:32:00,C3.9,POINT(53 -13),2320
gev_20150412_0113,2015-04-12 01:13:00,2015-04-12 01:21:00,2015-04-12 01:27:00,C2.9,POINT(-81 11),2321
gev_20150412_0811,2015-04-12 08:11:00,2015-04-12 08:16:00,2015-04-12 08:27:00,C2.9,POINT(-68 13),2321
gev_20150412_0851,2015-04-12 08:51:00,2015-04-12 09:49:00,2015-04-12 10:44:00,M1.1,POINT(-78 11),2325
gev_20150412_1439,2015-04-12 14:39:00,2015-04-12 14:45:00,2015-04-12 14:50:00,C1.7,POINT(-64 13),2321
gev_20150412_1511,2015-04-12 15:11:00,2015-04-12 15:15:00,2015-04-12 15:20:00,C1.3,POINT(42 -17),2323
gev_20150412_1631,2015-04-12 16:31:00,2015-04-12 17:18:00,2015-04-12 17:29:00,C2.2,POINT(65 -12),2320
gev_20150412_1758,2015-04-12 17:58:00,2015-04-12 18:07:00,2015-04-12 18:10:00,C9.0,POINT(-60 12),2321
gev_20150412_1934,2015-04-12 19:34:00,2015-04-12 19:38:00,2015-04-12 19:42:00,C2.3,POINT(-33 14),2322
gev_20150412_2120,2015-04-12 21:20:00,2015-04-12 21:27:00,2015-04-12 21:40:00,C2.0,POINT(49 -14),2323
gev_20150412_2216,2015-04-12 22:16:00,2015-04-12 22:26:00,2015-04-12 22:34:00,C2.9,POINT(44 -17),2323
gev_20150412_2324,2015-04-12 23:24:00,2015-04-12 23:29:00,2015-04-12 23:35:00,C6.4,POINT(-56 12),2321
gev_20150413_0239,2015-04-13 02:39:00,2015-04-13 02:43:00,2015-04-13 02:47:00,C2.1,POINT(-55 13),2321
gev_20150413_0402,2015-04-13 04:02:00,2015-04-13 04:09:00,2015-04-13 04:12:00,C4.3,POINT(-25 13),2322
gev_20150413_0635,2015-04-13 06:35:00,2015-04-13 06:39:00,2015-04-13 06:45:00,C1.6,POINT(-25 13),2322
gev_20150413_0726,2015-04-13 07:26:00,2015-04-13 07:30:00,2015-04-13 07:33:00,C1.2,POINT(70 -13),2320
gev_20150413_0821,2015-04-13 08:21:00,2015-04-13 08:26:00,2015-04-13 08:28:00,C4.7,POINT(-25 12),2322
gev_20150413_1006,2015-04-13 10:06:00,2015-04-13 10:11:00,2015-04-13 10:14:00,C1.9,POINT(71 -13),2320
gev_20150413_1128,2015-04-13 11:28:00,2015-04-13 11:35:00,2015-04-13 11:39:00,C2.3,POINT(73 -14),2320
gev_20150413_1314,2015-04-13 13:14:00,2015-04-13 13:18:00,2015-04-13 13:21:00,C1.4,POINT(74 -14),2320
gev_20150413_2309,2015-04-13 23:09:00,2015-04-13 23:23:00,2015-04-13 23:26:00,C2.9,POINT(81 -13),2320
gev_20150414_1502,2015-04-14 15:02:00,2015-04-14 15:48:00,2015-04-14 16:45:00,C2.1,POINT(-68 17),2324
gev_20150415_1135,2015-04-15 11:35:00,2015-04-15 11:42:00,2015-04-15 11:53:00,C1.5,POINT(-23 12),2321
gev_20150415_2013,2015-04-15 20:13:00,2015-04-15 20:23:00,2015-04-15 20:23:00,C7.8,POINT(-16 10),2321
gev_20150416_0525,2015-04-16 05:25:00,2015-04-16 06:05:00,2015-04-16 06:19:00,C2.0,POINT(-23 10),2326
gev_20150416_0900,2015-04-16 09:00:00,2015-04-16 09:07:00,2015-04-16 09:14:00,C5.7,POINT(-47 21),2324
gev_20150416_1117,2015-04-16 11:17:00,2015-04-16 11:22:00,2015-04-16 11:30:00,C2.3,POINT(-8 10),2321
gev_20150416_1223,2015-04-16 12:23:00,2015-04-16 14:00:00,2015-04-16 14:12:00,C2.0,POINT(-6 10),2321
gev_20150416_1616,2015-04-16 16:16:00,2015-04-16 16:25:00,2015-04-16 16:37:00,C1.8,POINT(-4 9),2321
gev_20150416_1804,2015-04-16 18:04:00,2015-04-16 18:11:00,2015-04-16 18:24:00,C1.4,POINT(-52 4),2325
gev_20150416_1907,2015-04-16 19:07:00,2015-04-16 19:18:00,2015-04-16 19:34:00,C3.3,POINT(-51 5),2325
gev_20150417_0109,2015-04-17 01:09:00,2015-04-17 01:37:00,2015-04-17 01:44:00,C2.6,POINT(-47 5),2325
gev_20150417_0446,2015-04-17 04:46:00,2015-04-17 04:57:00,2015-04-17 05:02:00,C1.1,POINT(-36 21),2324
gev_20150417_0523,2015-04-17 05:23:00,2015-04-17 05:28:00,2015-04-17 05:32:00,C1.5,POINT(-36 21),2324
gev_20150417_0927,2015-04-17 09:27:00,2015-04-17 09:32:00,2015-04-17 09:39:00,C1.1,POINT(-42 5),2325
gev_20150417_1231,2015-04-17 12:31:00,2015-04-17 12:37:00,2015-04-17 12:44:00,C1.0,POINT(-40 5),2325
gev_20150417_1757,2015-04-17 17:57:00,2015-04-17 18:01:00,2015-04-17 18:03:00,C1.2,POINT(-27 19),2324
gev_20150418_1326,2015-04-18 13:26:00,2015-04-18 13:37:00,2015-04-18 13:46:00,C2.3,POINT(-28 2),2325
gev_20150418_1403,2015-04-18 14:03:00,2015-04-18 14:19:00,2015-04-18 14:39:00,C5.2,POINT(15 7),2321
gev_20150418_1809,2015-04-18 18:09:00,2015-04-18 18:25:00,2015-04-18 18:38:00,C2.9,POINT(24 10),2321
gev_20150418_2140,2015-04-18 21:40:00,2015-04-18 21:44:00,2015-04-18 21:49:00,B8.2,POINT(-11 17),2324
gev_20150419_0052,2015-04-19 00:52:00,2015-04-19 00:57:00,2015-04-19 01:03:00,C1.5,POINT(-9 17),2324
gev_20150419_0320,2015-04-19 03:20:00,2015-04-19 03:30:00,2015-04-19 03:39:00,C1.4,POINT(27 13),2321
gev_20150419_0551,2015-04-19 05:51:00,2015-04-19 06:04:00,2015-04-19 06:15:00,B9.3,POINT(-8 19),2324
gev_20150419_0640,2015-04-19 06:40:00,2015-04-19 07:19:00,2015-04-19 07:45:00,C2.2,POINT(-12 7),2325
gev_20150420_0033,2015-04-20 00:33:00,2015-04-20 00:52:00,2015-04-20 01:05:00,C1.0,POINT(58 11),2322
gev_20150420_1951,2015-04-20 19:51:00,2015-04-20 19:53:00,2015-04-20 19:58:00,C1.2,POINT(81 13),2322
gev_20150420_2040,2015-04-20 20:40:00,2015-04-20 21:16:00,2015-04-20 22:15:00,C2.4,POINT(44 9),2321
gev_20150421_0349,2015-04-21 03:49:00,2015-04-21 03:54:00,2015-04-21 04:07:00,C1.2,POINT(80 12),2322
gev_20150421_0536,2015-04-21 05:36:00,2015-04-21 05:41:00,2015-04-21 05:52:00,C1.1,POINT(23 22),2324
gev_20150421_0708,2015-04-21 07:08:00,2015-04-21 07:20:00,2015-04-21 07:27:00,M1.0,POINT(80 11),2322
gev_20150421_0955,2015-04-21 09:55:00,2015-04-21 10:02:00,2015-04-21 10:14:00,C2.4,POINT(80 10),2322
gev_20150421_1017,2015-04-21 10:17:00,2015-04-21 10:40:00,2015-04-21 10:59:00,M2.2,POINT(-80 16),2333
gev_20150421_1149,2015-04-21 11:49:00,2015-04-21 11:57:00,2015-04-21 12:02:00,M2.2,POINT(80 10),2322
gev_20150421_1524,2015-04-21 15:24:00,2015-04-21 15:45:00,2015-04-21 15:51:00,M4.0,POINT(80 10),2322
gev_20150421_1655,2015-04-21 16:55:00,2015-04-21 17:00:00,2015-04-21 17:09:00,M2.0,POINT(80 10),2322
gev_20150421_2050,2015-04-21 20:50:00,2015-04-21 20:59:00,2015-04-21 21:13:00,C5.0,POINT(18 2),2325
gev_20150421_2139,2015-04-21 21:39:00,2015-04-21 21:45:00,2015-04-21 21:55:00,M1.8,POINT(80 10),2322
gev_20150421_2158,2015-04-21 21:58:00,2015-04-21 22:01:00,2015-04-21 22:04:00,M1.2,POINT(80 9),2322
gev_20150422_0111,2015-04-22 01:11:00,2015-04-22 01:15:00,2015-04-22 01:19:00,C2.3,POINT(27 5),2325
gev_20150422_0138,2015-04-22 01:38:00,2015-04-22 01:44:00,2015-04-22 01:50:00,C3.7,POINT(33 23),2324
gev_20150422_0200,2015-04-22 02:00:00,2015-04-22 02:07:00,2015-04-22 02:15:00,C4.6,POINT(27 5),2325
gev_20150422_0300,2015-04-22 03:00:00,2015-04-22 03:05:00,2015-04-22 03:12:00,C2.8,POINT(25 6),2325
gev_20150422_0314,2015-04-22 03:14:00,2015-04-22 03:25:00,2015-04-22 03:34:00,C4.1,POINT(79 10),2322
gev_20150422_0601,2015-04-22 06:01:00,2015-04-22 06:11:00,2015-04-22 06:17:00,C2.3,POINT(21 -12),2332
gev_20150422_0704,2015-04-22 07:04:00,2015-04-22 07:11:00,2015-04-22 07:18:00,C2.3,POINT(-16 -9),2327
gev_20150422_0759,2015-04-22 07:59:00,2015-04-22 08:06:00,2015-04-22 08:21:00,C3.8,POINT(38 21),2324
gev_20150422_0830,2015-04-22 08:30:00,2015-04-22 08:44:00,2015-04-22 08:58:00,M1.1,POINT(80 9),2321
gev_20150422_1211,2015-04-22 12:11:00,2015-04-22 12:15:00,2015-04-22 12:20:00,C1.4,POINT(37 21),2324
gev_20150423_0114,2015-04-23 01:14:00,2015-04-23 01:18:00,2015-04-23 01:20:00,C1.7,POINT(69 19),2326
gev_20150423_0205,2015-04-23 02:05:00,2015-04-23 02:09:00,2015-04-23 02:20:00,C2.2,POINT(67 19),2326
gev_20150423_0325,2015-04-23 03:25:00,2015-04-23 03:29:00,2015-04-23 03:31:00,C1.5,POINT(68 19),2326
gev_20150423_0506,2015-04-23 05:06:00,2015-04-23 05:18:00,2015-04-23 05:23:00,C1.6,POINT(47 21),2324
gev_20150423_0627,2015-04-23 06:27:00,2015-04-23 06:32:00,2015-04-23 06:37:00,C1.5,POINT(71 19),2326
gev_20150423_0731,2015-04-23 07:31:00,2015-04-23 07:43:00,2015-04-23 07:52:00,C1.4,POINT(74 20),2326
gev_20150423_0918,2015-04-23 09:18:00,2015-04-23 10:07:00,2015-04-23 10:07:00,M1.1,POINT(80 7),2321
gev_20150423_1158,2015-04-23 11:58:00,2015-04-23 12:03:00,2015-04-23 12:08:00,C7.3,POINT(74 19),2326
gev_20150423_1456,2015-04-23 14:56:00,2015-04-23 15:20:00,2015-04-23 15:29:00,C3.1,POINT(38 -1),2325
gev_20150423_1742,2015-04-23 17:42:00,2015-04-23 17:46:00,2015-04-23 17:48:00,C2.6,POINT(76 19),2326
gev_20150423_1956,2015-04-23 19:56:00,2015-04-23 19:59:00,2015-04-23 20:05:00,C3.0,POINT(19 -10),2331
gev_20150424_0135,2015-04-24 01:35:00,2015-04-24 01:38:00,2015-04-24 01:44:00,C1.2,POINT(87 20),2326
gev_20150424_0239,2015-04-24 02:39:00,2015-04-24 02:51:00,2015-04-24 03:01:00,C1.4,POINT(79 18),2326
gev_20150424_0501,2015-04-24 05:01:00,2015-04-24 05:28:00,2015-04-24 05:41:00,C1.4,POINT(79 18),2326
gev_20150424_0839,2015-04-24 08:39:00,2015-04-24 08:43:00,2015-04-24 08:47:00,C2.1,POINT(61 23),2324
gev_20150424_1802,2015-04-24 18:02:00,2015-04-24 18:11:00,2015-04-24 18:35:00,C1.0,POINT(29 -9),2331
gev_20150424_1905,2015-04-24 19:05:00,2015-04-24 19:27:00,2015-04-24 19:40:00,C1.7,POINT(68 21),2324
gev_20150424_2004,2015-04-24 20:04:00,2015-04-24 20:23:00,2015-04-24 20:37:00,C1.6,POINT(-27 8),0
gev_20150424_2125,2015-04-24 21:25:00,2015-04-24 21:45:00,2015-04-24 22:05:00,C1.5,POINT(-22 10),0
gev_20150424_2252,2015-04-24 22:52:00,2015-04-24 22:59:00,2015-04-24 23:04:00,C1.3,POINT(32 -9),2331
gev_20150424_2328,2015-04-24 23:28:00,2015-04-24 23:31:00,2015-04-24 23:38:00,C1.2,POINT(34 -10),2331
gev_20150425_1232,2015-04-25 12:32:00,2015-04-25 12:33:00,2015-04-25 12:37:00,B8.4,POINT(87 20),2324
gev_20150425_1803,2015-04-25 18:03:00,2015-04-25 18:48:00,2015-04-25 19:30:00,C1.9,POINT(-28 22),2333
gev_20150426_1144,2015-04-26 11:44:00,2015-04-26 11:49:00,2015-04-26 11:53:00,C1.0,POINT(52 -8),2331
gev_20150426_1310,2015-04-26 13:10:00,2015-04-26 13:14:00,2015-04-26 13:21:00,B6.5,POINT(53 -9),2331
gev_20150426_1347,2015-04-26 13:47:00,2015-04-26 14:12:00,2015-04-26 14:21:00,B8.5,POINT(54 -8),2331
gev_20150426_1746,2015-04-26 17:46:00,2015-04-26 17:51:00,2015-04-26 17:56:00,B6.6,POINT(47 -12),2327
gev_20150426_2051,2015-04-26 20:51:00,2015-04-26 20:57:00,2015-04-26 21:03:00,C1.4,POINT(48 -12),2327
gev_20150428_0513,2015-04-28 05:13:00,2015-04-28 05:19:00,2015-04-28 05:22:00,C1.9,POINT(71 -6),2327
gev_20150429_1620,2015-04-29 16:20:00,2015-04-29 16:34:00,2015-04-29 16:52:00,C1.0,POINT(42 9),0
gev_20150429_2022,2015-04-29 20:22:00,2015-04-29 20:28:00,2015-04-29 20:32:00,B7.0,POINT(-82 -14),2335
gev_20150430_1228,2015-04-30 12:28:00,2015-04-30 13:47:00,2015-04-30 14:40:00,B6.1,POINT(54 4),0
gev_20150430_1956,2015-04-30 19:56:00,2015-04-30 21:08:00,2015-04-30 21:40:00,C1.1,POINT(-83 -14),2335
gev_20150430_2006,2015-04-30 20:06:00,2015-04-30 21:08:00,2015-04-30 21:55:00,C1.1,POINT(-82 -14),2335
gev_20150501_0248,2015-05-01 02:48:00,2015-05-01 02:57:00,2015-05-01 03:07:00,C2.3,POINT(-82 -15),2335
gev_20150501_2142,2015-05-01 21:42:00,2015-05-01 21:45:00,2015-05-01 21:53:00,B3.3,POINT(-68 -15),2335
gev_20150501_2254,2015-05-01 22:54:00,2015-05-01 22:57:00,2015-05-01 23:00:00,B3.9,POINT(-67 -16),2335
gev_20150502_0104,2015-05-02 01:04:00,2015-05-02 01:07:00,2015-05-02 01:10:00,B5.7,POINT(-65 -16),2335
gev_20150502_0155,2015-05-02 01:55:00,2015-05-02 02:02:00,2015-05-02 02:08:00,B7.2,POINT(-69 -16),2337
gev_20150502_0729,2015-05-02 07:29:00,2015-05-02 07:34:00,2015-05-02 07:40:00,B6.4,POINT(-66 -16),2335
gev_20150502_1636,2015-05-02 16:36:00,2015-05-02 16:49:00,2015-05-02 17:00:00,B5.6,POINT(-57 -16),2335
gev_20150502_2201,2015-05-02 22:01:00,2015-05-02 22:08:00,2015-05-02 22:12:00,B8.8,POINT(-58 -17),2335
gev_20150503_0053,2015-05-03 00:53:00,2015-05-03 00:58:00,2015-05-03 01:10:00,C1.0,POINT(-51 -14),2335
gev_20150503_0218,2015-05-03 02:18:00,2015-05-03 02:28:00,2015-05-03 02:35:00,C1.2,POINT(-50 -14),2335
gev_20150503_0407,2015-05-03 04:07:00,2015-05-03 04:19:00,2015-05-03 04:38:00,B9.8,POINT(-51 -15),2335
gev_20150503_0556,2015-05-03 05:56:00,2015-05-03 06:05:00,2015-05-03 06:13:00,C1.8,POINT(-49 -13),2335
gev_20150503_0846,2015-05-03 08:46:00,2015-05-03 09:04:00,2015-05-03 09:25:00,C1.4,POINT(-48 -15),2335
gev_20150503_0928,2015-05-03 09:28:00,2015-05-03 09:34:00,2015-05-03 09:44:00,C1.8,POINT(-47 -14),2335
gev_20150503_1413,2015-05-03 14:13:00,2015-05-03 14:16:00,2015-05-03 14:18:00,B7.5,POINT(-46 -18),2335
gev_20150503_2304,2015-05-03 23:04:00,2015-05-03 23:47:00,2015-05-04 00:07:00,C2.2,POINT(-39 -17),2335
gev_20150504_0043,2015-05-04 00:43:00,2015-05-04 00:52:00,2015-05-04 01:06:00,C8.0,POINT(-39 -17),2335
gev_20150504_0249,2015-05-04 02:49:00,2015-05-04 03:03:00,2015-05-04 03:12:00,C3.0,POINT(-37 -17),2335
gev_20150504_0418,2015-05-04 04:18:00,2015-05-04 04:21:00,2015-05-04 04:28:00,C1.5,POINT(-37 -16),2335
gev_20150504_0457,2015-05-04 04:57:00,2015-05-04 05:00:00,2015-05-04 05:02:00,C1.0,POINT(-36 -15),2335
gev_20150504_0557,2015-05-04 05:57:00,2015-05-04 06:00:00,2015-05-04 06:02:00,B8.0,POINT(-37 -18),2335
gev_20150504_0634,2015-05-04 06:34:00,2015-05-04 06:39:00,2015-05-04 06:42:00,B9.7,POINT(-32 -16),2335
gev_20150504_0838,2015-05-04 08:38:00,2015-05-04 08:52:00,2015-05-04 09:01:00,C1.4,POINT(-34 -18),2335
gev_20150504_1023,2015-05-04 10:23:00,2015-05-04 10:32:00,2015-05-04 10:38:00,C2.0,POINT(-80 12),0
gev_20150504_1657,2015-05-04 16:57:00,2015-05-04 17:05:00,2015-05-04 17:12:00,C5.1,POINT(-80 13),0
gev_20150504_2240,2015-05-04 22:40:00,2015-05-04 22:50:00,2015-05-04 22:53:00,C1.7,POINT(43 -21),0
gev_20150505_0218,2015-05-05 02:18:00,2015-05-05 02:32:00,2015-05-05 02:39:00,C2.1,POINT(-25 -18),2335
gev_20150505_0300,2015-05-05 03:00:00,2015-05-05 03:03:00,2015-05-05 03:05:00,C2.5,POINT(-81 13),0
gev_20150505_0326,2015-05-05 03:26:00,2015-05-05 03:30:00,2015-05-05 03:33:00,C1.5,POINT(-25 -18),2335
gev_20150505_0351,2015-05-05 03:51:00,2015-05-05 04:03:00,2015-05-05 04:08:00,C5.1,POINT(-39 4),2338
gev_20150505_0438,2015-05-05 04:38:00,2015-05-05 04:47:00,2015-05-05 04:52:00,C2.6,POINT(-82 11),2339
gev_20150505_0502,2015-05-05 05:02:00,2015-05-05 05:06:00,2015-05-05 05:09:00,C2.6,POINT(-78 14),2339
gev_20150505_0656,2015-05-05 06:56:00,2015-05-05 07:11:00,2015-05-05 07:25:00,C2.5,POINT(-22 -19),2335
gev_20150505_0757,2015-05-05 07:57:00,2015-05-05 08:02:00,2015-05-05 08:05:00,C4.3,POINT(-82 14),2339
gev_20150505_0820,2015-05-05 08:20:00,2015-05-05 08:37:00,2015-05-05 08:46:00,C3.7,POINT(-82 11),2339
gev_20150505_0911,2015-05-05 09:11:00,2015-05-05 09:19:00,2015-05-05 09:30:00,C3.7,POINT(-81 12),2339
gev_20150505_0942,2015-05-05 09:42:00,2015-05-05 09:47:00,2015-05-05 09:51:00,M1.9,POINT(-82 14),2339
gev_20150505_1120,2015-05-05 11:20:00,2015-05-05 11:29:00,2015-05-05 11:43:00,C6.6,POINT(-19 -17),2335
gev_20150505_1155,2015-05-05 11:55:00,2015-05-05 11:58:00,2015-05-05 12:00:00,C3.6,POINT(-18 -14),2335
gev_20150505_1345,2015-05-05 13:45:00,2015-05-05 13:53:00,2015-05-05 13:56:00,M1.2,POINT(-82 14),2339
gev_20150505_1419,2015-05-05 14:19:00,2015-05-05 14:25:00,2015-05-05 14:32:00,M1.3,POINT(-17 -16),2335
gev_20150505_1631,2015-05-05 16:31:00,2015-05-05 16:35:00,2015-05-05 16:44:00,C1.5,POINT(-16 -16),2335
gev_20150505_1704,2015-05-05 17:04:00,2015-05-05 17:08:00,2015-05-05 17:10:00,C1.9,POINT(-15 -15),2335
gev_20150505_1712,2015-05-05 17:12:00,2015-05-05 17:24:00,2015-05-05 17:30:00,M2.6,POINT(-15 -16),2335
gev_20150505_1838,2015-05-05 18:38:00,2015-05-05 18:41:00,2015-05-05 18:43:00,C1.3,POINT(-15 -15),2335
gev_20150505_2053,2015-05-05 20:53:00,2015-05-05 20:56:00,2015-05-05 21:02:00,C1.9,POINT(-76 14),2339
gev_20150505_2112,2015-05-05 21:12:00,2015-05-05 21:16:00,2015-05-05 21:21:00,C1.7,POINT(-77 11),2339
gev_20150505_2133,2015-05-05 21:33:00,2015-05-05 21:43:00,2015-05-05 21:53:00,C2.5,POINT(-81 13),2339
gev_20150505_2205,2015-05-05 22:05:00,2015-05-05 22:11:00,2015-05-05 22:15:00,X2.7,POINT(-79 15),2339
gev_20150506_0150,2015-05-06 01:50:00,2015-05-06 01:53:00,2015-05-06 01:58:00,C3.9,POINT(-13 -18),2335
gev_20150506_0506,2015-05-06 05:06:00,2015-05-06 05:10:00,2015-05-06 05:13:00,C2.3,POINT(-72 15),2339
gev_20150506_0636,2015-05-06 06:36:00,2015-05-06 06:41:00,2015-05-06 06:46:00,C3.4,POINT(-74 11),2339
gev_20150506_0650,2015-05-06 06:50:00,2015-05-06 06:53:00,2015-05-06 06:57:00,C2.4,POINT(-69 14),2339
gev_20150506_1103,2015-05-06 11:03:00,2015-05-06 11:12:00,2015-05-06 11:23:00,C3.4,POINT(-81 13),2339
gev_20150506_1145,2015-05-06 11:45:00,2015-05-06 11:49:00,2015-05-06 11:51:00,M1.9,POINT(-8 -19),2335
gev_20150506_1608,2015-05-06 16:08:00,2015-05-06 16:11:00,2015-05-06 16:15:00,C1.5,POINT(-4 -15),2335
gev_20150506_1714,2015-05-06 17:14:00,2015-05-06 17:18:00,2015-05-06 17:23:00,C2.0,POINT(-65 15),2339
gev_20150506_1959,2015-05-06 19:59:00,2015-05-06 20:12:00,2015-05-06 20:18:00,C2.9,POINT(-64 15),2339
gev_20150506_2019,2015-05-06 20:19:00,2015-05-06 20:23:00,2015-05-06 20:25:00,C3.0,POINT(-64 10),2339
gev_20150507_0322,2015-05-07 03:22:00,2015-05-07 03:26:00,2015-05-07 03:32:00,C1.1,POINT(-62 11),2339
gev_20150507_0427,2015-05-07 04:27:00,2015-05-07 04:33:00,2015-05-07 04:40:00,C1.2,POINT(-60 10),2339
gev_20150507_0624,2015-05-07 06:24:00,2015-05-07 06:31:00,2015-05-07 06:38:00,C1.6,POINT(-61 11),2339
gev_20150507_0954,2015-05-07 09:54:00,2015-05-07 10:02:00,2015-05-07 10:22:00,C4.3,POINT(-58 14),2339
gev_20150507_1522,2015-05-07 15:22:00,2015-05-07 15:30:00,2015-05-07 15:30:00,C1.8,POINT(-57 11),2339
gev_20150507_1649,2015-05-07 16:49:00,2015-05-07 16:54:00,2015-05-07 17:03:00,C2.8,POINT(-52 15),2339
gev_20150507_1947,2015-05-07 19:47:00,2015-05-07 19:59:00,2015-05-07 20:09:00,C5.0,POINT(-51 15),2339
gev_20150507_2311,2015-05-07 23:11:00,2015-05-07 23:15:00,2015-05-07 23:20:00,C1.7,POINT(-47 14),2339
gev_20150508_0356,2015-05-08 03:56:00,2015-05-08 04:09:00,2015-05-08 04:14:00,C5.5,POINT(-44 14),2339
gev_20150508_0433,2015-05-08 04:33:00,2015-05-08 04:45:00,2015-05-08 04:48:00,C1.0,POINT(-49 11),2339
gev_20150508_0451,2015-05-08 04:51:00,2015-05-08 05:01:00,2015-05-08 05:03:00,C1.0,POINT(-46 12),2339
gev_20150508_0800,2015-05-08 08:00:00,2015-05-08 08:07:00,2015-05-08 08:13:00,C1.5,POINT(-79 16),2342
gev_20150508_0929,2015-05-08 09:29:00,2015-05-08 09:32:00,2015-05-08 09:34:00,C1.0,POINT(-43 14),2339
gev_20150508_0937,2015-05-08 09:37:00,2015-05-08 09:40:00,2015-05-08 09:42:00,C4.1,POINT(-49 10),2339
gev_20150508_1457,2015-05-08 14:57:00,2015-05-08 15:01:00,2015-05-08 15:04:00,C1.4,POINT(-45 9),2339
gev_20150508_1950,2015-05-08 19:50:00,2015-05-08 19:55:00,2015-05-08 20:03:00,C1.0,POINT(-39 11),2339
gev_20150508_2132,2015-05-08 21:32:00,2015-05-08 21:50:00,2015-05-08 22:20:00,C2.0,POINT(-40 11),2345
gev_20150509_0112,2015-05-09 01:12:00,2015-05-09 01:34:00,2015-05-09 02:21:00,C7.4,POINT(-81 16),2342
gev_20150509_0801,2015-05-09 08:01:00,2015-05-09 08:13:00,2015-05-09 08:24:00,C3.0,POINT(-34 15),2345
gev_20150509_1353,2015-05-09 13:53:00,2015-05-09 14:00:00,2015-05-09 14:05:00,C1.6,POINT(-28 10),2339
gev_20150509_1632,2015-05-09 16:32:00,2015-05-09 16:35:00,2015-05-09 16:37:00,C1.0,POINT(-35 13),2345
gev_20150509_1840,2015-05-09 18:40:00,2015-05-09 19:06:00,2015-05-09 19:26:00,C1.1,POINT(-35 16),2345
gev_20150510_0321,2015-05-10 03:21:00,2015-05-10 03:29:00,2015-05-10 03:32:00,C1.1,POINT(-23 14),2339
gev_20150510_0800,2015-05-10 08:00:00,2015-05-10 08:29:00,2015-05-10 09:00:00,C1.9,POINT(-21 14),2339
gev_20150510_1245,2015-05-10 12:45:00,2015-05-10 13:03:00,2015-05-10 13:23:00,C2.2,POINT(-18 13),2345
gev_20150510_1704,2015-05-10 17:04:00,2015-05-10 17:11:00,2015-05-10 17:19:00,C2.4,POINT(-13 13),2339
gev_20150510_2135,2015-05-10 21:35:00,2015-05-10 21:55:00,2015-05-10 22:03:00,C2.4,POINT(-12 14),2339
gev_20150510_2320,2015-05-10 23:20:00,2015-05-10 23:23:00,2015-05-10 23:25:00,C1.7,POINT(-71 -8),2344
gev_20150510_2337,2015-05-10 23:37:00,2015-05-10 23:43:00,2015-05-10 23:43:00,C2.1,POINT(-9 14),2339
gev_20150511_0143,2015-05-11 01:43:00,2015-05-11 01:54:00,2015-05-11 02:08:00,C1.2,POINT(56 -14),2335
gev_20150511_0345,2015-05-11 03:45:00,2015-05-11 04:09:00,2015-05-11 04:29:00,C2.5,POINT(-42 18),2342
gev_20150511_0642,2015-05-11 06:42:00,2015-05-11 06:48:00,2015-05-11 06:57:00,C1.6,POINT(42 5),2338
gev_20150511_1210,2015-05-11 12:10:00,2015-05-11 12:13:00,2015-05-11 12:15:00,C1.2,POINT(-3 12),2339
gev_20150511_1302,2015-05-11 13:02:00,2015-05-11 13:08:00,2015-05-11 13:14:00,C1.6,POINT(68 -14),2335
gev_20150511_1744,2015-05-11 17:44:00,2015-05-11 17:47:00,2015-05-11 17:49:00,C1.1,POINT(-49 20),2342
gev_20150511_1833,2015-05-11 18:33:00,2015-05-11 18:42:00,2015-05-11 18:51:00,C2.0,POINT(0 13),2339
gev_20150512_0215,2015-05-12 02:15:00,2015-05-12 03:02:00,2015-05-12 03:42:00,C2.6,POINT(83 -21),2335
gev_20150512_0427,2015-05-12 04:27:00,2015-05-12 04:32:00,2015-05-12 04:37:00,C2.2,POINT(2 12),2345
gev_20150512_1040,2015-05-12 10:40:00,2015-05-12 10:45:00,2015-05-12 10:50:00,C1.7,POINT(5 12),2345
gev_20150512_1145,2015-05-12 11:45:00,2015-05-12 11:51:00,2015-05-12 11:56:00,C3.0,POINT(6 9),2339
gev_20150513_0251,2015-05-13 02:51:00,2015-05-13 02:55:00,2015-05-13 02:59:00,C1.2,POINT(14 11),2339
gev_20150513_0346,2015-05-13 03:46:00,2015-05-13 03:50:00,2015-05-13 04:04:00,C1.7,POINT(16 11),2339
gev_20150513_0409,2015-05-13 04:09:00,2015-05-13 04:15:00,2015-05-13 04:48:00,C3.1,POINT(15 6),2339
gev_20150513_0547,2015-05-13 05:47:00,2015-05-13 05:59:00,2015-05-13 06:17:00,C3.5,POINT(-25 3),0
gev_20150513_0940,2015-05-13 09:40:00,2015-05-13 09:45:00,2015-05-13 10:04:00,C2.3,POINT(17 8),2339
gev_20150513_1104,2015-05-13 11:04:00,2015-05-13 11:11:00,2015-05-13 11:14:00,C3.2,POINT(33 9),2339
gev_20150513_1515,2015-05-13 15:15:00,2015-05-13 16:15:00,2015-05-13 16:42:00,C1.9,POINT(-19 19),2342
gev_20150513_1809,2015-05-13 18:09:00,2015-05-13 18:18:00,2015-05-13 18:18:00,C9.2,POINT(17 12),2345
gev_20150514_0012,2015-05-14 00:12:00,2015-05-14 00:36:00,2015-05-14 01:10:00,C1.4,POINT(2 20),2342
gev_20150514_0514,2015-05-14 05:14:00,2015-05-14 05:17:00,2015-05-14 05:19:00,C1.3,POINT(46 11),2339
gev_20150514_0652,2015-05-14 06:52:00,2015-05-14 07:31:00,2015-05-14 07:36:00,C2.5,POINT(44 10),2339
gev_20150514_1358,2015-05-14 13:58:00,2015-05-14 14:08:00,2015-05-14 14:08:00,C2.8,POINT(-1 18),2342
gev_20150514_1617,2015-05-14 16:17:00,2015-05-14 16:31:00,2015-05-14 16:31:00,C2.1,POINT(39 16),2339
gev_20150514_1745,2015-05-14 17:45:00,2015-05-14 17:53:00,2015-05-14 17:59:00,C4.8,POINT(50 9),2339
gev_20150514_1859,2015-05-14 18:59:00,2015-05-14 19:05:00,2015-05-14 19:15:00,C1.1,POINT(2 18),2342
gev_20150514_2348,2015-05-14 23:48:00,2015-05-15 00:11:00,2015-05-15 00:19:00,C2.6,POINT(6 17),2342
gev_20150514_2349,2015-05-14 23:49:00,2015-05-15 00:11:00,2015-05-15 00:25:00,C2.6,POINT(6 17),2342
gev_20150515_0158,2015-05-15 01:58:00,2015-05-15 02:02:00,2015-05-15 02:04:00,C1.1,POINT(43 17),2339
gev_20150515_0317,2015-05-15 03:17:00,2015-05-15 03:21:00,2015-05-15 03:25:00,B9.5,POINT(44 8),2339
gev_20150515_0522,2015-05-15 05:22:00,2015-05-15 05:25:00,2015-05-15 05:28:00,C1.1,POINT(55 9),0
gev_20150515_0644,2015-05-15 06:44:00,2015-05-15 06:50:00,2015-05-15 06:53:00,C1.8,POINT(-84 -22),2349
gev_20150515_0838,2015-05-15 08:38:00,2015-05-15 08:43:00,2015-05-15 08:48:00,C1.1,POINT(47 11),2339
gev_20150515_0905,2015-05-15 09:05:00,2015-05-15 09:12:00,2015-05-15 09:20:00,C1.2,POINT(52 11),2339
gev_20150515_2218,2015-05-15 22:18:00,2015-05-15 22:30:00,2015-05-15 22:39:00,C2.0,POINT(15 18),2342
gev_20150515_2322,2015-05-15 23:22:00,2015-05-15 23:29:00,2015-05-15 23:33:00,C2.5,POINT(68 9),2339
gev_20150516_1649,2015-05-16 16:49:00,2015-05-16 17:00:00,2015-05-16 17:09:00,B8.6,POINT(63 7),2339
gev_20150517_0208,2015-05-17 02:08:00,2015-05-17 02:15:00,2015-05-17 02:24:00,B8.6,POINT(25 17),2342
gev_20150517_1559,2015-05-17 15:59:00,2015-05-17 16:02:00,2015-05-17 16:05:00,B9.1,POINT(80 12),2339
gev_20150517_1939,2015-05-17 19:39:00,2015-05-17 19:43:00,2015-05-17 19:47:00,B7.9,POINT(80 18),2339
gev_20150518_0727,2015-05-18 07:27:00,2015-05-18 07:53:00,2015-05-18 08:08:00,C1.0,POINT(-45 -24),2349
gev_20150518_0816,2015-05-18 08:16:00,2015-05-18 08:21:00,2015-05-18 08:23:00,C1.1,POINT(79 12),2339
gev_20150518_1311,2015-05-18 13:11:00,2015-05-18 13:15:00,2015-05-18 13:18:00,B6.7,POINT(48 19),2342
gev_20150518_1815,2015-05-18 18:15:00,2015-05-18 18:18:00,2015-05-18 18:20:00,B9.1,POINT(52 19),2342
gev_20150519_0538,2015-05-19 05:38:00,2015-05-19 06:01:00,2015-05-19 06:30:00,B7.2,POINT(-34 -29),2349
gev_20150519_0728,2015-05-19 07:28:00,2015-05-19 07:40:00,2015-05-19 08:10:00,B9.7,POINT(-31 -24),2349
gev_20150519_1059,2015-05-19 10:59:00,2015-05-19 11:02:00,2015-05-19 11:06:00,B7.3,POINT(-55 22),2351
gev_20150519_1154,2015-05-19 11:54:00,2015-05-19 11:59:00,2015-05-19 12:02:00,C2.3,POINT(-55 22),2351
gev_20150519_1240,2015-05-19 12:40:00,2015-05-19 12:45:00,2015-05-19 12:49:00,B7.6,POINT(-27 -19),2349
gev_20150520_0249,2015-05-20 02:49:00,2015-05-20 02:57:00,2015-05-20 03:04:00,B7.7,POINT(-19 -20),2349
gev_20150520_0331,2015-05-20 03:31:00,2015-05-20 04:04:00,2015-05-20 04:35:00,C1.4,POINT(-47 24),2351
gev_20150520_0348,2015-05-20 03:48:00,2015-05-20 04:04:00,2015-05-20 04:27:00,C1.3,POINT(-47 23),2351
gev_20150520_0805,2015-05-20 08:05:00,2015-05-20 08:12:00,2015-05-20 08:19:00,C1.6,POINT(-16 -23),2349
gev_20150520_1502,2015-05-20 15:02:00,2015-05-20 15:07:00,2015-05-20 15:12:00,B5.8,POINT(-41 23),2351
gev_20150520_1650,2015-05-20 16:50:00,2015-05-20 17:02:00,2015-05-20 17:02:00,B7.1,POINT(51 -6),2346
gev_20150520_1831,2015-05-20 18:31:00,2015-05-20 18:36:00,2015-05-20 18:41:00,B6.2,POINT(52 -6),2346
gev_20150521_0328,2015-05-21 03:28:00,2015-05-21 03:43:00,2015-05-21 04:10:00,B6.5,POINT(57 -7),2346
gev_20150521_0333,2015-05-21 03:33:00,2015-05-21 03:43:00,2015-05-21 03:52:00,B6.5,POINT(57 -7),2346
gev_20150521_0522,2015-05-21 05:22:00,2015-05-21 05:37:00,2015-05-21 05:53:00,B6.3,POINT(59 -5),2346
gev_20150521_0601,2015-05-21 06:01:00,2015-05-21 06:11:00,2015-05-21 06:23:00,B9.8,POINT(57 -6),2346
gev_20150521_0656,2015-05-21 06:56:00,2015-05-21 07:00:00,2015-05-21 07:18:00,C1.2,POINT(-3 -23),2349
gev_20150521_0657,2015-05-21 06:57:00,2015-05-21 07:06:00,2015-05-21 07:17:00,C1.1,POINT(-3 -23),2349
gev_20150521_1650,2015-05-21 16:50:00,2015-05-21 17:04:00,2015-05-21 17:12:00,B5.2,POINT(62 -6),2346
gev_20150521_2039,2015-05-21 20:39:00,2015-05-21 20:47:00,2015-05-21 20:56:00,B4.2,POINT(-24 23),2351
gev_20150522_0311,2015-05-22 03:11:00,2015-05-22 04:02:00,2015-05-22 05:12:00,B4.5,POINT(69 -6),2346
gev_20150522_1356,2015-05-22 13:56:00,2015-05-22 14:12:00,2015-05-22 14:32:00,B4.9,POINT(14 -22),2349
gev_20150522_1524,2015-05-22 15:24:00,2015-05-22 15:45:00,2015-05-22 16:12:00,B5.7,POINT(82 -12),2344
gev_20150522_1640,2015-05-22 16:40:00,2015-05-22 16:45:00,2015-05-22 16:52:00,B5.4,POINT(-16 4),2352
gev_20150522_2341,2015-05-22 23:41:00,2015-05-22 23:51:00,2015-05-22 23:57:00,C2.0,POINT(19 -21),2349
gev_20150523_0115,2015-05-23 01:15:00,2015-05-23 01:22:00,2015-05-23 01:32:00,B4.0,POINT(19 -23),2349
gev_20150523_0327,2015-05-23 03:27:00,2015-05-23 03:33:00,2015-05-23 03:36:00,C1.0,POINT(4 7),2353
gev_20150523_0718,2015-05-23 07:18:00,2015-05-23 07:22:00,2015-05-23 07:25:00,C1.1,POINT(6 7),2353
gev_20150523_1339,2015-05-23 13:39:00,2015-05-23 13:43:00,2015-05-23 13:48:00,B4.9,POINT(30 -20),2349
gev_20150523_1624,2015-05-23 16:24:00,2015-05-23 16:30:00,2015-05-23 16:33:00,B3.9,POINT(11 7),2353
gev_20150523_1650,2015-05-23 16:50:00,2015-05-23 16:53:00,2015-05-23 16:55:00,B6.0,POINT(32 -20),2349
gev_20150523_1730,2015-05-23 17:30:00,2015-05-23 17:39:00,2015-05-23 17:41:00,C2.3,POINT(12 7),2353
gev_20150523_2351,2015-05-23 23:51:00,2015-05-23 23:56:00,2015-05-24 00:01:00,B6.4,POINT(31 -23),2349
gev_20150525_1930,2015-05-25 19:30:00,2015-05-25 19:57:00,2015-05-25 20:24:00,B7.4,POINT(60 -21),2349
gev_20150525_1933,2015-05-25 19:33:00,2015-05-25 19:57:00,2015-05-25 20:12:00,B7.4,POINT(25 24),2351
gev_20150526_0046,2015-05-26 00:46:00,2015-05-26 00:53:00,2015-05-26 01:14:00,B4.4,POINT(-35 -3),2355
gev_20150526_0543,2015-05-26 05:43:00,2015-05-26 05:55:00,2015-05-26 06:06:00,B3.8,POINT(34 23),0
gev_20150526_0616,2015-05-26 06:16:00,2015-05-26 06:20:00,2015-05-26 06:27:00,B4.0,POINT(37 22),0
gev_20150526_0718,2015-05-26 07:18:00,2015-05-26 07:36:00,2015-05-26 08:08:00,B3.8,POINT(49 8),2353
gev_20150526_1144,2015-05-26 11:44:00,2015-05-26 11:49:00,2015-05-26 12:02:00,B5.2,POINT(38 23),0
gev_20150526_2139,2015-05-26 21:39:00,2015-05-26 21:57:00,2015-05-26 22:16:00,B4.6,POINT(57 8),2353
gev_20150526_2215,2015-05-26 22:15:00,2015-05-26 22:25:00,2015-05-26 22:44:00,B4.7,POINT(80 -19),2349
gev_20150526_2344,2015-05-26 23:44:00,2015-05-26 23:57:00,2015-05-27 00:15:00,B4.4,POINT(80 -19),2349
gev_20150527_0717,2015-05-27 07:17:00,2015-05-27 07:22:00,2015-05-27 07:22:00,B3.9,POINT(61 7),2353
gev_20150527_1038,2015-05-27 10:38:00,2015-05-27 10:42:00,2015-05-27 10:47:00,B4.0,POINT(50 23),0
gev_20150527_1212,2015-05-27 12:12:00,2015-05-27 12:45:00,2015-05-27 13:20:00,B4.4,POINT(-82 10),2357
gev_20150527_2122,2015-05-27 21:22:00,2015-05-27 21:31:00,2015-05-27 21:37:00,C1.3,POINT(-83 -18),2356
gev_20150528_0151,2015-05-28 01:51:00,2015-05-28 01:56:00,2015-05-28 02:01:00,B3.4,POINT(59 23),0
gev_20150528_2233,2015-05-28 22:33:00,2015-05-28 22:57:00,2015-05-28 23:21:00,B4.9,POINT(-62 10),2357
gev_20150530_0544,2015-05-30 05:44:00,2015-05-30 05:49:00,2015-05-30 05:54:00,B3.6,POINT(-45 -16),2356
gev_20150530_0644,2015-05-30 06:44:00,2015-05-30 06:57:00,2015-05-30 07:06:00,B3.6,POINT(-51 -19),2356
gev_20150530_2155,2015-05-30 21:55:00,2015-05-30 22:03:00,2015-05-30 22:12:00,B6.5,POINT(-81 -3),2358
gev_20150531_0805,2015-05-31 08:05:00,2015-05-31 08:11:00,2015-05-31 08:18:00,B3.9,POINT(-66 -5),2358
gev_20150531_0850,2015-05-31 08:50:00,2015-05-31 09:00:00,2015-05-31 09:06:00,B3.7,POINT(-8 13),0
gev_20150531_1542,2015-05-31 15:42:00,2015-05-31 15:54:00,2015-05-31 16:14:00,B3.2,POINT(-25 10),2357
gev_20150531_1622,2015-05-31 16:22:00,2015-05-31 16:42:00,2015-05-31 17:10:00,B4.6,POINT(-31 -19),2356
gev_20150601_0333,2015-06-01 03:33:00,2015-06-01 03:40:00,2015-06-01 03:46:00,B6.9,POINT(-12 -16),2359
gev_20150602_0555,2015-06-02 05:55:00,2015-06-02 05:58:00,2015-06-02 06:02:00,B4.4,POINT(-57 -4),2358
gev_20150602_0649,2015-06-02 06:49:00,2015-06-02 07:02:00,2015-06-02 07:19:00,C1.9,POINT(-89 15),2360
gev_20150602_1012,2015-06-02 10:12:00,2015-06-02 10:17:00,2015-06-02 10:28:00,B6.4,POINT(-55 -4),2358
gev_20150602_1214,2015-06-02 12:14:00,2015-06-02 12:19:00,2015-06-02 12:22:00,B7.6,POINT(-75 10),2360
gev_20150603_0914,2015-06-03 09:14:00,2015-06-03 09:51:00,2015-06-03 10:20:00,B7.7,POINT(-63 14),2360
gev_20150603_2041,2015-06-03 20:41:00,2015-06-03 21:48:00,2015-06-03 21:59:00,C1.3,POINT(-81 15),2361
gev_20150604_0936,2015-06-04 09:36:00,2015-06-04 09:47:00,2015-06-04 09:56:00,C8.1,POINT(-75 15),2361
gev_20150604_1110,2015-06-04 11:10:00,2015-06-04 11:27:00,2015-06-04 11:54:00,C2.4,POINT(-72 13),2361
gev_20150604_1443,2015-06-04 14:43:00,2015-06-04 15:19:00,2015-06-04 15:37:00,C2.7,POINT(-81 13),2366
gev_20150604_2150,2015-06-04 21:50:00,2015-06-04 22:22:00,2015-06-04 23:40:00,B9.0,POINT(-41 16),2360
gev_20150604_2352,2015-06-04 23:52:00,2015-06-04 23:56:00,2015-06-05 00:01:00,B7.6,POINT(-65 15),2361
gev_20150605_0442,2015-06-05 04:42:00,2015-06-05 04:57:00,2015-06-05 05:18:00,C1.3,POINT(-70 18),2366
gev_20150605_0530,2015-06-05 05:30:00,2015-06-05 05:36:00,2015-06-05 05:41:00,C1.6,POINT(-60 15),2361
gev_20150605_0700,2015-06-05 07:00:00,2015-06-05 07:16:00,2015-06-05 07:39:00,C1.6,POINT(-66 14),2361
gev_20150605_0925,2015-06-05 09:25:00,2015-06-05 09:38:00,2015-06-05 09:48:00,C2.1,POINT(-60 15),2361
gev_20150605_1724,2015-06-05 17:24:00,2015-06-05 17:34:00,2015-06-05 17:45:00,C3.5,POINT(-55 14),2361
gev_20150606_0101,2015-06-06 01:01:00,2015-06-06 01:36:00,2015-06-06 01:56:00,B9.3,POINT(-57 20),2361
gev_20150606_0640,2015-06-06 06:40:00,2015-06-06 07:12:00,2015-06-06 07:42:00,C1.0,POINT(-80 -15),2365
gev_20150606_1913,2015-06-06 19:13:00,2015-06-06 19:22:00,2015-06-06 19:27:00,B5.7,POINT(-67 -5),2364
gev_20150606_2226,2015-06-06 22:26:00,2015-06-06 22:34:00,2015-06-06 22:40:00,C2.2,POINT(-64 -5),2364
gev_20150607_0210,2015-06-07 02:10:00,2015-06-07 02:15:00,2015-06-07 02:20:00,B9.6,POINT(-39 15),2361
gev_20150607_0727,2015-06-07 07:27:00,2015-06-07 07:30:00,2015-06-07 07:37:00,B8.9,POINT(-58 -5),2364
gev_20150607_1023,2015-06-07 10:23:00,2015-06-07 10:35:00,2015-06-07 10:58:00,C1.6,POINT(-38 5),2362
gev_20150607_1145,2015-06-07 11:45:00,2015-06-07 11:49:00,2015-06-07 11:53:00,C1.3,POINT(0 14),2360
gev_20150607_1436,2015-06-07 14:36:00,2015-06-07 14:49:00,2015-06-07 15:10:00,C1.0,POINT(-39 12),2366
gev_20150607_1749,2015-06-07 17:49:00,2015-06-07 18:00:00,2015-06-07 18:12:00,C1.3,POINT(-1 14),2360
gev_20150608_0728,2015-06-08 07:28:00,2015-06-08 07:32:00,2015-06-08 07:36:00,B7.0,POINT(-48 -14),2365
gev_20150608_2255,2015-06-08 22:55:00,2015-06-08 22:58:00,2015-06-08 23:01:00,B6.6,POINT(-11 16),2361
gev_20150609_0340,2015-06-09 03:40:00,2015-06-09 03:53:00,2015-06-09 03:53:00,C5.8,POINT(18 13),2360
gev_20150609_1955,2015-06-09 19:55:00,2015-06-09 20:06:00,2015-06-09 20:20:00,C2.8,POINT(-25 -3),2364
gev_20150610_0010,2015-06-10 00:10:00,2015-06-10 00:55:00,2015-06-10 01:28:00,C1.8,POINT(-24 -14),2365
gev_20150610_0012,2015-06-10 00:12:00,2015-06-10 00:55:00,2015-06-10 01:28:00,C1.9,POINT(-24 -14),2365
gev_20150610_0130,2015-06-10 01:30:00,2015-06-10 01:41:00,2015-06-10 02:05:00,C2.5,POINT(33 13),2360
gev_20150610_0131,2015-06-10 01:31:00,2015-06-10 01:41:00,2015-06-10 01:56:00,C2.5,POINT(33 13),2360
gev_20150610_0214,2015-06-10 02:14:00,2015-06-10 02:26:00,2015-06-10 02:38:00,C6.0,POINT(-89 -21),0
gev_20150610_0626,2015-06-10 06:26:00,2015-06-10 06:49:00,2015-06-10 07:19:00,C1.2,POINT(-12 17),2366
gev_20150610_1232,2015-06-10 12:32:00,2015-06-10 13:05:00,2015-06-10 13:23:00,C3.3,POINT(-81 -18),0
gev_20150610_1635,2015-06-10 16:35:00,2015-06-10 16:52:00,2015-06-10 17:14:00,C1.2,POINT(15 14),2361
gev_20150610_1801,2015-06-10 18:01:00,2015-06-10 18:08:00,2015-06-10 18:18:00,C2.2,POINT(-81 -19),0
gev_20150610_2124,2015-06-10 21:24:00,2015-06-10 21:27:00,2015-06-10 21:33:00,C1.5,POINT(-12 -13),2365
gev_20150610_2208,2015-06-10 22:08:00,2015-06-10 22:11:00,2015-06-10 22:14:00,C1.2,POINT(38 12),2360
gev_20150611_0059,2015-06-11 00:59:00,2015-06-11 01:18:00,2015-06-11 01:18:00,C1.2,POINT(-82 -19),0
gev_20150611_0231,2015-06-11 02:31:00,2015-06-11 02:43:00,2015-06-11 02:51:00,C4.6,POINT(46 13),2360
gev_20150611_0455,2015-06-11 04:55:00,2015-06-11 05:03:00,2015-06-11 05:10:00,C1.8,POINT(44 15),2360
gev_20150611_0528,2015-06-11 05:28:00,2015-06-11 05:32:00,2015-06-11 05:36:00,C1.1,POINT(-82 -19),2367
gev_20150611_0548,2015-06-11 05:48:00,2015-06-11 05:58:00,2015-06-11 06:04:00,C1.6,POINT(-81 -18),2367
gev_20150611_0613,2015-06-11 06:13:00,2015-06-11 06:24:00,2015-06-11 06:32:00,C1.3,POINT(-83 -19),2367
gev_20150611_0645,2015-06-11 06:45:00,2015-06-11 06:53:00,2015-06-11 06:58:00,C1.1,POINT(-82 -19),2367
gev_20150611_0815,2015-06-11 08:15:00,2015-06-11 08:20:00,2015-06-11 08:26:00,C1.3,POINT(45 16),2360
gev_20150611_0828,2015-06-11 08:28:00,2015-06-11 08:41:00,2015-06-11 08:44:00,C2.4,POINT(-83 -20),2367
gev_20150611_0849,2015-06-11 08:49:00,2015-06-11 08:55:00,2015-06-11 08:59:00,M1.0,POINT(-83 -19),2367
gev_20150611_1125,2015-06-11 11:25:00,2015-06-11 11:32:00,2015-06-11 11:50:00,C3.8,POINT(-82 -20),2367
gev_20150611_1156,2015-06-11 11:56:00,2015-06-11 12:01:00,2015-06-11 12:04:00,C4.5,POINT(-82 -20),2367
gev_20150611_1430,2015-06-11 14:30:00,2015-06-11 14:37:00,2015-06-11 14:41:00,C8.7,POINT(-82 -20),2367
gev_20150611_1512,2015-06-11 15:12:00,2015-06-11 15:19:00,2015-06-11 15:23:00,C7.0,POINT(-82 -20),2367
gev_20150611_1555,2015-06-11 15:55:00,2015-06-11 15:59:00,2015-06-11 16:04:00,C1.3,POINT(-79 -19),2367
gev_20150611_1718,2015-06-11 17:18:00,2015-06-11 17:26:00,2015-06-11 17:30:00,C4.5,POINT(-82 -20),2367
gev_20150611_1757,2015-06-11 17:57:00,2015-06-11 18:00:00,2015-06-11 18:03:00,C1.7,POINT(-81 -20),2367
gev_20150611_1816,2015-06-11 18:16:00,2015-06-11 18:21:00,2015-06-11 18:29:00,C1.5,POINT(25 14),2361
gev_20150611_1959,2015-06-11 19:59:00,2015-06-11 20:41:00,2015-06-11 20:48:00,C3.1,POINT(-80 -20),2367
gev_20150611_2250,2015-06-11 22:50:00,2015-06-11 23:06:00,2015-06-11 23:12:00,C1.2,POINT(-76 -19),2367
gev_20150612_0003,2015-06-12 00:03:00,2015-06-12 00:08:00,2015-06-12 00:11:00,C1.2,POINT(59 16),2360
gev_20150612_0044,2015-06-12 00:44:00,2015-06-12 00:50:00,2015-06-12 00:54:00,C2.2,POINT(21 5),2362
gev_20150612_0149,2015-06-12 01:49:00,2015-06-12 02:06:00,2015-06-12 02:14:00,C4.1,POINT(62 16),2360
gev_20150612_0433,2015-06-12 04:33:00,2015-06-12 04:39:00,2015-06-12 04:48:00,C1.9,POINT(-76 -22),2367
gev_20150612_0715,2015-06-12 07:15:00,2015-06-12 07:21:00,2015-06-12 07:27:00,C2.2,POINT(-73 -21),2367
gev_20150612_1153,2015-06-12 11:53:00,2015-06-12 11:58:00,2015-06-12 12:03:00,C2.9,POINT(62 14),2360
gev_20150612_1309,2015-06-12 13:09:00,2015-06-12 13:13:00,2015-06-12 13:16:00,C1.8,POINT(66 15),2360
gev_20150612_1520,2015-06-12 15:20:00,2015-06-12 15:33:00,2015-06-12 15:37:00,C3.9,POINT(-69 -21),2367
gev_20150612_1916,2015-06-12 19:16:00,2015-06-12 19:19:00,2015-06-12 19:21:00,C1.1,POINT(66 13),2360
gev_20150612_2332,2015-06-12 23:32:00,2015-06-12 23:48:00,2015-06-13 00:01:00,C8.7,POINT(72 14),2360
gev_20150613_0029,2015-06-13 00:29:00,2015-06-13 00:33:00,2015-06-13 00:37:00,C5.9,POINT(70 15),2360
gev_20150613_0134,2015-06-13 01:34:00,2015-06-13 01:42:00,2015-06-13 01:49:00,C3.5,POINT(72 14),2360
gev_20150613_0225,2015-06-13 02:25:00,2015-06-13 02:37:00,2015-06-13 02:43:00,C5.9,POINT(73 14),2360
gev_20150613_0458,2015-06-13 04:58:00,2015-06-13 05:38:00,2015-06-13 06:01:00,C3.8,POINT(75 14),2360
gev_20150613_0619,2015-06-13 06:19:00,2015-06-13 06:25:00,2015-06-13 06:31:00,C4.3,POINT(75 14),2360
gev_20150613_0720,2015-06-13 07:20:00,2015-06-13 07:29:00,2015-06-13 07:47:00,M1.3,POINT(76 14),2360
gev_20150613_0938,2015-06-13 09:38:00,2015-06-13 09:45:00,2015-06-13 09:49:00,C5.8,POINT(77 14),2360
gev_20150613_1024,2015-06-13 10:24:00,2015-06-13 10:29:00,2015-06-13 10:34:00,C2.4,POINT(78 14),2360
gev_20150613_1157,2015-06-13 11:57:00,2015-06-13 12:01:00,2015-06-13 12:06:00,C1.3,POINT(73 11),2360
gev_20150613_1231,2015-06-13 12:31:00,2015-06-13 12:50:00,2015-06-13 12:50:00,C2.2,POINT(81 14),2360
gev_20150613_1425,2015-06-13 14:25:00,2015-06-13 14:37:00,2015-06-13 14:45:00,C4.9,POINT(81 14),2360
gev_20150613_1727,2015-06-13 17:27:00,2015-06-13 17:31:00,2015-06-13 17:39:00,C1.3,POINT(81 16),2360
gev_20150613_1913,2015-06-13 19:13:00,2015-06-13 19:27:00,2015-06-13 19:38:00,C2.6,POINT(81 14),2360
gev_20150613_2112,2015-06-13 21:12:00,2015-06-13 21:25:00,2015-06-13 21:32:00,C2.5,POINT(82 14),2360
gev_20150613_2309,2015-06-13 23:09:00,2015-06-13 23:14:00,2015-06-13 23:21:00,C2.2,POINT(82 16),2360
gev_20150614_0052,2015-06-14 00:52:00,2015-06-14 00:59:00,2015-06-14 01:09:00,M2.0,POINT(81 14),2360
gev_20150614_0330,2015-06-14 03:30:00,2015-06-14 04:17:00,2015-06-14 05:15:00,C5.9,POINT(37 -10),2365
gev_20150614_0348,2015-06-14 03:48:00,2015-06-14 04:17:00,2015-06-14 04:45:00,C5.9,POINT(34 -12),2365
gev_20150614_0751,2015-06-14 07:51:00,2015-06-14 08:49:00,2015-06-14 09:42:00,C2.7,POINT(61 9),2362
gev_20150614_1100,2015-06-14 11:00:00,2015-06-14 11:10:00,2015-06-14 11:22:00,C1.9,POINT(-43 -20),2367
gev_20150614_2029,2015-06-14 20:29:00,2015-06-14 20:52:00,2015-06-14 20:58:00,C1.2,POINT(-26 18),2370
gev_20150614_2129,2015-06-14 21:29:00,2015-06-14 22:03:00,2015-06-14 22:23:00,C1.3,POINT(-36 -21),2367
gev_20150615_0750,2015-06-15 07:50:00,2015-06-15 07:54:00,2015-06-15 07:57:00,C1.7,POINT(69 -5),2368
gev_20150615_1023,2015-06-15 10:23:00,2015-06-15 10:32:00,2015-06-15 10:37:00,C2.5,POINT(-81 12),2371
gev_20150615_1345,2015-06-15 13:45:00,2015-06-15 13:49:00,2015-06-15 13:49:00,C1.8,POINT(56 -12),2365
gev_20150615_1439,2015-06-15 14:39:00,2015-06-15 14:42:00,2015-06-15 14:46:00,C1.4,POINT(70 6),2362
gev_20150615_1604,2015-06-15 16:04:00,2015-06-15 16:27:00,2015-06-15 16:50:00,C1.8,POINT(-33 5),2369
gev_20150616_0215,2015-06-16 02:15:00,2015-06-16 04:06:00,2015-06-16 04:40:00,C2.7,POINT(-82 10),2371
gev_20150616_0232,2015-06-16 02:32:00,2015-06-16 03:27:00,2015-06-16 03:31:00,C2.2,POINT(-29 5),2369
gev_20150616_0332,2015-06-16 03:32:00,2015-06-16 03:42:00,2015-06-16 03:50:00,C2.4,POINT(-18 -20),2367
gev_20150616_0358,2015-06-16 03:58:00,2015-06-16 04:06:00,2015-06-16 04:12:00,C2.7,POINT(-82 14),2371
gev_20150616_1936,2015-06-16 19:36:00,2015-06-16 19:49:00,2015-06-16 20:03:00,C1.3,POINT(-75 12),2371
gev_20150616_2011,2015-06-16 20:11:00,2015-06-16 20:16:00,2015-06-16 20:21:00,C1.9,POINT(-73 11),2371
gev_20150616_2024,2015-06-16 20:24:00,2015-06-16 20:32:00,2015-06-16 20:48:00,C1.7,POINT(-79 11),2371
gev_20150616_2057,2015-06-16 20:57:00,2015-06-16 21:17:00,2015-06-16 21:27:00,C2.2,POINT(-81 12),2371
gev_20150616_2331,2015-06-16 23:31:00,2015-06-17 00:01:00,2015-06-17 00:23:00,C3.2,POINT(-76 11),2371
gev_20150617_0546,2015-06-17 05:46:00,2015-06-17 06:06:00,2015-06-17 06:35:00,C1.6,POINT(-2 -20),2367
gev_20150617_1313,2015-06-17 13:13:00,2015-06-17 13:48:00,2015-06-17 13:53:00,C1.4,POINT(8 -19),2367
gev_20150617_1642,2015-06-17 16:42:00,2015-06-17 16:46:00,2015-06-17 16:49:00,C1.0,POINT(-63 14),2371
gev_20150617_2216,2015-06-17 22:16:00,2015-06-17 22:23:00,2015-06-17 22:23:00,C1.9,POINT(11 -18),2367
gev_20150618_0018,2015-06-18 00:18:00,2015-06-18 00:23:00,2015-06-18 00:28:00,C7.2,POINT(12 -19),2367
gev_20150618_0033,2015-06-18 00:33:00,2015-06-18 01:27:00,2015-06-18 01:55:00,M1.2,POINT(81 -16),2365
gev_20150618_0034,2015-06-18 00:34:00,2015-06-18 01:27:00,2015-06-18 02:05:00,M1.3,POINT(81 -16),2365
gev_20150618_0547,2015-06-18 05:47:00,2015-06-18 05:51:00,2015-06-18 06:10:00,C2.8,POINT(-55 10),2371
gev_20150618_0628,2015-06-18 06:28:00,2015-06-18 06:31:00,2015-06-18 06:33:00,C2.3,POINT(16 -18),2367
gev_20150618_0941,2015-06-18 09:41:00,2015-06-18 09:43:00,2015-06-18 09:47:00,C1.1,POINT(-54 15),2371
gev_20150618_1305,2015-06-18 13:05:00,2015-06-18 13:10:00,2015-06-18 13:15:00,C3.5,POINT(-47 9),2371
gev_20150618_1402,2015-06-18 14:02:00,2015-06-18 14:07:00,2015-06-18 14:07:00,C1.7,POINT(17 -20),2367
gev_20150618_1625,2015-06-18 16:25:00,2015-06-18 17:35:00,2015-06-18 19:00:00,M3.1,POINT(-50 10),2371
gev_20150618_1630,2015-06-18 16:30:00,2015-06-18 17:36:00,2015-06-18 18:25:00,M3.0,POINT(-50 9),2371
gev_20150618_2134,2015-06-18 21:34:00,2015-06-18 21:46:00,2015-06-18 21:57:00,C3.2,POINT(-45 12),2371
gev_20150618_2326,2015-06-18 23:26:00,2015-06-18 23:50:00,2015-06-19 00:05:00,C2.4,POINT(-34 9),2371
gev_20150619_0044,2015-06-19 00:44:00,2015-06-19 01:19:00,2015-06-19 01:39:00,C2.8,POINT(-44 13),2371
gev_20150619_0236,2015-06-19 02:36:00,2015-06-19 03:14:00,2015-06-19 03:21:00,C2.1,POINT(23 -18),2367
gev_20150619_0407,2015-06-19 04:07:00,2015-06-19 04:19:00,2015-06-19 04:34:00,C1.7,POINT(-43 13),2371
gev_20150619_0919,2015-06-19 09:19:00,2015-06-19 09:27:00,2015-06-19 09:38:00,C8.1,POINT(-39 13),2371
gev_20150619_1017,2015-06-19 10:17:00,2015-06-19 10:44:00,2015-06-19 11:00:00,C1.8,POINT(-40 14),2371
gev_20150619_1531,2015-06-19 15:31:00,2015-06-19 15:35:00,2015-06-19 15:38:00,C1.8,POINT(-37 13),2371
gev_20150619_1737,2015-06-19 17:37:00,2015-06-19 17:42:00,2015-06-19 17:45:00,C1.1,POINT(-36 13),2371
gev_20150619_1759,2015-06-19 17:59:00,2015-06-19 18:03:00,2015-06-19 18:07:00,C1.5,POINT(-36 13),2371
gev_20150620_0236,2015-06-20 02:36:00,2015-06-20 02:42:00,2015-06-20 02:44:00,C2.3,POINT(-27 13),2371
gev_20150620_0310,2015-06-20 03:10:00,2015-06-20 04:15:00,2015-06-20 04:39:00,C1.4,POINT(-30 14),2371
gev_20150620_0628,2015-06-20 06:28:00,2015-06-20 06:48:00,2015-06-20 07:09:00,M1.0,POINT(-28 13),2371
gev_20150620_1907,2015-06-20 19:07:00,2015-06-20 19:12:00,2015-06-20 19:19:00,C1.2,POINT(50 -17),2367
gev_20150621_0102,2015-06-21 01:02:00,2015-06-21 01:42:00,2015-06-21 01:42:00,M2.0,POINT(-16 12),2371
gev_20150621_0204,2015-06-21 02:04:00,2015-06-21 02:34:00,2015-06-21 03:15:00,M2.7,POINT(-16 12),2371
gev_20150621_0206,2015-06-21 02:06:00,2015-06-21 02:36:00,2015-06-21 03:02:00,M2.6,POINT(-16 12),2371
gev_20150621_0938,2015-06-21 09:38:00,2015-06-21 09:44:00,2015-06-21 09:50:00,M3.8,POINT(57 -17),2367
gev_20150621_1328,2015-06-21 13:28:00,2015-06-21 13:33:00,2015-06-21 13:36:00,C1.3,POINT(61 -18),2367
gev_20150621_1429,2015-06-21 14:29:00,2015-06-21 14:32:00,2015-06-21 14:34:00,C1.4,POINT(62 -18),2367
gev_20150621_1535,2015-06-21 15:35:00,2015-06-21 16:40:00,2015-06-21 17:44:00,C2.6,POINT(64 -18),2367
gev_20150621_1601,2015-06-21 16:01:00,2015-06-21 16:40:00,2015-06-21 17:10:00,C2.6,POINT(64 -18),2367
gev_20150621_1810,2015-06-21 18:10:00,2015-06-21 18:20:00,2015-06-21 18:28:00,M1.1,POINT(65 -18),2367
gev_20150621_2009,2015-06-21 20:09:00,2015-06-21 20:13:00,2015-06-21 20:15:00,C1.5,POINT(65 -17),2367
gev_20150621_2228,2015-06-21 22:28:00,2015-06-21 22:40:00,2015-06-21 22:55:00,C6.5,POINT(67 -18),2367
gev_20150622_0130,2015-06-22 01:30:00,2015-06-22 02:42:00,2015-06-22 03:40:00,C3.2,POINT(11 13),2371
gev_20150622_0215,2015-06-22 02:15:00,2015-06-22 02:42:00,2015-06-22 03:11:00,C3.2,POINT(11 13),2371
gev_20150622_0509,2015-06-22 05:09:00,2015-06-22 05:19:00,2015-06-22 05:19:00,C7.5,POINT(70 -19),2367
gev_20150622_0735,2015-06-22 07:35:00,2015-06-22 07:40:00,2015-06-22 07:49:00,C1.6,POINT(0 12),2371
gev_20150622_1720,2015-06-22 17:20:00,2015-06-22 17:27:00,2015-06-22 17:33:00,C3.9,POINT(75 -18),2367
gev_20150622_1739,2015-06-22 17:39:00,2015-06-22 18:23:00,2015-06-22 18:23:00,M6.5,POINT(6 13),2371
gev_20150623_0316,2015-06-23 03:16:00,2015-06-23 03:29:00,2015-06-23 03:42:00,C1.3,POINT(10 15),2371
gev_20150623_1209,2015-06-23 12:09:00,2015-06-23 12:19:00,2015-06-23 12:38:00,C1.9,POINT(19 14),2371
gev_20150623_1515,2015-06-23 15:15:00,2015-06-23 15:19:00,2015-06-23 15:23:00,B8.2,POINT(18 10),2371
gev_20150624_0109,2015-06-24 01:09:00,2015-06-24 01:14:00,2015-06-24 01:21:00,C1.1,POINT(24 10),2371
gev_20150624_0244,2015-06-24 02:44:00,2015-06-24 02:47:00,2015-06-24 02:50:00,B8.3,POINT(24 15),2371
gev_20150624_0254,2015-06-24 02:54:00,2015-06-24 03:02:00,2015-06-24 03:09:00,B9.7,POINT(80 -16),2367
gev_20150624_0310,2015-06-24 03:10:00,2015-06-24 03:20:00,2015-06-24 03:34:00,C1.0,POINT(25 12),2371
gev_20150624_0440,2015-06-24 04:40:00,2015-06-24 04:52:00,2015-06-24 04:56:00,C1.0,POINT(27 12),2371
gev_20150624_0959,2015-06-24 09:59:00,2015-06-24 10:02:00,2015-06-24 10:04:00,B9.4,POINT(32 11),2371
gev_20150624_1512,2015-06-24 15:12:00,2015-06-24 15:29:00,2015-06-24 15:40:00,C5.6,POINT(35 13),2371
gev_20150625_0113,2015-06-25 01:13:00,2015-06-25 01:20:00,2015-06-25 01:25:00,C1.3,POINT(37 10),2371
gev_20150625_0802,2015-06-25 08:02:00,2015-06-25 08:16:00,2015-06-25 09:05:00,M7.9,POINT(40 12),2371
gev_20150625_2103,2015-06-25 21:03:00,2015-06-25 21:06:00,2015-06-25 21:08:00,B7.4,POINT(47 10),2371
gev_20150626_0432,2015-06-26 04:32:00,2015-06-26 04:36:00,2015-06-26 04:39:00,B6.1,POINT(53 11),2371
gev_20150626_0511,2015-06-26 05:11:00,2015-06-26 05:14:00,2015-06-26 05:14:00,B7.9,POINT(53 10),2371
gev_20150626_0523,2015-06-26 05:23:00,2015-06-26 05:27:00,2015-06-26 05:29:00,C1.5,POINT(53 11),2371
gev_20150626_0543,2015-06-26 05:43:00,2015-06-26 05:47:00,2015-06-26 05:55:00,B7.4,POINT(54 10),2371
gev_20150626_0601,2015-06-26 06:01:00,2015-06-26 06:06:00,2015-06-26 06:08:00,C1.7,POINT(54 10),2371
gev_20150626_0617,2015-06-26 06:17:00,2015-06-26 06:20:00,2015-06-26 06:22:00,B8.7,POINT(53 10),2371
gev_20150626_0638,2015-06-26 06:38:00,2015-06-26 06:42:00,2015-06-26 06:45:00,C1.2,POINT(54 11),2371
gev_20150626_0842,2015-06-26 08:42:00,2015-06-26 08:45:00,2015-06-26 08:47:00,B5.9,POINT(56 11),2371
gev_20150626_0858,2015-06-26 08:58:00,2015-06-26 09:03:00,2015-06-26 09:05:00,B8.6,POINT(55 11),2371
gev_20150626_1559,2015-06-26 15:59:00,2015-06-26 16:04:00,2015-06-26 16:08:00,B7.9,POINT(60 11),2371
gev_20150626_2007,2015-06-26 20:07:00,2015-06-26 20:10:00,2015-06-26 20:13:00,B6.1,POINT(60 15),2371
gev_20150626_2032,2015-06-26 20:32:00,2015-06-26 20:35:00,2015-06-26 20:38:00,B5.3,POINT(61 12),2371
gev_20150627_0901,2015-06-27 09:01:00,2015-06-27 09:05:00,2015-06-27 09:07:00,B5.5,POINT(68 13),2371
gev_20150627_1052,2015-06-27 10:52:00,2015-06-27 11:03:00,2015-06-27 11:24:00,C1.4,POINT(81 16),2371
gev_20150628_0221,2015-06-28 02:21:00,2015-06-28 02:25:00,2015-06-28 02:28:00,B7.9,POINT(78 14),2371
gev_20150628_0607,2015-06-28 06:07:00,2015-06-28 06:12:00,2015-06-28 06:16:00,C1.1,POINT(82 9),2371
gev_20150628_0812,2015-06-28 08:12:00,2015-06-28 08:15:00,2015-06-28 08:17:00,B5.8,POINT(82 12),2371
gev_20150628_1504,2015-06-28 15:04:00,2015-06-28 15:08:00,2015-06-28 15:11:00,B6.8,POINT(-79 15),2373
gev_20150628_1707,2015-06-28 17:07:00,2015-06-28 17:14:00,2015-06-28 17:18:00,C1.9,POINT(-81 15),2376
gev_20150629_0027,2015-06-29 00:27:00,2015-06-29 00:36:00,2015-06-29 00:42:00,C2.2,POINT(81 13),2371
gev_20150629_0129,2015-06-29 01:29:00,2015-06-29 01:53:00,2015-06-29 02:03:00,C1.2,POINT(-65 13),2373
gev_20150629_0733,2015-06-29 07:33:00,2015-06-29 07:38:00,2015-06-29 07:43:00,B9.6,POINT(-83 14),2376
gev_20150629_0959,2015-06-29 09:59:00,2015-06-29 10:08:00,2015-06-29 10:19:00,C1.5,POINT(-68 18),2373
gev_20150629_1342,2015-06-29 13:42:00,2015-06-29 13:48:00,2015-06-29 13:53:00,C1.1,POINT(-82 14),2376
gev_20150629_1443,2015-06-29 14:43:00,2015-06-29 14:55:00,2015-06-29 15:05:00,C2.3,POINT(-79 14),2376
gev_20150629_1758,2015-06-29 17:58:00,2015-06-29 18:07:00,2015-06-29 18:14:00,C2.4,POINT(-64 16),2373
gev_20150630_0211,2015-06-30 02:11:00,2015-06-30 02:15:00,2015-06-30 02:18:00,B6.6,POINT(-79 14),2376
gev_20150630_0522,2015-06-30 05:22:00,2015-06-30 05:28:00,2015-06-30 05:34:00,B7.5,POINT(-57 17),2373
gev_20150630_1222,2015-06-30 12:22:00,2015-06-30 12:43:00,2015-06-30 12:59:00,C1.4,POINT(-70 13),2376
gev_20150630_1224,2015-06-30 12:24:00,2015-06-30 12:43:00,2015-06-30 13:20:00,C1.4,POINT(-70 13),2376
gev_20150630_2148,2015-06-30 21:48:00,2015-06-30 22:11:00,2015-06-30 22:24:00,C1.0,POINT(-64 13),2376
gev_20150701_0540,2015-07-01 05:40:00,2015-07-01 06:13:00,2015-07-01 06:29:00,B8.8,POINT(-57 14),2376
gev_20150701_2242,2015-07-01 22:42:00,2015-07-01 22:51:00,2015-07-01 22:51:00,C1.4,POINT(-81 -17),2378
gev_20150702_0113,2015-07-02 01:13:00,2015-07-02 01:43:00,2015-07-02 02:05:00,C1.0,POINT(-50 14),2381
gev_20150702_0555,2015-07-02 05:55:00,2015-07-02 06:18:00,2015-07-02 06:33:00,C1.4,POINT(-30 17),2373
gev_20150702_1352,2015-07-02 13:52:00,2015-07-02 13:58:00,2015-07-02 14:01:00,C1.1,POINT(-18 13),2373
gev_20150702_1523,2015-07-02 15:23:00,2015-07-02 15:30:00,2015-07-02 15:39:00,C3.7,POINT(-39 14),2376
gev_20150702_1745,2015-07-02 17:45:00,2015-07-02 19:26:00,2015-07-02 21:40:00,C1.2,POINT(-86 -17),2378
gev_20150702_1756,2015-07-02 17:56:00,2015-07-02 19:26:00,2015-07-02 20:26:00,C1.2,POINT(-36 11),2376
gev_20150703_0254,2015-07-03 02:54:00,2015-07-03 03:05:00,2015-07-03 03:09:00,C5.6,POINT(-74 -17),2378
gev_20150703_0352,2015-07-03 03:52:00,2015-07-03 03:58:00,2015-07-03 04:02:00,C1.4,POINT(-16 16),2373
gev_20150703_0452,2015-07-03 04:52:00,2015-07-03 04:59:00,2015-07-03 05:04:00,C1.2,POINT(-71 -17),2378
gev_20150703_0549,2015-07-03 05:49:00,2015-07-03 05:55:00,2015-07-03 06:02:00,C2.0,POINT(-71 -17),2378
gev_20150703_0910,2015-07-03 09:10:00,2015-07-03 09:19:00,2015-07-03 09:24:00,C3.4,POINT(-69 -17),2378
gev_20150703_1114,2015-07-03 11:14:00,2015-07-03 11:24:00,2015-07-03 11:32:00,C1.7,POINT(-71 -17),2378
gev_20150703_1156,2015-07-03 11:56:00,2015-07-03 11:59:00,2015-07-03 12:07:00,B7.6,POINT(-69 -15),2378
gev_20150703_1247,2015-07-03 12:47:00,2015-07-03 12:51:00,2015-07-03 12:53:00,M1.5,POINT(-67 -17),2378
gev_20150703_1814,2015-07-03 18:14:00,2015-07-03 18:20:00,2015-07-03 18:27:00,B8.0,POINT(-66 -17),2378
gev_20150703_2044,2015-07-03 20:44:00,2015-07-03 20:51:00,2015-07-03 20:57:00,C1.3,POINT(-61 -17),2378
gev_20150704_0001,2015-07-04 00:01:00,2015-07-04 00:08:00,2015-07-04 00:17:00,C1.0,POINT(-62 -17),2378
gev_20150704_1501,2015-07-04 15:01:00,2015-07-04 15:05:00,2015-07-04 15:08:00,B5.5,POINT(-9 13),2376
gev_20150704_2033,2015-07-04 20:33:00,2015-07-04 20:45:00,2015-07-04 20:55:00,B6.4,POINT(-51 -17),2378
gev_20150705_0633,2015-07-05 06:33:00,2015-07-05 06:38:00,2015-07-05 06:44:00,B5.1,POINT(-45 -16),2378
gev_20150705_0652,2015-07-05 06:52:00,2015-07-05 07:00:00,2015-07-05 07:08:00,B6.7,POINT(-45 -17),2378
gev_20150705_0852,2015-07-05 08:52:00,2015-07-05 09:15:00,2015-07-05 09:39:00,B7.4,POINT(-55 14),2381
gev_20150705_0903,2015-07-05 09:03:00,2015-07-05 09:15:00,2015-07-05 09:38:00,B7.4,POINT(-55 14),2381
gev_20150705_1306,2015-07-05 13:06:00,2015-07-05 13:20:00,2015-07-05 13:35:00,B9.4,POINT(73 -16),2377
gev_20150706_0126,2015-07-06 01:26:00,2015-07-06 01:31:00,2015-07-06 01:35:00,C1.4,POINT(-45 13),2381
gev_20150706_0400,2015-07-06 04:00:00,2015-07-06 04:05:00,2015-07-06 04:12:00,C1.2,POINT(-44 13),2381
gev_20150706_0731,2015-07-06 07:31:00,2015-07-06 07:50:00,2015-07-06 08:02:00,C2.5,POINT(-42 13),2381
gev_20150706_0824,2015-07-06 08:24:00,2015-07-06 08:44:00,2015-07-06 08:44:00,M1.0,POINT(-41 13),2381
gev_20150706_1041,2015-07-06 10:41:00,2015-07-06 10:52:00,2015-07-06 10:57:00,C1.3,POINT(-40 14),2381
gev_20150706_1112,2015-07-06 11:12:00,2015-07-06 11:19:00,2015-07-06 11:30:00,C1.9,POINT(-40 13),2381
gev_20150706_1136,2015-07-06 11:36:00,2015-07-06 11:42:00,2015-07-06 11:46:00,C5.7,POINT(-39 14),2381
gev_20150706_1526,2015-07-06 15:26:00,2015-07-06 15:31:00,2015-07-06 15:37:00,C2.2,POINT(-38 14),2381
gev_20150706_1619,2015-07-06 16:19:00,2015-07-06 16:22:00,2015-07-06 16:25:00,C3.5,POINT(-38 13),2381
gev_20150706_1657,2015-07-06 16:57:00,2015-07-06 17:02:00,2015-07-06 17:10:00,C4.9,POINT(-36 14),2381
gev_20150706_2032,2015-07-06 20:32:00,2015-07-06 20:40:00,2015-07-06 20:50:00,M1.7,POINT(-34 13),2381
gev_20150706_2306,2015-07-06 23:06:00,2015-07-06 23:09:00,2015-07-06 23:14:00,C1.5,POINT(-34 14),2381
gev_20150707_0252,2015-07-07 02:52:00,2015-07-07 03:00:00,2015-07-07 03:11:00,C1.3,POINT(-30 13),2381
gev_20150707_0346,2015-07-07 03:46:00,2015-07-07 03:53:00,2015-07-07 03:58:00,C1.1,POINT(-31 14),2381
gev_20150707_0358,2015-07-07 03:58:00,2015-07-07 04:09:00,2015-07-07 04:27:00,C2.7,POINT(-29 14),2381
gev_20150707_0728,2015-07-07 07:28:00,2015-07-07 08:08:00,2015-07-07 08:37:00,C1.1,POINT(-28 12),2381
gev_20150707_1727,2015-07-07 17:27:00,2015-07-07 17:31:00,2015-07-07 17:37:00,C1.4,POINT(-18 13),2381
gev_20150707_1920,2015-07-07 19:20:00,2015-07-07 19:28:00,2015-07-07 19:33:00,C1.1,POINT(-17 12),2381
gev_20150707_2304,2015-07-07 23:04:00,2015-07-07 23:10:00,2015-07-07 23:13:00,C1.5,POINT(-14 11),2381
gev_20150708_1100,2015-07-08 11:00:00,2015-07-08 11:06:00,2015-07-08 11:10:00,C1.0,POINT(-80 -22),2384
gev_20150709_0331,2015-07-09 03:31:00,2015-07-09 03:37:00,2015-07-09 03:50:00,C1.9,POINT(0 13),2381
gev_20150709_1821,2015-07-09 18:21:00,2015-07-09 18:28:00,2015-07-09 18:32:00,B9.7,POINT(79 17),2373
gev_20150710_0121,2015-07-10 01:21:00,2015-07-10 01:26:00,2015-07-10 01:30:00,B7.3,POINT(-56 -22),2384
gev_20150710_1607,2015-07-10 16:07:00,2015-07-10 16:13:00,2015-07-10 16:19:00,C1.1,POINT(50 6),2385
gev_20150710_2342,2015-07-10 23:42:00,2015-07-10 23:43:00,2015-07-10 23:45:00,B7.1,POINT(89 12),2376
gev_20150711_1827,2015-07-11 18:27:00,2015-07-11 18:36:00,2015-07-11 18:41:00,C1.0,POINT(63 7),2385
gev_20150711_2311,2015-07-11 23:11:00,2015-07-11 23:17:00,2015-07-11 23:25:00,B9.2,POINT(67 7),2385
gev_20150712_1040,2015-07-12 10:40:00,2015-07-12 10:51:00,2015-07-12 11:03:00,B6.2,POINT(77 5),2385
gev_20150712_1202,2015-07-12 12:02:00,2015-07-12 12:24:00,2015-07-12 12:35:00,B6.9,POINT(78 6),2385
gev_20150713_2345,2015-07-13 23:45:00,2015-07-13 23:48:00,2015-07-13 23:50:00,B6.3,POINT(12 19),2388
gev_20150714_0347,2015-07-14 03:47:00,2015-07-14 03:54:00,2015-07-14 03:57:00,B6.2,POINT(54 17),2381
gev_20150714_0447,2015-07-14 04:47:00,2015-07-14 05:52:00,2015-07-14 09:19:00,B9.0,POINT(9 -20),2384
gev_20150714_0920,2015-07-14 09:20:00,2015-07-14 09:23:00,2015-07-14 09:27:00,C1.0,POINT(58 18),2381
gev_20150714_1203,2015-07-14 12:03:00,2015-07-14 12:10:00,2015-07-14 12:10:00,C1.2,POINT(-81 13),2387
gev_20150714_1544,2015-07-14 15:44:00,2015-07-14 16:00:00,2015-07-14 16:12:00,B8.1,POINT(21 11),2388
gev_20150714_1723,2015-07-14 17:23:00,2015-07-14 17:27:00,2015-07-14 17:34:00,B7.1,POINT(8 -15),2384
gev_20150716_2100,2015-07-16 21:00:00,2015-07-16 21:11:00,2015-07-16 21:20:00,B5.8,POINT(-65 16),2387
gev_20150717_1553,2015-07-17 15:53:00,2015-07-17 15:59:00,2015-07-17 16:05:00,B5.1,POINT(-53 15),2387
gev_20150718_1428,2015-07-18 14:28:00,2015-07-18 14:42:00,2015-07-18 14:52:00,C1.8,POINT(80 14),2381
gev_20150719_0905,2015-07-19 09:05:00,2015-07-19 10:40:00,2015-07-19 13:00:00,C2.2,POINT(62 -25),0
gev_20150719_0922,2015-07-19 09:22:00,2015-07-19 10:40:00,2015-07-19 13:02:00,C2.1,POINT(62 -25),2384
gev_20150720_0209,2015-07-20 02:09:00,2015-07-20 02:18:00,2015-07-20 02:26:00,B5.3,POINT(3 10),0
gev_20150720_0304,2015-07-20 03:04:00,2015-07-20 03:22:00,2015-07-20 03:34:00,B4.5,POINT(14 15),2386
gev_20150720_0432,2015-07-20 04:32:00,2015-07-20 04:52:00,2015-07-20 05:05:00,B6.4,POINT(5 9),0
gev_20150720_0433,2015-07-20 04:33:00,2015-07-20 04:52:00,2015-07-20 05:37:00,B6.5,POINT(5 9),0
gev_20150721_0523,2015-07-21 05:23:00,2015-07-21 05:47:00,2015-07-21 06:20:00,B5.3,POINT(-1 16),2387
gev_20150721_1216,2015-07-21 12:16:00,2015-07-21 12:20:00,2015-07-21 12:25:00,B2.9,POINT(0 17),2387
gev_20150722_0354,2015-07-22 03:54:00,2015-07-22 03:57:00,2015-07-22 04:01:00,B2.4,POINT(42 15),2386
gev_20150724_0307,2015-07-24 03:07:00,2015-07-24 03:12:00,2015-07-24 03:15:00,C1.0,POINT(-78 -12),2389
gev_20150724_0342,2015-07-24 03:42:00,2015-07-24 03:48:00,2015-07-24 03:51:00,B4.0,POINT(-79 -12),2389
gev_20150724_0502,2015-07-24 05:02:00,2015-07-24 05:17:00,2015-07-24 05:38:00,B4.9,POINT(-73 -12),2389
gev_20150724_0805,2015-07-24 08:05:00,2015-07-24 08:23:00,2015-07-24 08:47:00,B5.2,POINT(-76 -11),2389
gev_20150724_0947,2015-07-24 09:47:00,2015-07-24 09:52:00,2015-07-24 09:56:00,B4.6,POINT(-73 -12),2389
gev_20150724_1435,2015-07-24 14:35:00,2015-07-24 14:44:00,2015-07-24 14:49:00,C2.0,POINT(-67 -13),2389
gev_20150724_1749,2015-07-24 17:49:00,2015-07-24 17:55:00,2015-07-24 18:00:00,C2.6,POINT(-66 -12),2389
gev_20150724_2045,2015-07-24 20:45:00,2015-07-24 20:49:00,2015-07-24 20:57:00,B4.6,POINT(-66 -11),2389
gev_20150724_2333,2015-07-24 23:33:00,2015-07-24 23:39:00,2015-07-24 23:39:00,B6.9,POINT(-64 -12),2389
gev_20150726_0920,2015-07-26 09:20:00,2015-07-26 09:23:00,2015-07-26 09:26:00,B4.0,POINT(-43 -12),2389
gev_20150726_1020,2015-07-26 10:20:00,2015-07-26 10:24:00,2015-07-26 10:26:00,B5.8,POINT(-42 -12),2389
gev_20150726_1134,2015-07-26 11:34:00,2015-07-26 11:37:00,2015-07-26 11:39:00,B6.1,POINT(-42 -12),2389
gev_20150726_1228,2015-07-26 12:28:00,2015-07-26 12:33:00,2015-07-26 12:36:00,C1.1,POINT(-41 -12),2389
gev_20150727_0340,2015-07-27 03:40:00,2015-07-27 03:43:00,2015-07-27 03:45:00,B3.7,POINT(0 -17),2390
gev_20150727_1235,2015-07-27 12:35:00,2015-07-27 12:39:00,2015-07-27 12:43:00,B3.9,POINT(5 -15),2390
gev_20150727_2314,2015-07-27 23:14:00,2015-07-27 23:28:00,2015-07-28 00:14:00,B5.5,POINT(11 -16),2390
gev_20150728_0038,2015-07-28 00:38:00,2015-07-28 00:42:00,2015-07-28 00:47:00,B4.3,POINT(-22 -13),2389
gev_20150730_2328,2015-07-30 23:28:00,2015-07-30 23:46:00,2015-07-30 23:53:00,B5.7,POINT(-49 17),2393
gev_20150731_0355,2015-07-31 03:55:00,2015-07-31 04:00:00,2015-07-31 04:08:00,B5.9,POINT(55 -14),2390
gev_20150801_0114,2015-08-01 01:14:00,2015-08-01 01:31:00,2015-08-01 01:37:00,B8.0,POINT(-34 15),2393
gev_20150801_1704,2015-08-01 17:04:00,2015-08-01 17:10:00,2015-08-01 17:16:00,B4.5,POINT(75 -14),2390
gev_20150801_1747,2015-08-01 17:47:00,2015-08-01 17:51:00,2015-08-01 17:56:00,B8.0,POINT(-55 17),2394
gev_20150801_1959,2015-08-01 19:59:00,2015-08-01 20:05:00,2015-08-01 20:10:00,C1.5,POINT(77 -15),2390
gev_20150801_2100,2015-08-01 21:00:00,2015-08-01 21:03:00,2015-08-01 21:09:00,B4.3,POINT(-75 -19),2396
gev_20150802_0213,2015-08-02 02:13:00,2015-08-02 02:21:00,2015-08-02 02:28:00,B7.5,POINT(80 -14),2390
gev_20150802_0254,2015-08-02 02:54:00,2015-08-02 02:58:00,2015-08-02 03:04:00,B6.1,POINT(80 -14),2390
gev_20150802_0319,2015-08-02 03:19:00,2015-08-02 03:26:00,2015-08-02 03:35:00,B6.7,POINT(80 -14),2390
gev_20150802_1000,2015-08-02 10:00:00,2015-08-02 10:03:00,2015-08-02 10:05:00,B3.9,POINT(-83 10),2395
gev_20150802_1012,2015-08-02 10:12:00,2015-08-02 10:19:00,2015-08-02 10:34:00,B7.4,POINT(79 -13),2390
gev_20150802_1155,2015-08-02 11:55:00,2015-08-02 11:59:00,2015-08-02 12:03:00,B4.0,POINT(-84 10),2395
gev_20150802_2120,2015-08-02 21:20:00,2015-08-02 22:43:00,2015-08-02 23:34:00,B7.9,POINT(-82 9),2395
gev_20150803_0537,2015-08-03 05:37:00,2015-08-03 05:48:00,2015-08-03 05:56:00,B5.4,POINT(8 5),2391
gev_20150804_1836,2015-08-04 18:36:00,2015-08-04 18:41:00,2015-08-04 18:51:00,B4.4,POINT(-46 -15),2396
gev_20150805_0235,2015-08-05 02:35:00,2015-08-05 02:40:00,2015-08-05 02:43:00,B5.5,POINT(-43 -17),2396
gev_20150805_0447,2015-08-05 04:47:00,2015-08-05 04:51:00,2015-08-05 04:53:00,B5.7,POINT(1 11),2394
gev_20150805_0906,2015-08-05 09:06:00,2015-08-05 09:10:00,2015-08-05 09:18:00,B5.2,POINT(-38 -16),2396
gev_20150805_1133,2015-08-05 11:33:00,2015-08-05 11:38:00,2015-08-05 11:46:00,B7.2,POINT(-39 -18),2396
gev_20150805_1601,2015-08-05 16:01:00,2015-08-05 16:06:00,2015-08-05 16:10:00,B7.3,POINT(-33 -19),2396
gev_20150805_2126,2015-08-05 21:26:00,2015-08-05 21:29:00,2015-08-05 21:29:00,B7.1,POINT(-30 -16),2396
gev_20150806_0828,2015-08-06 08:28:00,2015-08-06 08:29:00,2015-08-06 08:30:00,B5.0,POINT(82 14),0
gev_20150806_0838,2015-08-06 08:38:00,2015-08-06 09:05:00,2015-08-06 09:15:00,C1.0,POINT(-24 -16),2396
gev_20150806_1909,2015-08-06 19:09:00,2015-08-06 19:21:00,2015-08-06 19:36:00,C2.1,POINT(-19 -16),2396
gev_20150806_2140,2015-08-06 21:40:00,2015-08-06 21:49:00,2015-08-06 21:58:00,C1.5,POINT(-18 -16),2396
gev_20150807_0345,2015-08-07 03:45:00,2015-08-07 03:57:00,2015-08-07 04:06:00,C4.8,POINT(-17 -17),2396
gev_20150807_0625,2015-08-07 06:25:00,2015-08-07 06:34:00,2015-08-07 06:47:00,B6.7,POINT(-13 -17),2396
gev_20150807_0901,2015-08-07 09:01:00,2015-08-07 09:08:00,2015-08-07 09:17:00,C1.1,POINT(-14 -16),2396
gev_20150807_1005,2015-08-07 10:05:00,2015-08-07 10:12:00,2015-08-07 10:23:00,B8.4,POINT(-12 -19),2396
gev_20150807_1401,2015-08-07 14:01:00,2015-08-07 14:49:00,2015-08-07 15:11:00,C1.8,POINT(-10 -17),2396
gev_20150807_1557,2015-08-07 15:57:00,2015-08-07 16:01:00,2015-08-07 16:12:00,B6.7,POINT(29 11),2394
gev_20150807_1659,2015-08-07 16:59:00,2015-08-07 17:06:00,2015-08-07 17:26:00,C1.9,POINT(-9 -17),2396
gev_20150807_1811,2015-08-07 18:11:00,2015-08-07 18:14:00,2015-08-07 18:19:00,C2.0,POINT(-5 -17),2396
gev_20150807_1840,2015-08-07 18:40:00,2015-08-07 18:45:00,2015-08-07 18:51:00,C1.6,POINT(-6 -17),2396
gev_20150807_1853,2015-08-07 18:53:00,2015-08-07 19:10:00,2015-08-07 19:24:00,C3.4,POINT(-8 -17),2396
gev_20150807_1934,2015-08-07 19:34:00,2015-08-07 19:41:00,2015-08-07 19:41:00,C5.4,POINT(-8 -17),2396
gev_20150807_2039,2015-08-07 20:39:00,2015-08-07 20:44:00,2015-08-07 20:48:00,C1.0,POINT(-5 -16),2396
gev_20150807_2111,2015-08-07 21:11:00,2015-08-07 21:16:00,2015-08-07 21:20:00,C1.0,POINT(-5 -18),2396
gev_20150807_2236,2015-08-07 22:36:00,2015-08-07 22:43:00,2015-08-07 22:43:00,C1.7,POINT(-3 -17),2396
gev_20150808_0238,2015-08-08 02:38:00,2015-08-08 02:52:00,2015-08-08 02:52:00,C1.4,POINT(-4 -18),2396
gev_20150808_0558,2015-08-08 05:58:00,2015-08-08 06:05:00,2015-08-08 06:14:00,C1.5,POINT(0 -17),2396
gev_20150808_0900,2015-08-08 09:00:00,2015-08-08 09:15:00,2015-08-08 09:30:00,C1.6,POINT(1 -17),2396
gev_20150808_1417,2015-08-08 14:17:00,2015-08-08 14:38:00,2015-08-08 14:52:00,C1.0,POINT(3 -17),2396
gev_20150808_1509,2015-08-08 15:09:00,2015-08-08 15:15:00,2015-08-08 15:23:00,B7.5,POINT(-56 -7),0
gev_20150809_0730,2015-08-09 07:30:00,2015-08-09 07:52:00,2015-08-09 08:23:00,C4.2,POINT(14 -19),2396
gev_20150810_0604,2015-08-10 06:04:00,2015-08-10 06:10:00,2015-08-10 06:12:00,B8.2,POINT(35 -18),2396
gev_20150810_0907,2015-08-10 09:07:00,2015-08-10 09:11:00,2015-08-10 09:13:00,B7.6,POINT(37 -17),2396
gev_20150811_0138,2015-08-11 01:38:00,2015-08-11 01:42:00,2015-08-11 01:44:00,B3.2,POINT(33 -16),2396
gev_20150811_1017,2015-08-11 10:17:00,2015-08-11 10:26:00,2015-08-11 10:30:00,B4.9,POINT(46 -17),2396
gev_20150811_1042,2015-08-11 10:42:00,2015-08-11 10:47:00,2015-08-11 10:51:00,B4.9,POINT(43 -19),2396
gev_20150811_1447,2015-08-11 14:47:00,2015-08-11 14:54:00,2015-08-11 15:04:00,B6.6,POINT(48 -17),2396
gev_20150811_1511,2015-08-11 15:11:00,2015-08-11 15:15:00,2015-08-11 15:18:00,C1.0,POINT(83 12),2394
gev_20150811_1656,2015-08-11 16:56:00,2015-08-11 17:00:00,2015-08-11 17:00:00,B4.8,POINT(-41 17),2400
gev_20150811_2116,2015-08-11 21:16:00,2015-08-11 21:23:00,2015-08-11 21:23:00,B4.9,POINT(52 -18),2396
gev_20150812_1026,2015-08-12 10:26:00,2015-08-12 10:29:00,2015-08-12 10:33:00,B6.7,POINT(-1 15),2398
gev_20150812_1426,2015-08-12 14:26:00,2015-08-12 15:26:00,2015-08-12 16:47:00,B7.0,POINT(27 -27),0
gev_20150813_0200,2015-08-13 02:00:00,2015-08-13 02:04:00,2015-08-13 02:07:00,B3.3,POINT(65 -18),2396
gev_20150813_0834,2015-08-13 08:34:00,2015-08-13 08:38:00,2015-08-13 08:51:00,B3.6,POINT(-16 16),2400
gev_20150813_1030,2015-08-13 10:30:00,2015-08-13 10:45:00,2015-08-13 11:00:00,B5.8,POINT(-18 17),2400
gev_20150813_1339,2015-08-13 13:39:00,2015-08-13 13:53:00,2015-08-13 13:57:00,B2.9,POINT(-59 -11),2401
gev_20150813_1724,2015-08-13 17:24:00,2015-08-13 17:27:00,2015-08-13 17:32:00,B4.1,POINT(-55 -10),2401
gev_20150813_1751,2015-08-13 17:51:00,2015-08-13 18:03:00,2015-08-13 18:10:00,B4.3,POINT(-56 -10),2401
gev_20150814_0026,2015-08-14 00:26:00,2015-08-14 00:33:00,2015-08-14 00:37:00,C1.1,POINT(-51 -11),2401
gev_20150814_0051,2015-08-14 00:51:00,2015-08-14 01:04:00,2015-08-14 01:10:00,C1.1,POINT(-51 -10),2401
gev_20150814_0155,2015-08-14 01:55:00,2015-08-14 02:00:00,2015-08-14 02:04:00,C1.9,POINT(-49 -10),2401
gev_20150814_0300,2015-08-14 03:00:00,2015-08-14 03:04:00,2015-08-14 03:08:00,C1.6,POINT(-49 -10),2401
gev_20150814_0530,2015-08-14 05:30:00,2015-08-14 05:38:00,2015-08-14 05:40:00,B4.4,POINT(-48 -11),2401
gev_20150814_0732,2015-08-14 07:32:00,2015-08-14 07:35:00,2015-08-14 07:37:00,B5.2,POINT(-46 -10),2401
gev_20150815_0425,2015-08-15 04:25:00,2015-08-15 04:30:00,2015-08-15 04:35:00,B5.5,POINT(-36 -12),2401
gev_20150815_0507,2015-08-15 05:07:00,2015-08-15 05:10:00,2015-08-15 05:12:00,B4.3,POINT(-37 -12),2401
gev_20150815_1131,2015-08-15 11:31:00,2015-08-15 12:36:00,2015-08-15 13:20:00,C1.6,POINT(-32 -10),2401
gev_20150815_1202,2015-08-15 12:02:00,2015-08-15 12:36:00,2015-08-15 12:56:00,C1.6,POINT(-32 -10),2401
gev_20150815_1551,2015-08-15 15:51:00,2015-08-15 16:21:00,2015-08-15 16:30:00,B4.0,POINT(-32 -14),2401
gev_20150815_1635,2015-08-15 16:35:00,2015-08-15 16:47:00,2015-08-15 17:08:00,B4.6,POINT(-33 -6),2401
gev_20150816_0630,2015-08-16 06:30:00,2015-08-16 06:42:00,2015-08-16 06:51:00,B2.8,POINT(-22 -11),2401
gev_20150816_2259,2015-08-16 22:59:00,2015-08-16 23:05:00,2015-08-16 23:08:00,B3.9,POINT(-62 6),0
gev_20150817_0020,2015-08-17 00:20:00,2015-08-17 00:25:00,2015-08-17 00:29:00,B2.7,POINT(-14 -11),2401
gev_20150817_0841,2015-08-17 08:41:00,2015-08-17 08:45:00,2015-08-17 08:50:00,B2.8,POINT(-83 -13),2403
gev_20150817_1349,2015-08-17 13:49:00,2015-08-17 13:52:00,2015-08-17 13:57:00,B2.1,POINT(-3 -10),2401
gev_20150817_1420,2015-08-17 14:20:00,2015-08-17 14:24:00,2015-08-17 14:27:00,B2.6,POINT(-3 -11),2401
gev_20150818_0001,2015-08-18 00:01:00,2015-08-18 00:22:00,2015-08-18 00:36:00,B2.9,POINT(-79 -30),0
gev_20150818_1453,2015-08-18 14:53:00,2015-08-18 15:12:00,2015-08-18 15:34:00,B4.3,POINT(-60 -17),2403
gev_20150819_0518,2015-08-19 05:18:00,2015-08-19 05:38:00,2015-08-19 05:45:00,B4.8,POINT(-64 -13),2403
gev_20150819_1048,2015-08-19 10:48:00,2015-08-19 10:53:00,2015-08-19 10:55:00,B6.8,POINT(-57 -12),2403
gev_20150819_1146,2015-08-19 11:46:00,2015-08-19 11:50:00,2015-08-19 11:54:00,B3.0,POINT(-57 -12),2403
gev_20150819_1201,2015-08-19 12:01:00,2015-08-19 12:04:00,2015-08-19 12:08:00,B3.6,POINT(-57 -12),2403
gev_20150819_1213,2015-08-19 12:13:00,2015-08-19 12:17:00,2015-08-19 12:19:00,B5.4,POINT(-56 -12),2403
gev_20150819_1310,2015-08-19 13:10:00,2015-08-19 13:27:00,2015-08-19 13:32:00,B6.1,POINT(-60 -15),2403
gev_20150819_1354,2015-08-19 13:54:00,2015-08-19 14:21:00,2015-08-19 14:43:00,B6.4,POINT(-51 -21),2403
gev_20150819_1558,2015-08-19 15:58:00,2015-08-19 16:01:00,2015-08-19 16:03:00,B4.5,POINT(23 -9),2401
gev_20150819_1759,2015-08-19 17:59:00,2015-08-19 18:04:00,2015-08-19 18:09:00,B6.2,POINT(-57 -15),2403
gev_20150819_1935,2015-08-19 19:35:00,2015-08-19 19:38:00,2015-08-19 19:41:00,B4.6,POINT(-55 -12),2403
gev_20150819_2150,2015-08-19 21:50:00,2015-08-19 21:53:00,2015-08-19 21:58:00,B4.0,POINT(-52 -13),2403
gev_20150819_2227,2015-08-19 22:27:00,2015-08-19 22:47:00,2015-08-19 23:03:00,B5.1,POINT(-57 -15),2403
gev_20150820_0054,2015-08-20 00:54:00,2015-08-20 00:58:00,2015-08-20 01:00:00,B5.5,POINT(-50 -12),2403
gev_20150820_0232,2015-08-20 02:32:00,2015-08-20 02:35:00,2015-08-20 02:37:00,B4.2,POINT(-51 -17),2403
gev_20150820_0508,2015-08-20 05:08:00,2015-08-20 05:26:00,2015-08-20 06:12:42,C3.4,POINT(-44 -16),2403
gev_20150820_0707,2015-08-20 07:07:00,2015-08-20 07:10:00,2015-08-20 07:13:00,C1.7,POINT(-47 -13),2403
gev_20150820_0803,2015-08-20 08:03:00,2015-08-20 08:06:00,2015-08-20 08:12:00,C1.6,POINT(-46 -13),2403
gev_20150820_1346,2015-08-20 13:46:00,2015-08-20 13:50:00,2015-08-20 13:55:00,B8.2,POINT(-43 -13),2403
gev_20150820_1425,2015-08-20 14:25:00,2015-08-20 15:59:00,2015-08-20 16:19:00,C1.1,POINT(-47 -16),2403
gev_20150820_1750,2015-08-20 17:50:00,2015-08-20 17:53:00,2015-08-20 17:55:00,B9.6,POINT(-42 -15),2403
gev_20150820_2134,2015-08-20 21:34:00,2015-08-20 21:38:00,2015-08-20 21:45:00,C1.3,POINT(-41 -14),2403
gev_20150820_2223,2015-08-20 22:23:00,2015-08-20 22:28:00,2015-08-20 22:38:00,B8.9,POINT(-39 -17),2403
gev_20150820_2330,2015-08-20 23:30:00,2015-08-20 23:41:00,2015-08-20 23:44:00,C1.1,POINT(-39 -17),2403
gev_20150821_0027,2015-08-21 00:27:00,2015-08-21 00:30:00,2015-08-21 00:32:00,B9.7,POINT(-38 -15),2403
gev_20150821_0156,2015-08-21 01:56:00,2015-08-21 02:18:00,2015-08-21 02:37:00,M1.2,POINT(-38 -12),2403
gev_20150821_0756,2015-08-21 07:56:00,2015-08-21 08:04:00,2015-08-21 08:11:00,B9.1,POINT(-33 -15),2403
gev_20150821_0819,2015-08-21 08:19:00,2015-08-21 08:25:00,2015-08-21 08:30:00,C1.2,POINT(-33 -15),2403
gev_20150821_0934,2015-08-21 09:34:00,2015-08-21 09:48:00,2015-08-21 10:07:00,M1.4,POINT(-26 -17),2403
gev_20150821_1433,2015-08-21 14:33:00,2015-08-21 14:37:00,2015-08-21 14:43:00,C1.2,POINT(-29 -11),2403
gev_20150821_1910,2015-08-21 19:10:00,2015-08-21 20:33:00,2015-08-21 20:50:00,M1.1,POINT(-28 -15),2403
gev_20150821_2334,2015-08-21 23:34:00,2015-08-21 23:46:00,2015-08-21 23:53:00,C1.3,POINT(-26 -17),2403
gev_20150822_0023,2015-08-22 00:23:00,2015-08-22 00:26:00,2015-08-22 00:29:00,C2.0,POINT(-25 -16),2403
gev_20150822_0627,2015-08-22 06:27:00,2015-08-22 06:33:00,2015-08-22 06:37:00,C5.1,POINT(-22 -15),2403
gev_20150822_0639,2015-08-22 06:39:00,2015-08-22 06:49:00,2015-08-22 06:59:00,M1.2,POINT(-13 -15),2403
gev_20150822_0834,2015-08-22 08:34:00,2015-08-22 08:43:00,2015-08-22 08:48:00,C6.7,POINT(-22 -16),2403
gev_20150822_0909,2015-08-22 09:09:00,2015-08-22 09:20:00,2015-08-22 09:39:00,C5.1,POINT(-20 -12),2403
gev_20150822_1021,2015-08-22 10:21:00,2015-08-22 10:25:00,2015-08-22 10:31:00,C6.3,POINT(-21 -15),2403
gev_20150822_1117,2015-08-22 11:17:00,2015-08-22 11:34:00,2015-08-22 11:47:00,C3.4,POINT(-19 -18),2403
gev_20150822_1317,2015-08-22 13:17:00,2015-08-22 13:23:00,2015-08-22 13:29:00,M2.2,POINT(-19 -16),2403
gev_20150822_1422,2015-08-22 14:22:00,2015-08-22 14:31:00,2015-08-22 14:38:00,C2.2,POINT(-16 -14),2403
gev_20150822_1519,2015-08-22 15:19:00,2015-08-22 15:29:00,2015-08-22 15:31:00,C1.6,POINT(-15 -16),2403
gev_20150822_1618,2015-08-22 16:18:00,2015-08-22 16:30:00,2015-08-22 16:37:00,C1.6,POINT(-17 -16),2403
gev_20150822_1843,2015-08-22 18:43:00,2015-08-22 18:57:00,2015-08-22 19:01:00,C2.2,POINT(-16 -16),2403
gev_20150822_2004,2015-08-22 20:04:00,2015-08-22 20:42:00,2015-08-22 20:54:00,C3.1,POINT(-15 -16),2403
gev_20150822_2119,2015-08-22 21:19:00,2015-08-22 21:24:00,2015-08-22 21:28:00,M3.5,POINT(-15 -16),2403
gev_20150822_2234,2015-08-22 22:34:00,2015-08-22 22:37:00,2015-08-22 22:40:00,C1.5,POINT(-14 -15),2403
gev_20150822_2302,2015-08-22 23:02:00,2015-08-22 23:29:00,2015-08-22 23:29:00,C2.7,POINT(-12 -14),2403
gev_20150823_0700,2015-08-23 07:00:00,2015-08-23 07:14:00,2015-08-23 07:23:00,C6.6,POINT(-9 -16),2403
gev_20150823_0854,2015-08-23 08:54:00,2015-08-23 09:00:00,2015-08-23 09:03:00,C2.4,POINT(-9 -16),2403
gev_20150823_0953,2015-08-23 09:53:00,2015-08-23 09:54:00,2015-08-23 09:58:00,B9.8,POINT(-8 -16),2403
gev_20150823_1115,2015-08-23 11:15:00,2015-08-23 11:21:00,2015-08-23 11:26:00,C1.7,POINT(-7 -16),2403
gev_20150823_1856,2015-08-23 18:56:00,2015-08-23 19:07:00,2015-08-23 19:27:00,C3.9,POINT(-2 -17),2403
gev_20150823_2044,2015-08-23 20:44:00,2015-08-23 20:57:00,2015-08-23 21:05:00,C2.2,POINT(-1 -16),2403
gev_20150824_0611,2015-08-24 06:11:00,2015-08-24 06:15:00,2015-08-24 06:24:00,C3.2,POINT(1 -16),2403
gev_20150824_0637,2015-08-24 06:37:00,2015-08-24 06:40:00,2015-08-24 06:43:00,C1.3,POINT(4 -16),2403
gev_20150824_0708,2015-08-24 07:08:00,2015-08-24 07:12:00,2015-08-24 07:15:00,C6.7,POINT(2 -16),2403
gev_20150824_0726,2015-08-24 07:26:00,2015-08-24 07:33:00,2015-08-24 07:35:00,M5.6,POINT(0 -14),2403
gev_20150824_0805,2015-08-24 08:05:00,2015-08-24 08:08:00,2015-08-24 08:11:00,C2.8,POINT(9 -15),2403
gev_20150824_0952,2015-08-24 09:52:00,2015-08-24 09:58:00,2015-08-24 10:01:00,C1.5,POINT(3 -16),2403
gev_20150824_1015,2015-08-24 10:15:00,2015-08-24 10:19:00,2015-08-24 10:21:00,C1.6,POINT(0 -14),2403
gev_20150824_1033,2015-08-24 10:33:00,2015-08-24 10:37:00,2015-08-24 10:39:00,C1.1,POINT(10 -14),2403
gev_20150824_1159,2015-08-24 11:59:00,2015-08-24 12:06:00,2015-08-24 12:09:00,C2.5,POINT(2 -13),2403
gev_20150824_1321,2015-08-24 13:21:00,2015-08-24 13:25:00,2015-08-24 13:30:00,C1.6,POINT(6 -16),2403
gev_20150824_1347,2015-08-24 13:47:00,2015-08-24 13:56:00,2015-08-24 13:59:00,C2.1,POINT(2 -14),2403
gev_20150824_1508,2015-08-24 15:08:00,2015-08-24 15:13:00,2015-08-24 15:16:00,C5.8,POINT(6 -17),2403
gev_20150824_1716,2015-08-24 17:16:00,2015-08-24 17:22:00,2015-08-24 17:26:00,C1.3,POINT(7 -16),2403
gev_20150824_1740,2015-08-24 17:40:00,2015-08-24 17:46:00,2015-08-24 17:49:00,M1.0,POINT(4 -14),2403
gev_20150824_1918,2015-08-24 19:18:00,2015-08-24 19:22:00,2015-08-24 19:25:00,C1.3,POINT(10 -18),2403
gev_20150824_1949,2015-08-24 19:49:00,2015-08-24 19:53:00,2015-08-24 19:57:00,C1.2,POINT(16 -13),2403
gev_20150824_2206,2015-08-24 22:06:00,2015-08-24 22:11:00,2015-08-24 22:15:00,C1.4,POINT(7 -14),2403
gev_20150824_2240,2015-08-24 22:40:00,2015-08-24 22:45:00,2015-08-24 22:48:00,C3.0,POINT(11 -16),2403
gev_20150824_2306,2015-08-24 23:06:00,2015-08-24 23:09:00,2015-08-24 23:11:00,C1.1,POINT(17 -13),2403
gev_20150825_0140,2015-08-25 01:40:00,2015-08-25 01:46:00,2015-08-25 01:54:00,B7.6,POINT(10 -18),2403
gev_20150825_0200,2015-08-25 02:00:00,2015-08-25 02:03:00,2015-08-25 02:06:00,B9.2,POINT(21 -13),2403
gev_20150825_0212,2015-08-25 02:12:00,2015-08-25 02:18:00,2015-08-25 02:20:00,B8.2,POINT(13 -16),2403
gev_20150825_0235,2015-08-25 02:35:00,2015-08-25 02:42:00,2015-08-25 02:47:00,C3.6,POINT(8 -14),2403
gev_20150825_0326,2015-08-25 03:26:00,2015-08-25 03:30:00,2015-08-25 03:32:00,B8.7,POINT(11 -18),2403
gev_20150825_0414,2015-08-25 04:14:00,2015-08-25 04:20:00,2015-08-25 04:24:00,C1.1,POINT(19 -14),2403
gev_20150825_0546,2015-08-25 05:46:00,2015-08-25 05:50:00,2015-08-25 05:52:00,B8.5,POINT(22 -14),2403
gev_20150825_0618,2015-08-25 06:18:00,2015-08-25 06:31:00,2015-08-25 06:37:00,C4.3,POINT(22 -14),2403
gev_20150825_0758,2015-08-25 07:58:00,2015-08-25 08:03:00,2015-08-25 08:05:00,C2.3,POINT(18 -15),2403
gev_20150825_1023,2015-08-25 10:23:00,2015-08-25 10:34:00,2015-08-25 10:41:00,C1.7,POINT(13 -14),2403
gev_20150825_1155,2015-08-25 11:55:00,2015-08-25 11:59:00,2015-08-25 12:03:00,C2.3,POINT(18 -17),2403
gev_20150825_1233,2015-08-25 12:33:00,2015-08-25 12:38:00,2015-08-25 12:44:00,C1.3,POINT(24 -14),2403
gev_20150825_1356,2015-08-25 13:56:00,2015-08-25 14:02:00,2015-08-25 14:05:00,B9.5,POINT(18 -17),2403
gev_20150825_1448,2015-08-25 14:48:00,2015-08-25 14:53:00,2015-08-25 14:58:00,C1.1,POINT(28 -14),2403
gev_20150825_1537,2015-08-25 15:37:00,2015-08-25 15:40:00,2015-08-25 15:43:00,B9.7,POINT(21 -17),2403
gev_20150825_1714,2015-08-25 17:14:00,2015-08-25 17:17:00,2015-08-25 17:22:00,C1.0,POINT(20 -17),2403
gev_20150825_1801,2015-08-25 18:01:00,2015-08-25 18:05:00,2015-08-25 18:08:00,C1.3,POINT(25 -13),2403
gev_20150825_1923,2015-08-25 19:23:00,2015-08-25 19:27:00,2015-08-25 19:31:00,C2.2,POINT(30 -14),2403
gev_20150825_1947,2015-08-25 19:47:00,2015-08-25 19:50:00,2015-08-25 19:53:00,B8.6,POINT(23 -16),2403
gev_20150825_2201,2015-08-25 22:01:00,2015-08-25 22:17:00,2015-08-25 22:28:00,B9.1,POINT(39 -15),2403
gev_20150825_2340,2015-08-25 23:40:00,2015-08-25 23:53:00,2015-08-26 00:04:00,C2.8,POINT(39 -17),2403
gev_20150826_0256,2015-08-26 02:56:00,2015-08-26 03:01:00,2015-08-26 03:04:00,C1.5,POINT(25 -19),2403
gev_20150826_1341,2015-08-26 13:41:00,2015-08-26 13:53:00,2015-08-26 13:53:00,C9.5,POINT(39 -14),2403
gev_20150827_0233,2015-08-27 02:33:00,2015-08-27 02:42:00,2015-08-27 02:45:00,C1.0,POINT(47 -14),2403
gev_20150827_0325,2015-08-27 03:25:00,2015-08-27 03:29:00,2015-08-27 03:36:00,C1.3,POINT(48 -14),2403
gev_20150827_0448,2015-08-27 04:48:00,2015-08-27 05:44:00,2015-08-27 06:03:00,M2.9,POINT(49 -14),2403
gev_20150827_1710,2015-08-27 17:10:00,2015-08-27 17:34:00,2015-08-27 17:39:00,B7.1,POINT(57 -14),2403
gev_20150827_2024,2015-08-27 20:24:00,2015-08-27 20:31:00,2015-08-27 20:34:00,C1.4,POINT(58 -14),2403
gev_20150828_0029,2015-08-28 00:29:00,2015-08-28 00:37:00,2015-08-28 00:46:00,C1.2,POINT(61 -14),2403
gev_20150828_0242,2015-08-28 02:42:00,2015-08-28 02:51:00,2015-08-28 03:06:00,C8.0,POINT(61 -14),2403
gev_20150828_0617,2015-08-28 06:17:00,2015-08-28 06:28:00,2015-08-28 06:38:00,C4.5,POINT(72 -16),2403
gev_20150828_0813,2015-08-28 08:13:00,2015-08-28 08:19:00,2015-08-28 08:31:00,C3.7,POINT(65 -14),2403
gev_20150828_0944,2015-08-28 09:44:00,2015-08-28 09:47:00,2015-08-28 09:49:00,C1.0,POINT(64 -14),2403
gev_20150828_0952,2015-08-28 09:52:00,2015-08-28 09:58:00,2015-08-28 10:04:00,C1.3,POINT(65 -14),2403
gev_20150828_1122,2015-08-28 11:22:00,2015-08-28 11:44:00,2015-08-28 11:54:00,C5.3,POINT(67 -14),2403
gev_20150828_1244,2015-08-28 12:44:00,2015-08-28 12:55:00,2015-08-28 13:00:00,C2.6,POINT(68 -14),2403
gev_20150828_1304,2015-08-28 13:04:00,2015-08-28 13:16:00,2015-08-28 13:23:00,M2.2,POINT(66 -14),2403
gev_20150828_1535,2015-08-28 15:35:00,2015-08-28 15:39:00,2015-08-28 15:43:00,C1.2,POINT(64 -12),2403
gev_20150828_1550,2015-08-28 15:50:00,2015-08-28 15:53:00,2015-08-28 15:55:00,C1.5,POINT(69 -14),2403
gev_20150828_1715,2015-08-28 17:15:00,2015-08-28 17:19:00,2015-08-28 17:21:00,B9.5,POINT(69 -14),2403
gev_20150828_1734,2015-08-28 17:34:00,2015-08-28 17:38:00,2015-08-28 17:42:00,C2.0,POINT(70 -14),2403
gev_20150828_1836,2015-08-28 18:36:00,2015-08-28 18:44:00,2015-08-28 18:55:00,C1.1,POINT(68 -12),2403
gev_20150828_1856,2015-08-28 18:56:00,2015-08-28 19:03:00,2015-08-28 19:06:00,M2.1,POINT(70 -14),2403
gev_20150828_1930,2015-08-28 19:30:00,2015-08-28 19:39:00,2015-08-28 19:42:00,C4.6,POINT(71 -14),2403
gev_20150828_2021,2015-08-28 20:21:00,2015-08-28 20:29:00,2015-08-28 20:38:00,C2.1,POINT(78 -13),2403
gev_20150828_2127,2015-08-28 21:27:00,2015-08-28 21:39:00,2015-08-28 21:44:00,C1.7,POINT(74 -15),2403
gev_20150828_2210,2015-08-28 22:10:00,2015-08-28 22:13:00,2015-08-28 22:16:00,C1.2,POINT(73 -14),2403
gev_20150828_2339,2015-08-28 23:39:00,2015-08-28 23:47:00,2015-08-28 23:57:00,C4.8,POINT(74 -15),2403
gev_20150829_0301,2015-08-29 03:01:00,2015-08-29 03:04:00,2015-08-29 03:06:00,B9.1,POINT(79 -15),2403
gev_20150829_0720,2015-08-29 07:20:00,2015-08-29 07:32:00,2015-08-29 07:40:00,C2.3,POINT(-82 -44),0
gev_20150829_1401,2015-08-29 14:01:00,2015-08-29 14:20:00,2015-08-29 14:26:00,C1.4,POINT(-28 -23),2405
gev_20150829_1446,2015-08-29 14:46:00,2015-08-29 15:25:00,2015-08-29 15:41:00,C2.3,POINT(80 -13),2403
gev_20150829_1458,2015-08-29 14:58:00,2015-08-29 15:25:00,2015-08-29 15:55:00,C2.3,POINT(79 -13),2403
gev_20150829_1959,2015-08-29 19:59:00,2015-08-29 20:37:00,2015-08-29 20:57:00,C2.4,POINT(79 -18),2403
gev_20150830_0201,2015-08-30 02:01:00,2015-08-30 03:30:00,2015-08-30 03:30:00,M1.4,POINT(80 -17),2403
gev_20150830_0923,2015-08-30 09:23:00,2015-08-30 09:38:00,2015-08-30 09:38:00,C1.0,POINT(79 -16),2403
gev_20150830_1329,2015-08-30 13:29:00,2015-08-30 13:51:00,2015-08-30 13:54:00,C1.0,POINT(-15 -23),2405
gev_20150831_0455,2015-08-31 04:55:00,2015-08-31 05:22:00,2015-08-31 05:22:00,C2.2,POINT(79 -12),2403
gev_20150831_1427,2015-08-31 14:27:00,2015-08-31 14:38:00,2015-08-31 14:47:00,B4.5,POINT(-1 -23),2405
gev_20150902_0750,2015-09-02 07:50:00,2015-09-02 07:55:00,2015-09-02 08:00:00,B5.0,POINT(82 16),2407
gev_20150903_0209,2015-09-03 02:09:00,2015-09-03 02:13:00,2015-09-03 02:17:00,B2.9,POINT(-36 -19),2410
gev_20150903_0302,2015-09-03 03:02:00,2015-09-03 03:08:00,2015-09-03 03:12:00,B3.0,POINT(-36 -19),2410
gev_20150903_0700,2015-09-03 07:00:00,2015-09-03 07:03:00,2015-09-03 07:08:00,B3.1,POINT(-82 -44),0
gev_20150903_0938,2015-09-03 09:38:00,2015-09-03 09:43:00,2015-09-03 09:51:00,B3.0,POINT(-34 -19),2410
gev_20150903_1128,2015-09-03 11:28:00,2015-09-03 11:37:00,2015-09-03 11:48:00,C1.7,POINT(82 14),2407
gev_20150903_1431,2015-09-03 14:31:00,2015-09-03 14:52:00,2015-09-03 15:52:00,B2.6,POINT(-14 -18),2410
gev_20150903_2248,2015-09-03 22:48:00,2015-09-03 22:53:00,2015-09-03 22:58:00,B2.8,POINT(-26 -19),2410
gev_20150904_0513,2015-09-04 05:13:00,2015-09-04 05:18:00,2015-09-04 05:26:00,B4.4,POINT(-25 4),2409
gev_20150904_1700,2015-09-04 17:00:00,2015-09-04 19:30:00,2015-09-04 21:00:00,B3.2,POINT(54 -24),0
gev_20150905_0211,2015-09-05 02:11:00,2015-09-05 02:15:00,2015-09-05 02:20:00,B3.0,POINT(-11 -18),2410
gev_20150905_1006,2015-09-05 10:06:00,2015-09-05 10:10:00,2015-09-05 10:13:00,B2.2,POINT(-6 5),2409
gev_20150911_0239,2015-09-11 02:39:00,2015-09-11 02:45:00,2015-09-11 03:08:00,B4.2,POINT(-80 -19),2415
gev_20150911_1225,2015-09-11 12:25:00,2015-09-11 12:29:00,2015-09-11 12:32:00,B3.6,POINT(14 -11),2414
gev_20150911_1252,2015-09-11 12:52:00,2015-09-11 13:12:00,2015-09-11 13:17:00,B6.7,POINT(-79 -20),2415
gev_20150911_1623,2015-09-11 16:23:00,2015-09-11 16:27:00,2015-09-11 16:33:00,B3.3,POINT(-75 -20),2415
gev_20150911_1643,2015-09-11 16:43:00,2015-09-11 16:46:00,2015-09-11 16:49:00,B4.3,POINT(17 -10),2414
gev_20150911_2103,2015-09-11 21:03:00,2015-09-11 21:07:00,2015-09-11 21:10:00,B3.6,POINT(-71 -24),2415
gev_20150911_2130,2015-09-11 21:30:00,2015-09-11 21:37:00,2015-09-11 21:43:00,C1.3,POINT(17 -9),2414
gev_20150913_0415,2015-09-13 04:15:00,2015-09-13 04:20:00,2015-09-13 04:29:00,B6.4,POINT(33 -9),2414
gev_20150913_0520,2015-09-13 05:20:00,2015-09-13 05:24:00,2015-09-13 05:33:00,B6.1,POINT(34 -9),2414
gev_20150913_1235,2015-09-13 12:35:00,2015-09-13 12:39:00,2015-09-13 12:43:00,B4.5,POINT(-49 -21),2415
gev_20150914_0037,2015-09-14 00:37:00,2015-09-14 00:42:00,2015-09-14 00:45:00,B5.7,POINT(-40 -21),2415
gev_20150914_0251,2015-09-14 02:51:00,2015-09-14 02:54:00,2015-09-14 02:56:00,B3.5,POINT(37 2),2412
gev_20150914_0742,2015-09-14 07:42:00,2015-09-14 07:44:00,2015-09-14 07:47:00,B2.7,POINT(-87 -18),2418
gev_20150914_1736,2015-09-14 17:36:00,2015-09-14 17:43:00,2015-09-14 17:48:00,B9.6,POINT(-34 -20),2415
gev_20150914_2214,2015-09-14 22:14:00,2015-09-14 22:19:00,2015-09-14 22:22:00,B5.8,POINT(-25 -20),2415
gev_20150915_0018,2015-09-15 00:18:00,2015-09-15 00:21:00,2015-09-15 00:23:00,B8.7,POINT(-23 -21),2415
gev_20150915_0116,2015-09-15 01:16:00,2015-09-15 01:20:00,2015-09-15 01:23:00,B5.5,POINT(-24 -21),2415
gev_20150915_0123,2015-09-15 01:23:00,2015-09-15 01:27:00,2015-09-15 01:29:00,B7.9,POINT(-24 -21),2415
gev_20150915_0155,2015-09-15 01:55:00,2015-09-15 01:59:00,2015-09-15 02:03:00,B7.7,POINT(-23 -20),2415
gev_20150915_0217,2015-09-15 02:17:00,2015-09-15 02:20:00,2015-09-15 02:22:00,C1.0,POINT(-23 -21),2415
gev_20150915_0246,2015-09-15 02:46:00,2015-09-15 02:58:00,2015-09-15 03:00:00,C1.2,POINT(-23 -21),2415
gev_20150915_0512,2015-09-15 05:12:00,2015-09-15 05:19:00,2015-09-15 05:25:00,C1.3,POINT(-27 -19),2415
gev_20150915_0556,2015-09-15 05:56:00,2015-09-15 06:00:00,2015-09-15 06:03:00,B6.0,POINT(-21 -21),2415
gev_20150915_0607,2015-09-15 06:07:00,2015-09-15 06:11:00,2015-09-15 06:13:00,C1.2,POINT(-21 -20),2415
gev_20150915_0707,2015-09-15 07:07:00,2015-09-15 07:11:00,2015-09-15 07:15:00,C1.0,POINT(-21 -20),2415
gev_20150915_1203,2015-09-15 12:03:00,2015-09-15 12:06:00,2015-09-15 12:09:00,B5.6,POINT(-19 -21),2415
gev_20150915_1442,2015-09-15 14:42:00,2015-09-15 14:51:00,2015-09-15 14:59:00,C1.0,POINT(-17 -21),2415
gev_20150916_0131,2015-09-16 01:31:00,2015-09-16 01:37:00,2015-09-16 01:42:00,B5.7,POINT(-12 -22),2415
gev_20150916_0205,2015-09-16 02:05:00,2015-09-16 02:24:00,2015-09-16 02:36:00,C3.0,POINT(-10 -20),2415
gev_20150916_0420,2015-09-16 04:20:00,2015-09-16 05:44:00,2015-09-16 05:58:00,C1.3,POINT(73 -10),2414
gev_20150916_0529,2015-09-16 05:29:00,2015-09-16 05:43:00,2015-09-16 05:56:00,C1.3,POINT(73 -10),2414
gev_20150916_0821,2015-09-16 08:21:00,2015-09-16 09:59:00,2015-09-16 10:15:00,C1.2,POINT(-9 -20),2415
gev_20150916_1237,2015-09-16 12:37:00,2015-09-16 12:47:00,2015-09-16 13:02:00,C1.4,POINT(-4 -20),2415
gev_20150916_1338,2015-09-16 13:38:00,2015-09-16 13:41:00,2015-09-16 13:51:00,B9.3,POINT(-5 -20),2415
gev_20150916_1520,2015-09-16 15:20:00,2015-09-16 15:28:00,2015-09-16 15:28:00,C3.0,POINT(-3 -20),2415
gev_20150916_1846,2015-09-16 18:46:00,2015-09-16 18:54:00,2015-09-16 19:01:00,C1.3,POINT(-2 -20),2415
gev_20150916_1908,2015-09-16 19:08:00,2015-09-16 19:20:00,2015-09-16 19:24:00,C7.8,POINT(-1 -21),2415
gev_20150916_2215,2015-09-16 22:15:00,2015-09-16 22:22:00,2015-09-16 22:34:00,C1.0,POINT(0 -20),2415
gev_20150916_2348,2015-09-16 23:48:00,2015-09-16 23:57:00,2015-09-17 00:04:00,C6.0,POINT(1 -21),2415
gev_20150917_0121,2015-09-17 01:21:00,2015-09-17 01:29:00,2015-09-17 01:40:00,C2.4,POINT(0 -20),2415
gev_20150917_0205,2015-09-17 02:05:00,2015-09-17 02:09:00,2015-09-17 02:12:00,B8.5,POINT(1 -20),2415
gev_20150917_0252,2015-09-17 02:52:00,2015-09-17 03:03:00,2015-09-17 03:09:00,C9.5,POINT(1 -20),2415
gev_20150917_0311,2015-09-17 03:11:00,2015-09-17 03:14:00,2015-09-17 03:17:00,C4.9,POINT(1 -20),2415
gev_20150917_0559,2015-09-17 05:59:00,2015-09-17 06:11:00,2015-09-17 06:13:00,C2.9,POINT(0 -20),2415
gev_20150917_0634,2015-09-17 06:34:00,2015-09-17 06:48:00,2015-09-17 07:09:00,C1.0,POINT(-82 -44),0
gev_20150917_0804,2015-09-17 08:04:00,2015-09-17 08:13:00,2015-09-17 08:13:00,C1.1,POINT(3 -21),2415
gev_20150917_0857,2015-09-17 08:57:00,2015-09-17 09:06:00,2015-09-17 09:19:00,C1.3,POINT(7 -20),2415
gev_20150917_0934,2015-09-17 09:34:00,2015-09-17 09:40:00,2015-09-17 09:45:00,M1.1,POINT(5 -19),2415
gev_20150917_1111,2015-09-17 11:11:00,2015-09-17 11:15:00,2015-09-17 11:19:00,B6.5,POINT(8 -19),2415
gev_20150917_1222,2015-09-17 12:22:00,2015-09-17 12:28:00,2015-09-17 12:28:00,B7.9,POINT(9 -20),2415
gev_20150917_1550,2015-09-17 15:50:00,2015-09-17 15:55:00,2015-09-17 16:12:00,B8.5,POINT(10 -19),2415
gev_20150917_1716,2015-09-17 17:16:00,2015-09-17 17:26:00,2015-09-17 17:52:00,C1.3,POINT(11 -19),2415
gev_20150917_1808,2015-09-17 18:08:00,2015-09-17 18:18:00,2015-09-17 18:27:00,C3.2,POINT(10 -21),2415
gev_20150917_1910,2015-09-17 19:10:00,2015-09-17 19:22:00,2015-09-17 19:29:00,C1.6,POINT(12 -22),2415
gev_20150917_1947,2015-09-17 19:47:00,2015-09-17 19:54:00,2015-09-17 19:57:00,C3.3,POINT(11 -20),2415
gev_20150917_2107,2015-09-17 21:07:00,2015-09-17 21:15:00,2015-09-17 21:19:00,C6.7,POINT(12 -20),2415
gev_20150917_2233,2015-09-17 22:33:00,2015-09-17 22:37:00,2015-09-17 22:40:00,B8.0,POINT(14 -17),2415
gev_20150917_2256,2015-09-17 22:56:00,2015-09-17 23:00:00,2015-09-17 23:05:00,C3.9,POINT(14 -20),2415
gev_20150918_0105,2015-09-18 01:05:00,2015-09-18 01:12:00,2015-09-18 01:19:00,C1.3,POINT(12 -20),2415
gev_20150918_0400,2015-09-18 04:00:00,2015-09-18 04:04:00,2015-09-18 04:17:00,C1.0,POINT(17 -19),2415
gev_20150918_0415,2015-09-18 04:15:00,2015-09-18 06:31:00,2015-09-18 08:10:00,C2.6,POINT(13 -20),2415
gev_20150918_0422,2015-09-18 04:22:00,2015-09-18 06:31:00,2015-09-18 07:20:00,C2.6,POINT(13 -20),2415
gev_20150918_1116,2015-09-18 11:16:00,2015-09-18 11:35:00,2015-09-18 11:47:00,C1.4,POINT(24 -20),2415
gev_20150918_1305,2015-09-18 13:05:00,2015-09-18 13:13:00,2015-09-18 13:23:00,B9.1,POINT(26 -20),2415
gev_20150918_1434,2015-09-18 14:34:00,2015-09-18 15:17:00,2015-09-18 15:42:00,B6.1,POINT(27 -20),2415
gev_20150918_2134,2015-09-18 21:34:00,2015-09-18 22:04:00,2015-09-18 22:44:00,B8.2,POINT(30 -21),2415
gev_20150919_1114,2015-09-19 11:14:00,2015-09-19 11:20:00,2015-09-19 11:32:00,B5.8,POINT(34 -20),2415
gev_20150919_1634,2015-09-19 16:34:00,2015-09-19 17:12:00,2015-09-19 17:19:00,C1.5,POINT(37 -19),2415
gev_20150919_2108,2015-09-19 21:08:00,2015-09-19 21:45:00,2015-09-19 21:55:00,C2.4,POINT(0 12),2419
gev_20150920_0455,2015-09-20 04:55:00,2015-09-20 05:03:00,2015-09-20 05:17:00,M1.5,POINT(-83 9),2420
gev_20150920_0815,2015-09-20 08:15:00,2015-09-20 09:34:00,2015-09-20 09:50:00,C2.5,POINT(47 -20),2415
gev_20150920_0932,2015-09-20 09:32:00,2015-09-20 09:34:00,2015-09-20 09:36:00,C2.6,POINT(-89 8),2420
gev_20150920_1225,2015-09-20 12:25:00,2015-09-20 12:28:00,2015-09-20 12:31:00,B5.7,POINT(52 -20),2415
gev_20150920_1349,2015-09-20 13:49:00,2015-09-20 13:54:00,2015-09-20 13:58:00,B9.1,POINT(-83 9),2420
gev_20150920_1409,2015-09-20 14:09:00,2015-09-20 14:14:00,2015-09-20 14:24:00,C1.4,POINT(49 -19),2415
gev_20150920_1732,2015-09-20 17:32:00,2015-09-20 18:03:00,2015-09-20 18:29:00,M2.1,POINT(50 -22),2415
gev_20150920_2324,2015-09-20 23:24:00,2015-09-20 23:28:00,2015-09-20 23:31:00,B8.2,POINT(58 -20),2415
gev_20150921_0010,2015-09-21 00:10:00,2015-09-21 00:21:00,2015-09-21 00:29:00,C2.8,POINT(-82 10),2420
gev_20150921_0157,2015-09-21 01:57:00,2015-09-21 02:04:00,2015-09-21 02:08:00,C4.2,POINT(-80 8),2420
gev_20150921_0329,2015-09-21 03:29:00,2015-09-21 03:33:00,2015-09-21 03:37:00,B6.3,POINT(-79 8),2420
gev_20150921_0354,2015-09-21 03:54:00,2015-09-21 04:00:00,2015-09-21 04:05:00,C1.5,POINT(-78 8),2420
gev_20150921_0511,2015-09-21 05:11:00,2015-09-21 05:18:00,2015-09-21 05:22:00,C8.8,POINT(-78 9),2420
gev_20150921_1447,2015-09-21 14:47:00,2015-09-21 14:50:00,2015-09-21 14:54:00,B5.3,POINT(-72 10),2420
gev_20150921_1852,2015-09-21 18:52:00,2015-09-21 18:53:00,2015-09-21 18:54:00,B5.4,POINT(-49 14),2421
gev_20150922_1457,2015-09-22 14:57:00,2015-09-22 15:01:00,2015-09-22 15:06:00,B4.5,POINT(-53 7),2420
gev_20150922_1540,2015-09-22 15:40:00,2015-09-22 15:44:00,2015-09-22 15:51:00,B4.7,POINT(-53 8),2420
gev_20150923_0308,2015-09-23 03:08:00,2015-09-23 03:12:00,2015-09-23 03:15:00,B5.6,POINT(-55 12),2420
gev_20150923_0507,2015-09-23 05:07:00,2015-09-23 05:19:00,2015-09-23 05:23:00,C1.6,POINT(-49 -19),2422
gev_20150923_0723,2015-09-23 07:23:00,2015-09-23 07:30:00,2015-09-23 07:34:00,C2.9,POINT(78 -17),2415
gev_20150923_0724,2015-09-23 07:24:00,2015-09-23 07:29:00,2015-09-23 07:37:00,C2.9,POINT(79 -19),2415
gev_20150923_0954,2015-09-23 09:54:00,2015-09-23 10:02:00,2015-09-23 10:06:00,C1.8,POINT(-46 -19),2422
gev_20150923_0955,2015-09-23 09:55:00,2015-09-23 10:02:00,2015-09-23 10:10:00,C1.8,POINT(-46 -19),2422
gev_20150923_1127,2015-09-23 11:27:00,2015-09-23 11:38:00,2015-09-23 11:48:00,C1.3,POINT(-47 -21),2422
gev_20150923_1134,2015-09-23 11:34:00,2015-09-23 11:38:00,2015-09-23 11:41:00,C1.2,POINT(-47 -21),2422
gev_20150923_1256,2015-09-23 12:56:00,2015-09-23 13:00:00,2015-09-23 13:09:00,B6.9,POINT(-45 -20),2422
gev_20150923_1441,2015-09-23 14:41:00,2015-09-23 14:48:00,2015-09-23 14:54:00,C1.5,POINT(-43 -20),2422
gev_20150923_1539,2015-09-23 15:39:00,2015-09-23 15:43:00,2015-09-23 15:52:00,B5.4,POINT(-45 -21),2422
gev_20150923_1735,2015-09-23 17:35:00,2015-09-23 17:42:00,2015-09-23 17:48:00,B8.8,POINT(-44 -21),2422
gev_20150923_1854,2015-09-23 18:54:00,2015-09-23 18:57:00,2015-09-23 19:01:00,C3.2,POINT(-42 -21),2422
gev_20150923_1934,2015-09-23 19:34:00,2015-09-23 19:48:00,2015-09-23 20:01:00,C1.1,POINT(-42 -23),2422
gev_20150923_2227,2015-09-23 22:27:00,2015-09-23 22:32:00,2015-09-23 22:35:00,B6.3,POINT(-41 -21),2422
gev_20150924_0302,2015-09-24 03:02:00,2015-09-24 03:14:00,2015-09-24 03:37:00,B6.4,POINT(-36 -22),2422
gev_20150924_0447,2015-09-24 04:47:00,2015-09-24 04:51:00,2015-09-24 04:51:00,B6.6,POINT(-16 16),2421
gev_20150924_0758,2015-09-24 07:58:00,2015-09-24 08:01:00,2015-09-24 08:01:00,B5.1,POINT(-14 17),2421
gev_20150924_1131,2015-09-24 11:31:00,2015-09-24 11:35:00,2015-09-24 11:39:00,B6.1,POINT(-13 16),2421
gev_20150924_1849,2015-09-24 18:49:00,2015-09-24 18:54:00,2015-09-24 18:57:00,B5.9,POINT(-10 17),2421
gev_20150924_2140,2015-09-24 21:40:00,2015-09-24 21:46:00,2015-09-24 21:50:00,C1.8,POINT(-28 -20),2422
gev_20150924_2254,2015-09-24 22:54:00,2015-09-24 23:06:00,2015-09-24 23:24:00,B5.4,POINT(-26 -19),2422
gev_20150924_2341,2015-09-24 23:41:00,2015-09-24 23:47:00,2015-09-25 00:07:00,C3.3,POINT(76 -18),2415
gev_20150925_0217,2015-09-25 02:17:00,2015-09-25 02:23:00,2015-09-25 02:31:00,B9.6,POINT(-25 -20),2422
gev_20150925_1658,2015-09-25 16:58:00,2015-09-25 17:01:00,2015-09-25 17:04:00,B9.8,POINT(-8 -19),2422
gev_20150925_2013,2015-09-25 20:13:00,2015-09-25 20:20:00,2015-09-25 20:26:00,C1.1,POINT(-14 -21),2422
gev_20150925_2230,2015-09-25 22:30:00,2015-09-25 22:38:00,2015-09-25 22:41:00,B8.4,POINT(-17 -18),2422
gev_20150926_0124,2015-09-26 01:24:00,2015-09-26 01:29:00,2015-09-26 01:33:00,C1.5,POINT(-11 -21),2422
gev_20150926_0414,2015-09-26 04:14:00,2015-09-26 04:20:00,2015-09-26 04:31:00,C1.0,POINT(-8 -21),2422
gev_20150926_0611,2015-09-26 06:11:00,2015-09-26 06:14:00,2015-09-26 06:17:00,B6.3,POINT(-14 -22),2422
gev_20150926_0633,2015-09-26 06:33:00,2015-09-26 06:38:00,2015-09-26 06:43:00,B8.6,POINT(-9 -21),2422
gev_20150926_1251,2015-09-26 12:51:00,2015-09-26 12:55:00,2015-09-26 12:59:00,C1.1,POINT(-4 -21),2422
gev_20150926_2030,2015-09-26 20:30:00,2015-09-26 20:34:00,2015-09-26 20:36:00,B7.4,POINT(23 15),2421
gev_20150927_0556,2015-09-27 05:56:00,2015-09-27 06:02:00,2015-09-27 06:07:00,C1.9,POINT(3 -21),2422
gev_20150927_0750,2015-09-27 07:50:00,2015-09-27 07:58:00,2015-09-27 08:06:00,C2.1,POINT(6 -21),2422
gev_20150927_1020,2015-09-27 10:20:00,2015-09-27 10:40:00,2015-09-27 10:46:00,M1.9,POINT(57 -10),2423
gev_20150927_1220,2015-09-27 12:20:00,2015-09-27 12:26:00,2015-09-27 12:29:00,C2.4,POINT(12 -20),2422
gev_20150927_1247,2015-09-27 12:47:00,2015-09-27 12:52:00,2015-09-27 13:02:00,C2.4,POINT(13 -20),2422
gev_20150927_1330,2015-09-27 13:30:00,2015-09-27 13:34:00,2015-09-27 13:34:00,C1.4,POINT(28 16),2421
gev_20150927_1341,2015-09-27 13:41:00,2015-09-27 13:46:00,2015-09-27 13:51:00,C2.2,POINT(6 -21),2422
gev_20150927_1530,2015-09-27 15:30:00,2015-09-27 15:38:00,2015-09-27 15:43:00,C5.4,POINT(15 -20),2422
gev_20150927_1612,2015-09-27 16:12:00,2015-09-27 16:16:00,2015-09-27 16:28:00,C2.0,POINT(12 -21),2422
gev_20150927_1639,2015-09-27 16:39:00,2015-09-27 16:49:00,2015-09-27 16:55:00,C4.3,POINT(9 -22),2422
gev_20150927_1741,2015-09-27 17:41:00,2015-09-27 17:46:00,2015-09-27 17:50:00,C4.2,POINT(16 -20),2422
gev_20150927_1835,2015-09-27 18:35:00,2015-09-27 18:53:00,2015-09-27 19:02:00,C4.1,POINT(63 -9),2423
gev_20150927_1944,2015-09-27 19:44:00,2015-09-27 19:58:00,2015-09-27 20:05:00,C9.3,POINT(17 -20),2422
gev_20150927_2054,2015-09-27 20:54:00,2015-09-27 21:00:00,2015-09-27 21:15:00,M1.0,POINT(15 -21),2422
gev_20150927_2316,2015-09-27 23:16:00,2015-09-27 23:21:00,2015-09-27 23:26:00,C7.9,POINT(66 -9),2423
gev_20150928_0345,2015-09-28 03:45:00,2015-09-28 03:55:00,2015-09-28 03:59:00,M3.6,POINT(71 -8),2423
gev_20150928_0414,2015-09-28 04:14:00,2015-09-28 05:31:00,2015-09-28 05:58:00,C2.0,POINT(73 -10),2423
gev_20150928_0424,2015-09-28 04:24:00,2015-09-28 04:55:00,2015-09-28 05:34:00,C2.8,POINT(73 -10),2423
gev_20150928_0618,2015-09-28 06:18:00,2015-09-28 06:54:00,2015-09-28 07:18:00,C4.5,POINT(23 -21),2422
gev_20150928_0621,2015-09-28 06:21:00,2015-09-28 06:54:00,2015-09-28 07:08:00,C4.5,POINT(23 -21),2422
gev_20150928_0727,2015-09-28 07:27:00,2015-09-28 07:34:00,2015-09-28 07:46:00,M1.1,POINT(22 -21),2422
gev_20150928_0847,2015-09-28 08:47:00,2015-09-28 09:04:00,2015-09-28 09:12:00,C3.7,POINT(72 -9),2423
gev_20150928_1121,2015-09-28 11:21:00,2015-09-28 11:32:00,2015-09-28 11:32:00,C8.5,POINT(25 -21),2422
gev_20150928_1152,2015-09-28 11:52:00,2015-09-28 11:57:00,2015-09-28 12:00:00,C8.1,POINT(75 -9),2423
gev_20150928_1230,2015-09-28 12:30:00,2015-09-28 12:36:00,2015-09-28 12:49:00,C5.4,POINT(20 -21),2422
gev_20150928_1301,2015-09-28 13:01:00,2015-09-28 13:17:00,2015-09-28 13:29:00,M1.1,POINT(25 -22),2422
gev_20150928_1412,2015-09-28 14:12:00,2015-09-28 14:33:00,2015-09-28 14:45:00,C9.8,POINT(22 -21),2422
gev_20150928_1453,2015-09-28 14:53:00,2015-09-28 14:58:00,2015-09-28 15:03:00,M7.6,POINT(28 -20),2422
gev_20150928_1642,2015-09-28 16:42:00,2015-09-28 16:45:00,2015-09-28 16:47:00,C3.4,POINT(30 -20),2422
gev_20150928_1708,2015-09-28 17:08:00,2015-09-28 17:11:00,2015-09-28 17:14:00,C2.8,POINT(24 -21),2422
gev_20150928_2015,2015-09-28 20:15:00,2015-09-28 20:21:00,2015-09-28 20:40:00,C7.6,POINT(79 -9),2423
gev_20150928_2139,2015-09-28 21:39:00,2015-09-28 21:44:00,2015-09-28 21:57:00,C4.3,POINT(80 -9),2423
gev_20150928_2228,2015-09-28 22:28:00,2015-09-28 22:32:00,2015-09-28 22:37:00,C2.4,POINT(30 -21),2422
gev_20150928_2341,2015-09-28 23:41:00,2015-09-28 23:45:00,2015-09-28 23:47:00,C2.0,POINT(26 -21),2422
gev_20150929_0044,2015-09-29 00:44:00,2015-09-29 00:52:00,2015-09-29 00:56:00,C2.4,POINT(28 -21),2422
gev_20150929_0311,2015-09-29 03:11:00,2015-09-29 03:16:00,2015-09-29 03:31:00,M1.2,POINT(80 -9),2423
gev_20150929_0341,2015-09-29 03:41:00,2015-09-29 03:43:00,2015-09-29 03:53:00,M1.1,POINT(88 -9),2423
gev_20150929_0441,2015-09-29 04:41:00,2015-09-29 04:46:00,2015-09-29 04:55:00,C5.1,POINT(79 -7),2423
gev_20150929_0505,2015-09-29 05:05:00,2015-09-29 05:16:00,2015-09-29 05:23:00,M2.9,POINT(36 -20),2422
gev_20150929_0533,2015-09-29 05:33:00,2015-09-29 05:37:00,2015-09-29 05:39:00,M1.2,POINT(80 -9),2423
gev_20150929_0553,2015-09-29 05:53:00,2015-09-29 05:56:00,2015-09-29 06:04:00,M1.0,POINT(37 -19),2422
gev_20150929_0615,2015-09-29 06:15:00,2015-09-29 06:18:00,2015-09-29 06:23:00,C8.6,POINT(38 -19),2422
gev_20150929_0639,2015-09-29 06:39:00,2015-09-29 06:43:00,2015-09-29 06:46:00,M1.4,POINT(38 -20),2422
gev_20150929_0846,2015-09-29 08:46:00,2015-09-29 08:51:00,2015-09-29 08:55:00,M1.3,POINT(39 -19),2422
gev_20150929_0922,2015-09-29 09:22:00,2015-09-29 09:26:00,2015-09-29 09:28:00,C5.2,POINT(33 -21),2422
gev_20150929_1008,2015-09-29 10:08:00,2015-09-29 10:13:00,2015-09-29 10:30:00,C3.1,POINT(39 -20),2422
gev_20150929_1109,2015-09-29 11:09:00,2015-09-29 11:15:00,2015-09-29 11:20:00,M1.6,POINT(39 -20),2422
gev_20150929_1254,2015-09-29 12:54:00,2015-09-29 13:04:00,2015-09-29 13:04:00,C4.6,POINT(34 -19),2422
gev_20150929_1734,2015-09-29 17:34:00,2015-09-29 17:42:00,2015-09-29 17:51:00,C5.0,POINT(40 -21),2422
gev_20150929_1920,2015-09-29 19:20:00,2015-09-29 19:24:00,2015-09-29 19:27:00,M1.1,POINT(44 -15),2422
gev_20150929_2250,2015-09-29 22:50:00,2015-09-29 23:06:00,2015-09-29 23:16:00,C3.7,POINT(41 -22),2422
gev_20150930_0005,2015-09-30 00:05:00,2015-09-30 00:17:00,2015-09-30 00:32:00,C5.0,POINT(41 -19),2422
gev_20150930_0245,2015-09-30 02:45:00,2015-09-30 03:02:00,2015-09-30 03:04:00,C6.7,POINT(43 -22),2422
gev_20150930_0426,2015-09-30 04:26:00,2015-09-30 04:29:00,2015-09-30 04:31:00,C3.2,POINT(50 -19),2422
gev_20150930_0648,2015-09-30 06:48:00,2015-09-30 06:55:00,2015-09-30 07:07:00,C5.9,POINT(46 -22),2422
gev_20150930_1049,2015-09-30 10:49:00,2015-09-30 10:59:00,2015-09-30 11:13:00,M1.3,POINT(50 -20),2422
gev_20150930_1136,2015-09-30 11:36:00,2015-09-30 11:39:00,2015-09-30 11:41:00,C4.4,POINT(53 -19),2422
gev_20150930_1318,2015-09-30 13:18:00,2015-09-30 13:20:00,2015-09-30 13:21:00,M1.1,POINT(55 -20),2422
gev_20150930_2152,2015-09-30 21:52:00,2015-09-30 22:01:00,2015-09-30 22:05:00,C1.4,POINT(60 -19),2422
gev_20150930_2206,2015-09-30 22:06:00,2015-09-30 22:11:00,2015-09-30 22:17:00,C2.4,POINT(61 -19),2422
gev_20150930_2339,2015-09-30 23:39:00,2015-09-30 23:43:00,2015-09-30 23:48:00,C1.7,POINT(61 -19),2422
gev_20151001_0204,2015-10-01 02:04:00,2015-10-01 02:15:00,2015-10-01 02:21:00,C6.3,POINT(56 -19),2422
gev_20151001_0539,2015-10-01 05:39:00,2015-10-01 05:53:00,2015-10-01 05:53:00,C1.6,POINT(75 -20),2422
gev_20151001_0815,2015-10-01 08:15:00,2015-10-01 09:34:00,2015-10-01 09:34:00,C7.6,POINT(56 -19),2422
gev_20151001_0832,2015-10-01 08:32:00,2015-10-01 08:35:00,2015-10-01 08:38:00,C3.5,POINT(59 -20),2422
gev_20151001_0919,2015-10-01 09:19:00,2015-10-01 09:34:00,2015-10-01 09:52:00,C7.7,POINT(56 -19),2422
gev_20151001_1303,2015-10-01 13:03:00,2015-10-01 13:10:00,2015-10-01 13:14:00,M4.5,POINT(60 -20),2422
gev_20151001_1720,2015-10-01 17:20:00,2015-10-01 17:32:00,2015-10-01 17:50:00,C1.6,POINT(62 -20),2422
gev_20151001_2110,2015-10-01 21:10:00,2015-10-01 21:24:00,2015-10-01 21:47:00,C3.7,POINT(65 -19),2422
gev_20151002_0006,2015-10-02 00:06:00,2015-10-02 00:13:00,2015-10-02 00:17:00,M5.5,POINT(67 -20),2422
gev_20151002_0126,2015-10-02 01:26:00,2015-10-02 01:29:00,2015-10-02 01:31:00,C1.9,POINT(75 -21),2422
gev_20151002_0228,2015-10-02 02:28:00,2015-10-02 02:31:00,2015-10-02 02:36:00,C1.5,POINT(68 -20),2422
gev_20151002_0420,2015-10-02 04:20:00,2015-10-02 04:25:00,2015-10-02 04:29:00,C2.1,POINT(68 -20),2422
gev_20151002_0619,2015-10-02 06:19:00,2015-10-02 06:24:00,2015-10-02 06:30:00,C4.0,POINT(75 -20),2422
gev_20151002_0654,2015-10-02 06:54:00,2015-10-02 07:00:00,2015-10-02 07:23:00,C5.8,POINT(78 -21),2422
gev_20151002_0744,2015-10-02 07:44:00,2015-10-02 07:49:00,2015-10-02 07:53:00,C4.8,POINT(69 -20),2422
gev_20151002_0830,2015-10-02 08:30:00,2015-10-02 08:38:00,2015-10-02 08:45:00,C7.6,POINT(72 -20),2422
gev_20151002_0914,2015-10-02 09:14:00,2015-10-02 09:17:00,2015-10-02 09:19:00,C3.0,POINT(87 -20),2422
gev_20151002_1137,2015-10-02 11:37:00,2015-10-02 11:44:00,2015-10-02 11:54:00,C3.0,POINT(74 -20),2422
gev_20151002_1219,2015-10-02 12:19:00,2015-10-02 12:26:00,2015-10-02 12:31:00,M1.0,POINT(73 -20),2422
gev_20151002_1331,2015-10-02 13:31:00,2015-10-02 13:37:00,2015-10-02 13:49:00,C7.2,POINT(75 -20),2422
gev_20151002_1526,2015-10-02 15:26:00,2015-10-02 15:32:00,2015-10-02 15:37:00,C8.8,POINT(74 -20),2422
gev_20151002_1708,2015-10-02 17:08:00,2015-10-02 17:18:00,2015-10-02 17:23:00,M1.0,POINT(78 -21),2422
gev_20151002_1755,2015-10-02 17:55:00,2015-10-02 18:00:00,2015-10-02 18:03:00,C8.1,POINT(77 -18),2422
gev_20151002_1845,2015-10-02 18:45:00,2015-10-02 18:50:00,2015-10-02 19:01:00,C2.9,POINT(78 -20),2422
gev_20151003_0011,2015-10-03 00:11:00,2015-10-03 00:19:00,2015-10-03 00:24:00,C2.5,POINT(77 -19),2422
gev_20151003_0314,2015-10-03 03:14:00,2015-10-03 03:20:00,2015-10-03 03:27:00,C1.3,POINT(79 -20),2422
gev_20151003_0625,2015-10-03 06:25:00,2015-10-03 06:33:00,2015-10-03 06:40:00,C3.3,POINT(80 -19),2422
gev_20151003_0815,2015-10-03 08:15:00,2015-10-03 10:32:00,2015-10-03 10:42:00,C1.7,POINT(-26 16),0
gev_20151003_1027,2015-10-03 10:27:00,2015-10-03 10:32:00,2015-10-03 10:40:00,C1.7,POINT(79 -17),2422
gev_20151003_1132,2015-10-03 11:32:00,2015-10-03 11:39:00,2015-10-03 11:45:00,C2.7,POINT(77 -17),2422
gev_20151003_1302,2015-10-03 13:02:00,2015-10-03 13:08:00,2015-10-03 13:14:00,C2.1,POINT(78 -17),2422
gev_20151003_1512,2015-10-03 15:12:00,2015-10-03 15:20:00,2015-10-03 15:26:00,C1.1,POINT(79 -17),2422
gev_20151003_1623,2015-10-03 16:23:00,2015-10-03 16:44:00,2015-10-03 16:52:00,C1.1,POINT(-58 -10),2430
gev_20151003_1804,2015-10-03 18:04:00,2015-10-03 18:09:00,2015-10-03 18:15:00,C2.7,POINT(78 -17),2422
gev_20151003_2026,2015-10-03 20:26:00,2015-10-03 20:32:00,2015-10-03 20:32:00,B7.9,POINT(31 18),2427
gev_20151003_2307,2015-10-03 23:07:00,2015-10-03 23:12:00,2015-10-03 23:18:00,B8.5,POINT(78 -18),2422
gev_20151004_0234,2015-10-04 02:34:00,2015-10-04 02:41:00,2015-10-04 02:48:00,M1.0,POINT(78 -18),2422
gev_20151004_1613,2015-10-04 16:13:00,2015-10-04 16:18:00,2015-10-04 16:30:00,B7.2,POINT(40 14),2427
gev_20151005_2147,2015-10-05 21:47:00,2015-10-05 22:09:00,2015-10-05 23:50:00,B3.0,POINT(54 22),2427
gev_20151006_0817,2015-10-06 08:17:00,2015-10-06 11:14:00,2015-10-06 11:26:00,B1.7,POINT(62 19),2427
gev_20151007_0521,2015-10-07 05:21:00,2015-10-07 05:34:00,2015-10-07 05:45:00,B2.6,POINT(73 18),2427
gev_20151007_0632,2015-10-07 06:32:00,2015-10-07 06:36:00,2015-10-07 06:40:00,B1.4,POINT(73 18),2427
gev_20151007_0752,2015-10-07 07:52:00,2015-10-07 07:58:00,2015-10-07 08:05:00,B5.1,POINT(75 18),2427
gev_20151008_0123,2015-10-08 01:23:00,2015-10-08 01:27:00,2015-10-08 01:31:00,B1.7,POINT(83 18),2427
gev_20151008_0607,2015-10-08 06:07:00,2015-10-08 06:14:00,2015-10-08 06:14:00,B2.7,POINT(84 18),2427
gev_20151009_2134,2015-10-09 21:34:00,2015-10-09 21:38:00,2015-10-09 22:17:00,B1.8,POINT(-76 -18),2431
gev_20151010_1058,2015-10-10 10:58:00,2015-10-10 11:04:00,2015-10-10 11:09:00,B1.5,POINT(72 14),2427
gev_20151011_1601,2015-10-11 16:01:00,2015-10-11 16:42:00,2015-10-11 16:42:00,B4.3,POINT(-47 -21),2432
gev_20151011_2155,2015-10-11 21:55:00,2015-10-11 22:27:00,2015-10-11 23:26:00,C3.2,POINT(-86 -9),2434
gev_20151012_0638,2015-10-12 06:38:00,2015-10-12 06:57:00,2015-10-12 07:07:00,B4.8,POINT(-41 -21),2432
gev_20151012_1113,2015-10-12 11:13:00,2015-10-12 11:33:00,2015-10-12 11:56:00,B5.3,POINT(-82 -7),2434
gev_20151012_1740,2015-10-12 17:40:00,2015-10-12 17:48:00,2015-10-12 17:56:00,C1.2,POINT(-80 -8),2434
gev_20151013_0112,2015-10-13 01:12:00,2015-10-13 01:16:00,2015-10-13 02:20:00,C4.6,POINT(-80 -7),2434
gev_20151013_0256,2015-10-13 02:56:00,2015-10-13 03:03:00,2015-10-13 03:11:00,C1.2,POINT(-81 -10),2434
gev_20151013_0730,2015-10-13 07:30:00,2015-10-13 08:14:00,2015-10-13 09:24:00,C1.1,POINT(61 18),2433
gev_20151013_0753,2015-10-13 07:53:00,2015-10-13 08:14:00,2015-10-13 08:37:00,C1.0,POINT(62 18),2433
gev_20151013_1312,2015-10-13 13:12:00,2015-10-13 13:16:00,2015-10-13 13:21:00,B4.6,POINT(-83 -8),2434
gev_20151013_1405,2015-10-13 14:05:00,2015-10-13 14:11:00,2015-10-13 14:14:00,C9.5,POINT(-80 -9),2434
gev_20151013_1433,2015-10-13 14:33:00,2015-10-13 14:44:00,2015-10-13 14:56:00,C3.3,POINT(-81 -9),2434
gev_20151013_2126,2015-10-13 21:26:00,2015-10-13 21:29:00,2015-10-13 21:33:00,B3.8,POINT(-75 -7),2434
gev_20151013_2334,2015-10-13 23:34:00,2015-10-13 23:40:00,2015-10-13 23:46:00,B6.4,POINT(-76 -6),2434
gev_20151014_0309,2015-10-14 03:09:00,2015-10-14 03:23:00,2015-10-14 04:15:00,B4.4,POINT(-74 -6),2434
gev_20151014_0709,2015-10-14 07:09:00,2015-10-14 07:12:00,2015-10-14 07:16:00,B4.5,POINT(-79 -10),2434
gev_20151014_0748,2015-10-14 07:48:00,2015-10-14 07:53:00,2015-10-14 07:57:00,B8.8,POINT(-81 -11),2434
gev_20151014_1320,2015-10-14 13:20:00,2015-10-14 13:38:00,2015-10-14 13:45:00,C1.8,POINT(-76 -10),2434
gev_20151014_1546,2015-10-14 15:46:00,2015-10-14 15:54:00,2015-10-14 16:02:00,B7.6,POINT(-3 -22),2432
gev_20151014_1737,2015-10-14 17:37:00,2015-10-14 17:47:00,2015-10-14 18:00:00,C1.5,POINT(-74 -10),2434
gev_20151014_2333,2015-10-14 23:33:00,2015-10-14 23:39:00,2015-10-14 23:44:00,B8.7,POINT(-70 -10),2434
gev_20151015_0122,2015-10-15 01:22:00,2015-10-15 01:53:00,2015-10-15 01:53:00,C1.5,POINT(-71 -10),2434
gev_20151015_0338,2015-10-15 03:38:00,2015-10-15 03:45:00,2015-10-15 03:49:00,B8.0,POINT(-69 -11),2434
gev_20151015_0622,2015-10-15 06:22:00,2015-10-15 06:30:00,2015-10-15 06:30:00,B9.9,POINT(-58 -7),2434
gev_20151015_0641,2015-10-15 06:41:00,2015-10-15 06:47:00,2015-10-15 06:50:00,C1.7,POINT(-59 -11),2434
gev_20151015_0740,2015-10-15 07:40:00,2015-10-15 07:46:00,2015-10-15 07:49:00,C1.1,POINT(-59 -10),2434
gev_20151015_0829,2015-10-15 08:29:00,2015-10-15 09:04:00,2015-10-15 09:07:00,B5.9,POINT(-62 -10),2434
gev_20151015_1011,2015-10-15 10:11:00,2015-10-15 10:15:00,2015-10-15 10:24:00,B6.2,POINT(-65 -12),2434
gev_20151015_1042,2015-10-15 10:42:00,2015-10-15 10:48:00,2015-10-15 10:52:00,C2.7,POINT(-57 -11),2434
gev_20151015_1222,2015-10-15 12:22:00,2015-10-15 12:28:00,2015-10-15 12:31:00,C1.1,POINT(-56 -11),2434
gev_20151015_1312,2015-10-15 13:12:00,2015-10-15 13:25:00,2015-10-15 13:28:00,C1.1,POINT(-60 -10),2434
gev_20151015_1342,2015-10-15 13:42:00,2015-10-15 13:49:00,2015-10-15 13:52:00,C3.6,POINT(-55 -11),2434
gev_20151015_1609,2015-10-15 16:09:00,2015-10-15 16:17:00,2015-10-15 16:21:00,C2.2,POINT(-54 -11),2434
gev_20151015_1831,2015-10-15 18:31:00,2015-10-15 18:38:00,2015-10-15 18:41:00,C3.9,POINT(-53 -11),2434
gev_20151015_1910,2015-10-15 19:10:00,2015-10-15 19:19:00,2015-10-15 19:24:00,C1.0,POINT(-52 -11),2434
gev_20151015_1927,2015-10-15 19:27:00,2015-10-15 19:32:00,2015-10-15 19:36:00,C1.1,POINT(-52 -11),2434
gev_20151015_1951,2015-10-15 19:51:00,2015-10-15 19:56:00,2015-10-15 19:59:00,C3.4,POINT(-52 -10),2434
gev_20151015_2135,2015-10-15 21:35:00,2015-10-15 21:41:00,2015-10-15 21:49:00,C3.1,POINT(-52 -10),2434
gev_20151015_2245,2015-10-15 22:45:00,2015-10-15 23:31:00,2015-10-15 23:37:00,M1.1,POINT(-50 -11),2434
gev_20151015_2246,2015-10-15 22:46:00,2015-10-15 23:05:00,2015-10-15 23:24:00,C5.0,POINT(-83 12),0
gev_20151015_2327,2015-10-15 23:27:00,2015-10-15 23:31:00,2015-10-15 23:37:00,M1.1,POINT(-49 -11),2434
gev_20151016_0445,2015-10-16 04:45:00,2015-10-16 04:49:00,2015-10-16 04:54:00,B9.4,POINT(-42 -6),2434
gev_20151016_0611,2015-10-16 06:11:00,2015-10-16 06:16:00,2015-10-16 06:20:00,M1.1,POINT(-45 -11),2434
gev_20151016_0857,2015-10-16 08:57:00,2015-10-16 09:03:00,2015-10-16 09:06:00,C3.4,POINT(-44 -11),2434
gev_20151016_0958,2015-10-16 09:58:00,2015-10-16 10:02:00,2015-10-16 10:05:00,B8.3,POINT(-44 -10),2434
gev_20151016_1013,2015-10-16 10:13:00,2015-10-16 10:20:00,2015-10-16 10:24:00,C3.1,POINT(-43 -11),2434
gev_20151016_1244,2015-10-16 12:44:00,2015-10-16 13:04:00,2015-10-16 13:07:00,C3.8,POINT(-42 -12),2434
gev_20151016_1320,2015-10-16 13:20:00,2015-10-16 13:24:00,2015-10-16 13:28:00,C4.3,POINT(-82 -13),2435
gev_20151016_1336,2015-10-16 13:36:00,2015-10-16 13:42:00,2015-10-16 13:46:00,C4.2,POINT(-41 -11),2434
gev_20151016_1754,2015-10-16 17:54:00,2015-10-16 17:59:00,2015-10-16 18:02:00,C1.1,POINT(-39 -11),2434
gev_20151016_1949,2015-10-16 19:49:00,2015-10-16 19:52:00,2015-10-16 20:01:00,B7.8,POINT(-39 -10),2434
gev_20151016_2153,2015-10-16 21:53:00,2015-10-16 21:58:00,2015-10-16 22:15:00,C1.1,POINT(-36 -11),2434
gev_20151017_0121,2015-10-17 01:21:00,2015-10-17 01:40:00,2015-10-17 01:56:00,C3.4,POINT(-75 -14),2435
gev_20151017_0243,2015-10-17 02:43:00,2015-10-17 02:48:00,2015-10-17 02:59:00,C1.3,POINT(-34 -11),2434
gev_20151017_0413,2015-10-17 04:13:00,2015-10-17 04:17:00,2015-10-17 04:22:00,C2.8,POINT(-75 -13),2435
gev_20151017_0625,2015-10-17 06:25:00,2015-10-17 06:29:00,2015-10-17 06:32:00,C2.5,POINT(-33 -10),2434
gev_20151017_1231,2015-10-17 12:31:00,2015-10-17 12:34:00,2015-10-17 12:35:00,C4.5,POINT(-26 -8),2434
gev_20151017_1245,2015-10-17 12:45:00,2015-10-17 12:49:00,2015-10-17 12:52:00,C2.3,POINT(-27 -8),2434
gev_20151017_1422,2015-10-17 14:22:00,2015-10-17 14:29:00,2015-10-17 14:39:00,C1.8,POINT(-83 10),2436
gev_20151017_1538,2015-10-17 15:38:00,2015-10-17 15:44:00,2015-10-17 15:51:00,C1.5,POINT(-79 -18),2437
gev_20151017_1653,2015-10-17 16:53:00,2015-10-17 16:56:00,2015-10-17 17:00:00,C1.0,POINT(-26 -11),2434
gev_20151017_1839,2015-10-17 18:39:00,2015-10-17 18:51:00,2015-10-17 19:00:00,C8.6,POINT(-79 -18),2437
gev_20151017_2009,2015-10-17 20:09:00,2015-10-17 20:23:00,2015-10-17 20:28:00,M1.1,POINT(-79 -18),2437
gev_20151017_2035,2015-10-17 20:35:00,2015-10-17 20:42:00,2015-10-17 20:46:00,M1.5,POINT(-79 -19),2437
gev_20151017_2112,2015-10-17 21:12:00,2015-10-17 21:19:00,2015-10-17 21:25:00,C4.7,POINT(-28 -10),2434
gev_20151017_2152,2015-10-17 21:52:00,2015-10-17 21:59:00,2015-10-17 22:02:00,C4.8,POINT(-79 -19),2437
gev_20151017_2318,2015-10-17 23:18:00,2015-10-17 23:35:00,2015-10-17 23:48:00,C6.6,POINT(-79 -16),2437
gev_20151018_0508,2015-10-18 05:08:00,2015-10-18 05:11:00,2015-10-18 05:13:00,C1.5,POINT(-77 8),2436
gev_20151018_0724,2015-10-18 07:24:00,2015-10-18 07:30:00,2015-10-18 07:50:00,C1.3,POINT(-74 7),2436
gev_20151018_1547,2015-10-18 15:47:00,2015-10-18 16:14:00,2015-10-18 16:30:00,B9.8,POINT(-67 7),2436
gev_20151018_2002,2015-10-18 20:02:00,2015-10-18 20:08:00,2015-10-18 20:13:00,C1.4,POINT(-82 -20),2437
gev_20151019_0158,2015-10-19 01:58:00,2015-10-19 02:06:00,2015-10-19 02:15:00,C1.7,POINT(-60 9),2436
gev_20151019_0432,2015-10-19 04:32:00,2015-10-19 04:39:00,2015-10-19 04:46:00,C1.4,POINT(-5 -8),2434
gev_20151019_0933,2015-10-19 09:33:00,2015-10-19 09:37:00,2015-10-19 09:44:00,C1.2,POINT(-57 9),2436
gev_20151019_1336,2015-10-19 13:36:00,2015-10-19 13:43:00,2015-10-19 13:43:00,C1.9,POINT(0 -9),2434
gev_20151019_1639,2015-10-19 16:39:00,2015-10-19 16:42:00,2015-10-19 16:44:00,B8.2,POINT(-55 9),2436
gev_20151019_1723,2015-10-19 17:23:00,2015-10-19 17:27:00,2015-10-19 17:29:00,C3.9,POINT(-55 8),2436
gev_20151019_1741,2015-10-19 17:41:00,2015-10-19 17:47:00,2015-10-19 17:53:00,C1.3,POINT(-52 10),2436
gev_20151019_1837,2015-10-19 18:37:00,2015-10-19 18:43:00,2015-10-19 18:45:00,C1.8,POINT(-55 9),2436
gev_20151019_2148,2015-10-19 21:48:00,2015-10-19 21:52:00,2015-10-19 21:57:00,B9.6,POINT(-50 10),2436
gev_20151020_0356,2015-10-20 03:56:00,2015-10-20 04:04:00,2015-10-20 04:16:00,C1.2,POINT(-46 -19),2437
gev_20151020_0458,2015-10-20 04:58:00,2015-10-20 05:01:00,2015-10-20 05:03:00,C1.0,POINT(-49 9),2436
gev_20151020_0724,2015-10-20 07:24:00,2015-10-20 07:27:00,2015-10-20 07:29:00,C1.0,POINT(-47 8),2436
gev_20151020_1226,2015-10-20 12:26:00,2015-10-20 12:29:00,2015-10-20 12:31:00,B7.6,POINT(-47 9),2436
gev_20151020_1323,2015-10-20 13:23:00,2015-10-20 13:26:00,2015-10-20 13:28:00,B8.5,POINT(-44 9),2436
gev_20151020_1356,2015-10-20 13:56:00,2015-10-20 13:59:00,2015-10-20 14:01:00,C1.1,POINT(-44 9),2436
gev_20151021_0012,2015-10-21 00:12:00,2015-10-21 00:19:00,2015-10-21 00:23:00,C1.7,POINT(-27 6),2436
gev_20151021_0146,2015-10-21 01:46:00,2015-10-21 01:49:00,2015-10-21 01:51:00,B8.0,POINT(-37 7),2436
gev_20151021_0200,2015-10-21 02:00:00,2015-10-21 02:09:00,2015-10-21 02:14:00,C1.6,POINT(-26 6),2436
gev_20151021_0429,2015-10-21 04:29:00,2015-10-21 04:34:00,2015-10-21 04:36:00,C6.3,POINT(-35 7),2436
gev_20151021_0531,2015-10-21 05:31:00,2015-10-21 05:37:00,2015-10-21 05:43:00,C2.7,POINT(-24 6),2436
gev_20151021_1151,2015-10-21 11:51:00,2015-10-21 12:00:00,2015-10-21 12:07:00,C2.6,POINT(-20 6),2436
gev_20151021_1352,2015-10-21 13:52:00,2015-10-21 13:58:00,2015-10-21 14:04:00,C1.7,POINT(-30 7),2436
gev_20151021_1428,2015-10-21 14:28:00,2015-10-21 14:31:00,2015-10-21 14:33:00,C1.1,POINT(-30 9),2436
gev_20151021_1748,2015-10-21 17:48:00,2015-10-21 17:56:00,2015-10-21 18:00:00,C7.7,POINT(-16 7),2436
gev_20151022_0143,2015-10-22 01:43:00,2015-10-22 03:37:00,2015-10-22 07:00:00,C4.5,POINT(34 -10),2434
gev_20151022_0213,2015-10-22 02:13:00,2015-10-22 03:40:00,2015-10-22 05:15:00,C4.4,POINT(34 -10),2434
gev_20151023_0636,2015-10-23 06:36:00,2015-10-23 06:41:00,2015-10-23 06:45:00,B5.9,POINT(80 -13),2431
gev_20151023_1428,2015-10-23 14:28:00,2015-10-23 14:35:00,2015-10-23 14:42:00,B9.0,POINT(6 6),2436
gev_20151023_1536,2015-10-23 15:36:00,2015-10-23 15:39:00,2015-10-23 15:42:00,B7.1,POINT(-15 -20),2437
gev_20151023_1656,2015-10-23 16:56:00,2015-10-23 17:03:00,2015-10-23 17:15:00,B9.3,POINT(-7 -22),2437
gev_20151024_0420,2015-10-24 04:20:00,2015-10-24 04:28:00,2015-10-24 04:32:00,C1.9,POINT(64 -8),2434
gev_20151024_1226,2015-10-24 12:26:00,2015-10-24 12:29:00,2015-10-24 12:31:00,B5.8,POINT(69 -12),2434
gev_20151024_1320,2015-10-24 13:20:00,2015-10-24 13:30:00,2015-10-24 13:43:00,B7.7,POINT(14 12),2436
gev_20151024_1429,2015-10-24 14:29:00,2015-10-24 15:16:00,2015-10-24 15:50:00,C1.0,POINT(54 -10),2434
gev_20151024_2121,2015-10-24 21:21:00,2015-10-24 21:30:00,2015-10-24 21:34:00,C1.3,POINT(72 -12),2434
gev_20151024_2329,2015-10-24 23:29:00,2015-10-25 00:03:00,2015-10-25 00:41:00,B9.7,POINT(18 10),2436
gev_20151024_2334,2015-10-24 23:34:00,2015-10-25 00:03:00,2015-10-25 00:50:00,B9.8,POINT(18 10),2436
gev_20151025_0457,2015-10-25 04:57:00,2015-10-25 05:16:00,2015-10-25 05:27:00,B9.2,POINT(79 -12),2434
gev_20151025_0548,2015-10-25 05:48:00,2015-10-25 05:55:00,2015-10-25 06:02:00,B6.8,POINT(79 -12),2434
gev_20151026_0100,2015-10-26 01:00:00,2015-10-26 01:12:00,2015-10-26 01:20:00,B7.2,POINT(38 -12),2435
gev_20151026_1021,2015-10-26 10:21:00,2015-10-26 10:29:00,2015-10-26 10:41:00,C2.1,POINT(23 -21),2437
gev_20151026_1304,2015-10-26 13:04:00,2015-10-26 13:08:00,2015-10-26 13:15:00,B8.9,POINT(39 12),2436
gev_20151027_0505,2015-10-27 05:05:00,2015-10-27 05:14:00,2015-10-27 05:20:00,C1.0,POINT(49 12),2436
gev_20151027_1100,2015-10-27 11:00:00,2015-10-27 14:29:00,2015-10-27 15:00:00,C3.2,POINT(81 -9),2434
gev_20151027_1106,2015-10-27 11:06:00,2015-10-27 12:08:00,2015-10-27 13:08:00,C1.5,POINT(35 -19),2437
gev_20151027_1305,2015-10-27 13:05:00,2015-10-27 14:29:00,2015-10-27 14:44:26,C3.2,POINT(71 -14),2435
gev_20151027_1308,2015-10-27 13:08:00,2015-10-27 14:29:00,2015-10-27 15:15:00,C3.2,POINT(61 8),2436
gev_20151027_1540,2015-10-27 15:40:00,2015-10-27 15:49:00,2015-10-27 15:52:00,C2.3,POINT(69 -14),2435
gev_20151027_1832,2015-10-27 18:32:00,2015-10-27 18:54:00,2015-10-27 19:03:00,C1.7,POINT(42 -20),2437
gev_20151027_2010,2015-10-27 20:10:00,2015-10-27 20:19:00,2015-10-27 20:28:00,C1.4,POINT(-82 6),0
gev_20151028_0553,2015-10-28 05:53:00,2015-10-28 06:06:00,2015-10-28 06:23:00,C1.2,POINT(53 -17),2437
gev_20151028_0705,2015-10-28 07:05:00,2015-10-28 07:08:00,2015-10-28 07:11:00,C1.3,POINT(-44 14),2441
gev_20151028_0833,2015-10-28 08:33:00,2015-10-28 08:39:00,2015-10-28 08:47:00,C1.6,POINT(53 -21),2437
gev_20151028_0931,2015-10-28 09:31:00,2015-10-28 09:37:00,2015-10-28 09:42:00,C1.9,POINT(-17 14),2442
gev_20151028_0950,2015-10-28 09:50:00,2015-10-28 10:23:00,2015-10-28 10:55:00,C1.8,POINT(75 6),2436
gev_20151028_1704,2015-10-28 17:04:00,2015-10-28 17:07:00,2015-10-28 17:10:00,B7.8,POINT(70 0),2436
gev_20151029_0017,2015-10-29 00:17:00,2015-10-29 00:21:00,2015-10-29 00:27:00,C1.5,POINT(-82 7),2443
gev_20151029_0103,2015-10-29 01:03:00,2015-10-29 01:25:00,2015-10-29 01:40:00,C1.1,POINT(30 18),2440
gev_20151029_0212,2015-10-29 02:12:00,2015-10-29 02:15:00,2015-10-29 02:17:00,C1.0,POINT(-82 7),2443
gev_20151029_0218,2015-10-29 02:18:00,2015-10-29 02:19:00,2015-10-29 02:21:00,C1.0,POINT(-84 5),2443
gev_20151029_0432,2015-10-29 04:32:00,2015-10-29 04:39:00,2015-10-29 04:46:00,C1.0,POINT(76 12),2436
gev_20151029_0715,2015-10-29 07:15:00,2015-10-29 07:18:00,2015-10-29 07:21:00,C1.1,POINT(-83 6),2443
gev_20151029_0804,2015-10-29 08:04:00,2015-10-29 08:07:00,2015-10-29 08:09:00,B9.3,POINT(-82 6),2443
gev_20151029_1031,2015-10-29 10:31:00,2015-10-29 10:38:00,2015-10-29 10:44:00,C1.3,POINT(-82 8),2443
gev_20151029_1226,2015-10-29 12:26:00,2015-10-29 12:29:00,2015-10-29 12:31:00,B9.5,POINT(-81 7),2443
gev_20151029_1402,2015-10-29 14:02:00,2015-10-29 14:06:00,2015-10-29 14:14:00,C1.1,POINT(-82 6),2443
gev_20151029_1501,2015-10-29 15:01:00,2015-10-29 15:06:00,2015-10-29 15:11:00,C1.5,POINT(-78 9),2443
gev_20151029_1652,2015-10-29 16:52:00,2015-10-29 16:56:00,2015-10-29 16:59:00,C1.4,POINT(-79 6),2443
gev_20151029_1749,2015-10-29 17:49:00,2015-10-29 17:52:00,2015-10-29 17:55:00,C1.0,POINT(-79 6),2443
gev_20151029_2308,2015-10-29 23:08:00,2015-10-29 23:15:00,2015-10-29 23:23:00,C1.6,POINT(-76 6),2443
gev_20151030_0045,2015-10-30 00:45:00,2015-10-30 00:50:00,2015-10-30 00:56:00,C2.3,POINT(-75 6),2443
gev_20151030_0100,2015-10-30 01:00:00,2015-10-30 01:05:00,2015-10-30 01:12:00,C2.9,POINT(-74 6),2443
gev_20151030_0347,2015-10-30 03:47:00,2015-10-30 03:55:00,2015-10-30 04:06:00,C2.8,POINT(-75 6),2443
gev_20151030_0411,2015-10-30 04:11:00,2015-10-30 04:22:00,2015-10-30 04:31:00,C4.1,POINT(-74 6),2443
gev_20151030_0456,2015-10-30 04:56:00,2015-10-30 05:03:00,2015-10-30 05:08:00,C3.9,POINT(-74 6),2443
gev_20151030_0541,2015-10-30 05:41:00,2015-10-30 05:44:00,2015-10-30 05:47:00,C2.5,POINT(-72 9),2443
gev_20151030_0704,2015-10-30 07:04:00,2015-10-30 07:15:00,2015-10-30 07:21:00,C4.2,POINT(-71 6),2443
gev_20151030_0821,2015-10-30 08:21:00,2015-10-30 08:41:00,2015-10-30 08:52:00,C5.5,POINT(-70 6),2443
gev_20151030_0949,2015-10-30 09:49:00,2015-10-30 10:18:00,2015-10-30 10:45:00,C4.6,POINT(-68 6),2443
gev_20151030_0950,2015-10-30 09:50:00,2015-10-30 10:18:00,2015-10-30 10:38:00,C4.6,POINT(-68 6),2443
gev_20151030_1138,2015-10-30 11:38:00,2015-10-30 11:54:00,2015-10-30 12:02:00,C2.4,POINT(-70 6),2443
gev_20151030_1254,2015-10-30 12:54:00,2015-10-30 13:01:00,2015-10-30 13:09:00,C3.1,POINT(80 -18),2437
gev_20151030_1414,2015-10-30 14:14:00,2015-10-30 14:22:00,2015-10-30 14:35:00,C5.9,POINT(-66 6),2443
gev_20151030_1533,2015-10-30 15:33:00,2015-10-30 15:37:00,2015-10-30 15:41:00,C5.9,POINT(81 -18),2437
gev_20151030_1621,2015-10-30 16:21:00,2015-10-30 16:25:00,2015-10-30 16:31:00,C5.2,POINT(-66 6),2443
gev_20151030_1957,2015-10-30 19:57:00,2015-10-30 20:00:00,2015-10-30 20:33:00,C7.8,POINT(-63 6),2443
gev_20151031_0024,2015-10-31 00:24:00,2015-10-31 00:28:00,2015-10-31 00:31:00,C1.9,POINT(-58 5),2443
gev_20151031_0559,2015-10-31 05:59:00,2015-10-31 06:35:00,2015-10-31 07:14:00,C3.8,POINT(-55 9),2443
gev_20151031_0600,2015-10-31 06:00:00,2015-10-31 06:35:00,2015-10-31 07:40:00,C3.8,POINT(-55 9),2443
gev_20151031_0835,2015-10-31 08:35:00,2015-10-31 08:39:00,2015-10-31 08:41:00,C1.7,POINT(-56 6),2443
gev_20151031_1015,2015-10-31 10:15:00,2015-10-31 10:22:00,2015-10-31 10:29:00,C1.5,POINT(-56 7),2443
gev_20151031_1257,2015-10-31 12:57:00,2015-10-31 13:01:00,2015-10-31 13:10:00,C1.4,POINT(-52 9),2443
gev_20151031_1454,2015-10-31 14:54:00,2015-10-31 15:02:00,2015-10-31 15:04:00,C5.2,POINT(-55 6),2443
gev_20151031_1548,2015-10-31 15:48:00,2015-10-31 15:53:00,2015-10-31 16:03:00,C1.9,POINT(-49 6),2443
gev_20151031_1723,2015-10-31 17:23:00,2015-10-31 17:28:00,2015-10-31 17:32:00,C2.1,POINT(-45 8),2443
gev_20151031_1748,2015-10-31 17:48:00,2015-10-31 17:52:00,2015-10-31 17:55:00,M1.0,POINT(-53 6),2443
gev_20151031_1856,2015-10-31 18:56:00,2015-10-31 19:07:00,2015-10-31 19:17:00,C6.6,POINT(-51 7),2443
gev_20151031_1927,2015-10-31 19:27:00,2015-10-31 19:33:00,2015-10-31 19:40:00,C9.9,POINT(-53 7),2443
gev_20151031_2036,2015-10-31 20:36:00,2015-10-31 20:44:00,2015-10-31 21:02:00,C2.7,POINT(-51 6),2443
gev_20151031_2113,2015-10-31 21:13:00,2015-10-31 21:18:00,2015-10-31 21:23:00,C5.8,POINT(-51 6),2443
gev_20151031_2256,2015-10-31 22:56:00,2015-10-31 23:04:00,2015-10-31 23:10:00,C6.1,POINT(-50 6),2443
gev_20151031_2354,2015-10-31 23:54:00,2015-10-31 23:59:00,2015-11-01 00:05:00,C2.7,POINT(-48 6),2443
gev_20151101_0022,2015-11-01 00:22:00,2015-11-01 00:27:00,2015-11-01 00:30:00,C6.5,POINT(-44 7),2443
gev_20151101_0111,2015-11-01 01:11:00,2015-11-01 01:15:00,2015-11-01 01:20:00,C6.2,POINT(-48 6),2443
gev_20151101_0155,2015-11-01 01:55:00,2015-11-01 01:58:00,2015-11-01 02:03:00,C1.5,POINT(-48 6),2443
gev_20151101_0335,2015-11-01 03:35:00,2015-11-01 03:39:00,2015-11-01 03:44:00,C5.6,POINT(-47 6),2443
gev_20151101_0505,2015-11-01 05:05:00,2015-11-01 05:12:00,2015-11-01 05:15:00,C1.8,POINT(-46 6),2443
gev_20151101_0622,2015-11-01 06:22:00,2015-11-01 06:28:00,2015-11-01 06:54:00,C2.4,POINT(-45 6),2443
gev_20151101_0917,2015-11-01 09:17:00,2015-11-01 09:21:00,2015-11-01 09:26:00,C1.1,POINT(-40 6),2443
gev_20151101_1018,2015-11-01 10:18:00,2015-11-01 10:21:00,2015-11-01 10:27:00,B9.2,POINT(-44 6),2443
gev_20151101_1203,2015-11-01 12:03:00,2015-11-01 12:06:00,2015-11-01 12:10:00,C1.3,POINT(-43 6),2443
gev_20151101_1255,2015-11-01 12:55:00,2015-11-01 12:59:00,2015-11-01 13:01:00,C1.0,POINT(-41 6),2443
gev_20151101_1633,2015-11-01 16:33:00,2015-11-01 16:43:00,2015-11-01 16:54:00,C5.0,POINT(-39 5),2443
gev_20151101_1734,2015-11-01 17:34:00,2015-11-01 18:03:00,2015-11-01 18:30:00,C6.3,POINT(-39 5),2443
gev_20151101_1936,2015-11-01 19:36:00,2015-11-01 19:42:00,2015-11-01 19:56:00,C1.8,POINT(-29 9),2443
gev_20151101_2011,2015-11-01 20:11:00,2015-11-01 20:23:00,2015-11-01 20:30:00,C4.9,POINT(-29 8),2443
gev_20151101_2116,2015-11-01 21:16:00,2015-11-01 23:14:00,2015-11-01 23:45:00,C6.4,POINT(42 16),2445
gev_20151101_2129,2015-11-01 21:29:00,2015-11-01 23:14:00,2015-11-01 23:51:00,C6.4,POINT(42 16),2445
gev_20151102_0045,2015-11-02 00:45:00,2015-11-02 00:50:00,2015-11-02 01:02:00,C6.3,POINT(42 16),2442
gev_20151102_0506,2015-11-02 05:06:00,2015-11-02 05:12:00,2015-11-02 05:17:00,C2.2,POINT(45 16),2442
gev_20151102_0603,2015-11-02 06:03:00,2015-11-02 06:07:00,2015-11-02 06:15:00,C1.2,POINT(46 16),2442
gev_20151102_0631,2015-11-02 06:31:00,2015-11-02 06:37:00,2015-11-02 06:47:00,C3.3,POINT(46 16),2442
gev_20151102_0950,2015-11-02 09:50:00,2015-11-02 10:00:00,2015-11-02 10:14:00,C7.2,POINT(50 16),2442
gev_20151102_1057,2015-11-02 10:57:00,2015-11-02 11:00:00,2015-11-02 11:02:00,C1.3,POINT(-26 7),2443
gev_20151102_1312,2015-11-02 13:12:00,2015-11-02 13:19:00,2015-11-02 13:29:00,C1.8,POINT(49 16),2442
gev_20151102_1429,2015-11-02 14:29:00,2015-11-02 15:00:00,2015-11-02 15:12:00,C5.0,POINT(50 16),2442
gev_20151102_1729,2015-11-02 17:29:00,2015-11-02 17:33:00,2015-11-02 17:36:00,C2.0,POINT(52 16),2442
gev_20151103_0039,2015-11-03 00:39:00,2015-11-03 00:53:00,2015-11-03 01:12:00,C2.3,POINT(-21 5),2443
gev_20151103_1355,2015-11-03 13:55:00,2015-11-03 14:00:00,2015-11-03 14:04:00,C1.4,POINT(62 15),2445
gev_20151103_1654,2015-11-03 16:54:00,2015-11-03 17:00:00,2015-11-03 17:05:00,C3.9,POINT(64 15),2445
gev_20151103_1814,2015-11-03 18:14:00,2015-11-03 18:20:00,2015-11-03 18:23:00,B9.4,POINT(62 14),2445
gev_20151103_1843,2015-11-03 18:43:00,2015-11-03 19:09:00,2015-11-03 19:31:00,C5.5,POINT(-11 9),2443
gev_20151103_2151,2015-11-03 21:51:00,2015-11-03 21:56:00,2015-11-03 22:00:00,B9.8,POINT(-8 6),2443
gev_20151103_2329,2015-11-03 23:29:00,2015-11-03 23:35:00,2015-11-03 23:39:00,C1.7,POINT(63 14),2445
gev_20151104_0025,2015-11-04 00:25:00,2015-11-04 00:32:00,2015-11-04 00:37:00,C3.0,POINT(64 14),2445
gev_20151104_0117,2015-11-04 01:17:00,2015-11-04 01:20:00,2015-11-04 01:22:00,B9.1,POINT(64 14),2445
gev_20151104_0124,2015-11-04 01:24:00,2015-11-04 01:27:00,2015-11-04 01:29:00,B9.9,POINT(65 14),2445
gev_20151104_0201,2015-11-04 02:01:00,2015-11-04 02:18:00,2015-11-04 02:49:00,C1.1,POINT(66 14),2445
gev_20151104_0320,2015-11-04 03:20:00,2015-11-04 03:25:00,2015-11-04 03:29:00,M1.9,POINT(66 14),2445
gev_20151104_0353,2015-11-04 03:53:00,2015-11-04 03:59:00,2015-11-04 04:05:00,C1.4,POINT(2 8),2443
gev_20151104_0450,2015-11-04 04:50:00,2015-11-04 04:56:00,2015-11-04 04:59:00,C1.0,POINT(67 15),2445
gev_20151104_0847,2015-11-04 08:47:00,2015-11-04 09:00:00,2015-11-04 09:04:00,C4.6,POINT(70 14),2445
gev_20151104_0921,2015-11-04 09:21:00,2015-11-04 09:25:00,2015-11-04 09:27:00,B9.6,POINT(67 16),2445
gev_20151104_1028,2015-11-04 10:28:00,2015-11-04 10:32:00,2015-11-04 10:35:00,C1.1,POINT(76 14),2442
gev_20151104_1155,2015-11-04 11:55:00,2015-11-04 12:03:00,2015-11-04 12:06:00,M2.5,POINT(71 15),2445
gev_20151104_1331,2015-11-04 13:31:00,2015-11-04 13:52:00,2015-11-04 14:13:00,M3.7,POINT(2 8),2443
gev_20151104_2248,2015-11-04 22:48:00,2015-11-04 22:53:00,2015-11-04 22:58:00,C1.0,POINT(-81 5),2448
gev_20151105_1957,2015-11-05 19:57:00,2015-11-05 20:09:00,2015-11-05 20:26:00,B7.5,POINT(17 6),2443
gev_20151106_0900,2015-11-06 09:00:00,2015-11-06 09:19:00,2015-11-06 09:25:00,C1.0,POINT(-57 7),2448
gev_20151106_0940,2015-11-06 09:40:00,2015-11-06 09:42:00,2015-11-06 09:46:00,C1.1,POINT(33 3),2443
gev_20151106_1435,2015-11-06 14:35:00,2015-11-06 14:45:00,2015-11-06 14:54:00,C1.8,POINT(-82 -24),2450
gev_20151106_1804,2015-11-06 18:04:00,2015-11-06 18:11:00,2015-11-06 18:21:00,C4.4,POINT(-80 -12),2449
gev_20151106_2142,2015-11-06 21:42:00,2015-11-06 21:49:00,2015-11-06 22:00:00,C1.4,POINT(-81 -15),2449
gev_20151106_2252,2015-11-06 22:52:00,2015-11-06 23:13:00,2015-11-06 23:22:00,C1.6,POINT(72 15),2446
gev_20151106_2353,2015-11-06 23:53:00,2015-11-06 23:57:00,2015-11-07 00:03:00,B8.5,POINT(-75 -13),2449
gev_20151107_0015,2015-11-07 00:15:00,2015-11-07 00:21:00,2015-11-07 00:29:00,C3.0,POINT(-50 5),2448
gev_20151107_0435,2015-11-07 04:35:00,2015-11-07 04:40:00,2015-11-07 04:44:00,C1.5,POINT(-71 -12),2449
gev_20151107_0523,2015-11-07 05:23:00,2015-11-07 05:32:00,2015-11-07 05:42:00,C2.4,POINT(-78 -25),2450
gev_20151107_2259,2015-11-07 22:59:00,2015-11-07 23:21:00,2015-11-07 23:47:00,C2.5,POINT(-67 -17),2449
gev_20151108_0232,2015-11-08 02:32:00,2015-11-08 02:35:00,2015-11-08 02:38:00,B5.6,POINT(-60 -12),2449
gev_20151109_1249,2015-11-09 12:49:00,2015-11-09 13:12:00,2015-11-09 13:28:00,M3.9,POINT(-39 -13),2449
gev_20151109_1630,2015-11-09 16:30:00,2015-11-09 16:33:00,2015-11-09 16:35:00,C1.3,POINT(78 4),2443
gev_20151110_0119,2015-11-10 01:19:00,2015-11-10 01:25:00,2015-11-10 01:45:00,B6.8,POINT(81 5),2443
gev_20151110_0154,2015-11-10 01:54:00,2015-11-10 01:59:00,2015-11-10 02:02:00,C1.1,POINT(81 4),2443
gev_20151110_0323,2015-11-10 03:23:00,2015-11-10 03:28:00,2015-11-10 03:54:00,B6.7,POINT(-32 -13),2449
gev_20151110_0733,2015-11-10 07:33:00,2015-11-10 07:39:00,2015-11-10 07:42:00,B8.6,POINT(81 4),2443
gev_20151110_1400,2015-11-10 14:00:00,2015-11-10 14:11:00,2015-11-10 14:24:00,C3.7,POINT(82 8),2443
gev_20151110_1608,2015-11-10 16:08:00,2015-11-10 16:12:00,2015-11-10 16:16:00,B6.0,POINT(-25 -13),2449
gev_20151110_1645,2015-11-10 16:45:00,2015-11-10 16:54:00,2015-11-10 17:05:00,C2.7,POINT(-82 -13),2452
gev_20151111_1153,2015-11-11 11:53:00,2015-11-11 11:58:00,2015-11-11 12:06:00,B6.3,POINT(81 8),2443
gev_20151111_1330,2015-11-11 13:30:00,2015-11-11 17:34:00,2015-11-11 20:45:00,B8.1,POINT(21 2),2451
gev_20151112_0109,2015-11-12 01:09:00,2015-11-12 01:24:00,2015-11-12 01:29:00,B8.9,POINT(-82 8),2454
gev_20151112_0328,2015-11-12 03:28:00,2015-11-12 03:37:00,2015-11-12 03:42:00,B8.9,POINT(-82 8),2454
gev_20151112_1503,2015-11-12 15:03:00,2015-11-12 15:13:00,2015-11-12 15:21:00,B4.3,POINT(-82 8),2454
gev_20151112_1920,2015-11-12 19:20:00,2015-11-12 19:26:00,2015-11-12 19:31:00,B3.9,POINT(-52 -16),0
gev_20151113_0120,2015-11-13 01:20:00,2015-11-13 01:27:00,2015-11-13 01:36:00,C1.2,POINT(-48 -16),0
gev_20151115_1419,2015-11-15 14:19:00,2015-11-15 14:25:00,2015-11-15 14:31:00,B5.4,POINT(43 -13),2449
gev_20151115_2300,2015-11-15 23:00:00,2015-11-16 00:08:00,2015-11-16 01:25:00,B7.8,POINT(24 -16),0
gev_20151115_2301,2015-11-15 23:01:00,2015-11-16 00:08:00,2015-11-16 01:14:00,B7.8,POINT(24 -16),0
gev_20151116_0127,2015-11-16 01:27:00,2015-11-16 01:36:00,2015-11-16 01:45:00,B7.3,POINT(-41 9),2454
gev_20151117_1034,2015-11-17 10:34:00,2015-11-17 11:19:00,2015-11-17 12:10:00,B4.8,POINT(-22 4),2456
gev_20151117_1326,2015-11-17 13:26:00,2015-11-17 13:29:00,2015-11-17 13:31:00,B5.8,POINT(-20 4),2456
gev_20151117_1438,2015-11-17 14:38:00,2015-11-17 14:50:00,2015-11-17 14:54:00,B5.3,POINT(-20 4),2456
gev_20151117_1443,2015-11-17 14:43:00,2015-11-17 14:50:00,2015-11-17 14:55:00,B5.3,POINT(-20 4),2456
gev_20151117_1516,2015-11-17 15:16:00,2015-11-17 15:19:00,2015-11-17 15:22:00,B5.1,POINT(-19 4),2456
gev_20151117_1551,2015-11-17 15:51:00,2015-11-17 15:54:00,2015-11-17 15:58:00,C1.1,POINT(-19 4),2456
gev_20151118_0635,2015-11-18 06:35:00,2015-11-18 06:46:00,2015-11-18 07:15:00,B4.9,POINT(-9 4),2456
gev_20151118_0834,2015-11-18 08:34:00,2015-11-18 08:52:00,2015-11-18 09:02:00,B7.0,POINT(-9 11),2454
gev_20151118_0838,2015-11-18 08:38:00,2015-11-18 08:52:00,2015-11-18 09:10:00,B7.1,POINT(-82 10),2457
gev_20151118_1943,2015-11-18 19:43:00,2015-11-18 20:09:00,2015-11-18 20:15:00,C1.1,POINT(-3 11),2454
gev_20151119_0744,2015-11-19 07:44:00,2015-11-19 07:48:00,2015-11-19 07:53:00,B8.0,POINT(-83 10),2457
gev_20151120_0609,2015-11-20 06:09:00,2015-11-20 06:12:00,2015-11-20 06:16:00,B5.2,POINT(-74 11),2457
gev_20151120_1121,2015-11-20 11:21:00,2015-11-20 11:25:00,2015-11-20 11:27:00,B5.5,POINT(-71 11),2457
gev_20151120_1226,2015-11-20 12:26:00,2015-11-20 12:58:00,2015-11-20 13:02:00,B7.3,POINT(-71 11),2457
gev_20151121_0210,2015-11-21 02:10:00,2015-11-21 02:14:00,2015-11-21 02:17:00,C1.6,POINT(-63 10),2457
gev_20151121_0332,2015-11-21 03:32:00,2015-11-21 03:41:00,2015-11-21 03:53:00,B7.3,POINT(-64 9),2457
gev_20151121_1311,2015-11-21 13:11:00,2015-11-21 13:24:00,2015-11-21 13:29:00,C2.0,POINT(33 13),2454
gev_20151121_1334,2015-11-21 13:34:00,2015-11-21 13:53:00,2015-11-21 14:08:00,C3.4,POINT(34 14),2454
gev_20151121_1336,2015-11-21 13:36:00,2015-11-21 13:53:00,2015-11-21 14:05:00,C3.3,POINT(34 14),2454
gev_20151121_1707,2015-11-21 17:07:00,2015-11-21 17:11:00,2015-11-21 17:14:00,B8.7,POINT(33 16),2454
gev_20151121_1733,2015-11-21 17:33:00,2015-11-21 17:44:00,2015-11-21 17:58:00,C1.6,POINT(36 14),2454
gev_20151121_1938,2015-11-21 19:38:00,2015-11-21 19:42:00,2015-11-21 19:48:00,C1.0,POINT(35 15),2454
gev_20151121_2215,2015-11-21 22:15:00,2015-11-21 22:21:00,2015-11-21 22:29:00,C1.1,POINT(-53 10),2457
gev_20151122_0137,2015-11-22 01:37:00,2015-11-22 02:10:00,2015-11-22 02:27:00,C5.1,POINT(40 14),2454
gev_20151122_0317,2015-11-22 03:17:00,2015-11-22 03:20:00,2015-11-22 03:25:00,C1.2,POINT(38 15),2454
gev_20151122_0531,2015-11-22 05:31:00,2015-11-22 05:38:00,2015-11-22 05:41:00,C5.6,POINT(39 15),2454
gev_20151122_1017,2015-11-22 10:17:00,2015-11-22 10:23:00,2015-11-22 10:29:00,C2.4,POINT(-47 13),2457
gev_20151122_1240,2015-11-22 12:40:00,2015-11-22 12:45:00,2015-11-22 12:49:00,C1.4,POINT(44 14),2454
gev_20151122_1348,2015-11-22 13:48:00,2015-11-22 13:51:00,2015-11-22 13:56:00,B7.3,POINT(-43 15),2457
gev_20151122_1603,2015-11-22 16:03:00,2015-11-22 16:57:00,2015-11-22 17:20:00,C2.1,POINT(51 15),2454
gev_20151122_1631,2015-11-22 16:31:00,2015-11-22 16:57:00,2015-11-22 17:15:00,C2.0,POINT(51 15),2454
gev_20151122_1841,2015-11-22 18:41:00,2015-11-22 18:45:00,2015-11-22 18:48:00,C1.6,POINT(48 15),2454
gev_20151122_1857,2015-11-22 18:57:00,2015-11-22 19:00:00,2015-11-22 19:05:00,C1.3,POINT(48 14),2454
gev_20151122_2239,2015-11-22 22:39:00,2015-11-22 22:46:00,2015-11-22 22:49:00,C2.6,POINT(50 14),2454
gev_20151123_0043,2015-11-23 00:43:00,2015-11-23 00:48:00,2015-11-23 00:52:00,C1.6,POINT(51 15),2454
gev_20151123_0109,2015-11-23 01:09:00,2015-11-23 02:28:00,2015-11-23 02:54:00,C8.7,POINT(58 12),2454
gev_20151123_0113,2015-11-23 01:13:00,2015-11-23 02:28:00,2015-11-23 03:20:00,C8.7,POINT(58 12),2454
gev_20151123_1203,2015-11-23 12:03:00,2015-11-23 12:13:00,2015-11-23 12:42:00,C1.3,POINT(58 16),2454
gev_20151123_1204,2015-11-23 12:04:00,2015-11-23 12:12:00,2015-11-23 12:37:00,C1.3,POINT(58 16),2454
gev_20151123_1707,2015-11-23 17:07:00,2015-11-23 17:21:00,2015-11-23 17:36:00,B8.8,POINT(-30 12),2457
gev_20151123_1714,2015-11-23 17:14:00,2015-11-23 17:21:00,2015-11-23 17:40:00,B8.8,POINT(-30 12),2457
gev_20151123_1808,2015-11-23 18:08:00,2015-11-23 18:20:00,2015-11-23 18:31:00,B8.2,POINT(65 16),2454
gev_20151123_1810,2015-11-23 18:10:00,2015-11-23 18:20:00,2015-11-23 18:40:00,B8.2,POINT(65 16),2454
gev_20151125_0728,2015-11-25 07:28:00,2015-11-25 08:27:00,2015-11-25 08:46:00,C1.9,POINT(82 15),2454
gev_20151125_1028,2015-11-25 10:28:00,2015-11-25 10:43:00,2015-11-25 10:50:00,B7.9,POINT(-78 9),2459
gev_20151125_2209,2015-11-25 22:09:00,2015-11-25 22:20:00,2015-11-25 22:39:00,B5.6,POINT(81 13),2454
gev_20151126_0848,2015-11-26 08:48:00,2015-11-26 09:06:00,2015-11-26 09:35:00,B4.9,POINT(-60 5),2459
gev_20151126_1110,2015-11-26 11:10:00,2015-11-26 11:22:00,2015-11-26 11:54:00,B4.3,POINT(-66 9),2459
gev_20151126_2119,2015-11-26 21:19:00,2015-11-26 21:41:00,2015-11-26 22:18:00,B9.0,POINT(-50 7),2459
gev_20151127_1335,2015-11-27 13:35:00,2015-11-27 13:42:00,2015-11-27 13:48:00,B4.2,POINT(-42 8),2459
gev_20151128_1032,2015-11-28 10:32:00,2015-11-28 11:34:00,2015-11-28 12:15:00,B6.0,POINT(33 19),2457
gev_20151128_1048,2015-11-28 10:48:00,2015-11-28 11:34:00,2015-11-28 12:15:00,B6.0,POINT(34 19),2457
gev_20151128_1504,2015-11-28 15:04:00,2015-11-28 15:31:00,2015-11-28 16:10:00,B3.7,POINT(-28 6),2459
gev_20151129_0604,2015-11-29 06:04:00,2015-11-29 06:10:00,2015-11-29 06:17:00,B5.9,POINT(10 9),2458
gev_20151129_0655,2015-11-29 06:55:00,2015-11-29 07:37:00,2015-11-29 07:52:00,B6.3,POINT(-18 5),2459
gev_20151130_0837,2015-11-30 08:37:00,2015-11-30 08:50:00,2015-11-30 09:02:00,B8.7,POINT(26 10),2458
gev_20151130_1652,2015-11-30 16:52:00,2015-11-30 17:06:00,2015-11-30 17:22:00,C1.0,POINT(33 10),2458
gev_20151130_2114,2015-11-30 21:14:00,2015-11-30 21:50:00,2015-11-30 22:19:00,B7.5,POINT(34 9),2458
gev_20151201_0403,2015-12-01 04:03:00,2015-12-01 04:08:00,2015-12-01 04:32:00,C1.0,POINT(41 9),2458
gev_20151201_0617,2015-12-01 06:17:00,2015-12-01 06:31:00,2015-12-01 06:39:00,B4.1,POINT(43 9),2458
gev_20151201_0757,2015-12-01 07:57:00,2015-12-01 08:10:00,2015-12-01 08:18:00,C3.6,POINT(42 10),2458
gev_20151201_1423,2015-12-01 14:23:00,2015-12-01 14:34:00,2015-12-01 14:46:00,B3.4,POINT(48 12),2458
gev_20151202_0425,2015-12-02 04:25:00,2015-12-02 04:46:00,2015-12-02 05:04:00,C2.2,POINT(54 9),2458
gev_20151202_1823,2015-12-02 18:23:00,2015-12-02 18:35:00,2015-12-02 18:55:00,B8.1,POINT(61 9),2458
gev_20151203_0601,2015-12-03 06:01:00,2015-12-03 06:28:00,2015-12-03 06:45:00,C1.2,POINT(69 9),2458
gev_20151203_1712,2015-12-03 17:12:00,2015-12-03 17:38:00,2015-12-03 17:51:00,B3.3,POINT(49 3),2459
gev_20151203_2103,2015-12-03 21:03:00,2015-12-03 22:00:00,2015-12-03 22:18:00,B7.5,POINT(76 9),2458
gev_20151204_0237,2015-12-04 02:37:00,2015-12-04 02:48:00,2015-12-04 02:50:00,B5.0,POINT(80 8),2458
gev_20151204_0526,2015-12-04 05:26:00,2015-12-04 05:34:00,2015-12-04 05:45:00,C1.0,POINT(-76 -9),2463
gev_20151204_1423,2015-12-04 14:23:00,2015-12-04 14:36:00,2015-12-04 14:51:00,B5.9,POINT(-72 -9),2463
gev_20151204_1550,2015-12-04 15:50:00,2015-12-04 17:38:00,2015-12-04 18:40:00,C1.5,POINT(-68 10),2462
gev_20151204_1653,2015-12-04 16:53:00,2015-12-04 17:10:00,2015-12-04 17:38:00,C4.0,POINT(-66 10),2462
gev_20151204_1927,2015-12-04 19:27:00,2015-12-04 19:30:00,2015-12-04 19:32:00,B5.6,POINT(-67 -9),2463
gev_20151204_2256,2015-12-04 22:56:00,2015-12-04 23:02:00,2015-12-04 23:05:00,B7.7,POINT(-64 -9),2463
gev_20151205_0752,2015-12-05 07:52:00,2015-12-05 07:58:00,2015-12-05 08:03:00,B3.9,POINT(-59 -9),2463
gev_20151205_1043,2015-12-05 10:43:00,2015-12-05 10:47:00,2015-12-05 10:49:00,B4.4,POINT(-58 -9),2463
gev_20151205_1316,2015-12-05 13:16:00,2015-12-05 13:19:00,2015-12-05 13:22:00,B4.1,POINT(-56 -10),2463
gev_20151205_1514,2015-12-05 15:14:00,2015-12-05 15:21:00,2015-12-05 15:26:00,C1.9,POINT(-82 -12),2464
gev_20151205_1616,2015-12-05 16:16:00,2015-12-05 16:23:00,2015-12-05 16:32:00,C1.9,POINT(-55 -10),2463
gev_20151205_2306,2015-12-05 23:06:00,2015-12-05 23:17:00,2015-12-05 23:33:00,B8.3,POINT(-52 -9),2463
gev_20151206_0323,2015-12-06 03:23:00,2015-12-06 03:26:00,2015-12-06 03:28:00,B7.4,POINT(-49 -9),2463
gev_20151206_0643,2015-12-06 06:43:00,2015-12-06 06:51:00,2015-12-06 07:22:00,B7.5,POINT(-47 -9),2463
gev_20151206_0644,2015-12-06 06:44:00,2015-12-06 06:51:00,2015-12-06 07:05:00,B8.1,POINT(-47 -9),2463
gev_20151206_2049,2015-12-06 20:49:00,2015-12-06 21:08:00,2015-12-06 21:21:00,C1.1,POINT(-41 -9),2466
gev_20151207_0323,2015-12-07 03:23:00,2015-12-07 03:30:00,2015-12-07 03:37:00,B7.6,POINT(-37 -9),2463
gev_20151207_0349,2015-12-07 03:49:00,2015-12-07 04:19:00,2015-12-07 04:47:00,C1.1,POINT(-82 -7),2465
gev_20151207_0350,2015-12-07 03:50:00,2015-12-07 04:15:00,2015-12-07 05:05:00,C1.2,POINT(-82 -7),2465
gev_20151207_0729,2015-12-07 07:29:00,2015-12-07 07:33:00,2015-12-07 07:39:00,B3.9,POINT(-78 -5),2465
gev_20151207_0901,2015-12-07 09:01:00,2015-12-07 09:04:00,2015-12-07 09:10:00,B3.7,POINT(-77 -5),2465
gev_20151207_1139,2015-12-07 11:39:00,2015-12-07 11:49:00,2015-12-07 11:55:00,B3.4,POINT(-75 -5),2465
gev_20151207_1434,2015-12-07 14:34:00,2015-12-07 14:41:00,2015-12-07 14:49:00,B3.4,POINT(-69 -7),2465
gev_20151207_1435,2015-12-07 14:35:00,2015-12-07 16:03:00,2015-12-07 17:30:00,B4.8,POINT(-88 -7),2465
gev_20151207_1819,2015-12-07 18:19:00,2015-12-07 18:26:00,2015-12-07 18:32:00,B4.2,POINT(-22 8),2462
gev_20151207_2239,2015-12-07 22:39:00,2015-12-07 22:50:00,2015-12-07 23:13:00,C1.0,POINT(-25 -9),2463
gev_20151208_0912,2015-12-08 09:12:00,2015-12-08 09:16:00,2015-12-08 09:22:00,B3.6,POINT(-22 -6),2466
gev_20151208_1313,2015-12-08 13:13:00,2015-12-08 13:17:00,2015-12-08 13:22:00,B4.1,POINT(-26 -14),2466
gev_20151208_1705,2015-12-08 17:05:00,2015-12-08 17:24:00,2015-12-08 17:35:00,C1.0,POINT(-23 -12),2466
gev_20151208_1859,2015-12-08 18:59:00,2015-12-08 19:14:00,2015-12-08 19:28:00,C6.7,POINT(-22 -12),2466
gev_20151208_2240,2015-12-08 22:40:00,2015-12-08 22:55:00,2015-12-08 23:05:00,C4.5,POINT(-20 -12),2466
gev_20151209_0255,2015-12-09 02:55:00,2015-12-09 03:04:00,2015-12-09 03:15:00,B6.0,POINT(-17 -10),2466
gev_20151209_0317,2015-12-09 03:17:00,2015-12-09 03:40:00,2015-12-09 03:56:00,C1.5,POINT(-18 -12),2466
gev_20151209_0854,2015-12-09 08:54:00,2015-12-09 08:58:00,2015-12-09 09:01:00,B6.7,POINT(-13 -12),2466
gev_20151209_0919,2015-12-09 09:19:00,2015-12-09 09:24:00,2015-12-09 09:24:00,B4.7,POINT(-82 -15),2468
gev_20151209_0932,2015-12-09 09:32:00,2015-12-09 09:34:00,2015-12-09 09:38:00,B6.4,POINT(-13 -12),2466
gev_20151209_1049,2015-12-09 10:49:00,2015-12-09 11:00:00,2015-12-09 11:04:00,C1.2,POINT(-11 -12),2466
gev_20151209_1207,2015-12-09 12:07:00,2015-12-09 12:12:00,2015-12-09 12:14:00,C1.2,POINT(-11 -12),2466
gev_20151209_1219,2015-12-09 12:19:00,2015-12-09 12:22:00,2015-12-09 12:27:00,B8.3,POINT(-84 -14),2468
gev_20151209_1559,2015-12-09 15:59:00,2015-12-09 16:32:00,2015-12-09 16:40:00,B5.4,POINT(-83 -14),2468
gev_20151210_0031,2015-12-10 00:31:00,2015-12-10 00:36:00,2015-12-10 00:41:00,B5.4,POINT(-83 -14),2468
gev_20151210_0355,2015-12-10 03:55:00,2015-12-10 04:53:00,2015-12-10 05:10:00,B3.6,POINT(0 -10),2466
gev_20151210_0719,2015-12-10 07:19:00,2015-12-10 07:25:00,2015-12-10 07:32:00,B6.9,POINT(-82 -17),2468
gev_20151210_0741,2015-12-10 07:41:00,2015-12-10 07:50:00,2015-12-10 07:57:00,C3.9,POINT(-75 -12),2468
gev_20151210_1647,2015-12-10 16:47:00,2015-12-10 17:05:00,2015-12-10 17:12:00,B5.7,POINT(-31 -6),2465
gev_20151211_0029,2015-12-11 00:29:00,2015-12-11 00:36:00,2015-12-11 00:43:00,B7.8,POINT(-2 -9),2464
gev_20151211_0247,2015-12-11 02:47:00,2015-12-11 02:51:00,2015-12-11 02:55:00,B5.7,POINT(-66 -13),2468
gev_20151211_0301,2015-12-11 03:01:00,2015-12-11 03:07:00,2015-12-11 03:12:00,B8.1,POINT(-23 -5),2465
gev_20151211_0422,2015-12-11 04:22:00,2015-12-11 04:47:00,2015-12-11 05:15:00,C1.4,POINT(-75 -15),2468
gev_20151211_1110,2015-12-11 11:10:00,2015-12-11 11:16:00,2015-12-11 11:21:00,B8.8,POINT(3 -9),2464
gev_20151211_1648,2015-12-11 16:48:00,2015-12-11 16:54:00,2015-12-11 17:28:00,C5.6,POINT(-16 -6),2465
gev_20151212_0309,2015-12-12 03:09:00,2015-12-12 03:16:00,2015-12-12 03:21:00,C2.0,POINT(-81 16),2469
gev_20151212_0403,2015-12-12 04:03:00,2015-12-12 04:31:00,2015-12-12 05:06:00,C1.8,POINT(25 -13),2466
gev_20151212_0505,2015-12-12 05:05:00,2015-12-12 05:28:00,2015-12-12 05:40:00,C5.2,POINT(-82 12),2470
gev_20151212_0605,2015-12-12 06:05:00,2015-12-12 06:13:00,2015-12-12 06:22:00,C4.2,POINT(-81 11),2470
gev_20151212_0736,2015-12-12 07:36:00,2015-12-12 07:41:00,2015-12-12 07:47:00,C1.6,POINT(-81 12),2470
gev_20151212_0918,2015-12-12 09:18:00,2015-12-12 09:25:00,2015-12-12 09:32:00,C1.3,POINT(38 10),2462
gev_20151212_1139,2015-12-12 11:39:00,2015-12-12 11:45:00,2015-12-12 11:53:00,C2.1,POINT(-50 -17),2468
gev_20151212_1336,2015-12-12 13:36:00,2015-12-12 13:46:00,2015-12-12 13:57:00,C7.8,POINT(-81 11),2470
gev_20151212_1519,2015-12-12 15:19:00,2015-12-12 15:22:00,2015-12-12 15:30:00,C1.0,POINT(-81 12),2470
gev_20151212_1709,2015-12-12 17:09:00,2015-12-12 17:12:00,2015-12-12 17:16:00,B9.4,POINT(-81 12),2470
gev_20151212_1726,2015-12-12 17:26:00,2015-12-12 17:34:00,2015-12-12 17:52:00,C1.7,POINT(-2 -7),2465
gev_20151212_1809,2015-12-12 18:09:00,2015-12-12 18:17:00,2015-12-12 18:23:00,C2.8,POINT(-76 16),2470
gev_20151212_1911,2015-12-12 19:11:00,2015-12-12 19:14:00,2015-12-12 19:16:00,B6.3,POINT(-44 -17),2468
gev_20151212_1932,2015-12-12 19:32:00,2015-12-12 19:44:00,2015-12-12 20:15:00,C1.1,POINT(33 -12),2466
gev_20151213_0825,2015-12-13 08:25:00,2015-12-13 10:34:00,2015-12-13 11:28:00,C5.3,POINT(-35 -13),2468
gev_20151213_2142,2015-12-13 21:42:00,2015-12-13 21:46:00,2015-12-13 21:51:00,B7.6,POINT(-79 16),2470
gev_20151214_0006,2015-12-14 00:06:00,2015-12-14 00:14:00,2015-12-14 00:20:00,C1.0,POINT(-52 19),2469
gev_20151214_1404,2015-12-14 14:04:00,2015-12-14 14:08:00,2015-12-14 14:10:00,B7.6,POINT(-70 18),2470
gev_20151214_1431,2015-12-14 14:31:00,2015-12-14 14:41:00,2015-12-14 14:53:00,B9.0,POINT(-17 -12),2468
gev_20151214_1828,2015-12-14 18:28:00,2015-12-14 18:31:00,2015-12-14 18:33:00,B7.5,POINT(-67 17),2470
gev_20151214_2221,2015-12-14 22:21:00,2015-12-14 22:24:00,2015-12-14 22:26:00,B5.7,POINT(-64 18),2470
gev_20151215_2030,2015-12-15 20:30:00,2015-12-15 20:34:00,2015-12-15 20:42:00,B5.9,POINT(-34 17),2469
gev_20151215_2113,2015-12-15 21:13:00,2015-12-15 22:00:00,2015-12-15 22:40:00,C1.3,POINT(-3 -13),2468
gev_20151215_2133,2015-12-15 21:33:00,2015-12-15 22:00:00,2015-12-15 22:25:00,C1.2,POINT(-3 -13),2468
gev_20151216_0544,2015-12-16 05:44:00,2015-12-16 05:48:00,2015-12-16 05:53:00,B7.0,POINT(0 -17),2468
gev_20151216_0834,2015-12-16 08:34:00,2015-12-16 09:03:00,2015-12-16 09:23:00,C6.6,POINT(2 -14),2468
gev_20151216_1345,2015-12-16 13:45:00,2015-12-16 17:15:00,2015-12-16 20:15:00,B7.3,POINT(6 -17),2468
gev_20151217_0322,2015-12-17 03:22:00,2015-12-17 03:41:00,2015-12-17 03:58:00,B7.6,POINT(-30 14),2470
gev_20151217_0329,2015-12-17 03:29:00,2015-12-17 03:41:00,2015-12-17 03:51:00,B7.6,POINT(-31 14),2470
gev_20151217_0529,2015-12-17 05:29:00,2015-12-17 05:33:00,2015-12-17 05:35:00,C1.3,POINT(-32 13),2470
gev_20151217_1222,2015-12-17 12:22:00,2015-12-17 12:35:00,2015-12-17 12:49:00,C1.7,POINT(-26 13),2470
gev_20151217_1658,2015-12-17 16:58:00,2015-12-17 17:24:00,2015-12-17 17:50:00,B7.5,POINT(-13 17),2470
gev_20151217_2059,2015-12-17 20:59:00,2015-12-17 21:04:00,2015-12-17 21:10:00,B8.2,POINT(21 -18),2468
gev_20151218_0118,2015-12-18 01:18:00,2015-12-18 02:28:00,2015-12-18 02:55:00,B4.8,POINT(27 -14),2468
gev_20151218_0348,2015-12-18 03:48:00,2015-12-18 04:00:00,2015-12-18 04:12:00,C1.4,POINT(-9 20),2470
gev_20151218_0455,2015-12-18 04:55:00,2015-12-18 05:09:00,2015-12-18 05:22:00,C4.6,POINT(-8 20),2470
gev_20151218_1529,2015-12-18 15:29:00,2015-12-18 15:34:00,2015-12-18 15:38:00,B6.1,POINT(32 -18),2468
gev_20151218_2319,2015-12-18 23:19:00,2015-12-19 01:18:00,2015-12-19 01:59:00,B7.4,POINT(8 16),2469
gev_20151218_2330,2015-12-18 23:30:00,2015-12-19 00:52:00,2015-12-19 02:00:00,B7.3,POINT(7 16),2469
gev_20151219_0159,2015-12-19 01:59:00,2015-12-19 02:04:00,2015-12-19 02:08:00,C3.1,POINT(38 -18),2468
gev_20151219_0422,2015-12-19 04:22:00,2015-12-19 04:30:00,2015-12-19 04:36:00,B5.0,POINT(45 -12),2468
gev_20151219_0443,2015-12-19 04:43:00,2015-12-19 04:55:00,2015-12-19 05:07:00,B8.3,POINT(45 -14),2468
gev_20151219_0444,2015-12-19 04:44:00,2015-12-19 04:55:00,2015-12-19 05:04:00,B8.3,POINT(45 -14),2468
gev_20151219_1040,2015-12-19 10:40:00,2015-12-19 10:51:00,2015-12-19 11:01:00,C1.6,POINT(9 20),2470
gev_20151219_1236,2015-12-19 12:36:00,2015-12-19 13:26:00,2015-12-19 16:30:00,C1.7,POINT(1 16),2470
gev_20151219_1238,2015-12-19 12:38:00,2015-12-19 13:26:00,2015-12-19 13:57:00,C1.7,POINT(16 20),2469
gev_20151219_1421,2015-12-19 14:21:00,2015-12-19 15:08:00,2015-12-19 16:30:00,C1.1,POINT(2 19),2470
gev_20151219_1658,2015-12-19 16:58:00,2015-12-19 17:10:00,2015-12-19 17:24:00,C1.1,POINT(12 16),2470
gev_20151219_2149,2015-12-19 21:49:00,2015-12-19 22:28:00,2015-12-19 23:08:00,C4.5,POINT(16 18),2470
gev_20151220_0357,2015-12-20 03:57:00,2015-12-20 05:13:00,2015-12-20 05:55:00,C3.9,POINT(-81 3),2472
gev_20151220_0723,2015-12-20 07:23:00,2015-12-20 07:56:00,2015-12-20 08:24:00,C1.2,POINT(12 12),2470
gev_20151220_1026,2015-12-20 10:26:00,2015-12-20 10:38:00,2015-12-20 10:47:00,C1.2,POINT(14 15),2470
gev_20151220_1117,2015-12-20 11:17:00,2015-12-20 11:34:00,2015-12-20 11:57:00,C1.6,POINT(-81 4),2472
gev_20151220_1922,2015-12-20 19:22:00,2015-12-20 19:44:00,2015-12-20 19:58:00,C2.4,POINT(66 -15),2468
gev_20151220_2141,2015-12-20 21:41:00,2015-12-20 21:50:00,2015-12-20 22:08:00,C2.3,POINT(-82 6),2472
gev_20151220_2233,2015-12-20 22:33:00,2015-12-20 22:44:00,2015-12-20 22:56:00,C6.0,POINT(-81 1),2472
gev_20151220_2348,2015-12-20 23:48:00,2015-12-20 23:58:00,2015-12-21 00:05:00,C5.4,POINT(-81 1),2472
gev_20151221_0052,2015-12-21 00:52:00,2015-12-21 01:03:00,2015-12-21 01:11:00,M2.8,POINT(-81 1),2472
gev_20151221_0310,2015-12-21 03:10:00,2015-12-21 03:16:00,2015-12-21 03:21:00,C2.4,POINT(-81 1),2472
gev_20151221_0450,2015-12-21 04:50:00,2015-12-21 04:58:00,2015-12-21 05:04:00,C2.0,POINT(-82 5),2472
gev_20151221_0529,2015-12-21 05:29:00,2015-12-21 05:39:00,2015-12-21 05:43:00,C9.1,POINT(-81 1),2472
gev_20151221_0825,2015-12-21 08:25:00,2015-12-21 08:29:00,2015-12-21 08:31:00,C1.7,POINT(-81 2),2472
gev_20151221_0900,2015-12-21 09:00:00,2015-12-21 09:04:00,2015-12-21 09:09:00,C1.0,POINT(-81 1),2472
gev_20151221_1009,2015-12-21 10:09:00,2015-12-21 10:19:00,2015-12-21 10:32:00,M1.1,POINT(-81 1),2472
gev_20151221_1046,2015-12-21 10:46:00,2015-12-21 11:00:00,2015-12-21 11:24:00,C5.9,POINT(-81 0),2472
gev_20151221_1417,2015-12-21 14:17:00,2015-12-21 14:33:00,2015-12-21 14:48:00,C2.1,POINT(-84 -21),2473
gev_20151221_1539,2015-12-21 15:39:00,2015-12-21 16:37:00,2015-12-21 16:41:00,C1.3,POINT(-81 -21),2473
gev_20151221_1808,2015-12-21 18:08:00,2015-12-21 18:27:00,2015-12-21 18:42:00,C6.2,POINT(-84 -22),2473
gev_20151221_2223,2015-12-21 22:23:00,2015-12-21 22:26:00,2015-12-21 22:28:00,C1.1,POINT(28 14),2470
gev_20151221_2338,2015-12-21 23:38:00,2015-12-22 00:14:00,2015-12-22 00:38:00,C3.3,POINT(-82 -22),2473
gev_20151222_0041,2015-12-22 00:41:00,2015-12-22 00:56:00,2015-12-22 01:24:00,C2.9,POINT(-81 0),2472
gev_20151222_0315,2015-12-22 03:15:00,2015-12-22 03:34:00,2015-12-22 03:48:00,M1.6,POINT(-77 -22),2473
gev_20151222_1306,2015-12-22 13:06:00,2015-12-22 13:38:00,2015-12-22 13:53:00,C6.3,POINT(-74 5),2472
gev_20151222_1415,2015-12-22 14:15:00,2015-12-22 14:41:00,2015-12-22 15:00:00,C4.2,POINT(-67 -21),2473
gev_20151222_1417,2015-12-22 14:17:00,2015-12-22 14:41:00,2015-12-22 14:46:00,C4.1,POINT(-67 -21),2473
gev_20151222_1556,2015-12-22 15:56:00,2015-12-22 16:11:00,2015-12-22 17:10:00,C1.2,POINT(-71 -23),2473
gev_20151222_1817,2015-12-22 18:17:00,2015-12-22 18:32:00,2015-12-22 18:40:00,C1.4,POINT(-65 -22),2473
gev_20151223_0023,2015-12-23 00:23:00,2015-12-23 00:40:00,2015-12-23 00:52:00,M4.7,POINT(-65 -21),2473
gev_20151223_0402,2015-12-23 04:02:00,2015-12-23 04:14:00,2015-12-23 04:37:00,C7.5,POINT(-65 5),2472
gev_20151223_1737,2015-12-23 17:37:00,2015-12-23 17:44:00,2015-12-23 17:52:00,C1.3,POINT(-55 -22),2473
gev_20151224_0041,2015-12-24 00:41:00,2015-12-24 00:46:00,2015-12-24 00:50:00,C1.7,POINT(-51 2),2472
gev_20151224_0149,2015-12-24 01:49:00,2015-12-24 02:12:00,2015-12-24 02:22:00,M1.1,POINT(-50 -21),2473
gev_20151224_0342,2015-12-24 03:42:00,2015-12-24 06:16:00,2015-12-24 08:00:00,C5.9,POINT(-50 5),2472
gev_20151224_0508,2015-12-24 05:08:00,2015-12-24 06:16:00,2015-12-24 06:49:00,C5.9,POINT(-51 5),2472
gev_20151224_1046,2015-12-24 10:46:00,2015-12-24 11:07:00,2015-12-24 11:16:00,C2.0,POINT(-47 3),2472
gev_20151225_0405,2015-12-25 04:05:00,2015-12-25 05:17:00,2015-12-25 05:30:00,C1.5,POINT(-33 -20),2473
gev_20151225_0920,2015-12-25 09:20:00,2015-12-25 09:38:00,2015-12-25 10:01:00,C2.0,POINT(-35 -24),2473
gev_20151225_1233,2015-12-25 12:33:00,2015-12-25 12:45:00,2015-12-25 13:04:00,C1.0,POINT(-33 6),2472
gev_20151225_1307,2015-12-25 13:07:00,2015-12-25 13:14:00,2015-12-25 13:25:00,C1.1,POINT(-32 -23),2473
gev_20151225_1659,2015-12-25 16:59:00,2015-12-25 17:29:00,2015-12-25 17:49:00,C6.9,POINT(-30 6),2472
gev_20151225_2248,2015-12-25 22:48:00,2015-12-25 23:00:00,2015-12-25 23:14:00,C3.0,POINT(-22 -19),2473
gev_20151226_0144,2015-12-26 01:44:00,2015-12-26 01:53:00,2015-12-26 02:32:00,C1.6,POINT(-21 -20),2473
gev_20151226_0501,2015-12-26 05:01:00,2015-12-26 05:10:00,2015-12-26 05:23:00,C7.8,POINT(-19 -19),2473
gev_20151226_0948,2015-12-26 09:48:00,2015-12-26 09:53:00,2015-12-26 09:59:00,B8.3,POINT(-17 -20),2473
gev_20151226_1155,2015-12-26 11:55:00,2015-12-26 12:03:00,2015-12-26 12:16:00,C1.2,POINT(-15 -19),2473
gev_20151226_1510,2015-12-26 15:10:00,2015-12-26 15:26:00,2015-12-26 15:43:00,C4.1,POINT(-14 -20),2473
gev_20151226_1904,2015-12-26 19:04:00,2015-12-26 19:39:00,2015-12-26 20:15:00,C1.3,POINT(-15 6),2472
gev_20151227_0010,2015-12-27 00:10:00,2015-12-27 00:13:00,2015-12-27 00:15:00,B5.6,POINT(-11 -30),2473
gev_20151227_1158,2015-12-27 11:58:00,2015-12-27 12:00:00,2015-12-27 12:04:00,B9.7,POINT(5 -23),2473
gev_20151227_1859,2015-12-27 18:59:00,2015-12-27 19:10:00,2015-12-27 19:27:00,C2.8,POINT(1 1),2472
gev_20151227_2041,2015-12-27 20:41:00,2015-12-27 20:47:00,2015-12-27 20:57:00,C1.0,POINT(72 3),2470
gev_20151227_2141,2015-12-27 21:41:00,2015-12-27 21:46:00,2015-12-27 21:52:00,B9.0,POINT(-3 -20),2473
gev_20151228_0018,2015-12-28 00:18:00,2015-12-28 00:28:00,2015-12-28 00:39:00,C8.0,POINT(4 -15),2473
gev_20151228_1120,2015-12-28 11:20:00,2015-12-28 12:45:00,2015-12-28 15:00:00,M1.9,POINT(11 -23),2473
gev_20151228_1523,2015-12-28 15:23:00,2015-12-28 15:31:00,2015-12-28 15:46:00,C7.5,POINT(13 -20),2473
gev_20151228_1656,2015-12-28 16:56:00,2015-12-28 17:01:00,2015-12-28 17:03:00,C4.1,POINT(21 -20),2473
gev_20151228_2243,2015-12-28 22:43:00,2015-12-28 22:49:00,2015-12-28 22:52:00,C2.8,POINT(25 -20),2473
gev_20151229_0053,2015-12-29 00:53:00,2015-12-29 01:06:00,2015-12-29 01:26:00,C1.4,POINT(18 -20),2473
gev_20151229_1011,2015-12-29 10:11:00,2015-12-29 10:32:00,2015-12-29 10:43:00,C6.8,POINT(23 -19),2473
gev_20151229_1531,2015-12-29 15:31:00,2015-12-29 15:36:00,2015-12-29 15:44:00,B8.3,POINT(26 -19),2473
gev_20151229_1751,2015-12-29 17:51:00,2015-12-29 17:59:00,2015-12-29 18:11:00,C1.5,POINT(28 -19),2473
gev_20151229_2007,2015-12-29 20:07:00,2015-12-29 20:19:00,2015-12-29 20:34:00,C2.5,POINT(29 -19),2473
gev_20151230_0606,2015-12-30 06:06:00,2015-12-30 06:13:00,2015-12-30 06:19:00,B9.3,POINT(37 -18),2473
gev_20151230_1339,2015-12-30 13:39:00,2015-12-30 14:17:00,2015-12-30 14:44:00,B9.1,POINT(41 -18),2473
gev_20151230_1348,2015-12-30 13:48:00,2015-12-30 14:17:00,2015-12-30 14:50:00,B9.2,POINT(41 -18),2473
gev_20151230_1815,2015-12-30 18:15:00,2015-12-30 18:18:00,2015-12-30 18:22:00,B5.9,POINT(49 -20),2473
gev_20151230_1859,2015-12-30 18:59:00,2015-12-30 19:05:00,2015-12-30 19:07:00,C1.1,POINT(50 -22),2473
gev_20151230_1918,2015-12-30 19:18:00,2015-12-30 20:07:00,2015-12-30 20:14:00,B7.0,POINT(39 -24),2473
gev_20151230_2239,2015-12-30 22:39:00,2015-12-30 22:45:00,2015-12-30 22:48:00,C4.3,POINT(40 -24),2473
gev_20151231_0214,2015-12-31 02:14:00,2015-12-31 02:18:00,2015-12-31 02:22:00,B5.2,POINT(43 -23),2473
gev_20151231_0320,2015-12-31 03:20:00,2015-12-31 03:23:00,2015-12-31 03:25:00,B4.5,POINT(50 -20),2473
gev_20151231_0823,2015-12-31 08:23:00,2015-12-31 08:29:00,2015-12-31 08:33:00,B5.8,POINT(58 -20),2473
gev_20151231_1319,2015-12-31 13:19:00,2015-12-31 13:26:00,2015-12-31 13:29:00,B7.4,POINT(61 -20),2473
gev_20151231_1719,2015-12-31 17:19:00,2015-12-31 17:24:00,2015-12-31 17:28:00,C1.4,POINT(63 -20),2473
gev_20151231_1957,2015-12-31 19:57:00,2015-12-31 20:11:00,2015-12-31 20:15:00,C1.6,POINT(65 -20),2473
gev_20151231_2300,2015-12-31 23:00:00,2015-12-31 23:05:00,2015-12-31 23:11:00,B6.1,POINT(55 -20),2473
gev_20151231_2314,2015-12-31 23:14:00,2015-12-31 23:21:00,2015-12-31 23:29:00,B6.7,POINT(40 20),0
