gev_20110114_1541,2011-01-14 15:41:00,2011-01-14 15:51:00,2011-01-14 15:57:00,B2.2,POINT(25.0 14.0),1145
gev_20110114_1703,2011-01-14 17:03:00,2011-01-14 17:09:00,2011-01-14 17:09:00,B2.2,POINT(-20.0 25.0),0
gev_20110114_1818,2011-01-14 18:18:00,2011-01-14 18:24:00,2011-01-14 18:27:00,B1.8,POINT(1.0 22.0),1146
gev_20110114_2237,2011-01-14 22:37:00,2011-01-14 22:58:00,2011-01-14 23:18:00,B1.8,POINT(-87.0 23.0),1147
gev_20110115_0004,2011-01-15 00:04:00,2011-01-15 00:14:00,2011-01-15 00:31:00,B2.7,POINT(-87.0 23.0),1147
gev_20110115_0557,2011-01-15 05:57:00,2011-01-15 06:01:00,2011-01-15 06:05:00,B2.3,POINT(-87.0 23.0),1147
gev_20110115_0612,2011-01-15 06:12:00,2011-01-15 06:16:00,2011-01-15 06:18:00,B2.6,POINT(-87.0 22.0),1147
gev_20110115_0637,2011-01-15 06:37:00,2011-01-15 06:41:00,2011-01-15 06:44:00,B4.1,POINT(-87.0 23.0),1147
gev_20110115_0802,2011-01-15 08:02:00,2011-01-15 08:06:00,2011-01-15 08:09:00,B3.0,POINT(-87.0 22.0),1147
gev_20110115_0936,2011-01-15 09:36:00,2011-01-15 09:39:00,2011-01-15 09:42:00,B3.7,POINT(-87.0 21.0),1147
gev_20110115_1025,2011-01-15 10:25:00,2011-01-15 10:28:00,2011-01-15 10:32:00,B2.8,POINT(-87.0 23.0),1147
gev_20110115_1222,2011-01-15 12:22:00,2011-01-15 12:25:00,2011-01-15 12:25:00,B2.2,POINT(-87.0 24.0),1147
gev_20110115_1328,2011-01-15 13:28:00,2011-01-15 13:36:00,2011-01-15 13:39:00,B2.3,POINT(-87.0 23.0),1147
gev_20110115_1413,2011-01-15 14:13:00,2011-01-15 14:19:00,2011-01-15 14:23:00,C1.1,POINT(-87.0 23.0),0
gev_20110115_1744,2011-01-15 17:44:00,2011-01-15 18:09:00,2011-01-15 18:22:00,B1.7,POINT(-81.0 22.0),0
gev_20110115_2109,2011-01-15 21:09:00,2011-01-15 21:15:00,2011-01-15 21:20:00,B2.7,POINT(-77.0 23.0),0
gev_20110115_2232,2011-01-15 22:32:00,2011-01-15 22:38:00,2011-01-15 22:45:00,B3.3,POINT(-82.0 26.0),0
gev_20110115_2343,2011-01-15 23:43:00,2011-01-15 23:48:00,2011-01-15 23:52:00,B5.7,POINT(-78.0 22.0),0
gev_20110116_1039,2011-01-16 10:39:00,2011-01-16 10:48:00,2011-01-16 11:11:00,B1.4,POINT(-73.0 22.0),0
gev_20110116_1237,2011-01-16 12:37:00,2011-01-16 12:41:00,2011-01-16 12:41:00,B1.5,POINT(-72.0 24.0),0
gev_20110116_1541,2011-01-16 15:41:00,2011-01-16 15:44:00,2011-01-16 15:46:00,B2.4,POINT(-67.0 21.0),0
gev_20110116_1841,2011-01-16 18:41:00,2011-01-16 18:45:00,2011-01-16 18:45:00,B1.6,POINT(-70.0 24.0),1147
gev_20110117_0326,2011-01-17 03:26:00,2011-01-17 03:29:00,2011-01-17 03:32:00,B1.1,POINT(-65.0 24.0),1147
gev_20110117_0626,2011-01-17 06:26:00,2011-01-17 06:34:00,2011-01-17 06:34:00,B4.1,POINT(-63.0 24.0),1147
gev_20110117_0940,2011-01-17 09:40:00,2011-01-17 09:44:00,2011-01-17 09:44:00,B1.5,POINT(-56.0 23.0),1147
gev_20110117_1153,2011-01-17 11:53:00,2011-01-17 12:00:00,2011-01-17 12:00:00,B3.4,POINT(-57.0 23.0),1147
gev_20110117_1249,2011-01-17 12:49:00,2011-01-17 12:55:00,2011-01-17 12:55:00,B2.9,POINT(-58.0 24.0),1147
gev_20110117_1315,2011-01-17 13:15:00,2011-01-17 13:19:00,2011-01-17 13:21:00,B2.6,POINT(-58.0 24.0),1147
gev_20110117_1709,2011-01-17 17:09:00,2011-01-17 17:20:00,2011-01-17 17:28:00,B2.2,POINT(-53.0 23.0),1147
gev_20110117_1835,2011-01-17 18:35:00,2011-01-17 18:56:00,2011-01-17 19:09:00,B1.7,POINT(-54.0 24.0),1147
gev_20110117_2026,2011-01-17 20:26:00,2011-01-17 20:29:00,2011-01-17 20:32:00,B1.4,POINT(-55.0 26.0),1147
gev_20110117_2145,2011-01-17 21:45:00,2011-01-17 21:51:00,2011-01-17 22:00:00,B5.9,POINT(-55.0 24.0),1147
gev_20110117_2324,2011-01-17 23:24:00,2011-01-17 23:29:00,2011-01-17 23:32:00,B1.1,POINT(-51.0 24.0),1147
gev_20110118_0127,2011-01-18 01:27:00,2011-01-18 01:44:00,2011-01-18 01:54:00,B2.0,POINT(-48.0 23.0),1147
gev_20110118_0225,2011-01-18 02:25:00,2011-01-18 02:28:00,2011-01-18 02:31:00,B1.9,POINT(-50.0 23.0),1147
gev_20110118_0312,2011-01-18 03:12:00,2011-01-18 03:56:00,2011-01-18 04:35:00,B1.9,POINT(-52.0 31.0),0
gev_20110118_0313,2011-01-18 03:13:00,2011-01-18 03:56:00,2011-01-18 04:22:00,B1.8,POINT(88.0 15.0),0
gev_20110119_0109,2011-01-19 01:09:00,2011-01-19 01:21:00,2011-01-19 01:27:00,B1.1,POINT(-53.0 -35.0),0
gev_20110119_0217,2011-01-19 02:17:00,2011-01-19 02:23:00,2011-01-19 02:23:00,B1.4,POINT(-38.0 24.0),1147
gev_20110119_0844,2011-01-19 08:44:00,2011-01-19 08:47:00,2011-01-19 08:47:00,B1.0,POINT(-32.0 25.0),1147
gev_20110119_2336,2011-01-19 23:36:00,2011-01-19 23:43:00,2011-01-19 23:47:00,B2.5,POINT(-25.0 25.0),1147
gev_20110120_1450,2011-01-20 14:50:00,2011-01-20 14:57:00,2011-01-20 15:01:00,B4.2,POINT(-20.0 24.0),1147
gev_20110120_2021,2011-01-20 20:21:00,2011-01-20 20:27:00,2011-01-20 20:31:00,B1.1,POINT(-11.0 18.0),1149
gev_20110120_2257,2011-01-20 22:57:00,2011-01-20 23:03:00,2011-01-20 23:06:00,B2.9,POINT(-9.0 18.0),1149
gev_20110120_2349,2011-01-20 23:49:00,2011-01-20 23:55:00,2011-01-20 23:58:00,B2.4,POINT(-8.0 17.0),1149
gev_20110121_0232,2011-01-21 02:32:00,2011-01-21 02:38:00,2011-01-21 02:38:00,B2.7,POINT(-7.0 17.0),1149
gev_20110121_0412,2011-01-21 04:12:00,2011-01-21 04:17:00,2011-01-21 04:20:00,C3.3,POINT(-6.0 18.0),1149
gev_20110121_0650,2011-01-21 06:50:00,2011-01-21 07:01:00,2011-01-21 07:10:00,B9.5,POINT(-4.0 17.0),1149
gev_20110121_0951,2011-01-21 09:51:00,2011-01-21 09:57:00,2011-01-21 09:57:00,B4.5,POINT(-2.0 18.0),1149
gev_20110121_1044,2011-01-21 10:44:00,2011-01-21 10:55:00,2011-01-21 10:55:00,B4.5,POINT(-2.0 21.0),1147
gev_20110121_1150,2011-01-21 11:50:00,2011-01-21 11:53:00,2011-01-21 11:55:00,B3.9,POINT(-0.0 17.0),1149
gev_20110121_1205,2011-01-21 12:05:00,2011-01-21 12:15:00,2011-01-21 12:20:00,C1.0,POINT(-1.0 18.0),1149
gev_20110121_1424,2011-01-21 14:24:00,2011-01-21 14:38:00,2011-01-21 14:38:00,C1.4,POINT(0.0 18.0),1149
gev_20110121_1517,2011-01-21 15:17:00,2011-01-21 15:21:00,2011-01-21 15:25:00,C1.1,POINT(-6.0 24.0),0
gev_20110121_1638,2011-01-21 16:38:00,2011-01-21 16:46:00,2011-01-21 16:46:00,B5.2,POINT(-0.0 18.0),0
gev_20110121_1857,2011-01-21 18:57:00,2011-01-21 19:10:00,2011-01-21 19:30:00,C1.1,POINT(-9.0 -85.0),0
gev_20110121_2014,2011-01-21 20:14:00,2011-01-21 20:18:00,2011-01-21 20:18:00,B5.9,POINT(3.0 16.0),1149
gev_20110121_2326,2011-01-21 23:26:00,2011-01-21 23:36:00,2011-01-21 23:40:00,B3.2,POINT(3.0 17.0),0
gev_20110122_0109,2011-01-22 01:09:00,2011-01-22 01:14:00,2011-01-22 01:26:00,B1.7,POINT(89.0 -27.0),1148
gev_20110122_0156,2011-01-22 01:56:00,2011-01-22 02:00:00,2011-01-22 02:06:00,B1.5,POINT(7.0 17.0),1149
gev_20110122_0625,2011-01-22 06:25:00,2011-01-22 06:28:00,2011-01-22 06:28:00,B1.4,POINT(9.0 16.0),1149
gev_20110122_0801,2011-01-22 08:01:00,2011-01-22 08:28:00,2011-01-22 08:48:00,C2.4,POINT(9.0 16.0),1149
gev_20110122_1132,2011-01-22 11:32:00,2011-01-22 11:38:00,2011-01-22 11:38:00,B3.7,POINT(11.0 16.0),1149
gev_20110122_1313,2011-01-22 13:13:00,2011-01-22 13:21:00,2011-01-22 13:33:00,B4.3,POINT(12.0 15.0),1149
gev_20110122_1907,2011-01-22 19:07:00,2011-01-22 19:10:00,2011-01-22 19:17:00,B1.7,POINT(15.0 17.0),1149
gev_20110122_2214,2011-01-22 22:14:00,2011-01-22 22:26:00,2011-01-22 22:40:00,B2.3,POINT(16.0 17.0),1149
gev_20110123_0110,2011-01-23 01:10:00,2011-01-23 01:13:00,2011-01-23 01:15:00,B2.3,POINT(23.0 24.0),1147
gev_20110123_0940,2011-01-23 09:40:00,2011-01-23 09:53:00,2011-01-23 09:53:00,B2.6,POINT(22.0 17.0),0
gev_20110123_1150,2011-01-23 11:50:00,2011-01-23 11:53:00,2011-01-23 12:00:00,B2.0,POINT(21.0 17.0),0
gev_20110123_1225,2011-01-23 12:25:00,2011-01-23 12:29:00,2011-01-23 12:32:00,B1.4,POINT(24.0 16.0),0
gev_20110123_1809,2011-01-23 18:09:00,2011-01-23 18:20:00,2011-01-23 18:33:00,B2.8,POINT(55.0 23.0),0
gev_20110123_2345,2011-01-23 23:45:00,2011-01-23 23:50:00,2011-01-23 23:54:00,B1.6,POINT(27.0 25.0),1147
gev_20110124_0049,2011-01-24 00:49:00,2011-01-24 00:53:00,2011-01-24 00:57:00,B2.2,POINT(25.0 25.0),1147
gev_20110124_0130,2011-01-24 01:30:00,2011-01-24 01:33:00,2011-01-24 01:35:00,B1.0,POINT(30.0 18.0),0
gev_20110124_0330,2011-01-24 03:30:00,2011-01-24 03:35:00,2011-01-24 03:41:00,B2.1,POINT(31.0 17.0),0
gev_20110124_0556,2011-01-24 05:56:00,2011-01-24 06:15:00,2011-01-24 06:32:00,C1.4,POINT(38.0 17.0),1149
gev_20110124_0951,2011-01-24 09:51:00,2011-01-24 09:54:00,2011-01-24 09:54:00,B2.3,POINT(36.0 17.0),0
gev_20110124_1056,2011-01-24 10:56:00,2011-01-24 11:07:00,2011-01-24 11:13:00,B1.4,POINT(29.0 23.0),0
gev_20110125_0325,2011-01-25 03:25:00,2011-01-25 03:28:00,2011-01-25 03:31:00,B1.0,POINT(47.0 16.0),0
gev_20110126_0031,2011-01-26 00:31:00,2011-01-26 00:37:00,2011-01-26 00:37:00,B1.5,POINT(58.0 17.0),1149
gev_20110126_0207,2011-01-26 02:07:00,2011-01-26 02:11:00,2011-01-26 02:14:00,B3.2,POINT(58.0 16.0),1149
gev_20110126_0402,2011-01-26 04:02:00,2011-01-26 04:06:00,2011-01-26 04:06:00,B2.3,POINT(60.0 17.0),1149
gev_20110126_0651,2011-01-26 06:51:00,2011-01-26 06:57:00,2011-01-26 06:57:00,B1.8,POINT(61.0 16.0),1149
gev_20110126_0854,2011-01-26 08:54:00,2011-01-26 08:57:00,2011-01-26 08:57:00,B1.1,POINT(65.0 16.0),1149
gev_20110126_1514,2011-01-26 15:14:00,2011-01-26 15:18:00,2011-01-26 15:21:00,B2.0,POINT(72.0 14.0),1149
gev_20110126_1701,2011-01-26 17:01:00,2011-01-26 17:03:00,2011-01-26 17:06:00,A9.5,POINT(-88.0 -19.0),1150
gev_20110126_1914,2011-01-26 19:14:00,2011-01-26 19:18:00,2011-01-26 19:18:00,B1.3,POINT(-87.0 -22.0),1150
gev_20110126_2119,2011-01-26 21:19:00,2011-01-26 21:22:00,2011-01-26 21:24:00,B1.0,POINT(-88.0 -19.0),1150
gev_20110126_2143,2011-01-26 21:43:00,2011-01-26 21:47:00,2011-01-26 21:47:00,B2.7,POINT(74.0 11.0),1149
gev_20110126_2202,2011-01-26 22:02:00,2011-01-26 22:09:00,2011-01-26 22:12:00,B3.2,POINT(76.0 14.0),1149
gev_20110127_0200,2011-01-27 02:00:00,2011-01-27 02:13:00,2011-01-27 02:26:00,B4.3,POINT(75.0 17.0),1149
gev_20110127_0645,2011-01-27 06:45:00,2011-01-27 06:48:00,2011-01-27 06:53:00,B1.1,POINT(88.0 15.0),0
gev_20110127_0840,2011-01-27 08:40:00,2011-01-27 08:50:00,2011-01-27 08:53:00,B6.6,POINT(84.0 10.0),0
gev_20110127_1105,2011-01-27 11:05:00,2011-01-27 11:16:00,2011-01-27 11:22:00,B1.6,POINT(84.0 14.0),0
gev_20110127_1153,2011-01-27 11:53:00,2011-01-27 12:01:00,2011-01-27 12:05:00,C1.2,POINT(87.0 12.0),0
gev_20110127_1213,2011-01-27 12:13:00,2011-01-27 12:18:00,2011-01-27 12:18:00,B1.9,POINT(88.0 15.0),1149
gev_20110128_0044,2011-01-28 00:44:00,2011-01-28 01:03:00,2011-01-28 02:45:00,M1.4,POINT(88.0 16.0),1149
gev_20110128_0331,2011-01-28 03:31:00,2011-01-28 03:36:00,2011-01-28 03:36:00,B5.2,POINT(-73.0 -21.0),1150
gev_20110128_0402,2011-01-28 04:02:00,2011-01-28 04:25:00,2011-01-28 04:35:00,C1.5,POINT(88.0 14.0),1149
gev_20110128_1005,2011-01-28 10:05:00,2011-01-28 10:22:00,2011-01-28 10:30:00,C1.5,POINT(-81.0 -20.0),1150
gev_20110128_1344,2011-01-28 13:44:00,2011-01-28 13:48:00,2011-01-28 13:48:00,B1.6,POINT(-71.0 -20.0),1150
gev_20110128_1609,2011-01-28 16:09:00,2011-01-28 16:14:00,2011-01-28 16:14:00,B2.4,POINT(-68.0 -21.0),1150
gev_20110128_1752,2011-01-28 17:52:00,2011-01-28 17:57:00,2011-01-28 17:57:00,B6.2,POINT(-67.0 -20.0),1150
gev_20110129_0328,2011-01-29 03:28:00,2011-01-29 03:36:00,2011-01-29 03:36:00,B6.7,POINT(-63.0 -20.0),0
gev_20110129_0758,2011-01-29 07:58:00,2011-01-29 08:03:00,2011-01-29 08:07:00,B1.4,POINT(-73.0 34.0),0
gev_20110129_1147,2011-01-29 11:47:00,2011-01-29 11:57:00,2011-01-29 11:57:00,B7.3,POINT(-59.0 -20.0),0
gev_20110129_1627,2011-01-29 16:27:00,2011-01-29 16:32:00,2011-01-29 16:36:00,B1.8,POINT(-55.0 -20.0),0
gev_20110129_1653,2011-01-29 16:53:00,2011-01-29 16:58:00,2011-01-29 17:00:00,B2.8,POINT(-55.0 -20.0),0
gev_20110130_1201,2011-01-30 12:01:00,2011-01-30 12:58:00,2011-01-30 13:31:00,B1.3,POINT(88.0 10.0),1151
gev_20110130_1755,2011-01-30 17:55:00,2011-01-30 18:36:00,2011-01-30 19:09:00,B2.3,POINT(-62.0 32.0),0
gev_20110131_0210,2011-01-31 02:10:00,2011-01-31 02:14:00,2011-01-31 02:14:00,B1.0,POINT(-40.0 -22.0),1150
gev_20110131_0612,2011-01-31 06:12:00,2011-01-31 06:19:00,2011-01-31 06:19:00,B1.3,POINT(-35.0 -22.0),1150
gev_20110131_1351,2011-01-31 13:51:00,2011-01-31 14:06:00,2011-01-31 14:22:00,B1.7,POINT(-33.0 -22.0),1150
gev_20110131_1901,2011-01-31 19:01:00,2011-01-31 19:05:00,2011-01-31 19:08:00,B1.0,POINT(-27.0 -19.0),1150
gev_20110131_1957,2011-01-31 19:57:00,2011-01-31 20:01:00,2011-01-31 20:04:00,B1.5,POINT(-27.0 -19.0),1150
gev_20110201_0009,2011-02-01 00:09:00,2011-02-01 00:13:00,2011-02-01 00:17:00,B3.0,POINT(-25.0 -20.0),1150
gev_20110201_0548,2011-02-01 05:48:00,2011-02-01 05:54:00,2011-02-01 05:54:00,B1.8,POINT(-23.0 -20.0),1150
gev_20110201_1227,2011-02-01 12:27:00,2011-02-01 12:31:00,2011-02-01 12:33:00,B1.4,POINT(-22.0 -24.0),1150
gev_20110201_2306,2011-02-01 23:06:00,2011-02-01 23:42:00,2011-02-01 23:58:00,B4.5,POINT(-10.0 -19.0),1150
gev_20110202_0027,2011-02-02 00:27:00,2011-02-02 00:35:00,2011-02-02 00:35:00,B4.1,POINT(-10.0 -19.0),1150
gev_20110202_0244,2011-02-02 02:44:00,2011-02-02 02:48:00,2011-02-02 03:15:00,B1.1,POINT(-7.0 -17.0),1150
gev_20110202_0614,2011-02-02 06:14:00,2011-02-02 06:20:00,2011-02-02 06:28:00,B4.1,POINT(-9.0 -21.0),1150
gev_20110202_1020,2011-02-02 10:20:00,2011-02-02 10:29:00,2011-02-02 10:29:00,B2.0,POINT(-7.0 -20.0),1150
gev_20110203_0551,2011-02-03 05:51:00,2011-02-03 05:56:00,2011-02-03 06:02:00,B2.6,POINT(7.0 -19.0),1150
gev_20110203_1728,2011-02-03 17:28:00,2011-02-03 17:35:00,2011-02-03 17:35:00,B2.0,POINT(-13.0 -17.0),1152
gev_20110204_0137,2011-02-04 01:37:00,2011-02-04 01:43:00,2011-02-04 01:43:00,B2.0,POINT(-9.0 -17.0),1152
gev_20110204_0359,2011-02-04 03:59:00,2011-02-04 04:10:00,2011-02-04 04:15:00,B1.1,POINT(-7.0 -18.0),1152
gev_20110204_0729,2011-02-04 07:29:00,2011-02-04 07:40:00,2011-02-04 07:49:00,B2.7,POINT(-5.0 -18.0),1152
gev_20110204_1213,2011-02-04 12:13:00,2011-02-04 12:20:00,2011-02-04 12:26:00,B9.5,POINT(-3.0 -18.0),1152
gev_20110204_1730,2011-02-04 17:30:00,2011-02-04 17:36:00,2011-02-04 17:36:00,B1.3,POINT(-0.0 -18.0),1152
gev_20110204_1930,2011-02-04 19:30:00,2011-02-04 19:39:00,2011-02-04 19:39:00,B6.9,POINT(1.0 -17.0),1152
gev_20110205_0003,2011-02-05 00:03:00,2011-02-05 00:07:00,2011-02-05 00:11:00,B3.6,POINT(2.0 -18.0),0
gev_20110207_1017,2011-02-07 10:17:00,2011-02-07 10:20:00,2011-02-07 10:22:00,B1.0,POINT(52.0 16.0),0
gev_20110207_1331,2011-02-07 13:31:00,2011-02-07 13:35:00,2011-02-07 13:37:00,B1.9,POINT(52.0 16.0),0
gev_20110207_2124,2011-02-07 21:24:00,2011-02-07 21:29:00,2011-02-07 21:29:00,B1.3,POINT(59.0 16.0),0
gev_20110208_0155,2011-02-08 01:55:00,2011-02-08 01:59:00,2011-02-08 02:01:00,B2.0,POINT(61.0 15.0),0
gev_20110208_0648,2011-02-08 06:48:00,2011-02-08 06:57:00,2011-02-08 06:57:00,B1.9,POINT(59.0 16.0),0
gev_20110208_0817,2011-02-08 08:17:00,2011-02-08 08:22:00,2011-02-08 08:26:00,B1.9,POINT(62.0 16.0),0
gev_20110208_0910,2011-02-08 09:10:00,2011-02-08 09:15:00,2011-02-08 09:17:00,B2.4,POINT(64.0 16.0),0
gev_20110208_1028,2011-02-08 10:28:00,2011-02-08 10:31:00,2011-02-08 10:35:00,B1.6,POINT(65.0 15.0),0
gev_20110208_1134,2011-02-08 11:34:00,2011-02-08 11:40:00,2011-02-08 11:44:00,B1.9,POINT(67.0 13.0),0
gev_20110208_1444,2011-02-08 14:44:00,2011-02-08 14:49:00,2011-02-08 14:52:00,B5.0,POINT(67.0 16.0),0
gev_20110208_1846,2011-02-08 18:46:00,2011-02-08 18:54:00,2011-02-08 18:56:00,C1.0,POINT(66.0 16.0),0
gev_20110208_2106,2011-02-08 21:06:00,2011-02-08 21:12:00,2011-02-08 21:14:00,C4.0,POINT(69.0 16.0),0
gev_20110209_0008,2011-02-09 00:08:00,2011-02-09 00:13:00,2011-02-09 00:13:00,C1.1,POINT(69.0 16.0),0
gev_20110209_0123,2011-02-09 01:23:00,2011-02-09 01:31:00,2011-02-09 01:35:00,M1.9,POINT(70.0 16.0),0
gev_20110209_0542,2011-02-09 05:42:00,2011-02-09 05:47:00,2011-02-09 05:47:00,B4.3,POINT(-34.0 21.0),0
gev_20110209_0723,2011-02-09 07:23:00,2011-02-09 07:28:00,2011-02-09 07:30:00,B3.2,POINT(75.0 16.0),0
gev_20110209_1015,2011-02-09 10:15:00,2011-02-09 10:19:00,2011-02-09 10:23:00,B5.4,POINT(-31.0 21.0),0
gev_20110209_1619,2011-02-09 16:19:00,2011-02-09 16:27:00,2011-02-09 16:27:00,B8.6,POINT(82.0 17.0),0
gev_20110209_1859,2011-02-09 18:59:00,2011-02-09 19:05:00,2011-02-09 19:08:00,B2.6,POINT(85.0 17.0),0
gev_20110209_1957,2011-02-09 19:57:00,2011-02-09 20:04:00,2011-02-09 20:11:00,B2.9,POINT(-24.0 20.0),0
gev_20110209_2207,2011-02-09 22:07:00,2011-02-09 22:11:00,2011-02-09 22:13:00,B3.3,POINT(80.0 16.0),0
gev_20110209_2254,2011-02-09 22:54:00,2011-02-09 23:03:00,2011-02-09 23:03:00,B7.9,POINT(85.0 16.0),0
gev_20110210_0000,2011-02-10 00:00:00,2011-02-10 00:11:00,2011-02-10 00:16:00,B6.3,POINT(79.0 16.0),0
gev_20110210_0329,2011-02-10 03:29:00,2011-02-10 03:32:00,2011-02-10 03:36:00,B5.4,POINT(88.0 13.0),1153
gev_20110210_0439,2011-02-10 04:39:00,2011-02-10 04:43:00,2011-02-10 04:48:00,B6.0,POINT(87.0 21.0),0
gev_20110210_0619,2011-02-10 06:19:00,2011-02-10 06:40:00,2011-02-10 06:50:00,C1.9,POINT(87.0 16.0),0
gev_20110210_0620,2011-02-10 06:20:00,2011-02-10 06:40:00,2011-02-10 06:46:00,C1.9,POINT(87.0 16.0),0
gev_20110210_0655,2011-02-10 06:55:00,2011-02-10 06:58:00,2011-02-10 07:25:00,C2.1,POINT(87.0 18.0),0
gev_20110210_0924,2011-02-10 09:24:00,2011-02-10 09:28:00,2011-02-10 09:33:00,B4.4,POINT(-17.0 -19.0),1156
gev_20110210_1228,2011-02-10 12:28:00,2011-02-10 12:34:00,2011-02-10 12:40:00,C4.7,POINT(87.0 16.0),0
gev_20110210_1333,2011-02-10 13:33:00,2011-02-10 13:45:00,2011-02-10 13:52:00,C2.6,POINT(87.0 16.0),0
gev_20110210_1438,2011-02-10 14:38:00,2011-02-10 14:42:00,2011-02-10 14:47:00,B6.7,POINT(87.0 16.0),0
gev_20110210_2049,2011-02-10 20:49:00,2011-02-10 20:53:00,2011-02-10 20:57:00,B5.3,POINT(-9.0 -20.0),1156
gev_20110211_0356,2011-02-11 03:56:00,2011-02-11 04:01:00,2011-02-11 04:07:00,B3.1,POINT(87.0 17.0),0
gev_20110211_0758,2011-02-11 07:58:00,2011-02-11 08:00:00,2011-02-11 08:13:00,B9.0,POINT(87.0 17.0),0
gev_20110211_2131,2011-02-11 21:31:00,2011-02-11 21:57:00,2011-02-11 21:57:00,B8.2,POINT(-88.0 12.0),0
gev_20110211_2305,2011-02-11 23:05:00,2011-02-11 23:12:00,2011-02-11 23:19:00,B9.6,POINT(-30.0 -21.0),1158
gev_20110212_0059,2011-02-12 00:59:00,2011-02-12 01:00:00,2011-02-12 01:10:00,B8.6,POINT(-86.0 25.0),0
gev_20110212_0239,2011-02-12 02:39:00,2011-02-12 02:45:00,2011-02-12 02:46:00,B5.2,POINT(-88.0 9.0),0
gev_20110212_0413,2011-02-12 04:13:00,2011-02-12 04:16:00,2011-02-12 04:21:00,B3.8,POINT(3.0 20.0),1157
gev_20110212_0642,2011-02-12 06:42:00,2011-02-12 06:47:00,2011-02-12 07:03:00,B3.0,POINT(6.0 19.0),0
gev_20110212_1047,2011-02-12 10:47:00,2011-02-12 10:51:00,2011-02-12 10:59:00,B2.3,POINT(8.0 20.0),0
gev_20110212_1146,2011-02-12 11:46:00,2011-02-12 12:22:00,2011-02-12 13:11:00,B2.1,POINT(-88.0 11.0),1161
gev_20110212_1147,2011-02-12 11:47:00,2011-02-12 11:54:00,2011-02-12 11:57:00,B1.0,POINT(-88.0 12.0),1161
gev_20110212_1430,2011-02-12 14:30:00,2011-02-12 15:00:00,2011-02-12 15:06:00,C2.6,POINT(-20.0 18.0),1159
gev_20110212_1617,2011-02-12 16:17:00,2011-02-12 16:20:00,2011-02-12 16:22:00,B1.2,POINT(10.0 19.0),1157
gev_20110212_1726,2011-02-12 17:26:00,2011-02-12 17:33:00,2011-02-12 17:41:00,B5.6,POINT(-88.0 11.0),1161
gev_20110212_1821,2011-02-12 18:21:00,2011-02-12 18:26:00,2011-02-12 18:26:00,B4.7,POINT(-19.0 19.0),1159
gev_20110212_1913,2011-02-12 19:13:00,2011-02-12 19:17:00,2011-02-12 19:21:00,B5.8,POINT(-18.0 18.0),1159
gev_20110212_1955,2011-02-12 19:55:00,2011-02-12 19:58:00,2011-02-12 20:02:00,B1.7,POINT(-88.0 12.0),0
gev_20110212_2023,2011-02-12 20:23:00,2011-02-12 20:36:00,2011-02-12 20:50:00,B8.9,POINT(-88.0 11.0),1161
gev_20110213_0036,2011-02-13 00:36:00,2011-02-13 00:42:00,2011-02-13 00:47:00,B8.5,POINT(-14.0 18.0),1159
gev_20110213_0327,2011-02-13 03:27:00,2011-02-13 03:31:00,2011-02-13 03:37:00,B5.6,POINT(-10.0 -17.0),1158
gev_20110213_0559,2011-02-13 05:59:00,2011-02-13 06:10:00,2011-02-13 06:40:00,B3.2,POINT(-11.0 18.0),1159
gev_20110213_0725,2011-02-13 07:25:00,2011-02-13 07:29:00,2011-02-13 07:32:00,C1.4,POINT(-83.0 11.0),1161
gev_20110213_1148,2011-02-13 11:48:00,2011-02-13 11:53:00,2011-02-13 11:57:00,B5.4,POINT(-6.0 -20.0),1158
gev_20110213_1229,2011-02-13 12:29:00,2011-02-13 12:36:00,2011-02-13 12:46:00,C1.1,POINT(-6.0 -20.0),1158
gev_20110213_1344,2011-02-13 13:44:00,2011-02-13 13:45:00,2011-02-13 13:56:00,C4.7,POINT(-7.0 -20.0),1158
gev_20110213_1728,2011-02-13 17:28:00,2011-02-13 17:38:00,2011-02-13 17:47:00,M6.6,POINT(-5.0 -20.0),1158
gev_20110213_2042,2011-02-13 20:42:00,2011-02-13 20:45:00,2011-02-13 20:47:00,B4.8,POINT(-6.0 17.0),1159
gev_20110213_2117,2011-02-13 21:17:00,2011-02-13 21:20:00,2011-02-13 21:22:00,C1.1,POINT(-0.0 -19.0),1158
gev_20110213_2126,2011-02-13 21:26:00,2011-02-13 21:29:00,2011-02-13 21:31:00,B5.1,POINT(-7.0 -20.0),0
gev_20110214_0131,2011-02-14 01:31:00,2011-02-14 01:37:00,2011-02-14 01:48:00,B9.3,POINT(-0.0 -20.0),1158
gev_20110214_0235,2011-02-14 02:35:00,2011-02-14 02:42:00,2011-02-14 02:46:00,C1.6,POINT(-4.0 -20.0),0
gev_20110214_0324,2011-02-14 03:24:00,2011-02-14 04:48:00,2011-02-14 05:08:00,C7.1,POINT(0.0 -20.0),1158
gev_20110214_0429,2011-02-14 04:29:00,2011-02-14 04:49:00,2011-02-14 05:09:00,C8.3,POINT(0.0 -20.0),1158
gev_20110214_0651,2011-02-14 06:51:00,2011-02-14 06:58:00,2011-02-14 07:03:00,C6.6,POINT(-1.0 -20.0),0
gev_20110214_0839,2011-02-14 08:39:00,2011-02-14 08:49:00,2011-02-14 09:04:00,C1.8,POINT(1.0 -20.0),0
gev_20110214_1151,2011-02-14 11:51:00,2011-02-14 12:00:00,2011-02-14 12:26:00,C1.7,POINT(0.0 -20.0),0
gev_20110214_1241,2011-02-14 12:41:00,2011-02-14 12:45:00,2011-02-14 12:58:00,C9.4,POINT(1.0 -20.0),0
gev_20110214_1345,2011-02-14 13:45:00,2011-02-14 14:27:00,2011-02-14 15:45:00,C8.5,POINT(6.0 -20.0),1158
gev_20110214_1347,2011-02-14 13:47:00,2011-02-14 14:27:00,2011-02-14 14:42:00,C7.0,POINT(6.0 -20.0),1158
gev_20110214_1648,2011-02-14 16:48:00,2011-02-14 16:53:00,2011-02-14 16:57:00,B7.9,POINT(4.0 -20.0),1158
gev_20110214_1720,2011-02-14 17:20:00,2011-02-14 17:26:00,2011-02-14 17:32:00,M2.2,POINT(4.0 -20.0),1158
gev_20110214_1923,2011-02-14 19:23:00,2011-02-14 19:30:00,2011-02-14 19:36:00,C6.6,POINT(4.0 -20.0),0
gev_20110214_2314,2011-02-14 23:14:00,2011-02-14 23:19:00,2011-02-14 23:26:00,C1.2,POINT(13.0 -19.0),1158
gev_20110214_2340,2011-02-14 23:40:00,2011-02-14 23:46:00,2011-02-14 23:57:00,C2.7,POINT(14.0 -18.0),1158
gev_20110215_0031,2011-02-15 00:31:00,2011-02-15 00:38:00,2011-02-15 00:48:00,C2.7,POINT(6.0 -21.0),0
gev_20110215_0144,2011-02-15 01:44:00,2011-02-15 01:56:00,2011-02-15 02:06:00,X2.2,POINT(12.0 -20.0),0
gev_20110215_0427,2011-02-15 04:27:00,2011-02-15 04:32:00,2011-02-15 04:37:00,C4.8,POINT(8.0 -20.0),0
gev_20110215_1002,2011-02-15 10:02:00,2011-02-15 10:07:00,2011-02-15 10:16:00,C1.0,POINT(15.0 -21.0),0
gev_20110215_1432,2011-02-15 14:32:00,2011-02-15 14:44:00,2011-02-15 14:51:00,C4.8,POINT(16.0 -20.0),0
gev_20110215_1807,2011-02-15 18:07:00,2011-02-15 18:44:00,2011-02-15 18:57:00,C1.7,POINT(20.0 -20.0),1158
gev_20110215_1930,2011-02-15 19:30:00,2011-02-15 20:33:00,2011-02-15 20:53:00,C6.6,POINT(21.0 -20.0),0
gev_20110215_2249,2011-02-15 22:49:00,2011-02-15 22:54:00,2011-02-15 22:56:00,C1.3,POINT(20.0 -21.0),0
gev_20110216_0058,2011-02-16 00:58:00,2011-02-16 01:00:00,2011-02-16 01:10:00,C2.0,POINT(23.0 -22.0),0
gev_20110216_0132,2011-02-16 01:32:00,2011-02-16 01:39:00,2011-02-16 01:46:00,M1.0,POINT(24.0 -20.0),0
gev_20110216_0156,2011-02-16 01:56:00,2011-02-16 02:00:00,2011-02-16 02:05:00,C2.2,POINT(-4.0 -83.0),0
gev_20110216_0540,2011-02-16 05:40:00,2011-02-16 05:45:00,2011-02-16 05:45:00,C5.9,POINT(26.0 -20.0),0
gev_20110216_0618,2011-02-16 06:18:00,2011-02-16 06:22:00,2011-02-16 06:29:00,C2.2,POINT(27.0 -19.0),0
gev_20110216_0735,2011-02-16 07:35:00,2011-02-16 07:44:00,2011-02-16 07:44:00,M1.1,POINT(29.0 -19.0),1158
gev_20110216_0902,2011-02-16 09:02:00,2011-02-16 09:11:00,2011-02-16 09:19:00,C9.9,POINT(28.0 -20.0),0
gev_20110216_1025,2011-02-16 10:25:00,2011-02-16 10:32:00,2011-02-16 10:39:00,C3.2,POINT(30.0 -20.0),0
gev_20110216_1158,2011-02-16 11:58:00,2011-02-16 12:02:00,2011-02-16 12:05:00,C1.0,POINT(30.0 -20.0),0
gev_20110216_1419,2011-02-16 14:19:00,2011-02-16 14:25:00,2011-02-16 14:29:00,M1.6,POINT(30.0 -21.0),0
gev_20110216_1527,2011-02-16 15:27:00,2011-02-16 15:32:00,2011-02-16 15:37:00,C7.7,POINT(32.0 -20.0),1158
gev_20110216_1929,2011-02-16 19:29:00,2011-02-16 19:31:00,2011-02-16 19:43:00,C1.3,POINT(33.0 -21.0),0
gev_20110216_2011,2011-02-16 20:11:00,2011-02-16 20:15:00,2011-02-16 20:19:00,C1.1,POINT(36.0 -20.0),0
gev_20110216_2106,2011-02-16 21:06:00,2011-02-16 21:11:00,2011-02-16 21:14:00,C4.2,POINT(35.0 -20.0),0
gev_20110216_2302,2011-02-16 23:02:00,2011-02-16 23:11:00,2011-02-16 23:11:00,C1.5,POINT(35.0 -20.0),0
gev_20110217_0141,2011-02-17 01:41:00,2011-02-17 01:46:00,2011-02-17 01:50:00,C6.1,POINT(37.0 -20.0),0
gev_20110217_0246,2011-02-17 02:46:00,2011-02-17 02:52:00,2011-02-17 03:08:00,C2.3,POINT(-26.0 13.0),0
gev_20110217_0409,2011-02-17 04:09:00,2011-02-17 04:15:00,2011-02-17 04:22:00,C1.5,POINT(37.0 -21.0),0
gev_20110217_0533,2011-02-17 05:33:00,2011-02-17 05:36:00,2011-02-17 05:40:00,C1.0,POINT(41.0 -20.0),1158
gev_20110217_0644,2011-02-17 06:44:00,2011-02-17 06:47:00,2011-02-17 06:51:00,C1.2,POINT(42.0 -19.0),1158
gev_20110217_0809,2011-02-17 08:09:00,2011-02-17 08:13:00,2011-02-17 08:18:00,C1.2,POINT(43.0 -19.0),1158
gev_20110217_0924,2011-02-17 09:24:00,2011-02-17 09:30:00,2011-02-17 09:35:00,C1.9,POINT(40.0 -20.0),0
gev_20110217_1025,2011-02-17 10:25:00,2011-02-17 10:28:00,2011-02-17 10:32:00,C2.6,POINT(41.0 -21.0),0
gev_20110217_1038,2011-02-17 10:38:00,2011-02-17 10:44:00,2011-02-17 10:49:00,C2.2,POINT(43.0 -20.0),1158
gev_20110217_1233,2011-02-17 12:33:00,2011-02-17 12:36:00,2011-02-17 12:39:00,C2.4,POINT(46.0 -19.0),1158
gev_20110217_1549,2011-02-17 15:49:00,2011-02-17 15:54:00,2011-02-17 16:04:00,C1.3,POINT(50.0 -20.0),1158
gev_20110217_2130,2011-02-17 21:30:00,2011-02-17 21:35:00,2011-02-17 21:40:00,C1.1,POINT(45.0 -18.0),1158
gev_20110218_0102,2011-02-18 01:02:00,2011-02-18 01:08:00,2011-02-18 01:14:00,C1.7,POINT(54.0 -16.0),1158
gev_20110218_0320,2011-02-18 03:20:00,2011-02-18 03:29:00,2011-02-18 03:40:00,C2.0,POINT(-5.0 19.0),1162
gev_20110218_0444,2011-02-18 04:44:00,2011-02-18 04:51:00,2011-02-18 05:01:00,C4.0,POINT(-4.0 19.0),1162
gev_20110218_0627,2011-02-18 06:27:00,2011-02-18 06:33:00,2011-02-18 06:39:00,C8.5,POINT(52.0 -20.0),1158
gev_20110218_0713,2011-02-18 07:13:00,2011-02-18 07:24:00,2011-02-18 07:38:00,C7.6,POINT(-4.0 18.0),1162
gev_20110218_0903,2011-02-18 09:03:00,2011-02-18 09:11:00,2011-02-18 09:19:00,C4.2,POINT(-2.0 19.0),1162
gev_20110218_0955,2011-02-18 09:55:00,2011-02-18 10:00:00,2011-02-18 10:11:00,M6.6,POINT(55.0 -21.0),1158
gev_20110218_1023,2011-02-18 10:23:00,2011-02-18 10:26:00,2011-02-18 10:37:00,M1.0,POINT(-2.0 18.0),1162
gev_20110218_1216,2011-02-18 12:16:00,2011-02-18 12:20:00,2011-02-18 12:24:00,C3.0,POINT(57.0 -20.0),1158
gev_20110218_1259,2011-02-18 12:59:00,2011-02-18 13:03:00,2011-02-18 13:06:00,M1.4,POINT(55.0 -21.0),1158
gev_20110218_1400,2011-02-18 14:00:00,2011-02-18 14:08:00,2011-02-18 14:15:00,M1.0,POINT(0.0 19.0),1162
gev_20110218_1427,2011-02-18 14:27:00,2011-02-18 14:32:00,2011-02-18 14:35:00,C4.0,POINT(-7.0 -83.0),0
gev_20110218_1457,2011-02-18 14:57:00,2011-02-18 15:05:00,2011-02-18 15:09:00,C5.0,POINT(59.0 -20.0),1158
gev_20110218_1548,2011-02-18 15:48:00,2011-02-18 15:55:00,2011-02-18 15:59:00,C5.5,POINT(58.0 -20.0),1158
gev_20110218_1636,2011-02-18 16:36:00,2011-02-18 16:39:00,2011-02-18 16:41:00,C2.3,POINT(4.0 20.0),1162
gev_20110218_1642,2011-02-18 16:42:00,2011-02-18 16:45:00,2011-02-18 16:53:00,C2.1,POINT(2.0 19.0),1162
gev_20110218_1748,2011-02-18 17:48:00,2011-02-18 17:53:00,2011-02-18 18:02:00,C3.8,POINT(59.0 -20.0),1158
gev_20110218_1813,2011-02-18 18:13:00,2011-02-18 18:21:00,2011-02-18 18:25:00,C3.2,POINT(62.0 -17.0),1158
gev_20110218_1902,2011-02-18 19:02:00,2011-02-18 19:06:00,2011-02-18 19:18:00,C7.0,POINT(3.0 19.0),1162
gev_20110218_2056,2011-02-18 20:56:00,2011-02-18 21:00:00,2011-02-18 21:04:00,M1.3,POINT(3.0 18.0),1162
gev_20110219_0133,2011-02-19 01:33:00,2011-02-19 01:37:00,2011-02-19 01:41:00,C1.3,POINT(65.0 -20.0),1158
gev_20110219_0221,2011-02-19 02:21:00,2011-02-19 02:25:00,2011-02-19 02:30:00,C1.8,POINT(70.0 -16.0),1158
gev_20110219_0256,2011-02-19 02:56:00,2011-02-19 03:03:00,2011-02-19 03:11:00,C3.4,POINT(7.0 18.0),1162
gev_20110219_0657,2011-02-19 06:57:00,2011-02-19 07:05:00,2011-02-19 07:14:00,C2.6,POINT(9.0 17.0),1162
gev_20110219_0740,2011-02-19 07:40:00,2011-02-19 07:44:00,2011-02-19 07:47:00,C1.9,POINT(68.0 -21.0),1158
gev_20110219_0800,2011-02-19 08:00:00,2011-02-19 08:04:00,2011-02-19 08:12:00,C8.5,POINT(11.0 18.0),1162
gev_20110219_1220,2011-02-19 12:20:00,2011-02-19 12:24:00,2011-02-19 12:34:00,C1.1,POINT(-15.0 -83.0),0
gev_20110219_1450,2011-02-19 14:50:00,2011-02-19 14:53:00,2011-02-19 14:55:00,C1.0,POINT(76.0 -17.0),1158
gev_20110219_1524,2011-02-19 15:24:00,2011-02-19 15:29:00,2011-02-19 15:41:00,C1.5,POINT(15.0 17.0),1162
gev_20110219_1626,2011-02-19 16:26:00,2011-02-19 16:30:00,2011-02-19 16:32:00,C1.9,POINT(-14.0 -83.0),0
gev_20110219_1639,2011-02-19 16:39:00,2011-02-19 16:43:00,2011-02-19 16:45:00,C6.1,POINT(72.0 -20.0),1158
gev_20110219_2107,2011-02-19 21:07:00,2011-02-19 21:13:00,2011-02-19 21:17:00,C1.9,POINT(77.0 -20.0),1158
gev_20110220_0046,2011-02-20 00:46:00,2011-02-20 01:23:00,2011-02-20 01:45:00,C1.2,POINT(17.0 14.0),1161
gev_20110220_0245,2011-02-20 02:45:00,2011-02-20 03:19:00,2011-02-20 03:31:00,C1.4,POINT(14.0 16.0),1162
gev_20110220_0354,2011-02-20 03:54:00,2011-02-20 03:57:00,2011-02-20 03:59:00,C1.7,POINT(16.0 16.0),1162
gev_20110220_0625,2011-02-20 06:25:00,2011-02-20 06:28:00,2011-02-20 06:30:00,B7.9,POINT(12.0 11.0),0
gev_20110220_1746,2011-02-20 17:46:00,2011-02-20 18:37:00,2011-02-20 19:09:00,B6.2,POINT(22.0 15.0),0
gev_20110220_1940,2011-02-20 19:40:00,2011-02-20 19:52:00,2011-02-20 20:02:00,B6.8,POINT(87.0 -21.0),1158
gev_20110220_2300,2011-02-20 23:00:00,2011-02-20 23:03:00,2011-02-20 23:06:00,B3.2,POINT(87.0 -20.0),1158
gev_20110220_2331,2011-02-20 23:31:00,2011-02-20 23:36:00,2011-02-20 23:49:00,B5.2,POINT(28.0 14.0),1161
gev_20110221_0141,2011-02-21 01:41:00,2011-02-21 01:46:00,2011-02-21 01:50:00,B8.8,POINT(87.0 -20.0),1158
gev_20110221_0213,2011-02-21 02:13:00,2011-02-21 02:24:00,2011-02-21 02:27:00,C4.6,POINT(87.0 -20.0),1158
gev_20110221_0310,2011-02-21 03:10:00,2011-02-21 03:15:00,2011-02-21 03:18:00,C1.8,POINT(87.0 -20.0),0
gev_20110221_0404,2011-02-21 04:04:00,2011-02-21 04:10:00,2011-02-21 04:13:00,C1.5,POINT(87.0 -20.0),0
gev_20110221_0500,2011-02-21 05:00:00,2011-02-21 05:06:00,2011-02-21 05:08:00,C4.1,POINT(87.0 -20.0),0
gev_20110221_0602,2011-02-21 06:02:00,2011-02-21 06:10:00,2011-02-21 06:14:00,C4.3,POINT(87.0 -20.0),0
gev_20110221_0901,2011-02-21 09:01:00,2011-02-21 09:06:00,2011-02-21 09:09:00,C2.7,POINT(87.0 -20.0),0
gev_20110221_1000,2011-02-21 10:00:00,2011-02-21 10:04:00,2011-02-21 10:07:00,C1.8,POINT(87.0 -21.0),0
gev_20110221_1008,2011-02-21 10:08:00,2011-02-21 10:12:00,2011-02-21 10:15:00,C7.8,POINT(87.0 -21.0),0
gev_20110221_1539,2011-02-21 15:39:00,2011-02-21 15:44:00,2011-02-21 15:55:00,C1.5,POINT(87.0 -21.0),0
gev_20110221_1825,2011-02-21 18:25:00,2011-02-21 18:29:00,2011-02-21 18:35:00,C1.4,POINT(87.0 -21.0),0
gev_20110222_1033,2011-02-22 10:33:00,2011-02-22 10:48:00,2011-02-22 11:12:00,B6.5,POINT(48.0 12.0),1161
gev_20110222_1215,2011-02-22 12:15:00,2011-02-22 12:19:00,2011-02-22 12:22:00,B3.5,POINT(50.0 18.0),1162
gev_20110222_1434,2011-02-22 14:34:00,2011-02-22 14:38:00,2011-02-22 14:42:00,B2.7,POINT(51.0 11.0),1161
gev_20110223_0935,2011-02-23 09:35:00,2011-02-23 09:39:00,2011-02-23 09:47:00,B3.1,POINT(63.0 17.0),1162
gev_20110223_1024,2011-02-23 10:24:00,2011-02-23 10:28:00,2011-02-23 10:33:00,B3.7,POINT(66.0 18.0),1162
gev_20110223_1110,2011-02-23 11:10:00,2011-02-23 11:18:00,2011-02-23 11:25:00,B6.1,POINT(66.0 18.0),1162
gev_20110223_1215,2011-02-23 12:15:00,2011-02-23 12:23:00,2011-02-23 12:29:00,C1.2,POINT(62.0 12.0),0
gev_20110223_1835,2011-02-23 18:35:00,2011-02-23 18:45:00,2011-02-23 19:10:00,B9.9,POINT(66.0 11.0),1161
gev_20110224_0249,2011-02-24 02:49:00,2011-02-24 02:53:00,2011-02-24 02:57:00,B3.9,POINT(75.0 19.0),1162
gev_20110224_0723,2011-02-24 07:23:00,2011-02-24 07:31:00,2011-02-24 07:42:00,M3.5,POINT(-87.0 14.0),0
gev_20110224_1347,2011-02-24 13:47:00,2011-02-24 13:53:00,2011-02-24 13:56:00,C1.8,POINT(-84.0 16.0),0
gev_20110224_1712,2011-02-24 17:12:00,2011-02-24 17:40:00,2011-02-24 17:51:00,B8.5,POINT(79.0 11.0),1161
gev_20110224_1820,2011-02-24 18:20:00,2011-02-24 18:23:00,2011-02-24 18:41:00,B5.9,POINT(-87.0 14.0),0
gev_20110224_1856,2011-02-24 18:56:00,2011-02-24 19:00:00,2011-02-24 19:08:00,B9.1,POINT(-83.0 21.0),0
gev_20110224_1934,2011-02-24 19:34:00,2011-02-24 19:38:00,2011-02-24 19:43:00,C2.7,POINT(-1.0 -83.0),0
gev_20110224_1950,2011-02-24 19:50:00,2011-02-24 19:53:00,2011-02-24 19:58:00,B9.2,POINT(82.0 12.0),1161
gev_20110225_0138,2011-02-25 01:38:00,2011-02-25 01:42:00,2011-02-25 01:45:00,B4.8,POINT(-74.0 16.0),0
gev_20110225_0322,2011-02-25 03:22:00,2011-02-25 03:25:00,2011-02-25 03:33:00,B4.2,POINT(-73.0 17.0),0
gev_20110225_0515,2011-02-25 05:15:00,2011-02-25 05:18:00,2011-02-25 05:22:00,C1.4,POINT(-14.0 -82.0),0
gev_20110225_0540,2011-02-25 05:40:00,2011-02-25 05:44:00,2011-02-25 05:46:00,C1.6,POINT(-85.0 27.0),0
gev_20110225_1053,2011-02-25 10:53:00,2011-02-25 10:58:00,2011-02-25 11:07:00,B6.2,POINT(-86.0 25.0),0
gev_20110225_1718,2011-02-25 17:18:00,2011-02-25 17:29:00,2011-02-25 17:37:00,C1.1,POINT(-79.0 24.0),1164
gev_20110225_1857,2011-02-25 18:57:00,2011-02-25 19:01:00,2011-02-25 19:04:00,B4.5,POINT(-79.0 26.0),1164
gev_20110225_2229,2011-02-25 22:29:00,2011-02-25 22:33:00,2011-02-25 22:46:00,B5.2,POINT(-82.0 28.0),1164
gev_20110226_0007,2011-02-26 00:07:00,2011-02-26 00:10:00,2011-02-26 00:12:00,B4.3,POINT(-76.0 28.0),1164
gev_20110226_0054,2011-02-26 00:54:00,2011-02-26 00:59:00,2011-02-26 01:03:00,B9.0,POINT(-79.0 27.0),1164
gev_20110226_0118,2011-02-26 01:18:00,2011-02-26 01:21:00,2011-02-26 01:23:00,B4.6,POINT(-73.0 26.0),1164
gev_20110226_0503,2011-02-26 05:03:00,2011-02-26 05:10:00,2011-02-26 05:20:00,B8.9,POINT(-75.0 27.0),1164
gev_20110226_0616,2011-02-26 06:16:00,2011-02-26 06:19:00,2011-02-26 06:34:00,B7.0,POINT(-72.0 25.0),1164
gev_20110226_0732,2011-02-26 07:32:00,2011-02-26 07:35:00,2011-02-26 07:38:00,B4.5,POINT(-58.0 16.0),0
gev_20110226_0809,2011-02-26 08:09:00,2011-02-26 08:13:00,2011-02-26 08:15:00,C1.3,POINT(-70.0 27.0),1164
gev_20110226_0935,2011-02-26 09:35:00,2011-02-26 09:39:00,2011-02-26 09:43:00,B3.7,POINT(-67.0 25.0),1164
gev_20110226_1433,2011-02-26 14:33:00,2011-02-26 15:15:00,2011-02-26 15:50:00,B7.1,POINT(-52.0 14.0),0
gev_20110226_1434,2011-02-26 14:34:00,2011-02-26 16:15:00,2011-02-26 16:42:00,B8.3,POINT(-65.0 16.0),0
gev_20110226_1551,2011-02-26 15:51:00,2011-02-26 16:14:00,2011-02-26 17:00:00,B8.5,POINT(-63.0 16.0),0
gev_20110226_1920,2011-02-26 19:20:00,2011-02-26 19:24:00,2011-02-26 19:26:00,B3.9,POINT(-66.0 24.0),1164
gev_20110226_2046,2011-02-26 20:46:00,2011-02-26 20:50:00,2011-02-26 20:52:00,B4.3,POINT(-52.0 16.0),0
gev_20110226_2323,2011-02-26 23:23:00,2011-02-26 23:30:00,2011-02-26 23:41:00,B5.7,POINT(-62.0 23.0),1164
gev_20110227_0041,2011-02-27 00:41:00,2011-02-27 00:59:00,2011-02-27 01:14:00,B7.3,POINT(-86.0 21.0),1166
gev_20110227_0349,2011-02-27 03:49:00,2011-02-27 03:55:00,2011-02-27 03:58:00,C4.2,POINT(-58.0 26.0),1164
gev_20110227_0504,2011-02-27 05:04:00,2011-02-27 05:11:00,2011-02-27 05:15:00,B2.7,POINT(-64.0 28.0),1164
gev_20110227_0621,2011-02-27 06:21:00,2011-02-27 06:28:00,2011-02-27 06:28:00,B1.9,POINT(-40.0 -22.0),0
gev_20110227_0755,2011-02-27 07:55:00,2011-02-27 07:57:00,2011-02-27 08:00:00,B2.8,POINT(-64.0 29.0),0
gev_20110227_1430,2011-02-27 14:30:00,2011-02-27 14:42:00,2011-02-27 14:49:00,B6.1,POINT(-52.0 24.0),1164
gev_20110227_1547,2011-02-27 15:47:00,2011-02-27 15:53:00,2011-02-27 15:59:00,B7.2,POINT(-52.0 24.0),1164
gev_20110227_1714,2011-02-27 17:14:00,2011-02-27 17:18:00,2011-02-27 17:22:00,B2.9,POINT(-54.0 23.0),1164
gev_20110227_2117,2011-02-27 21:17:00,2011-02-27 21:34:00,2011-02-27 21:43:00,B7.7,POINT(-52.0 26.0),1164
gev_20110227_2221,2011-02-27 22:21:00,2011-02-27 22:24:00,2011-02-27 22:26:00,B6.8,POINT(-49.0 27.0),1164
gev_20110228_0144,2011-02-28 01:44:00,2011-02-28 01:46:00,2011-02-28 01:50:00,B5.0,POINT(-54.0 30.0),0
gev_20110228_0210,2011-02-28 02:10:00,2011-02-28 02:14:00,2011-02-28 02:18:00,B5.0,POINT(-49.0 27.0),1164
gev_20110228_0417,2011-02-28 04:17:00,2011-02-28 04:28:00,2011-02-28 04:34:00,B7.9,POINT(-49.0 27.0),1164
gev_20110228_0524,2011-02-28 05:24:00,2011-02-28 05:33:00,2011-02-28 05:40:00,C1.7,POINT(-48.0 27.0),1164
gev_20110228_0630,2011-02-28 06:30:00,2011-02-28 06:38:00,2011-02-28 06:49:00,C1.1,POINT(-48.0 27.0),0
gev_20110228_0701,2011-02-28 07:01:00,2011-02-28 07:10:00,2011-02-28 07:16:00,C2.0,POINT(-46.0 27.0),1164
gev_20110228_0734,2011-02-28 07:34:00,2011-02-28 07:38:00,2011-02-28 07:40:00,C2.4,POINT(-45.0 24.0),1164
gev_20110228_0938,2011-02-28 09:38:00,2011-02-28 09:45:00,2011-02-28 09:52:00,C1.5,POINT(-49.0 27.0),0
gev_20110228_1025,2011-02-28 10:25:00,2011-02-28 10:29:00,2011-02-28 10:37:00,B5.5,POINT(-46.0 27.0),1164
gev_20110228_1202,2011-02-28 12:02:00,2011-02-28 12:07:00,2011-02-28 12:18:00,C1.2,POINT(-44.0 27.0),1164
gev_20110228_1238,2011-02-28 12:38:00,2011-02-28 12:52:00,2011-02-28 13:03:00,M1.1,POINT(-41.0 26.0),1164
gev_20110228_1544,2011-02-28 15:44:00,2011-02-28 15:45:00,2011-02-28 15:52:00,C1.0,POINT(-47.0 30.0),0
gev_20110228_2011,2011-02-28 20:11:00,2011-02-28 20:16:00,2011-02-28 20:19:00,B7.3,POINT(-41.0 27.0),0
gev_20110228_2115,2011-02-28 21:15:00,2011-02-28 21:31:00,2011-02-28 21:46:00,C1.7,POINT(-33.0 25.0),1164
gev_20110228_2311,2011-02-28 23:11:00,2011-02-28 23:14:00,2011-02-28 23:14:00,B5.7,POINT(-34.0 24.0),1164
gev_20110301_0227,2011-03-01 02:27:00,2011-03-01 04:13:00,2011-03-01 04:42:00,C6.1,POINT(-31.0 26.0),1164
gev_20110301_0230,2011-03-01 02:30:00,2011-03-01 04:13:00,2011-03-01 04:40:00,C6.0,POINT(-31.0 26.0),1164
gev_20110301_0852,2011-03-01 08:52:00,2011-03-01 09:18:00,2011-03-01 09:34:00,C2.9,POINT(-35.0 32.0),0
gev_20110301_1435,2011-03-01 14:35:00,2011-03-01 14:38:00,2011-03-01 14:40:00,C1.1,POINT(-30.0 26.0),0
gev_20110301_1625,2011-03-01 16:25:00,2011-03-01 16:47:00,2011-03-01 16:59:00,C1.0,POINT(-28.0 26.0),1164
gev_20110301_1742,2011-03-01 17:42:00,2011-03-01 17:47:00,2011-03-01 17:54:00,C1.3,POINT(-21.0 24.0),1164
gev_20110301_1806,2011-03-01 18:06:00,2011-03-01 18:19:00,2011-03-01 18:26:00,C1.0,POINT(-34.0 28.0),0
gev_20110301_1851,2011-03-01 18:51:00,2011-03-01 18:55:00,2011-03-01 18:58:00,B9.8,POINT(-23.0 24.0),0
gev_20110301_1934,2011-03-01 19:34:00,2011-03-01 19:57:00,2011-03-01 20:17:00,C1.6,POINT(-8.0 -22.0),0
gev_20110302_1002,2011-03-02 10:02:00,2011-03-02 10:06:00,2011-03-02 10:10:00,B8.8,POINT(-15.0 24.0),0
gev_20110302_1311,2011-03-02 13:11:00,2011-03-02 13:18:00,2011-03-02 13:21:00,C1.4,POINT(-14.0 24.0),0
gev_20110303_1129,2011-03-03 11:29:00,2011-03-03 11:34:00,2011-03-03 11:43:00,C1.2,POINT(-79.0 7.0),0
gev_20110303_1412,2011-03-03 14:12:00,2011-03-03 14:20:00,2011-03-03 14:31:00,C5.4,POINT(-1.0 22.0),0
gev_20110303_1924,2011-03-03 19:24:00,2011-03-03 19:36:00,2011-03-03 19:44:00,C1.2,POINT(1.0 22.0),0
gev_20110303_2027,2011-03-03 20:27:00,2011-03-03 20:30:00,2011-03-03 20:32:00,C1.3,POINT(-22.0 -82.0),0
gev_20110303_2324,2011-03-03 23:24:00,2011-03-03 23:34:00,2011-03-03 23:46:00,C2.0,POINT(6.0 21.0),0
gev_20110303_2353,2011-03-03 23:53:00,2011-03-03 23:58:00,2011-03-04 00:04:00,C2.1,POINT(5.0 22.0),0
gev_20110304_1357,2011-03-04 13:57:00,2011-03-04 14:00:00,2011-03-04 14:03:00,C1.7,POINT(15.0 23.0),1164
gev_20110304_1715,2011-03-04 17:15:00,2011-03-04 17:19:00,2011-03-04 17:23:00,C1.0,POINT(30.0 18.0),1163
gev_20110305_0000,2011-03-05 00:00:00,2011-03-05 00:04:00,2011-03-05 00:06:00,B7.7,POINT(41.0 -18.0),1165
gev_20110305_0105,2011-03-05 01:05:00,2011-03-05 01:10:00,2011-03-05 01:12:00,C2.2,POINT(43.0 -17.0),1165
gev_20110305_0240,2011-03-05 02:40:00,2011-03-05 02:44:00,2011-03-05 02:49:00,C1.6,POINT(44.0 -18.0),1165
gev_20110305_0519,2011-03-05 05:19:00,2011-03-05 05:22:00,2011-03-05 05:24:00,C1.2,POINT(22.0 23.0),1164
gev_20110305_0541,2011-03-05 05:41:00,2011-03-05 06:39:00,2011-03-05 06:39:00,B6.3,POINT(47.0 -19.0),1165
gev_20110305_0901,2011-03-05 09:01:00,2011-03-05 09:08:00,2011-03-05 09:15:00,C2.2,POINT(48.0 -18.0),1165
gev_20110305_1013,2011-03-05 10:13:00,2011-03-05 10:17:00,2011-03-05 10:21:00,C1.4,POINT(48.0 -18.0),0
gev_20110305_1142,2011-03-05 11:42:00,2011-03-05 11:49:00,2011-03-05 11:58:00,C1.6,POINT(49.0 -17.0),0
gev_20110305_1206,2011-03-05 12:06:00,2011-03-05 12:10:00,2011-03-05 12:14:00,C1.2,POINT(50.0 -18.0),0
gev_20110305_1224,2011-03-05 12:24:00,2011-03-05 12:26:00,2011-03-05 12:29:00,C1.0,POINT(-86.0 21.0),0
gev_20110305_1240,2011-03-05 12:40:00,2011-03-05 12:41:00,2011-03-05 12:42:00,C1.0,POINT(50.0 -18.0),0
gev_20110305_1246,2011-03-05 12:46:00,2011-03-05 12:48:00,2011-03-05 12:53:00,C1.1,POINT(50.0 -18.0),0
gev_20110305_1330,2011-03-05 13:30:00,2011-03-05 13:41:00,2011-03-05 13:52:00,C1.3,POINT(-51.0 13.0),0
gev_20110305_1422,2011-03-05 14:22:00,2011-03-05 14:25:00,2011-03-05 14:30:00,C1.0,POINT(53.0 -18.0),0
gev_20110305_2005,2011-03-05 20:05:00,2011-03-05 20:10:00,2011-03-05 20:16:00,C1.4,POINT(29.0 22.0),0
gev_20110305_2051,2011-03-05 20:51:00,2011-03-05 21:44:00,2011-03-05 21:53:00,C2.9,POINT(-76.0 23.0),0
gev_20110306_0023,2011-03-06 00:23:00,2011-03-06 00:26:00,2011-03-06 00:29:00,C1.6,POINT(33.0 24.0),0
gev_20110306_0129,2011-03-06 01:29:00,2011-03-06 01:33:00,2011-03-06 01:37:00,C1.8,POINT(34.0 25.0),0
gev_20110306_0203,2011-03-06 02:03:00,2011-03-06 02:08:00,2011-03-06 02:11:00,C2.1,POINT(57.0 -18.0),0
gev_20110306_0337,2011-03-06 03:37:00,2011-03-06 03:41:00,2011-03-06 03:51:00,C3.7,POINT(57.0 -18.0),0
gev_20110306_0407,2011-03-06 04:07:00,2011-03-06 04:15:00,2011-03-06 04:20:00,C1.8,POINT(35.0 25.0),0
gev_20110306_0433,2011-03-06 04:33:00,2011-03-06 04:44:00,2011-03-06 04:48:00,C1.7,POINT(62.0 -18.0),0
gev_20110306_0528,2011-03-06 05:28:00,2011-03-06 05:32:00,2011-03-06 05:36:00,C4.6,POINT(34.0 22.0),0
gev_20110306_0659,2011-03-06 06:59:00,2011-03-06 07:01:00,2011-03-06 07:07:00,C2.8,POINT(38.0 23.0),0
gev_20110306_0730,2011-03-06 07:30:00,2011-03-06 07:33:00,2011-03-06 07:35:00,C2.4,POINT(33.0 22.0),0
gev_20110306_0830,2011-03-06 08:30:00,2011-03-06 08:33:00,2011-03-06 08:37:00,C1.6,POINT(34.0 25.0),1164
gev_20110306_0849,2011-03-06 08:49:00,2011-03-06 08:56:00,2011-03-06 09:07:00,C2.6,POINT(61.0 -18.0),1165
gev_20110306_0954,2011-03-06 09:54:00,2011-03-06 10:01:00,2011-03-06 10:06:00,C3.1,POINT(35.0 22.0),1164
gev_20110306_1031,2011-03-06 10:31:00,2011-03-06 10:40:00,2011-03-06 10:55:00,C7.5,POINT(62.0 -18.0),1165
gev_20110306_1156,2011-03-06 11:56:00,2011-03-06 12:09:00,2011-03-06 12:12:00,C5.1,POINT(36.0 22.0),1164
gev_20110306_1331,2011-03-06 13:31:00,2011-03-06 13:50:00,2011-03-06 14:16:00,C6.0,POINT(-66.0 20.0),1169
gev_20110306_1441,2011-03-06 14:41:00,2011-03-06 14:44:00,2011-03-06 14:47:00,C8.6,POINT(39.0 22.0),0
gev_20110306_1521,2011-03-06 15:21:00,2011-03-06 15:27:00,2011-03-06 15:30:00,C3.9,POINT(-36.0 6.0),0
gev_20110306_1602,2011-03-06 16:02:00,2011-03-06 16:19:00,2011-03-06 16:22:00,C4.7,POINT(38.0 22.0),0
gev_20110306_1625,2011-03-06 16:25:00,2011-03-06 16:30:00,2011-03-06 16:33:00,C6.9,POINT(39.0 22.0),0
gev_20110306_1932,2011-03-06 19:32:00,2011-03-06 19:37:00,2011-03-06 19:41:00,C2.3,POINT(40.0 22.0),0
gev_20110306_2117,2011-03-06 21:17:00,2011-03-06 21:21:00,2011-03-06 21:25:00,C1.4,POINT(43.0 22.0),0
gev_20110306_2151,2011-03-06 21:51:00,2011-03-06 21:57:00,2011-03-06 22:05:00,C1.4,POINT(70.0 -18.0),0
gev_20110306_2333,2011-03-06 23:33:00,2011-03-06 23:35:00,2011-03-06 23:37:00,C2.2,POINT(69.0 -18.0),0
gev_20110307_0202,2011-03-07 02:02:00,2011-03-07 02:12:00,2011-03-07 02:22:00,C3.0,POINT(72.0 -17.0),0
gev_20110307_0420,2011-03-07 04:20:00,2011-03-07 04:30:00,2011-03-07 04:39:00,C5.0,POINT(70.0 -18.0),0
gev_20110307_0500,2011-03-07 05:00:00,2011-03-07 05:13:00,2011-03-07 05:19:00,M1.2,POINT(47.0 23.0),0
gev_20110307_0711,2011-03-07 07:11:00,2011-03-07 07:18:00,2011-03-07 07:30:00,C3.6,POINT(76.0 -17.0),0
gev_20110307_0749,2011-03-07 07:49:00,2011-03-07 07:54:00,2011-03-07 07:59:00,M1.6,POINT(75.0 -18.0),0
gev_20110307_0759,2011-03-07 07:59:00,2011-03-07 08:07:00,2011-03-07 08:15:00,M1.4,POINT(46.0 27.0),0
gev_20110307_0914,2011-03-07 09:14:00,2011-03-07 09:15:00,2011-03-07 09:20:00,M1.8,POINT(77.0 -17.0),0
gev_20110307_1016,2011-03-07 10:16:00,2011-03-07 10:21:00,2011-03-07 10:27:00,C4.9,POINT(49.0 26.0),0
gev_20110307_1345,2011-03-07 13:45:00,2011-03-07 14:00:00,2011-03-07 14:11:00,M1.7,POINT(-21.0 11.0),0
gev_20110307_1605,2011-03-07 16:05:00,2011-03-07 16:09:00,2011-03-07 16:12:00,C5.1,POINT(78.0 -16.0),0
gev_20110307_1818,2011-03-07 18:18:00,2011-03-07 18:23:00,2011-03-07 18:23:00,C7.6,POINT(79.0 -17.0),0
gev_20110307_1943,2011-03-07 19:43:00,2011-03-07 20:01:00,2011-03-07 20:12:00,M3.7,POINT(48.0 30.0),0
gev_20110307_2145,2011-03-07 21:45:00,2011-03-07 21:50:00,2011-03-07 21:55:00,M1.5,POINT(82.0 -17.0),0
gev_20110308_0014,2011-03-08 00:14:00,2011-03-08 00:15:00,2011-03-08 00:19:00,C4.7,POINT(84.0 -18.0),0
gev_20110308_0224,2011-03-08 02:24:00,2011-03-08 02:29:00,2011-03-08 02:32:00,M1.3,POINT(80.0 -18.0),0
gev_20110308_0337,2011-03-08 03:37:00,2011-03-08 03:45:00,2011-03-08 03:58:00,M1.5,POINT(-72.0 -21.0),0
gev_20110308_0504,2011-03-08 05:04:00,2011-03-08 05:08:00,2011-03-08 05:12:00,C5.5,POINT(77.0 -18.0),1165
gev_20110308_0932,2011-03-08 09:32:00,2011-03-08 09:35:00,2011-03-08 09:39:00,C4.7,POINT(60.0 -27.0),1170
gev_20110308_1035,2011-03-08 10:35:00,2011-03-08 10:44:00,2011-03-08 10:44:00,M5.3,POINT(88.0 -17.0),1165
gev_20110308_1808,2011-03-08 18:08:00,2011-03-08 18:28:00,2011-03-08 18:28:00,M4.4,POINT(88.0 -17.0),1165
gev_20110308_1935,2011-03-08 19:35:00,2011-03-08 20:16:00,2011-03-08 21:35:00,M1.5,POINT(87.0 -19.0),0
gev_20110308_2310,2011-03-08 23:10:00,2011-03-08 23:14:00,2011-03-08 23:19:00,C7.7,POINT(-2.0 7.0),0
gev_20110308_2332,2011-03-08 23:32:00,2011-03-08 23:37:00,2011-03-08 23:40:00,C8.8,POINT(87.0 -18.0),0
gev_20110309_0152,2011-03-09 01:52:00,2011-03-09 01:58:00,2011-03-09 02:07:00,C5.6,POINT(87.0 -17.0),0
gev_20110309_0230,2011-03-09 02:30:00,2011-03-09 02:31:00,2011-03-09 02:36:00,C6.4,POINT(70.0 -26.0),0
gev_20110309_1035,2011-03-09 10:35:00,2011-03-09 10:43:00,2011-03-09 10:55:00,C7.3,POINT(11.0 8.0),1166
gev_20110309_1317,2011-03-09 13:17:00,2011-03-09 13:30:00,2011-03-09 13:30:00,C7.6,POINT(78.0 -26.0),1170
gev_20110309_1542,2011-03-09 15:42:00,2011-03-09 15:43:00,2011-03-09 15:53:00,C2.6,POINT(81.0 24.0),0
gev_20110309_1642,2011-03-09 16:42:00,2011-03-09 16:45:00,2011-03-09 16:53:00,C2.7,POINT(81.0 24.0),0
gev_20110309_2103,2011-03-09 21:03:00,2011-03-09 21:10:00,2011-03-09 21:22:00,C5.0,POINT(-21.0 20.0),1169
gev_20110309_2135,2011-03-09 21:35:00,2011-03-09 21:42:00,2011-03-09 21:45:00,C2.9,POINT(80.0 -26.0),1170
gev_20110309_2203,2011-03-09 22:03:00,2011-03-09 22:12:00,2011-03-09 22:14:00,C9.4,POINT(4.0 7.0),0
gev_20110309_2313,2011-03-09 23:13:00,2011-03-09 23:16:00,2011-03-09 23:23:00,X1.5,POINT(11.0 8.0),0
gev_20110310_0350,2011-03-10 03:50:00,2011-03-10 03:58:00,2011-03-10 03:58:00,C2.9,POINT(12.0 8.0),0
gev_20110310_0907,2011-03-10 09:07:00,2011-03-10 09:13:00,2011-03-10 09:27:00,C2.4,POINT(86.0 -25.0),0
gev_20110310_1319,2011-03-10 13:19:00,2011-03-10 13:25:00,2011-03-10 13:34:00,C4.2,POINT(86.0 -26.0),0
gev_20110310_1342,2011-03-10 13:42:00,2011-03-10 13:45:00,2011-03-10 13:50:00,C4.7,POINT(19.0 12.0),0
gev_20110310_1421,2011-03-10 14:21:00,2011-03-10 14:24:00,2011-03-10 14:28:00,C2.0,POINT(20.0 8.0),1166
gev_20110310_1900,2011-03-10 19:00:00,2011-03-10 19:07:00,2011-03-10 19:17:00,C4.0,POINT(21.0 6.0),1166
gev_20110310_2234,2011-03-10 22:34:00,2011-03-10 22:41:00,2011-03-10 22:49:00,M1.1,POINT(25.0 8.0),1166
gev_20110311_0029,2011-03-11 00:29:00,2011-03-11 00:30:00,2011-03-11 00:33:00,C1.4,POINT(22.0 7.0),1166
gev_20110311_0146,2011-03-11 01:46:00,2011-03-11 01:50:00,2011-03-11 01:57:00,C1.1,POINT(26.0 7.0),1166
gev_20110311_0224,2011-03-11 02:24:00,2011-03-11 02:29:00,2011-03-11 02:36:00,C2.8,POINT(26.0 13.0),0
gev_20110311_0415,2011-03-11 04:15:00,2011-03-11 04:16:00,2011-03-11 04:32:00,C5.5,POINT(26.0 10.0),1166
gev_20110311_0722,2011-03-11 07:22:00,2011-03-11 07:27:00,2011-03-11 07:32:00,C4.3,POINT(29.0 12.0),1166
gev_20110311_0813,2011-03-11 08:13:00,2011-03-11 08:15:00,2011-03-11 08:18:00,C1.1,POINT(26.0 7.0),1166
gev_20110311_1110,2011-03-11 11:10:00,2011-03-11 11:15:00,2011-03-11 11:22:00,C2.0,POINT(32.0 8.0),1166
gev_20110311_1143,2011-03-11 11:43:00,2011-03-11 11:46:00,2011-03-11 11:49:00,C3.6,POINT(30.0 7.0),1166
gev_20110311_1604,2011-03-11 16:04:00,2011-03-11 16:07:00,2011-03-11 16:10:00,C1.1,POINT(36.0 10.0),1166
gev_20110312_0433,2011-03-12 04:33:00,2011-03-12 04:43:00,2011-03-12 04:48:00,M1.3,POINT(35.0 7.0),1166
gev_20110312_0904,2011-03-12 09:04:00,2011-03-12 09:07:00,2011-03-12 09:09:00,B9.3,POINT(4.0 23.0),1169
gev_20110312_1021,2011-03-12 10:21:00,2011-03-12 10:27:00,2011-03-12 10:31:00,C2.2,POINT(17.0 15.0),0
gev_20110312_1222,2011-03-12 12:22:00,2011-03-12 12:29:00,2011-03-12 12:37:00,C2.2,POINT(46.0 8.0),1166
gev_20110312_1253,2011-03-12 12:53:00,2011-03-12 13:00:00,2011-03-12 13:06:00,C7.0,POINT(46.0 8.0),1166
gev_20110312_1519,2011-03-12 15:19:00,2011-03-12 15:29:00,2011-03-12 15:34:00,C9.6,POINT(41.0 6.0),1166
gev_20110312_1732,2011-03-12 17:32:00,2011-03-12 17:38:00,2011-03-12 17:44:00,C1.2,POINT(20.0 15.0),0
gev_20110312_1758,2011-03-12 17:58:00,2011-03-12 18:00:00,2011-03-12 18:04:00,C1.0,POINT(46.0 8.0),1166
gev_20110312_2142,2011-03-12 21:42:00,2011-03-12 21:45:00,2011-03-12 21:51:00,B9.0,POINT(50.0 8.0),1166
gev_20110312_2220,2011-03-12 22:20:00,2011-03-12 22:23:00,2011-03-12 22:25:00,C1.4,POINT(24.0 15.0),0
gev_20110312_2242,2011-03-12 22:42:00,2011-03-12 22:45:00,2011-03-12 22:51:00,C2.2,POINT(49.0 4.0),0
gev_20110313_0142,2011-03-13 01:42:00,2011-03-13 01:45:00,2011-03-13 01:52:00,B7.5,POINT(24.0 17.0),0
gev_20110313_1325,2011-03-13 13:25:00,2011-03-13 13:30:00,2011-03-13 13:33:00,C6.7,POINT(55.0 5.0),0
gev_20110313_1436,2011-03-13 14:36:00,2011-03-13 14:42:00,2011-03-13 14:44:00,C6.4,POINT(60.0 11.0),1167
gev_20110313_1940,2011-03-13 19:40:00,2011-03-13 19:44:00,2011-03-13 19:48:00,B7.1,POINT(59.0 7.0),0
gev_20110313_2150,2011-03-13 21:50:00,2011-03-13 21:59:00,2011-03-13 21:59:00,C1.7,POINT(34.0 17.0),0
gev_20110314_0013,2011-03-14 00:13:00,2011-03-14 00:15:00,2011-03-14 00:20:00,C4.0,POINT(63.0 8.0),0
gev_20110314_0133,2011-03-14 01:33:00,2011-03-14 01:38:00,2011-03-14 01:42:00,B8.5,POINT(66.0 11.0),1167
gev_20110314_0243,2011-03-14 02:43:00,2011-03-14 02:47:00,2011-03-14 02:50:00,B6.3,POINT(67.0 10.0),1166
gev_20110314_0504,2011-03-14 05:04:00,2011-03-14 05:08:00,2011-03-14 05:13:00,C1.0,POINT(42.0 15.0),0
gev_20110314_0705,2011-03-14 07:05:00,2011-03-14 07:11:00,2011-03-14 07:18:00,B9.9,POINT(-24.0 9.0),0
gev_20110314_0807,2011-03-14 08:07:00,2011-03-14 08:15:00,2011-03-14 08:15:00,C1.4,POINT(40.0 17.0),0
gev_20110314_1036,2011-03-14 10:36:00,2011-03-14 10:42:00,2011-03-14 10:51:00,B8.7,POINT(45.0 15.0),0
gev_20110314_1339,2011-03-14 13:39:00,2011-03-14 13:42:00,2011-03-14 13:46:00,B9.7,POINT(48.0 15.0),0
gev_20110314_1602,2011-03-14 16:02:00,2011-03-14 16:09:00,2011-03-14 16:17:00,C2.2,POINT(45.0 17.0),0
gev_20110314_1842,2011-03-14 18:42:00,2011-03-14 18:45:00,2011-03-14 18:49:00,B7.6,POINT(75.0 8.0),1166
gev_20110314_1914,2011-03-14 19:14:00,2011-03-14 19:17:00,2011-03-14 19:23:00,B6.6,POINT(49.0 15.0),0
gev_20110314_1930,2011-03-14 19:30:00,2011-03-14 19:38:00,2011-03-14 19:52:00,M4.2,POINT(49.0 16.0),0
gev_20110314_2255,2011-03-14 22:55:00,2011-03-14 22:59:00,2011-03-14 22:59:00,B7.4,POINT(50.0 15.0),0
gev_20110314_2317,2011-03-14 23:17:00,2011-03-14 23:24:00,2011-03-14 23:37:00,C5.2,POINT(-38.0 13.0),0
gev_20110315_0018,2011-03-15 00:18:00,2011-03-15 00:22:00,2011-03-15 00:24:00,M1.0,POINT(83.0 11.0),0
gev_20110315_0306,2011-03-15 03:06:00,2011-03-15 03:09:00,2011-03-15 03:12:00,B8.9,POINT(56.0 14.0),0
gev_20110315_0415,2011-03-15 04:15:00,2011-03-15 04:16:00,2011-03-15 04:20:00,B7.5,POINT(80.0 8.0),0
gev_20110315_0504,2011-03-15 05:04:00,2011-03-15 05:12:00,2011-03-15 05:18:00,C2.1,POINT(-10.0 -82.0),0
gev_20110315_0652,2011-03-15 06:52:00,2011-03-15 06:57:00,2011-03-15 07:07:00,C1.4,POINT(-10.0 -83.0),0
gev_20110315_0807,2011-03-15 08:07:00,2011-03-15 08:11:00,2011-03-15 08:14:00,B6.9,POINT(87.0 14.0),0
gev_20110315_0846,2011-03-15 08:46:00,2011-03-15 08:52:00,2011-03-15 08:52:00,C1.5,POINT(54.0 16.0),0
gev_20110315_0909,2011-03-15 09:09:00,2011-03-15 09:42:00,2011-03-15 10:20:00,C2.6,POINT(53.0 15.0),1169
gev_20110315_0925,2011-03-15 09:25:00,2011-03-15 09:42:00,2011-03-15 09:58:00,C2.6,POINT(-9.0 -83.0),0
gev_20110315_1121,2011-03-15 11:21:00,2011-03-15 11:25:00,2011-03-15 11:27:00,C1.1,POINT(60.0 17.0),0
gev_20110315_1311,2011-03-15 13:11:00,2011-03-15 13:15:00,2011-03-15 13:17:00,B5.6,POINT(56.0 17.0),0
gev_20110315_1728,2011-03-15 17:28:00,2011-03-15 17:30:00,2011-03-15 17:39:00,C2.9,POINT(88.0 9.0),0
gev_20110315_1858,2011-03-15 18:58:00,2011-03-15 19:02:00,2011-03-15 19:04:00,B5.6,POINT(61.0 15.0),0
gev_20110315_2155,2011-03-15 21:55:00,2011-03-15 21:59:00,2011-03-15 22:01:00,B5.3,POINT(62.0 15.0),0
gev_20110315_2213,2011-03-15 22:13:00,2011-03-15 22:17:00,2011-03-15 22:19:00,B6.1,POINT(68.0 16.0),0
gev_20110316_0337,2011-03-16 03:37:00,2011-03-16 03:40:00,2011-03-16 03:44:00,B7.5,POINT(66.0 15.0),0
gev_20110316_0458,2011-03-16 04:58:00,2011-03-16 05:02:00,2011-03-16 05:06:00,B8.3,POINT(67.0 15.0),0
gev_20110316_0829,2011-03-16 08:29:00,2011-03-16 08:47:00,2011-03-16 09:04:00,C1.4,POINT(-48.0 -28.0),1173
gev_20110316_0835,2011-03-16 08:35:00,2011-03-16 08:47:00,2011-03-16 08:49:00,C1.3,POINT(-48.0 -27.0),1173
gev_20110316_0919,2011-03-16 09:19:00,2011-03-16 09:30:00,2011-03-16 09:36:00,B7.8,POINT(-50.0 -28.0),1173
gev_20110316_1347,2011-03-16 13:47:00,2011-03-16 13:51:00,2011-03-16 13:54:00,C1.4,POINT(71.0 15.0),0
gev_20110316_1752,2011-03-16 17:52:00,2011-03-16 20:34:00,2011-03-16 23:24:00,C3.7,POINT(86.0 23.0),0
gev_20110316_1753,2011-03-16 17:53:00,2011-03-16 20:33:00,2011-03-16 21:45:00,C3.8,POINT(86.0 23.0),0
gev_20110317_1150,2011-03-17 11:50:00,2011-03-17 11:53:00,2011-03-17 11:58:00,B4.6,POINT(83.0 16.0),0
gev_20110318_0215,2011-03-18 02:15:00,2011-03-18 02:18:00,2011-03-18 02:22:00,B2.8,POINT(63.0 -19.0),0
gev_20110318_0350,2011-03-18 03:50:00,2011-03-18 03:56:00,2011-03-18 04:05:00,B5.4,POINT(83.0 -25.0),0
gev_20110318_1140,2011-03-18 11:40:00,2011-03-18 11:45:00,2011-03-18 11:50:00,B3.3,POINT(3.0 11.0),1175
gev_20110319_1621,2011-03-19 16:21:00,2011-03-19 16:34:00,2011-03-19 16:52:00,B2.7,POINT(60.0 22.0),1174
gev_20110319_1625,2011-03-19 16:25:00,2011-03-19 16:34:00,2011-03-19 17:00:00,B2.7,POINT(-5.0 -29.0),1173
gev_20110319_2013,2011-03-19 20:13:00,2011-03-19 20:16:00,2011-03-19 20:19:00,B3.4,POINT(-0.0 -29.0),1173
gev_20110319_2139,2011-03-19 21:39:00,2011-03-19 21:44:00,2011-03-19 21:47:00,B2.9,POINT(29.0 13.0),0
gev_20110320_0116,2011-03-20 01:16:00,2011-03-20 02:58:00,2011-03-20 04:37:00,B4.7,POINT(36.0 12.0),0
gev_20110320_0725,2011-03-20 07:25:00,2011-03-20 07:33:00,2011-03-20 07:47:00,B7.1,POINT(-36.0 33.0),1177
gev_20110320_1330,2011-03-20 13:30:00,2011-03-20 14:48:00,2011-03-20 15:55:00,B6.6,POINT(-87.0 -19.0),0
gev_20110321_1145,2011-03-21 11:45:00,2011-03-21 11:47:00,2011-03-21 11:50:00,C2.6,POINT(87.0 20.0),0
gev_20110321_1152,2011-03-21 11:52:00,2011-03-21 11:57:00,2011-03-21 12:03:00,C1.0,POINT(-87.0 -21.0),1176
gev_20110321_1523,2011-03-21 15:23:00,2011-03-21 16:30:00,2011-03-21 17:15:00,C3.3,POINT(-87.0 -20.0),1176
gev_20110321_1531,2011-03-21 15:31:00,2011-03-21 17:19:00,2011-03-21 18:30:00,C4.2,POINT(-87.0 -20.0),1176
gev_20110322_0320,2011-03-22 03:20:00,2011-03-22 03:25:00,2011-03-22 03:29:00,C1.9,POINT(-80.0 19.0),0
gev_20110322_0331,2011-03-22 03:31:00,2011-03-22 03:37:00,2011-03-22 03:40:00,C3.9,POINT(-87.0 -19.0),0
gev_20110322_1542,2011-03-22 15:42:00,2011-03-22 15:46:00,2011-03-22 15:50:00,C2.5,POINT(-88.0 -19.0),0
gev_20110322_2119,2011-03-22 21:19:00,2011-03-22 22:12:00,2011-03-22 22:34:00,C1.6,POINT(-88.0 -15.0),0
gev_20110323_0203,2011-03-23 02:03:00,2011-03-23 02:17:00,2011-03-23 02:24:00,M1.4,POINT(-70.0 -18.0),1176
gev_20110323_1547,2011-03-23 15:47:00,2011-03-23 15:50:00,2011-03-23 15:53:00,B5.7,POINT(-59.0 19.0),1177
gev_20110323_1706,2011-03-23 17:06:00,2011-03-23 17:10:00,2011-03-23 17:13:00,C1.1,POINT(-64.0 -18.0),1176
gev_20110324_0052,2011-03-24 00:52:00,2011-03-24 00:56:00,2011-03-24 00:58:00,B5.7,POINT(-59.0 -18.0),0
gev_20110324_0252,2011-03-24 02:52:00,2011-03-24 02:55:00,2011-03-24 02:58:00,B6.2,POINT(-58.0 -19.0),0
gev_20110324_1108,2011-03-24 11:08:00,2011-03-24 11:20:00,2011-03-24 11:25:00,B5.8,POINT(60.0 -27.0),0
gev_20110324_1201,2011-03-24 12:01:00,2011-03-24 12:07:00,2011-03-24 12:11:00,M1.0,POINT(-43.0 -15.0),0
gev_20110324_1531,2011-03-24 15:31:00,2011-03-24 15:37:00,2011-03-24 15:42:00,C1.6,POINT(-41.0 -14.0),0
gev_20110324_1655,2011-03-24 16:55:00,2011-03-24 16:58:00,2011-03-24 17:00:00,B6.6,POINT(-41.0 -13.0),0
gev_20110324_1701,2011-03-24 17:01:00,2011-03-24 17:06:00,2011-03-24 17:10:00,C9.1,POINT(-40.0 -14.0),0
gev_20110324_1715,2011-03-24 17:15:00,2011-03-24 17:19:00,2011-03-24 17:21:00,B9.6,POINT(-50.0 -19.0),0
gev_20110324_1823,2011-03-24 18:23:00,2011-03-24 18:27:00,2011-03-24 18:29:00,B8.4,POINT(-40.0 -14.0),0
gev_20110324_1851,2011-03-24 18:51:00,2011-03-24 18:57:00,2011-03-24 19:14:00,C1.3,POINT(-39.0 -14.0),0
gev_20110324_2020,2011-03-24 20:20:00,2011-03-24 20:24:00,2011-03-24 20:27:00,B6.8,POINT(-39.0 -14.0),0
gev_20110324_2053,2011-03-24 20:53:00,2011-03-24 20:57:00,2011-03-24 21:00:00,C1.4,POINT(-38.0 -13.0),0
gev_20110325_0038,2011-03-25 00:38:00,2011-03-25 00:42:00,2011-03-25 00:45:00,C1.0,POINT(-36.0 -13.0),1176
gev_20110325_0057,2011-03-25 00:57:00,2011-03-25 01:01:00,2011-03-25 01:04:00,C1.0,POINT(-43.0 -18.0),1176
gev_20110325_0254,2011-03-25 02:54:00,2011-03-25 02:59:00,2011-03-25 03:01:00,B9.5,POINT(-35.0 -15.0),1176
gev_20110325_1647,2011-03-25 16:47:00,2011-03-25 17:13:00,2011-03-25 17:22:00,C1.0,POINT(-28.0 -11.0),1176
gev_20110325_1925,2011-03-25 19:25:00,2011-03-25 19:42:00,2011-03-25 20:00:00,B5.4,POINT(-40.0 22.0),1182
gev_20110325_2308,2011-03-25 23:08:00,2011-03-25 23:22:00,2011-03-25 23:30:00,M1.0,POINT(-26.0 -12.0),1176
gev_20110326_0055,2011-03-26 00:55:00,2011-03-26 00:58:00,2011-03-26 01:02:00,C1.0,POINT(-26.0 -13.0),1176
gev_20110326_1442,2011-03-26 14:42:00,2011-03-26 14:45:00,2011-03-26 14:47:00,B6.6,POINT(-23.0 -17.0),1176
gev_20110327_0006,2011-03-27 00:06:00,2011-03-27 00:14:00,2011-03-27 00:20:00,C3.1,POINT(-11.0 -11.0),1176
gev_20110327_1253,2011-03-27 12:53:00,2011-03-27 12:57:00,2011-03-27 12:59:00,B7.6,POINT(68.0 8.0),1179
gev_20110327_1357,2011-03-27 13:57:00,2011-03-27 14:00:00,2011-03-27 14:03:00,B5.9,POINT(-2.0 -15.0),1176
gev_20110327_1554,2011-03-27 15:54:00,2011-03-27 15:57:00,2011-03-27 15:59:00,B7.4,POINT(-12.0 -18.0),1176
gev_20110327_1658,2011-03-27 16:58:00,2011-03-27 17:03:00,2011-03-27 17:05:00,C1.1,POINT(-10.0 -18.0),1176
gev_20110327_1809,2011-03-27 18:09:00,2011-03-27 18:13:00,2011-03-27 18:18:00,B7.1,POINT(-1.0 -12.0),1176
gev_20110327_2315,2011-03-27 23:15:00,2011-03-27 23:26:00,2011-03-27 23:55:00,C1.0,POINT(-47.0 -29.0),0
gev_20110327_2318,2011-03-27 23:18:00,2011-03-27 23:26:00,2011-03-27 23:34:00,C1.0,POINT(-48.0 -29.0),1181
gev_20110328_0028,2011-03-28 00:28:00,2011-03-28 00:33:00,2011-03-28 00:39:00,B5.7,POINT(-6.0 -18.0),1176
gev_20110328_1130,2011-03-28 11:30:00,2011-03-28 11:39:00,2011-03-28 11:46:00,C1.4,POINT(5.0 -13.0),1176
gev_20110328_1631,2011-03-28 16:31:00,2011-03-28 16:46:00,2011-03-28 16:53:00,B7.1,POINT(-61.0 16.0),1183
gev_20110328_1702,2011-03-28 17:02:00,2011-03-28 17:22:00,2011-03-28 17:45:00,B7.7,POINT(-62.0 17.0),1183
gev_20110328_1852,2011-03-28 18:52:00,2011-03-28 18:56:00,2011-03-28 19:02:00,B9.0,POINT(-0.0 -19.0),1176
gev_20110329_0027,2011-03-29 00:27:00,2011-03-29 00:32:00,2011-03-29 00:34:00,B8.6,POINT(3.0 -19.0),1176
gev_20110329_0511,2011-03-29 05:11:00,2011-03-29 05:15:00,2011-03-29 05:24:00,C1.1,POINT(-55.0 15.0),0
gev_20110329_1920,2011-03-29 19:20:00,2011-03-29 21:14:00,2011-03-29 21:20:00,B6.0,POINT(-46.0 14.0),0
gev_20110329_2121,2011-03-29 21:21:00,2011-03-29 21:29:00,2011-03-29 21:59:00,C1.2,POINT(-44.0 17.0),1183
gev_20110330_0653,2011-03-30 06:53:00,2011-03-30 07:01:00,2011-03-30 07:14:00,B9.6,POINT(39.0 -34.0),0
gev_20110330_1138,2011-03-30 11:38:00,2011-03-30 11:45:00,2011-03-30 11:49:00,B9.0,POINT(25.0 -16.0),1176
gev_20110330_1942,2011-03-30 19:42:00,2011-03-30 20:05:00,2011-03-30 20:13:00,C1.9,POINT(-34.0 15.0),0
gev_20110330_2206,2011-03-30 22:06:00,2011-03-30 22:10:00,2011-03-30 22:20:00,B5.0,POINT(31.0 -16.0),1176
gev_20110331_0157,2011-03-31 01:57:00,2011-03-31 02:02:00,2011-03-31 02:07:00,C1.2,POINT(-29.0 15.0),0
gev_20110331_1526,2011-03-31 15:26:00,2011-03-31 15:35:00,2011-03-31 15:46:00,C2.6,POINT(36.0 -18.0),1176
gev_20110331_2135,2011-03-31 21:35:00,2011-03-31 21:39:00,2011-03-31 21:47:00,B7.0,POINT(40.0 -18.0),1176
gev_20110331_2207,2011-03-31 22:07:00,2011-03-31 22:21:00,2011-03-31 22:32:00,C1.6,POINT(21.0 -17.0),1178
gev_20110401_0146,2011-04-01 01:46:00,2011-04-01 01:56:00,2011-04-01 02:07:00,C3.4,POINT(-14.0 15.0),0
gev_20110401_0348,2011-04-01 03:48:00,2011-04-01 03:54:00,2011-04-01 03:59:00,C3.1,POINT(48.0 -18.0),1176
gev_20110401_2219,2011-04-01 22:19:00,2011-04-01 22:23:00,2011-04-01 22:26:00,B6.8,POINT(-9.0 17.0),0
gev_20110402_0322,2011-04-02 03:22:00,2011-04-02 03:26:00,2011-04-02 03:29:00,B4.6,POINT(-6.0 17.0),0
gev_20110402_1433,2011-04-02 14:33:00,2011-04-02 14:38:00,2011-04-02 14:42:00,B4.1,POINT(27.0 25.0),0
gev_20110402_2234,2011-04-02 22:34:00,2011-04-02 23:01:00,2011-04-02 23:32:00,B7.4,POINT(78.0 -13.0),1176
gev_20110403_0501,2011-04-03 05:01:00,2011-04-03 05:19:00,2011-04-03 05:28:00,C1.2,POINT(15.0 15.0),0
gev_20110404_0229,2011-04-04 02:29:00,2011-04-04 04:47:00,2011-04-04 06:45:00,B8.7,POINT(63.0 25.0),1180
gev_20110404_0307,2011-04-04 03:07:00,2011-04-04 04:47:00,2011-04-04 05:17:00,B8.6,POINT(63.0 25.0),1180
gev_20110404_1710,2011-04-04 17:10:00,2011-04-04 17:13:00,2011-04-04 17:15:00,B5.5,POINT(40.0 14.0),1183
gev_20110404_2319,2011-04-04 23:19:00,2011-04-04 23:25:00,2011-04-04 23:39:00,B5.2,POINT(-87.0 20.0),1185
gev_20110405_0517,2011-04-05 05:17:00,2011-04-05 05:23:00,2011-04-05 05:29:00,B7.4,POINT(-87.0 21.0),0
gev_20110406_1546,2011-04-06 15:46:00,2011-04-06 15:49:00,2011-04-06 15:52:00,B9.6,POINT(-50.0 18.0),0
gev_20110406_1614,2011-04-06 16:14:00,2011-04-06 16:23:00,2011-04-06 16:35:00,C1.2,POINT(-88.0 11.0),0
gev_20110406_1712,2011-04-06 17:12:00,2011-04-06 17:20:00,2011-04-06 17:30:00,B9.4,POINT(-42.0 23.0),0
gev_20110406_1752,2011-04-06 17:52:00,2011-04-06 18:00:00,2011-04-06 18:07:00,C1.9,POINT(-88.0 13.0),0
gev_20110406_2135,2011-04-06 21:35:00,2011-04-06 21:45:00,2011-04-06 21:54:00,C1.4,POINT(-88.0 12.0),0
gev_20110407_0419,2011-04-07 04:19:00,2011-04-07 04:30:00,2011-04-07 04:35:00,C1.8,POINT(-88.0 12.0),0
gev_20110407_0454,2011-04-07 04:54:00,2011-04-07 04:59:00,2011-04-07 05:03:00,C1.5,POINT(-88.0 12.0),1190
gev_20110407_1625,2011-04-07 16:25:00,2011-04-07 16:30:00,2011-04-07 16:39:00,C1.5,POINT(-88.0 13.0),1190
gev_20110408_1816,2011-04-08 18:16:00,2011-04-08 18:24:00,2011-04-08 18:32:00,B7.4,POINT(-21.0 16.0),0
gev_20110409_0040,2011-04-09 00:40:00,2011-04-09 00:45:00,2011-04-09 00:50:00,B8.0,POINT(-18.0 16.0),0
gev_20110409_0157,2011-04-09 01:57:00,2011-04-09 02:02:00,2011-04-09 02:06:00,B4.2,POINT(68.0 15.0),0
gev_20110409_0357,2011-04-09 03:57:00,2011-04-09 04:00:00,2011-04-09 04:03:00,B4.4,POINT(67.0 15.0),0
gev_20110409_1448,2011-04-09 14:48:00,2011-04-09 15:45:00,2011-04-09 15:58:00,C1.3,POINT(73.0 15.0),0
gev_20110409_2301,2011-04-09 23:01:00,2011-04-09 23:04:00,2011-04-09 23:08:00,B5.0,POINT(-19.0 22.0),0
gev_20110410_0006,2011-04-10 00:06:00,2011-04-10 00:10:00,2011-04-10 00:16:00,B4.3,POINT(-20.0 22.0),1186
gev_20110410_1606,2011-04-10 16:06:00,2011-04-10 16:12:00,2011-04-10 16:24:00,B5.1,POINT(-14.0 22.0),0
gev_20110410_1753,2011-04-10 17:53:00,2011-04-10 17:58:00,2011-04-10 18:03:00,B4.4,POINT(-10.0 21.0),1186
gev_20110411_0909,2011-04-11 09:09:00,2011-04-11 09:15:00,2011-04-11 09:21:00,B9.2,POINT(-88.0 6.0),0
gev_20110411_1249,2011-04-11 12:49:00,2011-04-11 13:00:00,2011-04-11 13:10:00,B7.2,POINT(-32.0 12.0),1190
gev_20110411_1553,2011-04-11 15:53:00,2011-04-11 16:02:00,2011-04-11 16:19:00,C1.2,POINT(-31.0 12.0),1190
gev_20110411_1652,2011-04-11 16:52:00,2011-04-11 16:57:00,2011-04-11 17:00:00,B4.6,POINT(-30.0 14.0),1190
gev_20110411_2025,2011-04-11 20:25:00,2011-04-11 20:30:00,2011-04-11 20:30:00,C1.8,POINT(-29.0 12.0),1190
gev_20110411_2211,2011-04-11 22:11:00,2011-04-11 22:24:00,2011-04-11 22:41:00,B8.1,POINT(-27.0 14.0),0
gev_20110411_2340,2011-04-11 23:40:00,2011-04-11 23:45:00,2011-04-11 23:47:00,C1.0,POINT(-24.0 12.0),0
gev_20110412_0340,2011-04-12 03:40:00,2011-04-12 03:46:00,2011-04-12 03:52:00,C1.7,POINT(-25.0 11.0),0
gev_20110412_0546,2011-04-12 05:46:00,2011-04-12 06:07:00,2011-04-12 06:11:00,C3.1,POINT(-88.0 9.0),0
gev_20110412_1221,2011-04-12 12:21:00,2011-04-12 12:25:00,2011-04-12 12:32:00,C1.8,POINT(-88.0 9.0),0
gev_20110412_1752,2011-04-12 17:52:00,2011-04-12 17:58:00,2011-04-12 18:02:00,B9.7,POINT(-88.0 11.0),0
gev_20110413_0321,2011-04-13 03:21:00,2011-04-13 03:30:00,2011-04-13 03:36:00,C1.9,POINT(-76.0 9.0),0
gev_20110413_0625,2011-04-13 06:25:00,2011-04-13 06:28:00,2011-04-13 06:32:00,C2.2,POINT(-79.0 15.0),0
gev_20110413_0755,2011-04-13 07:55:00,2011-04-13 07:59:00,2011-04-13 08:03:00,C1.2,POINT(-87.0 17.0),0
gev_20110413_0829,2011-04-13 08:29:00,2011-04-13 08:32:00,2011-04-13 08:36:00,C1.0,POINT(-7.0 14.0),1190
gev_20110413_1037,2011-04-13 10:37:00,2011-04-13 10:41:00,2011-04-13 10:45:00,C1.4,POINT(-78.0 14.0),1193
gev_20110413_1312,2011-04-13 13:12:00,2011-04-13 13:15:00,2011-04-13 13:21:00,C1.2,POINT(-82.0 15.0),1193
gev_20110413_1437,2011-04-13 14:37:00,2011-04-13 14:47:00,2011-04-13 14:57:00,C1.2,POINT(-6.0 13.0),1190
gev_20110413_1602,2011-04-13 16:02:00,2011-04-13 16:07:00,2011-04-13 16:11:00,C1.1,POINT(-4.0 13.0),1190
gev_20110414_0520,2011-04-14 05:20:00,2011-04-14 05:27:00,2011-04-14 05:33:00,C4.9,POINT(-70.0 15.0),0
gev_20110414_0615,2011-04-14 06:15:00,2011-04-14 06:18:00,2011-04-14 06:20:00,B8.5,POINT(5.0 11.0),0
gev_20110414_0656,2011-04-14 06:56:00,2011-04-14 07:00:00,2011-04-14 07:00:00,C1.6,POINT(-72.0 17.0),0
gev_20110414_0938,2011-04-14 09:38:00,2011-04-14 09:44:00,2011-04-14 09:49:00,C2.3,POINT(5.0 12.0),1190
gev_20110414_1226,2011-04-14 12:26:00,2011-04-14 12:29:00,2011-04-14 12:32:00,C1.6,POINT(56.0 14.0),1185
gev_20110414_1521,2011-04-14 15:21:00,2011-04-14 15:27:00,2011-04-14 15:34:00,C2.4,POINT(7.0 13.0),1190
gev_20110414_1707,2011-04-14 17:07:00,2011-04-14 17:10:00,2011-04-14 17:10:00,C1.1,POINT(6.0 15.0),0
gev_20110414_1837,2011-04-14 18:37:00,2011-04-14 18:40:00,2011-04-14 18:43:00,B9.8,POINT(6.0 16.0),0
gev_20110414_1856,2011-04-14 18:56:00,2011-04-14 18:59:00,2011-04-14 19:01:00,B8.2,POINT(11.0 12.0),1190
gev_20110414_1957,2011-04-14 19:57:00,2011-04-14 20:00:00,2011-04-14 20:02:00,B8.0,POINT(13.0 11.0),0
gev_20110414_2017,2011-04-14 20:17:00,2011-04-14 20:20:00,2011-04-14 20:22:00,B9.3,POINT(12.0 12.0),0
gev_20110414_2111,2011-04-14 21:11:00,2011-04-14 21:18:00,2011-04-14 21:27:00,C1.1,POINT(12.0 13.0),0
gev_20110415_0243,2011-04-15 02:43:00,2011-04-15 02:47:00,2011-04-15 02:52:00,B8.8,POINT(13.0 13.0),0
gev_20110415_0343,2011-04-15 03:43:00,2011-04-15 03:45:00,2011-04-15 03:55:00,C1.8,POINT(17.0 12.0),1190
gev_20110415_0437,2011-04-15 04:37:00,2011-04-15 04:41:00,2011-04-15 04:44:00,C1.3,POINT(17.0 12.0),1190
gev_20110415_0809,2011-04-15 08:09:00,2011-04-15 08:11:00,2011-04-15 08:12:00,C1.1,POINT(20.0 12.0),1190
gev_20110415_0910,2011-04-15 09:10:00,2011-04-15 09:15:00,2011-04-15 09:19:00,C1.3,POINT(19.0 12.0),1190
gev_20110415_1129,2011-04-15 11:29:00,2011-04-15 11:30:00,2011-04-15 11:36:00,C1.9,POINT(22.0 12.0),0
gev_20110415_1347,2011-04-15 13:47:00,2011-04-15 13:50:00,2011-04-15 13:54:00,C2.8,POINT(23.0 11.0),0
gev_20110415_1442,2011-04-15 14:42:00,2011-04-15 14:45:00,2011-04-15 14:49:00,C2.0,POINT(24.0 13.0),1190
gev_20110415_1608,2011-04-15 16:08:00,2011-04-15 16:14:00,2011-04-15 16:19:00,C1.6,POINT(25.0 12.0),1190
gev_20110415_1702,2011-04-15 17:02:00,2011-04-15 17:12:00,2011-04-15 17:28:00,M1.3,POINT(24.0 13.0),1190
gev_20110415_2233,2011-04-15 22:33:00,2011-04-15 22:36:00,2011-04-15 22:39:00,C1.8,POINT(29.0 12.0),0
gev_20110416_0034,2011-04-16 00:34:00,2011-04-16 00:45:00,2011-04-16 00:57:00,C5.2,POINT(29.0 13.0),0
gev_20110416_0154,2011-04-16 01:54:00,2011-04-16 02:01:00,2011-04-16 02:07:00,C1.4,POINT(-44.0 17.0),1193
gev_20110416_0231,2011-04-16 02:31:00,2011-04-16 02:38:00,2011-04-16 02:38:00,C1.6,POINT(31.0 13.0),0
gev_20110416_0401,2011-04-16 04:01:00,2011-04-16 04:08:00,2011-04-16 04:17:00,C1.4,POINT(79.0 14.0),0
gev_20110416_0526,2011-04-16 05:26:00,2011-04-16 05:30:00,2011-04-16 05:38:00,C3.5,POINT(32.0 12.0),0
gev_20110416_0606,2011-04-16 06:06:00,2011-04-16 06:15:00,2011-04-16 06:24:00,C1.7,POINT(83.0 17.0),0
gev_20110416_0900,2011-04-16 09:00:00,2011-04-16 09:07:00,2011-04-16 09:12:00,C1.8,POINT(87.0 18.0),0
gev_20110416_1032,2011-04-16 10:32:00,2011-04-16 10:36:00,2011-04-16 10:40:00,B9.4,POINT(87.0 17.0),0
gev_20110416_1351,2011-04-16 13:51:00,2011-04-16 14:00:00,2011-04-16 14:03:00,C5.0,POINT(35.0 13.0),0
gev_20110416_1611,2011-04-16 16:11:00,2011-04-16 16:14:00,2011-04-16 16:17:00,B6.8,POINT(-24.0 6.0),0
gev_20110416_1634,2011-04-16 16:34:00,2011-04-16 16:38:00,2011-04-16 16:53:00,C3.7,POINT(87.0 19.0),0
gev_20110416_1959,2011-04-16 19:59:00,2011-04-16 20:17:00,2011-04-16 20:28:00,C1.0,POINT(87.0 17.0),0
gev_20110416_2052,2011-04-16 20:52:00,2011-04-16 21:02:00,2011-04-16 21:26:00,B9.0,POINT(-33.0 14.0),0
gev_20110416_2316,2011-04-16 23:16:00,2011-04-16 23:25:00,2011-04-16 23:30:00,C1.7,POINT(87.0 17.0),0
gev_20110417_0538,2011-04-17 05:38:00,2011-04-17 05:41:00,2011-04-17 05:43:00,B7.1,POINT(46.0 12.0),0
gev_20110417_0802,2011-04-17 08:02:00,2011-04-17 08:06:00,2011-04-17 08:11:00,B8.0,POINT(87.0 17.0),0
gev_20110417_1408,2011-04-17 14:08:00,2011-04-17 14:15:00,2011-04-17 14:23:00,C1.4,POINT(87.0 18.0),0
gev_20110417_1529,2011-04-17 15:29:00,2011-04-17 15:40:00,2011-04-17 16:01:00,B7.4,POINT(88.0 16.0),0
gev_20110417_1629,2011-04-17 16:29:00,2011-04-17 16:49:00,2011-04-17 17:00:00,B7.2,POINT(88.0 16.0),0
gev_20110417_1900,2011-04-17 19:00:00,2011-04-17 19:18:00,2011-04-17 19:33:00,C1.3,POINT(-88.0 -19.0),0
gev_20110418_0235,2011-04-18 02:35:00,2011-04-18 02:43:00,2011-04-18 02:47:00,C1.8,POINT(-12.0 13.0),0
gev_20110418_0318,2011-04-18 03:18:00,2011-04-18 04:03:00,2011-04-18 04:45:00,C1.8,POINT(87.0 26.0),0
gev_20110418_0332,2011-04-18 03:32:00,2011-04-18 03:48:00,2011-04-18 04:16:00,C1.8,POINT(87.0 26.0),0
gev_20110418_1052,2011-04-18 10:52:00,2011-04-18 10:56:00,2011-04-18 11:02:00,B6.6,POINT(-16.0 16.0),0
gev_20110418_1556,2011-04-18 15:56:00,2011-04-18 16:02:00,2011-04-18 16:06:00,B9.7,POINT(-13.0 16.0),0
gev_20110418_1855,2011-04-18 18:55:00,2011-04-18 19:02:00,2011-04-18 19:08:00,C1.5,POINT(-11.0 16.0),0
gev_20110418_1917,2011-04-18 19:17:00,2011-04-18 19:24:00,2011-04-18 19:31:00,C1.0,POINT(-88.0 -15.0),0
gev_20110418_2312,2011-04-18 23:12:00,2011-04-18 23:15:00,2011-04-18 23:15:00,B7.6,POINT(65.0 11.0),0
gev_20110419_0234,2011-04-19 02:34:00,2011-04-19 02:37:00,2011-04-19 02:40:00,B7.8,POINT(67.0 10.0),0
gev_20110419_0508,2011-04-19 05:08:00,2011-04-19 05:12:00,2011-04-19 05:17:00,C1.0,POINT(0.0 18.0),1193
gev_20110419_1116,2011-04-19 11:16:00,2011-04-19 11:20:00,2011-04-19 11:24:00,B9.0,POINT(-0.0 17.0),1193
gev_20110420_0346,2011-04-20 03:46:00,2011-04-20 04:31:00,2011-04-20 04:49:00,C1.0,POINT(-69.0 -15.0),1197
gev_20110420_0347,2011-04-20 03:47:00,2011-04-20 04:31:00,2011-04-20 05:10:00,C1.1,POINT(-69.0 -15.0),1195
gev_20110420_0924,2011-04-20 09:24:00,2011-04-20 09:28:00,2011-04-20 09:32:00,B6.7,POINT(18.0 17.0),1193
gev_20110420_1307,2011-04-20 13:07:00,2011-04-20 13:11:00,2011-04-20 13:13:00,B8.5,POINT(-61.0 -15.0),0
gev_20110420_1738,2011-04-20 17:38:00,2011-04-20 18:36:00,2011-04-20 19:06:00,C1.5,POINT(13.0 18.0),0
gev_20110420_1930,2011-04-20 19:30:00,2011-04-20 19:31:00,2011-04-20 19:39:00,C4.0,POINT(-82.0 -23.0),0
gev_20110420_2302,2011-04-20 23:02:00,2011-04-20 23:07:00,2011-04-20 23:21:00,B8.9,POINT(88.0 12.0),0
gev_20110421_0624,2011-04-21 06:24:00,2011-04-21 06:39:00,2011-04-21 06:44:00,B8.3,POINT(-50.0 -18.0),0
gev_20110421_0831,2011-04-21 08:31:00,2011-04-21 08:38:00,2011-04-21 08:38:00,C1.0,POINT(-50.0 -15.0),0
gev_20110421_0938,2011-04-21 09:38:00,2011-04-21 09:48:00,2011-04-21 09:58:00,C8.5,POINT(-51.0 -16.0),0
gev_20110421_1437,2011-04-21 14:37:00,2011-04-21 14:45:00,2011-04-21 14:51:00,C4.9,POINT(-50.0 -17.0),0
gev_20110421_2151,2011-04-21 21:51:00,2011-04-21 22:00:00,2011-04-21 22:07:00,C4.5,POINT(-44.0 -16.0),0
gev_20110422_0013,2011-04-22 00:13:00,2011-04-22 00:20:00,2011-04-22 00:26:00,C1.5,POINT(-41.0 -15.0),1195
gev_20110422_0100,2011-04-22 01:00:00,2011-04-22 01:38:00,2011-04-22 02:55:00,C3.3,POINT(-44.0 -17.0),0
gev_20110422_0435,2011-04-22 04:35:00,2011-04-22 04:45:00,2011-04-22 04:57:00,M1.8,POINT(-42.0 -17.0),0
gev_20110422_0708,2011-04-22 07:08:00,2011-04-22 07:11:00,2011-04-22 07:18:00,C1.7,POINT(-40.0 -16.0),0
gev_20110422_0804,2011-04-22 08:04:00,2011-04-22 08:09:00,2011-04-22 08:12:00,C2.5,POINT(-37.0 -16.0),0
gev_20110422_0940,2011-04-22 09:40:00,2011-04-22 09:46:00,2011-04-22 09:59:00,C2.6,POINT(-37.0 -16.0),1195
gev_20110422_1107,2011-04-22 11:07:00,2011-04-22 11:15:00,2011-04-22 11:25:00,C7.7,POINT(-37.0 -17.0),1195
gev_20110422_1229,2011-04-22 12:29:00,2011-04-22 12:30:00,2011-04-22 12:36:00,C3.0,POINT(-36.0 -16.0),1195
gev_20110422_1404,2011-04-22 14:04:00,2011-04-22 14:07:00,2011-04-22 14:09:00,C1.3,POINT(-34.0 -15.0),1195
gev_20110422_1442,2011-04-22 14:42:00,2011-04-22 14:47:00,2011-04-22 14:49:00,C1.3,POINT(-33.0 -17.0),1195
gev_20110422_1455,2011-04-22 14:55:00,2011-04-22 14:59:00,2011-04-22 15:02:00,C1.4,POINT(-34.0 -17.0),0
gev_20110422_1547,2011-04-22 15:47:00,2011-04-22 15:53:00,2011-04-22 15:53:00,M1.2,POINT(-36.0 -18.0),0
gev_20110422_1656,2011-04-22 16:56:00,2011-04-22 17:00:00,2011-04-22 17:07:00,C5.5,POINT(-32.0 -17.0),0
gev_20110422_1741,2011-04-22 17:41:00,2011-04-22 17:45:00,2011-04-22 17:54:00,C4.2,POINT(-34.0 -17.0),0
gev_20110422_1930,2011-04-22 19:30:00,2011-04-22 19:35:00,2011-04-22 19:40:00,C3.6,POINT(-32.0 -16.0),0
gev_20110422_2054,2011-04-22 20:54:00,2011-04-22 20:57:00,2011-04-22 21:01:00,B9.5,POINT(-30.0 -15.0),0
gev_20110422_2147,2011-04-22 21:47:00,2011-04-22 21:59:00,2011-04-22 21:59:00,C2.7,POINT(-30.0 -16.0),0
gev_20110422_2239,2011-04-22 22:39:00,2011-04-22 22:46:00,2011-04-22 22:54:00,C2.4,POINT(48.0 17.0),0
gev_20110422_2255,2011-04-22 22:55:00,2011-04-22 23:00:00,2011-04-22 23:00:00,C2.9,POINT(-28.0 -15.0),0
gev_20110423_0152,2011-04-23 01:52:00,2011-04-23 02:00:00,2011-04-23 02:07:00,C1.3,POINT(-28.0 -17.0),1195
gev_20110423_0243,2011-04-23 02:43:00,2011-04-23 02:47:00,2011-04-23 02:50:00,B8.6,POINT(-27.0 -15.0),1195
gev_20110423_0309,2011-04-23 03:09:00,2011-04-23 03:13:00,2011-04-23 03:13:00,B6.1,POINT(-27.0 -16.0),1195
gev_20110423_0339,2011-04-23 03:39:00,2011-04-23 03:45:00,2011-04-23 03:53:00,C1.9,POINT(-26.0 -15.0),1195
gev_20110423_0414,2011-04-23 04:14:00,2011-04-23 04:15:00,2011-04-23 04:21:00,C1.1,POINT(-26.0 -17.0),1195
gev_20110423_0451,2011-04-23 04:51:00,2011-04-23 04:59:00,2011-04-23 05:04:00,C1.2,POINT(-27.0 -16.0),1195
gev_20110423_0730,2011-04-23 07:30:00,2011-04-23 07:34:00,2011-04-23 07:38:00,C2.4,POINT(-24.0 -16.0),1195
gev_20110423_1028,2011-04-23 10:28:00,2011-04-23 10:32:00,2011-04-23 10:36:00,B5.5,POINT(-23.0 -16.0),1195
gev_20110423_1243,2011-04-23 12:43:00,2011-04-23 12:45:00,2011-04-23 12:52:00,B8.1,POINT(53.0 13.0),0
gev_20110423_1409,2011-04-23 14:09:00,2011-04-23 14:16:00,2011-04-23 14:22:00,C1.0,POINT(-22.0 -17.0),1195
gev_20110423_1604,2011-04-23 16:04:00,2011-04-23 16:07:00,2011-04-23 16:11:00,B6.2,POINT(63.0 16.0),0
gev_20110423_1858,2011-04-23 18:58:00,2011-04-23 19:03:00,2011-04-23 19:08:00,B6.7,POINT(64.0 16.0),0
gev_20110424_0751,2011-04-24 07:51:00,2011-04-24 09:00:00,2011-04-24 09:50:00,B9.1,POINT(-74.0 20.0),0
gev_20110424_1913,2011-04-24 19:13:00,2011-04-24 19:15:00,2011-04-24 19:26:00,C2.4,POINT(70.0 18.0),1193
gev_20110424_1950,2011-04-24 19:50:00,2011-04-24 20:07:00,2011-04-24 20:15:00,C1.7,POINT(-88.0 16.0),0
gev_20110425_0233,2011-04-25 02:33:00,2011-04-25 03:22:00,2011-04-25 03:56:00,B8.7,POINT(88.0 19.0),0
gev_20110425_1601,2011-04-25 16:01:00,2011-04-25 16:06:00,2011-04-25 16:08:00,B8.1,POINT(13.0 -15.0),0
gev_20110425_2212,2011-04-25 22:12:00,2011-04-25 22:15:00,2011-04-25 22:19:00,B9.3,POINT(87.0 20.0),0
gev_20110426_2210,2011-04-26 22:10:00,2011-04-26 22:16:00,2011-04-26 22:22:00,B4.4,POINT(20.0 20.0),0
gev_20110427_0226,2011-04-27 02:26:00,2011-04-27 02:33:00,2011-04-27 03:01:00,C2.0,POINT(-57.0 17.0),1205
gev_20110427_0613,2011-04-27 06:13:00,2011-04-27 06:17:00,2011-04-27 06:27:00,B8.7,POINT(25.0 21.0),1199
gev_20110427_1357,2011-04-27 13:57:00,2011-04-27 14:00:00,2011-04-27 14:03:00,B4.5,POINT(29.0 -17.0),1195
gev_20110427_2254,2011-04-27 22:54:00,2011-04-27 23:04:00,2011-04-27 23:23:00,B8.0,POINT(12.0 -26.0),0
gev_20110428_0232,2011-04-28 02:32:00,2011-04-28 02:40:00,2011-04-28 02:46:00,C1.0,POINT(12.0 -28.0),0
gev_20110428_0859,2011-04-28 08:59:00,2011-04-28 09:03:00,2011-04-28 09:12:00,B4.4,POINT(29.0 15.0),1202
gev_20110428_0915,2011-04-28 09:15:00,2011-04-28 09:22:00,2011-04-28 09:22:00,B6.7,POINT(29.0 16.0),1202
gev_20110428_1002,2011-04-28 10:02:00,2011-04-28 10:19:00,2011-04-28 10:28:00,B8.3,POINT(42.0 20.0),1199
gev_20110428_1041,2011-04-28 10:41:00,2011-04-28 10:47:00,2011-04-28 10:52:00,B8.0,POINT(41.0 20.0),1199
gev_20110428_1151,2011-04-28 11:51:00,2011-04-28 11:58:00,2011-04-28 12:03:00,C2.4,POINT(42.0 20.0),1199
gev_20110428_1239,2011-04-28 12:39:00,2011-04-28 12:47:00,2011-04-28 12:51:00,C1.1,POINT(43.0 20.0),1199
gev_20110428_2106,2011-04-28 21:06:00,2011-04-28 21:12:00,2011-04-28 21:18:00,B8.2,POINT(46.0 20.0),1199
gev_20110429_0017,2011-04-29 00:17:00,2011-04-29 00:26:00,2011-04-29 00:33:00,C3.8,POINT(-88.0 17.0),0
gev_20110429_0126,2011-04-29 01:26:00,2011-04-29 01:29:00,2011-04-29 01:31:00,B8.9,POINT(49.0 21.0),1199
gev_20110429_0851,2011-04-29 08:51:00,2011-04-29 08:54:00,2011-04-29 08:59:00,B4.9,POINT(87.0 -29.0),0
gev_20110429_1244,2011-04-29 12:44:00,2011-04-29 12:48:00,2011-04-29 12:56:00,B6.6,POINT(-10.0 -16.0),1200
gev_20110429_2040,2011-04-29 20:40:00,2011-04-29 20:48:00,2011-04-29 20:58:00,C1.8,POINT(69.0 -16.0),0
gev_20110429_2249,2011-04-29 22:49:00,2011-04-29 22:55:00,2011-04-29 23:00:00,C1.5,POINT(71.0 -14.0),0
gev_20110430_0414,2011-04-30 04:14:00,2011-04-30 04:16:00,2011-04-30 04:20:00,B7.6,POINT(63.0 20.0),0
gev_20110430_0505,2011-04-30 05:05:00,2011-04-30 05:08:00,2011-04-30 05:11:00,B6.8,POINT(74.0 -13.0),0
gev_20110430_0811,2011-04-30 08:11:00,2011-04-30 08:15:00,2011-04-30 08:19:00,C1.5,POINT(66.0 19.0),0
gev_20110430_0855,2011-04-30 08:55:00,2011-04-30 09:00:00,2011-04-30 09:08:00,C1.7,POINT(64.0 20.0),0
gev_20110430_1132,2011-04-30 11:32:00,2011-04-30 11:46:00,2011-04-30 11:51:00,C3.2,POINT(79.0 -16.0),0
gev_20110430_1219,2011-04-30 12:19:00,2011-04-30 12:28:00,2011-04-30 12:42:00,C1.0,POINT(68.0 20.0),0
gev_20110430_1308,2011-04-30 13:08:00,2011-04-30 13:15:00,2011-04-30 13:26:00,C3.2,POINT(71.0 -17.0),0
gev_20110430_2154,2011-04-30 21:54:00,2011-04-30 21:57:00,2011-04-30 22:00:00,B6.4,POINT(56.0 -25.0),0
gev_20110430_2209,2011-04-30 22:09:00,2011-04-30 22:12:00,2011-04-30 22:15:00,B6.6,POINT(73.0 20.0),0
gev_20110501_0751,2011-05-01 07:51:00,2011-05-01 08:14:00,2011-05-01 08:42:00,C1.6,POINT(88.0 -17.0),0
gev_20110501_0949,2011-05-01 09:49:00,2011-05-01 09:57:00,2011-05-01 10:04:00,B9.9,POINT(57.0 -26.0),0
gev_20110501_1158,2011-05-01 11:58:00,2011-05-01 12:01:00,2011-05-01 12:06:00,B6.6,POINT(-64.0 17.0),0
gev_20110501_1237,2011-05-01 12:37:00,2011-05-01 12:50:00,2011-05-01 13:06:00,B5.8,POINT(88.0 -17.0),0
gev_20110501_2325,2011-05-01 23:25:00,2011-05-01 23:32:00,2011-05-01 23:39:00,C6.5,POINT(88.0 21.0),0
gev_20110502_0713,2011-05-02 07:13:00,2011-05-02 07:16:00,2011-05-02 07:22:00,B4.7,POINT(8.0 18.0),0
gev_20110502_0950,2011-05-02 09:50:00,2011-05-02 09:57:00,2011-05-02 10:03:00,B5.8,POINT(88.0 -19.0),0
gev_20110502_1349,2011-05-02 13:49:00,2011-05-02 13:52:00,2011-05-02 13:55:00,B6.0,POINT(89.0 -13.0),0
gev_20110502_1401,2011-05-02 14:01:00,2011-05-02 14:05:00,2011-05-02 14:07:00,C1.2,POINT(3.0 -86.0),0
gev_20110502_2200,2011-05-02 22:00:00,2011-05-02 22:04:00,2011-05-02 22:11:00,B6.1,POINT(35.0 -17.0),0
gev_20110503_0012,2011-05-03 00:12:00,2011-05-03 00:16:00,2011-05-03 00:19:00,B7.0,POINT(37.0 -17.0),0
gev_20110503_0354,2011-05-03 03:54:00,2011-05-03 03:59:00,2011-05-03 04:08:00,B9.2,POINT(37.0 -17.0),0
gev_20110503_0620,2011-05-03 06:20:00,2011-05-03 06:25:00,2011-05-03 06:35:00,B6.3,POINT(40.0 -17.0),0
gev_20110503_1047,2011-05-03 10:47:00,2011-05-03 10:52:00,2011-05-03 10:56:00,C1.3,POINT(-45.0 14.0),0
gev_20110503_1844,2011-05-03 18:44:00,2011-05-03 18:48:00,2011-05-03 18:57:00,B4.1,POINT(-30.0 16.0),0
gev_20110504_0144,2011-05-04 01:44:00,2011-05-04 01:45:00,2011-05-04 01:51:00,B9.3,POINT(-32.0 16.0),0
gev_20110504_1056,2011-05-04 10:56:00,2011-05-04 10:59:00,2011-05-04 11:04:00,B4.5,POINT(-18.0 21.0),0
gev_20110504_1654,2011-05-04 16:54:00,2011-05-04 17:38:00,2011-05-04 18:02:00,B6.9,POINT(-35.0 22.0),0
gev_20110504_1655,2011-05-04 16:55:00,2011-05-04 17:38:00,2011-05-04 18:25:00,B6.8,POINT(-35.0 23.0),0
gev_20110505_0842,2011-05-05 08:42:00,2011-05-05 08:45:00,2011-05-05 08:48:00,B3.0,POINT(64.0 13.0),1201
gev_20110505_1742,2011-05-05 17:42:00,2011-05-05 17:46:00,2011-05-05 17:50:00,B2.9,POINT(-4.0 18.0),0
gev_20110505_1751,2011-05-05 17:51:00,2011-05-05 17:56:00,2011-05-05 17:56:00,B8.0,POINT(-5.0 18.0),0
gev_20110505_2037,2011-05-05 20:37:00,2011-05-05 20:43:00,2011-05-05 20:51:00,B4.2,POINT(-3.0 18.0),0
gev_20110506_0308,2011-05-06 03:08:00,2011-05-06 03:12:00,2011-05-06 03:15:00,B3.9,POINT(45.0 23.0),1206
gev_20110506_0850,2011-05-06 08:50:00,2011-05-06 08:53:00,2011-05-06 08:55:00,B2.9,POINT(6.0 16.0),1204
gev_20110506_2219,2011-05-06 22:19:00,2011-05-06 22:22:00,2011-05-06 22:26:00,B2.6,POINT(13.0 16.0),1204
gev_20110507_1530,2011-05-07 15:30:00,2011-05-07 15:38:00,2011-05-07 15:49:00,B3.3,POINT(22.0 15.0),0
gev_20110508_1001,2011-05-08 10:01:00,2011-05-08 10:08:00,2011-05-08 10:13:00,B4.4,POINT(38.0 19.0),1203
gev_20110509_0426,2011-05-09 04:26:00,2011-05-09 04:30:00,2011-05-09 04:30:00,B5.6,POINT(-19.0 19.0),1210
gev_20110509_0511,2011-05-09 05:11:00,2011-05-09 05:16:00,2011-05-09 05:18:00,C1.4,POINT(-20.0 20.0),1210
gev_20110509_1319,2011-05-09 13:19:00,2011-05-09 13:25:00,2011-05-09 13:25:00,B7.1,POINT(-14.0 19.0),1210
gev_20110509_1731,2011-05-09 17:31:00,2011-05-09 17:41:00,2011-05-09 17:48:00,C1.5,POINT(-11.0 20.0),1210
gev_20110509_2042,2011-05-09 20:42:00,2011-05-09 20:59:00,2011-05-09 20:59:00,C5.4,POINT(-88.0 16.0),0
gev_20110511_0223,2011-05-11 02:23:00,2011-05-11 02:30:00,2011-05-11 02:43:00,B8.1,POINT(51.0 19.0),0
gev_20110511_2028,2011-05-11 20:28:00,2011-05-11 20:30:00,2011-05-11 20:36:00,B3.2,POINT(88.0 19.0),0
gev_20110512_1211,2011-05-12 12:11:00,2011-05-12 12:15:00,2011-05-12 12:29:00,C1.8,POINT(-61.0 20.0),0
gev_20110513_1348,2011-05-13 13:48:00,2011-05-13 13:55:00,2011-05-13 14:00:00,B2.2,POINT(38.0 22.0),1210
gev_20110513_2135,2011-05-13 21:35:00,2011-05-13 21:40:00,2011-05-13 21:50:00,B2.2,POINT(43.0 21.0),1210
gev_20110514_0057,2011-05-14 00:57:00,2011-05-14 00:58:00,2011-05-14 01:00:00,B2.1,POINT(69.0 -20.0),1213
gev_20110514_1143,2011-05-14 11:43:00,2011-05-14 11:47:00,2011-05-14 11:52:00,B1.8,POINT(50.0 21.0),1210
gev_20110515_0438,2011-05-15 04:38:00,2011-05-15 04:42:00,2011-05-15 04:46:00,B1.9,POINT(-10.0 -25.0),1214
gev_20110515_0735,2011-05-15 07:35:00,2011-05-15 07:39:00,2011-05-15 07:42:00,B2.5,POINT(43.0 10.0),0
gev_20110515_1304,2011-05-15 13:04:00,2011-05-15 13:08:00,2011-05-15 13:12:00,B3.0,POINT(47.0 10.0),0
gev_20110515_1411,2011-05-15 14:11:00,2011-05-15 14:14:00,2011-05-15 14:25:00,C1.3,POINT(47.0 9.0),1208
gev_20110515_1616,2011-05-15 16:16:00,2011-05-15 16:20:00,2011-05-15 16:22:00,B5.6,POINT(50.0 10.0),0
gev_20110515_1739,2011-05-15 17:39:00,2011-05-15 17:43:00,2011-05-15 17:45:00,B8.4,POINT(51.0 9.0),0
gev_20110515_2325,2011-05-15 23:25:00,2011-05-15 23:30:00,2011-05-15 23:41:00,C4.8,POINT(46.0 11.0),1208
gev_20110516_1031,2011-05-16 10:31:00,2011-05-16 10:40:00,2011-05-16 10:49:00,B5.7,POINT(51.0 10.0),0
gev_20110516_2211,2011-05-16 22:11:00,2011-05-16 22:19:00,2011-05-16 22:27:00,B3.5,POINT(59.0 11.0),0
gev_20110516_2319,2011-05-16 23:19:00,2011-05-16 23:23:00,2011-05-16 23:27:00,B3.0,POINT(14.0 -24.0),0
gev_20110517_0104,2011-05-17 01:04:00,2011-05-17 01:09:00,2011-05-17 01:12:00,B3.5,POINT(16.0 -24.0),0
gev_20110517_0140,2011-05-17 01:40:00,2011-05-17 01:43:00,2011-05-17 01:48:00,B2.6,POINT(63.0 9.0),0
gev_20110517_0235,2011-05-17 02:35:00,2011-05-17 02:43:00,2011-05-17 02:48:00,B4.1,POINT(17.0 -24.0),0
gev_20110517_0858,2011-05-17 08:58:00,2011-05-17 09:05:00,2011-05-17 09:09:00,B2.2,POINT(-89.0 -16.0),0
gev_20110517_1127,2011-05-17 11:27:00,2011-05-17 11:44:00,2011-05-17 12:02:00,B2.7,POINT(-80.0 22.0),0
gev_20110517_2015,2011-05-17 20:15:00,2011-05-17 20:23:00,2011-05-17 20:38:00,B5.3,POINT(16.0 -25.0),0
gev_20110518_0056,2011-05-18 00:56:00,2011-05-18 01:00:00,2011-05-18 01:05:00,B2.4,POINT(76.0 9.0),0
gev_20110518_0525,2011-05-18 05:25:00,2011-05-18 05:33:00,2011-05-18 05:44:00,B2.7,POINT(-89.0 -15.0),0
gev_20110518_1157,2011-05-18 11:57:00,2011-05-18 12:01:00,2011-05-18 12:03:00,B2.3,POINT(-79.0 -15.0),0
gev_20110518_1248,2011-05-18 12:48:00,2011-05-18 12:59:00,2011-05-18 13:07:00,C1.2,POINT(-80.0 -16.0),0
gev_20110518_1633,2011-05-18 16:33:00,2011-05-18 16:37:00,2011-05-18 16:41:00,B2.0,POINT(85.0 11.0),0
gev_20110518_1802,2011-05-18 18:02:00,2011-05-18 18:30:00,2011-05-18 19:00:00,C2.1,POINT(89.0 13.0),0
gev_20110519_0159,2011-05-19 01:59:00,2011-05-19 02:03:00,2011-05-19 02:05:00,B2.0,POINT(89.0 10.0),0
gev_20110519_0209,2011-05-19 02:09:00,2011-05-19 02:13:00,2011-05-19 02:15:00,B3.5,POINT(87.0 9.0),0
gev_20110519_0345,2011-05-19 03:45:00,2011-05-19 04:36:00,2011-05-19 05:15:00,B3.1,POINT(33.0 18.0),1210
gev_20110519_0349,2011-05-19 03:49:00,2011-05-19 04:36:00,2011-05-19 05:40:00,B3.0,POINT(33.0 18.0),0
gev_20110519_0938,2011-05-19 09:38:00,2011-05-19 09:39:00,2011-05-19 09:40:00,B2.2,POINT(-66.0 -15.0),0
gev_20110521_0735,2011-05-21 07:35:00,2011-05-21 07:42:00,2011-05-21 07:49:00,B1.6,POINT(67.0 -24.0),1217
gev_20110521_1606,2011-05-21 16:06:00,2011-05-21 16:21:00,2011-05-21 16:30:00,B1.1,POINT(-75.0 -22.0),0
gev_20110521_1925,2011-05-21 19:25:00,2011-05-21 19:30:00,2011-05-21 19:30:00,B2.7,POINT(78.0 -24.0),1214
gev_20110521_2256,2011-05-21 22:56:00,2011-05-21 23:00:00,2011-05-21 23:02:00,B1.5,POINT(-70.0 8.0),0
gev_20110522_0941,2011-05-22 09:41:00,2011-05-22 10:28:00,2011-05-22 11:08:00,B1.3,POINT(-8.0 22.0),0
gev_20110522_2004,2011-05-22 20:04:00,2011-05-22 20:07:00,2011-05-22 20:09:00,B1.2,POINT(62.0 12.0),0
gev_20110523_0237,2011-05-23 02:37:00,2011-05-23 02:41:00,2011-05-23 02:50:00,B1.9,POINT(65.0 12.0),0
gev_20110523_2116,2011-05-23 21:16:00,2011-05-23 21:49:00,2011-05-23 22:40:00,B1.5,POINT(-5.0 -18.0),1218
gev_20110524_0658,2011-05-24 06:58:00,2011-05-24 07:12:00,2011-05-24 07:55:00,B1.4,POINT(0.0 -17.0),0
gev_20110524_2158,2011-05-24 21:58:00,2011-05-24 22:44:00,2011-05-25 00:35:00,B2.1,POINT(89.0 22.0),0
gev_20110524_2211,2011-05-24 22:11:00,2011-05-24 22:37:00,2011-05-24 23:30:00,B2.0,POINT(89.0 22.0),0
gev_20110525_0339,2011-05-25 03:39:00,2011-05-25 04:39:00,2011-05-25 05:30:00,B1.9,POINT(13.0 -16.0),0
gev_20110525_0341,2011-05-25 03:41:00,2011-05-25 04:30:00,2011-05-25 04:57:00,B1.9,POINT(12.0 -17.0),0
gev_20110525_2009,2011-05-25 20:09:00,2011-05-25 20:14:00,2011-05-25 20:18:00,B4.1,POINT(-32.0 -15.0),0
gev_20110525_2056,2011-05-25 20:56:00,2011-05-25 21:03:00,2011-05-25 21:12:00,C1.1,POINT(-31.0 -15.0),0
gev_20110525_2150,2011-05-25 21:50:00,2011-05-25 21:58:00,2011-05-25 22:03:00,C1.4,POINT(-31.0 -15.0),0
gev_20110525_2225,2011-05-25 22:25:00,2011-05-25 22:31:00,2011-05-25 22:39:00,B3.0,POINT(-30.0 -15.0),0
gev_20110526_0021,2011-05-26 00:21:00,2011-05-26 00:25:00,2011-05-26 00:28:00,B1.3,POINT(-31.0 -16.0),0
gev_20110526_0101,2011-05-26 01:01:00,2011-05-26 01:10:00,2011-05-26 01:15:00,B4.4,POINT(-30.0 -15.0),0
gev_20110526_0144,2011-05-26 01:44:00,2011-05-26 02:02:00,2011-05-26 02:35:00,B3.2,POINT(-29.0 -15.0),0
gev_20110526_1646,2011-05-26 16:46:00,2011-05-26 16:54:00,2011-05-26 16:54:00,B1.9,POINT(-89.0 -21.0),0
gev_20110527_0950,2011-05-27 09:50:00,2011-05-27 09:53:00,2011-05-27 09:59:00,B4.4,POINT(-9.0 -15.0),0
gev_20110527_1035,2011-05-27 10:35:00,2011-05-27 10:53:00,2011-05-27 11:45:00,B3.5,POINT(10.0 20.0),0
gev_20110527_1158,2011-05-27 11:58:00,2011-05-27 12:00:00,2011-05-27 12:06:00,B6.8,POINT(-89.0 -21.0),1226
gev_20110527_1441,2011-05-27 14:41:00,2011-05-27 14:46:00,2011-05-27 14:53:00,C2.1,POINT(-89.0 -21.0),0
gev_20110527_1557,2011-05-27 15:57:00,2011-05-27 16:01:00,2011-05-27 16:15:00,B3.9,POINT(-89.0 13.0),0
gev_20110527_1638,2011-05-27 16:38:00,2011-05-27 16:43:00,2011-05-27 16:47:00,C5.6,POINT(-89.0 -20.0),0
gev_20110527_1753,2011-05-27 17:53:00,2011-05-27 18:04:00,2011-05-27 18:10:00,C1.1,POINT(-89.0 -21.0),1226
gev_20110527_1933,2011-05-27 19:33:00,2011-05-27 19:43:00,2011-05-27 19:58:00,C1.4,POINT(-89.0 -21.0),1226
gev_20110527_2058,2011-05-27 20:58:00,2011-05-27 21:01:00,2011-05-27 21:05:00,B9.3,POINT(-89.0 -21.0),1226
gev_20110527_2232,2011-05-27 22:32:00,2011-05-27 22:46:00,2011-05-27 22:46:00,C1.2,POINT(-89.0 -21.0),0
gev_20110528_0027,2011-05-28 00:27:00,2011-05-28 00:30:00,2011-05-28 00:35:00,C1.4,POINT(-89.0 -23.0),0
gev_20110528_0222,2011-05-28 02:22:00,2011-05-28 02:32:00,2011-05-28 02:51:00,C1.6,POINT(-82.0 -21.0),0
gev_20110528_0304,2011-05-28 03:04:00,2011-05-28 03:15:00,2011-05-28 03:31:00,C8.3,POINT(-84.0 -21.0),0
gev_20110528_0615,2011-05-28 06:15:00,2011-05-28 06:19:00,2011-05-28 06:23:00,C1.7,POINT(-81.0 -21.0),0
gev_20110528_0651,2011-05-28 06:51:00,2011-05-28 07:00:00,2011-05-28 07:11:00,C2.1,POINT(-82.0 -21.0),1226
gev_20110528_0801,2011-05-28 08:01:00,2011-05-28 08:06:00,2011-05-28 08:09:00,C4.4,POINT(-79.0 -21.0),1226
gev_20110528_0843,2011-05-28 08:43:00,2011-05-28 08:47:00,2011-05-28 08:53:00,C5.6,POINT(-78.0 -21.0),0
gev_20110528_1022,2011-05-28 10:22:00,2011-05-28 10:30:00,2011-05-28 10:30:00,C5.3,POINT(-75.0 -21.0),1226
gev_20110528_1242,2011-05-28 12:42:00,2011-05-28 12:45:00,2011-05-28 12:48:00,C1.9,POINT(-74.0 -21.0),0
gev_20110528_1311,2011-05-28 13:11:00,2011-05-28 13:15:00,2011-05-28 13:17:00,C1.4,POINT(-78.0 -20.0),0
gev_20110528_1337,2011-05-28 13:37:00,2011-05-28 13:40:00,2011-05-28 13:43:00,C1.0,POINT(-74.0 -21.0),0
gev_20110528_1520,2011-05-28 15:20:00,2011-05-28 15:25:00,2011-05-28 15:29:00,C1.2,POINT(-75.0 -21.0),0
gev_20110528_1539,2011-05-28 15:39:00,2011-05-28 15:43:00,2011-05-28 15:47:00,C1.0,POINT(-89.0 14.0),0
gev_20110528_1720,2011-05-28 17:20:00,2011-05-28 17:23:00,2011-05-28 17:26:00,C1.9,POINT(-72.0 -21.0),0
gev_20110528_1842,2011-05-28 18:42:00,2011-05-28 18:46:00,2011-05-28 18:50:00,C2.2,POINT(-74.0 -21.0),0
gev_20110528_1944,2011-05-28 19:44:00,2011-05-28 19:45:00,2011-05-28 19:53:00,C1.2,POINT(-74.0 -21.0),0
gev_20110528_2109,2011-05-28 21:09:00,2011-05-28 21:15:00,2011-05-28 21:24:00,C9.3,POINT(-70.0 -21.0),0
gev_20110528_2257,2011-05-28 22:57:00,2011-05-28 23:00:00,2011-05-28 23:05:00,C2.4,POINT(-70.0 -21.0),1226
gev_20110528_2341,2011-05-28 23:41:00,2011-05-28 23:46:00,2011-05-28 23:53:00,C1.4,POINT(-70.0 -21.0),1226
gev_20110529_0009,2011-05-29 00:09:00,2011-05-29 00:14:00,2011-05-29 00:21:00,C2.1,POINT(-71.0 -21.0),1227
gev_20110529_0133,2011-05-29 01:33:00,2011-05-29 01:42:00,2011-05-29 01:45:00,C4.6,POINT(-70.0 -21.0),1226
gev_20110529_0154,2011-05-29 01:54:00,2011-05-29 01:59:00,2011-05-29 01:59:00,C5.9,POINT(-68.0 -20.0),1226
gev_20110529_0526,2011-05-29 05:26:00,2011-05-29 05:31:00,2011-05-29 05:35:00,C1.0,POINT(-68.0 -20.0),1227
gev_20110529_0612,2011-05-29 06:12:00,2011-05-29 06:17:00,2011-05-29 06:22:00,C1.8,POINT(-67.0 -21.0),1226
gev_20110529_0713,2011-05-29 07:13:00,2011-05-29 07:16:00,2011-05-29 07:19:00,B9.4,POINT(-69.0 -22.0),1226
gev_20110529_0725,2011-05-29 07:25:00,2011-05-29 07:30:00,2011-05-29 07:35:00,C2.6,POINT(-66.0 -20.0),1227
gev_20110529_0807,2011-05-29 08:07:00,2011-05-29 08:15:00,2011-05-29 08:22:00,C2.1,POINT(-65.0 -21.0),1226
gev_20110529_0857,2011-05-29 08:57:00,2011-05-29 09:00:00,2011-05-29 09:02:00,C1.6,POINT(-67.0 -21.0),1227
gev_20110529_0916,2011-05-29 09:16:00,2011-05-29 09:24:00,2011-05-29 09:27:00,C3.7,POINT(-66.0 -21.0),1226
gev_20110529_0944,2011-05-29 09:44:00,2011-05-29 09:47:00,2011-05-29 09:49:00,C3.0,POINT(-67.0 -21.0),1227
gev_20110529_1008,2011-05-29 10:08:00,2011-05-29 10:33:00,2011-05-29 11:08:00,M1.4,POINT(-64.0 -20.0),1227
gev_20110529_1136,2011-05-29 11:36:00,2011-05-29 11:39:00,2011-05-29 11:42:00,C7.7,POINT(-63.0 -21.0),1226
gev_20110529_2011,2011-05-29 20:11:00,2011-05-29 21:20:00,2011-05-29 21:48:00,C8.7,POINT(-72.0 -19.0),1227
gev_20110529_2104,2011-05-29 21:04:00,2011-05-29 21:15:00,2011-05-29 21:22:00,C8.7,POINT(-72.0 -19.0),1227
gev_20110530_0247,2011-05-30 02:47:00,2011-05-30 02:52:00,2011-05-30 02:55:00,C3.2,POINT(-56.0 -20.0),0
gev_20110530_0546,2011-05-30 05:46:00,2011-05-30 05:49:00,2011-05-30 05:51:00,C3.5,POINT(-53.0 -21.0),0
gev_20110530_0559,2011-05-30 05:59:00,2011-05-30 06:00:00,2011-05-30 06:07:00,C7.0,POINT(-70.0 -20.0),0
gev_20110530_1048,2011-05-30 10:48:00,2011-05-30 11:01:00,2011-05-30 11:22:00,C2.8,POINT(-59.0 -17.0),0
gev_20110530_2003,2011-05-30 20:03:00,2011-05-30 20:07:00,2011-05-30 20:09:00,B6.7,POINT(-46.0 -20.0),0
gev_20110531_0434,2011-05-31 04:34:00,2011-05-31 04:43:00,2011-05-31 04:49:00,C1.8,POINT(-52.0 -20.0),1227
gev_20110531_0529,2011-05-31 05:29:00,2011-05-31 05:53:00,2011-05-31 06:20:00,C1.7,POINT(-41.0 -24.0),0
gev_20110531_0530,2011-05-31 05:30:00,2011-05-31 05:50:00,2011-05-31 06:20:00,C1.7,POINT(-42.0 -24.0),0
gev_20110531_1708,2011-05-31 17:08:00,2011-05-31 17:12:00,2011-05-31 17:14:00,B6.9,POINT(-33.0 -21.0),1226
gev_20110601_0237,2011-06-01 02:37:00,2011-06-01 02:53:00,2011-06-01 03:06:00,C2.6,POINT(-48.0 16.0),1228
gev_20110601_0501,2011-06-01 05:01:00,2011-06-01 05:05:00,2011-06-01 05:09:00,B7.3,POINT(-18.0 18.0),1229
gev_20110601_0845,2011-06-01 08:45:00,2011-06-01 09:33:00,2011-06-01 10:45:00,B7.5,POINT(-23.0 -20.0),1226
gev_20110601_1609,2011-06-01 16:09:00,2011-06-01 16:16:00,2011-06-01 16:21:00,C1.6,POINT(-20.0 -21.0),0
gev_20110601_1625,2011-06-01 16:25:00,2011-06-01 16:31:00,2011-06-01 16:39:00,C2.9,POINT(-20.0 -21.0),0
gev_20110601_1651,2011-06-01 16:51:00,2011-06-01 17:00:00,2011-06-01 17:08:00,C4.1,POINT(-16.0 -18.0),1226
gev_20110602_0239,2011-06-02 02:39:00,2011-06-02 02:44:00,2011-06-02 02:49:00,C1.2,POINT(-15.0 -22.0),0
gev_20110602_0630,2011-06-02 06:30:00,2011-06-02 06:31:00,2011-06-02 06:36:00,C1.4,POINT(-12.0 -26.0),0
gev_20110602_0722,2011-06-02 07:22:00,2011-06-02 07:31:00,2011-06-02 07:31:00,C2.2,POINT(-22.0 -19.0),1227
gev_20110602_0944,2011-06-02 09:44:00,2011-06-02 09:47:00,2011-06-02 09:50:00,C2.7,POINT(-10.0 -21.0),1226
gev_20110602_1022,2011-06-02 10:22:00,2011-06-02 10:28:00,2011-06-02 10:33:00,C1.8,POINT(-73.0 9.0),0
gev_20110603_0958,2011-06-03 09:58:00,2011-06-03 10:02:00,2011-06-03 10:06:00,B5.6,POINT(-59.0 10.0),1232
gev_20110603_1345,2011-06-03 13:45:00,2011-06-03 13:48:00,2011-06-03 13:50:00,B4.0,POINT(6.0 -24.0),0
gev_20110603_1558,2011-06-03 15:58:00,2011-06-03 16:17:00,2011-06-03 16:30:00,C2.5,POINT(4.0 -23.0),0
gev_20110603_1849,2011-06-03 18:49:00,2011-06-03 18:53:00,2011-06-03 18:59:00,B4.3,POINT(11.0 -24.0),1226
gev_20110603_2219,2011-06-03 22:19:00,2011-06-03 22:42:00,2011-06-03 22:58:00,C1.6,POINT(8.0 -22.0),0
gev_20110604_1545,2011-06-04 15:45:00,2011-06-04 15:46:00,2011-06-04 15:53:00,B6.2,POINT(17.0 -23.0),0
gev_20110604_1632,2011-06-04 16:32:00,2011-06-04 16:47:00,2011-06-04 17:00:00,B7.8,POINT(3.0 19.0),0
gev_20110605_0211,2011-06-05 02:11:00,2011-06-05 02:14:00,2011-06-05 02:17:00,B3.5,POINT(23.0 -23.0),0
gev_20110606_0040,2011-06-06 00:40:00,2011-06-06 00:48:00,2011-06-06 01:05:00,B4.8,POINT(41.0 -19.0),1226
gev_20110606_0128,2011-06-06 01:28:00,2011-06-06 01:30:00,2011-06-06 01:41:00,C1.2,POINT(41.0 -19.0),1226
gev_20110606_0524,2011-06-06 05:24:00,2011-06-06 06:00:00,2011-06-06 06:25:00,B6.7,POINT(25.0 19.0),0
gev_20110606_0851,2011-06-06 08:51:00,2011-06-06 08:58:00,2011-06-06 09:03:00,B3.6,POINT(43.0 -20.0),1226
gev_20110606_0942,2011-06-06 09:42:00,2011-06-06 09:46:00,2011-06-06 09:54:00,C1.0,POINT(40.0 -23.0),0
gev_20110606_1315,2011-06-06 13:15:00,2011-06-06 13:20:00,2011-06-06 13:28:00,B6.7,POINT(27.0 19.0),0
gev_20110606_1428,2011-06-06 14:28:00,2011-06-06 14:30:00,2011-06-06 14:36:00,B8.8,POINT(29.0 19.0),0
gev_20110606_1502,2011-06-06 15:02:00,2011-06-06 15:06:00,2011-06-06 15:10:00,B6.1,POINT(29.0 19.0),0
gev_20110606_1923,2011-06-06 19:23:00,2011-06-06 19:26:00,2011-06-06 19:30:00,B3.1,POINT(46.0 -24.0),0
gev_20110606_2112,2011-06-06 21:12:00,2011-06-06 21:15:00,2011-06-06 21:19:00,B3.7,POINT(47.0 -24.0),0
gev_20110607_0616,2011-06-07 06:16:00,2011-06-07 06:30:00,2011-06-07 06:41:00,M2.5,POINT(53.0 -22.0),0
gev_20110608_1348,2011-06-08 13:48:00,2011-06-08 13:53:00,2011-06-08 13:58:00,B3.0,POINT(71.0 -24.0),0
gev_20110608_1637,2011-06-08 16:37:00,2011-06-08 16:45:00,2011-06-08 16:51:00,B6.9,POINT(73.0 -26.0),0
gev_20110609_0307,2011-06-09 03:07:00,2011-06-09 03:15:00,2011-06-09 03:21:00,C1.8,POINT(81.0 -24.0),0
gev_20110609_0340,2011-06-09 03:40:00,2011-06-09 03:48:00,2011-06-09 03:58:00,C4.1,POINT(83.0 -26.0),0
gev_20110609_1020,2011-06-09 10:20:00,2011-06-09 10:28:00,2011-06-09 10:31:00,C1.0,POINT(-69.0 -16.0),0
gev_20110609_2002,2011-06-09 20:02:00,2011-06-09 21:00:00,2011-06-09 21:25:00,B4.2,POINT(77.0 20.0),0
gev_20110610_0324,2011-06-10 03:24:00,2011-06-10 03:28:00,2011-06-10 03:32:00,B2.0,POINT(-61.0 -16.0),0
gev_20110610_1539,2011-06-10 15:39:00,2011-06-10 15:44:00,2011-06-10 15:47:00,B2.3,POINT(78.0 18.0),0
gev_20110610_1739,2011-06-10 17:39:00,2011-06-10 17:45:00,2011-06-10 17:51:00,C2.9,POINT(89.0 -25.0),0
gev_20110610_2219,2011-06-10 22:19:00,2011-06-10 22:28:00,2011-06-10 22:35:00,B4.1,POINT(81.0 21.0),0
gev_20110611_0715,2011-06-11 07:15:00,2011-06-11 07:20:00,2011-06-11 07:23:00,B2.8,POINT(-44.0 -17.0),1234
gev_20110611_0839,2011-06-11 08:39:00,2011-06-11 08:45:00,2011-06-11 08:49:00,B2.9,POINT(89.0 20.0),0
gev_20110611_1553,2011-06-11 15:53:00,2011-06-11 16:31:00,2011-06-11 17:25:00,B2.6,POINT(89.0 18.0),0
gev_20110611_1913,2011-06-11 19:13:00,2011-06-11 19:15:00,2011-06-11 19:23:00,B4.0,POINT(89.0 19.0),0
gev_20110611_2249,2011-06-11 22:49:00,2011-06-11 22:53:00,2011-06-11 23:00:00,B3.4,POINT(-33.0 -15.0),0
gev_20110612_0040,2011-06-12 00:40:00,2011-06-12 01:15:00,2011-06-12 01:49:00,B4.6,POINT(59.0 10.0),0
gev_20110612_0228,2011-06-12 02:28:00,2011-06-12 02:52:00,2011-06-12 03:25:00,B2.2,POINT(59.0 14.0),0
gev_20110612_0400,2011-06-12 04:00:00,2011-06-12 04:26:00,2011-06-12 05:05:00,B3.1,POINT(-89.0 17.0),0
gev_20110612_0558,2011-06-12 05:58:00,2011-06-12 06:37:00,2011-06-12 07:10:00,B2.4,POINT(-89.0 22.0),0
gev_20110612_1703,2011-06-12 17:03:00,2011-06-12 17:14:00,2011-06-12 17:22:00,B8.6,POINT(-89.0 16.0),0
gev_20110613_0049,2011-06-13 00:49:00,2011-06-13 00:55:00,2011-06-13 01:03:00,C1.2,POINT(-89.0 17.0),1236
gev_20110613_0317,2011-06-13 03:17:00,2011-06-13 04:04:00,2011-06-13 04:40:00,B6.4,POINT(-89.0 14.0),0
gev_20110613_0525,2011-06-13 05:25:00,2011-06-13 05:45:00,2011-06-13 06:15:00,B8.7,POINT(-89.0 14.0),0
gev_20110613_0612,2011-06-13 06:12:00,2011-06-13 06:16:00,2011-06-13 06:18:00,B9.7,POINT(-89.0 17.0),0
gev_20110613_1442,2011-06-13 14:42:00,2011-06-13 14:45:00,2011-06-13 14:49:00,B5.4,POINT(-89.0 17.0),0
gev_20110613_1544,2011-06-13 15:44:00,2011-06-13 15:47:00,2011-06-13 15:55:00,B4.7,POINT(-89.0 16.0),1236
gev_20110613_1933,2011-06-13 19:33:00,2011-06-13 19:37:00,2011-06-13 19:41:00,B5.3,POINT(-86.0 15.0),0
gev_20110613_2016,2011-06-13 20:16:00,2011-06-13 20:19:00,2011-06-13 20:23:00,B5.9,POINT(-82.0 17.0),1236
gev_20110613_2211,2011-06-13 22:11:00,2011-06-13 22:19:00,2011-06-13 22:26:00,B7.1,POINT(-89.0 16.0),1236
gev_20110614_0012,2011-06-14 00:12:00,2011-06-14 00:16:00,2011-06-14 00:22:00,B4.6,POINT(-89.0 16.0),1236
gev_20110614_0032,2011-06-14 00:32:00,2011-06-14 00:41:00,2011-06-14 00:49:00,C1.8,POINT(-89.0 15.0),0
gev_20110614_0204,2011-06-14 02:04:00,2011-06-14 02:12:00,2011-06-14 02:20:00,B5.7,POINT(-89.0 16.0),0
gev_20110614_0737,2011-06-14 07:37:00,2011-06-14 07:45:00,2011-06-14 07:51:00,B3.0,POINT(-89.0 14.0),0
gev_20110614_0825,2011-06-14 08:25:00,2011-06-14 08:34:00,2011-06-14 08:50:00,B5.0,POINT(-89.0 14.0),0
gev_20110614_1113,2011-06-14 11:13:00,2011-06-14 11:29:00,2011-06-14 11:36:00,C2.2,POINT(-89.0 15.0),0
gev_20110614_1319,2011-06-14 13:19:00,2011-06-14 13:26:00,2011-06-14 13:32:00,B7.8,POINT(-84.0 14.0),0
gev_20110614_2136,2011-06-14 21:36:00,2011-06-14 21:47:00,2011-06-14 22:10:00,M1.3,POINT(-78.0 14.0),0
gev_20110615_1141,2011-06-15 11:41:00,2011-06-15 11:45:00,2011-06-15 11:50:00,C2.6,POINT(-71.0 14.0),0
gev_20110615_1343,2011-06-15 13:43:00,2011-06-15 13:46:00,2011-06-15 13:50:00,B7.9,POINT(-70.0 13.0),0
gev_20110615_1419,2011-06-15 14:19:00,2011-06-15 14:32:00,2011-06-15 14:45:00,C3.2,POINT(17.0 -16.0),1234
gev_20110615_1519,2011-06-15 15:19:00,2011-06-15 15:25:00,2011-06-15 15:30:00,B8.3,POINT(17.0 -15.0),1234
gev_20110615_1713,2011-06-15 17:13:00,2011-06-15 17:18:00,2011-06-15 17:27:00,B6.3,POINT(18.0 -15.0),1234
gev_20110615_2058,2011-06-15 20:58:00,2011-06-15 21:02:00,2011-06-15 21:04:00,B7.5,POINT(19.0 -16.0),1234
gev_20110616_0355,2011-06-16 03:55:00,2011-06-16 04:00:00,2011-06-16 04:07:00,B8.8,POINT(-59.0 14.0),0
gev_20110616_0618,2011-06-16 06:18:00,2011-06-16 06:23:00,2011-06-16 06:28:00,C1.2,POINT(-89.0 -18.0),1237
gev_20110616_1013,2011-06-16 10:13:00,2011-06-16 10:22:00,2011-06-16 10:29:00,C7.1,POINT(-56.0 15.0),0
gev_20110616_1156,2011-06-16 11:56:00,2011-06-16 12:00:00,2011-06-16 12:08:00,C1.8,POINT(-89.0 -18.0),1237
gev_20110616_1537,2011-06-16 15:37:00,2011-06-16 15:43:00,2011-06-16 15:48:00,C1.0,POINT(-55.0 12.0),0
gev_20110616_2310,2011-06-16 23:10:00,2011-06-16 23:16:00,2011-06-16 23:19:00,B6.3,POINT(-48.0 13.0),0
gev_20110616_2324,2011-06-16 23:24:00,2011-06-16 23:48:00,2011-06-17 00:08:00,B8.6,POINT(-49.0 16.0),0
gev_20110617_0237,2011-06-17 02:37:00,2011-06-17 02:41:00,2011-06-17 02:44:00,B6.0,POINT(-45.0 13.0),0
gev_20110617_0641,2011-06-17 06:41:00,2011-06-17 06:46:00,2011-06-17 06:54:00,B7.4,POINT(-83.0 -19.0),0
gev_20110617_1155,2011-06-17 11:55:00,2011-06-17 12:33:00,2011-06-17 12:45:00,B8.3,POINT(-40.0 13.0),0
gev_20110617_1510,2011-06-17 15:10:00,2011-06-17 15:19:00,2011-06-17 15:34:00,B5.8,POINT(43.0 -14.0),0
gev_20110617_1607,2011-06-17 16:07:00,2011-06-17 16:10:00,2011-06-17 16:12:00,B5.1,POINT(42.0 -16.0),0
gev_20110617_1705,2011-06-17 17:05:00,2011-06-17 17:12:00,2011-06-17 17:12:00,B4.7,POINT(-77.0 -19.0),0
gev_20110617_2158,2011-06-17 21:58:00,2011-06-17 22:06:00,2011-06-17 22:25:00,C1.0,POINT(46.0 -16.0),0
gev_20110617_2232,2011-06-17 22:32:00,2011-06-17 22:35:00,2011-06-17 22:38:00,B7.9,POINT(47.0 -14.0),0
gev_20110617_2259,2011-06-17 22:59:00,2011-06-17 23:00:00,2011-06-17 23:04:00,B6.7,POINT(47.0 -14.0),0
gev_20110617_2337,2011-06-17 23:37:00,2011-06-17 23:42:00,2011-06-17 23:49:00,C3.9,POINT(48.0 -14.0),0
gev_20110618_0016,2011-06-18 00:16:00,2011-06-18 00:21:00,2011-06-18 00:25:00,B8.6,POINT(-36.0 12.0),0
gev_20110618_0054,2011-06-18 00:54:00,2011-06-18 01:00:00,2011-06-18 01:04:00,B8.8,POINT(47.0 -14.0),0
gev_20110618_1034,2011-06-18 10:34:00,2011-06-18 10:42:00,2011-06-18 10:42:00,B4.8,POINT(-29.0 15.0),0
gev_20110618_2218,2011-06-18 22:18:00,2011-06-18 22:22:00,2011-06-18 22:27:00,B4.5,POINT(-57.0 -18.0),0
gev_20110618_2316,2011-06-18 23:16:00,2011-06-18 23:19:00,2011-06-18 23:23:00,B3.1,POINT(-55.0 -17.0),0
gev_20110619_0223,2011-06-19 02:23:00,2011-06-19 02:30:00,2011-06-19 02:34:00,B9.1,POINT(-19.0 15.0),0
gev_20110619_1330,2011-06-19 13:30:00,2011-06-19 13:36:00,2011-06-19 13:38:00,B8.4,POINT(76.0 -15.0),0
gev_20110619_1517,2011-06-19 15:17:00,2011-06-19 15:22:00,2011-06-19 15:24:00,C4.7,POINT(77.0 -15.0),0
gev_20110619_1549,2011-06-19 15:49:00,2011-06-19 16:28:00,2011-06-19 17:10:00,C1.5,POINT(-51.0 -21.0),0
gev_20110619_1554,2011-06-19 15:54:00,2011-06-19 15:57:00,2011-06-19 16:00:00,B6.5,POINT(-14.0 12.0),0
gev_20110619_1603,2011-06-19 16:03:00,2011-06-19 16:37:00,2011-06-19 16:53:00,C1.5,POINT(-52.0 -21.0),0
gev_20110620_0124,2011-06-20 01:24:00,2011-06-20 01:27:00,2011-06-20 01:31:00,B3.5,POINT(75.0 -15.0),0
gev_20110620_0603,2011-06-20 06:03:00,2011-06-20 06:07:00,2011-06-20 06:10:00,B4.0,POINT(81.0 -16.0),0
gev_20110621_0122,2011-06-21 01:22:00,2011-06-21 03:25:00,2011-06-21 04:27:00,C7.7,POINT(9.0 14.0),0
gev_20110622_0453,2011-06-22 04:53:00,2011-06-22 04:58:00,2011-06-22 05:04:00,B2.8,POINT(22.0 16.0),0
gev_20110623_0210,2011-06-23 02:10:00,2011-06-23 02:13:00,2011-06-23 02:17:00,B2.8,POINT(-16.0 -20.0),0
gev_20110623_1236,2011-06-23 12:36:00,2011-06-23 12:40:00,2011-06-23 12:43:00,B5.7,POINT(47.0 16.0),0
gev_20110623_1401,2011-06-23 14:01:00,2011-06-23 14:07:00,2011-06-23 14:16:00,B4.3,POINT(48.0 17.0),0
gev_20110623_2229,2011-06-23 22:29:00,2011-06-23 22:33:00,2011-06-23 22:37:00,B3.4,POINT(52.0 18.0),0
gev_20110624_1542,2011-06-24 15:42:00,2011-06-24 15:49:00,2011-06-24 15:53:00,B4.4,POINT(62.0 16.0),0
gev_20110624_2042,2011-06-24 20:42:00,2011-06-24 20:45:00,2011-06-24 20:47:00,B3.1,POINT(64.0 16.0),0
gev_20110625_0007,2011-06-25 00:07:00,2011-06-25 00:14:00,2011-06-25 00:19:00,B3.0,POINT(68.0 16.0),0
gev_20110625_1015,2011-06-25 10:15:00,2011-06-25 10:16:00,2011-06-25 10:20:00,B4.3,POINT(66.0 16.0),0
gev_20110626_2001,2011-06-26 20:01:00,2011-06-26 20:09:00,2011-06-26 20:13:00,B3.6,POINT(89.0 15.0),1236
gev_20110627_0630,2011-06-27 06:30:00,2011-06-27 06:33:00,2011-06-27 06:37:00,B7.5,POINT(89.0 19.0),0
gev_20110627_1213,2011-06-27 12:13:00,2011-06-27 12:16:00,2011-06-27 12:20:00,B3.2,POINT(37.0 20.0),0
gev_20110627_1528,2011-06-27 15:28:00,2011-06-27 15:30:00,2011-06-27 15:42:00,B6.6,POINT(-89.0 15.0),0
gev_20110628_0027,2011-06-28 00:27:00,2011-06-28 01:07:00,2011-06-28 02:05:00,B6.5,POINT(89.0 22.0),0
gev_20110628_0644,2011-06-28 06:44:00,2011-06-28 06:47:00,2011-06-28 06:49:00,B3.2,POINT(-77.0 15.0),0
gev_20110628_1305,2011-06-28 13:05:00,2011-06-28 13:15:00,2011-06-28 13:21:00,B9.6,POINT(89.0 22.0),0
gev_20110628_1846,2011-06-28 18:46:00,2011-06-28 19:10:00,2011-06-28 19:50:00,B3.2,POINT(89.0 23.0),0
gev_20110629_0020,2011-06-29 00:20:00,2011-06-29 00:32:00,2011-06-29 00:57:00,B7.3,POINT(81.0 -19.0),1240
gev_20110629_0947,2011-06-29 09:47:00,2011-06-29 09:53:00,2011-06-29 09:59:00,B5.5,POINT(69.0 -18.0),0
gev_20110629_1701,2011-06-29 17:01:00,2011-06-29 17:05:00,2011-06-29 17:07:00,B2.3,POINT(12.0 17.0),1242
gev_20110629_1948,2011-06-29 19:48:00,2011-06-29 19:52:00,2011-06-29 20:02:00,B2.5,POINT(-57.0 18.0),0
gev_20110630_2210,2011-06-30 22:10:00,2011-06-30 22:15:00,2011-06-30 22:20:00,B3.5,POINT(-38.0 15.0),1243
gev_20110701_0612,2011-07-01 06:12:00,2011-07-01 06:15:00,2011-07-01 06:17:00,B2.2,POINT(-33.0 14.0),1243
gev_20110701_0714,2011-07-01 07:14:00,2011-07-01 07:15:00,2011-07-01 07:21:00,B5.3,POINT(-32.0 15.0),1243
gev_20110701_0828,2011-07-01 08:28:00,2011-07-01 08:30:00,2011-07-01 08:36:00,B3.7,POINT(-31.0 14.0),1243
gev_20110701_1234,2011-07-01 12:34:00,2011-07-01 12:40:00,2011-07-01 12:40:00,B4.1,POINT(6.0 14.0),0
gev_20110701_2105,2011-07-01 21:05:00,2011-07-01 21:11:00,2011-07-01 21:17:00,B2.4,POINT(-24.0 14.0),1243
gev_20110702_1117,2011-07-02 11:17:00,2011-07-02 11:21:00,2011-07-02 11:25:00,B1.7,POINT(48.0 17.0),1242
gev_20110702_2306,2011-07-02 23:06:00,2011-07-02 23:10:00,2011-07-02 23:13:00,B3.7,POINT(23.0 16.0),0
gev_20110703_0001,2011-07-03 00:01:00,2011-07-03 00:13:00,2011-07-03 00:24:00,B9.5,POINT(26.0 13.0),0
gev_20110703_0552,2011-07-03 05:52:00,2011-07-03 06:31:00,2011-07-03 06:42:00,B2.6,POINT(27.0 17.0),0
gev_20110703_0622,2011-07-03 06:22:00,2011-07-03 06:31:00,2011-07-03 06:40:00,B2.5,POINT(27.0 17.0),0
gev_20110703_0801,2011-07-03 08:01:00,2011-07-03 08:07:00,2011-07-03 08:07:00,B2.0,POINT(29.0 16.0),0
gev_20110703_0933,2011-07-03 09:33:00,2011-07-03 09:40:00,2011-07-03 09:47:00,B4.8,POINT(28.0 16.0),1244
gev_20110703_1054,2011-07-03 10:54:00,2011-07-03 11:01:00,2011-07-03 11:06:00,C2.1,POINT(29.0 16.0),1244
gev_20110703_1234,2011-07-03 12:34:00,2011-07-03 12:42:00,2011-07-03 12:48:00,B4.8,POINT(30.0 16.0),1244
gev_20110703_1502,2011-07-03 15:02:00,2011-07-03 15:18:00,2011-07-03 15:30:00,B7.8,POINT(31.0 16.0),1244
gev_20110704_0326,2011-07-04 03:26:00,2011-07-04 03:29:00,2011-07-04 03:35:00,B1.9,POINT(37.0 16.0),1244
gev_20110704_0653,2011-07-04 06:53:00,2011-07-04 06:57:00,2011-07-04 07:00:00,B1.9,POINT(73.0 16.0),0
gev_20110704_1248,2011-07-04 12:48:00,2011-07-04 12:52:00,2011-07-04 12:56:00,B2.5,POINT(76.0 16.0),0
gev_20110704_1653,2011-07-04 16:53:00,2011-07-04 16:56:00,2011-07-04 16:58:00,B1.7,POINT(83.0 17.0),1242
gev_20110704_2024,2011-07-04 20:24:00,2011-07-04 20:27:00,2011-07-04 20:29:00,B1.5,POINT(20.0 16.0),1243
gev_20110704_2312,2011-07-04 23:12:00,2011-07-04 23:15:00,2011-07-04 23:17:00,B2.7,POINT(23.0 17.0),1243
gev_20110705_0018,2011-07-05 00:18:00,2011-07-05 00:23:00,2011-07-05 00:26:00,B2.9,POINT(85.0 15.0),0
gev_20110705_0045,2011-07-05 00:45:00,2011-07-05 00:48:00,2011-07-05 00:50:00,B1.6,POINT(24.0 16.0),1243
gev_20110705_0956,2011-07-05 09:56:00,2011-07-05 10:00:00,2011-07-05 10:03:00,B1.8,POINT(89.0 16.0),0
gev_20110705_2148,2011-07-05 21:48:00,2011-07-05 21:56:00,2011-07-05 22:20:00,B2.7,POINT(30.0 16.0),1243
gev_20110705_2149,2011-07-05 21:49:00,2011-07-05 21:56:00,2011-07-05 22:08:00,B2.6,POINT(30.0 16.0),1243
gev_20110705_2347,2011-07-05 23:47:00,2011-07-05 23:58:00,2011-07-06 00:11:00,B1.1,POINT(67.0 16.0),0
gev_20110706_2349,2011-07-06 23:49:00,2011-07-06 23:54:00,2011-07-06 23:59:00,B3.5,POINT(79.0 14.0),0
gev_20110707_0128,2011-07-07 01:28:00,2011-07-07 01:30:00,2011-07-07 01:39:00,B2.2,POINT(46.0 16.0),1243
gev_20110707_0154,2011-07-07 01:54:00,2011-07-07 01:59:00,2011-07-07 02:02:00,B3.1,POINT(80.0 17.0),0
gev_20110707_0231,2011-07-07 02:31:00,2011-07-07 02:43:00,2011-07-07 02:57:00,C1.0,POINT(46.0 16.0),0
gev_20110707_0347,2011-07-07 03:47:00,2011-07-07 03:50:00,2011-07-07 03:52:00,B1.5,POINT(89.0 14.0),0
gev_20110707_0509,2011-07-07 05:09:00,2011-07-07 05:12:00,2011-07-07 05:15:00,B2.6,POINT(85.0 15.0),0
gev_20110707_0734,2011-07-07 07:34:00,2011-07-07 07:38:00,2011-07-07 07:43:00,B2.2,POINT(48.0 17.0),0
gev_20110707_0819,2011-07-07 08:19:00,2011-07-07 08:23:00,2011-07-07 08:27:00,B3.2,POINT(83.0 15.0),0
gev_20110707_0904,2011-07-07 09:04:00,2011-07-07 09:08:00,2011-07-07 09:11:00,B1.7,POINT(86.0 16.0),0
gev_20110707_1105,2011-07-07 11:05:00,2011-07-07 11:12:00,2011-07-07 11:17:00,B6.3,POINT(-67.0 15.0),1245
gev_20110707_1239,2011-07-07 12:39:00,2011-07-07 12:42:00,2011-07-07 12:44:00,B3.4,POINT(54.0 18.0),0
gev_20110707_1425,2011-07-07 14:25:00,2011-07-07 14:32:00,2011-07-07 14:34:00,B7.6,POINT(89.0 15.0),0
gev_20110707_1549,2011-07-07 15:49:00,2011-07-07 15:58:00,2011-07-07 16:01:00,B3.1,POINT(89.0 15.0),0
gev_20110707_1629,2011-07-07 16:29:00,2011-07-07 16:30:00,2011-07-07 16:34:00,B2.6,POINT(89.0 17.0),0
gev_20110707_2009,2011-07-07 20:09:00,2011-07-07 20:14:00,2011-07-07 20:17:00,B3.4,POINT(89.0 17.0),0
gev_20110707_2024,2011-07-07 20:24:00,2011-07-07 20:28:00,2011-07-07 20:30:00,B6.4,POINT(89.0 15.0),0
gev_20110708_0253,2011-07-08 02:53:00,2011-07-08 02:57:00,2011-07-08 02:57:00,B3.0,POINT(89.0 18.0),0
gev_20110708_0939,2011-07-08 09:39:00,2011-07-08 09:47:00,2011-07-08 09:54:00,C3.0,POINT(-19.0 -19.0),1247
gev_20110708_1141,2011-07-08 11:41:00,2011-07-08 11:45:00,2011-07-08 11:51:00,C2.8,POINT(-17.0 -19.0),1247
gev_20110708_1319,2011-07-08 13:19:00,2011-07-08 13:31:00,2011-07-08 13:34:00,C3.1,POINT(-17.0 -19.0),1247
gev_20110708_1456,2011-07-08 14:56:00,2011-07-08 15:03:00,2011-07-08 15:08:00,C2.3,POINT(-17.0 -19.0),1247
gev_20110708_1812,2011-07-08 18:12:00,2011-07-08 18:15:00,2011-07-08 18:20:00,B6.1,POINT(-14.0 -19.0),1247
gev_20110708_2315,2011-07-08 23:15:00,2011-07-09 01:08:00,2011-07-09 03:05:00,B4.9,POINT(-19.0 -18.0),0
gev_20110708_2357,2011-07-08 23:57:00,2011-07-09 00:28:00,2011-07-09 02:09:00,B4.7,POINT(-20.0 -17.0),0
gev_20110709_0921,2011-07-09 09:21:00,2011-07-09 09:25:00,2011-07-09 09:28:00,B4.2,POINT(76.0 15.0),1243
gev_20110710_1632,2011-07-10 16:32:00,2011-07-10 16:38:00,2011-07-10 16:43:00,B2.7,POINT(12.0 -19.0),1247
gev_20110711_0112,2011-07-11 01:12:00,2011-07-11 01:17:00,2011-07-11 01:20:00,B3.6,POINT(13.0 -18.0),1247
gev_20110711_1047,2011-07-11 10:47:00,2011-07-11 11:03:00,2011-07-11 11:10:00,C2.6,POINT(19.0 -18.0),1247
gev_20110712_0025,2011-07-12 00:25:00,2011-07-12 00:28:00,2011-07-12 00:30:00,B5.1,POINT(-89.0 14.0),0
gev_20110712_1444,2011-07-12 14:44:00,2011-07-12 14:49:00,2011-07-12 14:55:00,C2.0,POINT(34.0 -19.0),1247
gev_20110712_1525,2011-07-12 15:25:00,2011-07-12 15:33:00,2011-07-12 15:41:00,B8.0,POINT(33.0 -19.0),1247
gev_20110712_2230,2011-07-12 22:30:00,2011-07-12 23:29:00,2011-07-13 00:00:00,B5.0,POINT(-88.0 23.0),1252
gev_20110712_2329,2011-07-12 23:29:00,2011-07-12 23:39:00,2011-07-12 23:46:00,B5.0,POINT(-88.0 25.0),1252
gev_20110713_0047,2011-07-13 00:47:00,2011-07-13 00:50:00,2011-07-13 00:54:00,B3.3,POINT(-23.0 -28.0),1250
gev_20110713_0107,2011-07-13 01:07:00,2011-07-13 01:29:00,2011-07-13 01:42:00,B4.9,POINT(-88.0 -22.0),1254
gev_20110713_0421,2011-07-13 04:21:00,2011-07-13 04:27:00,2011-07-13 04:42:00,B5.1,POINT(42.0 -19.0),1247
gev_20110713_0931,2011-07-13 09:31:00,2011-07-13 09:35:00,2011-07-13 09:39:00,B4.1,POINT(44.0 -19.0),1247
gev_20110713_1704,2011-07-13 17:04:00,2011-07-13 17:08:00,2011-07-13 17:16:00,B3.5,POINT(-87.0 -23.0),1254
gev_20110713_2135,2011-07-13 21:35:00,2011-07-13 21:38:00,2011-07-13 21:41:00,B4.3,POINT(-85.0 -44.0),0
gev_20110713_2321,2011-07-13 23:21:00,2011-07-13 23:25:00,2011-07-13 23:29:00,B5.7,POINT(-79.0 -22.0),1254
gev_20110714_0048,2011-07-14 00:48:00,2011-07-14 00:52:00,2011-07-14 00:56:00,B4.0,POINT(-80.0 -22.0),1254
gev_20110715_1528,2011-07-15 15:28:00,2011-07-15 15:32:00,2011-07-15 15:35:00,B2.3,POINT(-55.0 -23.0),1254
gev_20110715_2134,2011-07-15 21:34:00,2011-07-15 21:38:00,2011-07-15 23:41:00,B3.6,POINT(88.0 -19.0),1247
gev_20110716_0747,2011-07-16 07:47:00,2011-07-16 07:51:00,2011-07-16 07:55:00,B3.6,POINT(-47.0 -24.0),1254
gev_20110716_1659,2011-07-16 16:59:00,2011-07-16 17:05:00,2011-07-16 17:11:00,B6.3,POINT(-43.0 -23.0),1254
gev_20110717_0752,2011-07-17 07:52:00,2011-07-17 08:22:00,2011-07-17 08:28:00,B4.9,POINT(47.0 20.0),0
gev_20110717_1026,2011-07-17 10:26:00,2011-07-17 10:29:00,2011-07-17 10:32:00,B3.5,POINT(-32.0 -22.0),0
gev_20110717_1128,2011-07-17 11:28:00,2011-07-17 11:32:00,2011-07-17 11:36:00,B4.1,POINT(-17.0 16.0),0
gev_20110717_1852,2011-07-17 18:52:00,2011-07-17 19:26:00,2011-07-17 19:46:00,B7.9,POINT(54.0 20.0),0
gev_20110717_1853,2011-07-17 18:53:00,2011-07-17 18:58:00,2011-07-17 19:10:00,B5.3,POINT(-26.0 -22.0),0
gev_20110717_1930,2011-07-17 19:30:00,2011-07-17 19:35:00,2011-07-17 19:45:00,B8.0,POINT(56.0 20.0),0
gev_20110717_1950,2011-07-17 19:50:00,2011-07-17 20:05:00,2011-07-17 20:16:00,B8.0,POINT(55.0 20.0),0
gev_20110718_1019,2011-07-18 10:19:00,2011-07-18 10:28:00,2011-07-18 10:38:00,C1.0,POINT(-18.0 -24.0),0
gev_20110718_1512,2011-07-18 15:12:00,2011-07-18 15:17:00,2011-07-18 15:24:00,B4.3,POINT(-77.0 22.0),0
gev_20110718_2044,2011-07-18 20:44:00,2011-07-18 21:14:00,2011-07-18 21:29:00,B4.4,POINT(-13.0 -21.0),0
gev_20110718_2331,2011-07-18 23:31:00,2011-07-18 23:40:00,2011-07-18 23:58:00,B4.5,POINT(9.0 20.0),0
gev_20110719_0307,2011-07-19 03:07:00,2011-07-19 03:29:00,2011-07-19 03:42:00,B5.4,POINT(74.0 19.0),0
gev_20110719_0512,2011-07-19 05:12:00,2011-07-19 05:30:00,2011-07-19 05:38:00,B4.0,POINT(78.0 19.0),0
gev_20110719_1054,2011-07-19 10:54:00,2011-07-19 11:01:00,2011-07-19 11:09:00,B5.8,POINT(-5.0 -24.0),0
gev_20110719_1124,2011-07-19 11:24:00,2011-07-19 11:27:00,2011-07-19 11:30:00,B7.1,POINT(-3.0 -21.0),0
gev_20110719_2230,2011-07-19 22:30:00,2011-07-19 23:36:00,2011-07-20 00:23:00,B5.3,POINT(2.0 -26.0),0
gev_20110719_2234,2011-07-19 22:34:00,2011-07-19 23:30:00,2011-07-20 00:09:00,B5.2,POINT(1.0 -26.0),0
gev_20110720_0315,2011-07-20 03:15:00,2011-07-20 03:18:00,2011-07-20 03:23:00,B3.2,POINT(83.0 20.0),0
gev_20110720_0957,2011-07-20 09:57:00,2011-07-20 10:00:00,2011-07-20 10:05:00,B7.2,POINT(5.0 -26.0),0
gev_20110720_1545,2011-07-20 15:45:00,2011-07-20 15:51:00,2011-07-20 15:58:00,B8.3,POINT(6.0 -27.0),0
gev_20110720_1751,2011-07-20 17:51:00,2011-07-20 17:56:00,2011-07-20 18:01:00,B5.1,POINT(-47.0 25.0),0
gev_20110720_1959,2011-07-20 19:59:00,2011-07-20 20:00:00,2011-07-20 20:06:00,B4.0,POINT(-48.0 24.0),0
gev_20110720_2113,2011-07-20 21:13:00,2011-07-20 21:17:00,2011-07-20 21:21:00,B4.0,POINT(-46.0 25.0),0
gev_20110721_1500,2011-07-21 15:00:00,2011-07-21 15:03:00,2011-07-21 15:09:00,B3.0,POINT(22.0 -22.0),0
gev_20110722_0338,2011-07-22 03:38:00,2011-07-22 03:43:00,2011-07-22 03:46:00,B3.1,POINT(29.0 -24.0),0
gev_20110722_0415,2011-07-22 04:15:00,2011-07-22 04:16:00,2011-07-22 04:20:00,B5.7,POINT(29.0 -24.0),0
gev_20110722_0951,2011-07-22 09:51:00,2011-07-22 09:55:00,2011-07-22 09:58:00,B5.0,POINT(85.0 11.0),0
gev_20110723_1303,2011-07-23 13:03:00,2011-07-23 13:09:00,2011-07-23 13:17:00,B4.1,POINT(-88.0 18.0),0
gev_20110723_1445,2011-07-23 14:45:00,2011-07-23 14:49:00,2011-07-23 14:53:00,B5.4,POINT(-89.0 19.0),0
gev_20110724_2149,2011-07-24 21:49:00,2011-07-24 21:55:00,2011-07-24 22:03:00,B4.1,POINT(-79.0 18.0),0
gev_20110724_2241,2011-07-24 22:41:00,2011-07-24 22:45:00,2011-07-24 22:50:00,B7.4,POINT(-86.0 19.0),0
gev_20110725_0514,2011-07-25 05:14:00,2011-07-25 05:22:00,2011-07-25 05:47:00,B2.7,POINT(-88.0 16.0),0
gev_20110725_1014,2011-07-25 10:14:00,2011-07-25 10:20:00,2011-07-25 10:28:00,B4.2,POINT(-88.0 16.0),0
gev_20110725_1234,2011-07-25 12:34:00,2011-07-25 12:48:00,2011-07-26 00:05:00,B4.2,POINT(-71.0 19.0),0
gev_20110725_1335,2011-07-25 13:35:00,2011-07-25 13:41:00,2011-07-25 13:53:00,B3.4,POINT(15.0 24.0),0
gev_20110725_1624,2011-07-25 16:24:00,2011-07-25 16:28:00,2011-07-25 16:30:00,B7.2,POINT(-88.0 15.0),0
gev_20110725_1758,2011-07-25 17:58:00,2011-07-25 18:02:00,2011-07-25 18:07:00,B6.1,POINT(-88.0 14.0),1261
gev_20110726_0250,2011-07-26 02:50:00,2011-07-26 02:55:00,2011-07-26 03:02:00,B7.6,POINT(-58.0 17.0),0
gev_20110726_0317,2011-07-26 03:17:00,2011-07-26 03:39:00,2011-07-26 03:48:00,C1.2,POINT(-58.0 18.0),0
gev_20110726_0738,2011-07-26 07:38:00,2011-07-26 07:45:00,2011-07-26 07:52:00,B6.5,POINT(-56.0 17.0),0
gev_20110726_0948,2011-07-26 09:48:00,2011-07-26 09:55:00,2011-07-26 10:01:00,B5.8,POINT(-53.0 17.0),0
gev_20110726_1112,2011-07-26 11:12:00,2011-07-26 11:15:00,2011-07-26 11:22:00,B9.4,POINT(-87.0 17.0),1261
gev_20110726_1419,2011-07-26 14:19:00,2011-07-26 14:33:00,2011-07-26 15:02:00,B7.1,POINT(-51.0 18.0),0
gev_20110726_1553,2011-07-26 15:53:00,2011-07-26 15:56:00,2011-07-26 16:00:00,B6.9,POINT(-53.0 18.0),0
gev_20110726_2153,2011-07-26 21:53:00,2011-07-26 22:41:00,2011-07-26 22:53:00,C3.8,POINT(-48.0 18.0),0
gev_20110726_2353,2011-07-26 23:53:00,2011-07-26 23:59:00,2011-07-27 00:03:00,B8.9,POINT(-45.0 18.0),0
gev_20110727_0138,2011-07-27 01:38:00,2011-07-27 02:01:00,2011-07-27 02:35:00,C3.0,POINT(-46.0 17.0),0
gev_20110727_0548,2011-07-27 05:48:00,2011-07-27 06:12:00,2011-07-27 06:26:00,C1.1,POINT(-46.0 17.0),0
gev_20110727_0633,2011-07-27 06:33:00,2011-07-27 06:39:00,2011-07-27 06:46:00,C3.0,POINT(-41.0 18.0),0
gev_20110727_0832,2011-07-27 08:32:00,2011-07-27 08:47:00,2011-07-27 09:20:00,B8.3,POINT(-74.0 17.0),1263
gev_20110727_0956,2011-07-27 09:56:00,2011-07-27 10:02:00,2011-07-27 10:12:00,C3.0,POINT(-39.0 18.0),1260
gev_20110727_1118,2011-07-27 11:18:00,2011-07-27 11:31:00,2011-07-27 11:33:00,C3.6,POINT(-39.0 18.0),0
gev_20110727_1247,2011-07-27 12:47:00,2011-07-27 12:53:00,2011-07-27 13:00:00,C2.0,POINT(-39.0 18.0),0
gev_20110727_1309,2011-07-27 13:09:00,2011-07-27 13:13:00,2011-07-27 13:25:00,C2.0,POINT(-37.0 18.0),1260
gev_20110727_1548,2011-07-27 15:48:00,2011-07-27 16:00:00,2011-07-27 16:07:00,M1.1,POINT(-38.0 19.0),1260
gev_20110727_2010,2011-07-27 20:10:00,2011-07-27 20:26:00,2011-07-27 20:37:00,C1.0,POINT(-34.0 18.0),0
gev_20110727_2041,2011-07-27 20:41:00,2011-07-27 21:00:00,2011-07-27 21:03:00,C1.4,POINT(-34.0 19.0),0
gev_20110727_2148,2011-07-27 21:48:00,2011-07-27 21:54:00,2011-07-27 22:00:00,C2.5,POINT(-33.0 19.0),0
gev_20110727_2211,2011-07-27 22:11:00,2011-07-27 22:17:00,2011-07-27 22:21:00,C1.6,POINT(-34.0 19.0),0
gev_20110727_2310,2011-07-27 23:10:00,2011-07-27 23:52:00,2011-07-28 00:03:00,C2.2,POINT(-33.0 18.0),0
gev_20110728_0016,2011-07-28 00:16:00,2011-07-28 00:26:00,2011-07-28 00:26:00,C2.5,POINT(-33.0 18.0),0
gev_20110728_0119,2011-07-28 01:19:00,2011-07-28 01:31:00,2011-07-28 01:36:00,C1.8,POINT(-31.0 19.0),0
gev_20110728_0219,2011-07-28 02:19:00,2011-07-28 02:25:00,2011-07-28 02:29:00,C5.2,POINT(-31.0 18.0),0
gev_20110728_0439,2011-07-28 04:39:00,2011-07-28 04:44:00,2011-07-28 04:44:00,C2.2,POINT(-29.0 19.0),0
gev_20110728_0503,2011-07-28 05:03:00,2011-07-28 05:08:00,2011-07-28 05:11:00,C1.6,POINT(-29.0 17.0),0
gev_20110728_0625,2011-07-28 06:25:00,2011-07-28 06:29:00,2011-07-28 06:33:00,B8.5,POINT(-29.0 19.0),1260
gev_20110728_0656,2011-07-28 06:56:00,2011-07-28 07:00:00,2011-07-28 07:05:00,C1.9,POINT(-29.0 18.0),1260
gev_20110728_0728,2011-07-28 07:28:00,2011-07-28 07:31:00,2011-07-28 07:40:00,C1.7,POINT(-26.0 19.0),1260
gev_20110728_0911,2011-07-28 09:11:00,2011-07-28 09:14:00,2011-07-28 09:16:00,B9.1,POINT(-27.0 18.0),1260
gev_20110728_1055,2011-07-28 10:55:00,2011-07-28 10:59:00,2011-07-28 10:59:00,C1.5,POINT(-27.0 17.0),0
gev_20110728_1203,2011-07-28 12:03:00,2011-07-28 12:12:00,2011-07-28 12:12:00,C5.3,POINT(-25.0 19.0),1260
gev_20110728_1351,2011-07-28 13:51:00,2011-07-28 13:56:00,2011-07-28 13:56:00,B8.7,POINT(-24.0 18.0),1260
gev_20110728_1443,2011-07-28 14:43:00,2011-07-28 15:27:00,2011-07-28 15:45:00,C4.1,POINT(-23.0 18.0),1260
gev_20110728_1643,2011-07-28 16:43:00,2011-07-28 16:45:00,2011-07-28 16:50:00,C2.4,POINT(-23.0 18.0),1260
gev_20110728_1759,2011-07-28 17:59:00,2011-07-28 18:15:00,2011-07-28 18:22:00,C1.6,POINT(-51.0 13.0),0
gev_20110728_2029,2011-07-28 20:29:00,2011-07-28 20:37:00,2011-07-28 20:40:00,C3.5,POINT(-22.0 18.0),1260
gev_20110728_2140,2011-07-28 21:40:00,2011-07-28 22:28:00,2011-07-28 22:52:00,C1.7,POINT(-19.0 18.0),1260
gev_20110729_0032,2011-07-29 00:32:00,2011-07-29 00:39:00,2011-07-29 00:46:00,C2.3,POINT(-48.0 13.0),0
gev_20110729_0057,2011-07-29 00:57:00,2011-07-29 01:00:00,2011-07-29 01:06:00,C4.1,POINT(-73.0 15.0),0
gev_20110729_0220,2011-07-29 02:20:00,2011-07-29 02:24:00,2011-07-29 02:26:00,C1.0,POINT(-45.0 14.0),0
gev_20110729_0345,2011-07-29 03:45:00,2011-07-29 03:48:00,2011-07-29 03:52:00,C1.2,POINT(-44.0 14.0),0
gev_20110729_0431,2011-07-29 04:31:00,2011-07-29 04:35:00,2011-07-29 04:37:00,C1.1,POINT(-44.0 14.0),0
gev_20110729_0520,2011-07-29 05:20:00,2011-07-29 05:23:00,2011-07-29 05:25:00,B8.9,POINT(-44.0 14.0),0
gev_20110729_0529,2011-07-29 05:29:00,2011-07-29 05:33:00,2011-07-29 05:36:00,C1.1,POINT(-12.0 19.0),0
gev_20110729_0617,2011-07-29 06:17:00,2011-07-29 06:20:00,2011-07-29 06:24:00,C1.1,POINT(-13.0 19.0),0
gev_20110729_0710,2011-07-29 07:10:00,2011-07-29 07:13:00,2011-07-29 07:16:00,B8.0,POINT(-43.0 14.0),0
gev_20110729_0803,2011-07-29 08:03:00,2011-07-29 08:07:00,2011-07-29 08:10:00,C1.4,POINT(-43.0 13.0),0
gev_20110729_0834,2011-07-29 08:34:00,2011-07-29 08:37:00,2011-07-29 08:39:00,C1.1,POINT(-43.0 14.0),0
gev_20110729_1213,2011-07-29 12:13:00,2011-07-29 12:17:00,2011-07-29 12:26:00,C3.9,POINT(-41.0 14.0),0
gev_20110729_1345,2011-07-29 13:45:00,2011-07-29 13:51:00,2011-07-29 13:54:00,C1.3,POINT(-65.0 17.0),1263
gev_20110729_1634,2011-07-29 16:34:00,2011-07-29 16:40:00,2011-07-29 16:46:00,C6.3,POINT(-39.0 14.0),0
gev_20110729_1756,2011-07-29 17:56:00,2011-07-29 18:02:00,2011-07-29 18:10:00,C3.2,POINT(-38.0 14.0),0
gev_20110729_2159,2011-07-29 21:59:00,2011-07-29 22:02:00,2011-07-29 22:04:00,B7.0,POINT(-37.0 14.0),0
gev_20110729_2235,2011-07-29 22:35:00,2011-07-29 22:38:00,2011-07-29 22:40:00,B6.9,POINT(-35.0 14.0),0
gev_20110730_0050,2011-07-30 00:50:00,2011-07-30 00:53:00,2011-07-30 00:56:00,B5.3,POINT(-36.0 15.0),0
gev_20110730_0204,2011-07-30 02:04:00,2011-07-30 02:09:00,2011-07-30 02:12:00,M9.3,POINT(-35.0 14.0),0
gev_20110730_1211,2011-07-30 12:11:00,2011-07-30 12:17:00,2011-07-30 12:27:00,C1.3,POINT(33.0 18.0),0
gev_20110730_1533,2011-07-30 15:33:00,2011-07-30 15:38:00,2011-07-30 15:45:00,B5.6,POINT(-29.0 17.0),0
gev_20110730_1810,2011-07-30 18:10:00,2011-07-30 18:14:00,2011-07-30 18:16:00,B5.3,POINT(-53.0 15.0),0
gev_20110730_1852,2011-07-30 18:52:00,2011-07-30 19:01:00,2011-07-30 19:15:00,B4.9,POINT(-27.0 16.0),0
gev_20110730_1937,2011-07-30 19:37:00,2011-07-30 19:41:00,2011-07-30 19:43:00,B4.6,POINT(-52.0 19.0),0
gev_20110731_0143,2011-07-31 01:43:00,2011-07-31 01:47:00,2011-07-31 01:49:00,C1.0,POINT(-46.0 17.0),1263
gev_20110731_0212,2011-07-31 02:12:00,2011-07-31 02:13:00,2011-07-31 02:14:00,B7.5,POINT(-46.0 17.0),1263
gev_20110731_0246,2011-07-31 02:46:00,2011-07-31 02:54:00,2011-07-31 03:02:00,C3.8,POINT(-20.0 14.0),0
gev_20110731_0621,2011-07-31 06:21:00,2011-07-31 07:02:00,2011-07-31 07:29:00,B8.7,POINT(-20.0 17.0),0
gev_20110731_1402,2011-07-31 14:02:00,2011-07-31 14:06:00,2011-07-31 14:11:00,B5.4,POINT(-41.0 17.0),1263
gev_20110731_1757,2011-07-31 17:57:00,2011-07-31 18:01:00,2011-07-31 18:03:00,C1.1,POINT(-42.0 15.0),1263
gev_20110731_1843,2011-07-31 18:43:00,2011-07-31 18:50:00,2011-07-31 18:52:00,C1.4,POINT(-41.0 15.0),1263
gev_20110731_1901,2011-07-31 19:01:00,2011-07-31 19:09:00,2011-07-31 19:17:00,C1.7,POINT(50.0 18.0),1265
gev_20110731_2041,2011-07-31 20:41:00,2011-07-31 20:47:00,2011-07-31 20:50:00,C1.9,POINT(-7.0 13.0),0
gev_20110731_2148,2011-07-31 21:48:00,2011-07-31 21:54:00,2011-07-31 22:04:00,C1.8,POINT(-4.0 14.0),1261
gev_20110731_2246,2011-07-31 22:46:00,2011-07-31 22:54:00,2011-07-31 22:57:00,C1.5,POINT(-38.0 15.0),1263
gev_20110731_2336,2011-07-31 23:36:00,2011-07-31 23:40:00,2011-07-31 23:44:00,C1.0,POINT(-37.0 15.0),1263
gev_20110801_0003,2011-08-01 00:03:00,2011-08-01 00:07:00,2011-08-01 00:25:00,C1.0,POINT(-37.0 15.0),1263
gev_20110801_0039,2011-08-01 00:39:00,2011-08-01 00:47:00,2011-08-01 01:11:00,C2.1,POINT(-1.0 15.0),1261
gev_20110801_0142,2011-08-01 01:42:00,2011-08-01 01:45:00,2011-08-01 01:49:00,B9.0,POINT(-6.0 13.0),0
gev_20110801_0719,2011-08-01 07:19:00,2011-08-01 07:32:00,2011-08-01 07:44:00,C4.0,POINT(-3.0 14.0),1261
gev_20110801_0810,2011-08-01 08:10:00,2011-08-01 08:14:00,2011-08-01 08:17:00,C1.4,POINT(-32.0 15.0),1263
gev_20110801_1233,2011-08-01 12:33:00,2011-08-01 12:40:00,2011-08-01 12:45:00,C2.0,POINT(1.0 18.0),1261
gev_20110801_1556,2011-08-01 15:56:00,2011-08-01 16:00:00,2011-08-01 16:00:00,B9.4,POINT(6.0 15.0),1261
gev_20110801_1651,2011-08-01 16:51:00,2011-08-01 16:56:00,2011-08-01 16:57:00,C1.2,POINT(6.0 13.0),1261
gev_20110801_2149,2011-08-01 21:49:00,2011-08-01 22:01:00,2011-08-01 22:09:00,C1.8,POINT(9.0 16.0),0
gev_20110801_2210,2011-08-01 22:10:00,2011-08-01 22:13:00,2011-08-01 22:16:00,C3.2,POINT(10.0 14.0),0
gev_20110802_0050,2011-08-02 00:50:00,2011-08-02 01:02:00,2011-08-02 01:11:00,B9.9,POINT(11.0 15.0),0
gev_20110802_0310,2011-08-02 03:10:00,2011-08-02 03:14:00,2011-08-02 03:16:00,C1.2,POINT(-22.0 14.0),1263
gev_20110802_0357,2011-08-02 03:57:00,2011-08-02 04:00:00,2011-08-02 04:00:00,C1.2,POINT(14.0 14.0),0
gev_20110802_0519,2011-08-02 05:19:00,2011-08-02 06:19:00,2011-08-02 06:48:00,M1.4,POINT(12.0 17.0),0
gev_20110802_0924,2011-08-02 09:24:00,2011-08-02 09:27:00,2011-08-02 09:29:00,C2.0,POINT(14.0 12.0),1261
gev_20110802_1136,2011-08-02 11:36:00,2011-08-02 11:39:00,2011-08-02 11:42:00,C2.0,POINT(-18.0 15.0),1263
gev_20110802_1408,2011-08-02 14:08:00,2011-08-02 14:13:00,2011-08-02 14:20:00,B7.0,POINT(12.0 15.0),0
gev_20110802_1437,2011-08-02 14:37:00,2011-08-02 14:41:00,2011-08-02 14:43:00,B6.0,POINT(-15.0 19.0),1263
gev_20110802_1715,2011-08-02 17:15:00,2011-08-02 17:23:00,2011-08-02 17:32:00,C1.1,POINT(18.0 16.0),0
gev_20110802_1931,2011-08-02 19:31:00,2011-08-02 19:34:00,2011-08-02 19:39:00,B8.5,POINT(-11.0 16.0),1263
gev_20110802_2338,2011-08-02 23:38:00,2011-08-02 23:42:00,2011-08-02 23:42:00,B8.6,POINT(24.0 14.0),1261
gev_20110803_0235,2011-08-03 02:35:00,2011-08-03 02:38:00,2011-08-03 02:40:00,C1.2,POINT(25.0 16.0),1261
gev_20110803_0308,2011-08-03 03:08:00,2011-08-03 03:37:00,2011-08-03 03:51:00,M1.1,POINT(28.0 15.0),1261
gev_20110803_0429,2011-08-03 04:29:00,2011-08-03 04:32:00,2011-08-03 04:35:00,M1.7,POINT(-10.0 16.0),1263
gev_20110803_0642,2011-08-03 06:42:00,2011-08-03 06:46:00,2011-08-03 06:49:00,C1.1,POINT(24.0 19.0),0
gev_20110803_0738,2011-08-03 07:38:00,2011-08-03 07:45:00,2011-08-03 07:46:00,C3.0,POINT(28.0 15.0),1261
gev_20110803_1001,2011-08-03 10:01:00,2011-08-03 10:04:00,2011-08-03 10:06:00,C1.0,POINT(-5.0 15.0),1263
gev_20110803_1317,2011-08-03 13:17:00,2011-08-03 13:48:00,2011-08-03 14:10:00,M6.0,POINT(30.0 16.0),1261
gev_20110803_1852,2011-08-03 18:52:00,2011-08-03 19:00:00,2011-08-03 19:06:00,C2.3,POINT(0.0 15.0),1263
gev_20110803_1923,2011-08-03 19:23:00,2011-08-03 19:30:00,2011-08-03 19:30:00,C8.5,POINT(36.0 14.0),1262
gev_20110804_0047,2011-08-04 00:47:00,2011-08-04 00:50:00,2011-08-04 00:50:00,C1.6,POINT(37.0 14.0),1261
gev_20110804_0214,2011-08-04 02:14:00,2011-08-04 02:15:00,2011-08-04 02:28:00,C3.2,POINT(39.0 15.0),0
gev_20110804_0341,2011-08-04 03:41:00,2011-08-04 03:45:00,2011-08-04 03:57:00,M9.3,POINT(38.0 16.0),0
gev_20110804_0756,2011-08-04 07:56:00,2011-08-04 08:02:00,2011-08-04 08:06:00,C3.5,POINT(42.0 14.0),0
gev_20110804_0915,2011-08-04 09:15:00,2011-08-04 09:20:00,2011-08-04 09:23:00,C2.5,POINT(39.0 19.0),0
gev_20110804_1006,2011-08-04 10:06:00,2011-08-04 10:12:00,2011-08-04 10:19:00,C1.6,POINT(41.0 14.0),1261
gev_20110804_1143,2011-08-04 11:43:00,2011-08-04 11:45:00,2011-08-04 11:49:00,C1.2,POINT(44.0 15.0),1261
gev_20110804_1304,2011-08-04 13:04:00,2011-08-04 13:07:00,2011-08-04 13:12:00,C2.1,POINT(9.0 16.0),1263
gev_20110804_1409,2011-08-04 14:09:00,2011-08-04 14:17:00,2011-08-04 14:26:00,C1.0,POINT(44.0 14.0),1261
gev_20110804_1432,2011-08-04 14:32:00,2011-08-04 14:38:00,2011-08-04 14:44:00,C1.8,POINT(10.0 16.0),0
gev_20110804_1825,2011-08-04 18:25:00,2011-08-04 18:28:00,2011-08-04 18:31:00,B6.8,POINT(12.0 16.0),0
gev_20110804_2107,2011-08-04 21:07:00,2011-08-04 21:15:00,2011-08-04 21:15:00,C3.2,POINT(49.0 14.0),0
gev_20110804_2203,2011-08-04 22:03:00,2011-08-04 22:08:00,2011-08-04 22:13:00,C1.2,POINT(15.0 16.0),0
gev_20110804_2247,2011-08-04 22:47:00,2011-08-04 22:50:00,2011-08-04 22:52:00,B9.6,POINT(52.0 15.0),0
gev_20110804_2254,2011-08-04 22:54:00,2011-08-04 23:00:00,2011-08-04 23:05:00,C1.7,POINT(51.0 15.0),0
gev_20110804_2321,2011-08-04 23:21:00,2011-08-04 23:28:00,2011-08-04 23:32:00,C3.6,POINT(50.0 14.0),0
gev_20110805_0332,2011-08-05 03:32:00,2011-08-05 03:41:00,2011-08-05 03:41:00,C1.0,POINT(80.0 15.0),0
gev_20110805_0556,2011-08-05 05:56:00,2011-08-05 05:59:00,2011-08-05 06:07:00,C1.3,POINT(50.0 18.0),0
gev_20110805_0757,2011-08-05 07:57:00,2011-08-05 08:02:00,2011-08-05 08:07:00,B8.1,POINT(51.0 18.0),0
gev_20110805_0922,2011-08-05 09:22:00,2011-08-05 09:25:00,2011-08-05 09:28:00,B8.3,POINT(51.0 18.0),0
gev_20110805_1023,2011-08-05 10:23:00,2011-08-05 10:30:00,2011-08-05 10:37:00,C1.0,POINT(56.0 15.0),0
gev_20110805_1238,2011-08-05 12:38:00,2011-08-05 12:45:00,2011-08-05 12:45:00,C2.0,POINT(24.0 19.0),1263
gev_20110805_1740,2011-08-05 17:40:00,2011-08-05 17:47:00,2011-08-05 17:53:00,C1.8,POINT(26.0 18.0),1263
gev_20110805_1941,2011-08-05 19:41:00,2011-08-05 19:45:00,2011-08-05 19:49:00,C1.4,POINT(63.0 16.0),1265
gev_20110805_2104,2011-08-05 21:04:00,2011-08-05 21:08:00,2011-08-05 21:12:00,B8.0,POINT(60.0 17.0),1265
gev_20110806_0805,2011-08-06 08:05:00,2011-08-06 08:11:00,2011-08-06 08:11:00,B9.8,POINT(28.0 18.0),1263
gev_20110806_0837,2011-08-06 08:37:00,2011-08-06 08:47:00,2011-08-06 08:51:00,C4.1,POINT(-22.0 -16.0),0
gev_20110806_0929,2011-08-06 09:29:00,2011-08-06 09:42:00,2011-08-06 09:50:00,B8.4,POINT(29.0 18.0),0
gev_20110806_1141,2011-08-06 11:41:00,2011-08-06 11:46:00,2011-08-06 11:53:00,C1.3,POINT(-19.0 -16.0),0
gev_20110806_1216,2011-08-06 12:16:00,2011-08-06 12:23:00,2011-08-06 12:30:00,C1.4,POINT(32.0 18.0),0
gev_20110806_1626,2011-08-06 16:26:00,2011-08-06 16:30:00,2011-08-06 16:36:00,B9.8,POINT(-17.0 -16.0),0
gev_20110806_1655,2011-08-06 16:55:00,2011-08-06 18:07:00,2011-08-06 18:41:00,C1.4,POINT(87.0 25.0),0
gev_20110806_1922,2011-08-06 19:22:00,2011-08-06 19:27:00,2011-08-06 19:32:00,C1.4,POINT(34.0 17.0),0
gev_20110806_2223,2011-08-06 22:23:00,2011-08-06 22:46:00,2011-08-06 23:15:00,C1.4,POINT(35.0 17.0),0
gev_20110807_0017,2011-08-07 00:17:00,2011-08-07 00:21:00,2011-08-07 00:27:00,B7.6,POINT(36.0 17.0),0
gev_20110807_0100,2011-08-07 01:00:00,2011-08-07 01:03:00,2011-08-07 01:06:00,B9.2,POINT(88.0 17.0),0
gev_20110807_0212,2011-08-07 02:12:00,2011-08-07 02:15:00,2011-08-07 02:22:00,C1.3,POINT(38.0 17.0),0
gev_20110807_0304,2011-08-07 03:04:00,2011-08-07 03:11:00,2011-08-07 03:24:00,C2.1,POINT(38.0 17.0),1263
gev_20110807_0338,2011-08-07 03:38:00,2011-08-07 03:43:00,2011-08-07 03:48:00,C1.4,POINT(43.0 18.0),1263
gev_20110807_0404,2011-08-07 04:04:00,2011-08-07 04:08:00,2011-08-07 04:11:00,C1.6,POINT(39.0 17.0),1263
gev_20110807_0615,2011-08-07 06:15:00,2011-08-07 06:16:00,2011-08-07 06:23:00,B9.7,POINT(40.0 17.0),1263
gev_20110807_0824,2011-08-07 08:24:00,2011-08-07 08:32:00,2011-08-07 08:37:00,C1.6,POINT(-8.0 -16.0),1267
gev_20110807_0923,2011-08-07 09:23:00,2011-08-07 09:27:00,2011-08-07 09:29:00,C2.1,POINT(45.0 18.0),1263
gev_20110807_1251,2011-08-07 12:51:00,2011-08-07 12:54:00,2011-08-07 12:56:00,B7.2,POINT(47.0 17.0),1263
gev_20110807_1402,2011-08-07 14:02:00,2011-08-07 14:06:00,2011-08-07 14:10:00,C1.3,POINT(46.0 18.0),1263
gev_20110807_2121,2011-08-07 21:21:00,2011-08-07 22:32:00,2011-08-07 22:56:00,B8.6,POINT(50.0 17.0),1263
gev_20110808_0119,2011-08-08 01:19:00,2011-08-08 01:23:00,2011-08-08 01:29:00,B5.7,POINT(57.0 18.0),0
gev_20110808_0300,2011-08-08 03:00:00,2011-08-08 03:10:00,2011-08-08 03:14:00,C1.3,POINT(58.0 18.0),0
gev_20110808_0602,2011-08-08 06:02:00,2011-08-08 06:10:00,2011-08-08 06:17:00,B7.6,POINT(2.0 -16.0),0
gev_20110808_1214,2011-08-08 12:14:00,2011-08-08 12:15:00,2011-08-08 12:20:00,B8.0,POINT(60.0 17.0),0
gev_20110808_1247,2011-08-08 12:47:00,2011-08-08 12:50:00,2011-08-08 12:52:00,B4.6,POINT(59.0 17.0),0
gev_20110808_1532,2011-08-08 15:32:00,2011-08-08 15:38:00,2011-08-08 15:43:00,B8.1,POINT(61.0 16.0),0
gev_20110808_1630,2011-08-08 16:30:00,2011-08-08 16:36:00,2011-08-08 16:41:00,C2.2,POINT(62.0 17.0),0
gev_20110808_1800,2011-08-08 18:00:00,2011-08-08 18:10:00,2011-08-08 18:18:00,M3.5,POINT(62.0 15.0),0
gev_20110808_2029,2011-08-08 20:29:00,2011-08-08 20:33:00,2011-08-08 20:37:00,B9.2,POINT(65.0 17.0),0
gev_20110808_2050,2011-08-08 20:50:00,2011-08-08 20:54:00,2011-08-08 20:56:00,B6.9,POINT(63.0 16.0),0
gev_20110808_2200,2011-08-08 22:00:00,2011-08-08 22:09:00,2011-08-08 22:20:00,C7.7,POINT(65.0 17.0),0
gev_20110808_2302,2011-08-08 23:02:00,2011-08-08 23:15:00,2011-08-08 23:22:00,C5.3,POINT(66.0 17.0),0
gev_20110809_0319,2011-08-09 03:19:00,2011-08-09 03:45:00,2011-08-09 03:54:00,M2.5,POINT(69.0 17.0),0
gev_20110809_0719,2011-08-09 07:19:00,2011-08-09 07:23:00,2011-08-09 07:27:00,C1.4,POINT(69.0 15.0),0
gev_20110809_0748,2011-08-09 07:48:00,2011-08-09 08:05:00,2011-08-09 08:08:00,X6.9,POINT(69.0 14.0),0
gev_20110809_1329,2011-08-09 13:29:00,2011-08-09 13:45:00,2011-08-09 13:45:00,C2.2,POINT(78.0 17.0),0
gev_20110809_1543,2011-08-09 15:43:00,2011-08-09 15:45:00,2011-08-09 15:54:00,C2.4,POINT(76.0 15.0),0
gev_20110809_1658,2011-08-09 16:58:00,2011-08-09 17:02:00,2011-08-09 17:05:00,B8.6,POINT(76.0 15.0),0
gev_20110809_1804,2011-08-09 18:04:00,2011-08-09 18:11:00,2011-08-09 18:11:00,C2.0,POINT(75.0 16.0),0
gev_20110809_2333,2011-08-09 23:33:00,2011-08-09 23:43:00,2011-08-09 23:49:00,C3.9,POINT(80.0 15.0),0
gev_20110810_0841,2011-08-10 08:41:00,2011-08-10 08:45:00,2011-08-10 08:51:00,B4.7,POINT(82.0 16.0),0
gev_20110810_0930,2011-08-10 09:30:00,2011-08-10 09:37:00,2011-08-10 09:43:00,C2.4,POINT(82.0 17.0),1263
gev_20110810_1021,2011-08-10 10:21:00,2011-08-10 10:30:00,2011-08-10 10:44:00,C6.1,POINT(89.0 15.0),0
gev_20110810_1326,2011-08-10 13:26:00,2011-08-10 13:33:00,2011-08-10 13:37:00,B8.1,POINT(86.0 19.0),1263
gev_20110810_1403,2011-08-10 14:03:00,2011-08-10 14:09:00,2011-08-10 14:11:00,C1.2,POINT(84.0 22.0),1263
gev_20110810_1449,2011-08-10 14:49:00,2011-08-10 15:24:00,2011-08-10 15:38:00,C1.5,POINT(88.0 16.0),1263
gev_20110810_1948,2011-08-10 19:48:00,2011-08-10 20:14:00,2011-08-10 20:14:00,B8.0,POINT(87.0 24.0),1263
gev_20110810_2035,2011-08-10 20:35:00,2011-08-10 20:39:00,2011-08-10 20:41:00,C1.1,POINT(87.0 22.0),1263
gev_20110811_0416,2011-08-11 04:16:00,2011-08-11 04:26:00,2011-08-11 04:26:00,B6.9,POINT(88.0 17.0),1263
gev_20110811_0739,2011-08-11 07:39:00,2011-08-11 07:46:00,2011-08-11 07:54:00,C1.3,POINT(88.0 15.0),1263
gev_20110811_0934,2011-08-11 09:34:00,2011-08-11 10:23:00,2011-08-11 10:36:00,C6.2,POINT(88.0 15.0),1263
gev_20110811_2254,2011-08-11 22:54:00,2011-08-11 23:09:00,2011-08-11 23:24:00,B6.8,POINT(87.0 20.0),1263
gev_20110812_1219,2011-08-12 12:19:00,2011-08-12 13:06:00,2011-08-12 13:40:00,B3.7,POINT(87.0 23.0),0
gev_20110812_2055,2011-08-12 20:55:00,2011-08-12 21:00:00,2011-08-12 21:08:00,B1.9,POINT(-53.0 -25.0),1273
gev_20110813_1425,2011-08-13 14:25:00,2011-08-13 14:31:00,2011-08-13 14:35:00,B1.6,POINT(4.0 -22.0),1269
gev_20110813_2246,2011-08-13 22:46:00,2011-08-13 22:55:00,2011-08-13 23:11:00,B1.8,POINT(-87.0 19.0),0
gev_20110814_0940,2011-08-14 09:40:00,2011-08-14 10:37:00,2011-08-14 11:15:00,B9.2,POINT(-88.0 17.0),0
gev_20110814_1924,2011-08-14 19:24:00,2011-08-14 20:00:00,2011-08-14 20:29:00,B4.8,POINT(-88.0 17.0),0
gev_20110814_2109,2011-08-14 21:09:00,2011-08-14 21:42:00,2011-08-14 22:09:00,B6.8,POINT(-88.0 18.0),0
gev_20110815_0257,2011-08-15 02:57:00,2011-08-15 03:09:00,2011-08-15 03:16:00,B5.4,POINT(-87.0 -19.0),0
gev_20110815_0442,2011-08-15 04:42:00,2011-08-15 04:45:00,2011-08-15 04:54:00,C1.4,POINT(-88.0 17.0),0
gev_20110815_0624,2011-08-15 06:24:00,2011-08-15 06:41:00,2011-08-15 07:18:00,B4.6,POINT(-88.0 16.0),0
gev_20110815_1110,2011-08-15 11:10:00,2011-08-15 11:15:00,2011-08-15 11:20:00,C3.4,POINT(-87.0 -20.0),1272
gev_20110815_1235,2011-08-15 12:35:00,2011-08-15 12:43:00,2011-08-15 12:48:00,B6.5,POINT(-87.0 -17.0),1272
gev_20110815_1353,2011-08-15 13:53:00,2011-08-15 14:00:00,2011-08-15 14:12:00,B8.6,POINT(-88.0 11.0),1271
gev_20110815_1721,2011-08-15 17:21:00,2011-08-15 17:44:00,2011-08-15 18:05:00,B4.9,POINT(-88.0 15.0),0
gev_20110815_1938,2011-08-15 19:38:00,2011-08-15 19:43:00,2011-08-15 19:48:00,B7.7,POINT(-87.0 -20.0),0
gev_20110815_2313,2011-08-15 23:13:00,2011-08-15 23:16:00,2011-08-15 23:20:00,B4.1,POINT(-88.0 16.0),0
gev_20110815_2354,2011-08-15 23:54:00,2011-08-16 00:25:00,2011-08-16 00:59:00,C1.3,POINT(-88.0 15.0),0
gev_20110816_1104,2011-08-16 11:04:00,2011-08-16 11:10:00,2011-08-16 11:14:00,B6.4,POINT(-87.0 -21.0),0
gev_20110816_1539,2011-08-16 15:39:00,2011-08-16 15:42:00,2011-08-16 15:48:00,B4.2,POINT(-78.0 -21.0),0
gev_20110816_1724,2011-08-16 17:24:00,2011-08-16 17:28:00,2011-08-16 17:34:00,B3.8,POINT(-82.0 -20.0),0
gev_20110817_0006,2011-08-17 00:06:00,2011-08-17 00:11:00,2011-08-17 00:20:00,B3.8,POINT(-77.0 -20.0),0
gev_20110817_0144,2011-08-17 01:44:00,2011-08-17 01:54:00,2011-08-17 02:54:00,C1.9,POINT(-72.0 -19.0),0
gev_20110817_0419,2011-08-17 04:19:00,2011-08-17 04:29:00,2011-08-17 04:29:00,C2.3,POINT(-71.0 -23.0),0
gev_20110817_0752,2011-08-17 07:52:00,2011-08-17 07:57:00,2011-08-17 08:00:00,B8.3,POINT(-69.0 -20.0),0
gev_20110817_1019,2011-08-17 10:19:00,2011-08-17 10:30:00,2011-08-17 10:42:00,C3.4,POINT(-63.0 17.0),0
gev_20110817_1505,2011-08-17 15:05:00,2011-08-17 15:12:00,2011-08-17 15:12:00,B6.6,POINT(-62.0 -18.0),0
gev_20110817_1536,2011-08-17 15:36:00,2011-08-17 15:41:00,2011-08-17 15:45:00,B6.8,POINT(-56.0 15.0),1271
gev_20110817_1616,2011-08-17 16:16:00,2011-08-17 16:31:00,2011-08-17 16:45:00,C2.6,POINT(-65.0 -19.0),1272
gev_20110817_1831,2011-08-17 18:31:00,2011-08-17 18:34:00,2011-08-17 18:38:00,B3.7,POINT(-55.0 20.0),1271
gev_20110817_1854,2011-08-17 18:54:00,2011-08-17 18:58:00,2011-08-17 19:04:00,B5.8,POINT(-53.0 18.0),1271
gev_20110818_0023,2011-08-18 00:23:00,2011-08-18 00:30:00,2011-08-18 00:30:00,C1.6,POINT(-55.0 18.0),1271
gev_20110818_0224,2011-08-18 02:24:00,2011-08-18 02:34:00,2011-08-18 02:45:00,B3.3,POINT(2.0 -17.0),1273
gev_20110818_0345,2011-08-18 03:45:00,2011-08-18 04:02:00,2011-08-18 04:15:00,B5.7,POINT(-53.0 18.0),1271
gev_20110818_0437,2011-08-18 04:37:00,2011-08-18 04:43:00,2011-08-18 04:53:00,B3.2,POINT(-50.0 15.0),1271
gev_20110818_0640,2011-08-18 06:40:00,2011-08-18 06:44:00,2011-08-18 06:44:00,C1.2,POINT(-54.0 -18.0),1272
gev_20110818_1127,2011-08-18 11:27:00,2011-08-18 11:32:00,2011-08-18 11:39:00,B5.2,POINT(-44.0 12.0),1271
gev_20110818_1241,2011-08-18 12:41:00,2011-08-18 13:11:00,2011-08-18 13:19:00,B9.7,POINT(-52.0 -20.0),1272
gev_20110818_1459,2011-08-18 14:59:00,2011-08-18 15:15:00,2011-08-18 15:15:00,C1.1,POINT(-44.0 17.0),1271
gev_20110819_2235,2011-08-19 22:35:00,2011-08-19 22:59:00,2011-08-19 23:20:00,B3.2,POINT(-24.0 13.0),1271
gev_20110820_0156,2011-08-20 01:56:00,2011-08-20 02:11:00,2011-08-20 02:26:00,B4.4,POINT(-25.0 16.0),1271
gev_20110820_0226,2011-08-20 02:26:00,2011-08-20 02:30:00,2011-08-20 02:41:00,B4.4,POINT(-30.0 -21.0),1272
gev_20110820_0429,2011-08-20 04:29:00,2011-08-20 04:32:00,2011-08-20 04:35:00,B5.5,POINT(-29.0 -20.0),1272
gev_20110820_0541,2011-08-20 05:41:00,2011-08-20 06:15:00,2011-08-20 06:43:00,B4.5,POINT(-21.0 12.0),1271
gev_20110820_0752,2011-08-20 07:52:00,2011-08-20 07:58:00,2011-08-20 08:05:00,B3.9,POINT(-17.0 17.0),1271
gev_20110820_0921,2011-08-20 09:21:00,2011-08-20 09:24:00,2011-08-20 09:26:00,B7.4,POINT(-20.0 16.0),1271
gev_20110820_1157,2011-08-20 11:57:00,2011-08-20 12:01:00,2011-08-20 12:03:00,B5.7,POINT(-16.0 16.0),1271
gev_20110820_1225,2011-08-20 12:25:00,2011-08-20 12:36:00,2011-08-20 12:50:00,B8.4,POINT(-24.0 -21.0),1272
gev_20110820_1805,2011-08-20 18:05:00,2011-08-20 18:08:00,2011-08-20 18:11:00,B3.9,POINT(-15.0 16.0),1271
gev_20110820_1839,2011-08-20 18:39:00,2011-08-20 18:44:00,2011-08-20 18:48:00,B7.1,POINT(-13.0 16.0),1271
gev_20110820_2011,2011-08-20 20:11:00,2011-08-20 20:16:00,2011-08-20 20:18:00,B8.5,POINT(-12.0 15.0),1271
gev_20110820_2254,2011-08-20 22:54:00,2011-08-20 22:58:00,2011-08-20 23:00:00,C2.9,POINT(-10.0 15.0),1271
gev_20110821_0048,2011-08-21 00:48:00,2011-08-21 00:51:00,2011-08-21 00:57:00,B4.3,POINT(86.0 13.0),0
gev_20110821_0229,2011-08-21 02:29:00,2011-08-21 02:33:00,2011-08-21 02:37:00,B3.7,POINT(-13.0 20.0),0
gev_20110821_1211,2011-08-21 12:11:00,2011-08-21 12:20:00,2011-08-21 12:30:00,B6.1,POINT(-11.0 -22.0),0
gev_20110821_1442,2011-08-21 14:42:00,2011-08-21 14:48:00,2011-08-21 14:54:00,B6.1,POINT(-10.0 -20.0),0
gev_20110821_1547,2011-08-21 15:47:00,2011-08-21 15:50:00,2011-08-21 15:53:00,B4.5,POINT(-9.0 -20.0),1272
gev_20110821_1610,2011-08-21 16:10:00,2011-08-21 16:16:00,2011-08-21 16:27:00,B5.9,POINT(-9.0 -20.0),1272
gev_20110821_1704,2011-08-21 17:04:00,2011-08-21 17:31:00,2011-08-21 17:44:00,B4.9,POINT(-9.0 -20.0),1272
gev_20110821_1815,2011-08-21 18:15:00,2011-08-21 18:40:00,2011-08-21 18:46:00,C1.5,POINT(-9.0 -20.0),1272
gev_20110821_2017,2011-08-21 20:17:00,2011-08-21 20:20:00,2011-08-21 20:27:00,B3.5,POINT(-8.0 -20.0),1272
gev_20110821_2038,2011-08-21 20:38:00,2011-08-21 20:41:00,2011-08-21 20:48:00,B6.3,POINT(-7.0 -20.0),1272
gev_20110821_2215,2011-08-21 22:15:00,2011-08-21 22:16:00,2011-08-21 22:28:00,B4.7,POINT(-6.0 -19.0),0
gev_20110821_2310,2011-08-21 23:10:00,2011-08-21 23:16:00,2011-08-21 23:26:00,C1.2,POINT(-6.0 -19.0),0
gev_20110822_0049,2011-08-22 00:49:00,2011-08-22 00:57:00,2011-08-22 01:09:00,B5.1,POINT(1.0 19.0),0
gev_20110822_0141,2011-08-22 01:41:00,2011-08-22 01:48:00,2011-08-22 02:01:00,B6.7,POINT(3.0 18.0),0
gev_20110822_0944,2011-08-22 09:44:00,2011-08-22 09:45:00,2011-08-22 09:51:00,B9.7,POINT(5.0 19.0),0
gev_20110822_1152,2011-08-22 11:52:00,2011-08-22 11:56:00,2011-08-22 11:59:00,B5.6,POINT(6.0 19.0),0
gev_20110822_1206,2011-08-22 12:06:00,2011-08-22 12:10:00,2011-08-22 12:12:00,B6.2,POINT(6.0 19.0),0
gev_20110822_1515,2011-08-22 15:15:00,2011-08-22 16:04:00,2011-08-22 16:38:00,C1.1,POINT(12.0 19.0),0
gev_20110822_1850,2011-08-22 18:50:00,2011-08-22 18:54:00,2011-08-22 19:00:00,B5.5,POINT(12.0 16.0),0
gev_20110822_1957,2011-08-22 19:57:00,2011-08-22 20:03:00,2011-08-22 20:10:00,B9.9,POINT(12.0 20.0),0
gev_20110822_2147,2011-08-22 21:47:00,2011-08-22 22:09:00,2011-08-22 22:18:00,B5.4,POINT(13.0 20.0),0
gev_20110822_2245,2011-08-22 22:45:00,2011-08-22 22:59:00,2011-08-22 23:05:00,B4.4,POINT(13.0 20.0),1271
gev_20110823_0101,2011-08-23 01:01:00,2011-08-23 01:06:00,2011-08-23 01:17:00,B4.7,POINT(14.0 20.0),0
gev_20110823_0212,2011-08-23 02:12:00,2011-08-23 02:32:00,2011-08-23 02:48:00,B5.3,POINT(14.0 20.0),0
gev_20110823_0549,2011-08-23 05:49:00,2011-08-23 05:53:00,2011-08-23 06:00:00,B5.4,POINT(16.0 21.0),0
gev_20110823_1548,2011-08-23 15:48:00,2011-08-23 15:51:00,2011-08-23 15:54:00,B4.0,POINT(22.0 19.0),0
gev_20110824_1022,2011-08-24 10:22:00,2011-08-24 10:25:00,2011-08-24 10:33:00,B4.1,POINT(37.0 14.0),0
gev_20110824_1230,2011-08-24 12:30:00,2011-08-24 12:35:00,2011-08-24 12:44:00,B4.0,POINT(38.0 17.0),0
gev_20110824_1252,2011-08-24 12:52:00,2011-08-24 12:53:00,2011-08-24 12:57:00,B5.9,POINT(-88.0 15.0),1277
gev_20110824_1625,2011-08-24 16:25:00,2011-08-24 16:29:00,2011-08-24 16:31:00,B8.0,POINT(36.0 17.0),1271
gev_20110824_1631,2011-08-24 16:31:00,2011-08-24 16:33:00,2011-08-24 16:34:00,C1.1,POINT(37.0 16.0),0
gev_20110824_1644,2011-08-24 16:44:00,2011-08-24 16:45:00,2011-08-24 16:55:00,B5.0,POINT(37.0 17.0),0
gev_20110824_1732,2011-08-24 17:32:00,2011-08-24 17:35:00,2011-08-24 17:38:00,B5.5,POINT(36.0 17.0),0
gev_20110824_1817,2011-08-24 18:17:00,2011-08-24 18:20:00,2011-08-24 18:22:00,B4.5,POINT(37.0 18.0),0
gev_20110824_2012,2011-08-24 20:12:00,2011-08-24 20:15:00,2011-08-24 20:18:00,B4.3,POINT(37.0 17.0),0
gev_20110825_0539,2011-08-25 05:39:00,2011-08-25 05:50:00,2011-08-25 06:05:00,B5.4,POINT(45.0 20.0),0
gev_20110825_0654,2011-08-25 06:54:00,2011-08-25 07:02:00,2011-08-25 07:13:00,B9.5,POINT(-88.0 12.0),1279
gev_20110825_0808,2011-08-25 08:08:00,2011-08-25 08:11:00,2011-08-25 08:14:00,B4.8,POINT(51.0 16.0),0
gev_20110825_0829,2011-08-25 08:29:00,2011-08-25 08:32:00,2011-08-25 08:34:00,B5.3,POINT(45.0 19.0),0
gev_20110825_0935,2011-08-25 09:35:00,2011-08-25 09:38:00,2011-08-25 09:41:00,B4.4,POINT(51.0 14.0),0
gev_20110825_1023,2011-08-25 10:23:00,2011-08-25 10:26:00,2011-08-25 10:34:00,B4.6,POINT(-87.0 13.0),1279
gev_20110825_1602,2011-08-25 16:02:00,2011-08-25 16:14:00,2011-08-25 16:20:00,B4.6,POINT(-88.0 11.0),1279
gev_20110825_1645,2011-08-25 16:45:00,2011-08-25 16:52:00,2011-08-25 17:01:00,B9.6,POINT(-88.0 10.0),1279
gev_20110825_1706,2011-08-25 17:06:00,2011-08-25 17:12:00,2011-08-25 17:18:00,B6.0,POINT(52.0 16.0),0
gev_20110825_2156,2011-08-25 21:56:00,2011-08-25 22:03:00,2011-08-25 22:09:00,B8.9,POINT(53.0 16.0),0
gev_20110826_0041,2011-08-26 00:41:00,2011-08-26 00:45:00,2011-08-26 00:55:00,B4.4,POINT(61.0 17.0),0
gev_20110826_0329,2011-08-26 03:29:00,2011-08-26 03:34:00,2011-08-26 03:36:00,C1.0,POINT(55.0 19.0),0
gev_20110826_0432,2011-08-26 04:32:00,2011-08-26 04:40:00,2011-08-26 04:44:00,B7.9,POINT(57.0 19.0),1271
gev_20110826_0638,2011-08-26 06:38:00,2011-08-26 06:43:00,2011-08-26 06:50:00,B6.5,POINT(58.0 18.0),1271
gev_20110826_0826,2011-08-26 08:26:00,2011-08-26 08:30:00,2011-08-26 08:34:00,B4.0,POINT(58.0 19.0),1271
gev_20110826_0858,2011-08-26 08:58:00,2011-08-26 09:02:00,2011-08-26 09:08:00,B7.6,POINT(66.0 18.0),1271
gev_20110826_1112,2011-08-26 11:12:00,2011-08-26 11:17:00,2011-08-26 11:23:00,B6.3,POINT(60.0 18.0),1271
gev_20110826_1211,2011-08-26 12:11:00,2011-08-26 12:15:00,2011-08-26 12:17:00,B4.4,POINT(61.0 20.0),1271
gev_20110826_1304,2011-08-26 13:04:00,2011-08-26 13:13:00,2011-08-26 13:17:00,C2.3,POINT(61.0 18.0),1271
gev_20110826_1330,2011-08-26 13:30:00,2011-08-26 13:33:00,2011-08-26 13:36:00,B9.0,POINT(62.0 20.0),1271
gev_20110826_1519,2011-08-26 15:19:00,2011-08-26 15:26:00,2011-08-26 15:34:00,B6.4,POINT(-69.0 13.0),1279
gev_20110826_1640,2011-08-26 16:40:00,2011-08-26 16:57:00,2011-08-26 17:10:00,B6.2,POINT(70.0 17.0),1271
gev_20110826_1904,2011-08-26 19:04:00,2011-08-26 19:09:00,2011-08-26 19:19:00,B4.2,POINT(64.0 18.0),1271
gev_20110827_0442,2011-08-27 04:42:00,2011-08-27 04:46:00,2011-08-27 04:52:00,B8.7,POINT(74.0 18.0),1271
gev_20110827_0529,2011-08-27 05:29:00,2011-08-27 05:35:00,2011-08-27 05:45:00,B6.3,POINT(-87.0 -18.0),0
gev_20110827_1917,2011-08-27 19:17:00,2011-08-27 19:45:00,2011-08-27 20:29:00,B4.7,POINT(88.0 16.0),1271
gev_20110828_0413,2011-08-28 04:13:00,2011-08-28 04:22:00,2011-08-28 04:30:00,B5.4,POINT(75.0 22.0),1271
gev_20110828_1356,2011-08-28 13:56:00,2011-08-28 14:00:00,2011-08-28 14:04:00,B5.4,POINT(-76.0 -20.0),1281
gev_20110828_1958,2011-08-28 19:58:00,2011-08-28 20:02:00,2011-08-28 20:06:00,B3.4,POINT(-67.0 -19.0),1281
gev_20110828_2021,2011-08-28 20:21:00,2011-08-28 20:43:00,2011-08-28 20:53:00,B3.6,POINT(-1.0 18.0),0
gev_20110828_2124,2011-08-28 21:24:00,2011-08-28 21:32:00,2011-08-28 21:54:00,B4.5,POINT(-33.0 19.0),0
gev_20110829_0320,2011-08-29 03:20:00,2011-08-29 03:29:00,2011-08-29 04:00:00,B3.7,POINT(2.0 18.0),0
gev_20110829_0706,2011-08-29 07:06:00,2011-08-29 07:21:00,2011-08-29 07:21:00,C3.7,POINT(-88.0 14.0),0
gev_20110829_0819,2011-08-29 08:19:00,2011-08-29 08:27:00,2011-08-29 08:32:00,B6.7,POINT(87.0 22.0),1278
gev_20110829_1015,2011-08-29 10:15:00,2011-08-29 11:17:00,2011-08-29 11:49:00,C2.9,POINT(-88.0 13.0),0
gev_20110829_1255,2011-08-29 12:55:00,2011-08-29 13:31:00,2011-08-29 13:51:00,B9.5,POINT(-88.0 13.0),0
gev_20110829_1421,2011-08-29 14:21:00,2011-08-29 14:33:00,2011-08-29 14:45:00,B8.4,POINT(-88.0 13.0),0
gev_20110829_1513,2011-08-29 15:13:00,2011-08-29 15:24:00,2011-08-29 15:38:00,B8.0,POINT(86.0 24.0),1278
gev_20110829_1555,2011-08-29 15:55:00,2011-08-29 16:00:00,2011-08-29 16:05:00,C1.1,POINT(-88.0 13.0),0
gev_20110829_2142,2011-08-29 21:42:00,2011-08-29 21:47:00,2011-08-29 21:50:00,C1.7,POINT(45.0 17.0),1274
gev_20110829_2303,2011-08-29 23:03:00,2011-08-29 23:07:00,2011-08-29 23:19:00,B8.2,POINT(46.0 17.0),1274
gev_20110830_0306,2011-08-30 03:06:00,2011-08-30 03:12:00,2011-08-30 03:16:00,C1.9,POINT(48.0 17.0),1274
gev_20110830_0510,2011-08-30 05:10:00,2011-08-30 05:14:00,2011-08-30 05:20:00,C1.1,POINT(49.0 17.0),1274
gev_20110830_0536,2011-08-30 05:36:00,2011-08-30 05:40:00,2011-08-30 05:45:00,B5.6,POINT(50.0 17.0),1278
gev_20110830_0634,2011-08-30 06:34:00,2011-08-30 06:43:00,2011-08-30 06:55:00,C1.5,POINT(86.0 24.0),0
gev_20110830_0833,2011-08-30 08:33:00,2011-08-30 08:39:00,2011-08-30 08:47:00,B5.0,POINT(-88.0 14.0),0
gev_20110830_0915,2011-08-30 09:15:00,2011-08-30 09:23:00,2011-08-30 09:34:00,B8.8,POINT(87.0 24.0),0
gev_20110830_1156,2011-08-30 11:56:00,2011-08-30 12:08:00,2011-08-30 12:23:00,B7.5,POINT(86.0 25.0),0
gev_20110830_1348,2011-08-30 13:48:00,2011-08-30 13:59:00,2011-08-30 14:28:00,C1.5,POINT(-89.0 9.0),0
gev_20110830_2202,2011-08-30 22:02:00,2011-08-30 22:46:00,2011-08-30 22:53:00,C5.5,POINT(-44.0 -20.0),1281
gev_20110831_0126,2011-08-31 01:26:00,2011-08-31 01:30:00,2011-08-31 01:33:00,B3.9,POINT(58.0 -18.0),1284
gev_20110831_1116,2011-08-31 11:16:00,2011-08-31 11:24:00,2011-08-31 11:31:00,C2.2,POINT(-74.0 14.0),1283
gev_20110831_1249,2011-08-31 12:49:00,2011-08-31 13:22:00,2011-08-31 13:40:00,B9.7,POINT(-34.0 -19.0),1281
gev_20110831_1342,2011-08-31 13:42:00,2011-08-31 13:47:00,2011-08-31 13:51:00,B8.8,POINT(-76.0 15.0),1283
gev_20110831_1421,2011-08-31 14:21:00,2011-08-31 14:26:00,2011-08-31 14:34:00,B5.5,POINT(8.0 25.0),1282
gev_20110901_0119,2011-09-01 01:19:00,2011-09-01 01:26:00,2011-09-01 01:34:00,B5.3,POINT(3.0 13.0),1279
gev_20110901_1242,2011-09-01 12:42:00,2011-09-01 12:48:00,2011-09-01 12:53:00,C2.0,POINT(-59.0 14.0),0
gev_20110901_1347,2011-09-01 13:47:00,2011-09-01 13:51:00,2011-09-01 13:55:00,B6.0,POINT(-59.0 13.0),0
gev_20110901_1531,2011-09-01 15:31:00,2011-09-01 15:41:00,2011-09-01 15:51:00,B3.4,POINT(-18.0 -19.0),0
gev_20110901_1555,2011-09-01 15:55:00,2011-09-01 16:03:00,2011-09-01 16:09:00,B5.1,POINT(-58.0 14.0),0
gev_20110901_1813,2011-09-01 18:13:00,2011-09-01 18:22:00,2011-09-01 18:30:00,C2.0,POINT(-57.0 14.0),0
gev_20110902_0004,2011-09-02 00:04:00,2011-09-02 00:09:00,2011-09-02 00:15:00,B6.3,POINT(87.0 -19.0),1284
gev_20110902_0628,2011-09-02 06:28:00,2011-09-02 06:32:00,2011-09-02 06:36:00,B6.5,POINT(-49.0 14.0),1283
gev_20110902_0806,2011-09-02 08:06:00,2011-09-02 08:25:00,2011-09-02 08:38:00,B9.0,POINT(-8.0 -19.0),1281
gev_20110902_0849,2011-09-02 08:49:00,2011-09-02 08:52:00,2011-09-02 08:55:00,B8.9,POINT(-48.0 14.0),1283
gev_20110902_0916,2011-09-02 09:16:00,2011-09-02 09:21:00,2011-09-02 09:32:00,B7.6,POINT(60.0 18.0),1280
gev_20110902_1343,2011-09-02 13:43:00,2011-09-02 13:56:00,2011-09-02 14:01:00,B6.7,POINT(-5.0 -19.0),1281
gev_20110902_1509,2011-09-02 15:09:00,2011-09-02 15:16:00,2011-09-02 15:21:00,C1.8,POINT(-8.0 -18.0),1281
gev_20110902_1817,2011-09-02 18:17:00,2011-09-02 18:39:00,2011-09-02 19:00:00,B8.3,POINT(-3.0 -19.0),1281
gev_20110903_0319,2011-09-03 03:19:00,2011-09-03 03:22:00,2011-09-03 03:25:00,C1.0,POINT(68.0 18.0),1274
gev_20110903_0539,2011-09-03 05:39:00,2011-09-03 06:15:00,2011-09-03 06:24:00,B9.2,POINT(70.0 18.0),1274
gev_20110903_0747,2011-09-03 07:47:00,2011-09-03 07:56:00,2011-09-03 08:04:00,C2.4,POINT(0.0 -21.0),0
gev_20110903_0856,2011-09-03 08:56:00,2011-09-03 08:59:00,2011-09-03 09:05:00,B8.4,POINT(2.0 -18.0),0
gev_20110903_1357,2011-09-03 13:57:00,2011-09-03 14:12:00,2011-09-03 14:25:00,C1.0,POINT(75.0 18.0),0
gev_20110903_1732,2011-09-03 17:32:00,2011-09-03 17:36:00,2011-09-03 17:39:00,C2.5,POINT(74.0 19.0),0
gev_20110903_1842,2011-09-03 18:42:00,2011-09-03 18:46:00,2011-09-03 18:49:00,C1.2,POINT(78.0 18.0),0
gev_20110903_2004,2011-09-03 20:04:00,2011-09-03 20:10:00,2011-09-03 20:17:00,C1.2,POINT(80.0 19.0),0
gev_20110903_2028,2011-09-03 20:28:00,2011-09-03 20:36:00,2011-09-03 20:42:00,C1.2,POINT(7.0 -21.0),0
gev_20110903_2043,2011-09-03 20:43:00,2011-09-03 20:53:00,2011-09-03 21:10:00,C1.5,POINT(75.0 18.0),0
gev_20110903_2208,2011-09-03 22:08:00,2011-09-03 22:12:00,2011-09-03 22:14:00,C1.6,POINT(-69.0 -29.0),1287
gev_20110903_2302,2011-09-03 23:02:00,2011-09-03 23:08:00,2011-09-03 23:11:00,C1.7,POINT(78.0 18.0),1274
gev_20110904_0101,2011-09-04 01:01:00,2011-09-04 01:07:00,2011-09-04 01:13:00,C8.3,POINT(79.0 18.0),1274
gev_20110904_0436,2011-09-04 04:36:00,2011-09-04 04:45:00,2011-09-04 05:03:00,C9.0,POINT(82.0 19.0),1274
gev_20110904_0535,2011-09-04 05:35:00,2011-09-04 05:37:00,2011-09-04 06:28:00,C4.0,POINT(87.0 18.0),1274
gev_20110904_1121,2011-09-04 11:21:00,2011-09-04 11:45:00,2011-09-04 11:50:00,M3.2,POINT(84.0 18.0),0
gev_20110904_1521,2011-09-04 15:21:00,2011-09-04 15:34:00,2011-09-04 15:53:00,C5.8,POINT(87.0 19.0),0
gev_20110904_1915,2011-09-04 19:15:00,2011-09-04 19:19:00,2011-09-04 19:21:00,B8.9,POINT(88.0 16.0),0
gev_20110904_1930,2011-09-04 19:30:00,2011-09-04 19:34:00,2011-09-04 19:37:00,B9.5,POINT(87.0 18.0),0
gev_20110904_1940,2011-09-04 19:40:00,2011-09-04 19:47:00,2011-09-04 19:59:00,C1.4,POINT(87.0 17.0),0
gev_20110904_2358,2011-09-04 23:58:00,2011-09-05 00:37:00,2011-09-05 01:25:00,C7.9,POINT(87.0 19.0),1286
gev_20110905_0112,2011-09-05 01:12:00,2011-09-05 01:53:00,2011-09-05 03:20:00,C7.6,POINT(87.0 17.0),0
gev_20110905_0408,2011-09-05 04:08:00,2011-09-05 04:28:00,2011-09-05 04:32:00,M1.6,POINT(87.0 18.0),0
gev_20110905_0650,2011-09-05 06:50:00,2011-09-05 06:54:00,2011-09-05 06:57:00,C2.8,POINT(87.0 20.0),0
gev_20110905_0727,2011-09-05 07:27:00,2011-09-05 07:58:00,2011-09-05 08:06:00,M1.2,POINT(87.0 18.0),0
gev_20110905_1107,2011-09-05 11:07:00,2011-09-05 11:41:00,2011-09-05 12:15:00,C4.6,POINT(87.0 20.0),0
gev_20110905_1320,2011-09-05 13:20:00,2011-09-05 13:47:00,2011-09-05 14:20:00,C4.6,POINT(87.0 18.0),0
gev_20110906_0135,2011-09-06 01:35:00,2011-09-06 01:50:00,2011-09-06 02:05:00,M5.3,POINT(7.0 13.0),1283
gev_20110906_0329,2011-09-06 03:29:00,2011-09-06 03:45:00,2011-09-06 04:19:00,C3.0,POINT(88.0 21.0),1282
gev_20110906_0457,2011-09-06 04:57:00,2011-09-06 06:23:00,2011-09-06 06:51:00,C9.2,POINT(87.0 23.0),1282
gev_20110906_2042,2011-09-06 20:42:00,2011-09-06 21:28:00,2011-09-06 22:00:00,C1.4,POINT(17.0 14.0),1283
gev_20110906_2212,2011-09-06 22:12:00,2011-09-06 22:20:00,2011-09-06 22:24:00,X2.1,POINT(18.0 14.0),1283
gev_20110907_1036,2011-09-07 10:36:00,2011-09-07 10:53:00,2011-09-07 11:02:00,B7.7,POINT(25.0 14.0),1283
gev_20110907_1103,2011-09-07 11:03:00,2011-09-07 11:10:00,2011-09-07 11:20:00,B8.4,POINT(22.0 13.0),1283
gev_20110907_1445,2011-09-07 14:45:00,2011-09-07 14:48:00,2011-09-07 14:51:00,B7.9,POINT(-71.0 20.0),1295
gev_20110907_1824,2011-09-07 18:24:00,2011-09-07 18:28:00,2011-09-07 18:33:00,B9.1,POINT(-64.0 20.0),1289
gev_20110907_1955,2011-09-07 19:55:00,2011-09-07 20:06:00,2011-09-07 20:19:00,C3.0,POINT(30.0 14.0),1283
gev_20110907_2213,2011-09-07 22:13:00,2011-09-07 22:18:00,2011-09-07 22:26:00,C1.6,POINT(28.0 13.0),1283
gev_20110907_2232,2011-09-07 22:32:00,2011-09-07 22:38:00,2011-09-07 22:44:00,X1.8,POINT(31.0 14.0),1283
gev_20110908_1040,2011-09-08 10:40:00,2011-09-08 10:46:00,2011-09-08 10:57:00,C1.7,POINT(37.0 14.0),1283
gev_20110908_1532,2011-09-08 15:32:00,2011-09-08 15:46:00,2011-09-08 15:52:00,M6.7,POINT(41.0 14.0),1283
gev_20110908_1824,2011-09-08 18:24:00,2011-09-08 18:46:00,2011-09-08 19:00:00,C2.5,POINT(-63.0 22.0),0
gev_20110908_1826,2011-09-08 18:26:00,2011-09-08 18:46:00,2011-09-08 18:56:00,C2.5,POINT(-63.0 22.0),1289
gev_20110908_2252,2011-09-08 22:52:00,2011-09-08 22:58:00,2011-09-08 23:21:00,C1.1,POINT(47.0 15.0),1283
gev_20110908_2331,2011-09-08 23:31:00,2011-09-09 00:11:00,2011-09-09 00:32:00,C2.9,POINT(46.0 14.0),1283
gev_20110909_0146,2011-09-09 01:46:00,2011-09-09 01:52:00,2011-09-09 02:12:00,C1.2,POINT(-2.0 -31.0),1287
gev_20110909_0354,2011-09-09 03:54:00,2011-09-09 04:14:00,2011-09-09 04:19:00,B7.1,POINT(50.0 14.0),1283
gev_20110909_0601,2011-09-09 06:01:00,2011-09-09 06:11:00,2011-09-09 06:17:00,M2.7,POINT(48.0 14.0),1283
gev_20110909_1239,2011-09-09 12:39:00,2011-09-09 12:45:00,2011-09-09 12:56:00,M1.2,POINT(50.0 15.0),1283
gev_20110909_1442,2011-09-09 14:42:00,2011-09-09 14:59:00,2011-09-09 15:24:00,C3.2,POINT(56.0 14.0),1283
gev_20110909_2004,2011-09-09 20:04:00,2011-09-09 20:08:00,2011-09-09 20:10:00,B8.7,POINT(-39.0 22.0),1289
gev_20110909_2305,2011-09-09 23:05:00,2011-09-09 23:09:00,2011-09-09 23:20:00,C1.1,POINT(56.0 14.0),1283
gev_20110910_0150,2011-09-10 01:50:00,2011-09-10 01:56:00,2011-09-10 02:09:00,B6.5,POINT(-36.0 21.0),1289
gev_20110910_0718,2011-09-10 07:18:00,2011-09-10 07:40:00,2011-09-10 07:56:00,M1.1,POINT(64.0 14.0),1283
gev_20110910_1716,2011-09-10 17:16:00,2011-09-10 17:19:00,2011-09-10 17:21:00,B8.1,POINT(-31.0 20.0),1289
gev_20110910_1721,2011-09-10 17:21:00,2011-09-10 17:26:00,2011-09-10 17:31:00,C1.7,POINT(-29.0 21.0),0
gev_20110911_0841,2011-09-11 08:41:00,2011-09-11 08:51:00,2011-09-11 09:27:00,C6.6,POINT(78.0 14.0),0
gev_20110911_0940,2011-09-11 09:40:00,2011-09-11 10:03:00,2011-09-11 10:40:00,C5.4,POINT(82.0 14.0),0
gev_20110911_1318,2011-09-11 13:18:00,2011-09-11 13:26:00,2011-09-11 13:36:00,C1.9,POINT(84.0 14.0),0
gev_20110911_1821,2011-09-11 18:21:00,2011-09-11 19:08:00,2011-09-11 19:43:00,C1.1,POINT(-23.0 22.0),0
gev_20110911_1945,2011-09-11 19:45:00,2011-09-11 19:49:00,2011-09-11 19:52:00,C1.7,POINT(82.0 15.0),0
gev_20110911_2038,2011-09-11 20:38:00,2011-09-11 20:42:00,2011-09-11 20:45:00,B9.7,POINT(83.0 15.0),0
gev_20110911_2119,2011-09-11 21:19:00,2011-09-11 21:25:00,2011-09-11 21:35:00,C1.1,POINT(88.0 14.0),0
gev_20110912_0222,2011-09-12 02:22:00,2011-09-12 02:26:00,2011-09-12 02:30:00,C1.7,POINT(-87.0 20.0),0
gev_20110912_0324,2011-09-12 03:24:00,2011-09-12 03:29:00,2011-09-12 03:33:00,C2.0,POINT(-87.0 22.0),0
gev_20110912_0505,2011-09-12 05:05:00,2011-09-12 06:29:00,2011-09-12 07:30:00,C2.3,POINT(88.0 14.0),0
gev_20110912_1215,2011-09-12 12:15:00,2011-09-12 12:29:00,2011-09-12 12:40:00,C2.9,POINT(-87.0 22.0),0
gev_20110912_1319,2011-09-12 13:19:00,2011-09-12 14:02:00,2011-09-12 14:30:00,C1.3,POINT(-87.0 24.0),0
gev_20110912_1603,2011-09-12 16:03:00,2011-09-12 16:26:00,2011-09-12 16:41:00,C1.7,POINT(-87.0 21.0),0
gev_20110912_2030,2011-09-12 20:30:00,2011-09-12 20:54:00,2011-09-12 21:51:00,C9.9,POINT(-87.0 23.0),0
gev_20110913_0412,2011-09-13 04:12:00,2011-09-13 04:19:00,2011-09-13 04:32:00,C1.1,POINT(-86.0 22.0),1296
gev_20110913_1203,2011-09-13 12:03:00,2011-09-13 13:02:00,2011-09-13 13:17:00,C2.7,POINT(87.0 20.0),0
gev_20110913_1727,2011-09-13 17:27:00,2011-09-13 17:57:00,2011-09-13 18:21:00,C1.5,POINT(-81.0 20.0),1295
gev_20110913_2331,2011-09-13 23:31:00,2011-09-13 23:36:00,2011-09-13 23:50:00,C2.9,POINT(-62.0 24.0),1296
gev_20110914_0411,2011-09-14 04:11:00,2011-09-14 04:18:00,2011-09-14 04:28:00,C1.8,POINT(-60.0 22.0),1295
gev_20110914_0829,2011-09-14 08:29:00,2011-09-14 08:30:00,2011-09-14 08:42:00,C1.9,POINT(87.0 19.0),0
gev_20110914_1117,2011-09-14 11:17:00,2011-09-14 11:26:00,2011-09-14 11:33:00,C2.2,POINT(43.0 -17.0),1297
gev_20110914_1150,2011-09-14 11:50:00,2011-09-14 11:53:00,2011-09-14 11:56:00,C1.4,POINT(-49.0 22.0),1295
gev_20110914_1500,2011-09-14 15:00:00,2011-09-14 15:04:00,2011-09-14 15:07:00,B9.6,POINT(-47.0 22.0),1295
gev_20110914_1557,2011-09-14 15:57:00,2011-09-14 16:06:00,2011-09-14 16:14:00,C1.8,POINT(47.0 -17.0),1297
gev_20110914_1616,2011-09-14 16:16:00,2011-09-14 16:26:00,2011-09-14 16:48:00,C4.2,POINT(45.0 -17.0),1297
gev_20110914_1850,2011-09-14 18:50:00,2011-09-14 18:58:00,2011-09-14 19:14:00,C1.1,POINT(-56.0 16.0),1298
gev_20110914_1915,2011-09-14 19:15:00,2011-09-14 20:04:00,2011-09-14 20:30:00,C2.2,POINT(49.0 -17.0),1297
gev_20110914_2042,2011-09-14 20:42:00,2011-09-14 20:45:00,2011-09-14 20:54:00,C9.2,POINT(47.0 -17.0),1297
gev_20110914_2329,2011-09-14 23:29:00,2011-09-14 23:31:00,2011-09-14 23:41:00,C3.1,POINT(-59.0 25.0),1296
gev_20110915_0024,2011-09-15 00:24:00,2011-09-15 00:29:00,2011-09-15 00:32:00,C4.6,POINT(49.0 -17.0),1297
gev_20110915_0159,2011-09-15 01:59:00,2011-09-15 02:08:00,2011-09-15 02:20:00,C1.5,POINT(79.0 -26.0),1287
gev_20110915_0241,2011-09-15 02:41:00,2011-09-15 02:46:00,2011-09-15 02:50:00,C2.3,POINT(50.0 -17.0),1297
gev_20110915_0304,2011-09-15 03:04:00,2011-09-15 03:08:00,2011-09-15 03:11:00,C1.9,POINT(77.0 -27.0),1287
gev_20110915_0428,2011-09-15 04:28:00,2011-09-15 04:32:00,2011-09-15 04:35:00,C1.3,POINT(81.0 -27.0),1287
gev_20110915_1055,2011-09-15 10:55:00,2011-09-15 10:59:00,2011-09-15 11:02:00,C1.4,POINT(-53.0 24.0),1296
gev_20110915_1618,2011-09-15 16:18:00,2011-09-15 16:26:00,2011-09-15 16:41:00,C3.0,POINT(-49.0 24.0),1296
gev_20110915_1827,2011-09-15 18:27:00,2011-09-15 18:32:00,2011-09-15 18:38:00,C1.0,POINT(-50.0 25.0),1296
gev_20110915_2032,2011-09-15 20:32:00,2011-09-15 20:38:00,2011-09-15 20:43:00,C1.3,POINT(-49.0 25.0),1296
gev_20110915_2109,2011-09-15 21:09:00,2011-09-15 21:14:00,2011-09-15 21:19:00,C2.6,POINT(60.0 -17.0),1297
gev_20110915_2246,2011-09-15 22:46:00,2011-09-15 22:53:00,2011-09-15 22:59:00,C1.7,POINT(-47.0 24.0),1296
gev_20110915_2307,2011-09-15 23:07:00,2011-09-15 23:25:00,2011-09-15 23:55:00,C1.2,POINT(-48.0 24.0),1296
gev_20110916_0003,2011-09-16 00:03:00,2011-09-16 00:15:00,2011-09-16 00:27:00,C7.8,POINT(63.0 -17.0),1297
gev_20110916_0240,2011-09-16 02:40:00,2011-09-16 02:57:00,2011-09-16 03:08:00,C4.5,POINT(-44.0 24.0),1296
gev_20110916_0432,2011-09-16 04:32:00,2011-09-16 04:39:00,2011-09-16 05:08:00,C4.7,POINT(64.0 -17.0),1297
gev_20110916_0807,2011-09-16 08:07:00,2011-09-16 08:10:00,2011-09-16 08:12:00,C1.8,POINT(-23.0 -20.0),1299
gev_20110916_0842,2011-09-16 08:42:00,2011-09-16 08:46:00,2011-09-16 08:49:00,C2.2,POINT(67.0 -17.0),1297
gev_20110916_1130,2011-09-16 11:30:00,2011-09-16 11:36:00,2011-09-16 11:39:00,C9.3,POINT(61.0 -12.0),1290
gev_20110916_1505,2011-09-16 15:05:00,2011-09-16 15:08:00,2011-09-16 15:12:00,C2.0,POINT(62.0 -12.0),0
gev_20110916_1528,2011-09-16 15:28:00,2011-09-16 15:31:00,2011-09-16 15:34:00,C2.0,POINT(70.0 -17.0),0
gev_20110916_1709,2011-09-16 17:09:00,2011-09-16 17:15:00,2011-09-16 17:27:00,C2.2,POINT(-35.0 25.0),0
gev_20110916_1800,2011-09-16 18:00:00,2011-09-16 18:03:00,2011-09-16 18:11:00,C1.4,POINT(-17.0 22.0),0
gev_20110916_1840,2011-09-16 18:40:00,2011-09-16 18:44:00,2011-09-16 18:47:00,C2.2,POINT(74.0 -18.0),0
gev_20110916_1926,2011-09-16 19:26:00,2011-09-16 19:31:00,2011-09-16 19:33:00,C1.5,POINT(74.0 -17.0),0
gev_20110916_2209,2011-09-16 22:09:00,2011-09-16 22:13:00,2011-09-16 22:13:00,C1.4,POINT(67.0 -12.0),0
gev_20110916_2308,2011-09-16 23:08:00,2011-09-16 23:46:00,2011-09-17 00:20:00,C2.5,POINT(58.0 20.0),0
gev_20110916_2309,2011-09-16 23:09:00,2011-09-16 23:51:00,2011-09-17 00:44:00,C2.6,POINT(58.0 20.0),0
gev_20110917_0805,2011-09-17 08:05:00,2011-09-17 08:08:00,2011-09-17 08:10:00,C1.4,POINT(73.0 -11.0),0
gev_20110917_1047,2011-09-17 10:47:00,2011-09-17 10:50:00,2011-09-17 10:52:00,C1.1,POINT(73.0 -11.0),0
gev_20110917_1606,2011-09-17 16:06:00,2011-09-17 17:03:00,2011-09-17 17:46:00,C1.6,POINT(-10.0 27.0),0
gev_20110918_0126,2011-09-18 01:26:00,2011-09-18 01:30:00,2011-09-18 01:32:00,C1.6,POINT(-88.0 14.0),0
gev_20110918_0359,2011-09-18 03:59:00,2011-09-18 04:02:00,2011-09-18 04:05:00,C1.2,POINT(-19.0 25.0),0
gev_20110918_0732,2011-09-18 07:32:00,2011-09-18 07:35:00,2011-09-18 07:37:00,C2.9,POINT(-87.0 19.0),0
gev_20110918_0948,2011-09-18 09:48:00,2011-09-18 10:57:00,2011-09-18 11:37:00,C3.8,POINT(-1.0 23.0),0
gev_20110918_1548,2011-09-18 15:48:00,2011-09-18 15:52:00,2011-09-18 15:58:00,C2.0,POINT(3.0 22.0),0
gev_20110918_2223,2011-09-18 22:23:00,2011-09-18 22:27:00,2011-09-18 22:29:00,C1.6,POINT(8.0 22.0),1295
gev_20110919_0129,2011-09-19 01:29:00,2011-09-19 01:35:00,2011-09-19 01:52:00,C1.2,POINT(-80.0 15.0),1301
gev_20110919_0216,2011-09-19 02:16:00,2011-09-19 02:24:00,2011-09-19 03:00:00,C1.9,POINT(87.0 18.0),1291
gev_20110919_0309,2011-09-19 03:09:00,2011-09-19 03:15:00,2011-09-19 03:24:00,C1.3,POINT(15.0 -19.0),1299
gev_20110919_0452,2011-09-19 04:52:00,2011-09-19 04:59:00,2011-09-19 05:14:00,C2.4,POINT(-0.0 24.0),1296
gev_20110919_0719,2011-09-19 07:19:00,2011-09-19 07:37:00,2011-09-19 09:14:00,C6.2,POINT(1.0 23.0),1296
gev_20110919_0743,2011-09-19 07:43:00,2011-09-19 07:44:00,2011-09-19 08:28:00,C6.1,POINT(-71.0 23.0),1301
gev_20110919_1535,2011-09-19 15:35:00,2011-09-19 15:41:00,2011-09-19 15:47:00,C6.9,POINT(-67.0 23.0),1301
gev_20110919_1834,2011-09-19 18:34:00,2011-09-19 18:47:00,2011-09-19 18:54:00,C1.3,POINT(-75.0 21.0),1301
gev_20110920_0015,2011-09-20 00:15:00,2011-09-20 00:19:00,2011-09-20 00:23:00,C1.4,POINT(6.0 24.0),1296
gev_20110920_0500,2011-09-20 05:00:00,2011-09-20 05:13:00,2011-09-20 05:13:00,C9.5,POINT(72.0 -16.0),1294
gev_20110920_0644,2011-09-20 06:44:00,2011-09-20 06:46:00,2011-09-20 07:00:00,C2.0,POINT(-82.0 -44.0),0
gev_20110920_1148,2011-09-20 11:48:00,2011-09-20 11:52:00,2011-09-20 11:56:00,C1.6,POINT(12.0 26.0),1296
gev_20110920_1215,2011-09-20 12:15:00,2011-09-20 12:19:00,2011-09-20 12:26:00,C1.7,POINT(27.0 23.0),1295
gev_20110920_1228,2011-09-20 12:28:00,2011-09-20 12:34:00,2011-09-20 12:37:00,C1.8,POINT(-55.0 23.0),1301
gev_20110920_1244,2011-09-20 12:44:00,2011-09-20 13:53:00,2011-09-20 14:22:00,C2.5,POINT(-79.0 19.0),1301
gev_20110920_1246,2011-09-20 12:46:00,2011-09-20 13:30:00,2011-09-20 13:50:00,C2.5,POINT(-79.0 19.0),1301
gev_20110920_1503,2011-09-20 15:03:00,2011-09-20 15:07:00,2011-09-20 15:36:00,C1.4,POINT(-64.0 18.0),1301
gev_20110920_1545,2011-09-20 15:45:00,2011-09-20 16:33:00,2011-09-20 16:57:00,C1.5,POINT(-88.0 14.0),1302
gev_20110920_1735,2011-09-20 17:35:00,2011-09-20 17:42:00,2011-09-20 17:50:00,C1.6,POINT(33.0 22.0),1295
gev_20110920_1820,2011-09-20 18:20:00,2011-09-20 18:31:00,2011-09-20 18:40:00,C1.3,POINT(32.0 23.0),1295
gev_20110920_1923,2011-09-20 19:23:00,2011-09-20 20:00:00,2011-09-20 20:14:00,C2.7,POINT(32.0 23.0),1295
gev_20110920_2138,2011-09-20 21:38:00,2011-09-20 21:42:00,2011-09-20 21:46:00,C3.0,POINT(33.0 23.0),1295
gev_20110921_0055,2011-09-21 00:55:00,2011-09-21 01:07:00,2011-09-21 01:14:00,C2.7,POINT(-88.0 11.0),1302
gev_20110921_0737,2011-09-21 07:37:00,2011-09-21 07:41:00,2011-09-21 07:47:00,C1.9,POINT(27.0 24.0),1296
gev_20110921_1117,2011-09-21 11:17:00,2011-09-21 11:24:00,2011-09-21 11:28:00,C3.9,POINT(-51.0 22.0),1301
gev_20110921_1204,2011-09-21 12:04:00,2011-09-21 12:23:00,2011-09-21 12:45:00,M1.8,POINT(-88.0 15.0),1302
gev_20110921_1421,2011-09-21 14:21:00,2011-09-21 14:23:00,2011-09-21 14:26:00,C2.6,POINT(-87.0 19.0),1302
gev_20110921_1437,2011-09-21 14:37:00,2011-09-21 14:38:00,2011-09-21 14:41:00,C2.7,POINT(45.0 24.0),1295
gev_20110921_1521,2011-09-21 15:21:00,2011-09-21 15:26:00,2011-09-21 15:30:00,C2.8,POINT(-88.0 10.0),1302
gev_20110921_1613,2011-09-21 16:13:00,2011-09-21 16:16:00,2011-09-21 16:20:00,C2.3,POINT(-88.0 13.0),1302
gev_20110921_1647,2011-09-21 16:47:00,2011-09-21 16:49:00,2011-09-21 16:51:00,C2.1,POINT(-88.0 14.0),1302
gev_20110921_2031,2011-09-21 20:31:00,2011-09-21 20:36:00,2011-09-21 20:40:00,C2.0,POINT(48.0 24.0),1295
gev_20110921_2055,2011-09-21 20:55:00,2011-09-21 21:08:00,2011-09-21 21:36:00,C2.3,POINT(-48.0 21.0),1301
gev_20110921_2210,2011-09-21 22:10:00,2011-09-21 22:44:00,2011-09-21 23:54:00,C2.1,POINT(49.0 24.0),1295
gev_20110922_0053,2011-09-22 00:53:00,2011-09-22 01:05:00,2011-09-22 01:19:00,C2.4,POINT(-88.0 14.0),1302
gev_20110922_0123,2011-09-22 01:23:00,2011-09-22 01:26:00,2011-09-22 01:33:00,C2.6,POINT(53.0 -20.0),1299
gev_20110922_0420,2011-09-22 04:20:00,2011-09-22 04:28:00,2011-09-22 04:41:00,C6.6,POINT(53.0 24.0),1295
gev_20110922_0849,2011-09-22 08:49:00,2011-09-22 08:54:00,2011-09-22 09:09:00,C8.9,POINT(-88.0 15.0),1302
gev_20110922_0953,2011-09-22 09:53:00,2011-09-22 10:00:00,2011-09-22 10:09:00,M1.1,POINT(55.0 24.0),1295
gev_20110922_1029,2011-09-22 10:29:00,2011-09-22 11:01:00,2011-09-22 11:44:00,X1.4,POINT(-89.0 9.0),1302
gev_20110922_1536,2011-09-22 15:36:00,2011-09-22 15:55:00,2011-09-22 16:12:00,C8.1,POINT(58.0 25.0),1295
gev_20110922_1637,2011-09-22 16:37:00,2011-09-22 16:40:00,2011-09-22 17:00:00,C4.4,POINT(57.0 22.0),1295
gev_20110922_2014,2011-09-22 20:14:00,2011-09-22 20:20:00,2011-09-22 20:33:00,C4.0,POINT(57.0 22.0),1295
gev_20110922_2221,2011-09-22 22:21:00,2011-09-22 22:30:00,2011-09-22 22:36:00,C5.5,POINT(61.0 23.0),1295
gev_20110922_2351,2011-09-22 23:51:00,2011-09-22 23:56:00,2011-09-23 00:02:00,C4.1,POINT(62.0 23.0),1295
gev_20110923_0029,2011-09-23 00:29:00,2011-09-23 00:33:00,2011-09-23 00:37:00,C9.6,POINT(-89.0 9.0),1302
gev_20110923_0147,2011-09-23 01:47:00,2011-09-23 01:59:00,2011-09-23 01:59:00,M1.6,POINT(64.0 24.0),1295
gev_20110923_0813,2011-09-23 08:13:00,2011-09-23 08:19:00,2011-09-23 08:33:00,C2.7,POINT(67.0 23.0),1295
gev_20110923_0840,2011-09-23 08:40:00,2011-09-23 08:50:00,2011-09-23 09:20:00,C6.9,POINT(-73.0 14.0),1302
gev_20110923_1210,2011-09-23 12:10:00,2011-09-23 12:23:00,2011-09-23 12:40:00,C3.2,POINT(52.0 28.0),1296
gev_20110923_1501,2011-09-23 15:01:00,2011-09-23 15:06:00,2011-09-23 15:08:00,C2.1,POINT(-72.0 12.0),1302
gev_20110923_1811,2011-09-23 18:11:00,2011-09-23 18:22:00,2011-09-23 18:35:00,C3.0,POINT(-71.0 11.0),0
gev_20110923_1906,2011-09-23 19:06:00,2011-09-23 19:11:00,2011-09-23 19:16:00,C3.4,POINT(-68.0 14.0),0
gev_20110923_2046,2011-09-23 20:46:00,2011-09-23 20:49:00,2011-09-23 20:52:00,C2.2,POINT(70.0 24.0),0
gev_20110923_2129,2011-09-23 21:29:00,2011-09-23 21:43:00,2011-09-23 21:48:00,C9.6,POINT(75.0 24.0),0
gev_20110923_2154,2011-09-23 21:54:00,2011-09-23 22:15:00,2011-09-23 22:34:00,M1.6,POINT(-56.0 12.0),0
gev_20110923_2348,2011-09-23 23:48:00,2011-09-23 23:56:00,2011-09-24 00:04:00,M1.9,POINT(-65.0 11.0),0
gev_20110924_0701,2011-09-24 07:01:00,2011-09-24 07:04:00,2011-09-24 07:08:00,C5.9,POINT(-5.0 -82.0),0
gev_20110924_0720,2011-09-24 07:20:00,2011-09-24 07:23:00,2011-09-24 07:27:00,C3.1,POINT(78.0 25.0),0
gev_20110924_0838,2011-09-24 08:38:00,2011-09-24 08:43:00,2011-09-24 08:43:00,C2.2,POINT(78.0 24.0),0
gev_20110924_0921,2011-09-24 09:21:00,2011-09-24 09:40:00,2011-09-24 09:48:00,X1.9,POINT(-61.0 13.0),0
gev_20110924_1125,2011-09-24 11:25:00,2011-09-24 11:31:00,2011-09-24 11:37:00,C2.7,POINT(-45.0 12.0),0
gev_20110924_1233,2011-09-24 12:33:00,2011-09-24 13:20:00,2011-09-24 14:10:00,M7.1,POINT(-56.0 10.0),1302
gev_20110924_1635,2011-09-24 16:35:00,2011-09-24 16:59:00,2011-09-24 17:15:00,M1.8,POINT(87.0 23.0),1289
gev_20110924_1636,2011-09-24 16:36:00,2011-09-24 16:59:00,2011-09-24 17:15:00,M1.7,POINT(87.0 23.0),1289
gev_20110924_1719,2011-09-24 17:19:00,2011-09-24 17:25:00,2011-09-24 17:31:00,M3.1,POINT(-54.0 13.0),1302
gev_20110924_1759,2011-09-24 17:59:00,2011-09-24 18:15:00,2011-09-24 18:24:00,M2.8,POINT(-56.0 13.0),1302
gev_20110924_1909,2011-09-24 19:09:00,2011-09-24 19:21:00,2011-09-24 19:41:00,M3.0,POINT(-42.0 12.0),1302
gev_20110924_2029,2011-09-24 20:29:00,2011-09-24 20:30:00,2011-09-24 20:42:00,M5.8,POINT(-52.0 13.0),0
gev_20110924_2123,2011-09-24 21:23:00,2011-09-24 21:27:00,2011-09-24 21:32:00,M1.2,POINT(64.0 -28.0),0
gev_20110924_2345,2011-09-24 23:45:00,2011-09-24 23:58:00,2011-09-25 00:09:00,M1.0,POINT(66.0 -28.0),0
gev_20110925_0227,2011-09-25 02:27:00,2011-09-25 02:33:00,2011-09-25 02:37:00,M4.4,POINT(87.0 22.0),0
gev_20110925_0327,2011-09-25 03:27:00,2011-09-25 03:32:00,2011-09-25 03:38:00,C7.9,POINT(-48.0 13.0),0
gev_20110925_0431,2011-09-25 04:31:00,2011-09-25 04:50:00,2011-09-25 05:05:00,M7.4,POINT(-50.0 13.0),0
gev_20110925_0846,2011-09-25 08:46:00,2011-09-25 08:49:00,2011-09-25 08:52:00,M3.1,POINT(-45.0 13.0),0
gev_20110925_0925,2011-09-25 09:25:00,2011-09-25 09:35:00,2011-09-25 09:53:00,M1.5,POINT(71.0 -28.0),0
gev_20110925_1126,2011-09-25 11:26:00,2011-09-25 11:29:00,2011-09-25 11:34:00,C5.7,POINT(-43.0 13.0),1302
gev_20110925_1526,2011-09-25 15:26:00,2011-09-25 15:33:00,2011-09-25 15:38:00,M3.7,POINT(-44.0 13.0),1302
gev_20110925_1651,2011-09-25 16:51:00,2011-09-25 16:58:00,2011-09-25 17:09:00,M2.2,POINT(-41.0 12.0),1302
gev_20110925_2214,2011-09-25 22:14:00,2011-09-25 22:19:00,2011-09-25 22:29:00,C8.6,POINT(83.0 -28.0),1303
gev_20110925_2229,2011-09-25 22:29:00,2011-09-25 22:32:00,2011-09-25 22:36:00,C8.6,POINT(85.0 -29.0),1303
gev_20110926_0035,2011-09-26 00:35:00,2011-09-26 00:47:00,2011-09-26 00:58:00,C5.2,POINT(-36.0 12.0),1302
gev_20110926_0139,2011-09-26 01:39:00,2011-09-26 01:47:00,2011-09-26 01:57:00,C9.5,POINT(-36.0 13.0),1302
gev_20110926_0503,2011-09-26 05:03:00,2011-09-26 05:08:00,2011-09-26 05:08:00,M4.0,POINT(-34.0 12.0),0
gev_20110926_0506,2011-09-26 05:06:00,2011-09-26 05:08:00,2011-09-26 05:13:00,M4.0,POINT(-34.0 13.0),1302
gev_20110926_0728,2011-09-26 07:28:00,2011-09-26 07:32:00,2011-09-26 07:38:00,C4.7,POINT(-32.0 13.0),1302
gev_20110926_0745,2011-09-26 07:45:00,2011-09-26 07:50:00,2011-09-26 07:52:00,C8.8,POINT(-32.0 13.0),0
gev_20110926_0940,2011-09-26 09:40:00,2011-09-26 09:43:00,2011-09-26 09:46:00,C3.3,POINT(-31.0 13.0),0
gev_20110926_0958,2011-09-26 09:58:00,2011-09-26 10:01:00,2011-09-26 10:12:00,C3.3,POINT(-31.0 13.0),0
gev_20110926_1326,2011-09-26 13:26:00,2011-09-26 13:40:00,2011-09-26 13:57:00,C5.1,POINT(-30.0 12.0),0
gev_20110926_1437,2011-09-26 14:37:00,2011-09-26 14:46:00,2011-09-26 14:46:00,M2.6,POINT(-30.0 12.0),0
gev_20110926_1643,2011-09-26 16:43:00,2011-09-26 16:55:00,2011-09-26 17:06:00,C4.8,POINT(-28.0 13.0),0
gev_20110926_2004,2011-09-26 20:04:00,2011-09-26 20:07:00,2011-09-26 20:09:00,C1.8,POINT(87.0 21.0),0
gev_20110927_0118,2011-09-27 01:18:00,2011-09-27 01:21:00,2011-09-27 01:24:00,C1.1,POINT(-23.0 13.0),0
gev_20110927_0437,2011-09-27 04:37:00,2011-09-27 05:00:00,2011-09-27 05:09:00,C5.2,POINT(-22.0 12.0),0
gev_20110927_0740,2011-09-27 07:40:00,2011-09-27 07:47:00,2011-09-27 07:54:00,C3.3,POINT(-14.0 15.0),1302
gev_20110927_0805,2011-09-27 08:05:00,2011-09-27 08:13:00,2011-09-27 08:21:00,C2.4,POINT(-18.0 10.0),1302
gev_20110927_1049,2011-09-27 10:49:00,2011-09-27 10:54:00,2011-09-27 10:57:00,C1.8,POINT(-17.0 14.0),1302
gev_20110927_1142,2011-09-27 11:42:00,2011-09-27 11:47:00,2011-09-27 11:51:00,C1.3,POINT(-12.0 14.0),0
gev_20110927_1236,2011-09-27 12:36:00,2011-09-27 12:58:00,2011-09-27 13:22:00,B8.9,POINT(-17.0 15.0),0
gev_20110927_1518,2011-09-27 15:18:00,2011-09-27 15:35:00,2011-09-27 15:56:00,C1.3,POINT(29.0 25.0),0
gev_20110927_1701,2011-09-27 17:01:00,2011-09-27 17:22:00,2011-09-27 17:31:00,B6.1,POINT(-6.0 15.0),0
gev_20110927_1805,2011-09-27 18:05:00,2011-09-27 18:10:00,2011-09-27 18:22:00,C1.1,POINT(-12.0 -82.0),0
gev_20110927_2044,2011-09-27 20:44:00,2011-09-27 20:58:00,2011-09-27 21:11:00,C6.4,POINT(-9.0 10.0),1302
gev_20110927_2245,2011-09-27 22:45:00,2011-09-27 22:46:00,2011-09-27 22:54:00,C1.7,POINT(-6.0 15.0),1302
gev_20110928_0225,2011-09-28 02:25:00,2011-09-28 02:29:00,2011-09-28 02:32:00,B9.5,POINT(-4.0 10.0),1302
gev_20110928_0236,2011-09-28 02:36:00,2011-09-28 02:44:00,2011-09-28 02:50:00,C2.0,POINT(-6.0 11.0),1302
gev_20110928_0820,2011-09-28 08:20:00,2011-09-28 08:24:00,2011-09-28 08:27:00,C1.4,POINT(-3.0 12.0),1302
gev_20110928_1016,2011-09-28 10:16:00,2011-09-28 10:22:00,2011-09-28 10:30:00,B9.7,POINT(-5.0 15.0),1302
gev_20110928_1226,2011-09-28 12:26:00,2011-09-28 12:32:00,2011-09-28 12:38:00,C9.3,POINT(2.0 15.0),1302
gev_20110928_1324,2011-09-28 13:24:00,2011-09-28 13:28:00,2011-09-28 13:30:00,M1.2,POINT(-0.0 11.0),1302
gev_20110928_1407,2011-09-28 14:07:00,2011-09-28 14:23:00,2011-09-28 14:50:00,C1.2,POINT(-1.0 9.0),1302
gev_20110929_0001,2011-09-29 00:01:00,2011-09-29 00:05:00,2011-09-29 00:09:00,B7.7,POINT(2.0 13.0),1302
gev_20110929_0019,2011-09-29 00:19:00,2011-09-29 00:22:00,2011-09-29 00:28:00,C1.0,POINT(5.0 11.0),0
gev_20110929_1019,2011-09-29 10:19:00,2011-09-29 10:23:00,2011-09-29 10:25:00,C1.3,POINT(-21.0 14.0),0
gev_20110929_1207,2011-09-29 12:07:00,2011-09-29 12:47:00,2011-09-29 13:17:00,C2.7,POINT(12.0 9.0),0
gev_20110929_1757,2011-09-29 17:57:00,2011-09-29 18:09:00,2011-09-29 18:28:00,C5.6,POINT(-16.0 10.0),0
gev_20110930_0246,2011-09-30 02:46:00,2011-09-30 02:52:00,2011-09-30 02:58:00,C1.0,POINT(31.0 13.0),1302
gev_20110930_0337,2011-09-30 03:37:00,2011-09-30 04:00:00,2011-09-30 04:13:00,C7.7,POINT(-11.0 10.0),1305
gev_20110930_1232,2011-09-30 12:32:00,2011-09-30 12:35:00,2011-09-30 12:39:00,B7.3,POINT(-88.0 17.0),1309
gev_20110930_1342,2011-09-30 13:42:00,2011-09-30 13:49:00,2011-09-30 14:03:00,B7.6,POINT(29.0 9.0),1302
gev_20110930_1623,2011-09-30 16:23:00,2011-09-30 16:42:00,2011-09-30 17:00:00,B8.3,POINT(-6.0 8.0),1305
gev_20110930_1842,2011-09-30 18:42:00,2011-09-30 18:47:00,2011-09-30 18:53:00,C3.4,POINT(-48.0 13.0),1307
gev_20110930_1855,2011-09-30 18:55:00,2011-09-30 19:06:00,2011-09-30 19:15:00,M1.0,POINT(-3.0 9.0),1305
gev_20110930_2037,2011-09-30 20:37:00,2011-09-30 20:42:00,2011-09-30 20:48:00,C1.1,POINT(30.0 15.0),1302
gev_20110930_2105,2011-09-30 21:05:00,2011-09-30 21:52:00,2011-09-30 22:00:00,C2.1,POINT(29.0 15.0),1302
gev_20111001_0350,2011-10-01 03:50:00,2011-10-01 03:56:00,2011-10-01 04:04:00,C1.3,POINT(3.0 11.0),1305
gev_20111001_0444,2011-10-01 04:44:00,2011-10-01 04:50:00,2011-10-01 04:53:00,C4.1,POINT(35.0 11.0),1302
gev_20111001_0848,2011-10-01 08:48:00,2011-10-01 09:10:00,2011-10-01 09:20:00,C2.8,POINT(45.0 16.0),1302
gev_20111001_0856,2011-10-01 08:56:00,2011-10-01 09:59:00,2011-10-01 10:17:00,M1.2,POINT(4.0 9.0),1305
gev_20111001_1235,2011-10-01 12:35:00,2011-10-01 12:39:00,2011-10-01 12:42:00,C1.0,POINT(6.0 9.0),1305
gev_20111002_0037,2011-10-02 00:37:00,2011-10-02 00:50:00,2011-10-02 00:59:00,M3.9,POINT(14.0 10.0),1305
gev_20111002_0310,2011-10-02 03:10:00,2011-10-02 03:49:00,2011-10-02 04:13:00,C1.5,POINT(50.0 8.0),1302
gev_20111002_0326,2011-10-02 03:26:00,2011-10-02 03:49:00,2011-10-02 04:25:00,C1.6,POINT(50.0 8.0),0
gev_20111002_0626,2011-10-02 06:26:00,2011-10-02 06:34:00,2011-10-02 06:46:00,C2.4,POINT(7.0 -49.0),0
gev_20111002_0816,2011-10-02 08:16:00,2011-10-02 08:23:00,2011-10-02 08:32:00,C1.0,POINT(-87.0 -18.0),1313
gev_20111002_1101,2011-10-02 11:01:00,2011-10-02 11:05:00,2011-10-02 11:08:00,B9.1,POINT(57.0 13.0),1301
gev_20111002_1507,2011-10-02 15:07:00,2011-10-02 15:11:00,2011-10-02 15:14:00,C2.6,POINT(54.0 10.0),1302
gev_20111002_1624,2011-10-02 16:24:00,2011-10-02 16:28:00,2011-10-02 16:33:00,B9.8,POINT(60.0 14.0),1301
gev_20111002_1650,2011-10-02 16:50:00,2011-10-02 16:55:00,2011-10-02 17:00:00,C1.3,POINT(54.0 16.0),1302
gev_20111002_1719,2011-10-02 17:19:00,2011-10-02 17:23:00,2011-10-02 17:26:00,M1.3,POINT(55.0 10.0),1302
gev_20111002_1913,2011-10-02 19:13:00,2011-10-02 19:18:00,2011-10-02 19:21:00,B8.4,POINT(23.0 9.0),1305
gev_20111002_2120,2011-10-02 21:20:00,2011-10-02 21:49:00,2011-10-02 22:05:00,C7.6,POINT(26.0 9.0),1305
gev_20111003_0020,2011-10-03 00:20:00,2011-10-03 00:30:00,2011-10-03 00:54:00,C7.6,POINT(57.0 12.0),0
gev_20111003_0234,2011-10-03 02:34:00,2011-10-03 02:44:00,2011-10-03 02:53:00,C2.1,POINT(63.0 8.0),0
gev_20111003_2003,2011-10-03 20:03:00,2011-10-03 20:18:00,2011-10-03 20:30:00,B8.3,POINT(67.0 13.0),0
gev_20111003_2033,2011-10-03 20:33:00,2011-10-03 20:36:00,2011-10-03 20:45:00,B7.3,POINT(-37.0 -13.0),0
gev_20111003_2149,2011-10-03 21:49:00,2011-10-03 21:57:00,2011-10-03 22:03:00,B7.2,POINT(77.0 8.0),0
gev_20111003_2204,2011-10-03 22:04:00,2011-10-03 22:06:00,2011-10-03 22:15:00,B7.8,POINT(79.0 9.0),0
gev_20111004_0806,2011-10-04 08:06:00,2011-10-04 08:11:00,2011-10-04 08:18:00,B6.5,POINT(78.0 16.0),0
gev_20111004_0856,2011-10-04 08:56:00,2011-10-04 09:23:00,2011-10-04 10:02:00,C7.3,POINT(76.0 15.0),0
gev_20111005_0011,2011-10-05 00:11:00,2011-10-05 00:25:00,2011-10-05 01:04:00,C2.3,POINT(88.0 12.0),1302
gev_20111005_0350,2011-10-05 03:50:00,2011-10-05 03:53:00,2011-10-05 03:59:00,C1.1,POINT(-87.0 -16.0),1313
gev_20111005_0738,2011-10-05 07:38:00,2011-10-05 07:43:00,2011-10-05 07:47:00,C2.3,POINT(-88.0 -14.0),1313
gev_20111005_1043,2011-10-05 10:43:00,2011-10-05 10:59:00,2011-10-05 11:22:00,C6.1,POINT(-81.0 -15.0),1313
gev_20111005_1236,2011-10-05 12:36:00,2011-10-05 12:42:00,2011-10-05 12:56:00,C9.2,POINT(-75.0 -14.0),1313
gev_20111005_2234,2011-10-05 22:34:00,2011-10-05 22:37:00,2011-10-05 22:39:00,B8.7,POINT(-67.0 -15.0),1313
gev_20111006_0411,2011-10-06 04:11:00,2011-10-06 04:18:00,2011-10-06 04:25:00,C1.4,POINT(-68.0 -14.0),1313
gev_20111006_0912,2011-10-06 09:12:00,2011-10-06 09:44:00,2011-10-06 10:09:00,C1.9,POINT(-34.0 -13.0),0
gev_20111006_2119,2011-10-06 21:19:00,2011-10-06 21:23:00,2011-10-06 21:25:00,B8.5,POINT(78.0 13.0),1302
gev_20111006_2206,2011-10-06 22:06:00,2011-10-06 22:10:00,2011-10-06 22:13:00,C1.2,POINT(87.0 12.0),1302
gev_20111006_2312,2011-10-06 23:12:00,2011-10-06 23:17:00,2011-10-06 23:19:00,B8.9,POINT(80.0 13.0),1302
gev_20111006_2331,2011-10-06 23:31:00,2011-10-06 23:37:00,2011-10-06 23:39:00,B8.7,POINT(86.0 7.0),1305
gev_20111007_0042,2011-10-07 00:42:00,2011-10-07 00:47:00,2011-10-07 00:49:00,C1.0,POINT(86.0 10.0),1305
gev_20111007_0114,2011-10-07 01:14:00,2011-10-07 01:21:00,2011-10-07 01:30:00,C1.2,POINT(-53.0 -13.0),1313
gev_20111007_0355,2011-10-07 03:55:00,2011-10-07 04:03:00,2011-10-07 04:10:00,C2.5,POINT(86.0 8.0),1305
gev_20111007_0516,2011-10-07 05:16:00,2011-10-07 06:36:00,2011-10-07 06:52:00,B8.3,POINT(89.0 9.0),1305
gev_20111007_0824,2011-10-07 08:24:00,2011-10-07 08:32:00,2011-10-07 08:48:00,B9.1,POINT(89.0 7.0),1305
gev_20111007_1853,2011-10-07 18:53:00,2011-10-07 18:57:00,2011-10-07 19:01:00,C2.6,POINT(-86.0 29.0),0
gev_20111007_1953,2011-10-07 19:53:00,2011-10-07 19:56:00,2011-10-07 20:00:00,B6.7,POINT(-86.0 29.0),0
gev_20111007_2349,2011-10-07 23:49:00,2011-10-08 00:07:00,2011-10-08 00:35:00,B8.6,POINT(-87.0 19.0),0
gev_20111008_0413,2011-10-08 04:13:00,2011-10-08 04:20:00,2011-10-08 04:46:00,C1.1,POINT(-5.0 25.0),0
gev_20111008_0743,2011-10-08 07:43:00,2011-10-08 08:19:00,2011-10-08 08:36:00,B9.8,POINT(-38.0 -16.0),0
gev_20111008_0913,2011-10-08 09:13:00,2011-10-08 09:17:00,2011-10-08 09:24:00,B7.0,POINT(-87.0 25.0),0
gev_20111009_0645,2011-10-09 06:45:00,2011-10-09 06:51:00,2011-10-09 06:58:00,B7.5,POINT(-86.0 23.0),0
gev_20111009_0746,2011-10-09 07:46:00,2011-10-09 07:50:00,2011-10-09 08:17:00,B6.1,POINT(-88.0 16.0),1319
gev_20111009_1322,2011-10-09 13:22:00,2011-10-09 13:27:00,2011-10-09 13:33:00,C1.7,POINT(-87.0 23.0),1314
gev_20111009_1944,2011-10-09 19:44:00,2011-10-09 19:50:00,2011-10-09 19:53:00,B6.0,POINT(-89.0 7.0),1319
gev_20111010_0439,2011-10-10 04:39:00,2011-10-10 04:45:00,2011-10-10 04:50:00,B8.8,POINT(-12.0 -14.0),1313
gev_20111010_0707,2011-10-10 07:07:00,2011-10-10 07:19:00,2011-10-10 07:27:00,C3.8,POINT(-11.0 -14.0),0
gev_20111010_0910,2011-10-10 09:10:00,2011-10-10 09:17:00,2011-10-10 09:29:00,C1.0,POINT(-10.0 -14.0),0
gev_20111010_1133,2011-10-10 11:33:00,2011-10-10 11:42:00,2011-10-10 11:53:00,C1.4,POINT(-8.0 -15.0),0
gev_20111010_1359,2011-10-10 13:59:00,2011-10-10 14:02:00,2011-10-10 14:04:00,B5.3,POINT(-66.0 24.0),0
gev_20111010_1430,2011-10-10 14:30:00,2011-10-10 14:35:00,2011-10-10 14:37:00,C4.5,POINT(-2.0 -13.0),0
gev_20111010_1720,2011-10-10 17:20:00,2011-10-10 17:48:00,2011-10-10 18:20:00,B7.0,POINT(-5.0 -13.0),0
gev_20111010_1833,2011-10-10 18:33:00,2011-10-10 18:45:00,2011-10-10 19:10:00,B6.1,POINT(-3.0 -13.0),0
gev_20111010_1903,2011-10-10 19:03:00,2011-10-10 19:14:00,2011-10-10 19:24:00,C1.0,POINT(-80.0 7.0),0
gev_20111010_2220,2011-10-10 22:20:00,2011-10-10 22:23:00,2011-10-10 22:26:00,B6.2,POINT(-10.0 20.0),0
gev_20111011_0030,2011-10-11 00:30:00,2011-10-11 00:35:00,2011-10-11 00:37:00,B5.8,POINT(-61.0 24.0),0
gev_20111011_1440,2011-10-11 14:40:00,2011-10-11 14:47:00,2011-10-11 15:00:00,B8.9,POINT(-52.0 24.0),0
gev_20111011_1921,2011-10-11 19:21:00,2011-10-11 19:25:00,2011-10-11 19:39:00,B6.1,POINT(-60.0 -14.0),0
gev_20111011_2319,2011-10-11 23:19:00,2011-10-11 23:23:00,2011-10-11 23:25:00,C1.1,POINT(-57.0 -14.0),0
gev_20111012_0612,2011-10-12 06:12:00,2011-10-12 06:18:00,2011-10-12 06:23:00,C4.4,POINT(-53.0 9.0),0
gev_20111012_0742,2011-10-12 07:42:00,2011-10-12 07:57:00,2011-10-12 08:11:00,C1.4,POINT(-52.0 9.0),0
gev_20111012_0946,2011-10-12 09:46:00,2011-10-12 09:51:00,2011-10-12 09:55:00,C1.7,POINT(-53.0 -11.0),0
gev_20111012_1033,2011-10-12 10:33:00,2011-10-12 10:40:00,2011-10-12 10:48:00,C1.7,POINT(-50.0 9.0),0
gev_20111012_1130,2011-10-12 11:30:00,2011-10-12 11:37:00,2011-10-12 11:44:00,C5.3,POINT(-50.0 9.0),0
gev_20111012_1413,2011-10-12 14:13:00,2011-10-12 14:20:00,2011-10-12 14:32:00,C4.3,POINT(-48.0 8.0),1319
gev_20111012_1518,2011-10-12 15:18:00,2011-10-12 15:22:00,2011-10-12 15:24:00,C1.1,POINT(-39.0 24.0),1314
gev_20111012_1627,2011-10-12 16:27:00,2011-10-12 16:31:00,2011-10-12 16:35:00,C1.3,POINT(-49.0 -12.0),1316
gev_20111012_1637,2011-10-12 16:37:00,2011-10-12 16:44:00,2011-10-12 16:51:00,C2.7,POINT(-47.0 9.0),1319
gev_20111012_1825,2011-10-12 18:25:00,2011-10-12 18:30:00,2011-10-12 18:37:00,B7.5,POINT(-46.0 9.0),1319
gev_20111012_1839,2011-10-12 18:39:00,2011-10-12 18:46:00,2011-10-12 18:52:00,C1.0,POINT(-46.0 9.0),1319
gev_20111012_2158,2011-10-12 21:58:00,2011-10-12 22:02:00,2011-10-12 22:07:00,B6.4,POINT(16.0 20.0),1315
gev_20111013_0025,2011-10-13 00:25:00,2011-10-13 00:31:00,2011-10-13 00:35:00,C2.0,POINT(-41.0 9.0),1319
gev_20111013_0300,2011-10-13 03:00:00,2011-10-13 03:05:00,2011-10-13 03:12:00,C1.3,POINT(-40.0 9.0),1319
gev_20111013_0707,2011-10-13 07:07:00,2011-10-13 07:11:00,2011-10-13 07:14:00,C1.2,POINT(-30.0 23.0),1314
gev_20111013_0937,2011-10-13 09:37:00,2011-10-13 09:46:00,2011-10-13 09:58:00,C1.0,POINT(27.0 -13.0),0
gev_20111013_1127,2011-10-13 11:27:00,2011-10-13 12:23:00,2011-10-13 13:15:00,C2.3,POINT(34.0 -13.0),0
gev_20111013_1129,2011-10-13 11:29:00,2011-10-13 12:23:00,2011-10-13 12:55:00,C2.2,POINT(34.0 -13.0),0
gev_20111013_1449,2011-10-13 14:49:00,2011-10-13 14:53:00,2011-10-13 14:55:00,B8.6,POINT(-23.0 25.0),0
gev_20111013_1505,2011-10-13 15:05:00,2011-10-13 15:18:00,2011-10-13 15:22:00,C1.6,POINT(-33.0 10.0),0
gev_20111013_2359,2011-10-13 23:59:00,2011-10-14 00:03:00,2011-10-14 00:14:00,C1.5,POINT(-26.0 25.0),0
gev_20111014_0516,2011-10-14 05:16:00,2011-10-14 05:20:00,2011-10-14 05:22:00,B6.8,POINT(-24.0 -13.0),1316
gev_20111014_0626,2011-10-14 06:26:00,2011-10-14 06:29:00,2011-10-14 06:31:00,C1.0,POINT(-24.0 -13.0),0
gev_20111014_0823,2011-10-14 08:23:00,2011-10-14 08:30:00,2011-10-14 08:32:00,B7.1,POINT(47.0 23.0),0
gev_20111014_0851,2011-10-14 08:51:00,2011-10-14 08:55:00,2011-10-14 08:58:00,C1.1,POINT(-13.0 23.0),1314
gev_20111014_1509,2011-10-14 15:09:00,2011-10-14 15:13:00,2011-10-14 15:16:00,C1.1,POINT(-20.0 -13.0),1316
gev_20111014_1930,2011-10-14 19:30:00,2011-10-14 19:43:00,2011-10-14 19:54:00,C1.1,POINT(-88.0 -15.0),0
gev_20111014_2039,2011-10-14 20:39:00,2011-10-14 20:46:00,2011-10-14 20:53:00,C1.3,POINT(-17.0 8.0),1319
gev_20111014_2131,2011-10-14 21:31:00,2011-10-14 21:37:00,2011-10-14 21:43:00,C1.3,POINT(-16.0 9.0),1319
gev_20111015_0107,2011-10-15 01:07:00,2011-10-15 01:12:00,2011-10-15 01:21:00,C1.3,POINT(-14.0 9.0),0
gev_20111015_0419,2011-10-15 04:19:00,2011-10-15 04:41:00,2011-10-15 05:20:00,C1.4,POINT(35.0 21.0),0
gev_20111015_1107,2011-10-15 11:07:00,2011-10-15 11:24:00,2011-10-15 11:48:00,C1.1,POINT(57.0 -21.0),1320
gev_20111015_1236,2011-10-15 12:36:00,2011-10-15 12:39:00,2011-10-15 12:41:00,C1.6,POINT(-8.0 8.0),1319
gev_20111015_1318,2011-10-15 13:18:00,2011-10-15 13:25:00,2011-10-15 13:33:00,C2.0,POINT(-8.0 8.0),1319
gev_20111015_1356,2011-10-15 13:56:00,2011-10-15 14:13:00,2011-10-15 14:20:00,C5.0,POINT(-7.0 8.0),1319
gev_20111015_1610,2011-10-15 16:10:00,2011-10-15 16:21:00,2011-10-15 16:26:00,C2.3,POINT(-6.0 8.0),1319
gev_20111015_1724,2011-10-15 17:24:00,2011-10-15 17:30:00,2011-10-15 17:43:00,C1.3,POINT(60.0 -21.0),1320
gev_20111015_1813,2011-10-15 18:13:00,2011-10-15 18:19:00,2011-10-15 18:25:00,C1.5,POINT(-7.0 -11.0),1316
gev_20111015_2035,2011-10-15 20:35:00,2011-10-15 20:47:00,2011-10-15 20:56:00,C3.9,POINT(88.0 13.0),1309
gev_20111016_0135,2011-10-16 01:35:00,2011-10-16 01:40:00,2011-10-16 01:47:00,C1.8,POINT(-3.0 11.0),0
gev_20111016_0328,2011-10-16 03:28:00,2011-10-16 03:34:00,2011-10-16 03:39:00,C1.9,POINT(-2.0 11.0),0
gev_20111016_0427,2011-10-16 04:27:00,2011-10-16 04:41:00,2011-10-16 04:51:00,C1.3,POINT(3.0 11.0),0
gev_20111016_0641,2011-10-16 06:41:00,2011-10-16 07:01:00,2011-10-16 07:28:00,C2.8,POINT(5.0 11.0),1319
gev_20111016_0646,2011-10-16 06:46:00,2011-10-16 07:01:00,2011-10-16 07:27:00,C2.8,POINT(5.0 11.0),1319
gev_20111016_0931,2011-10-16 09:31:00,2011-10-16 09:42:00,2011-10-16 09:54:00,C2.0,POINT(5.0 12.0),1319
gev_20111016_1152,2011-10-16 11:52:00,2011-10-16 12:19:00,2011-10-16 12:41:00,C1.8,POINT(3.0 9.0),1319
gev_20111016_1153,2011-10-16 11:53:00,2011-10-16 12:19:00,2011-10-16 12:34:00,C1.8,POINT(3.0 9.0),1319
gev_20111016_1351,2011-10-16 13:51:00,2011-10-16 13:55:00,2011-10-16 13:57:00,C1.4,POINT(-10.0 -25.0),1317
gev_20111016_1428,2011-10-16 14:28:00,2011-10-16 14:35:00,2011-10-16 14:49:00,C3.7,POINT(88.0 14.0),1315
gev_20111016_1504,2011-10-16 15:04:00,2011-10-16 15:14:00,2011-10-16 15:22:00,C6.3,POINT(9.0 12.0),1319
gev_20111016_1553,2011-10-16 15:53:00,2011-10-16 15:57:00,2011-10-16 15:59:00,C4.4,POINT(88.0 14.0),1315
gev_20111016_1728,2011-10-16 17:28:00,2011-10-16 17:30:00,2011-10-16 17:48:00,C1.9,POINT(-89.0 10.0),1325
gev_20111017_0155,2011-10-17 01:55:00,2011-10-17 02:23:00,2011-10-17 03:00:00,C1.8,POINT(88.0 16.0),0
gev_20111017_0540,2011-10-17 05:40:00,2011-10-17 07:21:00,2011-10-17 08:03:00,C1.6,POINT(13.0 13.0),0
gev_20111017_0824,2011-10-17 08:24:00,2011-10-17 08:28:00,2011-10-17 08:30:00,C2.1,POINT(-89.0 9.0),0
gev_20111017_0929,2011-10-17 09:29:00,2011-10-17 09:32:00,2011-10-17 09:34:00,C1.8,POINT(-89.0 9.0),0
gev_20111017_1058,2011-10-17 10:58:00,2011-10-17 11:45:00,2011-10-17 12:45:00,C2.2,POINT(-67.0 23.0),0
gev_20111017_1315,2011-10-17 13:15:00,2011-10-17 14:24:00,2011-10-17 15:40:00,C2.3,POINT(18.0 -10.0),0
gev_20111017_1640,2011-10-17 16:40:00,2011-10-17 16:50:00,2011-10-17 17:41:00,C1.7,POINT(22.0 27.0),0
gev_20111017_1805,2011-10-17 18:05:00,2011-10-17 18:09:00,2011-10-17 18:13:00,C1.9,POINT(-89.0 9.0),0
gev_20111018_0331,2011-10-18 03:31:00,2011-10-18 03:58:00,2011-10-18 04:08:00,C1.9,POINT(31.0 12.0),0
gev_20111018_0409,2011-10-18 04:09:00,2011-10-18 04:12:00,2011-10-18 04:16:00,C1.8,POINT(-89.0 10.0),0
gev_20111018_0639,2011-10-18 06:39:00,2011-10-18 06:43:00,2011-10-18 06:45:00,C2.0,POINT(-78.0 11.0),0
gev_20111019_0133,2011-10-19 01:33:00,2011-10-19 01:36:00,2011-10-19 01:40:00,C1.1,POINT(-67.0 12.0),0
gev_20111019_0449,2011-10-19 04:49:00,2011-10-19 04:55:00,2011-10-19 05:00:00,C5.5,POINT(-65.0 10.0),0
gev_20111019_1300,2011-10-19 13:00:00,2011-10-19 13:15:00,2011-10-19 13:25:00,C1.6,POINT(-89.0 12.0),0
gev_20111019_1631,2011-10-19 16:31:00,2011-10-19 16:34:00,2011-10-19 16:37:00,C2.4,POINT(-58.0 11.0),0
gev_20111019_1845,2011-10-19 18:45:00,2011-10-19 18:49:00,2011-10-19 18:51:00,C3.4,POINT(-59.0 11.0),0
gev_20111019_1955,2011-10-19 19:55:00,2011-10-19 19:58:00,2011-10-19 20:00:00,C1.7,POINT(-59.0 11.0),0
gev_20111019_2031,2011-10-19 20:31:00,2011-10-19 20:37:00,2011-10-19 20:39:00,C3.5,POINT(53.0 30.0),0
gev_20111020_0200,2011-10-20 02:00:00,2011-10-20 02:03:00,2011-10-20 02:05:00,C1.5,POINT(59.0 7.0),0
gev_20111020_0310,2011-10-20 03:10:00,2011-10-20 03:25:00,2011-10-20 03:44:00,M1.6,POINT(88.0 18.0),0
gev_20111020_1533,2011-10-20 15:33:00,2011-10-20 15:39:00,2011-10-20 15:45:00,C5.4,POINT(-47.0 11.0),0
gev_20111021_0853,2011-10-21 08:53:00,2011-10-21 08:57:00,2011-10-21 09:02:00,C2.4,POINT(-37.0 11.0),1324
gev_20111021_1253,2011-10-21 12:53:00,2011-10-21 13:00:00,2011-10-21 13:08:00,M1.3,POINT(79.0 5.0),1319
gev_20111021_1340,2011-10-21 13:40:00,2011-10-21 13:44:00,2011-10-21 13:46:00,C1.5,POINT(72.0 9.0),1319
gev_20111021_1700,2011-10-21 17:00:00,2011-10-21 17:04:00,2011-10-21 17:10:00,C2.7,POINT(75.0 8.0),1319
gev_20111022_0119,2011-10-22 01:19:00,2011-10-22 01:33:00,2011-10-22 01:55:00,C1.6,POINT(88.0 -16.0),1316
gev_20111022_0211,2011-10-22 02:11:00,2011-10-22 02:25:00,2011-10-22 02:33:00,C1.7,POINT(89.0 4.0),1319
gev_20111022_0257,2011-10-22 02:57:00,2011-10-22 03:13:00,2011-10-22 03:33:00,C2.3,POINT(88.0 -8.0),1316
gev_20111022_0335,2011-10-22 03:35:00,2011-10-22 03:39:00,2011-10-22 03:51:00,C2.5,POINT(-89.0 4.0),1330
gev_20111022_0918,2011-10-22 09:18:00,2011-10-22 11:10:00,2011-10-22 13:40:00,M1.3,POINT(87.0 27.0),0
gev_20111022_1000,2011-10-22 10:00:00,2011-10-22 11:10:00,2011-10-22 13:09:00,M1.3,POINT(87.0 27.0),1314
gev_20111022_1514,2011-10-22 15:14:00,2011-10-22 15:20:00,2011-10-22 15:29:00,C4.1,POINT(-24.0 10.0),1324
gev_20111022_1911,2011-10-22 19:11:00,2011-10-22 19:17:00,2011-10-22 19:23:00,C2.2,POINT(-46.0 16.0),1325
gev_20111022_2039,2011-10-22 20:39:00,2011-10-22 20:43:00,2011-10-22 20:47:00,C1.7,POINT(-45.0 16.0),1325
gev_20111023_0528,2011-10-23 05:28:00,2011-10-23 05:31:00,2011-10-23 05:34:00,C2.1,POINT(-40.0 16.0),1325
gev_20111023_1142,2011-10-23 11:42:00,2011-10-23 11:47:00,2011-10-23 11:53:00,C2.5,POINT(-11.0 12.0),1324
gev_20111023_2226,2011-10-23 22:26:00,2011-10-23 22:37:00,2011-10-23 22:41:00,C1.0,POINT(-67.0 10.0),1333
gev_20111025_0336,2011-10-25 03:36:00,2011-10-25 03:41:00,2011-10-25 03:50:00,B9.5,POINT(74.0 -14.0),1317
gev_20111025_2001,2011-10-25 20:01:00,2011-10-25 20:19:00,2011-10-25 20:35:00,C1.7,POINT(-42.0 15.0),1333
gev_20111025_2230,2011-10-25 22:30:00,2011-10-25 22:35:00,2011-10-25 22:41:00,B7.3,POINT(21.0 14.0),1324
gev_20111026_0502,2011-10-26 05:02:00,2011-10-26 05:06:00,2011-10-26 05:12:00,B8.6,POINT(84.0 8.0),0
gev_20111026_0908,2011-10-26 09:08:00,2011-10-26 10:01:00,2011-10-26 10:22:00,C1.2,POINT(-26.0 6.0),0
gev_20111027_0053,2011-10-27 00:53:00,2011-10-27 01:02:00,2011-10-27 01:10:00,B6.9,POINT(36.0 12.0),0
gev_20111027_1000,2011-10-27 10:00:00,2011-10-27 10:06:00,2011-10-27 10:15:00,B4.5,POINT(-10.0 9.0),0
gev_20111027_1108,2011-10-27 11:08:00,2011-10-27 11:16:00,2011-10-27 11:24:00,B5.7,POINT(-12.0 6.0),0
gev_20111027_1711,2011-10-27 17:11:00,2011-10-27 17:24:00,2011-10-27 17:35:00,B8.8,POINT(-14.0 15.0),0
gev_20111027_1838,2011-10-27 18:38:00,2011-10-27 18:44:00,2011-10-27 18:49:00,C2.6,POINT(-13.0 14.0),0
gev_20111028_0607,2011-10-28 06:07:00,2011-10-28 06:14:00,2011-10-28 06:20:00,C1.0,POINT(-7.0 14.0),1333
gev_20111028_0701,2011-10-28 07:01:00,2011-10-28 07:04:00,2011-10-28 07:07:00,C1.0,POINT(53.0 11.0),1324
gev_20111028_0812,2011-10-28 08:12:00,2011-10-28 08:16:00,2011-10-28 08:18:00,B9.3,POINT(51.0 11.0),1324
gev_20111028_0919,2011-10-28 09:19:00,2011-10-28 09:23:00,2011-10-28 09:41:00,B8.7,POINT(52.0 11.0),1324
gev_20111028_1148,2011-10-28 11:48:00,2011-10-28 12:17:00,2011-10-28 12:42:00,C1.7,POINT(59.0 12.0),1324
gev_20111028_1643,2011-10-28 16:43:00,2011-10-28 17:28:00,2011-10-28 17:45:00,B8.5,POINT(3.0 14.0),1333
gev_20111029_0208,2011-10-29 02:08:00,2011-10-29 02:15:00,2011-10-29 02:28:00,C1.4,POINT(62.0 11.0),1324
gev_20111029_0917,2011-10-29 09:17:00,2011-10-29 09:22:00,2011-10-29 09:26:00,C1.9,POINT(41.0 17.0),1325
gev_20111029_1423,2011-10-29 14:23:00,2011-10-29 14:29:00,2011-10-29 14:34:00,C1.0,POINT(-89.0 11.0),1336
gev_20111029_1444,2011-10-29 14:44:00,2011-10-29 14:52:00,2011-10-29 15:01:00,C3.0,POINT(70.0 10.0),1324
gev_20111029_2042,2011-10-29 20:42:00,2011-10-29 20:48:00,2011-10-29 20:52:00,C1.2,POINT(-89.0 10.0),1336
gev_20111030_0308,2011-10-30 03:08:00,2011-10-30 03:24:00,2011-10-30 03:48:00,B8.3,POINT(89.0 11.0),1324
gev_20111030_0717,2011-10-30 07:17:00,2011-10-30 07:32:00,2011-10-30 08:00:00,B9.7,POINT(38.0 -10.0),0
gev_20111030_0836,2011-10-30 08:36:00,2011-10-30 08:46:00,2011-10-30 09:02:00,B7.7,POINT(30.0 2.0),1330
gev_20111030_0911,2011-10-30 09:11:00,2011-10-30 09:39:00,2011-10-30 10:05:00,C2.5,POINT(21.0 7.0),0
gev_20111030_0924,2011-10-30 09:24:00,2011-10-30 09:39:00,2011-10-30 09:54:00,C2.4,POINT(nan nan),0
gev_20111030_1006,2011-10-30 10:06:00,2011-10-30 10:10:00,2011-10-30 10:13:00,C2.1,POINT(nan nan),0
gev_20111030_1444,2011-10-30 14:44:00,2011-10-30 14:45:00,2011-10-30 14:57:00,C1.5,POINT(86.0 14.0),1324
gev_20111030_1709,2011-10-30 17:09:00,2011-10-30 17:12:00,2011-10-30 17:15:00,C1.9,POINT(34.0 7.0),1330
gev_20111030_2044,2011-10-30 20:44:00,2011-10-30 20:52:00,2011-10-30 21:02:00,C1.5,POINT(-27.0 10.0),1334
gev_20111030_2046,2011-10-30 20:46:00,2011-10-30 20:52:00,2011-10-30 21:02:00,C1.5,POINT(-27.0 10.0),0
gev_20111030_2107,2011-10-30 21:07:00,2011-10-30 21:16:00,2011-10-30 21:31:00,C1.5,POINT(-88.0 21.0),1337
gev_20111030_2141,2011-10-30 21:41:00,2011-10-30 21:43:00,2011-10-30 21:49:00,C1.4,POINT(-88.0 20.0),1337
gev_20111030_2233,2011-10-30 22:33:00,2011-10-30 22:50:00,2011-10-30 23:07:00,C1.2,POINT(36.0 7.0),1330
gev_20111031_0024,2011-10-31 00:24:00,2011-10-31 01:10:00,2011-10-31 01:50:00,C2.3,POINT(37.0 8.0),0
gev_20111031_0050,2011-10-31 00:50:00,2011-10-31 01:10:00,2011-10-31 01:29:00,C2.3,POINT(37.0 8.0),1333
gev_20111031_0514,2011-10-31 05:14:00,2011-10-31 05:15:00,2011-10-31 05:25:00,C2.7,POINT(89.0 12.0),1324
gev_20111031_0754,2011-10-31 07:54:00,2011-10-31 07:59:00,2011-10-31 08:10:00,C1.3,POINT(-88.0 -13.0),1338
gev_20111031_1455,2011-10-31 14:55:00,2011-10-31 15:08:00,2011-10-31 15:27:00,M1.1,POINT(-88.0 20.0),1337
gev_20111031_1721,2011-10-31 17:21:00,2011-10-31 18:08:00,2011-10-31 18:50:00,M1.4,POINT(-88.0 21.0),1337
gev_20111031_1753,2011-10-31 17:53:00,2011-10-31 18:07:00,2011-10-31 18:28:00,M1.4,POINT(-88.0 20.0),0
gev_20111031_1829,2011-10-31 18:29:00,2011-10-31 18:33:00,2011-10-31 18:55:00,M1.2,POINT(-88.0 20.0),1337
gev_20111031_2316,2011-10-31 23:16:00,2011-10-31 23:22:00,2011-10-31 23:28:00,C5.2,POINT(-88.0 -16.0),1338
gev_20111101_0022,2011-11-01 00:22:00,2011-11-01 00:28:00,2011-11-01 00:33:00,C2.7,POINT(-88.0 19.0),0
gev_20111101_0118,2011-11-01 01:18:00,2011-11-01 02:20:00,2011-11-01 02:30:00,C3.5,POINT(-88.0 19.0),0
gev_20111101_0231,2011-11-01 02:31:00,2011-11-01 02:36:00,2011-11-01 02:45:00,C4.5,POINT(-88.0 21.0),0
gev_20111101_0334,2011-11-01 03:34:00,2011-11-01 04:01:00,2011-11-01 04:45:00,C3.2,POINT(-88.0 19.0),0
gev_20111101_0626,2011-11-01 06:26:00,2011-11-01 06:29:00,2011-11-01 06:33:00,C1.9,POINT(-88.0 21.0),0
gev_20111101_0649,2011-11-01 06:49:00,2011-11-01 07:25:00,2011-11-01 07:37:00,C4.1,POINT(-88.0 20.0),0
gev_20111101_1022,2011-11-01 10:22:00,2011-11-01 10:32:00,2011-11-01 10:41:00,C4.3,POINT(-83.0 -16.0),0
gev_20111101_1820,2011-11-01 18:20:00,2011-11-01 18:26:00,2011-11-01 18:36:00,C4.1,POINT(56.0 9.0),1330
gev_20111101_1955,2011-11-01 19:55:00,2011-11-01 20:00:00,2011-11-01 20:08:00,C2.7,POINT(-88.0 18.0),1339
gev_20111101_2132,2011-11-01 21:32:00,2011-11-01 21:52:00,2011-11-01 22:23:00,C4.7,POINT(-88.0 23.0),1339
gev_20111102_0245,2011-11-02 02:45:00,2011-11-02 02:52:00,2011-11-02 03:02:00,C5.1,POINT(-88.0 20.0),1339
gev_20111102_0646,2011-11-02 06:46:00,2011-11-02 06:50:00,2011-11-02 06:59:00,C2.2,POINT(-83.0 18.0),1339
gev_20111102_0831,2011-11-02 08:31:00,2011-11-02 08:43:00,2011-11-02 08:54:00,C3.4,POINT(-88.0 20.0),1339
gev_20111102_1039,2011-11-02 10:39:00,2011-11-02 10:48:00,2011-11-02 10:55:00,C3.2,POINT(-88.0 20.0),1339
gev_20111102_1220,2011-11-02 12:20:00,2011-11-02 12:23:00,2011-11-02 12:25:00,C1.6,POINT(-76.0 20.0),1339
gev_20111102_1553,2011-11-02 15:53:00,2011-11-02 15:56:00,2011-11-02 16:00:00,C2.7,POINT(-80.0 20.0),1339
gev_20111102_1710,2011-11-02 17:10:00,2011-11-02 17:15:00,2011-11-02 17:21:00,C7.8,POINT(-81.0 20.0),1339
gev_20111102_2152,2011-11-02 21:52:00,2011-11-02 22:01:00,2011-11-02 22:19:00,M4.3,POINT(-77.0 20.0),1339
gev_20111103_0005,2011-11-03 00:05:00,2011-11-03 00:18:00,2011-11-03 00:27:00,C4.4,POINT(-73.0 21.0),1339
gev_20111103_0124,2011-11-03 01:24:00,2011-11-03 01:30:00,2011-11-03 01:35:00,C3.4,POINT(-71.0 19.0),1339
gev_20111103_0318,2011-11-03 03:18:00,2011-11-03 03:25:00,2011-11-03 03:36:00,C2.9,POINT(-70.0 20.0),1339
gev_20111103_0711,2011-11-03 07:11:00,2011-11-03 07:15:00,2011-11-03 07:26:00,C3.2,POINT(-70.0 20.0),1339
gev_20111103_0938,2011-11-03 09:38:00,2011-11-03 09:44:00,2011-11-03 09:50:00,C2.1,POINT(-54.0 -16.0),1338
gev_20111103_1003,2011-11-03 10:03:00,2011-11-03 10:11:00,2011-11-03 10:17:00,C3.4,POINT(-70.0 20.0),1339
gev_20111103_1058,2011-11-03 10:58:00,2011-11-03 11:11:00,2011-11-03 11:20:00,M2.5,POINT(-70.0 20.0),1339
gev_20111103_1403,2011-11-03 14:03:00,2011-11-03 14:08:00,2011-11-03 14:14:00,C1.5,POINT(-68.0 20.0),1339
gev_20111103_1448,2011-11-03 14:48:00,2011-11-03 14:54:00,2011-11-03 15:00:00,C3.8,POINT(-51.0 -16.0),1338
gev_20111103_1757,2011-11-03 17:57:00,2011-11-03 17:59:00,2011-11-03 18:09:00,C2.2,POINT(-67.0 21.0),1339
gev_20111103_1847,2011-11-03 18:47:00,2011-11-03 18:53:00,2011-11-03 19:00:00,C4.5,POINT(-65.0 21.0),0
gev_20111103_2016,2011-11-03 20:16:00,2011-11-03 20:27:00,2011-11-03 20:32:00,X1.9,POINT(-64.0 21.0),1339
gev_20111103_2212,2011-11-03 22:12:00,2011-11-03 22:18:00,2011-11-03 22:27:00,C5.4,POINT(-63.0 20.0),1339
gev_20111103_2228,2011-11-03 22:28:00,2011-11-03 22:35:00,2011-11-03 22:44:00,C5.8,POINT(-64.0 20.0),0
gev_20111103_2256,2011-11-03 22:56:00,2011-11-03 23:00:00,2011-11-03 23:24:00,C9.2,POINT(-57.0 19.0),1339
gev_20111103_2328,2011-11-03 23:28:00,2011-11-03 23:31:00,2011-11-03 23:44:00,M2.1,POINT(-62.0 20.0),1339
gev_20111104_0001,2011-11-04 00:01:00,2011-11-04 00:11:00,2011-11-04 00:16:00,C3.8,POINT(-61.0 21.0),1339
gev_20111104_0020,2011-11-04 00:20:00,2011-11-04 01:01:00,2011-11-04 01:45:00,C5.4,POINT(-88.0 22.0),0
gev_20111104_0026,2011-11-04 00:26:00,2011-11-04 01:01:00,2011-11-04 01:43:00,C5.4,POINT(-88.0 22.0),1339
gev_20111104_0312,2011-11-04 03:12:00,2011-11-04 03:53:00,2011-11-04 04:40:00,C8.6,POINT(-88.0 18.0),0
gev_20111104_0322,2011-11-04 03:22:00,2011-11-04 03:53:00,2011-11-04 04:16:00,C8.6,POINT(-88.0 18.0),1339
gev_20111104_1050,2011-11-04 10:50:00,2011-11-04 10:55:00,2011-11-04 11:01:00,C1.8,POINT(-55.0 21.0),1339
gev_20111104_1925,2011-11-04 19:25:00,2011-11-04 19:33:00,2011-11-04 19:47:00,C2.9,POINT(-50.0 20.0),1339
gev_20111104_2031,2011-11-04 20:31:00,2011-11-04 20:40:00,2011-11-04 20:46:00,M1.0,POINT(-47.0 19.0),1339
gev_20111104_2225,2011-11-04 22:25:00,2011-11-04 22:43:00,2011-11-04 23:06:00,C4.6,POINT(-47.0 19.0),1339
gev_20111105_0057,2011-11-05 00:57:00,2011-11-05 01:00:00,2011-11-05 01:02:00,C1.8,POINT(-45.0 19.0),0
gev_20111105_0308,2011-11-05 03:08:00,2011-11-05 03:31:00,2011-11-05 03:58:00,M3.7,POINT(-47.0 20.0),0
gev_20111105_0920,2011-11-05 09:20:00,2011-11-05 09:24:00,2011-11-05 09:30:00,C1.3,POINT(-43.0 21.0),0
gev_20111105_1002,2011-11-05 10:02:00,2011-11-05 10:09:00,2011-11-05 10:16:00,C1.5,POINT(-38.0 19.0),0
gev_20111105_1110,2011-11-05 11:10:00,2011-11-05 11:21:00,2011-11-05 11:42:00,M1.1,POINT(-41.0 19.0),0
gev_20111105_1507,2011-11-05 15:07:00,2011-11-05 15:35:00,2011-11-05 16:12:00,C4.3,POINT(-41.0 22.0),1339
gev_20111105_1511,2011-11-05 15:11:00,2011-11-05 15:35:00,2011-11-05 15:54:00,C4.2,POINT(-41.0 22.0),0
gev_20111105_1632,2011-11-05 16:32:00,2011-11-05 16:38:00,2011-11-05 16:45:00,C1.5,POINT(9.0 11.0),0
gev_20111105_2031,2011-11-05 20:31:00,2011-11-05 20:38:00,2011-11-05 20:54:00,M1.8,POINT(-37.0 21.0),0
gev_20111105_2123,2011-11-05 21:23:00,2011-11-05 21:40:00,2011-11-05 22:42:00,C2.7,POINT(-19.0 -13.0),0
gev_20111106_0008,2011-11-06 00:08:00,2011-11-06 00:13:00,2011-11-06 00:18:00,C1.5,POINT(-35.0 20.0),1339
gev_20111106_0046,2011-11-06 00:46:00,2011-11-06 01:03:00,2011-11-06 01:24:00,M1.2,POINT(-34.0 20.0),1339
gev_20111106_0421,2011-11-06 04:21:00,2011-11-06 04:26:00,2011-11-06 04:32:00,C1.6,POINT(-33.0 20.0),1339
gev_20111106_0604,2011-11-06 06:04:00,2011-11-06 06:07:00,2011-11-06 06:10:00,C1.5,POINT(-30.0 21.0),1339
gev_20111106_0614,2011-11-06 06:14:00,2011-11-06 06:35:00,2011-11-06 06:41:00,M1.4,POINT(-33.0 21.0),1339
gev_20111106_0804,2011-11-06 08:04:00,2011-11-06 08:16:00,2011-11-06 08:39:00,C2.3,POINT(-10.0 -14.0),1338
gev_20111106_0952,2011-11-06 09:52:00,2011-11-06 09:56:00,2011-11-06 09:59:00,C8.8,POINT(-29.0 20.0),1339
gev_20111106_1430,2011-11-06 14:30:00,2011-11-06 14:47:00,2011-11-06 15:03:00,C5.3,POINT(-27.0 20.0),1339
gev_20111106_1635,2011-11-06 16:35:00,2011-11-06 16:40:00,2011-11-06 16:44:00,B9.8,POINT(-5.0 -14.0),1338
gev_20111106_1717,2011-11-06 17:17:00,2011-11-06 17:36:00,2011-11-06 17:42:00,C2.0,POINT(-6.0 -12.0),1338
gev_20111106_1952,2011-11-06 19:52:00,2011-11-06 19:58:00,2011-11-06 20:30:00,C1.2,POINT(-3.0 -13.0),1338
gev_20111106_2149,2011-11-06 21:49:00,2011-11-06 21:53:00,2011-11-06 21:55:00,C1.7,POINT(-3.0 -14.0),1338
gev_20111107_0013,2011-11-07 00:13:00,2011-11-07 00:17:00,2011-11-07 00:20:00,C2.3,POINT(-22.0 21.0),1339
gev_20111107_0305,2011-11-07 03:05:00,2011-11-07 03:10:00,2011-11-07 03:16:00,C3.5,POINT(-21.0 21.0),1339
gev_20111107_0928,2011-11-07 09:28:00,2011-11-07 09:30:00,2011-11-07 09:42:00,C1.4,POINT(7.0 -16.0),1338
gev_20111107_1407,2011-11-07 14:07:00,2011-11-07 14:31:00,2011-11-07 15:26:00,C1.5,POINT(-13.0 13.0),1339
gev_20111107_2239,2011-11-07 22:39:00,2011-11-07 22:53:00,2011-11-07 23:28:00,C3.2,POINT(-9.0 22.0),1339
gev_20111107_2306,2011-11-07 23:06:00,2011-11-07 23:28:00,2011-11-08 00:40:00,C3.2,POINT(-10.0 21.0),0
gev_20111108_0723,2011-11-08 07:23:00,2011-11-08 08:19:00,2011-11-08 08:45:00,C2.6,POINT(-3.0 22.0),0
gev_20111108_1923,2011-11-08 19:23:00,2011-11-08 19:28:00,2011-11-08 19:38:00,C1.8,POINT(3.0 21.0),0
gev_20111108_2100,2011-11-08 21:00:00,2011-11-08 21:04:00,2011-11-08 21:10:00,C1.2,POINT(-41.0 11.0),0
gev_20111109_0132,2011-11-09 01:32:00,2011-11-09 02:19:00,2011-11-09 03:09:00,C1.9,POINT(8.0 22.0),0
gev_20111109_0143,2011-11-09 01:43:00,2011-11-09 02:19:00,2011-11-09 02:51:00,C1.9,POINT(9.0 22.0),1339
gev_20111109_1304,2011-11-09 13:04:00,2011-11-09 13:35:00,2011-11-09 14:12:00,M1.1,POINT(-35.0 24.0),1343
gev_20111110_0140,2011-11-10 01:40:00,2011-11-10 01:46:00,2011-11-10 01:50:00,C2.1,POINT(-89.0 18.0),1349
gev_20111110_0432,2011-11-10 04:32:00,2011-11-10 04:54:00,2011-11-10 05:40:00,C1.3,POINT(25.0 26.0),1339
gev_20111110_1205,2011-11-10 12:05:00,2011-11-10 12:28:00,2011-11-10 12:50:00,C1.4,POINT(-26.0 10.0),1341
gev_20111110_1548,2011-11-10 15:48:00,2011-11-10 15:52:00,2011-11-10 15:59:00,C2.2,POINT(-19.0 9.0),1341
gev_20111110_1654,2011-11-10 16:54:00,2011-11-10 17:19:00,2011-11-10 17:58:00,C3.7,POINT(31.0 20.0),1339
gev_20111110_1820,2011-11-10 18:20:00,2011-11-10 18:31:00,2011-11-10 18:43:00,C6.0,POINT(30.0 21.0),1339
gev_20111111_0348,2011-11-11 03:48:00,2011-11-11 04:30:00,2011-11-11 04:52:00,C1.3,POINT(36.0 21.0),1339
gev_20111111_0611,2011-11-11 06:11:00,2011-11-11 07:05:00,2011-11-11 07:51:00,C4.2,POINT(42.0 -18.0),1344
gev_20111111_1225,2011-11-11 12:25:00,2011-11-11 12:31:00,2011-11-11 12:37:00,C1.6,POINT(40.0 17.0),1339
gev_20111111_1640,2011-11-11 16:40:00,2011-11-11 17:09:00,2011-11-11 17:33:00,C5.4,POINT(47.0 -16.0),1344
gev_20111111_2331,2011-11-11 23:31:00,2011-11-11 23:34:00,2011-11-11 23:45:00,C1.3,POINT(42.0 -17.0),1344
gev_20111112_0742,2011-11-12 07:42:00,2011-11-12 07:50:00,2011-11-12 08:01:00,C2.5,POINT(53.0 20.0),1339
gev_20111112_1638,2011-11-12 16:38:00,2011-11-12 16:43:00,2011-11-12 16:48:00,C1.8,POINT(56.0 21.0),1339
gev_20111112_1811,2011-11-12 18:11:00,2011-11-12 18:51:00,2011-11-12 19:04:00,C1.8,POINT(55.0 -18.0),0
gev_20111112_1818,2011-11-12 18:18:00,2011-11-12 18:51:00,2011-11-12 19:30:00,C1.8,POINT(55.0 -18.0),1344
gev_20111112_2118,2011-11-12 21:18:00,2011-11-12 21:26:00,2011-11-12 21:40:00,C2.4,POINT(57.0 -18.0),0
gev_20111112_2237,2011-11-12 22:37:00,2011-11-12 22:43:00,2011-11-12 22:51:00,C2.4,POINT(59.0 -16.0),0
gev_20111113_0350,2011-11-13 03:50:00,2011-11-13 03:57:00,2011-11-13 04:06:00,C1.7,POINT(62.0 -16.0),0
gev_20111113_0453,2011-11-13 04:53:00,2011-11-13 04:59:00,2011-11-13 05:07:00,C2.4,POINT(61.0 -18.0),0
gev_20111113_0639,2011-11-13 06:39:00,2011-11-13 06:44:00,2011-11-13 06:53:00,C1.4,POINT(64.0 -19.0),0
gev_20111113_0811,2011-11-13 08:11:00,2011-11-13 08:20:00,2011-11-13 08:34:00,C1.9,POINT(72.0 -20.0),0
gev_20111113_0917,2011-11-13 09:17:00,2011-11-13 09:21:00,2011-11-13 09:29:00,C2.6,POINT(-51.0 7.0),0
gev_20111113_1458,2011-11-13 14:58:00,2011-11-13 15:00:00,2011-11-13 15:11:00,C1.9,POINT(88.0 -15.0),0
gev_20111113_1644,2011-11-13 16:44:00,2011-11-13 16:48:00,2011-11-13 17:05:00,C1.2,POINT(13.0 9.0),0
gev_20111113_2012,2011-11-13 20:12:00,2011-11-13 20:16:00,2011-11-13 20:24:00,C1.1,POINT(79.0 -20.0),0
gev_20111114_0609,2011-11-14 06:09:00,2011-11-14 06:12:00,2011-11-14 06:17:00,C1.2,POINT(80.0 21.0),0
gev_20111114_0918,2011-11-14 09:18:00,2011-11-14 09:30:00,2011-11-14 09:40:00,C5.2,POINT(63.0 21.0),0
gev_20111114_1118,2011-11-14 11:18:00,2011-11-14 11:23:00,2011-11-14 11:27:00,C2.1,POINT(-35.0 7.0),0
gev_20111114_1554,2011-11-14 15:54:00,2011-11-14 16:36:00,2011-11-14 17:20:00,C4.1,POINT(42.0 22.0),0
gev_20111114_1732,2011-11-14 17:32:00,2011-11-14 18:06:00,2011-11-14 18:26:00,C2.6,POINT(76.0 17.0),0
gev_20111114_1826,2011-11-14 18:26:00,2011-11-14 18:39:00,2011-11-14 18:56:00,C2.7,POINT(72.0 16.0),0
gev_20111114_1942,2011-11-14 19:42:00,2011-11-14 20:13:00,2011-11-14 20:34:00,C1.8,POINT(70.0 18.0),0
gev_20111114_2342,2011-11-14 23:42:00,2011-11-14 23:58:00,2011-11-15 00:07:00,C4.2,POINT(72.0 21.0),0
gev_20111115_0812,2011-11-15 08:12:00,2011-11-15 08:16:00,2011-11-15 08:25:00,C1.6,POINT(88.0 -18.0),0
gev_20111115_0903,2011-11-15 09:03:00,2011-11-15 09:12:00,2011-11-15 09:23:00,M1.2,POINT(72.0 21.0),1348
gev_20111115_1036,2011-11-15 10:36:00,2011-11-15 10:50:00,2011-11-15 10:59:00,C1.3,POINT(80.0 19.0),1348
gev_20111115_1101,2011-11-15 11:01:00,2011-11-15 11:21:00,2011-11-15 11:35:00,C2.8,POINT(78.0 19.0),1348
gev_20111115_1230,2011-11-15 12:30:00,2011-11-15 12:43:00,2011-11-15 12:50:00,M1.9,POINT(-32.0 -19.0),1346
gev_20111115_1502,2011-11-15 15:02:00,2011-11-15 15:05:00,2011-11-15 15:09:00,C2.2,POINT(77.0 19.0),1348
gev_20111115_1627,2011-11-15 16:27:00,2011-11-15 16:33:00,2011-11-15 16:39:00,C3.3,POINT(80.0 18.0),1339
gev_20111115_1830,2011-11-15 18:30:00,2011-11-15 18:34:00,2011-11-15 18:45:00,C1.7,POINT(81.0 19.0),1348
gev_20111115_2023,2011-11-15 20:23:00,2011-11-15 20:30:00,2011-11-15 20:44:00,C7.8,POINT(85.0 18.0),1348
gev_20111115_2227,2011-11-15 22:27:00,2011-11-15 22:31:00,2011-11-15 22:42:00,M1.1,POINT(81.0 18.0),1339
gev_20111115_2339,2011-11-15 23:39:00,2011-11-15 23:44:00,2011-11-15 23:48:00,C2.4,POINT(-26.0 -18.0),1346
gev_20111116_0003,2011-11-16 00:03:00,2011-11-16 00:07:00,2011-11-16 00:12:00,C1.7,POINT(87.0 19.0),1348
gev_20111116_0255,2011-11-16 02:55:00,2011-11-16 03:01:00,2011-11-16 03:09:00,C2.3,POINT(85.0 21.0),1348
gev_20111116_0326,2011-11-16 03:26:00,2011-11-16 03:43:00,2011-11-16 03:51:00,C3.0,POINT(89.0 18.0),1348
gev_20111116_0446,2011-11-16 04:46:00,2011-11-16 04:55:00,2011-11-16 05:02:00,C7.5,POINT(89.0 18.0),1339
gev_20111116_0615,2011-11-16 06:15:00,2011-11-16 06:17:00,2011-11-16 06:31:00,C4.0,POINT(89.0 18.0),1339
gev_20111116_1328,2011-11-16 13:28:00,2011-11-16 13:30:00,2011-11-16 13:44:00,C2.8,POINT(89.0 19.0),1348
gev_20111116_1448,2011-11-16 14:48:00,2011-11-16 15:05:00,2011-11-16 15:26:00,C7.9,POINT(89.0 21.0),1348
gev_20111116_1849,2011-11-16 18:49:00,2011-11-16 18:54:00,2011-11-16 19:00:00,C2.9,POINT(-16.0 -18.0),1346
gev_20111116_1947,2011-11-16 19:47:00,2011-11-16 19:53:00,2011-11-16 19:57:00,C5.2,POINT(-88.0 -16.0),1354
gev_20111116_2137,2011-11-16 21:37:00,2011-11-16 21:43:00,2011-11-16 21:49:00,C1.6,POINT(-13.0 -19.0),1346
gev_20111116_2340,2011-11-16 23:40:00,2011-11-16 23:48:00,2011-11-16 23:57:00,C5.0,POINT(-12.0 -18.0),1346
gev_20111117_0130,2011-11-17 01:30:00,2011-11-17 01:33:00,2011-11-17 01:35:00,C2.6,POINT(-89.0 8.0),1353
gev_20111117_0510,2011-11-17 05:10:00,2011-11-17 05:15:00,2011-11-17 05:22:00,C1.3,POINT(-88.0 -16.0),1354
gev_20111117_0716,2011-11-17 07:16:00,2011-11-17 07:27:00,2011-11-17 07:30:00,C6.0,POINT(-8.0 -19.0),1346
gev_20111117_0942,2011-11-17 09:42:00,2011-11-17 09:52:00,2011-11-17 09:59:00,C2.1,POINT(-83.0 -17.0),1354
gev_20111117_1055,2011-11-17 10:55:00,2011-11-17 10:59:00,2011-11-17 11:05:00,C1.1,POINT(-83.0 8.0),1353
gev_20111117_1147,2011-11-17 11:47:00,2011-11-17 11:55:00,2011-11-17 12:00:00,C1.7,POINT(-80.0 -16.0),1354
gev_20111117_1319,2011-11-17 13:19:00,2011-11-17 13:29:00,2011-11-17 13:46:00,C2.4,POINT(-88.0 -17.0),1354
gev_20111117_1353,2011-11-17 13:53:00,2011-11-17 14:00:00,2011-11-17 14:28:00,C3.1,POINT(-81.0 -17.0),1354
gev_20111117_1553,2011-11-17 15:53:00,2011-11-17 15:59:00,2011-11-17 16:16:00,C2.0,POINT(-3.0 -19.0),1346
gev_20111117_1752,2011-11-17 17:52:00,2011-11-17 19:13:00,2011-11-17 19:21:00,C2.7,POINT(-78.0 -17.0),1354
gev_20111117_1922,2011-11-17 19:22:00,2011-11-17 19:28:00,2011-11-17 19:56:00,C3.7,POINT(-63.0 -23.0),1352
gev_20111117_1942,2011-11-17 19:42:00,2011-11-17 19:48:00,2011-11-17 20:02:00,C3.2,POINT(-75.0 -17.0),1354
gev_20111117_2004,2011-11-17 20:04:00,2011-11-17 20:11:00,2011-11-17 20:34:00,C2.4,POINT(-89.0 13.0),1355
gev_20111117_2048,2011-11-17 20:48:00,2011-11-17 21:45:00,2011-11-17 22:24:00,C2.2,POINT(-89.0 19.0),1355
gev_20111117_2224,2011-11-17 22:24:00,2011-11-17 22:42:00,2011-11-17 22:55:00,C3.2,POINT(-74.0 8.0),1353
gev_20111118_0000,2011-11-18 00:00:00,2011-11-18 00:49:00,2011-11-18 01:30:00,C3.7,POINT(-88.0 -15.0),1354
gev_20111118_0204,2011-11-18 02:04:00,2011-11-18 02:30:00,2011-11-18 03:02:00,C2.7,POINT(89.0 24.0),1339
gev_20111118_0328,2011-11-18 03:28:00,2011-11-18 03:42:00,2011-11-18 03:58:00,C2.6,POINT(-71.0 -18.0),1354
gev_20111118_0646,2011-11-18 06:46:00,2011-11-18 06:53:00,2011-11-18 07:04:00,C2.5,POINT(-89.0 11.0),1355
gev_20111118_1638,2011-11-18 16:38:00,2011-11-18 16:43:00,2011-11-18 16:50:00,C1.1,POINT(10.0 -16.0),0
gev_20111118_1707,2011-11-18 17:07:00,2011-11-18 17:23:00,2011-11-18 17:56:00,C2.7,POINT(-67.0 -14.0),0
gev_20111118_1904,2011-11-18 19:04:00,2011-11-18 19:08:00,2011-11-18 19:11:00,C2.0,POINT(-62.0 8.0),0
gev_20111118_2353,2011-11-18 23:53:00,2011-11-19 00:04:00,2011-11-19 00:10:00,C2.1,POINT(14.0 -16.0),0
gev_20111119_0121,2011-11-19 01:21:00,2011-11-19 01:27:00,2011-11-19 01:36:00,C1.0,POINT(89.0 21.0),0
gev_20111119_0753,2011-11-19 07:53:00,2011-11-19 07:57:00,2011-11-19 08:02:00,C1.7,POINT(-70.0 13.0),0
gev_20111119_1119,2011-11-19 11:19:00,2011-11-19 11:25:00,2011-11-19 11:30:00,C1.4,POINT(-54.0 -13.0),0
gev_20111119_1141,2011-11-19 11:41:00,2011-11-19 11:48:00,2011-11-19 11:59:00,C1.4,POINT(-89.0 11.0),0
gev_20111119_1350,2011-11-19 13:50:00,2011-11-19 14:04:00,2011-11-19 14:15:00,C1.1,POINT(-89.0 20.0),0
gev_20111119_1417,2011-11-19 14:17:00,2011-11-19 14:36:00,2011-11-19 14:52:00,C2.7,POINT(-89.0 20.0),0
gev_20111119_1948,2011-11-19 19:48:00,2011-11-19 19:55:00,2011-11-19 20:03:00,C3.9,POINT(-50.0 -17.0),0
gev_20111119_2047,2011-11-19 20:47:00,2011-11-19 20:52:00,2011-11-19 20:56:00,C1.6,POINT(-47.0 -17.0),0
gev_20111119_2219,2011-11-19 22:19:00,2011-11-19 22:28:00,2011-11-19 22:35:00,C4.5,POINT(-89.0 19.0),0
gev_20111119_2302,2011-11-19 23:02:00,2011-11-19 23:07:00,2011-11-19 23:12:00,C1.5,POINT(-49.0 -18.0),0
gev_20111120_0150,2011-11-20 01:50:00,2011-11-20 02:26:00,2011-11-20 02:54:00,C1.6,POINT(-48.0 -15.0),0
gev_20111120_0257,2011-11-20 02:57:00,2011-11-20 03:05:00,2011-11-20 03:40:00,C2.1,POINT(-46.0 -17.0),0
gev_20111120_0459,2011-11-20 04:59:00,2011-11-20 05:00:00,2011-11-20 05:16:00,C1.7,POINT(-89.0 15.0),0
gev_20111120_0605,2011-11-20 06:05:00,2011-11-20 06:26:00,2011-11-20 06:50:00,C2.1,POINT(-45.0 -16.0),0
gev_20111120_0716,2011-11-20 07:16:00,2011-11-20 07:22:00,2011-11-20 07:27:00,C1.8,POINT(7.0 18.0),0
gev_20111120_0734,2011-11-20 07:34:00,2011-11-20 07:41:00,2011-11-20 07:47:00,C4.8,POINT(-40.0 -17.0),0
gev_20111120_1145,2011-11-20 11:45:00,2011-11-20 11:55:00,2011-11-20 12:04:00,C3.0,POINT(-41.0 -13.0),0
gev_20111120_1328,2011-11-20 13:28:00,2011-11-20 13:32:00,2011-11-20 13:35:00,C1.8,POINT(-79.0 16.0),0
gev_20111120_1521,2011-11-20 15:21:00,2011-11-20 15:27:00,2011-11-20 15:34:00,C1.2,POINT(-53.0 13.0),0
gev_20111120_1611,2011-11-20 16:11:00,2011-11-20 16:15:00,2011-11-20 16:19:00,C1.0,POINT(-38.0 -16.0),0
gev_20111120_1635,2011-11-20 16:35:00,2011-11-20 16:47:00,2011-11-20 17:07:00,C6.1,POINT(-38.0 -15.0),0
gev_20111120_1754,2011-11-20 17:54:00,2011-11-20 17:57:00,2011-11-20 18:00:00,C1.4,POINT(-38.0 -16.0),0
gev_20111120_1814,2011-11-20 18:14:00,2011-11-20 18:37:00,2011-11-20 19:06:00,C1.1,POINT(-78.0 11.0),1356
gev_20111120_2117,2011-11-20 21:17:00,2011-11-20 21:23:00,2011-11-20 21:35:00,C1.0,POINT(-71.0 12.0),1356
gev_20111120_2259,2011-11-20 22:59:00,2011-11-20 23:00:00,2011-11-20 23:13:00,C2.1,POINT(42.0 -17.0),0
gev_20111121_0003,2011-11-21 00:03:00,2011-11-21 00:10:00,2011-11-21 00:13:00,C3.1,POINT(-34.0 -17.0),0
gev_20111121_0439,2011-11-21 04:39:00,2011-11-21 04:42:00,2011-11-21 04:46:00,B8.8,POINT(-32.0 -16.0),0
gev_20111121_0448,2011-11-21 04:48:00,2011-11-21 04:53:00,2011-11-21 04:58:00,C1.8,POINT(-31.0 -17.0),0
gev_20111121_0623,2011-11-21 06:23:00,2011-11-21 06:27:00,2011-11-21 06:29:00,B9.4,POINT(-71.0 15.0),0
gev_20111121_1103,2011-11-21 11:03:00,2011-11-21 11:16:00,2011-11-21 11:29:00,B8.1,POINT(-11.0 -24.0),0
gev_20111121_1236,2011-11-21 12:36:00,2011-11-21 12:56:00,2011-11-21 13:04:00,B9.1,POINT(-63.0 12.0),0
gev_20111121_1310,2011-11-21 13:10:00,2011-11-21 13:16:00,2011-11-21 13:40:00,C1.0,POINT(-57.0 12.0),0
gev_20111121_1433,2011-11-21 14:33:00,2011-11-21 14:37:00,2011-11-21 14:56:00,B7.5,POINT(-24.0 -17.0),0
gev_20111121_1520,2011-11-21 15:20:00,2011-11-21 15:28:00,2011-11-21 15:40:00,B8.1,POINT(-61.0 13.0),0
gev_20111121_1556,2011-11-21 15:56:00,2011-11-21 16:00:00,2011-11-21 16:07:00,B8.0,POINT(-68.0 19.0),0
gev_20111121_1819,2011-11-21 18:19:00,2011-11-21 18:28:00,2011-11-21 18:36:00,C1.3,POINT(-59.0 12.0),0
gev_20111122_0033,2011-11-22 00:33:00,2011-11-22 00:37:00,2011-11-22 00:39:00,C1.2,POINT(-18.0 -17.0),0
gev_20111122_0142,2011-11-22 01:42:00,2011-11-22 01:45:00,2011-11-22 01:47:00,B7.3,POINT(55.0 -20.0),0
gev_20111122_0359,2011-11-22 03:59:00,2011-11-22 04:04:00,2011-11-22 04:07:00,C4.9,POINT(-49.0 12.0),0
gev_20111122_0725,2011-11-22 07:25:00,2011-11-22 07:29:00,2011-11-22 07:32:00,C1.9,POINT(-47.0 11.0),0
gev_20111122_0949,2011-11-22 09:49:00,2011-11-22 09:54:00,2011-11-22 09:56:00,C3.2,POINT(-45.0 12.0),1356
gev_20111122_1112,2011-11-22 11:12:00,2011-11-22 12:42:00,2011-11-22 13:40:00,C1.5,POINT(-48.0 12.0),1356
gev_20111122_1450,2011-11-22 14:50:00,2011-11-22 14:53:00,2011-11-22 14:55:00,C1.0,POINT(-42.0 12.0),1356
gev_20111122_1706,2011-11-22 17:06:00,2011-11-22 17:12:00,2011-11-22 17:19:00,C1.6,POINT(-40.0 12.0),1356
gev_20111122_2134,2011-11-22 21:34:00,2011-11-22 21:38:00,2011-11-22 21:41:00,C1.0,POINT(-38.0 12.0),0
gev_20111122_2311,2011-11-22 23:11:00,2011-11-22 23:39:00,2011-11-22 23:47:00,C1.9,POINT(-47.0 16.0),0
gev_20111123_0155,2011-11-23 01:55:00,2011-11-23 02:08:00,2011-11-23 02:30:00,B9.6,POINT(-44.0 14.0),0
gev_20111123_0304,2011-11-23 03:04:00,2011-11-23 03:11:00,2011-11-23 03:16:00,C2.0,POINT(-35.0 12.0),0
gev_20111123_0523,2011-11-23 05:23:00,2011-11-23 05:28:00,2011-11-23 05:35:00,C1.0,POINT(45.0 17.0),0
gev_20111123_0604,2011-11-23 06:04:00,2011-11-23 06:09:00,2011-11-23 06:17:00,B9.1,POINT(45.0 17.0),0
gev_20111123_0720,2011-11-23 07:20:00,2011-11-23 07:23:00,2011-11-23 07:28:00,C2.3,POINT(-82.0 22.0),0
gev_20111123_1323,2011-11-23 13:23:00,2011-11-23 13:28:00,2011-11-23 13:30:00,C2.6,POINT(80.0 -16.0),0
gev_20111123_1352,2011-11-23 13:52:00,2011-11-23 13:56:00,2011-11-23 14:01:00,B7.9,POINT(-77.0 22.0),0
gev_20111123_1939,2011-11-23 19:39:00,2011-11-23 19:43:00,2011-11-23 19:52:00,B7.8,POINT(83.0 -17.0),0
gev_20111124_0248,2011-11-24 02:48:00,2011-11-24 02:51:00,2011-11-24 02:55:00,B7.1,POINT(58.0 18.0),0
gev_20111124_1853,2011-11-24 18:53:00,2011-11-24 18:56:00,2011-11-24 19:00:00,B5.3,POINT(-25.0 19.0),0
gev_20111124_2012,2011-11-24 20:12:00,2011-11-24 20:21:00,2011-11-24 20:39:00,C1.2,POINT(50.0 15.0),0
gev_20111124_2114,2011-11-24 21:14:00,2011-11-24 21:18:00,2011-11-24 21:21:00,C1.2,POINT(-55.0 19.0),1358
gev_20111124_2308,2011-11-24 23:08:00,2011-11-24 23:15:00,2011-11-24 23:29:00,C1.9,POINT(52.0 15.0),1359
gev_20111125_0004,2011-11-25 00:04:00,2011-11-25 00:42:00,2011-11-25 01:50:00,C1.5,POINT(21.0 -20.0),0
gev_20111125_0338,2011-11-25 03:38:00,2011-11-25 03:45:00,2011-11-25 03:49:00,C3.3,POINT(55.0 15.0),0
gev_20111125_1714,2011-11-25 17:14:00,2011-11-25 17:15:00,2011-11-25 17:25:00,C1.1,POINT(80.0 17.0),0
gev_20111125_2149,2011-11-25 21:49:00,2011-11-25 21:58:00,2011-11-25 22:08:00,C2.4,POINT(61.0 16.0),0
gev_20111126_0609,2011-11-26 06:09:00,2011-11-26 07:10:00,2011-11-26 07:56:00,C1.2,POINT(47.0 11.0),1353
gev_20111126_0646,2011-11-26 06:46:00,2011-11-26 07:09:00,2011-11-26 07:38:00,C2.8,POINT(47.0 11.0),0
gev_20111126_0800,2011-11-26 08:00:00,2011-11-26 08:24:00,2011-11-26 08:47:00,C4.9,POINT(-6.0 18.0),1360
gev_20111126_1500,2011-11-26 15:00:00,2011-11-26 15:15:00,2011-11-26 15:31:00,C1.3,POINT(89.0 22.0),1357
gev_20111126_1614,2011-11-26 16:14:00,2011-11-26 16:15:00,2011-11-26 16:17:00,C1.1,POINT(56.0 -23.0),1352
gev_20111126_1712,2011-11-26 17:12:00,2011-11-26 17:19:00,2011-11-26 17:34:00,C1.0,POINT(-32.0 18.0),1358
gev_20111127_0942,2011-11-27 09:42:00,2011-11-27 11:02:00,2011-11-27 11:35:00,C1.4,POINT(4.0 16.0),0
gev_20111127_1159,2011-11-27 11:59:00,2011-11-27 12:03:00,2011-11-27 12:06:00,C1.1,POINT(-20.0 19.0),0
gev_20111127_1731,2011-11-27 17:31:00,2011-11-27 17:35:00,2011-11-27 17:37:00,B9.6,POINT(-39.0 19.0),0
gev_20111127_1912,2011-11-27 19:12:00,2011-11-27 19:16:00,2011-11-27 19:24:00,B9.3,POINT(-84.0 8.0),0
gev_20111128_0005,2011-11-28 00:05:00,2011-11-28 00:12:00,2011-11-28 00:18:00,C1.0,POINT(-81.0 8.0),0
gev_20111128_0113,2011-11-28 01:13:00,2011-11-28 01:17:00,2011-11-28 01:29:00,B8.7,POINT(-73.0 6.0),0
gev_20111128_0304,2011-11-28 03:04:00,2011-11-28 03:11:00,2011-11-28 03:18:00,C1.5,POINT(-89.0 -21.0),0
gev_20111128_1320,2011-11-28 13:20:00,2011-11-28 13:26:00,2011-11-28 13:32:00,C2.2,POINT(-27.0 19.0),0
gev_20111128_1412,2011-11-28 14:12:00,2011-11-28 14:15:00,2011-11-28 14:18:00,B9.8,POINT(-27.0 18.0),0
gev_20111128_1456,2011-11-28 14:56:00,2011-11-28 15:00:00,2011-11-28 15:07:00,C1.2,POINT(-89.0 -20.0),0
gev_20111128_1822,2011-11-28 18:22:00,2011-11-28 18:30:00,2011-11-28 18:39:00,C3.2,POINT(-24.0 19.0),0
gev_20111128_2141,2011-11-28 21:41:00,2011-11-28 21:47:00,2011-11-28 21:53:00,C1.2,POINT(27.0 18.0),0
gev_20111128_2256,2011-11-28 22:56:00,2011-11-28 23:09:00,2011-11-28 23:22:00,C1.4,POINT(-66.0 9.0),0
gev_20111129_0111,2011-11-29 01:11:00,2011-11-29 01:15:00,2011-11-29 01:25:00,C1.1,POINT(44.0 19.0),1356
gev_20111129_0325,2011-11-29 03:25:00,2011-11-29 03:32:00,2011-11-29 03:41:00,C2.1,POINT(-19.0 19.0),1361
gev_20111129_0854,2011-11-29 08:54:00,2011-11-29 09:00:00,2011-11-29 09:06:00,C2.5,POINT(-55.0 8.0),1362
gev_20111129_1542,2011-11-29 15:42:00,2011-11-29 15:46:00,2011-11-29 15:48:00,B9.6,POINT(-60.0 7.0),1362
gev_20111129_2157,2011-11-29 21:57:00,2011-11-29 22:00:00,2011-11-29 22:03:00,B8.0,POINT(-76.0 -23.0),1363
gev_20111129_2222,2011-11-29 22:22:00,2011-11-29 22:26:00,2011-11-29 22:29:00,C1.1,POINT(-75.0 -23.0),1363
gev_20111130_0004,2011-11-30 00:04:00,2011-11-30 00:11:00,2011-11-30 00:14:00,C2.0,POINT(-66.0 -21.0),1363
gev_20111130_0154,2011-11-30 01:54:00,2011-11-30 01:59:00,2011-11-30 02:18:00,C1.2,POINT(-51.0 8.0),1362
gev_20111130_0911,2011-11-30 09:11:00,2011-11-30 09:17:00,2011-11-30 09:34:00,C1.1,POINT(-69.0 -23.0),1363
gev_20111130_2020,2011-11-30 20:20:00,2011-11-30 20:28:00,2011-11-30 20:39:00,C3.8,POINT(-67.0 21.0),1364
gev_20111130_2153,2011-11-30 21:53:00,2011-11-30 22:32:00,2011-11-30 22:48:00,C3.6,POINT(67.0 13.0),1356
gev_20111201_1038,2011-12-01 10:38:00,2011-12-01 10:45:00,2011-12-01 11:17:00,C1.4,POINT(-58.0 21.0),0
gev_20111201_2027,2011-12-01 20:27:00,2011-12-01 20:32:00,2011-12-01 20:37:00,C1.1,POINT(16.0 17.0),0
gev_20111202_0401,2011-12-02 04:01:00,2011-12-02 04:04:00,2011-12-02 04:06:00,B9.6,POINT(84.0 15.0),0
gev_20111202_0444,2011-12-02 04:44:00,2011-12-02 04:53:00,2011-12-02 05:03:00,C1.2,POINT(-49.0 21.0),0
gev_20111202_1006,2011-12-02 10:06:00,2011-12-02 10:16:00,2011-12-02 10:20:00,C1.1,POINT(89.0 16.0),0
gev_20111202_1632,2011-12-02 16:32:00,2011-12-02 16:42:00,2011-12-02 17:05:00,C1.7,POINT(-38.0 -20.0),0
gev_20111202_2200,2011-12-02 22:00:00,2011-12-02 22:05:00,2011-12-02 22:10:00,C1.7,POINT(89.0 14.0),0
gev_20111203_0331,2011-12-03 03:31:00,2011-12-03 04:11:00,2011-12-03 04:55:00,C1.5,POINT(-9.0 9.0),1362
gev_20111203_0548,2011-12-03 05:48:00,2011-12-03 05:52:00,2011-12-03 05:57:00,C1.2,POINT(-29.0 -23.0),1363
gev_20111203_1040,2011-12-03 10:40:00,2011-12-03 11:22:00,2011-12-03 12:30:00,C1.6,POINT(89.0 21.0),1356
gev_20111203_2115,2011-12-03 21:15:00,2011-12-03 21:19:00,2011-12-03 21:24:00,C1.3,POINT(-19.0 -21.0),1363
gev_20111204_0830,2011-12-04 08:30:00,2011-12-04 08:37:00,2011-12-04 08:45:00,C1.2,POINT(47.0 18.0),1361
gev_20111204_1321,2011-12-04 13:21:00,2011-12-04 13:57:00,2011-12-04 14:24:00,C1.7,POINT(12.0 8.0),1362
gev_20111204_1605,2011-12-04 16:05:00,2011-12-04 16:15:00,2011-12-04 16:22:00,C4.8,POINT(11.0 10.0),1362
gev_20111204_1937,2011-12-04 19:37:00,2011-12-04 19:49:00,2011-12-04 20:03:00,C1.3,POINT(-69.0 -15.0),1368
gev_20111205_0309,2011-12-05 03:09:00,2011-12-05 03:16:00,2011-12-05 03:32:00,C1.9,POINT(-55.0 20.0),1369
gev_20111205_0447,2011-12-05 04:47:00,2011-12-05 04:52:00,2011-12-05 04:57:00,C1.2,POINT(-67.0 -15.0),1368
gev_20111205_0635,2011-12-05 06:35:00,2011-12-05 06:42:00,2011-12-05 06:54:00,C1.4,POINT(20.0 8.0),1362
gev_20111205_0749,2011-12-05 07:49:00,2011-12-05 07:53:00,2011-12-05 07:56:00,C2.9,POINT(-66.0 -15.0),1368
gev_20111205_1235,2011-12-05 12:35:00,2011-12-05 12:39:00,2011-12-05 12:42:00,B8.9,POINT(-0.0 -20.0),1363
gev_20111205_1340,2011-12-05 13:40:00,2011-12-05 13:45:00,2011-12-05 13:49:00,C3.7,POINT(23.0 7.0),1362
gev_20111205_1514,2011-12-05 15:14:00,2011-12-05 15:18:00,2011-12-05 15:20:00,C4.7,POINT(0.0 -20.0),1363
gev_20111205_1806,2011-12-05 18:06:00,2011-12-05 18:09:00,2011-12-05 18:12:00,B9.6,POINT(2.0 -21.0),1363
gev_20111205_1904,2011-12-05 19:04:00,2011-12-05 19:07:00,2011-12-05 19:11:00,C2.5,POINT(2.0 -20.0),1363
gev_20111205_2320,2011-12-05 23:20:00,2011-12-05 23:25:00,2011-12-05 23:34:00,C6.9,POINT(5.0 -20.0),1363
gev_20111206_0840,2011-12-06 08:40:00,2011-12-06 08:53:00,2011-12-06 09:02:00,B7.9,POINT(89.0 16.0),1361
gev_20111206_1145,2011-12-06 11:45:00,2011-12-06 12:17:00,2011-12-06 12:45:00,B7.7,POINT(-15.0 -18.0),1367
gev_20111206_2355,2011-12-06 23:55:00,2011-12-07 00:12:00,2011-12-07 00:45:00,B8.3,POINT(-89.0 7.0),0
gev_20111207_0555,2011-12-07 05:55:00,2011-12-07 06:05:00,2011-12-07 06:20:00,C1.9,POINT(89.0 19.0),1361
gev_20111207_0906,2011-12-07 09:06:00,2011-12-07 09:12:00,2011-12-07 09:17:00,B8.8,POINT(-89.0 -16.0),1374
gev_20111207_1534,2011-12-07 15:34:00,2011-12-07 15:39:00,2011-12-07 15:45:00,C1.3,POINT(23.0 17.0),1364
gev_20111207_2007,2011-12-07 20:07:00,2011-12-07 20:13:00,2011-12-07 20:18:00,C2.7,POINT(-89.0 7.0),1375
gev_20111208_0005,2011-12-08 00:05:00,2011-12-08 00:10:00,2011-12-08 00:18:00,C1.0,POINT(-89.0 -14.0),1374
gev_20111208_0154,2011-12-08 01:54:00,2011-12-08 01:59:00,2011-12-08 02:05:00,C1.2,POINT(-89.0 7.0),1375
gev_20111209_0035,2011-12-09 00:35:00,2011-12-09 00:39:00,2011-12-09 00:46:00,B5.8,POINT(43.0 -23.0),1363
gev_20111209_0112,2011-12-09 01:12:00,2011-12-09 01:14:00,2011-12-09 01:22:00,B5.4,POINT(78.0 16.0),1365
gev_20111209_0201,2011-12-09 02:01:00,2011-12-09 02:19:00,2011-12-09 02:32:00,B5.9,POINT(52.0 -20.0),1363
gev_20111209_0312,2011-12-09 03:12:00,2011-12-09 03:16:00,2011-12-09 03:20:00,B5.5,POINT(-67.0 -19.0),1374
gev_20111209_0411,2011-12-09 04:11:00,2011-12-09 04:17:00,2011-12-09 04:21:00,B4.9,POINT(-67.0 -15.0),1374
gev_20111209_0430,2011-12-09 04:30:00,2011-12-09 04:39:00,2011-12-09 04:45:00,B5.8,POINT(-15.0 7.0),1372
gev_20111209_0542,2011-12-09 05:42:00,2011-12-09 06:00:00,2011-12-09 06:10:00,B6.0,POINT(-89.0 17.0),1375
gev_20111209_1305,2011-12-09 13:05:00,2011-12-09 13:20:00,2011-12-09 13:31:00,C3.1,POINT(-67.0 -18.0),1374
gev_20111209_1509,2011-12-09 15:09:00,2011-12-09 15:46:00,2011-12-09 16:20:00,B8.3,POINT(61.0 -19.0),1363
gev_20111209_1727,2011-12-09 17:27:00,2011-12-09 18:05:00,2011-12-09 18:54:00,B7.8,POINT(-57.0 8.0),1375
gev_20111209_1904,2011-12-09 19:04:00,2011-12-09 19:07:00,2011-12-09 19:18:00,B6.5,POINT(78.0 18.0),1361
gev_20111209_2310,2011-12-09 23:10:00,2011-12-09 23:47:00,2011-12-10 00:15:00,B6.4,POINT(29.0 -26.0),1370
gev_20111210_0624,2011-12-10 06:24:00,2011-12-10 06:31:00,2011-12-10 06:43:00,C1.2,POINT(-50.0 8.0),1375
gev_20111210_1838,2011-12-10 18:38:00,2011-12-10 18:58:00,2011-12-10 20:30:00,C1.2,POINT(-42.0 8.0),1375
gev_20111210_2235,2011-12-10 22:35:00,2011-12-10 22:38:00,2011-12-10 22:42:00,B8.6,POINT(-44.0 -16.0),1374
gev_20111210_2300,2011-12-10 23:00:00,2011-12-10 23:04:00,2011-12-10 23:08:00,C1.0,POINT(-44.0 -15.0),1374
gev_20111210_2357,2011-12-10 23:57:00,2011-12-11 00:02:00,2011-12-11 00:07:00,C1.6,POINT(-43.0 -15.0),1374
gev_20111211_0320,2011-12-11 03:20:00,2011-12-11 03:23:00,2011-12-11 03:27:00,B8.6,POINT(-38.0 -18.0),1374
gev_20111211_0800,2011-12-11 08:00:00,2011-12-11 08:27:00,2011-12-11 09:00:00,B9.2,POINT(-84.0 21.0),1376
gev_20111211_1129,2011-12-11 11:29:00,2011-12-11 11:32:00,2011-12-11 11:46:00,B9.7,POINT(36.0 27.0),1366
gev_20111211_1543,2011-12-11 15:43:00,2011-12-11 15:46:00,2011-12-11 15:49:00,B7.9,POINT(-35.0 -16.0),1374
gev_20111212_0341,2011-12-12 03:41:00,2011-12-12 04:07:00,2011-12-12 04:17:00,B7.9,POINT(-24.0 -19.0),1374
gev_20111212_0830,2011-12-12 08:30:00,2011-12-12 08:37:00,2011-12-12 08:47:00,C1.2,POINT(-25.0 -14.0),1374
gev_20111212_1008,2011-12-12 10:08:00,2011-12-12 10:13:00,2011-12-12 10:17:00,B9.2,POINT(65.0 -19.0),1367
gev_20111212_1335,2011-12-12 13:35:00,2011-12-12 13:40:00,2011-12-12 13:45:00,B8.0,POINT(67.0 -19.0),1367
gev_20111212_1855,2011-12-12 18:55:00,2011-12-12 18:59:00,2011-12-12 19:02:00,B9.3,POINT(-16.0 -18.0),1374
gev_20111212_2036,2011-12-12 20:36:00,2011-12-12 20:42:00,2011-12-12 20:54:00,B8.6,POINT(89.0 -21.0),1363
gev_20111212_2331,2011-12-12 23:31:00,2011-12-12 23:39:00,2011-12-12 23:52:00,C1.7,POINT(89.0 -21.0),1363
gev_20111213_0120,2011-12-13 01:20:00,2011-12-13 01:24:00,2011-12-13 01:30:00,B8.1,POINT(75.0 -19.0),1367
gev_20111213_0224,2011-12-13 02:24:00,2011-12-13 02:30:00,2011-12-13 02:37:00,B7.4,POINT(89.0 -20.0),1363
gev_20111213_0307,2011-12-13 03:07:00,2011-12-13 03:12:00,2011-12-13 03:16:00,B8.2,POINT(-11.0 -16.0),1374
gev_20111213_0332,2011-12-13 03:32:00,2011-12-13 03:45:00,2011-12-13 03:54:00,B7.4,POINT(-71.0 21.0),1376
gev_20111213_0420,2011-12-13 04:20:00,2011-12-13 04:24:00,2011-12-13 04:42:00,B7.7,POINT(-12.0 -19.0),1374
gev_20111213_0746,2011-12-13 07:46:00,2011-12-13 08:00:00,2011-12-13 08:07:00,C1.4,POINT(78.0 -18.0),1367
gev_20111213_1411,2011-12-13 14:11:00,2011-12-13 14:14:00,2011-12-13 14:17:00,C1.1,POINT(89.0 -19.0),1367
gev_20111213_1502,2011-12-13 15:02:00,2011-12-13 15:16:00,2011-12-13 15:32:00,B7.3,POINT(89.0 -18.0),1367
gev_20111213_1604,2011-12-13 16:04:00,2011-12-13 16:21:00,2011-12-13 16:32:00,C1.2,POINT(89.0 -18.0),1367
gev_20111213_2159,2011-12-13 21:59:00,2011-12-13 22:02:00,2011-12-13 22:04:00,C1.0,POINT(89.0 -17.0),1367
gev_20111213_2255,2011-12-13 22:55:00,2011-12-13 23:27:00,2011-12-13 23:28:00,C2.4,POINT(89.0 -18.0),1367
gev_20111213_2331,2011-12-13 23:31:00,2011-12-13 23:36:00,2011-12-13 23:46:00,C4.8,POINT(89.0 -18.0),1367
gev_20111213_2353,2011-12-13 23:53:00,2011-12-13 23:57:00,2011-12-14 00:00:00,C3.1,POINT(89.0 -18.0),1367
gev_20111214_0110,2011-12-14 01:10:00,2011-12-14 01:14:00,2011-12-14 01:19:00,C1.9,POINT(89.0 -18.0),1367
gev_20111214_0147,2011-12-14 01:47:00,2011-12-14 01:51:00,2011-12-14 01:59:00,C1.9,POINT(89.0 -18.0),1367
gev_20111214_0301,2011-12-14 03:01:00,2011-12-14 03:15:00,2011-12-14 03:15:00,C3.5,POINT(89.0 -18.0),1367
gev_20111214_0450,2011-12-14 04:50:00,2011-12-14 04:56:00,2011-12-14 04:59:00,C3.3,POINT(89.0 -18.0),1367
gev_20111214_0512,2011-12-14 05:12:00,2011-12-14 05:17:00,2011-12-14 05:25:00,C2.9,POINT(89.0 -18.0),1367
gev_20111214_0618,2011-12-14 06:18:00,2011-12-14 06:22:00,2011-12-14 06:25:00,C1.6,POINT(89.0 -18.0),1367
gev_20111214_0913,2011-12-14 09:13:00,2011-12-14 09:15:00,2011-12-14 09:24:00,C2.3,POINT(89.0 -18.0),1367
gev_20111214_1318,2011-12-14 13:18:00,2011-12-14 13:27:00,2011-12-14 13:30:00,C5.8,POINT(89.0 -19.0),1367
gev_20111214_1451,2011-12-14 14:51:00,2011-12-14 14:59:00,2011-12-14 15:01:00,C7.5,POINT(89.0 -19.0),1367
gev_20111214_1601,2011-12-14 16:01:00,2011-12-14 16:06:00,2011-12-14 16:12:00,C1.5,POINT(89.0 -17.0),1367
gev_20111214_1643,2011-12-14 16:43:00,2011-12-14 16:47:00,2011-12-14 16:49:00,C2.5,POINT(89.0 -19.0),1367
gev_20111214_1936,2011-12-14 19:36:00,2011-12-14 19:46:00,2011-12-14 19:56:00,C7.0,POINT(89.0 -17.0),1367
gev_20111214_2238,2011-12-14 22:38:00,2011-12-14 22:47:00,2011-12-14 22:56:00,C1.9,POINT(89.0 -17.0),1367
gev_20111214_2336,2011-12-14 23:36:00,2011-12-14 23:59:00,2011-12-15 00:30:00,C3.4,POINT(89.0 -18.0),1367
gev_20111215_0203,2011-12-15 02:03:00,2011-12-15 02:48:00,2011-12-15 03:39:00,C1.2,POINT(89.0 -17.0),1367
gev_20111215_0531,2011-12-15 05:31:00,2011-12-15 06:36:00,2011-12-15 07:00:00,C1.3,POINT(89.0 -17.0),1367
gev_20111216_0814,2011-12-16 08:14:00,2011-12-16 08:15:00,2011-12-16 08:27:00,B5.0,POINT(-21.0 19.0),1376
gev_20111216_2052,2011-12-16 20:52:00,2011-12-16 20:58:00,2011-12-16 21:04:00,B4.5,POINT(-67.0 13.0),1384
gev_20111216_2313,2011-12-16 23:13:00,2011-12-16 23:15:00,2011-12-16 23:17:00,B3.9,POINT(-89.0 -20.0),1380
gev_20111217_0449,2011-12-17 04:49:00,2011-12-17 05:01:00,2011-12-17 05:08:00,C1.2,POINT(-15.0 27.0),1376
gev_20111217_2135,2011-12-17 21:35:00,2011-12-17 21:38:00,2011-12-17 21:40:00,B4.3,POINT(2.0 18.0),1376
gev_20111217_2247,2011-12-17 22:47:00,2011-12-17 22:55:00,2011-12-17 22:58:00,C3.2,POINT(2.0 19.0),1376
gev_20111217_2337,2011-12-17 23:37:00,2011-12-17 23:44:00,2011-12-17 23:49:00,C1.2,POINT(-38.0 -19.0),1381
gev_20111218_0121,2011-12-18 01:21:00,2011-12-18 01:26:00,2011-12-18 01:32:00,B7.5,POINT(-36.0 -19.0),1381
gev_20111218_0200,2011-12-18 02:00:00,2011-12-18 02:05:00,2011-12-18 02:08:00,C1.9,POINT(3.0 19.0),1376
gev_20111218_0318,2011-12-18 03:18:00,2011-12-18 03:22:00,2011-12-18 03:29:00,B4.9,POINT(-35.0 -19.0),1381
gev_20111218_0459,2011-12-18 04:59:00,2011-12-18 05:00:00,2011-12-18 05:07:00,C1.8,POINT(-71.0 -21.0),1380
gev_20111218_0708,2011-12-18 07:08:00,2011-12-18 07:13:00,2011-12-18 07:20:00,B5.5,POINT(-63.0 14.0),1384
gev_20111218_0743,2011-12-18 07:43:00,2011-12-18 07:47:00,2011-12-18 07:52:00,B7.0,POINT(8.0 19.0),1376
gev_20111218_1138,2011-12-18 11:38:00,2011-12-18 11:45:00,2011-12-18 11:53:00,B7.8,POINT(15.0 21.0),1376
gev_20111218_1335,2011-12-18 13:35:00,2011-12-18 13:38:00,2011-12-18 13:40:00,B5.4,POINT(11.0 18.0),1376
gev_20111219_1405,2011-12-19 14:05:00,2011-12-19 14:13:00,2011-12-19 14:15:00,B8.1,POINT(28.0 18.0),1376
gev_20111219_2123,2011-12-19 21:23:00,2011-12-19 21:26:00,2011-12-19 21:32:00,B6.2,POINT(22.0 24.0),1376
gev_20111220_0038,2011-12-20 00:38:00,2011-12-20 00:44:00,2011-12-20 00:50:00,C1.5,POINT(-12.0 -16.0),1381
gev_20111220_0327,2011-12-20 03:27:00,2011-12-20 03:36:00,2011-12-20 03:53:00,B9.8,POINT(38.0 18.0),1376
gev_20111220_0843,2011-12-20 08:43:00,2011-12-20 08:45:00,2011-12-20 08:56:00,B9.0,POINT(36.0 18.0),1376
gev_20111220_1147,2011-12-20 11:47:00,2011-12-20 11:52:00,2011-12-20 11:54:00,C2.1,POINT(39.0 19.0),1376
gev_20111220_1719,2011-12-20 17:19:00,2011-12-20 17:26:00,2011-12-20 17:53:00,C1.2,POINT(41.0 18.0),1376
gev_20111220_1817,2011-12-20 18:17:00,2011-12-20 18:21:00,2011-12-20 18:28:00,C1.4,POINT(43.0 18.0),1376
gev_20111220_2004,2011-12-20 20:04:00,2011-12-20 20:36:00,2011-12-20 20:58:00,C2.9,POINT(43.0 18.0),1376
gev_20111220_2155,2011-12-20 21:55:00,2011-12-20 22:02:00,2011-12-20 22:06:00,C2.3,POINT(45.0 18.0),1376
gev_20111220_2238,2011-12-20 22:38:00,2011-12-20 22:46:00,2011-12-20 22:50:00,C6.2,POINT(44.0 18.0),1376
gev_20111221_0054,2011-12-21 00:54:00,2011-12-21 00:59:00,2011-12-21 01:03:00,C1.5,POINT(44.0 19.0),1376
gev_20111221_0257,2011-12-21 02:57:00,2011-12-21 03:00:00,2011-12-21 03:16:00,C3.1,POINT(-65.0 12.0),1384
gev_20111221_0448,2011-12-21 04:48:00,2011-12-21 04:55:00,2011-12-21 04:59:00,C4.3,POINT(-2.0 -19.0),1382
gev_20111221_0622,2011-12-21 06:22:00,2011-12-21 06:27:00,2011-12-21 06:33:00,C3.6,POINT(-1.0 -19.0),1382
gev_20111221_0656,2011-12-21 06:56:00,2011-12-21 06:59:00,2011-12-21 07:03:00,C2.0,POINT(-62.0 11.0),1384
gev_20111221_0735,2011-12-21 07:35:00,2011-12-21 07:40:00,2011-12-21 07:43:00,C3.9,POINT(-0.0 -19.0),1382
gev_20111221_0903,2011-12-21 09:03:00,2011-12-21 09:09:00,2011-12-21 09:15:00,C2.2,POINT(0.0 -19.0),1382
gev_20111221_1034,2011-12-21 10:34:00,2011-12-21 10:38:00,2011-12-21 10:41:00,C2.5,POINT(-59.0 11.0),1384
gev_20111221_1102,2011-12-21 11:02:00,2011-12-21 11:05:00,2011-12-21 11:07:00,C2.1,POINT(1.0 -19.0),1382
gev_20111221_1231,2011-12-21 12:31:00,2011-12-21 12:35:00,2011-12-21 12:37:00,C1.3,POINT(1.0 -19.0),1382
gev_20111221_1302,2011-12-21 13:02:00,2011-12-21 13:07:00,2011-12-21 13:09:00,C2.0,POINT(1.0 -19.0),1382
gev_20111221_1525,2011-12-21 15:25:00,2011-12-21 15:28:00,2011-12-21 15:30:00,C2.5,POINT(4.0 -20.0),1382
gev_20111221_1807,2011-12-21 18:07:00,2011-12-21 18:12:00,2011-12-21 18:17:00,C1.9,POINT(59.0 21.0),1376
gev_20111221_1903,2011-12-21 19:03:00,2011-12-21 19:06:00,2011-12-21 19:09:00,C1.7,POINT(51.0 18.0),1376
gev_20111221_2008,2011-12-21 20:08:00,2011-12-21 20:11:00,2011-12-21 20:13:00,C1.5,POINT(52.0 19.0),1376
gev_20111221_2237,2011-12-21 22:37:00,2011-12-21 22:43:00,2011-12-21 22:47:00,C2.0,POINT(47.0 24.0),1376
gev_20111222_0156,2011-12-22 01:56:00,2011-12-22 02:08:00,2011-12-22 02:20:00,C5.4,POINT(18.0 -18.0),1381
gev_20111222_0508,2011-12-22 05:08:00,2011-12-22 05:56:00,2011-12-22 06:40:00,C1.5,POINT(-51.0 13.0),1384
gev_20111222_0721,2011-12-22 07:21:00,2011-12-22 08:01:00,2011-12-22 08:17:00,C2.0,POINT(13.0 -19.0),1382
gev_20111222_1304,2011-12-22 13:04:00,2011-12-22 13:20:00,2011-12-22 13:41:00,C1.9,POINT(-48.0 11.0),1384
gev_20111223_0410,2011-12-23 04:10:00,2011-12-23 04:15:00,2011-12-23 04:15:00,C1.8,POINT(74.0 22.0),1376
gev_20111223_1009,2011-12-23 10:09:00,2011-12-23 10:14:00,2011-12-23 10:17:00,C1.5,POINT(-32.0 12.0),1384
gev_20111223_1912,2011-12-23 19:12:00,2011-12-23 19:18:00,2011-12-23 19:25:00,C3.4,POINT(80.0 22.0),0
gev_20111223_2135,2011-12-23 21:35:00,2011-12-23 21:39:00,2011-12-23 21:43:00,C1.6,POINT(43.0 -18.0),0
gev_20111224_0404,2011-12-24 04:04:00,2011-12-24 04:34:00,2011-12-24 04:50:00,B9.0,POINT(88.0 20.0),0
gev_20111224_0827,2011-12-24 08:27:00,2011-12-24 08:31:00,2011-12-24 08:48:00,C5.2,POINT(-70.0 -18.0),0
gev_20111224_1104,2011-12-24 11:04:00,2011-12-24 11:16:00,2011-12-24 11:22:00,C1.1,POINT(-71.0 -17.0),0
gev_20111224_1125,2011-12-24 11:25:00,2011-12-24 12:36:00,2011-12-24 13:16:00,C4.9,POINT(89.0 14.0),0
gev_20111224_1910,2011-12-24 19:10:00,2011-12-24 19:19:00,2011-12-24 19:44:00,C1.5,POINT(89.0 18.0),0
gev_20111225_0447,2011-12-25 04:47:00,2011-12-25 04:52:00,2011-12-25 04:55:00,C1.6,POINT(16.0 -23.0),1387
gev_20111225_0849,2011-12-25 08:49:00,2011-12-25 08:55:00,2011-12-25 09:01:00,C5.5,POINT(18.0 -21.0),1387
gev_20111225_1120,2011-12-25 11:20:00,2011-12-25 11:26:00,2011-12-25 11:31:00,C8.4,POINT(22.0 -23.0),1387
gev_20111225_1655,2011-12-25 16:55:00,2011-12-25 17:01:00,2011-12-25 17:08:00,C2.2,POINT(22.0 -22.0),1387
gev_20111225_1811,2011-12-25 18:11:00,2011-12-25 18:16:00,2011-12-25 18:20:00,M4.0,POINT(26.0 -22.0),1387
gev_20111225_2023,2011-12-25 20:23:00,2011-12-25 20:29:00,2011-12-25 20:33:00,C7.7,POINT(24.0 -22.0),1387
gev_20111226_0213,2011-12-26 02:13:00,2011-12-26 02:27:00,2011-12-26 02:36:00,M1.5,POINT(33.0 -21.0),1387
gev_20111226_0938,2011-12-26 09:38:00,2011-12-26 09:48:00,2011-12-26 09:56:00,C2.8,POINT(35.0 -22.0),1387
gev_20111226_1123,2011-12-26 11:23:00,2011-12-26 11:50:00,2011-12-26 12:18:00,C5.7,POINT(1.0 20.0),1384
gev_20111226_2012,2011-12-26 20:12:00,2011-12-26 20:30:00,2011-12-26 20:36:00,M2.3,POINT(44.0 -21.0),1387
gev_20111227_0411,2011-12-27 04:11:00,2011-12-27 04:22:00,2011-12-27 04:31:00,C8.9,POINT(-32.0 -16.0),1386
gev_20111227_0811,2011-12-27 08:11:00,2011-12-27 08:22:00,2011-12-27 08:32:00,C3.8,POINT(-89.0 -20.0),0
gev_20111227_0917,2011-12-27 09:17:00,2011-12-27 09:23:00,2011-12-27 09:26:00,C4.0,POINT(45.0 -21.0),0
gev_20111227_1159,2011-12-27 11:59:00,2011-12-27 12:07:00,2011-12-27 12:34:00,C6.2,POINT(53.0 -21.0),0
gev_20111227_1725,2011-12-27 17:25:00,2011-12-27 17:30:00,2011-12-27 17:35:00,C1.5,POINT(54.0 -21.0),0
gev_20111227_1831,2011-12-27 18:31:00,2011-12-27 18:36:00,2011-12-27 18:43:00,C2.5,POINT(51.0 -21.0),0
gev_20111227_1932,2011-12-27 19:32:00,2011-12-27 19:36:00,2011-12-27 19:40:00,C1.7,POINT(-89.0 -23.0),0
gev_20111227_2146,2011-12-27 21:46:00,2011-12-27 22:26:00,2011-12-27 22:49:00,C6.7,POINT(-89.0 -23.0),0
gev_20111228_0014,2011-12-28 00:14:00,2011-12-28 00:30:00,2011-12-28 00:40:00,C2.3,POINT(54.0 -21.0),0
gev_20111228_0154,2011-12-28 01:54:00,2011-12-28 02:08:00,2011-12-28 02:16:00,C2.1,POINT(-89.0 -23.0),0
gev_20111228_0330,2011-12-28 03:30:00,2011-12-28 03:50:00,2011-12-28 04:10:00,C4.5,POINT(-89.0 -22.0),0
gev_20111228_0519,2011-12-28 05:19:00,2011-12-28 05:28:00,2011-12-28 05:35:00,C2.6,POINT(-89.0 -23.0),0
gev_20111228_1048,2011-12-28 10:48:00,2011-12-28 10:52:00,2011-12-28 10:58:00,B9.6,POINT(-89.0 -23.0),0
gev_20111228_1149,2011-12-28 11:49:00,2011-12-28 11:53:00,2011-12-28 11:57:00,C1.1,POINT(-89.0 -23.0),0
gev_20111228_1209,2011-12-28 12:09:00,2011-12-28 12:13:00,2011-12-28 12:18:00,B8.7,POINT(-17.0 -18.0),0
gev_20111228_1305,2011-12-28 13:05:00,2011-12-28 13:10:00,2011-12-28 13:16:00,C2.0,POINT(-89.0 -23.0),1389
gev_20111228_1417,2011-12-28 14:17:00,2011-12-28 14:25:00,2011-12-28 14:28:00,C7.2,POINT(-88.0 -23.0),1389
gev_20111228_1603,2011-12-28 16:03:00,2011-12-28 16:10:00,2011-12-28 16:25:00,C3.1,POINT(-87.0 -23.0),1389
gev_20111228_1636,2011-12-28 16:36:00,2011-12-28 16:40:00,2011-12-28 16:44:00,C6.4,POINT(70.0 -21.0),1387
gev_20111228_1946,2011-12-28 19:46:00,2011-12-28 19:51:00,2011-12-28 19:55:00,C1.3,POINT(-84.0 -23.0),1389
gev_20111228_2018,2011-12-28 20:18:00,2011-12-28 20:31:00,2011-12-28 20:40:00,C4.0,POINT(-7.0 -18.0),1386
gev_20111228_2053,2011-12-28 20:53:00,2011-12-28 20:57:00,2011-12-28 21:10:00,C2.3,POINT(-83.0 -23.0),1389
gev_20111228_2121,2011-12-28 21:21:00,2011-12-28 21:29:00,2011-12-28 21:36:00,C6.2,POINT(-83.0 -23.0),1389
gev_20111228_2255,2011-12-28 22:55:00,2011-12-28 22:58:00,2011-12-28 23:02:00,B8.6,POINT(-83.0 -23.0),0
gev_20111229_0316,2011-12-29 03:16:00,2011-12-29 03:19:00,2011-12-29 03:26:00,C1.2,POINT(-81.0 -26.0),0
gev_20111229_0358,2011-12-29 03:58:00,2011-12-29 04:00:00,2011-12-29 04:11:00,C3.0,POINT(-79.0 -25.0),0
gev_20111229_0516,2011-12-29 05:16:00,2011-12-29 05:21:00,2011-12-29 05:32:00,C1.2,POINT(-77.0 -23.0),0
gev_20111229_0615,2011-12-29 06:15:00,2011-12-29 06:16:00,2011-12-29 06:28:00,C3.0,POINT(-77.0 -25.0),0
gev_20111229_0712,2011-12-29 07:12:00,2011-12-29 07:18:00,2011-12-29 07:22:00,C7.3,POINT(-75.0 -23.0),0
gev_20111229_0840,2011-12-29 08:40:00,2011-12-29 08:43:00,2011-12-29 08:51:00,C5.4,POINT(-78.0 -26.0),1389
gev_20111229_0942,2011-12-29 09:42:00,2011-12-29 09:49:00,2011-12-29 09:54:00,C1.5,POINT(-75.0 -23.0),1389
gev_20111229_1050,2011-12-29 10:50:00,2011-12-29 10:54:00,2011-12-29 11:03:00,B8.9,POINT(-72.0 -25.0),0
gev_20111229_1137,2011-12-29 11:37:00,2011-12-29 11:41:00,2011-12-29 11:46:00,C1.0,POINT(-73.0 -23.0),0
gev_20111229_1340,2011-12-29 13:40:00,2011-12-29 13:50:00,2011-12-29 14:01:00,M1.9,POINT(-70.0 -25.0),0
gev_20111229_1614,2011-12-29 16:14:00,2011-12-29 16:21:00,2011-12-29 16:34:00,C2.8,POINT(-71.0 -26.0),1389
gev_20111229_1727,2011-12-29 17:27:00,2011-12-29 17:32:00,2011-12-29 17:46:00,C2.9,POINT(-70.0 -26.0),1389
gev_20111229_1813,2011-12-29 18:13:00,2011-12-29 18:17:00,2011-12-29 18:23:00,C1.5,POINT(-69.0 -25.0),1389
gev_20111229_1918,2011-12-29 19:18:00,2011-12-29 19:25:00,2011-12-29 19:32:00,C2.3,POINT(-69.0 -25.0),1389
gev_20111229_2025,2011-12-29 20:25:00,2011-12-29 20:32:00,2011-12-29 20:39:00,C2.3,POINT(-69.0 -26.0),1389
gev_20111229_2053,2011-12-29 20:53:00,2011-12-29 21:01:00,2011-12-29 21:14:00,C2.5,POINT(-70.0 -23.0),1389
gev_20111229_2143,2011-12-29 21:43:00,2011-12-29 21:51:00,2011-12-29 21:59:00,M2.0,POINT(-67.0 -25.0),1389
gev_20111229_2341,2011-12-29 23:41:00,2011-12-29 23:45:00,2011-12-29 23:52:00,C1.0,POINT(-66.0 -25.0),1389
gev_20111230_0303,2011-12-30 03:03:00,2011-12-30 03:09:00,2011-12-30 03:13:00,M1.2,POINT(-65.0 -25.0),1389
gev_20111230_0350,2011-12-30 03:50:00,2011-12-30 03:57:00,2011-12-30 04:02:00,C1.1,POINT(89.0 -21.0),1387
gev_20111230_0404,2011-12-30 04:04:00,2011-12-30 04:19:00,2011-12-30 04:45:00,C1.9,POINT(89.0 -21.0),1387
gev_20111230_0503,2011-12-30 05:03:00,2011-12-30 05:07:00,2011-12-30 05:11:00,C1.8,POINT(-63.0 -24.0),1389
gev_20111230_0819,2011-12-30 08:19:00,2011-12-30 08:25:00,2011-12-30 08:30:00,C3.4,POINT(-62.0 -26.0),1389
gev_20111230_0959,2011-12-30 09:59:00,2011-12-30 10:00:00,2011-12-30 10:10:00,C1.6,POINT(-53.0 -18.0),1389
gev_20111230_1027,2011-12-30 10:27:00,2011-12-30 10:32:00,2011-12-30 10:37:00,C8.4,POINT(-60.0 -25.0),1389
gev_20111230_1152,2011-12-30 11:52:00,2011-12-30 11:56:00,2011-12-30 11:56:00,C1.3,POINT(-60.0 -26.0),1389
gev_20111230_1336,2011-12-30 13:36:00,2011-12-30 13:41:00,2011-12-30 13:49:00,C1.8,POINT(-57.0 -24.0),1389
gev_20111230_1816,2011-12-30 18:16:00,2011-12-30 18:23:00,2011-12-30 18:42:00,C1.8,POINT(-56.0 -26.0),1389
gev_20111230_2013,2011-12-30 20:13:00,2011-12-30 20:15:00,2011-12-30 20:24:00,C4.4,POINT(89.0 -22.0),1387
gev_20111230_2057,2011-12-30 20:57:00,2011-12-30 21:00:00,2011-12-30 21:09:00,C3.9,POINT(-55.0 -26.0),1389
gev_20111230_2328,2011-12-30 23:28:00,2011-12-30 23:33:00,2011-12-30 23:38:00,C1.6,POINT(-51.0 -24.0),1389
gev_20111231_1309,2011-12-31 13:09:00,2011-12-31 13:15:00,2011-12-31 13:19:00,M2.4,POINT(-46.0 -25.0),0
gev_20111231_1550,2011-12-31 15:50:00,2011-12-31 15:53:00,2011-12-31 15:57:00,B7.2,POINT(-42.0 -25.0),0
gev_20111231_1616,2011-12-31 16:16:00,2011-12-31 16:26:00,2011-12-31 16:34:00,M1.5,POINT(-42.0 -25.0),0
gev_20111231_1717,2011-12-31 17:17:00,2011-12-31 17:31:00,2011-12-31 17:48:00,C1.2,POINT(30.0 -18.0),0
